city,subcity_code,__w,index_obs,index_pred
Brussels-Capital Region,21001A00-,2678.209849887424,0.1704035874439461,0.3051454083383937
Brussels-Capital Region,21001A011,2391.438184950087,0.1121076233183856,0.23358245223408958
Brussels-Capital Region,21001A02-,746.2596003214519,0.0627802690582959,0.3335196331533007
Brussels-Capital Region,21001A031,2441.297355122036,0.1524663677130044,0.40337706238029625
Brussels-Capital Region,21001A041,1755.235158392125,0.4155455904334828,0.44254573265147046
Brussels-Capital Region,21001A051,1459.9515607621931,0.2884902840059791,0.2453065621485199
Brussels-Capital Region,21001A07-,1422.33428659704,0.0508221225710014,0.06981405513936326
Brussels-Capital Region,21001A10-,1149.885740492079,0.3228699551569506,0.3257755760129394
Brussels-Capital Region,21001A112,2475.0515832901,0.1016442451420029,0.2535656469369685
Brussels-Capital Region,21001A120,2312.0203060574004,0.1973094170403587,0.24058569126539253
Brussels-Capital Region,21001A132,1453.4942105611167,0.210762331838565,0.4519792214209978
Brussels-Capital Region,21001A142,1197.983092625936,0.4080717488789238,0.3992105549063683
Brussels-Capital Region,21001A152,1249.3790944417317,0.3153961136023916,0.31664462112045305
Brussels-Capital Region,21001A30-,2819.496890650856,0.2137518684603886,0.3903424150819511
Brussels-Capital Region,21001A31-,1234.41486231486,0.2466367713004484,0.30318259595697145
Brussels-Capital Region,21001A32-,787.3413850201501,0.2780269058295964,0.34576613422835323
Brussels-Capital Region,21001A331,447.9102980825636,0.7414050822122571,0.7129010416349345
Brussels-Capital Region,21001A332,902.617344909244,0.2122571001494768,0.28013826568071665
Brussels-Capital Region,21001A34-,2419.972492323981,0.2720478325859491,0.2685270412688039
Brussels-Capital Region,21001A350,1153.1191785070632,0.2316890881913303,0.2767055593523619
Brussels-Capital Region,21001A401,341.9399964544508,0.3766816143497757,0.5746611095528
Brussels-Capital Region,21001A41-,3405.053482797411,0.5127055306427504,0.7751439875486994
Brussels-Capital Region,21001A42-,635.1952685250177,0.5112107623318386,0.5806949571272841
Brussels-Capital Region,21001A43-,721.6316842238109,0.3781763826606876,0.6227176408640631
Brussels-Capital Region,21001A441,2404.853955904642,0.273542600896861,0.43928180966471664
Brussels-Capital Region,21001A451,2046.1511020130577,0.445440956651719,0.2684361254043773
Brussels-Capital Region,21001A472,1003.2096183300018,0.6233183856502242,0.5841419633686008
Brussels-Capital Region,21001A503,601.4431016047795,0.3333333333333333,0.6559810753584059
Brussels-Capital Region,21001A51-,1349.2428069512048,0.5665171898355755,0.7032071010668935
Brussels-Capital Region,21001A52-,1438.0947530534531,0.874439461883408,0.6426283018942011
Brussels-Capital Region,21001A53-,595.3949941264258,0.820627802690583,0.621294562424459
Brussels-Capital Region,21001A552,3554.8012519807867,0.3318385650224215,0.26537463271795597
Brussels-Capital Region,21001A712,771.5196323394775,0.218236173393124,0.20802555359376243
Brussels-Capital Region,21001A72-,3292.292651865217,0.2406576980568012,0.5536980148479097
Brussels-Capital Region,21001A732,709.8743543095059,0.7070254110612855,0.2976343589988623
Brussels-Capital Region,21001A74-,2965.766316307916,0.3168908819133034,0.614773337313276
Brussels-Capital Region,21001A80-,1809.19974580076,0.3961136023916293,0.35431945599006515
Brussels-Capital Region,21001A81-,1174.1864002876812,0.375186846038864,0.38898249337392604
Brussels-Capital Region,21001A82-,1926.8397874302332,0.2257100149476831,0.37746163905930424
Brussels-Capital Region,21001A83-,1305.6043519443936,0.046337817638266,0.36504035113299005
Brussels-Capital Region,21001A84-,1179.9723066753809,0.5440956651718983,0.5074902999394272
Brussels-Capital Region,21001A85-,285.71734174754886,0.3393124065769806,0.5063846493247222
Brussels-Capital Region,21001A90-,2518.0983566708032,0.2571001494768311,0.5003026356694537
Brussels-Capital Region,21001A911,1783.902169757419,0.3049327354260089,0.43632837427978505
Brussels-Capital Region,21001A92-,3073.9350206322138,0.4394618834080717,0.3214452818255529
Brussels-Capital Region,21001A931,2636.212885962592,0.2840059790732436,0.2712730890334836
Brussels-Capital Region,21001A941,1680.2561533186172,0.3991031390134529,0.32174316294929806
Brussels-Capital Region,21001A95-,2391.589731746249,0.4738415545590433,0.3645088341968169
Brussels-Capital Region,21001B10-,2906.6887999640567,0.0732436472346786,0.10878716607427542
Brussels-Capital Region,21001B11-,1715.7169362703962,0.0911808669656203,0.13841235442757174
Brussels-Capital Region,21001B17-,1578.1396068599488,0.2376681614349775,0.10280756359890526
Brussels-Capital Region,21001B20-,5336.199225743611,0.0687593423019432,0.10601387235903284
Brussels-Capital Region,21001B21-,2769.142338011,0.0896860986547085,0.0934750033999378
Brussels-Capital Region,21001B22-,1513.275608062744,0.1748878923766816,0.117597213650247
Brussels-Capital Region,21001B23-,2121.710056198968,0.1225710014947683,0.1199660368029705
Brussels-Capital Region,21001B241,3236.504970550537,0.2092675635276532,0.13839170828859412
Brussels-Capital Region,21001B25-,4084.289792431725,0.1375186846038864,0.07505195024135122
Brussels-Capital Region,21001B31-,385.2622786098056,0.0523168908819133,0.07085489404753054
Brussels-Capital Region,21001B321,1367.7370525466072,0.0822122571001494,0.11293025095422181
Brussels-Capital Region,21001B332,357.866839143965,0.0403587443946188,0.03961617492706371
Brussels-Capital Region,21001B372,643.028413852056,0.4663677130044843,0.09022612357031623
Brussels-Capital Region,21001B3MJ,8397.467738774089,0.4125560538116592,0.22374965121069268
Brussels-Capital Region,21001C512,1082.290708337393,0.3139013452914798,0.2690921139545249
Brussels-Capital Region,21001C522,2412.623848655158,0.014947683109118,0.44933043447956017
Brussels-Capital Region,21001C581,866.3675560570424,0.0881913303437967,0.6442931575419046
Brussels-Capital Region,21001C5MA,1083.124638594687,0.796711509715994,0.29019267193514076
Brussels-Capital Region,21001C5PA,693.6486746391488,0.6846038863976084,0.7985380636638514
Brussels-Capital Region,21001C611,651.8723593701919,0.7518684603886397,0.78007908191542
Brussels-Capital Region,21001C6PB,1124.1285794995104,0.7937219730941704,0.5380638965187575
Brussels-Capital Region,21001C70-,289.52721429533426,0.242152466367713,0.33177337973995624
Brussels-Capital Region,21001C71-,809.2309925754864,0.2017937219730941,0.17057260771328447
Brussels-Capital Region,21001C79-,310.15551411805467,0.6786248131539612,0.6708909054212948
Brussels-Capital Region,21002A00-,1312.1235716872743,0.8131539611360239,0.7668408680808361
Brussels-Capital Region,21002A01-,556.0928448616631,0.9103139013452914,0.6583280211683903
Brussels-Capital Region,21002A02-,1080.6332286198935,0.7339312406576981,0.7994690843369332
Brussels-Capital Region,21002A030,1440.7565965652466,0.6831091180866966,0.5367687041933474
Brussels-Capital Region,21002A041,529.237342092726,0.7115097159940209,0.7734032004967627
Brussels-Capital Region,21002A072,497.3646656672159,0.656203288490284,0.6846915488038451
Brussels-Capital Region,21002A10-,2268.9478127294115,0.71898355754858,0.4943382797264778
Brussels-Capital Region,21002A11-,1188.3113746378156,0.7922272047832586,0.5657592510470996
Brussels-Capital Region,21002A12-,1539.8965147108663,0.8804185351270553,0.4853953509400482
Brussels-Capital Region,21002A130,1144.344064398255,0.9910313901345292,0.6813728413790202
Brussels-Capital Region,21002A14-,320.20265027642665,0.976083707025411,0.4923613389377796
Brussels-Capital Region,21002A15-,93.35152472390068,0.585949177877429,0.45494831770382615
Brussels-Capital Region,21002A190,68.10942577570677,0.9775784753363228,0.7060025700002571
Brussels-Capital Region,21002A20-,1147.7041924794514,0.6053811659192825,0.6387838699370391
Brussels-Capital Region,21002A21-,2443.799964269002,0.648729446935725,0.7433198774534165
Brussels-Capital Region,21002A22-,874.5243958367241,0.9028400597907325,0.643002855444647
Brussels-Capital Region,21002A23-,1008.6969431771172,0.8251121076233184,0.6451123787294085
Brussels-Capital Region,21002A24-,746.3364331987168,0.695067264573991,0.7486358082968348
Brussels-Capital Region,21002A25-,1373.3065348731143,0.7907324364723468,0.7592466098982081
Brussels-Capital Region,21002A30-,805.8412762747871,0.4185351270553064,0.5713088336941997
Brussels-Capital Region,21002A311,884.9007499482896,0.6427503736920778,0.6509355974315097
Brussels-Capital Region,21002A372,493.4893525441488,0.8236173393124065,0.6846182841335534
Brussels-Capital Region,21002A39-,686.7332101398044,0.085201793721973,0.4226641510016599
Brussels-Capital Region,21002A411,783.0267623004814,0.9730941704035876,0.7191464846381256
Brussels-Capital Region,21002A422,180.6593416668992,0.9118086696562032,0.7196196556424687
Brussels-Capital Region,21002A43-,747.800736217242,0.922272047832586,0.7518200202855799
Brussels-Capital Region,21002A441,1305.86091029644,0.9715994020926756,0.7981174043611804
Brussels-Capital Region,21002A45-,1115.2868720160589,0.8460388639760837,0.7504504971020283
Brussels-Capital Region,21002A511,2141.3200572331743,0.8086696562032885,0.6970628410705159
Brussels-Capital Region,21002A52-,909.9439373546176,0.9491778774289984,0.6407991475835196
Brussels-Capital Region,21002A53-,333.8337815072801,0.6621823617339312,0.6536022183461578
Brussels-Capital Region,21003A00-,2556.8419536484607,0.4334828101644245,0.5719864245862984
Brussels-Capital Region,21003A011,1252.0733595291774,0.3437967115097159,0.541977380377926
Brussels-Capital Region,21003A02-,3742.994780805376,0.6322869955156951,0.6008247688458546
Brussels-Capital Region,21003A03-,1465.9255453745525,0.6038863976083707,0.5646286781563077
Brussels-Capital Region,21003A04-,715.2028257052103,0.5814648729446936,0.4349908010572704
Brussels-Capital Region,21003A05-,2586.198324627346,0.6337817638266069,0.5826415791734078
Brussels-Capital Region,21003A0AJ,574.6803208722008,0.0717488789237668,0.552487299360459
Brussels-Capital Region,21003A10-,2704.18883450826,0.4065769805680119,0.5575789895496422
Brussels-Capital Region,21003A11-,683.1232206556533,0.1031390134529148,0.5029484185119155
Brussels-Capital Region,21003A212,277.76845179663763,0.3707025411061285,0.457061136493921
Brussels-Capital Region,21003A283,291.3926395095057,0.5321375186846039,0.5462179578626406
Brussels-Capital Region,21003A2MJ,906.5354863537682,0.4050822122571001,0.7393322004853315
Brussels-Capital Region,21003A312,2698.591457678212,0.7683109118086696,0.5301937367256143
Brussels-Capital Region,21003A323,1215.6101954778037,0.6203288490284006,0.5274718621523058
Brussels-Capital Region,21003A331,697.849037935233,0.4005979073243647,0.7011915082341332
Brussels-Capital Region,21003A342,1001.2998844914966,0.828101644245142,0.5112909486723153
Brussels-Capital Region,21003A38-,334.42483410456526,0.9476831091180868,0.6894970152000675
Brussels-Capital Region,21003A41-,243.50419309404165,0.3273542600896861,0.46079478193007
Brussels-Capital Region,21004A001,1373.1442352930706,0.2047832585949177,0.40719451364068693
Brussels-Capital Region,21004A002,717.1495238410103,0.2929745889387145,0.4499845180961296
Brussels-Capital Region,21004A01-,1644.174678166707,0.680119581464873,0.36005790517206177
Brussels-Capital Region,21004A02-,1896.494968096415,0.2481315396113602,0.46931484292874764
Brussels-Capital Region,21004A03-,1399.7487155066597,0.1599402092675635,0.27396562321716544
Brussels-Capital Region,21004A04-,1116.7059215969512,0.1255605381165919,0.3476802395190453
Brussels-Capital Region,21004A10-,1619.3527312278748,0.9237668161434978,0.5708373938261145
Brussels-Capital Region,21004A13-,2608.637989097171,0.9626307922272048,0.4856391158903562
Brussels-Capital Region,21004A14-,3235.6133012771606,0.3019431988041853,0.3304578723353498
Brussels-Capital Region,21004A15-,858.0350829230413,0.4992526158445441,0.5776698139065388
Brussels-Capital Region,21004A16-,2105.5834061304727,0.0433482810164424,0.5663276734673472
Brussels-Capital Region,21004A20-,2290.452835559845,0.3183856502242152,0.45035767246755415
Brussels-Capital Region,21004A21-,4228.920870357089,0.1001494768310911,0.13463463836470665
Brussels-Capital Region,21004A22-,2924.6849394904248,0.2556053811659193,0.17952843829022694
Brussels-Capital Region,21004A23-,3117.061692555745,0.4260089686098655,0.20022409458046814
Brussels-Capital Region,21004A24-,3266.2255121866865,0.3856502242152466,0.42677539001011194
Brussels-Capital Region,21004A25-,1901.8889870113796,0.5710014947683109,0.44688333569873323
Brussels-Capital Region,21004A32-,1795.6282748646204,0.5889387144992526,0.5273495231686257
Brussels-Capital Region,21004A33-,3742.435590849982,0.3916292974588938,0.29113670551198295
Brussels-Capital Region,21004A34-,2212.13983572854,0.5590433482810164,0.4318360772573255
Brussels-Capital Region,21004A35-,2411.10241206487,0.3841554559043348,0.39495991497372857
Brussels-Capital Region,21004A3MJ,829.6997874577839,0.9402092675635276,0.4270796243141475
Brussels-Capital Region,21004A70-,2767.6887900564407,0.070254110612855,0.33593284107747917
Brussels-Capital Region,21004A71-,1330.8482617272273,0.1449925261584454,0.4159082730217304
Brussels-Capital Region,21004A72-,1195.195052252875,0.0657698056801195,0.23769071961827115
Brussels-Capital Region,21004A811,2219.0200996398926,0.4349775784753363,0.15898334759762564
Brussels-Capital Region,21004A822,616.1411923302545,0.4514200298953662,0.21510661902918624
Brussels-Capital Region,21004A83-,1308.0554788907368,0.319880418535127,0.42956465190135074
Brussels-Capital Region,21004B10-,1650.5564719835918,0.6651718983557549,0.7136664111314319
Brussels-Capital Region,21004B13-,595.1683822207981,0.7249626307922272,0.7598859563754804
Brussels-Capital Region,21004B293,1210.6820159488254,0.5560538116591929,0.3657057120722672
Brussels-Capital Region,21004B2MJ,888.4764500194126,0.8968609865470852,0.7346899648611304
Brussels-Capital Region,21004B2NJ,509.93176725175647,0.8759342301943199,0.7555169746409764
Brussels-Capital Region,21004B2WJ,549.6757718192206,0.6098654708520179,0.7000765843440748
Brussels-Capital Region,21004B411,1557.2994503445098,0.4932735426008968,0.5371772499894967
Brussels-Capital Region,21004B421,3667.852328121662,0.5142002989536621,0.36372368872172917
Brussels-Capital Region,21004B43-,5114.36236445109,0.460388639760837,0.4503193192114249
Brussels-Capital Region,21004B44-,3154.6070044835405,0.5620328849028401,0.6841573434316729
Brussels-Capital Region,21004B45-,1488.7166165643266,0.6741405082212257,0.6832590013148335
Brussels-Capital Region,21004C501,1429.708090464274,0.8878923766816144,0.47052579065188294
Brussels-Capital Region,21004C51-,1261.1529960632324,0.6890881913303438,0.4814326286876048
Brussels-Capital Region,21004C52-,1347.3218987782798,0.7085201793721974,0.5185193059413451
Brussels-Capital Region,21004C53-,1562.0208726723988,0.8146487294469357,0.7683432398101193
Brussels-Capital Region,21004C54-,2264.135636978679,0.890881913303438,0.5615256955485984
Brussels-Capital Region,21004C552,1826.2411513858367,0.9805680119581464,0.6545213036064561
Brussels-Capital Region,21004C61-,2587.867163552178,0.6143497757847534,0.5326191037881917
Brussels-Capital Region,21004C62-,454.09957456588745,0.9357249626307922,0.6477723932763598
Brussels-Capital Region,21004C63-,1311.9584843361904,0.9282511210762332,0.703156330933241
Brussels-Capital Region,21004C642,665.335371040946,0.98355754857997,0.5954338843953197
Brussels-Capital Region,21004C65-,409.96674928855566,0.9880418535127056,0.7143992885659505
Brussels-Capital Region,21004D600,296.36188904444384,0.0448430493273542,0.05176478847493282
Brussels-Capital Region,21004D610,1887.0165368715925,0.2167414050822122,0.017650103032613655
Brussels-Capital Region,21004D62-,2410.9754373762344,0.0807174887892376,0.10140041354687172
Brussels-Capital Region,21004D631,1754.052034536997,0.7997010463378177,0.13844743851838856
Brussels-Capital Region,21004D64-,1455.870918704404,0.1434977578475336,0.07317708129945837
Brussels-Capital Region,21004D672,336.70450238386786,0.2077727952167414,0.02185427042245161
Brussels-Capital Region,21004E101,866.238637757798,0.1240657698056801,0.10659885034826974
Brussels-Capital Region,21004E112,253.37175369262687,0.147982062780269,0.18046266505528621
Brussels-Capital Region,21004E12-,2436.9092192120024,0.1509715994020926,0.36811479390375673
Brussels-Capital Region,21004E130,3626.628243075476,0.4110612855007474,0.3158759157067189
Brussels-Capital Region,21004E14-,2094.338954056303,0.4887892376681614,0.3519507840016213
Brussels-Capital Region,21004E201,3039.25887798818,0.5530642750373692,0.6124420595173288
Brussels-Capital Region,21004E211,717.6284495459663,0.2795216741405082,0.5805973686586611
Brussels-Capital Region,21004E222,484.8447201516894,0.4798206278026906,0.6094207625703935
Brussels-Capital Region,21004E233,1426.9455393479311,0.7982062780269058,0.7770956000278708
Brussels-Capital Region,21004E70-,3731.2206503550215,0.1644245142002989,0.12443191539806951
Brussels-Capital Region,21004E72-,3124.310575402445,0.2301943198804185,0.08246324614056774
Brussels-Capital Region,21004E73-,2345.564673423767,0.2361733931240657,0.136658452663384
Brussels-Capital Region,21004E74-,6320.760296821594,0.28101644245142,0.14046907900292563
Brussels-Capital Region,21004E800,731.0029027197095,0.3572496263079223,0.42452503570563765
Brussels-Capital Region,21004E81-,1195.8991945054795,0.3109118086696562,0.38060226898059707
Brussels-Capital Region,21004E82-,1974.8756120469836,0.1315396113602391,0.6114358640606474
Brussels-Capital Region,21004E83-,2805.697748555078,0.4559043348281016,0.47655927720590924
Brussels-Capital Region,21004E8MJ,4702.972370815256,0.0837070254110612,0.283196430724033
Brussels-Capital Region,21004F511,1376.6981954309674,0.6292974588938715,0.5213045753009556
Brussels-Capital Region,21004F522,2221.7349241251745,0.8221225710014948,0.5303013020086185
Brussels-Capital Region,21004F531,1531.6249398125542,0.484304932735426,0.6394651425953033
Brussels-Capital Region,21004F572,1264.8193811427595,0.2765321375186846,0.6930563124854571
Brussels-Capital Region,21004F901,859.5925641527606,0.600896860986547,0.5687652755867165
Brussels-Capital Region,21004F91-,2098.142707983653,0.4588938714499253,0.5687258854562912
Brussels-Capital Region,21004F922,2095.9332257641686,0.5695067264573991,0.5553410709481348
Brussels-Capital Region,21004F930,634.661280737983,0.0343796711509716,0.3446084153313987
Brussels-Capital Region,21004F94-,478.5733678697918,0.1689088191330343,0.5681469940678094
Brussels-Capital Region,21004F953,994.3340023441448,0.4035874439461883,0.5132996212827832
Brussels-Capital Region,21004F970,2158.480413330926,0.5306427503736921,0.22099461870936649
Brussels-Capital Region,21004F994,160.92547541297972,0.6158445440956651,0.44740523857969133
Brussels-Capital Region,21004F9MJ,848.0894209387092,0.4648729446935725,0.34215299184417214
Brussels-Capital Region,21004G30-,2161.0396364398507,0.4872944693572496,0.5081401473619062
Brussels-Capital Region,21004G310,1360.9604529652538,0.5351270553064275,0.45719601668303433
Brussels-Capital Region,21004G321,1004.1301720665974,0.3423019431988042,0.5438555111931062
Brussels-Capital Region,21004G3NJ,6524.926060936517,0.1928251121076233,0.3518198087032059
Brussels-Capital Region,21005A00-,3867.932403458489,0.6636771300448431,0.5803827289724944
Brussels-Capital Region,21005A01-,3089.5227243105574,0.5605381165919282,0.6944470233812012
Brussels-Capital Region,21005A02-,2623.147741953532,0.5037369207772795,0.7083054097837893
Brussels-Capital Region,21005A031,1578.9274253845217,0.4319880418535127,0.5866572647095575
Brussels-Capital Region,21005A042,3406.9833091100054,0.3467862481315396,0.5203569549721968
Brussels-Capital Region,21005A051,3990.3232338163584,0.5261584454409567,0.6626239298072254
Brussels-Capital Region,21005A082,754.7616600460476,0.8579970104633782,0.7706939526620696
Brussels-Capital Region,21005A10-,3550.0054281022813,0.4902840059790732,0.4795002680679982
Brussels-Capital Region,21005A11-,4194.83508237203,0.6352765321375187,0.4715834494142515
Brussels-Capital Region,21005A12-,5993.657805336847,0.3527653213751868,0.5496564154564028
Brussels-Capital Region,21005A13-,1800.7523375617134,0.414050822122571,0.6755792832336989
Brussels-Capital Region,21005A14-,3926.3601870006983,0.8565022421524664,0.7460981906651899
Brussels-Capital Region,21005A15-,2856.595305230883,0.905829596412556,0.7380596328352657
Brussels-Capital Region,21005A20-,1927.3513537512883,0.7638266068759342,0.7257014100676422
Brussels-Capital Region,21005A21-,522.4549688763088,0.7757847533632287,0.7358893022143002
Brussels-Capital Region,21005A22-,1582.5947029325698,0.5874439461883408,0.766025525146617
Brussels-Capital Region,21005A311,1731.126926528083,0.6816143497757847,0.49416742421355814
Brussels-Capital Region,21005A322,64.97191694047716,0.0373692077727952,0.5439248082040168
Brussels-Capital Region,21005A33-,1094.6221163007947,0.5575485799701047,0.6807003097604958
Brussels-Capital Region,21006A001,2814.5731485154893,0.4245142002989536,0.5340215197895816
Brussels-Capital Region,21006A011,2798.719341278076,0.476831091180867,0.3359857104292841
Brussels-Capital Region,21006A02-,435.32861211564807,0.0493273542600896,0.22381235944415143
Brussels-Capital Region,21006A03-,153.56910663180884,0.3303437967115097,0.47930255663333365
Brussels-Capital Region,21006A042,1154.3196926116943,0.5949177877428998,0.45333980012825714
Brussels-Capital Region,21006A052,2158.1479830212065,0.4813153961136024,0.5055937963865311
Brussels-Capital Region,21006A094,859.0704265609384,0.3034379671150972,0.4480585233976204
Brussels-Capital Region,21006A101,4680.539781358507,0.3602391629297459,0.43977695940840983
Brussels-Capital Region,21006A11-,1234.4415516058605,0.7309417040358744,0.49808346429116834
Brussels-Capital Region,21006A12-,528.0420825746324,0.0642750373692077,0.3720521410881558
Brussels-Capital Region,21006A13-,1385.8709494272866,0.4708520179372197,0.4575886326992433
Brussels-Capital Region,21006A142,1379.3499094645183,0.3258594917787742,0.45195779919398027
Brussels-Capital Region,21006A153,1277.8793332444295,0.2825112107623318,0.4736090273920317
Brussels-Capital Region,21006A171,2651.0234701832137,0.5964125560538116,0.5287706365228484
Brussels-Capital Region,21006A201,2135.168435414632,0.6128550074738416,0.42363244220806806
Brussels-Capital Region,21006A21-,1023.9007987976074,0.1943198804185351,0.4500486098758839
Brussels-Capital Region,21006A22-,980.3046073913576,0.5635276532137519,0.4983573244796315
Brussels-Capital Region,21006A23-,2632.662609206305,0.4857997010463378,0.4730722607781041
Brussels-Capital Region,21006A24-,267.1742087536388,0.0313901345291479,0.2857208346594157
Brussels-Capital Region,21006A25-,561.5357171959348,0.038863976083707,0.4455078621332104
Brussels-Capital Region,21006A272,1031.0493840972583,0.6263079222720478,0.5442628641998384
Brussels-Capital Region,21006A312,512.6869356398367,0.5829596412556054,0.1637916565739639
Brussels-Capital Region,21006A323,516.0413432131625,0.0298953662182361,0.10612867097514952
Brussels-Capital Region,21006A403,825.4817902776931,0.6756352765321375,0.40723445509510603
Brussels-Capital Region,21006A414,2808.436464945476,0.7698056801195815,0.5413113107209538
Brussels-Capital Region,21006A474,520.1369636290603,0.7234678624813154,0.41667310271239205
Brussels-Capital Region,21006A515,1081.82700949245,0.2675635276532137,0.2854428779315645
Brussels-Capital Region,21007A00-,3876.307327482435,0.1913303437967115,0.4342634655149563
Brussels-Capital Region,21007A01-,1969.7379331385923,0.3662182361733931,0.4077668444517874
Brussels-Capital Region,21007A02-,707.8473644918865,0.8370702541106129,0.5470274846057733
Brussels-Capital Region,21007A03-,981.4987568325466,0.1883408071748878,0.21446287777676618
Brussels-Capital Region,21007A04-,389.6244635052151,0.1136023916292974,0.17455122324426756
Brussels-Capital Region,21007A05-,834.1328890654776,0.5650224215246636,0.5131200627634205
Brussels-Capital Region,21007A06-,373.7169841130575,0.2227204783258595,0.1677967367125509
Brussels-Capital Region,21007A071,8823.384179910025,0.6218236173393124,0.32834370508643645
Brussels-Capital Region,21007A082,2334.709437684053,0.0956651718983557,0.2698141979778097
Brussels-Capital Region,21007A101,3095.368646330304,0.3482810164424514,0.4968435445207785
Brussels-Capital Region,21007A111,692.7286581993103,0.5754857997010463,0.6518316237873808
Brussels-Capital Region,21007A12-,421.0186322000292,0.85949177877429,0.6423637332446344
Brussels-Capital Region,21007A132,198.42007403903543,0.5201793721973094,0.5360373524586971
Brussels-Capital Region,21007A142,1240.420419904921,0.4200298953662182,0.4463693448692328
Brussels-Capital Region,21007A201,2679.791648228963,0.7055306427503737,0.7662343158380297
Brussels-Capital Region,21007A21-,185.40283054775665,0.7174887892376681,0.4065106789807994
Brussels-Capital Region,21007A239,1648.9744582043754,0.6367713004484304,0.6430266610294089
Brussels-Capital Region,21007A242,202.4996591673957,0.4439461883408072,0.46809029266169166
Brussels-Capital Region,21007A252,123.81312868330215,0.0553064275037369,0.6339019614338607
Brussels-Capital Region,21007A40-,1068.8684645758735,0.1554559043348281,0.2966639436586002
Brussels-Capital Region,21007A41-,595.6769038306343,0.1390134529147982,0.18535184875112598
Brussels-Capital Region,21007A50-,2538.902816825442,0.4633781763826607,0.33577533704998336
Brussels-Capital Region,21007A51-,870.8228763656483,0.5485799701046338,0.4130392316322031
Brussels-Capital Region,21007A52-,1194.1686992645264,0.5724962630792227,0.3429366045807414
Brussels-Capital Region,21007A53-,3027.571837425231,0.4783258594917787,0.30820375856859594
Brussels-Capital Region,21007A541,304.82326761881507,0.4484304932735426,0.2319787702281157
Brussels-Capital Region,21007A552,425.00998327467175,0.9147982062780268,0.2254949960714684
Brussels-Capital Region,21007A60-,3321.5725772645737,0.1584454409566517,0.21558385970125193
Brussels-Capital Region,21007A61-,3207.78210873074,0.2645739910313901,0.3747201150585916
Brussels-Capital Region,21007A70-,2854.1532361772324,0.6517189835575485,0.47747553404428417
Brussels-Capital Region,21007A71-,1239.3487599690752,0.351270553064275,0.40271962531424776
Brussels-Capital Region,21007A72-,4248.598715252347,0.5844544095665172,0.7462471039952461
Brussels-Capital Region,21007A73-,3384.397077560425,0.7742899850523169,0.751097639182208
Brussels-Capital Region,21007A75-,667.7945765654247,0.7219730941704036,0.5829277317706072
Brussels-Capital Region,21007A783,1040.6376272704867,0.5411061285500748,0.3279479952615579
Brussels-Capital Region,21007A814,212.4822998046875,0.4753363228699551,0.25523073433318016
Brussels-Capital Region,21008A00-,1558.547408951653,0.4544095665171898,0.7543145710208744
Brussels-Capital Region,21008A01-,1209.9875768025718,0.4618834080717489,0.6407261997822148
Brussels-Capital Region,21008A02-,3894.313927544488,0.3931240657698057,0.5581825940166498
Brussels-Capital Region,21008A10-,3207.19998453723,0.4962630792227205,0.6754240597119142
Brussels-Capital Region,21008A20-,1934.1808911694416,0.3497757847533632,0.5750150829076495
Brussels-Capital Region,21008A21-,948.6627036432426,0.593423019431988,0.4778058209729443
Brussels-Capital Region,21008A220,1092.2748615344367,0.1076233183856502,0.510479636453622
Brussels-Capital Region,21008A23-,913.8943806356854,0.5994020926756353,0.4503173466946115
Brussels-Capital Region,21008A240,716.3780019498533,0.4020926756352765,0.4959884576217232
Brussels-Capital Region,21008A30-,1443.4197939766775,0.624813153961136,0.7284992738675138
Brussels-Capital Region,21008A31-,607.2293959723579,0.6397608370702541,0.7261317544501749
Brussels-Capital Region,21008A32-,1575.0704587300615,0.5291479820627802,0.7488563315133938
Brussels-Capital Region,21008A33-,1897.055775112576,0.5904334828101644,0.7750724514667893
Brussels-Capital Region,21008A34-,720.6857412275342,0.9581464872944694,0.7064143471334127
Brussels-Capital Region,21008A35-,519.1625596152411,0.8699551569506726,0.6942518687940988
Brussels-Capital Region,21009A00-,2351.484327528212,0.4364723467862481,0.5326279391761104
Brussels-Capital Region,21009A01-,2071.132817162408,0.2750373692077728,0.5145357212796988
Brussels-Capital Region,21009A02-,2424.132319556342,0.3886397608370702,0.4544282355594141
Brussels-Capital Region,21009A03-,1748.6675364176433,0.6023916292974589,0.5132502515744589
Brussels-Capital Region,21009A041,2324.0377487606474,0.7100149476831091,0.432209461691077
Brussels-Capital Region,21009A051,1251.8302970462375,0.4723467862481315,0.4475085869698107
Brussels-Capital Region,21009A101,1176.137557135688,0.3243647234678625,0.5582023415256494
Brussels-Capital Region,21009A111,2572.19723171658,0.312406576980568,0.5358607185453639
Brussels-Capital Region,21009A13-,2042.4609292348223,0.6606875934230194,0.6512525249786394
Brussels-Capital Region,21009A151,1536.7116940816245,0.5739910313901345,0.5635104977716048
Brussels-Capital Region,21009A20-,3911.905167685615,0.3796711509715994,0.51794412988565
Brussels-Capital Region,21009A21-,4611.377239333259,0.2690582959641255,0.5928008071952202
Brussels-Capital Region,21009A22-,4306.69018374549,0.6920777279521674,0.5286967448315331
Brussels-Capital Region,21009A23-,2358.4132074779936,0.9446935724962632,0.4270277650823355
Brussels-Capital Region,21009A2MJ,1983.301365481483,0.0328849028400597,0.494295421643534
Brussels-Capital Region,21009A301,905.4966413709852,0.7533632286995515,0.6278236866748885
Brussels-Capital Region,21009A311,220.22173500061035,0.7713004484304933,0.7106471312051782
Brussels-Capital Region,21009A33-,3571.710299915737,0.6576980568011959,0.7463334158769683
Brussels-Capital Region,21009A34-,585.7989332411023,0.1046337817638266,0.33732611403382695
Brussels-Capital Region,21009A40-,1433.9466120402017,0.852017937219731,0.7146784996401656
Brussels-Capital Region,21009A41-,1850.9403241475425,0.7952167414050823,0.831065631105323
Brussels-Capital Region,21009A42-,2933.5652014414463,0.9192825112107624,0.7935450432160286
Brussels-Capital Region,21009A43-,2647.416527642144,0.920777279521674,0.6896284572359979
Brussels-Capital Region,21009A44-,1979.0870420667857,0.7443946188340808,0.7145458277101566
Brussels-Capital Region,21009A451,2285.7824253506133,0.8340807174887892,0.6712090964830836
Brussels-Capital Region,21009A501,530.7551543447707,0.5246636771300448,0.6973065657356092
Brussels-Capital Region,21009A512,437.108644273546,0.6547085201793722,0.5930017581288104
Brussels-Capital Region,21009A52-,2953.0700683593755,0.3094170403587444,0.5472937254762829
Brussels-Capital Region,21009A53-,3426.218246248033,0.4693572496263079,0.43834867973081654
Brussels-Capital Region,21009A542,592.757964293162,0.7772795216741405,0.46069036295156995
Brussels-Capital Region,21009A552,1434.7966532707214,0.5097159940209267,0.45912005722358246
Brussels-Capital Region,21009A602,678.4247478908962,0.2212257100149476,0.5579181398217902
Brussels-Capital Region,21009A612,3156.245839860704,0.4947683109118087,0.5397968711018747
Brussels-Capital Region,21009A623,305.3396987915039,0.8849028400597907,0.47553270973223205
Brussels-Capital Region,21009A63-,2138.9287301169497,0.6875934230194319,0.49122507652550434
Brussels-Capital Region,21009A652,1827.3919224209255,0.3976083707025411,0.5754520831016499
Brussels-Capital Region,21009A712,751.1795306735567,0.9312406576980568,0.7235014209158723
Brussels-Capital Region,21009A72-,1586.048180474175,0.7458893871449925,0.5948910072516795
Brussels-Capital Region,21009A73-,3171.846962187026,0.9790732436472348,0.8044792140069161
Brussels-Capital Region,21009A802,378.3585663901436,0.804185351270553,0.6986874065789425
Brussels-Capital Region,21009A812,568.3264039622413,0.8071748878923767,0.7297061756332733
Brussels-Capital Region,21009A82-,591.8765474955242,0.8161434977578476,0.7094266820890591
Brussels-Capital Region,21009A83-,323.3319805992975,0.1898355754857997,0.6577878418964268
Brussels-Capital Region,21009A90-,1934.0970560709636,0.5500747384155455,0.6368130698174085
Brussels-Capital Region,21009A911,1512.1393801371255,0.6278026905829597,0.5620545440500703
Brussels-Capital Region,21009A922,1415.0332828097871,0.2615844544095665,0.5812667030873618
Brussels-Capital Region,21010A00-,5525.840852207608,0.5082212257100149,0.5677596209536171
Brussels-Capital Region,21010A01-,3147.109766218397,0.2989536621823617,0.47289504040279645
Brussels-Capital Region,21010A02-,3862.691283543905,0.5216741405082213,0.4704671780862128
Brussels-Capital Region,21010A03-,3110.242394023471,0.4573991031390134,0.5093839682878194
Brussels-Capital Region,21010A04-,4582.197604497274,0.382660687593423,0.45125101065108014
Brussels-Capital Region,21010A05-,7379.706171247695,0.3811659192825112,0.4735349622249372
Brussels-Capital Region,21010A10-,2281.7632812923857,0.547085201793722,0.6509101873420415
Brussels-Capital Region,21010A111,1291.928469578425,0.452914798206278,0.524261294730846
Brussels-Capital Region,21010A121,748.8632097541253,0.7384155455904334,0.47664106249623883
Brussels-Capital Region,21010A13-,2815.9717012113992,0.4379671150971599,0.5201709906192957
Brussels-Capital Region,21010A141,2652.078193664551,0.4409566517189835,0.5052532875137751
Brussels-Capital Region,21010A1AJ,2655.660336953484,0.8116591928251121,0.6315610224628272
Brussels-Capital Region,21010A21-,3639.577081786261,0.4469357249626308,0.4541183593406028
Brussels-Capital Region,21010A312,871.5727477511391,0.5799701046337817,0.5392346402698711
Brussels-Capital Region,21010A393,472.9697588040598,0.7877428998505231,0.5214783076083516
Brussels-Capital Region,21011A00-,2844.158448749119,0.1778774289985052,0.025550983758977755
Brussels-Capital Region,21011A01-,3130.8971027798125,0.1569506726457399,0.15273504995420217
Brussels-Capital Region,21011A02-,2454.053611755371,0.1210762331838565,0.021202507833601072
Brussels-Capital Region,21011A10-,1634.3538682725696,0.3901345291479821,0.42010795248506577
Brussels-Capital Region,21011A11-,1871.3049494425456,0.5396113602391629,0.5837377879857899
Brussels-Capital Region,21011A12-,1489.9833092159697,0.6083707025411061,0.46392916646499427
Brussels-Capital Region,21011A20-,3053.9546783555097,0.5007473841554559,0.33718892721040306
Brussels-Capital Region,21011A30-,3284.3586293492053,0.4275037369207772,0.29986066228765124
Brussels-Capital Region,21012A00-,2607.589611053467,0.0568011958146487,0.11006677296237467
Brussels-Capital Region,21012A011,1751.3502125210236,0.3064275037369208,0.1423765352399983
Brussels-Capital Region,21012A02-,1105.426915274726,0.0941704035874439,0.16004342446336584
Brussels-Capital Region,21012A03-,2769.115037706163,0.0986547085201793,0.07436397138830177
Brussels-Capital Region,21012A041,2417.5603595309785,0.0672645739910313,0.06740938171279036
Brussels-Capital Region,21012A05-,913.3412085639104,0.0612855007473841,0.15443165815592444
Brussels-Capital Region,21012A10-,3199.44548924764,0.1464872944693572,0.13616784784766597
Brussels-Capital Region,21012A11-,4329.39721722073,0.2346786248131539,0.18662894649113643
Brussels-Capital Region,21012A12-,2297.601419183943,0.2451420029895366,0.14359962668141613
Brussels-Capital Region,21012A13-,1791.883423169454,0.1733931240657698,0.2592514843053264
Brussels-Capital Region,21012A141,1969.722020890977,0.0792227204783258,0.13070839452108873
Brussels-Capital Region,21012A152,5089.001473320855,0.0597907324364723,0.10933749439719885
Brussels-Capital Region,21012A172,2482.3985189067,0.1061285500747384,0.10215153343580255
Brussels-Capital Region,21012A20-,1163.9067713949414,0.2974588938714499,0.13463844446079534
Brussels-Capital Region,21012A21-,688.825689845615,0.0478325859491778,0.16098741007836295
Brussels-Capital Region,21012A22-,386.7917866706848,0.4424514200298953,0.07998974474230132
Brussels-Capital Region,21012A23-,3041.2145018577576,0.491778774289985,0.5340910916458037
Brussels-Capital Region,21012A24-,3107.4506267971465,0.3542600896860987,0.24995629644160292
Brussels-Capital Region,21012A25-,575.4595158894856,0.1838565022421524,0.19431120339068672
Brussels-Capital Region,21012A26-,4136.434487872653,0.554559043348281,0.5596953921300639
Brussels-Capital Region,21012A30-,1729.8964835281174,0.4230194319880418,0.5033916748811379
Brussels-Capital Region,21012A39-,262.4567047275292,0.1659192825112107,0.6429948447223369
Brussels-Capital Region,21012A41-,1668.391110943423,0.515695067264574,0.5046395173584592
Brussels-Capital Region,21012A50-,2905.2016217973496,0.5515695067264574,0.5362079693395518
Brussels-Capital Region,21012A511,3405.743190765381,0.1674140508221225,0.248883135448387
Brussels-Capital Region,21012A52-,3362.700540966458,0.358744394618834,0.275288018438847
Brussels-Capital Region,21012A53-,755.1190609402126,0.0418535127055306,0.1337080823168033
Brussels-Capital Region,21012A54-,4462.254368252225,0.2526158445440957,0.28743978116219704
Brussels-Capital Region,21012A552,506.6669404771594,0.2630792227204783,0.2600429220009636
Brussels-Capital Region,21012A60-,4955.542794836892,0.1763826606875934,0.1215081474571706
Brussels-Capital Region,21012A611,2227.18071322971,0.2705530642750374,0.13306125014744935
Brussels-Capital Region,21012A62-,6384.214496612548,0.179372197309417,0.15618625718156923
Brussels-Capital Region,21012A63-,2797.045335345798,0.1494768310911808,0.20020308277138013
Brussels-Capital Region,21012A672,4548.91123898824,0.2436472346786248,0.13028344643024317
Brussels-Capital Region,21012A71-,3501.6801147460938,0.1180866965620328,0.1346313149129093
Brussels-Capital Region,21012A72-,2651.523824479845,0.0582959641255605,0.14489597119032702
Brussels-Capital Region,21012A732,2329.6022987365723,0.3677130044843049,0.13715828551625356
Brussels-Capital Region,21012A811,885.5428369310167,0.249626307922272,0.5831780872385038
Brussels-Capital Region,21012A822,4267.276200632255,0.3632286995515695,0.6478730944667154
Brussels-Capital Region,21012A833,889.5077235170432,0.2869955156950672,0.5392412010260467
Brussels-Capital Region,21012A84-,811.415978577402,0.4499252615844544,0.5809211376179095
Brussels-Capital Region,21012A851,1872.18925095929,0.4828101644245142,0.5226330203442501
Brussels-Capital Region,21012A882,1737.4170608520506,0.5067264573991032,0.6161547405886044
Brussels-Capital Region,21013A00-,4207.756630791559,0.42152466367713,0.4887191952754543
Brussels-Capital Region,21013A01-,3966.984361860487,0.5919282511210763,0.6071334606992214
Brussels-Capital Region,21013A02-,3823.149316363864,0.6188340807174888,0.4201617416721231
Brussels-Capital Region,21013A031,1761.7479413350422,0.6980568011958147,0.6359438881495836
Brussels-Capital Region,21013A04-,3097.083195156521,0.7563527653213752,0.6443478136542673
Brussels-Capital Region,21013A052,2099.3207331763374,0.6965620328849028,0.4371040122395485
Brussels-Capital Region,21013A101,2889.235530429416,0.2062780269058296,0.30213260627103605
Brussels-Capital Region,21013A102,388.0557742648655,0.1300448430493273,0.4614689721994173
Brussels-Capital Region,21013A11-,3033.4425370958115,0.3736920777279521,0.44881982629138717
Brussels-Capital Region,21013A121,756.3237308926052,0.116591928251121,0.28372798090119367
Brussels-Capital Region,21013A13-,2363.000040266249,0.1988041853512705,0.16116320497599643
Brussels-Capital Region,21013A151,2106.690594567193,0.2391629297458893,0.46279715551857137
Brussels-Capital Region,21013A201,2798.616200553046,0.1853512705530642,0.17102772437801395
Brussels-Capital Region,21013A211,2386.4613379902307,0.1539611360239162,0.1665608976805038
Brussels-Capital Region,21013A22-,2916.898279825846,0.1420029895366218,0.23603690020495421
Brussels-Capital Region,21013A23-,1683.3032002978855,0.2272047832585949,0.21100763938049186
Brussels-Capital Region,21013A242,2273.801111857096,0.1629297458893871,0.1539219832956437
Brussels-Capital Region,21013A252,1608.823488023546,0.1270553064275037,0.21970056408819488
Brussels-Capital Region,21013A40-,2054.7324483659536,0.2197309417040358,0.47437817187144893
Brussels-Capital Region,21013A41-,1808.654618793064,0.4095665171898355,0.36458294107662276
Brussels-Capital Region,21013A422,1597.5978876749675,0.1195814648729446,0.2701815594430574
Brussels-Capital Region,21013A51-,2134.211866590712,0.5381165919282511,0.5393033009372024
Brussels-Capital Region,21013A522,1774.5056987338594,0.5455904334828101,0.5046706507813004
Brussels-Capital Region,21013A612,579.5084173414442,0.5171898355754858,0.14926030732264417
Brussels-Capital Region,21014A00-,2241.533340030246,0.1285500747384155,0.1471134392606572
Brussels-Capital Region,21014A01-,749.791051864624,0.2585949177877429,0.15967195314249377
Brussels-Capital Region,21014A02-,1746.476794136895,0.3288490284005979,0.141628973730907
Brussels-Capital Region,21014A03-,1555.3469981087578,0.2959641255605381,0.19904283375732285
Brussels-Capital Region,21014A04-,3560.18786960178,0.109118086696562,0.24852177245447118
Brussels-Capital Region,21014A05-,4200.320952097575,0.1150971599402092,0.15769895958188437
Brussels-Capital Region,21014A10-,2432.635914272732,0.0926756352765321,0.07609528738576622
Brussels-Capital Region,21014A14-,1210.6273998684355,0.0358744394618834,0.054092013619138436
Brussels-Capital Region,21014A3MJ,1963.8779352506003,0.7040358744394619,0.140068076750842
Brussels-Capital Region,21014A41-,2488.353108935886,0.14050822122571,0.14148002499221576
Brussels-Capital Region,21015A00-,7220.901706695557,0.2152466367713004,0.1887292152365936
Brussels-Capital Region,21015A01-,1771.4472743140327,0.5336322869955157,0.10754111665901976
Brussels-Capital Region,21015A021,2243.257319874234,0.1614349775784753,0.24946610757940024
Brussels-Capital Region,21015A03-,4859.904341485765,0.2286995515695067,0.2038422316559377
Brussels-Capital Region,21015A04-,4502.052892473009,0.0971599402092675,0.17176892988705897
Brussels-Capital Region,21015A05-,5953.555839538574,0.1360239162929745,0.14965861349470133
Brussels-Capital Region,21015A101,1449.105947918362,0.3692077727952167,0.26119413090819793
Brussels-Capital Region,21015A111,2671.088819026947,0.3647234678624813,0.3048261620855117
Brussels-Capital Region,21015A12-,3473.61389541626,0.6382660687593423,0.2235526518729744
Brussels-Capital Region,21015A13-,2629.262300067478,0.2002989536621823,0.14304828847453263
Brussels-Capital Region,21015A142,275.10664134555395,0.3408071748878923,0.13282772351628297
Brussels-Capital Region,21015A152,2432.957133081224,0.186846038863976,0.10299989519573383
Brussels-Capital Region,21015A20-,6361.257999632093,0.2855007473841554,0.3231447292588704
Brussels-Capital Region,21015A21-,2089.041592915853,0.2660687593423019,0.2809862386309547
Brussels-Capital Region,21015A22-,3498.400589201185,0.2541106128550074,0.2570618947452497
Brussels-Capital Region,21015A231,2105.392549726698,0.6068759342301944,0.26941126162024154
Brussels-Capital Region,21015A24-,3036.3342764112685,0.3557548579970104,0.17128048457747863
Brussels-Capital Region,21015A272,1698.4153120252822,0.3871449925261584,0.35017375361291636
Brussels-Capital Region,21015A30-,4453.561189439562,0.4304932735426009,0.44416854021010305
Brussels-Capital Region,21015A31-,3056.419138590494,0.3721973094170404,0.6130541416888403
Brussels-Capital Region,21015A32-,4385.750780317519,0.5680119581464873,0.1530986059335182
Brussels-Capital Region,21015A33-,2882.9353082444923,0.3946188340807174,0.16737574774156208
Brussels-Capital Region,21015A34-,1620.1353782018025,0.5366218236173393,0.21664777581969144
Brussels-Capital Region,21015A35-,2442.169791751437,0.5979073243647235,0.6010697456100056
Brussels-Capital Region,21015A36-,2261.2145339118106,0.672645739910314,0.6040907904963857
Brussels-Capital Region,21015A40-,4156.350764168633,0.0538116591928251,0.1227920960112052
Brussels-Capital Region,21015A41-,3616.820491578844,0.1345291479820627,0.14687664109115747
Brussels-Capital Region,21015A421,2228.028905656602,0.1718983557548579,0.12372802483480622
Brussels-Capital Region,21015A43-,2100.4676293796965,0.2899850523168908,0.0002835747068660997
Brussels-Capital Region,21015A44-,2766.5746697319883,0.077727952167414,0.16664405821539904
Brussels-Capital Region,21015A45-,871.2966090308296,0.1106128550074738,0.18880567003459578
Brussels-Capital Region,21015A50-,6265.780403561063,0.6696562032884903,0.6073220167424616
Brussels-Capital Region,21015A51-,2475.5938220289017,0.726457399103139,0.6571987482071125
Brussels-Capital Region,21015A52-,4154.932420518663,0.6502242152466368,0.6798830613613887
Brussels-Capital Region,21015A53-,4179.991975148519,0.3079222720478325,0.6457523459642933
Brussels-Capital Region,21015A54-,5432.790729310777,0.6591928251121076,0.5981818978717327
Brussels-Capital Region,21015A612,4761.678086598715,0.1958146487294469,0.09923796998099715
Brussels-Capital Region,21015A622,1139.4249803755015,0.6711509715994021,0.19912490166913782
Brussels-Capital Region,21015A63-,1468.3199629187584,0.6457399103139013,0.17409520136365042
Brussels-Capital Region,21015A64-,2906.218131171333,0.2914798206278027,0.20326449242337088
Brussels-Capital Region,21015A70-,1044.2663962046304,0.4977578475336323,0.41948164152844974
Brussels-Capital Region,21015A71-,1014.4523810810512,0.5769805680119582,0.46294278747028594
Brussels-Capital Region,21015A721,968.4308655526902,0.7892376681614349,0.4533985572902457
Brussels-Capital Region,21015A73-,725.5503118832905,0.7130044843049327,0.4374505286775575
Brussels-Capital Region,21015A77-,2259.407146937317,0.2242152466367713,0.4769880408159493
Brussels-Capital Region,21015A782,426.6612254248725,0.2331838565022421,0.5018308775912815
Brussels-Capital Region,21015A811,1991.6973061031763,0.7608370702541106,0.40096841867663335
Brussels-Capital Region,21015A822,209.78233372502865,0.6860986547085202,0.6199883533473455
Brussels-Capital Region,21015A831,4646.363832049899,0.7204783258594918,0.45876369574026626
Brussels-Capital Region,21015A883,699.3664884567262,0.1808669656203288,0.41953987376079727
Brussels-Capital Region,21016A00-,2848.024931351344,0.757847533632287,0.8155085589425454
Brussels-Capital Region,21016A01-,4072.0650692250993,0.8923766816143498,0.7431798620207024
Brussels-Capital Region,21016A02-,1762.0703370836045,0.3213751868460389,0.7534662440135914
Brussels-Capital Region,21016A03-,2998.9709214104546,0.8385650224215246,0.77703809052309
Brussels-Capital Region,21016A042,641.0510552724203,0.9641255605381166,0.8159922361666729
Brussels-Capital Region,21016A05-,2416.811420440674,0.57847533632287,0.745176799430947
Brussels-Capital Region,21016A102,3075.565853741434,0.9745889387144993,0.7786298463783046
Brussels-Capital Region,21016A111,1602.829437308841,0.9895366218236172,0.7113644987921764
Brussels-Capital Region,21016A12-,3147.186829646428,0.9566517189835576,0.660272260442261
Brussels-Capital Region,21016A214,289.97995365990533,0.7324364723467862,0.6778861484503804
Brussels-Capital Region,21016A225,438.9299278259277,0.929745889387145,0.7112642781611077
Brussels-Capital Region,21016A232,1268.9404999961712,0.8953662182361734,0.7277585746910882
Brussels-Capital Region,21016A311,2117.791216678594,0.992526158445441,0.6935377871040929
Brussels-Capital Region,21016A322,977.635912279288,0.6472346786248132,0.6626418213624433
Brussels-Capital Region,21016A331,313.81395901574024,0.523168908819133,0.613598824183485
Brussels-Capital Region,21016A342,6049.358965563484,0.9940209267563528,0.7401807613447159
Brussels-Capital Region,21016A400,2248.299128892107,0.7144992526158446,0.7153028830597867
Brussels-Capital Region,21016A410,786.1637262768215,0.9461883408071748,0.7832881479602946
Brussels-Capital Region,21016A429,1504.867316449061,0.907324364723468,0.8184242963189895
Brussels-Capital Region,21016A44-,1736.2725288420916,0.866965620328849,0.7908374705868367
Brussels-Capital Region,21016A490,477.0501520430875,0.9342301943198804,0.5934937052675668
Brussels-Capital Region,21016A521,259.9680705657746,0.9656203288490284,0.5536704050367283
Brussels-Capital Region,21016A533,609.010047563662,0.7159940209267563,0.7100064414380838
Brussels-Capital Region,21016A601,1203.959056377411,0.7010463378176383,0.6506081040317523
Brussels-Capital Region,21016A610,488.9803032846087,0.9177877428998504,0.33393862825513126
Brussels-Capital Region,21016A620,1165.5681328132955,0.8609865470852018,0.6280433017043312
Brussels-Capital Region,21016A639,1389.1335328596438,0.3452914798206278,0.20503663003618103
Brussels-Capital Region,21016A64-,1925.989481922524,0.7623318385650224,0.7231428616548984
Brussels-Capital Region,21016A65-,410.92367952399775,0.5276532137518685,0.6615933440784131
Brussels-Capital Region,21016A701,1676.4404742452834,0.4289985052316891,0.6768957716560506
Brussels-Capital Region,21016A71-,1690.4106769429573,0.7548579970104634,0.7472799364988335
Brussels-Capital Region,21016A72-,450.7353058207469,0.2032884902840059,0.744221742417901
Brussels-Capital Region,21016A731,484.7660695777999,0.9088191330343796,0.6921806161163342
Brussels-Capital Region,21016A772,1100.8621875180138,0.3348281016442451,0.7281983640353599
Brussels-Capital Region,21016A80-,2709.0230462816025,0.8026905829596412,0.775547032751917
Brussels-Capital Region,21016A81-,2510.312858263652,0.772795216741405,0.7885401053922089
Brussels-Capital Region,21016A82-,3141.94232325587,0.8176382660687593,0.7784232652433364
Brussels-Capital Region,21016A831,3708.6236912674376,0.9611360239162928,0.8116723474031273
Brussels-Capital Region,21016A841,891.9092089401352,0.9671150971599404,0.6666186284499678
Brussels-Capital Region,21016A85-,1095.3710907167856,0.7354260089686099,0.7677457321372968
Brussels-Capital Region,21016A901,1781.032579951816,0.8101644245142003,0.7343133156731502
Brussels-Capital Region,21016A912,1102.8756833871205,0.6532137518684604,0.7260003340376735
Brussels-Capital Region,21016A922,1213.199919965532,0.6307922272047832,0.6761115763663823
Brussels-Capital Region,21016A933,2997.432813882828,0.7787742899850523,0.7539416940144905
Brussels-Capital Region,21016A943,628.2790609995525,0.4170403587443946,0.6661548916737928
Brussels-Capital Region,21016A954,181.317610528734,0.5022421524663677,0.6793987467952808
Brussels-Capital Region,21017A000,719.5553939772976,0.6681614349775785,0.5120950372791147
Brussels-Capital Region,21017A01-,443.98182599412064,0.8729446935724963,0.6251699347932695
Brussels-Capital Region,21017A021,177.13854211072126,0.8400597907324364,0.6206969915281699
Brussels-Capital Region,21017A031,322.86579899158744,0.9970104633781764,0.6540497445735792
Brussels-Capital Region,21017A041,542.4902030362023,0.8819133034379671,0.503548648634031
Brussels-Capital Region,21017A08-,401.3690022309052,0.937219730941704,0.5009972673508238
Brussels-Capital Region,21017A11-,1381.9630263911354,0.3004484304932735,0.563883973047908
Brussels-Capital Region,21017A12-,1553.430867758062,0.4678624813153961,0.6201447556138896
Brussels-Capital Region,21017A13-,1246.6798706054688,0.898355754857997,0.7083027162942737
Brussels-Capital Region,21017A212,1787.957664489746,0.8834080717488789,0.5721158812052437
Brussels-Capital Region,21017A220,494.1518574820625,0.1823617339312406,0.5142694028574352
Brussels-Capital Region,21017A230,825.4658168156941,0.9013452914798208,0.5822896379661021
Brussels-Capital Region,21017A240,853.212678803338,0.8684603886397608,0.5351426905868304
Brussels-Capital Region,21017A312,75.70640979748633,0.968609865470852,0.685838010606727
Brussels-Capital Region,21017A374,96.84900142749149,0.0762331838565022,0.5826194665211047
Brussels-Capital Region,21017A393,262.7334330918061,0.5186846038863976,0.7305431249286692
Brussels-Capital Region,21017A41-,1006.5587633980646,0.750373692077728,0.7509649754940255
Brussels-Capital Region,21017A421,221.7528834078047,0.8714499252615845,0.6906078252385559
Brussels-Capital Region,21017A432,979.0587711334229,0.9133034379671152,0.7498963416836405
Brussels-Capital Region,21017A443,176.7753079732259,0.0866965620328849,0.5730791127303045
Brussels-Capital Region,21017A451,1248.1849524709912,0.8430493273542601,0.644398891829533
Brussels-Capital Region,21017A472,198.71026635169983,0.6935724962630793,0.5824789211759517
Brussels-Capital Region,21017A501,248.8580525186327,0.7473841554559043,0.6311209785245157
Brussels-Capital Region,21017A512,842.0475362141927,0.8415545590433483,0.7085713112540594
Brussels-Capital Region,21017A523,842.9665571848552,0.6666666666666666,0.7362442491599174
Brussels-Capital Region,21017A534,142.1637363433838,0.7593423019431988,0.6251370143854655
Brussels-Capital Region,21017A541,839.0720022850567,0.7369207772795217,0.5950824401091229
Brussels-Capital Region,21017A613,230.4159151713053,0.8774289985052317,0.6970689925453748
Brussels-Capital Region,21017A624,376.1712596681383,0.6412556053811659,0.62715574895243
Brussels-Capital Region,21017A635,418.0884692470232,0.9551569506726456,0.617516415792694
Brussels-Capital Region,21017A696,224.2237880494859,0.8266068759342302,0.6342788135922531
Brussels-Capital Region,21018A00-,2083.822354634603,0.7428998505231689,0.7461237886286133
Brussels-Capital Region,21018A01-,1386.5164890819128,0.9267563527653214,0.7285042684363917
Brussels-Capital Region,21018A02-,1258.512510087755,0.7832585949177877,0.7072059694618839
Brussels-Capital Region,21018A031,1953.0418400234648,0.6905829596412556,0.7193034400437385
Brussels-Capital Region,21018A04-,1339.4879355960425,0.6771300448430493,0.7136503193727488
Brussels-Capital Region,21018A05-,1715.425485028161,0.8505231689088192,0.7102495019670972
Brussels-Capital Region,21018A09-,376.79090028338953,0.9252615844544096,0.630320173662682
Brussels-Capital Region,21018A12-,1565.226538552178,0.8325859491778774,0.5205173898940434
Brussels-Capital Region,21018A13-,481.4559292263455,0.5052316890881914,0.47568850343513747
Brussels-Capital Region,21018A14-,1275.6260198420946,0.5426008968609866,0.697445139427999
Brussels-Capital Region,21018A20-,4093.947371164957,0.6113602391629297,0.628926090205928
Brussels-Capital Region,21018A21-,3117.6979678471885,0.7279521674140508,0.6943337204281222
Brussels-Capital Region,21018A22-,2228.6029020945234,0.8011958146487295,0.7444724651777469
Brussels-Capital Region,21018A24-,2645.6902832190194,0.8624813153961136,0.7154362663353656
Brussels-Capital Region,21018A30-,881.007932662964,0.7653213751868461,0.6888343182830574
Brussels-Capital Region,21018A311,910.4316099484764,0.617339312406577,0.6762514730971829
Brussels-Capital Region,21018A32-,634.0538401073879,0.8550074738415545,0.6727191491780481
Brussels-Capital Region,21018A33-,2560.1079837580523,0.8295964125560538,0.7423413199763504
Brussels-Capital Region,21018A34-,737.9126230610742,0.9506726457399104,0.7332722638231981
Brussels-Capital Region,21018A35-,320.27772871984376,0.2511210762331838,0.8081393888633303
Brussels-Capital Region,21018A37-,1153.9614686999057,0.3617339312406577,0.6299067832627592
Brussels-Capital Region,21018A3MJ,2239.637459039688,0.8654708520179372,0.7793727469140782
Brussels-Capital Region,21018A41-,642.904797077179,0.6995515695067265,0.722661892114446
Brussels-Capital Region,21018A42-,1458.8198925124275,0.7294469357249627,0.7544803470120159
Brussels-Capital Region,21018A43-,1582.1721317503186,0.7399103139013453,0.7357539457725939
Brussels-Capital Region,21018A512,1466.1745864020452,0.7668161434977578,0.7273768494566958
Brussels-Capital Region,21018A60-,634.2322242359321,0.336322869955157,0.7197745195267025
Brussels-Capital Region,21018A61-,1961.9663050439624,0.7862481315396114,0.7229393398967161
Brussels-Capital Region,21018A62-,4416.194843504163,0.7847533632286996,0.6961131101530905
Brussels-Capital Region,21018A63-,2028.2103099889223,0.6442451420029895,0.3663084309486627
Brussels-Capital Region,21018A643,694.0975822905699,0.2600896860986547,0.35852566847146894
Brussels-Capital Region,21018A72-,2326.052572660976,0.7817638266068759,0.6789723497787161
Brussels-Capital Region,21018A81-,814.5947037140529,0.2944693572496263,0.38244999629958887
Brussels-Capital Region,21018A82-,961.5669600168862,0.9820627802690582,0.5706677787141674
Brussels-Capital Region,21018A83-,905.0142225958408,0.8789237668161435,0.4315195161657617
Brussels-Capital Region,21018A84-,512.3050116300583,0.1330343796711509,0.21587079316605362
Brussels-Capital Region,21018A87-,818.4267107542449,0.0284005979073243,0.48167498562337085
Brussels-Capital Region,21019A001,1410.0207927605757,0.7802690582959642,0.7084895575758251
Brussels-Capital Region,21019A01-,1127.2423919748203,0.70254110612855,0.7599004454626627
Brussels-Capital Region,21019A02-,618.1350587275293,0.9043348281016442,0.7075287499111949
Brussels-Capital Region,21019A03-,744.4955297576057,0.8490284005979073,0.6909594736185025
Brussels-Capital Region,21019A04-,902.3169448640612,0.8191330343796711,0.686656369625166
Brussels-Capital Region,21019A052,1323.2605381912242,0.8535127055306427,0.6638946132873164
Brussels-Capital Region,21019A10-,814.9749786588882,0.8355754857997011,0.7752411999372042
Brussels-Capital Region,21019A11-,919.079845958286,0.938714499252616,0.7868388546971343
Brussels-Capital Region,21019A12-,756.0975209342109,0.9865470852017936,0.6578316663428377
Brussels-Capital Region,21019A131,1796.102154943678,0.9701046337817638,0.5987741726760452
Brussels-Capital Region,21019A14-,1288.2711044649284,0.8938714499252616,0.3981272694928707
Brussels-Capital Region,21019A15-,539.5232156912485,0.3378176382660687,0.38296545391635645
Brussels-Capital Region,21019A20-,1747.5889440907372,0.985052316890882,0.7173918389325298
Brussels-Capital Region,21019A21-,2231.2836775238525,0.8998505231689088,0.6674056565920138
Brussels-Capital Region,21019A22-,1172.882472700543,1.0,0.6582580613147142
Brussels-Capital Region,21019A231,718.9750371509127,0.8310911808669657,0.5610321464355357
Brussels-Capital Region,21019A242,855.9879407352871,0.8056801195814649,0.6136737349983232
Brussels-Capital Region,21019A252,1404.2214049264376,0.9162929745889388,0.5650705491889468
Brussels-Capital Region,21019A30-,1736.1524543762205,0.8893871449925261,0.7210255859618432
Brussels-Capital Region,21019A31-,1267.8557198260032,0.9521674140508222,0.7679982447125413
Brussels-Capital Region,21019A32-,2717.6890856698155,0.8863976083707026,0.7484236185766219
Brussels-Capital Region,21019A33-,2005.5780804951987,0.7488789237668162,0.7553191404612886
Brussels-Capital Region,21019A34-,1423.0003532833523,0.9596412556053812,0.7134005750921859
Brussels-Capital Region,21019A35-,1883.440130021837,0.9431988041853512,0.7472784171464874
Brussels-Capital Region,21019A40-,1143.6298624012206,0.9327354260089686,0.6686878411036432
Brussels-Capital Region,21019A41-,281.6188274297294,0.8445440956651719,0.622231477115025
Brussels-Capital Region,21019A42-,2003.0353035926817,0.953662182361734,0.6867653564162497
Brussels-Capital Region,21019A43-,461.5199841583769,0.9985052316890882,0.6601190378923256
Brussels-Capital Region,21019A441,529.0577382900649,0.9955156950672646,0.5678402285994063
Brussels-Capital Region,21019A45-,1202.1080248090957,0.9417040358744396,0.585528754076271
Brussels-Capital Region,21019A51-,1643.1613717608984,0.8639760837070254,0.7467865322383157
Brussels-Capital Region,21019A52-,1392.085842238532,0.8475336322869955,0.7436869571613579
Zürich,011,6247.960679332415,0.5757575757575758,0.6079726077459744
Zürich,012,4777.519338596199,0.2424242424242424,0.4831090644883323
Zürich,013,4195.182634962929,0.8787878787878788,0.6869300287247009
Zürich,014,7226.853507889641,0.0,0.6662770308879478
Zürich,021,15288.59734149854,0.5151515151515151,0.5882900861501498
Zürich,023,2327.361167979608,0.1515151515151515,0.575692066513285
Zürich,024,15389.832069128232,0.9393939393939394,0.3447556856298974
Zürich,031,14257.61802928962,0.7272727272727273,0.5794537294755987
Zürich,033,8382.332138814498,0.0909090909090909,0.6140290100067718
Zürich,034,15170.97948210438,0.3939393939393939,0.5273730889150171
Zürich,041,4598.09500058492,0.8181818181818182,0.7053838606943609
Zürich,042,15529.542662819224,0.6363636363636364,0.6465298496540287
Zürich,044,11444.221033122803,0.2121212121212121,0.42855981426108136
Zürich,051,8271.608075827773,0.3333333333333333,0.6014493369320281
Zürich,052,9331.674088478088,1.0,0.633472952315698
Zürich,061,19671.933496757927,0.5151515151515151,0.6749412573994173
Zürich,063,12782.098743697214,0.7575757575757576,0.5699278539086879
Zürich,071,12381.601491467613,0.7878787878787878,0.6099572923496401
Zürich,072,14113.322880736552,0.8484848484848485,0.5247489440621459
Zürich,073,7520.437579341233,0.696969696969697,0.5737080061120985
Zürich,074,6665.567656688289,0.3939393939393939,0.5903736261821758
Zürich,081,5891.362834463103,0.9696969696969696,0.48497527833483683
Zürich,082,7134.322188801236,0.9090909090909092,0.5088835682286745
Zürich,083,7331.641546143633,0.6666666666666666,0.5271801527009288
Zürich,091,15191.558316627985,0.3636363636363636,0.563499224666917
Zürich,092,35588.63100047922,0.303030303030303,0.5622436871197246
Zürich,101,20325.54954399365,0.3939393939393939,0.4960507846967653
Zürich,102,14057.851012947249,0.3939393939393939,0.6651920212814634
Zürich,111,12670.964585909516,0.1818181818181818,0.46058492720556304
Zürich,115,24599.076102883453,0.6060606060606061,0.3771086346867441
Zürich,119,18805.037932507592,0.2727272727272727,0.29730482882127846
Zürich,121,7364.153235252947,0.0303030303030303,0.37836989611677113
Zürich,122,7776.610875544112,0.1212121212121212,0.306361897647607
Zürich,123,7409.488633056611,0.0303030303030303,0.4994390166760142
Copenhagen,Amager Øst,59614.5528758773,0.4444444444444444,0.6108596267894142
Copenhagen,Amager Vest,73805.67415589755,0.5555555555555556,0.2916848969354038
Copenhagen,Bispebjerg,59146.361112261606,0.0,0.2408575908546329
Copenhagen,Brønshøj-Husum,45057.28280572128,0.2222222222222222,0.3076590210697171
Copenhagen,Indre By,57087.91113942741,1.0,0.7901755546640257
Copenhagen,Nørrebro,88452.48104714375,0.1111111111111111,0.16471511558025573
Copenhagen,Østerbro,87438.24835989664,0.8888888888888888,0.7372669541198746
Copenhagen,Valby,57557.21695413086,0.3333333333333333,0.5479731932448619
Copenhagen,Vanløse,43599.61231272885,0.7777777777777778,0.7484751079354844
Barcelona,08001,29158.348253409076,0.0256410256410256,0.050757219483553766
Barcelona,08002,17668.153410699633,0.2307692307692307,0.15802205433489702
Barcelona,08003,30801.15211878313,0.282051282051282,0.11616155768843046
Barcelona,08004,40508.20297813416,0.1538461538461538,0.14737562410547023
Barcelona,08005,52578.36800215715,0.6666666666666666,0.2936736499528382
Barcelona,08006,34884.405502531255,0.8461538461538461,0.7949225827514182
Barcelona,08007,19131.808429929944,0.8717948717948718,0.12356434341680282
Barcelona,08008,16936.97795783149,0.8974358974358975,0.5769658453190636
Barcelona,08009,18665.331357320152,0.7948717948717948,0.5431539621963917
Barcelona,08010,13817.60144551595,0.8205128205128205,0.49248786516736387
Barcelona,08011,23717.72082349989,0.6410256410256411,0.27133130951447654
Barcelona,08012,25276.774737464053,0.6153846153846154,0.7061327059970992
Barcelona,08013,49553.18693432543,0.4871794871794871,0.6612221714593443
Barcelona,08014,70241.9082842403,0.3846153846153846,0.5427211119836495
Barcelona,08015,54910.36081292894,0.5641025641025641,0.3328455441199152
Barcelona,08016,51694.46536342303,0.0769230769230769,0.667590938965687
Barcelona,08017,63040.507935661,1.0,0.6506732139774497
Barcelona,08018,42779.07817783621,0.5384615384615384,0.4595586221134272
Barcelona,08019,39768.18889886804,0.4102564102564102,0.19062598407292977
Barcelona,08020,56237.43882346153,0.1025641025641025,0.7132661916000178
Barcelona,08021,37804.35900624593,0.9743589743589745,0.7205298722407893
Barcelona,08022,41500.975119054325,0.9230769230769232,0.7409539854973282
Barcelona,08023,43511.66194361448,0.7435897435897436,0.5942948788020038
Barcelona,08024,53516.87677233749,0.5128205128205128,0.6732362215200458
Barcelona,08025,53577.81099351248,0.4615384615384615,0.6600762231975513
Barcelona,08026,31397.945286644837,0.3333333333333333,0.5833297948428807
Barcelona,08027,58340.4157394833,0.2564102564102564,0.7696406607549953
Barcelona,08028,85122.46415484615,0.5897435897435898,0.7175752564236862
Barcelona,08029,56310.58159478505,0.717948717948718,0.7302174120109143
Barcelona,08030,75348.19672807057,0.3076923076923077,0.4117453988024403
Barcelona,08031,44075.16526328193,0.1794871794871795,0.6775477030886323
Barcelona,08032,56411.16847818594,0.2051282051282051,0.6496159648363898
Barcelona,08033,31278.05305585006,0.0,0.19516193681198232
Barcelona,08034,53519.669443070685,0.9487179487179488,0.7899103854881708
Barcelona,08035,64592.18212805911,0.4358974358974359,0.7808078065202573
Barcelona,08036,29487.90797805786,0.7692307692307693,0.6245648452471737
Barcelona,08037,17140.462806277807,0.6923076923076923,0.5724322339435814
Barcelona,08038,68021.41430827313,0.1282051282051282,0.2751977984383695
Barcelona,08041,30629.634764361712,0.358974358974359,0.6176638766248285
Barcelona,08042,42696.657083122685,0.0512820512820512,0.2789078389837294
Granada,18001,7532.819967803956,0.5,0.5194530823714154
Granada,18002,9502.858445739746,1.0,0.7268021510624029
Granada,18003,8731.113060586453,0.4285714285714285,0.6891570196514429
Granada,18004,14009.722723120376,0.7142857142857143,0.8956859193698182
Granada,18005,7751.020847473143,0.7857142857142857,0.7487783555130725
Granada,18006,19425.02597487196,0.3571428571428571,0.6906716914368235
Granada,18007,14474.083220268563,0.1428571428571428,0.2533009193556882
Granada,18008,34810.45452743597,0.5714285714285714,0.492349710225621
Granada,18009,13919.129690036552,0.8571428571428571,0.41384964839964333
Granada,18010,16977.164405157568,0.2857142857142857,0.3402969196367349
Granada,18011,20484.544787247032,0.0,-0.000702860527453152
Granada,18012,10680.377115631103,0.9285714285714286,0.7823276783253281
Granada,18013,16571.685475450453,0.0714285714285714,0.048233121995012875
Granada,18014,29971.093706100284,0.6428571428571429,0.40592630392421547
Granada,18015,16681.51192706637,0.2142857142857142,0.34416658663586275
Madrid,28001,35811.171640625,1.0,0.397312959755572
Madrid,28002,78785.57183977723,0.7592592592592593,0.8137153905683159
Madrid,28003,59216.77630048752,0.7962962962962963,0.8849634069585669
Madrid,28004,39646.29273696899,0.6481481481481481,0.2788874527544791
Madrid,28005,75126.95828835487,0.5,0.528364867454086
Madrid,28006,60085.37847114563,0.9444444444444444,0.6251703777277702
Madrid,28007,67883.97089335143,0.5925925925925926,0.7164909912175271
Madrid,28008,31384.024080587325,0.7037037037037037,0.5948924484540403
Madrid,28009,39428.22678650185,0.8148148148148148,0.7531073724115696
Madrid,28010,49783.27515617371,0.8888888888888888,0.7514599416427344
Madrid,28011,50700.72343967021,0.2592592592592592,0.4877722327423711
Madrid,28012,34090.917939834595,0.3888888888888889,0.3913940536543538
Madrid,28013,28057.41527300388,0.6111111111111112,0.31988220281741714
Madrid,28014,32502.924929294582,0.8333333333333334,0.43438655114941027
Madrid,28015,48257.16439453125,0.5370370370370371,0.7666837922436788
Madrid,28016,64286.44633059755,0.925925925925926,0.7245779628983872
Madrid,28017,85054.88189724712,0.2037037037037037,0.3797620847465242
Madrid,28018,69873.13765103609,0.0555555555555555,0.1412170123997827
Madrid,28019,70147.44999818728,0.1666666666666666,0.13246986542177402
Madrid,28020,61633.25920684814,0.5555555555555556,0.5047088053134515
Madrid,28021,95975.5756990552,0.037037037037037,0.09696959557361483
Madrid,28022,100040.1565388733,0.4259259259259259,0.382586518259503
Madrid,28023,82585.79930923908,0.9814814814814816,0.3555056131024686
Madrid,28024,47821.72159039512,0.2407407407407407,0.46464121408761033
Madrid,28025,60144.31713968053,0.074074074074074,0.13767307143040564
Madrid,28026,58392.7032306856,0.0925925925925925,0.11427497667980523
Madrid,28027,89313.96230176627,0.4629629629629629,0.6508679584253566
Madrid,28028,65811.71509144665,0.5740740740740741,0.7242315312832012
Madrid,28029,76083.87318055153,0.3703703703703703,0.8307732846589092
Madrid,28030,103651.98858818517,0.2962962962962963,0.48306981383967684
Madrid,28031,69770.49114433005,0.2222222222222222,0.3728794896504711
Madrid,28032,75929.95330574705,0.2777777777777778,0.3031898713360129
Madrid,28033,115879.50602132456,0.5185185185185185,0.5967446636115837
Madrid,28034,107176.9994517815,0.6666666666666666,0.6159905247637226
Madrid,28035,98389.48396055373,0.6851851851851852,0.8135449203728946
Madrid,28036,64856.12585610389,0.9629629629629628,0.6410795923957218
Madrid,28037,62437.614616336825,0.1481481481481481,0.3064595350243122
Madrid,28038,72640.10194741085,0.0185185185185185,0.14959858889942465
Madrid,28039,59617.538508875965,0.3148148148148148,0.46562854417034266
Madrid,28040,34188.352820609216,0.7222222222222222,0.6080189241574048
Madrid,28041,107441.69859226466,0.1111111111111111,0.1582051329242149
Madrid,28042,123767.24500670344,0.6296296296296297,0.4577228444665196
Madrid,28043,139585.68368012412,0.7407407407407407,0.7242378990230512
Madrid,28044,63432.17202935353,0.1296296296296296,0.4036127207195729
Madrid,28045,89511.66243023485,0.4814814814814814,0.46704914655162744
Madrid,28046,26289.34623054028,0.9074074074074074,0.5106697612899289
Madrid,28047,67714.5854856421,0.1851851851851851,0.22485565458193746
Madrid,28048,7561.645311953872,0.3333333333333333,0.905074092989051
Madrid,28049,43821.28572759084,0.8518518518518519,0.7250291608978229
Madrid,28050,131569.86447890085,0.7777777777777778,0.698531371447073
Madrid,28051,85294.7146109712,0.3518518518518518,0.6061001936351669
Madrid,28052,19182.50550139316,0.4444444444444444,0.6369020774936343
Madrid,28053,71119.70502044872,0.0,0.12958149563138907
Madrid,28054,48957.02423541962,0.4074074074074074,0.33052410161695833
Madrid,28055,40141.03868056565,0.8703703703703703,0.6476686343694639
Sevilla,41001,13837.496661948264,1.0,0.795919783420598
Sevilla,41002,15527.639845581056,0.7368421052631579,0.5833565908822709
Sevilla,41003,30362.515728454597,0.631578947368421,0.6296328621880593
Sevilla,41004,21205.76659667015,0.9473684210526316,0.6969971300411323
Sevilla,41005,38795.9311769104,0.6842105263157895,0.7099580155389227
Sevilla,41006,71286.14349819421,0.0526315789473684,0.3048662781777891
Sevilla,41007,50223.11478025884,0.4736842105263157,0.4922075371732669
Sevilla,41008,53853.47583826125,0.3157894736842105,0.6994053764762667
Sevilla,41009,29452.536766335368,0.2631578947368421,0.23981153722042178
Sevilla,41010,34342.19939854316,0.5263157894736842,0.6055460583276292
Sevilla,41011,33733.37979150057,0.8947368421052632,0.8388766819548197
Sevilla,41012,33332.34541925721,0.7894736842105263,0.5536778947513061
Sevilla,41013,76683.01107880175,0.5789473684210527,0.3026892341562283
Sevilla,41014,13306.844669042452,0.3684210526315789,0.386849127412353
Sevilla,41015,45474.78693332873,0.2105263157894736,0.4107392416088015
Sevilla,41016,30079.94635251608,0.1052631578947368,0.24242263469924905
Sevilla,41017,3030.892917712927,0.0,0.06846328938822639
Sevilla,41018,24405.975295562745,0.8421052631578947,0.7990193830976586
Sevilla,41019,14403.098791583478,0.1578947368421052,0.5133725909461864
Sevilla,41020,73301.29196598909,0.4210526315789473,0.6450247145592375
Helsinki,00100,26636.74060471888,0.8292682926829268,0.8222958911675132
Helsinki,00120,8052.0977926448895,0.926829268292683,0.7471607672206144
Helsinki,00130,4717.325366915489,1.0,0.9019150480830097
Helsinki,00140,7952.842026770874,0.975609756097561,0.49790324965652416
Helsinki,00150,12925.06416207799,0.8414634146341463,0.6104097330277947
Helsinki,00160,4953.172594665265,0.8902439024390244,0.7192325114888386
Helsinki,00170,9946.8802968069,0.8780487804878049,0.8205150577223549
Helsinki,00180,17105.776580417034,0.7439024390243902,0.6163527448249309
Helsinki,00190,446.7005960349069,0.4268292682926829,0.3598430879529233
Helsinki,00200,9166.631278550632,0.7804878048780488,0.8218140206477961
Helsinki,00210,5052.246057694551,0.8536585365853658,0.8643417110226068
Helsinki,00220,6348.952554111045,0.6829268292682927,0.6004676952039689
Helsinki,00240,11642.415914528943,0.4146341463414634,0.6293712604214066
Helsinki,00250,11141.097280758033,0.7317073170731707,0.6281238035389902
Helsinki,00260,5867.931272594448,0.9146341463414634,0.8395523148028614
Helsinki,00270,4050.088049350953,0.5975609756097561,0.5510454458899121
Helsinki,00280,2996.15635816981,0.4390243902439024,0.39525112098331716
Helsinki,00290,1439.630658044195,0.9634146341463414,0.8405550690800088
Helsinki,00300,5081.278439815631,0.3780487804878049,0.4726070146734963
Helsinki,00310,663.0468098334208,0.4878048780487805,0.6200097888360191
Helsinki,00320,10171.445616568724,0.524390243902439,0.548480514934459
Helsinki,00330,7961.909015618987,0.8658536585365854,0.7890925030163812
Helsinki,00340,865.5733601552795,0.9878048780487804,0.4977543179137007
Helsinki,00350,7002.339516509249,0.5,0.6296098626292651
Helsinki,00360,509.2737986287292,0.3048780487804878,0.5726640871556541
Helsinki,00370,7183.664851408375,0.3414634146341463,0.3934222677192132
Helsinki,00380,5650.330740762913,0.3658536585365853,0.3640016885430402
Helsinki,00390,9589.945897071526,0.3170731707317073,0.2409331457577553
Helsinki,00400,7772.913917840782,0.2073170731707317,0.28111363996067995
Helsinki,00410,6265.51724249326,0.0853658536585365,0.1769193157513165
Helsinki,00420,10250.968050453052,0.0609756097560975,0.2527927003792666
Helsinki,00430,6162.705639640401,0.6585365853658537,0.5455530503218594
Helsinki,00440,2885.22201575088,0.2439024390243902,0.08818022051977924
Helsinki,00500,9598.085902077812,0.2560975609756097,0.6456857228239941
Helsinki,00510,13874.056896774136,0.3292682926829268,0.5214548639614731
Helsinki,00520,8808.838387062202,0.6341463414634146,0.48936620034566986
Helsinki,00530,15321.64636965035,0.5365853658536586,0.7062704233297689
Helsinki,00540,6348.067770361292,0.7560975609756098,0.7455013512549533
Helsinki,00550,8821.55715933769,0.1951219512195122,0.4887624937968946
Helsinki,00560,9204.60471715189,0.5121951219512195,0.5362157596507146
Helsinki,00570,510.89082327439473,0.9390243902439024,0.689502836376985
Helsinki,00580,9142.29167047409,0.7195121951219512,0.6120336424827832
Helsinki,00590,2950.137034546622,0.573170731707317,0.5666519155774716
Helsinki,00600,2495.606249347368,0.1829268292682926,0.22354877391679082
Helsinki,00610,6126.164525841192,0.3902439024390244,0.5467103582187046
Helsinki,00620,5236.288460649435,0.6463414634146342,0.6199370060741746
Helsinki,00630,7079.747550804624,0.2317073170731707,0.2131729987185632
Helsinki,00640,8446.166935886047,0.4512195121951219,0.4909826072762665
Helsinki,00650,4193.672062618201,0.5853658536585366,0.5352343012236561
Helsinki,00660,9793.619393024366,0.7926829268292683,0.9069009420277017
Helsinki,00670,6428.489006505975,0.8048780487804879,0.8509648077195423
Helsinki,00680,4309.917084179932,0.7682926829268293,0.8206319154585626
Helsinki,00690,1954.941167687655,0.7073170731707317,0.8558689522414065
Helsinki,00700,15813.597885299816,0.073170731707317,0.20361716147335057
Helsinki,00710,9734.39564314576,0.0975609756097561,0.09012835705165993
Helsinki,00720,6787.703419946894,0.1341463414634146,0.17875980883415143
Helsinki,00730,11530.832188492372,0.4756097560975609,0.4924693936385272
Helsinki,00740,11172.73272965913,0.2804878048780488,0.32844901514936115
Helsinki,00750,10543.462456148956,0.1585365853658536,0.26751040754458916
Helsinki,00760,9186.373711998329,0.6097560975609756,0.5171340416496233
Helsinki,00770,7059.4505020727465,0.0121951219512195,0.15666323997192513
Helsinki,00780,8017.212004681363,0.5609756097560976,0.62119473609928
Helsinki,00790,8129.526618457304,0.2195121951219512,0.18816819254271214
Helsinki,00800,4489.420965336074,0.2926829268292683,0.4869571967943166
Helsinki,00810,8347.833996024478,0.4024390243902439,0.43434405525159114
Helsinki,00820,3632.508976309503,0.1219512195121951,0.16335750444467562
Helsinki,00830,2279.419300390673,0.951219512195122,0.5515879947190763
Helsinki,00840,7076.400158958167,0.6219512195121951,0.6141624629081227
Helsinki,00850,3088.1878374828293,0.8170731707317073,0.5659414939424356
Helsinki,00860,1307.7320546974638,0.6951219512195121,0.7921488352712962
Helsinki,00870,4409.073076045977,0.2682926829268293,0.41093008784670976
Helsinki,00880,7386.920874058516,0.3536585365853658,0.33693203728010235
Helsinki,00890,1684.3268139266352,0.902439024390244,0.6149561098548186
Helsinki,00900,4183.867138008834,0.024390243902439,0.03323234882423635
Helsinki,00910,5617.827660311469,0.1097560975609756,0.1702280634438361
Helsinki,00920,14609.456817864306,0.1707317073170731,0.24110437383408492
Helsinki,00930,7490.617914925539,0.4634146341463415,0.1446220243091421
Helsinki,00940,22630.921902008544,0.0,0.08394401213204304
Helsinki,00950,8281.33978312208,0.6707317073170732,0.42993381837672867
Helsinki,00960,5419.376639315098,0.1463414634146341,0.2972502317023553
Helsinki,00970,7822.66902545733,0.0365853658536585,0.10811986124211602
Helsinki,00980,34703.94280543095,0.048780487804878,0.14250874250679835
Helsinki,00990,7398.048718388249,0.5487804878048781,0.2309122264726755
Marseille,132010101,2968.580023871528,0.2746268656716418,0.5920819531799898
Marseille,132010102,1734.5581652323406,0.017910447761194,0.4884141982446361
Marseille,132010103,2209.9701508416065,0.035820895522388,0.4618154880871968
Marseille,132010104,2580.016211085849,0.0656716417910447,0.4630180734196289
Marseille,132010201,1963.499087015788,0.1880597014925373,0.5159680843125718
Marseille,132010202,1988.7532704671228,0.6029850746268657,0.39250785116345827
Marseille,132010203,1511.6655337015784,0.2537313432835821,0.47147820320760997
Marseille,132010302,1739.0465988583037,0.0507462686567164,0.4716629715251066
Marseille,132010303,931.0362875196668,0.1582089552238806,0.3933915570137885
Marseille,132010402,3978.262288517422,0.3014925373134328,0.6985457418998863
Marseille,132010501,711.3919940524634,0.4985074626865671,0.5030274589345116
Marseille,132010502,1128.4825740390356,0.6298507462686567,0.5480263845168666
Marseille,132010503,2014.274509429932,0.5671641791044776,0.4321888744055339
Marseille,132010504,5646.109155019125,0.4388059701492537,0.46886045619267713
Marseille,132010601,2724.444185892741,0.2417910447761194,0.43009790339773657
Marseille,132010602,1700.5145293341743,0.5223880597014925,0.5049871626694784
Marseille,132020101,7016.009975527413,0.1492537313432835,0.44356436285011847
Marseille,132020201,844.7846669091119,0.0029850746268656,0.5781915176119942
Marseille,132020202,552.134224679735,0.1820895522388059,0.49026151005300095
Marseille,132020203,861.1845795313516,0.1731343283582089,0.5244931718704653
Marseille,132020204,412.009430355496,0.1671641791044776,0.6589931373792677
Marseille,132020205,927.0744446648492,0.3134328358208955,0.5897044518647803
Marseille,132020301,1202.2167753643462,0.6597014925373135,0.6905113131931937
Marseille,132020302,1465.9803009298112,0.2895522388059701,0.5183209758948392
Marseille,132020303,922.801536983914,0.2985074626865671,0.6593825706664459
Marseille,132020401,5096.587380051613,0.4955223880597015,0.40039136067722564
Marseille,132020402,460.58628124660913,0.1462686567164179,0.5687223279125349
Marseille,132020403,901.273887210422,0.1791044776119403,0.6180001677887687
Marseille,132020404,473.7922903696696,0.208955223880597,0.6100787408516206
Marseille,132030101,2726.8339905209014,0.2328358208955223,0.47733722399958345
Marseille,132030102,3818.64068836636,0.1432835820895522,0.4758848086322502
Marseille,132030103,3049.5187055799697,0.1223880597014925,0.40868305056039267
Marseille,132030104,2590.5126359727647,0.0686567164179104,0.460615597854509
Marseille,132030105,2407.48082780838,0.1164179104477611,0.5038117968820591
Marseille,132030202,2944.0367397732207,0.1552238805970149,0.5071214044862865
Marseille,132030203,2017.3883499569365,0.0238805970149253,0.4468066655008246
Marseille,132030204,2790.462260564168,0.0805970149253731,0.3860565081510039
Marseille,132030205,2682.740916781955,0.1223880597014925,0.43123125540897117
Marseille,132030301,2617.3659096293977,0.0776119402985074,0.41454442610908715
Marseille,132030302,3315.565025965373,0.1044776119402985,0.4390745319414408
Marseille,132030303,1992.7856576707627,0.0597014925373134,0.3956104610075944
Marseille,132030304,4160.3057047526045,0.1522388059701492,0.47378819573976616
Marseille,132030305,214.75240601433643,0.0119402985074626,0.3814258190341082
Marseille,132030401,2332.4212994045683,0.1313432835820895,0.46724380792197984
Marseille,132030402,2911.37132856581,0.2208955223880597,0.5883530419770138
Marseille,132030403,1903.2574492560493,0.0985074626865671,0.40013932282861586
Marseille,132040101,2675.854256841872,0.6,0.4932147206617875
Marseille,132040102,2347.0998484293614,0.3373134328358209,0.6132435880870112
Marseille,132040103,2742.3664241366914,0.3611940298507463,0.56657266964385
Marseille,132040104,2342.2306170993384,0.2686567164179104,0.49046022958624913
Marseille,132040105,2044.827514860365,0.573134328358209,0.4189971956432166
Marseille,132040106,3298.193736182319,0.5373134328358209,0.446624443424814
Marseille,132040201,1812.0398455725772,0.3313432835820895,0.37226731418110903
Marseille,132040202,1998.574124150806,0.2955223880597015,0.4229325689981277
Marseille,132040203,1678.090628094143,0.4776119402985074,0.5497938338157046
Marseille,132040204,1703.8918380737305,0.3850746268656716,0.48585752086507134
Marseille,132040301,2653.4913974338106,0.6537313432835821,0.5289334942853527
Marseille,132040302,2474.8671018812397,0.4626865671641791,0.4547747015382112
Marseille,132040303,3325.385064654881,0.4298507462686567,0.4679653009947037
Marseille,132040304,3238.35602039761,0.3791044776119402,0.5498923749639072
Marseille,132040401,2393.9424858093266,0.4597014925373134,0.5542760492005059
Marseille,132040402,2218.9014795091416,0.6328358208955224,0.5496242470999203
Marseille,132040403,3659.789144621955,0.7283582089552239,0.5402767476159107
Marseille,132040404,3092.135392189026,0.608955223880597,0.48640485496444036
Marseille,132050101,2272.008705563016,0.408955223880597,0.497410498493136
Marseille,132050102,2619.698083665636,0.564179104477612,0.4826905585396198
Marseille,132050104,2433.200828128391,0.3044776119402985,0.5111780167328279
Marseille,132050105,1733.175673590766,0.3880597014925373,0.5241438601227384
Marseille,132050202,2338.364285151164,0.7373134328358208,0.6098525331238783
Marseille,132050203,1970.088215298123,0.6179104477611941,0.5341996157750013
Marseille,132050204,1719.2412406073677,0.582089552238806,0.5754605676854928
Marseille,132050205,1374.8428344726562,0.6626865671641791,0.5711103998131981
Marseille,132050206,1740.8667655520967,0.5194029850746269,0.5991292291307563
Marseille,132050207,2369.2460399203837,0.5850746268656717,0.5194787041133886
Marseille,132050301,1836.1991615295408,0.4686567164179104,0.6034502008005669
Marseille,132050302,1629.4510281880696,0.3552238805970149,0.5289052255979655
Marseille,132050303,1576.6349843343098,0.4238805970149253,0.5317493928619211
Marseille,132050304,2117.410760243734,0.5223880597014925,0.486488934668234
Marseille,132050401,3178.0949363708496,0.5134328358208955,0.6283582669510875
Marseille,132050402,3012.490144941542,0.3641791044776119,0.7437860009734628
Marseille,132050403,3237.539711554845,0.3402985074626866,0.5235271148371357
Marseille,132060101,2832.2542315589053,0.7194029850746269,0.5784540911784158
Marseille,132060102,2375.888880411784,0.746268656716418,0.6408953347613394
Marseille,132060103,2301.972959942288,0.5343283582089552,0.5533066021131071
Marseille,132060202,2443.097373326619,0.764179104477612,0.5994500905637664
Marseille,132060203,1788.7612567477752,0.4417910447761194,0.5559037389459802
Marseille,132060204,2654.000420040554,0.6716417910447762,0.5589332972643691
Marseille,132060301,1937.552281273736,0.7014925373134329,0.4912571408294647
Marseille,132060302,1589.7530742221409,0.4835820895522388,0.5164685589970058
Marseille,132060303,1818.5971897972956,0.3432835820895522,0.44427879989250474
Marseille,132060401,3208.1331986321343,0.928358208955224,0.6078215866445789
Marseille,132060402,1666.2771602206758,0.8955223880597015,0.6367363120567356
Marseille,132060403,1763.851995335685,0.7671641791044777,0.7101150741118435
Marseille,132060502,2590.2156562805176,0.4746268656716418,0.5045553697082482
Marseille,132060601,3979.3738392723935,0.844776119402985,0.6757404905027476
Marseille,132060602,2561.974544525146,0.7970149253731343,0.6688337889082058
Marseille,132060603,3675.761617898941,0.7313432835820896,0.6076733012039455
Marseille,132060604,3022.255410936144,0.7761194029850746,0.6078906095490959
Marseille,132070101,3023.299301438861,0.9791044776119404,0.6377545536608199
Marseille,132070102,2292.1293929417925,0.9492537313432836,0.564431491740028
Marseille,132070201,1955.662082016468,0.9701492537313432,0.5749130670545607
Marseille,132070202,2454.397425712862,0.9552238805970148,0.43552369870750535
Marseille,132070203,1610.7351184156205,0.9223880597014924,0.6301994552519739
Marseille,132070401,1446.9008541637,0.6776119402985075,0.5585707618326435
Marseille,132070402,561.918406166188,0.5940298507462687,0.41683419963078416
Marseille,132070403,847.3384350670708,0.6238805970149254,0.6208473559263712
Marseille,132070501,5043.060740669568,0.9970149253731344,0.7026189953430553
Marseille,132070502,3374.445456906325,0.9940298507462688,0.67299021145114
Marseille,132070601,1417.907706366645,0.6985074626865672,0.7121490012424291
Marseille,132070602,1107.482089996338,0.6417910447761194,0.8666369148342958
Marseille,132070603,1081.423662397597,0.7104477611940299,0.7285390777053432
Marseille,132070604,1713.1152345869275,0.8238805970149253,0.6189092069162017
Marseille,132070701,2069.2599135504825,0.7522388059701492,0.6666514364303313
Marseille,132070702,1360.2943863338892,0.7164179104477612,0.6727228461093402
Marseille,132070703,1350.1152325073876,0.7074626865671642,0.7055607421178726
Marseille,132080101,2661.44161523713,0.8626865671641791,0.5390445574717778
Marseille,132080102,2321.7705931133696,0.8119402985074626,0.7746036158483746
Marseille,132080301,1569.1829833834845,0.5074626865671642,0.5468982511150676
Marseille,132080302,3135.25107694945,0.8656716417910447,0.5651991845397049
Marseille,132080401,1412.2766637802126,0.9731343283582088,0.8073571141765977
Marseille,132080402,1596.482905493842,0.9850746268656716,0.8367414938977826
Marseille,132080403,2320.7066546546093,0.9761194029850746,0.7828712286709137
Marseille,132080404,1866.822575251261,0.9671641791044776,0.671328931274411
Marseille,132080405,2439.1992592877814,1.0,0.7295676049312665
Marseille,132080406,3943.350716789563,0.991044776119403,0.6872492510364817
Marseille,132080501,3458.244193971157,0.9582089552238806,0.6985544543985472
Marseille,132080601,2751.52512121943,0.9373134328358208,0.46209025793248737
Marseille,132080602,2233.687998911159,0.9134328358208956,0.7101925098466771
Marseille,132080603,256.23411971253034,0.8835820895522388,0.7039290178096096
Marseille,132080604,827.5818438827991,0.7492537313432835,0.7519945572304443
Marseille,132080701,1861.6618638568448,0.7582089552238805,0.7942512719832063
Marseille,132080702,1784.0681069691975,0.7104477611940299,0.5794442458923795
Marseille,132080703,1952.201019393073,0.5552238805970149,0.6348247522184699
Marseille,132080704,2099.800664477878,0.6895522388059702,0.8001303453167263
Marseille,132080801,2979.920200453864,0.4208955223880597,0.7175125363323518
Marseille,132080802,2451.390143076579,0.5761194029850746,0.6782990417698447
Marseille,132080803,2747.202105840048,0.8298507462686567,0.6374269787600563
Marseille,132080804,1906.846378054884,0.7253731343283583,0.6469456390441999
Marseille,132080805,2892.033881081475,0.982089552238806,0.8696069679981869
Marseille,132080806,2920.487415419685,0.9880597014925372,0.6632615772619256
Marseille,132080901,2180.784764766693,0.9402985074626866,0.7132506753370023
Marseille,132080902,1941.1522405942285,0.8059701492537313,0.6784083204353306
Marseille,132080903,3220.05315498511,0.9044776119402984,0.5656765159864072
Marseille,132080904,1527.6887785726124,0.9611940298507464,0.7974732377395836
Marseille,132081001,2564.400313589308,0.8686567164179104,0.720764110616455
Marseille,132081002,2919.6562446736625,0.8865671641791045,0.633611836637243
Marseille,132081003,2111.5682853062945,0.8507462686567164,0.6593944391449055
Marseille,132090101,2798.0090142356025,0.7940298507462686,0.6780225325809741
Marseille,132090102,3918.872116310316,0.7611940298507462,0.6352287736792389
Marseille,132090201,2619.585166140408,0.9343283582089552,0.7466518608673919
Marseille,132090202,3368.015556075507,0.9104477611940298,0.6873480816068349
Marseille,132090203,2102.889748149448,0.8477611940298507,0.6692792924025374
Marseille,132090204,1998.5826235877144,0.755223880597015,0.7229554861693609
Marseille,132090401,2515.161787986756,0.9164179104477612,0.7161851329959678
Marseille,132090402,3169.1629368729064,0.6805970149253732,0.6813687105128637
Marseille,132090403,1695.909829245673,0.9194029850746268,0.6072984459310428
Marseille,132090404,2538.463378985723,0.7701492537313432,0.6885852644327956
Marseille,132090405,2364.1948017544214,0.7850746268656716,0.603078129336525
Marseille,132090406,2544.289998955197,0.835820895522388,0.7107949709965431
Marseille,132090407,964.2549083497788,0.244776119402985,0.6282159434675995
Marseille,132090408,1014.3279780811736,0.3283582089552239,0.6290156080698653
Marseille,132090501,2943.2865349087447,0.7850746268656716,0.6777581141266578
Marseille,132090601,3514.1551909968257,0.8298507462686567,0.8176985802740044
Marseille,132090701,2888.1582314603857,0.8,0.7232082545241169
Marseille,132090702,1717.433663511856,0.3134328358208955,0.6008400167963777
Marseille,132090703,618.2366815548545,0.5492537313432836,0.6845748471922125
Marseille,132090704,1623.1716358324566,0.8895522388059701,0.6611474302629315
Marseille,132090801,2192.0251997047003,0.444776119402985,0.5360544602433859
Marseille,132090802,749.8769184218513,0.3940298507462687,0.5808174273093409
Marseille,132090803,1801.4126050737168,0.435820895522388,0.5349098196435517
Marseille,132090804,1880.4652847713896,0.6746268656716418,0.40735483160513936
Marseille,132090805,2488.991073528925,0.2507462686567164,0.6377139370449136
Marseille,132090806,1512.1975592507256,0.5582089552238806,0.509925631778449
Marseille,132090807,2688.370370970832,0.7731343283582089,0.5150813740651068
Marseille,132090808,2408.837123976813,0.4059701492537313,0.7061163827742852
Marseille,132090809,4552.900594949722,0.8985074626865671,0.6311124002875774
Marseille,132100101,1876.5809735722012,0.2686567164179104,0.46675762230768086
Marseille,132100102,1401.2125088903638,0.4029850746268656,0.525188465283796
Marseille,132100103,1374.006081044674,0.3701492537313433,0.4810171957779097
Marseille,132100104,2163.917364511225,0.4119402985074626,0.4665097093529101
Marseille,132100201,2244.300406138102,0.5164179104477612,0.5635574619380092
Marseille,132100301,2259.4069614940217,0.591044776119403,0.5029812221056574
Marseille,132100302,2739.6670160028666,0.3462686567164179,0.520963089467956
Marseille,132100401,1470.4029548035728,0.4,0.5730346704878034
Marseille,132100402,3909.673943916957,0.6567164179104478,0.5816899882858858
Marseille,132100403,965.3236880567338,0.5492537313432836,0.6742555968058608
Marseille,132100404,1303.3228158950806,0.2149253731343283,0.4840019004448755
Marseille,132100405,2678.494015627437,0.4865671641791044,0.5701283133754564
Marseille,132100406,2496.498311784532,0.6388059701492538,0.482395117580814
Marseille,132100407,1298.0570416914093,0.6507462686567164,0.5105655696989733
Marseille,132100501,984.9062477747598,0.2,0.45305742508697927
Marseille,132100502,1837.464244471656,0.6447761194029851,0.646758899041942
Marseille,132100503,1565.5893847147624,0.4507462686567164,0.5931752248031742
Marseille,132100504,1610.715437465244,0.7343283582089553,0.5936242140074323
Marseille,132100505,1572.9848772328762,0.6925373134328359,0.6276864574526146
Marseille,132100506,3440.2306997511123,0.5074626865671642,0.5829553038869072
Marseille,132100601,2221.3347239494324,0.2835820895522388,0.5385146050268776
Marseille,132100602,2192.0162942674424,0.5791044776119403,0.4977193659534166
Marseille,132110101,3649.4754014401183,0.946268656716418,0.5608493700402624
Marseille,132110201,2989.5784706564414,0.6865671641791045,0.5992971467986747
Marseille,132110301,8098.763901009638,0.9313432835820896,0.6014643352454586
Marseille,132110401,2581.693985009152,0.9432835820895522,0.5420609298182403
Marseille,132110501,2850.211581827244,0.5880597014925373,0.6436535964229928
Marseille,132110601,470.9270234637791,0.1343283582089552,0.43596887435089055
Marseille,132110603,898.0977872212728,0.5611940298507463,0.4858857861437214
Marseille,132110604,1792.9992825190227,0.6059701492537314,0.5432691211778756
Marseille,132110605,1516.8011650509302,0.4567164179104477,0.45368279822380964
Marseille,132110606,1845.271931519111,0.3761194029850746,0.6665991652879387
Marseille,132110607,923.8797129491968,0.6656716417910448,0.6331363142914282
Marseille,132110608,678.3449086248875,0.4716417910447761,0.644230886596729
Marseille,132110609,739.1000913778942,0.5283582089552239,0.5971795221948744
Marseille,132110701,1637.6096347346902,0.6149253731343284,0.5606153482703344
Marseille,132110702,1097.5555497672822,0.3104477611940298,0.6309893423971787
Marseille,132110703,1407.420820025934,0.2776119402985074,0.5660710566169284
Marseille,132110704,3834.745483481636,0.6477611940298508,0.5737619909057498
Marseille,132110801,2751.024625261418,0.8895522388059701,0.5600373425617501
Marseille,132111001,1510.2845581902395,0.3522388059701492,0.5568981859981911
Marseille,132111002,1288.0048773786466,0.4656716417910447,0.543261749687038
Marseille,132111003,1599.3477907578151,0.5432835820895522,0.6047988642094617
Marseille,132111005,268.39620256755086,0.0865671641791044,0.4920717199295542
Marseille,132111101,4109.502092646435,0.8716417910447761,0.5140593661425614
Marseille,132120101,5468.925199603817,0.8208955223880597,0.7082882755390353
Marseille,132120102,1065.185048672888,0.3582089552238806,0.6353324712370952
Marseille,132120103,1788.8741792605983,0.4537313432835821,0.6642021781751891
Marseille,132120201,2452.394306765662,0.7373134328358208,0.6474464640697969
Marseille,132120202,3223.983606345124,0.808955223880597,0.6933654338505632
Marseille,132120301,2095.2692905796894,0.7910447761194029,0.6783163765317225
Marseille,132120302,1658.2719856368171,0.8417910447761194,0.6506761774015415
Marseille,132120303,2999.1402413778837,0.9074626865671642,0.644116384334125
Marseille,132120304,1810.1643335951703,0.373134328358209,0.6053015264478537
Marseille,132120305,2132.129803879394,0.826865671641791,0.6769287483611451
Marseille,132120401,2360.5540074242485,0.8537313432835821,0.6702753054026063
Marseille,132120402,1940.280883259244,0.8388059701492537,0.5959166473999613
Marseille,132120403,2027.629978285896,0.964179104477612,0.6691552683681374
Marseille,132120404,1828.0180839962431,0.4805970149253731,0.6501664538878716
Marseille,132120405,1140.8652782440186,0.6686567164179105,0.5403560296209882
Marseille,132120406,1605.1639228926765,0.9253731343283582,0.6196847677687795
Marseille,132120501,4391.174374712838,0.7044776119402985,0.6148329200338077
Marseille,132120601,1440.1957643296985,0.7820895522388059,0.6592917337875377
Marseille,132120602,3823.039230869721,0.8716417910447761,0.612338021282027
Marseille,132120603,2658.831074078878,0.8149253731343283,0.672839069959575
Marseille,132120604,2972.534885432985,0.8,0.7398122439243665
Marseille,132120701,5448.111121370147,0.8805970149253731,0.6703516668689835
Marseille,132120702,3724.922204477092,0.8776119402985074,0.5932247544370413
Marseille,132130102,4205.353938719258,0.7432835820895523,0.5982118318886183
Marseille,132130103,5303.323726089257,0.7791044776119403,0.6457485479688572
Marseille,132130201,3810.4260134607966,0.6835820895522388,0.6150654691717494
Marseille,132130202,2091.388077554603,0.3880597014925373,0.6098619569672892
Marseille,132130301,2170.846121311188,0.0567164179104477,0.4832736506477149
Marseille,132130302,2266.9841265148584,0.3134328358208955,0.50355376536295
Marseille,132130303,2923.2845966004666,0.2567164179104477,0.4535333335676147
Marseille,132130401,3296.067048200406,0.9522388059701492,0.5682711683085626
Marseille,132130501,2840.479361454491,0.8537313432835821,0.7281846979036155
Marseille,132130601,2769.799047629039,0.4328358208955223,0.5736183193675649
Marseille,132130602,3731.891373303202,0.4925373134328358,0.7095811079369493
Marseille,132130603,2373.4782279067567,0.3671641791044776,0.6364079828009094
Marseille,132130604,1753.521320766873,0.4477611940298507,0.6193392357812835
Marseille,132130605,4065.709032149364,0.7223880597014926,0.6292834615978354
Marseille,132130607,2114.295293966929,0.3970149253731343,0.6482865198450556
Marseille,132130701,3524.6331835360165,0.9014925373134328,0.591773963232207
Marseille,132130802,983.848624335395,0.1074626865671641,0.45520888115398744
Marseille,132130803,1645.3352799746726,0.1283582089552238,0.6027851469984279
Marseille,132130804,2056.059197872877,0.417910447761194,0.5652246696872628
Marseille,132130805,2391.747363885244,0.3253731343283582,0.6248412464549612
Marseille,132130806,1761.3066472725734,0.0328358208955223,0.4952647904260578
Marseille,132130901,842.7428255081178,0.035820895522388,0.5095929227433573
Marseille,132130902,3496.4419868787136,0.2059701492537313,0.6174614828050974
Marseille,132130903,2273.568626643883,0.6268656716417911,0.5906626173678456
Marseille,132130904,1948.8157672087352,0.6358208955223881,0.6313802310635582
Marseille,132131001,855.9077492550844,0.0298507462686567,0.5125253309055804
Marseille,132131002,1887.763708061642,0.6208955223880597,0.5880939980418172
Marseille,132131003,2199.6014110247293,0.5462686567164179,0.4893194870971458
Marseille,132131004,2224.525778876411,0.3074626865671642,0.43860563134846414
Marseille,132131005,1538.676823457082,0.5402985074626866,0.5769043870150568
Marseille,132131006,1188.1386263105603,0.0835820895522388,0.5603430467693282
Marseille,132131101,2506.218759377797,0.6119402985074627,0.7081645594833212
Marseille,132131102,991.415302011702,0.191044776119403,0.5953879569474039
Marseille,132131103,8327.018196456962,0.8597014925373134,0.6382114995705752
Marseille,132140101,2851.648976855808,0.0955223880597015,0.43253305415797855
Marseille,132140102,835.7031385633679,0.1194029850746268,0.39201505486984667
Marseille,132140201,2288.3081645965576,0.1850746268656716,0.41326170674773277
Marseille,132140202,1698.5129518508909,0.2238805970149253,0.4765781979166232
Marseille,132140203,1526.611206372579,0.0,0.5332739758131002
Marseille,132140204,1326.5137955347698,0.2805970149253731,0.40337845183986076
Marseille,132140205,3197.877085314856,0.2626865671641791,0.431595809083682
Marseille,132140301,3383.610484600067,0.1134328358208955,0.48344770350156385
Marseille,132140302,2584.7974592844644,0.026865671641791,0.5281839928188158
Marseille,132140303,1685.5396113395689,0.1701492537313433,0.47826845036511634
Marseille,132140401,2904.466333984087,0.817910447761194,0.5909837368002742
Marseille,132140402,4641.580022227123,0.5701492537313433,0.5637100346885622
Marseille,132140403,1035.1923677523932,0.2119402985074626,0.4995295477987908
Marseille,132140404,2707.016044966049,0.2298507462686567,0.507447624953465
Marseille,132140502,2873.2260390416614,0.3492537313432836,0.5002051120595926
Marseille,132140503,1914.1172235144509,0.0059701492537313,0.36601208578639394
Marseille,132140504,1442.6203620168897,0.0417910447761194,0.33413299419335474
Marseille,132140505,1447.5555154614976,0.0477611940298507,0.476826547826156
Marseille,132140506,1470.6755284203423,0.1402985074626865,0.48640346774808507
Marseille,132140507,2702.0379878150093,0.1761194029850746,0.5223710703651028
Marseille,132140601,2960.580776506,0.235820895522388,0.5505513705128631
Marseille,132140602,2692.2179438802928,0.217910447761194,0.41430935745626823
Marseille,132140701,6628.081439877201,0.5313432835820896,0.38374652268031345
Marseille,132150101,1167.4232669141556,0.0149253731343283,0.4185502951967851
Marseille,132150102,1091.2239583333333,0.1611940298507462,0.4009365222760451
Marseille,132150103,4237.500693942368,0.4149253731343283,0.47846120820135596
Marseille,132150202,3227.617806189486,0.5044776119402985,0.5366112785703613
Marseille,132150301,1486.843914111455,0.0746268656716417,0.37053685005995285
Marseille,132150302,1738.4118653403389,0.053731343283582,0.49736779109977153
Marseille,132150303,1753.885350863139,0.2029850746268656,0.4502589259797081
Marseille,132150401,2773.2186032334967,0.1373134328358209,0.4844187258363198
Marseille,132150402,3365.7029072443647,0.1940298507462686,0.3606924055965667
Marseille,132150501,1503.9041720761193,0.008955223880597,0.3925636674339648
Marseille,132150601,1975.941957818137,0.2925373134328358,0.4509977604289055
Marseille,132150602,1104.3925637669035,0.1104477611940298,0.34793512786382486
Marseille,132150603,1360.8175466060638,0.3343283582089552,0.42659423633039467
Marseille,132150701,2223.351963225713,0.0925373134328358,0.5006016602497042
Marseille,132150702,1612.607367595037,0.044776119402985,0.46839686426903754
Marseille,132150703,4948.57518794081,0.1940298507462686,0.6061694505259455
Marseille,132150705,3699.109848181407,0.2477611940298507,0.5732528093264587
Marseille,132150801,1104.448832988739,0.2597014925373134,0.5079387034728263
Marseille,132150802,4085.709919724406,0.382089552238806,0.5675307272361705
Marseille,132150803,3871.45419131385,0.226865671641791,0.54410583937737
Marseille,132150901,3407.448761343956,0.1641791044776119,0.5208167548205861
Marseille,132150902,3003.938455952539,0.0597014925373134,0.4677377263412412
Marseille,132150903,3850.656423727671,0.235820895522388,0.4555692479070019
Marseille,132151001,1201.625757164425,0.0716417910447761,0.46283647760461843
Marseille,132151002,1168.9924515792063,0.0208955223880597,0.4072038056622019
Marseille,132151003,5372.14598680329,0.6955223880597015,0.6086893370441655
Marseille,132151101,1629.488047361374,0.1014925373134328,0.41046606746832526
Marseille,132151102,4869.344613555405,0.3223880597014925,0.5198523268577463
Marseille,132160101,2105.8644106329884,0.5970149253731343,0.5829088886248283
Marseille,132160102,1059.425311976009,0.4985074626865671,0.6637322436856592
Marseille,132160103,758.2725246879788,0.4865671641791044,0.5321520748063818
Marseille,132160301,1581.3303421404628,0.2865671641791045,0.5835718759107893
Marseille,132160302,4076.483573554705,0.0895522388059701,0.41171834303197113
Marseille,132160401,1607.7700225777096,0.4238805970149253,0.4097490876871302
Marseille,132160403,2309.5296574897234,0.2626865671641791,0.49104461577351965
Lyon,693810101,4593.813356399536,0.7619047619047619,0.52153378286036
Lyon,693810201,3004.82426293691,0.6845238095238095,0.461600452730705
Lyon,693810202,2574.1132747862075,0.3333333333333333,0.5992551288540832
Lyon,693810301,4193.050413767498,0.2678571428571428,0.5029939625456301
Lyon,693810302,2208.5263436635337,0.3809523809523809,0.5263094290768499
Lyon,693810303,1924.154539744059,0.4226190476190476,0.5529559384587298
Lyon,693810304,1525.0631493462456,0.2202380952380952,0.5266700405587499
Lyon,693810401,4367.165784200032,0.6726190476190477,0.6726522060228042
Lyon,693810402,4278.189823822842,0.5535714285714286,0.5943679457868597
Lyon,693810501,1608.2944151560469,0.7321428571428571,0.49647202743457397
Lyon,693820101,3080.676705929968,0.8571428571428571,0.6098956189603096
Lyon,693820102,2201.491855157746,0.7202380952380952,0.5971600237192761
Lyon,693820202,1818.3501369688247,0.9702380952380952,0.4297118363996245
Lyon,693820204,2517.408257378472,0.9345238095238096,0.5916570374480982
Lyon,693820301,1973.0079236030576,0.9464285714285714,0.6214964789662282
Lyon,693820302,1689.9039344787598,0.8630952380952381,0.8787551304525519
Lyon,693820401,1501.33232222663,0.8928571428571429,0.7284338907687877
Lyon,693820402,1896.2409908622503,0.8273809523809523,0.7162415715233578
Lyon,693820502,4371.245654212104,0.5119047619047619,0.6966258426951838
Lyon,693820503,2541.2911801905266,0.2083333333333333,0.759168181742332
Lyon,693820504,2635.8866357679167,0.2261904761904762,0.393203127092489
Lyon,693830102,2448.389437701967,0.9523809523809524,0.523298624699765
Lyon,693830103,2128.075841267904,0.9047619047619048,0.7920682718915611
Lyon,693830104,4709.798075993856,0.8988095238095238,0.621427641612541
Lyon,693830105,3027.3153504067,0.8690476190476191,0.5195137333079969
Lyon,693830201,2211.015755123562,0.1130952380952381,0.46932215572475094
Lyon,693830202,1899.3750924004448,0.2797619047619047,0.5437037283184574
Lyon,693830203,2435.481870863173,0.7797619047619048,0.578913089938457
Lyon,693830204,2299.605525546604,0.5952380952380952,0.5453170369691888
Lyon,693830205,1951.2160737779404,0.4285714285714285,0.5700059673313213
Lyon,693830301,5761.546499146356,0.1785714285714285,0.7864116095836011
Lyon,693830302,6065.669239044189,0.5178571428571429,0.5633928761175381
Lyon,693830401,3062.328692118327,0.4047619047619047,0.512842377718258
Lyon,693830402,3336.436919318305,0.4107142857142857,0.48892434350288605
Lyon,693830404,2606.136050754123,0.5416666666666666,0.40895100414553526
Lyon,693830405,3438.305783377753,0.3452380952380952,0.4740386219957126
Lyon,693830501,2540.6362528800964,0.5595238095238095,0.493048891826767
Lyon,693830502,3404.86457294888,0.4642857142857143,0.4839024456151988
Lyon,693830601,2471.329527325101,0.2857142857142857,0.4953091046196103
Lyon,693830602,3698.4836869769633,0.1726190476190476,0.4796576446289743
Lyon,693830603,4256.457591586644,0.9226190476190476,0.5210529487155199
Lyon,693830604,2921.952953126696,0.8035714285714286,0.4580863073473264
Lyon,693830701,2776.282179726494,0.4583333333333333,0.4570833396415351
Lyon,693830702,4634.248100598653,0.4404761904761904,0.5056654333063301
Lyon,693830703,4944.396275202434,0.8511904761904762,0.5351415675689734
Lyon,693830801,5466.626657274034,0.625,0.5560793684790879
Lyon,693830802,3304.566292444865,0.4821428571428571,0.5669351814834256
Lyon,693830804,3656.3508761955623,0.5833333333333334,0.6642112683955707
Lyon,693830901,5095.267356024848,0.6309523809523809,0.5028854668359118
Lyon,693830902,5479.0411011113065,0.9404761904761904,0.5493177646077695
Lyon,693840101,1141.259614893028,0.8392857142857143,0.6051870365361318
Lyon,693840102,1963.3409444491067,0.6666666666666666,0.6081476360343374
Lyon,693840103,1706.6977110968696,0.7083333333333334,0.49942986551848645
Lyon,693840202,1538.453173743354,0.4880952380952381,0.5346455482889426
Lyon,693840203,1845.024553510878,0.6726190476190477,0.5757292315871413
Lyon,693840204,2749.5952644348145,0.5059523809523809,0.44834663179474915
Lyon,693840301,4216.065572208828,0.6964285714285714,0.5109389634255336
Lyon,693840302,1964.38735877143,0.6369047619047619,0.45910523565586336
Lyon,693840303,2213.455084058974,0.6071428571428571,0.5354410968290846
Lyon,693840401,3910.470185809664,0.7559523809523809,0.4826831109130901
Lyon,693840402,3038.6460781097408,0.3154761904761904,0.44882282576629856
Lyon,693840403,2442.093389723036,0.6904761904761905,0.5248030507756437
Lyon,693840501,3803.912943746895,0.7440476190476191,0.46426769587667766
Lyon,693840502,2385.0272886918647,0.875,0.6869928026342372
Lyon,693850101,1342.0639877253109,0.5297619047619048,0.4847346511328188
Lyon,693850102,1532.0236097673578,0.5476190476190477,0.40161255107661925
Lyon,693850103,998.4857902261946,0.494047619047619,0.5514690949053261
Lyon,693850104,2022.0493051229664,0.7857142857142857,0.6997826676457327
Lyon,693850202,2284.296880028314,0.4345238095238095,0.6927311206172921
Lyon,693850203,3186.240635421541,0.2559523809523809,0.6484957437674045
Lyon,693850204,3121.2406035529248,0.8452380952380952,0.6649981540551165
Lyon,693850301,1281.1328659860624,0.0892857142857142,0.4499561270732016
Lyon,693850302,3937.503105130461,0.1964285714285714,0.5964610972356745
Lyon,693850403,3784.3509701622856,0.6547619047619048,0.5725162958767694
Lyon,693850404,2051.1135062111757,0.3928571428571428,0.5565025528768245
Lyon,693850501,1612.6054839028252,0.4464285714285714,0.5204576948021437
Lyon,693850502,4592.849515067207,0.6011904761904762,0.5438726996139126
Lyon,693850503,2154.080534689956,0.238095238095238,0.700841866918155
Lyon,693850504,4519.153929233551,0.7023809523809523,0.6356298819592798
Lyon,693850601,2883.8701748318144,0.375,0.5226519047256399
Lyon,693850602,2606.423883305656,0.7380952380952381,0.528622185896846
Lyon,693850603,1254.5886721462011,0.7976190476190477,0.473340735290884
Lyon,693860103,3356.9723650150827,1.0,0.4537387745372807
Lyon,693860104,3239.2286813578885,0.9761904761904762,0.571077749764838
Lyon,693860201,2441.636119683584,0.988095238095238,0.4949630710982362
Lyon,693860202,3482.363025029501,0.9940476190476192,0.511177229457204
Lyon,693860301,2510.916188134088,0.9821428571428572,0.5131521856753699
Lyon,693860302,2868.687859005398,0.9166666666666666,0.6499620822698032
Lyon,693860303,2226.13924407959,0.8809523809523809,0.707414820786166
Lyon,693860304,2620.3030381732515,0.9107142857142856,0.5313819965225185
Lyon,693860401,1626.3207206560503,0.9285714285714286,0.5530303991565224
Lyon,693860402,1691.6946822272405,0.9583333333333334,0.5019477560244939
Lyon,693860403,2204.140355851915,0.9642857142857144,0.5944721609028245
Lyon,693860501,1769.028152041965,0.5238095238095238,0.5849917974030538
Lyon,693860502,2699.2016351487905,0.8333333333333334,0.6698603498805742
Lyon,693860503,3287.788417816162,0.7738095238095238,0.6747871227327817
Lyon,693860601,2812.3749607933887,0.7916666666666666,0.6723146041551314
Lyon,693860602,1219.3818787468804,0.8154761904761905,0.6395975223960594
Lyon,693860603,1938.2253413730195,0.5654761904761905,0.6554875539279249
Lyon,693860701,2535.149581061469,0.75,0.4676433813500922
Lyon,693860702,3952.0145510567554,0.4166666666666667,0.4693086612346477
Lyon,693870101,1171.9667877621118,0.3630952380952381,0.49962239907656786
Lyon,693870102,3047.7154244395592,0.6607142857142857,0.6226646095948971
Lyon,693870103,1939.7487180233,0.5357142857142857,0.5936164265842151
Lyon,693870201,2281.87461090088,0.1547619047619047,0.3970748322384969
Lyon,693870202,1981.3845848507349,0.4761904761904761,0.4915545991732826
Lyon,693870203,2943.756703694661,0.7142857142857143,0.5123173856612319
Lyon,693870301,2233.486626519097,0.8095238095238095,0.42214501554622236
Lyon,693870302,1241.3952632480195,0.6488095238095238,0.3981503820836422
Lyon,693870401,2296.80082236396,0.3988095238095238,0.5847074139381468
Lyon,693870402,3287.200774298773,0.3571428571428571,0.4554543911189084
Lyon,693870403,1925.739658355713,0.1845238095238095,0.6050000014558934
Lyon,693870501,2799.6022731992925,0.5,0.5400033074399009
Lyon,693870502,3366.408598687914,0.6130952380952381,0.5448161685221043
Lyon,693870503,3338.755429373847,0.369047619047619,0.5596825975400863
Lyon,693870601,6201.94976207945,0.3273809523809524,0.36956589580004173
Lyon,693870602,1637.6196642090156,0.3035714285714285,0.508530037887367
Lyon,693870603,1053.2582875357734,0.3035714285714285,0.4788941865710456
Lyon,693870701,7376.549748447206,0.3214285714285714,0.4628536821364442
Lyon,693870703,2789.7593247095747,0.0773809523809523,0.4715974915985101
Lyon,693870704,1418.9669307337865,0.2916666666666667,0.4733267980987829
Lyon,693870705,1375.2036009894484,0.4702380952380952,0.36348847099483916
Lyon,693870801,2297.4976860682173,0.1488095238095238,0.49901319811959816
Lyon,693870802,7634.061921196576,0.1309523809523809,0.40926855669288087
Lyon,693880101,3386.401027414533,0.7202380952380952,0.6062338076732421
Lyon,693880102,3261.841073989868,0.5892857142857143,0.5955407409026919
Lyon,693880104,2459.645354588826,0.5714285714285714,0.5584279993400463
Lyon,693880105,2668.01150364346,0.2619047619047619,0.41052871938687063
Lyon,693880202,3864.313029302492,0.6428571428571429,0.6244969120841808
Lyon,693880203,2586.4033571879067,0.8869047619047619,0.5944354429792157
Lyon,693880204,2203.887149704827,0.7678571428571429,0.5703229276634153
Lyon,693880301,2296.28665722741,0.4523809523809524,0.5490978590677077
Lyon,693880302,4784.297847323947,0.0714285714285714,0.6798714294186601
Lyon,693880303,3335.358086837663,0.1607142857142857,0.6711691084470058
Lyon,693880401,1253.2386156717937,0.0,0.49761622715183074
Lyon,693880402,1973.6237816280784,0.0297619047619047,0.5110437409659453
Lyon,693880403,3910.394518269433,0.25,0.5397883225136505
Lyon,693880404,2969.5454551908706,0.2142857142857142,0.5492839683576194
Lyon,693880501,2154.6768826113803,0.1904761904761904,0.5695399611432531
Lyon,693880502,1665.6419603559707,0.2738095238095238,0.5531847770768834
Lyon,693880503,2730.125202708774,0.3392857142857143,0.5168508928961586
Lyon,693880601,1828.9277924431692,0.0119047619047619,0.5003921364924773
Lyon,693880602,2091.0004133648345,0.0357142857142857,0.4038478140673049
Lyon,693880603,3538.8256096310083,0.0178571428571428,0.4190354485891168
Lyon,693880701,3456.446364614698,0.2976190476190476,0.5366449425795201
Lyon,693880702,5047.543892436557,0.0654761904761904,0.39879087313642636
Lyon,693880801,3233.837640444438,0.0416666666666666,0.4465221964128279
Lyon,693880802,2282.9326091342505,0.0476190476190476,0.43671797374186044
Lyon,693880901,3806.2437943882414,0.2023809523809523,0.5098163410688138
Lyon,693880902,1343.556825849745,0.119047619047619,0.5377097403369
Lyon,693880903,4645.3375844889215,0.0595238095238095,0.36797599161984484
Lyon,693890101,2787.3394569704933,0.0833333333333333,0.4563323472950612
Lyon,693890102,2567.4695770922635,0.8214285714285714,0.6438106748771092
Lyon,693890103,4745.8135034557845,0.5773809523809523,0.4257386503039936
Lyon,693890104,750.760015712844,0.125,0.36110979814207844
Lyon,693890201,3805.3067028025785,0.1428571428571428,0.3966339278781425
Lyon,693890203,2173.602447748184,0.1666666666666666,0.4535115038862083
Lyon,693890301,1857.889853018853,0.244047619047619,0.5450121608478714
Lyon,693890302,2919.672419786453,0.1071428571428571,0.5358794402572242
Lyon,693890303,1828.8303107950424,0.3511904761904761,0.500313157086925
Lyon,693890401,3205.149892018901,0.2321428571428571,0.5195162960232632
Lyon,693890402,2577.8129046079184,0.6190476190476191,0.6511324728631965
Lyon,693890403,3013.2891228397684,0.1369047619047619,0.5268354237561483
Lyon,693890501,1801.0094978594118,0.0952380952380952,0.5409586837430747
Lyon,693890502,4213.357299352685,0.3809523809523809,0.5428466369577651
Lyon,693890604,2524.0336159865064,0.0059523809523809,0.5871276917097349
Lyon,693890605,1130.8202970557743,0.0238095238095238,0.5792786984733996
Lyon,693890606,1939.013761255476,0.0535714285714285,0.5892290554013658
Lyon,693890607,866.8598961167864,0.1011904761904761,0.5214592237775156
Paris,751010201,1258.753070195516,0.4695051783659378,0.4354076926641951
Paris,751010202,818.8151501549617,0.7779056386651323,0.44668914370037777
Paris,751010203,1486.5819185045034,0.6340621403912543,0.48306442785550796
Paris,751010204,821.1442182328965,0.4879171461449942,0.504528860753619
Paris,751010301,2481.378968662686,0.7733026467203682,0.4634633821602569
Paris,751010401,1326.4636335902744,0.9205983889528192,0.47494932665715034
Paris,751010402,1888.022098011441,0.766398158803222,0.5763640218106897
Paris,751020601,2750.63025686476,0.7525891829689298,0.4896685381813736
Paris,751020602,3489.1338534884985,0.7307249712313003,0.4694310603404666
Paris,751020701,1521.9639400906035,0.6800920598388953,0.443641023080513
Paris,751020702,2795.4742228190107,0.6835443037974683,0.48674132082156607
Paris,751020703,2423.496687571208,0.6064441887226697,0.4735700814161702
Paris,751020801,2316.438500722249,0.3993095512082854,0.45356074133863766
Paris,751020802,985.134764565362,0.7226697353279632,0.5124024338789527
Paris,751020803,1182.264500088162,0.5385500575373993,0.5274907753370476
Paris,751020804,2227.0406930711533,0.4649021864211737,0.5121488152650346
Paris,751020805,1371.4655066596135,0.4223245109321059,0.48340010510595705
Paris,751030901,1502.2696372138128,0.5155350978135789,0.4529406532595259
Paris,751030902,1401.7327923244902,0.5362485615650172,0.41104373709894265
Paris,751030903,2506.5164858500166,0.6029919447640967,0.43846979563374083
Paris,751030904,1276.0817231072322,0.3590333716915995,0.40626282354857446
Paris,751030905,3305.6270374721958,0.6398158803222095,0.4710857018084527
Paris,751031001,1730.9708260430227,0.5638665132336018,0.45725574646790584
Paris,751031002,1956.6814210679795,0.7491369390103567,0.4657348350556769
Paris,751031003,2355.5498788621694,0.7456846950517837,0.5193396759406236
Paris,751031004,2398.313120100234,0.7318757192174914,0.43284122216529947
Paris,751031101,2422.750377231174,0.7445339470655926,0.5256992718718497
Paris,751031102,2127.532321506076,0.8492520138089759,0.5036281237668425
Paris,751031103,3717.6751035054526,0.7399309551208285,0.6004858692979251
Paris,751031104,4438.262076483834,0.7859608745684695,0.5933825604359239
Paris,751031201,1908.5344704522024,0.5615650172612198,0.4360096545444263
Paris,751031202,1805.931512620714,0.5604142692750288,0.4451384071114397
Paris,751031203,1530.9318364461262,0.4810126582278481,0.4296767054481733
Paris,751031204,2055.4052094353574,0.4510932105868814,0.462210419090268
Paris,751041301,1272.4088495042588,0.6467203682393556,0.6168110132167487
Paris,751041302,2062.792775472005,0.6248561565017261,0.5875162122601834
Paris,751041303,1249.189606136746,0.5086306098964327,0.4939333795434487
Paris,751041401,2839.656997892592,0.2566168009205984,0.47957543359618293
Paris,751041402,1724.5307884216309,0.5120828538550057,0.6183242142817841
Paris,751041403,1373.7411007351343,0.5845799769850403,0.642770307931571
Paris,751041404,955.2292065090604,0.5316455696202531,0.6202851288807113
Paris,751041501,2825.090695963966,0.4211737629459148,0.6024488933707025
Paris,751041502,950.5012559493382,0.713463751438435,0.6315883582418985
Paris,751041503,1075.145847744412,0.8204833141542003,0.5859823302943097
Paris,751041504,2269.9365679423017,0.7249712313003452,0.5405556923802961
Paris,751041601,1403.342755966716,0.8170310701956272,0.39942673090737296
Paris,751051701,1775.7404431237114,0.6444188722669736,0.5371292346523701
Paris,751051702,1351.3227848476834,0.7364787111622555,0.5003593360255146
Paris,751051703,3277.353451199001,0.5500575373993095,0.5772443646858042
Paris,751051704,2188.1262719896104,0.7330264672036824,0.5732463058600115
Paris,751051705,1588.9445379045274,0.7548906789413119,0.6094974667930864
Paris,751051801,1476.222574869792,0.7514384349827388,0.5827211919251628
Paris,751051802,2790.486071268717,0.6156501726121979,0.6523608028922424
Paris,751051803,2098.04795159234,0.6006904487917146,0.5576405169313763
Paris,751051804,2049.566679212782,0.3728423475258918,0.5174532600815186
Paris,751051805,3211.936161465115,0.4637514384349827,0.578617235277822
Paris,751051806,1113.2193688286677,0.4591484464902186,0.5251975644505184
Paris,751051807,1580.2861624823674,0.5086306098964327,0.5925800686890396
Paris,751051808,1520.0194413926863,0.761795166858458,0.6393496263629777
Paris,751051901,2412.1557657453745,0.715765247410817,0.5600210895465273
Paris,751051902,2072.71165699429,0.7698504027617952,0.5887638957591438
Paris,751051903,1781.594480302599,0.7825086306098964,0.616550150905548
Paris,751051904,2268.064012315538,0.8929804372842347,0.559216553105301
Paris,751051905,1768.5602951049805,0.9516685845799768,0.5671634869428692
Paris,751051906,3390.2464934455024,0.7652474108170311,0.6203058810863153
Paris,751051907,3604.729769388835,0.6950517836593786,0.5790457612528206
Paris,751051908,2887.524545457628,0.6823935558112774,0.5448282541398923
Paris,751052001,3796.685554504395,0.5408515535097813,0.57605075445675
Paris,751052002,2037.1841519673667,0.8469505178365938,0.5791175913694506
Paris,751052003,2492.432727389865,0.4913693901035673,0.5220090540732549
Paris,751052004,3169.61180665758,0.6754890678941312,0.5451046651865291
Paris,751062101,2137.596909417046,0.8527042577675489,0.5226350713818602
Paris,751062102,1581.8894297281904,0.6087456846950517,0.5706514519260576
Paris,751062103,1275.4733412000865,0.6869965477560415,0.5340408598994076
Paris,751062201,2947.343333714538,0.945914844649022,0.5017041050632165
Paris,751062202,2067.779133690728,0.9021864211737628,0.6501490833650982
Paris,751062203,2073.673831939697,0.7675489067894131,0.5754013244530455
Paris,751062204,2267.898151397705,0.8273878020713463,0.5441397363278966
Paris,751062301,1414.939248402913,0.9344073647871116,0.7365017563091905
Paris,751062302,1068.752156999376,0.9493670886075948,0.5594245364928493
Paris,751062303,1890.254247453477,0.8826237054085155,0.5368868474358842
Paris,751062304,854.6907352871365,0.9585730724971232,0.6407424477540942
Paris,751062305,3147.092929840088,0.905638665132336,0.5166497559032617
Paris,751062306,1809.7307222154404,0.8826237054085155,0.5350698751608588
Paris,751062307,1278.3171526590984,0.8711162255466053,0.6484939937863685
Paris,751062308,2537.010886722141,0.8319907940161104,0.6040342775247093
Paris,751062309,1794.471243434482,0.7088607594936709,0.5465524460387076
Paris,751062310,1946.8194486829968,0.8722669735327964,0.5759321815641334
Paris,751062311,1948.734794192844,0.9378596087456847,0.5302996274985323
Paris,751062401,1813.4817907545305,0.807825086306099,0.5305757941961561
Paris,751062402,3555.973566055298,0.8032220943613348,0.5396857204544262
Paris,751072501,2423.537141587999,0.9850402761795168,0.6607510657653795
Paris,751072502,1506.1268933614094,0.9689298043728424,0.5512931214124089
Paris,751072503,2496.43712064955,0.9263521288837744,0.5380782891436886
Paris,751072504,2391.910352071126,0.9182968929804372,0.544850708443588
Paris,751072505,1896.9079546398584,0.8872266973532796,0.5665650973494031
Paris,751072506,3584.366931332482,0.9171461449942464,0.5785888101588881
Paris,751072601,2479.173341115316,0.9390103567318756,0.534530318091624
Paris,751072602,2555.8408133188886,0.95512082853855,0.35884473877723916
Paris,751072604,2555.9363271925185,0.9769850402761796,0.4982095012190787
Paris,751072701,2074.739035712348,0.8803222094361335,0.6593321890864572
Paris,751072702,2609.4543791876904,0.8860759493670886,0.4927999055913483
Paris,751072703,1163.7002177768286,0.9942462600690448,0.4717409661532154
Paris,751072704,1802.4052806430395,0.9493670886075948,0.5716576273849376
Paris,751072705,1640.4975325796336,0.996547756041427,0.5822242735335975
Paris,751072706,2080.4083502027725,0.8262370540851554,0.5534401196590226
Paris,751072801,1169.1980442470976,0.8688147295742232,0.5643908096985701
Paris,751072802,855.4431025187173,0.8791714614499425,0.482546736264842
Paris,751072803,866.5115449693469,0.6329113924050633,0.5348095635299618
Paris,751072804,1665.6123455895315,0.7974683544303798,0.7102427544560652
Paris,751072805,1054.5064851972793,0.7042577675489068,0.5722652878895081
Paris,751072806,1634.289828459422,1.0,0.5381407682861169
Paris,751072807,1736.538223266601,0.998849252013809,0.4647622639066027
Paris,751072808,1203.927741580539,0.9815880322209436,0.6188136209594962
Paris,751072809,1902.9751792483864,0.9102416570771,0.6027021153542916
Paris,751072810,1774.480595694648,0.812428078250863,0.5945990629903556
Paris,751072811,1737.4005177815757,0.9919447640966628,0.6491400869236741
Paris,751083001,3454.049352645874,0.9367088607594936,0.6904337343576556
Paris,751083002,2769.58590443929,0.9321058688147296,0.5678644138858899
Paris,751083004,1894.4366109636096,0.7917146144994246,0.5734505690256168
Paris,751083005,2321.953501383463,0.5132336018411968,0.64364748294712
Paris,751083105,1879.2151391771104,0.9228998849252014,0.5194147297766823
Paris,751083106,1687.5264314015706,0.904487917146145,0.5687380373189029
Paris,751083201,1388.848136054145,0.8941311852704258,0.6221166159315901
Paris,751083202,1407.1403013865151,0.9792865362485615,0.6095943090621617
Paris,751083203,2028.6989350318904,0.9873417721518988,0.5923599985042104
Paris,751083204,1439.3710759480791,0.9884925201380896,0.4640594116588171
Paris,751083205,1105.040517595079,0.9758342922899884,0.49503539795290824
Paris,751083206,923.4652995003594,0.8676639815880323,0.6029374563193582
Paris,751083207,552.4670100741916,0.9424626006904488,0.6994733600082582
Paris,751083209,1563.2607714335124,0.9102416570771,0.6142459277800555
Paris,751083210,1039.3231684366865,0.9735327963176064,0.6473822513929276
Paris,751093301,982.4240832858618,0.8181818181818182,0.5575719359831972
Paris,751093302,1347.7421798706057,0.8918296892980437,0.5286369548633996
Paris,751093303,1851.9671948750813,0.7905638665132336,0.5681708447610294
Paris,751093304,2031.6046899159749,0.9240506329113924,0.541188224342369
Paris,751093305,1464.6439933776855,0.8952819332566168,0.5140802540861522
Paris,751093306,1782.5919464959038,0.7963176064441887,0.6209635650882507
Paris,751093307,2143.0124655829536,0.8009205983889528,0.5745168089072895
Paris,751093308,1488.420713212755,0.478711162255466,0.5232092858821192
Paris,751093309,1201.972868177626,0.5535097813578826,0.5525758384009657
Paris,751093310,1409.131534576416,0.857307249712313,0.515483863224157
Paris,751093403,3792.57522116767,0.8158803222094362,0.563636681211597
Paris,751093407,1549.1660414801706,0.7422324510932106,0.5540024044031613
Paris,751093501,2767.664143456353,0.4430379746835443,0.5487068501360461
Paris,751093502,2235.6339615715874,0.6708860759493671,0.5160828209987784
Paris,751093503,2983.81142255995,0.7583429228998849,0.5338530414307032
Paris,751093504,2776.7190517849394,0.7928653624856157,0.5639912212289208
Paris,751093601,1523.356429629856,0.667433831990794,0.5316749294093512
Paris,751093602,1678.4700368245449,0.6455696202531646,0.4939381268343594
Paris,751093603,752.1611790127226,0.4948216340621404,0.603637855776589
Paris,751093604,933.4394942389596,0.7376294591484465,0.69240632890872
Paris,751093605,1202.186417473687,0.7180667433831991,0.6327542281125655
Paris,751093606,1259.2350692749023,0.7468354430379747,0.6034432856322907
Paris,751093607,1204.887476179335,0.569620253164557,0.5474969019393059
Paris,751093608,1259.3122588263618,0.7986191024165707,0.5499961026823512
Paris,751093609,1441.3433414035374,0.6927502876869965,0.5088384953903573
Paris,751093610,881.5554703606499,0.5995397008055235,0.5317019144861481
Paris,751103701,1523.8963690863716,0.4626006904487917,0.3077351511650514
Paris,751103702,2114.5285708109545,0.3072497123130034,0.38079604400724937
Paris,751103703,2560.893991046481,0.3774453394706559,0.4053041271791183
Paris,751103704,3568.4901652865938,0.7100115074798619,0.410869766563019
Paris,751103705,2550.243468814426,0.7721518987341772,0.43328386968892796
Paris,751103706,2058.637948354085,0.5443037974683544,0.4718939852036182
Paris,751103707,2867.0519928402373,0.3118527042577675,0.5596850623423119
Paris,751103708,870.3741472032335,0.380897583429229,0.3867365769184923
Paris,751103709,3175.1241577996147,0.2796317606444188,0.3767418125767919
Paris,751103801,1817.8983090718596,0.379746835443038,0.41509602135196094
Paris,751103802,1896.708320617676,0.1760644418872267,0.44672601165288217
Paris,751103803,3480.667971293132,0.5811277330264673,0.5322524141495601
Paris,751103804,3668.338450113932,0.4890678941311853,0.5698260910619942
Paris,751103805,3435.813579983181,0.4073647871116225,0.5241820106052459
Paris,751103806,4865.360357920328,0.6121979286536249,0.4388012900459609
Paris,751103901,1388.7027867635093,0.3751438434982739,0.45770698385001
Paris,751103902,2340.058926900228,0.6985040276179517,0.40829481844703086
Paris,751103903,1709.0314021640354,0.5972382048331415,0.4256770683383253
Paris,751103904,3031.748241424561,0.5558112773302647,0.4143151221342052
Paris,751103905,1882.856409708659,0.4695051783659378,0.474709767933068
Paris,751103906,2199.6555141872827,0.42692750287687,0.4278504844159694
Paris,751103907,1615.4755367702903,0.3555811277330264,0.4101416874015466
Paris,751103908,1959.478370242649,0.3670886075949367,0.48471525449126385
Paris,751103909,1497.378331926134,0.3486766398158803,0.4050813064853267
Paris,751103910,3375.755584716797,0.5178365937859609,0.4348531026342099
Paris,751104001,2281.3497738308374,0.1369390103567318,0.38986814960346783
Paris,751104002,1956.6026505364312,0.14614499424626,0.31965169468831983
Paris,751104003,1514.9012287987605,0.288837744533947,0.49744246793999203
Paris,751104004,1129.5825407240125,0.1818181818181818,0.5125344136688195
Paris,751104005,527.4963179694282,0.1047180667433832,0.3462139324901429
Paris,751104006,2332.496523539225,0.2646720368239356,0.31316143773221855
Paris,751104007,3561.458452436659,0.2082853855005753,0.44669807715022314
Paris,751104008,3634.303350024754,0.2543153049482163,0.46100023241634414
Paris,751104009,2310.902558220758,0.4016110471806674,0.3960918712840077
Paris,751104010,1991.019252353244,0.2025316455696202,0.274740113142269
Paris,751104011,2280.146205054389,0.1795166858457997,0.29434525232092557
Paris,751114101,2308.4889636569555,0.238204833141542,0.37450186133463037
Paris,751114102,1831.5150112575952,0.2370540851553509,0.404921086805717
Paris,751114103,1804.116282992893,0.33716915995397,0.38861251737645414
Paris,751114104,2122.330015394423,0.57307249712313,0.449945112727202
Paris,751114105,1944.7548175387917,0.6559263521288837,0.43525548322530716
Paris,751114106,2500.80106692844,0.616800920598389,0.44213774146410273
Paris,751114107,3901.573894076877,0.6018411967779056,0.4690843559564317
Paris,751114108,2444.8450631035694,0.4395857307249712,0.4411582932049019
Paris,751114109,2286.4071392483183,0.2071346375143843,0.5232535944823327
Paris,751114110,1194.7424223158096,0.1150747986191024,0.45919559019695677
Paris,751114111,964.7185406155056,0.0828538550057537,0.6050306103520915
Paris,751114112,1406.1284239027236,0.001150747986191,0.4485674357688928
Paris,751114113,1406.1929863823784,0.2934407364787111,0.5095992330997532
Paris,751114114,1987.9690636528865,0.4165707710011507,0.40409092279786263
Paris,751114115,1438.843239678277,0.5880322209436134,0.4150450573582397
Paris,751114201,2832.184602525499,0.239355581127733,0.32291591178474693
Paris,751114202,2361.795683119032,0.4004602991944764,0.4848852368644057
Paris,751114203,3425.306485493978,0.5914844649021864,0.4009069585554091
Paris,751114204,2168.975356207954,0.3291139240506329,0.4359009000864786
Paris,751114205,1931.980195787218,0.5822784810126582,0.40148509802275983
Paris,751114206,4573.857896592883,0.5638665132336018,0.4045314391356413
Paris,751114207,3445.216672261556,0.7042577675489068,0.3421527995262906
Paris,751114208,2982.076568603516,0.7882623705408516,0.3566425427012253
Paris,751114209,3516.9001388549805,0.4810126582278481,0.4435547557071319
Paris,751114210,2571.919112311469,0.4131185270425777,0.47058695489725305
Paris,751114211,1991.7430606418188,0.4833141542002301,0.33039251054751084
Paris,751114212,3121.33612230089,0.714614499424626,0.34883194195539924
Paris,751114213,2824.4819878472217,0.5983889528193326,0.42358141009657824
Paris,751114214,2119.895223829481,0.3417721518987341,0.3850588585848634
Paris,751114301,1349.5380342271592,0.1956271576524741,0.4492207665183969
Paris,751114302,4390.865183512369,0.4441887226697353,0.4236393076206343
Paris,751114303,1904.3995954725476,0.1012658227848101,0.43729823683567864
Paris,751114304,1686.0857162475584,0.336018411967779,0.5913933934427547
Paris,751114305,3251.378301408556,0.2635212888377445,0.46852773921222424
Paris,751114306,2533.467944251166,0.3026467203682393,0.44438967969027776
Paris,751114307,2114.2080391777886,0.3567318757192175,0.4104579915083908
Paris,751114308,1586.2137010362414,0.3026467203682393,0.41151900915592227
Paris,751114309,2662.4455685085723,0.385500575373993,0.360413398790143
Paris,751114310,3047.9324595133467,0.6777905638665133,0.4854831734573193
Paris,751114311,2882.983818054199,0.4361334867663982,0.42628904487540115
Paris,751114312,3261.140416463216,0.6582278481012658,0.43267806365785016
Paris,751114313,2699.2174682617188,0.6789413118527042,0.37609008641891667
Paris,751114314,3355.24658203125,0.4994246260069045,0.43074060066487907
Paris,751114315,3633.3736097547744,0.3889528193325661,0.3791390989508319
Paris,751114316,2057.959648132324,0.3762945914844649,0.3984378561591843
Paris,751114317,2637.940482245552,0.5063291139240507,0.4119198705612219
Paris,751114318,1415.9002397325305,0.4556962025316455,0.42629245491678347
Paris,751114319,2867.96338060167,0.2289988492520138,0.4329526288611628
Paris,751114320,2590.123077392578,0.2819332566168009,0.5429401947841521
Paris,751114321,1972.3660731845428,0.3452243958573072,0.4480538919543192
Paris,751114401,2136.913296169705,0.669735327963176,0.4548816844812099
Paris,751114402,2070.1246634589297,0.5592635212888377,0.5101753521017807
Paris,751114403,2080.2081871032715,0.4660529344073648,0.47579260237978466
Paris,751114404,2441.9450827704545,0.6133486766398158,0.5258652886765192
Paris,751114405,2841.846311781141,0.3693901035673188,0.4016847657868919
Paris,751114406,3239.6788219875766,0.5109321058688148,0.4839290757035762
Paris,751114407,2349.104166242812,0.525891829689298,0.4474324075992431
Paris,751114408,4284.127637227376,0.57307249712313,0.47187047236067464
Paris,751114409,3896.7916056315103,0.4119677790563866,0.5044336269247909
Paris,751114410,3921.2060716417095,0.4384349827387802,0.49901051314709405
Paris,751114411,4247.79886288113,0.3659378596087457,0.5075483915306859
Paris,751114412,2244.8565173678926,0.4522439585730725,0.5014037884985455
Paris,751114413,2934.6045142279727,0.6766398158803222,0.45473994112268495
Paris,751124501,4631.669719047017,0.1530494821634062,0.4242979443734013
Paris,751124502,2530.31850475735,0.5627157652474108,0.614463086405015
Paris,751124503,1460.619448343913,0.4326812428078251,0.5072315865190038
Paris,751124504,1613.3012864854604,0.5489067894131185,0.5314965764637231
Paris,751124505,1779.5784988403318,0.5891829689298044,0.5142533076959293
Paris,751124506,1430.9384028116865,0.6547756041426928,0.4633359098970132
Paris,751124507,1865.062259674072,0.4223245109321059,0.513717863470707
Paris,751124508,1968.3850699530703,0.5937859608745685,0.45163357330279374
Paris,751124509,2679.779109954834,0.380897583429229,0.6883980534066299
Paris,751124510,2586.67628955841,0.1081703107019562,0.5191559020144787
Paris,751124511,1735.3631784651016,0.0747986191024165,0.46829667595590896
Paris,751124512,2438.3980503082275,0.4315304948216341,0.5535559415373756
Paris,751124513,1873.9905984666611,0.5765247410817032,0.558151208786025
Paris,751124514,1307.4913118150498,0.7192174913693901,0.5328203245556477
Paris,751124601,1850.534376780192,0.3578826237054085,0.5841432607979913
Paris,751124602,1338.315049489339,0.4407364787111623,0.5252033113972121
Paris,751124603,1003.7732548183864,0.622554660529344,0.546628015833261
Paris,751124604,1292.9939346313477,0.1714614499424626,0.5753642237771045
Paris,751124605,1367.3623691134983,0.3532796317606444,0.4995606576530206
Paris,751124606,1495.4942847357854,0.2313003452243958,0.5863592328067304
Paris,751124608,1451.895391676161,0.5788262370540852,0.548115254116846
Paris,751124609,2036.0860193040637,0.1058688147295742,0.5505629746629678
Paris,751124610,1225.6494102478027,0.6375143843498274,0.5605566201633276
Paris,751124611,1191.0478515624998,0.6306098964326813,0.5552481303330138
Paris,751124612,1838.002235836453,0.5385500575373993,0.5384542973096522
Paris,751124613,4408.778487735324,0.3440736478711162,0.5597791422528482
Paris,751124614,2156.094513787163,0.6835443037974683,0.681147901706628
Paris,751124615,3340.155623541938,0.4798619102416571,0.7079072309641955
Paris,751124616,3777.791940053304,0.6041426927502876,0.590719553179242
Paris,751124617,1896.5817328559024,0.5868814729574223,0.5387034107550561
Paris,751124618,1632.0888442993166,0.6409666283084005,0.5929532670332943
Paris,751124619,3187.4722345140253,0.3141542002301496,0.5598813910898162
Paris,751124620,1448.04979578654,0.430379746835443,0.7479107339416773
Paris,751124621,2742.3662139044864,0.5270425776754891,0.5543025064284912
Paris,751124622,1332.0639597574868,0.1104718066743383,0.5458063316842054
Paris,751124623,1749.091722700331,0.7410817031070196,0.5529385668904925
Paris,751124624,1143.075003306071,0.7997698504027618,0.5149173638110114
Paris,751124701,565.8785921202766,0.3601841196777905,0.506541692486547
Paris,751124702,2236.5988832049898,0.3302646720368239,0.5535084073996368
Paris,751124703,4575.3587948481245,0.2715765247410817,0.4420789906569709
Paris,751124704,943.6549542744956,0.3981588032220943,0.5601779885064556
Paris,751124705,5245.847071117825,0.2347525891829689,0.5013091918177097
Paris,751124801,1790.1317405700688,0.3026467203682393,0.48920842628821504
Paris,751124802,1730.800274742974,0.2750287686996547,0.5101699072022394
Paris,751124803,2289.5058865017363,0.8457997698504027,0.4912774015632051
Paris,751124804,2534.3274781968857,0.7698504027617952,0.5934087611434793
Paris,751124805,2286.0539491441514,0.5523590333716916,0.5842134723585064
Paris,751124806,1476.4507937961157,0.6858457997698504,0.49866736311341336
Paris,751124807,2860.239328172472,0.5005753739930955,0.5749426296756371
Paris,751124808,1641.5158195495603,0.7560414269275029,0.5304186398657448
Paris,751124809,1588.7380023532446,0.5063291139240507,0.4697418367361297
Paris,751124810,2194.6044731140137,0.5661680092059839,0.45812944655225524
Paris,751124812,3520.7503949271304,0.049482163406214,0.5098886867992931
Paris,751134901,1892.2882918251885,0.2197928653624856,0.5923670845946263
Paris,751134902,1028.9746369785732,0.2140391254315305,0.6250497760544345
Paris,751134903,2702.355196634928,0.4361334867663982,0.4445342618331297
Paris,751134904,1566.7755810419712,0.1231300345224395,0.5469090245926136
Paris,751134905,3300.8006663852266,0.570771001150748,0.5682200183603383
Paris,751134906,2006.7360644870328,0.6386651323360184,0.47949748092655986
Paris,751134907,1772.4786270989312,0.4545454545454545,0.6221651874954262
Paris,751135001,2007.936328676012,0.0840046029919447,0.4725688712973408
Paris,751135002,4694.6082833608,0.0333716915995397,0.5080353358381389
Paris,751135003,2309.085493299696,0.1081703107019562,0.5293251097944839
Paris,751135004,166.62528461880146,0.0345224395857307,0.4592240017432477
Paris,751135005,1801.461769104004,0.1852704257767549,0.35869148061432576
Paris,751135006,1623.8131968180337,0.2612197928653625,0.46312474166042
Paris,751135007,1675.670354631212,0.1772151898734177,0.44793669904687095
Paris,751135008,1629.12067328559,0.1403912543153049,0.5319695601754393
Paris,751135009,2036.9287957085503,0.19102416570771,0.45294609672259495
Paris,751135010,1853.8838577270508,0.3164556962025316,0.39872119449212695
Paris,751135011,2405.9556054009336,0.3003452243958573,0.3990266779093112
Paris,751135012,2270.6978581746416,0.2359033371691599,0.4198181728514353
Paris,751135013,1416.928142123752,0.0310701956271576,0.4709271081660669
Paris,751135014,3565.6868964301216,0.4729574223245109,0.35860571133052105
Paris,751135015,5214.005764007568,0.194476409666283,0.5460678082893545
Paris,751135016,4867.105850431654,0.1334867663981588,0.39854572446803604
Paris,751135018,2667.345052931044,0.333716915995397,0.5169914997438769
Paris,751135019,3104.267706976996,0.3014959723820483,0.48390354934122787
Paris,751135020,3009.561183505588,0.3095512082853855,0.5132670510633816
Paris,751135021,2218.9464984469946,0.3394706559263521,0.43844053026237145
Paris,751135023,1734.898534138998,0.3072497123130034,0.48925695995934404
Paris,751135024,2266.4189953274195,0.3924050632911392,0.4020054364745157
Paris,751135025,2254.553686353895,0.2600690448791715,0.4097411009093275
Paris,751135026,1594.0994288126628,0.1001150747986191,0.4252510851279754
Paris,751135027,2790.8824534946016,0.0609896432681242,0.4555978474844768
Paris,751135028,3673.544067382812,0.2531645569620253,0.45041628022735325
Paris,751135029,3771.391987694634,0.2048331415420023,0.4321327837144199
Paris,751135030,1256.7821545071072,0.1657077100115074,0.4095667950541169
Paris,751135031,1779.0981385972764,0.1392405063291139,0.45758436524007223
Paris,751135101,4687.478265338474,0.0805523590333717,0.5061228623096646
Paris,751135102,1421.303510453966,0.1518987341772152,0.38833739115986676
Paris,751135103,1767.163087632921,0.1967779056386651,0.3677298999640027
Paris,751135104,1926.228923373752,0.189873417721519,0.3482141018730003
Paris,751135105,2158.9148686726885,0.476409666283084,0.5510348417139449
Paris,751135106,2594.959250662061,0.2301495972382048,0.48976308488008385
Paris,751135107,1751.8709432813855,0.2174913693901035,0.4086427532371804
Paris,751135108,6787.346359676785,0.051783659378596,0.43209177137669574
Paris,751135109,2268.115533192952,0.1127733026467203,0.4953801251058535
Paris,751135110,3383.3056439293755,0.2474108170310702,0.6473513641231695
Paris,751135111,2048.1965052286787,0.1611047180667434,0.5591051394365852
Paris,751135112,2497.429542541504,0.5281933256616801,0.47464939923327404
Paris,751135113,1488.8928167555068,0.4568469505178366,0.4668471900711634
Paris,751135114,2437.4896685282392,0.3636363636363636,0.5414091161712913
Paris,751135115,1406.532710605197,0.5765247410817032,0.5344465140439808
Paris,751135116,2084.2378438313804,0.5512082853855006,0.5714713301995772
Paris,751135117,1055.6093487209744,0.2899884925201381,0.5144820956466752
Paris,751135118,1727.3114013671873,0.4936708860759494,0.6992711021202077
Paris,751135119,1215.7518641153963,0.096662830840046,0.46862723720050287
Paris,751135120,1641.030791812473,0.523590333716916,0.5093042957364102
Paris,751135121,1092.2604440053306,0.5155350978135789,0.4844409100937836
Paris,751135122,2780.4419962565107,0.6582278481012658,0.5243956598715306
Paris,751135123,1450.3528192308215,0.3878020713463751,0.4856635688730476
Paris,751135124,2039.1679840087893,0.6743383199079401,0.6411075606983556
Paris,751135125,1880.173937161764,0.2911392405063291,0.5365727818580274
Paris,751135201,3894.127418094211,0.6075949367088608,0.49907737907029315
Paris,751135202,2076.939252853394,0.2255466052934407,0.5293151566159268
Paris,751135203,3600.733543395996,0.7272727272727273,0.5225639291299055
Paris,751135204,3047.469386630589,0.3521288837744534,0.6253919717101742
Paris,751135205,1876.778767055935,0.5477560414269275,0.44598040953776535
Paris,751135206,1845.079225540161,0.7295742232451093,0.5668564953590564
Paris,751135207,2719.621787601047,0.6881472957422324,0.5681929430263565
Paris,751145301,1206.1431794696384,0.5949367088607594,0.6455345544269687
Paris,751145302,2603.966087129381,0.8504027617951668,0.6398610731213547
Paris,751145303,1350.0245433383518,0.663981588032221,0.5061080303021075
Paris,751145304,963.16535059611,0.4959723820483314,0.5090039786639017
Paris,751145305,6407.4555806054,0.8020713463751439,0.5380550137968627
Paris,751145306,2563.1313925849063,0.760644418872267,0.4830569095944699
Paris,751145307,1649.3122484419075,0.7848101265822784,0.46842128043821624
Paris,751145308,1503.0298186408147,0.5431530494821634,0.5480866399755263
Paris,751145309,1820.7323053148057,0.8642117376294591,0.5204412372113071
Paris,751145310,2217.3763594097563,0.8112773302646721,0.626955260361998
Paris,751145402,3667.3052419291607,0.7422324510932106,0.5024763210356167
Paris,751145403,3414.512955771552,0.4062140391254315,0.5591720264606642
Paris,751145404,2443.563275231256,0.4591484464902186,0.5160387962374597
Paris,751145405,2031.7821278042263,0.380897583429229,0.5197956580108213
Paris,751145406,2134.3182894388838,0.8388952819332566,0.5435606036105451
Paris,751145501,2682.629981782701,0.1208285385500575,0.4068707364462182
Paris,751145502,2310.482765197753,0.2784810126582278,0.45710863100972204
Paris,751145503,3765.901752471924,0.0540851553509781,0.37130274792291873
Paris,751145504,1954.2840504116489,0.619102416570771,0.522556197624281
Paris,751145505,2577.5022871229376,0.2957422324510932,0.49078882504876364
Paris,751145506,2557.811445448134,0.762945914844649,0.47968059027319404
Paris,751145507,1525.0826424492727,0.7031070195627158,0.5321088370251265
Paris,751145508,2441.035975986056,0.5799769850402762,0.5622480614444644
Paris,751145509,1056.948993259006,0.7111622554660529,0.5210381392504924
Paris,751145510,1385.507551405165,0.6973532796317606,0.4734773483061581
Paris,751145511,1970.704101138645,0.7008055235903338,0.47951395749239295
Paris,751145512,1796.6214358011885,0.6720368239355581,0.491479222701091
Paris,751145513,2274.5141283671064,0.6478711162255466,0.4617427958499801
Paris,751145514,1821.3914866977268,0.7065592635212888,0.4844002567981761
Paris,751145515,2931.25888994005,0.5753739930955121,0.5477252441689103
Paris,751145516,2043.27495235867,0.6927502876869965,0.48851596163057187
Paris,751145601,3613.5166384379063,0.1254315304948216,0.43755136216265306
Paris,751145602,858.1544401380752,0.0840046029919447,0.4086994772102065
Paris,751145603,3302.162913428413,0.0264672036823935,0.4668661510709704
Paris,751145604,2195.125601238675,0.095512082853855,0.4319812476678395
Paris,751145605,1737.6371320088706,0.3739930955120829,0.4907283824653628
Paris,751145606,1609.1895629035105,0.2968929804372842,0.49530238212951416
Paris,751145607,3292.713808695475,0.4200230149597238,0.4336614260124233
Paris,751145608,1314.3662800259062,0.4902186421173763,0.3919044170636689
Paris,751145609,1440.8801426357695,0.0782508630609896,0.6249976494221938
Paris,751145610,1484.0654644436306,0.3636363636363636,0.36189573470869285
Paris,751145611,744.5254355536566,0.1323360184119678,0.4520936784204626
Paris,751145612,1455.439971499973,0.61795166858458,0.5088257455552768
Paris,751145613,1757.0217980278862,0.6432681242807825,0.4912153764992995
Paris,751145614,1693.6751378377278,0.3256616800920598,0.503173876724831
Paris,751145615,1463.6544312371143,0.384349827387802,0.5181130398369781
Paris,751145616,2416.257444593641,0.287686996547756,0.45823295641775164
Paris,751145617,1162.077623155382,0.0863060989643268,0.4873948175101949
Paris,751145618,2786.480513466729,0.1484464902186421,0.5138847863632309
Paris,751145619,1919.435245090061,0.2658227848101265,0.4436928801984904
Paris,751145620,1692.8495864868166,0.2451093210586881,0.5530519099008454
Paris,751145621,1765.7164866129558,0.2773302646720368,0.5147337108403257
Paris,751145622,1590.0071792602544,0.6248561565017261,0.534922485200149
Paris,751145623,3250.126577589247,0.5212888377445339,0.4924759543967448
Paris,751145624,6597.265883551702,0.6915995397008056,0.5335397486292786
Paris,751145625,3218.119467417399,0.428078250863061,0.6395488093003443
Paris,751155701,3815.9225192599824,0.0701956271576524,0.4103503968326232
Paris,751155702,2392.9319078657363,0.2105868814729574,0.5154608299646185
Paris,751155703,2658.236062367757,0.3210586881472957,0.4791335534361515
Paris,751155704,3014.9320473141142,0.0794016110471806,0.433205493880893
Paris,751155705,3657.9442604912647,0.2922899884925201,0.4865805566961299
Paris,751155706,1451.4824651082358,0.6996547756041427,0.4808420126871621
Paris,751155707,3929.443422105577,0.4856156501726122,0.5655585112025153
Paris,751155708,2404.418710072836,0.4718066743383199,0.4625794281784368
Paris,751155709,2529.107841491699,0.6616800920598389,0.49926102773125225
Paris,751155710,3970.920296563042,0.5143843498273878,0.44782442072305567
Paris,751155711,1193.0271021525068,0.6478711162255466,0.6277003242668195
Paris,751155712,1388.576884799534,0.5914844649021864,0.41781391373503574
Paris,751155713,1473.622106764052,0.8550057537399309,0.6531392059213477
Paris,751155714,1600.4562352498378,0.6524741081703107,0.5516398242692693
Paris,751155715,2936.456837548149,0.522439585730725,0.5265473778593348
Paris,751155716,2018.9177347819011,0.5189873417721519,0.5507328945405728
Paris,751155717,2486.4635679456924,0.5857307249712314,0.5336468880543292
Paris,751155718,1914.3429455227324,0.5373993095512083,0.5687259936402697
Paris,751155719,1643.375636206733,0.620253164556962,0.5808382828999796
Paris,751155720,1745.0811097886829,0.5420023014959724,0.5171588167575678
Paris,751155721,1505.526587592231,0.757192174913694,0.5103674873019236
Paris,751155722,3208.7071711222334,0.7537399309551208,0.5320558446888185
Paris,751155723,1717.8129348754885,0.7111622554660529,0.44068531780983
Paris,751155724,2048.9961793687607,0.7284234752589183,0.4175796371987825
Paris,751155725,2906.193751017253,0.806674338319908,0.5206789311389094
Paris,751155726,2273.8038037618,0.4096662830840046,0.41291350964125756
Paris,751155727,2851.2049683464897,0.3429228998849252,0.4258009704194835
Paris,751155728,1414.0189692179365,0.6731875719217492,0.48434691153526377
Paris,751155729,2719.4457778930664,0.7790563866513234,0.4105970199357842
Paris,751155730,3065.887216356065,0.7353279631760644,0.40145279805171147
Paris,751155731,2429.2967825995547,0.3509781357882623,0.5404981881072309
Paris,751155801,3636.8479167090513,0.0598388952819332,0.43573816544270005
Paris,751155802,2221.1669201321074,0.1668584579976985,0.5580301171972195
Paris,751155803,4699.655469258626,0.8296892980437284,0.572665285164441
Paris,751155804,3282.9331092834477,0.80897583429229,0.5074337200698588
Paris,751155805,1841.6279440985784,0.567318757192175,0.5059039539602429
Paris,751155806,2349.1450381808813,0.6513233601841196,0.4702957594058764
Paris,751155807,2988.471336788601,0.8193325661680092,0.5337886146235606
Paris,751155808,2206.482131110298,0.8239355581127733,0.4641847101516706
Paris,751155809,3326.038661532932,0.85385500575374,0.5269042886449312
Paris,751155810,4348.491540696886,0.4085155350978136,0.4345556397154729
Paris,751155811,1843.0883433024087,0.7215189873417721,0.5397356780149005
Paris,751155812,2404.017920176188,0.8975834292289988,0.4727212026207294
Paris,751155813,1790.4340460035537,0.9700805523590332,0.4584160219320012
Paris,751155814,3653.757922066583,0.8227848101265823,0.5840109757555516
Paris,751155815,1960.9498242272268,0.667433831990794,0.47993037101601854
Paris,751155816,3513.405453999837,0.8607594936708861,0.5714475577268098
Paris,751155817,2414.2608926561143,0.7019562715765247,0.5493200073024395
Paris,751155901,1853.990311516656,0.6501726121979287,0.49105539053673947
Paris,751155902,1586.8098788791235,0.7813578826237054,0.43908503493304785
Paris,751155903,2688.7355745103623,0.6283084004602992,0.4259284058130364
Paris,751155904,2282.2635082668726,0.8331415420023015,0.5414929353345103
Paris,751155905,1937.130039638943,0.759493670886076,0.6106897950228032
Paris,751155906,2638.39761352539,0.8365937859608745,0.5547850557715872
Paris,751155907,3694.71782345242,0.5017261219792866,0.5617957380924836
Paris,751155908,4414.278615527683,0.6248561565017261,0.5966777073924131
Paris,751155909,1695.8705944485137,0.6605293440736478,0.4655700024099296
Paris,751155910,1770.8618019951714,0.6352128883774454,0.5312678043237798
Paris,751155911,2309.935034010145,0.7640966628308401,0.5234211758081307
Paris,751155912,2814.7640177408857,0.4533947065592635,0.4998529098464911
Paris,751155913,2767.2925056881377,0.9217491369390104,0.5077748623123053
Paris,751155914,1827.8776465521917,0.8849252013808976,0.48833636040925193
Paris,751155915,2145.9453175862627,0.7341772151898734,0.5028094361157044
Paris,751155916,1712.4932072957356,0.6317606444188723,0.4188415230188503
Paris,751155917,2399.673515319824,0.7238204833141542,0.4393341846393716
Paris,751155918,5359.22485393948,0.7951668584579977,0.47742469942348437
Paris,751155919,1785.2569141387942,0.5891829689298044,0.5274521378595217
Paris,751156001,9327.5865545695,0.0897583429228998,0.37585436000887773
Paris,751156002,2128.1546143425835,0.7767548906789413,0.481088861712571
Paris,751156003,2528.205361260308,0.6098964326812428,0.4968877738119967
Paris,751156004,2630.973480648465,0.520138089758343,0.491154680928016
Paris,751156005,1708.5591659545894,0.6892980437284235,0.4865133456196395
Paris,751156006,1244.9952947828506,0.5327963176064442,0.3640209735089586
Paris,751156007,2569.775451236301,0.3245109321058688,0.45893563638019236
Paris,751156008,1352.4757457309297,0.2761795166858458,0.5364018500193652
Paris,751156009,610.5130958557128,0.3107019562715765,0.48868858730804593
Paris,751156010,2607.7338515387646,0.4177215189873418,0.6050762914407617
Paris,751156012,2869.265652868483,0.6812428078250863,0.6623250975170459
Paris,751156013,2496.830744425456,0.7502876869965478,0.3601478501586745
Paris,751156014,2415.6864058176675,0.2428078250863061,0.5066296191970746
Paris,751156015,658.1687738630507,0.3947065592635213,0.4270699341431501
Paris,751156016,1460.8736284044055,0.3901035673187571,0.43304325443236813
Paris,751156017,2096.30357699924,0.5051783659378596,0.6071142092194042
Paris,751156018,2185.832828945583,0.4925201380897583,0.46355441994463936
Paris,751156019,3690.9493535359697,0.7261219792865362,0.4778377276652249
Paris,751156020,3026.792971293131,0.7686996547756041,0.45273340299811876
Paris,751156022,1448.7234115600584,0.2428078250863061,0.5025900783057389
Paris,751166101,1277.423027886285,0.1691599539700805,0.46818703526751565
Paris,751166102,1821.764412350125,0.3682393555811277,0.6185671355080591
Paris,751166103,1435.2605730692546,0.4856156501726122,0.51548865263368
Paris,751166104,769.3838047451443,0.1599539700805523,0.48490700504782297
Paris,751166105,2154.4534772237143,0.6962025316455697,0.6052072551964405
Paris,751166106,2192.7432208591035,0.7733026467203682,0.6093495257134594
Paris,751166107,1975.2353727552625,0.8354430379746836,0.747424357442741
Paris,751166108,2471.7404783036973,0.2589182968929804,0.5799502140024151
Paris,751166109,1665.637990315755,0.8906789413118527,0.48866550181498586
Paris,751166110,1630.8670688205293,0.7203682393555811,0.5034570152711314
Paris,751166111,1479.6589796278213,0.8665132336018412,0.5285739040717544
Paris,751166112,2765.30838394165,0.9769850402761796,0.6248407707502686
Paris,751166113,2578.516055636936,0.8757192174913694,0.7555089271839756
Paris,751166114,1263.7841729058164,0.4476409666283084,0.6542973531643346
Paris,751166115,1255.8043821122908,0.6536248561565017,0.6374318778198403
Paris,751166116,2075.567413965861,0.8768699654775605,0.6397772524665855
Paris,751166117,1340.0610478719077,0.8434982738780207,0.6996431863577047
Paris,751166118,1559.217788696289,0.9252013808975834,0.5981555830566075
Paris,751166119,889.8058882819282,0.9159953970080552,0.5668745362317045
Paris,751166120,1635.8277210659448,0.9321058688147296,0.52341678038547
Paris,751166121,1818.5211618575784,0.523590333716916,0.559436913276107
Paris,751166122,1165.700838247935,0.9620253164556962,0.46163227874914337
Paris,751166123,1467.6903207567002,0.9643268124280784,0.5586050381689818
Paris,751166124,1211.3472485012478,0.8147295742232451,0.5776653444881454
Paris,751166125,1793.2978587680395,0.9102416570771,0.6453170701841853
Paris,751166126,2710.3830515543623,0.9355581127733028,0.580310705648584
Paris,751166127,2303.899930742052,0.715765247410817,0.6148163562832952
Paris,751166128,1615.2549730936685,0.8699654775604143,0.6511550231376388
Paris,751166129,690.117767545912,0.6570771001150748,0.6021968352385757
Paris,751166130,821.0695754935343,0.6214039125431531,0.5572006501124047
Paris,751166201,1449.9408588939243,0.9286536248561564,0.6215930531517643
Paris,751166202,1716.2158694797097,0.8400460299194477,0.5368217054493842
Paris,751166203,1998.8540017869736,0.9666283084004604,0.6135617252540384
Paris,751166204,2198.8480762905547,0.9723820483314154,0.566520318901494
Paris,751166205,1316.89676200019,0.9827387802071348,0.5571664865945704
Paris,751166206,1705.341027551227,0.953970080552359,0.5411564920033747
Paris,751166207,1923.866603824828,0.9631760644418872,0.5614413343649203
Paris,751166208,2472.7776843176957,0.9827387802071348,0.5712897486178964
Paris,751166209,1479.6129849751792,0.9896432681242808,0.5406848188555161
Paris,751166210,1947.6345342000325,0.995397008055236,0.5286036687619379
Paris,751166211,1834.5914590623645,0.9309551208285386,0.5684425270042364
Paris,751166212,1747.132344987657,0.8216340621403913,0.5625322900472335
Paris,751166213,1470.1927485068636,0.9804372842347526,0.6463909002059025
Paris,751166214,990.1595505608452,0.901035673187572,0.5985480072859352
Paris,751166215,1550.3552140129937,0.8883774453394706,0.5632469833625995
Paris,751166216,1560.098356458876,0.906789413118527,0.5374085988642838
Paris,751166217,2190.3590037028,0.9413118527042578,0.6645330109387473
Paris,751166218,2656.8865445454912,0.9148446490218642,0.5553878701140627
Paris,751166219,3344.0895782046846,0.9447640966628308,0.6417053521659577
Paris,751166220,2077.987449645996,0.8814729574223246,0.5011998528684023
Paris,751166221,2146.744529061847,0.956271576524741,0.3891509955627968
Paris,751166301,3052.9488165113667,0.9090909090909092,0.5607221864718566
Paris,751166302,3659.150904761421,0.7871116225546605,0.5635183275882772
Paris,751166303,2327.4321848551435,0.9436133486766398,0.5018623635168865
Paris,751166304,2901.8497314453125,0.9275028768699656,0.49712951249543774
Paris,751166305,2556.0448526276487,0.8998849252013809,0.44550744615024396
Paris,751166306,2078.6700859069824,0.9194476409666285,0.5222944724053052
Paris,751166307,3523.7169066535103,0.957422324510932,0.518474518500592
Paris,751166308,3078.6571545071074,0.8515535097813579,0.5727955118921387
Paris,751166309,2130.0022655063203,0.9861910241657076,0.5712997087661061
Paris,751166310,2664.072225464715,0.9608745684695053,0.6162850497378087
Paris,751166311,2083.4162247975664,0.906789413118527,0.49363985534016813
Paris,751166401,2235.0734496249097,0.8446490218642118,0.6699345228243545
Paris,751166402,3036.923408932156,0.7894131185270425,0.6580014995517622
Paris,751166403,3285.4219294654,0.8630609896432682,0.6142995808360326
Paris,751166404,2643.639146592882,0.8584579976985041,0.5478237092936588
Paris,751166405,1861.6213463677295,0.8987341772151899,0.5362303497443347
Paris,751166406,2438.968015458849,0.903337169159954,0.5295540889926335
Paris,751166407,4259.243992275662,0.8734177215189873,0.5789658719458832
Paris,751166409,3481.904370837741,0.8308400460299195,0.6117877205988028
Paris,751176501,6306.787292480469,0.8481012658227848,0.5686036797795493
Paris,751176502,2189.0831862555606,0.9712313003452244,0.5653591764123441
Paris,751176503,2053.901727464464,0.8377445339470656,0.7254897838074412
Paris,751176504,3888.867042753431,0.8895281933256617,0.5229095861594105
Paris,751176505,4145.312821547191,0.3325661680092059,0.6347353819807017
Paris,751176506,1064.8318756951228,0.7376294591484465,0.44819124132338245
Paris,751176507,2591.005239062839,0.859608745684695,0.4622673584500503
Paris,751176508,3566.6177775065107,0.9470655926352128,0.5537547451829238
Paris,751176509,1610.2219679090713,0.9654775604142692,0.5469818614399088
Paris,751176510,3423.9735938178173,0.8653624856156502,0.5784659514101169
Paris,751176511,2220.566178215875,0.8745684695051784,0.5310002525920464
Paris,751176512,3051.76845380995,0.810126582278481,0.5526609890455344
Paris,751176513,1813.2181443108448,0.8619102416570771,0.4324612225089883
Paris,751176514,2209.846122741699,0.8411967779056386,0.5300578572508668
Paris,751176515,2342.1693728764853,0.2094361334867664,0.5904088986138374
Paris,751176601,2217.914394378663,0.9286536248561564,0.48590143846856904
Paris,751176602,3704.693671332465,0.8780207134637514,0.5705844319287279
Paris,751176603,5399.917764027913,0.9907940161104718,0.5610163182181758
Paris,751176604,2626.016132566664,0.9516685845799768,0.5688727405782219
Paris,751176605,1689.927641126845,0.9136939010356732,0.5896865219657523
Paris,751176606,2018.8744328816736,0.9930955120828538,0.607375274501359
Paris,751176607,2028.5435418023003,0.9401611047180668,0.5834599550926854
Paris,751176608,2050.632161458333,0.997698504027618,0.562838757951403
Paris,751176609,3893.429736667209,0.9746835443037974,0.5104821550741663
Paris,751176610,2510.038824717203,0.9677790563866512,0.5109226647263607
Paris,751176611,2866.4352099100743,0.9470655926352128,0.37125449230478214
Paris,751176612,3926.8149375915527,0.9597238204833142,0.43720286126069124
Paris,751176613,2501.177547454834,0.8423475258918297,0.4108122255764942
Paris,751176614,1776.5570324791804,0.2220943613348676,0.5138952802315224
Paris,751176615,1779.602790832519,0.0736478711162255,0.402956172275331
Paris,751176616,2693.098784393734,0.0460299194476409,0.41446704551941405
Paris,751176701,1717.2259161207407,0.5949367088607594,0.5570281472330053
Paris,751176702,2215.775456534492,0.7836593785960875,0.5314539705486996
Paris,751176703,1619.4371842278376,0.6421173762945915,0.5273458042174288
Paris,751176704,1473.428905063205,0.8055235903337169,0.5180929990558041
Paris,751176705,1708.2547628614636,0.7802071346375143,0.5664486861402444
Paris,751176706,1638.6408464643691,0.8135788262370541,0.5476489985671785
Paris,751176707,836.956162770589,0.8342922899884925,0.48003712934881626
Paris,751176708,1332.1946686638726,0.7077100115074798,0.5163406634469762
Paris,751176709,1165.60400390625,0.7479861910241657,0.5430286030537945
Paris,751176710,3080.664282904731,0.7756041426927502,0.5524879417797147
Paris,751176711,749.678729693095,0.6616800920598389,0.5635606992137607
Paris,751176712,1501.5264164606729,0.8043728423475259,0.3957545311673662
Paris,751176713,1565.1682022942437,0.856156501726122,0.414342056187561
Paris,751176714,13062.996306419373,0.097813578826237,0.44982646758340755
Paris,751176715,2371.866370095147,0.8250863060989643,0.504483640774408
Paris,751176716,1732.6448677910698,0.5350978135788262,0.3313550195445438
Paris,751176801,2341.156807793512,0.4614499424626007,0.6211178084886583
Paris,751176802,1851.810568491618,0.6904487917146145,0.40956126714025815
Paris,751176803,1175.6894488864473,0.5454545454545454,0.5126330298772189
Paris,751176804,1727.0756039089624,0.6237054085155351,0.7125348604694826
Paris,751176805,1100.8227327134875,0.3130034522439586,0.4668059804863683
Paris,751176806,3835.3933635287817,0.2566168009205984,0.4361217488941638
Paris,751176807,1948.2799597846133,0.3452243958573072,0.5195134189282343
Paris,751176808,1711.880681355794,0.3958573072497123,0.7100108470642895
Paris,751176809,2383.949032253689,0.2669735327963176,0.402598926313511
Paris,751176810,1175.3387824164502,0.5558112773302647,0.5004799613125432
Paris,751176811,1947.8669056362576,0.3153049482163406,0.5230198720482246
Paris,751176812,1138.9635336134168,0.1565017261219793,0.38361657816827754
Paris,751176813,2142.2656508551704,0.1196777905638665,0.4748537796290229
Paris,751176814,2360.887511359321,0.0874568469505178,0.36822046660338753
Paris,751176815,2544.8267851935493,0.1415420023014959,0.40519452068621126
Paris,751176816,3234.8258508046465,0.0115074798619102,0.39631819790207096
Paris,751176817,5172.71866607666,0.0287686996547756,0.46016800260936386
Paris,751186901,1641.017497168647,0.4108170310701956,0.5018340967147141
Paris,751186902,2277.386508517795,0.3060989643268124,0.5049589263131833
Paris,751186903,2382.5659798516167,0.5017261219792866,0.5136591842272917
Paris,751186904,4491.651882595486,0.6110471806674338,0.5406048808213043
Paris,751186905,1603.099412706163,0.4027617951668584,0.5335999636383627
Paris,751186906,1911.3573421902124,0.4487917146144994,0.5674876022065574
Paris,751186907,3570.2390102810327,0.4844649021864212,0.5522156735593747
Paris,751186908,2246.6568942599824,0.571921749136939,0.47014242534693507
Paris,751186909,1509.9775081210664,0.5040276179516686,0.5319048292448498
Paris,751186910,2143.488078647189,0.8285385500575374,0.45329655095473476
Paris,751186911,3912.983953264024,0.8964326812428078,0.5233758561884557
Paris,751186912,2724.098537868924,0.6294591484464902,0.4688383611253955
Paris,751186913,2384.956806606717,0.6041426927502876,0.5811166293082433
Paris,751186914,3083.6297904120547,0.4683544303797468,0.5005284411886072
Paris,751186915,1787.54172261556,0.2692750287686996,0.5436984763767289
Paris,751186916,2911.974722968207,0.2508630609896433,0.5089335870856031
Paris,751186917,2189.7675535413955,0.5466052934407365,0.5207715195859562
Paris,751186918,4074.320871988932,0.4579976985040276,0.46270860092318383
Paris,751186919,3875.4354773627383,0.4464902186421173,0.47448139683853074
Paris,751186920,2725.9607001410586,0.2485615650172612,0.45877925955079896
Paris,751186921,1799.247426350912,0.2623705408515535,0.4609525941216813
Paris,751186922,3464.653767903645,0.5834292289988493,0.49582024527095536
Paris,751186923,3649.272277832032,0.1875719217491369,0.5163272504077275
Paris,751186924,3909.06716410319,0.1380897583429229,0.30400092322664407
Paris,751186925,3423.9237925211582,0.0437284234752589,0.4409290381621203
Paris,751186926,3967.8378583060376,0.003452243958573,0.3927903240324615
Paris,751186927,1593.575622558594,0.002301495972382,0.3352851036956422
Paris,751186928,1564.5216318766277,0.0057537399309551,0.33246304774231367
Paris,751187001,3145.9192877875435,0.3222094361334868,0.5397164370256454
Paris,751187002,1765.292493396335,0.4349827387802071,0.5523313661350063
Paris,751187003,791.0545804765491,0.5546605293440736,0.5688111849359153
Paris,751187004,1598.789371914334,0.4959723820483314,0.48624940658469085
Paris,751187005,2976.6910917494038,0.4257767548906789,0.5108463917751318
Paris,751187006,2091.0501887003584,0.4246260069044879,0.4281300768846142
Paris,751187007,2471.85346645779,0.2554660529344074,0.5198608402155221
Paris,751187008,1721.5954225328237,0.7940161104718066,0.4768247139645517
Paris,751187009,4219.554932488336,0.475258918296893,0.431971025994271
Paris,751187010,1546.3350168863935,0.33716915995397,0.5173088373871142
Paris,751187011,1918.980540805393,0.5581127733026467,0.49010635246660056
Paris,751187012,2132.825198703342,0.6363636363636364,0.44127713894690157
Paris,751187013,3426.61691962348,0.6133486766398158,0.45833609334162195
Paris,751187014,1065.6201604207354,0.2830840046029919,0.40138156982710027
Paris,751187015,1720.027168273925,0.4027617951668584,0.49038450985184423
Paris,751187016,1438.663955688477,0.334867663981588,0.45210078512693497
Paris,751187017,3393.9286346435547,0.142692750287687,0.3842025608249967
Paris,751187018,2250.1181411743164,0.1357882623705408,0.30853791065932296
Paris,751187019,2307.6002095540366,0.2151898734177215,0.3897766807413745
Paris,751187020,1293.004467010498,0.1990794016110471,0.45868105621075145
Paris,751187021,3734.182801140679,0.3187571921749137,0.4409754317102474
Paris,751187022,2599.7418373955616,0.4418872266973532,0.4692700958953055
Paris,751187023,1445.2737748887805,0.0563866513233601,0.5911288436839321
Paris,751187024,1443.3019315931533,0.285385500575374,0.46199354759261585
Paris,751187025,3204.8110707600918,0.286536248561565,0.36500244998586023
Paris,751187026,1999.3569130367705,0.1726121979286536,0.4132755843703649
Paris,751187027,5798.949246724447,0.0103567318757192,0.3888591723188955
Paris,751187101,3706.899547576904,0.1634062140391254,0.43548440300794966
Paris,751187102,2923.5778401692714,0.0126582278481012,0.3642703866763033
Paris,751187103,1488.9986970689563,0.0138089758342922,0.32119857939851265
Paris,751187104,2647.996872795952,0.1024165707710011,0.37630199411723664
Paris,751187105,1688.9184629652232,0.0759493670886076,0.3162093338958549
Paris,751187106,1539.5868928697373,0.0817031070195627,0.32918103307189167
Paris,751187107,2371.361398484972,0.1035673187571921,0.25843948599297034
Paris,751187108,1600.78045823839,0.0655926352128883,0.29826408357435163
Paris,751187109,1266.7439626057944,0.0678941311852704,0.31704597258272443
Paris,751187110,13383.096649593776,0.0644418872266973,0.37866900788972846
Paris,751187201,4415.123901367188,0.050632911392405,0.41782695260322167
Paris,751187202,2241.558453453912,0.1311852704257767,0.39508306634579066
Paris,751187203,1408.804542541504,0.1829689298043728,0.2945971980252876
Paris,751187204,1907.166072845459,0.1979286536248561,0.3390861035771144
Paris,751187205,2231.130257924397,0.1507479861910241,0.3649693549576976
Paris,751187206,2069.4794731140137,0.1173762945914844,0.34755737766926215
Paris,751187207,5137.610056347317,0.0943613348676639,0.4248581782351773
Paris,751187208,7073.572245703804,0.0368239355581127,0.42299456306641897
Paris,751187209,5371.396569993762,0.004602991944764,0.33149087585313997
Paris,751197301,3445.01666853163,0.1542002301495972,0.3377121904758838
Paris,751197302,1676.8452911376953,0.1726121979286536,0.31591433795551177
Paris,751197303,2166.3667754067314,0.2059838895281933,0.34690170777598456
Paris,751197304,2318.55695215861,0.2151898734177215,0.42776931015512853
Paris,751197305,2612.232159084744,0.2681242807825086,0.34721717240883965
Paris,751197306,3493.1352640787754,0.0149597238204833,0.3781426335507858
Paris,751197307,2048.8762961493594,0.0241657077100115,0.33628798673416344
Paris,751197308,3332.0601717631025,0.0,0.3134441538995211
Paris,751197309,3688.784495883517,0.1495972382048331,0.3673756444703748
Paris,751197310,4827.452690124512,0.0414269275028768,0.37207790601924573
Paris,751197311,2364.371652391222,0.241657077100115,0.29911537440406105
Paris,751197312,1521.529051886664,0.0632911392405063,0.4205144921953757
Paris,751197313,2928.9319326612685,0.2186421173762946,0.3202127748406862
Paris,751197314,3902.7862069871694,0.0909090909090909,0.37456325801806517
Paris,751197315,2884.943273756239,0.1680092059838895,0.329221351432995
Paris,751197316,3664.416451348199,0.1576524741081703,0.33948778169347255
Paris,751197317,1534.2245801289878,0.0529344073647871,0.2931717968237004
Paris,751197401,6760.245058165656,0.0586881472957422,0.39098830041262106
Paris,751197402,3997.525007459853,0.2336018411967779,0.3832930464881224
Paris,751197403,1669.4343486362031,0.1116225546605293,0.3229594456293891
Paris,751197404,1720.3414866129558,0.192174913693901,0.37750980950977087
Paris,751197405,2999.2516909705264,0.0621403912543153,0.36538817923378425
Paris,751197406,3339.9544194539394,0.0874568469505178,0.3799887023737788
Paris,751197407,3072.423111597697,0.0322209436133486,0.3303876099117389
Paris,751197408,2446.252315945096,0.0207134637514384,0.29995403365518436
Paris,751197409,1489.4579679701064,0.0379746835443038,0.30215280926263266
Paris,751197410,3426.5835315916274,0.0172612197928653,0.41855320894625586
Paris,751197411,2889.9220877223543,0.2508630609896433,0.5826509877667316
Paris,751197413,3068.9783931838138,0.1242807825086306,0.4594839936465713
Paris,751197501,1603.4520687527126,0.1645569620253164,0.5657895360059209
Paris,751197502,2159.562960306804,0.2002301495972382,0.313695415082945
Paris,751197503,2370.836623297798,0.144994246260069,0.2805122162100761
Paris,751197504,2380.100761413574,0.0448791714614499,0.2956997643204779
Paris,751197505,2128.1272888183594,0.1887226697353279,0.3756874688783832
Paris,751197506,2004.019613477919,0.4154200230149597,0.4060244144928431
Paris,751197507,1463.1211704678008,0.240506329113924,0.41355647536114715
Paris,751197508,1829.5007434421111,0.4027617951668584,0.41203295625955283
Paris,751197509,1302.0050557454426,0.0425776754890678,0.4777028400296158
Paris,751197510,2281.6342078314888,0.1588032220943613,0.31422935879685654
Paris,751197511,2598.2937274509013,0.1553509781357882,0.3392440356605287
Paris,751197512,1251.5879130893284,0.0161104718066743,0.32305961994257837
Paris,751197513,2662.734664069282,0.0701956271576524,0.42801866398342403
Paris,751197514,5311.987292395697,0.663981588032221,0.4304735415792315
Paris,751197515,1363.2963769700789,0.5293440736478712,0.35198438239750673
Paris,751197516,1421.9807891845703,0.0195627157652474,0.39824648339243635
Paris,751197517,2630.622984568278,0.0552359033371691,0.33719238170611987
Paris,751197518,1966.7570215861,0.0080552359033371,0.3560781622736851
Paris,751197519,5609.288663122389,0.0356731875719217,0.416494287533632
Paris,751197520,2570.4839364157783,0.1772151898734177,0.42930215663627563
Paris,751197521,2117.7263179355195,0.2013808975834292,0.3608740438407516
Paris,751197522,3872.28109995524,0.2842347525891829,0.47183717104347406
Paris,751197523,2224.086057874892,0.2980437284234752,0.3962028021170123
Paris,751197524,2163.872850206163,0.3314154200230149,0.3592532388316691
Paris,751197601,2167.0180350409614,0.3279631760644418,0.4904183502061578
Paris,751197602,3561.9493913650517,0.3866513233601841,0.4735425486130101
Paris,751197603,1616.6236383650044,0.4982738780207135,0.3800673301703252
Paris,751197604,1748.4319508870444,0.4499424626006904,0.43672906955098184
Paris,751197605,1498.9323751661514,0.1288837744533947,0.5449212472879436
Paris,751197606,1106.1724444495308,0.1139240506329113,0.3254721750654223
Paris,751197607,1486.7492870754668,0.567318757192175,0.2722581341353816
Paris,751197608,1610.2382206386992,0.1726121979286536,0.3326905095317518
Paris,751197609,2616.528018103706,0.3613348676639816,0.40647746641600513
Paris,751197610,1466.7192526923286,0.0299194476409666,0.2669525542876249
Paris,751197611,2719.527612898085,0.3498273878020713,0.2317694160987407
Paris,751197612,2931.269116401672,0.477560414269275,0.3402597940598667
Paris,751197613,3981.009493086073,0.3199079401611047,0.4409242917608967
Paris,751197614,1671.8449545966257,0.2704257767548906,0.4026878662450139
Paris,751197615,2131.279826270209,0.3901035673187571,0.40014079910750516
Paris,751197616,1319.7986619737412,0.098964326812428,0.41006543706603743
Paris,751207701,1880.403923458523,0.1841196777905638,0.3400201078564462
Paris,751207702,2867.2417992485894,0.3406214039125431,0.3378245488362431
Paris,751207703,1882.5611784193247,0.0932105868814729,0.250809912709784
Paris,751207704,2389.304654439291,0.2266973532796317,0.38291176844048924
Paris,751207705,1735.704511854384,0.1219792865362485,0.37738608753679825
Paris,751207706,2243.181462605795,0.2738780207134637,0.3033796412524499
Paris,751207707,1872.2794469197588,0.2209436133486766,0.34819084357198715
Paris,751207708,2055.1747224595806,0.048331415420023,0.35600594073077824
Paris,751207709,1538.9400454627144,0.0276179516685845,0.37814833530387626
Paris,751207710,2107.520419226752,0.1277330264672037,0.3583291924736142
Paris,751207711,2900.6810574001734,0.1265822784810126,0.36865841483366985
Paris,751207712,2164.446288214789,0.2807825086306099,0.40241014932639185
Paris,751207713,1846.415439605713,0.1185270425776754,0.31919011313642626
Paris,751207714,2505.2320861816406,0.3624856156501726,0.3232735168559499
Paris,751207801,8625.256777657401,0.0575373993095512,0.43576659599151146
Paris,751207802,2743.5990346272783,0.2945914844649022,0.5058633122175433
Paris,751207803,1196.0382843017578,0.0069044879171461,0.29692198866005043
Paris,751207804,923.589845021566,0.0184119677790563,0.31504675839239155
Paris,751207805,2829.0697385999893,0.3705408515535098,0.4804610913409272
Paris,751207806,3054.2600936889653,0.2497123130034522,0.4038061896056905
Paris,751207807,2754.871926625569,0.4741081703107019,0.3836021819829319
Paris,751207808,2952.4477865431045,0.2117376294591484,0.36998111875043516
Paris,751207809,4964.462905459934,0.3256616800920598,0.3405348659376488
Paris,751207810,1806.538647969564,0.0771001150747986,0.3162713027763122
Paris,751207811,1279.588384840224,0.2324510932105868,0.3527832192032394
Paris,751207812,1933.793081495497,0.3705408515535098,0.39652571714060364
Paris,751207813,1816.789486355252,0.0920598388952819,0.42001229877395047
Paris,751207814,2857.830302768283,0.142692750287687,0.46330164368275084
Paris,751207815,3030.203747219509,0.2036823935558112,0.41461819238742187
Paris,751207816,3130.4715991550024,0.3176064441887227,0.3810384593523771
Paris,751207901,2878.9672317504883,0.3233601841196778,0.39182310420301303
Paris,751207902,1835.227673424615,0.4441887226697353,0.33985600072486355
Paris,751207903,2029.6962534586592,0.3475258918296893,0.2998565820480353
Paris,751207904,1671.1898216671414,0.4142692750287687,0.27924327871997656
Paris,751207905,7678.950758165784,0.3544303797468354,0.4858461974031304
Paris,751207906,2008.6300532023115,0.0667433831990794,0.33411507890188974
Paris,751207907,3717.6698981391055,0.193325661680092,0.29605107044928697
Paris,751207908,2562.235338422987,0.0678941311852704,0.3208353184519808
Paris,751207909,1228.045962439643,0.429228998849252,0.2785991512758051
Paris,751207910,2839.841306898329,0.0471806674338319,0.3655651431856776
Paris,751207911,1877.126753913032,0.1622554660529344,0.2740188959000993
Paris,751207912,2892.8026411268447,0.2980437284234752,0.2675820773403
Paris,751207913,2003.4994146558968,0.5327963176064442,0.3937259889113359
Paris,751207914,1638.9789081149634,0.4672036823935558,0.3736745771865174
Paris,751207915,3881.880176120334,0.4326812428078251,0.3564565983086067
Paris,751207916,2241.4407882690434,0.1852704257767549,0.3951516111244673
Paris,751208001,1638.6668370564776,0.0402761795166858,0.415445291442389
Paris,751208002,3194.378869374593,0.3958573072497123,0.5427605427326486
Paris,751208003,2983.722836388482,0.2232451093210586,0.45149505008727014
Paris,751208004,2193.2245402865938,0.666283084004603,0.3966773459091195
Paris,751208005,1698.6878967285154,0.3924050632911392,0.3600422192245026
Paris,751208006,2225.0298572116426,0.5304948216340621,0.38303985351702563
Paris,751208007,3279.9933043585884,0.1346375143843498,0.5103940444682901
Paris,751208008,4429.001373079088,0.0391254315304948,0.4241283844474595
Paris,751208009,3300.3284336725874,0.0218642117376294,0.42205718652586915
Paris,751208010,1044.1255247328015,0.0724971231300345,0.38076720350295284
Paris,751208011,1658.8208007812498,0.0230149597238204,0.31326104132455923
Paris,751208012,3254.705173916286,0.1070195627157652,0.5700798221627683
Paris,751208013,2331.8100132412383,0.2243958573072497,0.42948504840679325
Paris,751208014,1603.0488730536565,0.2266973532796317,0.36652982177783977
Paris,751208015,3195.637663099501,0.4177215189873418,0.370745460144291
Paris,751208016,2534.663778516981,0.1691599539700805,0.344994444109683
Paris,751208017,2378.360505421957,0.2128883774453394,0.3082890337639873
Paris,751208018,2352.124833848742,0.1300345224395857,0.28925785229547446
Paris,751208019,3114.3102459377715,0.1150747986191024,0.3236149550498306
Paris,751208020,1260.73012330797,0.0092059838895281,0.33558215661153235
Paris,751208021,5712.823170608945,0.0253164556962025,0.41639181868813896
Paris,751208022,2786.3555196126304,0.1472957422324511,0.3797314748154223
Paris,751208023,2874.695628696018,0.1795166858457997,0.34510286393606915
Paris,751208024,2319.483056810167,0.2727272727272727,0.3515429534781039
Paris,751208025,2071.3126644558374,0.2462600690448791,0.3195829343276656
Paris,751208026,2586.2567952473964,0.378596087456847,0.35648977614282884
Roma,00118,28177.841845895426,0.323943661971831,0.5927439749219655
Roma,00119,11131.021399188468,0.0,0.41317760225429595
Roma,00121,44833.83016517063,0.1549295774647887,0.09834558413081684
Roma,00122,38875.119700889205,0.3098591549295774,0.28119525568481935
Roma,00123,42508.93595041586,0.3943661971830985,0.12942959970444146
Roma,00124,42491.82509508744,0.6056338028169014,0.33733985336659733
Roma,00125,53248.209961974615,0.3661971830985915,0.4267375468906714
Roma,00126,30199.83354286344,0.056338028169014,0.1878332969144269
Roma,00127,9560.131301788802,0.6619718309859155,0.7570197763538921
Roma,00128,43130.24084750404,0.5211267605633803,0.3921682245921857
Roma,00131,21594.71374718963,0.1830985915492957,0.4986412661687158
Roma,00132,93180.0517881418,0.028169014084507,0.2618965416249686
Roma,00133,111473.58821023058,0.0140845070422535,0.18771778853639504
Roma,00134,25030.74221800866,0.380281690140845,0.4816682408686157
Roma,00135,78376.93961928575,0.676056338028169,0.4069503902843663
Roma,00136,47403.733336831145,0.8169014084507042,0.6619118765427355
Roma,00137,43281.67285879031,0.6901408450704225,0.7724941541058151
Roma,00138,31118.491071134737,0.2112676056338028,0.6797876411383917
Roma,00139,88021.19382856319,0.4225352112676056,0.5085402239639808
Roma,00141,49065.91304249182,0.647887323943662,0.665298922634512
Roma,00142,45120.39432079741,0.7605633802816901,0.8293636674166078
Roma,00143,42106.46618672533,0.5915492957746479,0.6187832724692578
Roma,00144,51581.89516477415,0.8450704225352113,0.6942483530695804
Roma,00145,20358.86708592499,0.5492957746478874,0.5532311159906855
Roma,00146,58060.18984153446,0.2676056338028169,0.4189100458571054
Roma,00147,23605.125504830976,0.7323943661971831,0.6218038521446524
Roma,00148,56599.06146032594,0.1126760563380281,0.4443868981048511
Roma,00149,42517.06927481419,0.4929577464788732,0.43564053733765595
Roma,00151,34399.180282112364,0.7746478873239436,0.5089980567932172
Roma,00152,46321.99016488592,0.7183098591549296,0.6521758796677594
Roma,00153,34949.24071154591,0.8028169014084507,0.41610182020628256
Roma,00154,33168.702296821575,0.4647887323943662,0.46668628639333365
Roma,00155,62245.2259131967,0.2816901408450704,0.3567636715548648
Roma,00156,45789.204345358914,0.2394366197183098,0.38423440233116735
Roma,00157,20215.074102441056,0.3380281690140845,0.7686432788966895
Roma,00158,14687.736527558298,0.1971830985915492,0.5239735583641814
Roma,00159,42188.1441911656,0.2957746478873239,0.528241448968128
Roma,00161,15094.773868259508,0.9295774647887324,0.8064478825491702
Roma,00162,25127.4640745309,0.7887323943661971,0.7625898154054936
Roma,00163,19243.58488955261,0.4084507042253521,0.4206905879868716
Roma,00164,16265.084258881416,0.4788732394366197,0.4105503327308297
Roma,00165,38349.13218316315,0.7464788732394366,0.3322176399887619
Roma,00166,89792.32782788019,0.1408450704225352,0.24134235203376925
Roma,00167,37273.126810084286,0.4366197183098591,0.39978575601759975
Roma,00168,64350.335964952654,0.2535211267605634,0.3417883608944468
Roma,00169,42408.354035161,0.0845070422535211,0.24751218879161677
Roma,00171,37855.370030177655,0.0704225352112676,0.4088542092886261
Roma,00172,54674.86545764063,0.0422535211267605,0.2845579930689837
Roma,00173,52037.95088143875,0.352112676056338,0.4801930422464714
Roma,00174,29578.407784069605,0.4507042253521127,0.45452176756201945
Roma,00175,51528.89109042606,0.2253521126760563,0.47088369830873184
Roma,00176,50525.457991052834,0.1690140845070422,0.41409670885043026
Roma,00177,51300.64117788154,0.1267605633802817,0.3320854035386053
Roma,00178,26287.496989110765,0.5070422535211268,0.48556258841270605
Roma,00179,42409.08612911121,0.6338028169014085,0.665989175181693
Roma,00181,28207.07536243047,0.5352112676056338,0.6237100437795806
Roma,00182,22666.92750187549,0.6197183098591549,0.7469905651446185
Roma,00183,27195.74435902966,0.704225352112676,0.6515371570086024
Roma,00184,15628.750674271749,0.9154929577464788,0.49488188262087934
Roma,00185,34985.082942211404,0.5633802816901409,0.5753087688148626
Roma,00186,25509.116242821365,0.9577464788732394,0.21054129680906086
Roma,00187,9675.744060715451,0.9859154929577464,0.5310008084555091
Roma,00188,31724.13117086929,0.0985915492957746,0.10777906360627162
Roma,00189,34421.450706076794,0.5774647887323944,0.18391749903806143
Roma,00191,20056.0128459649,0.9014084507042254,0.7081712881493736
Roma,00192,13474.152443102665,0.8309859154929577,0.8061282340029227
Roma,00193,7778.915102458662,0.943661971830986,0.7281432207515705
Roma,00195,26454.02700650858,0.8873239436619719,0.5934137937084726
Roma,00196,14995.91036428541,0.8732394366197183,0.5812852237539133
Roma,00197,21265.56506193796,1.0,0.3417235439816759
Roma,00198,29414.728063464165,0.971830985915493,0.7855129622637166
Roma,00199,46679.82105810102,0.8591549295774648,0.5440283844156341
Torino,10121,8053.798141264253,0.9375,0.8779889578780044
Torino,10122,16746.42435795731,0.40625,0.5619278191630682
Torino,10123,12301.53928128992,0.90625,0.8059759463362294
Torino,10124,13395.403476578133,0.6875,0.5254801661776016
Torino,10125,17628.849416147837,0.71875,0.7218022452418763
Torino,10126,34989.71060974279,0.65625,0.6847380697690356
Torino,10127,30579.11234357088,0.25,0.20394272921031664
Torino,10128,17477.12805935761,0.875,0.7988710038623037
Torino,10129,19140.45492236813,0.84375,0.8136381462428571
Torino,10131,12077.883003018862,1.0,0.8694185746106919
Torino,10132,13207.390614667189,0.8125,0.8203766451603371
Torino,10133,9170.114977516489,0.96875,0.6819717923421728
Torino,10134,30576.379441970683,0.53125,0.5953746910275644
Torino,10135,46834.23933258036,0.3125,0.268832730063886
Torino,10136,33233.40669284252,0.4375,0.4716217458477052
Torino,10137,60834.08651004247,0.5625,0.6258904769083589
Torino,10138,20870.22756147633,0.78125,0.7321093248336182
Torino,10139,29760.86065148645,0.5,0.5946878642789485
Torino,10141,57538.9375950009,0.625,0.5219610604409135
Torino,10142,19460.879073679967,0.28125,0.5227560301110317
Torino,10143,22939.24941931551,0.75,0.5977992183458976
Torino,10144,28078.2950678298,0.375,0.311396021368923
Torino,10145,13632.637466098491,0.34375,0.565021034042793
Torino,10146,35190.67684126835,0.59375,0.44394399472676316
Torino,10147,36275.39978490687,0.125,0.17571505916
Torino,10148,19878.24187859765,0.1875,0.1872924044607638
Torino,10149,36196.35622899069,0.15625,0.4023844373489537
Torino,10151,33163.77792918813,0.09375,0.12547037318218443
Torino,10152,35883.22112821539,0.03125,0.15463009220626278
Torino,10153,24547.123547534327,0.46875,0.6193340106289484
Torino,10154,46290.35406024213,0.0625,0.0969693578029585
Torino,10155,35350.455421783685,0.0,0.0989055879675309
Torino,10156,23442.90568684603,0.21875,0.1706350311511803
Genova,16121,4016.5727384256,0.6666666666666666,0.8648863839916363
Genova,16122,9784.240130848351,0.7619047619047619,0.8548804319930442
Genova,16123,6709.932056056128,0.6190476190476191,0.6899131572085221
Genova,16124,6275.205489900376,0.6904761904761905,0.5230868290503944
Genova,16125,7189.160419053502,0.9285714285714286,0.633918372354429
Genova,16126,8696.164859842902,0.3333333333333333,0.4752034479963834
Genova,16127,14185.25691267698,0.5952380952380952,0.42539503846724847
Genova,16128,9496.173505898983,0.9523809523809524,0.7098880417222635
Genova,16129,13727.34609441128,0.8095238095238095,0.8713273763257948
Genova,16131,8390.63236673673,0.7857142857142857,0.8573742887177531
Genova,16132,17175.068557885323,0.5476190476190477,0.5776065661495366
Genova,16133,11129.129740673938,0.5238095238095238,0.7776207818678358
Genova,16134,17113.687776750987,0.238095238095238,0.5631912074309153
Genova,16135,5719.29829639838,0.5714285714285714,0.8199741858109576
Genova,16136,11492.004492272032,0.8809523809523809,0.5902785222528529
Genova,16137,16542.701422637274,0.3809523809523809,0.4633018383553138
Genova,16138,19236.841825530064,0.1904761904761904,0.37875755861206706
Genova,16139,12690.0515332044,0.0952380952380952,0.6116685887232194
Genova,16141,8081.366221243173,0.2142857142857142,0.3550941297388104
Genova,16142,17772.67570247121,0.4285714285714285,0.47957472171263715
Genova,16143,23573.83886239709,0.4523809523809524,0.6258958606134781
Genova,16144,15404.38726116244,0.119047619047619,0.5162067236239819
Genova,16145,15675.071489256909,0.9761904761904762,0.758241087872498
Genova,16146,11036.648685911048,1.0,0.821083393321781
Genova,16147,12065.999721788075,0.7380952380952381,0.8389064672175677
Genova,16148,17159.97744084544,0.8571428571428571,0.7241826872373405
Genova,16149,26991.89659093208,0.2619047619047619,0.43230248403740096
Genova,16151,19375.01254719788,0.0476190476190476,0.16789668033648167
Genova,16152,14914.814374760976,0.0238095238095238,-0.0001437703009842752
Genova,16153,21187.731510212925,0.3571428571428571,0.46005266744077405
Genova,16154,22466.901377361963,0.4761904761904761,0.3537135464853221
Genova,16155,10412.343444827451,0.6428571428571429,0.773775989828617
Genova,16156,13838.147871364215,0.7142857142857143,0.5732459096053238
Genova,16157,22442.54694322629,0.1428571428571428,0.24432630324858304
Genova,16158,12234.704215724809,0.5,0.28903645115363996
Genova,16159,23005.68673867133,0.0714285714285714,0.1887630200765389
Genova,16161,9090.845536543988,0.0,0.08081441178850148
Genova,16162,11997.779335396575,0.1666666666666666,0.25409010039683205
Genova,16163,4471.707966565387,0.3095238095238095,0.28997642166900095
Genova,16164,8113.326449495185,0.4047619047619047,0.31075610468144
Genova,16165,9870.30435416938,0.2857142857142857,0.7191374977193999
Genova,16166,8636.746082374064,0.8333333333333334,0.7217134593099095
Genova,16167,9907.423906228909,0.9047619047619048,0.9127344875711871
Milano,20121,19937.510919490614,0.972972972972973,0.6933532574946387
Milano,20122,24609.52329504656,0.918918918918919,0.8670160234945713
Milano,20123,29661.064846932888,0.945945945945946,0.8062471001896442
Milano,20124,31776.492116126752,0.8378378378378378,0.6758398133433925
Milano,20125,36769.33208836382,0.5945945945945946,0.5228446702155433
Milano,20126,18327.43956304259,0.4054054054054054,0.5437183632124488
Milano,20127,35205.573515187585,0.2432432432432432,0.41130442480454893
Milano,20128,26526.96496883408,0.3243243243243243,0.3955232475644742
Milano,20129,48266.662741449145,0.8918918918918919,0.7283242324666226
Milano,20131,37209.12920286921,0.6486486486486487,0.7383505793755946
Milano,20132,25644.19114091332,0.054054054054054,0.20414918741768306
Milano,20133,42154.77940128992,0.7027027027027027,0.7954201077079711
Milano,20134,18157.902263397384,0.3783783783783784,0.4953105165680179
Milano,20135,31136.771474115347,0.7567567567567568,0.7260584120366481
Milano,20136,15831.71548743712,0.7297297297297297,0.5079677838718116
Milano,20137,26582.895575808776,0.5405405405405406,0.48923666032472246
Milano,20138,31954.43789382021,0.2162162162162162,0.3701925681130343
Milano,20139,43408.28340928579,0.2972972972972973,0.40354928784664057
Milano,20141,46330.01235601957,0.4324324324324324,0.3893942486718968
Milano,20142,58857.18368934735,0.1621621621621621,0.16824328621729007
Milano,20143,28955.93607047262,0.6216216216216216,0.3950211043832812
Milano,20144,35582.69300628288,0.8108108108108109,0.6898459007832616
Milano,20145,17984.83574706316,1.0,0.5927483301003161
Milano,20146,57661.49241463013,0.6756756756756757,0.5558121517281893
Milano,20147,39199.78286810861,0.3513513513513513,0.2554851887010473
Milano,20148,37351.296951887605,0.5675675675675675,0.27117416639960557
Milano,20149,26513.87343434989,0.8648648648648649,0.8221572479775171
Milano,20151,43367.30255608026,0.5135135135135135,0.44493605583000734
Milano,20152,39280.54809777944,0.027027027027027,0.21051438054085697
Milano,20153,29877.59610690628,0.1081081081081081,0.10253331911675354
Milano,20154,32464.121872653566,0.7837837837837838,0.8279929411529336
Milano,20155,25430.72367665172,0.4594594594594595,0.3940482431066091
Milano,20156,21816.76977269658,0.081081081081081,0.17498854669117433
Milano,20157,34543.71745006916,0.0,0.21720451339657
Milano,20158,30083.48366282383,0.1891891891891892,0.5996786363677804
Milano,20159,30468.908981084824,0.4864864864864865,0.5157502840207525
Milano,20161,46168.40514221111,0.1351351351351351,0.352326438189175
Milano,20162,35801.231649030815,0.2702702702702703,0.4372414108238854
Venezia,30121,15460.860624794746,0.75,0.5928287584254945
Venezia,30122,12214.600140409337,0.625,0.445035662295114
Venezia,30123,6397.720984497004,0.8125,0.4385063447080804
Venezia,30124,3991.97691037837,1.0,0.6024516410031295
Venezia,30125,5129.916659143236,0.9375,0.7853637709411753
Venezia,30126,20049.12151277709,0.6875,0.6245036056513866
Venezia,30132,1610.3514307590406,0.375,0.3427653599839867
Venezia,30133,5627.310009497735,0.25,0.32975939887242933
Venezia,30135,5568.24189736125,0.875,0.7041876186911673
Venezia,30141,5054.504014179369,0.1875,0.28203822253988237
Venezia,30142,2785.4888036118623,0.0,0.13118170379812547
Venezia,30171,13191.348184890216,0.4375,0.6316217947559792
Venezia,30172,13281.604015941162,0.5,0.5278848312475889
Venezia,30173,55477.33302860038,0.3125,0.5840981503884657
Venezia,30174,65941.1903557398,0.5625,0.7231463625768152
Venezia,30175,25003.66070057316,0.0625,0.5499665848226909
Venezia,30176,2566.3636249065157,0.125,0.4613780092649496
Trieste,34121,1875.40963265662,0.7777777777777778,0.7579355719614532
Trieste,34122,1455.8989808559418,0.0,0.6865120073233077
Trieste,34123,6102.271684997281,1.0,0.7858948500670222
Trieste,34124,3958.574126918697,0.8518518518518519,0.7734297153298191
Trieste,34125,3844.69473807017,0.5925925925925926,0.3525986553431369
Trieste,34126,6288.6545178824,0.5185185185185185,0.4951899412770557
Trieste,34127,7877.818625680716,0.6296296296296297,0.498373054184171
Trieste,34128,9787.739135704727,0.4074074074074074,0.6809126831865826
Trieste,34129,4084.201669692993,0.2592592592592592,0.34573110461902073
Trieste,34131,3173.07505522834,0.2962962962962963,0.6475435436998501
Trieste,34132,2014.606173127696,0.2222222222222222,0.6056535788383582
Trieste,34133,4132.379152509901,0.8148148148148148,0.4733259329901331
Trieste,34134,7087.465249209276,0.9629629629629628,0.4423362969574455
Trieste,34135,9472.128642902968,0.5555555555555556,0.5842094786951602
Trieste,34136,8257.450728692127,0.925925925925926,0.8767903025401352
Trieste,34137,10663.091668375666,0.037037037037037,0.10869805558300608
Trieste,34138,8647.590286446943,0.1111111111111111,0.08035144257999421
Trieste,34139,12325.735661168686,0.4444444444444444,0.27351199828638645
Trieste,34141,6794.205262555017,0.6666666666666666,0.24788145596013175
Trieste,34142,6867.086880849467,0.7037037037037037,0.5512317377957547
Trieste,34143,6184.252949032519,0.7407407407407407,0.4732927244700298
Trieste,34144,8808.001075699825,0.074074074074074,0.26524502434328806
Trieste,34145,6562.346002925825,0.1851851851851851,0.33109597936763885
Trieste,34146,6351.574129409673,0.3333333333333333,0.5013389739945806
Trieste,34147,1430.8966958531205,0.3703703703703703,0.5746245908452332
Trieste,34148,15898.148762607854,0.1481481481481481,0.1878254247356099
Trieste,34149,13313.057352258564,0.4814814814814814,0.4478356849285405
Trieste,34151,11965.557748725676,0.8888888888888888,0.6960145786737986
Bologna,40121,6948.089110721317,0.6666666666666666,0.7443139038849852
Bologna,40122,12176.05369600902,0.4444444444444444,0.7145691798235215
Bologna,40123,7191.547417349287,0.7222222222222222,0.5708836564033439
Bologna,40124,8372.600040975543,0.8333333333333334,0.7006596509622617
Bologna,40125,8263.001950989168,0.9444444444444444,0.6002958635263266
Bologna,40126,10561.022562626336,0.6111111111111112,0.5416034823681808
Bologna,40127,32643.036294045294,0.0,0.1983175439678042
Bologna,40128,31470.494340742986,0.1666666666666666,0.15294560060704568
Bologna,40129,20506.415017488296,0.0555555555555555,0.1759922224982927
Bologna,40131,26360.87381791868,0.2222222222222222,0.42407407894914584
Bologna,40132,25682.23862568447,0.1111111111111111,0.23848901871424757
Bologna,40133,38994.19118110939,0.2777777777777778,0.3833894666619133
Bologna,40134,17986.604852502544,0.5555555555555556,0.6630811995419819
Bologna,40135,8583.30173564459,0.8888888888888888,0.6871677841295131
Bologna,40136,8843.58910438703,1.0,0.2238874325732496
Bologna,40137,24600.468611719705,0.7777777777777778,0.6678103034809035
Bologna,40138,34156.066371983994,0.3888888888888889,0.19092575552945734
Bologna,40139,41264.168214804486,0.3333333333333333,0.6106879145192489
Bologna,40141,20846.237563375915,0.5,0.551868314235232
Firenze,50121,11131.139476416838,0.6,0.49318057112485797
Firenze,50122,8556.809320082268,0.7,0.3249997554261598
Firenze,50123,9306.972857343912,0.9,0.08836226832749894
Firenze,50124,13753.361342664704,0.55,0.24243161645113728
Firenze,50125,19992.873480894574,0.95,0.20420194503119649
Firenze,50126,25959.519759992847,0.3,0.32940120102177967
Firenze,50127,38608.93269195609,0.1,0.3929427954266215
Firenze,50129,9946.171562207865,0.85,0.49812255697146246
Firenze,50131,9435.485719966391,0.75,0.8039542908169264
Firenze,50132,7787.665737080905,1.0,0.8504823291013562
Firenze,50133,12181.88469554598,0.65,0.431870438287719
Firenze,50134,18291.304503864296,0.4,0.7819633191747267
Firenze,50135,17651.035578770803,0.35,0.6289494595634075
Firenze,50136,19419.865537320475,0.45,0.46294628562184076
Firenze,50137,14018.429637421685,0.5,0.4585998803607841
Firenze,50139,8566.395378618297,0.8,0.5090179570357004
Firenze,50141,16872.577200373427,0.2,0.6643514061002326
Firenze,50142,46678.13705587969,0.05,0.4416661500613992
Firenze,50143,18345.218211805084,0.15,0.8453411078148344
Firenze,50144,19366.287972538736,0.25,0.6458340251052377
Firenze,50145,19370.619502555117,0.0,0.0944885338661422
Bari,70121,17125.48661581344,1.0,0.7850897279463858
Bari,70122,19910.530009041056,0.9,0.4813985400281981
Bari,70123,36790.71395457331,0.2,0.41618759448069664
Bari,70124,50153.586133812336,0.7,0.7026337541041187
Bari,70125,37095.91647722598,0.8,0.7357124897938039
Bari,70126,45629.33149840743,0.6,0.6481077130678516
Bari,70127,12496.309892444937,0.4,0.3735634131775048
Bari,70128,15324.002409589806,0.5,0.47363195464698327
Bari,70129,14309.622516158748,0.1,0.32517597735741427
Bari,70131,17797.00724826276,0.3,0.38344892093632427
Bari,70132,51529.97859199103,0.0,0.12188196081909512
Napoli,80121,11963.289005544451,1.0,0.82570737537073
Napoli,80122,19953.568850141437,0.9166666666666666,0.8210981092826487
Napoli,80123,22412.715019121584,0.9583333333333334,0.8349346779306474
Napoli,80124,35235.92261910695,0.4583333333333333,0.7111243336190951
Napoli,80125,45988.20748306326,0.5833333333333334,0.725547817448744
Napoli,80126,111017.80161377128,0.375,0.4117706571210925
Napoli,80127,27505.45498935568,0.875,0.8321181815728382
Napoli,80128,47006.62621632291,0.7916666666666666,0.7295904417437338
Napoli,80129,23044.600918723787,0.8333333333333334,0.8169842449974094
Napoli,80131,55842.39524539633,0.75,0.9018447712087425
Napoli,80132,25730.1255011394,0.6666666666666666,0.4458890442366531
Napoli,80133,7719.911754213228,0.7083333333333334,0.5865900062837258
Napoli,80134,18975.87270693605,0.5416666666666666,0.35151437599091795
Napoli,80135,18783.28791358705,0.5,0.37126548554335176
Napoli,80136,34889.7739168503,0.4166666666666667,0.34785431865608746
Napoli,80137,32789.111503880886,0.25,0.2865600090895461
Napoli,80138,13970.296602249146,0.625,0.3174828060921339
Napoli,80139,23952.681782735715,0.0,0.28076866695805924
Napoli,80141,35046.41708367742,0.3333333333333333,0.34832855813896507
Napoli,80142,21898.512268294893,0.0416666666666666,0.3566051322559096
Napoli,80143,34204.04582578942,0.2916666666666667,0.41853217799273623
Napoli,80144,82301.49506750607,0.125,0.23216336853262576
Napoli,80145,77544.98931985775,0.2083333333333333,0.3808535736797831
Napoli,80146,27982.113102111216,0.0833333333333333,0.3104057295390169
Napoli,80147,82630.56509279086,0.1666666666666666,0.32632677404197624
Palermo,90121,18790.76437231745,0.12,0.3127380419380952
Palermo,90123,35639.813029505865,0.2,0.1548945571880763
Palermo,90124,41380.39630618383,0.32,0.22718786524700907
Palermo,90125,22014.68638854203,0.24,0.3437510386027083
Palermo,90126,10929.14421535953,0.4,0.559716719922459
Palermo,90127,22768.076286735984,0.16,0.4308178511741103
Palermo,90128,18456.263215864343,0.28,0.2446214685860763
Palermo,90129,31598.17286973038,0.64,0.38176337273568545
Palermo,90131,13075.17619178312,0.52,0.7122628782290492
Palermo,90133,11660.370430787878,0.72,0.4762922909163492
Palermo,90134,19167.71715252489,0.08,0.32102589746842036
Palermo,90135,73993.67473069164,0.36,0.33033445755606794
Palermo,90136,10997.82512476498,0.44,0.49121447169794574
Palermo,90138,21333.968234915734,0.56,0.31127522873526364
Palermo,90139,13145.94158256054,0.84,0.6552526429305939
Palermo,90141,15185.930473687804,1.0,0.8218949155146946
Palermo,90142,31807.016679103403,0.48,0.6163504261513423
Palermo,90143,23700.576068423987,0.88,0.7816359387519252
Palermo,90144,34902.455572927,0.96,0.7599709369360701
Palermo,90145,70929.88139404508,0.68,0.5039907597127512
Palermo,90146,70706.645158534,0.76,0.45968193015472303
Palermo,90147,20517.39093938612,0.6,0.5709510472674355
Palermo,90149,5073.460207339955,0.92,0.7086525016764972
Palermo,90151,11334.91701505136,0.8,0.6384096816394597
Amsterdam,BU0363AA02,1496.664737701416,0.6301369863013698,0.8091709070811115
Amsterdam,BU0363AB02,2065.4850056966143,0.7191780821917808,0.792400753830883
Amsterdam,BU0363AB05,2347.7994732326933,0.6575342465753424,0.8004057812759621
Amsterdam,BU0363AB07,2409.9741615719267,0.8424657534246576,0.7731456705791379
Amsterdam,BU0363AB10,3936.230126698812,0.7534246575342466,0.8843572028398577
Amsterdam,BU0363AJ01,4200.814888636272,0.910958904109589,0.7205698574032395
Amsterdam,BU0363AK04,1325.6505549351375,0.7876712328767124,0.5963770157742256
Amsterdam,BU0363AK07,1240.5780825085112,0.6301369863013698,0.6649980554831003
Amsterdam,BU0363EB07,1074.816669676039,0.4178082191780822,0.5076586170037081
Amsterdam,BU0363EC01,3397.7283965846423,0.9794520547945206,0.8797379887109559
Amsterdam,BU0363ED01,2556.073388232125,0.1986301369863013,0.2802013362771572
Amsterdam,BU0363ED03,1405.741775724623,0.5,0.20144521774118657
Amsterdam,BU0363EE01,4011.6687852276696,0.410958904109589,0.4224173310722967
Amsterdam,BU0363EE02,2049.220936536789,0.3835616438356164,0.31760691296507626
Amsterdam,BU0363EE06,2808.2932458983523,0.5958904109589042,0.5085951190669933
Amsterdam,BU0363EF02,2662.6292269958394,0.6575342465753424,0.35844316743061744
Amsterdam,BU0363EH01,1919.1834526062007,0.7191780821917808,0.643816913864615
Amsterdam,BU0363EH02,2800.149633407593,0.5958904109589042,0.6865022691746421
Amsterdam,BU0363EH06,2629.679938528273,0.6575342465753424,0.6604759384502944
Amsterdam,BU0363EJ01,3393.113783730401,0.6575342465753424,0.6381637109769112
Amsterdam,BU0363EJ03,2539.8722229003906,0.7876712328767124,0.7118407636388505
Amsterdam,BU0363EL02,1450.6744310590957,0.7191780821917808,0.47336956836417643
Amsterdam,BU0363EM02,2204.1133723788794,0.5,0.17293134748452782
Amsterdam,BU0363EM04,2326.6390740076704,0.3835616438356164,0.29910076165833976
Amsterdam,BU0363EP02,3306.4302582210967,0.7876712328767124,0.6695667899626125
Amsterdam,BU0363EQ01,5155.556202464633,0.7123287671232876,0.6805709039786585
Amsterdam,BU0363ER01,1522.8178627888362,0.7191780821917808,0.499822067739988
Amsterdam,BU0363ER02,2950.640656259325,0.7876712328767124,0.5705571231497925
Amsterdam,BU0363ES02,2447.214204788208,0.3356164383561644,0.6432140924262186
Amsterdam,BU0363ET01,4602.88283665975,0.7465753424657534,0.6722066545268711
Amsterdam,BU0363EU02,3807.499034881592,0.7876712328767124,0.7063363594654382
Amsterdam,BU0363FB03,3456.624856337905,0.0753424657534246,0.1619052902139347
Amsterdam,BU0363FB05,1947.5476338995827,0.1232876712328767,0.24877122761205195
Amsterdam,BU0363FB06,1662.1526556015017,0.0273972602739726,0.16010037703115382
Amsterdam,BU0363FB07,1909.8920406732293,0.1232876712328767,0.18116920475455894
Amsterdam,BU0363FC01,2045.2059956126743,0.1643835616438356,0.1449603607532725
Amsterdam,BU0363FC02,1469.749599364069,0.0068493150684931,0.12920904715455958
Amsterdam,BU0363FC03,2377.485253784392,0.0753424657534246,0.16634159858051845
Amsterdam,BU0363FD01,1531.9578156140117,0.0273972602739726,0.12626042197798543
Amsterdam,BU0363FD04,2002.0942134989632,0.1232876712328767,0.12460835929846178
Amsterdam,BU0363FE03,3170.578893889984,0.363013698630137,0.15451468628515247
Amsterdam,BU0363FG01,3910.4162533283234,0.2328767123287671,0.49480291198156917
Amsterdam,BU0363FG02,4483.142575273911,0.4178082191780822,0.7123123058990029
Amsterdam,BU0363FG03,7418.501647253832,0.541095890410959,0.4605782714988019
Amsterdam,BU0363FH02,4506.774364882045,0.3287671232876712,0.22117222513291165
Amsterdam,BU0363FJ01,1541.740731070439,0.0273972602739726,0.08181927246143669
Amsterdam,BU0363FJ02,1883.409148640103,0.1232876712328767,0.2482583215804519
Amsterdam,BU0363FJ03,2225.076408863068,0.1232876712328767,0.19201883678009724
Amsterdam,BU0363FJ04,4256.617723941803,0.4863013698630137,0.5273918728595136
Amsterdam,BU0363FK01,2265.0279547505907,0.0136986301369863,0.1777444452028609
Amsterdam,BU0363FK02,1200.7769315308994,0.4178082191780822,0.08564752828599206
Amsterdam,BU0363FK03,2792.846381223864,0.2808219178082192,0.2479370704409395
Amsterdam,BU0363FK05,4539.755861926824,0.2328767123287671,0.5586464763728978
Amsterdam,BU0363FL03,2200.3872071637047,0.0136986301369863,0.302857999485982
Amsterdam,BU0363FM02,3953.213200400273,0.2328767123287671,0.23030644684992635
Amsterdam,BU0363FM04,3145.8026235633424,0.3835616438356164,0.2551081533687709
Amsterdam,BU0363FN01,2289.096236845168,0.1643835616438356,0.31155326096417896
Amsterdam,BU0363FN02,2882.479133023156,0.363013698630137,0.4153254840857805
Amsterdam,BU0363FN04,2987.2837807072533,0.2328767123287671,0.4958898497785019
Amsterdam,BU0363FP02,2177.948684533437,0.9383561643835616,0.4513576709473266
Amsterdam,BU0363FP04,2514.794083250894,0.3013698630136986,0.5217478288042199
Amsterdam,BU0363FQ02,2739.189857247803,0.4178082191780822,0.6323948296137698
Amsterdam,BU0363FQ03,3742.29964864254,0.4178082191780822,0.5551092687816946
Amsterdam,BU0363KA01,2061.0124663379456,0.8698630136986302,0.744997161885311
Amsterdam,BU0363KC03,2296.160586886936,0.9863013698630136,0.7580078325159988
Amsterdam,BU0363KD02,3424.611727078756,1.0,0.7398033294650004
Amsterdam,BU0363KE01,1503.0696642133926,0.8835616438356164,0.7122267351575731
Amsterdam,BU0363KE04,3054.1487043632405,0.5616438356164384,0.640356121466201
Amsterdam,BU0363KE05,2210.117769824134,0.910958904109589,0.6306726057655702
Amsterdam,BU0363KF01,2886.2863729265005,0.7876712328767124,0.71684900875403
Amsterdam,BU0363KF03,2002.4467160966665,0.8424657534246576,0.6289774498025765
Amsterdam,BU0363KF04,1731.6519202656216,0.7534246575342466,0.5761602814608532
Amsterdam,BU0363KG02,1422.524204572042,0.4178082191780822,0.5446608536113622
Amsterdam,BU0363KG03,2052.671534279982,0.3356164383561644,0.5202404599458906
Amsterdam,BU0363KH05,2595.149670150545,0.8972602739726028,0.7105709868270194
Amsterdam,BU0363KJ04,2156.0436118443804,0.9726027397260274,0.7309961210584521
Amsterdam,BU0363KK01,2773.446783065796,0.9452054794520548,0.8357936477134787
Amsterdam,BU0363KK02,3123.766282399496,0.8698630136986302,0.7704395524158308
Amsterdam,BU0363KK03,2785.401003943549,0.9452054794520548,0.7998497817969926
Amsterdam,BU0363KL02,1715.5815322001774,0.5958904109589042,0.7641463423927919
Amsterdam,BU0363KM04,1440.4207573400604,0.8424657534246576,0.8385848244065907
Amsterdam,BU0363KP04,2247.644231690301,0.9931506849315068,0.7131242518483066
Amsterdam,BU0363KQ04,5117.9161762860085,0.7808219178082192,0.7032687695045235
Amsterdam,BU0363KQ05,4431.205604612827,0.7876712328767124,0.45609866732739135
Amsterdam,BU0363KQ06,3888.5671124541095,0.6575342465753424,0.3351747921363354
Amsterdam,BU0363KR02,2132.120125571886,0.5547945205479452,0.7137387748828532
Amsterdam,BU0363KR03,5230.220320067472,0.7671232876712328,0.7125855599896042
Amsterdam,BU0363MA01,477.62687346054656,0.8835616438356164,0.7020179177836144
Amsterdam,BU0363MA05,672.4266266773145,0.8424657534246576,0.8431332009198105
Amsterdam,BU0363MA06,729.9411522823178,0.7671232876712328,0.8146263420718954
Amsterdam,BU0363MB02,2148.9345701336856,0.8972602739726028,0.5435405675655606
Amsterdam,BU0363MC01,3212.754880189896,0.5684931506849316,0.7497842889223139
Amsterdam,BU0363MC03,1578.8448593351577,0.5,0.5135415802852847
Amsterdam,BU0363MC04,1896.642089207967,0.6301369863013698,0.448840642423556
Amsterdam,BU0363MD01,2246.440799077352,0.3835616438356164,0.4881255957858936
Amsterdam,BU0363MD02,3035.611307673984,0.5342465753424658,0.5496995516871777
Amsterdam,BU0363ME01,2674.646158218384,0.4178082191780822,0.6353256166194071
Amsterdam,BU0363ME02,2430.880153311623,0.5,0.6110464776698933
Amsterdam,BU0363MF01,2680.723718855116,0.5684931506849316,0.43205485090974555
Amsterdam,BU0363MF02,2738.3230289883086,0.4863013698630137,0.39498430858838324
Amsterdam,BU0363MF03,2187.2227979236177,0.2328767123287671,0.4488339065735969
Amsterdam,BU0363MG01,3148.6750745243494,0.3356164383561644,0.41023627153836534
Amsterdam,BU0363MG03,1583.5863256355126,0.3082191780821918,0.4684146069457601
Amsterdam,BU0363MH02,722.1881111694707,0.6575342465753424,0.5799517039116673
Amsterdam,BU0363MJ01,0.0,0.6301369863013698,0.5979522903347414
Amsterdam,BU0363MJ03,2030.1414654139016,0.910958904109589,0.48475565318600133
Amsterdam,BU0363MJ04,1445.848464600535,0.6232876712328768,0.5181787149496276
Amsterdam,BU0363MJ05,4069.223098658853,0.5684931506849316,0.5014984477196228
Amsterdam,BU0363ML02,1203.0161849657693,0.5958904109589042,0.5468008930432839
Amsterdam,BU0363MM08,1810.0265777589132,0.5684931506849316,0.692775623143668
Amsterdam,BU0363MN01,2172.670694828033,0.910958904109589,0.7874606633798634
Amsterdam,BU0363MN02,2121.665001021491,0.7876712328767124,0.7942419469194755
Amsterdam,BU0363MN03,3827.313783009847,0.6575342465753424,0.762837984572724
Amsterdam,BU0363MP03,3091.320308629009,0.2808219178082192,0.7465943921017456
Amsterdam,BU0363MQ05,985.3744542135132,0.958904109589041,0.9916301943942312
Amsterdam,BU0363NA04,3541.206321595443,0.4178082191780822,0.8226866386979111
Amsterdam,BU0363NA07,1027.0805199907886,0.0273972602739726,0.37953377214761636
Amsterdam,BU0363NB03,2126.3159307410638,0.6575342465753424,0.8100154694516725
Amsterdam,BU0363NB07,1497.407590877446,0.9657534246575342,0.4147951974171619
Amsterdam,BU0363NC02,4273.1060090065,0.2123287671232876,0.34980306518007775
Amsterdam,BU0363NC03,4197.81229885088,0.2123287671232876,0.5379677191012178
Amsterdam,BU0363NC04,2503.0869341426423,0.363013698630137,0.4881320465633519
Amsterdam,BU0363NE01,1010.2536004597528,0.0273972602739726,0.34166300881769684
Amsterdam,BU0363NE02,1578.0291863573818,0.1027397260273972,0.15592388833510776
Amsterdam,BU0363NE03,2130.0883123198937,0.0753424657534246,0.3376177925800228
Amsterdam,BU0363NE04,3308.435999015967,0.3356164383561644,0.29062248052768813
Amsterdam,BU0363NG01,3109.7125105070363,0.541095890410959,0.42949180860076175
Amsterdam,BU0363NH02,1072.0809226036072,0.0273972602739726,0.17422902080916963
Amsterdam,BU0363NH05,939.0598472224342,0.1643835616438356,0.28572697679474063
Amsterdam,BU0363NJ02,1987.6241940338575,0.1027397260273972,0.3409790562896776
Amsterdam,BU0363NJ05,1887.064072496361,0.3082191780821918,0.3766431823502008
Amsterdam,BU0363NK03,3655.747958645587,0.1643835616438356,0.3220653821777181
Amsterdam,BU0363NL03,4149.351206206614,0.1986301369863013,0.32648327420573614
Amsterdam,BU0363TB01,3291.729379560178,0.273972602739726,0.13997253517267802
Amsterdam,BU0363TB02,2487.112471067243,0.2123287671232876,0.31317936758985354
Amsterdam,BU0363TC02,2440.319656107161,0.3082191780821918,0.14131453139150502
Amsterdam,BU0363TD02,1083.888080517451,0.0273972602739726,0.011335808290518804
Amsterdam,BU0363TE02,3473.72591190868,0.2808219178082192,0.14184135098579378
Amsterdam,BU0363TF01,3154.41541679783,0.5,0.3713211939953677
Amsterdam,BU0363TG02,1427.4645619922217,0.1027397260273972,0.1936429111441962
Amsterdam,BU0363TH02,2017.9123463895585,0.1232876712328767,0.0877047494704791
Amsterdam,BU0363TJ01,2158.6869350804222,0.0,0.09662603342975111
Amsterdam,BU0363TJ03,2183.930390894413,0.0753424657534246,0.292185975432356
Amsterdam,BU0363TK01,1869.5584091241983,0.4178082191780822,0.3215555276668353
Amsterdam,BU0363TM01,1782.1594086090724,0.1643835616438356,0.30566453082907374
Amsterdam,BU0363TM03,2861.6991918902427,0.4178082191780822,0.30941374436831465
Amsterdam,BU0363TM04,2472.9331809334044,0.2328767123287671,0.37008998964838324
The Hague,BU05180271,9546.466964441452,0.8734177215189873,0.5132319179253861
The Hague,BU05180477,5729.246417052216,0.9873417721518988,0.6589390397149868
The Hague,BU05180546,6814.007620368153,0.9746835443037974,0.7506148047208985
The Hague,BU05180701,2970.773902401328,0.4683544303797468,0.5746998908223591
The Hague,BU05180702,5758.722650525264,0.6455696202531646,0.5825466286236727
The Hague,BU05180703,5969.023679176242,0.7974683544303798,0.6084295218878276
The Hague,BU05180704,3061.229259835349,0.569620253164557,0.6926945317450642
The Hague,BU05180800,4154.953316013691,0.5189873417721519,0.6781135121011045
The Hague,BU05180907,13491.488094912636,1.0,0.6066905918821845
The Hague,BU05180908,3599.8664784166544,0.4683544303797468,0.6211162751230233
The Hague,BU05181142,2167.1390268007917,0.8860759493670886,0.7691126646425547
The Hague,BU05181143,7427.745211998622,0.9493670886075948,0.7120892448841252
The Hague,BU05181251,6455.477675689591,0.7848101265822784,0.8121792947967985
The Hague,BU05181252,7599.839698486858,0.759493670886076,0.8231698716048784
The Hague,BU05181309,6440.199902761158,0.9620253164556962,0.8613869467169896
The Hague,BU05181492,4217.771351728588,0.7721518987341772,0.7322099988155574
The Hague,BU05181697,7691.934695941862,0.9367088607594936,0.5721349393223694
The Hague,BU05181786,11914.76082983282,0.6455696202531646,0.7923058688192247
The Hague,BU05181795,4158.020276976957,0.379746835443038,0.5567074794314206
The Hague,BU05181840,6539.118751552371,0.3291139240506329,0.657560151679824
The Hague,BU05181882,3421.2381040255227,0.4683544303797468,0.813272760268037
The Hague,BU05181894,2672.6745508888525,0.569620253164557,0.7660860496020327
The Hague,BU05181953,7414.041498468981,0.9113924050632912,0.7767782886207998
The Hague,BU05181983,3458.482258255284,0.6455696202531646,0.8217337858302928
The Hague,BU05182054,7037.532341639201,0.4556962025316455,0.6037089418777192
The Hague,BU05182055,14018.492483774822,0.620253164556962,0.46645739558194454
The Hague,BU05182110,7196.721566518148,0.4430379746835443,0.3476702089440093
The Hague,BU05182144,8193.224544737073,0.7215189873417721,0.6647318210464561
The Hague,BU05182245,11810.253580411278,0.7341772151898734,0.6091504838253278
The Hague,BU05182561,3724.711484677262,0.3924050632911392,0.24567698428443238
The Hague,BU05182567,1849.206860139552,0.3544303797468354,0.6283716681532481
The Hague,BU05182569,5450.705805225091,0.5569620253164557,0.6231028921435785
The Hague,BU05182664,6431.725578467051,0.5443037974683544,0.4114330892487957
The Hague,BU05182665,6622.423996583118,0.9240506329113924,0.7862256115395185
The Hague,BU05182666,8227.499318326098,0.8354430379746836,0.8377150732831615
The Hague,BU05182718,5923.478094418844,0.0759493670886076,0.25644579952457974
The Hague,BU05182763,5888.786459710862,0.569620253164557,0.43608607159792473
The Hague,BU05182811,9410.502671877544,0.6329113924050633,0.43134528297438296
The Hague,BU05182813,5172.845707787408,0.810126582278481,0.5735347078216195
The Hague,BU05182814,7416.404528194003,0.3164556962025316,0.4652825500921322
The Hague,BU05182915,11914.763610415988,0.1645569620253164,0.17797615010989096
The Hague,BU05182916,8235.601295895047,0.1392405063291139,0.09430723942837832
The Hague,BU05182917,4717.894687122769,0.1139240506329113,0.07467135109469755
The Hague,BU05183032,3752.499327341716,0.0,0.37194216120492113
The Hague,BU05183033,4148.489893595377,0.0126582278481012,0.14242224316180657
The Hague,BU05183034,5845.2336381276455,0.2278481012658227,0.0534211152722019
The Hague,BU05183130,4959.054130766126,0.3670886075949367,0.532572517198183
The Hague,BU05183131,3446.230550130208,0.1265822784810126,0.39192950521495235
The Hague,BU05183135,5223.150779869822,0.2911392405063291,0.32377861565168625
The Hague,BU05183284,15608.291054487228,0.5316455696202531,0.4950445561873028
The Hague,BU05183387,5256.903127739,0.1772151898734177,0.28411738130762443
The Hague,BU05183396,5438.406995501162,0.2658227848101265,0.1250195108663069
The Hague,BU05183398,6506.640002637067,0.2658227848101265,0.235978736645592
The Hague,BU05183480,3154.8956577512954,0.1772151898734177,0.22382740060247486
The Hague,BU05183488,6083.335893233618,0.430379746835443,0.46024703503962233
The Hague,BU05183489,3696.749576060308,0.2025316455696202,0.5175215792047465
The Hague,BU05183620,2446.8684765762755,0.0379746835443038,0.23235864726584327
The Hague,BU05183637,3449.251410590278,0.0886075949367088,0.24452277390053878
The Hague,BU05183638,4922.92648300363,0.2151898734177215,0.18185590580468747
The Hague,BU05183639,3519.4292538069813,0.050632911392405,0.30785179285953257
The Hague,BU05183721,4888.126076698303,0.0126582278481012,0.16207743894832924
The Hague,BU05183819,3187.3061084217497,0.1012658227848101,0.19249338955908357
The Hague,BU05183822,4968.55216858122,0.240506329113924,0.19241910527101128
The Hague,BU05183823,3558.261916925509,0.050632911392405,0.23700457707901118
The Hague,BU05183824,5430.138937102423,0.3037974683544304,0.2566348576477665
The Hague,BU05183825,8393.187783082325,0.240506329113924,0.2927514690663713
The Hague,BU05183826,5995.063465118408,0.1518987341772152,0.2999889282626845
The Hague,BU05184001,3884.17221337888,0.569620253164557,0.45611194400544075
The Hague,BU05184002,11047.493049780527,0.8607594936708861,0.7640905281542588
The Hague,BU05184003,2821.584616767035,0.810126582278481,0.7645857096175471
The Hague,BU05184004,3553.4554233021204,0.3291139240506329,0.7258534008011873
The Hague,BU05184005,2072.0932503325557,0.4050632911392405,0.7267669556803463
The Hague,BU05184212,6921.467300366403,0.8481012658227848,0.5331882022960256
The Hague,BU05184213,5536.758945251091,0.4683544303797468,0.403373530053604
The Hague,BU05184214,8245.792914258729,0.4050632911392405,0.6586227393643734
The Hague,BU05184215,5756.549959811072,0.7468354430379747,0.6895069981798455
The Hague,BU05184418,7453.976470377711,0.6455696202531646,0.583992753326436
The Hague,BU05184419,4204.088545507596,0.7088607594936709,0.7579713061131758
The Hague,BU05184420,7737.844659049064,0.8987341772151899,0.7457504848250892
The Hague,BU05184421,3210.194858976019,0.6455696202531646,0.7205950707553551
Rotterdam,BU05990110,15540.790114804586,0.7619047619047619,0.38607027506122055
Rotterdam,BU05990111,5555.259652508629,0.3968253968253968,0.2007369634234352
Rotterdam,BU05990112,8148.472892337375,0.6825396825396826,0.4422364010099262
Rotterdam,BU05990118,1650.8997780336072,0.9523809523809524,0.7132162955189925
Rotterdam,BU05990320,4051.777684966723,0.2222222222222222,0.1782669537499885
Rotterdam,BU05990321,2773.1029794745973,0.1746031746031746,0.15617622194181469
Rotterdam,BU05990322,4348.01745393541,0.0317460317460317,0.20525384787327478
Rotterdam,BU05990323,4537.501396152708,0.2857142857142857,0.1331729534919751
Rotterdam,BU05990324,10771.984894898203,0.3015873015873015,0.2179226787513368
Rotterdam,BU05990325,5769.2379801405805,0.5873015873015873,0.24259746376725452
Rotterdam,BU05990327,3582.403630105985,0.1587301587301587,0.15460063336061772
Rotterdam,BU05990329,1236.187263738364,0.8095238095238095,0.3936124689656645
Rotterdam,BU05990451,4766.975801547368,0.4285714285714285,0.37415090190172484
Rotterdam,BU05990455,4611.972030480754,0.8888888888888888,0.7809208887415128
Rotterdam,BU05990456,4249.931572194315,0.7301587301587301,0.7344533067477493
Rotterdam,BU05990515,4005.9972248077393,0.1904761904761904,0.3591474566841721
Rotterdam,BU05990516,2404.630663673083,0.5396825396825397,0.6250810829148202
Rotterdam,BU05990531,3198.2953179677324,0.5714285714285714,0.6073654996161892
Rotterdam,BU05990532,6243.336198753781,0.8253968253968254,0.672829104385021
Rotterdam,BU05990534,4411.226173877716,0.6507936507936508,0.568544014986442
Rotterdam,BU05990535,9446.46266439888,0.3015873015873015,0.34489955001715533
Rotterdam,BU05990660,11800.77073212911,0.6031746031746031,0.7771332201270582
Rotterdam,BU05990661,6489.65488628712,0.873015873015873,0.7278570521208865
Rotterdam,BU05990662,6689.995169389373,0.9365079365079364,0.8231894551240283
Rotterdam,BU05990664,3739.343823273873,0.8571428571428571,0.8069075686540865
Rotterdam,BU05990665,7548.706286777911,1.0,0.8462774371943501
Rotterdam,BU05990814,4187.80271630817,0.238095238095238,0.23886362711296172
Rotterdam,BU05990836,2380.843845148894,0.4761904761904761,0.2887202145826648
Rotterdam,BU05990837,3534.3730348348613,0.0476190476190476,0.22376976011046426
Rotterdam,BU05990841,7555.971747848722,0.3809523809523809,0.33492281285154135
Rotterdam,BU05990842,7489.496511510677,0.984126984126984,0.32480337261316383
Rotterdam,BU05990845,2454.509755541661,0.3968253968253968,0.324813609142097
Rotterdam,BU05990847,2347.424291248886,0.5238095238095238,0.2790491304834058
Rotterdam,BU05991017,1285.9198225725236,0.9523809523809524,0.4970435766996491
Rotterdam,BU05991079,2313.71730320404,0.7301587301587301,0.2406920107467216
Rotterdam,BU05991080,11203.539028199182,0.1111111111111111,0.18301435155167406
Rotterdam,BU05991081,7492.519194285076,0.0,0.1412508956205868
Rotterdam,BU05991082,5967.976419054799,0.0634920634920634,0.17841100262383022
Rotterdam,BU05991085,1583.2356524605098,0.7619047619047619,0.4115375698339843
Rotterdam,BU05991086,3904.9340436922175,0.1269841269841269,0.10797025987208425
Rotterdam,BU05991087,1496.257107455348,0.0793650793650793,0.19717957684580745
Rotterdam,BU05991088,1523.506044171039,0.7142857142857143,0.5296010360604233
Rotterdam,BU05991283,4867.540766763424,0.8412698412698413,0.37962637094901575
Rotterdam,BU05991284,8465.189861527333,0.2698412698412698,0.2523736785999478
Rotterdam,BU05991289,18330.47117457006,0.3333333333333333,0.4755572010179289
Rotterdam,BU05991290,5391.369717830947,0.365079365079365,0.392241591567687
Rotterdam,BU05991391,3628.809257141741,0.4603174603174603,0.745156630077522
Rotterdam,BU05991444,7929.792103421047,0.9206349206349206,0.8307123969496057
Rotterdam,BU05991448,6710.661994789882,0.6666666666666666,0.591944837549819
Rotterdam,BU05991449,9384.485773643426,0.4285714285714285,0.7451043536564826
Rotterdam,BU05991463,15384.58498377979,0.492063492063492,0.5725802785346313
Rotterdam,BU05991466,9588.758998814556,0.5079365079365079,0.5542367335598565
Rotterdam,BU05991467,7196.425094801519,0.3492063492063492,0.5606677845750867
Rotterdam,BU05991468,11268.292359447109,0.9047619047619048,0.7257558925747769
Rotterdam,BU05991571,5802.066480320258,0.0158730158730158,0.11542162939180438
Rotterdam,BU05991572,4171.62832328346,0.0793650793650793,0.127715715985161
Rotterdam,BU05991573,5025.979552808321,0.1269841269841269,0.2261882988307268
Rotterdam,BU05991574,6538.485530582567,0.238095238095238,0.1936281711826528
Rotterdam,BU05991577,6718.522471877436,0.2063492063492063,0.3221487167811099
Rotterdam,BU05991692,10353.575745766855,0.6190476190476191,0.5051659874634525
Rotterdam,BU05991699,15844.565820926811,0.5555555555555556,0.5413662500542539
Rotterdam,BU05991701,2424.7653899174184,0.7936507936507936,0.8615307418161754
Rotterdam,BU05991702,6539.423470416779,0.6349206349206349,0.6519320604939424
Rotterdam,BU05992704,9015.150839974796,0.6984126984126984,0.6753092173943901
Lisbon,110601,16428.27729724128,0.3478260869565217,0.3904930928900182
Lisbon,110602,14017.78036657583,0.391304347826087,0.6827040683184254
Lisbon,110607,12602.37236775145,0.0434782608695652,0.06928433631686087
Lisbon,110608,38101.12076869497,0.6521739130434783,0.5343834975054169
Lisbon,110610,16447.746576206424,0.4347826086956521,0.4565388350985788
Lisbon,110611,20703.815093122124,0.6956521739130435,0.34981730628040003
Lisbon,110618,46820.80271832083,1.0,0.6699703363450406
Lisbon,110621,39221.42128455327,0.0869565217391304,0.18103815348931426
Lisbon,110633,36365.03478616501,0.4782608695652174,0.333882012179599
Lisbon,110639,33996.141270403095,0.8695652173913043,0.6753905378408277
Lisbon,110654,32879.013563151224,0.8260869565217391,0.7641568812059777
Lisbon,110655,21003.80229410449,0.7391304347826086,0.8339552508745216
Lisbon,110656,32649.81472213268,0.2608695652173913,0.5942037915792698
Lisbon,110657,22085.49350704238,0.782608695652174,0.7400813711653927
Lisbon,110658,17257.334112875516,0.9130434782608696,0.7653415090386873
Lisbon,110659,22475.13031953335,0.6086956521739131,0.5083138787694917
Lisbon,110660,21535.38152748548,0.5652173913043478,0.4934658302192569
Lisbon,110661,13260.037725790142,0.217391304347826,0.6845395007044243
Lisbon,110662,21797.201749763077,0.9565217391304348,0.3336793505260569
Lisbon,110663,29383.698122252048,0.1739130434782608,0.45305103585097095
Lisbon,110664,23179.320652297796,0.3043478260869565,0.0981058095304893
Lisbon,110665,13234.71534019977,0.0,0.6202485906704738
Lisbon,110666,11479.407799496352,0.5217391304347826,0.6456721902319561
Lisbon,110667,15655.553418813366,0.1304347826086956,0.6855062134776778
Stockholm,0180R001,3557.329205955778,0.3571428571428571,0.4286719661105258
Stockholm,0180R002,9201.557851936324,0.0873015873015873,0.1969941291377898
Stockholm,0180R003,2475.7115574752797,0.6031746031746031,0.7336830597022941
Stockholm,0180R004,6185.088358644434,0.3492063492063492,0.5566342552468625
Stockholm,0180R005,11302.656011286896,0.1666666666666666,0.3672156239852008
Stockholm,0180R006,6925.441620210451,0.1428571428571428,0.44311337837603754
Stockholm,0180R007,3450.3297317116994,0.3333333333333333,0.5017738234819091
Stockholm,0180R008,6163.363129560968,0.365079365079365,0.5678336617750288
Stockholm,0180R009,4494.68615507954,0.2142857142857142,0.6185151427503931
Stockholm,0180R010,10877.52680770186,0.0952380952380952,0.03490932834390728
Stockholm,0180R011,2858.865950512643,0.9285714285714286,0.4667633214538914
Stockholm,0180R012,10510.812525918667,0.2936507936507936,0.0516648629715615
Stockholm,0180R013,2303.782460140939,0.6746031746031746,0.321541381729749
Stockholm,0180R014,2916.65411361306,0.8174603174603174,0.8095393297384187
Stockholm,0180R015,1088.8500463666812,0.7619047619047619,0.4161943563880361
Stockholm,0180R016,9383.581515108444,0.9444444444444444,0.794347145485621
Stockholm,0180R017,5472.272726900724,0.5555555555555556,0.6762507516105432
Stockholm,0180R018,4175.208723094618,0.7777777777777778,0.5018177603120838
Stockholm,0180R019,4181.898843514752,0.8333333333333334,0.4531191802695303
Stockholm,0180R020,1930.498588105968,0.0793650793650793,0.21047941725809458
Stockholm,0180R021,11605.899233128686,0.1746031746031746,0.4600328494996811
Stockholm,0180R022,4452.32612730289,0.8095238095238095,0.21377956727803768
Stockholm,0180R023,3102.152316682193,0.5714285714285714,0.7000680844343956
Stockholm,0180R024,6412.072308032185,0.2777777777777778,0.557111684937395
Stockholm,0180R025,11967.750575807782,0.4523809523809524,0.5347655764824133
Stockholm,0180R026,2599.5200057317293,0.0396825396825396,0.15274723348068597
Stockholm,0180R027,3413.217634543244,0.5079365079365079,0.6424378090956379
Stockholm,0180R028,6313.727631535647,0.2698412698412698,0.44680520438251553
Stockholm,0180R029,18477.420290762064,0.8650793650793651,0.7714181115589298
Stockholm,0180R030,26634.6762800929,0.6587301587301587,0.9166159941095269
Stockholm,0180R031,6117.639605416706,0.119047619047619,0.20304492837314014
Stockholm,0180R032,12832.13975991894,0.5,0.5690636802205092
Stockholm,0180R033,14374.175559681287,0.9206349206349206,0.910832263171824
Stockholm,0180R034,5380.92357239131,0.8253968253968254,0.5766110132377178
Stockholm,0180R035,5469.096752167661,0.7222222222222222,0.656040774828503
Stockholm,0180R036,7175.352362109499,0.0158730158730158,0.0406938232951454
Stockholm,0180R037,11009.049216800007,0.5793650793650794,0.5793692022169218
Stockholm,0180R038,7959.249023975159,0.2857142857142857,0.5829652255760996
Stockholm,0180R039,8715.854501503653,0.0476190476190476,0.055882922722354074
Stockholm,0180R040,5335.372748437889,0.1031746031746031,0.29052823575275666
Stockholm,0180R041,29193.030114848283,0.4206349206349206,0.30872128863656223
Stockholm,0180R042,11126.188515732863,0.1507936507936507,0.15229694712847555
Stockholm,0180R043,2167.8853463384567,1.0,0.40809400419256125
Stockholm,0180R044,7511.050136439921,0.1269841269841269,0.30868582127196076
Stockholm,0180R045,13528.918358262705,0.3174603174603174,0.6873224453852739
Stockholm,0180R046,20887.082560906736,0.1825396825396825,0.06655023696342702
Stockholm,0180R047,5369.394196700665,0.7698412698412699,0.8706173969419578
Stockholm,0180R048,8100.032815270279,0.7142857142857143,0.6226361750913205
Stockholm,0180R049,23281.14069389628,0.9047619047619048,0.8240719571886183
Stockholm,0180R050,7089.540659506101,0.4761904761904761,0.4191639294882006
Stockholm,0180R051,6523.518103724537,0.2222222222222222,0.4952926440884089
Stockholm,0180R052,2594.5939261806484,0.3015873015873015,0.5807968866356897
Stockholm,0180R053,12209.881251531406,0.626984126984127,0.6822029460199485
Stockholm,0180R054,5017.165030139404,0.7063492063492064,0.7274251682292965
Stockholm,0180R055,1686.8568515771506,0.5476190476190477,0.3578442644871215
Stockholm,0180R056,8506.703262397525,0.7380952380952381,0.5038702495227828
Stockholm,0180R057,3757.4582126971945,0.8888888888888888,0.40363023344612287
Stockholm,0180R058,19435.459015788776,0.6746031746031746,0.8076948880594121
Stockholm,0180R059,3878.7433656998433,0.6904761904761905,0.8158348766392487
Stockholm,0180R060,6828.870701021077,0.4682539682539682,0.7773261364654395
Stockholm,0180R061,12582.02228896761,0.5317460317460317,0.7745590506565688
Stockholm,0180R062,10755.388159729388,0.4285714285714285,0.5471599309170578
Stockholm,0180R063,8687.51461083442,0.8968253968253969,0.39565025521029074
Stockholm,0180R064,3642.629086856711,0.9523809523809524,0.5283500773174532
Stockholm,0180R065,2831.8199304774103,0.7857142857142857,0.6029755952693739
Stockholm,0180R066,4431.580014832165,0.9126984126984128,0.7921166965131274
Stockholm,0180R067,12258.49973102735,0.5396825396825397,0.7392735278991537
Stockholm,0180R068,10239.826521517823,0.8412698412698413,0.6086380599003477
Stockholm,0180R069,8295.838607738555,0.246031746031746,0.4159312644754026
Stockholm,0180R070,9160.67733654684,0.5238095238095238,0.7823622565306252
Stockholm,0180R071,4759.347146722583,0.8571428571428571,0.49725027997421584
Stockholm,0180R072,8082.171663072949,0.5952380952380952,0.5157702504953611
Stockholm,0180R073,16316.411565139735,0.9365079365079364,0.8490226331388075
Stockholm,0180R074,2183.261124129692,0.6507936507936508,0.7867405656490016
Stockholm,0180R075,7042.540701053733,0.3888888888888889,0.4776405589844638
Stockholm,0180R076,10027.106679844384,0.0,0.06501564780556839
Stockholm,0180R077,5956.465596778775,0.1984126984126984,0.261327289511987
Stockholm,0180R078,8761.686612889778,0.0317460317460317,0.19596362880774562
Stockholm,0180R079,13154.05409160074,0.0555555555555555,0.08244068757615927
Stockholm,0180R080,13160.4065541549,0.373015873015873,0.5286724917642056
Stockholm,0180R081,2883.3343838049213,0.9603174603174603,0.4875349338423953
Stockholm,0180R082,8701.673359576309,0.2619047619047619,0.5686470721512404
Stockholm,0180R083,22696.653283106614,0.6111111111111112,0.21566502577988925
Stockholm,0180R084,11569.705439224992,0.753968253968254,0.7902083313201351
Stockholm,0180R085,5843.598072293462,0.7222222222222222,0.6944155647483825
Stockholm,0180R086,3105.916206417492,0.9682539682539684,0.5261956126396579
Stockholm,0180R087,2412.4935560305503,0.6349206349206349,0.8497210065525658
Stockholm,0180R088,13721.14173093134,0.5634920634920635,0.4668708016808186
Stockholm,0180R089,4452.822083851019,0.4761904761904761,0.37210290467894835
Stockholm,0180R090,5025.643775369592,0.4761904761904761,0.5152091638656834
Stockholm,0180R091,2039.6647387652904,0.238095238095238,0.4299019147846312
Stockholm,0180R092,6879.368288518366,0.1111111111111111,0.04590105589755181
Stockholm,0180R093,5779.834143872164,0.8492063492063492,0.8825143890396281
Stockholm,0180R094,21805.963135494265,0.746031746031746,0.737323060522655
Stockholm,0180R095,7646.710724263015,0.4603174603174603,0.6205293379574162
Stockholm,0180R096,1744.291557000608,0.7936507936507936,0.8194208535680895
Stockholm,0180R097,13154.54572677004,0.6190476190476191,0.7523440943699619
Stockholm,0180R098,6548.625550562022,0.6428571428571429,0.7112989959365719
Stockholm,0180R099,2678.935457579525,0.992063492063492,0.4949777929489928
Stockholm,0180R100,8429.730213435367,0.4126984126984127,0.48248174903332136
Stockholm,0180R101,5500.535537378749,0.1904761904761904,0.6013243239562125
Stockholm,0180R102,11862.268495877062,0.0079365079365079,0.018948068546583156
Stockholm,0180R103,5106.18338106394,0.5158730158730159,0.7046901004187456
Stockholm,0180R104,3342.205533574126,0.6984126984126984,0.433086295338319
Stockholm,0180R105,5740.1229850985865,0.3253968253968254,0.33131622886385204
Stockholm,0180R106,1487.111598711936,0.0238095238095238,0.3289420396354627
Stockholm,0180R107,7850.0651721299,0.2539682539682539,0.1638654683331897
Stockholm,0180R108,8456.908935595911,0.0634920634920634,0.2329050918857734
Stockholm,0180R109,5951.316791439238,0.1349206349206349,0.26844225139985806
Stockholm,0180R110,14910.057911895368,0.4444444444444444,0.4432856700158374
Stockholm,0180R111,7101.548002544714,0.2063492063492063,0.5196686514478328
Stockholm,0180R112,1597.3690113074013,0.3095238095238095,0.5439124964740888
Stockholm,0180R113,15618.855374642171,0.4047619047619047,0.5943710407645186
Stockholm,0180R114,21450.77257495024,0.873015873015873,0.6904736242527009
Stockholm,0180R115,2089.8411677710865,0.3412698412698413,0.5528067813429575
Stockholm,0180R116,5049.070358289139,0.984126984126984,0.4421063394247856
Stockholm,0180R117,11286.58324689572,0.3809523809523809,0.6856959713695583
Stockholm,0180R118,3413.380426014184,0.3968253968253968,0.2815862189445196
Stockholm,0180R119,3429.130603919223,0.9761904761904762,0.5354409044341318
Stockholm,0180R120,11894.728520608678,0.6666666666666666,0.5173144700966869
Stockholm,0180R121,2327.1447745722776,0.4365079365079365,0.42023617410857517
Stockholm,0180R122,5498.291157719356,0.1507936507936507,0.374839061527163
Stockholm,0180R123,3018.7164309439536,0.0714285714285714,0.3028446573151543
Stockholm,0180R124,23351.91687983153,0.5873015873015873,0.7554106185792596
Stockholm,0180R125,13976.56749639706,0.8809523809523809,0.798499871434634
Stockholm,0180R126,14152.444960188044,0.8015873015873016,0.7438024654744018
Stockholm,0180R127,2324.485871276229,0.2301587301587301,0.505207730171657
Malmö,1280R001,1513.8232441416217,0.2777777777777778,0.15962487431133912
Malmö,1280R002,1308.2050656660251,0.2,0.19665384017821294
Malmö,1280R003,6431.457676993476,0.3,0.4095646138314296
Malmö,1280R004,4165.14803352357,0.6888888888888889,0.7605963266814323
Malmö,1280R005,4431.3026597764765,0.0777777777777777,0.14094113567144717
Malmö,1280R006,1175.5143336984847,0.2555555555555555,0.42887383741486784
Malmö,1280R007,736.5094379319085,0.1222222222222222,0.6393348679950417
Malmö,1280R008,3685.160515828576,1.0,0.6346324228790267
Malmö,1280R009,4005.526288457525,0.9444444444444444,0.5768915614811121
Malmö,1280R010,5305.147706593905,0.9222222222222224,0.6367947575224678
Malmö,1280R011,2728.917811062497,0.3888888888888889,0.29580260237771555
Malmö,1280R012,3660.766649458143,0.4666666666666667,0.7964636633329991
Malmö,1280R013,6070.372918102476,0.7222222222222222,0.6894958550124248
Malmö,1280R014,5020.68672449059,0.9888888888888888,0.7094021383329233
Malmö,1280R015,4079.744514161772,0.8666666666666667,0.5222097609211199
Malmö,1280R016,2765.648331180318,0.2444444444444444,0.001119480463191021
Malmö,1280R017,3445.7335365613308,0.7,0.23400390462410675
Malmö,1280R018,2934.9668403683463,0.7888888888888889,0.6690854238542334
Malmö,1280R019,15008.915024750557,0.4777777777777778,0.06761804371696177
Malmö,1280R020,1711.5999019410874,0.6333333333333333,0.8237765844831271
Malmö,1280R021,5486.865992241436,0.8444444444444444,0.7553166306123921
Malmö,1280R022,3730.735046095318,0.7555555555555555,0.7213197681684658
Malmö,1280R023,2984.0411093102566,0.5444444444444444,0.3462596016508582
Malmö,1280R024,1829.1140661438308,0.0666666666666666,0.17870268641508816
Malmö,1280R025,21700.87015803724,0.9111111111111112,0.8480201366277819
Malmö,1280R026,6388.86050857438,0.1777777777777777,0.12232674550635227
Malmö,1280R027,1816.506667190128,0.1,0.13942491009708985
Malmö,1280R028,3621.1114089265466,0.0,0.055799045479491854
Malmö,1280R029,5654.071419138875,0.4333333333333333,0.1714049756477263
Malmö,1280R030,2789.1540921020014,0.1111111111111111,0.30630371232755715
Malmö,1280R031,1118.946103869213,0.0333333333333333,0.21586069120132795
Malmö,1280R032,507.0343670455946,0.1888888888888888,0.3282517094328861
Malmö,1280R033,3293.947558252141,0.5111111111111111,0.5432363533267903
Malmö,1280R034,3001.7143860422075,0.7111111111111111,0.4572175257928464
Malmö,1280R035,1474.6514247258503,0.6777777777777778,0.8450268933368091
Malmö,1280R036,6851.522467883253,0.5555555555555556,0.4394020846170493
Malmö,1280R037,4299.9314095618,0.3222222222222222,0.10573013061405023
Malmö,1280R038,939.0412708500194,0.3666666666666666,0.5678363798163539
Malmö,1280R039,2254.759785761539,0.3888888888888889,0.4345850252496236
Malmö,1280R040,2969.7417206797336,0.7777777777777778,0.23714725210438414
Malmö,1280R041,3116.36437431816,0.5888888888888889,0.5943925676708088
Malmö,1280R042,2546.1285179323622,0.0555555555555555,0.09530857113385369
Malmö,1280R043,5736.111844756537,0.6,0.41390249524444195
Malmö,1280R044,3534.6254561830106,0.7444444444444445,0.8218960284613925
Malmö,1280R045,1089.6165664129787,0.1444444444444444,0.2470915896174872
Malmö,1280R046,2176.836920069686,0.2111111111111111,0.6564290439908307
Malmö,1280R047,1723.7335018394515,0.8222222222222222,0.7839998722441782
Malmö,1280R048,4744.344331118795,0.6222222222222222,0.7286677543259461
Malmö,1280R049,3071.1633461846245,0.3333333333333333,0.517644951561961
Malmö,1280R050,1482.857120937771,0.1666666666666666,0.6596090168845105
Malmö,1280R051,5197.442492591011,0.3444444444444444,0.6439310975704654
Malmö,1280R052,4501.9742319318975,0.3777777777777777,0.4773256366370858
Malmö,1280R053,1231.0531677471267,0.1555555555555555,0.1273684569052743
Malmö,1280R054,6108.052045537159,0.6111111111111112,0.48006129349372517
Malmö,1280R055,5696.587658685632,0.5333333333333333,0.35361057859132716
Malmö,1280R056,3433.799162122938,0.0444444444444444,0.11443136240795887
Malmö,1280R057,8937.463083693963,0.8333333333333334,0.8232081406816238
Malmö,1280R058,4009.9901681691927,0.8,0.5342058524069659
Malmö,1280R059,8301.959568977356,0.5666666666666667,0.6046279625331693
Malmö,1280R060,6984.1203578843015,0.6666666666666666,0.807143371765429
Malmö,1280R061,4542.13722674052,0.7333333333333333,0.5712952569182201
Malmö,1280R062,281.8478849449505,0.2888888888888888,0.5535273470673016
Malmö,1280R063,1506.6564491000024,0.2333333333333333,0.5029419671130183
Malmö,1280R064,3845.270085411043,0.8555555555555555,0.7373058143380602
Malmö,1280R065,3382.666636784871,0.6444444444444445,0.6044051161236426
Malmö,1280R066,7504.072057723999,0.3111111111111111,0.5611862607648042
Malmö,1280R067,3175.247629053063,0.1333333333333333,0.5849949063133126
Malmö,1280R068,3411.9111138075696,0.5777777777777777,0.534865572841088
Malmö,1280R069,5566.570265462028,0.4777777777777778,0.5881521950099818
Malmö,1280R070,5014.693698149589,0.3555555555555555,0.24651353049052507
Malmö,1280R071,7472.520366748175,0.2666666666666666,0.6798788251433
Malmö,1280R072,4183.908528857761,0.0888888888888888,0.23185083886320448
Malmö,1280R073,5590.56763431655,0.9,0.6585646475278675
Malmö,1280R074,3036.167082235217,0.7666666666666667,0.4310190079605188
Malmö,1280R075,848.9128711614758,0.9333333333333332,0.5397849301998425
Malmö,1280R076,5322.081322630453,0.6555555555555556,0.5624252498973041
Malmö,1280R077,5364.933476255999,0.5,0.5742245141986265
Malmö,1280R078,4580.933380123642,0.9777777777777776,0.7737603576898204
Malmö,1280R079,1204.9344089397025,0.8777777777777778,0.7365594219070462
Malmö,1280R080,462.4046353091383,0.8111111111111111,0.8230843413334679
Malmö,1280R081,3946.304285646688,0.9666666666666668,0.8144524815434331
Malmö,1280R082,815.4960056014565,0.9555555555555556,0.6660101593404057
Malmö,1280R083,3982.765145685938,0.4555555555555555,0.060207452162573206
Malmö,1280R084,3517.4747876061338,0.5222222222222223,0.5631132151757251
Malmö,1280R085,3268.217575533523,0.4111111111111111,0.36820611828397454
Malmö,1280R086,252.37252299353065,0.8888888888888888,0.767739723736939
Malmö,1280R087,1868.655495352215,0.0111111111111111,0.09659727921854407
Malmö,1280R088,3917.076755820877,0.0222222222222222,0.020680079353073724
Malmö,1280R089,3151.33338257836,0.4444444444444444,0.4942729037179456
Malmö,1280R090,2702.9759976069136,0.2222222222222222,0.4670436082839914
Malmö,1280R091,3297.246109538608,0.4222222222222222,0.44872808463557673
Göteborg,1480R001,9903.43494992768,0.2447552447552447,0.14329378886496028
Göteborg,1480R002,9818.557157920275,0.7622377622377622,0.641590392580418
Göteborg,1480R003,7462.207380196651,0.6013986013986014,0.7348231363748379
Göteborg,1480R004,6227.792501638292,0.902097902097902,0.5640144799708282
Göteborg,1480R005,1592.8794077304856,0.2867132867132867,0.29967845377226454
Göteborg,1480R006,716.3997507399442,0.1188811188811188,0.25544725357401205
Göteborg,1480R007,5898.19872337116,0.6153846153846154,0.5081151171453133
Göteborg,1480R008,3026.652942394723,0.6503496503496503,0.6881702844638331
Göteborg,1480R009,4636.291303006363,0.2727272727272727,0.13809298698345068
Göteborg,1480R010,4559.571827106102,0.0279720279720279,0.12062360129173957
Göteborg,1480R011,3984.762171446745,0.0419580419580419,0.1541216256755899
Göteborg,1480R012,1956.1031328277013,0.1118881118881118,0.0411145125431009
Göteborg,1480R013,2366.00174886011,0.0839160839160839,0.16839468412391861
Göteborg,1480R014,5297.803284934056,0.6993006993006993,0.5892242383807229
Göteborg,1480R015,3392.8400956972087,0.965034965034965,0.7576493567235062
Göteborg,1480R016,3899.567095991623,0.951048951048951,0.7656405507073726
Göteborg,1480R017,3051.610333619544,0.8111888111888111,0.8591008122256889
Göteborg,1480R018,2176.980298261747,0.8531468531468531,0.733142216874891
Göteborg,1480R019,1448.4284376961236,0.1958041958041958,0.5977069229571106
Göteborg,1480R020,7434.43364633407,0.4195804195804196,0.8387173208997439
Göteborg,1480R021,3001.752255739668,0.916083916083916,0.7019816709108143
Göteborg,1480R022,5782.783477780542,0.8811188811188811,0.7727731901761781
Göteborg,1480R023,5838.489116737049,0.6923076923076923,0.22914446220075702
Göteborg,1480R024,3037.265971177125,0.2587412587412587,0.23755654620226968
Göteborg,1480R025,8662.561363490888,0.8951048951048951,0.7139685394199485
Göteborg,1480R026,1785.8653825296428,0.0629370629370629,0.09526777244582812
Göteborg,1480R027,5381.78757329595,0.9090909090909092,0.779383238543357
Göteborg,1480R028,2775.927975706832,0.944055944055944,0.8147636534663486
Göteborg,1480R029,3260.6757435798645,0.3916083916083916,0.7017076737142464
Göteborg,1480R030,2111.9069335478907,0.2237762237762237,0.23372012975634415
Göteborg,1480R031,1085.145964014895,0.1258741258741259,0.3535628141194842
Göteborg,1480R032,2490.01166256578,0.4405594405594406,0.42912169639024916
Göteborg,1480R033,8048.965905854744,0.3216783216783216,0.4822864612617494
Göteborg,1480R034,2885.466849761502,0.1678321678321678,0.2629106499887111
Göteborg,1480R035,4325.601093426366,0.93006993006993,0.5846013051789622
Göteborg,1480R036,4093.798487393756,0.4895104895104895,0.570364393775977
Göteborg,1480R037,1960.54235953792,0.8041958041958042,0.5203088718720075
Göteborg,1480R038,3785.595163267543,0.3496503496503496,0.37822238415888854
Göteborg,1480R039,1722.5429524986112,0.3846153846153846,0.5361642140604799
Göteborg,1480R040,5442.617148527534,0.1328671328671328,0.0730173409944012
Göteborg,1480R041,4427.224620454926,0.1398601398601398,0.07923022876538292
Göteborg,1480R042,7045.025938326,0.6363636363636364,0.7418313523228631
Göteborg,1480R043,5606.055291189233,0.9370629370629372,0.7552756758324016
Göteborg,1480R044,2710.008947716988,0.0069930069930069,0.05727299429452927
Göteborg,1480R045,4007.61747944758,0.1888111888111888,0.11577882052405784
Göteborg,1480R046,4432.600621455672,0.8391608391608392,0.7671272870843185
Göteborg,1480R047,5199.39964996187,0.3356643356643357,0.7936338748362022
Göteborg,1480R048,3744.643741127802,0.9790209790209792,0.6733176937491764
Göteborg,1480R049,2564.1272583627806,0.0559440559440559,0.057965516382118394
Göteborg,1480R050,1841.3148631548925,0.1748251748251748,0.01008072914289566
Göteborg,1480R051,3895.6893550993263,0.993006993006993,0.6938825348458426
Göteborg,1480R052,7610.282039185871,0.2937062937062937,0.6489710065093349
Göteborg,1480R053,1105.1499890639468,0.3566433566433566,0.5053504959788603
Göteborg,1480R054,1418.227784655532,0.2797202797202797,0.5271895436306817
Göteborg,1480R055,4250.946531125477,0.2657342657342657,0.6773203786051654
Göteborg,1480R056,1972.965554455409,0.4125874125874126,0.733294912495745
Göteborg,1480R057,6218.797102435663,0.8741258741258742,0.5814489119953583
Göteborg,1480R058,5609.615198291078,0.5664335664335665,0.5302216379963026
Göteborg,1480R059,2413.923870466193,0.5454545454545454,0.5412937409528283
Göteborg,1480R060,3366.1277601366137,0.4545454545454545,0.7194830144952884
Göteborg,1480R062,1473.4995888038252,0.5174825174825175,0.5799353074089534
Göteborg,1480R063,883.9885413324346,0.4755244755244755,0.5121868426843769
Göteborg,1480R064,2004.5718736520644,0.2377622377622377,0.36342065912050525
Göteborg,1480R065,3525.028566403048,0.3776223776223776,0.6654366002700215
Göteborg,1480R066,1213.0749213578065,0.3426573426573426,0.22758484906303286
Göteborg,1480R067,5338.76322451422,0.2097902097902098,0.17362264440160835
Göteborg,1480R068,4932.792509468387,0.0909090909090909,0.13191517848133436
Göteborg,1480R069,6226.844951758845,0.0769230769230769,0.1589047419614863
Göteborg,1480R070,1273.9232946999218,0.0209790209790209,0.36367869931823843
Göteborg,1480R071,4516.005821666244,0.6713286713286714,0.562326367476008
Göteborg,1480R072,8154.973455020359,0.6573426573426573,0.47468212692924266
Göteborg,1480R073,5431.833202873566,0.5034965034965035,0.527930609551262
Göteborg,1480R074,5325.155921152812,0.4475524475524475,0.49424762722205007
Göteborg,1480R075,10633.65609918645,0.7482517482517482,0.6247421241345943
Göteborg,1480R076,3857.155141968812,0.4615384615384615,0.40118477334157854
Göteborg,1480R077,3548.897696256029,0.3076923076923077,0.43222989117254046
Göteborg,1480R078,5260.653273554937,0.5874125874125874,0.5446551110313136
Göteborg,1480R079,3022.50695225414,0.3216783216783216,0.5304098756915464
Göteborg,1480R080,1302.0661336548476,0.4615384615384615,0.6046388297392862
Göteborg,1480R081,1802.2601869017155,0.7692307692307693,0.514019290978694
Göteborg,1480R082,2788.2613037119104,0.5804195804195804,0.6301069580048468
Göteborg,1480R083,8661.734714592276,0.4825174825174825,0.7728395223391842
Göteborg,1480R084,2022.1411127659248,0.8111888111888111,0.5148907562328507
Göteborg,1480R085,1769.7870338617693,0.8671328671328671,0.7152418124463684
Göteborg,1480R086,6963.664239011724,0.7972027972027972,0.491379776752359
Göteborg,1480R087,2303.2081059241787,0.5734265734265734,0.7398268550885704
Göteborg,1480R088,1111.6496343807298,0.1958041958041958,0.6199375657936073
Göteborg,1480R089,10717.049762352795,0.7412587412587412,0.7373929490757613
Göteborg,1480R090,8658.060197669329,0.6643356643356644,0.33565152320317587
Göteborg,1480R091,5310.487014249879,0.9230769230769232,0.8273442147202549
Göteborg,1480R092,2266.515015971904,0.5454545454545454,0.7299321474522859
Göteborg,1480R093,2843.238678299651,0.5594405594405595,0.7329533131478367
Göteborg,1480R094,5924.063376189875,0.7762237762237763,0.6935203413924146
Göteborg,1480R095,3960.291447166534,1.0,0.758305529474698
Göteborg,1480R096,1228.1551274991195,0.2167832167832167,0.11754237252837167
Göteborg,1480R097,612.4471631242457,0.0349650349650349,0.005564127090466334
Göteborg,1480R098,7060.000082010897,0.0699300699300699,0.07160511314360875
Göteborg,1480R099,3939.236417108653,0.5944055944055944,0.7038715331235279
Göteborg,1480R100,5641.413657108739,0.3986013986013986,0.7938001138787971
Göteborg,1480R101,3222.186552072058,0.4335664335664335,0.6363029120042756
Göteborg,1480R102,5631.775709579034,0.7342657342657343,0.6598005176176981
Göteborg,1480R103,4120.187914994298,0.6083916083916084,0.5708489133702572
Göteborg,1480R104,1891.2723980825776,0.6223776223776224,0.798924640582225
Göteborg,1480R105,20895.217182784745,0.7272727272727273,0.7140978747448843
Göteborg,1480R106,1165.581996649,0.7832167832167832,0.6770774580855533
Göteborg,1480R107,1906.6571475589951,0.0489510489510489,0.14045940038619945
Göteborg,1480R108,8367.781223547398,0.972027972027972,0.7720548007805023
Göteborg,1480R109,3704.3700186281785,0.8881118881118881,0.8978273420856475
Göteborg,1480R110,2582.909273653614,0.8461538461538461,0.7536645056096777
Göteborg,1480R111,4442.694915693633,0.8321678321678322,0.8006052542481752
Göteborg,1480R112,1232.133115495954,0.0,0.4164170205964035
Göteborg,1480R113,6642.697406200863,0.5104895104895105,0.6682815671085534
Göteborg,1480R114,3253.722686475789,0.4055944055944055,0.3854778144075
Göteborg,1480R115,2868.314839431826,0.1468531468531468,0.421909067706077
Göteborg,1480R116,1133.1051486608933,0.5314685314685315,0.6470819858194651
Göteborg,1480R117,1550.7496196366849,0.2307692307692307,0.107993555000709
Göteborg,1480R118,795.865077169498,0.0139860139860139,0.08825500252715521
Göteborg,1480R119,2109.8819189558226,0.7062937062937062,0.6113497504262385
Göteborg,1480R120,2011.587735877895,0.3706293706293706,0.636975288753649
Göteborg,1480R121,4488.643627162875,0.7902097902097902,0.6900442658733302
Göteborg,1480R122,2734.4369694750985,0.3006993006993007,0.5692276584361848
Göteborg,1480R123,2219.395207041988,0.3146853146853147,0.3484418837001655
Göteborg,1480R124,1482.0114161720005,0.6293706293706294,0.5018968600701196
Göteborg,1480R125,5729.699997491983,0.986013986013986,0.5462283203549149
Göteborg,1480R126,6124.795022929467,0.3636363636363636,0.6122323400945969
Göteborg,1480R127,1058.8305293577057,0.0979020979020979,0.40627490459631316
Göteborg,1480R128,1961.8493145011669,0.7482517482517482,0.6818303479331554
Göteborg,1480R129,3091.0665495129,0.5384615384615384,0.4833206722572053
Göteborg,1480R130,4780.930521093537,0.6433566433566433,0.8986977216517743
Göteborg,1480R131,1269.5949238173814,0.7132867132867133,0.6384707985528513
Göteborg,1480R132,6616.929172034167,0.4265734265734265,0.5051822607615609
Göteborg,1480R135,3231.426090914794,0.1538461538461538,0.13482628973095315
Göteborg,1480R136,1387.088974552495,0.1608391608391608,0.4161556927377479
Göteborg,1480R137,4839.510207053008,0.6783216783216783,0.8077109268689832
Göteborg,1480R138,934.3038819344448,0.1818181818181818,0.29630716459796913
Göteborg,1480R139,7918.390183266481,0.5244755244755245,0.6630900329293912
Göteborg,1480R140,759.4880487785047,0.1048951048951049,0.6625829947649229
Göteborg,1480R141,2269.675735199938,0.4965034965034965,0.5872163376519379
Göteborg,1480R142,5557.093313040193,0.6853146853146853,0.4975227801914315
Göteborg,1480R143,4837.686930433752,0.7202797202797203,0.5654040000672854
Göteborg,1480R144,3604.410361096567,0.8601398601398601,0.6517597440340223
Göteborg,1480R145,3734.5110607229135,0.2517482517482518,0.30968687933341194
Göteborg,1480R146,6629.3350495173,0.8251748251748252,0.4954265593993176
Göteborg,1480R147,3721.70019756744,0.958041958041958,0.7812948998447771
