city,subcity_code,pop_zone,income_index_pred,p_inc,target_obs,is_training_city
Brussels-Capital Region,21001A00-,2678.209849887424,0.23729880744504067,0.20325734552641533,0.1704035874439461,True
Brussels-Capital Region,21001A011,2391.438184950087,0.1912791194344264,0.13481390977943286,0.1121076233183856,True
Brussels-Capital Region,21001A02-,746.2596003214519,0.1947477296769374,0.1364663017563752,0.0627802690582959,True
Brussels-Capital Region,21001A031,2441.297355122036,0.279164116470841,0.24430253756961934,0.1524663677130044,True
Brussels-Capital Region,21001A041,1755.235158392125,0.45096482355794476,0.4814401653098568,0.4155455904334828,True
Brussels-Capital Region,21001A051,1459.9515607621931,0.2201922597739242,0.18160683739213115,0.2884902840059791,True
Brussels-Capital Region,21001A07-,1422.33428659704,0.12383599369752865,0.04298882646359744,0.0508221225710014,True
Brussels-Capital Region,21001A10-,1149.885740492079,0.32247353984091803,0.2997670327078923,0.3228699551569506,True
Brussels-Capital Region,21001A112,2475.0515832901,0.22395849630584952,0.1847490305962543,0.1016442451420029,True
Brussels-Capital Region,21001A120,2312.0203060574004,0.25182279186703865,0.2187485755383846,0.1973094170403587,True
Brussels-Capital Region,21001A132,1453.4942105611167,0.2771790540378746,0.2426571120057371,0.210762331838565,True
Brussels-Capital Region,21001A142,1197.983092625936,0.3502576572402121,0.32097087732055424,0.4080717488789238,True
Brussels-Capital Region,21001A152,1249.3790944417317,0.313503235035839,0.28533971736190206,0.3153961136023916,True
Brussels-Capital Region,21001A30-,2819.496890650856,0.31473936227385957,0.2897813175704202,0.2137518684603886,True
Brussels-Capital Region,21001A31-,1234.41486231486,0.24156969396109035,0.20689215797667612,0.2466367713004484,True
Brussels-Capital Region,21001A32-,787.3413850201501,0.43568316907416027,0.4504956229707173,0.2780269058295964,True
Brussels-Capital Region,21001A331,447.9102980825636,0.76224487713782,0.841623008246727,0.7414050822122571,True
Brussels-Capital Region,21001A332,902.617344909244,0.24408188725424196,0.2077949861165921,0.2122571001494768,True
Brussels-Capital Region,21001A34-,2419.972492323981,0.26348302239573246,0.23223287338192813,0.2720478325859491,True
Brussels-Capital Region,21001A350,1153.1191785070632,0.2705948973689555,0.23374239097179916,0.2316890881913303,True
Brussels-Capital Region,21001A401,341.9399964544508,0.5761812906890084,0.6636694053044065,0.3766816143497757,True
Brussels-Capital Region,21001A41-,3405.053482797411,0.5742564186733392,0.6620864197313701,0.5127055306427504,True
Brussels-Capital Region,21001A42-,635.1952685250177,0.550166600672821,0.6329615465096178,0.5112107623318386,True
Brussels-Capital Region,21001A43-,721.6316842238109,0.585001065587782,0.673144222770041,0.3781763826606876,True
Brussels-Capital Region,21001A441,2404.853955904642,0.36006925726364286,0.3303973217031643,0.273542600896861,True
Brussels-Capital Region,21001A451,2046.1511020130577,0.3026020485562878,0.2657555727159852,0.445440956651719,True
Brussels-Capital Region,21001A472,1003.2096183300018,0.5397667295520434,0.6256348795686146,0.6233183856502242,True
Brussels-Capital Region,21001A503,601.4431016047795,0.5934693848559255,0.6796396333637693,0.3333333333333333,True
Brussels-Capital Region,21001A51-,1349.2428069512048,0.6773344572114802,0.7768643150126384,0.5665171898355755,True
Brussels-Capital Region,21001A52-,1438.0947530534531,0.6244075355011292,0.7096464116838344,0.874439461883408,True
Brussels-Capital Region,21001A53-,595.3949941264258,0.6354300957699633,0.7243562160032913,0.820627802690583,True
Brussels-Capital Region,21001A552,3554.8012519807867,0.3187949101557956,0.2934663686221233,0.3318385650224215,True
Brussels-Capital Region,21001A712,771.5196323394775,0.23695719748299682,0.20179994453773403,0.218236173393124,True
Brussels-Capital Region,21001A72-,3292.292651865217,0.38020602821047483,0.3613130168978015,0.2406576980568012,True
Brussels-Capital Region,21001A732,709.8743543095059,0.38043106643067304,0.3644388580737826,0.7070254110612855,True
Brussels-Capital Region,21001A74-,2965.766316307916,0.43915521147040326,0.4569804012409055,0.3168908819133034,True
Brussels-Capital Region,21001A80-,1809.19974580076,0.3197317874767197,0.2982911679911016,0.3961136023916293,True
Brussels-Capital Region,21001A81-,1174.1864002876812,0.3170468318530718,0.2914685217430026,0.375186846038864,True
Brussels-Capital Region,21001A82-,1926.8397874302332,0.30816987594803796,0.2710234867189578,0.2257100149476831,True
Brussels-Capital Region,21001A83-,1305.6043519443936,0.22656135667096267,0.190801868576418,0.046337817638266,True
Brussels-Capital Region,21001A84-,1179.9723066753809,0.4808922665958182,0.5494688868090827,0.5440956651718983,True
Brussels-Capital Region,21001A85-,285.71734174754886,0.4449669172733518,0.46909453628626163,0.3393124065769806,True
Brussels-Capital Region,21001A90-,2518.0983566708032,0.40423106409170384,0.40327208088649036,0.2571001494768311,True
Brussels-Capital Region,21001A911,1783.902169757419,0.3315679845070072,0.3074919064407326,0.3049327354260089,True
Brussels-Capital Region,21001A92-,3073.9350206322138,0.3818527665209879,0.3660373971918302,0.4394618834080717,True
Brussels-Capital Region,21001A931,2636.212885962592,0.2599420126196214,0.22778210468944002,0.2840059790732436,True
Brussels-Capital Region,21001A941,1680.2561533186172,0.3484566247406784,0.31975491278063534,0.3991031390134529,True
Brussels-Capital Region,21001A95-,2391.589731746249,0.40567148339484776,0.4075261869839854,0.4738415545590433,True
Brussels-Capital Region,21001B10-,2906.6887999640567,0.1054690979793868,0.02169014414676609,0.0732436472346786,True
Brussels-Capital Region,21001B11-,1715.7169362703962,0.14181822889028933,0.06363366224839388,0.0911808669656203,True
Brussels-Capital Region,21001B17-,1578.1396068599488,0.2036172878138409,0.14012082591152838,0.2376681614349775,True
Brussels-Capital Region,21001B20-,5336.199225743611,0.07619208739684918,0.004457621810948908,0.0687593423019432,True
Brussels-Capital Region,21001B21-,2769.142338011,0.14675565622114378,0.07259344036999191,0.0896860986547085,True
Brussels-Capital Region,21001B22-,1513.275608062744,0.1275808058271977,0.044229028277943186,0.1748878923766816,True
Brussels-Capital Region,21001B23-,2121.710056198968,0.12326590171888054,0.0414915804459801,0.1225710014947683,True
Brussels-Capital Region,21001B241,3236.504970550537,0.16519526183187713,0.09656351520181945,0.2092675635276532,True
Brussels-Capital Region,21001B25-,4084.289792431725,0.1409736308491363,0.061183343872904285,0.1375186846038864,True
Brussels-Capital Region,21001B31-,385.2622786098056,0.08036453354683,0.006874757327257289,0.0523168908819133,True
Brussels-Capital Region,21001B321,1367.7370525466072,0.1365308011809578,0.05384965994842364,0.0822122571001494,True
Brussels-Capital Region,21001B332,357.866839143965,0.13582248743064768,0.053120647186472594,0.0403587443946188,True
Brussels-Capital Region,21001B372,643.028413852056,0.2356256197417068,0.20120234297747316,0.4663677130044843,True
Brussels-Capital Region,21001B3MJ,8397.467738774089,0.3786998620811509,0.35015672512891144,0.4125560538116592,True
Brussels-Capital Region,21001C512,1082.290708337393,0.24996224612367415,0.21731458708979542,0.3139013452914798,True
Brussels-Capital Region,21001C522,2412.623848655158,0.14955280685756733,0.07501501939199387,0.014947683109118,True
Brussels-Capital Region,21001C581,866.3675560570424,0.4422842977561357,0.46677152044586323,0.0881913303437967,True
Brussels-Capital Region,21001C5MA,1083.124638594687,0.5058345201187845,0.5832372881352523,0.796711509715994,True
Brussels-Capital Region,21001C5PA,693.6486746391488,0.7562697639034576,0.8387009343698831,0.6846038863976084,True
Brussels-Capital Region,21001C611,651.8723593701919,0.7956229655873451,0.8960643633385438,0.7518684603886397,True
Brussels-Capital Region,21001C6PB,1124.1285794995104,0.7345492969970224,0.825299729871884,0.7937219730941704,True
Brussels-Capital Region,21001C70-,289.52721429533426,0.4055476518834128,0.4063935003463628,0.242152466367713,True
Brussels-Capital Region,21001C71-,809.2309925754864,0.3189790765328821,0.2953100334487774,0.2017937219730941,True
Brussels-Capital Region,21001C79-,310.15551411805467,0.6589066863897456,0.7583844934148731,0.6786248131539612,True
Brussels-Capital Region,21002A00-,1312.1235716872743,0.8022395335391415,0.9054265372034589,0.8131539611360239,True
Brussels-Capital Region,21002A01-,556.0928448616631,0.7933973001195509,0.8935892912537428,0.9103139013452914,True
Brussels-Capital Region,21002A02-,1080.6332286198935,0.7482438937392363,0.8322175601328318,0.7339312406576981,True
Brussels-Capital Region,21002A030,1440.7565965652466,0.6507768035165012,0.7500358963652155,0.6831091180866966,True
Brussels-Capital Region,21002A041,529.237342092726,0.8545830570103637,0.9434700866162757,0.7115097159940209,True
Brussels-Capital Region,21002A072,497.3646656672159,0.6925962101499878,0.7877158535523264,0.656203288490284,True
Brussels-Capital Region,21002A10-,2268.9478127294115,0.6981539773885915,0.7897657060868604,0.71898355754858,True
Brussels-Capital Region,21002A11-,1188.3113746378156,0.6862054783086352,0.7864367930173538,0.7922272047832586,True
Brussels-Capital Region,21002A12-,1539.8965147108663,0.7249601898811472,0.8137324148068913,0.8804185351270553,True
Brussels-Capital Region,21002A130,1144.344064398255,0.8340154979932489,0.9334721899600175,0.9910313901345292,True
Brussels-Capital Region,21002A14-,320.20265027642665,0.6489361759288418,0.7395367944026533,0.976083707025411,True
Brussels-Capital Region,21002A15-,93.35152472390068,0.5497379683943238,0.6326537586606714,0.585949177877429,True
Brussels-Capital Region,21002A190,68.10942577570677,0.821083867928124,0.9268646264194506,0.9775784753363228,True
Brussels-Capital Region,21002A20-,1147.7041924794514,0.7153900807379892,0.805446326112151,0.6053811659192825,True
Brussels-Capital Region,21002A21-,2443.799964269002,0.7150765012989666,0.8039290298325831,0.648729446935725,True
Brussels-Capital Region,21002A22-,874.5243958367241,0.7538565072892609,0.8343757170752034,0.9028400597907325,True
Brussels-Capital Region,21002A23-,1008.6969431771172,0.7267826288999819,0.8152187109787657,0.8251121076233184,True
Brussels-Capital Region,21002A24-,746.3364331987168,0.788892522305517,0.88808995115321,0.695067264573991,True
Brussels-Capital Region,21002A25-,1373.3065348731143,0.8191962194106323,0.9209376136683373,0.7907324364723468,True
Brussels-Capital Region,21002A30-,805.8412762747871,0.6004317327890728,0.686427304586067,0.4185351270553064,True
Brussels-Capital Region,21002A311,884.9007499482896,0.7394703098729822,0.8265784065749279,0.6427503736920778,True
Brussels-Capital Region,21002A372,493.4893525441488,0.7185537352512392,0.8085846556581003,0.8236173393124065,True
Brussels-Capital Region,21002A39-,686.7332101398044,0.20397147267989493,0.14510097773897684,0.085201793721973,True
Brussels-Capital Region,21002A411,783.0267623004814,0.8493610315922807,0.9413363957477112,0.9730941704035876,True
Brussels-Capital Region,21002A422,180.6593416668992,0.7271141463133987,0.8158030074277126,0.9118086696562032,True
Brussels-Capital Region,21002A43-,747.800736217242,0.8777958021626776,0.9602991182875289,0.922272047832586,True
Brussels-Capital Region,21002A441,1305.86091029644,0.893595548120601,0.9663910513981603,0.9715994020926756,True
Brussels-Capital Region,21002A45-,1115.2868720160589,0.8113547302163099,0.9149585708232367,0.8460388639760837,True
Brussels-Capital Region,21002A511,2141.3200572331743,0.7762459599180919,0.8665719737459888,0.8086696562032885,True
Brussels-Capital Region,21002A52-,909.9439373546176,0.7761716137090339,0.8652829117527656,0.9491778774289984,True
Brussels-Capital Region,21002A53-,333.8337815072801,0.6661539857422453,0.766927832816447,0.6621823617339312,True
Brussels-Capital Region,21003A00-,2556.8419536484607,0.47993580894508575,0.5478902016322963,0.4334828101644245,True
Brussels-Capital Region,21003A011,1252.0733595291774,0.4453830141610792,0.47071953066331057,0.3437967115097159,True
Brussels-Capital Region,21003A02-,3742.994780805376,0.5614587857235974,0.6370176363294551,0.6322869955156951,True
Brussels-Capital Region,21003A03-,1465.9255453745525,0.5270146447837317,0.6106186379642474,0.6038863976083707,True
Brussels-Capital Region,21003A04-,715.2028257052103,0.44688377573850047,0.47615400533570124,0.5814648729446936,True
Brussels-Capital Region,21003A05-,2586.198324627346,0.5391919274550521,0.6241184688727042,0.6337817638266069,True
Brussels-Capital Region,21003A0AJ,574.6803208722008,0.48609624985737726,0.5606433090094309,0.0717488789237668,True
Brussels-Capital Region,21003A10-,2704.18883450826,0.4515260702088874,0.48590660987149487,0.4065769805680119,True
Brussels-Capital Region,21003A11-,683.1232206556533,0.3917262706064944,0.3803829567744629,0.1031390134529148,True
Brussels-Capital Region,21003A212,277.76845179663763,0.448124695850311,0.4765735041193071,0.3707025411061285,True
Brussels-Capital Region,21003A283,291.3926395095057,0.4863971645732301,0.5610091972900146,0.5321375186846039,True
Brussels-Capital Region,21003A2MJ,906.5354863537682,0.6269942331399401,0.7125141680774846,0.4050822122571001,True
Brussels-Capital Region,21003A312,2698.591457678212,0.6684135064843368,0.7716680611498946,0.7683109118086696,True
Brussels-Capital Region,21003A323,1215.6101954778037,0.518065251209779,0.5972547026282828,0.6203288490284006,True
Brussels-Capital Region,21003A331,697.849037935233,0.5383990428894754,0.6227310633101134,0.4005979073243647,True
Brussels-Capital Region,21003A342,1001.2998844914966,0.6687393552107338,0.7732311475680825,0.828101644245142,True
Brussels-Capital Region,21003A38-,334.42483410456526,0.722017595217462,0.810510134701483,0.9476831091180868,True
Brussels-Capital Region,21003A41-,243.50419309404165,0.4112718943586257,0.41176697469262064,0.3273542600896861,True
Brussels-Capital Region,21004A001,1373.1442352930706,0.3528835000565085,0.3220570968427053,0.2047832585949177,True
Brussels-Capital Region,21004A002,717.1495238410103,0.39822775238172914,0.39401799315019387,0.2929745889387145,True
Brussels-Capital Region,21004A01-,1644.174678166707,0.39314337841232305,0.38412591891298925,0.680119581464873,True
Brussels-Capital Region,21004A02-,1896.494968096415,0.25318044100337495,0.22052653939121192,0.2481315396113602,True
Brussels-Capital Region,21004A03-,1399.7487155066597,0.15727525913893334,0.08697029748815663,0.1599402092675635,True
Brussels-Capital Region,21004A04-,1116.7059215969512,0.31377724800823864,0.2863393130285898,0.1255605381165919,True
Brussels-Capital Region,21004A10-,1619.3527312278748,0.7234351767305465,0.8122776131651449,0.9237668161434978,True
Brussels-Capital Region,21004A13-,2608.637989097171,0.7081619029492938,0.7968496733984238,0.9626307922272048,True
Brussels-Capital Region,21004A14-,3235.6133012771606,0.3329344587184914,0.30961249208313624,0.3019431988041853,True
Brussels-Capital Region,21004A15-,858.0350829230413,0.4889155763442158,0.5614947939455557,0.4992526158445441,True
Brussels-Capital Region,21004A16-,2105.5834061304727,0.314572209597315,0.2877006277856576,0.0433482810164424,True
Brussels-Capital Region,21004A20-,2290.452835559845,0.405542485538231,0.40530354083075176,0.3183856502242152,True
Brussels-Capital Region,21004A21-,4228.920870357089,0.12995767798294972,0.04665492366132531,0.1001494768310911,True
Brussels-Capital Region,21004A22-,2924.6849394904248,0.2493901171023086,0.2131805470784256,0.2556053811659193,True
Brussels-Capital Region,21004A23-,3117.061692555745,0.2971974591265836,0.25459482360460345,0.4260089686098655,True
Brussels-Capital Region,21004A24-,3266.2255121866865,0.39208320081417464,0.38205143100629635,0.3856502242152466,True
Brussels-Capital Region,21004A25-,1901.8889870113796,0.48415735360592715,0.5574825636473245,0.5710014947683109,True
Brussels-Capital Region,21004A32-,1795.6282748646204,0.5954979741360314,0.6810698466691116,0.5889387144992526,True
Brussels-Capital Region,21004A33-,3742.435590849982,0.428022702539974,0.4477665852516336,0.3916292974588938,True
Brussels-Capital Region,21004A34-,2212.13983572854,0.47648748845000793,0.5433058256979169,0.5590433482810164,True
Brussels-Capital Region,21004A35-,2411.10241206487,0.45786366596892836,0.511649534673865,0.3841554559043348,True
Brussels-Capital Region,21004A3MJ,829.6997874577839,0.6431839167469202,0.7313301901159407,0.9402092675635276,True
Brussels-Capital Region,21004A70-,2767.6887900564407,0.17981368145108198,0.12028789576993135,0.070254110612855,True
Brussels-Capital Region,21004A71-,1330.8482617272273,0.2742841406909589,0.23479178821349614,0.1449925261584454,True
Brussels-Capital Region,21004A72-,1195.195052252875,0.14224822068365392,0.06486342998290608,0.0657698056801195,True
Brussels-Capital Region,21004A811,2219.0200996398926,0.3194821079720064,0.2965893732226663,0.4349775784753363,True
Brussels-Capital Region,21004A822,616.1411923302545,0.4565767371291515,0.5057894562290115,0.4514200298953662,True
Brussels-Capital Region,21004A83-,1308.0554788907368,0.42231249187538794,0.4344378330337313,0.319880418535127,True
Brussels-Capital Region,21004B10-,1650.5564719835918,0.7281835192714106,0.8165766378677377,0.6651718983557549,True
Brussels-Capital Region,21004B13-,595.1683822207981,0.8439822604757314,0.9362711035145647,0.7249626307922272,True
Brussels-Capital Region,21004B293,1210.6820159488254,0.5223664704868862,0.6023726076783396,0.5560538116591929,True
Brussels-Capital Region,21004B2MJ,888.4764500194126,0.8216895921128157,0.9287863456000623,0.8968609865470852,True
Brussels-Capital Region,21004B2NJ,509.93176725175647,0.8633084350723189,0.9492135894174013,0.8759342301943199,True
Brussels-Capital Region,21004B2WJ,549.6757718192206,0.7473003983341237,0.8285109384224237,0.6098654708520179,True
Brussels-Capital Region,21004B411,1557.2994503445098,0.5125259179064348,0.5922265599879665,0.4932735426008968,True
Brussels-Capital Region,21004B421,3667.852328121662,0.45714835107850266,0.5090813696353769,0.5142002989536621,True
Brussels-Capital Region,21004B43-,5114.36236445109,0.4552978446437507,0.49913492206594245,0.460388639760837,True
Brussels-Capital Region,21004B44-,3154.6070044835405,0.6469402662917321,0.7380687978387437,0.5620328849028401,True
Brussels-Capital Region,21004B45-,1488.7166165643266,0.7206133020411369,0.8097399154230148,0.6741405082212257,True
Brussels-Capital Region,21004C501,1429.708090464274,0.5920432463688629,0.678726639448252,0.8878923766816144,True
Brussels-Capital Region,21004C51-,1261.1529960632324,0.6348309045667926,0.7235718835243602,0.6890881913303438,True
Brussels-Capital Region,21004C52-,1347.3218987782798,0.6635235928572272,0.7623892473818374,0.7085201793721974,True
Brussels-Capital Region,21004C53-,1562.0208726723988,0.8995153920028073,0.9682414945496901,0.8146487294469357,True
Brussels-Capital Region,21004C54-,2264.135636978679,0.7924881128562945,0.8902347060172243,0.890881913303438,True
Brussels-Capital Region,21004C552,1826.2411513858367,0.9220001938943694,0.9816736363017474,0.9805680119581464,True
Brussels-Capital Region,21004C61-,2587.867163552178,0.6342730463424643,0.7219457949237964,0.6143497757847534,True
Brussels-Capital Region,21004C62-,454.09957456588745,0.8450754202406812,0.937228960606116,0.9357249626307922,True
Brussels-Capital Region,21004C63-,1311.9584843361904,0.8913774879856672,0.9640735122881158,0.9282511210762332,True
Brussels-Capital Region,21004C642,665.335371040946,0.8098722150745707,0.9133558364291723,0.98355754857997,True
Brussels-Capital Region,21004C65-,409.96674928855566,0.96643635681904,0.9921168210456955,0.9880418535127056,True
Brussels-Capital Region,21004D600,296.36188904444384,0.2072455867357926,0.15445265306663444,0.0448430493273542,True
Brussels-Capital Region,21004D610,1887.0165368715925,0.22989595177936914,0.19472805776676916,0.2167414050822122,True
Brussels-Capital Region,21004D62-,2410.9754373762344,0.10102994255949871,0.012355961365580006,0.0807174887892376,True
Brussels-Capital Region,21004D631,1754.052034536997,0.45711314717421814,0.5067907874841139,0.7997010463378177,True
Brussels-Capital Region,21004D64-,1455.870918704404,0.22495218262225808,0.18672548741126863,0.1434977578475336,True
Brussels-Capital Region,21004D672,336.70450238386786,0.2188667631354236,0.17845889142144256,0.2077727952167414,True
Brussels-Capital Region,21004E101,866.238637757798,0.1536926233734072,0.08557696779046602,0.1240657698056801,True
Brussels-Capital Region,21004E112,253.37175369262687,0.2294958328755615,0.19382381178838118,0.147982062780269,True
Brussels-Capital Region,21004E12-,2436.9092192120024,0.28314932959244454,0.2493449171165964,0.1509715994020926,True
Brussels-Capital Region,21004E130,3626.628243075476,0.38857802813461434,0.3785622238513242,0.4110612855007474,True
Brussels-Capital Region,21004E14-,2094.338954056303,0.3860407470879932,0.37139658514566143,0.4887892376681614,True
Brussels-Capital Region,21004E201,3039.25887798818,0.6356689319692382,0.7258917416652382,0.5530642750373692,True
Brussels-Capital Region,21004E211,717.6284495459663,0.5684452063972835,0.6451857819434915,0.2795216741405082,True
Brussels-Capital Region,21004E222,484.8447201516894,0.6563559420275247,0.7561252497681402,0.4798206278026906,True
Brussels-Capital Region,21004E233,1426.9455393479311,0.7789019400774727,0.8691340893615604,0.7982062780269058,True
Brussels-Capital Region,21004E70-,3731.2206503550215,0.20729428135556163,0.1561541785935367,0.1644245142002989,True
Brussels-Capital Region,21004E72-,3124.310575402445,0.20535473985099428,0.15158524361342032,0.2301943198804185,True
Brussels-Capital Region,21004E73-,2345.564673423767,0.2387372535910477,0.20537973048294805,0.2361733931240657,True
Brussels-Capital Region,21004E74-,6320.760296821594,0.25920801012505534,0.22399806839342443,0.28101644245142,True
Brussels-Capital Region,21004E800,731.0029027197095,0.38526631037582626,0.37020296807028136,0.3572496263079223,True
Brussels-Capital Region,21004E81-,1195.8991945054795,0.24594755246599406,0.20966496979828955,0.3109118086696562,True
Brussels-Capital Region,21004E82-,1974.8756120469836,0.4445191470539463,0.46813950766073026,0.1315396113602391,True
Brussels-Capital Region,21004E83-,2805.697748555078,0.4555317028406063,0.5024808955686705,0.4559043348281016,True
Brussels-Capital Region,21004E8MJ,4702.972370815256,0.1804479542253249,0.12344401250837461,0.0837070254110612,True
Brussels-Capital Region,21004F511,1376.6981954309674,0.49270809941465166,0.56866405824535,0.6292974588938715,True
Brussels-Capital Region,21004F522,2221.7349241251745,0.6265393654635593,0.7111925733227121,0.8221225710014948,True
Brussels-Capital Region,21004F531,1531.6249398125542,0.5317609086440944,0.6140030804609502,0.484304932735426,True
Brussels-Capital Region,21004F572,1264.8193811427595,0.4752302958059322,0.5383305657121158,0.2765321375186846,True
Brussels-Capital Region,21004F901,859.5925641527606,0.5692470634798299,0.648196668079196,0.600896860986547,True
Brussels-Capital Region,21004F91-,2098.142707983653,0.5095546023268481,0.587693140042781,0.4588938714499253,True
Brussels-Capital Region,21004F922,2095.9332257641686,0.5839945585756583,0.6713485973640414,0.5695067264573991,True
Brussels-Capital Region,21004F930,634.661280737983,0.2899305610939343,0.25300983997075427,0.0343796711509716,True
Brussels-Capital Region,21004F94-,478.5733678697918,0.528783095935707,0.6114401269109179,0.1689088191330343,True
Brussels-Capital Region,21004F953,994.3340023441448,0.4501173864439023,0.47726758054581936,0.4035874439461883,True
Brussels-Capital Region,21004F970,2158.480413330926,0.3790983179076631,0.35461627749456986,0.5306427503736921,True
Brussels-Capital Region,21004F994,160.92547541297972,0.4421863889361773,0.46633752181279836,0.6158445440956651,True
Brussels-Capital Region,21004F9MJ,848.0894209387092,0.3423690804249693,0.3145706050871765,0.4648729446935725,True
Brussels-Capital Region,21004G30-,2161.0396364398507,0.5004471217720409,0.5768642920514492,0.4872944693572496,True
Brussels-Capital Region,21004G310,1360.9604529652538,0.4822971227964355,0.5561041135328331,0.5351270553064275,True
Brussels-Capital Region,21004G321,1004.1301720665974,0.4583930932770463,0.5160273446074991,0.3423019431988042,True
Brussels-Capital Region,21004G3NJ,6524.926060936517,0.18573890633023513,0.1281874424960168,0.1928251121076233,True
Brussels-Capital Region,21005A00-,3867.932403458489,0.5680834844703853,0.6432485283254157,0.6636771300448431,True
Brussels-Capital Region,21005A01-,3089.5227243105574,0.5378580261003661,0.6211310191967304,0.5605381165919282,True
Brussels-Capital Region,21005A02-,2623.147741953532,0.4990730709685813,0.5716128070594426,0.5037369207772795,True
Brussels-Capital Region,21005A031,1578.9274253845217,0.41983606803058127,0.427681535358914,0.4319880418535127,True
Brussels-Capital Region,21005A042,3406.9833091100054,0.3650584040525682,0.33915988786690976,0.3467862481315396,True
Brussels-Capital Region,21005A051,3990.3232338163584,0.5347363895248088,0.6181400094516925,0.5261584454409567,True
Brussels-Capital Region,21005A082,754.7616600460476,0.8264454627768313,0.9313945199631043,0.8579970104633782,True
Brussels-Capital Region,21005A10-,3550.0054281022813,0.5134670335612835,0.595241381596224,0.4902840059790732,True
Brussels-Capital Region,21005A11-,4194.83508237203,0.5715938216580032,0.6577872013874884,0.6352765321375187,True
Brussels-Capital Region,21005A12-,5993.657805336847,0.4005647826503817,0.3993482521764952,0.3527653213751868,True
Brussels-Capital Region,21005A13-,1800.7523375617134,0.5419530148613593,0.6268194643158521,0.414050822122571,True
Brussels-Capital Region,21005A14-,3926.3601870006983,0.8200468604826058,0.9241613852352709,0.8565022421524664,True
Brussels-Capital Region,21005A15-,2856.595305230883,0.8610486316776444,0.9458260121202198,0.905829596412556,True
Brussels-Capital Region,21005A20-,1927.3513537512883,0.6992925369452382,0.7915385090227253,0.7638266068759342,True
Brussels-Capital Region,21005A21-,522.4549688763088,0.8023958471529086,0.9071678827768083,0.7757847533632287,True
Brussels-Capital Region,21005A22-,1582.5947029325698,0.6078110219222264,0.6936072097144598,0.5874439461883408,True
Brussels-Capital Region,21005A311,1731.126926528083,0.6198099014922974,0.7060216386287183,0.6816143497757847,True
Brussels-Capital Region,21005A322,64.97191694047716,0.5924266746584428,0.6793580942135536,0.0373692077727952,True
Brussels-Capital Region,21005A33-,1094.6221163007947,0.7078338925411637,0.7952851637849144,0.5575485799701047,True
Brussels-Capital Region,21006A001,2814.5731485154893,0.46659696297807807,0.5242692535953001,0.4245142002989536,True
Brussels-Capital Region,21006A011,2798.719341278076,0.360723304046799,0.3327751999506841,0.476831091180867,True
Brussels-Capital Region,21006A02-,435.32861211564807,0.224991309771882,0.18752445906403473,0.0493273542600896,True
Brussels-Capital Region,21006A03-,153.56910663180884,0.4315687698587347,0.4500981182133561,0.3303437967115097,True
Brussels-Capital Region,21006A042,1154.3196926116943,0.4452994773995792,0.4697029061333542,0.5949177877428998,True
Brussels-Capital Region,21006A052,2158.1479830212065,0.47643363052340454,0.5414595180901226,0.4813153961136024,True
Brussels-Capital Region,21006A094,859.0704265609384,0.42654252428437206,0.4398684803895648,0.3034379671150972,True
Brussels-Capital Region,21006A101,4680.539781358507,0.421934292733065,0.4319078420016619,0.3602391629297459,True
Brussels-Capital Region,21006A11-,1234.4415516058605,0.6156636961091122,0.70436198063059,0.7309417040358744,True
Brussels-Capital Region,21006A12-,528.0420825746324,0.3124246220753137,0.2845888134449333,0.0642750373692077,True
Brussels-Capital Region,21006A13-,1385.8709494272866,0.45232782133149024,0.489293881981393,0.4708520179372197,True
Brussels-Capital Region,21006A142,1379.3499094645183,0.45561205541380956,0.5042489451000611,0.3258594917787742,True
Brussels-Capital Region,21006A153,1277.8793332444295,0.43873760598430434,0.4551875959217828,0.2825112107623318,True
Brussels-Capital Region,21006A171,2651.0234701832137,0.569160575197182,0.6467135444587262,0.5964125560538116,True
Brussels-Capital Region,21006A201,2135.168435414632,0.5332756320284321,0.6155521840407755,0.6128550074738416,True
Brussels-Capital Region,21006A21-,1023.9007987976074,0.5226571620367628,0.6033166478473674,0.1943198804185351,True
Brussels-Capital Region,21006A22-,980.3046073913576,0.5481590009016587,0.6291279569768469,0.5635276532137519,True
Brussels-Capital Region,21006A23-,2632.662609206305,0.5103515448871419,0.5896917548275208,0.4857997010463378,True
Brussels-Capital Region,21006A24-,267.1742087536388,0.31979647205237927,0.2991683699484813,0.0313901345291479,True
Brussels-Capital Region,21006A25-,561.5357171959348,0.47413469931432645,0.5369857630119194,0.038863976083707,True
Brussels-Capital Region,21006A272,1031.0493840972583,0.6489559766024718,0.7401076554110307,0.6263079222720478,True
Brussels-Capital Region,21006A312,512.6869356398367,0.23525471466139716,0.2002244422489873,0.5829596412556054,True
Brussels-Capital Region,21006A323,516.0413432131625,0.1556733713514656,0.08616093711944686,0.0298953662182361,True
Brussels-Capital Region,21006A403,825.4817902776931,0.45593740911780595,0.5051804163692245,0.6756352765321375,True
Brussels-Capital Region,21006A414,2808.436464945476,0.6773923127348377,0.7786208022713351,0.7698056801195815,True
Brussels-Capital Region,21006A474,520.1369636290603,0.4271393028180117,0.44236020696636025,0.7234678624813154,True
Brussels-Capital Region,21006A515,1081.82700949245,0.28061958842125445,0.24743026163632784,0.2675635276532137,True
Brussels-Capital Region,21007A00-,3876.307327482435,0.3292197069181223,0.3030641688959817,0.1913303437967115,True
Brussels-Capital Region,21007A01-,1969.7379331385923,0.3771570982430208,0.34577691045823916,0.3662182361733931,True
Brussels-Capital Region,21007A02-,707.8473644918865,0.6699511635333112,0.7739532079218883,0.8370702541106129,True
Brussels-Capital Region,21007A03-,981.4987568325466,0.19900786532102901,0.1390394601113602,0.1883408071748878,True
Brussels-Capital Region,21007A04-,389.6244635052151,0.19729645348385647,0.13694617664690711,0.1136023916292974,True
Brussels-Capital Region,21007A05-,834.1328890654776,0.48420160026532183,0.558638445871653,0.5650224215246636,True
Brussels-Capital Region,21007A06-,373.7169841130575,0.22453021283760521,0.1859525447117952,0.2227204783258595,True
Brussels-Capital Region,21007A071,8823.384179910025,0.5693296258826902,0.6522874177895372,0.6218236173393124,True
Brussels-Capital Region,21007A082,2334.709437684053,0.2155847489915479,0.17674829010309143,0.0956651718983557,True
Brussels-Capital Region,21007A101,3095.368646330304,0.4141100276975659,0.41454645361426823,0.3482810164424514,True
Brussels-Capital Region,21007A111,692.7286581993103,0.6131225442624828,0.7017604216769064,0.5754857997010463,True
Brussels-Capital Region,21007A12-,421.0186322000292,0.6595848186951089,0.7600335010619043,0.85949177877429,True
Brussels-Capital Region,21007A132,198.42007403903543,0.44339867818631146,0.46722135935434356,0.5201793721973094,True
Brussels-Capital Region,21007A142,1240.420419904921,0.4461144378513833,0.471772530012142,0.4200298953662182,True
Brussels-Capital Region,21007A201,2679.791648228963,0.7090426569331837,0.7990838667233554,0.7055306427503737,True
Brussels-Capital Region,21007A21-,185.40283054775665,0.449151810803033,0.4767691792550809,0.7174887892376681,True
Brussels-Capital Region,21007A239,1648.9744582043754,0.6105803366830331,0.6967797036270406,0.6367713004484304,True
Brussels-Capital Region,21007A242,202.4996591673957,0.48939073814467127,0.5619428361441154,0.4439461883408072,True
Brussels-Capital Region,21007A252,123.81312868330215,0.5690149157183424,0.645541264248509,0.0553064275037369,True
Brussels-Capital Region,21007A40-,1068.8684645758735,0.27994137896186366,0.2465216612007261,0.1554559043348281,True
Brussels-Capital Region,21007A41-,595.6769038306343,0.1648005765945966,0.09494454024123082,0.1390134529147982,True
Brussels-Capital Region,21007A50-,2538.902816825442,0.4178124628259322,0.41950715155429963,0.4633781763826607,True
Brussels-Capital Region,21007A51-,870.8228763656483,0.4386141002315526,0.4542798375770195,0.5485799701046338,True
Brussels-Capital Region,21007A52-,1194.1686992645264,0.43647251098361123,0.45279440045097924,0.5724962630792227,True
Brussels-Capital Region,21007A53-,3027.571837425231,0.38214339768068384,0.3686150897828558,0.4783258594917787,True
Brussels-Capital Region,21007A541,304.82326761881507,0.33146944627771285,0.30660948637469576,0.4484304932735426,True
Brussels-Capital Region,21007A552,425.00998327467175,0.423954543733694,0.4351699980718951,0.9147982062780268,True
Brussels-Capital Region,21007A60-,3321.5725772645737,0.20795682822781825,0.15913375942033894,0.1584454409566517,True
Brussels-Capital Region,21007A61-,3207.78210873074,0.31048468340715696,0.2777137090248295,0.2645739910313901,True
Brussels-Capital Region,21007A70-,2854.1532361772324,0.5978247091228933,0.6848810733095286,0.6517189835575485,True
Brussels-Capital Region,21007A71-,1239.3487599690752,0.38684452305645284,0.37280496217794945,0.351270553064275,True
Brussels-Capital Region,21007A72-,4248.598715252347,0.6495961450817148,0.7476323246941262,0.5844544095665172,True
Brussels-Capital Region,21007A73-,3384.397077560425,0.7871998822198931,0.8863448476215925,0.7742899850523169,True
Brussels-Capital Region,21007A75-,667.7945765654247,0.6074020663119012,0.692656491816794,0.7219730941704036,True
Brussels-Capital Region,21007A783,1040.6376272704867,0.4729877888579473,0.5363088957305008,0.5411061285500748,True
Brussels-Capital Region,21007A814,212.4822998046875,0.3607011612228877,0.3315030630276463,0.4753363228699551,True
Brussels-Capital Region,21008A00-,1558.547408951653,0.57663609070899,0.6644723007887874,0.4544095665171898,True
Brussels-Capital Region,21008A01-,1209.9875768025718,0.5827136750025337,0.6658636779886745,0.4618834080717489,True
Brussels-Capital Region,21008A02-,3894.313927544488,0.45389566488236527,0.49357906736363766,0.3931240657698057,True
Brussels-Capital Region,21008A10-,3207.19998453723,0.5916813708596614,0.6767676932619646,0.4962630792227205,True
Brussels-Capital Region,21008A20-,1934.1808911694416,0.46454031320390426,0.5222630560461595,0.3497757847533632,True
Brussels-Capital Region,21008A21-,948.6627036432426,0.4910220854477713,0.5664860541082635,0.593423019431988,True
Brussels-Capital Region,21008A220,1092.2748615344367,0.4667613099758018,0.5259197726234759,0.1076233183856502,True
Brussels-Capital Region,21008A23-,913.8943806356854,0.5087788900005077,0.5864206501697302,0.5994020926756353,True
Brussels-Capital Region,21008A240,716.3780019498533,0.5849549089209772,0.6725367094130779,0.4020926756352765,True
Brussels-Capital Region,21008A30-,1443.4197939766775,0.6572150148521475,0.756939880197514,0.624813153961136,True
Brussels-Capital Region,21008A31-,607.2293959723579,0.6004981156762159,0.6870242820028238,0.6397608370702541,True
Brussels-Capital Region,21008A32-,1575.0704587300615,0.6242314939351604,0.7083734452146262,0.5291479820627802,True
Brussels-Capital Region,21008A33-,1897.055775112576,0.6527539088620362,0.7531717654997289,0.5904334828101644,True
Brussels-Capital Region,21008A34-,720.6857412275342,0.7131018402072723,0.8016396871494416,0.9581464872944694,True
Brussels-Capital Region,21008A35-,519.1625596152411,0.6207882180336048,0.707149567094741,0.8699551569506726,True
Brussels-Capital Region,21009A00-,2351.484327528212,0.5010322761411174,0.5787706899068225,0.4364723467862481,True
Brussels-Capital Region,21009A01-,2071.132817162408,0.45501166885774785,0.4960992788841217,0.2750373692077728,True
Brussels-Capital Region,21009A02-,2424.132319556342,0.45015900504347073,0.4787117738435777,0.3886397608370702,True
Brussels-Capital Region,21009A03-,1748.6675364176433,0.5966047086966328,0.6829365279243721,0.6023916292974589,True
Brussels-Capital Region,21009A041,2324.0377487606474,0.5862327190047858,0.6744309212389201,0.7100149476831091,True
Brussels-Capital Region,21009A051,1251.8302970462375,0.5077906929081455,0.5855057003736007,0.4723467862481315,True
Brussels-Capital Region,21009A101,1176.137557135688,0.5624010402137612,0.6390958132907807,0.3243647234678625,True
Brussels-Capital Region,21009A111,2572.19723171658,0.387263087349257,0.37594341723991626,0.312406576980568,True
Brussels-Capital Region,21009A13-,2042.4609292348223,0.6517042051520315,0.7515074449872299,0.6606875934230194,True
Brussels-Capital Region,21009A151,1536.7116940816245,0.5481918816457506,0.6301913163113086,0.5739910313901345,True
Brussels-Capital Region,21009A20-,3911.905167685615,0.4896013003327596,0.5644326187714572,0.3796711509715994,True
Brussels-Capital Region,21009A21-,4611.377239333259,0.35474683193836537,0.32458536682991446,0.2690582959641255,True
Brussels-Capital Region,21009A22-,4306.69018374549,0.6457275274524094,0.7335001515175089,0.6920777279521674,True
Brussels-Capital Region,21009A23-,2358.4132074779936,0.6326697847275552,0.719508944411324,0.9446935724962632,True
Brussels-Capital Region,21009A2MJ,1983.301365481483,0.2837563316198487,0.25121231550522405,0.0328849028400597,True
Brussels-Capital Region,21009A301,905.4966413709852,0.6383476165319707,0.7282791858517285,0.7533632286995515,True
Brussels-Capital Region,21009A311,220.22173500061035,0.6867621523849116,0.7870318534582241,0.7713004484304933,True
Brussels-Capital Region,21009A33-,3571.710299915737,0.7476173856811111,0.8302520929583459,0.6576980568011959,True
Brussels-Capital Region,21009A34-,585.7989332411023,0.21948604394051618,0.1788486197830629,0.1046337817638266,True
Brussels-Capital Region,21009A40-,1433.9466120402017,0.8922163284820208,0.9652335698586884,0.852017937219731,True
Brussels-Capital Region,21009A41-,1850.9403241475425,0.8392071102957948,0.9352377003838409,0.7952167414050823,True
Brussels-Capital Region,21009A42-,2933.5652014414463,0.9123657433613666,0.9773199949073328,0.9192825112107624,True
Brussels-Capital Region,21009A43-,2647.416527642144,0.7858378681054766,0.8815076460584675,0.920777279521674,True
Brussels-Capital Region,21009A44-,1979.0870420667857,0.7314143463460828,0.8213278204579504,0.7443946188340808,True
Brussels-Capital Region,21009A451,2285.7824253506133,0.7653220320552421,0.84916441390515,0.8340807174887892,True
Brussels-Capital Region,21009A501,530.7551543447707,0.7077615420263486,0.7945984935826788,0.5246636771300448,True
Brussels-Capital Region,21009A512,437.108644273546,0.5961307792207009,0.6820131070059531,0.6547085201793722,True
Brussels-Capital Region,21009A52-,2953.0700683593755,0.39941449364794634,0.3955685441977205,0.3094170403587444,True
Brussels-Capital Region,21009A53-,3426.218246248033,0.48092610547246956,0.5514148558192532,0.4693572496263079,True
Brussels-Capital Region,21009A542,592.757964293162,0.5436991500000928,0.6284633880710697,0.7772795216741405,True
Brussels-Capital Region,21009A552,1434.7966532707214,0.5012302043751526,0.5821735464711328,0.5097159940209267,True
Brussels-Capital Region,21009A602,678.4247478908962,0.47424997048995804,0.5375096068718666,0.2212257100149476,True
Brussels-Capital Region,21009A612,3156.245839860704,0.48205613309074774,0.5541957375424373,0.4947683109118087,True
Brussels-Capital Region,21009A623,305.3396987915039,0.6425866156638108,0.7308506720325737,0.8849028400597907,True
Brussels-Capital Region,21009A63-,2138.9287301169497,0.6081015212824625,0.6951794350030426,0.6875934230194319,True
Brussels-Capital Region,21009A652,1827.3919224209255,0.47082644252608175,0.5328564070859092,0.3976083707025411,True
Brussels-Capital Region,21009A712,751.1795306735567,0.7490713753072318,0.8329914427634054,0.9312406576980568,True
Brussels-Capital Region,21009A72-,1586.048180474175,0.6589237903747698,0.7591855791676771,0.7458893871449925,True
Brussels-Capital Region,21009A73-,3171.846962187026,0.8996060986780229,0.9702414031507429,0.9790732436472348,True
Brussels-Capital Region,21009A802,378.3585663901436,0.801708327325524,0.904712362265373,0.804185351270553,True
Brussels-Capital Region,21009A812,568.3264039622413,0.7714863808171012,0.8624550730887401,0.8071748878923767,True
Brussels-Capital Region,21009A82-,591.8765474955242,0.8359406992926457,0.934205687948593,0.8161434977578476,True
Brussels-Capital Region,21009A83-,323.3319805992975,0.697708345091587,0.7886705503208213,0.1898355754857997,True
Brussels-Capital Region,21009A90-,1934.0970560709636,0.6148492161365531,0.7030233738432189,0.5500747384155455,True
Brussels-Capital Region,21009A911,1512.1393801371255,0.522364685495356,0.6012223022369702,0.6278026905829597,True
Brussels-Capital Region,21009A922,1415.0332828097871,0.4920383745792224,0.5674846404859336,0.2615844544095665,True
Brussels-Capital Region,21010A00-,5525.840852207608,0.5261955152694993,0.606083705382447,0.5082212257100149,True
Brussels-Capital Region,21010A01-,3147.109766218397,0.3940834763426696,0.3861500842054495,0.2989536621823617,True
Brussels-Capital Region,21010A02-,3862.691283543905,0.44023169311199883,0.4598652073998999,0.5216741405082213,True
Brussels-Capital Region,21010A03-,3110.242394023471,0.46695559021860916,0.5276952025042114,0.4573991031390134,True
Brussels-Capital Region,21010A04-,4582.197604497274,0.4194172181133,0.4250786559864298,0.382660687593423,True
Brussels-Capital Region,21010A05-,7379.706171247695,0.3952304292293153,0.3905973291369639,0.3811659192825112,True
Brussels-Capital Region,21010A10-,2281.7632812923857,0.6105988397633232,0.6984403153061024,0.547085201793722,True
Brussels-Capital Region,21010A111,1291.928469578425,0.5673431469451077,0.6410686512143072,0.452914798206278,True
Brussels-Capital Region,21010A121,748.8632097541253,0.5435199702805049,0.6278965957948736,0.7384155455904334,True
Brussels-Capital Region,21010A13-,2815.9717012113992,0.4087549342659292,0.4104744434329437,0.4379671150971599,True
Brussels-Capital Region,21010A141,2652.078193664551,0.4713147742981954,0.5347488407418193,0.4409566517189835,True
Brussels-Capital Region,21010A1AJ,2655.660336953484,0.767471449459786,0.8563867399370874,0.8116591928251121,True
Brussels-Capital Region,21010A21-,3639.577081786261,0.46879579084836126,0.5305467865568588,0.4469357249626308,True
Brussels-Capital Region,21010A312,871.5727477511391,0.5837228934635684,0.666743071022428,0.5799701046337817,True
Brussels-Capital Region,21010A393,472.9697588040598,0.5072326133853301,0.5838946885270613,0.7877428998505231,True
Brussels-Capital Region,21011A00-,2844.158448749119,0.12314548369169184,0.03939365894052314,0.1778774289985052,True
Brussels-Capital Region,21011A01-,3130.8971027798125,0.13539552997789842,0.051646755380048044,0.1569506726457399,True
Brussels-Capital Region,21011A02-,2454.053611755371,0.10546586970386687,0.019425400974538452,0.1210762331838565,True
Brussels-Capital Region,21011A10-,1634.3538682725696,0.42621282397083754,0.4388150879275719,0.3901345291479821,True
Brussels-Capital Region,21011A11-,1871.3049494425456,0.5267845983661539,0.609208764219752,0.5396113602391629,True
Brussels-Capital Region,21011A12-,1489.9833092159697,0.4929225092823492,0.5698751400071611,0.6083707025411061,True
Brussels-Capital Region,21011A20-,3053.9546783555097,0.4146866728268712,0.41714434714165666,0.5007473841554559,True
Brussels-Capital Region,21011A30-,3284.3586293492053,0.4257057688668612,0.43673708833542835,0.4275037369207772,True
Brussels-Capital Region,21012A00-,2607.589611053467,0.07454581090477289,0.001101623677103877,0.0568011958146487,True
Brussels-Capital Region,21012A011,1751.3502125210236,0.22026559289828712,0.18296351025690194,0.3064275037369208,True
Brussels-Capital Region,21012A02-,1105.426915274726,0.17504364995288813,0.11408453396878593,0.0941704035874439,True
Brussels-Capital Region,21012A03-,2769.115037706163,0.11715511786248647,0.03625051419671327,0.0986547085201793,True
Brussels-Capital Region,21012A041,2417.5603595309785,0.11192143603386125,0.03239501898708181,0.0672645739910313,True
Brussels-Capital Region,21012A05-,913.3412085639104,0.12234034931461986,0.0378062348414014,0.0612855007473841,True
Brussels-Capital Region,21012A10-,3199.44548924764,0.11180847576445009,0.03002201266307456,0.1464872944693572,True
Brussels-Capital Region,21012A11-,4329.39721722073,0.21334157698128745,0.17257356348007583,0.2346786248131539,True
Brussels-Capital Region,21012A12-,2297.601419183943,0.14401150726203116,0.06835543343409602,0.2451420029895366,True
Brussels-Capital Region,21012A13-,1791.883423169454,0.1974638158247112,0.137867794346856,0.1733931240657698,True
Brussels-Capital Region,21012A141,1969.722020890977,0.11360231793538092,0.034248506256675935,0.0792227204783258,True
Brussels-Capital Region,21012A152,5089.001473320855,0.09610337530961026,0.009187459655213706,0.0597907324364723,True
Brussels-Capital Region,21012A172,2482.3985189067,0.1452139711062174,0.07037483138154695,0.1061285500747384,True
Brussels-Capital Region,21012A20-,1163.9067713949414,0.24428333119156728,0.20866802683058205,0.2974588938714499,True
Brussels-Capital Region,21012A21-,688.825689845615,0.21697762402288348,0.17802563753189035,0.0478325859491778,True
Brussels-Capital Region,21012A22-,386.7917866706848,0.19435820314599336,0.1359876235817135,0.4424514200298953,True
Brussels-Capital Region,21012A23-,3041.2145018577576,0.47833960264089115,0.5455252008242671,0.491778774289985,True
Brussels-Capital Region,21012A24-,3107.4506267971465,0.3098865060311645,0.2750457240480569,0.3542600896860987,True
Brussels-Capital Region,21012A25-,575.4595158894856,0.22501668012540463,0.1879514849003189,0.1838565022421524,True
Brussels-Capital Region,21012A26-,4136.434487872653,0.4644886930744635,0.5196984141225242,0.554559043348281,True
Brussels-Capital Region,21012A30-,1729.8964835281174,0.43618977518935353,0.45155907591022143,0.4230194319880418,True
Brussels-Capital Region,21012A39-,262.4567047275292,0.5778499744327488,0.6652416171103546,0.1659192825112107,True
Brussels-Capital Region,21012A41-,1668.391110943423,0.4846321081724146,0.5596956826696692,0.515695067264574,True
Brussels-Capital Region,21012A50-,2905.2016217973496,0.5191773131653866,0.599356116155792,0.5515695067264574,True
Brussels-Capital Region,21012A511,3405.743190765381,0.20506419215876517,0.1488265035835175,0.1674140508221225,True
Brussels-Capital Region,21012A52-,3362.700540966458,0.3111255069907603,0.28048952897219553,0.358744394618834,True
Brussels-Capital Region,21012A53-,755.1190609402126,0.18622952370444043,0.13126303002046777,0.0418535127055306,True
Brussels-Capital Region,21012A54-,4462.254368252225,0.2998762623364139,0.26124087113918976,0.2526158445440957,True
Brussels-Capital Region,21012A552,506.6669404771594,0.2811589041124789,0.24810134980864026,0.2630792227204783,True
Brussels-Capital Region,21012A60-,4955.542794836892,0.1632785545110334,0.09157642332769513,0.1763826606875934,True
Brussels-Capital Region,21012A611,2227.18071322971,0.26026600109542924,0.2302695989538256,0.2705530642750374,True
Brussels-Capital Region,21012A62-,6384.214496612548,0.1729038362380707,0.1060215260603065,0.179372197309417,True
Brussels-Capital Region,21012A63-,2797.045335345798,0.22681938526958031,0.19253510758581713,0.1494768310911808,True
Brussels-Capital Region,21012A672,4548.91123898824,0.23525125899136573,0.19808607800274253,0.2436472346786248,True
Brussels-Capital Region,21012A71-,3501.6801147460938,0.10542103430369644,0.016909292895326753,0.1180866965620328,True
Brussels-Capital Region,21012A72-,2651.523824479845,0.11165331949225482,0.027550164216260713,0.0582959641255605,True
Brussels-Capital Region,21012A732,2329.6022987365723,0.2988626639742263,0.2583715277102489,0.3677130044843049,True
Brussels-Capital Region,21012A811,885.5428369310167,0.4058997652423302,0.40891067126608244,0.249626307922272,True
Brussels-Capital Region,21012A822,4267.276200632255,0.4278681152622346,0.44438273676609286,0.3632286995515695,True
Brussels-Capital Region,21012A833,889.5077235170432,0.4895390546588422,0.5624041745323487,0.2869955156950672,True
Brussels-Capital Region,21012A84-,811.415978577402,0.4303653338602955,0.4496904427059019,0.4499252615844544,True
Brussels-Capital Region,21012A851,1872.18925095929,0.42046564262025504,0.42913952239299047,0.4828101644245142,True
Brussels-Capital Region,21012A882,1737.4170608520506,0.45365298163833817,0.4911998401364703,0.5067264573991032,True
Brussels-Capital Region,21013A00-,4207.756630791559,0.44681322387646694,0.47407421153850626,0.42152466367713,True
Brussels-Capital Region,21013A01-,3966.984361860487,0.5837917248742913,0.6687872075124541,0.5919282511210763,True
Brussels-Capital Region,21013A02-,3823.149316363864,0.49963953870755123,0.5743361625441343,0.6188340807174888,True
Brussels-Capital Region,21013A031,1761.7479413350422,0.665673354723677,0.7660425161878628,0.6980568011958147,True
Brussels-Capital Region,21013A04-,3097.083195156521,0.6860401257447345,0.7846263501072402,0.7563527653213752,True
Brussels-Capital Region,21013A052,2099.3207331763374,0.5489994291662939,0.631727424368959,0.6965620328849028,True
Brussels-Capital Region,21013A101,2889.235530429416,0.2493998211659781,0.2156367435670575,0.2062780269058296,True
Brussels-Capital Region,21013A102,388.0557742648655,0.40098760313484333,0.4020443231954868,0.1300448430493273,True
Brussels-Capital Region,21013A11-,3033.4425370958115,0.41788448193091576,0.4218612902396426,0.3736920777279521,True
Brussels-Capital Region,21013A121,756.3237308926052,0.23153557331648456,0.19584478495929497,0.116591928251121,True
Brussels-Capital Region,21013A13-,2363.000040266249,0.20416821582752673,0.14638939304146803,0.1988041853512705,True
Brussels-Capital Region,21013A151,2106.690594567193,0.3697475140524394,0.3414892397305517,0.2391629297458893,True
Brussels-Capital Region,21013A201,2798.616200553046,0.1525936792331806,0.08022473485944202,0.1853512705530642,True
Brussels-Capital Region,21013A211,2386.4613379902307,0.14287046143707768,0.06637656589433048,0.1539611360239162,True
Brussels-Capital Region,21013A22-,2916.898279825846,0.1751255510483268,0.11578383843493006,0.1420029895366218,True
Brussels-Capital Region,21013A23-,1683.3032002978855,0.20713052014509484,0.15361630752901193,0.2272047832585949,True
Brussels-Capital Region,21013A242,2273.801111857096,0.15826120844202612,0.0885222554541227,0.1629297458893871,True
Brussels-Capital Region,21013A252,1608.823488023546,0.213364777395471,0.1750822728648025,0.1270553064275037,True
Brussels-Capital Region,21013A40-,2054.7324483659536,0.34088551954660407,0.31334425517073045,0.2197309417040358,True
Brussels-Capital Region,21013A41-,1808.654618793064,0.38691896752202526,0.3740926466646891,0.4095665171898355,True
Brussels-Capital Region,21013A422,1597.5978876749675,0.173593169191251,0.1093935879336393,0.1195814648729446,True
Brussels-Capital Region,21013A51-,2134.211866590712,0.5010369147878896,0.5806657538826832,0.5381165919282511,True
Brussels-Capital Region,21013A522,1774.5056987338594,0.4619274152655839,0.5172012298892736,0.5455904334828101,True
Brussels-Capital Region,21013A612,579.5084173414442,0.23560071990391762,0.2006858600486927,0.5171898355754858,True
Brussels-Capital Region,21014A00-,2241.533340030246,0.2200441055025702,0.1800430777461077,0.1285500747384155,True
Brussels-Capital Region,21014A01-,749.791051864624,0.30311185778774014,0.266936769351939,0.2585949177877429,True
Brussels-Capital Region,21014A02-,1746.476794136895,0.297282521256999,0.2566495139319215,0.3288490284005979,True
Brussels-Capital Region,21014A03-,1555.3469981087578,0.27438006107902785,0.23601111391624574,0.2959641255605381,True
Brussels-Capital Region,21014A04-,3560.18786960178,0.15182062993799414,0.0775383423795621,0.109118086696562,True
Brussels-Capital Region,21014A05-,4200.320952097575,0.17367668748286672,0.11184302424246077,0.1150971599402092,True
Brussels-Capital Region,21014A10-,2432.635914272732,0.10304792840025404,0.014402233112118346,0.0926756352765321,True
Brussels-Capital Region,21014A14-,1210.6273998684355,0.1641064652049996,0.09418143412185737,0.0358744394618834,True
Brussels-Capital Region,21014A3MJ,1963.8779352506003,0.4520758591402229,0.4878787196153248,0.7040358744394619,True
Brussels-Capital Region,21014A41-,2488.353108935886,0.17710639060213404,0.11806738523436408,0.14050822122571,True
Brussels-Capital Region,21015A00-,7220.901706695557,0.21316866833260717,0.16769392953834023,0.2152466367713004,True
Brussels-Capital Region,21015A01-,1771.4472743140327,0.33300357635741007,0.3117278159283391,0.5336322869955157,True
Brussels-Capital Region,21015A021,2243.257319874234,0.3089052079475628,0.272785220118169,0.1614349775784753,True
Brussels-Capital Region,21015A03-,4859.904341485765,0.20958067363419566,0.16259017320921465,0.2286995515695067,True
Brussels-Capital Region,21015A04-,4502.052892473009,0.1536835511633864,0.08330903535576467,0.0971599402092675,True
Brussels-Capital Region,21015A05-,5953.555839538574,0.13731206305028,0.05694267334391533,0.1360239162929745,True
Brussels-Capital Region,21015A101,1449.105947918362,0.3430174490488815,0.3155410970689435,0.3692077727952167,True
Brussels-Capital Region,21015A111,2671.088819026947,0.3571735198131934,0.32825289731951673,0.3647234678624813,True
Brussels-Capital Region,21015A12-,3473.61389541626,0.4580441604683477,0.5141356401522272,0.6382660687593423,True
Brussels-Capital Region,21015A13-,2629.262300067478,0.1884100084214437,0.1326928235063104,0.2002989536621823,True
Brussels-Capital Region,21015A142,275.10664134555395,0.1480529262210938,0.07387953874239019,0.3408071748878923,True
Brussels-Capital Region,21015A152,2432.957133081224,0.22638367671273243,0.1892224452527651,0.186846038863976,True
Brussels-Capital Region,21015A20-,6361.257999632093,0.27612292099530045,0.239355627742663,0.2855007473841554,True
Brussels-Capital Region,21015A21-,2089.041592915853,0.3010321583387177,0.26400858532087884,0.2660687593423019,True
Brussels-Capital Region,21015A22-,3498.400589201185,0.30580715406250614,0.26873149520789236,0.2541106128550074,True
Brussels-Capital Region,21015A231,2105.392549726698,0.33085965918588045,0.30559124684802214,0.6068759342301944,True
Brussels-Capital Region,21015A24-,3036.3342764112685,0.3714127985346853,0.3436620041662541,0.3557548579970104,True
Brussels-Capital Region,21015A272,1698.4153120252822,0.38030015762024877,0.36342143228465046,0.3871449925261584,True
Brussels-Capital Region,21015A30-,4453.561189439562,0.36266053361479494,0.3358390578184144,0.4304932735426009,True
Brussels-Capital Region,21015A31-,3056.419138590494,0.4510654823604955,0.4834729362171826,0.3721973094170404,True
Brussels-Capital Region,21015A32-,4385.750780317519,0.3799648171460874,0.3580692877454571,0.5680119581464873,True
Brussels-Capital Region,21015A33-,2882.9353082444923,0.3451117247210448,0.3173712467204647,0.3946188340807174,True
Brussels-Capital Region,21015A34-,1620.1353782018025,0.41262344394314115,0.4125543031390236,0.5366218236173393,True
Brussels-Capital Region,21015A35-,2442.169791751437,0.612811785124569,0.7004360267862599,0.5979073243647235,True
Brussels-Capital Region,21015A36-,2261.2145339118106,0.6420565697047774,0.7297663844977055,0.672645739910314,True
Brussels-Capital Region,21015A40-,4156.350764168633,0.1092632852720236,0.024674053724863608,0.0538116591928251,True
Brussels-Capital Region,21015A41-,3616.820491578844,0.16828383307333075,0.10179640685756321,0.1345291479820627,True
Brussels-Capital Region,21015A421,2228.028905656602,0.13456754997108347,0.04938277958043735,0.1718983557548579,True
Brussels-Capital Region,21015A43-,2100.4676293796965,0.24935053148265116,0.21105757994147253,0.2899850523168908,True
Brussels-Capital Region,21015A44-,2766.5746697319883,0.1652459452961884,0.09909962542378177,0.077727952167414,True
Brussels-Capital Region,21015A45-,871.2966090308296,0.27928539297028987,0.24570200316346633,0.1106128550074738,True
Brussels-Capital Region,21015A50-,6265.780403561063,0.6494892372077081,0.7431903339229435,0.6696562032884903,True
Brussels-Capital Region,21015A51-,2475.5938220289017,0.7162565783273397,0.8069770542854287,0.726457399103139,True
Brussels-Capital Region,21015A52-,4154.932420518663,0.6826414002003162,0.7815626041576897,0.6502242152466368,True
Brussels-Capital Region,21015A53-,4179.991975148519,0.44071020547769435,0.4632629852816898,0.3079222720478325,True
Brussels-Capital Region,21015A54-,5432.790729310777,0.6271054616603563,0.7151923317833294,0.6591928251121076,True
Brussels-Capital Region,21015A612,4761.678086598715,0.2038467317206905,0.14279919725110993,0.1958146487294469,True
Brussels-Capital Region,21015A622,1139.4249803755015,0.45088340882973144,0.48021726346498145,0.6711509715994021,True
Brussels-Capital Region,21015A63-,1468.3199629187584,0.44137193641899314,0.4656492174327412,0.6457399103139013,True
Brussels-Capital Region,21015A64-,2906.218131171333,0.31226362136044306,0.28313794773019,0.2914798206278027,True
Brussels-Capital Region,21015A70-,1044.2663962046304,0.5073853246219356,0.5845356725473343,0.4977578475336323,True
Brussels-Capital Region,21015A71-,1014.4523810810512,0.5127439662853026,0.5933130433429868,0.5769805680119582,True
Brussels-Capital Region,21015A721,968.4308655526902,0.5574623926341076,0.6346140515867309,0.7892376681614349,True
Brussels-Capital Region,21015A73-,725.5503118832905,0.43667822155913805,0.45360542067713083,0.7130044843049327,True
Brussels-Capital Region,21015A77-,2259.407146937317,0.4268469406803011,0.4411859379821709,0.2242152466367713,True
Brussels-Capital Region,21015A782,426.6612254248725,0.519148380614516,0.5979485100716889,0.2331838565022421,True
Brussels-Capital Region,21015A811,1991.6973061031763,0.475958494381344,0.5397063404399898,0.7608370702541106,True
Brussels-Capital Region,21015A822,209.78233372502865,0.6205618506934882,0.7068416110611675,0.6860986547085202,True
Brussels-Capital Region,21015A831,4646.363832049899,0.6058268133669958,0.6904114289042883,0.7204783258594918,True
Brussels-Capital Region,21015A883,699.3664884567262,0.35540111517641587,0.32682898714837433,0.1808669656203288,True
Brussels-Capital Region,21016A00-,2848.024931351344,0.7806999579335163,0.872276963231698,0.757847533632287,True
Brussels-Capital Region,21016A01-,4072.0650692250993,0.8762052268562776,0.9582628782790432,0.8923766816143498,True
Brussels-Capital Region,21016A02-,1762.0703370836045,0.6535054001215246,0.7551759996188838,0.3213751868460389,True
Brussels-Capital Region,21016A03-,2998.9709214104546,0.8064092097639487,0.911807783562719,0.8385650224215246,True
Brussels-Capital Region,21016A042,641.0510552724203,0.7676005361418383,0.8577794956494356,0.9641255605381166,True
Brussels-Capital Region,21016A05-,2416.811420440674,0.6708647173842387,0.7752732768797338,0.57847533632287,True
Brussels-Capital Region,21016A102,3075.565853741434,0.9718105665552974,0.9935893477142093,0.9745889387144993,True
Brussels-Capital Region,21016A111,1602.829437308841,0.9454324807538088,0.9838759161127325,0.9895366218236172,True
Brussels-Capital Region,21016A12-,3147.186829646428,0.8756659189172258,0.9552129739578026,0.9566517189835576,True
Brussels-Capital Region,21016A214,289.97995365990533,0.7674131582271937,0.8551423005994649,0.7324364723467862,True
Brussels-Capital Region,21016A225,438.9299278259277,0.8618466963155397,0.9482904407240352,0.929745889387145,True
Brussels-Capital Region,21016A232,1268.9404999961712,0.8615067659786261,0.9475689197865613,0.8953662182361734,True
Brussels-Capital Region,21016A311,2117.791216678594,0.9575099507290806,0.9895723222048954,0.992526158445441,True
Brussels-Capital Region,21016A322,977.635912279288,0.7542955677079983,0.8351581958980072,0.6472346786248132,True
Brussels-Capital Region,21016A331,313.81395901574024,0.7306161143222442,0.8177248862419598,0.523168908819133,True
Brussels-Capital Region,21016A342,6049.358965563484,0.9925277438438768,0.997444338235006,0.9940209267563528,True
Brussels-Capital Region,21016A400,2248.299128892107,0.8026053088698064,0.9083384382601541,0.7144992526158446,True
Brussels-Capital Region,21016A410,786.1637262768215,0.9069944306201558,0.9741571406347503,0.9461883408071748,True
Brussels-Capital Region,21016A429,1504.867316449061,0.9136598791838838,0.9791950914831934,0.907324364723468,True
Brussels-Capital Region,21016A44-,1736.2725288420916,0.9020097924960752,0.9723149275345083,0.866965620328849,True
Brussels-Capital Region,21016A490,477.0501520430875,0.8537811510930289,0.9430449621546603,0.9342301943198804,True
Brussels-Capital Region,21016A521,259.9680705657746,0.736904316837109,0.8260947359104529,0.9656203288490284,True
Brussels-Capital Region,21016A533,609.010047563662,0.8449475519543111,0.9367798306026329,0.7159940209267563,True
Brussels-Capital Region,21016A601,1203.959056377411,0.663896413439617,0.7634670824427036,0.7010463378176383,True
Brussels-Capital Region,21016A610,488.9803032846087,0.5599254809509554,0.6352297614530615,0.9177877428998504,True
Brussels-Capital Region,21016A620,1165.5681328132955,0.8195502859894281,0.9220102074673259,0.8609865470852018,True
Brussels-Capital Region,21016A639,1389.1335328596438,0.3261207726375784,0.30083968759817514,0.3452914798206278,True
Brussels-Capital Region,21016A64-,1925.989481922524,0.7579696504079303,0.8406201110908097,0.7623318385650224,True
Brussels-Capital Region,21016A65-,410.92367952399775,0.6341689216619151,0.7206789011681949,0.5276532137518685,True
Brussels-Capital Region,21016A701,1676.4404742452834,0.6464853457988957,0.736027833928924,0.4289985052316891,True
Brussels-Capital Region,21016A71-,1690.4106769429573,0.7336933238885698,0.8241106765515716,0.7548579970104634,True
Brussels-Capital Region,21016A72-,450.7353058207469,0.6913431781150274,0.7873153114683938,0.2032884902840059,True
Brussels-Capital Region,21016A731,484.7660695777999,0.7261724723159668,0.8145877703549975,0.9088191330343796,True
Brussels-Capital Region,21016A772,1100.8621875180138,0.5666969330512863,0.6400577732636372,0.3348281016442451,True
Brussels-Capital Region,21016A80-,2709.0230462816025,0.7862987498364117,0.883770571418577,0.8026905829596412,True
Brussels-Capital Region,21016A81-,2510.312858263652,0.7991928575133408,0.8996357260193175,0.772795216741405,True
Brussels-Capital Region,21016A82-,3141.94232325587,0.8119358840529417,0.9167571147584056,0.8176382660687593,True
Brussels-Capital Region,21016A831,3708.6236912674376,0.9546310535290182,0.987110847213579,0.9611360239162928,True
Brussels-Capital Region,21016A841,891.9092089401352,0.9235296990303421,0.982821968379069,0.9671150971599404,True
Brussels-Capital Region,21016A85-,1095.3710907167856,0.8609929948448316,0.9441564320089783,0.7354260089686099,True
Brussels-Capital Region,21016A901,1781.032579951816,0.7667850515287877,0.8537316285087897,0.8101644245142003,True
Brussels-Capital Region,21016A912,1102.8756833871205,0.7119768671321569,0.8006819233644202,0.6532137518684604,True
Brussels-Capital Region,21016A922,1213.199919965532,0.6283022059204579,0.7180000514590095,0.6307922272047832,True
Brussels-Capital Region,21016A933,2997.432813882828,0.7850241590623575,0.8791228767443284,0.7787742899850523,True
Brussels-Capital Region,21016A943,628.2790609995525,0.661545916904842,0.7604767959646984,0.4170403587443946,True
Brussels-Capital Region,21016A954,181.317610528734,0.6135690078429789,0.7021296784266777,0.5022421524663677,True
Brussels-Capital Region,21017A000,719.5553939772976,0.6935800297251326,0.7882299635737672,0.6681614349775785,True
Brussels-Capital Region,21017A01-,443.98182599412064,0.7634564654171265,0.8465004648326158,0.8729446935724963,True
Brussels-Capital Region,21017A021,177.13854211072126,0.7892623772207655,0.8892033453205153,0.8400597907324364,True
Brussels-Capital Region,21017A031,322.86579899158744,0.8706921566429794,0.9537469870861339,0.9970104633781764,True
Brussels-Capital Region,21017A041,542.4902030362023,0.6528686591307195,0.7542023960865053,0.8819133034379671,True
Brussels-Capital Region,21017A08-,401.3690022309052,0.620850522784868,0.7075384624024047,0.937219730941704,True
Brussels-Capital Region,21017A11-,1381.9630263911354,0.6056593811426538,0.687864652535634,0.3004484304932735,True
Brussels-Capital Region,21017A12-,1553.430867758062,0.704296091409733,0.7937179912752202,0.4678624813153961,True
Brussels-Capital Region,21017A13-,1246.6798706054688,0.8269771413202163,0.9322400653545871,0.898355754857997,True
Brussels-Capital Region,21017A212,1787.957664489746,0.7642824488395339,0.8474433882812127,0.8834080717488789,True
Brussels-Capital Region,21017A220,494.1518574820625,0.5944615165771516,0.680102487388931,0.1823617339312406,True
Brussels-Capital Region,21017A230,825.4658168156941,0.7523222001634362,0.8336575252780111,0.9013452914798208,True
Brussels-Capital Region,21017A240,853.212678803338,0.637321798894995,0.7275361870991508,0.8684603886397608,True
Brussels-Capital Region,21017A312,75.70640979748633,0.7221249231861414,0.8106834021079365,0.968609865470852,True
Brussels-Capital Region,21017A374,96.84900142749149,0.7269664080554121,0.8156857689788207,0.0762331838565022,True
Brussels-Capital Region,21017A393,262.7334330918061,0.8282078657136567,0.9328777444689844,0.5186846038863976,True
Brussels-Capital Region,21017A41-,1006.5587633980646,0.8107729847011677,0.9140621585269065,0.750373692077728,True
Brussels-Capital Region,21017A421,221.7528834078047,0.7121701060707323,0.8012415368044967,0.8714499252615845,True
Brussels-Capital Region,21017A432,979.0587711334229,0.8841818926262069,0.963105630362762,0.9133034379671152,True
Brussels-Capital Region,21017A443,176.7753079732259,0.6416166682300227,0.728736411329008,0.0866965620328849,True
Brussels-Capital Region,21017A451,1248.1849524709912,0.7765288058933658,0.8680039318104495,0.8430493273542601,True
Brussels-Capital Region,21017A472,198.71026635169983,0.6588311574626824,0.7581695138069405,0.6935724962630793,True
Brussels-Capital Region,21017A501,248.8580525186327,0.7345887746144036,0.8258797730565043,0.7473841554559043,True
Brussels-Capital Region,21017A512,842.0475362141927,0.8148732219312007,0.9196117420023229,0.8415545590433483,True
Brussels-Capital Region,21017A523,842.9665571848552,0.7998985467740207,0.901052379922349,0.6666666666666666,True
Brussels-Capital Region,21017A534,142.1637363433838,0.7245757416779819,0.8130217978482174,0.7593423019431988,True
Brussels-Capital Region,21017A541,839.0720022850567,0.7028135556174665,0.7927072349054272,0.7369207772795217,True
Brussels-Capital Region,21017A613,230.4159151713053,0.7413254621213136,0.8281813744952405,0.8774289985052317,True
Brussels-Capital Region,21017A624,376.1712596681383,0.7191202264436447,0.8089520596074782,0.6412556053811659,True
Brussels-Capital Region,21017A635,418.0884692470232,0.7166260104670131,0.808199543020839,0.9551569506726456,True
Brussels-Capital Region,21017A696,224.2237880494859,0.7831621634437453,0.8753355879427811,0.8266068759342302,True
Brussels-Capital Region,21018A00-,2083.822354634603,0.781311992858139,0.8743605118541777,0.7428998505231689,True
Brussels-Capital Region,21018A01-,1386.5164890819128,0.8141676397557547,0.9186702445804122,0.9267563527653214,True
Brussels-Capital Region,21018A02-,1258.512510087755,0.7707412888992674,0.8616832917495902,0.7832585949177877,True
Brussels-Capital Region,21018A031,1953.0418400234648,0.7553898551637613,0.8375827918045963,0.6905829596412556,True
Brussels-Capital Region,21018A04-,1339.4879355960425,0.740836058745065,0.8275181400485888,0.6771300448430493,True
Brussels-Capital Region,21018A05-,1715.425485028161,0.8012827224150404,0.9038278050957912,0.8505231689088192,True
Brussels-Capital Region,21018A09-,376.79090028338953,0.7296963036626478,0.817433127653376,0.9252615844544096,True
Brussels-Capital Region,21018A12-,1565.226538552178,0.6656284535706313,0.7646369752834857,0.8325859491778774,True
Brussels-Capital Region,21018A13-,481.4559292263455,0.6161467491219532,0.7050868927426628,0.5052316890881914,True
Brussels-Capital Region,21018A14-,1275.6260198420946,0.6631945952013262,0.7612811353082527,0.5426008968609866,True
Brussels-Capital Region,21018A20-,4093.947371164957,0.667587382575283,0.7687984295292662,0.6113602391629297,True
Brussels-Capital Region,21018A21-,3117.6979678471885,0.7306637708966397,0.8191745908929036,0.7279521674140508,True
Brussels-Capital Region,21018A22-,2228.6029020945234,0.784771051059059,0.8769150428667478,0.8011958146487295,True
Brussels-Capital Region,21018A24-,2645.6902832190194,0.7986222817420842,0.8974574786770968,0.8624813153961136,True
Brussels-Capital Region,21018A30-,881.007932662964,0.7705240398070674,0.8596613414262995,0.7653213751868461,True
Brussels-Capital Region,21018A311,910.4316099484764,0.7622947240633843,0.8421968645012337,0.617339312406577,True
Brussels-Capital Region,21018A32-,634.0538401073879,0.7668659856871535,0.854751925710202,0.8550074738415545,True
Brussels-Capital Region,21018A33-,2560.1079837580523,0.7928437953801134,0.8922727955134366,0.8295964125560538,True
Brussels-Capital Region,21018A34-,737.9126230610742,0.8036576200027656,0.9096000177498302,0.9506726457399104,True
Brussels-Capital Region,21018A35-,320.27772871984376,0.7224466941241926,0.8108506928123094,0.2511210762331838,True
Brussels-Capital Region,21018A37-,1153.9614686999057,0.5533275487502746,0.6337174083275289,0.3617339312406577,True
Brussels-Capital Region,21018A3MJ,2239.637459039688,0.8483174989865878,0.9400594162490785,0.8654708520179372,True
Brussels-Capital Region,21018A41-,642.904797077179,0.7846655619657498,0.8757019221912457,0.6995515695067265,True
Brussels-Capital Region,21018A42-,1458.8198925124275,0.7327519836102359,0.822780226796263,0.7294469357249627,True
Brussels-Capital Region,21018A43-,1582.1721317503186,0.780425450761767,0.8704053458735598,0.7399103139013453,True
Brussels-Capital Region,21018A512,1466.1745864020452,0.7676491302923664,0.8586697314633952,0.7668161434977578,True
Brussels-Capital Region,21018A60-,634.2322242359321,0.6582975067032969,0.7578176220961408,0.336322869955157,True
Brussels-Capital Region,21018A61-,1961.9663050439624,0.7660056830636244,0.8521503305247796,0.7862481315396114,True
Brussels-Capital Region,21018A62-,4416.194843504163,0.762852366508472,0.8444471947661408,0.7847533632286996,True
Brussels-Capital Region,21018A63-,2028.2103099889223,0.5289615195177924,0.6124991632873479,0.6442451420029895,True
Brussels-Capital Region,21018A643,694.0975822905699,0.45309674136051864,0.4901726025332998,0.2600896860986547,True
Brussels-Capital Region,21018A72-,2326.052572660976,0.7742371659961942,0.8636778561515518,0.7817638266068759,True
Brussels-Capital Region,21018A81-,814.5947037140529,0.3791635213461925,0.3558723071738038,0.2944693572496263,True
Brussels-Capital Region,21018A82-,961.5669600168862,0.7576185788944075,0.8394002103319134,0.9820627802690582,True
Brussels-Capital Region,21018A83-,905.0142225958408,0.5105129080286895,0.5911863107742599,0.8789237668161435,True
Brussels-Capital Region,21018A84-,512.3050116300583,0.2599428036925256,0.22911225336355293,0.1330343796711509,True
Brussels-Capital Region,21018A87-,818.4267107542449,0.2881780122286357,0.25239595650935465,0.0284005979073243,True
Brussels-Capital Region,21019A001,1410.0207927605757,0.7657341529761322,0.8507257732209446,0.7802690582959642,True
Brussels-Capital Region,21019A01-,1127.2423919748203,0.7146990969492336,0.8024203780129473,0.70254110612855,True
Brussels-Capital Region,21019A02-,618.1350587275293,0.862080195520024,0.9487370170612351,0.9043348281016442,True
Brussels-Capital Region,21019A03-,744.4955297576057,0.8057746057912955,0.9102262880468717,0.8490284005979073,True
Brussels-Capital Region,21019A04-,902.3169448640612,0.795234036738049,0.8954077677880062,0.8191330343796711,True
Brussels-Capital Region,21019A052,1323.2605381912242,0.7707279947601936,0.860592574749171,0.8535127055306427,True
Brussels-Capital Region,21019A10-,814.9749786588882,0.8788124710555903,0.9609593413234747,0.8355754857997011,True
Brussels-Capital Region,21019A11-,919.079845958286,0.9022667790235281,0.9734367294602156,0.938714499252616,True
Brussels-Capital Region,21019A12-,756.0975209342109,0.8988516545534654,0.9672621632554167,0.9865470852017936,True
Brussels-Capital Region,21019A131,1796.102154943678,0.8214738868721856,0.9276521965216423,0.9701046337817638,True
Brussels-Capital Region,21019A14-,1288.2711044649284,0.571693081826614,0.6601036393629618,0.8938714499252616,True
Brussels-Capital Region,21019A15-,539.5232156912485,0.34662697829688527,0.31881712659661227,0.3378176382660687,True
Brussels-Capital Region,21019A20-,1747.5889440907372,0.9591547131075449,0.9912053223856221,0.985052316890882,True
Brussels-Capital Region,21019A21-,2231.2836775238525,0.8662619299942268,0.9526679401662257,0.8998505231689088,True
Brussels-Capital Region,21019A22-,1172.882472700543,0.9477463779590252,0.9850485661140685,1.0,True
Brussels-Capital Region,21019A231,718.9750371509127,0.7233148407531863,0.8112897440527829,0.8310911808669657,True
Brussels-Capital Region,21019A242,855.9879407352871,0.7890844308319286,0.8887668822397752,0.8056801195814649,True
Brussels-Capital Region,21019A252,1404.2214049264376,0.7551039705385177,0.8361644548603049,0.9162929745889388,True
Brussels-Capital Region,21019A30-,1736.1524543762205,0.8255095405004297,0.9303421879724998,0.8893871449925261,True
Brussels-Capital Region,21019A31-,1267.8557198260032,0.9203633334393183,0.9803664787804367,0.9521674140508222,True
Brussels-Capital Region,21019A32-,2717.6890856698155,0.8649309954447495,0.9505771565742962,0.8863976083707026,True
Brussels-Capital Region,21019A33-,2005.5780804951987,0.8011756678962327,0.9022557994347037,0.7488789237668162,True
Brussels-Capital Region,21019A34-,1423.0003532833523,0.7950356280242535,0.8944253951855231,0.9596412556053812,True
Brussels-Capital Region,21019A35-,1883.440130021837,0.9117158862158405,0.9752849633581268,0.9431988041853512,True
Brussels-Capital Region,21019A40-,1143.6298624012206,0.8022681666370342,0.9064640149248968,0.9327354260089686,True
Brussels-Capital Region,21019A41-,281.6188274297294,0.7761158789752626,0.8647795143819226,0.8445440956651719,True
Brussels-Capital Region,21019A42-,2003.0353035926817,0.8477895160674884,0.9382670219437372,0.953662182361734,True
Brussels-Capital Region,21019A43-,461.5199841583769,0.8152113286141425,0.9201624578201262,0.9985052316890882,True
Brussels-Capital Region,21019A441,529.0577382900649,0.8228074727307559,0.9293852087103949,0.9955156950672646,True
Brussels-Capital Region,21019A45-,1202.1080248090957,0.8201317168661466,0.9263279999454445,0.9417040358744396,True
Brussels-Capital Region,21019A51-,1643.1613717608984,0.8832956604164423,0.9619978257512748,0.8639760837070254,True
Brussels-Capital Region,21019A52-,1392.085842238532,0.8537065763582786,0.9422553116443576,0.8475336322869955,True
Zürich,011,6247.960679332415,0.5796579757531433,0.6042741020267297,0.5757575757575758,True
Zürich,012,4777.519338596199,0.3099457594393162,0.29785068998549813,0.2424242424242424,True
Zürich,013,4195.182634962929,0.7520508735223528,0.8340348006997442,0.8787878787878788,True
Zürich,014,7226.853507889641,0.16566830805125515,0.04843361278382525,0.0,True
Zürich,021,15288.59734149854,0.5111638231244523,0.5281203748878265,0.5151515151515151,True
Zürich,023,2327.361167979608,0.310286890177371,0.30673799869473894,0.1515151515151515,True
Zürich,024,15389.832069128232,0.9093822142940363,0.9426650672791199,0.9393939393939394,True
Zürich,031,14257.61802928962,0.7054022988506333,0.799449403335904,0.7272727272727273,True
Zürich,033,8382.332138814498,0.14574073315715244,0.02890849178935995,0.0909090909090909,True
Zürich,034,15170.97948210438,0.4136499263769543,0.4381745270655414,0.3939393939393939,True
Zürich,041,4598.09500058492,0.7211430002777838,0.8230355202979347,0.8181818181818182,True
Zürich,042,15529.542662819224,0.6371627984128915,0.6930556883055253,0.6363636363636364,True
Zürich,044,11444.221033122803,0.24589420009279422,0.14148011222169898,0.2121212121212121,True
Zürich,051,8271.608075827773,0.36067199945804373,0.3580014152153943,0.3333333333333333,True
Zürich,052,9331.674088478088,0.9701323215994005,0.988327253593981,1.0,True
Zürich,061,19671.933496757927,0.5274220729206166,0.5718515861180437,0.5151515151515151,True
Zürich,063,12782.098743697214,0.7013782109420768,0.7656261307066803,0.7575757575757576,True
Zürich,071,12381.601491467613,0.7745840589135488,0.8547702652584627,0.7878787878787878,True
Zürich,072,14113.322880736552,0.786599804933395,0.8879120713600336,0.8484848484848485,True
Zürich,073,7520.437579341233,0.6818022648625698,0.7402302204283273,0.696969696969697,True
Zürich,074,6665.567656688289,0.42170296018568343,0.46548929124584293,0.3939393939393939,True
Zürich,081,5891.362834463103,0.9451878279323599,0.9692851559118126,0.9696969696969696,True
Zürich,082,7134.322188801236,0.8570741248453206,0.9144901933851104,0.9090909090909092,True
Zürich,083,7331.641546143633,0.6703932099869152,0.7216521441271017,0.6666666666666666,True
Zürich,091,15191.558316627985,0.34682638183169934,0.3286519556667021,0.3636363636363636,True
Zürich,092,35588.63100047922,0.30136936039385004,0.24735773107718753,0.303030303030303,True
Zürich,101,20325.54954399365,0.38848359286602036,0.3937728497580224,0.3939393939393939,True
Zürich,102,14057.851012947249,0.4242728168702604,0.49141167221445103,0.3939393939393939,True
Zürich,111,12670.964585909516,0.1939593427734251,0.11131505892085522,0.1818181818181818,True
Zürich,115,24599.076102883453,0.5986140948825369,0.6428598514133841,0.6060606060606061,True
Zürich,119,18805.037932507592,0.2649775543709977,0.17931811701354775,0.2727272727272727,True
Zürich,121,7364.153235252947,0.04317330518174209,0.009211626166446234,0.0303030303030303,True
Zürich,122,7776.610875544112,0.16942397369438789,0.06720105293433365,0.1212121212121212,True
Zürich,123,7409.488633056611,0.17811027489882184,0.08619694657354007,0.0303030303030303,True
Copenhagen,Amager Øst,59614.5528758773,0.4500904489788884,0.4897525906327532,0.4444444444444444,True
Copenhagen,Amager Vest,73805.67415589755,0.5505296557942768,0.6064277522957955,0.5555555555555556,True
Copenhagen,Bispebjerg,59146.361112261606,-0.0011945427882517593,0.05172312623115462,0.0,True
Copenhagen,Brønshøj-Husum,45057.28280572128,0.22419390097499267,0.2975508600090544,0.2222222222222222,True
Copenhagen,Indre By,57087.91113942741,0.9962163025963495,0.9500769755127777,1.0,True
Copenhagen,Nørrebro,88452.48104714375,0.1116010908141839,0.18079739895087618,0.1111111111111111,True
Copenhagen,Østerbro,87438.24835989664,0.8873753731400276,0.8236897447362453,0.8888888888888888,True
Copenhagen,Valby,57557.21695413086,0.3366723757396353,0.38728660409230814,0.3333333333333333,True
Copenhagen,Vanløse,43599.61231272885,0.782195423985831,0.7090979476894853,0.7777777777777778,True
Barcelona,08001,29158.348253409076,0.02730525556955515,0.02657383129331161,0.0256410256410256,True
Barcelona,08002,17668.153410699633,0.24066314075927397,0.2485521975928065,0.2307692307692307,True
Barcelona,08003,30801.15211878313,0.2753936201781708,0.2964036721429229,0.282051282051282,True
Barcelona,08004,40508.20297813416,0.15405002475092944,0.17346498818980713,0.1538461538461538,True
Barcelona,08005,52578.36800215715,0.6657962507793751,0.7264564341302943,0.6666666666666666,True
Barcelona,08006,34884.405502531255,0.8433771644005035,0.8665753691845588,0.8461538461538461,True
Barcelona,08007,19131.808429929944,0.83386150989295,0.8509244255456168,0.8717948717948718,True
Barcelona,08008,16936.97795783149,0.8850402108404004,0.8815903710290834,0.8974358974358975,True
Barcelona,08009,18665.331357320152,0.7874417015211128,0.8319657123580878,0.7948717948717948,True
Barcelona,08010,13817.60144551595,0.8149570455148569,0.8413774891842162,0.8205128205128205,True
Barcelona,08011,23717.72082349989,0.6421924027745383,0.7043500016510553,0.6410256410256411,True
Barcelona,08012,25276.774737464053,0.6191748652387405,0.690154077264318,0.6153846153846154,True
Barcelona,08013,49553.18693432543,0.491020119686494,0.5315221458806278,0.4871794871794871,True
Barcelona,08014,70241.9082842403,0.38140055631953945,0.38753880712892436,0.3846153846153846,True
Barcelona,08015,54910.36081292894,0.5574528428010688,0.6175925659788574,0.5641025641025641,True
Barcelona,08016,51694.46536342303,0.08574683760065607,0.07474286400964733,0.0769230769230769,True
Barcelona,08017,63040.507935661,0.9966826992029748,0.9817343096666313,1.0,True
Barcelona,08018,42779.07817783621,0.5353050978743634,0.5892875110248758,0.5384615384615384,True
Barcelona,08019,39768.18889886804,0.4069464180962004,0.4371632996717702,0.4102564102564102,True
Barcelona,08020,56237.43882346153,0.11172914365267855,0.10601562502515936,0.1025641025641025,True
Barcelona,08021,37804.35900624593,0.9653021251167639,0.9525149843218775,0.9743589743589745,True
Barcelona,08022,41500.975119054325,0.9270837187940485,0.8985224927643287,0.9230769230769232,True
Barcelona,08023,43511.66194361448,0.7398522512720154,0.7968622563522219,0.7435897435897436,True
Barcelona,08024,53516.87677233749,0.5143303138200263,0.5613862115101097,0.5128205128205128,True
Barcelona,08025,53577.81099351248,0.4738214957550438,0.5016404248474837,0.4615384615384615,True
Barcelona,08026,31397.945286644837,0.35461156194009846,0.3580891381518049,0.3333333333333333,True
Barcelona,08027,58340.4157394833,0.2694100859524824,0.27057532259993056,0.2564102564102564,True
Barcelona,08028,85122.46415484615,0.5892152483452174,0.6581664176359321,0.5897435897435898,True
Barcelona,08029,56310.58159478505,0.7189020544774788,0.7679392313233727,0.717948717948718,True
Barcelona,08030,75348.19672807057,0.3100481078547969,0.32715994614224014,0.3076923076923077,True
Barcelona,08031,44075.16526328193,0.1870016964797359,0.19797262085716705,0.1794871794871795,True
Barcelona,08032,56411.16847818594,0.20791699771424377,0.22708806289533107,0.2051282051282051,True
Barcelona,08033,31278.05305585006,0.0032242370489950793,0.009062668592897534,0.0,True
Barcelona,08034,53519.669443070685,0.9491056649780641,0.926054277099255,0.9487179487179488,True
Barcelona,08035,64592.18212805911,0.4410056170861347,0.4674012257715845,0.4358974358974359,True
Barcelona,08036,29487.90797805786,0.7644150351131732,0.8180135380014623,0.7692307692307693,True
Barcelona,08037,17140.462806277807,0.6975446134781829,0.7466571370696022,0.6923076923076923,True
Barcelona,08038,68021.41430827313,0.12739006419676507,0.14201904261818046,0.1282051282051282,True
Barcelona,08041,30629.634764361712,0.3816953398480623,0.41676586174998226,0.358974358974359,True
Barcelona,08042,42696.657083122685,0.06161707764041682,0.04739348074345776,0.0512820512820512,True
Granada,18001,7532.819967803956,0.5128812539877917,0.484888519692651,0.5,True
Granada,18002,9502.858445739746,0.9485421764573142,0.9803271863282692,1.0,True
Granada,18003,8731.113060586453,0.4482777805764465,0.45121893218232945,0.4285714285714285,True
Granada,18004,14009.722723120376,0.7157888298506881,0.7977073521394029,0.7142857142857143,True
Granada,18005,7751.020847473143,0.8228930999206373,0.8427564345883287,0.7857142857142857,True
Granada,18006,19425.02597487196,0.36704830424136936,0.39293010465504524,0.3571428571428571,True
Granada,18007,14474.083220268563,0.1565003515701994,0.18339182666793957,0.1428571428571428,True
Granada,18008,34810.45452743597,0.5766456931134398,0.5725475492522523,0.5714285714285714,True
Granada,18009,13919.129690036552,0.8232905490757543,0.8876179713771786,0.8571428571428571,True
Granada,18010,16977.164405157568,0.29867345253105204,0.31757030500336847,0.2857142857142857,True
Granada,18011,20484.544787247032,0.0024929906011855987,0.04240709624906604,0.0,True
Granada,18012,10680.377115631103,0.9205238503149555,0.9385438603155043,0.9285714285714286,True
Granada,18013,16571.685475450453,0.06967918170849315,0.11912088899861713,0.0714285714285714,True
Granada,18014,29971.093706100284,0.6377660392245279,0.7066582839371349,0.6428571428571429,True
Granada,18015,16681.51192706637,0.21440908565965364,0.24789012701252477,0.2142857142857142,True
Madrid,28001,35811.171640625,0.9864383215179934,0.9951447141846058,1.0,True
Madrid,28002,78785.57183977723,0.7615242029632661,0.7912687379126006,0.7592592592592593,True
Madrid,28003,59216.77630048752,0.796562999791256,0.8456556609777625,0.7962962962962963,True
Madrid,28004,39646.29273696899,0.6415360474213456,0.6638394903320334,0.6481481481481481,True
Madrid,28005,75126.95828835487,0.496460104763121,0.5096368342102308,0.5,True
Madrid,28006,60085.37847114563,0.9376640059150464,0.9421626293133614,0.9444444444444444,True
Madrid,28007,67883.97089335143,0.5934726351673552,0.6080916800472865,0.5925925925925926,True
Madrid,28008,31384.024080587325,0.699617869006781,0.7292112847894989,0.7037037037037037,True
Madrid,28009,39428.22678650185,0.8154696686974228,0.8590299702311474,0.8148148148148148,True
Madrid,28010,49783.27515617371,0.8860023586393628,0.9098346767651141,0.8888888888888888,True
Madrid,28011,50700.72343967021,0.2599813136942578,0.27856755800478056,0.2592592592592592,True
Madrid,28012,34090.917939834595,0.39711816806893535,0.40073495372503154,0.3888888888888889,True
Madrid,28013,28057.41527300388,0.6225358404002459,0.621099432377688,0.6111111111111112,True
Madrid,28014,32502.924929294582,0.8196830654557754,0.8687824101712714,0.8333333333333334,True
Madrid,28015,48257.16439453125,0.5495925558383414,0.5577872114660082,0.5370370370370371,True
Madrid,28016,64286.44633059755,0.923321415992135,0.925300272425,0.925925925925926,True
Madrid,28017,85054.88189724712,0.20709281947700411,0.22827543441804768,0.2037037037037037,True
Madrid,28018,69873.13765103609,0.060168740572625355,0.07448015626804867,0.0555555555555555,True
Madrid,28019,70147.44999818728,0.16386514241019523,0.1888715571158409,0.1666666666666666,True
Madrid,28020,61633.25920684814,0.5587403606907715,0.5726861770824853,0.5555555555555556,True
Madrid,28021,95975.5756990552,0.036541148740719766,0.051994354532464614,0.037037037037037,True
Madrid,28022,100040.1565388733,0.4244178184974272,0.43219567791731767,0.4259259259259259,True
Madrid,28023,82585.79930923908,0.9799303534570935,0.9790924291768073,0.9814814814814816,True
Madrid,28024,47821.72159039512,0.2370491416675582,0.2652098651972722,0.2407407407407407,True
Madrid,28025,60144.31713968053,0.0760760642027034,0.09210794879977593,0.074074074074074,True
Madrid,28026,58392.7032306856,0.09144053560056765,0.10817922173602433,0.0925925925925925,True
Madrid,28027,89313.96230176627,0.45446045010692565,0.4578683472317853,0.4629629629629629,True
Madrid,28028,65811.71509144665,0.5742832480972059,0.5899651921944012,0.5740740740740741,True
Madrid,28029,76083.87318055153,0.3808011376367859,0.38374701473509276,0.3703703703703703,True
Madrid,28030,103651.98858818517,0.2961288332921088,0.32008392610058783,0.2962962962962963,True
Madrid,28031,69770.49114433005,0.22376908250365757,0.24926668946928154,0.2222222222222222,True
Madrid,28032,75929.95330574705,0.28039818591615306,0.2957361704915697,0.2777777777777778,True
Madrid,28033,115879.50602132456,0.5217049914520302,0.535533528853958,0.5185185185185185,True
Madrid,28034,107176.9994517815,0.6666434982365296,0.6837458216603503,0.6666666666666666,True
Madrid,28035,98389.48396055373,0.6849632923993629,0.7116165666068829,0.6851851851851852,True
Madrid,28036,64856.12585610389,0.9566092281238164,0.9591022234657606,0.9629629629629628,True
Madrid,28037,62437.614616336825,0.15091220045414253,0.17089564753052758,0.1481481481481481,True
Madrid,28038,72640.10194741085,0.026308562218404944,0.02913340722402111,0.0185185185185185,True
Madrid,28039,59617.538508875965,0.3159115074024407,0.3422200412479959,0.3148148148148148,True
Madrid,28040,34188.352820609216,0.7209652336366607,0.7381016007681275,0.7222222222222222,True
Madrid,28041,107441.69859226466,0.10872158818097852,0.13066308311189542,0.1111111111111111,True
Madrid,28042,123767.24500670344,0.6270446210506494,0.6416838501923471,0.6296296296296297,True
Madrid,28043,139585.68368012412,0.7358456826498538,0.7616619194020102,0.7407407407407407,True
Madrid,28044,63432.17202935353,0.14457995548936695,0.1538301966756826,0.1296296296296296,True
Madrid,28045,89511.66243023485,0.47639157414520694,0.487315097075716,0.4814814814814814,True
Madrid,28046,26289.34623054028,0.8800013368905408,0.8995207355384675,0.9074074074074074,True
Madrid,28047,67714.5854856421,0.18312023925929802,0.20756291946732178,0.1851851851851851,True
Madrid,28048,7561.645311953872,0.3949534345604647,0.39508769086637113,0.3333333333333333,True
Madrid,28049,43821.28572759084,0.8467240373349348,0.8791304619215006,0.8518518518518519,True
Madrid,28050,131569.86447890085,0.7791742540138195,0.8197887700522497,0.7777777777777778,True
Madrid,28051,85294.7146109712,0.34863780021602786,0.3618672735170297,0.3518518518518518,True
Madrid,28052,19182.50550139316,0.461077407217999,0.4725783200422659,0.4444444444444444,True
Madrid,28053,71119.70502044872,0.003471186663061214,0.009642423834831344,0.0,True
Madrid,28054,48957.02423541962,0.40505519474848634,0.41199461033966633,0.4074074074074074,True
Madrid,28055,40141.03868056565,0.8706529967830755,0.8905140906622029,0.8703703703703703,True
Sevilla,41001,13837.496661948264,0.9759130725256173,0.9902089266666616,1.0,True
Sevilla,41002,15527.639845581056,0.7103234394198976,0.8099752505359684,0.7368421052631579,True
Sevilla,41003,30362.515728454597,0.6294468288279315,0.7226024025117342,0.631578947368421,True
Sevilla,41004,21205.76659667015,0.9278497827616746,0.9654131728690734,0.9473684210526316,True
Sevilla,41005,38795.9311769104,0.6854697497470701,0.7715372237306817,0.6842105263157895,True
Sevilla,41006,71286.14349819421,0.06470170498752506,0.05472949817360427,0.0526315789473684,True
Sevilla,41007,50223.11478025884,0.4685572998065331,0.5084645533342539,0.4736842105263157,True
Sevilla,41008,53853.47583826125,0.32563602909045936,0.3122589222528377,0.3157894736842105,True
Sevilla,41009,29452.536766335368,0.2590885585856252,0.2533136304528699,0.2631578947368421,True
Sevilla,41010,34342.19939854316,0.5270529108447983,0.5683008960492141,0.5263157894736842,True
Sevilla,41011,33733.37979150057,0.887387790714065,0.9265395800293511,0.8947368421052632,True
Sevilla,41012,33332.34541925721,0.7813008382593158,0.84454737802991,0.7894736842105263,True
Sevilla,41013,76683.01107880175,0.5744440010586191,0.6468596125707013,0.5789473684210527,True
Sevilla,41014,13306.844669042452,0.3778591461333805,0.3597799182279102,0.3684210526315789,True
Sevilla,41015,45474.78693332873,0.2104430224207588,0.20029689347098673,0.2105263157894736,True
Sevilla,41016,30079.94635251608,0.11419541081685668,0.126453657787771,0.1052631578947368,True
Sevilla,41017,3030.892917712927,0.010404022486845339,0.002144585509055879,0.0,True
Sevilla,41018,24405.975295562745,0.848564591878912,0.8854015979855461,0.8421052631578947,True
Sevilla,41019,14403.098791583478,0.1649560387127174,0.15792876977777173,0.1578947368421052,True
Sevilla,41020,73301.29196598909,0.42257149426326496,0.4210617120215281,0.4210526315789473,True
Helsinki,00100,26636.74060471888,0.8263414085920352,0.8807559008871203,0.8292682926829268,True
Helsinki,00120,8052.0977926448895,0.8829306069240697,0.9748787208099662,0.926829268292683,True
Helsinki,00130,4717.325366915489,0.9915588403388506,0.9963084630659199,1.0,True
Helsinki,00140,7952.842026770874,0.7843733545859177,0.8051598473818646,0.975609756097561,True
Helsinki,00150,12925.06416207799,0.8355770144793065,0.911714940621745,0.8414634146341463,True
Helsinki,00160,4953.172594665265,0.8493087107936804,0.936672462742749,0.8902439024390244,True
Helsinki,00170,9946.8802968069,0.8644385528289716,0.9607936435204275,0.8780487804878049,True
Helsinki,00180,17105.776580417034,0.744522942620269,0.7721791832883063,0.7439024390243902,True
Helsinki,00190,446.7005960349069,0.4438030093003808,0.5085319897335628,0.4268292682926829,True
Helsinki,00200,9166.631278550632,0.7903501249197592,0.8206033974217078,0.7804878048780488,True
Helsinki,00210,5052.246057694551,0.8417878717544728,0.9288427351697557,0.8536585365853658,True
Helsinki,00220,6348.952554111045,0.686725976499923,0.7136784066125724,0.6829268292682927,True
Helsinki,00240,11642.415914528943,0.43136778134456055,0.48749299993580314,0.4146341463414634,True
Helsinki,00250,11141.097280758033,0.7199368062296649,0.7321985376342601,0.7317073170731707,True
Helsinki,00260,5867.931272594448,0.9163181517002001,0.9857718217561486,0.9146341463414634,True
Helsinki,00270,4050.088049350953,0.6126765315275849,0.6628381679441804,0.5975609756097561,True
Helsinki,00280,2996.15635816981,0.41997327990652766,0.4664495594884123,0.4390243902439024,True
Helsinki,00290,1439.630658044195,0.948370182498326,0.9914903450011687,0.9634146341463414,True
Helsinki,00300,5081.278439815631,0.4144457727541701,0.44706339957615526,0.3780487804878049,True
Helsinki,00310,663.0468098334208,0.5866325393555981,0.6388003817013547,0.4878048780487805,True
Helsinki,00320,10171.445616568724,0.5475463661611211,0.5633103231415977,0.524390243902439,True
Helsinki,00330,7961.909015618987,0.8505515893481562,0.9467791433430305,0.8658536585365854,True
Helsinki,00340,865.5733601552795,0.6077976608523834,0.6589914233935731,0.9878048780487804,True
Helsinki,00350,7002.339516509249,0.5509389239084029,0.5767496467382577,0.5,True
Helsinki,00360,509.2737986287292,0.5419697467129981,0.5549521398201179,0.3048780487804878,True
Helsinki,00370,7183.664851408375,0.36272886812276767,0.41887785164464686,0.3414634146341463,True
Helsinki,00380,5650.330740762913,0.3477315454072446,0.4019339958081466,0.3658536585365853,True
Helsinki,00390,9589.945897071526,0.2659373077749191,0.32406158377678884,0.3170731707317073,True
Helsinki,00400,7772.913917840782,0.19889570618033556,0.24397444176574154,0.2073170731707317,True
Helsinki,00410,6265.51724249326,0.12965534496177894,0.1949843910436382,0.0853658536585365,True
Helsinki,00420,10250.968050453052,0.11753151752117283,0.17637420608699841,0.0609756097560975,True
Helsinki,00430,6162.705639640401,0.620613068059226,0.6790254782659502,0.6585365853658537,True
Helsinki,00440,2885.22201575088,0.14815230104430416,0.21276870761398933,0.2439024390243902,True
Helsinki,00500,9598.085902077812,0.2986956268686527,0.3565635689496694,0.2560975609756097,True
Helsinki,00510,13874.056896774136,0.3222015402322679,0.3749316642842968,0.3292682926829268,True
Helsinki,00520,8808.838387062202,0.6239303539256891,0.6907414409007079,0.6341463414634146,True
Helsinki,00530,15321.64636965035,0.5599398378686653,0.5942192533489465,0.5365853658536586,True
Helsinki,00540,6348.067770361292,0.7588884139913059,0.793968688705952,0.7560975609756098,True
Helsinki,00550,8821.55715933769,0.2275473987424596,0.29726596612374406,0.1951219512195122,True
Helsinki,00560,9204.60471715189,0.5233407754341357,0.5473505566082276,0.5121951219512195,True
Helsinki,00570,510.89082327439473,0.7572222465532708,0.7886012194286978,0.9390243902439024,True
Helsinki,00580,9142.29167047409,0.722919402318054,0.7480712777227273,0.7195121951219512,True
Helsinki,00590,2950.137034546622,0.6038319909181801,0.6560054441031505,0.573170731707317,True
Helsinki,00600,2495.606249347368,0.23238154313084622,0.30612219787853945,0.1829268292682926,True
Helsinki,00610,6126.164525841192,0.4302347043969774,0.47358822003195555,0.3902439024390244,True
Helsinki,00620,5236.288460649435,0.6164392524896916,0.6701052100080722,0.6463414634146342,True
Helsinki,00630,7079.747550804624,0.20390961889630982,0.2848224204549975,0.2317073170731707,True
Helsinki,00640,8446.166935886047,0.4694656489072192,0.5335379678202709,0.4512195121951219,True
Helsinki,00650,4193.672062618201,0.5634389453493217,0.6094909408348907,0.5853658536585366,True
Helsinki,00660,9793.619393024366,0.7976661244527883,0.8354407173412577,0.7926829268292683,True
Helsinki,00670,6428.489006505975,0.8191258064336087,0.8481353075269397,0.8048780487804879,True
Helsinki,00680,4309.917084179932,0.8198106578913105,0.856538633482562,0.7682926829268293,True
Helsinki,00690,1954.941167687655,0.8367715963914326,0.9233592697662604,0.7073170731707317,True
Helsinki,00700,15813.597885299816,0.09655437707465868,0.14718496563668385,0.073170731707317,True
Helsinki,00710,9734.39564314576,0.0690401500467619,0.12719241596789577,0.0975609756097561,True
Helsinki,00720,6787.703419946894,0.1386473743155223,0.20519917218255312,0.1341463414634146,True
Helsinki,00730,11530.832188492372,0.4693846178219086,0.5179049926990433,0.4756097560975609,True
Helsinki,00740,11172.73272965913,0.29060833899260424,0.34030939138797434,0.2804878048780488,True
Helsinki,00750,10543.462456148956,0.20137119836183157,0.2710313999979425,0.1585365853658536,True
Helsinki,00760,9186.373711998329,0.603443618902269,0.6465080331367699,0.6097560975609756,True
Helsinki,00770,7059.4505020727465,0.04061366749439248,0.059735361003867796,0.0121951219512195,True
Helsinki,00780,8017.212004681363,0.5788285687185797,0.6320076562650537,0.5609756097560976,True
Helsinki,00790,8129.526618457304,0.19961145834252547,0.256418876273794,0.2195121951219512,True
Helsinki,00800,4489.420965336074,0.400614329386318,0.43957386099421175,0.2926829268292683,True
Helsinki,00810,8347.833996024478,0.41540697679405614,0.45757233434171096,0.4024390243902439,True
Helsinki,00820,3632.508976309503,0.12321734272967981,0.18723870328220796,0.1219512195121951,True
Helsinki,00830,2279.419300390673,0.7274698075006202,0.7570093230386269,0.951219512195122,True
Helsinki,00840,7076.400158958167,0.6348834730087571,0.7031724140132638,0.6219512195121951,True
Helsinki,00850,3088.1878374828293,0.7022324620933559,0.7210634287592312,0.8170731707317073,True
Helsinki,00860,1307.7320546974638,0.7894056496353854,0.8124066977883009,0.6951219512195121,True
Helsinki,00870,4409.073076045977,0.36186543038131247,0.4098059694025514,0.2682926829268293,True
Helsinki,00880,7386.920874058516,0.3670187538389521,0.4302800448734571,0.3536585365853658,True
Helsinki,00890,1684.3268139266352,0.7447797080834678,0.7868833546736173,0.902439024390244,True
Helsinki,00900,4183.867138008834,0.037194912070910156,0.03869367787401102,0.024390243902439,True
Helsinki,00910,5617.827660311469,0.10624903679758127,0.16395610029414734,0.1097560975609756,True
Helsinki,00920,14609.456817864306,0.18112356795459988,0.2264591461656945,0.1707317073170731,True
Helsinki,00930,7490.617914925539,0.33628218450024083,0.3916505632402885,0.4634146341463415,True
Helsinki,00940,22630.921902008544,0.009754929127681273,0.017709798997428285,0.0,True
Helsinki,00950,8281.33978312208,0.5665526556060376,0.6192532454036228,0.6707317073170732,True
Helsinki,00960,5419.376639315098,0.26032255321109615,0.3123160576175833,0.1463414634146341,True
Helsinki,00970,7822.66902545733,0.03770372801434531,0.048089377396595114,0.0365853658536585,True
Helsinki,00980,34703.94280543095,0.058119240324191364,0.09241725103596539,0.048780487804878,True
Helsinki,00990,7398.048718388249,0.43916920513076796,0.5023930911882358,0.5487804878048781,True
Marseille,132010101,2968.580023871528,0.35831907460948215,0.27812785316394106,0.2746268656716418,True
Marseille,132010102,1734.5581652323406,0.12394417052702045,0.06442274300781844,0.017910447761194,True
Marseille,132010103,2209.9701508416065,0.15556258785599517,0.09973454996570126,0.035820895522388,True
Marseille,132010104,2580.016211085849,0.17998563236493315,0.13430061260350318,0.0656716417910447,True
Marseille,132010201,1963.499087015788,0.26344005531681197,0.2083451887404968,0.1880597014925373,True
Marseille,132010202,1988.7532704671228,0.33666070011419624,0.26496494623352046,0.6029850746268657,True
Marseille,132010203,1511.6655337015784,0.15838773092509872,0.10433407197707598,0.2537313432835821,True
Marseille,132010302,1739.0465988583037,0.15779818478409727,0.10225736572176221,0.0507462686567164,True
Marseille,132010303,931.0362875196668,0.27762361738239294,0.2176233336439836,0.1582089552238806,True
Marseille,132010402,3978.262288517422,0.4861772761232187,0.4137160677928667,0.3014925373134328,True
Marseille,132010501,711.3919940524634,0.45192322851539457,0.3714822229601889,0.4985074626865671,True
Marseille,132010502,1128.4825740390356,0.5092354788431104,0.4619038536375615,0.6298507462686567,True
Marseille,132010503,2014.274509429932,0.4410265074707112,0.3521951077487473,0.5671641791044776,True
Marseille,132010504,5646.109155019125,0.39489817610281613,0.30347889521448085,0.4388059701492537,True
Marseille,132010601,2724.444185892741,0.2944848686368312,0.23149788700842008,0.2417910447761194,True
Marseille,132010602,1700.5145293341743,0.44260738966504165,0.35456828793800543,0.5223880597014925,True
Marseille,132020101,7016.009975527413,0.16266359082021034,0.11255562326256512,0.1492537313432835,True
Marseille,132020201,844.7846669091119,0.2271902558683471,0.17809177315837105,0.0029850746268656,True
Marseille,132020202,552.134224679735,0.23330810052950735,0.18417336765380699,0.1820895522388059,True
Marseille,132020203,861.1845795313516,0.2213953889314501,0.17093041193682118,0.1731343283582089,True
Marseille,132020204,412.009430355496,0.20950589068455341,0.16415626998754693,0.1671641791044776,True
Marseille,132020205,927.0744446648492,0.25676832272179223,0.20247091894243927,0.3134328358208955,True
Marseille,132020301,1202.2167753643462,0.6890638085610408,0.652548810287231,0.6597014925373135,True
Marseille,132020302,1465.9803009298112,0.5177125773531974,0.4709909077551031,0.2895522388059701,True
Marseille,132020303,922.801536983914,0.42945620090924824,0.33933404523301214,0.2985074626865671,True
Marseille,132020401,5096.587380051613,0.35393192091242964,0.27297544873227264,0.4955223880597015,True
Marseille,132020402,460.58628124660913,0.29161023459370705,0.2294631412589512,0.1462686567164179,True
Marseille,132020403,901.273887210422,0.2261040163224845,0.17697630966187602,0.1791044776119403,True
Marseille,132020404,473.7922903696696,0.23704172190561382,0.18891468281072732,0.208955223880597,True
Marseille,132030101,2726.8339905209014,0.34481326084595376,0.26797748292179985,0.2328358208955223,True
Marseille,132030102,3818.64068836636,0.24029830378088965,0.19165688884249812,0.1432835820895522,True
Marseille,132030103,3049.5187055799697,0.12437269290205893,0.07112256631169188,0.1223880597014925,True
Marseille,132030104,2590.5126359727647,0.05695650048862177,0.005936514281818116,0.0686567164179104,True
Marseille,132030105,2407.48082780838,0.1329605165824404,0.08138730488720702,0.1164179104477611,True
Marseille,132030202,2944.0367397732207,0.19860504338507134,0.14845543161606503,0.1552238805970149,True
Marseille,132030203,2017.3883499569365,0.12646332049872894,0.07660995181792961,0.0238805970149253,True
Marseille,132030204,2790.462260564168,0.11636556318478566,0.05855183065064018,0.0805970149253731,True
Marseille,132030205,2682.740916781955,0.08442167197822602,0.0329121150354492,0.1223880597014925,True
Marseille,132030301,2617.3659096293977,0.07588777145544043,0.0276046320287214,0.0776119402985074,True
Marseille,132030302,3315.565025965373,0.10438632339940364,0.047896021379614934,0.1044776119402985,True
Marseille,132030303,1992.7856576707627,0.09826007112264347,0.035899059092044404,0.0597014925373134,True
Marseille,132030304,4160.3057047526045,0.10354514763958864,0.04312008709897065,0.1522388059701492,True
Marseille,132030305,214.75240601433643,0.05718310483134277,0.007728648196770457,0.0119402985074626,True
Marseille,132030401,2332.4212994045683,0.12101758430229963,0.06182456717740647,0.1313432835820895,True
Marseille,132030402,2911.37132856581,0.21149658603259935,0.16627940034465002,0.2208955223880597,True
Marseille,132030403,1903.2574492560493,0.10492240148943743,0.05123004815212082,0.0985074626865671,True
Marseille,132040101,2675.854256841872,0.5181605521379408,0.47363690450407575,0.6,True
Marseille,132040102,2347.0998484293614,0.43616103689309665,0.34142301047645235,0.3373134328358209,True
Marseille,132040103,2742.3664241366914,0.49716003348912596,0.4349925218978192,0.3611940298507463,True
Marseille,132040104,2342.2306170993384,0.39451180886393156,0.2983755718509118,0.2686567164179104,True
Marseille,132040105,2044.827514860365,0.46787549860864536,0.38498845219712663,0.573134328358209,True
Marseille,132040106,3298.193736182319,0.543938530951742,0.5087305576710033,0.5373134328358209,True
Marseille,132040201,1812.0398455725772,0.372801714506875,0.2871476159026729,0.3313432835820895,True
Marseille,132040202,1998.574124150806,0.3624805898839205,0.28130110249198365,0.2955223880597015,True
Marseille,132040203,1678.090628094143,0.4685359597607091,0.3873668256366124,0.4776119402985074,True
Marseille,132040204,1703.8918380737305,0.3754003506495661,0.28939375675518025,0.3850746268656716,True
Marseille,132040301,2653.4913974338106,0.4919132424448033,0.42851375738210445,0.6537313432835821,True
Marseille,132040302,2474.8671018812397,0.42009061595714325,0.327504725017699,0.4626865671641791,True
Marseille,132040303,3325.385064654881,0.47426790403136704,0.39981447406128956,0.4298507462686567,True
Marseille,132040304,3238.35602039761,0.4734523252063152,0.3956212506647736,0.3791044776119402,True
Marseille,132040401,2393.9424858093266,0.5331625427353889,0.49643552648328293,0.4597014925373134,True
Marseille,132040402,2218.9014795091416,0.5420445301805068,0.5040255456367257,0.6328358208955224,True
Marseille,132040403,3659.789144621955,0.5966987987374646,0.5808391183656043,0.7283582089552239,True
Marseille,132040404,3092.135392189026,0.5199627645262761,0.47732176483506256,0.608955223880597,True
Marseille,132050101,2272.008705563016,0.4145037268906611,0.31835096653958594,0.408955223880597,True
Marseille,132050102,2619.698083665636,0.5326022096151828,0.4932325794649247,0.564179104477612,True
Marseille,132050104,2433.200828128391,0.4159892351020258,0.32341111014086255,0.3044776119402985,True
Marseille,132050105,1733.175673590766,0.39791376246340876,0.30994868403378284,0.3880597014925373,True
Marseille,132050202,2338.364285151164,0.6482834984932143,0.6204246625210255,0.7373134328358208,True
Marseille,132050203,1970.088215298123,0.5998517760541425,0.5873769611379847,0.6179104477611941,True
Marseille,132050204,1719.2412406073677,0.5124501042884106,0.4637231121932629,0.582089552238806,True
Marseille,132050205,1374.8428344726562,0.4983959468357473,0.4376227868591945,0.6626865671641791,True
Marseille,132050206,1740.8667655520967,0.5512434554094314,0.5214394603419779,0.5194029850746269,True
Marseille,132050207,2369.2460399203837,0.5771011062299458,0.5562580841973904,0.5850746268656717,True
Marseille,132050301,1836.1991615295408,0.5169275218602872,0.46888132177325936,0.4686567164179104,True
Marseille,132050302,1629.4510281880696,0.5311145157173053,0.49051802518250703,0.3552238805970149,True
Marseille,132050303,1576.6349843343098,0.5770786017681164,0.5537372716887354,0.4238805970149253,True
Marseille,132050304,2117.410760243734,0.5062122572731715,0.4566404671503554,0.5223880597014925,True
Marseille,132050401,3178.0949363708496,0.5015659001925642,0.4482943965798748,0.5134328358208955,True
Marseille,132050402,3012.490144941542,0.44773862311542106,0.36910323367515185,0.3641791044776119,True
Marseille,132050403,3237.539711554845,0.43806692638525657,0.34789566121498305,0.3402985074626866,True
Marseille,132060101,2832.2542315589053,0.694004194338044,0.6671122846372793,0.7194029850746269,True
Marseille,132060102,2375.888880411784,0.7667646496442472,0.7364438598787376,0.746268656716418,True
Marseille,132060103,2301.972959942288,0.5967208719697871,0.5846477695627471,0.5343283582089552,True
Marseille,132060202,2443.097373326619,0.5908048098473637,0.5762223510440396,0.764179104477612,True
Marseille,132060203,1788.7612567477752,0.5785136714528853,0.5589144128449324,0.4417910447761194,True
Marseille,132060204,2654.000420040554,0.6583012963939594,0.6304578916946777,0.6716417910447762,True
Marseille,132060301,1937.552281273736,0.48573460212932545,0.40993677002013923,0.7014925373134329,True
Marseille,132060302,1589.7530742221409,0.474858405958764,0.4029544931409547,0.4835820895522388,True
Marseille,132060303,1818.5971897972956,0.27623292468765664,0.21586673976260914,0.3432835820895522,True
Marseille,132060401,3208.1331986321343,0.7810405974279683,0.7501761022069837,0.928358208955224,True
Marseille,132060402,1666.2771602206758,0.7804228460286227,0.7470621019293816,0.8955223880597015,True
Marseille,132060403,1763.851995335685,0.7243360218868019,0.6808648904311542,0.7671641791044777,True
Marseille,132060502,2590.2156562805176,0.46334130904389925,0.3764296277247309,0.4746268656716418,True
Marseille,132060601,3979.3738392723935,0.8307221300431633,0.8394561048907081,0.844776119402985,True
Marseille,132060602,2561.974544525146,0.6921642091528465,0.6618175048938468,0.7970149253731343,True
Marseille,132060603,3675.761617898941,0.7471850093714517,0.7023309136321922,0.7313432835820896,True
Marseille,132060604,3022.255410936144,0.7738288730379057,0.7440668490365652,0.7761194029850746,True
Marseille,132070101,3023.299301438861,0.9473166670161403,0.9865866996012022,0.9791044776119404,True
Marseille,132070102,2292.1293929417925,0.8736192363749179,0.9041392468356789,0.9492537313432836,True
Marseille,132070201,1955.662082016468,0.8955372372769997,0.9224902175989806,0.9701492537313432,True
Marseille,132070202,2454.397425712862,0.8134730170880207,0.8050299215562701,0.9552238805970148,True
Marseille,132070203,1610.7351184156205,0.8270340040789478,0.8358848830270317,0.9223880597014924,True
Marseille,132070401,1446.9008541637,0.6923587375712936,0.664378561141751,0.6776119402985075,True
Marseille,132070402,561.918406166188,0.5915595589187644,0.5781420950300059,0.5940298507462687,True
Marseille,132070403,847.3384350670708,0.6621858030810621,0.632694709968909,0.6238805970149254,True
Marseille,132070501,5043.060740669568,0.9728921618314327,0.9967782580065527,0.9970149253731344,True
Marseille,132070502,3374.445456906325,0.9334176468814013,0.9718433765388046,0.9940298507462688,True
Marseille,132070601,1417.907706366645,0.8015322325859198,0.7712913457146854,0.6985074626865672,True
Marseille,132070602,1107.482089996338,0.7556904683857666,0.7193830436578116,0.6417910447761194,True
Marseille,132070603,1081.423662397597,0.7518616559342942,0.7053700250719057,0.7104477611940299,True
Marseille,132070604,1713.1152345869275,0.7828340900125341,0.7533200248271547,0.8238805970149253,True
Marseille,132070701,2069.2599135504825,0.8250469244715638,0.830980355611316,0.7522388059701492,True
Marseille,132070702,1360.2943863338892,0.7675771733016331,0.7388307076968924,0.7164179104477612,True
Marseille,132070703,1350.1152325073876,0.7568460711005018,0.7209530712470176,0.7074626865671642,True
Marseille,132080101,2661.44161523713,0.8316735349970901,0.8436985669828233,0.8626865671641791,True
Marseille,132080102,2321.7705931133696,0.8402851042433974,0.8527023300212735,0.8119402985074626,True
Marseille,132080301,1569.1829833834845,0.6105896093063973,0.6001670266297942,0.5074626865671642,True
Marseille,132080302,3135.25107694945,0.7553332925966847,0.7166725881797115,0.8656716417910447,True
Marseille,132080401,1412.2766637802126,0.8743832897661943,0.9065057938926029,0.9731343283582088,True
Marseille,132080402,1596.482905493842,0.9296772840451402,0.9506919206821619,0.9850746268656716,True
Marseille,132080403,2320.7066546546093,0.9310148596467839,0.9578573133415347,0.9761194029850746,True
Marseille,132080404,1866.822575251261,0.8486810289100867,0.8553781983476567,0.9671641791044776,True
Marseille,132080405,2439.1992592877814,0.9094487342291125,0.9451956615904072,1.0,True
Marseille,132080406,3943.350716789563,0.9528371147836323,0.9910373199826643,0.991044776119403,True
Marseille,132080501,3458.244193971157,0.9028863659560386,0.9316290408021985,0.9582089552238806,True
Marseille,132080601,2751.52512121943,0.8143569163855621,0.8083557072539964,0.9373134328358208,True
Marseille,132080602,2233.687998911159,0.9029809081510487,0.9352653120891525,0.9134328358208956,True
Marseille,132080603,256.23411971253034,0.924395865098603,0.9495083187885845,0.8835820895522388,True
Marseille,132080604,827.5818438827991,0.8756931960974691,0.9104158033152252,0.7492537313432835,True
Marseille,132080701,1861.6618638568448,0.7132973647215733,0.6754709887745675,0.7582089552238805,True
Marseille,132080702,1784.0681069691975,0.6345493223053333,0.6070686601101657,0.7104477611940299,True
Marseille,132080703,1952.201019393073,0.5662544290852634,0.5433580189512908,0.5552238805970149,True
Marseille,132080704,2099.800664477878,0.6971266513257707,0.67026311092902,0.6895522388059702,True
Marseille,132080801,2979.920200453864,0.46611349220895104,0.37998808984162047,0.4208955223880597,True
Marseille,132080802,2451.390143076579,0.6423931792132903,0.6146740959346804,0.5761194029850746,True
Marseille,132080803,2747.202105840048,0.763657302882852,0.7294599742007161,0.8298507462686567,True
Marseille,132080804,1906.846378054884,0.7700773098408207,0.7409179093270944,0.7253731343283583,True
Marseille,132080805,2892.033881081475,0.9350421495312067,0.9758466952915313,0.982089552238806,True
Marseille,132080806,2920.487415419685,0.906514895661564,0.9385580393093559,0.9880597014925372,True
Marseille,132080901,2180.784764766693,0.8811602210517077,0.9123376879668629,0.9402985074626866,True
Marseille,132080902,1941.1522405942285,0.8247184216635864,0.8284183176124791,0.8059701492537313,True
Marseille,132080903,3220.05315498511,0.7968905043895973,0.7649312302272788,0.9044776119402984,True
Marseille,132080904,1527.6887785726124,0.8627355565854349,0.8941795059921336,0.9611940298507464,True
Marseille,132081001,2564.400313589308,0.8514705901052596,0.8582090698357138,0.8686567164179104,True
Marseille,132081002,2919.6562446736625,0.8205376215568331,0.819396256788919,0.8865671641791045,True
Marseille,132081003,2111.5682853062945,0.8111947484949202,0.798422790192741,0.8507462686567164,True
Marseille,132090101,2798.0090142356025,0.7839129425484925,0.7562019410239758,0.7940298507462686,True
Marseille,132090102,3918.872116310316,0.6784845814845928,0.6492772202781262,0.7611940298507462,True
Marseille,132090201,2619.585166140408,0.8553326037294722,0.88140953427886,0.9343283582089552,True
Marseille,132090202,3368.015556075507,0.8609246187396634,0.8852346923879403,0.9104477611940298,True
Marseille,132090203,2102.889748149448,0.836338547534188,0.8467422436731186,0.8477611940298507,True
Marseille,132090204,1998.5826235877144,0.8258793444229453,0.8335790828126243,0.755223880597015,True
Marseille,132090401,2515.161787986756,0.9083381289269736,0.942030585090737,0.9164179104477612,True
Marseille,132090402,3169.1629368729064,0.7577700500630168,0.7238401965479173,0.6805970149253732,True
Marseille,132090403,1695.909829245673,0.8169634991422934,0.8164476182916758,0.9194029850746268,True
Marseille,132090404,2538.463378985723,0.802010172951751,0.7738188597627607,0.7701492537313432,True
Marseille,132090405,2364.1948017544214,0.7532875866290222,0.7131592861119367,0.7850746268656716,True
Marseille,132090406,2544.289998955197,0.8042212508752073,0.7770659592608866,0.835820895522388,True
Marseille,132090407,964.2549083497788,0.6082353596634829,0.5951136362404502,0.244776119402985,True
Marseille,132090408,1014.3279780811736,0.6689708772213466,0.6377037929768826,0.3283582089552239,True
Marseille,132090501,2943.2865349087447,0.8059428702331927,0.7840866438614701,0.7850746268656716,True
Marseille,132090601,3514.1551909968257,0.8532075146924364,0.8727317079125146,0.8298507462686567,True
Marseille,132090701,2888.1582314603857,0.81285479402237,0.8016168482664254,0.8,True
Marseille,132090702,1717.433663511856,0.5690943003062289,0.5516328672728857,0.3134328358208955,True
Marseille,132090703,618.2366815548545,0.753125931310411,0.7112539700258408,0.5492537313432836,True
Marseille,132090704,1623.1716358324566,0.751912681165917,0.7070978464676143,0.8895522388059701,True
Marseille,132090801,2192.0251997047003,0.4717321281315805,0.3921520703163912,0.444776119402985,True
Marseille,132090802,749.8769184218513,0.4169716526657224,0.32544460840150535,0.3940298507462687,True
Marseille,132090803,1801.4126050737168,0.5267828996750789,0.4883262297611412,0.435820895522388,True
Marseille,132090804,1880.4652847713896,0.5383267046138163,0.49916621717287546,0.6746268656716418,True
Marseille,132090805,2488.991073528925,0.5836768081134709,0.5678767748804923,0.2507462686567164,True
Marseille,132090806,1512.1975592507256,0.5537013114144368,0.5268278694534434,0.5582089552238806,True
Marseille,132090807,2688.370370970832,0.6089609012035604,0.5974471033259866,0.7731343283582089,True
Marseille,132090808,2408.837123976813,0.7193327384493244,0.6781991823517581,0.4059701492537313,True
Marseille,132090809,4552.900594949722,0.8612437337072537,0.8902949424032797,0.8985074626865671,True
Marseille,132100101,1876.5809735722012,0.4259497027729262,0.3356669456213817,0.2686567164179104,True
Marseille,132100102,1401.2125088903638,0.46678918372792627,0.3827869613909416,0.4029850746268656,True
Marseille,132100103,1374.006081044674,0.3953665969351549,0.30796367166630295,0.3701492537313433,True
Marseille,132100104,2163.917364511225,0.4463999576547113,0.36057602012318374,0.4119402985074626,True
Marseille,132100201,2244.300406138102,0.5642390889245695,0.5406770984620407,0.5164179104477612,True
Marseille,132100301,2259.4069614940217,0.515978656334424,0.4662648579006843,0.591044776119403,True
Marseille,132100302,2739.6670160028666,0.3859461928265609,0.2951290190424302,0.3462686567164179,True
Marseille,132100401,1470.4029548035728,0.4267052649231403,0.33780515478203693,0.4,True
Marseille,132100402,3909.673943916957,0.6042446311667514,0.5919999435716732,0.6567164179104478,True
Marseille,132100403,965.3236880567338,0.4966937554313512,0.4326238768333626,0.5492537313432836,True
Marseille,132100404,1303.3228158950806,0.30180790595865925,0.23725620134385964,0.2149253731343283,True
Marseille,132100405,2678.494015627437,0.5208999729698236,0.48100831156686213,0.4865671641791044,True
Marseille,132100406,2496.498311784532,0.5064119910935396,0.45958804707764483,0.6388059701492538,True
Marseille,132100407,1298.0570416914093,0.5471257032579704,0.5140025027778833,0.6507462686567164,True
Marseille,132100501,984.9062477747598,0.4237477092061284,0.32971498931186166,0.2,True
Marseille,132100502,1837.464244471656,0.5471650613022793,0.5160056197575207,0.6447761194029851,True
Marseille,132100503,1565.5893847147624,0.5511017016228636,0.5193271422128507,0.4507462686567164,True
Marseille,132100504,1610.715437465244,0.6112369608444471,0.6021984937891574,0.7343283582089553,True
Marseille,132100505,1572.9848772328762,0.725585529598437,0.6829966171801382,0.6925373134328359,True
Marseille,132100506,3440.2306997511123,0.5596501841418758,0.537045555334034,0.5074626865671642,True
Marseille,132100601,2221.3347239494324,0.4566496287505561,0.3733557853280766,0.2835820895522388,True
Marseille,132100602,2192.0162942674424,0.4985687912679781,0.43990146253468226,0.5791044776119403,True
Marseille,132110101,3649.4754014401183,0.9306609084159696,0.9540432830873422,0.946268656716418,True
Marseille,132110201,2989.5784706564414,0.6683014586558541,0.6351459111255492,0.6865671641791045,True
Marseille,132110301,8098.763901009638,0.9310959247481934,0.9645137562370075,0.9313432835820896,True
Marseille,132110401,2581.693985009152,0.8882059095142855,0.9195915432954035,0.9432835820895522,True
Marseille,132110501,2850.211581827244,0.6553659103814197,0.6237393663519792,0.5880597014925373,True
Marseille,132110601,470.9270234637791,0.36667732602801395,0.28287873479888287,0.1343283582089552,True
Marseille,132110603,898.0977872212728,0.5508523987438739,0.5177532241442991,0.5611940298507463,True
Marseille,132110604,1792.9992825190227,0.5049401794001876,0.45414231515611775,0.6059701492537314,True
Marseille,132110605,1516.8011650509302,0.3178187843000405,0.239057827840814,0.4567164179104477,True
Marseille,132110606,1845.271931519111,0.48084436924981616,0.4075201257941637,0.3761194029850746,True
Marseille,132110607,923.8797129491968,0.5426678948506338,0.5060333005825078,0.6656716417910448,True
Marseille,132110608,678.3449086248875,0.6037584093010513,0.5890689035219755,0.4716417910447761,True
Marseille,132110609,739.1000913778942,0.43842658430627274,0.35043612386350953,0.5283582089552239,True
Marseille,132110701,1637.6096347346902,0.4915328867863723,0.4257724022598131,0.6149253731343284,True
Marseille,132110702,1097.5555497672822,0.47806027526911166,0.40564011058842353,0.3104477611940298,True
Marseille,132110703,1407.420820025934,0.4961628458318388,0.43110805717254375,0.2776119402985074,True
Marseille,132110704,3834.745483481636,0.639783356533076,0.610658219829667,0.6477611940298508,True
Marseille,132110801,2751.024625261418,0.8056938578378011,0.780448852779454,0.8895522388059701,True
Marseille,132111001,1510.2845581902395,0.5005959353311102,0.44226666468910925,0.3522388059701492,True
Marseille,132111002,1288.0048773786466,0.3265020182875321,0.25073127384058974,0.4656716417910447,True
Marseille,132111003,1599.3477907578151,0.5531394187810236,0.524840069418081,0.5432835820895522,True
Marseille,132111005,268.39620256755086,0.2978654319742861,0.23340985278773896,0.0865671641791044,True
Marseille,132111101,4109.502092646435,0.8159579575657011,0.8127388508704977,0.8716417910447761,True
Marseille,132120101,5468.925199603817,0.8070324396948569,0.7894607563690358,0.8208955223880597,True
Marseille,132120102,1065.185048672888,0.5836113776733636,0.5656062017000701,0.3582089552238806,True
Marseille,132120103,1788.8741792605983,0.5568340729125718,0.5337049596832638,0.4537313432835821,True
Marseille,132120201,2452.394306765662,0.8395282535725705,0.8496523712100419,0.7373134328358208,True
Marseille,132120202,3223.983606345124,0.8100577653407335,0.7950141912343895,0.808955223880597,True
Marseille,132120301,2095.2692905796894,0.705658849283211,0.6729431169282859,0.7910447761194029,True
Marseille,132120302,1658.2719856368171,0.820837899719707,0.8223208504793412,0.8417910447761194,True
Marseille,132120303,2999.1402413778837,0.7469683514754027,0.6980666755577338,0.9074626865671642,True
Marseille,132120304,1810.1643335951703,0.46947156029515136,0.3895952853105747,0.373134328358209,True
Marseille,132120305,2132.129803879394,0.7520437606888027,0.7094969078647541,0.826865671641791,True
Marseille,132120401,2360.5540074242485,0.8692585142991427,0.9011668960622112,0.8537313432835821,True
Marseille,132120402,1940.280883259244,0.8756714678256524,0.9086475637403543,0.8388059701492537,True
Marseille,132120403,2027.629978285896,0.9191602974564724,0.9480492800717775,0.964179104477612,True
Marseille,132120404,1828.0180839962431,0.5441094892179396,0.5120054204453471,0.4805970149253731,True
Marseille,132120405,1140.8652782440186,0.6757243004465693,0.6446912040347831,0.6686567164179105,True
Marseille,132120406,1605.1639228926765,0.8959391132460358,0.9247650390340781,0.9253731343283582,True
Marseille,132120501,4391.174374712838,0.6707748284063072,0.6411570795465306,0.7044776119402985,True
Marseille,132120601,1440.1957643296985,0.7632550674275986,0.7267848694864695,0.7820895522388059,True
Marseille,132120602,3823.039230869721,0.786898964371157,0.7604317749024117,0.8716417910447761,True
Marseille,132120603,2658.831074078878,0.7998177931723299,0.7686869351789656,0.8149253731343283,True
Marseille,132120604,2972.534885432985,0.8215544394276296,0.8252792255073778,0.8,True
Marseille,132120701,5448.111121370147,0.9437354102714595,0.9811747682154096,0.8805970149253731,True
Marseille,132120702,3724.922204477092,0.8552676049761972,0.8773563675860991,0.8776119402985074,True
Marseille,132130102,4205.353938719258,0.7407995247886651,0.6934641092522403,0.7432835820895523,True
Marseille,132130103,5303.323726089257,0.7261426180286025,0.6873895232596875,0.7791044776119403,True
Marseille,132130201,3810.4260134607966,0.5802196008729844,0.5624914343573104,0.6835820895522388,True
Marseille,132130202,2091.388077554603,0.5026631984225216,0.4516607876631329,0.3880597014925373,True
Marseille,132130301,2170.846121311188,0.16149112728846643,0.10668663187083949,0.0567164179104477,True
Marseille,132130302,2266.9841265148584,0.37878877243153036,0.29193053719542256,0.3134328358208955,True
Marseille,132130303,2923.2845966004666,0.32691633387290564,0.25342164162368297,0.2567164179104477,True
Marseille,132130401,3296.067048200406,0.8817341423578938,0.915836555893522,0.9522388059701492,True
Marseille,132130501,2840.479361454491,0.9004291164031212,0.9276051229421622,0.8537313432835821,True
Marseille,132130601,2769.799047629039,0.4443022734736561,0.35742413237759996,0.4328358208955223,True
Marseille,132130602,3731.891373303202,0.5551365792210599,0.5301780376152363,0.4925373134328358,True
Marseille,132130603,2373.4782279067567,0.501393173510272,0.44474779317515917,0.3671641791044776,True
Marseille,132130604,1753.521320766873,0.5405766672732792,0.5014877770058296,0.4477611940298507,True
Marseille,132130605,4065.709032149364,0.5900851423854192,0.5720642224784586,0.7223880597014926,True
Marseille,132130607,2114.295293966929,0.6265146245927875,0.6045782040715885,0.3970149253731343,True
Marseille,132130701,3524.6331835360165,0.8683191492365729,0.8974071644850151,0.9014925373134328,True
Marseille,132130802,983.848624335395,0.2023848222239162,0.15728750810589093,0.1074626865671641,True
Marseille,132130803,1645.3352799746726,0.285568067029103,0.22549076783803695,0.1283582089552238,True
Marseille,132130804,2056.059197872877,0.28902472868806617,0.22785539095816437,0.417910447761194,True
Marseille,132130805,2391.747363885244,0.25353455872910524,0.1956243738704266,0.3253731343283582,True
Marseille,132130806,1761.3066472725734,0.1259110480516313,0.07419594552710196,0.0328358208955223,True
Marseille,132130901,842.7428255081178,0.2621371091412035,0.2065524307551649,0.035820895522388,True
Marseille,132130902,3496.4419868787136,0.3230108470018106,0.2422605209703415,0.2059701492537313,True
Marseille,132130903,2273.568626643883,0.43646240653994717,0.3443749086251079,0.6268656716417911,True
Marseille,132130904,1948.8157672087352,0.5229556271935369,0.4839644524921194,0.6358208955223881,True
Marseille,132131001,855.9077492550844,0.18669754270721678,0.1416741763384594,0.0298507462686567,True
Marseille,132131002,1887.763708061642,0.40346244766470224,0.31226190869267256,0.6208955223880597,True
Marseille,132131003,2199.6014110247293,0.3708015719230774,0.28458479269596526,0.5462686567164179,True
Marseille,132131004,2224.525778876411,0.2997099533322846,0.2350024474137039,0.3074626865671642,True
Marseille,132131005,1538.676823457082,0.5237817705744043,0.48619242512797767,0.5402985074626866,True
Marseille,132131006,1188.1386263105603,0.2329124236318402,0.18306160033383875,0.0835820895522388,True
Marseille,132131101,2506.218759377797,0.6576437635008056,0.6271613034359538,0.6119402985074627,True
Marseille,132131102,991.415302011702,0.5524613055356715,0.5231849693349637,0.191044776119403,True
Marseille,132131103,8327.018196456962,0.851800605560581,0.8651670150571632,0.8597014925373134,True
Marseille,132140101,2851.648976855808,0.12410530820053037,0.06735262565252957,0.0955223880597015,True
Marseille,132140102,835.7031385633679,0.13625379960649653,0.08495081046989739,0.1194029850746268,True
Marseille,132140201,2288.3081645965576,0.17605418460235325,0.12732544448746488,0.1850746268656716,True
Marseille,132140202,1698.5129518508909,0.17647634062523032,0.129872411433081,0.2238805970149253,True
Marseille,132140203,1526.611206372579,0.1273802066426789,0.07887402373427704,0.0,True
Marseille,132140204,1326.5137955347698,0.179605437403002,0.13180493935699786,0.2805970149253731,True
Marseille,132140205,3197.877085314856,0.23501736689681232,0.18656904946978817,0.2626865671641791,True
Marseille,132140301,3383.610484600067,0.10670716271368175,0.05460754553162909,0.1134328358208955,True
Marseille,132140302,2584.7974592844644,0.07393115422906235,0.024281247868931155,0.026865671641791,True
Marseille,132140303,1685.5396113395689,0.15087398665288518,0.08940225921693934,0.1701492537313433,True
Marseille,132140401,2904.466333984087,0.7647912453758519,0.7330705231276365,0.817910447761194,True
Marseille,132140402,4641.580022227123,0.5665407327026208,0.5475704332706475,0.5701492537313433,True
Marseille,132140403,1035.1923677523932,0.2727104001398339,0.2102608924533842,0.2119402985074626,True
Marseille,132140404,2707.016044966049,0.33338934703226925,0.2570185398062454,0.2298507462686567,True
Marseille,132140502,2873.2260390416614,0.2307422169939898,0.18046701149862088,0.3492537313432836,True
Marseille,132140503,1914.1172235144509,0.06130132014069787,0.010931895335075784,0.0059701492537313,True
Marseille,132140504,1442.6203620168897,0.06087639204229425,0.008787455084123692,0.0417910447761194,True
Marseille,132140505,1447.5555154614976,0.0677445289837593,0.018311849213367606,0.0477611940298507,True
Marseille,132140506,1470.6755284203423,0.10209360819205074,0.03952275412280341,0.1402985074626865,True
Marseille,132140507,2702.0379878150093,0.20771165824531937,0.16216687151455272,0.1761194029850746,True
Marseille,132140601,2960.580776506,0.27347070985964034,0.21281357837115,0.235820895522388,True
Marseille,132140602,2692.2179438802928,0.18157329101606393,0.13766876124374433,0.217910447761194,True
Marseille,132140701,6628.081439877201,0.486442608094052,0.42049189397142767,0.5313432835820896,True
Marseille,132150101,1167.4232669141556,0.13562889595821592,0.08367112006151801,0.0149253731343283,True
Marseille,132150102,1091.2239583333333,0.06621965697295575,0.01668995868627869,0.1611940298507462,True
Marseille,132150103,4237.500693942368,0.3237670684824685,0.24720132362789682,0.4149253731343283,True
Marseille,132150202,3227.617806189486,0.42483068295424975,0.3324061458021284,0.5044776119402985,True
Marseille,132150301,1486.843914111455,0.06821727254249278,0.020186480187284216,0.0746268656716417,True
Marseille,132150302,1738.4118653403389,0.047348764067690535,0.0031709957664709876,0.053731343283582,True
Marseille,132150303,1753.885350863139,0.2165175166367438,0.16925978351416338,0.2029850746268656,True
Marseille,132150401,2773.2186032334967,0.1537826650268828,0.09655105698478093,0.1373134328358209,True
Marseille,132150402,3365.7029072443647,0.1535530692117672,0.09262922811104116,0.1940298507462686,True
Marseille,132150501,1503.9041720761193,0.07696486601279998,0.030237491232952284,0.008955223880597,True
Marseille,132150601,1975.941957818137,0.20247433212755947,0.15917836013022463,0.2925373134328358,True
Marseille,132150602,1104.3925637669035,0.09941331508128458,0.03787768073677801,0.1104477611940298,True
Marseille,132150603,1360.8175466060638,0.18247912194019433,0.14025802901427237,0.3343283582089552,True
Marseille,132150701,2223.351963225713,0.13895986321461753,0.08690507729088227,0.0925373134328358,True
Marseille,132150702,1612.607367595037,0.02614400486476505,0.001030208665389405,0.044776119402985,True
Marseille,132150703,4948.57518794081,0.1992031721393735,0.15349759957577924,0.1940298507462686,True
Marseille,132150705,3699.109848181407,0.2537687368518693,0.19951549703258764,0.2477611940298507,True
Marseille,132150801,1104.448832988739,0.40391413320840974,0.31417347337383494,0.2597014925373134,True
Marseille,132150802,4085.709919724406,0.4476989779961455,0.3645685729993841,0.382089552238806,True
Marseille,132150803,3871.45419131385,0.3342473760253069,0.26122117287031793,0.226865671641791,True
Marseille,132150901,3407.448761343956,0.19067594493307818,0.1443978069686566,0.1641791044776119,True
Marseille,132150902,3003.938455952539,0.06346958334333758,0.014073778275503239,0.0597014925373134,True
Marseille,132150903,3850.656423727671,0.22272932574076787,0.1739405553412469,0.235820895522388,True
Marseille,132151001,1201.625757164425,0.16604173727161112,0.11780543156119538,0.0716417910447761,True
Marseille,132151002,1168.9924515792063,0.0690422302907816,0.02188315210679259,0.0208955223880597,True
Marseille,132151003,5372.14598680329,0.689308394188955,0.6567488193056068,0.6955223880597015,True
Marseille,132151101,1629.488047361374,0.17105696746101168,0.11961407886911125,0.1014925373134328,True
Marseille,132151102,4869.344613555405,0.2831372186413949,0.22132888701483197,0.3223880597014925,True
Marseille,132160101,2105.8644106329884,0.6457113706790536,0.617585482317975,0.5970149253731343,True
Marseille,132160102,1059.425311976009,0.6774030148391158,0.6460968521038477,0.4985074626865671,True
Marseille,132160103,758.2725246879788,0.4773910038133756,0.4044545212117435,0.4865671641791044,True
Marseille,132160301,1581.3303421404628,0.4116080376147596,0.31588927415407503,0.2865671641791045,True
Marseille,132160302,4076.483573554705,0.1744928322016979,0.1232593191963339,0.0895522388059701,True
Marseille,132160401,1607.7700225777096,0.4152805930911323,0.32082954982392564,0.4238805970149253,True
Marseille,132160403,2309.5296574897234,0.25895219794566265,0.2045386123310955,0.2626865671641791,True
Lyon,693810101,4593.813356399536,0.6971575549303882,0.7845009484007561,0.7619047619047619,True
Lyon,693810201,3004.82426293691,0.6658599837029303,0.7193968562588293,0.6845238095238095,True
Lyon,693810202,2574.1132747862075,0.4692202537183542,0.4479367666121044,0.3333333333333333,True
Lyon,693810301,4193.050413767498,0.3674298018316635,0.3085158374968129,0.2678571428571428,True
Lyon,693810302,2208.5263436635337,0.4344301779651261,0.40062626411764807,0.3809523809523809,True
Lyon,693810303,1924.154539744059,0.4885386031778397,0.4685346770155742,0.4226190476190476,True
Lyon,693810304,1525.0631493462456,0.4120736020853592,0.3649463478930402,0.2202380952380952,True
Lyon,693810401,4367.165784200032,0.6810734129990496,0.7525184196046395,0.6726190476190477,True
Lyon,693810402,4278.189823822842,0.6233944941154624,0.6440384530474498,0.5535714285714286,True
Lyon,693810501,1608.2944151560469,0.5028773453430738,0.47812219035669,0.7321428571428571,True
Lyon,693820101,3080.676705929968,0.7574137616505718,0.8602699498078512,0.8571428571428571,True
Lyon,693820102,2201.491855157746,0.7303467726905918,0.8315947296932934,0.7202380952380952,True
Lyon,693820202,1818.3501369688247,0.7048753784407328,0.7958610266082298,0.9702380952380952,True
Lyon,693820204,2517.408257378472,0.8103584385497602,0.9171822887573835,0.9345238095238096,True
Lyon,693820301,1973.0079236030576,0.9094135862033138,0.9943799671312088,0.9464285714285714,True
Lyon,693820302,1689.9039344787598,0.9490961231944224,0.9982257346366991,0.8630952380952381,True
Lyon,693820401,1501.33232222663,0.9037348517884517,0.9907321848918005,0.8928571428571429,True
Lyon,693820402,1896.2409908622503,0.8299443051639553,0.9273184926453053,0.8273809523809523,True
Lyon,693820502,4371.245654212104,0.5099166304055075,0.48909020242947304,0.5119047619047619,True
Lyon,693820503,2541.2911801905266,0.5104415817319486,0.4963478189291972,0.2083333333333333,True
Lyon,693820504,2635.8866357679167,0.33338960739921775,0.26729414870612067,0.2261904761904762,True
Lyon,693830102,2448.389437701967,0.8602637239249932,0.9779059493733938,0.9523809523809524,True
Lyon,693830103,2128.075841267904,0.798126043263261,0.9024150678452407,0.9047619047619048,True
Lyon,693830104,4709.798075993856,0.799355038511293,0.9095942941920674,0.8988095238095238,True
Lyon,693830105,3027.3153504067,0.720869809748123,0.8103311669699648,0.8690476190476191,True
Lyon,693830201,2211.015755123562,0.33432820745403524,0.2723830125497991,0.1130952380952381,True
Lyon,693830202,1899.3750924004448,0.4416045992630692,0.41814458283020906,0.2797619047619047,True
Lyon,693830203,2435.481870863173,0.6386105068678108,0.66611682216807,0.7797619047619048,True
Lyon,693830204,2299.605525546604,0.5769486659627531,0.5910685480905022,0.5952380952380952,True
Lyon,693830205,1951.2160737779404,0.6345228536453399,0.656714474753096,0.4285714285714285,True
Lyon,693830301,5761.546499146356,0.30241071120016344,0.21261199610103504,0.1785714285714285,True
Lyon,693830302,6065.669239044189,0.5358764326192933,0.5276147670998367,0.5178571428571429,True
Lyon,693830401,3062.328692118327,0.3739961641387385,0.3247016399913092,0.4047619047619047,True
Lyon,693830402,3336.436919318305,0.41271273519312973,0.37005053814287053,0.4107142857142857,True
Lyon,693830404,2606.136050754123,0.4806295102155363,0.4558365630656922,0.5416666666666666,True
Lyon,693830405,3438.305783377753,0.40502132569464955,0.35143659850242803,0.3452380952380952,True
Lyon,693830501,2540.6362528800964,0.4826040040415523,0.46124026658091655,0.5595238095238095,True
Lyon,693830502,3404.86457294888,0.44106542533386844,0.4125755510498443,0.4642857142857143,True
Lyon,693830601,2471.329527325101,0.3868597655859945,0.3305115430933645,0.2857142857142857,True
Lyon,693830602,3698.4836869769633,0.31396834959682113,0.22638453309071588,0.1726190476190476,True
Lyon,693830603,4256.457591586644,0.8480582694584456,0.958791996832616,0.9226190476190476,True
Lyon,693830604,2921.952953126696,0.6243325504506384,0.6515980330207946,0.8035714285714286,True
Lyon,693830701,2776.282179726494,0.42876105792510033,0.3953926097510962,0.4583333333333333,True
Lyon,693830702,4634.248100598653,0.442612525736871,0.4250043700001663,0.4404761904761904,True
Lyon,693830703,4944.396275202434,0.7268933765145583,0.8187008331592466,0.8511904761904762,True
Lyon,693830801,5466.626657274034,0.6782747342316028,0.7421937159556249,0.625,True
Lyon,693830802,3304.566292444865,0.5691499714077495,0.5851846112916239,0.4821428571428571,True
Lyon,693830804,3656.3508761955623,0.5930580329517146,0.59732183085607,0.5833333333333334,True
Lyon,693830901,5095.267356024848,0.5654221160418692,0.5763654508672381,0.6309523809523809,True
Lyon,693830902,5479.0411011113065,0.7798388590952391,0.8839421766726333,0.9404761904761904,True
Lyon,693840101,1141.259614893028,0.78519084033094,0.8908929683806042,0.8392857142857143,True
Lyon,693840102,1963.3409444491067,0.6694251259540268,0.7305185786397642,0.6666666666666666,True
Lyon,693840103,1706.6977110968696,0.5984832500302247,0.6029526073493312,0.7083333333333334,True
Lyon,693840202,1538.453173743354,0.6411710568975806,0.6702891393997163,0.4880952380952381,True
Lyon,693840203,1845.024553510878,0.6709393568204957,0.7345170609534376,0.6726190476190477,True
Lyon,693840204,2749.5952644348145,0.6126198380568632,0.6298104851443047,0.5059523809523809,True
Lyon,693840301,4216.065572208828,0.6647251183347436,0.7064024945213884,0.6964285714285714,True
Lyon,693840302,1964.38735877143,0.6047955050435302,0.6132066759748976,0.6369047619047619,True
Lyon,693840303,2213.455084058974,0.6561770468333892,0.6916643918061419,0.6071428571428571,True
Lyon,693840401,3910.470185809664,0.6902024488796827,0.7652792485077293,0.7559523809523809,True
Lyon,693840402,3038.6460781097408,0.4514205505329806,0.4378832196344862,0.3154761904761904,True
Lyon,693840403,2442.093389723036,0.692174538795688,0.777113803259331,0.6904761904761905,True
Lyon,693840501,3803.912943746895,0.6561943811496105,0.69798215191791,0.7440476190476191,True
Lyon,693840502,2385.0272886918647,0.7777490541060885,0.875685527360221,0.875,True
Lyon,693850101,1342.0639877253109,0.5435699635827235,0.5450365574815395,0.5297619047619048,True
Lyon,693850102,1532.0236097673578,0.5580806575974987,0.5694073199503179,0.5476190476190477,True
Lyon,693850103,998.4857902261946,0.5462494236546186,0.5474939494772458,0.494047619047619,True
Lyon,693850104,2022.0493051229664,0.773087102522681,0.8710584457881367,0.7857142857142857,True
Lyon,693850202,2284.296880028314,0.6346915088169819,0.6611614280836523,0.4345238095238095,True
Lyon,693850203,3186.240635421541,0.4270488504323322,0.3891324327712306,0.2559523809523809,True
Lyon,693850204,3121.2406035529248,0.7348935485523486,0.8371831774428516,0.8452380952380952,True
Lyon,693850301,1281.1328659860624,0.2346624949368908,0.13897130677122008,0.0892857142857142,True
Lyon,693850302,3937.503105130461,0.3214897098877773,0.2414054387276102,0.1964285714285714,True
Lyon,693850403,3784.3509701622856,0.6490682243433378,0.6758776624130549,0.6547619047619048,True
Lyon,693850404,2051.1135062111757,0.519018492968029,0.5038039179207571,0.3928571428571428,True
Lyon,693850501,1612.6054839028252,0.4167661454811213,0.3752466409143874,0.4464285714285714,True
Lyon,693850502,4592.849515067207,0.540317381113019,0.5388053680941739,0.6011904761904762,True
Lyon,693850503,2154.080534689956,0.2655257830395886,0.1601552285720737,0.238095238095238,True
Lyon,693850504,4519.153929233551,0.6556379496200342,0.684595685276018,0.7023809523809523,True
Lyon,693850601,2883.8701748318144,0.4384983450149197,0.40597287736270626,0.375,True
Lyon,693850602,2606.423883305656,0.6110874259924326,0.6180056659668967,0.7380952380952381,True
Lyon,693850603,1254.5886721462011,0.5181013195286882,0.5003331923032938,0.7976190476190477,True
Lyon,693860103,3356.9723650150827,0.8387938007669682,0.9401463618848356,1.0,True
Lyon,693860104,3239.2286813578885,0.8562392809668721,0.9719344005637611,0.9761904761904762,True
Lyon,693860201,2441.636119683584,0.8965372305879862,0.9865923801417587,0.988095238095238,True
Lyon,693860202,3482.363025029501,0.8355524273777436,0.9329656011072729,0.9940476190476192,True
Lyon,693860301,2510.916188134088,0.850454008393504,0.9658972036156113,0.9821428571428572,True
Lyon,693860302,2868.687859005398,0.8399182817853053,0.946682812314822,0.9166666666666666,True
Lyon,693860303,2226.13924407959,0.7948101247218532,0.8978434866726832,0.8809523809523809,True
Lyon,693860304,2620.3030381732515,0.8205795119886214,0.9225764789313644,0.9107142857142856,True
Lyon,693860401,1626.3207206560503,0.789475051664151,0.8937987086592857,0.9285714285714286,True
Lyon,693860402,1691.6946822272405,0.8672544947315763,0.9822527099822495,0.9583333333333334,True
Lyon,693860403,2204.140355851915,0.8404874159726325,0.9520088803900305,0.9642857142857144,True
Lyon,693860501,1769.028152041965,0.7194622655383538,0.8052953859570562,0.5238095238095238,True
Lyon,693860502,2699.2016351487905,0.7084337936988796,0.8006040983726367,0.8333333333333334,True
Lyon,693860503,3287.788417816162,0.7538878737929172,0.8510230566372835,0.7738095238095238,True
Lyon,693860601,2812.3749607933887,0.6693377500755486,0.725504454971101,0.7916666666666666,True
Lyon,693860602,1219.3818787468804,0.755088778983327,0.8557552286741259,0.8154761904761905,True
Lyon,693860603,1938.2253413730195,0.6879275582416522,0.7591385811699889,0.5654761904761905,True
Lyon,693860701,2535.149581061469,0.5269318255313522,0.5086191311270883,0.75,True
Lyon,693860702,3952.0145510567554,0.40840393605844694,0.35919584985722736,0.4166666666666667,True
Lyon,693870101,1171.9667877621118,0.47497843626652964,0.45186985414893027,0.3630952380952381,True
Lyon,693870102,3047.7154244395592,0.5995286627094091,0.6079443647960684,0.6607142857142857,True
Lyon,693870103,1939.7487180233,0.5507952527080358,0.5505788631287726,0.5357142857142857,True
Lyon,693870201,2281.87461090088,0.354693977828725,0.28400279300537273,0.1547619047619047,True
Lyon,693870202,1981.3845848507349,0.4638566681527968,0.4431538544595044,0.4761904761904761,True
Lyon,693870203,2943.756703694661,0.6121688360164264,0.6238329162470237,0.7142857142857143,True
Lyon,693870301,2233.486626519097,0.5032655308978023,0.4821557563461866,0.8095238095238095,True
Lyon,693870302,1241.3952632480195,0.4880377032986208,0.4652111002981882,0.6488095238095238,True
Lyon,693870401,2296.80082236396,0.445242235920625,0.43228142272751513,0.3988095238095238,True
Lyon,693870402,3287.200774298773,0.3489215997061657,0.27815570468279377,0.3571428571428571,True
Lyon,693870403,1925.739658355713,0.3713653276046451,0.3194645630643577,0.1845238095238095,True
Lyon,693870501,2799.6022731992925,0.4933544157069611,0.47349424775025445,0.5,True
Lyon,693870502,3366.408598687914,0.557994868005655,0.5642643538771486,0.6130952380952381,True
Lyon,693870503,3338.755429373847,0.39152145137908023,0.3394993822362064,0.369047619047619,True
Lyon,693870601,6201.94976207945,0.29882678584218114,0.19279328186134745,0.3273809523809524,True
Lyon,693870602,1637.6196642090156,0.2838576919158582,0.17037178897557256,0.3035714285714285,True
Lyon,693870603,1053.2582875357734,0.24678947021989078,0.14520406751888595,0.3035714285714285,True
Lyon,693870701,7376.549748447206,0.3321251853644068,0.2567818830581651,0.3214285714285714,True
Lyon,693870703,2789.7593247095747,0.19062881373733817,0.0878002471541267,0.0773809523809523,True
Lyon,693870704,1418.9669307337865,0.19429102551802543,0.09704345798597519,0.2916666666666667,True
Lyon,693870705,1375.2036009894484,0.38905173549021815,0.33455009839767114,0.4702380952380952,True
Lyon,693870801,2297.4976860682173,0.19140478255443957,0.09314146432291004,0.1488095238095238,True
Lyon,693870802,7634.061921196576,0.13508789387111275,0.062123950006953386,0.1309523809523809,True
Lyon,693880101,3386.401027414533,0.7417568627655801,0.8440156860293008,0.7202380952380952,True
Lyon,693880102,3261.841073989868,0.6176959642840973,0.636122017451758,0.5892857142857143,True
Lyon,693880104,2459.645354588826,0.6915344811814711,0.771967365585248,0.5714285714285714,True
Lyon,693880105,2668.01150364346,0.35886927205691743,0.28919978160699333,0.2619047619047619,True
Lyon,693880202,3864.313029302492,0.5522397793772865,0.556672668530744,0.6428571428571429,True
Lyon,693880203,2586.4033571879067,0.7695608314264075,0.8662199352844778,0.8869047619047619,True
Lyon,693880204,2203.887149704827,0.6979839168311884,0.7916379958458784,0.7678571428571429,True
Lyon,693880301,2296.28665722741,0.3983899445589389,0.34541573037352397,0.4523809523809524,True
Lyon,693880302,4784.297847323947,0.284989166238562,0.17711429402228854,0.0714285714285714,True
Lyon,693880303,3335.358086837663,0.3180760144755655,0.23376951017467495,0.1607142857142857,True
Lyon,693880401,1253.2386156717937,0.26263229021207746,0.1565778131777109,0.0,True
Lyon,693880402,1973.6237816280784,0.2968716305366558,0.18420957679518152,0.0297619047619047,True
Lyon,693880403,3910.394518269433,0.3650717146452982,0.30000786176340904,0.25,True
Lyon,693880404,2969.5454551908706,0.2686187219705578,0.16553463029005214,0.2142857142857142,True
Lyon,693880501,2154.6768826113803,0.3702017625866577,0.31518044869029965,0.1904761904761904,True
Lyon,693880502,1665.6419603559707,0.32717196649821834,0.2472882975176331,0.2738095238095238,True
Lyon,693880503,2730.125202708774,0.20340218094202814,0.1013996762959715,0.3392857142857143,True
Lyon,693880601,1828.9277924431692,0.14551339322483486,0.07205934014341223,0.0119047619047619,True
Lyon,693880602,2091.0004133648345,0.02430640601512796,0.007966674238018749,0.0357142857142857,True
Lyon,693880603,3538.8256096310083,0.07230021542201466,0.028932090429111143,0.0178571428571428,True
Lyon,693880701,3456.446364614698,0.3000704404664315,0.20293383326370765,0.2976190476190476,True
Lyon,693880702,5047.543892436557,0.0960338590555571,0.044737645816623754,0.0654761904761904,True
Lyon,693880801,3233.837640444438,0.07965895056726023,0.036042850737279704,0.0416666666666666,True
Lyon,693880802,2282.9326091342505,0.20670406269602912,0.12050847114920732,0.0476190476190476,True
Lyon,693880901,3806.2437943882414,0.2058518626542751,0.10826234634288151,0.2023809523809523,True
Lyon,693880902,1343.556825849745,0.26154954541344533,0.15385138351892064,0.119047619047619,True
Lyon,693880903,4645.3375844889215,0.048113137834932346,0.015039295906756307,0.0595238095238095,True
Lyon,693890101,2787.3394569704933,0.206693465055936,0.11518508682785164,0.0833333333333333,True
Lyon,693890102,2567.4695770922635,0.7274101123425466,0.8265876976866079,0.8214285714285714,True
Lyon,693890103,4745.8135034557845,0.5323664715858692,0.5162635660258778,0.5773809523809523,True
Lyon,693890104,750.760015712844,-0.08341409797148819,0.001,0.125,True
Lyon,693890201,3805.3067028025785,0.2147534189291491,0.133630947851819,0.1428571428571428,True
Lyon,693890203,2173.602447748184,0.16633248392655453,0.07626168006690981,0.1666666666666666,True
Lyon,693890301,1857.889853018853,0.36407068187271857,0.29395161977424344,0.244047619047619,True
Lyon,693890302,2919.672419786453,0.2567362501492776,0.1493753302758843,0.1071428571428571,True
Lyon,693890303,1828.8303107950424,0.31142649562055474,0.22058129091922538,0.3511904761904761,True
Lyon,693890401,3205.149892018901,0.21246840071327325,0.12627052335469968,0.2321428571428571,True
Lyon,693890402,2577.8129046079184,0.6657288614639079,0.7135355291382993,0.6190476190476191,True
Lyon,693890403,3013.2891228397684,0.1760296713634006,0.0817075056367106,0.1369047619047619,True
Lyon,693890501,1801.0094978594118,0.24264089183117324,0.14220731227979355,0.0952380952380952,True
Lyon,693890502,4213.357299352685,0.41835029442515564,0.3813634406704625,0.3809523809523809,True
Lyon,693890604,2524.0336159865064,0.07194681432739712,0.022566568160592278,0.0059523809523809,True
Lyon,693890605,1130.8202970557743,0.0031608986640933616,0.004584017522074829,0.0238095238095238,True
Lyon,693890606,1939.013761255476,0.09725988348246266,0.05207297831732813,0.0535714285714285,True
Lyon,693890607,866.8598961167864,-0.021086932484879188,0.0024866114498228666,0.1011904761904761,True
Paris,751010201,1258.753070195516,0.5613726800560879,0.6034586134232067,0.4695051783659378,True
Paris,751010202,818.8151501549617,0.7123371630704054,0.791269402974197,0.7779056386651323,True
Paris,751010203,1486.5819185045034,0.6507660546113323,0.7328135138081565,0.6340621403912543,True
Paris,751010204,821.1442182328965,0.6763486021634205,0.7600941248121116,0.4879171461449942,True
Paris,751010301,2481.378968662686,0.7097157695329838,0.7904614728591787,0.7733026467203682,True
Paris,751010401,1326.4636335902744,0.6771510665956628,0.7606198869328439,0.9205983889528192,True
Paris,751010402,1888.022098011441,0.7443185842386175,0.8127121905725307,0.766398158803222,True
Paris,751020601,2750.63025686476,0.6393933856562296,0.7132433873582902,0.7525891829689298,True
Paris,751020602,3489.1338534884985,0.6428691519909984,0.7177959593046742,0.7307249712313003,True
Paris,751020701,1521.9639400906035,0.5656565610020698,0.6104912240543575,0.6800920598388953,True
Paris,751020702,2795.4742228190107,0.6115123269071432,0.6802155867774516,0.6835443037974683,True
Paris,751020703,2423.496687571208,0.5877452663319305,0.6484738930753736,0.6064441887226697,True
Paris,751020801,2316.438500722249,0.5119219752879204,0.5300165648475755,0.3993095512082854,True
Paris,751020802,985.134764565362,0.5534964944645977,0.5958737725797733,0.7226697353279632,True
Paris,751020803,1182.264500088162,0.5461848032603172,0.5898386175073351,0.5385500575373993,True
Paris,751020804,2227.0406930711533,0.605454941935894,0.6741604202758523,0.4649021864211737,True
Paris,751020805,1371.4655066596135,0.5125473797222064,0.5309194113473832,0.4223245109321059,True
Paris,751030901,1502.2696372138128,0.5323072847265051,0.5583402260248923,0.5155350978135789,True
Paris,751030902,1401.7327923244902,0.5050721680831802,0.5196067544868138,0.5362485615650172,True
Paris,751030903,2506.5164858500166,0.6051914297740794,0.6722352376294167,0.6029919447640967,True
Paris,751030904,1276.0817231072322,0.4685223668157841,0.4695032682345081,0.3590333716915995,True
Paris,751030905,3305.6270374721958,0.6183396192337306,0.6856797504008194,0.6398158803222095,True
Paris,751031001,1730.9708260430227,0.5411257363637747,0.5822600761133843,0.5638665132336018,True
Paris,751031002,1956.6814210679795,0.5514334174774612,0.5926723268751939,0.7491369390103567,True
Paris,751031003,2355.5498788621694,0.6298545558975474,0.6952156253761952,0.7456846950517837,True
Paris,751031004,2398.313120100234,0.5976348905247997,0.660193263693741,0.7318757192174914,True
Paris,751031101,2422.750377231174,0.6458311408782308,0.7268831044728394,0.7445339470655926,True
Paris,751031102,2127.532321506076,0.6566624087504437,0.7379311979671338,0.8492520138089759,True
Paris,751031103,3717.6751035054526,0.7136410314576159,0.7923799943395715,0.7399309551208285,True
Paris,751031104,4438.262076483834,0.7462876122771844,0.8147772601857465,0.7859608745684695,True
Paris,751031201,1908.5344704522024,0.5427138641911909,0.5855838229884764,0.5615650172612198,True
Paris,751031202,1805.931512620714,0.5667968123678302,0.6125015751610484,0.5604142692750288,True
Paris,751031203,1530.9318364461262,0.4870355976738034,0.4961504483877931,0.4810126582278481,True
Paris,751031204,2055.4052094353574,0.4828316488582824,0.4928264189534255,0.4510932105868814,True
Paris,751041301,1272.4088495042588,0.6142404053179882,0.6830070643689702,0.6467203682393556,True
Paris,751041302,2062.792775472005,0.6341485677881293,0.7072161406019366,0.6248561565017261,True
Paris,751041303,1249.189606136746,0.5019738287002639,0.5116246091839158,0.5086306098964327,True
Paris,751041401,2839.656997892592,0.4104742757067414,0.3938923316745399,0.2566168009205984,True
Paris,751041402,1724.5307884216309,0.5987417746131469,0.6612025890950018,0.5120828538550057,True
Paris,751041403,1373.7411007351343,0.6319790140506435,0.7013299827256911,0.5845799769850403,True
Paris,751041404,955.2292065090604,0.6346907516518574,0.7079549913359362,0.5316455696202531,True
Paris,751041501,2825.090695963966,0.5757186451310746,0.6244868321757094,0.4211737629459148,True
Paris,751041502,950.5012559493382,0.6691498409033492,0.7517513150265118,0.713463751438435,True
Paris,751041503,1075.145847744412,0.6970127285948534,0.7762319038598807,0.8204833141542003,True
Paris,751041504,2269.9365679423017,0.6565417418143585,0.7368546408260301,0.7249712313003452,True
Paris,751041601,1403.342755966716,0.49133904363316155,0.5033341947500147,0.8170310701956272,True
Paris,751051701,1775.7404431237114,0.6018018329595474,0.665589733514755,0.6444188722669736,True
Paris,751051702,1351.3227848476834,0.5836663043984475,0.6386712813784249,0.7364787111622555,True
Paris,751051703,3277.353451199001,0.6410450637620563,0.7161394358792267,0.5500575373993095,True
Paris,751051704,2188.1262719896104,0.6431184449892023,0.7199317004893476,0.7330264672036824,True
Paris,751051705,1588.9445379045274,0.6601722893147154,0.7394295564132511,0.7548906789413119,True
Paris,751051801,1476.222574869792,0.6199148563800655,0.6877182601936399,0.7514384349827388,True
Paris,751051802,2790.486071268717,0.5718322024501157,0.6192980630279326,0.6156501726121979,True
Paris,751051803,2098.04795159234,0.6650450880287391,0.7491687727328582,0.6006904487917146,True
Paris,751051804,2049.566679212782,0.5699827050104135,0.615365490584603,0.3728423475258918,True
Paris,751051805,3211.936161465115,0.5541947928086459,0.5969012697129487,0.4637514384349827,True
Paris,751051806,1113.2193688286677,0.5413624066967228,0.5829563705822987,0.4591484464902186,True
Paris,751051807,1580.2861624823674,0.5668484691542697,0.6133305649529286,0.5086306098964327,True
Paris,751051808,1520.0194413926863,0.6923211097842862,0.7728909397697221,0.761795166858458,True
Paris,751051901,2412.1557657453745,0.6986352749584193,0.7796987055976292,0.715765247410817,True
Paris,751051902,2072.71165699429,0.8281969753434676,0.8884872117067752,0.7698504027617952,True
Paris,751051903,1781.594480302599,0.8221980044838866,0.884131339499546,0.7825086306098964,True
Paris,751051904,2268.064012315538,0.878729896460958,0.9352027899242623,0.8929804372842347,True
Paris,751051905,1768.5602951049805,0.8828040773596639,0.9386626382911174,0.9516685845799768,True
Paris,751051906,3390.2464934455024,0.8018146906961597,0.8576219013740354,0.7652474108170311,True
Paris,751051907,3604.729769388835,0.6459182570465289,0.7283587094078224,0.6950517836593786,True
Paris,751051908,2887.524545457628,0.6936332569753311,0.7739699634247064,0.6823935558112774,True
Paris,751052001,3796.685554504395,0.6072100367017667,0.6764187308940066,0.5408515535097813,True
Paris,751052002,2037.1841519673667,0.8479188436700992,0.9078503560747473,0.8469505178365938,True
Paris,751052003,2492.432727389865,0.5817487647553701,0.6310153080496528,0.4913693901035673,True
Paris,751052004,3169.61180665758,0.6158019370090353,0.6840945283575831,0.6754890678941312,True
Paris,751062101,2137.596909417046,0.8259826327257815,0.8868633669464373,0.8527042577675489,True
Paris,751062102,1581.8894297281904,0.7626090898141893,0.8333366285938463,0.6087456846950517,True
Paris,751062103,1275.4733412000865,0.7826817032180206,0.8501296089684977,0.6869965477560415,True
Paris,751062201,2947.343333714538,0.8964153546432495,0.9515787977799219,0.945914844649022,True
Paris,751062202,2067.779133690728,0.9399399385112098,0.984066205714264,0.9021864211737628,True
Paris,751062203,2073.673831939697,0.8352427606774099,0.8990471547541021,0.7675489067894131,True
Paris,751062204,2267.898151397705,0.8637368405754451,0.9278652935760485,0.8273878020713463,True
Paris,751062301,1414.939248402913,0.8887875779826133,0.9434617819783957,0.9344073647871116,True
Paris,751062302,1068.752156999376,0.8597993356996395,0.9221146259957962,0.9493670886075948,True
Paris,751062303,1890.254247453477,0.933087866663809,0.9825561716949256,0.8826237054085155,True
Paris,751062304,854.6907352871365,0.8950410769575609,0.9492919500165459,0.9585730724971232,True
Paris,751062305,3147.092929840088,0.8435655023647836,0.9033064465467061,0.905638665132336,True
Paris,751062306,1809.7307222154404,0.828372589813721,0.8894376837108616,0.8826237054085155,True
Paris,751062307,1278.3171526590984,0.8928211975195891,0.9480807899406752,0.8711162255466053,True
Paris,751062308,2537.010886722141,0.8560636672166929,0.9185046663097136,0.8319907940161104,True
Paris,751062309,1794.471243434482,0.8062119196515103,0.8588911871938028,0.7088607594936709,True
Paris,751062310,1946.8194486829968,0.8915884771183951,0.9442847838967717,0.8722669735327964,True
Paris,751062311,1948.734794192844,0.9180340395683214,0.9658307186259153,0.9378596087456847,True
Paris,751062401,1813.4817907545305,0.8159685086265086,0.8726505427298505,0.807825086306099,True
Paris,751062402,3555.973566055298,0.7947661961117839,0.8513124095295997,0.8032220943613348,True
Paris,751072501,2423.537141587999,0.9647967096060172,0.9918288105508424,0.9850402761795168,True
Paris,751072502,1506.1268933614094,0.9675722089258585,0.9927908430257312,0.9689298043728424,True
Paris,751072503,2496.43712064955,0.8986278690132163,0.9529115054965833,0.9263521288837744,True
Paris,751072504,2391.910352071126,0.94261689727333,0.9858824519717997,0.9182968929804372,True
Paris,751072505,1896.9079546398584,0.8605504110109669,0.9236416013467398,0.8872266973532796,True
Paris,751072506,3584.366931332482,0.8923058935530723,0.9456388897121577,0.9171461449942464,True
Paris,751072601,2479.173341115316,0.8992175904963479,0.9541295991565101,0.9390103567318756,True
Paris,751072602,2555.8408133188886,0.8487531388168968,0.9106796181272044,0.95512082853855,True
Paris,751072604,2555.9363271925185,0.8924101674521496,0.947142115201113,0.9769850402761796,True
Paris,751072701,2074.739035712348,0.8625966022368388,0.9268021599433754,0.8803222094361335,True
Paris,751072702,2609.4543791876904,0.8191012850613264,0.8764590753205146,0.8860759493670886,True
Paris,751072703,1163.7002177768286,0.8324531142760725,0.8982546038028018,0.9942462600690448,True
Paris,751072704,1802.4052806430395,0.8117675804300236,0.8653269916170057,0.9493670886075948,True
Paris,751072705,1640.4975325796336,0.8775017481735393,0.9334868296784736,0.996547756041427,True
Paris,751072706,2080.4083502027725,0.8849219845387423,0.939604915493108,0.8262370540851554,True
Paris,751072801,1169.1980442470976,0.8154995478035607,0.8719203442095833,0.8688147295742232,True
Paris,751072802,855.4431025187173,0.7494665853464235,0.8191045437343182,0.8791714614499425,True
Paris,751072803,866.5115449693469,0.7394105627956741,0.8080509618984372,0.6329113924050633,True
Paris,751072804,1665.6123455895315,0.7781570459265944,0.8452651656403405,0.7974683544303798,True
Paris,751072805,1054.5064851972793,0.7460607741733611,0.8134325595481375,0.7042577675489068,True
Paris,751072806,1634.289828459422,0.9193880618492621,0.9695196778429002,1.0,True
Paris,751072807,1736.538223266601,0.7393038289738892,0.8074137017182988,0.998849252013809,True
Paris,751072808,1203.927741580539,0.9044536374906574,0.9558221403685279,0.9815880322209436,True
Paris,751072809,1902.9751792483864,0.9283277752163681,0.9771253139593475,0.9102416570771,True
Paris,751072810,1774.480595694648,0.8207766992145649,0.8783207254255593,0.812428078250863,True
Paris,751072811,1737.4005177815757,0.9476715728518447,0.9890929163503767,0.9919447640966628,True
Paris,751083001,3454.049352645874,0.8117196312954859,0.8640401436791083,0.9367088607594936,True
Paris,751083002,2769.58590443929,0.896120287962362,0.9501792197155299,0.9321058688147296,True
Paris,751083004,1894.4366109636096,0.7499376303298052,0.819777749780148,0.7917146144994246,True
Paris,751083005,2321.953501383463,0.6525059800785494,0.7344926122641223,0.5132336018411968,True
Paris,751083105,1879.2151391771104,0.8306211133841298,0.8933360082871045,0.9228998849252014,True
Paris,751083106,1687.5264314015706,0.8209665943173218,0.8791682694290005,0.904487917146145,True
Paris,751083201,1388.848136054145,0.8822595559642027,0.937889663955335,0.8941311852704258,True
Paris,751083202,1407.1403013865151,0.893145977167677,0.948738224585914,0.9792865362485615,True
Paris,751083203,2028.6989350318904,0.8471458256788055,0.9068549754177735,0.9873417721518988,True
Paris,751083204,1439.3710759480791,0.9476401506514418,0.9883152016624818,0.9884925201380896,True
Paris,751083205,1105.040517595079,0.9343456559832717,0.983289458512886,0.9758342922899884,True
Paris,751083206,923.4652995003594,0.8612096965911682,0.9243320651211642,0.8676639815880323,True
Paris,751083207,552.4670100741916,0.8247694774062365,0.8852933067129137,0.9424626006904488,True
Paris,751083209,1563.2607714335124,0.7794139190644471,0.8460556354535982,0.9102416570771,True
Paris,751083210,1039.3231684366865,0.9115780836039163,0.9571347504225138,0.9735327963176064,True
Paris,751093301,982.4240832858618,0.6742608463368625,0.7546507412244552,0.8181818181818182,True
Paris,751093302,1347.7421798706057,0.743006308053166,0.8096437500108508,0.8918296892980437,True
Paris,751093303,1851.9671948750813,0.7526021528514547,0.8238314551265016,0.7905638665132336,True
Paris,751093304,2031.6046899159749,0.8109553310562279,0.8616168341592519,0.9240506329113924,True
Paris,751093305,1464.6439933776855,0.8571718902206374,0.9201404515533265,0.8952819332566168,True
Paris,751093306,1782.5919464959038,0.7430263614298619,0.8104100962073791,0.7963176064441887,True
Paris,751093307,2143.0124655829536,0.7533828421931237,0.825991562163023,0.8009205983889528,True
Paris,751093308,1488.420713212755,0.6471588724646723,0.7296055783819081,0.478711162255466,True
Paris,751093309,1201.972868177626,0.6576498665325827,0.7387463038106102,0.5535097813578826,True
Paris,751093310,1409.131534576416,0.6445689230168611,0.7254275008131224,0.857307249712313,True
Paris,751093403,3792.57522116767,0.7336763224005914,0.8057222039109728,0.8158803222094362,True
Paris,751093407,1549.1660414801706,0.6337768847629136,0.7050832214319845,0.7422324510932106,True
Paris,751093501,2767.664143456353,0.6304766179302725,0.6964698542928257,0.4430379746835443,True
Paris,751093502,2235.6339615715874,0.6716103459145054,0.753862919080451,0.6708860759493671,True
Paris,751093503,2983.81142255995,0.691553710442225,0.771788343844474,0.7583429228998849,True
Paris,751093504,2776.7190517849394,0.7224823294433693,0.7973509134500769,0.7928653624856157,True
Paris,751093601,1523.356429629856,0.6430280091287665,0.7190230816208666,0.667433831990794,True
Paris,751093602,1678.4700368245449,0.6432370693227342,0.72087829317088,0.6455696202531646,True
Paris,751093603,752.1611790127226,0.7000698193732867,0.780473371226707,0.4948216340621404,True
Paris,751093604,933.4394942389596,0.6441006920799094,0.7248540091903243,0.7376294591484465,True
Paris,751093605,1202.186417473687,0.5632700173877035,0.6052288195890093,0.7180667433831991,True
Paris,751093606,1259.2350692749023,0.680244470584052,0.763088083601358,0.7468354430379747,True
Paris,751093607,1204.887476179335,0.6048681755540033,0.6713266380374037,0.569620253164557,True
Paris,751093608,1259.3122588263618,0.6407873049367456,0.7150288015598693,0.7986191024165707,True
Paris,751093609,1441.3433414035374,0.6316278342598572,0.700640813720706,0.6927502876869965,True
Paris,751093610,881.5554703606499,0.5720252553906906,0.6201970261913914,0.5995397008055235,True
Paris,751103701,1523.8963690863716,0.22129704507716438,0.2042516885272402,0.4626006904487917,True
Paris,751103702,2114.5285708109545,0.2479798646858499,0.22912403936923184,0.3072497123130034,True
Paris,751103703,2560.893991046481,0.4807547651135882,0.4886942652267263,0.3774453394706559,True
Paris,751103704,3568.4901652865938,0.5714165748510243,0.6177413035716011,0.7100115074798619,True
Paris,751103705,2550.243468814426,0.6339706118530739,0.706086809790098,0.7721518987341772,True
Paris,751103706,2058.637948354085,0.482648188116959,0.49181924808953287,0.5443037974683544,True
Paris,751103707,2867.0519928402373,0.33548252394997297,0.3284246541297844,0.3118527042577675,True
Paris,751103708,870.3741472032335,0.17822607413383051,0.1576787926615024,0.380897583429229,True
Paris,751103709,3175.1241577996147,0.2510018863507419,0.23712918742897007,0.2796317606444188,True
Paris,751103801,1817.8983090718596,0.41085753512747814,0.395032561327518,0.379746835443038,True
Paris,751103802,1896.708320617676,0.4296145933851562,0.4235744404612983,0.1760644418872267,True
Paris,751103803,3480.667971293132,0.5847767889077181,0.6417039195325243,0.5811277330264673,True
Paris,751103804,3668.338450113932,0.537123893620646,0.57243452627151,0.4890678941311853,True
Paris,751103805,3435.813579983181,0.5393009772564691,0.5772011399036364,0.4073647871116225,True
Paris,751103806,4865.360357920328,0.5919173338239051,0.6511600079356972,0.6121979286536249,True
Paris,751103901,1388.7027867635093,0.42228874079453776,0.41593522440116526,0.3751438434982739,True
Paris,751103902,2340.058926900228,0.536584627220823,0.5701644802167767,0.6985040276179517,True
Paris,751103903,1709.0314021640354,0.5188146639627563,0.541951690134172,0.5972382048331415,True
Paris,751103904,3031.748241424561,0.5546965341310579,0.5988171249828228,0.5558112773302647,True
Paris,751103905,1882.856409708659,0.4813057979152704,0.48978215267914105,0.4695051783659378,True
Paris,751103906,2199.6555141872827,0.45925338554171663,0.45979487994611573,0.42692750287687,True
Paris,751103907,1615.4755367702903,0.38309218929175454,0.3760003786258032,0.3555811277330264,True
Paris,751103908,1959.478370242649,0.4366657683740034,0.42868999305518146,0.3670886075949367,True
Paris,751103909,1497.378331926134,0.3341776837662915,0.32618894227154555,0.3486766398158803,True
Paris,751103910,3375.755584716797,0.4526765664416778,0.45011193771569386,0.5178365937859609,True
Paris,751104001,2281.3497738308374,0.28430804167728796,0.26679500322776317,0.1369390103567318,True
Paris,751104002,1956.6026505364312,0.2694684811978844,0.24937407733937478,0.14614499424626,True
Paris,751104003,1514.9012287987605,0.2502772673601721,0.23374618018778673,0.288837744533947,True
Paris,751104004,1129.5825407240125,0.30916031688656426,0.29726751153523656,0.1818181818181818,True
Paris,751104005,527.4963179694282,0.14655413198781753,0.1303602485576802,0.1047180667433832,True
Paris,751104006,2332.496523539225,0.2651924001235103,0.24680412090203493,0.2646720368239356,True
Paris,751104007,3561.458452436659,0.3114435180148669,0.30103654621979936,0.2082853855005753,True
Paris,751104008,3634.303350024754,0.37829611641258554,0.3723274899225735,0.2543153049482163,True
Paris,751104009,2310.902558220758,0.37306415884956173,0.36777740510593965,0.4016110471806674,True
Paris,751104010,1991.019252353244,0.23742676402524263,0.21649497796954198,0.2025316455696202,True
Paris,751104011,2280.146205054389,0.18925292006310587,0.17201783460227169,0.1795166858457997,True
Paris,751114101,2308.4889636569555,0.23426276841535335,0.21248923986020438,0.238204833141542,True
Paris,751114102,1831.5150112575952,0.30946143612063176,0.2979924264340638,0.2370540851553509,True
Paris,751114103,1804.116282992893,0.3364897784322493,0.331314068760486,0.33716915995397,True
Paris,751114104,2122.330015394423,0.43679156355927273,0.42968927243080557,0.57307249712313,True
Paris,751114105,1944.7548175387917,0.5004492767080836,0.5084673349273692,0.6559263521288837,True
Paris,751114106,2500.80106692844,0.549873889138674,0.5915810776305861,0.616800920598389,True
Paris,751114107,3901.573894076877,0.5172894536357387,0.5400866682466248,0.6018411967779056,True
Paris,751114108,2444.8450631035694,0.41527383303635024,0.40484751387838247,0.4395857307249712,True
Paris,751114109,2286.4071392483183,0.38055300901616335,0.37377695626739027,0.2071346375143843,True
Paris,751114110,1194.7424223158096,0.22129684921425477,0.2035861306623539,0.1150747986191024,True
Paris,751114111,964.7185406155056,0.2857985168733782,0.2695569652667432,0.0828538550057537,True
Paris,751114112,1406.1284239027236,0.21062750711287664,0.1964549878526168,0.001150747986191,True
Paris,751114113,1406.1929863823784,0.3415010139386003,0.34056737166728096,0.2934407364787111,True
Paris,751114114,1987.9690636528865,0.351865680460221,0.3501169870011933,0.4165707710011507,True
Paris,751114115,1438.843239678277,0.4030745461631507,0.3894515056057563,0.5880322209436134,True
Paris,751114201,2832.184602525499,0.20020842898541472,0.1855876051714871,0.239355581127733,True
Paris,751114202,2361.795683119032,0.4142084542561311,0.4036707861856677,0.4004602991944764,True
Paris,751114203,3425.306485493978,0.5343331730388357,0.5656195384539823,0.5914844649021864,True
Paris,751114204,2168.975356207954,0.45861204001491473,0.4566853482439397,0.3291139240506329,True
Paris,751114205,1931.980195787218,0.4548921079375114,0.45433889381972076,0.5822784810126582,True
Paris,751114206,4573.857896592883,0.5331510801696808,0.5620971908211769,0.5638665132336018,True
Paris,751114207,3445.216672261556,0.6601856776570868,0.7406619840520856,0.7042577675489068,True
Paris,751114208,2982.076568603516,0.6112065014509115,0.6788011677743929,0.7882623705408516,True
Paris,751114209,3516.9001388549805,0.5219913958255505,0.5501678651393196,0.4810126582278481,True
Paris,751114210,2571.919112311469,0.4688738463988198,0.4720059771898851,0.4131185270425777,True
Paris,751114211,1991.7430606418188,0.4694756065112836,0.4750981964661127,0.4833141542002301,True
Paris,751114212,3121.33612230089,0.5825727623172703,0.6346390586637932,0.714614499424626,True
Paris,751114213,2824.4819878472217,0.4991395156725394,0.5064352238310179,0.5983889528193326,True
Paris,751114214,2119.895223829481,0.2457472334831417,0.22347194909030024,0.3417721518987341,True
Paris,751114301,1349.5380342271592,0.2864411918576947,0.27012352514576154,0.1956271576524741,True
Paris,751114302,4390.865183512369,0.4294939904246455,0.4220351613154408,0.4441887226697353,True
Paris,751114303,1904.3995954725476,0.28845375215663077,0.2780473379236053,0.1012658227848101,True
Paris,751114304,1686.0857162475584,0.3566259192744192,0.3533405019070687,0.336018411967779,True
Paris,751114305,3251.378301408556,0.36188617421244057,0.35797243151718794,0.2635212888377445,True
Paris,751114306,2533.467944251166,0.41800342895982606,0.40816579641771583,0.3026467203682393,True
Paris,751114307,2114.2080391777886,0.469078659695281,0.47409300664245313,0.3567318757192175,True
Paris,751114308,1586.2137010362414,0.4239368190841208,0.41751096684631406,0.3026467203682393,True
Paris,751114309,2662.4455685085723,0.4495928896650332,0.4450064372980281,0.385500575373993,True
Paris,751114310,3047.9324595133467,0.5577006801407147,0.601743274355047,0.6777905638665133,True
Paris,751114311,2882.983818054199,0.5015671648108726,0.5106129997968055,0.4361334867663982,True
Paris,751114312,3261.140416463216,0.5760010902350843,0.6259768201054051,0.6582278481012658,True
Paris,751114313,2699.2174682617188,0.6046939775676382,0.6703708627577556,0.6789413118527042,True
Paris,751114314,3355.24658203125,0.5048242631614246,0.5184421845388982,0.4994246260069045,True
Paris,751114315,3633.3736097547744,0.46498725998760687,0.4664360311800938,0.3889528193325661,True
Paris,751114316,2057.959648132324,0.4544088886561883,0.45336210504883206,0.3762945914844649,True
Paris,751114317,2637.940482245552,0.5022610090536654,0.5125762287997107,0.5063291139240507,True
Paris,751114318,1415.9002397325305,0.4341674140566789,0.42786365680634153,0.4556962025316455,True
Paris,751114319,2867.96338060167,0.34671387934385384,0.3437153077767461,0.2289988492520138,True
Paris,751114320,2590.123077392578,0.38120618377946525,0.37497079380450826,0.2819332566168009,True
Paris,751114321,1972.3660731845428,0.3388696089318028,0.3373247981187034,0.3452243958573072,True
Paris,751114401,2136.913296169705,0.47651663358519836,0.4833357348244275,0.669735327963176,True
Paris,751114402,2070.1246634589297,0.5072046312782871,0.5221351519007855,0.5592635212888377,True
Paris,751114403,2080.2081871032715,0.4594868604849387,0.46084264581925927,0.4660529344073648,True
Paris,751114404,2441.9450827704545,0.5666899578423121,0.6114616401442781,0.6133486766398158,True
Paris,751114405,2841.846311781141,0.4522534209150904,0.4485897885224897,0.3693901035673188,True
Paris,751114406,3239.6788219875766,0.5390155857528166,0.575566893204821,0.5109321058688148,True
Paris,751114407,2349.104166242812,0.46652201573607904,0.46790061895391466,0.525891829689298,True
Paris,751114408,4284.127637227376,0.5207974459699525,0.5461289391459514,0.57307249712313,True
Paris,751114409,3896.7916056315103,0.48894589214362577,0.5002520903167588,0.4119677790563866,True
Paris,751114410,3921.2060716417095,0.4531629664043506,0.45189832810912256,0.4384349827387802,True
Paris,751114411,4247.79886288113,0.4135298959187171,0.40067151120507105,0.3659378596087457,True
Paris,751114412,2244.8565173678926,0.4185443005384635,0.41112135139022704,0.4522439585730725,True
Paris,751114413,2934.6045142279727,0.5753337333230585,0.6230767844493934,0.6766398158803222,True
Paris,751124501,4631.669719047017,0.18455377501419798,0.1648521991797325,0.1530494821634062,True
Paris,751124502,2530.31850475735,0.45116603070582584,0.4472746132382922,0.5627157652474108,True
Paris,751124503,1460.619448343913,0.46768469899555143,0.4688332884658594,0.4326812428078251,True
Paris,751124504,1613.3012864854604,0.504246884459942,0.5163493251832576,0.5489067894131185,True
Paris,751124505,1779.5784988403318,0.5241396965354549,0.5514645114700749,0.5891829689298044,True
Paris,751124506,1430.9384028116865,0.47897886279545127,0.48644019932681193,0.6547756041426928,True
Paris,751124507,1865.062259674072,0.47106943077779306,0.47682731104131143,0.4223245109321059,True
Paris,751124508,1968.3850699530703,0.5005843607184296,0.5094253220776876,0.5937859608745685,True
Paris,751124509,2679.779109954834,0.47833228047848375,0.4845149232932203,0.380897583429229,True
Paris,751124510,2586.67628955841,0.23814666288777445,0.21761565692130627,0.1081703107019562,True
Paris,751124511,1735.3631784651016,0.20041934435690767,0.1867057998204035,0.0747986191024165,True
Paris,751124512,2438.3980503082275,0.43921392842594353,0.43299833371568547,0.4315304948216341,True
Paris,751124513,1873.9905984666611,0.4462078365999517,0.43914764377008675,0.5765247410817032,True
Paris,751124514,1307.4913118150498,0.4618216534438163,0.464764405852236,0.7192174913693901,True
Paris,751124601,1850.534376780192,0.41668450750521147,0.40709253606637014,0.3578826237054085,True
Paris,751124602,1338.315049489339,0.41347103158593396,0.3993039584208295,0.4407364787111623,True
Paris,751124603,1003.7732548183864,0.5187295111494246,0.5412875605406913,0.622554660529344,True
Paris,751124604,1292.9939346313477,0.4465689314895196,0.4409177754363409,0.1714614499424626,True
Paris,751124605,1367.3623691134983,0.49116092111105136,0.5026558903746376,0.3532796317606444,True
Paris,751124606,1495.4942847357854,0.4885408646270026,0.4989319891339906,0.2313003452243958,True
Paris,751124608,1451.895391676161,0.5398781434326204,0.5783977141442642,0.5788262370540852,True
Paris,751124609,2036.0860193040637,0.45065181328383547,0.4461566984734278,0.1058688147295742,True
Paris,751124610,1225.6494102478027,0.5378470146490735,0.5744737232207606,0.6375143843498274,True
Paris,751124611,1191.0478515624998,0.48779074850646503,0.4968168241472887,0.6306098964326813,True
Paris,751124612,1838.002235836453,0.5065939931391592,0.521178391994679,0.5385500575373993,True
Paris,751124613,4408.778487735324,0.4748529046319305,0.48016827434783493,0.3440736478711162,True
Paris,751124614,2156.094513787163,0.5931001809409168,0.6528789507123501,0.6835443037974683,True
Paris,751124615,3340.155623541938,0.5092902599908,0.5268083143817689,0.4798619102416571,True
Paris,751124616,3777.791940053304,0.5841779670250851,0.6399269548632063,0.6041426927502876,True
Paris,751124617,1896.5817328559024,0.5201437716753248,0.5438786770392244,0.5868814729574223,True
Paris,751124618,1632.0888442993166,0.5366645831921423,0.5711369132586259,0.6409666283084005,True
Paris,751124619,3187.4722345140253,0.46856453790132147,0.47059600385324296,0.3141542002301496,True
Paris,751124620,1448.04979578654,0.6266459712983511,0.6932394377551159,0.430379746835443,True
Paris,751124621,2742.3662139044864,0.582104394694086,0.6322968543946456,0.5270425776754891,True
Paris,751124622,1332.0639597574868,0.43686318466385393,0.4305349526608711,0.1104718066743383,True
Paris,751124623,1749.091722700331,0.5939979595363988,0.6538349907062471,0.7410817031070196,True
Paris,751124624,1143.075003306071,0.45722454336163815,0.4550917070213821,0.7997698504027618,True
Paris,751124701,565.8785921202766,0.3771655908970983,0.37051133042373535,0.3601841196777905,True
Paris,751124702,2236.5988832049898,0.44093583638850914,0.4359338572381298,0.3302646720368239,True
Paris,751124703,4575.3587948481245,0.3374780431108488,0.33358348994545467,0.2715765247410817,True
Paris,751124704,943.6549542744956,0.4618952600050377,0.4653155155131236,0.3981588032220943,True
Paris,751124705,5245.847071117825,0.31275324290352763,0.30355722715755845,0.2347525891829689,True
Paris,751124801,1790.1317405700688,0.5045765500471031,0.5171825295154897,0.3026467203682393,True
Paris,751124802,1730.800274742974,0.42338540498086624,0.4166989190132221,0.2750287686996547,True
Paris,751124803,2289.5058865017363,0.6617860854013178,0.7438572656826817,0.8457997698504027,True
Paris,751124804,2534.3274781968857,0.765751186646951,0.8368594206274763,0.7698504027617952,True
Paris,751124805,2286.0539491441514,0.6019939472909283,0.666584113206487,0.5523590333716916,True
Paris,751124806,1476.4507937961157,0.6101366295420785,0.6777096627310453,0.6858457997698504,True
Paris,751124807,2860.239328172472,0.6333790026805154,0.7023665157815521,0.5005753739930955,True
Paris,751124808,1641.5158195495603,0.6399816686610517,0.7143186414060629,0.7560414269275029,True
Paris,751124809,1588.7380023532446,0.586898310495266,0.6455189513016579,0.5063291139240507,True
Paris,751124810,2194.6044731140137,0.5975146954909955,0.6590688581873507,0.5661680092059839,True
Paris,751124812,3520.7503949271304,0.31057236277285155,0.2993027300857703,0.049482163406214,True
Paris,751134901,1892.2882918251885,0.2881996509089271,0.2771178597259495,0.2197928653624856,True
Paris,751134902,1028.9746369785732,0.5167217805390818,0.5354357826705293,0.2140391254315305,True
Paris,751134903,2702.355196634928,0.43018359857525873,0.4247003505692168,0.4361334867663982,True
Paris,751134904,1566.7755810419712,0.45877769949071445,0.45759990828972663,0.1231300345224395,True
Paris,751134905,3300.8006663852266,0.5364409979544431,0.5678009752052642,0.570771001150748,True
Paris,751134906,2006.7360644870328,0.5365121404904217,0.5691003286999531,0.6386651323360184,True
Paris,751134907,1772.4786270989312,0.6191003667948546,0.6869229362092717,0.4545454545454545,True
Paris,751135001,2007.936328676012,0.11560418603445641,0.099506143693131,0.0840046029919447,True
Paris,751135002,4694.6082833608,0.06107318178398196,0.05158570460575135,0.0333716915995397,True
Paris,751135003,2309.085493299696,0.15136886895087423,0.1374915970972204,0.1081703107019562,True
Paris,751135004,166.62528461880146,0.12664024277526972,0.11127835320408028,0.0345224395857307,True
Paris,751135005,1801.461769104004,0.17979552122212986,0.15833289257849317,0.1852704257767549,True
Paris,751135006,1623.8131968180337,0.23969338508591273,0.21864643909124423,0.2612197928653625,True
Paris,751135007,1675.670354631212,0.22665068168527558,0.2077950583741551,0.1772151898734177,True
Paris,751135008,1629.12067328559,0.15789677116054457,0.14105918280157057,0.1403912543153049,True
Paris,751135009,2036.9287957085503,0.10890528505953227,0.09358556346287307,0.19102416570771,True
Paris,751135010,1853.8838577270508,0.18792926827837,0.1691980715126225,0.3164556962025316,True
Paris,751135011,2405.9556054009336,0.2356409191193982,0.21454744940041895,0.3003452243958573,True
Paris,751135012,2270.6978581746416,0.18875925686683848,0.1709037292390538,0.2359033371691599,True
Paris,751135013,1416.928142123752,0.2104040432050532,0.19490610593311047,0.0310701956271576,True
Paris,751135014,3565.6868964301216,0.3356096565723735,0.3299994716355354,0.4729574223245109,True
Paris,751135015,5214.005764007568,0.21343258270878798,0.19978749306245963,0.194476409666283,True
Paris,751135016,4867.105850431654,0.14315488080722868,0.12614044866680202,0.1334867663981588,True
Paris,751135018,2667.345052931044,0.28287455057052185,0.2644118576307098,0.333716915995397,True
Paris,751135019,3104.267706976996,0.2672555148923352,0.24813511095654173,0.3014959723820483,True
Paris,751135020,3009.561183505588,0.29546003974491375,0.2853522082914847,0.3095512082853855,True
Paris,751135021,2218.9464984469946,0.33202290604527607,0.32439818000268783,0.3394706559263521,True
Paris,751135023,1734.898534138998,0.24736564066014524,0.22744773394687567,0.3072497123130034,True
Paris,751135024,2266.4189953274195,0.2770790732537376,0.25695097231107566,0.3924050632911392,True
Paris,751135025,2254.553686353895,0.3316182939891174,0.3233030094191662,0.2600690448791715,True
Paris,751135026,1594.0994288126628,0.20272740034975095,0.18838614390347466,0.1001150747986191,True
Paris,751135027,2790.8824534946016,0.24849052718248665,0.23032494730082315,0.0609896432681242,True
Paris,751135028,3673.544067382812,0.35675224823364704,0.354652608453424,0.2531645569620253,True
Paris,751135029,3771.391987694634,0.29635644320105475,0.2870122731477618,0.2048331415420023,True
Paris,751135030,1256.7821545071072,0.14977087872386463,0.13536409011144954,0.1657077100115074,True
Paris,751135031,1779.0981385972764,0.2357709712140086,0.2155720045723303,0.1392405063291139,True
Paris,751135101,4687.478265338474,0.13042864155558714,0.11512880123322856,0.0805523590333717,True
Paris,751135102,1421.303510453966,0.1880245886747968,0.16999987965232938,0.1518987341772152,True
Paris,751135103,1767.163087632921,0.20188936079782807,0.1875632634565234,0.1967779056386651,True
Paris,751135104,1926.228923373752,0.18735242714159467,0.1682726511148942,0.189873417721519,True
Paris,751135105,2158.9148686726885,0.2646984950572747,0.2457045654237638,0.476409666283084,True
Paris,751135106,2594.959250662061,0.23164595921714232,0.21128881244983128,0.2301495972382048,True
Paris,751135107,1751.8709432813855,0.21060162332889865,0.19568186884806846,0.2174913693901035,True
Paris,751135108,6787.346359676785,0.08756323751380785,0.07039598760708286,0.051783659378596,True
Paris,751135109,2268.115533192952,0.21173737342110371,0.19735449019580775,0.1127733026467203,True
Paris,751135110,3383.3056439293755,0.35631690389462695,0.3520994494728053,0.2474108170310702,True
Paris,751135111,2048.1965052286787,0.2495949673213439,0.23287388787453775,0.1611047180667434,True
Paris,751135112,2497.429542541504,0.4470112162526797,0.44184572002554506,0.5281933256616801,True
Paris,751135113,1488.8928167555068,0.4187967184148811,0.4131822080022148,0.4568469505178366,True
Paris,751135114,2437.4896685282392,0.4159440435157272,0.4060427724356876,0.3636363636363636,True
Paris,751135115,1406.532710605197,0.544696078944664,0.5873327059430566,0.5765247410817032,True
Paris,751135116,2084.2378438313804,0.5142213759295579,0.5326297449025241,0.5512082853855006,True
Paris,751135117,1055.6093487209744,0.4742564298589286,0.47883052167806345,0.2899884925201381,True
Paris,751135118,1727.3114013671873,0.5460783116087913,0.589126315773533,0.4936708860759494,True
Paris,751135119,1215.7518641153963,0.44258976725931487,0.43677903725965084,0.096662830840046,True
Paris,751135120,1641.030791812473,0.5529055461802607,0.5952308533563483,0.523590333716916,True
Paris,751135121,1092.2604440053306,0.5363925756435775,0.5667254971453639,0.5155350978135789,True
Paris,751135122,2780.4419962565107,0.5735365564376839,0.6216776673010348,0.6582278481012658,True
Paris,751135123,1450.3528192308215,0.5093922142056112,0.5279810926783838,0.3878020713463751,True
Paris,751135124,2039.1679840087893,0.6605079344564049,0.7420046322014413,0.6743383199079401,True
Paris,751135125,1880.173937161764,0.5243892441512922,0.5523604661018638,0.2911392405063291,True
Paris,751135201,3894.127418094211,0.5967933568498018,0.656173391505384,0.6075949367088608,True
Paris,751135202,2076.939252853394,0.387445261187189,0.3792316554787517,0.2255466052934407,True
Paris,751135203,3600.733543395996,0.6357539414806885,0.7102655440451708,0.7272727272727273,True
Paris,751135204,3047.469386630589,0.4839715507532259,0.4940756685159937,0.3521288837744534,True
Paris,751135205,1876.778767055935,0.47874754555198956,0.4856304274717987,0.5477560414269275,True
Paris,751135206,1845.079225540161,0.7949336466337779,0.8526346569629407,0.7295742232451093,True
Paris,751135207,2719.621787601047,0.6710740893000886,0.7526498085168795,0.6881472957422324,True
Paris,751145301,1206.1431794696384,0.8231949794613609,0.8848627762405972,0.5949367088607594,True
Paris,751145302,2603.966087129381,0.8293598133033491,0.8905182136562053,0.8504027617951668,True
Paris,751145303,1350.0245433383518,0.5591129812322533,0.6028199509926118,0.663981588032221,True
Paris,751145304,963.16535059611,0.5291081376328626,0.5561972489945671,0.4959723820483314,True
Paris,751145305,6407.4555806054,0.7550264946561159,0.8280848270993573,0.8020713463751439,True
Paris,751145306,2563.1313925849063,0.649125749306556,0.7305974506297176,0.760644418872267,True
Paris,751145307,1649.3122484419075,0.7077222579410754,0.7872204247537146,0.7848101265822784,True
Paris,751145308,1503.0298186408147,0.5318120548570621,0.5568010054025243,0.5431530494821634,True
Paris,751145309,1820.7323053148057,0.7761375902066944,0.8444116634724718,0.8642117376294591,True
Paris,751145310,2217.3763594097563,0.8313338040232814,0.8974268726180463,0.8112773302646721,True
Paris,751145402,3667.3052419291607,0.6140861919495666,0.6817977586038053,0.7422324510932106,True
Paris,751145403,3414.512955771552,0.4210000820810074,0.4147593351935588,0.4062140391254315,True
Paris,751145404,2443.563275231256,0.5248099123429852,0.5534189727767891,0.4591484464902186,True
Paris,751145405,2031.7821278042263,0.44645405500091817,0.4401038273442524,0.380897583429229,True
Paris,751145406,2134.3182894388838,0.6269531104064081,0.6941164476990554,0.8388952819332566,True
Paris,751145501,2682.629981782701,0.1719578238618808,0.15184712766877698,0.1208285385500575,True
Paris,751145502,2310.482765197753,0.4331247854561581,0.4269513901512958,0.2784810126582278,True
Paris,751145503,3765.901752471924,0.10578167165605917,0.08714164981992441,0.0540851553509781,True
Paris,751145504,1954.2840504116489,0.5963012236163246,0.6547416248939953,0.619102416570771,True
Paris,751145505,2577.5022871229376,0.5872435064253538,0.6465389006970821,0.2957422324510932,True
Paris,751145506,2557.811445448134,0.7017582745105598,0.7812836952461153,0.762945914844649,True
Paris,751145507,1525.0826424492727,0.6519531880293052,0.7335508081634351,0.7031070195627158,True
Paris,751145508,2441.035975986056,0.6350566458700485,0.7087864408873066,0.5799769850402762,True
Paris,751145509,1056.948993259006,0.6456397077788234,0.7260312291553849,0.7111622554660529,True
Paris,751145510,1385.507551405165,0.5654717090515025,0.6097794375072747,0.6973532796317606,True
Paris,751145511,1970.704101138645,0.6630858072114212,0.7463822160438346,0.7008055235903338,True
Paris,751145512,1796.6214358011885,0.6754562310630532,0.7585612791108475,0.6720368239355581,True
Paris,751145513,2274.5141283671064,0.6773565883416645,0.7615014527658377,0.6478711162255466,True
Paris,751145514,1821.3914866977268,0.586540352582246,0.6438475529176069,0.7065592635212888,True
Paris,751145515,2931.25888994005,0.5831199558973469,0.6372208332514722,0.5753739930955121,True
Paris,751145516,2043.27495235867,0.570918579016427,0.6163674710412349,0.6927502876869965,True
Paris,751145601,3613.5166384379063,0.14498762457385458,0.12934647513899386,0.1254315304948216,True
Paris,751145602,858.1544401380752,0.20526309996058315,0.18973146720093417,0.0840046029919447,True
Paris,751145603,3302.162913428413,0.04434504860985627,0.03058806693639203,0.0264672036823935,True
Paris,751145604,2195.125601238675,0.2460835258456543,0.22452832188110822,0.095512082853855,True
Paris,751145605,1737.6371320088706,0.34009777794118906,0.33823305478736393,0.3739930955120829,True
Paris,751145606,1609.1895629035105,0.3778553049032441,0.37104381518111396,0.2968929804372842,True
Paris,751145607,3292.713808695475,0.4432828827723952,0.43788276784592767,0.4200230149597238,True
Paris,751145608,1314.3662800259062,0.3583703309385174,0.3558737132841079,0.4902186421173763,True
Paris,751145609,1440.8801426357695,0.24016755229422856,0.21939671557592802,0.0782508630609896,True
Paris,751145610,1484.0654644436306,0.37254623011294175,0.366848347953344,0.3636363636363636,True
Paris,751145611,744.5254355536566,0.31205328836624996,0.30209070665177334,0.1323360184119678,True
Paris,751145612,1455.439971499973,0.5993230394993645,0.6619810869800713,0.61795166858458,True
Paris,751145613,1757.0217980278862,0.6334714313723513,0.7042738239767821,0.6432681242807825,True
Paris,751145614,1693.6751378377278,0.4110816438061323,0.3958922398302702,0.3256616800920598,True
Paris,751145615,1463.6544312371143,0.4762610681217067,0.4824542693731839,0.384349827387802,True
Paris,751145616,2416.257444593641,0.3918284299325261,0.3816456368663764,0.287686996547756,True
Paris,751145617,1162.077623155382,0.2732427326800274,0.2538581554456644,0.0863060989643268,True
Paris,751145618,2786.480513466729,0.2822363296413166,0.26307669074097306,0.1484464902186421,True
Paris,751145619,1919.435245090061,0.46906005942639467,0.47310551870529843,0.2658227848101265,True
Paris,751145620,1692.8495864868166,0.5342324752420016,0.5643665477888761,0.2451093210586881,True
Paris,751145621,1765.7164866129558,0.5004284704809004,0.5075589636620421,0.2773302646720368,True
Paris,751145622,1590.0071792602544,0.5055286052052342,0.5203391710454535,0.6248561565017261,True
Paris,751145623,3250.126577589247,0.5654007162461461,0.6086445744415946,0.5212888377445339,True
Paris,751145624,6597.265883551702,0.6744326107480876,0.7565063471573885,0.6915995397008056,True
Paris,751145625,3218.119467417399,0.39942998431184484,0.38755429548833376,0.428078250863061,True
Paris,751155701,3815.9225192599824,0.03823016076729878,0.022453765984918068,0.0701956271576524,True
Paris,751155702,2392.9319078657363,0.2839363018397525,0.26565067874236775,0.2105868814729574,True
Paris,751155703,2658.236062367757,0.32493856910828967,0.31749942357304056,0.3210586881472957,True
Paris,751155704,3014.9320473141142,0.21642092207858998,0.20180204324739273,0.0794016110471806,True
Paris,751155705,3657.9442604912647,0.44000482803314145,0.4344907969972453,0.2922899884925201,True
Paris,751155706,1451.4824651082358,0.5872744042891566,0.6475252481654676,0.6996547756041427,True
Paris,751155707,3929.443422105577,0.57880322808289,0.62874040925717,0.4856156501726122,True
Paris,751155708,2404.418710072836,0.5402291745741175,0.5800811135745333,0.4718066743383199,True
Paris,751155709,2529.107841491699,0.6830942967101146,0.7659314167922665,0.6616800920598389,True
Paris,751155710,3970.920296563042,0.5279622388003004,0.5549893211452055,0.5143843498273878,True
Paris,751155711,1193.0271021525068,0.5728723957426058,0.6207049107812306,0.6478711162255466,True
Paris,751155712,1388.576884799534,0.5641548261712719,0.6069333120606847,0.5914844649021864,True
Paris,751155713,1473.622106764052,0.6799227539902074,0.7624190448923998,0.8550057537399309,True
Paris,751155714,1600.4562352498378,0.6068296486712469,0.6750974409243946,0.6524741081703107,True
Paris,751155715,2936.456837548149,0.5574594274250123,0.6002782186161982,0.522439585730725,True
Paris,751155716,2018.9177347819011,0.6251582809615734,0.6923906793564006,0.5189873417721519,True
Paris,751155717,2486.4635679456924,0.6677337016002066,0.7509099016776275,0.5857307249712314,True
Paris,751155718,1914.3429455227324,0.544552403594243,0.5865197127207737,0.5373993095512083,True
Paris,751155719,1643.375636206733,0.5082743498344737,0.5255882816082639,0.620253164556962,True
Paris,751155720,1745.0811097886829,0.5148796257858409,0.5335672116063762,0.5420023014959724,True
Paris,751155721,1505.526587592231,0.5201611111748574,0.5447115570661815,0.757192174913694,True
Paris,751155722,3208.7071711222334,0.6985010645364172,0.7783226458036944,0.7537399309551208,True
Paris,751155723,1717.8129348754885,0.5374615098132474,0.5737531256481853,0.7111622554660529,True
Paris,751155724,2048.9961793687607,0.5766672276899084,0.627276810080592,0.7284234752589183,True
Paris,751155725,2906.193751017253,0.6385313374413535,0.711858523830031,0.806674338319908,True
Paris,751155726,2273.8038037618,0.5118973838632709,0.5288928142863958,0.4096662830840046,True
Paris,751155727,2851.2049683464897,0.460778521832043,0.46374630332766065,0.3429228998849252,True
Paris,751155728,1414.0189692179365,0.6203301552198073,0.688425828627215,0.6731875719217492,True
Paris,751155729,2719.4457778930664,0.6310313180638502,0.6996221988420986,0.7790563866513234,True
Paris,751155730,3065.887216356065,0.6015634443523618,0.6630879662312313,0.7353279631760644,True
Paris,751155731,2429.2967825995547,0.5148908002309012,0.5345891531920229,0.3509781357882623,True
Paris,751155801,3636.8479167090513,0.26208191216614135,0.2434158397073223,0.0598388952819332,True
Paris,751155802,2221.1669201321074,0.4291744523439111,0.42041645051672094,0.1668584579976985,True
Paris,751155803,4699.655469258626,0.7048928089369162,0.7838589314322728,0.8296892980437284,True
Paris,751155804,3282.9331092834477,0.7564451702524622,0.8304571593219231,0.80897583429229,True
Paris,751155805,1841.6279440985784,0.5904542596094798,0.6495180506340407,0.567318757192175,True
Paris,751155806,2349.1450381808813,0.7490987154050395,0.818320019196704,0.6513233601841196,True
Paris,751155807,2988.471336788601,0.8176403814459454,0.8750886308542987,0.8193325661680092,True
Paris,751155808,2206.482131110298,0.8113564642084501,0.8626543725129037,0.8239355581127733,True
Paris,751155809,3326.038661532932,0.8212711638901986,0.8812722975987478,0.85385500575374,True
Paris,751155810,4348.491540696886,0.5217578527582831,0.5482423157396374,0.4085155350978136,True
Paris,751155811,1843.0883433024087,0.7465937884290191,0.816315015840237,0.7215189873417721,True
Paris,751155812,2404.017920176188,0.8120651899336875,0.8663567783077569,0.8975834292289988,True
Paris,751155813,1790.4340460035537,0.821207278091064,0.8800197190429843,0.9700805523590332,True
Paris,751155814,3653.757922066583,0.8067596266837862,0.8602249840123688,0.8227848101265823,True
Paris,751155815,1960.9498242272268,0.6631678092237,0.7473447356695805,0.667433831990794,True
Paris,751155816,3513.405453999837,0.8296823790916356,0.8920158251647685,0.8607594936708861,True
Paris,751155817,2414.2608926561143,0.7529139331042313,0.8248758828254056,0.7019562715765247,True
Paris,751155901,1853.990311516656,0.6234422253110781,0.691442541480068,0.6501726121979287,True
Paris,751155902,1586.8098788791235,0.6334292076708223,0.703455210824325,0.7813578826237054,True
Paris,751155903,2688.7355745103623,0.601663216985728,0.6644967721638283,0.6283084004602992,True
Paris,751155904,2282.2635082668726,0.772822185797941,0.8409943645998904,0.8331415420023015,True
Paris,751155905,1937.130039638943,0.7321048256820138,0.8043194981113387,0.759493670886076,True
Paris,751155906,2638.39761352539,0.6938475117802352,0.7753227804908396,0.8365937859608745,True
Paris,751155907,3694.71782345242,0.6308270888527615,0.698051928806578,0.5017261219792866,True
Paris,751155908,4414.278615527683,0.6432482699506075,0.7223698766784696,0.6248561565017261,True
Paris,751155909,1695.8705944485137,0.6635297290436808,0.7482399725056852,0.6605293440736478,True
Paris,751155910,1770.8618019951714,0.7308277944583973,0.802356857814068,0.6352128883774454,True
Paris,751155911,2309.935034010145,0.7194026542501566,0.7961056348777767,0.7640966628308401,True
Paris,751155912,2814.7640177408857,0.6229185969126825,0.6902995701618897,0.4533947065592635,True
Paris,751155913,2767.2925056881377,0.7654629302456035,0.8355615156288159,0.9217491369390104,True
Paris,751155914,1827.8776465521917,0.6852244108338668,0.7686877102989923,0.8849252013808976,True
Paris,751155915,2145.9453175862627,0.740340821234377,0.8087884502193738,0.7341772151898734,True
Paris,751155916,1712.4932072957356,0.6219215360769346,0.6891912391610904,0.6317606444188723,True
Paris,751155917,2399.673515319824,0.6435690433671238,0.7240380201059772,0.7238204833141542,True
Paris,751155918,5359.22485393948,0.7259606812005845,0.8006113205745544,0.7951668584579977,True
Paris,751155919,1785.2569141387942,0.6837108489497482,0.767803168324764,0.5891829689298044,True
Paris,751156001,9327.5865545695,0.147489006529809,0.13277290004182302,0.0897583429228998,True
Paris,751156002,2128.1546143425835,0.6978167640393993,0.7770161131571506,0.7767548906789413,True
Paris,751156003,2528.205361260308,0.6528810252129903,0.7356799937534139,0.6098964326812428,True
Paris,751156004,2630.973480648465,0.4717340273780598,0.4779279986196853,0.520138089758343,True
Paris,751156005,1708.5591659545894,0.5866948358307611,0.6447117303975146,0.6892980437284235,True
Paris,751156006,1244.9952947828506,0.38753940963851274,0.3800449079313427,0.5327963176064442,True
Paris,751156007,2569.775451236301,0.3675013135515362,0.36262272722681455,0.3245109321058688,True
Paris,751156008,1352.4757457309297,0.30288798998213395,0.29316937366833323,0.2761795166858458,True
Paris,751156009,610.5130958557128,0.3163077332550569,0.3058895145554277,0.3107019562715765,True
Paris,751156010,2607.7338515387646,0.4791073967498854,0.4874289184207504,0.4177215189873418,True
Paris,751156012,2869.265652868483,0.5972262034889447,0.6578291574224793,0.6812428078250863,True
Paris,751156013,2496.830744425456,0.5031525517471652,0.5138332870691324,0.7502876869965478,True
Paris,751156014,2415.6864058176675,0.31661494294048215,0.3081258118347158,0.2428078250863061,True
Paris,751156015,658.1687738630507,0.42444629545413126,0.41806042064381976,0.3947065592635213,True
Paris,751156016,1460.8736284044055,0.4277228074338188,0.41857918957381407,0.3901035673187571,True
Paris,751156017,2096.30357699924,0.5452498471908557,0.5881902454764428,0.5051783659378596,True
Paris,751156018,2185.832828945583,0.563549079707977,0.6060582504288,0.4925201380897583,True
Paris,751156019,3690.9493535359697,0.706925603582643,0.7859130597882078,0.7261219792865362,True
Paris,751156020,3026.792971293131,0.662175487708554,0.7451587642591317,0.7686996547756041,True
Paris,751156022,1448.7234115600584,0.39767076496814424,0.38441689944656743,0.2428078250863061,True
Paris,751166101,1277.423027886285,0.4081384173054285,0.3919448349378416,0.1691599539700805,True
Paris,751166102,1821.764412350125,0.6760731831762393,0.759447106668023,0.3682393555811277,True
Paris,751166103,1435.2605730692546,0.5817124162077784,0.6300537580360029,0.4856156501726122,True
Paris,751166104,769.3838047451443,0.41957149916145925,0.4137350632661366,0.1599539700805523,True
Paris,751166105,2154.4534772237143,0.7312544963699079,0.8033178256574256,0.6962025316455697,True
Paris,751166106,2192.7432208591035,0.7582659704364513,0.8317976755606467,0.7733026467203682,True
Paris,751166107,1975.2353727552625,0.7985342724696408,0.8554303172394414,0.8354430379746836,True
Paris,751166108,2471.7404783036973,0.5082388066580046,0.5245808480707177,0.2589182968929804,True
Paris,751166109,1665.637990315755,0.68351507796908,0.7669583447123667,0.8906789413118527,True
Paris,751166110,1630.8670688205293,0.7024138841357919,0.7823091378085728,0.7203682393555811,True
Paris,751166111,1479.6589796278213,0.7641169269306258,0.8340861351590513,0.8665132336018412,True
Paris,751166112,2765.30838394165,0.8577222174907998,0.9211759984901695,0.9769850402761796,True
Paris,751166113,2578.516055636936,0.8165826202874307,0.8737257604890005,0.8757192174913694,True
Paris,751166114,1263.7841729058164,0.6650635815250026,0.7499917926272124,0.4476409666283084,True
Paris,751166115,1255.8043821122908,0.7623617764147065,0.832641924523345,0.6536248561565017,True
Paris,751166116,2075.567413965861,0.8625263698620963,0.9257861113575879,0.8768699654775605,True
Paris,751166117,1340.0610478719077,0.8568277371009292,0.9194538235596431,0.8434982738780207,True
Paris,751166118,1559.217788696289,0.911107505887081,0.9564985940575275,0.9252013808975834,True
Paris,751166119,889.8058882819282,0.7651714151173683,0.8346662107407713,0.9159953970080552,True
Paris,751166120,1635.8277210659448,0.8604075391961944,0.922776742057243,0.9321058688147296,True
Paris,751166121,1818.5211618575784,0.765797182539935,0.8379250541556266,0.523590333716916,True
Paris,751166122,1165.700838247935,0.8743971830214479,0.9327998360984358,0.9620253164556962,True
Paris,751166123,1467.6903207567002,0.8677176915656014,0.9292646215236922,0.9643268124280784,True
Paris,751166124,1211.3472485012478,0.8263713599668073,0.8876832317002311,0.8147295742232451,True
Paris,751166125,1793.2978587680395,0.8003981546761698,0.856352902813979,0.9102416570771,True
Paris,751166126,2710.3830515543623,0.9163263779450914,0.9646901064432759,0.9355581127733028,True
Paris,751166127,2303.899930742052,0.8121541859763463,0.8675093373615108,0.715765247410817,True
Paris,751166128,1615.2549730936685,0.9022656478283831,0.9551319680535307,0.8699654775604143,True
Paris,751166129,690.117767545912,0.7361379557604171,0.8068196250115416,0.6570771001150748,True
Paris,751166130,821.0695754935343,0.5836078160988662,0.6381394516901203,0.6214039125431531,True
Paris,751166201,1449.9408588939243,0.7157976930783656,0.793645093424218,0.9286536248561564,True
Paris,751166202,1716.2158694797097,0.7974329855660548,0.8545266023307585,0.8400460299194477,True
Paris,751166203,1998.8540017869736,0.7474442324218049,0.8172555729132476,0.9666283084004604,True
Paris,751166204,2198.8480762905547,0.8709494534511762,0.9319761510988146,0.9723820483314154,True
Paris,751166205,1316.89676200019,0.9547312099138542,0.9898406477454735,0.9827387802071348,True
Paris,751166206,1705.341027551227,0.8864521396007164,0.9405317158024471,0.953970080552359,True
Paris,751166207,1923.866603824828,0.9118983794722207,0.9578601775238692,0.9631760644418872,True
Paris,751166208,2472.7776843176957,0.9857248191376766,0.9964088693489006,0.9827387802071348,True
Paris,751166209,1479.6129849751792,0.9411806132695956,0.9849346530901641,0.9896432681242808,True
Paris,751166210,1947.6345342000325,0.9127395820432291,0.96124622780164,0.995397008055236,True
Paris,751166211,1834.5914590623645,0.9217336897570215,0.9703689047540178,0.9309551208285386,True
Paris,751166212,1747.132344987657,0.8559280808427293,0.9174558527522886,0.8216340621403913,True
Paris,751166213,1470.1927485068636,0.8614669527075406,0.9249180635056269,0.9804372842347526,True
Paris,751166214,990.1595505608452,0.8673069066572274,0.9286629081523762,0.901035673187572,True
Paris,751166215,1550.3552140129937,0.8777743879261165,0.9342679916143312,0.8883774453394706,True
Paris,751166216,1560.098356458876,0.9278203581689733,0.9762775088608331,0.906789413118527,True
Paris,751166217,2190.3590037028,0.9584164348468561,0.9906992692241393,0.9413118527042578,True
Paris,751166218,2656.8865445454912,0.9231348268108869,0.9752451365295597,0.9148446490218642,True
Paris,751166219,3344.0895782046846,0.9318841464354108,0.9784098631344477,0.9447640966628308,True
Paris,751166220,2077.987449645996,0.9124032063566736,0.9602607035823575,0.8814729574223246,True
Paris,751166221,2146.744529061847,0.7505846032665514,0.8207670830816812,0.956271576524741,True
Paris,751166301,3052.9488165113667,0.9453897413685619,0.9872154237716244,0.9090909090909092,True
Paris,751166302,3659.150904761421,0.8797072618494837,0.9366538486369563,0.7871116225546605,True
Paris,751166303,2327.4321848551435,0.932478498236128,0.9815236276197344,0.9436133486766398,True
Paris,751166304,2901.8497314453125,0.9119881257713006,0.9590415751669864,0.9275028768699656,True
Paris,751166305,2556.0448526276487,0.7740797376023268,0.8421788449334024,0.8998849252013809,True
Paris,751166306,2078.6700859069824,0.9156029446737924,0.9635176844241845,0.9194476409666285,True
Paris,751166307,3523.7169066535103,0.9323726291451403,0.9800911908029009,0.957422324510932,True
Paris,751166308,3078.6571545071074,0.9183121266613832,0.9670614890621738,0.8515535097813579,True
Paris,751166309,2130.0022655063203,0.9227230653571796,0.9740732443657526,0.9861910241657076,True
Paris,751166310,2664.072225464715,0.918868826350864,0.9684673833342786,0.9608745684695053,True
Paris,751166311,2083.4162247975664,0.7961570799123153,0.853596403353234,0.906789413118527,True
Paris,751166401,2235.0734496249097,0.8867315561975524,0.9414963801243462,0.8446490218642118,True
Paris,751166402,3036.923408932156,0.8381007340376652,0.900298294919793,0.7894131185270425,True
Paris,751166403,3285.4219294654,0.8217858149265572,0.8828908684837955,0.8630609896432682,True
Paris,751166404,2643.639146592882,0.8544092957093381,0.9153752919165263,0.8584579976985041,True
Paris,751166405,1861.6213463677295,0.8253096330814343,0.88588430670057,0.8987341772151899,True
Paris,751166406,2438.968015458849,0.845766831287669,0.9057612328852989,0.903337169159954,True
Paris,751166407,4259.243992275662,0.7515531222254556,0.8223353517521024,0.8734177215189873,True
Paris,751166409,3481.904370837741,0.8485315512003296,0.9092015001785443,0.8308400460299195,True
Paris,751176501,6306.787292480469,0.8311367952125456,0.8953400473369403,0.8481012658227848,True
Paris,751176502,2189.0831862555606,0.8870397206461493,0.942579470770228,0.9712313003452244,True
Paris,751176503,2053.901727464464,0.8551723042055162,0.9165253105524119,0.8377445339470656,True
Paris,751176504,3888.867042753431,0.8123793580228844,0.8690254066450263,0.8895281933256617,True
Paris,751176505,4145.312821547191,0.3766886767063472,0.3693579699595693,0.3325661680092059,True
Paris,751176506,1064.8318756951228,0.5325709892706996,0.5607167667878449,0.7376294591484465,True
Paris,751176507,2591.005239062839,0.7258679792695172,0.7986650016362726,0.859608745684695,True
Paris,751176508,3566.6177775065107,0.8495204725478487,0.913854940867365,0.9470655926352128,True
Paris,751176509,1610.2219679090713,0.8200202673921458,0.8774921065525293,0.9654775604142692,True
Paris,751176510,3423.9735938178173,0.8493501311889594,0.9121435538739527,0.8653624856156502,True
Paris,751176511,2220.566178215875,0.8451543690621454,0.9046205187753132,0.8745684695051784,True
Paris,751176512,3051.76845380995,0.8399065051735896,0.901788885272926,0.810126582278481,True
Paris,751176513,1813.2181443108448,0.7182048220411466,0.7950962337632774,0.8619102416570771,True
Paris,751176514,2209.846122741699,0.7817382080308514,0.8492763577796292,0.8411967779056386,True
Paris,751176515,2342.1693728764853,0.418779755507197,0.4122443145316876,0.2094361334867664,True
Paris,751176601,2217.914394378663,0.8142746333859605,0.8710911353680443,0.9286536248561564,True
Paris,751176602,3704.693671332465,0.8707870803994583,0.9305308878835462,0.8780207134637514,True
Paris,751176603,5399.917764027913,0.9786792634895479,0.9944815318923499,0.9907940161104718,True
Paris,751176604,2626.016132566664,0.9127974951808765,0.9623659165157628,0.9516685845799768,True
Paris,751176605,1689.927641126845,0.9222776652564939,0.971231752519779,0.9136939010356732,True
Paris,751176606,2018.8744328816736,0.9992121948482455,0.9975084837597556,0.9930955120828538,True
Paris,751176607,2028.5435418023003,1.0002731290800102,0.9984993439189106,0.9401611047180668,True
Paris,751176608,2050.632161458333,1.0012619768025393,0.999,0.997698504027618,True
Paris,751176609,3893.429736667209,0.9225969706977164,0.9725986304687784,0.9746835443037974,True
Paris,751176610,2510.038824717203,0.7727477355936261,0.8398211471357986,0.9677790563866512,True
Paris,751176611,2866.4352099100743,0.7435831020005962,0.81154823805903,0.9470655926352128,True
Paris,751176612,3926.8149375915527,0.6865147436190874,0.7700965333178842,0.9597238204833142,True
Paris,751176613,2501.177547454834,0.6503093154457856,0.7318372588219341,0.8423475258918297,True
Paris,751176614,1776.5570324791804,0.263695927979489,0.24474111110826796,0.2220943613348676,True
Paris,751176615,1779.602790832519,0.3949034160569018,0.3826728376068659,0.0736478711162255,True
Paris,751176616,2693.098784393734,0.10676027692461627,0.09242759166205042,0.0460299194476409,True
Paris,751176701,1717.2259161207407,0.5491551152509448,0.5905484501841781,0.5949367088607594,True
Paris,751176702,2215.775456534492,0.781178390600616,0.8481929084966964,0.7836593785960875,True
Paris,751176703,1619.4371842278376,0.6617385557567909,0.742900305967274,0.6421173762945915,True
Paris,751176704,1473.428905063205,0.7092539881063414,0.7879849120924859,0.8055235903337169,True
Paris,751176705,1708.2547628614636,0.7675326495945698,0.8387884544211608,0.7802071346375143,True
Paris,751176706,1638.6408464643691,0.7800771720379367,0.846839502295756,0.8135788262370541,True
Paris,751176707,836.956162770589,0.7802936491512587,0.8474455603954918,0.8342922899884925,True
Paris,751176708,1332.1946686638726,0.7163099649757372,0.7943261961096508,0.7077100115074798,True
Paris,751176709,1165.60400390625,0.8135485430730642,0.870262806393968,0.7479861910241657,True
Paris,751176710,3080.664282904731,0.7095776799650932,0.7890998128833754,0.7756041426927502,True
Paris,751176711,749.678729693095,0.6028400597507709,0.6673272997476644,0.6616800920598389,True
Paris,751176712,1501.5264164606729,0.5332718261103548,0.5635845233143892,0.8043728423475259,True
Paris,751176713,1565.1682022942437,0.6053692009817179,0.6732320385932307,0.856156501726122,True
Paris,751176714,13062.996306419373,0.11763303123610007,0.10319570251873957,0.097813578826237,True
Paris,751176715,2371.866370095147,0.775176964121664,0.8433852612039704,0.8250863060989643,True
Paris,751176716,1732.6448677910698,0.4755100023395209,0.48167177405099304,0.5350978135788262,True
Paris,751176801,2341.156807793512,0.5685982677069645,0.6142905848050784,0.4614499424626007,True
Paris,751176802,1851.810568491618,0.5821237611001818,0.6334215681667996,0.6904487917146145,True
Paris,751176803,1175.6894488864473,0.5647074313985719,0.6075610775554776,0.5454545454545454,True
Paris,751176804,1727.0756039089624,0.5852016649282553,0.6429788423747012,0.6237054085155351,True
Paris,751176805,1100.8227327134875,0.4135498822109498,0.4019809228049154,0.3130034522439586,True
Paris,751176806,3835.3933635287817,0.41289198074084066,0.3980373678256379,0.2566168009205984,True
Paris,751176807,1948.2799597846133,0.4860113418721155,0.4952986924348103,0.3452243958573072,True
Paris,751176808,1711.880681355794,0.5420392556874271,0.5846974986315739,0.3958573072497123,True
Paris,751176809,2383.949032253689,0.33499654159945547,0.32713914130556143,0.2669735327963176,True
Paris,751176810,1175.3387824164502,0.41831871591080744,0.4102840434372847,0.5558112773302647,True
Paris,751176811,1947.8669056362576,0.39591361049059964,0.3835853702980259,0.3153049482163406,True
Paris,751176812,1138.9635336134168,0.28504385060799675,0.2690419567433044,0.1565017261219793,True
Paris,751176813,2142.2656508551704,0.33841052009352446,0.3363174831661963,0.1196777905638665,True
Paris,751176814,2360.887511359321,0.12120798089434603,0.1069716683493165,0.0874568469505178,True
Paris,751176815,2544.8267851935493,0.13535397401248897,0.11894471362041091,0.1415420023014959,True
Paris,751176816,3234.8258508046465,0.02469328417716112,0.01680485154584363,0.0115074798619102,True
Paris,751176817,5172.71866607666,0.018960857574001087,0.007731293046618619,0.0287686996547756,True
Paris,751186901,1641.017497168647,0.5321660094528672,0.5575707087648207,0.4108170310701956,True
Paris,751186902,2277.386508517795,0.4908104940321363,0.5017636088075847,0.3060989643268124,True
Paris,751186903,2382.5659798516167,0.540577944722601,0.5812530292109709,0.5017261219792866,True
Paris,751186904,4491.651882595486,0.6033251874035513,0.668610445130019,0.6110471806674338,True
Paris,751186905,1603.099412706163,0.4696383706569099,0.4759782603012683,0.4027617951668584,True
Paris,751186906,1911.3573421902124,0.4290217812756553,0.41940475523990794,0.4487917146144994,True
Paris,751186907,3570.2390102810327,0.5324166294458239,0.5595820416113252,0.4844649021864212,True
Paris,751186908,2246.6568942599824,0.5829379674912684,0.6359532126375119,0.571921749136939,True
Paris,751186909,1509.9775081210664,0.5401064876504663,0.5791228188582439,0.5040276179516686,True
Paris,751186910,2143.488078647189,0.5415457358015731,0.5837536545989015,0.8285385500575374,True
Paris,751186911,3912.983953264024,0.6828300329604857,0.7643543095745371,0.8964326812428078,True
Paris,751186912,2724.098537868924,0.507620587229384,0.5233088396182402,0.6294591484464902,True
Paris,751186913,2384.956806606717,0.5614820729125033,0.6043506406294465,0.6041426927502876,True
Paris,751186914,3083.6297904120547,0.5038793297821218,0.5151994558335872,0.4683544303797468,True
Paris,751186915,1787.54172261556,0.32664093310068837,0.3185878073552813,0.2692750287686996,True
Paris,751186916,2911.974722968207,0.3216775008562349,0.3143316189279126,0.2508630609896433,True
Paris,751186917,2189.7675535413955,0.4820476561985358,0.49077918358962386,0.5466052934407365,True
Paris,751186918,4074.320871988932,0.3994072740916339,0.3857690119716505,0.4579976985040276,True
Paris,751186919,3875.4354773627383,0.44712578674850956,0.44340587963529915,0.4464902186421173,True
Paris,751186920,2725.9607001410586,0.2893265653734521,0.27918090988680583,0.2485615650172612,True
Paris,751186921,1799.247426350912,0.332658483122917,0.3253818857372435,0.2623705408515535,True
Paris,751186922,3464.653767903645,0.4606331386499991,0.46220009959191016,0.5834292289988493,True
Paris,751186923,3649.272277832032,0.28701859971674776,0.2713472984284748,0.1875719217491369,True
Paris,751186924,3909.06716410319,0.10602414198619162,0.08902058126949372,0.1380897583429229,True
Paris,751186925,3423.9237925211582,0.08386172694131304,0.06373308163386168,0.0437284234752589,True
Paris,751186926,3967.8378583060376,0.02417786511639634,0.015041546506979869,0.003452243958573,True
Paris,751186927,1593.575622558594,0.05833444344169466,0.04052780177401292,0.002301495972382,True
Paris,751186928,1564.5216318766277,0.04959443296488662,0.03452594665076355,0.0057537399309551,True
Paris,751187001,3145.9192877875435,0.4378904759286714,0.4316312207560143,0.3222094361334868,True
Paris,751187002,1765.292493396335,0.5128140065641255,0.5316873301911019,0.4349827387802071,True
Paris,751187003,791.0545804765491,0.5542714903442115,0.5978812535121175,0.5546605293440736,True
Paris,751187004,1598.789371914334,0.4574113767641947,0.45576295080895357,0.4959723820483314,True
Paris,751187005,2976.6910917494038,0.4882177382379126,0.49783714043251454,0.4257767548906789,True
Paris,751187006,2091.0501887003584,0.43286499194459044,0.42587383807476104,0.4246260069044879,True
Paris,751187007,2471.85346645779,0.4182337222745098,0.4093911637014156,0.2554660529344074,True
Paris,751187008,1721.5954225328237,0.5167531145138482,0.5361091577219772,0.7940161104718066,True
Paris,751187009,4219.554932488336,0.49421182587221785,0.5047107526774003,0.475258918296893,True
Paris,751187010,1546.3350168863935,0.401002312270173,0.3887206954396439,0.33716915995397,True
Paris,751187011,1918.980540805393,0.40840659540947327,0.39272735578659185,0.5581127733026467,True
Paris,751187012,2132.825198703342,0.5195657807921349,0.5428922262158903,0.6363636363636364,True
Paris,751187013,3426.61691962348,0.5516338348048322,0.5939902277898015,0.6133486766398158,True
Paris,751187014,1065.6201604207354,0.24073245810365385,0.22073829002996298,0.2830840046029919,True
Paris,751187015,1720.027168273925,0.41397144076618025,0.40267150326863993,0.4027617951668584,True
Paris,751187016,1438.663955688477,0.39005465484896606,0.3807019023531375,0.334867663981588,True
Paris,751187017,3393.9286346435547,0.22153377718806516,0.20545563556121854,0.142692750287687,True
Paris,751187018,2250.1181411743164,0.14145707830510867,0.12220568734531065,0.1357882623705408,True
Paris,751187019,2307.6002095540366,0.1442377494062691,0.12789690931231798,0.2151898734177215,True
Paris,751187020,1293.004467010498,0.3681795316310988,0.3653124079749668,0.1990794016110471,True
Paris,751187021,3734.182801140679,0.4050847880009904,0.39071792914742626,0.3187571921749137,True
Paris,751187022,2599.7418373955616,0.45916495338430885,0.45861992552989733,0.4418872266973532,True
Paris,751187023,1445.2737748887805,0.33692916121213246,0.3321095613856726,0.0563866513233601,True
Paris,751187024,1443.3019315931533,0.32425685631354706,0.316495314134654,0.285385500575374,True
Paris,751187025,3204.8110707600918,0.29535679616808147,0.28383084975638323,0.286536248561565,True
Paris,751187026,1999.3569130367705,0.26948482943416857,0.2503425472990602,0.1726121979286536,True
Paris,751187027,5798.949246724447,0.019352941673375833,0.011034584972276523,0.0103567318757192,True
Paris,751187101,3706.899547576904,0.187032684714817,0.1668935885599078,0.1634062140391254,True
Paris,751187102,2923.5778401692714,0.19211684617983957,0.17591414498041155,0.0126582278481012,True
Paris,751187103,1488.9986970689563,0.18109599534774257,0.15913843976971434,0.0138089758342922,True
Paris,751187104,2647.996872795952,0.19488914510862468,0.17974764862411774,0.1024165707710011,True
Paris,751187105,1688.9184629652232,0.06439897279801819,0.05314847434374153,0.0759493670886076,True
Paris,751187106,1539.5868928697373,0.10668345499683234,0.09139137557810297,0.0817031070195627,True
Paris,751187107,2371.361398484972,0.07512317776216747,0.058215575833908524,0.1035673187571921,True
Paris,751187108,1600.78045823839,0.089477256484719,0.07244950931544043,0.0655926352128883,True
Paris,751187109,1266.7439626057944,0.11519164783698155,0.09870445969239372,0.0678941311852704,True
Paris,751187110,13383.096649593776,0.059710826998561055,0.045872028195259554,0.0644418872266973,True
Paris,751187201,4415.123901367188,0.10531081953437235,0.08513882914953255,0.050632911392405,True
Paris,751187202,2241.558453453912,0.1910047220930011,0.17312480626311935,0.1311852704257767,True
Paris,751187203,1408.804542541504,0.08145180389962998,0.061457548395198465,0.1829689298043728,True
Paris,751187204,1907.166072845459,0.14148333324415358,0.12322344417786933,0.1979286536248561,True
Paris,751187205,2231.130257924397,0.08223587617538548,0.06234865141402725,0.1507479861910241,True
Paris,751187206,2069.4794731140137,0.11230073045532349,0.09788770913557694,0.1173762945914844,True
Paris,751187207,5137.610056347317,0.09484434017657857,0.0786304270221695,0.0943613348676639,True
Paris,751187208,7073.572245703804,0.055174351518547486,0.038405972111279524,0.0368239355581127,True
Paris,751187209,5371.396569993762,0.0017189247844255076,0.0023528118546026424,0.004602991944764,True
Paris,751197301,3445.01666853163,0.1748633756790148,0.1544644016617384,0.1542002301495972,True
Paris,751197302,1676.8452911376953,0.16467050830710472,0.14391271215733312,0.1726121979286536,True
Paris,751197303,2166.3667754067314,0.1615686336757762,0.14198836711636204,0.2059838895281933,True
Paris,751197304,2318.55695215861,0.24375386378742694,0.22238535871169127,0.2151898734177215,True
Paris,751197305,2612.232159084744,0.17172036684231284,0.15055087707730888,0.2681242807825086,True
Paris,751197306,3493.1352640787754,0.08737595509653182,0.06787919301813311,0.0149597238204833,True
Paris,751197307,2048.8762961493594,0.12421144282309925,0.11073596982221592,0.0241657077100115,True
Paris,751197308,3332.0601717631025,0.09126180616751561,0.07577185091101298,0.0,True
Paris,751197309,3688.784495883517,0.09730316505797074,0.08315488777888555,0.1495972382048331,True
Paris,751197310,4827.452690124512,0.09522944611373972,0.08107000299893226,0.0414269275028768,True
Paris,751197311,2364.371652391222,0.1842387491683273,0.16313947795595074,0.241657077100115,True
Paris,751197312,1521.529051886664,0.20367390468287583,0.18914888996814175,0.0632911392405063,True
Paris,751197313,2928.9319326612685,0.23098258064711374,0.2089223244444669,0.2186421173762946,True
Paris,751197314,3902.7862069871694,0.13024451122643504,0.11302579361813413,0.0909090909090909,True
Paris,751197315,2884.943273756239,0.1219277472232829,0.1082559154320618,0.1680092059838895,True
Paris,751197316,3664.416451348199,0.11003112713402431,0.09498132636510613,0.1576524741081703,True
Paris,751197317,1534.2245801289878,0.12816522316334417,0.11169474320338942,0.0529344073647871,True
Paris,751197401,6760.245058165656,0.025881900051120166,0.01925177390809341,0.0586881472957422,True
Paris,751197402,3997.525007459853,0.24611094676083328,0.22604436267701944,0.2336018411967779,True
Paris,751197403,1669.4343486362031,0.0869158309572836,0.06661532934502139,0.1116225546605293,True
Paris,751197404,1720.3414866129558,0.06752980838136143,0.05528684880776471,0.192174913693901,True
Paris,751197405,2999.2516909705264,0.08969881313052921,0.07357565655696378,0.0621403912543153,True
Paris,751197406,3339.9544194539394,0.08607446383364838,0.06538896631973842,0.0874568469505178,True
Paris,751197407,3072.423111597697,0.08042517504545735,0.06036048602744635,0.0322209436133486,True
Paris,751197408,2446.252315945096,0.07033720998403804,0.056306884747753944,0.0207134637514384,True
Paris,751197409,1489.4579679701064,0.07138550499113054,0.057270397422426976,0.0379746835443038,True
Paris,751197410,3426.5835315916274,0.058766565483835416,0.04175680152881392,0.0172612197928653,True
Paris,751197411,2889.9220877223543,0.19864099844958427,0.1817408979466684,0.2508630609896433,True
Paris,751197413,3068.9783931838138,0.1113932291531666,0.09662974832919206,0.1242807825086306,True
Paris,751197501,1603.4520687527126,0.09296907882374078,0.07698012800884098,0.1645569620253164,True
Paris,751197502,2159.562960306804,0.1513738222969156,0.1385855799143257,0.2002301495972382,True
Paris,751197503,2370.836623297798,0.13157211391037751,0.11685676781776819,0.144994246260069,True
Paris,751197504,2380.100761413574,0.14128798857470493,0.1210721499969477,0.0448791714614499,True
Paris,751197505,2128.1272888183594,0.20004455357106513,0.1843732567990539,0.1887226697353279,True
Paris,751197506,2004.019613477919,0.3511201887261294,0.34580380288484397,0.4154200230149597,True
Paris,751197507,1463.1211704678008,0.3428160838426263,0.34265500237848273,0.240506329113924,True
Paris,751197508,1829.5007434421111,0.3489424442923286,0.3448653076232377,0.4027617951668584,True
Paris,751197509,1302.0050557454426,0.19696123848636796,0.18071466007785372,0.0425776754890678,True
Paris,751197510,2281.6342078314888,0.17266299557185008,0.15306244361483803,0.1588032220943613,True
Paris,751197511,2598.2937274509013,0.12323868645116477,0.1095982826206455,0.1553509781357882,True
Paris,751197512,1251.5879130893284,0.02906859951869633,0.021213174026063517,0.0161104718066743,True
Paris,751197513,2662.734664069282,0.06665709116644035,0.05421381519487431,0.0701956271576524,True
Paris,751197514,5311.987292395697,0.5169771882160282,0.5378310695511814,0.663981588032221,True
Paris,751197515,1363.2963769700789,0.3554062084712106,0.35093742003495354,0.5293440736478712,True
Paris,751197516,1421.9807891845703,0.15211853362473823,0.13946238805023808,0.0195627157652474,True
Paris,751197517,2630.622984568278,0.06018999316546497,0.04979239344654183,0.0552359033371691,True
Paris,751197518,1966.7570215861,0.05178726338338591,0.03539044924240984,0.0080552359033371,True
Paris,751197519,5609.288663122389,0.04514087918491977,0.0327697053000777,0.0356731875719217,True
Paris,751197520,2570.4839364157783,0.1428364509399542,0.12431963069197961,0.1772151898734177,True
Paris,751197521,2117.7263179355195,0.10612561384199297,0.09049601810012457,0.2013808975834292,True
Paris,751197522,3872.28109995524,0.27811092948250316,0.2584538053249776,0.2842347525891829,True
Paris,751197523,2224.086057874892,0.27337548995442773,0.2546871320190987,0.2980437284234752,True
Paris,751197524,2163.872850206163,0.2562627135240349,0.24104891338460357,0.3314154200230149,True
Paris,751197601,2167.0180350409614,0.3842677094226574,0.37819267995904216,0.3279631760644418,True
Paris,751197602,3561.9493913650517,0.3675472841785241,0.36412385260883245,0.3866513233601841,True
Paris,751197603,1616.6236383650044,0.41276802567421456,0.39670264369583447,0.4982738780207135,True
Paris,751197604,1748.4319508870444,0.37226131154446507,0.3660569908650827,0.4499424626006904,True
Paris,751197605,1498.9323751661514,0.24741921301508144,0.22823941749167295,0.1288837744533947,True
Paris,751197606,1106.1724444495308,0.16536222141348772,0.14459403081867792,0.1139240506329113,True
Paris,751197607,1486.7492870754668,0.2405340799492301,0.22011343704645925,0.567318757192175,True
Paris,751197608,1610.2382206386992,0.19242977245207868,0.17819394690391946,0.1726121979286536,True
Paris,751197609,2616.528018103706,0.25283446417572625,0.2385470586329524,0.3613348676639816,True
Paris,751197610,1466.7192526923286,0.20589997230931853,0.19030062628746824,0.0299194476409666,True
Paris,751197611,2719.527612898085,0.25379903288864786,0.23985339392247887,0.3498273878020713,True
Paris,751197612,2931.269116401672,0.35146836673435056,0.3470120252643834,0.477560414269275,True
Paris,751197613,3981.009493086073,0.2787765161547028,0.2603763922224965,0.3199079401611047,True
Paris,751197614,1671.8449545966257,0.24231599887458152,0.2214084568218567,0.2704257767548906,True
Paris,751197615,2131.279826270209,0.27991757306228415,0.26187275953757483,0.3901035673187571,True
Paris,751197616,1319.7986619737412,0.0900654313538394,0.0746330158282039,0.098964326812428,True
Paris,751207701,1880.403923458523,0.29122418302525366,0.2811403288430598,0.1841196777905638,True
Paris,751207702,2867.2417992485894,0.1998062752507545,0.18315032597238887,0.3406214039125431,True
Paris,751207703,1882.5611784193247,0.13703914124846694,0.12002859533702755,0.0932105868814729,True
Paris,751207704,2389.304654439291,0.1923379270944786,0.1772148071870594,0.2266973532796317,True
Paris,751207705,1735.704511854384,0.15595216849938426,0.14023543016734055,0.1219792865362485,True
Paris,751207706,2243.181462605795,0.22218006786979208,0.20683567286971266,0.2738780207134637,True
Paris,751207707,1872.2794469197588,0.1710452257589155,0.149453010755755,0.2209436133486766,True
Paris,751207708,2055.1747224595806,0.17707435999820817,0.15696258053892428,0.048331415420023,True
Paris,751207709,1538.9400454627144,0.21856330548477193,0.2029168899113259,0.0276179516685845,True
Paris,751207710,2107.520419226752,0.18397753457839353,0.16204470105929172,0.1277330264672037,True
Paris,751207711,2900.6810574001734,0.2877957450494732,0.2729508115434532,0.1265822784810126,True
Paris,751207712,2164.446288214789,0.3029337807966064,0.2940303615742247,0.2807825086306099,True
Paris,751207713,1846.415439605713,0.23448887903879206,0.21350641408437412,0.1185270425776754,True
Paris,751207714,2505.2320861816406,0.29936780877844604,0.2893337658402736,0.3624856156501726,True
Paris,751207801,8625.256777657401,0.041343174174810086,0.025499527251810608,0.0575373993095512,True
Paris,751207802,2743.5990346272783,0.32786598890113755,0.3212611394473388,0.2945914844649022,True
Paris,751207803,1196.0382843017578,-0.05550235185719025,0.001,0.0069044879171461,True
Paris,751207804,923.589845021566,-0.046031556083487336,0.001,0.0184119677790563,True
Paris,751207805,2829.0697385999893,0.342641957696748,0.3416042186457713,0.3705408515535098,True
Paris,751207806,3054.2600936889653,0.31643536408101164,0.30678669833248545,0.2497123130034522,True
Paris,751207807,2754.871926625569,0.3654925833733069,0.3594428390940922,0.4741081703107019,True
Paris,751207808,2952.4477865431045,0.2944341710609521,0.28232347331800556,0.2117376294591484,True
Paris,751207809,4964.462905459934,0.3081971024239751,0.29577561055577967,0.3256616800920598,True
Paris,751207810,1806.538647969564,0.13356944295995635,0.11787944320045103,0.0771001150747986,True
Paris,751207811,1279.588384840224,0.1830491805064564,0.16121549310753963,0.2324510932105868,True
Paris,751207812,1933.793081495497,0.2620553302147574,0.2420520748921734,0.3705408515535098,True
Paris,751207813,1816.789486355252,0.2082599420238858,0.1926980592745503,0.0920598388952819,True
Paris,751207814,2857.830302768283,0.18190099263857154,0.1602025996122455,0.142692750287687,True
Paris,751207815,3030.203747219509,0.3007371407690966,0.2920964371623752,0.2036823935558112,True
Paris,751207816,3130.4715991550024,0.2880914457605098,0.27588822327720547,0.3176064441887227,True
Paris,751207901,2878.9672317504883,0.28457079174461575,0.2680583154335748,0.3233601841196778,True
Paris,751207902,1835.227673424615,0.3152875583784615,0.30529076564857927,0.4441887226697353,True
Paris,751207903,2029.6962534586592,0.25093622842307006,0.23585498021505508,0.3475258918296893,True
Paris,751207904,1671.1898216671414,0.33050794619354007,0.3223419367398706,0.4142692750287687,True
Paris,751207905,7678.950758165784,0.3198738272936681,0.3105971093012682,0.3544303797468354,True
Paris,751207906,2008.6300532023115,0.16299180243170017,0.14301046022558422,0.0667433831990794,True
Paris,751207907,3717.6698981391055,0.168153486248036,0.14716542929421664,0.193325661680092,True
Paris,751207908,2562.235338422987,0.15053000279123335,0.13629903488476647,0.0678941311852704,True
Paris,751207909,1228.045962439643,0.21329754759101224,0.19821039565396936,0.429228998849252,True
Paris,751207910,2839.841306898329,0.16615574275714054,0.1455600659151626,0.0471806674338319,True
Paris,751207911,1877.126753913032,0.16964568517843095,0.14853510772519807,0.1622554660529344,True
Paris,751207912,2892.8026411268447,0.20873485188514615,0.19385102821281658,0.2980437284234752,True
Paris,751207913,2003.4994146558968,0.3593934762110526,0.35668596962898,0.5327963176064442,True
Paris,751207914,1638.9789081149634,0.3667579156424699,0.3615923698383672,0.4672036823935558,True
Paris,751207915,3881.880176120334,0.351694862688328,0.3486799721467068,0.4326812428078251,True
Paris,751207916,2241.4407882690434,0.3224437848226764,0.31559324155883306,0.1852704257767549,True
Paris,751208001,1638.6668370564776,0.05341974480827422,0.036273103537256685,0.0402761795166858,True
Paris,751208002,3194.378869374593,0.3269082356334099,0.31980744581653053,0.3958573072497123,True
Paris,751208003,2983.722836388482,0.28796227811362746,0.2743913895650957,0.2232451093210586,True
Paris,751208004,2193.2245402865938,0.3664866811490588,0.36065419697296325,0.666283084004603,True
Paris,751208005,1698.6878967285154,0.2902793485334407,0.28026412097108744,0.3924050632911392,True
Paris,751208006,2225.0298572116426,0.33794181079235985,0.3352483128582947,0.5304948216340621,True
Paris,751208007,3279.9933043585884,0.27280159183992275,0.25277067914997564,0.1346375143843498,True
Paris,751208008,4429.001373079088,0.041711984413324354,0.02869537813496451,0.0391254315304948,True
Paris,751208009,3300.3284336725874,0.022349053256701293,0.013262205590405547,0.0218642117376294,True
Paris,751208010,1044.1255247328015,0.19312137681222397,0.1788437694079565,0.0724971231300345,True
Paris,751208011,1658.8208007812498,0.08004080596239385,0.05920221645278348,0.0230149597238204,True
Paris,751208012,3254.705173916286,0.20662049536860175,0.19145649192527703,0.1070195627157652,True
Paris,751208013,2331.8100132412383,0.3206459149627611,0.31304787274434737,0.2243958573072497,True
Paris,751208014,1603.0488730536565,0.2983531506946532,0.2883280056369582,0.2266973532796317,True
Paris,751208015,3195.637663099501,0.34145908960406246,0.33944078412967804,0.4177215189873418,True
Paris,751208016,2534.663778516981,0.25058725724212844,0.234737565968241,0.1691599539700805,True
Paris,751208017,2378.360505421957,0.2748159372493925,0.25581387034035297,0.2128883774453394,True
Paris,751208018,2352.124833848742,0.17574903426859287,0.15588361672369153,0.1300345224395857,True
Paris,751208019,3114.3102459377715,0.19166411183263415,0.17443599204750967,0.1150747986191024,True
Paris,751208020,1260.73012330797,0.01931072617622159,0.009306284345080133,0.0092059838895281,True
Paris,751208021,5712.823170608945,0.0166798854289066,0.005066371908191636,0.0253164556962025,True
Paris,751208022,2786.3555196126304,0.24872468793839214,0.2316903271405736,0.1472957422324511,True
Paris,751208023,2874.695628696018,0.3003491312788454,0.2906508415821782,0.1795166858457997,True
Paris,751208024,2319.483056810167,0.27083150355301905,0.2513998550658027,0.2727272727272727,True
Paris,751208025,2071.3126644558374,0.23118644782685782,0.21014644885867426,0.2462600690448791,True
Paris,751208026,2586.2567952473964,0.38351628022333245,0.37702901693132784,0.378596087456847,True
Roma,00118,28177.841845895426,0.3283851749866474,0.41661959710624497,0.323943661971831,True
Roma,00119,11131.021399188468,0.06770191190159235,0.10688502381530755,0.0,True
Roma,00121,44833.83016517063,0.1470500972566414,0.22918863753490232,0.1549295774647887,True
Roma,00122,38875.119700889205,0.30846714156514404,0.40447607497059523,0.3098591549295774,True
Roma,00123,42508.93595041586,0.3900799050800759,0.48394493427785484,0.3943661971830985,True
Roma,00124,42491.82509508744,0.5981684823629533,0.6788355023922221,0.6056338028169014,True
Roma,00125,53248.209961974615,0.3650080258716291,0.45021463940457684,0.3661971830985915,True
Roma,00126,30199.83354286344,0.06746649335650114,0.09939986372250616,0.056338028169014,True
Roma,00127,9560.131301788802,0.6625180958068682,0.7296052824662058,0.6619718309859155,True
Roma,00128,43130.24084750404,0.5184316164905239,0.6053473566408252,0.5211267605633803,True
Roma,00131,21594.71374718963,0.18245332492466287,0.2595197441941673,0.1830985915492957,True
Roma,00132,93180.0517881418,0.02760015070664364,0.05725172915374184,0.028169014084507,True
Roma,00133,111473.58821023058,0.01590996623527201,0.020188250522338875,0.0140845070422535,True
Roma,00134,25030.74221800866,0.3838714709024585,0.4717132660867239,0.380281690140845,True
Roma,00135,78376.93961928575,0.673155806881043,0.7455309886936511,0.676056338028169,True
Roma,00136,47403.733336831145,0.8104194174670791,0.8836188429441645,0.8169014084507042,True
Roma,00137,43281.67285879031,0.6894947963107265,0.7675637821682415,0.6901408450704225,True
Roma,00138,31118.491071134737,0.21605423683883668,0.2690662870281587,0.2112676056338028,True
Roma,00139,88021.19382856319,0.4207697813239827,0.5145545489935193,0.4225352112676056,True
Roma,00141,49065.91304249182,0.6505101935208001,0.7189879040417848,0.647887323943662,True
Roma,00142,45120.39432079741,0.7665196608914968,0.8326425890000564,0.7605633802816901,True
Roma,00143,42106.46618672533,0.5924850741401311,0.6635144606496876,0.5915492957746479,True
Roma,00144,51581.89516477415,0.8433163202001057,0.901545480979112,0.8450704225352113,True
Roma,00145,20358.86708592499,0.5565325595071863,0.6270622494966399,0.5492957746478874,True
Roma,00146,58060.18984153446,0.2690981219477958,0.34909427117526054,0.2676056338028169,True
Roma,00147,23605.125504830976,0.7235062268376058,0.8063058411272157,0.7323943661971831,True
Roma,00148,56599.06146032594,0.11665241613762435,0.15971394705312744,0.1126760563380281,True
Roma,00149,42517.06927481419,0.4999422052177476,0.5803148216003814,0.4929577464788732,True
Roma,00151,34399.180282112364,0.7694087744919537,0.8470438576708537,0.7746478873239436,True
Roma,00152,46321.99016488592,0.7154924567000563,0.7936417997869257,0.7183098591549296,True
Roma,00153,34949.24071154591,0.8029447764133583,0.8687044358810957,0.8028169014084507,True
Roma,00154,33168.702296821575,0.45592802780794567,0.5607165423657072,0.4647887323943662,True
Roma,00155,62245.2259131967,0.2780129542040146,0.3708819960654848,0.2816901408450704,True
Roma,00156,45789.204345358914,0.23561882815435994,0.3069786537529667,0.2394366197183098,True
Roma,00157,20215.074102441056,0.36606233224515666,0.46351909301280886,0.3380281690140845,True
Roma,00158,14687.736527558298,0.21895985030601242,0.27736195251352636,0.1971830985915492,True
Roma,00159,42188.1441911656,0.3027225773572687,0.3897952388560808,0.2957746478873239,True
Roma,00161,15094.773868259508,0.9197180749167828,0.9633477582186473,0.9295774647887324,True
Roma,00162,25127.4640745309,0.7857537449006454,0.8578243378574222,0.7887323943661971,True
Roma,00163,19243.58488955261,0.41406005274978225,0.4951285283571277,0.4084507042253521,True
Roma,00164,16265.084258881416,0.49814540423581055,0.5696691712644222,0.4788732394366197,True
Roma,00165,38349.13218316315,0.7459621883788523,0.8175259704440537,0.7464788732394366,True
Roma,00166,89792.32782788019,0.1411390226843336,0.20480737693263304,0.1408450704225352,True
Roma,00167,37273.126810084286,0.4418335205473118,0.5479592846502739,0.4366197183098591,True
Roma,00168,64350.335964952654,0.24831119710480679,0.32692530360877303,0.2535211267605634,True
Roma,00169,42408.354035161,0.09069908465651037,0.13029266461652883,0.0845070422535211,True
Roma,00171,37855.370030177655,0.0729162862072332,0.11575662791668728,0.0704225352112676,True
Roma,00172,54674.86545764063,0.05085867746428396,0.08402876359070809,0.0422535211267605,True
Roma,00173,52037.95088143875,0.34812269541443086,0.43114695327579194,0.352112676056338,True
Roma,00174,29578.407784069605,0.4403980682829647,0.5358522416290669,0.4507042253521127,True
Roma,00175,51528.89109042606,0.22573121713048153,0.28935401169596864,0.2253521126760563,True
Roma,00176,50525.457991052834,0.1678515939170572,0.24645853285126265,0.1690140845070422,True
Roma,00177,51300.64117788154,0.1338003838917073,0.17925495459688648,0.1267605633802817,True
Roma,00178,26287.496989110765,0.5005170319172779,0.5927755653794132,0.5070422535211268,True
Roma,00179,42409.08612911121,0.6404109198063413,0.7024214668304493,0.6338028169014085,True
Roma,00181,28207.07536243047,0.5426242739543482,0.6182667901529268,0.5352112676056338,True
Roma,00182,22666.92750187549,0.6373770262987322,0.6906359767671005,0.6197183098591549,True
Roma,00183,27195.74435902966,0.7009279531378256,0.7803274850130574,0.704225352112676,True
Roma,00184,15628.750674271749,0.9113899431141667,0.9577836221721417,0.9154929577464788,True
Roma,00185,34985.082942211404,0.5688748391217288,0.6370852293432802,0.5633802816901409,True
Roma,00186,25509.116242821365,0.9520980213020864,0.9918755901372703,0.9577464788732394,True
Roma,00187,9675.744060715451,0.9796108821557903,0.9982476894462268,0.9859154929577464,True
Roma,00188,31724.13117086929,0.10898172672637829,0.1437183128549298,0.0985915492957746,True
Roma,00189,34421.450706076794,0.5734509096673085,0.6496549914876208,0.5774647887323944,True
Roma,00191,20056.0128459649,0.8986985743580972,0.95132098866995,0.9014084507042254,True
Roma,00192,13474.152443102665,0.8517561496686175,0.9133273551269514,0.8309859154929577,True
Roma,00193,7778.915102458662,0.9432689456394033,0.9674902620235847,0.943661971830986,True
Roma,00195,26454.02700650858,0.879079503157966,0.9428978603628669,0.8873239436619719,True
Roma,00196,14995.91036428541,0.862606546313215,0.9353911340323329,0.8732394366197183,True
Roma,00197,21265.56506193796,0.9440140484105293,0.9727503173538582,1.0,True
Roma,00198,29414.728063464165,0.9442293958736077,0.9819286928828814,0.971830985915493,True
Roma,00199,46679.82105810102,0.8526175974181776,0.9242214467808969,0.8591549295774648,True
Torino,10121,8053.798141264253,0.9556157045001565,0.982000712264834,0.9375,True
Torino,10122,16746.42435795731,0.4131877064240515,0.462074498388849,0.40625,True
Torino,10123,12301.53928128992,0.9113324613139694,0.960376928468212,0.90625,True
Torino,10124,13395.403476578133,0.6811154933994309,0.8216651176511339,0.6875,True
Torino,10125,17628.849416147837,0.7148112840995646,0.8390020319921963,0.71875,True
Torino,10126,34989.71060974279,0.6564531326567068,0.7946266396836676,0.65625,True
Torino,10127,30579.11234357088,0.24408624479399835,0.3149166571135624,0.25,True
Torino,10128,17477.12805935761,0.8623309528057942,0.9437360698902173,0.875,True
Torino,10129,19140.45492236813,0.8551628795471975,0.9232735014046515,0.84375,True
Torino,10131,12077.883003018862,1.0085826698326579,0.9932506602570338,1.0,True
Torino,10132,13207.390614667189,0.8253002414534757,0.9051969395247363,0.8125,True
Torino,10133,9170.114977516489,0.9375034514182116,0.9723756777026573,0.96875,True
Torino,10134,30576.379441970683,0.5297530559545073,0.5863587672017064,0.53125,True
Torino,10135,46834.23933258036,0.3079526498178156,0.37992682321948584,0.3125,True
Torino,10136,33233.40669284252,0.44115443222199496,0.49000413307512525,0.4375,True
Torino,10137,60834.08651004247,0.5603801017583846,0.63744059094671,0.5625,True
Torino,10138,20870.22756147633,0.7825436559857819,0.8861537493692773,0.78125,True
Torino,10139,29760.86065148645,0.5017676612027413,0.5526412247779326,0.5,True
Torino,10141,57538.9375950009,0.6249402136658802,0.7429199554464447,0.625,True
Torino,10142,19460.879073679967,0.3007331538689725,0.34287991050206795,0.28125,True
Torino,10143,22939.24941931551,0.7289067327204167,0.8616722202775386,0.75,True
Torino,10144,28078.2950678298,0.3640996828217917,0.4217893040490018,0.375,True
Torino,10145,13632.637466098491,0.3657404626411169,0.445098128500858,0.34375,True
Torino,10146,35190.67684126835,0.5786427379047371,0.6911009676397063,0.59375,True
Torino,10147,36275.39978490687,0.12563935819815852,0.18868550281551483,0.125,True
Torino,10148,19878.24187859765,0.19505691801109948,0.26051953337109307,0.1875,True
Torino,10149,36196.35622899069,0.1639423786530166,0.2291840324820873,0.15625,True
Torino,10151,33163.77792918813,0.09126701606187232,0.14988163282045916,0.09375,True
Torino,10152,35883.22112821539,0.030146003579068423,0.05956114309990453,0.03125,True
Torino,10153,24547.123547534327,0.4845796597384191,0.5222929397330107,0.46875,True
Torino,10154,46290.35406024213,0.06075744059458713,0.1054812250134695,0.0625,True
Torino,10155,35350.455421783685,0.007009417789794857,0.01975447465839541,0.0,True
Torino,10156,23442.90568684603,0.22810465603783553,0.28472817514227694,0.21875,True
Genova,16121,4016.5727384256,0.8037170724942193,0.7984893653939701,0.6666666666666666,True
Genova,16122,9784.240130848351,0.7826217927201436,0.7863684475641216,0.7619047619047619,True
Genova,16123,6709.932056056128,0.6282521963065909,0.6970675183276086,0.6190476190476191,True
Genova,16124,6275.205489900376,0.7210286869771061,0.7510692802105701,0.6904761904761905,True
Genova,16125,7189.160419053502,0.8835470821152293,0.9126820148591508,0.9285714285714286,True
Genova,16126,8696.164859842902,0.3810809971158815,0.4219635692018854,0.3333333333333333,True
Genova,16127,14185.25691267698,0.5316452895881738,0.6189517658886654,0.5952380952380952,True
Genova,16128,9496.173505898983,0.9100896018760358,0.9447392355319038,0.9523809523809524,True
Genova,16129,13727.34609441128,0.8097851438284505,0.8342597124837094,0.8095238095238095,True
Genova,16131,8390.63236673673,0.8121009046318752,0.8536853942916851,0.7857142857142857,True
Genova,16132,17175.068557885323,0.5392187714993681,0.6464947759813734,0.5476190476190477,True
Genova,16133,11129.129740673938,0.5458645865397106,0.6713536640096568,0.5238095238095238,True
Genova,16134,17113.687776750987,0.24704833530972034,0.2894729360333542,0.238095238095238,True
Genova,16135,5719.29829639838,0.6225680713741324,0.6861512280179434,0.5714285714285714,True
Genova,16136,11492.004492272032,0.8050941781657995,0.8121101710705442,0.8809523809523809,True
Genova,16137,16542.701422637274,0.4002546413759639,0.44413025077537216,0.3809523809523809,True
Genova,16138,19236.841825530064,0.20598444301407529,0.24335181691876617,0.1904761904761904,True
Genova,16139,12690.0515332044,0.15830916973129222,0.19423648927001125,0.0952380952380952,True
Genova,16141,8081.366221243173,0.2275469039357956,0.26734473372230094,0.2142857142857142,True
Genova,16142,17772.67570247121,0.4246936336127291,0.4885200848147684,0.4285714285714285,True
Genova,16143,23573.83886239709,0.451541763327443,0.5642979861942138,0.4523809523809524,True
Genova,16144,15404.38726116244,0.1488173152989043,0.16956182790565194,0.119047619047619,True
Genova,16145,15675.071489256909,0.9569202115671223,0.9668465269756229,0.9761904761904762,True
Genova,16146,11036.648685911048,0.9900896994440471,0.9903067802522946,1.0,True
Genova,16147,12065.999721788075,0.7625172097258549,0.7671779140553358,0.7380952380952381,True
Genova,16148,17159.97744084544,0.8416730361883091,0.89129676009024,0.8571428571428571,True
Genova,16149,26991.89659093208,0.2599586130161632,0.3360645810105385,0.2619047619047619,True
Genova,16151,19375.01254719788,0.039536030909759635,0.05918377455343797,0.0476190476190476,True
Genova,16152,14914.814374760976,0.015776031122859,0.013099318221060013,0.0238095238095238,True
Genova,16153,21187.731510212925,0.37114527846393197,0.39571727083031644,0.3571428571428571,True
Genova,16154,22466.901377361963,0.4480434033863547,0.523861525345305,0.4761904761904761,True
Genova,16155,10412.343444827451,0.6285140417441638,0.7121055958939162,0.6428571428571429,True
Genova,16156,13838.147871364215,0.6749721549433906,0.7334042118059856,0.7142857142857143,True
Genova,16157,22442.54694322629,0.13209582745378015,0.13632178734076536,0.1428571428571428,True
Genova,16158,12234.704215724809,0.48082781968275035,0.5957477574770946,0.5,True
Genova,16159,23005.68673867133,0.08662767545538143,0.0964057105713677,0.0714285714285714,True
Genova,16161,9090.845536543988,0.023632438029559485,0.03418290467298771,0.0,True
Genova,16162,11997.779335396575,0.15877619156298814,0.2159192098597333,0.1666666666666666,True
Genova,16163,4471.707966565387,0.2567590589581648,0.3084308634110958,0.3095238095238095,True
Genova,16164,8113.326449495185,0.42058538964435693,0.46578503956784506,0.4047619047619047,True
Genova,16165,9870.30435416938,0.3542996141848968,0.3684397543365747,0.2857142857142857,True
Genova,16166,8636.746082374064,0.8235490038238494,0.8686401260886002,0.8333333333333334,True
Genova,16167,9907.423906228909,0.9037402649620636,0.9276975284916259,0.9047619047619048,True
Milano,20121,19937.510919490614,0.9550910916018095,0.9778304558422193,0.972972972972973,True
Milano,20122,24609.52329504656,0.9179523746382058,0.9366419731377463,0.918918918918919,True
Milano,20123,29661.064846932888,0.9453465758073034,0.9581625389817029,0.945945945945946,True
Milano,20124,31776.492116126752,0.8287634231129926,0.8549753095855694,0.8378378378378378,True
Milano,20125,36769.33208836382,0.5959141634125004,0.604940092947462,0.5945945945945946,True
Milano,20126,18327.43956304259,0.4131307195600432,0.41691612922931626,0.4054054054054054,True
Milano,20127,35205.573515187585,0.24412202120158252,0.2663406803043703,0.2432432432432432,True
Milano,20128,26526.96496883408,0.32028251647331146,0.3536400166470313,0.3243243243243243,True
Milano,20129,48266.662741449145,0.8873791290025641,0.9077435068828417,0.8918918918918919,True
Milano,20131,37209.12920286921,0.6467218273797202,0.6572401453696511,0.6486486486486487,True
Milano,20132,25644.19114091332,0.05925032398604537,0.06871783717204091,0.054054054054054,True
Milano,20133,42154.77940128992,0.7078876845096026,0.734441669298749,0.7027027027027027,True
Milano,20134,18157.902263397384,0.38919216374840226,0.4024481599664624,0.3783783783783784,True
Milano,20135,31136.771474115347,0.7624145373987504,0.7760607243871358,0.7567567567567568,True
Milano,20136,15831.71548743712,0.7105580622868817,0.7574357481181716,0.7297297297297297,True
Milano,20137,26582.895575808776,0.5424372696350106,0.5501955622662008,0.5405405405405406,True
Milano,20138,31954.43789382021,0.21686880805051906,0.23970891718753695,0.2162162162162162,True
Milano,20139,43408.28340928579,0.29928048891665204,0.32590775559989893,0.2972972972972973,True
Milano,20141,46330.01235601957,0.4285709164480207,0.442555522480157,0.4324324324324324,True
Milano,20142,58857.18368934735,0.16442102426087493,0.17983957036675843,0.1621621621621621,True
Milano,20143,28955.93607047262,0.6113526994736443,0.6310029201518318,0.6216216216216216,True
Milano,20144,35582.69300628288,0.8082612693191255,0.8282645657323852,0.8108108108108109,True
Milano,20145,17984.83574706316,0.9962601157667784,0.992868257832864,1.0,True
Milano,20146,57661.49241463013,0.6695547092865965,0.6948603284020367,0.6756756756756757,True
Milano,20147,39199.78286810861,0.3471767401815776,0.3797034306058699,0.3513513513513513,True
Milano,20148,37351.296951887605,0.5646376006269955,0.57554815281438,0.5675675675675675,True
Milano,20149,26513.87343434989,0.8672429735790543,0.8780898858753182,0.8648648648648649,True
Milano,20151,43367.30255608026,0.5114140033403848,0.5224573730142829,0.5135135135135135,True
Milano,20152,39280.54809777944,0.031175089542418023,0.04297245328136559,0.027027027027027,True
Milano,20153,29877.59610690628,0.10204488478281648,0.10803708562849457,0.1081081081081081,True
Milano,20154,32464.121872653566,0.7851575146874721,0.8012811478220693,0.7837837837837838,True
Milano,20155,25430.72367665172,0.4619071818169113,0.47101166599497746,0.4594594594594595,True
Milano,20156,21816.76977269658,0.08731003819745049,0.08753810003130266,0.081081081081081,True
Milano,20157,34543.71745006916,0.001998404306398642,0.013698033710900693,0.0,True
Milano,20158,30083.48366282383,0.1987299560430542,0.2151082776626956,0.1891891891891892,True
Milano,20159,30468.908981084824,0.49062981884468615,0.49317821635770076,0.4864864864864865,True
Milano,20161,46168.40514221111,0.133287943614232,0.13819251664703774,0.1351351351351351,True
Milano,20162,35801.231649030815,0.2747032085262348,0.29449785858863375,0.2702702702702703,True
Venezia,30121,15460.860624794746,0.7544637645834938,0.9135514629821734,0.75,True
Venezia,30122,12214.600140409337,0.6270277900431733,0.7582234295981247,0.625,True
Venezia,30123,6397.720984497004,0.7370114864119123,0.8714106352258477,0.8125,True
Venezia,30124,3991.97691037837,0.8521179189926914,0.9725241513471893,1.0,True
Venezia,30125,5129.916659143236,0.9281819190733595,0.9901101115250145,0.9375,True
Venezia,30126,20049.12151277709,0.6735906769861388,0.8204241689355304,0.6875,True
Venezia,30132,1610.3514307590406,0.24819655967039864,0.1396374414129202,0.375,True
Venezia,30133,5627.310009497735,0.2682402850499385,0.15359081906404873,0.25,True
Venezia,30135,5568.24189736125,0.8009838678621781,0.9540931505946755,0.875,True
Venezia,30141,5054.504014179369,0.23023282783723067,0.1267883677471994,0.1875,True
Venezia,30142,2785.4888036118623,0.05008766373795031,0.0053701015916002405,0.0,True
Venezia,30171,13191.348184890216,0.4389626981143851,0.4037788414345089,0.4375,True
Venezia,30172,13281.604015941162,0.4922186601038539,0.4548156442260705,0.5,True
Venezia,30173,55477.33302860038,0.3166830027291898,0.271393533046445,0.3125,True
Venezia,30174,65941.1903557398,0.5643809496403797,0.6075480672014326,0.5625,True
Venezia,30175,25003.66070057316,0.06591308955460537,0.05894438118954301,0.0625,True
Venezia,30176,2566.3636249065157,0.2292839150113149,0.11209621268092745,0.125,True
Trieste,34121,1875.40963265662,0.6770648170273668,0.736915608834212,0.7777777777777778,True
Trieste,34122,1455.8989808559418,0.4899622040614599,0.5316357600970635,0.0,True
Trieste,34123,6102.271684997281,0.942178913677372,0.9843710957227566,1.0,True
Trieste,34124,3958.574126918697,0.8260319134362757,0.8187105667254742,0.8518518518518519,True
Trieste,34125,3844.69473807017,0.4938055774173081,0.5452114375041062,0.5925925925925926,True
Trieste,34126,6288.6545178824,0.5969880487450273,0.6544860045917591,0.5185185185185185,True
Trieste,34127,7877.818625680716,0.6278965856731774,0.6907686324615121,0.6296296296296297,True
Trieste,34128,9787.739135704727,0.4320513103128296,0.4110621692426948,0.4074074074074074,True
Trieste,34129,4084.201669692993,0.36102228503594014,0.30207801891642544,0.2592592592592592,True
Trieste,34131,3173.07505522834,0.4443373020524801,0.44425690962818787,0.2962962962962963,True
Trieste,34132,2014.606173127696,0.4082255740623797,0.3176980517338905,0.2222222222222222,True
Trieste,34133,4132.379152509901,0.6715882283203604,0.7215286905375211,0.8148148148148148,True
Trieste,34134,7087.465249209276,0.8862274322442787,0.9082927147562581,0.9629629629629628,True
Trieste,34135,9472.128642902968,0.5389048642873281,0.5793179749776631,0.5555555555555556,True
Trieste,34136,8257.450728692127,0.9039650426801612,0.9475935252315736,0.925925925925926,True
Trieste,34137,10663.091668375666,0.06032653471733975,0.027309901555880794,0.037037037037037,True
Trieste,34138,8647.590286446943,0.08868951995786026,0.07676767980299072,0.1111111111111111,True
Trieste,34139,12325.735661168686,0.4144004304867378,0.3544259854281876,0.4444444444444444,True
Trieste,34141,6794.205262555017,0.5868636779726787,0.6209786857216808,0.6666666666666666,True
Trieste,34142,6867.086880849467,0.7283877534795805,0.7909842988104838,0.7037037037037037,True
Trieste,34143,6184.252949032519,0.6906164047642652,0.7575577076292865,0.7407407407407407,True
Trieste,34144,8808.001075699825,0.13184871256167707,0.1214742711487003,0.074074074074074,True
Trieste,34145,6562.346002925825,0.23263182921865655,0.24227567292904767,0.1851851851851851,True
Trieste,34146,6351.574129409673,0.32379058430659463,0.2753503100495887,0.3333333333333333,True
Trieste,34147,1430.8966958531205,0.46054960698933,0.45604842555981867,0.3703703703703703,True
Trieste,34148,15898.148762607854,0.1541265951715469,0.18475071487562594,0.1481481481481481,True
Trieste,34149,13313.057352258564,0.48341835406494094,0.49381007538156285,0.4814814814814814,True
Trieste,34151,11965.557748725676,0.8747506347449395,0.8594948427508304,0.8888888888888888,True
Bologna,40121,6948.089110721317,0.678997882217806,0.820136066092408,0.6666666666666666,True
Bologna,40122,12176.05369600902,0.46453339252235026,0.6671825408521649,0.4444444444444444,True
Bologna,40123,7191.547417349287,0.722206936177752,0.8384777920093353,0.7222222222222222,True
Bologna,40124,8372.600040975543,0.8302337750271916,0.9224900952861009,0.8333333333333334,True
Bologna,40125,8263.001950989168,0.8964275775142599,0.9663378127832113,0.9444444444444444,True
Bologna,40126,10561.022562626336,0.613967106973268,0.7974235071999742,0.6111111111111112,True
Bologna,40127,32643.036294045294,0.004998366613352941,0.04234406051478498,0.0,True
Bologna,40128,31470.494340742986,0.16744890799348458,0.2453416447851762,0.1666666666666666,True
Bologna,40129,20506.415017488296,0.05336407501468926,0.11128873717998054,0.0555555555555555,True
Bologna,40131,26360.87381791868,0.23687599797692419,0.32035963425479824,0.2222222222222222,True
Bologna,40132,25682.23862568447,0.11613397786065599,0.17120397077973393,0.1111111111111111,True
Bologna,40133,38994.19118110939,0.28104777796809227,0.40513725121230465,0.2777777777777778,True
Bologna,40134,17986.604852502544,0.5674028729917829,0.7603919500883501,0.5555555555555556,True
Bologna,40135,8583.30173564459,0.8375720495751279,0.944485038539677,0.8888888888888888,True
Bologna,40136,8843.58910438703,0.9083271571718259,0.9885282279249139,1.0,True
Bologna,40137,24600.468611719705,0.7783567798897318,0.8797179217109797,0.7777777777777778,True
Bologna,40138,34156.066371983994,0.3673582590823725,0.6070812047428378,0.3888888888888889,True
Bologna,40139,41264.168214804486,0.3342200997230614,0.509247199700702,0.3333333333333333,True
Bologna,40141,20846.237563375915,0.5079164382201704,0.7100185652595918,0.5,True
Firenze,50121,11131.139476416838,0.6286746522958313,0.7499188023537326,0.6,True
Firenze,50122,8556.809320082268,0.6869977169304678,0.8102238556084633,0.7,True
Firenze,50123,9306.972857343912,0.8522479217069231,0.9111982131749248,0.9,True
Firenze,50124,13753.361342664704,0.5489925919613033,0.715852908698424,0.55,True
Firenze,50125,19992.873480894574,0.9366959097558252,0.9513085395476342,0.95,True
Firenze,50126,25959.519759992847,0.2954277768760714,0.4715288809261609,0.3,True
Firenze,50127,38608.93269195609,0.10394094940297227,0.23369034691425222,0.1,True
Firenze,50129,9946.171562207865,0.8324370241322092,0.8848414228541072,0.85,True
Firenze,50131,9435.485719966391,0.7472371204925221,0.8348545931870627,0.75,True
Firenze,50132,7787.665737080905,0.9847845154474629,0.9893389947923303,1.0,True
Firenze,50133,12181.88469554598,0.6356470304863449,0.7818334068700004,0.65,True
Firenze,50134,18291.304503864296,0.4277252889778654,0.5804336363440066,0.4,True
Firenze,50135,17651.035578770803,0.36465781661394764,0.5312299997559219,0.35,True
Firenze,50136,19419.865537320475,0.4465093713167029,0.6320587309191477,0.45,True
Firenze,50137,14018.429637421685,0.4880318921662224,0.677834429444075,0.5,True
Firenze,50139,8566.395378618297,0.7892893118382148,0.8594984536992113,0.8,True
Firenze,50141,16872.577200373427,0.25774079503179453,0.4128934407100225,0.2,True
Firenze,50142,46678.13705587969,0.049945590747360505,0.11693573450206333,0.05,True
Firenze,50143,18345.218211805084,0.1708970746093702,0.31165831830422597,0.15,True
Firenze,50144,19366.287972538736,0.25038903256799555,0.36328387304600623,0.25,True
Firenze,50145,19370.619502555117,0.0034982798265046954,0.026517609045446183,0.0,True
Bari,70121,17125.48661581344,0.9916431907910002,0.973086885782404,1.0,True
Bari,70122,19910.530009041056,0.8945347684333931,0.914883894652849,0.9,True
Bari,70123,36790.71395457331,0.19780508127507104,0.26475452627132223,0.2,True
Bari,70124,50153.586133812336,0.6966455659079391,0.6881822001714444,0.7,True
Bari,70125,37095.91647722598,0.8012888844843468,0.8252968925522775,0.8,True
Bari,70126,45629.33149840743,0.6036500972800535,0.537657040789975,0.6,True
Bari,70127,12496.309892444937,0.39893528665450745,0.39814712007584274,0.4,True
Bari,70128,15324.002409589806,0.5028094919440854,0.44186741015288433,0.5,True
Bari,70129,14309.622516158748,0.12270459622127564,0.18444911814794057,0.1,True
Bari,70131,17797.00724826276,0.3070324784653183,0.3505404433998699,0.3,True
Bari,70132,51529.97859199103,0.0027675476050623253,0.08098060105316711,0.0,True
Napoli,80121,11963.289005544451,0.9667540385537017,0.9936256291134858,1.0,True
Napoli,80122,19953.568850141437,0.9195464244152648,0.9527352179992159,0.9166666666666666,True
Napoli,80123,22412.715019121584,0.9577789585938062,0.9753091444788703,0.9583333333333334,True
Napoli,80124,35235.92261910695,0.4630541339646035,0.6200786489995291,0.4583333333333333,True
Napoli,80125,45988.20748306326,0.5889287947664423,0.7035953573278144,0.5833333333333334,True
Napoli,80126,111017.80161377128,0.37628757849735,0.5049701533892209,0.375,True
Napoli,80127,27505.45498935568,0.8818828806442203,0.9274477389686031,0.875,True
Napoli,80128,47006.62621632291,0.7896846393538823,0.8631880435662724,0.7916666666666666,True
Napoli,80129,23044.600918723787,0.836293209422609,0.9005132726573086,0.8333333333333334,True
Napoli,80131,55842.39524539633,0.7504733482976454,0.8083872435681951,0.75,True
Napoli,80132,25730.1255011394,0.6540197875756927,0.7566963864331123,0.6666666666666666,True
Napoli,80133,7719.911754213228,0.6700514356901752,0.7745194903917736,0.7083333333333334,True
Napoli,80134,18975.87270693605,0.5446185177656019,0.6689807006694011,0.5416666666666666,True
Napoli,80135,18783.28791358705,0.5163370955014706,0.6488615767355799,0.5,True
Napoli,80136,34889.7739168503,0.4200252635893947,0.5827137405543553,0.4166666666666667,True
Napoli,80137,32789.111503880886,0.24906870284891433,0.35454873761316996,0.25,True
Napoli,80138,13970.296602249146,0.5923161183459129,0.7355429047508697,0.625,True
Napoli,80139,23952.681782735715,0.008303195989929893,0.012762650583718515,0.0,True
Napoli,80141,35046.41708367742,0.3348693426091775,0.4271431024172913,0.3333333333333333,True
Napoli,80142,21898.512268294893,0.03932683746301305,0.03719343348425188,0.0416666666666666,True
Napoli,80143,34204.04582578942,0.289270060231842,0.390244542627994,0.2916666666666667,True
Napoli,80144,82301.49506750607,0.1259455393229822,0.12253336189902089,0.125,True
Napoli,80145,77544.98931985775,0.2090716696764446,0.2957596805441158,0.2083333333333333,True
Napoli,80146,27982.113102111216,0.08540977827279299,0.0637712087110202,0.0833333333333333,True
Napoli,80147,82630.56509279086,0.1655649130219363,0.21041372005565542,0.1666666666666666,True
Palermo,90121,18790.76437231745,0.1328436572207204,0.04400346279918185,0.12,True
Palermo,90123,35639.813029505865,0.19759187864689282,0.12100635088678977,0.2,True
Palermo,90124,41380.39630618383,0.3095808725106089,0.24268221814123395,0.32,True
Palermo,90125,22014.68638854203,0.24747749270574873,0.16541675590386037,0.24,True
Palermo,90126,10929.14421535953,0.40516458996407456,0.3969679390752166,0.4,True
Palermo,90127,22768.076286735984,0.16725632261999965,0.07601562081526053,0.16,True
Palermo,90128,18456.263215864343,0.26245384409897865,0.1965909275903552,0.28,True
Palermo,90129,31598.17286973038,0.6263017413954111,0.5802881581163887,0.64,True
Palermo,90131,13075.17619178312,0.5348069833302286,0.48140197914112937,0.52,True
Palermo,90133,11660.370430787878,0.7273191021941402,0.7228820412036058,0.72,True
Palermo,90134,19167.71715252489,0.08649123741143375,0.014764607976629344,0.08,True
Palermo,90135,73993.67473069164,0.36089871919191685,0.3315531523256348,0.36,True
Palermo,90136,10997.82512476498,0.4376081524220248,0.4138579580506826,0.44,True
Palermo,90138,21333.968234915734,0.5469896875573852,0.5079068322871133,0.56,True
Palermo,90139,13145.94158256054,0.8396689620425067,0.8683807699566108,0.84,True
Palermo,90141,15185.930473687804,0.9931997846050102,0.9883025031922065,1.0,True
Palermo,90142,31807.016679103403,0.49341783741477063,0.4468298922516473,0.48,True
Palermo,90143,23700.576068423987,0.8805042571976287,0.9045791176780635,0.88,True
Palermo,90144,34902.455572927,0.9527301350667271,0.9497201629857244,0.96,True
Palermo,90145,70929.88139404508,0.6757978706317296,0.6592639962803936,0.68,True
Palermo,90146,70706.645158534,0.7526755960255738,0.7863281305685598,0.76,True
Palermo,90147,20517.39093938612,0.5992489420333276,0.5401443129730322,0.6,True
Palermo,90149,5073.460207339955,0.8617126503465234,0.8824149046872116,0.92,True
Palermo,90151,11334.91701505136,0.7555270950645337,0.8495235279987481,0.8,True
Amsterdam,BU0363AA02,1496.664737701416,0.7366514173801539,0.7860507472003833,0.6301369863013698,True
Amsterdam,BU0363AB02,2065.4850056966143,0.7647939539242238,0.8109128446893685,0.7191780821917808,True
Amsterdam,BU0363AB05,2347.7994732326933,0.6807566390754856,0.7058174472601428,0.6575342465753424,True
Amsterdam,BU0363AB07,2409.9741615719267,0.7958980378056897,0.8527027708365128,0.8424657534246576,True
Amsterdam,BU0363AB10,3936.230126698812,0.8089439260235562,0.8930112502772655,0.7534246575342466,True
Amsterdam,BU0363AJ01,4200.814888636272,0.8921460315840244,0.9516262590090426,0.910958904109589,True
Amsterdam,BU0363AK04,1325.6505549351375,0.6658184959695257,0.6917276431779339,0.7876712328767124,True
Amsterdam,BU0363AK07,1240.5780825085112,0.6650911577205004,0.6882707814915999,0.6301369863013698,True
Amsterdam,BU0363EB07,1074.816669676039,0.494781576317306,0.5136613512554791,0.4178082191780822,True
Amsterdam,BU0363EC01,3397.7283965846423,1.0151396069146172,0.9954230589810487,0.9794520547945206,True
Amsterdam,BU0363ED01,2556.073388232125,0.2313764482241593,0.19400277050447892,0.1986301369863013,True
Amsterdam,BU0363ED03,1405.741775724623,0.40248414227039453,0.36485096432776415,0.5,True
Amsterdam,BU0363EE01,4011.6687852276696,0.43799270381313943,0.4045195221099871,0.410958904109589,True
Amsterdam,BU0363EE02,2049.220936536789,0.3856163065574953,0.33461245794925615,0.3835616438356164,True
Amsterdam,BU0363EE06,2808.2932458983523,0.5593951804386904,0.5742993490142027,0.5958904109589042,True
Amsterdam,BU0363EF02,2662.6292269958394,0.49443234593157,0.508626790680307,0.6575342465753424,True
Amsterdam,BU0363EH01,1919.1834526062007,0.6377446641879975,0.6674109290529682,0.7191780821917808,True
Amsterdam,BU0363EH02,2800.149633407593,0.6117592862601587,0.6297508265721943,0.5958904109589042,True
Amsterdam,BU0363EH06,2629.679938528273,0.6312961500183885,0.6612833411429351,0.6575342465753424,True
Amsterdam,BU0363EJ01,3393.113783730401,0.6704771866587647,0.6980840977085877,0.6575342465753424,True
Amsterdam,BU0363EJ03,2539.8722229003906,0.7380546801938631,0.7914882011204968,0.7876712328767124,True
Amsterdam,BU0363EL02,1450.6744310590957,0.591822184751458,0.5982404249515962,0.7191780821917808,True
Amsterdam,BU0363EM02,2204.1133723788794,0.3783619925051209,0.32888296518422055,0.5,True
Amsterdam,BU0363EM04,2326.6390740076704,0.4615272273558815,0.4426353702290344,0.3835616438356164,True
Amsterdam,BU0363EP02,3306.4302582210967,0.6960943773159735,0.7261922218681375,0.7876712328767124,True
Amsterdam,BU0363EQ01,5155.556202464633,0.7103442413634803,0.7492028528753878,0.7123287671232876,True
Amsterdam,BU0363ER01,1522.8178627888362,0.6861372247791173,0.7110313976370205,0.7191780821917808,True
Amsterdam,BU0363ER02,2950.640656259325,0.7922167190498208,0.8454817057651577,0.7876712328767124,True
Amsterdam,BU0363ES02,2447.214204788208,0.5930277106852011,0.6034911113815785,0.3356164383561644,True
Amsterdam,BU0363ET01,4602.88283665975,0.7333729975097488,0.7724394678047266,0.7465753424657534,True
Amsterdam,BU0363EU02,3807.499034881592,0.7727854655752739,0.8286020953150679,0.7876712328767124,True
Amsterdam,BU0363FB03,3456.624856337905,0.08025584580871012,0.01981698718631495,0.0753424657534246,True
Amsterdam,BU0363FB05,1947.5476338995827,0.1511437729431824,0.09258778464746886,0.1232876712328767,True
Amsterdam,BU0363FB06,1662.1526556015017,0.09107896081964409,0.03096368031918321,0.0273972602739726,True
Amsterdam,BU0363FB07,1909.8920406732293,0.12315330764740892,0.0591218022364165,0.1232876712328767,True
Amsterdam,BU0363FC01,2045.2059956126743,0.12044757288437204,0.053794051361907,0.1643835616438356,True
Amsterdam,BU0363FC02,1469.749599364069,0.030483277323440985,0.009053594064914064,0.0068493150684931,True
Amsterdam,BU0363FC03,2377.485253784392,0.10008714903050817,0.0364053114006325,0.0753424657534246,True
Amsterdam,BU0363FD01,1531.9578156140117,0.048913199519155896,0.013097071409457707,0.0273972602739726,True
Amsterdam,BU0363FD04,2002.0942134989632,0.13775488459142538,0.08138361688731863,0.1232876712328767,True
Amsterdam,BU0363FE03,3170.578893889984,0.291515839455641,0.25955720304293073,0.363013698630137,True
Amsterdam,BU0363FG01,3910.4162533283234,0.28658697935102273,0.24249442559247977,0.2328767123287671,True
Amsterdam,BU0363FG02,4483.142575273911,0.46648984653025527,0.4650829124798669,0.4178082191780822,True
Amsterdam,BU0363FG03,7418.501647253832,0.5258073191386569,0.5367612097359511,0.541095890410959,True
Amsterdam,BU0363FH02,4506.774364882045,0.21741304242417533,0.16817509604377584,0.3287671232876712,True
Amsterdam,BU0363FJ01,1541.740731070439,0.004133084903451375,0.0020768159102172185,0.0273972602739726,True
Amsterdam,BU0363FJ02,1883.409148640103,0.12925430301037463,0.06423160319286013,0.1232876712328767,True
Amsterdam,BU0363FJ03,2225.076408863068,0.11512921244036063,0.04260523405695709,0.1232876712328767,True
Amsterdam,BU0363FJ04,4256.617723941803,0.4810315411838952,0.4993061559815973,0.4863013698630137,True
Amsterdam,BU0363FK01,2265.0279547505907,0.1316412531418372,0.06981979322068368,0.0136986301369863,True
Amsterdam,BU0363FK02,1200.7769315308994,0.1760885628070386,0.11432409464852906,0.4178082191780822,True
Amsterdam,BU0363FK03,2792.846381223864,0.28701358618709955,0.25152411664834023,0.2808219178082192,True
Amsterdam,BU0363FK05,4539.755861926824,0.41110014309424375,0.37285990113483697,0.2328767123287671,True
Amsterdam,BU0363FL03,2200.3872071637047,0.20653895475719003,0.14676119738292004,0.0136986301369863,True
Amsterdam,BU0363FM02,3953.213200400273,0.23519339098053593,0.20277116435890433,0.2328767123287671,True
Amsterdam,BU0363FM04,3145.8026235633424,0.340800446953168,0.30188400644732005,0.3835616438356164,True
Amsterdam,BU0363FN01,2289.096236845168,0.2463310701892855,0.21117992420711135,0.1643835616438356,True
Amsterdam,BU0363FN02,2882.479133023156,0.3378027904011917,0.28485023677678606,0.363013698630137,True
Amsterdam,BU0363FN04,2987.2837807072533,0.3966781007859543,0.35304066236552595,0.2328767123287671,True
Amsterdam,BU0363FP02,2177.948684533437,0.7051838076833822,0.7393241882464792,0.9383561643835616,True
Amsterdam,BU0363FP04,2514.794083250894,0.4272181830023355,0.3957279907911723,0.3013698630136986,True
Amsterdam,BU0363FQ02,2739.189857247803,0.47362590140202815,0.4748118212402424,0.4178082191780822,True
Amsterdam,BU0363FQ03,3742.29964864254,0.4475866493866934,0.4217081881520089,0.4178082191780822,True
Amsterdam,BU0363KA01,2061.0124663379456,0.823264150735107,0.915221702680372,0.8698630136986302,True
Amsterdam,BU0363KC03,2296.160586886936,0.9099453341157223,0.9603780690662949,0.9863013698630136,True
Amsterdam,BU0363KD02,3424.611727078756,0.9526800054582164,0.9835782482202128,1.0,True
Amsterdam,BU0363KE01,1503.0696642133926,0.7688979174483453,0.8157198987974893,0.8835616438356164,True
Amsterdam,BU0363KE04,3054.1487043632405,0.6067559711872738,0.6218647406136303,0.5616438356164384,True
Amsterdam,BU0363KE05,2210.117769824134,0.755496785853781,0.8011191618844035,0.910958904109589,True
Amsterdam,BU0363KF01,2886.2863729265005,0.79002274727219,0.8376190199862241,0.7876712328767124,True
Amsterdam,BU0363KF03,2002.4467160966665,0.7351834345974819,0.781337237209747,0.8424657534246576,True
Amsterdam,BU0363KF04,1731.6519202656216,0.6591838530501115,0.6842670119639566,0.7534246575342466,True
Amsterdam,BU0363KG02,1422.524204572042,0.5806843787869562,0.5904747698135423,0.4178082191780822,True
Amsterdam,BU0363KG03,2052.671534279982,0.47632068159562896,0.4908071703547857,0.3356164383561644,True
Amsterdam,BU0363KH05,2595.149670150545,0.8431307007192439,0.9273472600858598,0.8972602739726028,True
Amsterdam,BU0363KJ04,2156.0436118443804,0.8793978510426417,0.9355589951583634,0.9726027397260274,True
Amsterdam,BU0363KK01,2773.446783065796,0.9235165550399884,0.9691736776717842,0.9452054794520548,True
Amsterdam,BU0363KK02,3123.766282399496,0.8195486922114701,0.9082374991892584,0.8698630136986302,True
Amsterdam,BU0363KK03,2785.401003943549,0.886250067461385,0.9422154131868345,0.9452054794520548,True
Amsterdam,BU0363KL02,1715.5815322001774,0.717041799463422,0.7584586816156312,0.5958904109589042,True
Amsterdam,BU0363KM04,1440.4207573400604,0.805970488161007,0.8857685836767001,0.8424657534246576,True
Amsterdam,BU0363KP04,2247.644231690301,0.9287763083044831,0.9759373841082445,0.9931506849315068,True
Amsterdam,BU0363KQ04,5117.9161762860085,0.7964427602314952,0.8628432841595142,0.7808219178082192,True
Amsterdam,BU0363KQ05,4431.205604612827,0.6517349138938869,0.6759652785387892,0.7876712328767124,True
Amsterdam,BU0363KQ06,3888.5671124541095,0.579313222058897,0.5833204158255288,0.6575342465753424,True
Amsterdam,BU0363KR02,2132.120125571886,0.6966220986091761,0.7335182707542802,0.5547945205479452,True
Amsterdam,BU0363KR03,5230.220320067472,0.7984115991990921,0.8767828357868523,0.7671232876712328,True
Amsterdam,BU0363MA01,477.62687346054656,0.7466337199881803,0.7955529507934442,0.8835616438356164,True
Amsterdam,BU0363MA05,672.4266266773145,0.8469845319927853,0.9317488785320361,0.8424657534246576,True
Amsterdam,BU0363MA06,729.9411522823178,0.9113165903714806,0.9644544070076808,0.7671232876712328,True
Amsterdam,BU0363MB02,2148.9345701336856,0.6216544743754565,0.6396586034204358,0.8972602739726028,True
Amsterdam,BU0363MC01,3212.754880189896,0.6896813506589833,0.7174104940819724,0.5684931506849316,True
Amsterdam,BU0363MC03,1578.8448593351577,0.4606741636270268,0.43737445248430273,0.5,True
Amsterdam,BU0363MC04,1896.642089207967,0.5180240505290612,0.5176640818720076,0.6301369863013698,True
Amsterdam,BU0363MD01,2246.440799077352,0.46205696653689304,0.44879557917189805,0.3835616438356164,True
Amsterdam,BU0363MD02,3035.611307673984,0.5446466549931671,0.5664272640974195,0.5342465753424658,True
Amsterdam,BU0363ME01,2674.646158218384,0.5434934183516353,0.5587352097087623,0.4178082191780822,True
Amsterdam,BU0363ME02,2430.880153311623,0.5218928062454853,0.5234935101694902,0.5,True
Amsterdam,BU0363MF01,2680.723718855116,0.4624185232420998,0.4554327610643393,0.5684931506849316,True
Amsterdam,BU0363MF02,2738.3230289883086,0.3895118496615248,0.34532793150333496,0.4863013698630137,True
Amsterdam,BU0363MF03,2187.2227979236177,0.397838421078087,0.3600110286362302,0.2328767123287671,True
Amsterdam,BU0363MG01,3148.6750745243494,0.3414902420496154,0.3103630400269931,0.3356164383561644,True
Amsterdam,BU0363MG03,1583.5863256355126,0.389450329384707,0.3395060640976737,0.3082191780821918,True
Amsterdam,BU0363MH02,722.1881111694707,0.7486385688977241,0.7971691725090545,0.6575342465753424,True
Amsterdam,BU0363MJ01,0.0,0.7686199708296965,0.8136951751005055,0.6301369863013698,True
Amsterdam,BU0363MJ03,2030.1414654139016,0.7190075032737009,0.7635043919351027,0.910958904109589,True
Amsterdam,BU0363MJ04,1445.848464600535,0.5911940672664888,0.59433863737293,0.6232876712328768,True
Amsterdam,BU0363MJ05,4069.223098658853,0.5969803588292143,0.6122691376715991,0.5684931506849316,True
Amsterdam,BU0363ML02,1203.0161849657693,0.6169689116695,0.6351433275908728,0.5958904109589042,True
Amsterdam,BU0363MM08,1810.0265777589132,0.6263068731899111,0.6553027939965167,0.5684931506849316,True
Amsterdam,BU0363MN01,2172.670694828033,0.8343145641171928,0.9209247241876416,0.910958904109589,True
Amsterdam,BU0363MN02,2121.665001021491,0.8123351293283868,0.9011715931482369,0.7876712328767124,True
Amsterdam,BU0363MN03,3827.313783009847,0.6223297497087857,0.647708963259214,0.6575342465753424,True
Amsterdam,BU0363MP03,3091.320308629009,0.4153890234587175,0.3831394118746786,0.2808219178082192,True
Amsterdam,BU0363MQ05,985.3744542135132,0.9647240787911846,0.9895187603183703,0.958904109589041,True
Amsterdam,BU0363NA04,3541.206321595443,0.47605906553331895,0.4832718861810143,0.4178082191780822,True
Amsterdam,BU0363NA07,1027.0805199907886,0.294549987328564,0.2652116984329357,0.0273972602739726,True
Amsterdam,BU0363NB03,2126.3159307410638,0.7689845122835954,0.8206088957578804,0.6575342465753424,True
Amsterdam,BU0363NB07,1497.407590877446,0.7621918020772149,0.806113417728765,0.9657534246575342,True
Amsterdam,BU0363NC02,4273.1060090065,0.2277984327896611,0.1848034621252643,0.2123287671232876,True
Amsterdam,BU0363NC03,4197.81229885088,0.350623673787567,0.3202591928325575,0.2123287671232876,True
Amsterdam,BU0363NC04,2503.0869341426423,0.44139654405098816,0.4132952832068435,0.363013698630137,True
Amsterdam,BU0363NE01,1010.2536004597528,0.19620144780522353,0.12650313638689908,0.0273972602739726,True
Amsterdam,BU0363NE02,1578.0291863573818,0.08784737458506647,0.026598963823235816,0.1027397260273972,True
Amsterdam,BU0363NE03,2130.0883123198937,0.15700453805911144,0.10096891409613941,0.0753424657534246,True
Amsterdam,BU0363NE04,3308.435999015967,0.3401808919258854,0.29318976545752373,0.3356164383561644,True
Amsterdam,BU0363NG01,3109.7125105070363,0.5418160915794024,0.5509433366191339,0.541095890410959,True
Amsterdam,BU0363NH02,1072.0809226036072,0.15452744391391063,0.0966554028291186,0.0273972602739726,True
Amsterdam,BU0363NH05,939.0598472224342,0.210970833918334,0.1509902181647131,0.1643835616438356,True
Amsterdam,BU0363NJ02,1987.6241940338575,0.1950866990720292,0.12246481776754962,0.1027397260273972,True
Amsterdam,BU0363NJ05,1887.064072496361,0.2697759020095218,0.23468487685500533,0.3082191780821918,True
Amsterdam,BU0363NK03,3655.747958645587,0.21441844872523005,0.1571796959175591,0.1643835616438356,True
Amsterdam,BU0363NL03,4149.351206206614,0.252993075323524,0.2265534686105177,0.1986301369863013,True
Amsterdam,BU0363TB01,3291.729379560178,0.1753027851914376,0.10827242305706293,0.273972602739726,True
Amsterdam,BU0363TB02,2487.112471067243,0.2516216182738341,0.21761375969916813,0.2123287671232876,True
Amsterdam,BU0363TC02,2440.319656107161,0.2008212482635973,0.14050989088626706,0.3082191780821918,True
Amsterdam,BU0363TD02,1083.888080517451,0.021962475493871033,0.00561369314277528,0.0273972602739726,True
Amsterdam,BU0363TE02,3473.72591190868,0.1990419851090583,0.13254332187639392,0.2808219178082192,True
Amsterdam,BU0363TF01,3154.41541679783,0.4592913889007163,0.43099847106890155,0.5,True
Amsterdam,BU0363TG02,1427.4645619922217,0.19404395088267948,0.11786449131811183,0.1027397260273972,True
Amsterdam,BU0363TH02,2017.9123463895585,0.118160244085104,0.04832079074959454,0.1232876712328767,True
Amsterdam,BU0363TJ01,2158.6869350804222,0.13407277877672547,0.07577879870086394,0.0,True
Amsterdam,BU0363TJ03,2183.930390894413,0.14165770209387285,0.08702243950111108,0.0753424657534246,True
Amsterdam,BU0363TK01,1869.5584091241983,0.4166863944640285,0.3898220087874128,0.4178082191780822,True
Amsterdam,BU0363TM01,1782.1594086090724,0.219996615571428,0.1766466616292686,0.1643835616438356,True
Amsterdam,BU0363TM03,2861.6991918902427,0.3241597569999706,0.27711248898567575,0.4178082191780822,True
Amsterdam,BU0363TM04,2472.9331809334044,0.3211281925836429,0.2699264238037902,0.2328767123287671,True
The Hague,BU05180271,9546.466964441452,0.8104827478370572,0.8046652885212908,0.8734177215189873,True
The Hague,BU05180477,5729.246417052216,0.93062661725368,0.9523330513357493,0.9873417721518988,True
The Hague,BU05180546,6814.007620368153,0.9295988463848043,0.9392191172243005,0.9746835443037974,True
The Hague,BU05180701,2970.773902401328,0.5743723839979173,0.5028979840359592,0.4683544303797468,True
The Hague,BU05180702,5758.722650525264,0.6735825896309476,0.6256541728825677,0.6455696202531646,True
The Hague,BU05180703,5969.023679176242,0.7690850058153422,0.7400500857526223,0.7974683544303798,True
The Hague,BU05180704,3061.229259835349,0.5565633955283057,0.47559014395630134,0.569620253164557,True
The Hague,BU05180800,4154.953316013691,0.5611612315319219,0.4954480578079109,0.5189873417721519,True
The Hague,BU05180907,13491.488094912636,0.954765486432978,0.9724282710619531,1.0,True
The Hague,BU05180908,3599.8664784166544,0.5139891662433302,0.41434103246027226,0.4683544303797468,True
The Hague,BU05181142,2167.1390268007917,0.8059486372623459,0.7779460027251266,0.8860759493670886,True
The Hague,BU05181143,7427.745211998622,0.9107367261379593,0.9104819592987434,0.9493670886075948,True
The Hague,BU05181251,6455.477675689591,0.7853540500603435,0.7689310830745004,0.7848101265822784,True
The Hague,BU05181252,7599.839698486858,0.7732848126120185,0.7542362913234472,0.759493670886076,True
The Hague,BU05181309,6440.199902761158,0.9630794277567101,0.9932667905044886,0.9620253164556962,True
The Hague,BU05181492,4217.771351728588,0.7127679870527743,0.6500287306128433,0.7721518987341772,True
The Hague,BU05181697,7691.934695941862,0.8928427478382295,0.8946743797418436,0.9367088607594936,True
The Hague,BU05181786,11914.76082983282,0.6547608113431344,0.5915903797704966,0.6455696202531646,True
The Hague,BU05181795,4158.020276976957,0.3979144993510303,0.31038065267746723,0.379746835443038,True
The Hague,BU05181840,6539.118751552371,0.43659188371367763,0.3693262066092832,0.3291139240506329,True
The Hague,BU05181882,3421.2381040255227,0.5786305878580233,0.5095808132317801,0.4683544303797468,True
The Hague,BU05181894,2672.6745508888525,0.6026838336725505,0.5159519804583275,0.569620253164557,True
The Hague,BU05181953,7414.041498468981,0.8439469029994346,0.8223974487578396,0.9113924050632912,True
The Hague,BU05181983,3458.482258255284,0.6924586785389578,0.6420032307095661,0.6455696202531646,True
The Hague,BU05182054,7037.532341639201,0.5125389473536975,0.40321966420708616,0.4556962025316455,True
The Hague,BU05182055,14018.492483774822,0.6137151055821753,0.5447999378733244,0.620253164556962,True
The Hague,BU05182110,7196.721566518148,0.38403431165604485,0.2985093044656018,0.4430379746835443,True
The Hague,BU05182144,8193.224544737073,0.7155219780599681,0.6630043892384406,0.7215189873417721,True
The Hague,BU05182245,11810.253580411278,0.7475816574728913,0.7018547924872287,0.7341772151898734,True
The Hague,BU05182561,3724.711484677262,0.294412838457218,0.2715833223335675,0.3924050632911392,True
The Hague,BU05182567,1849.206860139552,0.5195629020838595,0.4200380221343309,0.3544303797468354,True
The Hague,BU05182569,5450.705805225091,0.6056964278917142,0.524444950020652,0.5569620253164557,True
The Hague,BU05182664,6431.725578467051,0.5302215441113245,0.42869571192178724,0.5443037974683544,True
The Hague,BU05182665,6622.423996583118,0.9148526921566532,0.9251713686582576,0.9240506329113924,True
The Hague,BU05182666,8227.499318326098,0.8473714014955108,0.8618508733715519,0.8354430379746836,True
The Hague,BU05182718,5923.478094418844,0.14555380088476255,0.09374565074253505,0.0759493670886076,True
The Hague,BU05182763,5888.786459710862,0.5582818848091472,0.48494735828779845,0.569620253164557,True
The Hague,BU05182811,9410.502671877544,0.6279365252257859,0.5692948813586487,0.6329113924050633,True
The Hague,BU05182813,5172.845707787408,0.7572908938077401,0.7284012950494199,0.810126582278481,True
The Hague,BU05182814,7416.404528194003,0.3545856597953947,0.2832313253864378,0.3164556962025316,True
The Hague,BU05182915,11914.763610415988,0.16738922911122364,0.12268928788529324,0.1645569620253164,True
The Hague,BU05182916,8235.601295895047,0.11647849496838095,0.05713994978529292,0.1392405063291139,True
The Hague,BU05182917,4717.894687122769,0.09618244752435148,0.018723399014856215,0.1139240506329113,True
The Hague,BU05183032,3752.499327341716,0.13860828626494717,0.08362944564979902,0.0,True
The Hague,BU05183033,4148.489893595377,0.06654061979453296,0.004337233620902504,0.0126582278481012,True
The Hague,BU05183034,5845.2336381276455,0.17694488770969255,0.1479219489946368,0.2278481012658227,True
The Hague,BU05183130,4959.054130766126,0.4004175620310412,0.32734278012987295,0.3670886075949367,True
The Hague,BU05183131,3446.230550130208,0.21927395732991206,0.18116394066328032,0.1265822784810126,True
The Hague,BU05183135,5223.150779869822,0.24051339450516318,0.2119886411717608,0.2911392405063291,True
The Hague,BU05183284,15608.291054487228,0.5450282245261178,0.45607121700449327,0.5316455696202531,True
The Hague,BU05183387,5256.903127739,0.19601402273266674,0.1595291993628044,0.1772151898734177,True
The Hague,BU05183396,5438.406995501162,0.23388877119916596,0.20084201480395322,0.2658227848101265,True
The Hague,BU05183398,6506.640002637067,0.2692908926675709,0.2433363705168047,0.2658227848101265,True
The Hague,BU05183480,3154.8956577512954,0.12612782033880587,0.07640778511051441,0.1772151898734177,True
The Hague,BU05183488,6083.335893233618,0.42569632238690697,0.33888756546034954,0.430379746835443,True
The Hague,BU05183489,3696.749576060308,0.2669569009527913,0.23266875761115086,0.2025316455696202,True
The Hague,BU05183620,2446.8684765762755,0.08726825173776415,0.011232660824225778,0.0379746835443038,True
The Hague,BU05183637,3449.251410590278,0.11321902632788068,0.044923471665844275,0.0886075949367088,True
The Hague,BU05183638,4922.92648300363,0.15695001094731503,0.1050855338821168,0.2151898734177215,True
The Hague,BU05183639,3519.4292538069813,0.1214361702631879,0.0694297986273054,0.050632911392405,True
The Hague,BU05183721,4888.126076698303,0.10485582302725578,0.028766464633565896,0.0126582278481012,True
The Hague,BU05183819,3187.3061084217497,0.16792169827425352,0.13847845604281492,0.1012658227848101,True
The Hague,BU05183822,4968.55216858122,0.23149298945230684,0.18996157051324813,0.240506329113924,True
The Hague,BU05183823,3558.261916925509,0.11080118621326841,0.03759713770274453,0.050632911392405,True
The Hague,BU05183824,5430.138937102423,0.26055009959128367,0.22312662330955063,0.3037974683544304,True
The Hague,BU05183825,8393.187783082325,0.27461861416103756,0.25891409534569937,0.240506329113924,True
The Hague,BU05183826,5995.063465118408,0.19902803655573342,0.17129309636136195,0.1518987341772152,True
The Hague,BU05184001,3884.17221337888,0.48666474002398485,0.39180105516895875,0.569620253164557,True
The Hague,BU05184002,11047.493049780527,0.8470697018828783,0.8416989272210605,0.8607594936708861,True
The Hague,BU05184003,2821.584616767035,0.7360548680229694,0.6865572499616022,0.810126582278481,True
The Hague,BU05184004,3553.4554233021204,0.3990652129727756,0.3184429771694852,0.3291139240506329,True
The Hague,BU05184005,2072.0932503325557,0.5421881002068646,0.43758642875522463,0.4050632911392405,True
The Hague,BU05184212,6921.467300366403,0.8098957950117246,0.7874481131171982,0.8481012658227848,True
The Hague,BU05184213,5536.758945251091,0.45767122267474897,0.3819515001719704,0.4683544303797468,True
The Hague,BU05184214,8245.792914258729,0.4364709280940392,0.35386862623575277,0.4050632911392405,True
The Hague,BU05184215,5756.549959811072,0.717832374916091,0.6775888362389124,0.7468354430379747,True
The Hague,BU05184418,7453.976470377711,0.6571511499418329,0.6118403359636151,0.6455696202531646,True
The Hague,BU05184419,4204.088545507596,0.7557002511338533,0.7185977386837236,0.7088607594936709,True
The Hague,BU05184420,7737.844659049064,0.859211103305833,0.8785425921521253,0.8987341772151899,True
The Hague,BU05184421,3210.194858976019,0.6831968971060509,0.6350311489782227,0.6455696202531646,True
Rotterdam,BU05990110,15540.790114804586,0.7513681455360793,0.8097056713293131,0.7619047619047619,True
Rotterdam,BU05990111,5555.259652508629,0.3618796830990815,0.37148567593646453,0.3968253968253968,True
Rotterdam,BU05990112,8148.472892337375,0.664631166337571,0.7259223121823711,0.6825396825396826,True
Rotterdam,BU05990118,1650.8997780336072,0.8613846552858831,0.8967981299830495,0.9523809523809524,True
Rotterdam,BU05990320,4051.777684966723,0.2294420455400594,0.19948944797207824,0.2222222222222222,True
Rotterdam,BU05990321,2773.1029794745973,0.1799452519171312,0.13380821081797373,0.1746031746031746,True
Rotterdam,BU05990322,4348.01745393541,0.06724501424619293,0.035044351996685506,0.0317460317460317,True
Rotterdam,BU05990323,4537.501396152708,0.25715175796591566,0.22051034349181334,0.2857142857142857,True
Rotterdam,BU05990324,10771.984894898203,0.2936021569327988,0.2613331667407699,0.3015873015873015,True
Rotterdam,BU05990325,5769.2379801405805,0.5047622625667274,0.5106912411728607,0.5873015873015873,True
Rotterdam,BU05990327,3582.403630105985,0.18739378891714478,0.14185569224568711,0.1587301587301587,True
Rotterdam,BU05990329,1236.187263738364,0.5944765973121423,0.59901924184192,0.8095238095238095,True
Rotterdam,BU05990451,4766.975801547368,0.4068228859905286,0.42246315125116307,0.4285714285714285,True
Rotterdam,BU05990455,4611.972030480754,0.8503834526755744,0.8888679447658406,0.8888888888888888,True
Rotterdam,BU05990456,4249.931572194315,0.7033970640257232,0.7684612604036275,0.7301587301587301,True
Rotterdam,BU05990515,4005.9972248077393,0.23112307305128216,0.209692378740391,0.1904761904761904,True
Rotterdam,BU05990516,2404.630663673083,0.6191174641205053,0.6464098950275731,0.5396825396825397,True
Rotterdam,BU05990531,3198.2953179677324,0.6262827771089682,0.7115547861854112,0.5714285714285714,True
Rotterdam,BU05990532,6243.336198753781,0.7902558192054332,0.8466863098572056,0.8253968253968254,True
Rotterdam,BU05990534,4411.226173877716,0.6253907728447782,0.6849250698122505,0.6507936507936508,True
Rotterdam,BU05990535,9446.46266439888,0.32998961949497013,0.28693420710242534,0.3015873015873015,True
Rotterdam,BU05990660,11800.77073212911,0.6215486266289187,0.6643970848660046,0.6031746031746031,True
Rotterdam,BU05990661,6489.65488628712,0.8696801608360474,0.9071058782864896,0.873015873015873,True
Rotterdam,BU05990662,6689.995169389373,0.8923702825184852,0.9237942393507255,0.9365079365079364,True
Rotterdam,BU05990664,3739.343823273873,0.8379294002339486,0.8782933260361948,0.8571428571428571,True
Rotterdam,BU05990665,7548.706286777911,0.9778946405894441,0.9904416630525513,1.0,True
Rotterdam,BU05990814,4187.80271630817,0.22219021623213647,0.17249796443899704,0.238095238095238,True
Rotterdam,BU05990836,2380.843845148894,0.38027374855412127,0.38153454370249534,0.4761904761904761,True
Rotterdam,BU05990837,3534.3730348348613,0.09612623617569205,0.0748321785021909,0.0476190476190476,True
Rotterdam,BU05990841,7555.971747848722,0.3572575561785091,0.35488394806951934,0.3809523809523809,True
Rotterdam,BU05990842,7489.496511510677,0.8372271754584625,0.8640751228936288,0.984126984126984,True
Rotterdam,BU05990845,2454.509755541661,0.43955382187354314,0.4316071541562295,0.3968253968253968,True
Rotterdam,BU05990847,2347.424291248886,0.49879716026490606,0.5004137459397404,0.5238095238095238,True
Rotterdam,BU05991017,1285.9198225725236,0.7775978657162309,0.8310120193561463,0.9523809523809524,True
Rotterdam,BU05991079,2313.71730320404,0.5495496291867076,0.545209048472221,0.7301587301587301,True
Rotterdam,BU05991080,11203.539028199182,0.13378424506042644,0.09349364499044095,0.1111111111111111,True
Rotterdam,BU05991081,7492.519194285076,0.015372145887293352,0.009487191622443204,0.0,True
Rotterdam,BU05991082,5967.976419054799,0.09368234372703244,0.0628000958615175,0.0634920634920634,True
Rotterdam,BU05991085,1583.2356524605098,0.7028182927061952,0.7610751765256888,0.7619047619047619,True
Rotterdam,BU05991086,3904.9340436922175,0.16892037501122426,0.1253523343286778,0.1269841269841269,True
Rotterdam,BU05991087,1496.257107455348,0.2197229999192882,0.16530068361219485,0.0793650793650793,True
Rotterdam,BU05991088,1523.506044171039,0.709357845879811,0.7757717133456045,0.7142857142857143,True
Rotterdam,BU05991283,4867.540766763424,0.740236231043369,0.7838641965533336,0.8412698412698413,True
Rotterdam,BU05991284,8465.189861527333,0.27037073529426536,0.23697463545694702,0.2698412698412698,True
Rotterdam,BU05991289,18330.47117457006,0.34371736304659034,0.32210596805236447,0.3333333333333333,True
Rotterdam,BU05991290,5391.369717830947,0.38251996361435797,0.40960043204947727,0.365079365079365,True
Rotterdam,BU05991391,3628.809257141741,0.5834213745070156,0.5928590768774694,0.4603174603174603,True
Rotterdam,BU05991444,7929.792103421047,0.9092059387779984,0.9708424499644481,0.9206349206349206,True
Rotterdam,BU05991448,6710.661994789882,0.6261839225637497,0.6990078477836458,0.6666666666666666,True
Rotterdam,BU05991449,9384.485773643426,0.46225675393156235,0.44659794914655787,0.4285714285714285,True
Rotterdam,BU05991463,15384.58498377979,0.48995144914108885,0.4779610880978422,0.492063492063492,True
Rotterdam,BU05991466,9588.758998814556,0.509245426159237,0.5301378727393687,0.5079365079365079,True
Rotterdam,BU05991467,7196.425094801519,0.3818895284215837,0.39366149103448056,0.3492063492063492,True
Rotterdam,BU05991468,11268.292359447109,0.8978262986434685,0.9465334156650093,0.9047619047619048,True
Rotterdam,BU05991571,5802.066480320258,0.07459805758139591,0.047896610198655196,0.0158730158730158,True
Rotterdam,BU05991572,4171.62832328346,0.06325129744656134,0.02425659023753436,0.0793650793650793,True
Rotterdam,BU05991573,5025.979552808321,0.14762287618602835,0.11404381626467183,0.1269841269841269,True
Rotterdam,BU05991574,6538.485530582567,0.22557970519831733,0.1860798251399255,0.238095238095238,True
Rotterdam,BU05991577,6718.522471877436,0.21152425536601568,0.1548989500984911,0.2063492063492063,True
Rotterdam,BU05991692,10353.575745766855,0.6122999356882198,0.6302551751227695,0.6190476190476191,True
Rotterdam,BU05991699,15844.565820926811,0.5632907866751103,0.5682014635820289,0.5555555555555556,True
Rotterdam,BU05991701,2424.7653899174184,0.7884153849400588,0.835710570103712,0.7936507936507936,True
Rotterdam,BU05991702,6539.423470416779,0.6033174712937184,0.6088648901617432,0.6349206349206349,True
Rotterdam,BU05992704,9015.150839974796,0.6755782559575859,0.7476552678227334,0.6984126984126984,True
Lisbon,110601,16428.27729724128,0.3636944679696559,0.32729214376317056,0.3478260869565217,True
Lisbon,110602,14017.78036657583,0.4101070504837863,0.3538788525812264,0.391304347826087,True
Lisbon,110607,12602.37236775145,0.03478352231184765,0.0341190528543255,0.0434782608695652,True
Lisbon,110608,38101.12076869497,0.6487341459826538,0.5885396050226059,0.6521739130434783,True
Lisbon,110610,16447.746576206424,0.4540245567913939,0.3804825627482405,0.4347826086956521,True
Lisbon,110611,20703.815093122124,0.6831081794871892,0.6398904145128148,0.6956521739130435,True
Lisbon,110618,46820.80271832083,1.0000479928077708,0.9591142123474659,1.0,True
Lisbon,110621,39221.42128455327,0.099651413149274,0.07937365122941428,0.0869565217391304,True
Lisbon,110633,36365.03478616501,0.47549763392040784,0.4266007845376483,0.4782608695652174,True
Lisbon,110639,33996.141270403095,0.8673961822352833,0.8203336927131161,0.8695652173913043,True
Lisbon,110654,32879.013563151224,0.824290001161886,0.7619356469511808,0.8260869565217391,True
Lisbon,110655,21003.80229410449,0.7456789702591774,0.6763111653112633,0.7391304347826086,True
Lisbon,110656,32649.81472213268,0.26191891795679006,0.24395299136951668,0.2608695652173913,True
Lisbon,110657,22085.49350704238,0.7759831707735881,0.7139384526694433,0.782608695652174,True
Lisbon,110658,17257.334112875516,0.9030361010741602,0.8650902664861483,0.9130434782608696,True
Lisbon,110659,22475.13031953335,0.6016828183187282,0.535642012606687,0.6086956521739131,True
Lisbon,110660,21535.38152748548,0.5605990360303167,0.4972102827475907,0.5652173913043478,True
Lisbon,110661,13260.037725790142,0.2158264343239789,0.2038626817343413,0.217391304347826,True
Lisbon,110662,21797.201749763077,0.9095335242081309,0.8991942409471265,0.9565217391304348,True
Lisbon,110663,29383.698122252048,0.17764346722806929,0.1666244750533701,0.1739130434782608,True
Lisbon,110664,23179.320652297796,0.2970304681541403,0.29270521348488765,0.3043478260869565,True
Lisbon,110665,13234.71534019977,0.023992924726997204,0.011557079965000426,0.0,True
Lisbon,110666,11479.407799496352,0.5002745010862805,0.46838045524683447,0.5217391304347826,True
Lisbon,110667,15655.553418813366,0.14792097937652168,0.12729440876605055,0.1304347826086956,True
Stockholm,0180R001,3557.329205955778,0.4126670161303753,0.3321743558236222,0.3571428571428571,True
Stockholm,0180R002,9201.557851936324,0.1021133195055498,0.08998482380116991,0.0873015873015873,True
Stockholm,0180R003,2475.7115574752797,0.6632701716117115,0.6762294528653342,0.6031746031746031,True
Stockholm,0180R004,6185.088358644434,0.40570014911983376,0.32746666749931214,0.3492063492063492,True
Stockholm,0180R005,11302.656011286896,0.20517143003647975,0.18435366015827628,0.1666666666666666,True
Stockholm,0180R006,6925.441620210451,0.1824332234499314,0.1532639963934064,0.1428571428571428,True
Stockholm,0180R007,3450.3297317116994,0.3942928701522482,0.3160045516777496,0.3333333333333333,True
Stockholm,0180R008,6163.363129560968,0.3927099909834469,0.31135906514051004,0.365079365079365,True
Stockholm,0180R009,4494.68615507954,0.348610690710629,0.2909828046812903,0.2142857142857142,True
Stockholm,0180R010,10877.52680770186,0.09819028086078802,0.0736338601004551,0.0952380952380952,True
Stockholm,0180R011,2858.865950512643,0.8479663768811365,0.8457241599787846,0.9285714285714286,True
Stockholm,0180R012,10510.812525918667,0.25693135580095994,0.2082373314341638,0.2936507936507936,True
Stockholm,0180R013,2303.782460140939,0.5606010562261586,0.5405382553326378,0.6746031746031746,True
Stockholm,0180R014,2916.65411361306,0.7619085017731769,0.7945520514649719,0.8174603174603174,True
Stockholm,0180R015,1088.8500463666812,0.7454022391339706,0.7768356228234928,0.7619047619047619,True
Stockholm,0180R016,9383.581515108444,0.9024663578802711,0.9553103228578681,0.9444444444444444,True
Stockholm,0180R017,5472.272726900724,0.5557716842248562,0.5235202040574102,0.5555555555555556,True
Stockholm,0180R018,4175.208723094618,0.6857304929110997,0.739552431395602,0.7777777777777778,True
Stockholm,0180R019,4181.898843514752,0.6382623736893425,0.6570952222797286,0.8333333333333334,True
Stockholm,0180R020,1930.498588105968,0.17592199311340995,0.1489846677726577,0.0793650793650793,True
Stockholm,0180R021,11605.899233128686,0.18932351191449306,0.16797016815885474,0.1746031746031746,True
Stockholm,0180R022,4452.32612730289,0.6471861902522644,0.6675962109199235,0.8095238095238095,True
Stockholm,0180R023,3102.152316682193,0.616697844569598,0.6302800071813227,0.5714285714285714,True
Stockholm,0180R024,6412.072308032185,0.34582804210592655,0.2726377193593732,0.2777777777777778,True
Stockholm,0180R025,11967.750575807782,0.4898961082069013,0.45962161832937126,0.4523809523809524,True
Stockholm,0180R026,2599.5200057317293,0.08632682651387036,0.0671215405956624,0.0396825396825396,True
Stockholm,0180R027,3413.217634543244,0.5802816985213423,0.5918506928848125,0.5079365079365079,True
Stockholm,0180R028,6313.727631535647,0.3124901529747094,0.24694438138973024,0.2698412698412698,True
Stockholm,0180R029,18477.420290762064,0.8614255611771687,0.8616199989762842,0.8650793650793651,True
Stockholm,0180R030,26634.6762800929,0.6656556703634811,0.6902960469145374,0.6587301587301587,True
Stockholm,0180R031,6117.639605416706,0.13646271280260558,0.10174187221973675,0.119047619047619,True
Stockholm,0180R032,12832.13975991894,0.48309277704132486,0.4476379239944158,0.5,True
Stockholm,0180R033,14374.175559681287,0.9219555815591096,0.9703107926558132,0.9206349206349206,True
Stockholm,0180R034,5380.92357239131,0.8955139500432227,0.9256762618311443,0.8253968253968254,True
Stockholm,0180R035,5469.096752167661,0.6559158349120836,0.6723903974080843,0.7222222222222222,True
Stockholm,0180R036,7175.352362109499,-0.00456539228949095,0.0034672423260375266,0.0158730158730158,True
Stockholm,0180R037,11009.049216800007,0.5646304797825569,0.546971223518765,0.5793650793650794,True
Stockholm,0180R038,7959.249023975159,0.3153214050771835,0.25938874077635005,0.2857142857142857,True
Stockholm,0180R039,8715.854501503653,0.033780081779305804,0.03230069757785271,0.0476190476190476,True
Stockholm,0180R040,5335.372748437889,0.1417627078453744,0.10727614666228703,0.1031746031746031,True
Stockholm,0180R041,29193.030114848283,0.4221001634315397,0.37730089470890216,0.4206349206349206,True
Stockholm,0180R042,11126.188515732863,0.15390548324222814,0.1224895436288729,0.1507936507936507,True
Stockholm,0180R043,2167.8853463384567,0.9261474829186578,0.9783041748395394,1.0,True
Stockholm,0180R044,7511.050136439921,0.14182541362771206,0.11348373883571593,0.1269841269841269,True
Stockholm,0180R045,13528.918358262705,0.3472288491837404,0.28227351748775525,0.3174603174603174,True
Stockholm,0180R046,20887.082560906736,0.16836383777408367,0.13795885619643097,0.1825396825396825,True
Stockholm,0180R047,5369.394196700665,0.7918623804032883,0.818174683089668,0.7698412698412699,True
Stockholm,0180R048,8100.032815270279,0.6810398077029417,0.7315108712228081,0.7142857142857143,True
Stockholm,0180R049,23281.14069389628,0.9001638495276272,0.9395262189287862,0.9047619047619048,True
Stockholm,0180R050,7089.540659506101,0.5018182656223217,0.48459031851892553,0.4761904761904761,True
Stockholm,0180R051,6523.518103724537,0.3219254271142763,0.2663870400443378,0.2222222222222222,True
Stockholm,0180R052,2594.5939261806484,0.3725727539906636,0.29440845553694434,0.3015873015873015,True
Stockholm,0180R053,12209.881251531406,0.6218922042205418,0.6376790209448516,0.626984126984127,True
Stockholm,0180R054,5017.165030139404,0.7072356986304217,0.7528111370694852,0.7063492063492064,True
Stockholm,0180R055,1686.8568515771506,0.4266179851056397,0.39222253837320964,0.5476190476190477,True
Stockholm,0180R056,8506.703262397525,0.7864845223214622,0.8030736505973682,0.7380952380952381,True
Stockholm,0180R057,3757.4582126971945,0.8765602433734508,0.9001562253495482,0.8888888888888888,True
Stockholm,0180R058,19435.459015788776,0.6678153314343019,0.712557855812964,0.6746031746031746,True
Stockholm,0180R059,3878.7433656998433,0.6920228494255597,0.7434442268315459,0.6904761904761905,True
Stockholm,0180R060,6828.870701021077,0.5016773831008955,0.4778647247717449,0.4682539682539682,True
Stockholm,0180R061,12582.02228896761,0.5412207591329898,0.5029490896871233,0.5317460317460317,True
Stockholm,0180R062,10755.388159729388,0.4306244994545122,0.3982348254856781,0.4285714285714285,True
Stockholm,0180R063,8687.51461083442,0.7884144788904375,0.8113821652130399,0.8968253968253969,True
Stockholm,0180R064,3642.629086856711,0.9100516191592068,0.9616047912641185,0.9523809523809524,True
Stockholm,0180R065,2831.8199304774103,0.6935186778709389,0.7466868758218486,0.7857142857142857,True
Stockholm,0180R066,4431.580014832165,0.8846013706616563,0.9176206879181356,0.9126984126984128,True
Stockholm,0180R067,12258.49973102735,0.5496609454951433,0.5149524178865029,0.5396825396825397,True
Stockholm,0180R068,10239.826521517823,0.8103671559577232,0.8393946672008967,0.8412698412698413,True
Stockholm,0180R069,8295.838607738555,0.2913762537911691,0.23791361509616296,0.246031746031746,True
Stockholm,0180R070,9160.67733654684,0.5296630354123443,0.4924426776505525,0.5238095238095238,True
Stockholm,0180R071,4759.347146722583,0.7471705507361559,0.7796615630443481,0.8571428571428571,True
Stockholm,0180R072,8082.171663072949,0.5781621965903759,0.5862959412411936,0.5952380952380952,True
Stockholm,0180R073,16316.411565139735,0.9286026025488973,0.9921156551019791,0.9365079365079364,True
Stockholm,0180R074,2183.261124129692,0.6826586777448402,0.7364799194588296,0.6507936507936508,True
Stockholm,0180R075,7042.540701053733,0.4012402431426082,0.3210748705485313,0.3888888888888889,True
Stockholm,0180R076,10027.106679844384,0.0009562244078382441,0.011779739203146187,0.0,True
Stockholm,0180R077,5956.465596778775,0.23911250869608391,0.20028008545929676,0.1984126984126984,True
Stockholm,0180R078,8761.686612889778,0.04787837695544686,0.053458607162800785,0.0317460317460317,True
Stockholm,0180R079,13154.05409160074,0.034123582503909435,0.04286857897431286,0.0555555555555555,True
Stockholm,0180R080,13160.4065541549,0.3914746882299964,0.3020215178306685,0.373015873015873,True
Stockholm,0180R081,2883.3343838049213,0.8756416190683981,0.8969472906510075,0.9603174603174603,True
Stockholm,0180R082,8701.673359576309,0.2829207897428355,0.2243842624883128,0.2619047619047619,True
Stockholm,0180R083,22696.653283106614,0.576387899408655,0.5714231323234557,0.6111111111111112,True
Stockholm,0180R084,11569.705439224992,0.7529329179668951,0.7875520162810508,0.753968253968254,True
Stockholm,0180R085,5843.598072293462,0.6759328591466862,0.7247730910062848,0.7222222222222222,True
Stockholm,0180R086,3105.916206417492,0.761916892837813,0.7974622515041249,0.9682539682539684,True
Stockholm,0180R087,2412.4935560305503,0.6999579167278287,0.7492210100042267,0.6349206349206349,True
Stockholm,0180R088,13721.14173093134,0.5597268244205704,0.5327947616862164,0.5634920634920635,True
Stockholm,0180R089,4452.822083851019,0.49291036268104904,0.467556295495052,0.4761904761904761,True
Stockholm,0180R090,5025.643775369592,0.500378281915187,0.47213643823292434,0.4761904761904761,True
Stockholm,0180R091,2039.6647387652904,0.2987247419152831,0.24290789173310362,0.238095238095238,True
Stockholm,0180R092,6879.368288518366,0.10173318661265132,0.08221426913816857,0.1111111111111111,True
Stockholm,0180R093,5779.834143872164,0.8547275119578407,0.8498985147836251,0.8492063492063492,True
Stockholm,0180R094,21805.963135494265,0.7328747557627019,0.7657724915227839,0.746031746031746,True
Stockholm,0180R095,7646.710724263015,0.4639101807518208,0.43417878851096303,0.4603174603174603,True
Stockholm,0180R096,1744.291557000608,0.8727539693517612,0.8921221426166973,0.7936507936507936,True
Stockholm,0180R097,13154.54572677004,0.603187898736762,0.622424516789587,0.6190476190476191,True
Stockholm,0180R098,6548.625550562022,0.6413874919505425,0.6622803792562959,0.6428571428571429,True
Stockholm,0180R099,2678.935457579525,0.8734945841897239,0.8942595149921101,0.992063492063492,True
Stockholm,0180R100,8429.730213435367,0.43340559577087406,0.40750537431680495,0.4126984126984127,True
Stockholm,0180R101,5500.535537378749,0.2900509917323549,0.23124699163744583,0.1904761904761904,True
Stockholm,0180R102,11862.268495877062,0.007091689578893366,0.02235702715635602,0.0079365079365079,True
Stockholm,0180R103,5106.18338106394,0.5735251952733654,0.5547583555977849,0.5158730158730159,True
Stockholm,0180R104,3342.205533574126,0.5737204637413991,0.5588407490682913,0.6984126984126984,True
Stockholm,0180R105,5740.1229850985865,0.31318725620732096,0.2527689902647487,0.3253968253968254,True
Stockholm,0180R106,1487.111598711936,0.13567442245733308,0.09806713766688369,0.0238095238095238,True
Stockholm,0180R107,7850.0651721299,0.23073373920432624,0.1936085541613375,0.2539682539682539,True
Stockholm,0180R108,8456.908935595911,0.07342573585915656,0.06177890145188561,0.0634920634920634,True
Stockholm,0180R109,5951.316791439238,0.18520974290977965,0.1594862471671518,0.1349206349206349,True
Stockholm,0180R110,14910.057911895368,0.44040804501388225,0.4187835244598181,0.4444444444444444,True
Stockholm,0180R111,7101.548002544714,0.2753026590157423,0.216747899111396,0.2063492063492063,True
Stockholm,0180R112,1597.3690113074013,0.47628214482365827,0.44066535999606504,0.3095238095238095,True
Stockholm,0180R113,15618.855374642171,0.41924724800610325,0.3414405877066527,0.4047619047619047,True
Stockholm,0180R114,21450.77257495024,0.8677876422656605,0.8809139253675851,0.873015873015873,True
Stockholm,0180R115,2089.8411677710865,0.46861481810004235,0.438883642450679,0.3412698412698413,True
Stockholm,0180R116,5049.070358289139,0.9270221214308275,0.9817915205504427,0.984126984126984,True
Stockholm,0180R117,11286.58324689572,0.4220504354577268,0.35774051332183254,0.3809523809523809,True
Stockholm,0180R118,3413.380426014184,0.4202471034342904,0.35063726129102313,0.3968253968253968,True
Stockholm,0180R119,3429.130603919223,0.8894289312409067,0.9214191060577089,0.9761904761904762,True
Stockholm,0180R120,11894.728520608678,0.6382037457312295,0.6493267448525888,0.6666666666666666,True
Stockholm,0180R121,2327.1447745722776,0.4435522922998268,0.4271128100085821,0.4365079365079365,True
Stockholm,0180R122,5498.291157719356,0.2007909044854492,0.1762351800889891,0.1507936507936507,True
Stockholm,0180R123,3018.7164309439536,0.1297100211245428,0.0958898511909236,0.0714285714285714,True
Stockholm,0180R124,23351.91687983153,0.5974898678700402,0.6047840239000779,0.5873015873015873,True
Stockholm,0180R125,13976.56749639706,0.8793807547055139,0.9087255835422282,0.8809523809523809,True
Stockholm,0180R126,14152.444960188044,0.8096538826157025,0.8276079406623961,0.8015873015873016,True
Stockholm,0180R127,2324.485871276229,0.45375652475550493,0.42936055058583195,0.2301587301587301,True
Malmö,1280R001,1513.8232441416217,0.3431777777612123,0.24111191139278287,0.2777777777777778,True
Malmö,1280R002,1308.2050656660251,0.2529553927331102,0.12356435395964573,0.2,True
Malmö,1280R003,6431.457676993476,0.2799671684454479,0.13451029380818505,0.3,True
Malmö,1280R004,4165.14803352357,0.7244860517570391,0.7209711034826305,0.6888888888888889,True
Malmö,1280R005,4431.3026597764765,0.08822069072123515,0.034790846702517704,0.0777777777777777,True
Malmö,1280R006,1175.5143336984847,0.3859396642610787,0.30906576556961235,0.2555555555555555,True
Malmö,1280R007,736.5094379319085,0.41294053728721,0.3181475343114881,0.1222222222222222,True
Malmö,1280R008,3685.160515828576,0.9265335874994565,0.9805870332980284,1.0,True
Malmö,1280R009,4005.526288457525,0.9147460377262766,0.9567530441766519,0.9444444444444444,True
Malmö,1280R010,5305.147706593905,0.9044444131989916,0.8822036825952192,0.9222222222222224,True
Malmö,1280R011,2728.917811062497,0.3619878468636035,0.2598462505350811,0.3888888888888889,True
Malmö,1280R012,3660.766649458143,0.639008367549304,0.6299167137187658,0.4666666666666667,True
Malmö,1280R013,6070.372918102476,0.7209803692053102,0.7023242589057057,0.7222222222222222,True
Malmö,1280R014,5020.68672449059,0.9843966840905259,0.9928994147791833,0.9888888888888888,True
Malmö,1280R015,4079.744514161772,0.8310454137683372,0.788138172728031,0.8666666666666667,True
Malmö,1280R016,2765.648331180318,0.20508356383763207,0.10991363252804819,0.2444444444444444,True
Malmö,1280R017,3445.7335365613308,0.4659921833474349,0.36716889113057827,0.7,True
Malmö,1280R018,2934.9668403683463,0.8546654906286908,0.843574628478105,0.7888888888888889,True
Malmö,1280R019,15008.915024750557,0.4687082104500729,0.3932686683165593,0.4777777777777778,True
Malmö,1280R020,1711.5999019410874,0.7649757840324487,0.7498326876246869,0.6333333333333333,True
Malmö,1280R021,5486.865992241436,0.8343837749024773,0.8303559927765959,0.8444444444444444,True
Malmö,1280R022,3730.735046095318,0.7532896235264591,0.7421357797673893,0.7555555555555555,True
Malmö,1280R023,2984.0411093102566,0.49561312982145167,0.4444099971013116,0.5444444444444444,True
Malmö,1280R024,1829.1140661438308,0.12515193600709026,0.07032971187272341,0.0666666666666666,True
Malmö,1280R025,21700.87015803724,0.9068480732204219,0.9203973684086211,0.9111111111111112,True
Malmö,1280R026,6388.86050857438,0.13775502040214702,0.0819521117579129,0.1777777777777777,True
Malmö,1280R027,1816.506667190128,0.09420068159190298,0.04362690937759749,0.1,True
Malmö,1280R028,3621.1114089265466,0.023324578743138195,0.005121213802831613,0.0,True
Malmö,1280R029,5654.071419138875,0.3814392481949217,0.29940691642765205,0.4333333333333333,True
Malmö,1280R030,2789.1540921020014,0.23883810704064332,0.11776959928234057,0.1111111111111111,True
Malmö,1280R031,1118.946103869213,0.19968506200247066,0.10441978370855663,0.0333333333333333,True
Malmö,1280R032,507.0343670455946,0.43388378699300456,0.3407646171564661,0.1888888888888888,True
Malmö,1280R033,3293.947558252141,0.5153179827661789,0.4532887413838223,0.5111111111111111,True
Malmö,1280R034,3001.7143860422075,0.5896533106331687,0.5809831155599291,0.7111111111111111,True
Malmö,1280R035,1474.6514247258503,0.7213794021321563,0.7129949283338655,0.6777777777777778,True
Malmö,1280R036,6851.522467883253,0.5287779232183849,0.46763713204807456,0.5555555555555556,True
Malmö,1280R037,4299.9314095618,0.30242771943161545,0.14968732972542995,0.3222222222222222,True
Malmö,1280R038,939.0412708500194,0.4650388496649618,0.3609676543471234,0.3666666666666666,True
Malmö,1280R039,2254.759785761539,0.39006317679766533,0.31391708473222335,0.3888888888888889,True
Malmö,1280R040,2969.7417206797336,0.5748278388321697,0.5725378897761101,0.7777777777777778,True
Malmö,1280R041,3116.36437431816,0.5959705771231633,0.5896357047393536,0.5888888888888889,True
Malmö,1280R042,2546.1285179323622,0.060142494525421475,0.013843329935725424,0.0555555555555555,True
Malmö,1280R043,5736.111844756537,0.5536740406970092,0.550657520287674,0.6,True
Malmö,1280R044,3534.6254561830106,0.7287946235316733,0.7318606293273633,0.7444444444444445,True
Malmö,1280R045,1089.6165664129787,0.1394012496447523,0.09252866566513952,0.1444444444444444,True
Malmö,1280R046,2176.836920069686,0.42859286537288926,0.3222677802515185,0.2111111111111111,True
Malmö,1280R047,1723.7335018394515,0.791539944599257,0.7554050055852578,0.8222222222222222,True
Malmö,1280R048,4744.344331118795,0.6327455591564084,0.6180296532262464,0.6222222222222222,True
Malmö,1280R049,3071.1633461846245,0.3155284874269983,0.17673875706058356,0.3333333333333333,True
Malmö,1280R050,1482.857120937771,0.3633903688161557,0.2658028195218867,0.1666666666666666,True
Malmö,1280R051,5197.442492591011,0.4298572335096619,0.33269697097483014,0.3444444444444444,True
Malmö,1280R052,4501.9742319318975,0.3457076602423564,0.24961984765609713,0.3777777777777777,True
Malmö,1280R053,1231.0531677471267,0.15532882709933982,0.09581070936175075,0.1555555555555555,True
Malmö,1280R054,6108.052045537159,0.6105389447773005,0.60268148084444,0.6111111111111112,True
Malmö,1280R055,5696.587658685632,0.5451839938537866,0.5344886450754057,0.5333333333333333,True
Malmö,1280R056,3433.799162122938,0.11989773676321219,0.05105223703138987,0.0444444444444444,True
Malmö,1280R057,8937.463083693963,0.8318418279583849,0.8065479634514336,0.8333333333333334,True
Malmö,1280R058,4009.9901681691927,0.8135167076231666,0.7635140145287788,0.8,True
Malmö,1280R059,8301.959568977356,0.5445122012880019,0.5146909793352208,0.5666666666666667,True
Malmö,1280R060,6984.1203578843015,0.6808080140797312,0.6688080617753807,0.6666666666666666,True
Malmö,1280R061,4542.13722674052,0.6691444628146318,0.6525068705742871,0.7333333333333333,True
Malmö,1280R062,281.8478849449505,0.5335845460485984,0.5025511945427648,0.2888888888888888,True
Malmö,1280R063,1506.6564491000024,0.3371062848352226,0.2368401504472153,0.2333333333333333,True
Malmö,1280R064,3845.270085411043,0.8238707527781048,0.7769300960985948,0.8555555555555555,True
Malmö,1280R065,3382.666636784871,0.5540794025740453,0.5635538962758619,0.6444444444444445,True
Malmö,1280R066,7504.072057723999,0.32206346434134087,0.1916949501744389,0.3111111111111111,True
Malmö,1280R067,3175.247629053063,0.3075998363349218,0.16790467202644507,0.1333333333333333,True
Malmö,1280R068,3411.9111138075696,0.5335291065846849,0.49732723774261955,0.5777777777777777,True
Malmö,1280R069,5566.570265462028,0.4698486416874171,0.42236787222628724,0.4777777777777778,True
Malmö,1280R070,5014.693698149589,0.3683806251713398,0.2749920830328855,0.3555555555555555,True
Malmö,1280R071,7472.520366748175,0.3362846738050076,0.22414120831192788,0.2666666666666666,True
Malmö,1280R072,4183.908528857761,0.12226153168695807,0.06182570002863902,0.0888888888888888,True
Malmö,1280R073,5590.56763431655,0.8958503244563207,0.8556319997925149,0.9,True
Malmö,1280R074,3036.167082235217,0.6637650843981271,0.63938795765201,0.7666666666666667,True
Malmö,1280R075,848.9128711614758,0.664176566116161,0.6448824931234656,0.9333333333333332,True
Malmö,1280R076,5322.081322630453,0.7010999101753965,0.6862123011896452,0.6555555555555556,True
Malmö,1280R077,5364.933476255999,0.529099170892964,0.48491444714215964,0.5,True
Malmö,1280R078,4580.933380123642,0.9157742946490512,0.9688965799054324,0.9777777777777776,True
Malmö,1280R079,1204.9344089397025,0.8326066578523321,0.8208920087368223,0.8777777777777778,True
Malmö,1280R080,462.4046353091383,0.8352114681555056,0.838769842397319,0.8111111111111111,True
Malmö,1280R081,3946.304285646688,0.9007501398030966,0.8691196710063734,0.9666666666666668,True
Malmö,1280R082,815.4960056014565,0.8141672290515617,0.7703385342984737,0.9555555555555556,True
Malmö,1280R083,3982.765145685938,0.33612101826117874,0.20794039048096108,0.4555555555555555,True
Malmö,1280R084,3517.4747876061338,0.47586827895484585,0.4352151259165866,0.5222222222222223,True
Malmö,1280R085,3268.217575533523,0.43800242418760393,0.35501747230548,0.4111111111111111,True
Malmö,1280R086,252.37252299353065,0.7753106980520549,0.7526102665376588,0.8888888888888888,True
Malmö,1280R087,1868.655495352215,0.16450208044916237,0.10019452112492622,0.0111111111111111,True
Malmö,1280R088,3917.076755820877,0.07711543098844961,0.022984019718670066,0.0222222222222222,True
Malmö,1280R089,3151.33338257836,0.43702572187976446,0.3459385213255074,0.4444444444444444,True
Malmö,1280R090,2702.9759976069136,0.30711636601603703,0.15959130174494193,0.2222222222222222,True
Malmö,1280R091,3297.246109538608,0.3782910541662314,0.28674737472772377,0.4222222222222222,True
Göteborg,1480R001,9903.43494992768,0.21058470644349003,0.12902310707218673,0.2447552447552447,True
Göteborg,1480R002,9818.557157920275,0.7435668316966296,0.7264684656834067,0.7622377622377622,True
Göteborg,1480R003,7462.207380196651,0.6109150231508043,0.537572470364005,0.6013986013986014,True
Göteborg,1480R004,6227.792501638292,0.8496840343972942,0.8804479714354058,0.902097902097902,True
Göteborg,1480R005,1592.8794077304856,0.31042290066217665,0.19382142127167826,0.2867132867132867,True
Göteborg,1480R006,716.3997507399442,0.27362566931963794,0.17885954869541731,0.1188811188811188,True
Göteborg,1480R007,5898.19872337116,0.556686349059198,0.46926039997416913,0.6153846153846154,True
Göteborg,1480R008,3026.652942394723,0.6602397278418883,0.5962471932651863,0.6503496503496503,True
Göteborg,1480R009,4636.291303006363,0.25064656782281786,0.16364170464274422,0.2727272727272727,True
Göteborg,1480R010,4559.571827106102,0.07703783821218375,0.02858651153818841,0.0279720279720279,True
Göteborg,1480R011,3984.762171446745,0.06565251787238824,0.011995411312722817,0.0419580419580419,True
Göteborg,1480R012,1956.1031328277013,0.10508506268131539,0.05817874985249274,0.1118881118881118,True
Göteborg,1480R013,2366.00174886011,0.16210062750404255,0.11055622867667876,0.0839160839160839,True
Göteborg,1480R014,5297.803284934056,0.709570462017484,0.6447657541056273,0.6993006993006993,True
Göteborg,1480R015,3392.8400956972087,0.9407659724715065,0.9434147094700795,0.965034965034965,True
Göteborg,1480R016,3899.567095991623,0.9549656152103613,0.9657049835145453,0.951048951048951,True
Göteborg,1480R017,3051.610333619544,0.8573447330397853,0.8884503524823117,0.8111888111888111,True
Göteborg,1480R018,2176.980298261747,0.8111699063647809,0.860463557724619,0.8531468531468531,True
Göteborg,1480R019,1448.4284376961236,0.39421413803823524,0.2507910051228662,0.1958041958041958,True
Göteborg,1480R020,7434.43364633407,0.5289731067337917,0.4243567326503732,0.4195804195804196,True
Göteborg,1480R021,3001.752255739668,0.9116628129351475,0.9314415147708999,0.916083916083916,True
Göteborg,1480R022,5782.783477780542,0.8642636188154869,0.9052282927901779,0.8811188811188811,True
Göteborg,1480R023,5838.489116737049,0.5011986049806054,0.3710530166813965,0.6923076923076923,True
Göteborg,1480R024,3037.265971177125,0.35884212856937064,0.2160491482765338,0.2587412587412587,True
Göteborg,1480R025,8662.561363490888,0.8110744671897838,0.8511157425374634,0.8951048951048951,True
Göteborg,1480R026,1785.8653825296428,0.054157782300664994,0.007018931534171274,0.0629370629370629,True
Göteborg,1480R027,5381.78757329595,0.9506598340161195,0.9577009192429833,0.9090909090909092,True
Göteborg,1480R028,2775.927975706832,0.8961741811368371,0.9264589528970327,0.944055944055944,True
Göteborg,1480R029,3260.6757435798645,0.41585329622166006,0.2823206998942806,0.3916083916083916,True
Göteborg,1480R030,2111.9069335478907,0.17845862667711773,0.11441789221322919,0.2237762237762237,True
Göteborg,1480R031,1085.145964014895,0.22046855329492424,0.14646529051449242,0.1258741258741259,True
Göteborg,1480R032,2490.01166256578,0.39076236537759845,0.24739456906202836,0.4405594405594406,True
Göteborg,1480R033,8048.965905854744,0.33579787537173195,0.20648859212551932,0.3216783216783216,True
Göteborg,1480R034,2885.466849761502,0.23464277843689263,0.15554363113856504,0.1678321678321678,True
Göteborg,1480R035,4325.601093426366,0.876101874434299,0.9139455719668198,0.93006993006993,True
Göteborg,1480R036,4093.798487393756,0.475494948291184,0.3453588739909842,0.4895104895104895,True
Göteborg,1480R037,1960.54235953792,0.6019471614950734,0.514513375788266,0.8041958041958042,True
Göteborg,1480R038,3785.595163267543,0.28986639472961484,0.18274198374137038,0.3496503496503496,True
Göteborg,1480R039,1722.5429524986112,0.45029205609828876,0.3183674171201529,0.3846153846153846,True
Göteborg,1480R040,5442.617148527534,0.11346494540111215,0.06455926592685837,0.1328671328671328,True
Göteborg,1480R041,4427.224620454926,0.11469053051311603,0.07307083031416652,0.1398601398601398,True
Göteborg,1480R042,7045.025938326,0.6586498491977966,0.5875615683799977,0.6363636363636364,True
Göteborg,1480R043,5606.055291189233,0.9803140137868642,0.9883348837241023,0.9370629370629372,True
Göteborg,1480R044,2710.008947716988,0.06644889833753853,0.017768854978064165,0.0069930069930069,True
Göteborg,1480R045,4007.61747944758,0.14312022090328,0.10505974031225394,0.1888111888111888,True
Göteborg,1480R046,4432.600621455672,0.7727139949594906,0.7916677649990793,0.8391608391608392,True
Göteborg,1480R047,5199.39964996187,0.44406701890917283,0.30574539016699476,0.3356643356643357,True
Göteborg,1480R048,3744.643741127802,0.9117328752200129,0.9372594787518499,0.9790209790209792,True
Göteborg,1480R049,2564.1272583627806,0.0087485485774353,0.002211254726027568,0.0559440559440559,True
Göteborg,1480R050,1841.3148631548925,0.06894436284842881,0.0216938303292869,0.1748251748251748,True
Göteborg,1480R051,3895.6893550993263,0.9478071916353349,0.9497001990616358,0.993006993006993,True
Göteborg,1480R052,7610.282039185871,0.38294376691283855,0.2386842672977838,0.2937062937062937,True
Göteborg,1480R053,1105.1499890639468,0.3261759793458233,0.1985942561602413,0.3566433566433566,True
Göteborg,1480R054,1418.227784655532,0.32584388505723744,0.19641814301706878,0.2797202797202797,True
Göteborg,1480R055,4250.946531125477,0.3603964905922925,0.22233436453771893,0.2657342657342657,True
Göteborg,1480R056,1972.965554455409,0.46982744972051166,0.3362123610888789,0.4125874125874126,True
Göteborg,1480R057,6218.797102435663,0.8317123940503321,0.8697142685760135,0.8741258741258742,True
Göteborg,1480R058,5609.615198291078,0.572259278502797,0.4882081954768273,0.5664335664335665,True
Göteborg,1480R059,2413.923870466193,0.46578127642459655,0.33242919083405614,0.5454545454545454,True
Göteborg,1480R060,3366.1277601366137,0.4818024412946018,0.35179217292997733,0.4545454545454545,True
Göteborg,1480R062,1473.4995888038252,0.5276845109574815,0.41667469994271655,0.5174825174825175,True
Göteborg,1480R063,883.9885413324346,0.523795275159278,0.4093102925249946,0.4755244755244755,True
Göteborg,1480R064,2004.5718736520644,0.2659898829473272,0.17651303436224594,0.2377622377622377,True
Göteborg,1480R065,3525.028566403048,0.40021565090139527,0.25508002013533926,0.3776223776223776,True
Göteborg,1480R066,1213.0749213578065,0.1333978440377896,0.08867474370933352,0.3426573426573426,True
Göteborg,1480R067,5338.76322451422,0.13832459882123618,0.0969995988214277,0.2097902097902098,True
Göteborg,1480R068,4932.792509468387,0.09749857157752181,0.05223789687943694,0.0909090909090909,True
Göteborg,1480R069,6226.844951758845,0.1196639959063952,0.08225869788826921,0.0769230769230769,True
Göteborg,1480R070,1273.9232946999218,0.2510909250618456,0.16873856164092604,0.0209790209790209,True
Göteborg,1480R071,4516.005821666244,0.6445952655320737,0.5775915538131854,0.6713286713286714,True
Göteborg,1480R072,8154.973455020359,0.6122169250201793,0.551040430979638,0.6573426573426573,True
Göteborg,1480R073,5431.833202873566,0.4927870392129676,0.35937936763547107,0.5034965034965035,True
Göteborg,1480R074,5325.155921152812,0.46318390564769457,0.3257551551720162,0.4475524475524475,True
Göteborg,1480R075,10633.65609918645,0.733108226322163,0.7054471414946041,0.7482517482517482,True
Göteborg,1480R076,3857.155141968812,0.4463993932850118,0.3135555912870325,0.4615384615384615,True
Göteborg,1480R077,3548.897696256029,0.361056876973735,0.22906080229693096,0.3076923076923077,True
Göteborg,1480R078,5260.653273554937,0.5737144431537639,0.49758250888235833,0.5874125874125874,True
Göteborg,1480R079,3022.50695225414,0.4009191061955903,0.2607264906107198,0.3216783216783216,True
Göteborg,1480R080,1302.0661336548476,0.5025391026668367,0.37721089612844544,0.4615384615384615,True
Göteborg,1480R081,1802.2601869017155,0.6169839195140936,0.559627360461024,0.7692307692307693,True
Göteborg,1480R082,2788.2613037119104,0.5522516289844531,0.44682993001748733,0.5804195804195804,True
Göteborg,1480R083,8661.734714592276,0.5566682657001928,0.4567041894661538,0.4825174825174825,True
Göteborg,1480R084,2022.1411127659248,0.7787076605317282,0.8067057207893632,0.8111888111888111,True
Göteborg,1480R085,1769.7870338617693,0.7770691559902655,0.7970165865018909,0.8671328671328671,True
Göteborg,1480R086,6963.664239011724,0.7539378823461859,0.7696430960236407,0.7972027972027972,True
Göteborg,1480R087,2303.2081059241787,0.6198897421436972,0.5680717487119105,0.5734265734265734,True
Göteborg,1480R088,1111.6496343807298,0.5692720519778759,0.48241190413533663,0.1958041958041958,True
Göteborg,1480R089,10717.049762352795,0.7510436765534655,0.7441779836904391,0.7412587412587412,True
Göteborg,1480R090,8658.060197669329,0.6030049589426963,0.5236706572811608,0.6643356643356644,True
Göteborg,1480R091,5310.487014249879,0.8626853774937084,0.8956616666710565,0.9230769230769232,True
Göteborg,1480R092,2266.515015971904,0.5773196928605128,0.510868041662083,0.5454545454545454,True
Göteborg,1480R093,2843.238678299651,0.6177647777292457,0.5636335505933309,0.5594405594405595,True
Göteborg,1480R094,5924.063376189875,0.7525973530811512,0.7585289641084147,0.7762237762237763,True
Göteborg,1480R095,3960.291447166534,1.0008815156636002,0.9965847197519423,1.0,True
Göteborg,1480R096,1228.1551274991195,0.20475072782837764,0.11942343486924455,0.2167832167832167,True
Göteborg,1480R097,612.4471631242457,0.05334185097158454,0.00495067227216625,0.0349650349650349,True
Göteborg,1480R098,7060.000082010897,0.08892338683852513,0.041895539958700614,0.0699300699300699,True
Göteborg,1480R099,3939.236417108653,0.5748029322635434,0.5055163193011134,0.5944055944055944,True
Göteborg,1480R100,5641.413657108739,0.5094314370206656,0.38666833167454423,0.3986013986013986,True
Göteborg,1480R101,3222.186552072058,0.513738889638775,0.39431213242126867,0.4335664335664335,True
Göteborg,1480R102,5631.775709579034,0.6841415360397578,0.6187504658305892,0.7342657342657343,True
Göteborg,1480R103,4120.187914994298,0.5664543763076804,0.47790006664009044,0.6083916083916084,True
Göteborg,1480R104,1891.2723980825776,0.6840887992768976,0.6122627317963505,0.6223776223776224,True
Göteborg,1480R105,20895.217182784745,0.7229466828897566,0.678257239034147,0.7272727272727273,True
Göteborg,1480R106,1165.581996649,0.8295645964041819,0.8633461200652971,0.7832167832167832,True
Göteborg,1480R107,1906.6571475589951,0.08204278827558374,0.03416286479178406,0.0489510489510489,True
Göteborg,1480R108,8367.781223547398,0.9638101370257864,0.97628411208897,0.972027972027972,True
Göteborg,1480R109,3704.3700186281785,0.8845650497785721,0.9208704667876537,0.8881118881118881,True
Göteborg,1480R110,2582.909273653614,0.7605720246070481,0.7778758799965897,0.8461538461538461,True
Göteborg,1480R111,4442.694915693633,0.7942984193854333,0.8283799923478635,0.8321678321678322,True
Göteborg,1480R112,1232.133115495954,0.19513471321321835,0.11730172894105022,0.0,True
Göteborg,1480R113,6642.697406200863,0.5188317558100678,0.4028194212866321,0.5104895104895105,True
Göteborg,1480R114,3253.722686475789,0.40543464135892865,0.2661389920398171,0.4055944055944055,True
Göteborg,1480R115,2868.314839431826,0.26051724940825255,0.172310749261707,0.1468531468531468,True
Göteborg,1480R116,1133.1051486608933,0.49790959705467147,0.36504084598392844,0.5314685314685315,True
Göteborg,1480R117,1550.7496196366849,0.13491940142459447,0.09105821358519582,0.2307692307692307,True
Göteborg,1480R118,795.865077169498,0.06897350170907667,0.023968084302996014,0.0139860139860139,True
Göteborg,1480R119,2109.8819189558226,0.6280377975442092,0.5718775138673154,0.7062937062937062,True
Göteborg,1480R120,2011.587735877895,0.5044890862151297,0.380068528391246,0.3706293706293706,True
Göteborg,1480R121,4488.643627162875,0.7614779786332989,0.7839742531258036,0.7902097902097902,True
Göteborg,1480R122,2734.4369694750985,0.42451180279105444,0.287490771417281,0.3006993006993007,True
Göteborg,1480R123,2219.395207041988,0.22265464532537618,0.14931506415892454,0.3146853146853147,True
Göteborg,1480R124,1482.0114161720005,0.7206202567056643,0.6589595414126814,0.6293706293706294,True
Göteborg,1480R125,5729.699997491983,0.7873733583515101,0.8196075118660784,0.986013986013986,True
Göteborg,1480R126,6124.795022929467,0.413327229196866,0.27422684787474827,0.3636363636363636,True
Göteborg,1480R127,1058.8305293577057,0.2343185765156147,0.15214214387150773,0.0979020979020979,True
Göteborg,1480R128,1961.8493145011669,0.7410476738914823,0.7163092665244304,0.7482517482517482,True
Göteborg,1480R129,3091.0665495129,0.5269823217343709,0.4127383046594095,0.5384615384615384,True
Göteborg,1480R130,4780.930521093537,0.6951220728275496,0.6277301862357353,0.6433566433566433,True
Göteborg,1480R131,1269.5949238173814,0.6626186866167503,0.5999521959585444,0.7132867132867133,True
Göteborg,1480R132,6616.929172034167,0.43624656253013977,0.2955552122549132,0.4265734265734265,True
Göteborg,1480R135,3231.426090914794,0.2109691032581836,0.1403503621674832,0.1538461538461538,True
Göteborg,1480R136,1387.088974552495,0.2142024953567827,0.14433328198257261,0.1608391608391608,True
Göteborg,1480R137,4839.510207053008,0.7159250746017571,0.6535079810349927,0.6783216783216783,True
Göteborg,1480R138,934.3038819344448,0.24106842047333696,0.15883772898618811,0.1818181818181818,True
Göteborg,1480R139,7918.390183266481,0.5521275633921129,0.4375967167971622,0.5244755244755245,True
Göteborg,1480R140,759.4880487785047,0.4613425562312026,0.3205078735907983,0.1048951048951049,True
Göteborg,1480R141,2269.675735199938,0.4738998288371051,0.3398711344871151,0.4965034965034965,True
Göteborg,1480R142,5557.093313040193,0.6800189728690946,0.6058394024447415,0.6853146853146853,True
Göteborg,1480R143,4837.686930433752,0.701677294139683,0.6360250995354447,0.7202797202797203,True
Göteborg,1480R144,3604.410361096567,0.7826532624810013,0.811557952088429,0.8601398601398601,True
Göteborg,1480R145,3734.5110607229135,0.3026410012367902,0.1892271807509158,0.2517482517482518,True
Göteborg,1480R146,6629.3350495173,0.8025953916742793,0.8379283010394236,0.8251748251748252,True
Göteborg,1480R147,3721.70019756744,0.7780676663205947,0.8017523409594022,0.958041958041958,True
