"city","b1","b2","b3","b4","b5","v11","v21","v31","v41","v51","v22","v32","v42","v52","v33","v43","v53","v44","v54","v55","totdeath","conv","ageval","agegr"
"bern.sui9513",0.033752419798215,-0.410460387297796,-0.262423406553495,-0.444498343162866,-1.76696412180996,1.05462946949539,0.832528770216088,0.933753583403949,0.857233924693116,1.03593252051626,0.748291955227429,0.780946859191341,0.751957529973191,0.833845781445567,0.905857938903011,0.813304934463952,1.0127719793484,0.928908663791863,0.546812974522961,2.79782956200238,6633,TRUE,62.0234759975564,"0074"
"bern.sui9513",0.45589005117233,0.132304091116249,0.653657562640355,0.754714758400038,1.38943175472925,0.967924115810654,0.766792965227004,0.861524285303517,0.790990024946229,0.954123360735899,0.684224892581632,0.718988499687555,0.689828496975668,0.768726634022533,0.836549325180071,0.751093840963044,0.933562820032009,0.839891327494767,0.550456752056604,2.37220952000648,7642,TRUE,80.3299007484076,"7584"
"bern.sui9513",0.512677728794868,0.175844634479281,-0.0384923463314519,0.168509419332803,0.106812486593957,0.43422763226278,0.33609720186188,0.381602605393609,0.347918180668275,0.427997812388046,0.301537706438977,0.314516557996287,0.303298366294234,0.337027526685468,0.373070465379775,0.330980871396372,0.422422568806423,0.39275126093488,0.196899592724089,1.28541581465417,13918,TRUE,91.6619047619048,"8599"
"zrch.sui9513",0.203870218894009,-0.245636490551883,0.511879852780029,0.581044647085079,0.738943908663844,0.626634494079219,0.490560623937004,0.554653561195713,0.507207721924694,0.610107236852759,0.446534194593996,0.464364632370123,0.449822419942268,0.487708042316996,0.545419999118029,0.487543883553472,0.601045452180173,0.553073865334457,0.353046905939323,1.54776412870932,10103,TRUE,50.2588224787707,"0064"
"zrch.sui9513",-0.0913426806251081,-0.256036477809091,-0.633532208183469,-0.396147601253531,-0.488838982584716,0.655254474544866,0.513452385282969,0.579668841531029,0.529597925617336,0.64028649798489,0.467193303728008,0.485231638486028,0.470003969861648,0.511709367015284,0.570479072885686,0.507854788649989,0.634034934997432,0.578812086132464,0.358661737624016,1.71252886301143,9513,TRUE,70.1194771915641,"6574"
"zrch.sui9513",-1.31462664051098,-1.18421273211782,-1.38257008383404,-1.32954033276021,-0.684349690989243,0.308052729919592,0.241181585802461,0.27278540408972,0.248945764304329,0.301557112274681,0.219611114251942,0.228290520270607,0.220940244178942,0.240771191782549,0.269149165430163,0.239576261715108,0.298580395610323,0.276805066141961,0.162062975941184,0.810904015870666,20234,TRUE,80.2994825070461,"7584"
"zrch.sui9513",0.271281879239276,-0.0685703488208279,0.0929487316757702,0.0306255390849081,0.756374920410542,0.155721864048553,0.119478262000489,0.136614273925506,0.123999611475,0.151504854546807,0.108768053258621,0.112823411426597,0.109568750679341,0.118755680480386,0.135777285071827,0.119569388373754,0.151086304820208,0.142252716613573,0.0760404454724277,0.429254331581637,33689,TRUE,91.7714285714286,"8599"
"genv.sui9513",0.663876961097798,0.49117069367473,0.0903120445769358,-0.0796847001347127,1.21917522485964,1.06007146932241,0.857771063390873,0.939338551236434,0.876232995334357,1.02604105759504,0.772613194601963,0.800280205665502,0.777457239741769,0.839965448607413,0.900484730471983,0.82225569495934,0.996918211862817,0.932172606377968,0.558504396871955,2.6229055634874,8173,TRUE,62.5110410030694,"0074"
"genv.sui9513",-0.21248070320475,-0.56383679049335,-0.52845292278803,-0.681788433359957,-1.52295383390374,1.16902225960836,0.937507672588067,1.03139491586043,0.958215151257419,1.1348736056524,0.841286852834405,0.872653780073413,0.846353344860764,0.919503512758201,0.988469922135863,0.897484743393393,1.10323049848488,1.02919547917101,0.572765366603015,3.14912418101916,7088,TRUE,80.2277140515323,"7584"
"genv.sui9513",-0.104758323849958,-0.185041830058509,0.195894483462569,0.158732517076795,2.43898785365296,0.652948722544649,0.518390341283891,0.573328454621141,0.531483631241225,0.630026163835485,0.466449852473617,0.482387643020306,0.469689152262796,0.506756218772745,0.55305453835601,0.499353895461909,0.616208319398983,0.589223216006726,0.294986066586137,1.77912998544728,11045,TRUE,92.1190476190476,"8599"
"basl.sui9513",-0.93671883628905,-0.589816579975022,-0.771441777992246,-0.01908324300241,-1.2702464118968,1.09959398305112,0.847533428792008,0.965635781438811,0.869697971255331,1.12273980814357,0.774260481343161,0.797743869007313,0.774222706215043,0.857503373441005,0.953471428846732,0.833340867510083,1.13023293787892,1.02013649984384,0.348133559827419,4.38821394101611,5127,TRUE,51.0252512152334,"0064"
"basl.sui9513",0.435219635926411,0.32987284332277,0.236530370525497,0.994665494071638,-1.95707995386547,1.27626776365651,1.0184041899055,1.14384413339866,1.03554265798611,1.32879707322851,0.923493390125804,0.961032455727529,0.922893368785275,1.04586025536355,1.12119133425764,0.988534374220227,1.32521074013658,1.16795145713042,0.480841953076057,4.8959859284624,5380,TRUE,70.0748867757676,"6574"
"basl.sui9513",-0.567419536436616,-0.464906931601089,-0.579975845598364,-0.821980533569052,0.255942608041918,0.532634828001492,0.415043535462643,0.473088790159529,0.424885204165153,0.552916606959131,0.377509208200286,0.390838139026573,0.377534036324612,0.422748686915971,0.469087708647373,0.406868582024691,0.561191030540237,0.505905740968747,0.141126613040615,2.27428388473867,10456,TRUE,80.2388068777174,"7584"
"basl.sui9513",-0.253157293563469,-0.506153231143449,-0.543115555506904,-1.13121817119141,2.12023271596865,0.324313462609543,0.250636314731482,0.286512735209525,0.257825759368605,0.333099241487875,0.227641486506157,0.235729614806746,0.228381758098308,0.25362908471462,0.284049137335167,0.247286705960062,0.336949983104358,0.309941360731595,0.085122914667601,1.34122573409567,16644,TRUE,91.7126984126984,"8599"
"lsnn.sui9513",-0.431859386268595,-1.03006627762976,-0.379321668679112,-1.1080119301042,1.09632005088132,1.33565319415294,1.09300949615342,1.19967210825605,1.11236886678821,1.36100617124074,1.0001427081688,1.03507968359885,1.00273331452815,1.11379657050262,1.16798215471083,1.05843856556004,1.35178666780439,1.22163597129308,0.622833596407501,4.26583543449427,6065,TRUE,62.2133685727031,"0074"
"lsnn.sui9513",0.233613788711749,-0.5379946736678,-0.118575051695349,-1.21139559460187,2.66664885442941,1.34213904701067,1.09168761039485,1.20203488352328,1.11402893093776,1.34826111533645,0.997532864765196,1.03198967232979,1.00212906830356,1.0985125111241,1.17351720068931,1.05911425702747,1.34404766723033,1.22964341929538,0.639939173452939,4.02779793852287,5900,TRUE,80.2471215983834,"7584"
"lsnn.sui9513",0.191031077203464,0.259333103070085,0.238363762529007,0.530257322620345,-0.357282598203836,0.704146033246582,0.558309138221467,0.622160827574643,0.574133868162734,0.706425016511256,0.514613379235406,0.527696314120697,0.51673986678033,0.560107133688721,0.614236566022875,0.549111956987109,0.715433310297389,0.677361367317836,0.239992672353077,2.60039841835614,8845,TRUE,92.1190476190476,"8599"
"lzrn.sui9513",-1.42943669556999,-1.15043305183574,-1.35245292565206,-0.933585288590486,-0.944449088315457,0.847134725588363,0.667180335004761,0.751218262368071,0.691287732266659,0.834162534127633,0.598393452549094,0.625238913751599,0.604683711848428,0.664274474860347,0.732530580363718,0.656386774731498,0.822466941985708,0.749744268131557,0.457664888759957,2.22013657080293,8168,TRUE,74.1760635358415,"0084"
"lzrn.sui9513",-1.24384496527581,-1.14996758761321,-1.34598941094718,-1.60747750266469,-0.188782725413092,0.843783869987762,0.651231161349007,0.73769370728079,0.675774574650511,0.822040044876395,0.585523416458327,0.606831530382466,0.590140045150279,0.643086716062403,0.724784829631263,0.640373005562745,0.819648154830952,0.766549786365838,0.384350998877083,2.41988686876584,6905,TRUE,91.5952380952381,"8599"
"lugn.sui9513",1.11826210285495,0.363584506551538,0.479340465897461,-0.681697499377447,3.45057590866458,1.82160698599794,1.54705467797022,1.64283427811296,1.59372821803571,1.76678619008864,1.42218868583141,1.4482544667799,1.43728189606347,1.49600211288351,1.58040939146924,1.5105517596247,1.72915775020643,1.6331680688171,1.20694792456585,3.9655553582467,8584,TRUE,62.8089152508289,"0074"
"lugn.sui9513",0.687291846504033,0.349797814559631,0.461530792674058,0.285184446272839,0.945001590421065,1.66415348646808,1.40022614865144,1.49419527992305,1.4459745026506,1.62281781132773,1.28257004103669,1.3057343456457,1.29602308987321,1.35368622375586,1.43846728192575,1.3684363315863,1.59469948307457,1.50253748819503,1.03155503135356,4.01507218435874,8064,TRUE,80.2659267987463,"7584"
"lugn.sui9513",-1.28533774669293,-1.46090638897524,-1.00197964787225,-1.11924893001109,0.387114935778098,1.0722809245367,0.881373499313383,0.948468343026419,0.917397977609341,1.03352799253019,0.797284901916715,0.812852990602581,0.80834495921516,0.842089506054331,0.908781207838109,0.862331625339197,1.01327196589277,0.962890338070874,0.614240310014995,2.70597083112895,11919,TRUE,92.5809523809524,"8599"
"stgl.sui9513",0.239630848280216,0.290461397973057,0.300775721587777,0.163808072929632,0.496703892661085,0.647909873258049,0.4714156342186,0.556440170399292,0.492842478108737,0.637847223623517,0.417251543486081,0.442905560123475,0.420038945951325,0.480466574156055,0.550179149924454,0.472369866305487,0.631779607935163,0.562260232915437,0.265268483284371,1.98351725628807,7338,TRUE,74.0657325431466,"0084"
"stgl.sui9513",-0.826075542488049,-0.874151922691468,-0.999248838799492,-1.36896041529253,-0.555116070365545,0.688085341120773,0.489224191993035,0.588411295033431,0.514530251481783,0.684160142005949,0.435555613811396,0.460863850702511,0.43767085362435,0.502053219134755,0.593490837224323,0.499524215506548,0.689058871625021,0.633520167814307,0.197736755002633,2.55253450807693,6205,TRUE,91.6333333333333,"8599"
"nico.cyp0419",-0.89258000333743,-1.37716060323766,-1.21217030974132,-1.09980950336058,0.123221618398955,0.269650018487966,0.195748560675612,0.213552783910172,0.215367740570057,0.225756390424228,0.180503453928811,0.180561977759051,0.182122898205835,0.186195999973716,0.214607007981513,0.214387040293685,0.22294887488703,0.254210951021346,0.142911210640023,0.6956667176385,30956,TRUE,80.7904761904762,"0099"
"larn.cyp0419",0.0992552826877108,-0.355499223974438,-0.614595335161816,0.289596152172198,-0.243478623395667,0.66643075739105,0.479418664959359,0.522258473370363,0.533096187586685,0.557362056126816,0.434048214920947,0.435413844513332,0.438401704440539,0.452260691753411,0.5209268534432,0.534077693835074,0.544504008682616,0.646153871638563,0.326839205450372,1.91610819821029,13256,TRUE,80.7904761904762,"0099"
"lima.cyp0419",-0.694679006540377,-1.31844176774556,-1.23594144795319,-1.10258459246539,-0.518055917391391,0.414937112249945,0.298528508761611,0.323554298085909,0.330183688619824,0.329272521682742,0.266428258107054,0.269671710592721,0.272045645650873,0.27581373199005,0.311653404980993,0.312532256211872,0.315320447047085,0.37366354046527,0.184325334520194,0.976210783259526,23005,TRUE,80.7904761904762,"0099"
"prag.cze9415",-0.551409043803988,-0.706979323187464,-0.651029860231577,-0.992545475486028,-0.0380330472649152,0.148736200130939,0.113544314246222,0.129323147187713,0.117281107013502,0.138835344327576,0.101619980549749,0.106511668564209,0.102305413501408,0.110887276375432,0.125984078024661,0.111654147243484,0.136436592238244,0.125609641089694,0.091520752368367,0.279236858075925,44757,TRUE,46.8786011275331,"0059"
"prag.cze9415",0.131579801775324,0.0479802373066476,-0.0847950406316923,-0.12780311551426,0.43302582494832,0.0677801083741556,0.0515243332988407,0.0588196787217215,0.0534219404569413,0.0622998814440806,0.045832115627999,0.048076436749691,0.0462337248335156,0.0496358840536743,0.057011567894761,0.0506218247377198,0.0606813918031609,0.0572507745191068,0.0419794678472773,0.11429698476511,93060,TRUE,68.577177339414,"6074"
"prag.cze9415",0.253005657189289,0.105564686553591,0.0242342657070167,0.0472630992770514,0.678197578075131,0.0370148461753648,0.0284310760922666,0.0322584749922165,0.0295285488790489,0.0339963143646003,0.0250472160936077,0.0263832026514295,0.0253508940879286,0.0272295287960404,0.0310676840397696,0.0278344581396048,0.0328439487622356,0.0308592570389546,0.0237945923999934,0.0584002077559036,198636,TRUE,86.1047619047619,"7599"
"brno.cze9415",-0.0988999638354799,-0.0483877890454113,-0.129249786169444,-0.015770988370866,0.316846438885928,0.541779835719541,0.433696103655044,0.480419557649985,0.446094821918698,0.500539566738976,0.398543491062001,0.41246026314246,0.400205930992873,0.42306576142903,0.470406580707123,0.428332753831173,0.49355708080227,0.468246049405329,0.392503671973229,0.739346363082226,14748,TRUE,46.7271868473606,"0059"
"brno.cze9415",0.110657536651453,0.0921834400232379,0.143200347579844,-0.0690093041212396,0.531491137819132,0.267407290017257,0.212827849274414,0.236148705435426,0.219894428481404,0.243923742203529,0.194039513974847,0.201110095053049,0.195364432549318,0.20517767866715,0.229713845257979,0.209882397226726,0.238420729141333,0.228909656501698,0.19292801209418,0.340027995056009,29254,TRUE,68.4577528711181,"6074"
"brno.cze9415",-0.384182037474149,-0.602927276678584,-0.679412592685789,-0.71229309092717,-0.126249123157458,0.141950156197143,0.113482108549379,0.125733298299759,0.11732359897006,0.129861611001796,0.102266970466697,0.10654861120994,0.103241325356761,0.108822200802329,0.121612526381459,0.111297343313608,0.126098538463343,0.120309151048406,0.102799175071951,0.176824892658589,61667,TRUE,85.7,"7599"
"ostr.cze9415",0.775857027722419,0.376246167163069,0.269045067980798,-0.210271246077756,1.89741036806961,0.554851170560378,0.434504297300472,0.482298725508146,0.443782981950977,0.522479619007013,0.383017249740674,0.401314305075126,0.385721050310027,0.421922211750609,0.45480010394447,0.411307138687333,0.497492893833691,0.462947697662036,0.337689785078912,0.975864791019137,16901,TRUE,47.2327366661404,"0059"
"ostr.cze9415",0.369595293521825,-0.0325388896592026,0.0749980412496672,-0.153913194825877,0.447602903931495,0.312601689810066,0.246072275873398,0.272888370346633,0.252575590288532,0.292138113849882,0.216972385729527,0.227423284758931,0.219221765248173,0.237219778332327,0.257392776658874,0.234574934868189,0.277517640155879,0.26270552527824,0.193262940576646,0.521607567014829,30114,TRUE,68.3498651239508,"6074"
"ostr.cze9415",0.201388208566827,-0.166951381977644,-0.192028195372856,-0.218125081354248,0.617512828656637,0.216725434625792,0.169451291901515,0.188419731901914,0.174471955531216,0.201339719644634,0.147710404441678,0.155420621229379,0.149688665923172,0.162104362017866,0.176621004328941,0.160860291421155,0.190096844304392,0.179622732782012,0.133851140059389,0.350231859127784,45245,TRUE,85.2047619047619,"7599"
"brln.ger9315",0.0742430736918878,-0.148043352739746,-0.113268103773563,-0.255579480760746,0.984321332476052,0.0106404464675661,0.0084858711190929,0.00946832459947278,0.0085600654997396,0.0103996479193827,0.00752602746685327,0.00793438686009526,0.00750283432986914,0.00846797478810916,0.00916311882189321,0.00807959323671209,0.0101870151595972,0.0087713571164826,0.00710699009377628,0.0188214520019062,811051,TRUE,80.0333333333333,"0099"
"hmbr.ger9315",-0.425789982228789,-0.54925247808862,-0.542857271371785,-0.644552093991175,-0.0181518649287375,0.0235600528576203,0.0194872797466494,0.0213574605511458,0.0195903436059944,0.0231295511882945,0.0174745821062669,0.0183129010593125,0.0173886655741407,0.0193529591932508,0.0206297701444629,0.0185424180053291,0.0226045096432431,0.0199105541220733,0.0161938504225504,0.0387520801633864,445338,TRUE,80.2857142857143,"0099"
"mnch.ger9315",-0.201939959023258,-0.260839443594783,-0.304227015383619,-0.424652769985902,0.302414223609002,0.0192159745162827,0.0145009814632146,0.0167180836178774,0.0150104609735365,0.0181211613280909,0.0128815977418856,0.0135427465311779,0.013003065112205,0.0141823830303217,0.0163587032711703,0.0142481457831313,0.017904358061246,0.0172387150537446,0.00880476762405877,0.0474407889447482,290962,TRUE,81.3428571428571,"0099"
"koln.ger9315",0.261082254387542,-0.0140926973989879,0.0596220177822699,-0.0813757204891177,1.35168430155276,0.0437573834895503,0.0361462852164198,0.0395137398041386,0.0357766750620551,0.0460135775895593,0.032625788201329,0.0339721337750449,0.0322808773216201,0.037312442760862,0.0379566143858329,0.0336339685605662,0.0451674520657255,0.0389183598499771,0.0191708594463827,0.150758139608693,229457,TRUE,80.2523809523809,"0099"
"frnk.ger9315",0.489571724667458,0.26026389450139,0.244269611874156,0.00926439368956433,1.82443596359415,0.0437030951214168,0.0350799538413415,0.0390242149851943,0.0354419454071156,0.0445101191778039,0.0317644692782283,0.0329922523869463,0.0316870597734239,0.0354756435553908,0.0381813391155113,0.0337261534748049,0.044546526576679,0.0396353680147037,0.0176239251456193,0.16878944470318,168417,TRUE,80.8333333333333,"0099"
"sttt.ger9315",0.132835442198966,-0.0307928266389679,-0.0382783930011529,-0.034274057914269,0.781859267810116,0.0359280293930723,0.0265512149922621,0.0310923585582874,0.0272010494417869,0.0357908860248995,0.023469697163925,0.024592358689649,0.0234957756726248,0.0264955423716769,0.0304177059797521,0.0256984293737698,0.0355901341149192,0.0328424361581641,0.00928156283581842,0.140477795750309,136878,TRUE,81.352380952381,"0099"
"lpzg.ger9315",-0.148430416489559,-0.378449743549021,-0.397056377934748,-0.332107146993119,0.451865115764222,0.0421722752982193,0.0322673502495127,0.036843805988041,0.032718626725728,0.0411294381063352,0.0283675545608308,0.0299232391679321,0.0283029951586991,0.031934627795539,0.0356435809573079,0.0306905593210406,0.0404267023090704,0.0354657093796876,0.0231303637519633,0.0958632052579199,152861,TRUE,79.9523809523809,"0099"
"drsd.ger9315",-0.147018403181179,-0.279569291114088,-0.265662784599434,-0.393265322043702,0.621281656478001,0.0514289877270823,0.0386236764242852,0.0446449828589448,0.0394380067255413,0.0479329121099405,0.0334661405522199,0.0357412998862494,0.0335383271237487,0.0375277271543511,0.0429543152473318,0.0368915058485478,0.04643947829379,0.0415488972966816,0.0315235079233122,0.0870451443160915,125866,TRUE,80.4190476190476,"0099"
"drtm.ger9315",-0.195212081133284,-0.401518052282563,-0.314655877158342,-0.561036802067636,0.832649442243047,0.0429617919798686,0.034188804065055,0.0382692700142033,0.0340324673974804,0.0431795266311229,0.0309875003234122,0.0322576297175749,0.0306820646496113,0.0345016718067465,0.0372526950677354,0.0321526454252248,0.0428184491517121,0.0390380954800823,0.0186691761153164,0.120152959210091,155233,TRUE,79.3666666666667,"0099"
"dssl.ger9315",0.204309255795755,-0.123569086573623,-0.0779626539994497,-0.17373650516161,1.56664627605416,0.0497005943703188,0.0405445138652833,0.044677932308461,0.0401862382480507,0.0514455646883258,0.0369080962578426,0.0383121905511285,0.0364981821340745,0.0415611680527022,0.0433770527382453,0.0379919461534872,0.0510605141286592,0.0451809414336473,0.0205884567234909,0.165167338025386,160069,TRUE,79.5619047619048,"0099"
"brmn.ger9315",-0.411534051979,-0.635866468323881,-0.609261507437765,-0.64207247593756,-0.427622153601503,0.0622132613633125,0.0505121929657251,0.0559353250768843,0.0500716034952907,0.0644246183795843,0.0448861437797671,0.0471877692281813,0.0443088548324637,0.051841727352297,0.053786545464941,0.0469655472892792,0.0631417665565692,0.0531594799558832,0.0328618881795157,0.156814971428169,150608,TRUE,79.4380952380952,"0099"
"hnnv.ger9315",0.0842954749685685,-0.110787329669796,-0.125455367666375,0.00661571282269952,0.244654580491102,0.0551158927782764,0.0465204565127545,0.0502293189289723,0.0466642009960747,0.0542604457835388,0.0417508444325818,0.0437114613087644,0.0416365569169781,0.0463029646693239,0.0478475458312505,0.0439754200916183,0.0520115157927321,0.0455433296845162,0.0403787017361336,0.0861219062520029,279125,TRUE,79.9761904761905,"0099"
"tlln.est9718",-0.0563268925970495,-0.20533021150045,-0.377362809917147,-0.382401128293338,-0.0478442456714736,0.0650862250496676,0.0493464202828455,0.0536216538271694,0.0519362064791538,0.0553911642032548,0.0430200153626316,0.0436460447864079,0.0435661548830362,0.0445043556185838,0.051848538099512,0.0485436976845801,0.0537234052419735,0.0585840751271939,0.0379981487797546,0.089306273769914,96929,TRUE,75.3238095238095,"0099"
"trtl.est9718",-0.128120122017834,-0.0213713736159123,-0.246249594550212,-0.03813712996308,-0.290828353367645,0.212439884068149,0.158837191606906,0.177504884990464,0.16709652073784,0.186837569122903,0.140695319900516,0.143092181682971,0.141768703987261,0.146597041249363,0.177499866221394,0.158202829978166,0.190241780081541,0.204330600371636,0.0926615948874758,0.41634872606878,21812,TRUE,75.3238095238095,"0099"
"nrvl.est9718",0.767915930389091,0.834666593165325,0.501268241016137,0.105200480512052,2.04759071416516,0.301934880445067,0.230541435547066,0.249459070883412,0.240616773823102,0.262357931200182,0.206517776273478,0.206787929651828,0.206927050182709,0.211610243683232,0.247437766764036,0.227890276004935,0.265165908806806,0.294963685308464,0.123447295046403,0.654564612491492,17630,TRUE,75.3238095238095,"0099"
"athn.grc0110",-0.611185740877113,-0.479099981612755,-0.419283414037382,-0.456698645283892,0.0159641264968322,0.154945423005012,0.120945461996011,0.131042892061846,0.131142528509705,0.129306653712472,0.111594345064662,0.11268716628486,0.11378772939736,0.112245521349628,0.132477046083835,0.129624273756942,0.132581287761151,0.151187111268539,0.0890242498918999,0.378336535222099,43777,TRUE,53.5469929805944,"1564"
"athn.grc0110",0.921843159152063,0.508406885349011,0.57520787368987,0.564975522314113,1.93879766080178,0.118288664038207,0.0918361404121467,0.100211128554995,0.100237863225641,0.0988798971476289,0.0853659027106001,0.0862247426334953,0.0869801324040387,0.0860696735879359,0.10265541072692,0.100220371354389,0.102961987432392,0.118637142581976,0.0658711537915898,0.314295728225087,52397,TRUE,70.032088021245,"6574"
"athn.grc0110",-0.0113902364462612,-0.605638473258802,-0.428102880029023,-0.465883095338739,0.730980660002134,0.0707105524459454,0.0551180698792469,0.0597038825528969,0.059845778294159,0.0585155397784793,0.0507980647639041,0.0512250127751019,0.051809001966426,0.0508380394825284,0.0603882972836851,0.0591413417282159,0.0598642625375057,0.0688484103037385,0.0414213085455855,0.16414629152887,102439,TRUE,80.2940568626043,"7584"
"athn.grc0110",-0.200855410692601,-0.416793742514565,-0.456225254833199,-0.320379617889184,0.440414760438019,0.0800764667002763,0.0624671124090488,0.067589435408856,0.0676733326206356,0.0664896033648758,0.0574463689647062,0.0579429487202594,0.0585491871319161,0.0575739917320379,0.0682421929780765,0.0668004518619226,0.0679724044644101,0.0775872473385769,0.046536110889906,0.187540069286077,87721,TRUE,91.6047619047619,"8599"
"mdrd.spa0913",-0.410192228992533,-0.69106310951587,-0.313483110583413,-0.468061365328336,0.117291869103604,0.223823155923452,0.176722484654675,0.192591079876555,0.179736734722119,0.210262232852613,0.177883523748279,0.169876739907936,0.168197734545445,0.17710464585936,0.205165576775793,0.189112566674863,0.230690950387499,0.238050932881399,0.104111839270678,0.822937045388439,17033,TRUE,54.4054893699715,"1564"
"mdrd.spa0913",0.720814820085869,0.296830960574617,0.357095013183161,0.159835202101096,0.739668578260399,0.226492596531039,0.179827260755988,0.196001898856317,0.183031023391449,0.213322682100106,0.181901337113083,0.174155899190274,0.172403723391718,0.181208197356182,0.210624280084343,0.194127254071504,0.235657148184668,0.24332944512352,0.107228136324325,0.83152704836531,16171,TRUE,70.0674067006554,"6574"
"mdrd.spa0913",-0.454345047008136,-0.40171709463843,-0.400613157415187,-0.333781521331521,0.0884910218362998,0.0398167560058076,0.0311772302136282,0.0340228462156387,0.031882743423565,0.0366843915603224,0.0311917697509464,0.029773380738326,0.0295248331732364,0.0308801956079473,0.0361285897581801,0.0335324478921529,0.0401007200098694,0.0425973813441271,0.0181599914636568,0.142846807901405,95461,TRUE,88.6142857142857,"7599"
"brcl.spa0913",0.933579196515117,0.236918244236614,0.23635045928209,0.32638209343979,-1.55320434824763,0.553453500242149,0.387240135305837,0.432990746238021,0.426403383151877,0.448494907803149,0.358069998892559,0.350268537750301,0.354062813208547,0.339808531418262,0.441032955814875,0.43105308935503,0.478619176585565,0.515809438987266,0.182708738708733,2.05949732803966,9272,TRUE,54.1494814139407,"1564"
"brcl.spa0913",-0.540901182906133,-1.13464095820292,-0.917615010923331,-0.844987338489963,-2.53181599067665,0.541169231040794,0.378003930452933,0.424808557736094,0.419548291891055,0.438205240413776,0.351728270943399,0.341980349603171,0.346861785429352,0.328325575847839,0.441788443707912,0.433127030982159,0.480177806502095,0.531291532906334,0.144323619431879,2.34919957237226,9359,TRUE,70.0521125224153,"6574"
"brcl.spa0913",-0.151229460563418,-0.476955532751033,-0.446270545155391,-0.486493311804046,0.476023116065585,0.0775253165581976,0.0515460177155729,0.0592693975209376,0.0586755405400324,0.0605699681835025,0.0477360155652092,0.0460827191046789,0.0469775354004,0.0434901725457897,0.0623607048711957,0.0611624129045788,0.0679152526672148,0.0771527613150813,0.0149233787509597,0.356017472007098,55921,TRUE,87.9238095238095,"7599"
"vlnc.spa0913",-1.68390399760142,-1.30976397588365,-1.07416647520808,-1.26418725667609,-0.266715094441913,0.28386230562778,0.197736876648642,0.218315297406705,0.216154568781546,0.208992367768294,0.207600547567513,0.185294748061633,0.190246191549852,0.163498854918152,0.253799256201998,0.249192021888011,0.270894672828982,0.314554889481487,0.200003721756427,1.1011219575592,9864,TRUE,63.4243885665287,"1574"
"vlnc.spa0913",-1.24179609699424,-1.38514604000805,-1.48149591353941,-1.24182329783428,-1.47003319393838,0.100063256791921,0.0682172636607126,0.0765618672021689,0.0760209779544933,0.0734482258968277,0.0722628628376005,0.0635349381746522,0.0655651294513803,0.055418841882857,0.0910542669432106,0.0894557482376561,0.0976738078953242,0.115536884884147,0.0691944168394961,0.418811792420157,24548,TRUE,87.3761904761905,"7599"
"svll.spa0913",0.0489154872647044,0.14054195534378,0.319637764408268,0.326372621316516,0.0983712428038459,0.841280427308471,0.7232756607,0.781495574657307,0.733419324168435,0.843776015064982,0.703713274948739,0.713442293299035,0.695625697897791,0.747651679334989,0.794307158156175,0.733922770926201,0.89509536492214,0.803649114163321,0.609714964587409,1.8935770675856,9414,TRUE,63.7564312351829,"1574"
"svll.spa0913",-1.37129025862896,-1.49856167538083,-1.55673635616815,-0.943430138233094,-2.09256417631331,0.420115226179627,0.354732234920618,0.38523181098498,0.359811780344976,0.417026228839025,0.33928969968809,0.344593695966682,0.335331861001018,0.36087867838148,0.387669820183965,0.355242071471641,0.440851323209409,0.395851637548766,0.28436225680561,0.983136753357182,19507,TRUE,86.8238095238095,"7599"
"zrgz.spa0913",0.249444181419239,0.558202876423649,0.212827415574804,0.856454508091264,-0.495059308282964,0.444565544289842,0.276939534479334,0.353040292675084,0.292042359455854,0.439059121785683,0.250476949161469,0.247520480194421,0.23880549310614,0.271002953862744,0.359606346211322,0.282016686876586,0.482225628688605,0.493306276636849,-0.288069848381508,3.05537403267829,7794,TRUE,63.6167189490261,"1574"
"zrgz.spa0913",-0.839156476956461,-0.361613352638675,-0.384309033747553,-0.392033960995639,0.988187487727511,0.15211427648496,0.0920849859792107,0.119087706669193,0.0978088542680701,0.150213059395745,0.08341678376249,0.0811623519327767,0.0786162942819006,0.0892456449377419,0.122529212346606,0.094602449896654,0.168793310858136,0.173406311088498,-0.120440181057061,1.17145150327198,21301,TRUE,87.9666666666667,"7599"
"malg.spa0913",0.0740605973624621,0.283958078231398,0.355891314374783,-0.316960319282342,2.57696271838092,0.859375494165619,0.681756151631594,0.752105217647384,0.701666560158136,0.87088816317136,0.664192434995097,0.655810287391749,0.654651201741991,0.708811898589813,0.785036123216238,0.729917545708068,0.982601113712099,0.891185712233038,0.634792168488157,2.43843795140419,7329,TRUE,63.6838836781845,"1574"
"malg.spa0913",-1.35987951657013,-1.31823404937968,-1.54456011523871,-1.53432836497836,-1.21585075561408,0.424692584482504,0.332691643239326,0.368775302801984,0.343300334476757,0.426900288409921,0.323667630663755,0.31842974332064,0.318138532763134,0.343950354323392,0.387738498471538,0.358911904349678,0.488949387789546,0.446560123570279,0.302525836700334,1.25037272306059,14125,TRUE,86.8238095238095,"7599"
"murc.spa0913",-1.03412553530604,-1.16114719920468,-1.22994919413926,-1.36081350737105,-1.66388276460757,0.306715134772168,0.222206945127982,0.250394540693908,0.242506982370548,0.278810150891319,0.211188709377726,0.205097388853426,0.205562518233783,0.208053388120638,0.271596796309522,0.258090198878309,0.337767367978017,0.305049592180588,0.205847299172772,1.21942944354422,14017,TRUE,81.6428571428571,"1599"
"vlld.spa0913",-0.421199077302561,-0.368559412996586,-0.674455108804072,-0.472560578913904,-0.129457167118105,0.248043747033805,0.169515140741782,0.205745629754232,0.173324660850813,0.227380959996534,0.150035185349083,0.151820865199996,0.144484102630257,0.155311857057427,0.206595111154379,0.169174743315461,0.239412875442657,0.268656774116542,-0.0193890865363475,0.975610729842203,13599,TRUE,83.2285714285714,"1599"
"plmm.spa0913",-0.520114848569705,-0.254621687375391,-0.589943606813947,-0.56886797278346,-0.0397936757492567,0.189265307792189,0.126940623382809,0.144145932177145,0.142078182906806,0.159589919487693,0.144848632091154,0.125887994766189,0.131886047372239,0.113195372459064,0.171575981537948,0.16846187050948,0.20499879260007,0.229269625053058,0.0154626291641482,1.27520953104957,14278,TRUE,82.1095238095238,"1599"
"vitr.spa0913",1.27754881519005,1.45769760144683,0.857290400475003,0.769648671948108,1.96164583632724,1.83949826761323,1.41752756599197,1.60307133993862,1.42971130944328,1.76532737876714,1.16479618945945,1.26294741126397,1.16787349004895,1.35235912887851,1.46078851315606,1.27777935369926,1.65098893969953,1.38797067129947,1.01573209707538,3.0531095293738,8695,TRUE,82.7428571428571,"1599"
"ovid.spa0913",-2.13287714839644,-2.27898161652489,-2.14539656376132,-2.69132957332346,0.381646988068615,1.39619185765221,1.14110050814808,1.28002924052495,1.1189784987868,1.69581592120549,0.987478396275598,1.06819914476422,0.969570700158155,1.32181562306411,1.21917656278117,1.04981785474756,1.68046671892501,1.19940681698592,0.261317298581934,9.316055870255,10663,TRUE,81.6619047619048,"1599"
"pmpl.spa0913",-0.277163681034643,-0.104283379709908,-0.466567492854893,-1.04258890636274,1.11384626669812,0.443307596504089,0.277404596379578,0.347301634343933,0.289760184846589,0.382887341454391,0.244227135102329,0.238582140367779,0.238122763345568,0.246565517695333,0.338330061399364,0.261765839178747,0.392298266556323,0.4314203665242,0.0868491317716213,0.939629423407917,8050,TRUE,83.347619047619,"1599"
"sntn.spa0913",-0.839668313466694,-0.61700826966221,-0.475526947688711,-0.297067464361458,-0.0625376851848004,0.414946198329172,0.265632719707857,0.341079746363149,0.283979358271577,0.423812286100264,0.227271307154468,0.234717590346422,0.229483513504569,0.24837100284455,0.335232135004247,0.256756777184267,0.472803904153041,0.55156949556441,-0.726051208930775,5.43940376675174,8943,TRUE,82.4857142857143,"1599"
"told.spa0913",-2.02449189497858,-1.6388308020954,-1.39625742327323,-0.616922420243114,-3.89953986893529,1.28588503667049,0.999616053857428,1.08539588211495,1.00459890413347,1.17984476931361,1.01381405508373,0.954416236512852,0.94666253269565,0.984027109475325,1.18509182209424,1.07655976349414,1.33294939514181,1.45148837998002,0.326181363240694,6.09514878636968,2539,TRUE,82.6,"1599"
"bdjz.spa0913",-2.0397424936221,-1.58696412582123,-1.42491221478787,-1.39189791229912,0.0349620312827913,0.935701756514339,0.767840125378568,0.843123116080683,0.760348911425504,0.989932907896295,0.738599001776159,0.740761218855333,0.726650112960316,0.766090693564986,0.858600798046797,0.764283557202887,1.0184327494507,0.981498536801435,0.236162992033814,3.97779306726715,5307,TRUE,81.5904761904762,"1599"
"lgrn.spa0913",-1.83453526104389,-1.46621719670709,-1.11397927523722,-1.45871438489409,0.235064838343087,2.03237170999601,1.537870026157,1.74815623455965,1.56394402812995,1.82973215106032,1.27679171768289,1.36686826330523,1.27753817386822,1.40865761828632,1.60210926639516,1.40400497230218,1.71371894583733,1.56142583039303,1.19116621691343,2.5206927014536,5907,TRUE,83.0333333333333,"1599"
"bilb.spa0913",-0.436578007945188,-0.584794608438098,-0.707397729611239,-0.00363000472222369,-2.45693403161518,0.226152778587238,0.145377641157154,0.18977318547632,0.150247637251378,0.290196633858311,0.125779163408105,0.129890855971011,0.127247948783064,0.140117883291327,0.188584289087187,0.133915392572936,0.34329744074286,0.325833661536444,-0.697509228615185,5.74712317650579,17541,TRUE,82.7428571428571,"1599"
"crdb.spa0913",-0.818865500850177,-0.793259067424435,-1.36163291090671,-1.0503926023051,-2.03774058715869,0.381039542998243,0.302488032437004,0.330105457920134,0.309305711566275,0.364646569900796,0.293003949924058,0.286326171956563,0.283406639504803,0.301025207817705,0.339725734156236,0.31109586411907,0.406333640593537,0.388174134987222,0.138818976124044,1.76698938035766,12561,TRUE,80.9571428571429,"1599"
"alcn.spa0913",-0.729237391688291,-0.592039894486034,-0.754378107997129,-0.811677050521038,-1.39539778867362,0.256735770123343,0.169186195406253,0.197753918201656,0.188556877789387,0.227885796888093,0.165756769101155,0.154402605196524,0.157287107753368,0.14256943181443,0.215518585378293,0.200839018146287,0.297604828853686,0.267234173482134,0.0512947389558594,2.14765073367004,12725,TRUE,81.7428571428571,"1599"
"acrn.spa0913",0.321720921358415,-0.193015310658075,0.190996238507824,-1.39623653058979,5.294893072204,1.33304301107496,1.08142163058215,1.22063093391595,1.04175611075768,1.47046459110909,0.922225888521383,1.00716584679709,0.896903565011822,1.15765605453903,1.1552718188938,0.981230355212064,1.37529906950207,1.19527950095814,0.0350119958666045,7.39953447673093,11438,TRUE,82.2952380952381,"1599"
"lugo.spa0913",-2.2658305901814,-2.13199243501732,-1.89393873203061,-2.34100210924062,1.12754966492745,27.4923874270101,24.9060947498882,26.0572592305241,24.6674442673795,28.0774630666206,22.7332007335594,23.6834283259593,22.5290967231242,25.3223027092553,24.8163156594706,23.4662220103178,26.7998250129552,22.7578186251674,23.7977042646962,37.0127473027957,4358,TRUE,82.2952380952381,"1599"
"girn.spa0913",-1.5168715696993,-1.22660839707672,-0.88823757635432,-0.625186820575622,0.0154527848865902,0.963301865728339,0.590188101850069,0.720918660759604,0.689959390871701,0.731799654863318,0.562369881793709,0.524503102246609,0.545183471901056,0.499632391791089,0.777035153284602,0.722308578335642,0.83227729170702,0.988026793555544,0.157191058170566,3.52057850904565,3163,TRUE,82.4857142857143,"1599"
"ccrs.spa0913",-0.465128116313943,0.30327310797168,0.178969762960696,0.242825551919954,1.81729113653719,1.66434709356526,1.38571732326763,1.50420415797413,1.36472126918749,1.72163444909785,1.33464244273606,1.33580837859907,1.31280762800123,1.35065362875489,1.53201353041197,1.36978887455972,1.78848251329355,1.78530553331722,0.325774326880127,7.17716564074735,3345,TRUE,81.5904761904762,"1599"
"plnc.spa0913",3.0601501320194,2.58059830732273,2.6913529702497,2.75997570003786,1.22707725745001,1.83883369161737,1.36545693021084,1.59527189294802,1.3815547007212,1.76999440265678,1.15398625060276,1.23318850723745,1.1369926311028,1.30446731484702,1.52029064971121,1.28905608402733,1.74664369723958,1.61735359477397,0.559224965049852,5.03493015060086,3939,TRUE,83.2285714285714,"1599"
"pntv.spa0913",-1.53485730735478,-0.959034095694041,-1.63135884415549,-1.45212466149038,-1.10525670690454,3.64400960520214,2.88971250700449,3.32419022583235,2.817811367901,3.63421939803776,2.43610885965957,2.69001858347221,2.38319029209703,2.86926384076165,3.16626654918899,2.64546480099088,3.45709394367651,2.77734946038463,2.1511665140944,6.56242603350497,3191,TRUE,82.2952380952381,"1599"
"gdlj.spa0913",2.18197728558162,2.52683115260677,1.95991731228198,2.86885751393788,-1.13233639469422,1.51319108577385,1.17243052694424,1.28861609467554,1.20099612501837,1.39878298723575,1.14371282973936,1.10411638787255,1.09004525994385,1.1479780646849,1.32605697708865,1.22472032611452,1.49775644339441,1.514449827295,0.727287911567338,5.19398513260993,2757,TRUE,82.6,"1599"
"cddr.spa0913",0.310066766765132,0.709199390330808,0.689252469955959,0.646560983203122,0.877896819797879,1.75438607146027,1.4089742301872,1.5104754120175,1.43434993776605,1.57188160153533,1.36662140739182,1.32650307824498,1.3260420105778,1.33594880465262,1.5393537766521,1.43874817796767,1.65980412359745,1.71597339616707,0.968880369759207,4.74732992557301,2736,TRUE,82.6,"1599"
"zamr.spa0913",2.23135830223973,1.57722672184194,1.65306813253363,0.858344587561826,3.63856016014806,1.51674271438147,1.13505137971337,1.3153410300412,1.18453212940367,1.37977957134094,1.00331493679142,1.03513699842276,0.993082074341022,1.04155474266842,1.30326739221585,1.16513864213185,1.38174388635776,1.49812421616269,0.465068820854459,4.26863475726256,3104,TRUE,83.2285714285714,"1599"
"grnd.spa0913",-1.46518429958927,-1.55947854916015,-1.12685507761877,-0.789693057367202,-1.41106057387975,0.62478274621677,0.510337539060798,0.556973880218367,0.537488297873815,0.592247411284824,0.4744270521828,0.477422676692147,0.475263398213987,0.50089107982969,0.550035565235318,0.529092316967255,0.605192407635671,0.585224011960093,0.523509042811592,1.01343744634227,10452,TRUE,80.9571428571429,"1599"
"snsb.spa0913",0.0241497630920902,-0.362664056769554,-0.0598498019461923,0.630125842386603,-0.507512992994947,0.339413544262544,0.200527522300643,0.275076381970671,0.217262212495166,0.374135571863403,0.179355797762103,0.176446615759415,0.181467458240611,0.17531778973641,0.277935390437288,0.186435999980557,0.473136343748989,0.53885850140659,-1.06125599272393,7.37685549839921,8710,TRUE,82.7428571428571,"1599"
"almr.spa0913",-1.08367780217754,-0.694670965592292,-1.11136784098526,-0.77033821860486,-0.996334631706298,0.780557527695522,0.593507581488369,0.664759450534294,0.644479622713971,0.739912349234995,0.575542898687236,0.561319841003166,0.569484434014962,0.576335799936416,0.700797531353113,0.674587939268127,0.847743523859915,0.809657855123679,0.548390950361453,2.42787002781079,6780,TRUE,80.9571428571429,"1599"
"brgs.spa0913",0.0597653088818837,-0.256990846976487,0.130281723500993,0.0109484173024892,0.572865865711971,2.92019596797486,2.37950898548931,2.59737903006194,2.34932823425874,2.80325285706428,2.03163454573668,2.1540414453158,2.0019098730979,2.28103844446994,2.38566580462842,2.13480522153751,2.61497093530642,2.20318130812974,1.95472615138615,3.84015768753468,7715,TRUE,83.2285714285714,"1599"
"slmn.spa0913",-0.0522826318804068,-0.38015515446906,-0.341731476140164,-1.4207339168003,3.97056243382519,0.517161881526429,0.372398624712594,0.438095960282182,0.383691434755858,0.485444359224635,0.333263169781232,0.338275111813966,0.325817277308217,0.348200712273988,0.440467750019452,0.380314146976947,0.499637006145666,0.554246963981264,-0.0228116139065188,2.36955028905712,7402,TRUE,83.2285714285714,"1599"
"albc.spa0913",-0.166839113327491,-0.484135124778137,-0.495101537222473,-0.355472578142146,-0.543553043964037,1.05801105060805,0.809790168076652,0.883813795532582,0.843957702130878,0.950847007119563,0.734258549620605,0.728794603432647,0.723125078737437,0.767091569752491,0.862054221980231,0.802338947093012,0.97708056241101,0.933843459096936,0.68618829139391,2.2286722564069,5524,TRUE,82.6,"1599"
"cstl.spa0913",-2.00870437630354,-2.26673376575728,-2.6685371403758,-3.63688074978482,0.426017987179808,0.523324410067543,0.364921612193648,0.412195937841597,0.411884540540601,0.393458923266419,0.368060280981361,0.344312252346799,0.354465874166133,0.299838085428618,0.471440657912995,0.464971750873809,0.507250804919256,0.577237393976528,0.196882498632685,2.48462636293008,6274,TRUE,81.7428571428571,"1599"
"hulv.spa0913",-2.02758717795192,-2.47654098862825,-1.96638975743838,-1.50025071693581,-3.31937213339731,1.58429516316645,1.35272325395993,1.45822595970834,1.3624778508309,1.60857275563391,1.28284400940678,1.30552145263147,1.26876869140158,1.39212639691449,1.44167147873385,1.33109394230793,1.65814134269564,1.50421048828716,0.928515258546393,5.31514611558861,5618,TRUE,80.9571428571429,"1599"
"cadz.spa0913",-1.88652431124984,-2.08430988466745,-2.05104282328102,-1.82130222267688,-1.25863452051554,0.995989400603856,0.760656023476183,0.845315088058143,0.782587718334763,0.907587587635246,0.695635478408074,0.70197298530999,0.690690477164337,0.705461208303295,0.81430257902033,0.744192579644701,0.931349249999553,0.891666415299693,0.451553675507062,2.5881538018862,6001,TRUE,80.9571428571429,"1599"
"leon.spa0913",3.42858450445044,2.46527177214728,3.19620766129336,2.93174868268843,3.71102006048274,5.11073252566474,4.53578690088591,4.75446017877626,4.55030417838939,4.92797670423168,4.17188097517516,4.30782553981029,4.16546858710934,4.41424594239749,4.53671440773416,4.34172191424983,4.7289306254469,4.41355624008586,4.02379075916627,6.70593789030313,6768,TRUE,83.2285714285714,"1599"
"trrg.spa0913",-3.38487380041483,-1.99648804385512,-2.6458971625406,-2.46819524572565,-1.69483775850637,1.78719005863826,1.3353359559383,1.45492943015222,1.46558885890504,1.31576031672824,1.15792892798119,1.1656221049501,1.18347439201929,1.00338796740437,1.37672076797018,1.39344924573183,1.28126524428164,1.68354209547211,0.0305718352564199,10.9274115121938,4697,TRUE,82.4857142857143,"1599"
"jaen.spa0913",-0.402787976046438,-0.371397638220148,-0.0505420533175814,0.868750133108258,0.627844228056604,0.928076147215255,0.732221963408855,0.78990353756983,0.74019336049011,0.90734353800287,0.716771996482116,0.684662585577859,0.685402322542361,0.69798594914425,0.813263025296947,0.753820323283172,1.02684474486248,0.981139892641583,0.279016195114371,4.76605314285155,4304,TRUE,80.9571428571429,"1599"
"lled.spa0913",-0.539965741951386,-0.473332133476241,-0.671426764997795,-0.771066573032299,-0.0645797475236121,3.1297750423013,2.49678166880756,2.69072531391137,2.58712736236158,2.98227042828035,2.13425616846255,2.21415849264803,2.15411337587331,2.4138970265006,2.46310015709071,2.35257145057621,2.78562689102963,2.50547820085184,1.88382128859881,7.04613667402224,5270,TRUE,82.4857142857143,"1599"
"orns.spa0913",0.950721335602855,0.759291177853836,0.719453380106996,0.490744156281991,4.20457665177748,9.26866055177566,8.05181311218361,8.60091280945698,7.8779919520898,9.26671256657739,7.09898232943455,7.51467528913045,6.9550380136664,8.02171307856734,8.06285865763042,7.36085761677816,8.69874656453639,7.09143139622889,7.31429694114057,11.8925031105924,5320,TRUE,82.2952380952381,"1599"
"avil.spa0913",1.90792129634404,1.48020700807278,1.44155142505913,0.418957481728111,4.32672679084309,3.0743284392682,2.41034564337074,2.65423005860701,2.4370508037596,2.80547355414531,2.10522434539287,2.17057411530631,2.08166331253841,2.22212345498421,2.50018557084501,2.28024300505315,2.67890435866569,2.68653035859041,1.42646417044031,6.94462718551846,2290,TRUE,83.2285714285714,"1599"
"cunc.spa0913",-1.17892863447533,-0.192613683481424,0.229076893743489,0.509965459746074,3.73705186731032,2.61238826083081,2.02121155216331,2.24105308637232,2.09587893638051,2.37540398782034,1.76739817839561,1.81642957122812,1.75985152451584,1.91464655137713,2.15645635875458,1.98320508920252,2.36792247954903,2.20670923612991,1.74101465089657,4.74824466911825,2413,TRUE,82.6,"1599"
"hlsn.fnl9411",-0.000425499989255701,-0.231731962195195,-0.253942937050053,-0.291284913641847,-0.28836621264116,0.120557536355305,0.0844114463355994,0.0952453045025549,0.0918619281169238,0.101464547348082,0.0775200451780927,0.0773749742940504,0.0774768573620428,0.0796208924181002,0.0998187821550279,0.0898126883835496,0.109763437229949,0.111743196196723,0.0667316751404003,0.232230895519826,34579,TRUE,51.5857988948878,"0064"
"hlsn.fnl9411",-0.474366860306848,-0.533809962703703,-0.653779268465884,-0.859479044691815,-0.111337376459683,0.0379542660109253,0.02580621529369,0.0294764912054335,0.0283278692401613,0.0315359502892161,0.0236187799526657,0.0235165328483976,0.0235684067683079,0.0241994196432763,0.0313754738255296,0.0277830392973724,0.0348447803757993,0.0355982624223881,0.0196208916668368,0.0780563488218568,95816,TRUE,84.652380952381,"6599"
"pars.fra0015",-0.279477651943785,-0.393553749487305,-0.242523926733217,-0.567628237666744,1.29387200524051,0.0771792116488196,0.0636764921522417,0.0696107662260012,0.0627407705512277,0.0867887735284373,0.0565596207985666,0.0591710607851543,0.0557365522259903,0.0686681539554812,0.0659495468826172,0.0583612067067821,0.0841121533672342,0.0708401598001614,0.017153590295929,0.391525885138231,156694,TRUE,50.8893383557245,"0064"
"pars.fra0015",-0.436338889040607,-0.603939482358521,-0.609437614636707,-0.864977555190895,0.89804791092139,0.0221777648588525,0.0180770502810401,0.0199216647450821,0.0178218214525614,0.0250493604406499,0.0159657717652183,0.0167391569169168,0.0157425635593775,0.019459198064465,0.0188883322603055,0.0165292864147625,0.024388220706003,0.0209774581207091,0.00215867604612554,0.125805129615216,501013,TRUE,86.8428571428571,"6599"
"lyon.fra0015",-0.806756114996724,-0.857290926014574,-0.807677665690422,-0.566963194674608,-0.915713890183336,0.28725893275409,0.228446919451588,0.259688502024473,0.236859816382108,0.288016219979347,0.211769861485543,0.219111661035061,0.213081489506694,0.230036099494154,0.259724126843523,0.231059612728707,0.292761919656543,0.268163521026167,0.167136197942952,0.691401528505551,22486,TRUE,50.6905761998332,"0064"
"lyon.fra0015",-0.668213675156277,-0.596918303738649,-0.775033009170492,-0.518101325498248,-0.55166950448479,0.0628694109137063,0.049320664278431,0.0566357319498917,0.0514378726338842,0.0626849457768931,0.0457536015409688,0.0471876348297979,0.0460555508061401,0.0492786009333518,0.0571668436983716,0.05031481423433,0.0645533940679115,0.0603518672865962,0.0342244283547816,0.158013460155481,89896,TRUE,86.3619047619048,"6599"
"lill.fra0015",-0.511745722542399,-0.548348323956267,-0.527730218424328,-0.66776889521371,0.277884425295034,0.436055127783581,0.360286598415756,0.389745422112405,0.356644545100316,0.465148253922677,0.316191260178768,0.330089421116746,0.312902091322346,0.372783624763556,0.36254550326644,0.326225797465216,0.44150984540807,0.376808133788929,0.165058250996729,1.58426843743577,33642,TRUE,52.4514911472684,"0064"
"lill.fra0015",-1.27334562918627,-1.24555357948665,-1.4080541986392,-1.36774368606873,-1.33271836614581,0.136652444325909,0.112012855513632,0.121882183566473,0.110658540981964,0.147863284321346,0.0979090679175129,0.102440534735538,0.0967405849973614,0.116864874446187,0.113468447825772,0.101036151331515,0.140796849248915,0.11998811904792,0.0416189588166759,0.554923508615137,98371,TRUE,84.4428571428572,"6599"
"mrsl.fra0015",0.798920528243116,0.431876956099284,0.365204398363341,0.269964183591032,1.54143412611249,0.128570793279529,0.0930689631078393,0.107315875459698,0.102440070623387,0.12090267432535,0.0942741319605453,0.0901711407402264,0.0928152653107025,0.085079260772501,0.120710960913233,0.11229731780093,0.142314832333943,0.154601014350535,0.00593421538550153,0.931631659577351,25400,TRUE,50.6434643433334,"0064"
"mrsl.fra0015",-0.741176583071364,-0.630576461610786,-0.670696995097698,-0.774314856609871,0.162282274360722,0.0246423543316932,0.0171761163958651,0.0202785120052142,0.0193248462285716,0.0232279926324113,0.017753104998515,0.0166962947522387,0.0174348586818061,0.0153129538306954,0.0237086155849951,0.0218757916595233,0.0287964808739484,0.0322792650614553,-0.00419474642611189,0.222689023722096,111954,TRUE,86.3142857142857,"6599"
"brdx.fra0015",0.19993093126835,0.295004289015731,0.0896710604319644,1.05757907815716,-2.46791698920324,0.244111428482941,0.168182247388049,0.211327235192897,0.161795204180915,0.287478670337938,0.147239818654153,0.158640511037825,0.14329418576645,0.185475046497407,0.21356754660901,0.152972479814401,0.308283936831569,0.268825427158195,-0.131427714461317,1.74718103797314,15842,TRUE,51.1735741162464,"0064"
"brdx.fra0015",-0.361043638601113,-0.130692173554753,-0.400195587759463,-0.38708063823891,-0.0890261528871595,0.05549257495703,0.0373777828104305,0.0477660139897606,0.0360692427713503,0.0661098724577942,0.0327963814234571,0.0351566689893938,0.0319160331296701,0.0411624569292149,0.0488525873265825,0.0341974748010092,0.0721064223406055,0.0684002307945658,-0.0498528925691272,0.473884354330156,62446,TRUE,86.2571428571429,"6599"
"tols.fra0015",0.819544995046215,0.320465180155491,0.49533665080875,0.839783924738402,-1.16362726785875,0.289403599812588,0.203556697077116,0.248305234741292,0.207938209183108,0.311072151893121,0.180938951160053,0.190929480848736,0.179434268765921,0.214236535040818,0.249138992705767,0.198983313068138,0.328526061883274,0.283011806352472,0.0599074678687274,1.11337910003837,15289,TRUE,51.1644432380197,"0064"
"tols.fra0015",-0.496148355575319,-0.619825730188495,-0.756168613051768,-0.888421860107717,-0.475106494591382,0.0642939725453828,0.0441715431843094,0.0549932514381101,0.0455335664401821,0.0695543150093719,0.0396086452587414,0.0415597305831887,0.0392851805398414,0.0466660024281542,0.0561729914529468,0.044076282810744,0.0749796074575246,0.0681624494470131,0.00666549048356327,0.266825476657368,58430,TRUE,86.4380952380952,"6599"
"nnts.fra0015",0.417995662236351,0.252512831707662,0.118274328310376,-0.106436549081612,1.20366102396047,1.02816256583641,0.831369787141871,0.921222273954452,0.818525380399365,1.09483920007828,0.71184818202992,0.762804543861997,0.698929544167006,0.880654982036756,0.859535519878714,0.753747671105128,1.03281446424809,0.825104571273061,0.532385493420661,2.86755823518222,14745,TRUE,51.5322886749152,"0064"
"nnts.fra0015",-1.18141267182114,-1.25518830065138,-1.31355113400347,-1.56680773032585,-0.655295367291192,0.267508392110769,0.214303114670708,0.238906491289427,0.210458321357718,0.289649225138562,0.182127091896702,0.195897701122509,0.178440960404038,0.229792197327777,0.222553476867314,0.193186041067069,0.273127402487535,0.217675400062815,0.118945024588393,0.858041903979899,50134,TRUE,86.3571428571429,"6599"
"nice.fra0015",1.04164638326312,1.04369751023879,1.04303881148108,0.818462232175584,1.73086558156671,0.522970546547997,0.389160829491329,0.432568913594802,0.423803321335506,0.464383384924926,0.370275264362298,0.369737951647592,0.374578039466016,0.369626698536623,0.451156320745947,0.433131877905929,0.500235955584034,0.496208913697086,0.319903178110534,1.39689202874955,11919,TRUE,50.6063914973985,"0064"
"nice.fra0015",-0.0492032521265883,-0.249138032487302,-0.391418845722001,-0.376521765007205,0.25282657755862,0.0842876756393786,0.0601576768984094,0.0684538976267371,0.0668307051072931,0.074395105629022,0.0576945488957514,0.057302138827536,0.0583176859031019,0.0571050978586803,0.073126430360657,0.0696562164858404,0.0826432413598387,0.0829162777886561,0.0457538580677852,0.264603226251394,63100,TRUE,86.3142857142857,"6599"
"strs.fra0015",0.411805310946854,0.382810586738336,0.181495022359211,0.439120409498396,-0.187932387665004,1.03397425727554,0.869297622165817,0.943966134570031,0.879169160653357,1.04180519695832,0.793808846208228,0.823978327059584,0.795081092825131,0.881213705164597,0.911551038325784,0.838248762079052,1.01267174934802,0.913121903590039,0.67352225575213,2.28327013605786,10889,TRUE,51.0883443173614,"0064"
"strs.fra0015",-0.462006606943261,-0.37725974278388,-0.55675778882622,-0.622788574413063,0.389286953084131,0.242935536264985,0.201649946913072,0.22043133157258,0.20484664583903,0.243528844473848,0.183326305064089,0.190485462338151,0.184088664809795,0.203482992019798,0.213033544439689,0.194981782735248,0.237100650516818,0.217622120759684,0.147598009994328,0.562972388508113,40765,TRUE,85.347619047619,"6599"
"roun.fra0015",0.691878686229556,0.255024280634651,0.531125803423966,0.599690614588103,2.41248920689416,0.753192190283533,0.601398547684603,0.661182896306571,0.590133527367347,0.845896526456367,0.521229030149246,0.546160283678343,0.512254557804701,0.643983718937319,0.612795637308842,0.535927796584044,0.801941708875902,0.690079190853556,-0.0192725527522538,4.96084911129386,13811,TRUE,51.4939272517544,"0064"
"roun.fra0015",0.213450299239506,-0.113025900452322,0.0315495360670516,-0.294038979851842,0.855494299960202,0.202496567843408,0.161038684185956,0.177914006638623,0.15823433160995,0.229117272225748,0.139569403468946,0.146365574553653,0.137447782385432,0.172319375675541,0.165463530398496,0.143903685211803,0.218357281510936,0.193621066724786,-0.0342688246498486,1.50463871426945,47743,TRUE,85.3333333333333,"6599"
"mntp.fra0015",0.0975709307826893,-0.271754167298036,0.329317996978515,0.345500621065337,1.20202528078305,0.467903747288445,0.349424741325539,0.395662778128461,0.37822189646992,0.447893566265446,0.342985529150851,0.333964418376132,0.338881080764884,0.328859275118054,0.432030988227801,0.399906154051498,0.52380208338488,0.549499751375391,0.040941361840345,3.05137481040075,8447,TRUE,51.4850162417617,"0064"
"mntp.fra0015",-0.171884362947673,-0.571337055468766,-0.344159264130382,-0.348982386090771,0.766236474140172,0.101116213891729,0.0733201285667659,0.0846538196363677,0.0810827942611588,0.0965923872464621,0.0725762733366677,0.0697826310145288,0.0715104628316972,0.0676959837807206,0.0946352233085375,0.0878385451250126,0.115972710485901,0.130659102477398,-0.00978939971961536,0.767805477764369,31857,TRUE,86.1047619047619,"6599"
"grnb.fra0015",0.589120931301446,0.632097121497915,0.615452226661984,0.95709776266087,0.110432758573719,1.24952567210119,1.02500736604086,1.12084823061637,1.04882024737705,1.20024887358046,0.925503486420708,0.963594185346615,0.932003129026752,1.00929222473421,1.07435828112482,0.990774098931526,1.16443822617518,1.073158011541,0.838486096711238,2.13049734194535,9265,TRUE,50.8544543770841,"0064"
"grnb.fra0015",0.0770247527440324,0.0150923171273944,-0.0307821527046677,-0.0377710066730896,0.955183424021248,0.220259154395602,0.176669383206473,0.195681968494817,0.182257307448962,0.209517640071558,0.159823595686516,0.165846244512138,0.161270920544691,0.17292000058916,0.189348513656712,0.17261545159283,0.205957417213849,0.196272939241957,0.134809710637405,0.410978389877353,39452,TRUE,86.3619047619048,"6599"
"rnns.fra0015",-0.688513014160064,-0.858278195234554,-1.14118717468968,-0.588946493832,-1.25123977796385,2.27210687010419,1.80047864790876,2.02232382110976,1.74758733604561,2.57588177592418,1.5257892328713,1.64382688063308,1.48108163689172,2.00082660144831,1.8876340233119,1.59801401754667,2.45149481714501,1.87262652547169,0.720822290658831,9.65869448806285,5350,TRUE,50.9501730021128,"0064"
"rnns.fra0015",-1.19050662096574,-1.02542445494244,-1.21355036230387,-1.14665089135663,-0.869311126033394,0.49144352644938,0.386451485324927,0.436713769753806,0.375573100741766,0.562032106514791,0.326038011401802,0.35233617496758,0.316747390987357,0.432412798156553,0.408171490619028,0.34346098080804,0.535681851915537,0.415606964167732,0.111070658534372,2.36432517619963,19135,TRUE,85.6285714285714,"6599"
"nncy.fra0015",-0.327684321019447,-0.197592516224564,-0.514721889041169,-0.523273818447438,0.372680502388883,1.54166105334071,1.28674448764432,1.39581219121668,1.2979624338198,1.5673781878647,1.15115350701967,1.20139102082792,1.15422906592122,1.29714915483422,1.32288939340878,1.21625379717679,1.49824580832833,1.31362459196801,0.966707685842416,3.63300817986699,8989,TRUE,51.3266095241428,"0064"
"nncy.fra0015",-0.374026868422654,-0.609988040603943,-0.534644877603866,-0.995944410532357,1.07025799327708,0.377634956025067,0.312361014651808,0.340922287956012,0.315928361152923,0.383823234848257,0.278240974677262,0.290942158924606,0.279519142519163,0.314250422347508,0.323147898004369,0.295659002339445,0.367070654873931,0.326243025599198,0.219247218384528,0.968013192925903,33612,TRUE,85.0142857142857,"6599"
"dijn.fra0015",-0.353142742461067,-0.0198699984555249,-0.198746801413371,0.529655604391899,-1.57898865942606,0.870651980764886,0.666334181978416,0.766248710895621,0.685200155686793,0.882795196694497,0.621166536142718,0.631705424532882,0.618916876157417,0.667965075607415,0.765221475800032,0.661851182462995,0.899889475708554,0.848146656033326,0.274195655175595,3.37583917026332,5691,TRUE,51.03253303498,"0064"
"dijn.fra0015",-1.16331700181852,-0.819268205025435,-1.16395517470539,-0.945228913984837,-0.81007436352247,0.168762110533814,0.12676253249414,0.147420129832785,0.131374833318281,0.169450496175878,0.118942920650869,0.119831751721002,0.119011045284404,0.124887200003955,0.14852701266387,0.12702613916593,0.175000629048586,0.172773197506244,0.0404686081907672,0.688487633281221,22230,TRUE,85.7095238095238,"6599"
"clfr.fra0015",0.398877974343081,0.260400324023308,0.677507713709029,0.16328690271305,3.36418097952313,0.87937533435335,0.695036721148492,0.780236839048546,0.708375959121293,0.894187191107613,0.635425362842573,0.655089416044189,0.637243189293051,0.699183040657987,0.754285205167738,0.671200763429408,0.882040553493014,0.834357576408498,0.293070420566105,3.20022116409675,7458,TRUE,51.2390463580061,"0064"
"clfr.fra0015",-0.794862207755512,-0.762224707385574,-1.035143311944,-1.08597100873091,0.402309256014065,0.177280309520469,0.136118202934699,0.155265859080459,0.139253027662481,0.179890162433586,0.124794428796507,0.127852492254097,0.125111618225395,0.136158002397177,0.15149670009649,0.131827420136361,0.180866675269518,0.17843775265218,0.0262148335812143,0.79137152314666,27988,TRUE,85.5761904761905,"6599"
"lhvr.fra0015",0.92050625700567,0.620409850067035,0.989056261210072,1.4653438504623,-2.14431646945077,1.96203681969886,1.60623857151039,1.74666696847504,1.59905282704443,2.0978390526367,1.38661673228112,1.46458485478237,1.37272807479122,1.70010788293921,1.61406703671757,1.46141588176283,1.96547645064699,1.71243488073607,0.487801914602077,9.60328774113632,8550,TRUE,51.4939272517544,"0064"
"lhvr.fra0015",0.0154407483279636,-0.353552403789657,-0.0275707687830744,-0.905590528052688,1.17647714973322,0.568755356539219,0.463233206304521,0.505258835185067,0.460775973312306,0.613395830031774,0.399182077258114,0.421980365333329,0.394954520170756,0.493214326719269,0.467115607300204,0.420867995126286,0.576013926263123,0.507864819966242,0.0783602832434579,3.20618864204559,26915,TRUE,85.3333333333333,"6599"
"lndu.fra0015",-0.165251401368992,-0.629704120598125,-0.399068172225129,-0.247952303545461,-0.524606236358537,1.15877240232869,0.960866445149552,1.03768751797274,0.948655812757592,1.2587839989655,0.841723909437099,0.879998791997019,0.831304412729616,1.01016625304009,0.963362479500758,0.867618271093506,1.19033064972232,0.998786392425307,0.417065773940268,4.62662153757115,14010,TRUE,52.4245634590761,"0064"
"lndu.fra0015",0.212592086171988,-0.223722332658522,0.0322495974358187,-0.553398731502057,1.89494299421316,0.373551044899639,0.307067385334684,0.333774746655944,0.302310376741902,0.412740293695298,0.267898071352619,0.280822671694661,0.264054061575978,0.326175130194714,0.310124998808316,0.276047529049263,0.391809147189622,0.328851304572218,0.0976565835961197,1.70896025422238,39376,TRUE,84.4428571428572,"6599"
"seri.irl8407",-1.3766803282665,-1.56748609480191,-1.47006087244719,-2.01072109670586,-0.809428111468226,1.96407078616845,1.78734793990108,1.85583558518142,1.81501373367168,1.87982310639252,1.65067084082755,1.70061026343616,1.67144766802838,1.71549236428436,1.76860165614837,1.72924676052962,1.79119310571465,1.72822948504039,1.70334243782033,1.97695788055244,40351,TRUE,51.9790497884793,"0064"
"seri.irl8407",-1.01111250716086,-1.35518293234534,-1.36665756573009,-1.77366096469625,-1.77496383305661,1.88455367157694,1.7112932361058,1.78101080780605,1.74153322334039,1.80258938408947,1.57739979181942,1.62834404964494,1.60030188853242,1.64109648440905,1.6977852262859,1.65940878544649,1.71868177816979,1.66183230391561,1.62512251875632,1.92682900139086,41689,TRUE,70.1512667150839,"6574"
"seri.irl8407",-0.780297453426653,-1.12359892408546,-1.03641842210945,-1.1323286486489,-1.31555112609503,0.720752243864814,0.65444002797072,0.681493424222289,0.665560912748228,0.690898439662884,0.603417619757988,0.623113355607578,0.61175762781657,0.628852754140503,0.650132558679638,0.634670942203999,0.659104388675064,0.635421972210101,0.622093327284278,0.742919918922237,103584,TRUE,86.6857142857143,"7599"
"rome.ita0110",-0.160057610372892,-0.643307669126717,-0.610611910461356,-0.425248665090449,0.10710730152377,0.114795623210785,0.0990424280532003,0.105393215068625,0.10302499581823,0.110376360372053,0.0908413021187813,0.094127922838217,0.0927846597883544,0.0975060437096043,0.102346084456328,0.0993980358710322,0.108505324264259,0.101826543376138,0.0943765481108471,0.171174534446425,208407,TRUE,81.7428571428571,"0099"
"miln.ita0110",-0.944543234979199,-1.06845589254679,-1.19821856448981,-1.08225396236225,0.0533411735265779,0.140062349670911,0.126626387390816,0.134206681574572,0.130241677210186,0.139954997861612,0.125990133763529,0.126931126679623,0.125585111639063,0.129387647013042,0.138943447169491,0.133410780047142,0.145770701547911,0.141699012368991,0.117541071223579,0.235475353759414,102836,TRUE,82.2761904761905,"0099"
"npls.ita0110",0.174866404912494,-0.165787820868073,-0.413101631841706,-0.256084289074712,0.0568663738403249,0.596616392625921,0.499830040712222,0.521565046847845,0.524035145333059,0.512186436696915,0.443814464577681,0.453174302849388,0.457028573962967,0.444730197580294,0.489343651670796,0.482401602161984,0.495718800628172,0.500816980997102,0.452803076309523,0.654567537605643,33443,TRUE,80.3142857142857,"0099"
"turn.ita0110",-1.29291994112128,-1.57047549222339,-1.7869427079072,-1.37699700362018,-0.846854928848094,0.50201122296529,0.457275904737546,0.480721189482494,0.472311170454512,0.499066092166732,0.435176353579394,0.447264470450939,0.442506399498548,0.458249145312242,0.47623004982023,0.466037948146223,0.496532931418485,0.475810125957886,0.45015352644661,0.703201324366803,72835,TRUE,81.7333333333333,"0099"
"plrm.ita0110",-0.234849653613561,-0.538541639777688,-0.641024961243504,-0.0816149692443152,-0.160727866585573,0.375555530175644,0.321110768104611,0.334030236137431,0.333027906694272,0.34300264045475,0.297184143398468,0.299895719188708,0.303997404949091,0.300877742582132,0.319408125927585,0.315496170003522,0.330609096623556,0.345798441839156,0.260488019280176,0.675370646425736,48411,TRUE,81.0190476190476,"0099"
"geno.ita0110",0.551046585005843,0.560101187405591,0.162548942985113,0.416179998162295,0.473069832216814,0.3712022386674,0.294937173065204,0.331120732294363,0.318611603350522,0.354926765601969,0.260991639688788,0.271292558169667,0.269605492133908,0.280163835573943,0.327898908671339,0.309260130837399,0.355554151811667,0.333476146100412,0.270970117151482,0.680079971294533,29546,TRUE,81.8666666666667,"0099"
"flrn.ita0110",0.0716028983287748,-0.400877439305356,-0.341562717276,0.326291731564615,-0.445256124485784,0.504255648515527,0.432091429731035,0.470689700817317,0.445205570853801,0.503859061664933,0.39917696630622,0.416791099739079,0.402216917193015,0.436513524055341,0.466937056273162,0.436178204447195,0.505775851623404,0.448539790083651,0.404196130584494,0.808556404942585,31078,TRUE,82.6095238095238,"0099"
"bari.ita0110",-3.6286404986184,-4.24654256919048,-3.57831014504237,-4.20786305647828,1.0651452677717,4.30507472794224,3.98575480472006,3.99391820177046,4.01258813307616,4.08298371205317,3.91140984872419,3.84198430970396,3.90091977650447,3.8631316345494,3.92739345715347,3.91840442420007,4.06145630059067,4.18737894711721,3.72831552044087,6.05069100521628,7234,TRUE,82.1380952380952,"0099"
"blgn.ita0110",0.812645031977155,0.530601105637273,0.555136607864325,0.996702562722523,1.9043789266464,0.635927147484707,0.554577696242611,0.59479913451688,0.564110882110959,0.650988519560216,0.510207454228041,0.532764073077656,0.512120666519838,0.573165389261898,0.581570780123595,0.546723326937616,0.643039345484377,0.556467892111091,0.510869083328806,1.1199072685206,39553,TRUE,82.4523809523809,"0099"
"venc.ita0110",-2.31385697948104,-2.48328218210243,-2.7123255945734,-2.5713818652914,-2.34858379312254,2.41301589603417,2.22996440758477,2.31630512646094,2.26808892192612,2.36945197499584,2.1299178248854,2.18174697702757,2.14653272344954,2.22087524890134,2.28636006479016,2.23204370738572,2.34094676731962,2.22938461695677,2.21776211954415,2.68920850196631,19365,TRUE,82.6,"0099"
"trst.ita0110",-1.2581066759912,-1.24911936585925,-1.85452970795939,-1.6136528162856,-0.458793245570447,1.25038627378689,1.04893993369048,1.12345655265145,1.07177247913601,1.22774976413235,0.940124851259662,0.975975394525433,0.944886219250715,1.04559197911542,1.07481628580427,1.01078670895379,1.18745904947256,1.03706144829332,0.967400255246167,2.0256847157138,12825,TRUE,82.0047619047619,"0099"
"trnt.ita0110",0.609111358639439,-0.447197220853432,-0.130490045559508,-0.400906235343032,2.95751124879932,1.23578042052872,1.02330613956042,1.08616297221065,1.05553198372828,1.17136160017514,0.918100089609885,0.94687789306215,0.932689235576765,0.989404938101128,1.03809290865176,0.999127670907266,1.12512401238536,1.02899641681219,0.97164613416621,2.06010760954543,12764,TRUE,82.1380952380952,"0099"
"cglr.ita0110",-0.475541823561851,-0.358299740948815,-0.677279398029758,-0.332999938280094,-1.17464732398572,1.03315669791502,0.887665637686116,0.940690620131291,0.918275337684521,1.03608745048328,0.838764910238206,0.855354356564934,0.850075270472475,0.904404790916621,0.938497845683215,0.905682335748783,1.05475901303003,0.963618284141461,0.890362475918577,2.07013678754621,12716,TRUE,81.9523809523809,"0099"
"padu.ita0110",0.320387016735105,0.211484519297943,-0.44112587102625,0.292033358377543,1.28898512029977,278.149929744424,273.490742632339,274.535735136975,274.127162477943,274.935284898222,269.441498127548,270.202950624157,269.993089846046,270.449104202581,271.500172366776,270.899182717095,271.96300797187,270.816629209155,270.900409493873,274.123913632583,4303,TRUE,82.6,"0099"
"pisa.ita0110",-1.46338035186364,-1.32863585035275,-1.70699109841043,-1.58499548113169,0.765965058130562,1.46308511876054,1.19813363250641,1.32073997206783,1.25985497253009,1.45238669466703,1.06797114400064,1.12754160699294,1.09032709405147,1.21150580960971,1.28445229921744,1.2155930525766,1.42803193140493,1.23231092366753,1.2108587079444,2.39050638793756,7699,TRUE,82.6095238095238,"0099"
"brnd.ita0110",-0.577957635773045,-0.475566351572912,-0.181138606196814,0.196095524754989,3.04263418831458,5.35255696238846,4.49363958053842,4.68533311118586,4.57291432101802,4.98473560796126,3.98229013347058,4.07893957221621,4.02194396817017,4.25031284791011,4.36806259853045,4.21101334370585,4.67691933501266,4.35660258308368,4.1950326095244,8.41854820089915,2405,TRUE,82.1380952380952,"0099"
"amst.net9516c",-0.282198793457053,-0.421730623957621,-0.410795668602931,-0.585677182383061,1.43200163324996,0.0487127753602026,0.0376529132994356,0.0428146250328375,0.0367658646443361,0.0559644946418318,0.0332979140750203,0.0350822515407719,0.0325864956329861,0.0406486108959404,0.041713768865664,0.0340374310513976,0.0581076954127484,0.0493982114132244,-0.0189031198055586,0.380900531904259,132924,TRUE,80.6952380952381,"0099"
"endh.net9516c",-0.000537552617425191,-0.373591842133778,-0.370876539616118,-0.0465257678983017,-0.76502926595433,0.175277801222026,0.14089600694519,0.156787336424918,0.139025708116976,0.18213315229618,0.127742123740792,0.132784876228583,0.12589327198355,0.144308544910089,0.152204496377964,0.130851354836775,0.181231649988498,0.162609645309494,0.0498786370121077,0.632535020898336,42725,TRUE,80.4952380952381,"0099"
"dnhg.net9516c",0.193538124492108,-0.243898349613362,-0.174030783324159,-0.0815963119559957,-0.196511749226607,0.0569328015023124,0.0431915781596554,0.0494500247041633,0.0428281896297717,0.0628805058124758,0.0381901554588058,0.0401636954832502,0.0376246710432363,0.0454093951940166,0.0483305878772673,0.0397941367130473,0.0653626245529176,0.0602450334366862,-0.0274860271027772,0.448517363699067,100303,TRUE,80.6285714285714,"0099"
"rttr.net9516c",-0.389443514236009,-0.512558493137946,-0.514445468901834,-0.683106816256166,0.743969098528516,0.0446399025902319,0.0340805843791913,0.039048019542258,0.0334586856922721,0.0495025125339904,0.030343329757457,0.0318144519883077,0.0297697452845785,0.0358924457102379,0.0382400462391277,0.031125603074903,0.0510889060171453,0.0459334235057019,-0.0138752514264568,0.302733881499624,133448,TRUE,80.6285714285714,"0099"
"utrc.net9516c",0.431816682669128,0.100526248576995,0.467083410175755,-0.154212200203191,3.01025908484325,0.160379845630007,0.12599463682195,0.142271606615321,0.122959020244147,0.178147478749529,0.112187009653418,0.117765644876025,0.109891360175964,0.133314558961796,0.138013203232858,0.114418766329336,0.180496202074644,0.154740354449036,-0.00953967444289985,0.908130219264576,43995,TRUE,81.0142857142857,"0099"
"oslo.nor6916",-0.400627984649589,-0.397299678334117,-0.471016091238665,-0.833703866009082,0.213299969708883,0.128300431436617,0.0865844143124752,0.097975520248047,0.091092567272919,0.105990076241179,0.0744290902724206,0.0756641239381411,0.0739931694634177,0.0781269575427967,0.0951711212690248,0.0844309978440231,0.106968111257512,0.106397271069138,0.047042711821871,0.270898917244575,44772,TRUE,63.4217437963951,"0074"
"oslo.nor6916",0.317260880739619,0.229008514033757,0.119386245109362,-0.131357778979933,0.550475597887451,0.0573566292249278,0.0386019279162024,0.0438804202761669,0.0405841144514334,0.0476979063895635,0.0331517424234555,0.0336519160977391,0.0328045977079239,0.0348487928860032,0.0432090210777342,0.038007468788385,0.0488685706362669,0.049534293148774,0.0189393334512811,0.129456153672627,91713,TRUE,87.1,"7599"
"lisb.por8012",0.038011750444427,-0.197918128717662,-0.179577618314501,-0.280103965433923,0.397663802591215,0.0522367960620591,0.0410766616319252,0.047060604579494,0.0393135887578144,0.0657021588848499,0.0381490007795537,0.0393401169471105,0.036451196344274,0.0475915758135478,0.0470391496026658,0.0375434057057491,0.069308137498182,0.0614152039416782,-0.0301770444235688,0.510233039527278,112777,TRUE,51.3639111242628,"0064"
"lisb.por8012",-0.267541326644116,-0.651700675522255,-0.649145791290781,-0.705325305675451,1.25225326636139,0.013038153663613,0.0100406468983272,0.0117039433822918,0.00948336971168115,0.0169916486210312,0.00940762874938176,0.00963912338243793,0.0089272793618701,0.0116897544690438,0.0119196184945286,0.00908727345222087,0.018496297341841,0.0170992503548999,-0.0129480287136397,0.157632334409642,371876,TRUE,84.5047619047619,"6599"
"port.por8012",-0.0105918704690191,-0.407815470499658,-0.411715796850845,-0.534894874858087,0.387459733289791,0.0165223462872574,0.0125820551998833,0.0150109579437575,0.0119029787688519,0.018660689528423,0.0115728186057306,0.0120760684066282,0.0110310916005955,0.0135216987131839,0.0155803725112723,0.0114293057252988,0.0203485326605721,0.0175113076593151,0.00177301762014165,0.0697706713082134,241784,TRUE,51.8774029724756,"0064"
"port.por8012",-0.147714641419974,-0.282322556520597,-0.360817351683122,-0.0712889682998239,-0.39424016417199,0.250670266564568,0.192031751106021,0.227399325894527,0.181417720100408,0.281211872388265,0.174962121325996,0.183159155935152,0.166654522707356,0.205879762053581,0.233496727869308,0.173128402717096,0.301739729594812,0.262016880745662,0.0278388012442893,1.0311883323602,16676,TRUE,84.2619047619048,"6599"
"bchr.rom9416",-0.0730677809203638,-0.166468202753832,-0.352515391239105,-0.302959659761363,0.572008494042436,0.011072370495312,0.00779086070353006,0.00909968797006289,0.0085870252345737,0.0101104338364988,0.00688075954547966,0.00715789603045057,0.00702210669124112,0.00769844595004922,0.00926328739864235,0.00853244483770071,0.0102870394944259,0.0104116407918162,0.00603539583553118,0.0267164544216307,504054,TRUE,74.8571428571429,"0099"
"clnp.rom9416",-0.161736504913464,-0.311117184827722,-0.378914071972815,-0.0574503920638177,-0.356420258743663,0.0807111263840997,0.0589975405540783,0.0684211642927253,0.0627465585136915,0.0743169148049219,0.0535825179100766,0.0562139128001517,0.0540781987914485,0.0595204264341779,0.0692486866066778,0.0617744981448209,0.0753547446133127,0.0734145445563305,0.0497040738956724,0.152133249557745,65406,TRUE,73.247619047619,"0099"
"tmsr.rom9416",-0.305396407445212,-0.338395375506533,-0.555363974436969,-0.264712800223117,-0.233319615090634,0.106669468610486,0.0861688692256104,0.09481199625398,0.089415118332654,0.0996311763080967,0.0813290310587893,0.0833113938018034,0.0816912075248834,0.0852912334057983,0.0946990817369215,0.0876728032574564,0.099877409237799,0.10216597244442,0.0679205757293757,0.191779577123958,70010,TRUE,73.2428571428571,"0099"
"crav.rom9416",-0.0348263141908306,-0.102667566289618,-0.297132741468672,-0.0362411399708313,-0.151264031679619,0.0930394941542991,0.0661921817576285,0.076459783088509,0.0717947206814858,0.0847760589844831,0.0574666032624556,0.0600252233439289,0.0586279453908382,0.0648723332963144,0.075345841215831,0.0683000251474996,0.0841243950665182,0.0815651279440063,0.048767670736074,0.248958055841855,57867,TRUE,73.6,"0099"
"cnst.rom9416",-0.538500395636775,-0.786275719010913,-0.924165637819633,-0.595482734696172,-0.412440174342398,0.148838431902137,0.12028176958477,0.128404734821557,0.12765463699024,0.135591713618359,0.106851676525666,0.109093224489955,0.109575639432801,0.112915757167027,0.121983761043569,0.119817115355495,0.130153911766942,0.134619776606873,0.101268303235278,0.248097994326211,73990,TRUE,73.1809523809524,"0099"
"iasi.rom9416",-0.542221314505629,-0.541660085781458,-0.750351623867886,-0.693154594370019,-0.226630765674952,0.150451308483391,0.114797950825183,0.127098103397968,0.121237597528938,0.136007853226331,0.0993906621406205,0.104118606449062,0.102153083211864,0.109185810898947,0.120567569840056,0.112728079408753,0.129144876499714,0.125273404628713,0.0956581479967263,0.308420029445117,60301,TRUE,73.1904761904762,"0099"
"galt.rom9416",-0.82671024744799,-1.04283086604384,-1.27391341862632,-1.44296283129087,0.15586753241462,0.101302259832863,0.0741124841592394,0.0838925346254312,0.0802478805399851,0.0903723308995575,0.0651598195021559,0.0674221229037843,0.066904782979904,0.0703199337948106,0.0823336287503394,0.0769592735956606,0.0886829643715608,0.0919938899104404,0.0551965416454486,0.221821447053054,58052,TRUE,73.1809523809524,"0099"
"brsv.rom9416",-0.686451341853224,-0.640902718420394,-0.783485647020927,-0.809059942248189,-0.732165654130702,0.0980118162693797,0.0726403057662982,0.0839225892591006,0.0786294521807613,0.0885708705959966,0.0634868002595977,0.0672935429527312,0.0653956173668204,0.0697789172668953,0.0821363955659011,0.0749244323159389,0.0870520058799272,0.0887466201943364,0.0568954083592913,0.179993692885339,61466,TRUE,73.8904761904762,"0099"
"stck.swe9016",0.244292022225946,0.204067823733043,0.411131235047576,0.0558371871714961,0.99144429981191,0.191240847879351,0.148300581050881,0.160271459840031,0.154802803583816,0.167881995990043,0.128596932406335,0.132248667397781,0.130127629312972,0.136287244958385,0.151927300083758,0.143235328565407,0.162373164820667,0.162950596785839,0.119312994537212,0.280376535890396,64691,TRUE,53.1950970500235,"1564"
"stck.swe9016",0.226605557109588,0.118009236927947,0.0197402288522826,-0.033440801915178,0.203770606680806,0.11641407736734,0.0894298510603645,0.0971713357094457,0.0936370968871655,0.101855999119713,0.0771495296789181,0.0795694213606924,0.0781722759139298,0.0820840052228897,0.092195342457327,0.0865700134220567,0.0987050273734583,0.0989272769838557,0.072077531256996,0.170707807409474,69746,TRUE,70.1255433987233,"6574"
"stck.swe9016",-0.55361518546314,-0.639217469244733,-0.728463066761775,-0.952346723913425,-0.168667163233511,0.0616335049688987,0.0474938928062291,0.0516177946338187,0.0496305101800849,0.0542123960446234,0.0411767576211468,0.042422439610995,0.0416216461440893,0.0437899617460204,0.0493080482077624,0.0461278975791714,0.0530054083026599,0.0531821120152923,0.0373405699997916,0.0956457593647667,126836,TRUE,80.2530738345447,"7584"
"stck.swe9016",-0.116106167129179,-0.293681095959638,-0.285347190131935,-0.444825416024221,-0.0340417186463456,0.050043693599944,0.0384049986403228,0.0416295254476534,0.0402051223301769,0.0435799228616121,0.0330389480454515,0.0339210188848418,0.0333850056875339,0.0349447376552221,0.0396833017372358,0.0372375009089789,0.0424379886942198,0.0435375290263594,0.0297628569554217,0.0769426461666681,152876,TRUE,91.6666666666667,"8599"
"gthn.swe9016",-0.402031950577215,-0.320558476690791,-0.603472201900267,-0.118169426305452,-1.4111782641665,0.301758320409238,0.232861914110639,0.254311898048658,0.237434358926877,0.2746864843814,0.203903193272183,0.210269019330148,0.203290318217283,0.220184316160106,0.243266442761709,0.219406547849146,0.269082828753891,0.257529647814074,0.1501337955856,0.569914768439975,27225,TRUE,52.5881733747119,"1564"
"gthn.swe9016",0.39814393875104,-0.0541835389550527,0.119329952623463,-0.0426480033916152,0.133318017055248,0.232557296484656,0.178424535447505,0.195603774223177,0.182478830398269,0.21131367063519,0.155109763471112,0.160679123444378,0.155051590690023,0.168380016225861,0.186871786394998,0.168073360899091,0.207355105491007,0.198533792975552,0.111742798356086,0.456031168112167,31021,TRUE,70.0846832165813,"6574"
"gthn.swe9016",-0.448838643742172,-0.548167723722098,-0.620057931320281,-0.463639885256514,-0.451677028833701,0.107657963356542,0.0825980082076922,0.0907473238907909,0.0843503946791994,0.0982386260926902,0.0723807871575957,0.0747983671691174,0.0721613892744592,0.0783394024928032,0.0877001704142333,0.078394758970835,0.0976087788935495,0.0938865610937364,0.0507590884815951,0.216115906169202,61890,TRUE,80.2479814421479,"7584"
"gthn.swe9016",-0.0854068194905458,-0.264518266448897,-0.355202237373171,-0.492792537641564,-0.119309221202547,0.0877290497329913,0.0665859808936624,0.0730759006400682,0.0678451434728092,0.079719591625353,0.0576403480456535,0.0593316150272701,0.0572552329733029,0.0624218493683715,0.0702678415591442,0.062462821838176,0.0790004477751977,0.0769961740453467,0.0355569467440375,0.193583919371817,72727,TRUE,91.2809523809524,"8599"
"malm.swe9016",-0.102528349801852,-0.497355904038002,-0.577716625757965,-0.288923214446822,0.00644697669842986,1.09139775727524,0.945867358333547,0.999899503067541,0.968017635467847,1.02999749648501,0.8553723834709,0.886339410148163,0.865752278923529,0.90742552498758,0.954741667681046,0.915610348629338,0.988979047336517,0.936148749791619,0.888444173348694,1.21425304791318,20414,TRUE,53.3233509472405,"1564"
"malm.swe9016",-1.3691149536396,-1.33455783291149,-1.52627861578512,-1.12799834380652,-1.7774927525507,0.872895154194794,0.754650822057077,0.799117394821705,0.77270675010889,0.822717897423333,0.681700655194339,0.706992189575547,0.689995957395287,0.723394708146575,0.763378769094592,0.730954339685443,0.790835414509342,0.748940875319816,0.706390788580274,0.977901211336987,24438,TRUE,70.1325387269531,"6574"
"malm.swe9016",-0.320763051683127,-0.434669728405695,-0.441936667331614,-0.592405553336446,0.065780925869568,0.41493411981463,0.357380244772664,0.379674900729168,0.366571974280178,0.391664004424918,0.322069925586522,0.334780539457767,0.32639454488382,0.343017082157559,0.363236628124566,0.347010984538557,0.377197913810453,0.356823884660394,0.334155317862139,0.47363174232508,46427,TRUE,80.2470323375935,"7584"
"malm.swe9016",0.472275737050117,0.0596364162710382,-0.0889058699584664,0.15477761577937,0.198160647534705,0.350736052254408,0.301474159703234,0.319772015659061,0.309235223116843,0.330306567731914,0.270670362320688,0.280955858202915,0.274242289591396,0.288329186709026,0.304870867768132,0.291527744532884,0.317079074666616,0.299967379831689,0.280515367179548,0.402269810053614,56786,TRUE,91.3904761904762,"8599"
"lndn.uk9020",0.0529041241929049,-0.175104783534181,-0.0876506422317429,-0.167528445901692,0.593706645340713,0.190622599471298,0.158590015653891,0.172155310219161,0.161591733112977,0.190188023122084,0.138085870589045,0.145348575798965,0.139758270906213,0.155152166152214,0.160539368203157,0.148863160353713,0.179709143051043,0.161041409780491,0.119061330998855,0.387822553802018,97838,TRUE,26.594521137187,"0044"
"lndn.uk9020",-0.815588562191984,-0.922505706595592,-0.873745881546153,-1.01368627282383,-0.420282590433276,0.0756814464605028,0.0627294711027283,0.0682212562224944,0.0640028284961104,0.0752703697369774,0.0544719541683214,0.0573937736462544,0.055181118687502,0.0611675049008858,0.0635623443833701,0.0588971153396289,0.0710299259814256,0.064126708054587,0.046343182387582,0.155513329624767,235140,TRUE,57.1821410708187,"4564"
"lndn.uk9020",-0.867031609075194,-0.923960390650519,-0.985186002864469,-1.27252155846707,-0.190620974646002,0.0549830788776456,0.0453906158319594,0.0495574316059263,0.0463753594114727,0.054766623576011,0.0393252262324498,0.0415319274048125,0.0398945609391725,0.0442574276558119,0.0462327251271675,0.04268984323723,0.0518313170945419,0.0469303969929429,0.0325547483704847,0.117451600450636,306371,TRUE,70.1275482572075,"6574"
"lndn.uk9020",-0.765813676792821,-0.890212339302513,-0.962859690177772,-1.24192999733098,0.159810641453922,0.0333711631446682,0.0275142583706628,0.0300975703246609,0.0281016155521381,0.0334051527945012,0.0238150067655353,0.0251782672884964,0.024148673316853,0.0269199055101684,0.028115749903466,0.0258826870391822,0.0316674367543248,0.0285868452297561,0.0193533491954182,0.0740351264990231,513149,TRUE,80.1598474627111,"7584"
"lndn.uk9020",-1.3235437998874,-1.36446648560852,-1.53743842554576,-1.76407244647863,-0.337594036614465,0.0365349551759556,0.0302843547579074,0.0330407663469581,0.0308765153821069,0.0366670447590127,0.0262665335384437,0.0277499444018531,0.0265812239303691,0.0297348866636581,0.0308948295500206,0.0284782758274752,0.0347639001909064,0.0313765422339488,0.0215563602797674,0.0801474182605061,514823,TRUE,92.1468671679198,"8599"
"brmn.uk9020",1.31069176793214,0.784313121823624,1.00686732188042,0.941319790552265,1.09725221234059,0.982251402578631,0.799688749793276,0.875276485407727,0.814394418126092,0.958187394280088,0.686714230466461,0.725712076415116,0.694083807831621,0.770285283148095,0.808962451869176,0.742240686746782,0.89472501185684,0.802099245537599,0.611288977427262,1.80462197645713,16552,TRUE,25.4825127535561,"0044"
"brmn.uk9020",-1.83832707563347,-1.72700270520109,-1.52280187336651,-1.73816655122183,-0.337885957388515,0.369146414132486,0.298775055886871,0.328018881864214,0.305130987876057,0.357151178021587,0.255567974524612,0.270434079910644,0.258896533785756,0.285397735805322,0.302843310716452,0.277520779027291,0.333520255641973,0.30188381357671,0.227177031443508,0.6592175517169,41147,TRUE,57.0535517173345,"4564"
"brmn.uk9020",-1.07964868273443,-0.9275101739443,-1.13344275688579,-1.09233661237815,-0.750043861830463,0.27522561356774,0.222683001145844,0.244913418786544,0.22753511787249,0.266232889294182,0.190037030040609,0.201656073146592,0.192760684221672,0.212665380152968,0.226103075935872,0.206979950190674,0.248647289677534,0.225203297642397,0.169844160257561,0.483867679129779,58123,TRUE,70.0436993838471,"6574"
"brmn.uk9020",-0.133806686720479,-0.343412500486523,-0.295616185953334,-0.512629579264129,0.351155424029311,0.176184798204183,0.142912863024953,0.157242856132353,0.145651812592311,0.172155405074273,0.122226869508787,0.129710999238412,0.12366259090356,0.137655191467055,0.145644059816196,0.132834275259805,0.161387573047815,0.144820030055055,0.107551753768904,0.327070746707367,90136,TRUE,80.1653733060926,"7584"
"brmn.uk9020",-1.0182801900613,-1.17244330519552,-1.1410063558761,-1.47850826997906,0.10701290257782,0.190451217854354,0.154904082765136,0.170243746471222,0.157585718098599,0.187484332787556,0.133012024375127,0.140861912753525,0.134262658056906,0.150068548087465,0.158131812515925,0.14405845458789,0.17611356307615,0.158636069543426,0.113039410018505,0.37774940979302,77914,TRUE,91.6052631578947,"8599"
"leds.uk9020",-0.0350385398620049,-0.0522743468403778,-0.232935904363181,-0.38910351195167,2.16284051854363,2.58929054105545,2.13808654754463,2.33060855892487,2.17649765028022,2.61305935578308,1.85931511970505,1.96068908524844,1.88010279426722,2.11557312164937,2.17083064648594,2.00506855847976,2.46104162174297,2.19803256272482,1.52970241335692,5.83019884161551,6931,TRUE,28.6424745850306,"0044"
"leds.uk9020",-0.892814743601666,-0.346911224441978,-0.79109431523224,-0.502681835062367,-0.918869688836436,0.931282336811495,0.767898392147176,0.836504037646031,0.781319058329796,0.93729167621786,0.667220821910296,0.702508618402465,0.67427818297401,0.756079976350429,0.778825820805286,0.718635139305753,0.884064414629282,0.79157364299471,0.538822387257761,2.10696985019676,17881,TRUE,57.2124624835286,"4564"
"leds.uk9020",-0.207007802054403,-0.173502044114916,-0.52668664140113,-0.807045782946888,-0.309847232046185,0.729472648283461,0.603996396124191,0.656763274741136,0.614944593772286,0.731832114851943,0.523442891590732,0.552483839092537,0.530160492456689,0.593650584735885,0.610201330982154,0.565248012928443,0.688462997147559,0.616488694337235,0.439170735103193,1.56161116264043,25659,TRUE,70.0850596888715,"6574"
"leds.uk9020",-1.10712327104552,-1.05285432600806,-1.17036834694702,-1.33708475215492,-0.8034226534977,0.406379811125612,0.33497626545574,0.365656555021443,0.340374551062369,0.411864228442354,0.29029043155031,0.306493663263559,0.293273643587305,0.331536169316569,0.340695596162831,0.313101484549718,0.389036426297532,0.347177854862637,0.227267754590705,0.969541210241316,41212,TRUE,80.1424566663802,"7584"
"leds.uk9020",-1.30258385127812,-1.00852729431781,-1.31859108256819,-1.28195280467569,-2.26532867210316,0.396087534876989,0.3245174344298,0.355887452717777,0.329539067717753,0.405257165079065,0.281340847700485,0.29691872834538,0.283682228112898,0.322667359742589,0.332718592043681,0.303393546374922,0.384849597796859,0.343461636603328,0.201859251049085,1.05809096267365,37943,TRUE,91.321052631579,"8599"
"brdf.uk9020",-0.374101531771917,-0.465120083693881,-0.256134821754087,0.279665598776153,-1.30173514107418,1.80589292757969,1.42809626457988,1.59745057670423,1.45255872320856,1.83000104096766,1.23434467290081,1.3016425412281,1.24193951814023,1.4030643802367,1.49930780697028,1.33316585310211,1.75257061105517,1.5863760280287,0.744312368579389,5.24448404871737,5595,TRUE,26.5026196913512,"0044"
"brdf.uk9020",-1.10827209130967,-0.967497789760309,-0.790356228617323,-1.47169806645173,0.954555864875744,0.762896111252019,0.601010952877864,0.674796008387883,0.612771427970053,0.772413845152024,0.51630303239814,0.546570008294647,0.520861768437838,0.588725259768333,0.633098091150328,0.561674834392717,0.738989945665825,0.670161399996502,0.308790328737643,2.18908438712974,13002,TRUE,57.2961838791401,"4564"
"brdf.uk9020",-0.267050384909693,-0.588385363627052,-0.381289362531051,-0.19438163333883,-2.19376283470842,0.647912871405882,0.516347843170297,0.576123862561495,0.526306146978612,0.649066631115502,0.442873033203651,0.470407245132066,0.447834285043591,0.503779871197959,0.53889898025554,0.482639640353704,0.618853117483496,0.557105851393179,0.316476734352547,1.5821849610243,17728,TRUE,70.1500375017821,"6574"
"brdf.uk9020",-0.989966927610612,-1.08357065028777,-0.960603129253625,-1.35682196038424,-0.370628507954133,0.378918752801201,0.300369455395129,0.336838585008938,0.305741922686148,0.385100263634459,0.258862761019677,0.274132867470585,0.261048138277943,0.295093171326353,0.317086236363755,0.28110434863966,0.370062475243321,0.336804808534634,0.154610553031779,1.08899182687887,26275,TRUE,80.1321118755478,"7584"
"brdf.uk9020",-1.29218636810775,-1.29405495413591,-1.18586841903959,-1.30716970843174,-1.99589753697358,0.413282921958074,0.326591103320726,0.367480387726175,0.33141883939719,0.424202030637777,0.280944640329679,0.297890239679293,0.282495031092694,0.322812116254982,0.346682587155786,0.304561639780905,0.409237505881186,0.372715761673951,0.14973814300698,1.29343998014641,23639,TRUE,91.321052631579,"8599"
"lvrp.uk9020",2.95079619557867,1.89147952650348,2.34982892773714,1.95169383671558,3.19901549675301,1.81342992767104,1.47497616320389,1.61706192364924,1.50781960859217,1.74949793071349,1.27150166972129,1.34495440540244,1.28813058958903,1.41403770856864,1.50434559929811,1.38181805478965,1.64940897199262,1.49977991636186,1.14225284307411,3.21256873863811,8131,TRUE,29.521148204751,"0044"
"lvrp.uk9020",-0.942069352960654,-0.82736037984622,-0.869810047664388,-1.09048276534865,-0.209429728861173,0.486377326591717,0.392616468760304,0.432507827360563,0.401397406677993,0.472013522757938,0.336395079018573,0.35686057142153,0.340893818012146,0.377423144454882,0.402050574538561,0.367095687297339,0.445149824645696,0.404317057369386,0.292125597177364,0.922114494129968,28259,TRUE,56.8430681400407,"4564"
"lvrp.uk9020",-1.01339707077642,-0.83206499791735,-0.997841562331583,-1.25567307661996,-0.660430947329652,0.361143525391478,0.290692811242474,0.321429342613308,0.297815072857102,0.348904509142202,0.2476195155703,0.264105165278658,0.251497816717622,0.278699802539916,0.298274089666072,0.272142549291081,0.328191590881777,0.297205187029719,0.221224573152585,0.654973346015647,39527,TRUE,70.1119807479552,"6574"
"lvrp.uk9020",-0.655650945256694,-0.713407972426166,-0.735282064002204,-0.892666384842449,-1.00335826422015,0.238353690672991,0.192163017385984,0.212398279607551,0.19635076200649,0.232758985978789,0.164439976493246,0.1749199790786,0.166548672577039,0.185668972732253,0.197878618664061,0.179886415650943,0.219973836107252,0.199127589099717,0.140536388262695,0.472911943638975,57308,TRUE,80.1703745977462,"7584"
"lvrp.uk9020",-0.596221818639417,-0.455463704356616,-0.620746201426835,-1.08159527347538,-0.0389555527022298,0.29526536737314,0.238709382473139,0.263217249631511,0.243468566739712,0.28912711938187,0.205042018201375,0.217458211695471,0.207160999827577,0.231001869820294,0.245774396763565,0.223352998555425,0.274167709567284,0.250697092978535,0.167716572200839,0.619338359565696,44497,TRUE,91.2421052631579,"8599"
"mnch.uk9020",-3.61908724537098,-2.75146333270358,-3.16489336998368,-2.89648272466661,-4.17827812818261,3.35233940243205,2.84391836839953,3.04802891594396,2.87207666185846,3.2754195344339,2.49897288439458,2.62185139291291,2.51487055580036,2.76710071542877,2.83690132543038,2.65094716601125,3.06942340582701,2.74386928099917,2.41984583571428,4.9052205165176,8063,TRUE,27.0819071517604,"0044"
"mnch.uk9020",-0.685793534917954,-0.790657395809416,-0.737507154107693,-0.806651575729834,-0.441741349072097,1.36494355338187,1.16265185362605,1.24301969508301,1.17213898009826,1.33290588466669,1.02256750791088,1.07218795945924,1.02780106599012,1.13083929243237,1.15655062690812,1.08224684417293,1.24792139872002,1.11517462256831,0.998289789620411,1.94170596342215,20610,TRUE,57.2520016519647,"4564"
"mnch.uk9020",-1.45873531854975,-1.64284468898336,-1.44764096109154,-1.90102897242841,-1.09859924350427,1.01560497550693,0.860544614744335,0.923013352327868,0.868112330238294,0.988705009458746,0.753459263289213,0.792033648335341,0.7580212524621,0.834179364244892,0.857739130601361,0.799958040903045,0.925056173964197,0.826926194534678,0.735158112287079,1.44136547595315,26698,TRUE,70.0561953223605,"6574"
"mnch.uk9020",0.532660481119389,0.309048528920698,0.432212613755587,-0.0419107780312808,1.07480718792758,0.728019859214118,0.618976558994869,0.663000449077395,0.624331362672284,0.711072038239337,0.54286310459987,0.570298366867177,0.546111431788768,0.601360266598318,0.616759073818493,0.575976199009965,0.665925288129907,0.594957974831186,0.528725860083304,1.04665415152105,38927,TRUE,80.0696849262549,"7584"
"mnch.uk9020",-0.712230916298279,-0.749542603284543,-0.93497926858818,-0.95285828254664,-0.00536240363503115,0.796934824790113,0.67737486204264,0.726609202864975,0.683077233396272,0.783010939331081,0.59492884127911,0.625167109873246,0.598104048106708,0.661691917470466,0.677828679355447,0.631452723669184,0.735506077148493,0.657520705660364,0.570048612781983,1.2028677700196,32203,TRUE,91.2421052631579,"8599"
"crdf.uk9020",0.0694629460175469,0.0675980695088723,0.00708059145692785,0.165704490886489,0.529353382666779,1.3706407117954,1.15211703838938,1.23460772737517,1.17688643328331,1.29752345421118,1.00898924076094,1.05586460776976,1.02292954668559,1.09117510999943,1.1474623664626,1.08409630686357,1.21207026305173,1.13309032049229,1.00433515366325,1.81811406954183,15305,TRUE,51.2974312712833,"0064"
"crdf.uk9020",-0.752330207142662,-0.923827049999484,-1.08969813219764,-1.20749579819102,-0.963036168733263,1.33240972123436,1.12311299627968,1.20535700307941,1.15088952986219,1.25953151070029,0.982988040313102,1.03212980483414,1.00000459993418,1.06291744128032,1.12197530121861,1.06291232741176,1.17761846318355,1.10505329456164,0.990470418832895,1.71676032856508,16448,TRUE,70.0556637122723,"6574"
"crdf.uk9020",-2.77378333769117,-2.65675174627234,-2.87935351000647,-3.20767572312176,-2.82674121089219,0.75494311112584,0.635912506946901,0.682857201100043,0.649687011220744,0.718119433322507,0.556976926968045,0.584392662026423,0.564936363461911,0.604779179774342,0.636580900885191,0.600368254677613,0.672573733952525,0.62857695314439,0.553357563017818,1.03090617329928,26711,TRUE,80.1900679429703,"7584"
"crdf.uk9020",-1.33612700864908,-1.37878752081429,-1.34614760133928,-1.06059010104078,-0.472911976783744,0.721312613971111,0.605742708409537,0.650707949559832,0.617973561643009,0.688267083194891,0.530589312607545,0.555914480149719,0.537184940241471,0.576872518996218,0.60686063102792,0.570652942315781,0.645411487357942,0.603754880644595,0.521011025465496,1.02064486762831,26048,TRUE,91.5052631578947,"8599"
"shff.uk9020",-1.52523742813119,-1.48358058092296,-1.85695164086275,-1.32780491075252,-0.643650936695628,2.74014547087301,2.23535519256265,2.44893284345315,2.25885642475728,2.77479033542387,1.93030059654207,2.04032429610492,1.94018015229322,2.2190285165338,2.27523950679321,2.06899634992849,2.61417944665591,2.28048051389643,1.53288251785245,6.30539574110443,6055,TRUE,27.6246058047728,"0044"
"shff.uk9020",-0.0197050125839272,0.0353227873834988,0.0580615692600474,0.0736953083514877,-0.427163766544656,0.898082972890129,0.735800283107025,0.805135399543574,0.743775774904876,0.909140965874042,0.635355893847591,0.672042236574784,0.639246625490655,0.72963757168753,0.748308287253948,0.682059770019143,0.855998659508269,0.74775343178231,0.516844609085555,2.00741615895143,18360,TRUE,57.0730529074803,"4564"
"shff.uk9020",-0.179825905765243,-0.251258225212299,-0.158704813736473,-0.986315158891637,2.40456446640756,0.611260122378868,0.50105088172626,0.548254862859078,0.506847426983177,0.616217369761918,0.431225797930951,0.457168319314107,0.434516628603821,0.495327428400065,0.508198184567872,0.464099319528571,0.578471892156303,0.505637947655216,0.361024263753137,1.29484474373269,29327,TRUE,70.144513513836,"6574"
"shff.uk9020",-1.07582398207664,-1.09661255316697,-1.2062850370966,-1.16401332350448,-1.638131088028,0.322008477590254,0.263251640939906,0.289300393268065,0.266095885618438,0.327968152867525,0.226746254050184,0.240773984523115,0.228158032955576,0.262407416617778,0.269361214702117,0.244312592468953,0.30968053969156,0.268564254688452,0.182722289415294,0.740392470333758,50369,TRUE,80.1909091544241,"7584"
"shff.uk9020",-0.756742712356195,-0.839580935747565,-0.871829985738743,-1.32366375146067,0.97460222243688,0.303089624580159,0.246492890055887,0.271736651752771,0.24893612026034,0.310058842729585,0.212413750327538,0.225314507496913,0.213250319109678,0.246248383682367,0.253665999286448,0.228632224463227,0.293645575109971,0.256269873019285,0.159113976294911,0.756232892843961,48229,TRUE,91.2157894736842,"8599"
"brst.uk9020",-0.340343203353831,-0.078210879805362,-0.264007256226038,-0.09325949961109,-0.56890322322046,1.52463152192795,1.20141097626933,1.33664906035791,1.23751569073397,1.44649681093263,1.02982866148921,1.08255877045696,1.04452363816712,1.126555755855,1.24361108888891,1.12670705873449,1.36072977907756,1.28437923573443,0.889708988804007,2.77987244160872,6255,TRUE,28.9182884540051,"0044"
"brst.uk9020",0.101248390565212,-0.122180920321046,-0.221813902416784,-0.0528295505259933,-0.694604908655595,0.564312000676719,0.44611183259734,0.49495781874916,0.458218737467576,0.538727152246075,0.382217782893807,0.40161788891227,0.387061545136422,0.419701286717092,0.460050924834652,0.416877057515005,0.506519825024133,0.476144510337187,0.324521036064385,1.06941175415241,17180,TRUE,56.9796752012615,"4564"
"brst.uk9020",-0.0895942407806143,-0.279293600886167,-0.228596771384394,-0.668519756660074,0.0712093906342487,0.369316425670423,0.290689796045398,0.324191129699467,0.300704103614764,0.347708111577525,0.248255143305944,0.261723559218151,0.252658820522203,0.27061037483706,0.301741596880331,0.273845414877356,0.327433005916909,0.313395852108746,0.215899368010405,0.65312244957185,25209,TRUE,70.0815960140011,"6574"
"brst.uk9020",-1.12257893479838,-1.07493801052156,-1.20733706472248,-1.0294915086665,-1.76972224058359,0.199552677580391,0.156834820933001,0.175508124542207,0.161835534350542,0.190472214332444,0.134360966667166,0.141589166743664,0.13643372815648,0.147335573166415,0.164312819366196,0.147892726597462,0.180660423940621,0.17234573316729,0.110871832943477,0.394043537326201,44083,TRUE,80.1276761130575,"7584"
"brst.uk9020",-0.564105332021635,-0.666117778532077,-0.641410232932299,-0.922539792889328,-0.169754182329679,0.191865265023552,0.151393865326044,0.168979679560012,0.155390067277514,0.184735596070672,0.129981617975676,0.136673148190254,0.131391882500918,0.142914402604063,0.158402722079811,0.142071484907594,0.17535860407353,0.167742411112173,0.104588007445482,0.393844522012486,46283,TRUE,91.521052631579,"8599"
"nwut.uk9020",-0.787529519193018,-1.06797269925669,-1.05818174446877,-1.51048333841752,0.413108721731334,1.06490423854544,0.886225854763291,0.969481876222412,0.903782526285997,1.0950395478823,0.782993513047454,0.824685728677837,0.793005966886096,0.884363726257202,0.918875407980389,0.846412864424013,1.05274651368922,0.938118066087952,0.586656467631684,2.91415344094693,14652,TRUE,51.2769442239218,"0064"
"nwut.uk9020",-1.26204339708354,-1.24676205859794,-1.32517691692496,-1.55098758987227,-2.07526814602403,0.886735207381516,0.735638739167514,0.807452110933598,0.75078480803368,0.911690749728803,0.648819623285783,0.684801273937777,0.658105256218577,0.730795711115004,0.765965029922342,0.703581690610071,0.878652609273384,0.789828052205628,0.453423266795633,2.59121981754687,16703,TRUE,70.1088127943538,"6574"
"nwut.uk9020",-0.327987095595646,-0.110233864398883,-0.292773375906679,0.0701331866682705,-1.30767064585523,0.545148892879236,0.451614071318932,0.496468251771314,0.461084404839976,0.56500971587892,0.398100787340902,0.420284090249035,0.403469812401299,0.452018724261928,0.471736510889598,0.432189697212311,0.545739836779227,0.48702377271314,0.274919667637007,1.64845237705991,26282,TRUE,80.1740165440153,"7584"
"nwut.uk9020",-1.61907843445816,-1.25336186303059,-1.83202469263176,-1.49665125289742,-2.58688554433776,0.552165273270207,0.454921475064048,0.50297254446434,0.463322036939665,0.580734952265941,0.400841966427939,0.423602050584047,0.405371801620478,0.459045065032845,0.479545324853228,0.434807288428415,0.563369371066881,0.501321376433336,0.244761119674208,1.85776994906752,23670,TRUE,91.1684210526316,"8599"
"lcst.uk9020",0.472096044003311,0.0988017080230546,0.260935027597423,-0.200971132597644,1.09179916550109,3.68871043666879,3.03765571870391,3.30600392086266,3.09905539212666,3.5747168926284,2.62365230230403,2.76857621488002,2.65483717571411,2.92079516541186,3.06071310202349,2.83760799044412,3.33487974769008,3.01299195396453,2.47602871859834,5.76128229471225,5154,TRUE,27.0140946687067,"0044"
"lcst.uk9020",0.287730163681986,0.0123808955591242,-0.142764428734031,-0.50235726804716,0.470239632395851,1.27990142106566,1.0422172852984,1.14006376575991,1.06553789062632,1.23937309958472,0.892559797350634,0.944238555393056,0.904917196308434,0.999040040038905,1.05180355226995,0.970931868537221,1.15336917001046,1.04659186325361,0.817696982305743,2.121171843688,12960,TRUE,57.1264820832908,"4564"
"lcst.uk9020",-0.589586780628424,-0.71570449884768,-0.72586808374699,-0.934221320596692,-0.118507275634138,1.0032447861192,0.819443153522523,0.896796508647927,0.838509225944752,0.970415400612955,0.701135825862321,0.74380245893515,0.712158039859693,0.784458319968288,0.827860966276821,0.765138191743537,0.904077816502609,0.819645766449778,0.655063512859976,1.59237157023683,18099,TRUE,69.9795554973003,"6574"
"lcst.uk9020",0.0360982157193369,-0.26658834956012,-0.113269003394394,-0.297209294518225,0.0907596003925809,0.556522373173248,0.453314889797602,0.497323450582292,0.463449873240797,0.540418147966734,0.387747162952024,0.411423543194586,0.393289895371231,0.435147695350782,0.460095470238735,0.423214109543373,0.504632428194139,0.45752688196314,0.352935323707134,0.937862247223915,30180,TRUE,80.1526493350605,"7584"
"lcst.uk9020",-1.82146060046142,-1.49815616430989,-1.87315911326131,-1.86356205395418,-1.47345238140061,0.557149168633732,0.453463457594167,0.498094526210352,0.463034831321225,0.544828690116784,0.388152459065942,0.411902726940284,0.39295500958005,0.437920277836225,0.46157684874479,0.423422947487888,0.509369531187632,0.460037159577623,0.348076283937964,0.981522118516149,29804,TRUE,91.4473684210526,"8599"
"cmbr.uk9020",-0.166463394878747,-0.356804836943015,-0.434541176669386,-0.461798173709085,-0.729020066422615,1.71842751123643,1.4110172834253,1.54328000699471,1.44919065746409,1.67078042632698,1.21876815663297,1.28784002607773,1.24019350976387,1.35300893217323,1.43497438408871,1.33159745637176,1.56986660948511,1.43801426623191,1.09543143452919,3.03649196129373,9420,TRUE,62.2219148721803,"0074"
"cmbr.uk9020",1.96662977653106,1.17455889019813,1.73411431364657,0.996068588277175,3.52699191953776,1.63507655299566,1.34119170546005,1.47253687858616,1.37491577440083,1.60571403326999,1.15798539396803,1.22708260221654,1.17683321253542,1.29635222966315,1.3738453396504,1.26575279005753,1.51541154310834,1.37376838050335,1.02329253406332,3.01688148737155,9776,TRUE,80.2221648234838,"7584"
"cmbr.uk9020",-1.08609675066534,-1.25063542710845,-1.19383332238629,-1.2572304219745,-0.580309709167523,1.31060977289222,1.07850725060487,1.17995090934261,1.10750544852208,1.27937413751627,0.93245127952619,0.98521218911501,0.947666625685908,1.03696986166372,1.10024596823144,1.01931328116126,1.20574175573367,1.10831187983446,0.822167747818612,2.42255138197296,12215,TRUE,91.6684210526316,"8599"
"extr.uk9020",-1.59849011029396,-1.57159677414876,-1.81605311089087,-1.0874737217143,-3.40840015542034,2.80497402050973,2.40928932579997,2.56021696069422,2.47064263876197,2.65534185449314,2.1357000143497,2.22932897436764,2.17396356596676,2.28784721820456,2.38959937059909,2.2955142561134,2.48315258821316,2.35194764157183,2.20213258228835,3.36633415651619,9980,TRUE,61.4392023768326,"0074"
"extr.uk9020",-2.4364673399092,-2.24792407873086,-2.55115566510669,-2.23849945129102,-2.35264693150248,2.63177548740035,2.25198481672263,2.40351014176801,2.31301404124435,2.4975022634553,1.99318199044632,2.08606633422377,2.03128842213227,2.14257029712755,2.24856301675893,2.15237850837508,2.34168729661396,2.21876353928308,2.05001255776323,3.24666421608974,9493,TRUE,80.2456517861873,"7584"
"extr.uk9020",-0.0791707961420213,-0.851506686357525,-0.673576820436816,-0.900836138554437,-0.629627746757452,2.26555386209264,1.94581350764768,2.07387956223294,1.99431403615576,2.16704436723373,1.72828486127808,1.80589497977928,1.75737487838861,1.86229597555284,1.94495926178941,1.86016422968441,2.03684841158159,1.92470876512288,1.76530850680602,2.91858590316966,11412,TRUE,91.5684210526316,"8599"
"lncl.uk9020",0.402733239936329,-0.430933855006096,0.0736593044005907,-0.667660974208673,2.27765592251587,6.5904840119909,5.74822303973712,6.06940254918398,5.82232978281165,6.43450344670706,5.16479680835795,5.36022216275996,5.20737201924005,5.59546924994813,5.69859961176647,5.4427165706626,6.06283304792663,5.57758181359657,5.13018965681078,8.7442802800669,5113,TRUE,50.5593626051858,"0064"
"lncl.uk9020",0.411765207929495,-0.108874396398736,0.0220120423427363,-0.231661881018268,-0.0455511166949285,8.26691005025986,7.26150639821727,7.63981370114179,7.34976022132331,8.06075441020317,6.51981761281045,6.77243598130245,6.58039680601827,7.05796809416163,7.16002277943562,6.86741423156982,7.57593357317585,6.98482743201267,6.57301130657541,10.3986934050003,5377,TRUE,70.1389540826832,"6574"
"lncl.uk9020",-0.0223846993715759,0.108109006939668,-0.216022860027594,-0.608719795324695,-0.549931424888495,4.49715623842309,3.95254261751717,4.15831734697207,3.99562678131123,4.40284439004249,3.5600477283266,3.69168343248092,3.58676444012923,3.85371574452883,3.90687463371013,3.73929340331809,4.15283926860512,3.81498153670618,3.54256516588294,5.92757310047538,8937,TRUE,80.2253810124883,"7584"
"lncl.uk9020",3.2252202564532,3.12261395344948,3.13182607949203,2.69051665316229,3.78754108199386,3.82932318363255,3.33983851863345,3.53071877173657,3.38156281387169,3.75464408798982,3.00065184463418,3.11614221102861,3.0239051484111,3.2601412689959,3.31981626626999,3.16365802598477,3.54444765639088,3.25946189591777,2.93085567353249,5.39626169692269,8911,TRUE,91.4368421052632,"8599"
"stvn.uk9020",-2.06999185593473,-2.28159651407187,-2.42832138826277,-2.17937594564769,-2.8605500130488,2.98097957798911,2.51996327647069,2.71134381958218,2.56767645582956,2.92520035678762,2.20979620100287,2.32093058037392,2.23853169649069,2.4430354296408,2.52967455078762,2.37457899198933,2.75362351772445,2.50224363754131,2.07064037948564,4.88456624920516,7585,TRUE,62.6447417603313,"0074"
"stvn.uk9020",1.27714894718451,0.870709662500461,0.674533675725763,0.467330797735368,-0.971222344703842,3.46405606286997,2.92690571788079,3.1476820596369,2.97063814515513,3.4136486130573,2.56412756144683,2.69259671779692,2.58970773302909,2.84776598420884,2.9326803135244,2.74262343373807,3.20452711331036,2.8952495432521,2.36299846096313,6.00361490101309,6494,TRUE,80.2497880086343,"7584"
"stvn.uk9020",1.56752938006618,1.32966113172892,1.26284290716419,0.630512092251595,3.12088739408997,3.89108156445187,3.29745985388855,3.54263860315113,3.35537180472225,3.81890642105432,2.89176770542109,3.03629111388181,2.9238668137765,3.20020921726913,3.30393532799082,3.10341478639732,3.58526222860046,3.27821925673372,2.70175382618379,6.38309914938166,5962,TRUE,91.5526315789474,"8599"
"prts.uk9020",-0.432695286362479,-0.768205954563472,-0.669608517859958,-0.404075613334389,-0.789028862876529,1.03436152950145,0.833336436223589,0.923349723386559,0.862333073777914,1.01391925879767,0.719945644996979,0.760511634635514,0.731789211370918,0.80494365935843,0.867622812823989,0.798095963429864,0.963498872113341,0.898803627804472,0.621305403276678,2.10038400839427,10291,TRUE,52.4827561583349,"0064"
"prts.uk9020",-0.114699856900756,-0.383272088963438,-0.367531551669798,-0.459560612693745,-0.621044256919514,0.891831120542424,0.713987627614294,0.79423760475982,0.742108400972136,0.866358237811258,0.614972491093961,0.650648390027679,0.627703540522897,0.683189141200411,0.746744347471376,0.686275126377615,0.825435643199234,0.77997461597863,0.525174067707915,1.80617819755177,11456,TRUE,70.1968580331976,"6574"
"prts.uk9020",-2.20768150060357,-2.0294444712448,-2.10616084197333,-2.24358857027526,-0.920939846383087,0.514044731592265,0.413184711122774,0.45908389021796,0.428251486390176,0.503485431031708,0.35663798735446,0.377349831066287,0.363212262202312,0.398198268170137,0.432246486159064,0.396697108382392,0.480213178868772,0.450869075560832,0.302405897869652,1.07518879369219,19775,TRUE,80.0612648561506,"7584"
"prts.uk9020",0.0485029526108255,-0.282997091596992,-0.447943111257037,-0.487412258266525,-0.538113255249437,0.510984748011021,0.410051465299124,0.456055199620087,0.424109766560117,0.503442944551538,0.353491626224681,0.373867444046162,0.359059217266382,0.396262555579,0.429605039841694,0.392584046468386,0.480864057968474,0.451116785799477,0.288137445936622,1.12826344394435,19978,TRUE,91.7789473684211,"8599"
"wrcs.uk9020",-1.79607672899226,-1.62529331047717,-1.5239925126741,-1.45198946480903,-2.78191021784799,1.70181659253606,1.38230804355398,1.51380597953418,1.4169546073908,1.64270233691186,1.18231421668994,1.25081489451326,1.20064210875486,1.31972372547467,1.39689286767841,1.2902259902594,1.5311373262564,1.38615967790872,1.09431202145676,2.8997989992701,9454,TRUE,61.7307842244887,"0074"
"wrcs.uk9020",-0.702563280159819,-0.418807117372331,-0.328187529179946,-1.54111170222912,1.3355559352076,1.86073391775521,1.50875270313129,1.65740075610551,1.54474767896052,1.79814539715531,1.28986915805562,1.36693035743127,1.30866020950141,1.44053279454578,1.53293595159772,1.40839462664418,1.67987832123074,1.53054955153573,1.17201749232022,3.24894001028877,8238,TRUE,80.2500274791481,"7584"
"wrcs.uk9020",0.0899907609913651,0.437313685064604,0.0241629309964859,1.04596718414956,-1.58237206965811,1.8142872636394,1.47272705957397,1.61659191440999,1.50388447157592,1.77566961334372,1.26286885863377,1.33556325202616,1.27783540080866,1.41943996965997,1.49825967384279,1.37277352166194,1.6620285510648,1.51357716576946,1.09464010216769,3.57554489832007,7907,TRUE,91.4315789473684,"8599"
"cvnt.uk9020",-1.5231659437039,-1.72165315806752,-1.62875388918366,-1.93716406371207,-1.68087047490351,0.973976190271745,0.794306543234346,0.86941215870266,0.812674687295117,0.939014890618037,0.68149404707978,0.721371263691435,0.691454841672584,0.759059548450671,0.803761455879995,0.741788222153071,0.875970911491578,0.794301625283971,0.634544242327532,1.5770231909682,16938,TRUE,51.4728689714473,"0064"
"cvnt.uk9020",0.501012355636865,0.0744337508661916,0.0677819409411404,-0.247757270815838,0.802240126103685,0.899325038304112,0.730951267377752,0.800366029084336,0.748396217191321,0.861324891268803,0.625009575878851,0.661457119716329,0.63464404869007,0.693455454163552,0.738420411757941,0.680926722837477,0.803150637539287,0.734233957565917,0.576335648625134,1.43176475259616,18036,TRUE,70.0919881181636,"6574"
"cvnt.uk9020",-1.37078597073189,-1.56024380719674,-1.6169850317473,-1.89061188295035,-2.21453220912221,0.563965722398931,0.462941464939896,0.506138974609015,0.472502904512604,0.547672539622782,0.398655574558016,0.422070595140733,0.403943023488139,0.44478720847346,0.469783822792098,0.432829663314864,0.513469386045249,0.464597898599625,0.367825503984385,0.938159194871023,29358,TRUE,80.1361345091403,"7584"
"cvnt.uk9020",-0.300239536909337,-0.585678535957275,-0.613544931410556,-0.66176866845982,-0.37712851462897,0.611441748435189,0.502350914758617,0.548909822932968,0.511991258692259,0.596097372155147,0.433787180882056,0.458265508990722,0.438413720544711,0.484171601883435,0.510628839661768,0.469726651838451,0.55971074434458,0.507926248073144,0.390887097861124,1.06966077946528,27478,TRUE,91.6052631578947,"8599"
"knuh.uk9020",-0.527787821999062,-0.447072600648987,-0.515785580178632,-0.176267554041506,-2.00200870392975,1.99967008079443,1.73121783648929,1.83510755469064,1.76609605884031,1.96073568602528,1.5423756007044,1.6067502459901,1.5639302651513,1.68836568060065,1.71761568832758,1.64532077842999,1.84536751970096,1.6955652838581,1.51039576872031,2.99365287336591,16588,TRUE,51.2081491003731,"0064"
"knuh.uk9020",0.713858929033544,0.433067404729826,0.337001417016229,0.488296841354515,0.731393905718915,2.01350716022924,1.74660733870128,1.85218564357175,1.78056292907661,1.98355882056608,1.5529992759963,1.62199589420288,1.57552063513266,1.70985257087954,1.73285063165854,1.65893010700495,1.8658166775934,1.70281182329827,1.5384088793615,2.96447387185928,18447,TRUE,70.0792989160734,"6574"
"knuh.uk9020",-1.55713797886456,-1.63670593075906,-1.68154451344966,-1.43862406790897,-1.97958368864418,1.16664622679215,1.00900488289106,1.07174103332624,1.02940852619413,1.14698695398843,0.896775052963223,0.936479291471863,0.909542096755158,0.985984155803137,1.00334176307046,0.959193876633392,1.07966021779885,0.986938636385644,0.882979469083001,1.75086764837477,28652,TRUE,80.12910476802,"7584"
"knuh.uk9020",-0.416107265615404,-0.56775266981908,-0.626983192975721,-0.881772244315638,-0.278827088241543,1.2231972422718,1.05253570942529,1.12248531290323,1.07618865968895,1.20306221146366,0.93389681695111,0.976527008738959,0.947946606605444,1.02793964248673,1.05273967882737,1.00337025996822,1.13542318019755,1.04323208091744,0.901123069058125,1.93760785160035,24175,TRUE,91.2473684210526,"8599"
"stkot.uk9020",-0.830449457373547,-0.879549990243486,-0.947706389543077,-1.58261165458321,0.479946540862549,0.844537131982244,0.684812254716126,0.752573621568258,0.695153935185302,0.837601238307928,0.59027890851896,0.62295369346727,0.595369483986991,0.665923386518035,0.698997855411669,0.634454337756147,0.789776603658813,0.708934342089334,0.465237512622472,1.89180664195613,16487,TRUE,49.5901425678646,"0064"
"stkot.uk9020",0.472322444385525,0.244101374978047,0.213493535317894,0.230361626656587,-0.0354514718027506,0.752685070926124,0.607190867563794,0.669519943454746,0.615471803128791,0.745366520987794,0.519346949095509,0.550770108734046,0.523755830204758,0.589489753566241,0.619652068625912,0.559651740283949,0.701391169427827,0.623595492465552,0.414356175058344,1.64472752202927,19190,TRUE,70.0125854190114,"6574"
"stkot.uk9020",-0.462170171162424,-0.526487099923083,-0.694956036020242,-0.367233346304544,-1.77858726127248,0.479994606360533,0.387834381140796,0.427951339000763,0.39217893026861,0.481559169286337,0.333160195068384,0.352705890678739,0.335025891936068,0.380406834458044,0.397784068396267,0.357656062168209,0.455182154700819,0.401813115312928,0.256018044727239,1.12983310732535,28671,TRUE,80.1943392522526,"7584"
"stkot.uk9020",-0.747386544771271,-0.811194119409626,-0.80731865811401,-1.37020854165065,0.331674495576986,0.532250631669164,0.429169710780777,0.474954338209336,0.433743097604113,0.541409320793443,0.369967225250398,0.391157668157371,0.371449312139984,0.424743254102365,0.444492905162472,0.396882502417241,0.516482589707699,0.460045901499473,0.251437159248348,1.44092919613232,23275,TRUE,91.2315789473684,"8599"
"wlvr.uk9020",-0.661901847235592,-0.609826031763972,-0.834096922495956,-0.742839083562049,1.11255276150888,1.03442613249744,0.834116494217398,0.916688701164052,0.850475503570647,1.00779228670043,0.715179734784212,0.754721480225764,0.723010289968479,0.799564776728399,0.847348470156494,0.773219330846891,0.943851295568805,0.854866349161132,0.597537820504472,2.08334810392088,13151,TRUE,50.7492679450976,"0064"
"wlvr.uk9020",0.694676988740814,0.495964382837012,0.675937675719512,0.162657190940595,2.22969803771923,0.928591088484956,0.744289788724865,0.822824356726799,0.760297489380195,0.905466831647655,0.633326136561037,0.672341878440921,0.641890549693322,0.712661280244936,0.760363693644288,0.690371625078105,0.849459578729004,0.769623092278139,0.520154755927845,1.91025111114137,14416,TRUE,70.0779869790283,"6574"
"wlvr.uk9020",-0.768946469483123,-0.918143149406037,-0.896581320100317,-1.25697956151819,1.20899274786119,0.537620777806152,0.429996257898906,0.47650925419725,0.43840102153721,0.530594749434019,0.3676791138681,0.389172816418752,0.371439083844927,0.415301178024788,0.442709772321902,0.399059785355339,0.500991094726091,0.454633383843238,0.278411996219768,1.2568837564617,23026,TRUE,80.1529475135463,"7584"
"wlvr.uk9020",-1.77604219060107,-1.67428143618487,-1.84402406656948,-1.46257075814608,-3.29820136042366,0.54083353494299,0.433041978606295,0.47937946607621,0.439643094768548,0.541498933360054,0.371537595454337,0.392161515129945,0.373832232756974,0.422034525373157,0.446583875586606,0.400464569969299,0.513078308754736,0.466239793967223,0.254342298798959,1.44330444392236,21542,TRUE,91.6052631578947,"8599"
"nttn.uk9020",-0.710872377032334,-0.576396343998569,-0.90473600415277,-1.13278007549924,-0.371479369105928,1.5615249319585,1.31266263185784,1.40888091217984,1.32982708924716,1.52899931540736,1.14686347562856,1.20225328817973,1.15604129666184,1.2752896019907,1.30550887927769,1.22237812430573,1.42674835052918,1.27986593672359,1.08994720208096,2.43957067148498,14841,TRUE,51.4661243378012,"0064"
"nttn.uk9020",-0.25969962482418,-0.791828383262372,-0.554951316235853,-0.533901254705099,-1.19091413862351,1.68704831181524,1.41846239947216,1.52563427751696,1.43902542198022,1.64865872807789,1.23643648279124,1.29976485543178,1.24874473862546,1.37474116102732,1.41431466313448,1.32330698206984,1.53965560842361,1.39027588605458,1.17398544204184,2.60648264657868,14657,TRUE,70.0537669360594,"6574"
"nttn.uk9020",0.537086726523347,0.491103340195636,0.585249248791498,0.208737871836335,1.32967710128288,1.0961476678174,0.922904045467655,0.99221728986211,0.935567201727723,1.07661129064464,0.805042282344595,0.8462726159728,0.812357375118456,0.898575675226566,0.920199088062755,0.860930946735376,1.00521272759898,0.901129860273482,0.77104290382665,1.693234494253,22955,TRUE,80.0174152991288,"7584"
"nttn.uk9020",1.24293500429469,0.953511848327178,0.842272167625466,0.740322142878316,0.572316076855033,1.05219233918202,0.881986948329145,0.951629787398707,0.893605806020082,1.03978148568473,0.770524241576299,0.809535955815305,0.776200141730342,0.862257295527482,0.886179197095859,0.823871952904596,0.976024028659702,0.880606460954191,0.69680100566539,1.84040081379364,19899,TRUE,91.2842105263158,"8599"
"brkn.uk9020",0.824244570748533,0.189154082177827,0.464875434542393,-0.128611439791685,1.68557537773727,1.93411945454526,1.56576335878739,1.72712070348863,1.5987072142378,1.8910916445673,1.35037289092099,1.4325227566289,1.36665510309911,1.51526119026738,1.6169748196519,1.47176282425025,1.79531069811868,1.63713569027888,1.14331336155758,3.89173683983623,6603,TRUE,50.7760165759255,"0064"
"brkn.uk9020",1.958661793732,1.30514238863673,1.43701690315486,0.64218413398147,3.53042411374929,2.07076465701218,1.66934785019774,1.84566813151682,1.70915655837454,2.0096136801886,1.42644179522776,1.51970544076817,1.44824957957023,1.60335771799932,1.71961320562195,1.56620856449853,1.90167652314079,1.73572888224326,1.20643858656261,4.16838113759399,6426,TRUE,70.0989642436611,"6574"
"brkn.uk9020",-0.260042494780887,-0.414268075906914,-0.704593487287533,-0.282844346898042,-1.67584071003347,1.24412343371607,0.997886009754417,1.10893573639172,1.02143628695675,1.21458706692327,0.852856483752538,0.908954121783096,0.864873593031412,0.960571712975073,1.03757633137185,0.937226511048582,1.15618022214415,1.05708612680341,0.69947777009341,2.63700284598302,9901,TRUE,80.1905327712466,"7584"
"brkn.uk9020",0.0671381245532979,-0.345191461117472,0.125586123894851,-0.661225611885241,1.39644548552717,1.23939836295593,0.995879461842472,1.10288783314473,1.01539469192445,1.21661385942989,0.855316393717112,0.907878020519825,0.864457934003193,0.964346131366586,1.03162698827936,0.931750561113526,1.1569714766247,1.06445438285026,0.656634709660746,2.85860620890525,9528,TRUE,91.2421052631579,"8599"
"bath.uk9020",1.50807010618839,1.37542849630819,1.18164852105322,1.44273057384111,1.14752982516289,1.18070340331365,0.926737463032766,1.0366644544572,0.956774397655857,1.11942237487179,0.788378488157402,0.833773279208824,0.801932660356964,0.866520930981057,0.961898838775509,0.869589275941276,1.05127876910418,0.993846577825493,0.673911760305708,2.1882324168162,8014,TRUE,62.0327859463914,"0074"
"bath.uk9020",-0.165974271645519,-0.459690625518515,-0.447555657522148,-0.339583665140948,-0.441105561298648,1.07919902547954,0.846477270456876,0.952247711051024,0.874575753632351,1.03687872416272,0.719498943710764,0.764088610069986,0.731725069818199,0.799864501121099,0.888762239170175,0.797849342156889,0.980470635769819,0.917282713073797,0.595019317502206,2.22189743718178,8680,TRUE,80.2529315070877,"7584"
"bath.uk9020",0.243552470368563,-0.179724633352568,-0.327303697273763,-0.481847087151789,0.285079544131527,0.814311481808954,0.644078445081826,0.719854075331102,0.662859610960706,0.783748049196205,0.553115422427424,0.58284574728991,0.560252090089416,0.608654419278713,0.674526606079691,0.60661718800272,0.742986725227303,0.711751659583545,0.44630170911171,1.66252185721392,10954,TRUE,91.521052631579,"8599"
"gldf.uk9020",-1.29272902131285,-1.38082819081411,-1.33805361535064,-2.52427757581632,1.52046937610346,2.74747689177172,2.24024039685095,2.45767129978771,2.28628375413981,2.70241753147045,1.93337880886267,2.0399178336652,1.9568704034596,2.16218559986298,2.28668499606761,2.0958189143712,2.54332584080577,2.31864209391588,1.642333274141,5.39872063328522,5063,TRUE,62.4369118355214,"0074"
"gldf.uk9020",-1.39326592171812,-1.30481229895269,-1.59177735526401,-1.54834467521728,-1.64606844282171,1.25594219516924,1.01959038703711,1.12099577431493,1.03914995324527,1.24639217553681,0.876591065260899,0.924724689407169,0.884734234604462,0.989122780566828,1.0423079410789,0.950267217203577,1.17400479378077,1.07105653824816,0.695860254645453,2.75208594607491,10197,TRUE,87.5,"7599"
"nntn.uk9020",-0.303948961982223,-0.123292362733868,-0.225154887277427,-0.575464883509645,0.423281823489073,1.85036681749883,1.5215947756211,1.6587473059155,1.55316322571964,1.78957029983397,1.31236433269268,1.3859838141312,1.32914047016146,1.4571976762129,1.53712805498961,1.42216113493977,1.67290394294665,1.52077013470585,1.21517395408847,2.99415054168128,9259,TRUE,61.7701233954313,"0074"
"nntn.uk9020",-1.67523315584188,-1.57071458979644,-1.93223289587442,-1.07558101467515,-3.37701753049918,2.25853806042851,1.85208126622122,2.02290098941568,1.894159766548,2.19211753457462,1.59805473875203,1.68727751135199,1.62022583902827,1.77905074561728,1.87640655546679,1.7353512544094,2.05151713650761,1.86817218921592,1.45707070739087,3.84148380408838,7579,TRUE,80.2654714113714,"7584"
"nntn.uk9020",-0.797689605746364,-0.798895535013559,-1.02303870250743,-0.945937296846038,-1.550016493346,2.41851448933463,1.98380699750565,2.16305865020808,2.01955264709055,2.36339074821715,1.70995968282511,1.80274693451662,1.72647073646382,1.91362001098371,2.00498793985206,1.84591259820844,2.2097992915602,2.01793196339235,1.48946237429421,4.44962941847063,6597,TRUE,91.4315789473684,"8599"
"brut.uk9020",0.256756885118368,-0.0114276074083546,0.0687062582453773,0.292911250780325,-0.869773469405453,1.61511251207572,1.28599458002965,1.42384161920741,1.31400509305079,1.58249207907433,1.09287301121003,1.15820352125288,1.10641980967588,1.23635177694744,1.31388205674809,1.19060910281498,1.48206690788591,1.34336077697575,0.867276876267158,3.45969608034005,7811,TRUE,61.731593898748,"0074"
"brut.uk9020",-0.546551952323961,-1.00585403196465,-0.682935307009497,-0.908099243334518,0.760238429681626,1.67778390285854,1.33162290194583,1.48391752779406,1.35685886101576,1.67175424085021,1.13407704082822,1.20350876459173,1.14431333890654,1.29599266915245,1.37809166471595,1.23461069682869,1.57717177629556,1.4191622563797,0.84260615154521,3.99206670863993,6903,TRUE,80.2654102984245,"7584"
"brut.uk9020",-0.959257831156747,-0.454566400509652,-1.04363169674718,-0.211277549509851,-3.89343661810057,1.87138476832018,1.49141293128541,1.65921919118548,1.51490383245147,1.90013463931576,1.27548699263851,1.35120436265979,1.28237650568218,1.4730011747778,1.54747922487406,1.38158270402219,1.80298668544081,1.61266279594892,0.839156025553783,5.18538218799895,6265,TRUE,91.2315789473684,"8599"
"drln.uk9020",-0.156074756641759,0.11676835113753,-0.528030731612576,-0.252200374384879,0.179419986696856,2.72812393008817,2.23957055849602,2.46111171736529,2.2915744100903,2.78089257226022,1.95729462224125,2.06188240197769,1.98558642449956,2.20820456500934,2.31762037447364,2.12472013476057,2.66327236050275,2.42972027142034,1.32213036824521,7.8602557155152,5169,TRUE,51.4409130232037,"0064"
"drln.uk9020",-1.55020366574514,-1.08229905936689,-1.11564570745341,-1.07565580446196,-0.390691387087653,2.41213077255009,1.97777368896518,2.17526861900091,2.01955783346852,2.43402399545786,1.72217635857798,1.82066838118394,1.74657823606533,1.93969797214073,2.04400646351922,1.87025988778283,2.32642803919471,2.11954807153029,1.17500863112451,6.65005946338777,6018,TRUE,70.1134556878111,"6574"
"drln.uk9020",1.23180239438522,1.24565678805007,1.00229527492457,0.951463800823334,2.33091681468967,1.29132870053444,1.04928671565559,1.16208297678069,1.07277738492413,1.31797646537991,0.915143159876924,0.966038288989598,0.927552827214253,1.03290409931979,1.096875226093,0.995308175926146,1.26614595624981,1.15594695339801,0.565281497008801,3.92069233615533,9651,TRUE,80.1623869420243,"7584"
"drln.uk9020",-0.041974738722123,-0.175801323375786,-0.401706540667329,-0.310544451676811,3.42739529815811,1.36330345887001,1.11505164276311,1.23004740995247,1.13481228231894,1.40667434676577,0.978322627471967,1.02860086250744,0.987230418817186,1.10793074460367,1.16377810683975,1.05494335093568,1.35331101428819,1.2295571038866,0.592236704848659,4.3138713036794,9123,TRUE,91.1578947368421,"8599"
"wrth.uk9020",-0.665416735929686,-0.908634758059148,-1.08633091800017,-1.35762723042644,0.442740533334322,0.988597441672128,0.792623817281375,0.878203940132939,0.832381314793152,0.954401615318527,0.680874290293529,0.721620327707853,0.699793461658791,0.757724222739044,0.820881736486494,0.770105404991658,0.902263822946395,0.866059064082791,0.579474693600897,2.05817896869345,11415,TRUE,61.7984034601979,"0074"
"wrth.uk9020",-2.18254811053464,-2.20680203781619,-2.22848845117726,-2.2991643742851,-2.44312400738233,0.718670201169393,0.574882448221047,0.640116299526646,0.605363844474622,0.698562276760768,0.493343381661243,0.524308570061711,0.507991909436831,0.551939544588077,0.600503648892516,0.561444897330051,0.663715061659253,0.640515146244884,0.404272306453572,1.60368019408639,14993,TRUE,80.256809390782,"7584"
"wrth.uk9020",0.500330719131549,0.111855120066969,0.281056114679901,-0.753026598905347,1.64281846915573,0.524036579947714,0.422975831803616,0.468390432409447,0.442414096266362,0.513479098623913,0.363804818240736,0.386201878858377,0.373042336137041,0.408533466694055,0.439384791976156,0.410362919592512,0.488004183012151,0.466664318731867,0.292778776760363,1.21393997269017,22225,TRUE,91.7052631578947,"8599"
"mnsf.uk9020",0.331755221685828,-0.02090200484694,0.265497053160257,-0.279918676192352,-0.337909916476069,2.54489807234474,2.13076275989793,2.29508968688197,2.15526111881661,2.52383977507845,1.85971305827024,1.95273747416465,1.87347417413504,2.08756749169908,2.12885834689015,1.98176051882351,2.35942675132375,2.10857677116244,1.68485537195855,4.5063160230244,8810,TRUE,61.6530571346623,"0074"
"mnsf.uk9020",1.26390101960755,0.650440430370176,0.792237795051729,-0.0772670717454858,3.12855860362733,3.20762145545256,2.71748678695806,2.91840424715275,2.74430636921741,3.19967404859634,2.38833291924249,2.50633061166321,2.40275594566704,2.67786330991267,2.72213980197701,2.5389914220899,3.00532223391126,2.68145257648363,2.18695609135882,5.60385720854974,7679,TRUE,80.1960334293412,"7584"
"mnsf.uk9020",1.28107189308385,0.461085334619187,1.12242730013229,0.405365839792036,1.50197780570744,2.81874682766886,2.36737463244884,2.55452505510346,2.3926201489709,2.82233300381649,2.07677762255217,2.17960760108842,2.08726293146499,2.33607528614966,2.3851058127089,2.21141274281204,2.65679476117439,2.37835876761131,1.81733419415917,5.38048426031804,7193,TRUE,91.2842105263158,"8599"
"chstrf.uk9020",0.491370425857757,0.370909829018532,0.54858350535211,-0.0156625769526811,1.87689232795833,1.50695895761494,1.22919107011721,1.34832207808984,1.24498609046922,1.52176414590167,1.05797220550373,1.12033510231693,1.06587952695533,1.21455291722126,1.2523990299931,1.13999630866648,1.43302157644901,1.25905938809118,0.852605851957236,3.34621076438654,10612,TRUE,62.0515657875923,"0074"
"chstrf.uk9020",-0.0969781822455354,-0.675309927595879,-0.657371942181548,-0.692867539998703,0.00597095317459195,1.45841471615626,1.18951398695842,1.3064363822519,1.19947430778175,1.49416052610804,1.02676502761128,1.08647333362434,1.03045222244642,1.18824501062454,1.21733406288647,1.10089703885794,1.41215342839836,1.2318801992743,0.777620580813768,3.63607406037017,10227,TRUE,80.258386713054,"7584"
"chstrf.uk9020",0.178815887755226,-0.0653468398185708,0.166968805371499,-0.15487527793104,0.666008179823222,1.37072754874756,1.11220195833869,1.22626623603084,1.12314639525847,1.41598453226596,0.956873618055992,1.01322866693886,0.96012688535347,1.11459031446747,1.14458296430807,1.0292936443725,1.34263803566875,1.17668217585613,0.66578118461983,3.76769067347284,10150,TRUE,91.2842105263158,"8599"
"brnl.uk9020",-0.0101926260480145,-0.204598006185616,0.134419540525762,-1.2686267568006,4.09662995268387,3.94082377037746,3.33736597227612,3.58840965567666,3.36777844769175,3.85031449971458,2.95027385042074,3.09115122361851,2.96483493697231,3.24775012361844,3.35953456354065,3.12459366248886,3.62761249339302,3.27004322084209,2.8077364876274,5.73947793924092,5685,TRUE,49.8213076618193,"0064"
"brnl.uk9020",0.0336402695059704,0.347560406146145,-0.154038265839193,0.42452020001777,-1.62178173081745,4.25100878252954,3.61452497876719,3.88031059754969,3.65607279522709,4.13428212207929,3.18506741430844,3.34456607132025,3.21028161021813,3.49939544002455,3.6246414720467,3.3882369814066,3.88597302530538,3.51701811095455,3.08063379807457,6.00212073667651,5995,TRUE,70.0908071552179,"6574"
"brnl.uk9020",-0.742161036431319,-0.462124046150155,-1.06154379972867,-1.16406238078295,-0.624063144609519,2.5951113654484,2.21039696699473,2.37243682564854,2.22982583216714,2.53796218147478,1.95336299295906,2.04849910256784,1.96402596555514,2.14896884752678,2.22210862966324,2.0702078504043,2.39316542592882,2.15783595335797,1.8687858820193,3.81082294349553,9029,TRUE,80.1629339914872,"7584"
"brnl.uk9020",-0.0722158563388221,-0.0580059436201373,-0.0476612785605708,-0.513770527217081,0.414456454803332,2.86199183728919,2.43617318400272,2.61510199455477,2.4570487641652,2.79459761029571,2.15377489457735,2.25794508515952,2.16455613365004,2.36728803110649,2.45091274637839,2.28103106512419,2.63668578001381,2.39159012613511,2.04177240683255,4.21602819851609,8080,TRUE,91.1157894736842,"8599"
"wkng.uk9020",0.37160114513674,0.0260938325330235,0.360108190483313,0.414513024346499,1.02293088181341,2.04469217911038,1.68319363503081,1.83729516690772,1.7093562025607,2.03234592841513,1.45794513827352,1.53729377897028,1.47032676518412,1.64215909237216,1.71027948915523,1.56962447647883,1.91449438595202,1.71627766135575,1.25587631402756,4.03387483580877,7352,TRUE,62.4369118355214,"0074"
"wkng.uk9020",2.0493805545617,1.15734063395671,1.17780688800095,0.444944467998948,4.71377646634813,1.7515897535849,1.42124231307146,1.56419399940722,1.44613370176249,1.74868605825597,1.22410751815804,1.2916070139319,1.23513676680187,1.38315874954695,1.45648558778108,1.32381495051067,1.65194339345549,1.50433910347184,0.941639606451083,4.00571315349588,7323,TRUE,80.288270068777,"7584"
"wkng.uk9020",0.74262407095126,0.265148762408112,0.538389192103758,0.606091792869362,1.84804993580763,1.474588669674,1.2025561226105,1.32076824737032,1.21817155051195,1.4937389367221,1.0366035062217,1.09448496902912,1.04194575699678,1.18588902191809,1.23062789091935,1.11656038356195,1.41229073803816,1.26640954520236,0.791240685282651,3.46154649666833,9280,TRUE,91.7052631578947,"8599"
"hrtl.uk9020",-2.15273340020722,-1.64226010091729,-2.15792924202752,-2.24074628827307,-2.39944340417553,2.04596982591745,1.64919029261563,1.83146697862971,1.69458267333884,2.13408518756857,1.42882237400372,1.51185025036006,1.45301859050871,1.64319324804093,1.72500859791991,1.56866929322448,2.05836900824699,1.84540588938163,0.752438420112676,7.70322235661059,5791,TRUE,50.601865333615,"0064"
"hrtl.uk9020",-1.68956450080755,-1.70996870740148,-1.84847351133065,-2.17022703591258,-2.37398889510649,2.07047872624086,1.67971092766545,1.86022749315221,1.72504743941534,2.1393213433222,1.45397400103027,1.54151167575656,1.4799756875741,1.66527679796716,1.75069268259821,1.59805639273796,2.05881415854576,1.83813416930848,0.872034204847228,7.04335619979741,6463,TRUE,70.1391774310318,"6574"
"hrtl.uk9020",-0.665350451917482,-0.513898365981317,-1.19510784841447,-1.5558597653076,-1.88389518654647,1.30111923672376,1.04698685324065,1.16602820829449,1.07098262336569,1.37674338328179,0.905485736167646,0.959491742768593,0.917843963904254,1.05126328308239,1.09940267882725,0.991043509988721,1.32905000628859,1.16849883745603,0.447066199627959,5.20327491295691,9249,TRUE,80.148000001065,"7584"
"hrtl.uk9020",-1.90758093604097,-1.47644542550376,-1.74183332411718,-1.5368276448698,-2.36233201661047,1.49173291418578,1.19703443634842,1.33566714170788,1.22551791780558,1.57685435444904,1.03602202263799,1.09588712584008,1.0492755743401,1.19993928866987,1.26254351273912,1.13485937979925,1.52802986166225,1.35187554415182,0.487013397189741,5.99557799726275,7351,TRUE,91.1578947368421,"8599"
"estb.uk9020",-1.87626219249461,-1.80641441922533,-1.92062907174859,-2.27574410079582,-2.16506194690207,1.24475901546735,1.00838309223014,1.10817232076042,1.06621322891954,1.18448335265765,0.866819501848039,0.918724772044884,0.896296384166159,0.957690811877884,1.03361617003083,0.988341243962887,1.11510016289329,1.0941430475253,0.749289591559078,2.63427749686808,11163,TRUE,61.1339739916384,"0074"
"estb.uk9020",-1.25297767413403,-1.49740547814282,-1.23089541620289,-1.92331615069337,0.051294068708246,0.84989373181119,0.680993931500376,0.756441656709864,0.726693655572165,0.812402460596032,0.583339544675528,0.62182644783813,0.606340900685387,0.649404210461655,0.709433975424281,0.676935926722276,0.769485896017147,0.766892606294684,0.47368316765799,2.03936794364676,13797,TRUE,80.2232741705133,"7584"
"estb.uk9020",-0.231108636839232,-0.606721663842925,-0.174299143102296,-1.02202465784536,2.31714214107462,0.639677748920358,0.513340083047251,0.570252426519626,0.547777260716247,0.609717384787167,0.439999586981682,0.468951623342749,0.457012082412262,0.488066760570246,0.535554225641453,0.511349576501976,0.577680038614567,0.583278161315755,0.355633069824825,1.49176692570958,18880,TRUE,91.7052631578947,"8599"
"hstn.uk9020",-1.95747494242147,-1.82989521626485,-1.70530449670162,-1.8323345609939,-2.79438466616932,2.23885041948922,1.78266104538894,1.98252388592666,1.85598408487609,2.21301872323902,1.52370317077243,1.6197540731213,1.55693682057869,1.73183355823503,1.84637727083002,1.70643055262794,2.09383892186046,1.9859583801603,1.04214365653582,6.0777525599735,5116,TRUE,49.9464567030303,"0064"
"hstn.uk9020",-1.51327111488673,-1.347772700777,-1.48867987827563,-1.43648829440386,-1.06737392601925,2.03962822368603,1.62264036129007,1.80241274875412,1.69737365284481,1.9815972873084,1.38496569134877,1.47010037293743,1.42061306967075,1.55260385091888,1.67690323881992,1.55942789748503,1.87272786576283,1.81230375981928,1.00993982199755,4.96495661602862,5427,TRUE,70.1485697507134,"6574"
"hstn.uk9020",0.580508869309772,0.486480059874423,0.609262874733817,-0.0831867800215451,0.971417866540317,1.03205265793761,0.819405417875948,0.916326416494832,0.857534861288805,1.01386100556787,0.69995340549658,0.745514871965013,0.717707498178129,0.790854850567902,0.859327349971059,0.792351901395643,0.966463945234984,0.929477901539211,0.484753378378718,2.7546379689895,9841,TRUE,80.2232741705133,"7584"
"hstn.uk9020",-0.771184169589263,-0.889187905002315,-0.580559265561785,-0.490829918146194,-0.330977914532123,0.86115900687369,0.681520518440221,0.765202547908378,0.713591169988974,0.856362527077732,0.581724192120553,0.620950078394459,0.596002961002819,0.663984357330447,0.719130049375787,0.660739125317382,0.819823470015346,0.779954217526652,0.386343657871234,2.43088799477536,11957,TRUE,91.7052631578947,"8599"
"rddt.uk9020",-2.19228455059642,-1.73328829299925,-2.1331034085433,-2.09895965836812,-1.61819419715876,2.19994777913541,1.80416216068318,1.96524107996604,1.84482003745907,2.11648700405958,1.55593271213686,1.63985585895034,1.57739094242387,1.71932422359603,1.8171907655643,1.68602619792246,1.97268803429269,1.8054531854914,1.44067370757335,3.60381680047495,7606,TRUE,61.7307842244887,"0074"
"rddt.uk9020",-0.175915604901209,-0.281139608362179,-0.171273230954162,-0.233013979256148,-0.644412165820642,2.68151902675793,2.18635135415416,2.38740381300894,2.23178917647765,2.58755257474565,1.88052192862494,1.98104685510655,1.9028749040553,2.08479618150364,2.20656253368337,2.03430528395383,2.41588939377448,2.20962791325119,1.68772819385625,4.67563615970782,5657,TRUE,80.2500274791481,"7584"
"rddt.uk9020",-0.515521370324118,-0.654698545854336,-0.474986276325536,-1.05989603838026,0.405627068581956,2.92533040473188,2.40631432601996,2.61711204043248,2.44480945191812,2.89582609427913,2.08534537860144,2.19079933302549,2.1028410838262,2.33950431433489,2.42908762876472,2.23773598583701,2.71427005308377,2.44145842384772,1.78734767252707,5.91011494340379,5334,TRUE,91.4315789473684,"8599"
"hrlw.uk9020",2.0431887486768,1.45846823432997,1.30855351057092,0.318996863084168,2.7176464592879,2.41333486112787,2.0093400025233,2.18263357079219,2.05019331151142,2.37488685177171,1.74899656460233,1.84437185126856,1.77227440312256,1.95000600202512,2.03600835040214,1.89195678043382,2.23770766503115,2.01819456072795,1.60209989114416,4.26375380544552,7799,TRUE,62.4716551912604,"0074"
"hrlw.uk9020",2.25879427453829,1.54245786869905,1.42975967090593,1.07255887474916,1.02977095097278,2.89746896778434,2.41272953511031,2.6192733057795,2.4605969285802,2.86052307511093,2.09738912421306,2.21090671667602,2.12296184021744,2.34648438795015,2.44207904151064,2.26796265510849,2.69646141262778,2.44380396184919,1.86498244395434,5.40906343555564,6210,TRUE,80.2418754740542,"7584"
"hrlw.uk9020",0.211824592675806,0.818467609160749,0.14951219247085,0.267594246542458,0.896386685617791,3.61412142002715,2.99887963967567,3.25442724489574,3.06973989714047,3.51120663597268,2.59502017256399,2.73577427472721,2.63216696173964,2.87827273391771,3.02147284373802,2.81935795708288,3.28937960476853,3.0276920199381,2.37469271188167,6.15996686895289,5173,TRUE,91.4684210526316,"8599"
"hddr.uk9020",1.754473592319,1.29552175379278,1.5446454072985,0.499668223384828,1.41798330290038,1.17236374908517,0.91983164585295,1.03505226120508,0.934664536985244,1.1910653820067,0.7869212038533,0.834916548384173,0.792461454516712,0.904045538132258,0.96916938817093,0.85390782030364,1.13811571376859,1.02170823500141,0.465188439202751,3.39691806092724,8530,TRUE,50.1659796996731,"0064"
"hddr.uk9020",-0.272177391356095,-0.733037616103033,-0.346185511782434,-1.1599562768455,1.39348707954686,1.09062807956843,0.856662831582187,0.964700307883852,0.871359869333037,1.10297925981764,0.732624541131807,0.779066052726341,0.73946715231292,0.83898168913948,0.903630864059995,0.797236073590448,1.05735120485202,0.950235736660006,0.461494204415955,2.93194531792717,8950,TRUE,70.1593089776521,"6574"
"hddr.uk9020",-0.245057479613603,-0.433978124576743,-0.55003639370155,-0.753881751079338,-0.431362630842409,0.613092984542272,0.48177560845325,0.542887415084662,0.488703307593894,0.629863995773456,0.412652869611844,0.438159717115189,0.41543302605959,0.476366905858747,0.509995408585052,0.447415900617586,0.605382441228322,0.543789699109801,0.22368079908793,1.8971483137036,15488,TRUE,80.1768758319169,"7584"
"hddr.uk9020",-0.866836283630951,-0.646342020186607,-0.553928397436857,-0.736153030977937,-0.399981451368293,0.615494425887019,0.482487994318312,0.545055925786474,0.488426957121609,0.635921643287549,0.413987224966278,0.439018777745602,0.414882969511398,0.479373288469347,0.513970558877549,0.447912969656215,0.613136047596133,0.551883922509621,0.203348915849436,2.00891551151476,14888,TRUE,91.321052631579,"8599"
"wkfl.uk9020",-3.16722009523967,-2.89399204932569,-2.86009195781081,-2.87341592599667,-1.63190670384404,3.34356755605377,2.77948949538556,3.01056911915902,2.82866527090831,3.35155305652908,2.42567879499613,2.54807080288779,2.4533600795336,2.73205688860836,2.80144599552477,2.60565154053025,3.15600516803513,2.84775074772352,1.96188662427799,7.67232862838933,5457,TRUE,50.8655413948904,"0064"
"wkfl.uk9020",-0.0108637551310568,0.0900589183194501,0.27263982383252,-0.248144152375245,2.5128703476953,3.20311728882936,2.6556588103992,2.88464286507912,2.69068688265284,3.2402731197693,2.30045242236664,2.42834364511886,2.31973067158164,2.63244880512983,2.6791011054035,2.47226225123867,3.04568543332231,2.68635858173206,1.92550761370675,6.9938722085336,5835,TRUE,70.0947913930184,"6574"
"wkfl.uk9020",1.84768070791677,1.28482359691764,1.73303050703943,1.2804242739465,1.13245495550846,2.15209378216559,1.79655919523779,1.94733055601154,1.82210806258501,2.18980301630526,1.56722065412301,1.65089788559531,1.58078268311557,1.7907216306701,1.81666410037708,1.68173683982909,2.06706362356111,1.81808112855395,1.31381162587842,4.8604277472098,9128,TRUE,80.2113299882588,"7584"
"wkfl.uk9020",-0.537004970889307,-0.153237843054936,-0.0605494373744173,-1.03926852473163,1.21258557364841,2.09173181498046,1.73379195411614,1.88698241588477,1.75341093845804,2.15067610594747,1.50950980716289,1.58986645473723,1.51766154540195,1.73798636113418,1.76259132493572,1.61581369459254,2.03815497951486,1.7934297876811,1.1255202143017,5.48450514476043,8399,TRUE,91.321052631579,"8599"
"ddly.uk9020",-1.46918046856223,-1.33319689669533,-1.56177659890403,-0.578211998380292,-2.57982202595562,1.4490812607433,1.16666893015881,1.28470957504385,1.19246709258823,1.40442038660182,0.996584724758949,1.0542092506499,1.00963960372247,1.11247766380004,1.18833969501948,1.08387946769881,1.31689999735185,1.19790677720029,0.85041241779922,2.84381693792655,9535,TRUE,61.6651165857031,"0074"
"ddly.uk9020",-1.37630733360483,-1.07119965146441,-1.29079697547428,-1.63609089844588,0.807102457932842,1.63836458605135,1.32255982842167,1.46078411023466,1.34605468099195,1.61693537931367,1.13028748306967,1.20004731579664,1.14211184767348,1.28031592600253,1.356375448326,1.22785945647991,1.52263398629807,1.36413537189969,0.930781012477687,3.47265595156994,8539,TRUE,80.1726788368384,"7584"
"ddly.uk9020",-0.812182229969286,-0.880862016514009,-1.0456937753574,-1.13168495404198,-1.49535669895076,1.63399799531463,1.32018275995423,1.45518306221725,1.34039225643577,1.61955010128956,1.13447185809865,1.19816261608213,1.14156531617217,1.28106045339831,1.35337829759379,1.22310532168064,1.52715017197707,1.36945082568833,0.904500990845391,3.67207222455814,8306,TRUE,91.6052631578947,"8599"
"wign.uk9020",-0.577783386759747,-1.16833222995183,-1.06900203513671,-1.62336892317629,0.454844162116993,3.99309935662725,3.35929370123347,3.60904011053227,3.39585780972443,3.87442601210742,2.94781192692462,3.0887955719138,2.96590591138348,3.24946162006538,3.35653433100319,3.12846752971353,3.63020412999021,3.29779422137067,2.77050393565559,6.02454018685446,5377,TRUE,50.8694943638563,"0064"
"wign.uk9020",-2.41247171458623,-2.25004689355027,-2.41426501326045,-2.73562791735615,-3.2965718264402,3.86659931759777,3.2585978022197,3.49813351277441,3.29711462972485,3.72997593306224,2.85340780919988,2.9937247508251,2.8750840504064,3.13414988253313,3.24841139970595,3.03474190753966,3.48798741668629,3.17017190660972,2.74119851561553,5.63381628732344,5989,TRUE,70.1339540691119,"6574"
"wign.uk9020",0.134918309553906,-0.0504886509283859,0.0325412267392728,0.0400348566765968,-0.885590830260286,2.45796973563275,2.07393759097827,2.22680459017141,2.09545927676536,2.37802423796437,1.81731548515248,1.90692380855583,1.82822151354963,1.9986918710073,2.07218684785911,1.93082404009537,2.2300071028015,2.017412513774,1.74344175064036,3.5729909572618,9023,TRUE,80.1481906306166,"7584"
"wign.uk9020",-1.3676751055995,-1.36733599949879,-1.34001771424337,-1.8447784481076,-0.182259088832566,2.79849061891689,2.33948257319996,2.52325384342504,2.35636550385232,2.75471208918305,2.0417386548359,2.1443260848004,2.04609417615554,2.28860974144956,2.34710107262071,2.16620065253483,2.58640886137949,2.31737533507578,1.86010332958259,4.73039893653884,6809,TRUE,91.2421052631579,"8599"
"dncs.uk9020",-1.46364099360768,-1.60958435053599,-1.7160321155576,-1.86691794235261,-3.05223804970218,5.0375389645439,4.32000814744043,4.59621087154329,4.37621881017568,5.00958218793719,3.82364255521656,3.99087553017792,3.85839650018514,4.24904078734512,4.28297266747987,4.05280431114862,4.70091583238467,4.21662789565527,3.61689613333317,8.47155818772494,5968,TRUE,50.2651386588256,"0064"
"dncs.uk9020",1.23860263907207,1.35886008266786,1.1859579254963,1.28751661455089,2.55052743845801,4.89987212642548,4.22780240132321,4.49163784762434,4.2826438441877,4.84799954898548,3.74841416226422,3.91775655430263,3.78560931347472,4.14773859758161,4.1928328100332,3.9782864423249,4.55147349585298,4.11312984876118,3.62228228991112,7.50589893336667,7021,TRUE,70.0578983903705,"6574"
"dncs.uk9020",-1.80111486074137,-1.62484777257654,-1.94033001982895,-2.37908930173888,-0.574971984437483,2.61551475854962,2.24178613051777,2.39314849059255,2.26787557501051,2.62122232359072,1.98529572659782,2.07657728333715,2.00032770319625,2.22054628771823,2.23854616902709,2.10714614033871,2.46928231695128,2.20988992768309,1.83594803259149,4.65266389667875,10733,TRUE,80.1876093176659,"7584"
"dncs.uk9020",0.232483599032933,-0.231112925671514,-0.277932984618909,-0.555431275076335,2.30036895242459,3.10152799527262,2.67251801496658,2.85054906749796,2.70445742214636,3.12077596426686,2.37529734027679,2.48329768906307,2.39358442629841,2.65460208036228,2.67571210715267,2.5212185643543,2.95124635596127,2.64196488472722,2.19554936717142,5.57590698791962,9588,TRUE,91.2157894736842,"8599"
"stck.uk9020",-2.24895419118961,-1.72448368339519,-2.0936801880115,-1.31407456667195,-2.83989894980188,3.91084533471402,3.28789760969841,3.54141301541108,3.31653569610508,3.85194895662331,2.87094622008859,3.02024480640189,2.88656693842305,3.21334988218542,3.29067837810891,3.04953351730821,3.61169916910986,3.18767495624711,2.71090038521064,6.26313376564898,6042,TRUE,51.2537596328081,"0064"
"stck.uk9020",0.320631242944637,0.377171423628431,-0.212441721835598,-0.609427097931514,-0.662933432989784,4.16387178870961,3.50308668284718,3.77189620409213,3.52395816573491,4.08364426413558,3.05098091727762,3.21558825833806,3.06202563519123,3.41219950346539,3.49691994537587,3.23805856852626,3.8153745700161,3.34775311395224,2.94970910494518,6.26357875100265,6316,TRUE,70.0673696709468,"6574"
"stck.uk9020",-0.25151807550892,-0.456572592534567,-0.683984689868471,-0.465493300847512,1.41469179762127,2.25319227180666,1.8968910465181,2.0470138259997,1.91022203371493,2.22727570787074,1.65463974558391,1.74516573417072,1.66177317799177,1.85903658461751,1.90538107033999,1.76030409279674,2.09071130999196,1.83905273234189,1.56074910030978,3.62470617631244,10677,TRUE,80.1703840567851,"7584"
"stck.uk9020",-2.93671861982384,-2.91587037287162,-2.94154228502622,-3.24177443090299,-2.05395308581121,2.04015822708068,1.71481347719086,1.85187652520856,1.72494998235958,2.03244205942184,1.49926469208504,1.57891322034663,1.50330693504202,1.69236966379325,1.72723492273601,1.59037955161709,1.91354942356159,1.68841149407398,1.35797275196857,3.61251979641375,10807,TRUE,91.2421052631579,"8599"
"sthp.uk9020",0.201322364707921,0.437349460757994,0.347061659932315,0.830022039137054,-1.81322264204363,2.90773590504942,2.35812308076949,2.58936857653397,2.41704790590742,2.81608118630514,2.02524526612148,2.14741242706871,2.05337348379788,2.26983810737505,2.41207423687914,2.21886287023678,2.6615024666433,2.41758800765705,1.80373072935652,5.36385538468189,5073,TRUE,50.3754907571697,"0064"
"sthp.uk9020",-1.37893414420256,-1.23119967370496,-0.975415008703934,-1.80964096381747,0.36149322025395,2.36074355559341,1.90209759396595,2.09558309973061,1.95544851093182,2.27216105021522,1.61927713255804,1.72522212024686,1.64763982800461,1.82189318174192,1.94287899633399,1.78698402650745,2.13737423013344,1.94422018133068,1.48644446307983,4.12857759960426,6411,TRUE,70.1135636504717,"6574"
"sthp.uk9020",1.39537043410737,0.882678206862616,0.88895396794753,0.668472455957676,1.93641086546873,1.13095578143845,0.914026587963565,1.00818950538951,0.938789012345071,1.10005221607295,0.781959129231234,0.832626148136081,0.794488590508572,0.883075992217805,0.940019516604041,0.862622724289308,1.040076269118,0.949945860926351,0.686379145648939,2.15961757280809,12974,TRUE,80.1756805118816,"7584"
"sthp.uk9020",-0.089520192051241,-0.319546654426254,-0.575414910504445,-1.03825076078605,1.26558279868142,0.868560427939491,0.702369429805568,0.774744985094883,0.719877626238031,0.845758241685545,0.602753120512398,0.640669693566099,0.610653854787574,0.679426477998392,0.72490683313719,0.662851157279355,0.802720025555428,0.736163576036622,0.516885096336785,1.70121791836919,15722,TRUE,91.2421052631579,"8599"
"wstb.uk9020",-2.0037682578187,-1.87247336434451,-1.82670715026598,-2.69443731939068,-0.666103881757261,1.48551792448749,1.19787496103937,1.31804869634341,1.22303244609107,1.44045800298451,1.02290301835742,1.08312444686011,1.03586916865746,1.14469569429325,1.21711445991797,1.11188592638904,1.34760936632002,1.21696200725443,0.896941412017738,2.74429582276585,9870,TRUE,61.7025704213884,"0074"
"wstb.uk9020",1.58802896710608,1.35991520732863,1.4375387936846,0.674221984876048,1.67067331510559,1.85523038857663,1.50528664449079,1.65449411113145,1.52987771667056,1.82586866447387,1.29099845789629,1.36609706832499,1.30269266376125,1.4565933640413,1.53475142019417,1.39559683722542,1.71563947971675,1.54131854769857,1.08713546447499,3.7760875726438,7795,TRUE,80.1551946102863,"7584"
"wstb.uk9020",0.459877837849868,-0.220554569144785,0.102577882307111,-0.986692499475317,1.03685195009567,2.14047237261909,1.7152307765938,1.89935978761477,1.74606213484355,2.13060557216609,1.46166826162774,1.55021952951255,1.4748137045917,1.66642364703095,1.76264369010803,1.58684491625456,2.00886844162425,1.81450060591742,1.08853550894228,5.1776263891839,5940,TRUE,91.6052631578947,"8599"
"sndr.uk9020",-1.23184925626726,-0.925113490646585,-1.11638367214303,-0.53949002296918,-1.28897488923029,1.2109395982917,0.986858854217372,1.09004926576307,1.00738215871459,1.26142400401524,0.860878635300377,0.910074574034112,0.87263416154997,0.987450630651371,1.02668822348649,0.934640164712084,1.21180199000606,1.06766318387784,0.544089880181505,3.95935532062256,11473,TRUE,50.9131612008377,"0064"
"sndr.uk9020",1.26623339230599,0.819763984407883,0.4997809662212,-0.360740900849475,3.54120384333756,1.18132781670378,0.979465385424555,1.07367541904313,0.99795366974866,1.22016793635298,0.858561771201235,0.907421197012476,0.869701107289021,0.978623864647466,1.0124678955928,0.930149181968903,1.16945612918765,1.03710011554743,0.610897762168776,3.40043764207949,13778,TRUE,70.1825562999961,"6574"
"sndr.uk9020",-0.19651078146603,-0.0674992254645459,-0.270043512699268,-0.0316487441996103,-0.144084412766172,0.718973644015133,0.592638483188201,0.651823083613016,0.603736495718929,0.755739594532327,0.519351525952028,0.548481213474314,0.525694438083748,0.598286090356151,0.616163284477896,0.56236871128685,0.728068829036699,0.639570676695102,0.327332116050082,2.44896347867741,20574,TRUE,80.2092026748425,"7584"
"sndr.uk9020",-0.781524284418721,-0.684580646304054,-0.720375280783075,-1.40297395514439,2.79194601545072,0.825702372589766,0.67525380830991,0.748682948711488,0.684487243533215,0.887484115304055,0.589949170094398,0.625138885696662,0.594826011733674,0.691372964770444,0.710199410661737,0.638026607775618,0.85971617581495,0.74505051537364,0.31933901852172,3.16468249282816,16148,TRUE,91.1684210526316,"8599"
"bltn.uk9020",-0.609291906958137,-0.42020588982021,-0.482744468625932,-0.627576254618131,-0.249249437868364,2.97376801975317,2.55867413642946,2.71915213129559,2.58127503723428,2.87618408091122,2.27161610812266,2.37075622139873,2.28342745529981,2.47415767542858,2.5385932435255,2.39430158841557,2.69829012460367,2.44929245556146,2.25950152253427,3.8408123981408,10136,TRUE,50.8694943638563,"0064"
"bltn.uk9020",4.28398074681865,3.4265406086604,3.65674758224971,4.34229600942904,1.0650906764945,3.28181610377761,2.83454052896961,3.01097930148137,2.85962035005864,3.17619805200557,2.51456850539084,2.62914317479883,2.53025271583895,2.73905906972481,2.81168547908084,2.65469821018392,2.97995621502977,2.70390246951267,2.51473658393219,4.16212271122247,10329,TRUE,70.1339540691119,"6574"
"bltn.uk9020",-0.577730611202837,-0.662109383342143,-0.79978095420396,-0.888063175130912,0.128622766472652,1.71389366749692,1.47317906251976,1.56964911995597,1.48631100988107,1.66248369399513,1.30684688965007,1.36641174980316,1.31423838212765,1.42636486446354,1.46831145196676,1.38063818861158,1.56337061172349,1.42323267271435,1.28028234386961,2.29936035948943,16628,TRUE,80.1481906306166,"7584"
"bltn.uk9020",-1.20448019443734,-0.967944662016848,-1.31483694889805,-1.38353157703281,-0.442214716413124,1.62003146842422,1.38459418426698,1.47925924015715,1.39536395386468,1.57880959681329,1.22585242465161,1.28202805756099,1.23080516663603,1.34509639791138,1.38353607929639,1.29409990770034,1.48592743957847,1.34976202415544,1.17365164854161,2.33098896231955,15350,TRUE,91.2421052631579,"8599"
"wlsl.uk9020",0.784068718261436,0.492292355575702,0.456388166924353,0.119167057081838,2.04041163019272,2.09067231120397,1.68633031805862,1.85659342280451,1.71768864308838,2.04407701411403,1.44083036964767,1.52626111383981,1.45625895981116,1.62317561739856,1.71455255144541,1.56196904209627,1.91023701487826,1.7154468982196,1.22232687491494,4.12491711500734,6953,TRUE,61.0512255240402,"0074"
"wlsl.uk9020",-4.95717802469717,-3.86737048677349,-4.93159815383269,-4.46906037396322,-7.49374456829985,2.62445202767856,2.11316468539029,2.33192625038651,2.15867292554736,2.57062170116464,1.80137536359045,1.91093022860103,1.82667704240447,2.02900776746048,2.15750137214095,1.96181443895985,2.41473204479159,2.18288800120533,1.47758526938098,5.58213414175434,5323,TRUE,80.2036423578886,"7584"
"wlsl.uk9020",-1.07247645288361,-1.51597793703307,-1.87646782926829,-2.21176382094687,0.0644832916991449,2.66553192137403,2.15087951547389,2.38077712342298,2.1815383502514,2.66451165482334,1.84669312954277,1.9576603046568,1.85894764628773,2.10468361819342,2.22091315184322,1.99594080864312,2.5181128679182,2.25250288431271,1.45676668128811,6.04823776476927,4906,TRUE,91.6052631578947,"8599"
"chth.uk9020",-2.22708875215271,-1.52982021317775,-1.52143386631898,-1.90118562431538,-0.711929150382253,1.91496681573014,1.56466734101777,1.71612170793194,1.61049152927997,1.89761324799694,1.35109409594614,1.42584211297982,1.37529235227065,1.51352351953931,1.60318375050453,1.48224521019386,1.80234419822244,1.65190782457939,1.05905834322586,4.51062847454636,7168,TRUE,62.1417579276855,"0074"
"chth.uk9020",-1.49854803591912,-1.68777398458438,-1.37899797740058,-2.43554390136441,1.56521891130886,1.5905851338408,1.30201245827513,1.43174084060544,1.34082852717923,1.58126279508074,1.12549081740583,1.19035540697179,1.14539420619441,1.26380221992146,1.34236033301254,1.23780421971635,1.50612740173543,1.3918013512912,0.873412605815144,3.76559395929196,8722,TRUE,86.9578947368421,"7599"
"rthr.uk9020",2.52029315778238,2.06082458504141,3.01572618217808,2.19916828018478,4.0909437687789,3.06666375315458,2.55222882933774,2.76264996498154,2.57967349935313,3.09939815037966,2.2227783623707,2.33798061540927,2.23634669884388,2.53287081032011,2.56830098850215,2.37298916830666,2.91259630483205,2.55122243568873,1.92282553575802,6.34415769241493,6384,TRUE,50.2651386588256,"0064"
"rthr.uk9020",0.493451067968757,0.290560750265208,0.696180740790117,0.435976515740453,2.83749305985895,2.84152907716707,2.36351192037717,2.56345592605742,2.39009245944838,2.87329869119467,2.05076243669955,2.16493171220486,2.06527531049322,2.34673722582789,2.38164373746144,2.19724206827984,2.70285454194604,2.35691647609847,1.77689551657078,5.88523307868586,7166,TRUE,70.0578983903705,"6574"
"rthr.uk9020",1.94810810583168,1.63181955391891,1.51178929374197,1.89976066810136,0.848205119656259,1.73215399027352,1.4400525180354,1.56495200998264,1.45538624393959,1.76489878398738,1.25282060089155,1.32193903418035,1.26042585745798,1.43699790952745,1.45882598152942,1.34176097912981,1.66492530745514,1.45713348690392,1.03794796460595,3.90430329621836,11443,TRUE,80.1876093176659,"7584"
"rthr.uk9020",-0.326668059341764,-0.555514269491024,-0.34778346083344,-0.658446240448513,0.710023303939834,1.59119025260472,1.31484603694142,1.43442036785339,1.32946551068211,1.63241446424032,1.14436002332154,1.20588911204272,1.15021765145143,1.31585457474631,1.34167090974972,1.22594495246667,1.54845049594242,1.37141787339766,0.85855107970886,4.01966326112725,10039,TRUE,91.2157894736842,"8599"
"brah.uk9020",-0.620970906543448,-0.611895264138316,-1.07638035080151,-0.777800400472383,-2.2749824854632,1.15862301374067,0.938543687556392,1.03172096645463,0.979205663810718,1.12570466707588,0.80898317573443,0.855151749553582,0.828782086479883,0.901789259576008,0.961467670149645,0.904095450986928,1.06050056173861,1.00923349853039,0.674868923177987,2.51096780114578,11071,TRUE,51.2560014112065,"0064"
"brah.uk9020",0.248664212273705,-0.185368808953302,-0.293441845272857,-0.841323466068644,0.27173179201126,1.10878207248809,0.890215528032021,0.989010053771204,0.937113811557693,1.06829538206121,0.763910352915656,0.812398564449636,0.787556405501961,0.850063309966711,0.926810521837142,0.868616995814432,1.01285920967648,0.979587827795002,0.649592252352521,2.2860936411973,10340,TRUE,70.117992849703,"6574"
"brah.uk9020",0.226863416591959,-0.0699528379172069,-0.0330647455339902,-0.0874312469600442,0.0969619723856547,0.553701583555003,0.444018119549259,0.492987393521288,0.466823952695061,0.534599322030404,0.381368609256856,0.404862042178072,0.39258614752846,0.424307415886731,0.461924896344833,0.432577106613569,0.507008333474288,0.490753998343394,0.315684797820499,1.19018422419126,20270,TRUE,80.1425738661562,"7584"
"brah.uk9020",-1.67557339473332,-1.63257861370463,-1.7494507476884,-2.90712377317095,0.26411616685463,0.46080435412872,0.370974560506933,0.412111482238678,0.388388052587926,0.451187778881087,0.318774350314569,0.339119588156374,0.327189164830129,0.358316704155862,0.386954888957608,0.360544598900843,0.429091638751139,0.412960854936475,0.251201187004356,1.07430002932933,24463,TRUE,91.7052631578947,"8599"
"plym.uk9020",-1.98538248952474,-1.60896754961615,-1.78935655422981,-1.69808031655149,-2.10921674515473,1.15619920084403,0.954349703702698,1.03732506759885,0.990412269903238,1.09929710863833,0.834846731121913,0.877405278592163,0.853258949452269,0.90824714712686,0.971769924556536,0.920137674760318,1.03555616804723,0.992676361318401,0.787299525023819,2.01977028916188,12989,TRUE,51.3987865847603,"0064"
"plym.uk9020",-2.51693107807683,-2.11498575569162,-2.55651651389398,-2.66545785866854,-2.19663702318516,0.928055757854224,0.760417343131086,0.833404584023907,0.793138021961907,0.883237859778453,0.663085735266673,0.700504521780864,0.680120082662041,0.72420637814223,0.783340075421254,0.73861904544784,0.835759213943179,0.806292005009024,0.617053817813426,1.68576551544167,14361,TRUE,70.1577645267309,"6574"
"plym.uk9020",-0.0849997626343985,-0.585314951102785,-0.654389140755355,-1.14200495152433,0.53637891772614,0.550615428175246,0.449814575671702,0.493535249568859,0.468949090409434,0.526150257613578,0.391873690436809,0.413838931107868,0.401498507020668,0.429322014957372,0.463961997140965,0.436639762732373,0.498187735103032,0.479002011667729,0.363734364996813,1.03151494204013,24285,TRUE,80.1251213781145,"7584"
"plym.uk9020",-2.55920780277375,-2.42225757555031,-2.55399516915075,-2.57542050748765,-2.76284336524272,0.529565534912407,0.433877899304807,0.475239562577341,0.450995313210688,0.507901810848974,0.379113492869279,0.399705251025617,0.387489946952261,0.414890363460044,0.447189081256684,0.420517877642427,0.48069636088052,0.465059985950405,0.343003545512311,1.05286256322503,24641,TRUE,91.5684210526316,"8599"
"swns.uk9020",0.54368453413899,0.219983013954764,0.217192583432364,0.024939002572511,0.91792546061926,0.678277234758792,0.511182408438578,0.584869056178311,0.532872973217941,0.645418334513718,0.436703484703922,0.462890995031856,0.442923199240599,0.483820267470901,0.555128330151,0.491006261078161,0.625816021201155,0.620805957295491,0.261181834755134,1.9482038229325,9879,TRUE,50.8272533464013,"0064"
"swns.uk9020",-0.23226728866517,-0.210529349259405,-0.563750267957412,-0.290963518347245,-0.105757513483362,0.573644969558673,0.43278442715777,0.495985501436058,0.453896566831268,0.53958953249352,0.368549211316513,0.392463668178561,0.376037407255559,0.406738655781487,0.470460010421921,0.418496742446056,0.522239026728948,0.522931960804996,0.242691835643746,1.49340101729935,11476,TRUE,70.0441173439742,"6574"
"swns.uk9020",-0.428895757492076,-0.94794019914887,-0.821551821295687,-1.08199009498987,0.48531166051414,0.335762541932002,0.253818977596881,0.291467077330521,0.264952458625479,0.321104609490643,0.21731859438177,0.231248681579012,0.22103231854264,0.240554393773304,0.278363335231651,0.245717411964208,0.313157388136019,0.31609766037617,0.124062639443566,0.993206167267209,18902,TRUE,80.2905142507636,"7584"
"swns.uk9020",-0.209534929601936,-0.754052722760887,-0.646940066447153,-1.08082349327358,-0.403872959002202,0.338156875464723,0.254729716367249,0.292229017205491,0.26400067984791,0.3270019190967,0.21862187091564,0.231575241580122,0.220884458282752,0.242836700798029,0.279443738266247,0.244627055689753,0.319896466998036,0.322257772133944,0.111196401990623,1.10969050931891,17811,TRUE,91.2631578947368,"8599"
"drby.uk9020",-1.74428320928963,-1.65612959949489,-1.34834444743713,-1.63758173852617,-0.915820922374096,0.987564379475458,0.778635878722885,0.866108172586944,0.796012896540004,0.973252720866243,0.659437747885151,0.699147904477758,0.666730773308095,0.752188714133577,0.799230217405725,0.720483074354998,0.911714354766383,0.819422480942003,0.513561763403553,2.18198445720718,12234,TRUE,50.5866166143985,"0064"
"drby.uk9020",0.323607426550172,0.274896603217779,0.279362303711587,0.294823088107313,0.692023548956027,0.941587702071477,0.743756043460769,0.828398490486251,0.760355150108109,0.927118225401518,0.628389217746869,0.66858898962223,0.636336926300118,0.717384741189299,0.763858040835881,0.688649405076584,0.867796798560903,0.781920642302304,0.496163143220445,2.01106514070766,13489,TRUE,70.2141395681377,"6574"
"drby.uk9020",0.00545719694318114,-0.16081470709257,0.0746863808060222,-0.573247590061389,1.85147014697434,0.518149251262619,0.409274958336374,0.457048900785588,0.417871856044183,0.515707652417887,0.346988073696568,0.368910220528969,0.350612589203518,0.398115110900198,0.424091505030516,0.379992848253649,0.485859388474742,0.435188075874481,0.26563940369003,1.17721884117853,22944,TRUE,80.1613483942998,"7584"
"drby.uk9020",-0.0974375240770849,-0.143951965847109,-0.314117494731163,-0.42646077769397,-0.0714985829674659,0.515709461880948,0.406818907027325,0.455189463629517,0.41478605404803,0.517000077280369,0.345836428241543,0.367170083287404,0.348524319208415,0.3970875245328,0.423879278406932,0.377825786447188,0.489315464676337,0.441888214276279,0.242820505823054,1.27781451739126,22051,TRUE,91.2842105263158,"8599"
"brns.uk9020",-0.532410174470917,-0.36694371971341,-0.836380680320193,-0.812083984436753,-0.803580710257933,3.24709522685848,2.68132570198267,2.92003384305797,2.71317307525986,3.28886887101893,2.32843027789901,2.45605205140431,2.34428691046564,2.66241519494414,2.71873834499819,2.49521934979257,3.09964898378857,2.73711231968077,1.86111078305033,7.47458709219285,5361,TRUE,50.2651386588256,"0064"
"brns.uk9020",-0.599413141591828,-0.939880292033977,-0.777444277049913,-1.13053394116828,0.426353903967854,2.67311525684982,2.19827132902893,2.40303570078549,2.22355751747494,2.71563266421249,1.90478082919525,2.01286316162058,1.91731209693718,2.18430258003533,2.23993911853132,2.04378039333828,2.56917462370594,2.2663776215642,1.49610952471475,6.26145050627204,6222,TRUE,70.0578983903705,"6574"
"brns.uk9020",0.248287359041832,-0.118694900050902,-0.0182274990787449,0.599770630274926,-2.1605866629009,1.78267365376527,1.47609802500246,1.61298966013301,1.49260889320247,1.83330696514588,1.28291449036437,1.3578597701158,1.2911142375167,1.48409308133081,1.5096144938023,1.37858611167399,1.73973753477614,1.52065988515178,0.998155938884767,4.46988855715988,9745,TRUE,80.1876093176659,"7584"
"brns.uk9020",0.0506931023486797,0.0553195114031416,-0.607589962527531,-0.422634961422888,0.808395234466529,1.78424022009268,1.45570835913373,1.60649456515113,1.47150056477929,1.85224605000687,1.25786749549398,1.33487469960578,1.26339828225973,1.46745035356667,1.50567631342312,1.35594807505434,1.76591987776077,1.53782391231586,0.882837596889892,4.95179695562713,8184,TRUE,91.2157894736842,"8599"
"sthm.uk9020",-0.71412601212549,0.0547567323207062,-0.395169255870136,-0.232360075812567,-0.964726535394465,0.914667050505026,0.73319423870368,0.810812005658252,0.753610527246175,0.89656886150927,0.631845682306885,0.665517168890323,0.639568478671179,0.706340140232976,0.758629235718505,0.693011639539978,0.849268452200712,0.789259228843068,0.517008547932458,2.00261978545628,11526,TRUE,52.0102673171139,"0064"
"sthm.uk9020",0.420056913990105,0.376446245495196,0.321587977269031,0.336663459515681,0.982051205162828,0.811536004090057,0.649159499032906,0.722317328381344,0.672328991694513,0.792109048011806,0.559492579886772,0.591629519468725,0.56977152120841,0.622725108721348,0.679463768844439,0.621023736475218,0.755223426456677,0.70993688087905,0.462257394926992,1.74060917247941,12036,TRUE,70.0729367492852,"6574"
"sthm.uk9020",-0.299970576846736,-0.38937523206059,-0.765748896024218,-0.851744185342882,0.577463187304427,0.458272051646472,0.365750985140114,0.407923936440508,0.377818075521849,0.450978592781979,0.315817002229124,0.333778827363047,0.320725111669157,0.353129469791172,0.384836375595538,0.349657571640342,0.431278521645396,0.407311346847316,0.244211743828244,1.07880795438357,20596,TRUE,80.1060335517692,"7584"
"sthm.uk9020",-0.406982740257591,-0.679682940748569,-0.46325929103852,-0.436123211371613,-0.258959646789149,0.485998035103923,0.38735047739069,0.430983985300783,0.397746891314164,0.483620343106784,0.333298260019108,0.351871816786304,0.337106051071055,0.376135079775372,0.404639400746689,0.366355526205394,0.460167768771435,0.431552423953688,0.248239446537606,1.19493130183905,20499,TRUE,91.7789473684211,"8599"
"oldh.uk9020",-2.36765865264039,-2.29732057480116,-2.60773004578594,-2.68687847663227,-1.59399612509124,3.13092828832845,2.63298274635482,2.84360864630792,2.65933824442161,3.07407024448824,2.30406089263916,2.42687412634805,2.31835564531517,2.56608389904249,2.65046353882814,2.45518932506622,2.88668678391686,2.56398862211231,2.19367353237008,4.7994274780653,7354,TRUE,50.6887623912399,"0064"
"oldh.uk9020",-2.62942373470187,-2.29546375953096,-2.53256056601047,-3.58354937395647,-0.577050457841014,3.24224264668239,2.71960281630436,2.93992958041831,2.74115856383334,3.19571069801269,2.37041304538329,2.50191676956973,2.38311879151982,2.65890397848605,2.73394191345592,2.52546957748481,2.99503808366975,2.64967997971348,2.22697336601745,5.12282911988599,6882,TRUE,70.1116995641013,"6574"
"oldh.uk9020",-0.551734988843356,-0.706578385102903,-0.910648697054397,-1.21835607527128,0.48045012480502,2.13064017268246,1.78597350366353,1.93334574420824,1.80337788344099,2.09978193425979,1.55906770362429,1.64468317028342,1.56924142801049,1.74458149379357,1.80168860617327,1.66361205223498,1.97316155458759,1.75767926953707,1.43687773526485,3.51226084458171,9870,TRUE,80.1759320032535,"7584"
"oldh.uk9020",-0.994391922040524,-0.724581753196711,-0.786136213546795,-1.00838297786917,-0.243946414847056,2.1462360478218,1.78671267092764,1.94265044811868,1.80504943223011,2.12399812477182,1.55665427200081,1.64395904047045,1.56552359011153,1.75094409994682,1.81334871080865,1.66431313667758,2.00200893280578,1.78119688975565,1.39976996671409,3.77580050058959,8882,TRUE,91.2421052631579,"8599"
"slfr.uk9020",-1.16386165219923,-1.36187553539991,-1.40461559317427,-1.67930244905808,-0.636723122704842,4.91966440711562,4.19913816468835,4.47990682231694,4.23824345629597,4.74720895523585,3.69740160601846,3.87290422804813,3.71988025766017,4.0490440733173,4.16580058875585,3.91394399440799,4.43552049491967,4.00453235380236,3.70635816045449,6.2622682339759,5973,TRUE,51.3084648085419,"0064"
"slfr.uk9020",-4.14074231460756,-3.25237421439681,-3.31539152929865,-3.27179418195119,-3.23149761904122,4.91202785799553,4.19717072424961,4.47393038143119,4.23974868448266,4.72612045007615,3.69731464271622,3.87133684184147,3.72346624552367,4.03741997896969,4.15856552749366,3.91423899897656,4.41540795750085,4.01264521424403,3.68162068242589,6.25925158269695,6099,TRUE,70.1015307061814,"6574"
"slfr.uk9020",-2.04155968133962,-1.86508999173065,-1.76862086223308,-1.82075238827974,-0.679451095172757,3.41687283350119,2.92192917486563,3.12102148625463,2.94853191087524,3.32162707924078,2.57382412745875,2.69957307599294,2.589381942762,2.83348226001317,2.90827653612362,2.72771391997792,3.11193551740425,2.80067145999453,2.55045791631061,4.59848091619325,8761,TRUE,80.1573654755836,"7584"
"slfr.uk9020",-4.030703884164,-4.10829722855596,-3.95392751628253,-3.08950453334867,-4.58112270467913,3.68902546099758,3.14343859784254,3.35712791273097,3.16694800880689,3.58805961779652,2.77437693004196,2.89966636328889,2.78458229145859,3.04721656424974,3.13026154458158,2.92690672258043,3.36787088250425,3.04477888705715,2.673175735143,5.25237366957172,7054,TRUE,91.2421052631579,"8599"
"mltk.uk9020",2.42722617274222,2.03916172610906,2.02465183556681,2.52353152751388,2.47414483062062,2.8404868732771,2.37577744633248,2.5652972043306,2.41830327262541,2.78829222721053,2.07728697285354,2.17853320983605,2.09850177733776,2.30320338822719,2.39054778324558,2.22900677301244,2.62119772989353,2.38730592131215,1.86690806916496,5.04155297385204,6561,TRUE,50.8605905194306,"0064"
"mltk.uk9020",-0.577833147408087,-1.02585528699844,-0.843079417343292,-0.87073097005704,-2.02304079214561,1.5557177841032,1.30069529829338,1.40658374024904,1.32416240967853,1.52731360793371,1.13474043958626,1.19265398449164,1.14784696302614,1.25824890845098,1.31018689375053,1.21997304219412,1.43642508374255,1.31031337485498,1.0109601638655,2.77640692413402,12307,TRUE,77.6889769775376,"6584"
"mltk.uk9020",2.02016842352318,1.64379933428858,2.07406818608261,2.06595943105855,4.41352428347273,3.01852462576515,2.53751656661919,2.73418549460827,2.5769104603895,2.97850538801417,2.22140797401628,2.32863376661,2.2393909901824,2.4693881438942,2.55066625179362,2.37760955817379,2.80248688023377,2.54883731942106,1.9865906500763,5.45416879131834,6528,TRUE,91.7789473684211,"8599"
"rchd.uk9020",-2.71494381483803,-2.05769393919388,-2.64134009965092,-1.70030757041751,-4.49495299160649,3.71480338330607,3.1546462707032,3.38252786600285,3.18143419242904,3.63486686873794,2.78144643359013,2.9156151937281,2.79588822233424,3.07219347765633,3.15513801046186,2.94324882823214,3.41289696280509,3.05422689112926,2.68062058729606,5.39635194425996,6669,TRUE,50.6887623912399,"0064"
"rchd.uk9020",1.84994785560751,2.17328980276327,1.78500168199863,1.693409667434,1.96273154962683,4.55885113460419,3.88470671316196,4.15735086915335,3.93053125793738,4.42546188293492,3.41934961738681,3.58790242450539,3.4484600689392,3.75739865297072,3.87243094447551,3.63421571893174,4.14631417463999,3.74358695932798,3.35647292155984,6.25315645501706,6216,TRUE,70.1116995641013,"6574"
"rchd.uk9020",-1.96107185486331,-1.85992089015042,-2.29321756940705,-2.24643307625881,-3.16154594745692,2.40096818827133,2.03160677972519,2.18786756212646,2.04917529598072,2.35415776550478,1.78451199685361,1.87808419976243,1.79434865103053,1.9820412376257,2.04354072844475,1.8970242136486,2.21385382084323,1.97670246899469,1.70648531238032,3.58732893998042,9837,TRUE,80.1759320032535,"7584"
"rchd.uk9020",-2.51979955487792,-1.96287951517661,-2.42907115085234,-1.74522768415177,-3.83714497508472,2.83579900023889,2.40586133492204,2.59104349071694,2.4270497613765,2.7951220605901,2.11635314307745,2.22789440541257,2.12755233653064,2.35745599165151,2.42578148839485,2.25126041941443,2.6352483610172,2.35844550398653,2.00498886600891,4.35544555676215,8552,TRUE,91.2421052631579,"8599"
"slhl.uk9020",-1.97100721286437,-1.29571980191483,-1.85578288672933,-0.947806996667393,-3.7242976202261,1.70989785879429,1.39530314620451,1.52618084813556,1.42393980290769,1.65092041190823,1.19799281713808,1.26717139393291,1.21388337063515,1.33296892103577,1.41048832855798,1.29815144966072,1.54183217055055,1.39785448044712,1.09503927130723,2.86975859457825,9476,TRUE,61.1066436553084,"0074"
"slhl.uk9020",-0.214728651366909,-0.545477165281481,-0.155680847394642,-0.823794300255593,-0.012005530883317,1.60554200276816,1.31227628414375,1.43731441546223,1.33807747205479,1.5642848087115,1.12689710258769,1.19425276143591,1.14068766473216,1.26482865199455,1.33245581915967,1.22366721192108,1.46465539371155,1.31659217796757,1.03862632600101,2.72713124435528,10324,TRUE,80.1715665275584,"7584"
"slhl.uk9020",-1.42463327842385,-2.02247956845496,-1.63159415903013,-2.13669339566363,-0.0267761028608255,1.34651874479233,1.10137075046551,1.20497741579928,1.11934568394027,1.32551888510883,0.949754186668535,1.00264444528668,0.957400092667519,1.06723921296317,1.12023366358989,1.02442780584304,1.24616207855042,1.12469993117054,0.816287531484796,2.59147147402219,11516,TRUE,91.6052631578947,"8599"
"nrth.uk9020",0.750758303023134,0.602326548407936,0.508573625506176,1.42218876049677,-1.8183353536342,1.95981268002235,1.63350688049414,1.76709436124254,1.66140139386512,1.92155180970377,1.42145996268024,1.49482125958694,1.43567594415072,1.58465659407455,1.64087844731177,1.52740576844649,1.79848720854023,1.61679646350075,1.32927591242596,3.2518176986138,10277,TRUE,50.2382650585545,"0064"
"nrth.uk9020",-0.109993176015264,-0.146399257484275,-0.0901284336912428,-0.713990246395024,-1.04197726903543,1.7352456123517,1.42874821243825,1.55835445817607,1.46239990581867,1.6840736589397,1.23266845859258,1.30286269752802,1.25204258660384,1.36988787612939,1.4459719451764,1.34112802560363,1.57741853993178,1.44462046366142,1.12533492076294,2.90799923835768,10071,TRUE,70.1987929291441,"6574"
"nrth.uk9020",0.99528549728509,0.572195244662217,0.577273204967094,0.753663844738574,-0.543807726356724,1.07562787559575,0.891688265016025,0.969656460309226,0.909520570526227,1.05125283008103,0.773425956367059,0.815814392004307,0.783164742653633,0.861082136947909,0.90225621967635,0.836813798540984,0.987223083792414,0.899870415499558,0.705651041064291,1.82439101072676,16542,TRUE,80.2482432513279,"7584"
"nrth.uk9020",0.59602329145944,0.0526659726811018,0.00562407662235298,0.069245657614404,0.68686853942351,1.0563739123491,0.879214951453278,0.953212546654405,0.895491879121953,1.0323489399807,0.764764614570537,0.804841968937437,0.772964369078466,0.849353296084716,0.887389668872525,0.824347826080708,0.968845482317335,0.887039494533006,0.691236008159266,1.8015769071952,17349,TRUE,91.4473684210526,"8599"
"gtsh.uk9020",-2.26230556271624,-1.59130337638456,-1.67814142633401,-1.64171605242356,-2.83481106477555,1.90651110339761,1.58242101188014,1.73617852584188,1.61115848034833,1.96093645965323,1.39664126600315,1.47283219183786,1.41308359450075,1.57912665497403,1.64570201520469,1.50824489360654,1.88442434116136,1.67740281149451,1.03622866991035,5.16500918906452,7918,TRUE,51.2769442239218,"0064"
"gtsh.uk9020",-1.04680544566592,-0.80061687449759,-0.846668085883222,-0.592440717156634,-0.132954794009857,1.53652114400298,1.26596796596362,1.39649971104505,1.29145019755979,1.56895692564666,1.11330517065967,1.17752790469301,1.12889644275056,1.25148263221329,1.32477116373157,1.20832572201415,1.51413161706836,1.37086643189873,0.763357940128939,4.28915315687434,9239,TRUE,70.1088127943538,"6574"
"gtsh.uk9020",-0.0275191311721776,-0.196487126186536,-0.472503332465224,-0.391549077134271,0.778026686084349,1.05783526047785,0.876372840436521,0.964308390170467,0.893049569645892,1.08906366705235,0.773222598195197,0.816369149340469,0.783189189080118,0.871804827308465,0.916999123118141,0.837140496949317,1.05188980249357,0.948154850292502,0.528829645652832,3.06452453249109,13435,TRUE,80.1740165440153,"7584"
"gtsh.uk9020",0.70302581558586,0.468360208457076,0.739470515671977,0.607377917419334,-1.32109758076418,1.30860559996325,1.08420613736653,1.19435873087769,1.09920938011033,1.37424035455912,0.95718374443834,1.01045443943972,0.965749547494094,1.09340742956084,1.13703467112521,1.03041672554154,1.3294199629878,1.18285582522903,0.59380780509676,4.29452022908393,10566,TRUE,91.1684210526316,"8599"
"wrrn.uk9020",-0.716221029594077,-0.763423152598938,-0.696212165383081,-0.820482631172788,-1.22116858314367,1.87205508364926,1.53834853107187,1.67558194241993,1.56012576120176,1.82254230541516,1.33370207390187,1.40409800504675,1.34399947810878,1.48513456777157,1.55610969634528,1.42866553237648,1.71139515368825,1.54524793307714,1.18825816532469,3.28646463884009,8777,TRUE,51.0344586337936,"0064"
"wrrn.uk9020",0.612375988369241,0.386778331190785,0.519874992438517,-0.320779549398667,0.40982656362375,1.84505108486703,1.51594207788316,1.65107278012827,1.5386420940376,1.7874034836412,1.30903978556558,1.38138698712283,1.32067046548442,1.45829329324699,1.52966254103766,1.40680696386531,1.67266903174278,1.51067889416494,1.19976023101865,3.04562046026628,9201,TRUE,70.1596617494235,"6574"
"wrrn.uk9020",-0.327707856497059,-0.403309407711454,-0.445207584308171,-0.989612642096462,1.74578214374463,1.07744372072101,0.885852951366953,0.96700208616079,0.89655956783259,1.0559139924914,0.765438844612816,0.808749438836206,0.770399661410036,0.859309977291924,0.898944080860227,0.82126597000469,0.992950068771007,0.89208588271126,0.675028603219217,1.92459336535615,14866,TRUE,80.2808841150642,"7584"
"wrrn.uk9020",0.271962151984383,-0.0602201017345033,0.0734543215342691,-0.400987680137626,1.70724404983194,1.26090385226488,1.04137847229846,1.13321035311712,1.05127647531575,1.24743029680783,0.905044168981435,0.952807866808152,0.908470987357284,1.0177093045701,1.05580595818728,0.964937460823405,1.17554317428721,1.05816116259124,0.773093767787586,2.42096777016837,12800,TRUE,91.4,"8599"
"lutn.uk9020",1.49908223535811,0.975057981121357,1.3309841240619,1.67338619172586,0.0291210815893317,2.15812936734483,1.81541469106975,1.95587161746527,1.84480999410603,2.12569371104294,1.58911320928068,1.66850845761405,1.60613494918454,1.76341985774645,1.82070084284548,1.70203128988867,1.99562531400989,1.80503717777452,1.45283609947929,3.75365055463228,9871,TRUE,50.8386999747045,"0064"
"lutn.uk9020",-0.759775841626881,-0.967217152827593,-1.0531233776286,-0.924774955027403,-2.18324993113112,2.42980475525685,2.04601109796962,2.20595191904397,2.07998167745922,2.39428552314047,1.79230263880848,1.88316684506351,1.81325562667196,1.98809051956147,2.05674117060921,1.9210895858318,2.25293460130157,2.04675910557717,1.61030266609875,4.33700044690837,8730,TRUE,70.1561477588111,"6574"
"lutn.uk9020",0.17862287487895,0.0086982318511279,-0.0184282003143825,-0.607955200297944,0.586890632059069,1.43147117237421,1.20252527196611,1.29987362838797,1.22367281360202,1.41494992331508,1.05064439986959,1.10580058414863,1.06320731205094,1.17049422445625,1.21291695781772,1.13011133582557,1.33278214443886,1.20749839616788,0.941176942723062,2.61294293962048,14206,TRUE,80.2602632307564,"7584"
"lutn.uk9020",1.41086951109031,1.11980315192547,1.38092889971697,0.414373096992153,3.32674946237931,1.5510017198483,1.30509040469611,1.40935331149613,1.32493728734208,1.5377179383052,1.14108080189113,1.20065982202606,1.15215123604892,1.27401692410411,1.31566957542498,1.22439793568737,1.44890305616942,1.31312333946877,1.00682948946763,2.88381062816452,13049,TRUE,91.5526315789474,"8599"
"york.uk9020",-0.522701319722419,0.141726357838721,-0.2142246701166,-0.578349218982566,0.801205810524838,3.37527384501076,2.83173581447781,3.05053824121664,2.88163947823857,3.35394246004601,2.47589391574655,2.59609735778189,2.50328823149311,2.77124538887055,2.83495008666563,2.65432591228912,3.14619721429865,2.83603879687795,2.20474378876805,6.38369677862126,6470,TRUE,50.9465072354576,"0064"
"york.uk9020",-0.0942434365477482,-0.523619507740126,-0.417690728996146,-0.482605088214994,0.0122189817950538,2.86585918012643,2.40260477774729,2.59116224402619,2.44351225926661,2.85689450021105,2.09837185842135,2.20318381004019,2.12170337221674,2.3554550568193,2.40857199689125,2.25141956893533,2.68238796336685,2.41582608761493,1.8409863755456,5.58095197233215,7522,TRUE,70.1331425740225,"6574"
"york.uk9020",-0.455427423389844,-0.414869440096675,-0.505321570098429,-0.636344603106683,0.450155341762177,1.50570651358425,1.26046791567148,1.36202799584295,1.28165451862765,1.51245974188418,1.10326507740045,1.15795962340762,1.11459582867037,1.24383293865597,1.2694577292988,1.18343470931109,1.42299600079304,1.27507121320067,0.961598159150017,3.04520888054292,13468,TRUE,80.1783530969041,"7584"
"york.uk9020",-0.645092004036241,-0.749659623683146,-0.833028946699789,-0.563510203616082,-1.90887251141935,1.25176244102836,1.04487176253435,1.13195923936769,1.06211943122325,1.26820390591545,0.915498611781841,0.960249118922706,0.923706041168648,1.03601245269552,1.05856871993741,0.981703296669924,1.19966366016989,1.07955778070794,0.738716690028426,2.86537639929914,13821,TRUE,91.5894736842105,"8599"
"bury.uk9020",-0.179069476094071,0.214782836668146,-0.117858028092205,-0.300668151993682,0.286187674671341,3.30365797492835,2.84220796874267,3.02458224828306,2.87277884711251,3.18460676646825,2.52253238506026,2.6351186527418,2.54085235032753,2.73761654164907,2.82669278511266,2.66691940240493,2.99034193455158,2.73369670647182,2.50745348866413,4.16866879937542,8687,TRUE,61.8293039608765,"0074"
"bury.uk9020",-5.84321536093395,-5.3896076357855,-5.50045614595283,-6.0745073597745,-4.69603644825946,3.81399416114472,3.26675451992035,3.48201208576506,3.29250937003498,3.69190343509051,2.89297097719093,3.02360138611735,2.90740894585689,3.15803425821833,3.24989066461758,3.05075332865512,3.46387901654428,3.14526506937014,2.83048444537903,5.06168874125856,7350,TRUE,80.1759320032535,"7584"
"bury.uk9020",-2.0519047243567,-1.58132010073633,-2.22388730727648,-2.34210643968899,-2.64940524287095,3.74289802761632,3.19692305080186,3.41981939453162,3.22298307962952,3.6362313737603,2.82827815140151,2.96123140496999,2.84076495439149,3.09967309362681,3.19911653942447,2.98954768913993,3.42119462131314,3.10160672353207,2.7411656865718,5.20233980462653,7011,TRUE,91.2421052631579,"8599"
"swnd.uk9020",0.727308202393735,0.981044922545077,0.845119553092306,0.785921437383293,-0.687238238050653,1.30236870395541,1.03252222340611,1.14828946441023,1.05777671306432,1.2681285754468,0.887889070864772,0.933902475054071,0.897541277019997,0.986597989917842,1.07164288100353,0.966789183656086,1.19670950472911,1.11043995466244,0.718160118722644,2.75782291149686,7570,TRUE,51.3279587393109,"0064"
"swnd.uk9020",-0.495681093170976,-0.106105047310557,-0.374311327499965,-0.301592692581684,0.782674291353144,1.18656405331777,0.93361584357557,1.0467736583721,0.964044129363033,1.14292612690339,0.796474745922895,0.843650770863752,0.810289810688,0.883514912179037,0.976338980611329,0.881031619467362,1.07777447158875,1.0165361507182,0.648924705308621,2.36517888337685,8013,TRUE,70.2057542505782,"6574"
"swnd.uk9020",0.423781971421707,0.122157848309572,0.369974025847927,0.564379705967471,-0.442575526364703,0.742014609902788,0.587542045787557,0.656188867931262,0.602833947797879,0.725209179465464,0.504511749156527,0.531906558289493,0.510337629875027,0.561783334090327,0.614351455871492,0.551731869080819,0.68718789297441,0.640799980355547,0.398561099989134,1.60197845906101,12604,TRUE,80.2395336338071,"7584"
"swnd.uk9020",-0.240517381740162,-0.291317075125655,-0.443799375026401,-1.08506778360969,-0.00739698237473052,0.786537811697881,0.621076806467454,0.694838467952218,0.636031549859658,0.77439573332009,0.533232032719256,0.56177447294592,0.53831428606415,0.595175181913434,0.65202218325554,0.582294336803463,0.735781324847569,0.691058100075821,0.391878716344395,1.83621986979182,11516,TRUE,91.521052631579,"8599"
"stcot.uk9020",-0.988726479548785,-0.583828413463254,-1.27419768266483,-0.975464309281424,-3.15921111241895,2.7265043576417,2.22862611514753,2.44525037448975,2.27652952992655,2.77919033938683,1.9331689680549,2.0377919231671,1.9610382238912,2.19111264440014,2.28586589782026,2.09745332876691,2.64480032135191,2.38765195074356,1.2761891974342,8.15751398921179,5286,TRUE,50.601865333615,"0064"
"stcot.uk9020",1.09486941465489,0.466056224387453,0.607331115588623,-0.265134311248993,1.65229383401101,2.49374023962357,2.03618079675042,2.24096093031942,2.0824659235921,2.52772599563922,1.76545121341765,1.86522588616787,1.79217621457096,1.99343324980865,2.0991204332861,1.92207604282222,2.41308578197843,2.18885529105755,1.17688058222509,7.12531889626115,5862,TRUE,70.1391774310318,"6574"
"stcot.uk9020",-0.180707830282327,0.286138741722906,-0.603494476775829,-0.122279826836518,-1.81877871463252,1.66982628882055,1.36610157940255,1.50591522930676,1.39340448239584,1.73184062120095,1.18738937721224,1.25523800083104,1.20211445710818,1.36374001769664,1.41824954545627,1.28983716654015,1.66512836797603,1.47831383598206,0.755989555000618,5.35058515009413,8545,TRUE,80.148000001065,"7584"
"stcot.uk9020",1.78465328535026,1.58017724205634,1.79141418388452,1.63796189751125,1.30910931227915,1.97070428424597,1.61500756448501,1.77477298262379,1.64821538597782,2.05417470101409,1.40591978875783,1.48125756391976,1.42238275393856,1.61799473048617,1.6691558909873,1.52548902129082,1.96615929242363,1.74710744378391,0.886039547058891,6.508184235655,7063,TRUE,91.1578947368421,"8599"
"sthl.uk9020",-0.110524741575658,-0.206836415567422,0.000395583203235073,-0.63560177673087,0.469916776988288,1.7590026506809,1.40384599276873,1.55380791757864,1.43037340425298,1.69917021151309,1.19786495119863,1.27012616259275,1.209859157867,1.34365482857817,1.43917267328182,1.3009533398104,1.59616619490785,1.45132294606842,1.01946219980447,3.26975522867328,7048,TRUE,51.2418773763664,"0064"
"sthl.uk9020",-0.30418555613858,-0.101151768942761,-0.642942327059269,-1.45816139809997,1.03858163381005,1.73728583166307,1.39687192262579,1.54505331112903,1.42673054820891,1.66992692334694,1.19214220993827,1.26882353400044,1.20758728364194,1.33248053829874,1.43314193939432,1.3026741931844,1.56942512668766,1.42562506372073,1.06391588821611,3.02778981100076,7892,TRUE,70.1194011974656,"6574"
"sthl.uk9020",-1.3712916786495,-1.05861205452683,-1.55647368155381,-1.48732244811601,-1.6610190680158,1.01624001464236,0.812403493639517,0.900843244322134,0.828194935154063,0.9918500328445,0.696848284660758,0.737860412362593,0.703548685561255,0.782283986393366,0.840027617698801,0.757237323381022,0.939780444866216,0.857189122981933,0.562330137335287,2.12293227107065,11264,TRUE,80.2016928359872,"7584"
"sthl.uk9020",-0.854116105634436,-0.694002391009978,-1.01275179868474,-0.837214630762579,-1.8431040749545,1.2809780216657,1.02528024562691,1.13429851744012,1.03817852540127,1.26217908735318,0.881190000410638,0.930592787880357,0.884742476767862,0.994517673374261,1.05835637727226,0.94858875023716,1.19663684684791,1.09577878427842,0.658298109689484,2.9074564534349,8781,TRUE,91.2421052631579,"8599"
"bsld.uk9020",5.09340780026519,4.34319435090717,4.49819463868505,3.66381077988901,6.10277786099392,2.94678015463941,2.42899686264515,2.6499919763668,2.50832893701025,2.87649463768355,2.10414073443129,2.21856390761377,2.14547135867228,2.33362399345875,2.47400585717458,2.31510197989089,2.71531108515958,2.52441453718967,1.7933780546259,6.04894242409813,5378,TRUE,50.5536959918762,"0064"
"bsld.uk9020",-1.29050201179582,-1.33069300743137,-1.09788578524522,-1.70540119568303,-1.19438105979448,2.4760696832735,2.01941306786003,2.22392143312763,2.08806669048232,2.46177978059256,1.7415031689403,1.84591112623904,1.77818024450114,1.96301797176686,2.08213690511496,1.92923936440516,2.33913879621871,2.13777672793782,1.41768893900877,5.72166619689526,5647,TRUE,70.1644391533909,"6574"
"bsld.uk9020",-0.504624157045897,-1.03146969180643,-1.09681274943316,-0.89474749232781,-1.73898945688958,1.43768633270712,1.16837941956353,1.2925875059162,1.2080061255948,1.4416904101821,1.00578526504957,1.06752095792883,1.02553157955897,1.14259626439554,1.21427565848263,1.11795920997331,1.37705687280125,1.25913185370727,0.773335699268863,3.57971728666864,9253,TRUE,80.1850794564363,"7584"
"bsld.uk9020",-2.28556333550196,-2.00935329040306,-2.60395615947161,-1.53488061767662,-4.41029025871126,1.71850506071904,1.39737570298335,1.5402170630477,1.44936228793069,1.69186467001156,1.19867718711724,1.27017193027888,1.22392487209845,1.34689880460162,1.43912629922784,1.33588748706176,1.6022658894776,1.49093287628247,0.973059483951362,3.91564971864867,7863,TRUE,91.4684210526316,"8599"
"brnm.uk9020",-1.34189468942898,-0.795031143675699,-0.931378184217826,-1.73169141219188,-1.68973432209096,1.34658403372088,1.0837874476945,1.19503658656441,1.12711033828035,1.2888578597155,0.934870766211557,0.988303997587659,0.955627210159299,1.03250256080293,1.1183112796224,1.04221210751377,1.2139616063841,1.16932818086773,0.809757663421667,2.68871716477706,8382,TRUE,51.4495805743309,"0064"
"brnm.uk9020",-1.07462750082725,-1.28158051620181,-1.32002218805332,-1.13380737602299,-1.80512707236881,1.11588377545857,0.893793143613638,0.990341784438083,0.931193153020801,1.07196842980889,0.771278139603591,0.815435804274594,0.788155304688551,0.852503189818163,0.931449849636273,0.863120827539455,1.0188972482832,0.977450541339188,0.667046095213764,2.2877712968035,9378,TRUE,70.2238740166961,"6574"
"brnm.uk9020",-0.993998076169621,-1.22769147905258,-1.31555681830359,-1.32449278726606,-1.34373247959899,0.484817245811526,0.386463315305063,0.429633694200553,0.403096142556231,0.467276946166836,0.332398563716013,0.352143687823013,0.339983313656273,0.369314041867305,0.404156599813814,0.373407277307707,0.444340484676864,0.427094979887106,0.279746470242125,1.06827789384515,19989,TRUE,80.2580013490492,"7584"
"brnm.uk9020",-1.20282475122523,-1.08173150674283,-1.21740249298666,-1.66824802270316,-0.815979296157516,0.382692714357577,0.307728844035006,0.340808187113901,0.320557002695254,0.36976259027474,0.265738908952495,0.281293424975779,0.271533640425274,0.294729512159746,0.321099142774653,0.298013847971501,0.351603777377779,0.338847898728186,0.230017910234879,0.800348217447079,28052,TRUE,91.7157894736842,"8599"
"stos.uk9020",-0.810840819099763,-0.816881611360702,-1.11834607320328,-0.972182512179928,-0.749181262360323,1.34722182782825,1.07949055614487,1.19774269763,1.12868635282504,1.32375270122225,0.930156286577532,0.981552711797799,0.953352659962806,1.03271229304536,1.12728328740722,1.04518871220346,1.26863754213959,1.20425431077829,0.655546090162732,3.63362448862353,8157,TRUE,51.5821453035824,"0064"
"stos.uk9020",-1.72531265650617,-1.33994582824358,-1.79159815868411,-1.28812649580163,-3.4644667878052,1.030627272459,0.819761345058222,0.91611151839857,0.862037551021241,1.01669869564636,0.705607220554098,0.746724448252898,0.725931616757017,0.784314545817687,0.86597772601545,0.800670279845386,0.982607632893399,0.934514653472073,0.479186344618506,2.9337291843854,9653,TRUE,70.0555468096017,"6574"
"stos.uk9020",-0.598200238515445,-0.877280193902316,-0.796541563796267,-1.43752425683903,0.462237601532074,0.481015090659944,0.38107784714399,0.427903092906936,0.40149370643246,0.478367826806137,0.327287930007153,0.347039765083549,0.337123541610131,0.366033860663244,0.406009214124557,0.37360958018632,0.464801532926751,0.445267721562409,0.195387505346872,1.53977904277644,19640,TRUE,80.2421348257128,"7584"
"stos.uk9020",-0.554090700965127,-0.846785035130567,-0.888157894078164,-1.45708958431408,0.964872163914222,0.387134031611183,0.306270464827778,0.344123490539444,0.322648686629729,0.382806122698118,0.26228738886163,0.278272426147253,0.269473057818609,0.293327729550586,0.326677997947949,0.300414149404304,0.371590439657096,0.35727818053946,0.164100304180596,1.17582722573867,24162,TRUE,91.4684210526316,"8599"
"tlfr.uk9020",0.0104183549056392,0.174110724499572,0.267497369548004,0.719614923620174,-1.53793025722158,1.70196278417509,1.37154810881042,1.50622718773147,1.39379809492407,1.67234818743927,1.18743019707102,1.24574389423879,1.19515988991921,1.32295744565777,1.39907046407489,1.27093530262207,1.57785422597674,1.44229831410428,0.888509163094452,4.07704554120149,7203,TRUE,51.2762338572234,"0064"
"tlfr.uk9020",0.0408799696458968,0.142254841425366,-0.118524568995398,-0.174368981708044,0.976305078232809,1.75340998398158,1.41185886218915,1.55764639572182,1.43465552958892,1.73504618851427,1.21393890994055,1.28230645495678,1.22361161522455,1.37006975488489,1.44753025150714,1.3089539231917,1.63792233112406,1.49340698049129,0.901004415180159,4.20138318514133,7078,TRUE,70.0992121184675,"6574"
"tlfr.uk9020",0.340118739639778,0.19556477435786,0.202284170717218,0.93696934588504,-3.14018210285856,1.2980042262336,1.04931856297646,1.15510747172369,1.0648660484139,1.29131558411624,0.90715536128474,0.955167925852703,0.912548295195444,1.02215228497962,1.07654235395517,0.974408035057396,1.22120967777719,1.11404714987902,0.665058791383288,3.27981910519273,9477,TRUE,80.1790203181896,"7584"
"tlfr.uk9020",-0.664461671282295,-1.46551772976046,-0.90329498819973,-1.5819581629137,-0.038804995280564,1.59249228225592,1.28725348504649,1.41772420245363,1.30252413232429,1.60657208146533,1.11602901272628,1.17288936566156,1.11933837449798,1.2651642977513,1.32613855657292,1.19303201050629,1.52679550377766,1.38663416462428,0.749076171596411,4.48833315096693,7451,TRUE,91.2315789473684,"8599"
"grms.uk9020",-0.47923769807321,-0.582784414226168,-0.478146901474593,-0.910853318524961,-0.523574699070585,6.46526109466468,5.59269069156961,5.93432274769063,5.69835624446664,6.28580392411858,4.97219850053865,5.18851932918869,5.04038797514312,5.41693175972016,5.54810459557597,5.30268473240493,5.90369186520778,5.41695201436307,4.9960580336997,8.682540350321,5429,TRUE,50.6524918615354,"0064"
"grms.uk9020",0.835963204331473,1.20685444081938,1.05131203780195,1.09690317805556,0.268646283288013,6.19915711787832,5.37038864015499,5.69761230750172,5.46933656058757,6.03518644212809,4.77663175440059,4.98652907226183,4.84092681256354,5.20924446732473,5.32853152849971,5.09303272895773,5.66955768791498,5.20099482088862,4.80433529158922,8.25051256807948,5834,TRUE,70.1482841927748,"6574"
"grms.uk9020",0.140580792892756,-0.292280687037889,-0.220210185781024,-0.294263750594833,0.177432810924066,4.23652017235839,3.67912368781115,3.90422788754515,3.74578596275823,4.1349345462832,3.27429513732109,3.42150319430799,3.31715018461461,3.57669290408239,3.65887479827074,3.49442317101735,3.89301047487923,3.56083324610982,3.30610018147424,5.60804594080503,8947,TRUE,80.1947433200877,"7584"
"grms.uk9020",-0.24828347058413,-0.220562590343367,-0.456080347435921,-1.23738418019919,1.31506241398536,3.80569180159189,3.28496581594148,3.49992554473393,3.34933407639245,3.7159035113101,2.92071960276444,3.05387297474182,2.96010736413802,3.19243112073258,3.28387178066757,3.1253397141412,3.50336093175772,3.22507026034092,2.8721616644268,5.41413409910606,7950,TRUE,91.2473684210526,"8599"
"chlm.uk9020",0.603952342318477,0.22140050081312,0.633679828540269,0.293375145170822,1.49320655396482,1.54273967277674,1.24766137671216,1.37763737979979,1.29129779973693,1.50371187898631,1.07282775288298,1.13485344760774,1.09417017445946,1.19392970135551,1.28769030989744,1.18920256908631,1.4266597376067,1.30963779826173,0.92842291049465,3.02912687196684,8317,TRUE,62.4084568443342,"0074"
"chlm.uk9020",-0.963900648811311,-0.848870916074935,-0.795378951366088,-0.428946456504623,-1.91634402046065,1.68513103898354,1.36890634836091,1.50925999494287,1.41416540563183,1.65813685590473,1.17804101266219,1.24649709386424,1.20011546422776,1.31935951259858,1.40999998540282,1.30227522520483,1.57126003516084,1.43643841396622,1.00033129625475,3.48534715911311,8079,TRUE,80.2547843580786,"7584"
"chlm.uk9020",-0.610802128951631,-1.02190376694187,-0.546689312616382,-1.37260719131287,1.30039427973425,1.64402588571313,1.3434238162553,1.4740314616117,1.38511339222361,1.60460498287168,1.15579038190591,1.22176874154164,1.17514221207584,1.28994354807656,1.37478284216452,1.27467650005311,1.51462994374457,1.39741890504301,1.00999260582388,3.16290133385813,8981,TRUE,91.4684210526316,"8599"
"ptrb.uk9020",-1.66270858615249,-1.63226358499612,-2.12799134697555,-1.68534630324916,-2.00775973457375,1.6908564449578,1.34480251957271,1.49641961273835,1.38371524036055,1.65491798095459,1.14328555741128,1.21451179737836,1.16118589637866,1.29430765982545,1.38613272643522,1.26171021564497,1.54990685755174,1.40241847727373,0.972555404394933,3.29143932181898,7544,TRUE,50.7184372537162,"0064"
"ptrb.uk9020",2.96242133300943,2.26625993569386,2.70525166258625,2.31104346417014,3.12933248471745,1.87118475023645,1.50008066282676,1.66141622915047,1.54377318210207,1.80949433705028,1.27723685507167,1.35677936196953,1.2999478803325,1.43027942706442,1.5374960635179,1.40783502907097,1.69467655526485,1.54288982196809,1.13909794679952,3.25022139081481,7312,TRUE,70.1716992773601,"6574"
"ptrb.uk9020",-1.3242481069465,-1.5177304701029,-1.44346295856694,-1.61614490023925,-0.854908620655693,1.10786607351172,0.887149432959002,0.987582135071787,0.912423347144467,1.08623307053748,0.755873259955731,0.80508992695397,0.767775955307763,0.855866785728736,0.918905500574289,0.835788745668781,1.02196268864323,0.925062332574591,0.651353239651068,2.10726194696628,12004,TRUE,80.1118420264157,"7584"
"ptrb.uk9020",-1.20918824079546,-1.20587293124115,-1.63609233828168,-1.65983903754508,-0.714208712622178,1.12036096411621,0.904570015367892,1.00034712342502,0.927497123522876,1.09710570144006,0.776991365443847,0.82231577561172,0.787027231847458,0.870846517438111,0.932791713116003,0.850984495812176,1.03469731343434,0.945537038075453,0.664512831665492,2.10965228427932,11712,TRUE,91.6684210526316,"8599"
"clch.uk9020",-0.755057709704077,-0.75315417725606,-0.612523160149893,-0.640902647150888,-0.988333427810306,0.906621641420716,0.709360646475462,0.797265388716328,0.748628533756279,0.862473223270958,0.607009941730954,0.64042508085328,0.623066224845262,0.663127091022516,0.750343527279813,0.691603229869058,0.825784891228484,0.796496375050723,0.494783784220145,1.8538255185857,9806,TRUE,61.8101414008107,"0074"
"clch.uk9020",-1.53198540462918,-1.0101984573736,-1.35666525186687,-1.40451994190425,0.261705982847256,0.993633174418619,0.777947533551343,0.878052779412932,0.818680491380414,0.960391629161667,0.663057031272199,0.704348833056757,0.680314381545105,0.737141482763669,0.827093800929765,0.757019659480537,0.919827084270685,0.868355186441517,0.539302141021066,2.11508860198555,9072,TRUE,80.2373313347086,"7584"
"clch.uk9020",1.11490058575905,0.848315318727884,1.17048218482839,1.04346129240992,1.03476603313447,0.784140168111792,0.61116349435531,0.691116529905665,0.64525508756526,0.751813346710304,0.520328195624406,0.550819394967386,0.5327730249527,0.573651073344677,0.653650931491776,0.597575776802055,0.723973988148871,0.70006253911789,0.407383205705136,1.72428668118219,10639,TRUE,91.4684210526316,"8599"
"sths.uk9020",-0.572188107863405,-0.709191273885547,-0.812796591384785,-1.10553156720102,1.98176608077328,1.40195962318807,1.15487086457649,1.26995775609411,1.17978811277912,1.45996713540811,1.0100539598559,1.06795399389248,1.02436093311132,1.15957925487919,1.19866284007769,1.09911477350272,1.40315455290313,1.24191241236537,0.674039637432825,4.42168849254022,10907,TRUE,62.3309063495285,"0074"
"sths.uk9020",0.560852886786112,0.503055524864411,0.635753562749701,1.23505848655349,-1.77955220922598,1.51776021670548,1.24907118947005,1.37800813320412,1.27217246584438,1.61484907086816,1.0935206634522,1.15712024158021,1.10622090550021,1.27042689781554,1.30696178068945,1.18771878911978,1.56569971537201,1.35655585351773,0.654655318170204,5.59901315342698,9358,TRUE,80.1740165440153,"7584"
"sths.uk9020",-1.44456155742852,-1.3083722250617,-1.27984786314911,-1.19336470146125,-2.38059026164044,1.88101826635973,1.54780026323507,1.7077769703988,1.57475422953024,2.0127567552446,1.35484693656638,1.43225956740349,1.36928756931854,1.57739433758133,1.62053701855221,1.46853951379747,1.95214793525486,1.6966295730356,0.774652161022267,7.14682534236746,7641,TRUE,91.1684210526316,"8599"
"bsng.uk9020",-0.371446739474353,-0.151496017337797,-0.484674238876753,-0.762562945180041,-0.3086675137502,1.10614435712807,0.867713517351805,0.973462131706586,0.892156460455335,1.08173571321333,0.74159588511301,0.782803056945807,0.750794833428344,0.826768245083287,0.90900554690331,0.814326117628977,1.02546277462666,0.952361771159152,0.552020816344069,2.53856566335739,8225,TRUE,62.3233594890336,"0074"
"bsng.uk9020",1.02399557984569,0.637222820682369,0.434078510733709,0.975590233674346,-1.2144223183623,1.44184592254302,1.13494577423358,1.27178116919796,1.16501581217067,1.41398902367113,0.971933231941439,1.02463061021044,0.982630100810017,1.08374583103291,1.19112426673718,1.0651834119841,1.34452205795631,1.25693331389309,0.718224815153049,3.31595539325485,6223,TRUE,80.3007890031213,"7584"
"bsng.uk9020",0.927220879325595,0.764097521657646,0.806513238958244,-0.137876529904882,2.80321794872881,1.58018019845634,1.2426493960906,1.39716540350083,1.27857573649631,1.57024486198894,1.06480068580781,1.12287494455678,1.07673834967201,1.19603207937803,1.3146107227423,1.17446318748425,1.49609349993419,1.41789142057077,0.729821544114118,3.97951984992926,5457,TRUE,91.7789473684211,"8599"
"bdfr.uk9020",-0.281635305359926,-0.383292845884889,-0.559681011542747,-0.758468701546951,0.865962200957095,2.28306896621336,1.90145980711735,2.06052524366745,1.94217402099929,2.2411564412292,1.65197753672373,1.74028155930602,1.67551631186978,1.8406849907272,1.91482403921282,1.78722575069299,2.1019255140219,1.91139615678669,1.4967844129886,4.01822276630133,8411,TRUE,61.4463694747912,"0074"
"bdfr.uk9020",0.902856004749541,0.0736213122779652,0.0437831549573147,-0.52104083879767,0.727796133867502,2.34178513091713,1.95093735767948,2.11810027221228,1.98870497908994,2.31267281710541,1.69535163385764,1.78795661905473,1.7166712736189,1.89731625542319,1.97386903549924,1.83255616264534,2.17768390190317,1.97075845792497,1.50978462645583,4.30176292667384,7874,TRUE,80.1775346028574,"7584"
"bdfr.uk9020",0.126900308001898,0.172385143178252,0.112780296137158,0.288577460707413,1.15938290597604,2.13336037692443,1.78467084816777,1.9327970556807,1.81899264992878,2.10561305592041,1.55249636684726,1.6366948734034,1.57078819867183,1.73790753575357,1.80138708348372,1.67786770902513,1.97902718576047,1.80148336814196,1.39047430573706,3.87717865042231,9550,TRUE,91.5526315789474,"8599"
"rdng.uk9020",-1.54109409469437,-1.31191229583483,-1.73975608721953,-1.3813999347159,-2.11672237144918,1.42139228745409,1.1580311250349,1.2713781966269,1.18523902818181,1.38294307132646,0.999872115379129,1.05466444909738,1.01250782829629,1.11149322426726,1.18456941527904,1.08855856339685,1.30061070245139,1.18822573378266,0.908372041049024,2.47792813315498,9702,TRUE,50.7197386970496,"0064"
"rdng.uk9020",1.87206468949225,1.25308966388315,1.46943689559827,1.26319455806369,2.075415118911,1.41960415311856,1.15519799099813,1.27083055221484,1.18464911597275,1.38580853112418,0.997729046596745,1.05338469904768,1.012329389092,1.10999980215429,1.18646296212728,1.08920619119415,1.30855380241935,1.2079178303213,0.866142139349305,2.66738353194929,8993,TRUE,70.1303481343883,"6574"
"rdng.uk9020",-0.899942570233972,-1.01659813663809,-0.953870452283676,-1.48399896552518,0.334440927898301,0.822419867275868,0.667865465443523,0.735593813899869,0.683476027250033,0.802810811213887,0.575685590674814,0.607879929214168,0.582767028533976,0.641774436535674,0.686447785591884,0.627952007246636,0.75660438908583,0.695623080401338,0.498496714557349,1.54573260534644,15272,TRUE,80.2127390658781,"7584"
"rdng.uk9020",-0.0283835646561765,0.0205098781992659,-0.390685986503338,-0.524737881313102,0.605166448413829,0.84374510767263,0.684904626220179,0.754907396693163,0.699420702653524,0.833047436853983,0.589863724507477,0.623101774102433,0.595794961068867,0.663272575915576,0.705274417456611,0.642453141618313,0.786473395641658,0.718346173457584,0.498434638964855,1.67838786469581,15644,TRUE,91.7789473684211,"8599"
"blckp.uk9020",-1.1327775203184,-0.716493468342597,-0.617975610520886,-0.732878642946194,-1.12803051452915,1.73011228632841,1.44758699738653,1.56053078533274,1.48322083458312,1.65678483923851,1.26340817334534,1.33026895083113,1.28353652967533,1.38865420383448,1.45721996809745,1.37121946744975,1.56089241724624,1.44934911082948,1.22326989548969,2.54493998896488,11652,TRUE,50.179831599066,"0064"
"blckp.uk9020",0.213997789352933,-0.304772413514906,-0.249715653873858,-0.593280722161067,0.672213230771412,1.60688425556458,1.33753975988736,1.4482757342006,1.37736527809743,1.52577950005255,1.16077455355821,1.2269033706025,1.18392089279437,1.27275460491735,1.35101051309082,1.27229886362545,1.43618745409004,1.3466266080643,1.14342204577514,2.24328505876395,12420,TRUE,70.0925342839727,"6574"
"blckp.uk9020",0.815508633404371,0.219687155193435,0.389684199590985,0.191902812440628,1.2677978556721,1.01150812224847,0.84350532441729,0.911908402570551,0.86594074395042,0.96893001075314,0.73272319235246,0.773885215585286,0.745814169568571,0.808854051211853,0.850798602042849,0.800252164364314,0.91173155488358,0.846139519868092,0.713628038008937,1.48549945116648,19518,TRUE,80.1705589978878,"7584"
"blckp.uk9020",-1.53622984048767,-1.59044511292102,-1.68741229195255,-1.83180345606213,-1.97735947038373,1.00980780430175,0.841721718815263,0.911398946884391,0.862399562690028,0.973016456646725,0.733141839598987,0.773959336362551,0.744265788241566,0.811276332517058,0.853466860286086,0.799172441175649,0.919578234385619,0.855398782211297,0.690227010032233,1.6135351376916,18689,TRUE,91.1157894736842,"8599"
"mdst.uk9020",-0.508728020727767,-0.189348801689879,-0.357061230603145,-0.364418881924853,0.147585482136204,1.3353368685042,1.07620951336606,1.19350678082899,1.10277442234642,1.34053022979049,0.923466140853034,0.979787800480175,0.936262673289549,1.05103534728486,1.11504262072473,1.012013144098,1.27599841523846,1.15622062218174,0.672213225572843,3.3518761599878,9194,TRUE,62.2832234681516,"0074"
"mdst.uk9020",-1.04164853150433,-1.24356997942486,-1.2945100063684,-1.33218050100392,0.527281800033853,1.27892562542573,1.02862388937489,1.14381522853894,1.05880330262974,1.27954986237043,0.883138685844325,0.936827578921107,0.897438810882304,1.00041007170518,1.07282721244753,0.974461219729,1.22315287088183,1.12938617275789,0.620282167040952,3.2739646671856,9131,TRUE,80.2351191297722,"7584"
"mdst.uk9020",-1.52827660166328,-1.37930167565334,-1.92470520513489,-1.52357897960741,-1.54941548175107,1.18362602562532,0.9579924749868,1.05902828503151,0.980773132517992,1.18462007402277,0.822730701293046,0.871174955984868,0.832227117656768,0.933008102853781,0.989636005459965,0.900391161482894,1.12661449393962,1.03382463491363,0.592098303547328,2.94365327284161,10566,TRUE,91.4421052631579,"8599"
"hmlh.uk9020",0.226013331455575,-0.115953153851757,-0.0674490162961008,-0.187185155723056,-1.47022614318609,2.4409059992755,2.04762059242216,2.21136749648735,2.08183443017657,2.41262842957188,1.78989980944541,1.88094071491618,1.81087550714989,1.99112558462993,2.06221254720379,1.92010489643202,2.27392572285442,2.06499450438872,1.56679082411713,4.62702465453961,8094,TRUE,62.6447417603313,"0074"
"hmlh.uk9020",-1.19603823200666,-1.64499814029701,-1.55691445553971,-2.29220260203678,-0.929924786362751,2.52984346897484,2.12748020074355,2.3011956158847,2.15716816347796,2.5295057182921,1.8625470980228,1.9603062443655,1.87912641823395,2.09020779083701,2.15325833290496,1.99577177761588,2.39150267899429,2.14460286709329,1.63644673654379,4.90581457307903,7623,TRUE,80.2497880086343,"7584"
"hmlh.uk9020",-2.35841514351089,-1.69779210826225,-1.72971413845034,-2.78561834140356,1.50902937107553,2.68515511189526,2.26772980525094,2.44210574769202,2.30240531033703,2.66144312829548,1.98637948123594,2.08664214468741,2.0059327242038,2.21311565179226,2.28044258983478,2.12740125385849,2.50869157777603,2.28534933434187,1.76053003392931,4.95626571486125,7771,TRUE,91.5526315789474,"8599"
"blckb.uk9020",-3.73525290830737,-2.61065139299952,-3.12718899912097,-4.36786200142763,-1.17817054151212,3.52074080411962,2.99621306528263,3.20578861750398,3.02420883751238,3.40019195377434,2.65167645211711,2.77284762796263,2.66557566129785,2.89341813352564,2.99676311561218,2.80353451667987,3.19717892592367,2.91080580402136,2.56811566943999,4.79307384053612,6970,TRUE,50.5211372875498,"0064"
"blckb.uk9020",-0.277400087556382,-0.0612966589748358,-0.326283652279551,0.648222737000522,-1.98749475456739,4.03715703689152,3.45130587543303,3.68777365600601,3.48960054569539,3.88038593518846,3.04908155027332,3.19423284029982,3.07053179375094,3.31754157954435,3.44289550285968,3.23447980781578,3.64175645926294,3.3278843369291,3.02129044610766,5.16207402477437,6675,TRUE,70.3264918517946,"6574"
"blckb.uk9020",0.320254805093694,0.11820785404168,-0.0680218037275546,-0.625535671460385,1.8154649706885,2.66887690410068,2.29127534970892,2.44343128209366,2.31209136604723,2.58171721985719,2.03007108741394,2.12449498560204,2.04187409085471,2.21381509235933,2.28453463500389,2.14664343220941,2.42655174442184,2.20480425675831,2.0080969243932,3.4769533467974,10466,TRUE,80.1155542978191,"7584"
"blckb.uk9020",-3.86748083629304,-3.5479790500779,-3.58641917892466,-3.29957767591598,-3.27489953845275,2.58936359862421,2.21396542145777,2.36610696005198,2.23257977250782,2.51758195304565,1.96327887734082,2.05300533848218,1.97268180842672,2.14848037878009,2.21662929947596,2.07442687900283,2.37169913260751,2.1586664748132,1.89439437385788,3.62350762543644,9599,TRUE,91.1157894736842,"8599"
"nwpr.uk9020",-1.74486818979969,-1.166221686092,-1.36987723123621,-0.933226192893228,-0.230208485437973,4.96092796382524,4.31952603880923,4.54891597803143,4.38269430549713,4.72596063000781,3.85768539097806,4.00413021691337,3.89811041929205,4.11735459674837,4.24776112189124,4.07254129134999,4.42323534053407,4.14182507788003,3.94230953180677,5.72243334153375,7065,TRUE,50.9837480182308,"0064"
"nwpr.uk9020",1.6645397155237,1.08959747159381,1.18574264695384,0.753159686737167,2.99648230956805,4.07444968997062,3.53157357273652,3.73255631459634,3.59442139009883,3.86766297559608,3.14452585985817,3.27173248494339,3.18551318304111,3.35423194607078,3.4851236294313,3.33924237254744,3.62027496280163,3.41254236413647,3.21192602143408,4.7018523278725,7937,TRUE,70.0990083999827,"6574"
"nwpr.uk9020",-3.24752601879989,-3.00572719904976,-3.39492262961582,-2.58316281603493,-3.32428602150457,2.59217641562554,2.2490009296597,2.37887362596379,2.28592823337396,2.47860454883121,2.00423386006519,2.08649222994698,2.02787016539128,2.15011474679209,2.22570289855155,2.12730475586012,2.32488267907753,2.17360112016542,2.04136903073502,3.11626214326753,12331,TRUE,80.2340880152893,"7584"
"nwpr.uk9020",-0.589758114508736,-0.955109310966604,-0.680980384477419,-0.416463724660273,-0.625758351316119,2.70601741713521,2.34815843076759,2.48208568578026,2.3826449490321,2.59883752588575,2.09570404733502,2.17803055694275,2.11655349500461,2.25076754915248,2.32366924742795,2.21747606028987,2.43946722262335,2.27882850361626,2.11422065973656,3.38025653209605,11054,TRUE,91.5052631578947,"8599"
"mddl.uk9020",1.90474728982977,1.19845003502705,1.43837674253063,1.03954556788943,3.50311257438914,1.08943568838294,0.87943254316329,0.973935649498757,0.901414914345486,1.11747862956608,0.759725053339585,0.803121095157691,0.770899180377916,0.867997643943162,0.912428045754243,0.830493142089357,1.06828265956884,0.953615243627566,0.486526912632402,3.36468373012016,11919,TRUE,50.5715143593426,"0064"
"mddl.uk9020",-0.903098178147373,-0.671795252162649,-0.81683749166823,0.0408195609756963,-1.40570912557263,1.03814173132412,0.840597467866646,0.931953208788014,0.864178592979745,1.06040775622181,0.725319972022889,0.769680534986482,0.738733852891579,0.82684680017173,0.874143040666082,0.797984374281692,1.01537329180694,0.919279110329675,0.453603467466894,3.19660205459112,12698,TRUE,70.0153842319643,"6574"
"mddl.uk9020",-0.473591032092108,-0.501108889127373,-0.457516825851805,-0.834973685615142,1.49676220719976,0.659154489566755,0.529837598467504,0.589941829288394,0.543624736079484,0.682177894777386,0.457934707870143,0.484711749190106,0.464834940037483,0.524672865617663,0.555589826812112,0.502481261128512,0.65648434353166,0.593254449110792,0.242727962461314,2.34282911618746,17711,TRUE,80.2006236756808,"7584"
"mddl.uk9020",0.823068220978956,0.698932250739502,0.714819108044085,0.775745265377455,0.625521524601048,0.816798768271669,0.655575787374377,0.730883440133962,0.670804639690686,0.855731749513087,0.567006170747286,0.599566788410812,0.57385874861586,0.654716475230834,0.690331718723692,0.620218758955633,0.827754705940853,0.743156574780875,0.272639997061424,3.11939794456712,13595,TRUE,91.1578947368421,"8599"
"oxfr.uk9020",-1.63497077531147,-1.50933015402059,-1.84692109953413,-1.45430945079185,-1.27016159579992,2.47120731658038,2.01712831169182,2.20570729992198,2.0733965923228,2.36263830686275,1.74415708299681,1.83440362952539,1.7723794308537,1.91049214519199,2.04966466691535,1.9019183194626,2.21160856692381,2.06786695288286,1.60186590859474,4.02241420398372,5916,TRUE,50.4665934906557,"0064"
"oxfr.uk9020",-2.19547555399835,-2.20079448573852,-2.30171749987044,-2.02683130003412,-2.19406097839727,2.31444105868554,1.88444366717916,2.06738821856943,1.93666423625665,2.21851188592859,1.62401522338178,1.71411876766169,1.65083461594511,1.78854617346122,1.92288200754009,1.77571075851278,2.08422044451111,1.9420320099049,1.48103816757937,3.80232999257683,5721,TRUE,70.1506895777764,"6574"
"oxfr.uk9020",-0.388680880872423,-0.515025195270076,-0.290818197618893,-0.590304661260305,-0.545138034311845,1.2720675106924,1.03080113681226,1.13793874422198,1.06134038366722,1.23010199269649,0.885990967281037,0.938816538561791,0.902115874650167,0.984697742225329,1.06142299541179,0.975443150539666,1.1583885898738,1.07898070194962,0.787478649918084,2.23779613412995,10298,TRUE,80.2611234838739,"7584"
"oxfr.uk9020",-1.96733003371459,-1.93259739744643,-2.19728952123287,-2.40379291014426,-1.92917621840695,1.07546997986793,0.878216208496295,0.965915673291694,0.900899542412256,1.04550868202717,0.759306415276613,0.802542700484157,0.770467651870508,0.842594357268008,0.90387270874041,0.830186477763381,0.987245414196826,0.920309124675967,0.670820080250917,1.91369497890975,12242,TRUE,91.7789473684211,"8599"
"prst.uk9020",1.14517229742648,0.398432850669674,0.557111580222966,0.0850246566247684,0.938291426806097,2.23096616480063,1.85198073729392,2.00934860070753,1.88987103919447,2.12111435903521,1.61446855674178,1.69898170708157,1.63444007926898,1.76063925413001,1.87597098410441,1.74146828372409,1.99780662264412,1.85128658806597,1.5525088626392,3.11496837795527,7721,TRUE,50.3060627439017,"0064"
"prst.uk9020",-0.053530241739385,-0.0423905787286102,-0.0451356048926601,-0.607931802145062,1.82581065548806,2.1449375582677,1.76930568174085,1.9282180093828,1.80500454640529,2.05035665161683,1.53537281463766,1.62049312500278,1.55394985488365,1.6874184077935,1.79950260685799,1.66056679477432,1.93323408199538,1.78518593276561,1.44005729425466,3.2153711931806,7650,TRUE,70.1567779413844,"6574"
"prst.uk9020",-0.525794104072508,-0.647503797039246,-0.847126067744632,-0.623196360910317,-1.31818428930002,1.44927991566151,1.20329495687596,1.30705901901511,1.22496404545238,1.39368761021777,1.04646256939602,1.10363725524421,1.05730233968709,1.15421856083017,1.22090924911572,1.12876413216193,1.31408460789253,1.20510626153629,0.991369514179254,2.16702390871367,12051,TRUE,80.211741991641,"7584"
"prst.uk9020",-0.64132833815517,-0.930573080253606,-1.30901240871567,-1.43581011252376,-0.404442496948416,1.5095577814083,1.25378561204309,1.36115152519794,1.27564985577748,1.4541513725279,1.09765587798748,1.15278571261701,1.10740495125368,1.20466267163992,1.2763485501914,1.17915595251704,1.37669481383515,1.28275253759675,0.997540016633255,2.37735266492354,10469,TRUE,91.1157894736842,"8599"
"stal.uk9020",0.768022538424051,1.04847086003464,1.03675202963696,0.758765349667341,0.903151387012841,3.19458752892749,2.67142613331582,2.88817793530844,2.72026314740636,3.13698356718996,2.33018494728021,2.44973338353343,2.35951713767135,2.58555685479188,2.68970656936812,2.50494635614146,2.95483160015199,2.68895274752257,2.06010629566741,5.9357559144709,5951,TRUE,62.6447417603313,"0074"
"stal.uk9020",3.48329132676454,2.77083849783358,3.52529102052758,2.24986698125792,4.9410614937828,3.11309512139215,2.59096850149981,2.80980679262554,2.63972092454066,3.07693705978284,2.25246188321312,2.37141308455427,2.28216299624177,2.51246322297108,2.61507765466473,2.42748814725676,2.90038376913969,2.64410930471969,1.9001665594726,6.28473850507872,5692,TRUE,80.2497880086343,"7584"
"stal.uk9020",-2.85820707466568,-2.79794144084908,-2.32412443236523,-3.00081903009952,0.280582678707344,2.92845420328403,2.46574113505586,2.65999334707542,2.50730044831671,2.89356270708892,2.15677856887028,2.26705506772714,2.18069439729217,2.39908953085218,2.48236678826923,2.31559432178399,2.72627311337936,2.482881343959,1.90563264683182,5.46818870637725,6937,TRUE,91.5526315789474,"8599"
"nwul.uk9020",1.95492756689121,1.10571652914145,1.75947341044098,0.979760666041452,3.55336871471165,1.69784682682922,1.39130836193391,1.52357766071781,1.41206266562197,1.67508785618661,1.20301391988155,1.2714171954364,1.21324580601029,1.35323172044748,1.41782374724333,1.29441190394449,1.57917103181966,1.41054667436355,1.02683060364713,3.40084452633083,9310,TRUE,61.731593898748,"0074"
"nwul.uk9020",0.133495719661163,-0.101716947017053,-0.179447326791749,-0.453876941208409,0.172684830862617,1.84938899374052,1.52147309912253,1.66299669373949,1.53753305949212,1.84521038785258,1.31877702503148,1.39239226951605,1.32650555419484,1.49073849431375,1.54898675249536,1.41001597166651,1.74221342750586,1.5453478509368,1.09466627700548,4.03425460757318,8527,TRUE,80.2654102984245,"7584"
"nwul.uk9020",-0.458243533955917,-0.603661875972326,-0.838494919772732,-2.13152317379154,3.42030428583641,1.78734409178943,1.46446215167767,1.60234391543498,1.48115669436592,1.80007457150253,1.27423163512796,1.33947497662782,1.28055556758176,1.44051632257516,1.49846082059466,1.35936079595133,1.71139611424155,1.54660897306629,0.921493982132371,4.55498496613998,7743,TRUE,91.2315789473684,"8599"
"nrwc.uk9020",0.0511883600523185,-0.0156603438340593,-0.170900362675959,0.125978421049601,0.538830015969914,1.00333792826302,0.776972707077793,0.882192726573097,0.810533843862141,0.964463109723064,0.663261321083224,0.703042531036877,0.676968269868049,0.731728814152093,0.830649404558469,0.74550578945318,0.924732780948075,0.866856188291858,0.505491896634949,2.12317755113011,8333,TRUE,50.9500689914939,"0064"
"nrwc.uk9020",-1.39871991015922,-1.64368489160247,-1.76652877676739,-2.22169962389602,0.438489564996505,0.936143642345375,0.723608798167617,0.82765836195074,0.756091152769758,0.907793793135623,0.616277329882844,0.657106319419165,0.630022902079424,0.686275458619644,0.783527569350349,0.698773365162141,0.874790025328878,0.821578578550176,0.457230122735647,2.0442122819568,8981,TRUE,70.18186488888,"6574"
"nrwc.uk9020",-1.01520211061229,-1.24794743163181,-1.3170551615551,-1.24324435557633,-1.08518977874577,0.409216647492369,0.310040395583058,0.35850807833272,0.32582358724124,0.396892053206138,0.263717527105877,0.280104783417748,0.269627608295298,0.292499299478421,0.341151087331691,0.301306425487201,0.384800865258233,0.366540414168329,0.171709055767205,1.01850511814195,16982,TRUE,80.2377091752701,"7584"
"nrwc.uk9020",-0.832171487027082,-0.941011854244014,-0.79468734615899,-1.26820942236663,-1.05502244144118,0.401749005057926,0.308570609480464,0.353922833629769,0.324238644522713,0.384864166169898,0.263337883178673,0.279606197610668,0.268946116609862,0.289929635142651,0.336440963653231,0.300488875980588,0.371414599185476,0.359103638059245,0.19247128965474,0.880895825435014,18530,TRUE,91.6684210526316,"8599"
"slgh.uk9020",0.265050511178148,-0.340733452385845,0.0718832039052361,-0.0167225008226067,-0.975094977209216,2.7580031933241,2.27915899500928,2.47932405403091,2.32164651291628,2.73588161145615,1.97449544634776,2.08009405513149,1.99717988763084,2.21735625644795,2.30709666415566,2.13152994703798,2.57926282161171,2.31955407476816,1.71958855962493,5.42584429388263,6257,TRUE,50.7197386970496,"0064"
"slgh.uk9020",-1.573610814086,-1.28548109302887,-1.40913200165159,-1.52376175485668,0.67852246715349,3.07905433227403,2.5485955508457,2.77075453853543,2.6066353833541,3.00313703434237,2.20980658698116,2.32919217983853,2.24392074590434,2.44820425667807,2.57685562219746,2.39658227742676,2.82385077726495,2.60332633378825,1.94350867819172,5.57820530529998,5632,TRUE,70.1303481343883,"6574"
"slgh.uk9020",-0.599109838402104,-0.784600946419785,-1.18458317258753,-0.506505874272251,-2.52430009339866,1.93181397274453,1.60557033226643,1.7495145303455,1.63597706665202,1.92756467710572,1.39736444347119,1.47441570464453,1.41333014029088,1.57163573450996,1.63790334988998,1.51165852356622,1.82795123176993,1.64094425664562,1.21458438949388,3.86655423765357,8793,TRUE,80.2127390658781,"7584"
"slgh.uk9020",0.109259259471069,0.0678812029119913,-0.331725421817746,0.105303426202717,0.818025192518683,2.03412751433249,1.68133447487801,1.83756439258228,1.71239561475985,2.04337014712969,1.45562659447195,1.53923341284881,1.47064100035697,1.6541468646698,1.71759278768073,1.57892827170125,1.93281068967877,1.74707290450515,1.21869707782924,4.25910758237687,7692,TRUE,91.7789473684211,"8599"
"chestr.uk9020",0.732222476335234,0.702299730644001,0.412091316559535,0.306690826725854,-0.280044848926691,1.24415827451551,0.992164244985739,1.10378737650098,1.01286070351233,1.21673318270743,0.849769099126159,0.901020239851866,0.859674989828198,0.954076235734563,1.02851515503479,0.924654116241981,1.15198330159999,1.05543786253322,0.658705727776748,2.74508475138129,9348,TRUE,62.0006985472054,"0074"
"chestr.uk9020",-1.99562227777279,-2.01202840189053,-1.78349645903638,-2.64523382541439,-0.967630664109915,1.29768108429551,1.03876758950808,1.15411230500114,1.05778117476077,1.2826425596306,0.893233915227603,0.945176750311473,0.901687722765238,1.00699151842412,1.08013695603369,0.967511074379411,1.22205343231749,1.11337901961788,0.679171693570972,2.98759307451897,8460,TRUE,80.245835156436,"7584"
"chestr.uk9020",-1.32535965719396,-1.09375094792674,-1.31404724246109,-1.39615397334239,-1.35807568945166,1.15974676804374,0.928374596282285,1.03059289593178,0.941533836579349,1.15484880029654,0.805638055668565,0.847079144516051,0.809606978671672,0.903217092127316,0.970071796174959,0.864364443774559,1.10755207821942,1.03164588409372,0.530727106564533,3.0562643483197,8555,TRUE,91.4,"8599"
"ipsw.uk9020",0.252527860824163,-0.186255840228201,0.359275453191868,0.578514931204855,-0.948756223964755,1.4287919212781,1.11000755855898,1.25044192756565,1.16890577277587,1.36085294614384,0.949343511018253,0.999937313726169,0.971869236185661,1.03773350170349,1.1781389145204,1.07821794714447,1.30560729428622,1.25233159831152,0.757562156372237,3.04655066847865,5717,TRUE,50.3130892830731,"0064"
"ipsw.uk9020",0.955085861992364,0.435618543201229,0.440964880118563,-0.0829432231483404,1.41545847025892,1.10536213418551,0.851612060552443,0.972497220372998,0.902240948987624,1.06797928182536,0.731197489007057,0.773770586953991,0.751113704277455,0.804076128703944,0.925892327310255,0.840916452681085,1.03729870958141,1.00108288868304,0.546114130475075,2.57862422699885,6698,TRUE,70.1404065160804,"6574"
"ipsw.uk9020",-0.435576160607329,-0.378244450634031,-0.475954057984998,-0.3576772392953,-0.17098618959522,0.68482683999254,0.532311430087053,0.604623742717244,0.562732176836538,0.663004918531674,0.455799075618081,0.483016218038899,0.467909337044555,0.504206972022131,0.573832656351314,0.522938939014574,0.640681077314781,0.606844490908717,0.365417550374068,1.49523389327371,12116,TRUE,80.2370136522869,"7584"
"ipsw.uk9020",-0.536473007090179,-0.618488322610831,-0.901551357783414,-1.34828522951489,-1.2138669387037,0.599966120270051,0.463473710451366,0.527966414863009,0.490792935975031,0.574257277665933,0.394634389543978,0.418659109894052,0.404893258584992,0.434077665073002,0.50092499963545,0.455671476429093,0.555394704897494,0.537152281546705,0.304853015663196,1.33318468796428,13051,TRUE,91.6684210526316,"8599"
"chlt.uk9020",3.03115210807902,2.03182520142386,2.27137827006932,1.88668204079186,3.55878354052423,1.494510718048,1.22053279703168,1.33352472833588,1.25350382797619,1.42160084630438,1.05016637243162,1.1085445589502,1.06794662993829,1.15431923879625,1.23344227327113,1.14590146523546,1.32364688136417,1.2262418050314,1.01571438346795,2.16339980875169,10286,TRUE,61.5860471939187,"0074"
"chlt.uk9020",-0.754433369142394,-1.26762099745872,-0.968475856375711,-1.31650558430686,-0.270853919061585,1.4704522818774,1.20240010444939,1.31616942863036,1.23624119646744,1.40319816519717,1.03623632491013,1.09489593192414,1.05461960415322,1.14018407927922,1.22184463569248,1.13328111010417,1.31137214139336,1.22284491617778,0.989062240205535,2.19884718904023,10458,TRUE,80.2330728752825,"7584"
"chlt.uk9020",-0.109432601970534,-0.221813574950183,-0.135332005183956,-0.138609075332252,0.118598203018398,1.18160672767654,0.968475457743135,1.05867031462713,0.990284973574357,1.13919125698972,0.836215610931131,0.882432807474478,0.846713650005789,0.925405490405503,0.98390463463623,0.908447267994505,1.06606916876905,0.980043525178458,0.787586023411474,1.86729353774795,13168,TRUE,91.521052631579,"8599"
"glcs.uk9020",-0.693509083898659,-0.386305492693905,-0.950964996850524,0.0265601074876397,-2.36229864524363,2.11910034519408,1.71227518445261,1.88214863293491,1.76178647721417,2.02833477703508,1.47022347289378,1.55153694267922,1.49370299036188,1.62432153591805,1.74526423557044,1.60949634654378,1.89855113145338,1.74862138748298,1.38022763039555,3.43858412069584,6460,TRUE,50.1838783906098,"0064"
"glcs.uk9020",3.02044855305968,2.14093509656347,1.91455425290327,1.75948013191803,2.13031662986535,2.00210742532551,1.62003975532331,1.78139873403528,1.66999073041415,1.89749247994078,1.39232540628218,1.47047357641473,1.417086683526,1.52642780977876,1.65220663108297,1.5284456610585,1.77274923652243,1.66696105251509,1.30202293214632,3.15119596971779,6620,TRUE,70.1169847961732,"6574"
"glcs.uk9020",-0.567048256306349,-0.362813510677052,-0.950977654812374,-0.616701857470606,-1.78718431456119,1.20200033770346,0.971700994743445,1.07076246956689,0.998358229577961,1.15965731396092,0.8332034839638,0.881313911527897,0.845940374069003,0.926253326805698,0.994635372486907,0.913425114190057,1.08653211392388,0.995012205964662,0.768349887037506,2.05490978010453,11409,TRUE,80.2330728752825,"7584"
"glcs.uk9020",-1.91612062409545,-1.90327742673547,-2.24411546187505,-1.8760676574453,-1.49623903458616,1.08146088183005,0.872104093242734,0.962500208904639,0.895195746406567,1.04800164316443,0.749045782034457,0.791135821089305,0.758831892459939,0.833696919480791,0.895629700344987,0.820244914091557,0.982847256746377,0.910574972610391,0.669904612568354,1.93680466842119,11635,TRUE,91.521052631579,"8599"
"brck.uk9020",-0.875384432020592,-1.36383771883221,-1.05084604724586,-1.76696714430885,-0.104246166122735,2.34882768172634,1.91538896085373,2.10124247035496,1.95980533249949,2.29726002560738,1.65449763436704,1.74473772730965,1.67590591693495,1.84402219611604,1.95906109489125,1.80010102869602,2.16509654662914,1.99282947980339,1.40468155127081,4.59823430746457,5873,TRUE,62.1853708561704,"0074"
"brck.uk9020",-0.0364481631173241,0.245619278876387,-0.115500161215333,0.249064996093212,0.942975807063416,1.7188348583166,1.41254547998144,1.54338377337071,1.43981710456831,1.69241008977463,1.221132088564,1.28852798818763,1.23468052652788,1.36867826730294,1.43638625459833,1.32291658671266,1.58951146514721,1.44713979471929,1.06629488841046,3.24023400561267,8968,TRUE,87.4421052631579,"7599"
"crls.uk9020",0.665380391894426,0.592549166704141,0.365469503396328,0.240418695038335,1.72706901923277,2.82831505196582,2.4800493759301,2.62454654107378,2.50589838359932,2.76104695268729,2.26357091369855,2.34431915440178,2.27984593392842,2.41788837929921,2.49633648506858,2.37109780084292,2.63539852680238,2.45562605477503,2.19054808525212,3.85112351925938,9785,TRUE,61.1637107525008,"0074"
"crls.uk9020",2.47227665834538,2.10719371277532,2.10554170079162,1.9609733211926,1.95606498872177,3.15881182662181,2.77266570199783,2.93300484972606,2.79743558772288,3.08969762311623,2.53641165274792,2.62345795253718,2.55130551011066,2.70524566757288,2.79553726622123,2.65063608484642,2.95751927099852,2.76394736074629,2.41361983428659,4.45836622573624,8243,TRUE,80.2584231553114,"7584"
"crls.uk9020",-3.08998521666818,-2.32250520386441,-2.57602689312397,-1.451090024073,-3.21011146314482,3.12807279339963,2.73046403874044,2.89837967811866,2.74962597451397,3.08409146269664,2.49035994205012,2.58016153036529,2.50005092947569,2.68504462942357,2.76047535264965,2.60283023952966,2.94733855317533,2.72770716431441,2.36357930962145,4.52812637139556,7723,TRUE,91.4736842105263,"8599"
"crwl.uk9020",-0.441470132754722,-0.630363887719651,-0.646517081371857,-0.225539961851759,-2.1531162109316,1.33618003641222,1.06991706692505,1.18370489096828,1.09721959067177,1.31668720286941,0.917958625918744,0.968245450829747,0.929461079767961,1.02988759073731,1.09985575884678,1.00158098360811,1.2438805253516,1.14086004114874,0.709243835058865,3.00600608841018,8657,TRUE,61.7230789718991,"0074"
"crwl.uk9020",-0.643733340650349,-0.966201683738524,-1.04889293241431,-0.870842977797291,-4.62332850719369,1.7165755013956,1.39177620580741,1.54262717028679,1.41708726985166,1.75282765108528,1.1991832036925,1.27107341213786,1.20849239312469,1.37962049586829,1.44662326069932,1.30482836392838,1.67206212334614,1.48224410232663,0.90128266191841,4.3219477680922,7153,TRUE,80.2494999491511,"7584"
"crwl.uk9020",-0.255965445044112,-0.0814512764823904,-0.408977146980809,-0.939160547301139,-0.0920257893186575,2.05006224667395,1.67298968780007,1.83509228666364,1.70245207995663,2.04830784132991,1.43990365753028,1.51993414374397,1.4497381637035,1.63623476091725,1.7068607047202,1.559839096329,1.92885075938164,1.75946054134759,1.12417806291807,4.64836134396676,6676,TRUE,91.7052631578947,"8599"
"wtfr.uk9020",4.02150296232323,3.55617128561084,3.6793803427701,3.32795673140928,3.65517693130775,3.71959923147484,3.11693075380589,3.36990532640764,3.16857802480004,3.6848376839916,2.72350688099779,2.86331770598375,2.7516325662243,3.03757144533091,3.14475743224678,2.92432815493214,3.47685065737025,3.12080147299241,2.4199668327294,7.07891069318375,5205,TRUE,51.1687311420892,"0064"
"wtfr.uk9020",-1.81551886791231,-1.59953924643309,-1.74174595065759,-1.96999364746886,-1.47463393052416,2.93846125573453,2.4294945217917,2.6503336298508,2.47943108332583,2.91713302677418,2.10663158922002,2.2245490720097,2.13609631411328,2.36430351023389,2.47313146910522,2.28298229154329,2.75770322040819,2.50144734972681,1.77157932231333,6.13334017127619,5582,TRUE,70.1257278748823,"6574"
"wtfr.uk9020",-1.90091232793927,-2.29516283286419,-2.37258437131066,-2.59661941230676,-1.48883468596509,1.7336017440303,1.44295155913242,1.56867957253153,1.46973264180792,1.71786771740571,1.25405389443818,1.32367750174195,1.270057895477,1.40458876028027,1.46428125382576,1.35504196944862,1.62295530779541,1.47067612303456,1.06501610463995,3.51173537044188,10215,TRUE,80.2497880086343,"7584"
"wtfr.uk9020",-2.47940124501331,-2.33509265159975,-2.32682013096546,-2.25827914830852,-2.80737904033886,1.51983869542033,1.26779565774231,1.37703394893983,1.28990393786171,1.52018501351054,1.10399179508024,1.1639251282972,1.11627154864657,1.24276000404441,1.28715690893149,1.19033229679439,1.43900661129881,1.29958371359451,0.922648356211339,3.22482780569518,11684,TRUE,91.5526315789474,"8599"
