{
"type": "FeatureCollection",
"name": "athens_muni_ac_consumption_map",
"crs": { "type": "name", "properties": { "name": "urn:ogc:def:crs:OGC:1.3:CRS84" } },
"features": [
{ "type": "Feature", "properties": { "muni_id": 1, "year": 2020, "kwh_per_user_muni": 673.86869165241137, "ac_share_muni": 0.81486121987774485, "kwh_pc_overall": 549.10946441492104, "kwh_muni": 48318159.740356445 }, "geometry": { "type": "Polygon", "coordinates": [ [ [ 23.737641863434245, 37.994722289291516 ], [ 23.737713335054409, 37.994740474372783 ], [ 23.737847915434195, 37.994727255146401 ], [ 23.738284416110236, 37.994782304261257 ], [ 23.7385132769564, 37.99477830686093 ], [ 23.738725458878623, 37.99476075270637 ], [ 23.738942379801166, 37.994711663746727 ], [ 23.739159379086484, 37.994640042459238 ], [ 23.739412499953485, 37.994518930180845 ], [ 23.739617733240365, 37.994352647147451 ], [ 23.739780224642956, 37.994195282037097 ], [ 23.739906913313916, 37.993997279745273 ], [ 23.739972987294866, 37.993830688267487 ], [ 23.740003328093731, 37.993704575554005 ], [ 23.740021244774169, 37.993569422527003 ], [ 23.740009036881023, 37.993398151540276 ], [ 23.739972951680162, 37.993235840606054 ], [ 23.739972869220679, 37.993235648450217 ], [ 23.739876230896041, 37.99301030567311 ], [ 23.739876210511117, 37.993010273181795 ], [ 23.739803701843226, 37.99289297198073 ], [ 23.740099248043517, 37.992744919801083 ], [ 23.740394585551783, 37.992659950009163 ], [ 23.740352057195988, 37.992531597962419 ], [ 23.740339297586054, 37.992493090359623 ], [ 23.740339174016526, 37.992492929658219 ], [ 23.740334556536251, 37.992486942146535 ], [ 23.740259231521261, 37.992389265873463 ], [ 23.740259194434895, 37.99238912519121 ], [ 23.740169670798483, 37.992051086405802 ], [ 23.740035114963995, 37.991555082623897 ], [ 23.73991182081814, 37.99109515493484 ], [ 23.739875982001426, 37.990964389415161 ], [ 23.739868604474569, 37.990937334561075 ], [ 23.739856307089958, 37.990892243132947 ], [ 23.739757964942267, 37.990522498884957 ], [ 23.739752891670125, 37.990346737145693 ], [ 23.73997081826138, 37.990311167728507 ], [ 23.739817293332532, 37.989846666587574 ], [ 23.740175782006567, 37.989410335876762 ], [ 23.740266927187719, 37.989297876567107 ], [ 23.740309822946607, 37.989243894187169 ], [ 23.740797606586785, 37.988672654166812 ], [ 23.740930771728696, 37.988742836780915 ], [ 23.741295623086149, 37.988935123199433 ], [ 23.741708360480438, 37.989161351486452 ], [ 23.741908892894084, 37.989315010099745 ], [ 23.742461936658074, 37.989788786675803 ], [ 23.742842209161896, 37.989461259862964 ], [ 23.742850112035818, 37.989449984942027 ], [ 23.743015674657428, 37.989213785625132 ], [ 23.743341274227056, 37.988813424728221 ], [ 23.743556792242384, 37.988548015710919 ], [ 23.743747302522586, 37.988309590359229 ], [ 23.743909897041412, 37.988116168169796 ], [ 23.744146470416428, 37.987832778170336 ], [ 23.744279416845156, 37.987670835940648 ], [ 23.744607880873968, 37.987261464787409 ], [ 23.744810547404278, 37.987005038338779 ], [ 23.744896684826276, 37.986897070943357 ], [ 23.744978876863396, 37.986798107782178 ], [ 23.745102970375342, 37.986643682843464 ], [ 23.745107422783995, 37.98663814147514 ], [ 23.745331358629812, 37.986359467791267 ], [ 23.745341660958971, 37.986346646778685 ], [ 23.745452437063143, 37.986208791598827 ], [ 23.745565043534356, 37.986069718126956 ], [ 23.745565165903933, 37.986069566975686 ], [ 23.745819251970612, 37.985755756936562 ], [ 23.745828477636053, 37.985744362992051 ], [ 23.7459842270849, 37.985552002783841 ], [ 23.746851359404189, 37.985995502053335 ], [ 23.747389901463556, 37.986271551898895 ], [ 23.747761454142061, 37.986470632037673 ], [ 23.747937653759799, 37.986561138289694 ], [ 23.748302880798306, 37.986737671021956 ], [ 23.749257891075469, 37.986568466434818 ], [ 23.750514557258384, 37.98632779143643 ], [ 23.751402329277912, 37.986149413926682 ], [ 23.751946264985023, 37.985357430894339 ], [ 23.751992147295255, 37.985258386215868 ], [ 23.751855547956112, 37.984820974552605 ], [ 23.751751824601577, 37.984497758305196 ], [ 23.751645221280313, 37.984085982730456 ], [ 23.75148305425299, 37.983351632072328 ], [ 23.75165448901857, 37.983291399778103 ], [ 23.751854188605044, 37.983216682809775 ], [ 23.752430971913746, 37.983019615213202 ], [ 23.752616049546866, 37.983114639621917 ], [ 23.752895509200407, 37.982867373342792 ], [ 23.753059651168556, 37.982732525123552 ], [ 23.753293126907458, 37.982507693491399 ], [ 23.754113863748778, 37.981928082352297 ], [ 23.75505880461909, 37.981339711238704 ], [ 23.755184595934033, 37.981233728563929 ], [ 23.755212113231167, 37.981209463715309 ], [ 23.755227244023288, 37.981196121913591 ], [ 23.755319314604538, 37.981114931806218 ], [ 23.755317796297966, 37.981113348693022 ], [ 23.754941417884272, 37.980721021149698 ], [ 23.754938108960232, 37.980717572243428 ], [ 23.754938462605086, 37.980717375598424 ], [ 23.755881394266918, 37.980192280979573 ], [ 23.75597658493318, 37.980156536980125 ], [ 23.755976876795255, 37.980156427628636 ], [ 23.756048844463137, 37.980129538302144 ], [ 23.756095269165325, 37.980077950291772 ], [ 23.756097417770633, 37.980075561830901 ], [ 23.756357536197278, 37.979751637701419 ], [ 23.756701950385263, 37.979287106371224 ], [ 23.756812270062937, 37.979137455916806 ], [ 23.757199814223959, 37.978614769271644 ], [ 23.757676549955455, 37.977968613903911 ], [ 23.757656220175772, 37.977917871029703 ], [ 23.757691583158255, 37.977846424956041 ], [ 23.758183978650511, 37.977670050475886 ], [ 23.758948032077566, 37.97727257648252 ], [ 23.758949141849868, 37.977271999228996 ], [ 23.758947044200681, 37.977270001283728 ], [ 23.758219668974125, 37.976576696805225 ], [ 23.757893694798046, 37.97626598720165 ], [ 23.757558898366337, 37.975946864812549 ], [ 23.757558181015757, 37.975946181059719 ], [ 23.757558569784976, 37.975946027740818 ], [ 23.757640942262341, 37.975913487057056 ], [ 23.758288801495695, 37.975681833638497 ], [ 23.757996623522121, 37.975148442351063 ], [ 23.75799647979154, 37.975148177076903 ], [ 23.759204655246997, 37.974806172540482 ], [ 23.759420104221121, 37.975282193860956 ], [ 23.7594212776342, 37.975284782955399 ], [ 23.75942144519799, 37.975284724714399 ], [ 23.759456006356633, 37.975272801958241 ], [ 23.759514167561626, 37.975252738342306 ], [ 23.76042203182044, 37.974939543950363 ], [ 23.760479817485923, 37.974919608875737 ], [ 23.760480047758008, 37.974919523722278 ], [ 23.760512683738668, 37.974906739610354 ], [ 23.760743370562565, 37.974833317862561 ], [ 23.760793650220226, 37.974738026044804 ], [ 23.760964649115365, 37.974413939874339 ], [ 23.761189622294495, 37.974495668587871 ], [ 23.761190479777131, 37.974495980371465 ], [ 23.761324303025177, 37.97454459521731 ], [ 23.761420701863194, 37.974579614705419 ], [ 23.761590945853889, 37.974509799120959 ], [ 23.761734921717984, 37.97360746031579 ], [ 23.761741754924071, 37.973564636854427 ], [ 23.763249254151958, 37.972832066421269 ], [ 23.763543142747562, 37.97320181866165 ], [ 23.763757288139715, 37.973471240021041 ], [ 23.765659896857279, 37.972544679352815 ], [ 23.7667674859754, 37.972005264073559 ], [ 23.767349105639006, 37.971721998078287 ], [ 23.767406671099724, 37.971693961977245 ], [ 23.767406570089936, 37.971692416969837 ], [ 23.767305851776548, 37.970157066301937 ], [ 23.767311695835868, 37.9701552473446 ], [ 23.7690751256679, 37.96960626020973 ], [ 23.76936828997864, 37.969606835298109 ], [ 23.769953936609646, 37.9694259243945 ], [ 23.770107608801506, 37.969378453798896 ], [ 23.770472508080857, 37.969307063216014 ], [ 23.77134273350114, 37.969132949791721 ], [ 23.774222970504351, 37.968530971116429 ], [ 23.774386939977465, 37.968333295998711 ], [ 23.77439407731211, 37.968324691563787 ], [ 23.77440474674437, 37.968311829003603 ], [ 23.77475603261944, 37.967888327694503 ], [ 23.775318600715352, 37.967216788731392 ], [ 23.775373092218196, 37.967144402123822 ], [ 23.776271925733589, 37.966060738535383 ], [ 23.776272029712469, 37.966060613453934 ], [ 23.774547026062969, 37.966975904195337 ], [ 23.774514115319882, 37.966993365783082 ], [ 23.774135749539418, 37.967194121307436 ], [ 23.773981309397158, 37.967276064605805 ], [ 23.773868204741266, 37.967336074982576 ], [ 23.769213062523413, 37.968998981366511 ], [ 23.767237761507051, 37.969704518221597 ], [ 23.767189846756573, 37.96972163170954 ], [ 23.765351109716448, 37.970378347102063 ], [ 23.765346422789175, 37.970380021359915 ], [ 23.764313247844285, 37.9708558613778 ], [ 23.759424566823849, 37.973107191601905 ], [ 23.759363210808122, 37.973135441353158 ], [ 23.759144058648225, 37.972900668882126 ], [ 23.758966137215737, 37.972679496190757 ], [ 23.758781029483607, 37.972480842485396 ], [ 23.758356021070473, 37.972103313972809 ], [ 23.757845530965419, 37.971830048319021 ], [ 23.757306157903667, 37.971912229353791 ], [ 23.756573104070416, 37.972014533233121 ], [ 23.756064594844943, 37.972069702250259 ], [ 23.754159404056782, 37.972286123715911 ], [ 23.753486287199724, 37.972974311974838 ], [ 23.753485880482469, 37.972974727517439 ], [ 23.753484005691494, 37.97297664513404 ], [ 23.752419242478616, 37.972350956901259 ], [ 23.751487145333556, 37.973450465959182 ], [ 23.751398527238951, 37.973458544429754 ], [ 23.750920936041243, 37.973500479647313 ], [ 23.750237550405526, 37.973560480515395 ], [ 23.749443498527448, 37.973635401415422 ], [ 23.748681452947672, 37.973714891769994 ], [ 23.747914083569285, 37.973789859339782 ], [ 23.746901412928494, 37.973890225337676 ], [ 23.746550542500628, 37.973922122667595 ], [ 23.746550152910132, 37.973923173630567 ], [ 23.746501941992427, 37.974053024571418 ], [ 23.746453576918487, 37.974183287045456 ], [ 23.746418356102467, 37.974278278012669 ], [ 23.746393354289953, 37.974345708002254 ], [ 23.74581798502911, 37.97589743175088 ], [ 23.745808376928967, 37.9759233428206 ], [ 23.745797417245353, 37.975952900279957 ], [ 23.745783355495313, 37.975949586504584 ], [ 23.744368920333685, 37.97561632858114 ], [ 23.743433909072468, 37.975393477731807 ], [ 23.743122130834866, 37.975316187938077 ], [ 23.74300681736295, 37.975324948951418 ], [ 23.742752522137028, 37.975346111457405 ], [ 23.742584702196684, 37.975360077523369 ], [ 23.742030811082891, 37.975430967164037 ], [ 23.741176117930767, 37.975541750679781 ], [ 23.740563483167652, 37.97562151701468 ], [ 23.739103861040849, 37.975814197179275 ], [ 23.739086169108123, 37.975816532832035 ], [ 23.738416212800107, 37.975905173693235 ], [ 23.738051265845581, 37.975956083769034 ], [ 23.738020960360213, 37.975807531969664 ], [ 23.73802093456332, 37.97580742195521 ], [ 23.737969277397344, 37.975587651562527 ], [ 23.737967117621107, 37.975587929755875 ], [ 23.737803770831647, 37.975608968657049 ], [ 23.737803563545508, 37.975608025448913 ], [ 23.737567816905432, 37.97453389929418 ], [ 23.737566337160985, 37.974534102387871 ], [ 23.737565503309753, 37.974534216793707 ], [ 23.737366424520609, 37.974561572712581 ], [ 23.737364503924596, 37.974561837008302 ], [ 23.736447583604082, 37.974687828612581 ], [ 23.736447378469986, 37.974686925964683 ], [ 23.7364371926861, 37.974642021752786 ], [ 23.736434843805704, 37.974642333743297 ], [ 23.736305663385934, 37.974659476042532 ], [ 23.73630836948843, 37.974673251070776 ], [ 23.736308386270473, 37.974673334026789 ], [ 23.735728101600287, 37.974750020237607 ], [ 23.735612540867191, 37.974766141469544 ], [ 23.735450725685595, 37.974788714540693 ], [ 23.73531048095893, 37.973993525152494 ], [ 23.735158950777102, 37.973583897890322 ], [ 23.735082196143537, 37.973409709039899 ], [ 23.73481604734377, 37.973086134907327 ], [ 23.734124157217661, 37.972318900803629 ], [ 23.73393158651686, 37.972076234524593 ], [ 23.733876643718467, 37.971987912064172 ], [ 23.732898271872489, 37.97087565827848 ], [ 23.732855338379203, 37.970826848001238 ], [ 23.73261474909086, 37.970634491199156 ], [ 23.732354004893761, 37.970516400115152 ], [ 23.732044628458684, 37.970428701772953 ], [ 23.731806705791836, 37.970265705224257 ], [ 23.731732356141208, 37.97015708826715 ], [ 23.731701870818483, 37.970053642852257 ], [ 23.731692482209279, 37.969936440520691 ], [ 23.731699563844042, 37.969692081518403 ], [ 23.731664137274752, 37.968484808584577 ], [ 23.731618466714611, 37.968410680727217 ], [ 23.731602912351356, 37.968385434416184 ], [ 23.731602888571231, 37.968385399211733 ], [ 23.731470350476972, 37.968252151383702 ], [ 23.730290944283691, 37.967335056199282 ], [ 23.728659862636601, 37.966066684744575 ], [ 23.727502079973995, 37.965166322020458 ], [ 23.726316257883607, 37.964244120071072 ], [ 23.724647093180263, 37.962945843370626 ], [ 23.724576081969463, 37.962890609317512 ], [ 23.724575787976907, 37.962890380603241 ], [ 23.72390405801649, 37.962366970813903 ], [ 23.722711082077907, 37.961437253663526 ], [ 23.72250879908071, 37.961279754195139 ], [ 23.722415006776885, 37.961206883651904 ], [ 23.720394007689507, 37.959636642927336 ], [ 23.720338313874851, 37.959593369454282 ], [ 23.720316595372505, 37.959607139997267 ], [ 23.720316517777164, 37.959607189383718 ], [ 23.72029981211017, 37.959617781276457 ], [ 23.720296946609562, 37.959619651849387 ], [ 23.720107236637173, 37.95974350377768 ], [ 23.719913614832858, 37.959894879562725 ], [ 23.71880848568264, 37.960758863472719 ], [ 23.717921319187592, 37.961474221565084 ], [ 23.717866780664018, 37.961518198061704 ], [ 23.717650373184217, 37.961733988205516 ], [ 23.717624180237923, 37.96179250910847 ], [ 23.717671834842079, 37.961846182554858 ], [ 23.717674308200351, 37.96184865531724 ], [ 23.717726575370211, 37.961900909464426 ], [ 23.717710880412504, 37.961924698275176 ], [ 23.717305056772471, 37.962539812314688 ], [ 23.717151807275954, 37.962735541841603 ], [ 23.717139533235869, 37.96275121728543 ], [ 23.716072535786253, 37.963609377610375 ], [ 23.715737920201384, 37.96384741101631 ], [ 23.715713015664189, 37.963855213679622 ], [ 23.715138456812497, 37.964035231631499 ], [ 23.715134546303311, 37.964035828730076 ], [ 23.715049628030883, 37.964048781895947 ], [ 23.714983798668687, 37.964058822316986 ], [ 23.714815607985098, 37.964084476393204 ], [ 23.714761750443238, 37.96409269175907 ], [ 23.714556806684783, 37.964123950691743 ], [ 23.71420359599098, 37.96410957387301 ], [ 23.713852733670446, 37.964050689781828 ], [ 23.713852535004694, 37.964052306209823 ], [ 23.713835057912384, 37.964194300422193 ], [ 23.713829536932462, 37.964286608652031 ], [ 23.713866291398659, 37.96469226332102 ], [ 23.7130339406066, 37.96508246580018 ], [ 23.713205233166562, 37.965298254388657 ], [ 23.713239574496782, 37.965341517007197 ], [ 23.713245976469569, 37.965349582015115 ], [ 23.713275794205426, 37.96538714556803 ], [ 23.713622810217988, 37.965807089714247 ], [ 23.713717344352801, 37.96592448722928 ], [ 23.713985468590593, 37.966231577282137 ], [ 23.71401927229369, 37.966267802005639 ], [ 23.714107699932299, 37.966362561127497 ], [ 23.714411871178953, 37.966732827933903 ], [ 23.715320240361294, 37.966717080344679 ], [ 23.71532412505778, 37.966717013135238 ], [ 23.71533325415912, 37.966692009163992 ], [ 23.71533563250766, 37.966685495903405 ], [ 23.715358404980073, 37.966316022952199 ], [ 23.715477100059832, 37.966257726350989 ], [ 23.715829602461259, 37.965997204808851 ], [ 23.716222616194734, 37.96565566399272 ], [ 23.716942183811252, 37.965044521519168 ], [ 23.717319988483496, 37.96495530107461 ], [ 23.717587232381153, 37.964937917125411 ], [ 23.718221334002695, 37.965033945740451 ], [ 23.719159501771067, 37.965176015745058 ], [ 23.7202976538915, 37.965345465455727 ], [ 23.720744249551096, 37.965409616537265 ], [ 23.721090347580201, 37.965459310796533 ], [ 23.721370402394754, 37.965501229956786 ], [ 23.721399845978333, 37.965523831889968 ], [ 23.721951067139297, 37.96595775425385 ], [ 23.721975910635464, 37.965976722892698 ], [ 23.722294461369692, 37.966219938886091 ], [ 23.722531416655372, 37.966405262036112 ], [ 23.72307710007269, 37.966826403779777 ], [ 23.723081968812323, 37.966830168203252 ], [ 23.723603777097477, 37.967233612176145 ], [ 23.72369336797707, 37.967302879308853 ], [ 23.723824451211328, 37.967404227789125 ], [ 23.723824421325116, 37.967404608062481 ], [ 23.723809511436688, 37.967593463183093 ], [ 23.72378120486686, 37.96783674445917 ], [ 23.723759899067677, 37.9680434489687 ], [ 23.723701877369244, 37.968593639950996 ], [ 23.723601728225258, 37.969537645057116 ], [ 23.72248577909394, 37.969971789069774 ], [ 23.722473692008094, 37.969976491414698 ], [ 23.722445155489467, 37.969987592847495 ], [ 23.722407475434306, 37.970221880154504 ], [ 23.7244820724828, 37.969933881904289 ], [ 23.725019217453934, 37.969863035646554 ], [ 23.725735791558893, 37.969761060308294 ], [ 23.726887212721174, 37.969637558717189 ], [ 23.727797376598936, 37.969522500756959 ], [ 23.728773002318025, 37.969407584885232 ], [ 23.729181046741278, 37.969421953202442 ], [ 23.729183877839436, 37.969422052552254 ], [ 23.729395839991447, 37.969445072489371 ], [ 23.729359344584768, 37.969542933277495 ], [ 23.729358230402934, 37.969545921186963 ], [ 23.729308524504031, 37.969679206421489 ], [ 23.729307482864691, 37.969682901106893 ], [ 23.729306975316426, 37.969684699810593 ], [ 23.729162365168435, 37.970197329443295 ], [ 23.729158543108102, 37.970216869572511 ], [ 23.729157163493358, 37.970223924379624 ], [ 23.729112967031483, 37.970449904304914 ], [ 23.728991550508074, 37.970798972733654 ], [ 23.728985658979582, 37.970815912379734 ], [ 23.728987851264151, 37.970824415670094 ], [ 23.729027049715569, 37.97097647926114 ], [ 23.728951538089785, 37.9710708737977 ], [ 23.72895143868066, 37.97109791219296 ], [ 23.728957882452953, 37.971377326149714 ], [ 23.728921492712157, 37.971598057720406 ], [ 23.728839411118912, 37.971859241893078 ], [ 23.728772363533562, 37.971998786869811 ], [ 23.728768327629865, 37.972060922227321 ], [ 23.7287649723634, 37.97211259250377 ], [ 23.728764450969287, 37.972120621771602 ], [ 23.728764329102834, 37.972122489859224 ], [ 23.72876651323525, 37.972138472916427 ], [ 23.728738762984435, 37.972240699633552 ], [ 23.728679626700252, 37.972357029406041 ], [ 23.728587180872733, 37.972490639291692 ], [ 23.728491442138463, 37.972590827178458 ], [ 23.728436914204533, 37.972640356837459 ], [ 23.728251587750911, 37.972759999267474 ], [ 23.728279700909749, 37.972794928697859 ], [ 23.728288294097425, 37.972805606266732 ], [ 23.728304687130386, 37.972825973562131 ], [ 23.728096931489468, 37.972903021383225 ], [ 23.72793141314337, 37.972953388382756 ], [ 23.727707088479303, 37.973015622391777 ], [ 23.727702036061757, 37.973017023915524 ], [ 23.727693262428961, 37.973019457812178 ], [ 23.727504979892725, 37.973068389841501 ], [ 23.727504708992328, 37.973067752905294 ], [ 23.727481452613596, 37.973012962963587 ], [ 23.727464769981633, 37.972973661544202 ], [ 23.727416836791015, 37.972946511874106 ], [ 23.727383712450802, 37.972936411001875 ], [ 23.727267925179977, 37.972901102381591 ], [ 23.727265869773056, 37.972901493281505 ], [ 23.727092000959928, 37.972934558459507 ], [ 23.727060520914822, 37.972939788600208 ], [ 23.726998759317073, 37.972950048847984 ], [ 23.726934020295772, 37.972958176917103 ], [ 23.726893036980567, 37.972963322764883 ], [ 23.726839703647894, 37.972996442914095 ], [ 23.726658923354083, 37.972984677603172 ], [ 23.726572574541898, 37.972987852258321 ], [ 23.726342589046709, 37.972870608914313 ], [ 23.726083035549394, 37.97281690461805 ], [ 23.725876719352559, 37.972799562767214 ], [ 23.725873618890432, 37.972799302280862 ], [ 23.725844928240573, 37.972796890273386 ], [ 23.725539300193351, 37.972807728524877 ], [ 23.725219079359938, 37.972752841584239 ], [ 23.725219093515406, 37.97275362573712 ], [ 23.725220465749981, 37.972826861226743 ], [ 23.725220506503753, 37.972829062265127 ], [ 23.72522398869172, 37.973014957262997 ], [ 23.725224039508934, 37.97304011681134 ], [ 23.725224064843761, 37.973052563645446 ], [ 23.725224667541539, 37.973351497643534 ], [ 23.72522162229691, 37.973351385080058 ], [ 23.725094461988686, 37.973346687012089 ], [ 23.725053673159493, 37.973345996839015 ], [ 23.725033806430055, 37.973345357358411 ], [ 23.724718482036213, 37.973335213180881 ], [ 23.723401774520156, 37.973288642090083 ], [ 23.723400448605265, 37.973289112148244 ], [ 23.72215955247276, 37.973729323741409 ], [ 23.721597222448615, 37.973928805525958 ], [ 23.720624389932684, 37.974643496333158 ], [ 23.720529545711937, 37.97471317305277 ], [ 23.720443418721072, 37.974776445137465 ], [ 23.720443256588435, 37.974776564623319 ], [ 23.720435485709398, 37.974782272932366 ], [ 23.720453115629699, 37.974822497796218 ], [ 23.720935701661684, 37.975923588252151 ], [ 23.720939563831607, 37.975937116712778 ], [ 23.720943444202202, 37.975946138783556 ], [ 23.720948391438142, 37.975955163384917 ], [ 23.720953321615216, 37.975968694378466 ], [ 23.720958607036149, 37.975982226214455 ], [ 23.720969924763562, 37.976000278791489 ], [ 23.720991544542692, 37.976022862234693 ], [ 23.721012485686128, 37.97603643119875 ], [ 23.721030598537702, 37.976045487019178 ], [ 23.721060113283706, 37.976050063440454 ], [ 23.721075734893052, 37.976059113346722 ], [ 23.721085308275207, 37.976068148910912 ], [ 23.721089187531874, 37.976077170974065 ], [ 23.72106609405002, 37.976221956572516 ], [ 23.721064040216014, 37.976234836494953 ], [ 23.721063504873772, 37.976236091619 ], [ 23.72103328220415, 37.976306930472909 ], [ 23.721025626583206, 37.976324874057177 ], [ 23.721011399213396, 37.976343032784847 ], [ 23.721002124817957, 37.976354869917351 ], [ 23.721000809809386, 37.976356651345867 ], [ 23.720966897939306, 37.976423876285374 ], [ 23.721070046044339, 37.976433811537859 ], [ 23.721302666614488, 37.976456217270453 ], [ 23.721430758215813, 37.97659635887134 ], [ 23.721463174950312, 37.976631824644883 ], [ 23.721463745315912, 37.976632448784329 ], [ 23.721523682561024, 37.976698024985801 ], [ 23.721537367974037, 37.976712997106418 ], [ 23.721537956483719, 37.97671364111676 ], [ 23.721839662549812, 37.97653089533825 ], [ 23.721841808048644, 37.976529596249819 ], [ 23.721865715133685, 37.976556561586655 ], [ 23.721873040548417, 37.976564824776396 ], [ 23.722041992715909, 37.976755391048208 ], [ 23.722357730018985, 37.977061725948545 ], [ 23.722358528686392, 37.977062502038599 ], [ 23.722391197103676, 37.977094198067441 ], [ 23.722400567604755, 37.977140854542668 ], [ 23.722402035107084, 37.97714815932698 ], [ 23.722415646050713, 37.977215929428439 ], [ 23.722412957560241, 37.977216283599006 ], [ 23.722179620809335, 37.977246917271806 ], [ 23.722179675606149, 37.977247181478134 ], [ 23.72218052555159, 37.977251269917979 ], [ 23.722180707840561, 37.977252147300156 ], [ 23.722197331908816, 37.977332170319585 ], [ 23.722623901302001, 37.977637841442998 ], [ 23.722050754965654, 37.9781118477406 ], [ 23.722447392656974, 37.978329092949316 ], [ 23.721985493753724, 37.978636506183278 ], [ 23.721975093425101, 37.978643427815676 ], [ 23.721974422465607, 37.978642902582614 ], [ 23.721467408176107, 37.978245660899169 ], [ 23.721466215063437, 37.978247420088756 ], [ 23.721131771286515, 37.978740573117179 ], [ 23.72181172647463, 37.979314499757983 ], [ 23.721722801577023, 37.979399911606293 ], [ 23.721566861597044, 37.979611344829259 ], [ 23.721542799149635, 37.979669871463742 ], [ 23.721525905473843, 37.979714895773355 ], [ 23.721232608330986, 37.980115273345383 ], [ 23.720741455857805, 37.980799085658589 ], [ 23.720709080090479, 37.980844063171617 ], [ 23.720709208545177, 37.980844120257615 ], [ 23.721807206339275, 37.981331877003882 ], [ 23.721780840822923, 37.981369358607914 ], [ 23.721417028657974, 37.981877723999553 ], [ 23.720884028145935, 37.982615514704847 ], [ 23.720505156668334, 37.983150879978901 ], [ 23.720355947483792, 37.983366833863158 ], [ 23.719842209975759, 37.984086639714008 ], [ 23.719307719876724, 37.984833432253396 ], [ 23.719288313617504, 37.984928135349833 ], [ 23.719287414366931, 37.98493252516645 ], [ 23.719270207915987, 37.98505866402482 ], [ 23.71924981644236, 37.985180288850408 ], [ 23.718785547247784, 37.985892875031375 ], [ 23.718428783511978, 37.986368330844137 ], [ 23.71816652100032, 37.986741346633913 ], [ 23.717995224734388, 37.986942126294757 ], [ 23.717995463064483, 37.986942338668065 ], [ 23.718042336618652, 37.986984193141573 ], [ 23.718214799794897, 37.987053862947896 ], [ 23.718253208494829, 37.987106571960751 ], [ 23.718309152416296, 37.987183343997749 ], [ 23.71842391040439, 37.987254627387529 ], [ 23.718867950638867, 37.987622315022335 ], [ 23.719290228231912, 37.987649906022469 ], [ 23.720005763216577, 37.987719153723646 ], [ 23.720006002274246, 37.98771917682479 ], [ 23.720006333538663, 37.987719209158314 ], [ 23.720033799196319, 37.987803924999355 ], [ 23.719998236268392, 37.987860475279028 ], [ 23.719884657955827, 37.988041078277845 ], [ 23.719839962001789, 37.98829520080357 ], [ 23.719866702737477, 37.988419926579098 ], [ 23.720077570273254, 37.989403458763405 ], [ 23.720180322775338, 37.989882706195552 ], [ 23.720295592675264, 37.990360661083308 ], [ 23.720322568377004, 37.990473385770137 ], [ 23.720308557538306, 37.990503331875729 ], [ 23.720274130286988, 37.9905769182838 ], [ 23.720302027015116, 37.990703229318505 ], [ 23.720325911209084, 37.990811375332882 ], [ 23.720407148595026, 37.990973799633068 ], [ 23.720452681969135, 37.991073049126072 ], [ 23.72067412924714, 37.991519710904804 ], [ 23.720823664485625, 37.991742964311271 ], [ 23.720991567839334, 37.991993638498883 ], [ 23.721037797337548, 37.992097395822007 ], [ 23.721023524578928, 37.992201009640375 ], [ 23.721034060680687, 37.992278158409007 ], [ 23.721034675771357, 37.992278130125456 ], [ 23.721218338770559, 37.992269587889972 ], [ 23.721321165019233, 37.992264805098948 ], [ 23.721345508979336, 37.992263673079393 ], [ 23.7214437334145, 37.992259104600052 ], [ 23.721556237075216, 37.992253871347458 ], [ 23.721874320189791, 37.992239075861285 ], [ 23.722298625898762, 37.992217546301553 ], [ 23.723105258563663, 37.992169877352552 ], [ 23.723333943922398, 37.992116338435387 ], [ 23.724330195745488, 37.992087132629862 ], [ 23.725073427051726, 37.992052820829443 ], [ 23.726044476901908, 37.9920055159076 ], [ 23.726943262875853, 37.991962541650402 ], [ 23.726943306155263, 37.991962540849592 ], [ 23.726943950804372, 37.991962525221737 ], [ 23.726946355144349, 37.991962465910873 ], [ 23.726950647874567, 37.991962360511799 ], [ 23.727111259044129, 37.991958425110042 ], [ 23.72791106892285, 37.99182959177903 ], [ 23.728644985342079, 37.991714120268128 ], [ 23.729059470511725, 37.991651985859079 ], [ 23.72984502060153, 37.9915276129341 ], [ 23.730769857661226, 37.991381497426786 ], [ 23.731082094882151, 37.991332165185121 ], [ 23.731131229190506, 37.991534359888988 ], [ 23.731137579696803, 37.991560490922325 ], [ 23.731169750761048, 37.991692879307195 ], [ 23.731271511549359, 37.992089676940623 ], [ 23.731369714507856, 37.992486466335187 ], [ 23.731470410334442, 37.992883261313686 ], [ 23.731916173700753, 37.994691352641368 ], [ 23.732005923802419, 37.995065589976015 ], [ 23.732141982464423, 37.995624695862418 ], [ 23.732223251336872, 37.995617275880321 ], [ 23.732239572784394, 37.995615785361736 ], [ 23.73233459284998, 37.995607108672367 ], [ 23.733230528050736, 37.99547845800884 ], [ 23.733490486096624, 37.995438489561288 ], [ 23.73358109803781, 37.995380111395107 ], [ 23.733910059354404, 37.995326966508557 ], [ 23.735699268806304, 37.995037895933663 ], [ 23.735768448271255, 37.995026378838709 ], [ 23.735769225464448, 37.995026249898515 ], [ 23.736108438824086, 37.994969778122929 ], [ 23.736428087841805, 37.994917390309311 ], [ 23.736615556695686, 37.994886733087696 ], [ 23.737641863434245, 37.994722289291516 ] ] ] } },
{ "type": "Feature", "properties": { "muni_id": 2, "year": 2020, "kwh_per_user_muni": 687.1808495288459, "ac_share_muni": 0.70263103369044655, "kwh_pc_overall": 482.83458201328739, "kwh_muni": 50950527.357421875 }, "geometry": { "type": "Polygon", "coordinates": [ [ [ 23.741176117930767, 37.975541750679781 ], [ 23.742030811082891, 37.975430967164037 ], [ 23.742584702196684, 37.975360077523369 ], [ 23.742752522137028, 37.975346111457405 ], [ 23.74300681736295, 37.975324948951418 ], [ 23.743122130834866, 37.975316187938077 ], [ 23.743433909072468, 37.975393477731807 ], [ 23.744368920333685, 37.97561632858114 ], [ 23.745783355495313, 37.975949586504584 ], [ 23.745797417245353, 37.975952900279957 ], [ 23.745808376928967, 37.9759233428206 ], [ 23.74581798502911, 37.97589743175088 ], [ 23.746393354289953, 37.974345708002254 ], [ 23.746418356102467, 37.974278278012669 ], [ 23.746453576918487, 37.974183287045456 ], [ 23.746501941992427, 37.974053024571418 ], [ 23.746550152910132, 37.973923173630567 ], [ 23.746550542500628, 37.973922122667595 ], [ 23.746901412928494, 37.973890225337676 ], [ 23.747914083569285, 37.973789859339782 ], [ 23.748681452947672, 37.973714891769994 ], [ 23.749443498527448, 37.973635401415422 ], [ 23.750237550405526, 37.973560480515395 ], [ 23.750237261872787, 37.9735586043236 ], [ 23.750173531799387, 37.973144297651942 ], [ 23.750110392851585, 37.972733829855635 ], [ 23.750025604128606, 37.97218261147232 ], [ 23.750464920314517, 37.971702843240458 ], [ 23.750958314829877, 37.971164007450859 ], [ 23.7512233325909, 37.970874424682208 ], [ 23.751638954882296, 37.970416080424087 ], [ 23.751664717406758, 37.970387669431119 ], [ 23.75225783505973, 37.969733571789398 ], [ 23.752617866373502, 37.969320959020614 ], [ 23.7527612724904, 37.969156607754428 ], [ 23.753459714448582, 37.968353919782309 ], [ 23.754109683091368, 37.967631776224373 ], [ 23.755126779524758, 37.966536415700205 ], [ 23.755771266679357, 37.965852556958097 ], [ 23.755379182747141, 37.965634391176287 ], [ 23.755010083683221, 37.965429012566837 ], [ 23.754596326366304, 37.965198782148022 ], [ 23.75400008534578, 37.964867005477402 ], [ 23.752905736093034, 37.964258041968883 ], [ 23.752231616877094, 37.964299412007797 ], [ 23.752221576186098, 37.964300019961506 ], [ 23.751179060791074, 37.964362727856845 ], [ 23.751059531017628, 37.964405716136291 ], [ 23.750711694441019, 37.96441245040166 ], [ 23.750675628234532, 37.964399552239584 ], [ 23.750207970319021, 37.964114750678355 ], [ 23.749719168055208, 37.963817067014062 ], [ 23.749155941401291, 37.96351567698072 ], [ 23.748725091380088, 37.963285119947564 ], [ 23.748301141291677, 37.963072682989974 ], [ 23.747660346915332, 37.962690909580274 ], [ 23.746603391747552, 37.962065789394586 ], [ 23.746520984855277, 37.962022016521701 ], [ 23.745986287295871, 37.961737990091784 ], [ 23.74552557823209, 37.961480761586749 ], [ 23.74505175317648, 37.961211829351008 ], [ 23.744550121137863, 37.960932033776778 ], [ 23.745416309252168, 37.959983619657727 ], [ 23.745921512407499, 37.959430443923402 ], [ 23.746461993962015, 37.958838628889175 ], [ 23.746701393614543, 37.958567002813112 ], [ 23.747306871769723, 37.957879053332505 ], [ 23.747703196672845, 37.957428737076619 ], [ 23.747552634060085, 37.957284493443602 ], [ 23.746934381691418, 37.95669218314265 ], [ 23.746673737205565, 37.956760490712391 ], [ 23.746510887280763, 37.956803168455487 ], [ 23.745965025244221, 37.956944233630047 ], [ 23.745713797189541, 37.957007975437875 ], [ 23.745631273372133, 37.956532827151008 ], [ 23.745579223789111, 37.956385454636987 ], [ 23.745290794502857, 37.955853069447741 ], [ 23.745021866734071, 37.955948111135534 ], [ 23.744647883598361, 37.956080279120663 ], [ 23.744150765826564, 37.956261606766141 ], [ 23.743767340434086, 37.956388942124619 ], [ 23.743444826391357, 37.956324934510782 ], [ 23.742936947890996, 37.95622413518911 ], [ 23.742405206936617, 37.956126417022425 ], [ 23.741927918210909, 37.956038703954327 ], [ 23.741020548486798, 37.955871947197821 ], [ 23.740392983532203, 37.955756607772969 ], [ 23.740116140932763, 37.955708203901537 ], [ 23.739998579579058, 37.955990952844985 ], [ 23.739847339524303, 37.956354702731126 ], [ 23.738718255353604, 37.956270961229045 ], [ 23.737466197842231, 37.956165983178572 ], [ 23.737141816378941, 37.956138782636103 ], [ 23.736677031438582, 37.956099808055001 ], [ 23.736158006231435, 37.956056282883665 ], [ 23.735736084631728, 37.95602089950485 ], [ 23.73587316326725, 37.955674988491481 ], [ 23.735829381986189, 37.955662659695484 ], [ 23.735479822519935, 37.955564221367212 ], [ 23.735473238460955, 37.955562367031874 ], [ 23.734873155696242, 37.955393375521616 ], [ 23.734061488304597, 37.95516577600889 ], [ 23.734050257480686, 37.955203169481528 ], [ 23.734011109121976, 37.955302408552612 ], [ 23.733983298080631, 37.955372906769675 ], [ 23.733790753910029, 37.955638582554919 ], [ 23.733789967986528, 37.955639667732378 ], [ 23.73354713741826, 37.955780759378754 ], [ 23.73332115088893, 37.955653787396173 ], [ 23.732309177379488, 37.955085192650586 ], [ 23.731227083852083, 37.954600535598743 ], [ 23.731158158518721, 37.954577845879022 ], [ 23.731054761814498, 37.954546064428961 ], [ 23.730885062079135, 37.954455547401686 ], [ 23.730817800428856, 37.954365363673503 ], [ 23.730522489157259, 37.954220467755128 ], [ 23.73047602628052, 37.954197670451947 ], [ 23.729917808899419, 37.954294477817065 ], [ 23.729860101700993, 37.954304485753575 ], [ 23.729839357089215, 37.954315255406833 ], [ 23.729652683833894, 37.954412164159322 ], [ 23.729562432385325, 37.954337336245409 ], [ 23.729526888602745, 37.954307866178418 ], [ 23.729320034800978, 37.954136362582332 ], [ 23.729289742048348, 37.954110614233045 ], [ 23.728891606634054, 37.953764550288241 ], [ 23.7288583435665, 37.953735636861893 ], [ 23.728855103039873, 37.953732820072844 ], [ 23.728572405460994, 37.953487093950791 ], [ 23.728538813599293, 37.953457894866929 ], [ 23.727542081412032, 37.952591494342677 ], [ 23.727476446940699, 37.952534441180035 ], [ 23.726818690292468, 37.952685753069602 ], [ 23.726615260084419, 37.95273255235098 ], [ 23.726612245711507, 37.952733245649604 ], [ 23.726480673228046, 37.95255768036737 ], [ 23.725634608489369, 37.951422297358945 ], [ 23.72540417728008, 37.951079305489536 ], [ 23.725173814987919, 37.950736413356239 ], [ 23.724948453438515, 37.950400959980684 ], [ 23.724848424401316, 37.950264423031427 ], [ 23.724816679417998, 37.950229719405179 ], [ 23.724612663870875, 37.950006685497044 ], [ 23.72453059898443, 37.949950967586645 ], [ 23.72433179108906, 37.949861695107863 ], [ 23.724027421740782, 37.949672450545705 ], [ 23.723732013757935, 37.949443105277517 ], [ 23.72346822113871, 37.94923830270934 ], [ 23.723199216327224, 37.949029450402215 ], [ 23.722949746564364, 37.94883576532996 ], [ 23.722020161472805, 37.949608527884259 ], [ 23.721688779506913, 37.949860105911014 ], [ 23.721104835730447, 37.950318061489064 ], [ 23.721104429321677, 37.9503183804839 ], [ 23.720181597478458, 37.951009935296604 ], [ 23.720076629354399, 37.951088595398403 ], [ 23.71931718857309, 37.951693104951808 ], [ 23.718635384491915, 37.952274762729445 ], [ 23.717917659228242, 37.952847134506612 ], [ 23.717800531590228, 37.952942520178127 ], [ 23.717162699532029, 37.953461949614059 ], [ 23.716980243696021, 37.953610532862612 ], [ 23.71655079195676, 37.953960255873689 ], [ 23.716176975046039, 37.954264668474643 ], [ 23.715738876381504, 37.954621422908659 ], [ 23.715725942531527, 37.954631955677499 ], [ 23.715033247185026, 37.955196024087293 ], [ 23.714917414057656, 37.955284986482695 ], [ 23.714872964041515, 37.955319124174807 ], [ 23.717549781815762, 37.957439104509412 ], [ 23.718454206194828, 37.95813977145437 ], [ 23.720338267339486, 37.959593333292098 ], [ 23.720338313874851, 37.959593369454282 ], [ 23.720394007689507, 37.959636642927336 ], [ 23.722415006776885, 37.961206883651904 ], [ 23.72250879908071, 37.961279754195139 ], [ 23.722711082077907, 37.961437253663526 ], [ 23.72390405801649, 37.962366970813903 ], [ 23.724575787976907, 37.962890380603241 ], [ 23.724576081969463, 37.962890609317512 ], [ 23.724647093180263, 37.962945843370626 ], [ 23.726316257883607, 37.964244120071072 ], [ 23.727502079973995, 37.965166322020458 ], [ 23.728659862636601, 37.966066684744575 ], [ 23.730290944283691, 37.967335056199282 ], [ 23.731470350476972, 37.968252151383702 ], [ 23.731602888571231, 37.968385399211733 ], [ 23.731602912351356, 37.968385434416184 ], [ 23.731618466714611, 37.968410680727217 ], [ 23.731664137274752, 37.968484808584577 ], [ 23.731699563844042, 37.969692081518403 ], [ 23.731692482209279, 37.969936440520691 ], [ 23.731701870818483, 37.970053642852257 ], [ 23.731732356141208, 37.97015708826715 ], [ 23.731806705791836, 37.970265705224257 ], [ 23.732044628458684, 37.970428701772953 ], [ 23.732354004893761, 37.970516400115152 ], [ 23.73261474909086, 37.970634491199156 ], [ 23.732855338379203, 37.970826848001238 ], [ 23.732898271872489, 37.97087565827848 ], [ 23.733876643718467, 37.971987912064172 ], [ 23.73393158651686, 37.972076234524593 ], [ 23.734124157217661, 37.972318900803629 ], [ 23.73481604734377, 37.973086134907327 ], [ 23.735082196143537, 37.973409709039899 ], [ 23.735158950777102, 37.973583897890322 ], [ 23.73531048095893, 37.973993525152494 ], [ 23.735450725685595, 37.974788714540693 ], [ 23.735612540867191, 37.974766141469544 ], [ 23.735728101600287, 37.974750020237607 ], [ 23.736308386270473, 37.974673334026789 ], [ 23.73630836948843, 37.974673251070776 ], [ 23.736305663385934, 37.974659476042532 ], [ 23.736434843805704, 37.974642333743297 ], [ 23.7364371926861, 37.974642021752786 ], [ 23.736447378469986, 37.974686925964683 ], [ 23.736447583604082, 37.974687828612581 ], [ 23.737364503924596, 37.974561837008302 ], [ 23.737366424520609, 37.974561572712581 ], [ 23.737565503309753, 37.974534216793707 ], [ 23.737566337160985, 37.974534102387871 ], [ 23.737567816905432, 37.97453389929418 ], [ 23.737803563545508, 37.975608025448913 ], [ 23.737803770831647, 37.975608968657049 ], [ 23.737967117621107, 37.975587929755875 ], [ 23.737969277397344, 37.975587651562527 ], [ 23.73802093456332, 37.97580742195521 ], [ 23.738020960360213, 37.975807531969664 ], [ 23.738051265845581, 37.975956083769034 ], [ 23.738416212800107, 37.975905173693235 ], [ 23.739086169108123, 37.975816532832035 ], [ 23.739103861040849, 37.975814197179275 ], [ 23.740563483167652, 37.97562151701468 ], [ 23.741176117930767, 37.975541750679781 ] ] ] } },
{ "type": "Feature", "properties": { "muni_id": 3, "year": 2020, "kwh_per_user_muni": 688.26843021530897, "ac_share_muni": 0.53683964622234692, "kwh_pc_overall": 369.48978859333215, "kwh_muni": 29232459.684463501 }, "geometry": { "type": "Polygon", "coordinates": [ [ [ 23.706754804427288, 37.988065458548057 ], [ 23.70749920113872, 37.988535979904384 ], [ 23.707812142025364, 37.98823482740832 ], [ 23.708208319566833, 37.987852764968771 ], [ 23.708693850442842, 37.98737178118138 ], [ 23.708977120708816, 37.987102096988245 ], [ 23.70904211942203, 37.987043674284102 ], [ 23.709618848099549, 37.986716130544949 ], [ 23.710198438218615, 37.986474213053498 ], [ 23.711041020753484, 37.986138304136759 ], [ 23.711135162153923, 37.986088964697956 ], [ 23.711340561136399, 37.985981314748543 ], [ 23.711697037621686, 37.985824464154298 ], [ 23.7119936227908, 37.985694504394445 ], [ 23.712585089828632, 37.985961830133235 ], [ 23.713013536521874, 37.986147639632406 ], [ 23.713332664462445, 37.985711294630718 ], [ 23.713895007418806, 37.98596502353503 ], [ 23.714253008766786, 37.986127689716568 ], [ 23.715076201595238, 37.986495142276269 ], [ 23.715668752205907, 37.986762455124925 ], [ 23.715695673526589, 37.986774662305962 ], [ 23.715708438481155, 37.986780449664337 ], [ 23.71662994061608, 37.987198264662915 ], [ 23.716637694712329, 37.987201780327737 ], [ 23.716687957095896, 37.987224569612437 ], [ 23.717514266309685, 37.987600590111299 ], [ 23.717778145010975, 37.987222632566045 ], [ 23.717878317582642, 37.987135254467383 ], [ 23.717906889304746, 37.987110332166949 ], [ 23.717912466305943, 37.98710546778829 ], [ 23.717951195659612, 37.987071684970559 ], [ 23.717973002230497, 37.987049044708101 ], [ 23.718014759715413, 37.987005692978144 ], [ 23.718042336618652, 37.986984193141573 ], [ 23.717995463064483, 37.986942338668065 ], [ 23.717995224734388, 37.986942126294757 ], [ 23.71816652100032, 37.986741346633913 ], [ 23.718428783511978, 37.986368330844137 ], [ 23.718785547247784, 37.985892875031375 ], [ 23.71924981644236, 37.985180288850408 ], [ 23.719270207915987, 37.98505866402482 ], [ 23.719287414366931, 37.98493252516645 ], [ 23.719288313617504, 37.984928135349833 ], [ 23.719307719876724, 37.984833432253396 ], [ 23.719842209975759, 37.984086639714008 ], [ 23.720355947483792, 37.983366833863158 ], [ 23.720505156668334, 37.983150879978901 ], [ 23.720884028145935, 37.982615514704847 ], [ 23.721417028657974, 37.981877723999553 ], [ 23.721780840822923, 37.981369358607914 ], [ 23.721807206339275, 37.981331877003882 ], [ 23.720709208545177, 37.980844120257615 ], [ 23.720709080090479, 37.980844063171617 ], [ 23.720741455857805, 37.980799085658589 ], [ 23.721232608330986, 37.980115273345383 ], [ 23.721525905473843, 37.979714895773355 ], [ 23.721542799149635, 37.979669871463742 ], [ 23.721566861597044, 37.979611344829259 ], [ 23.721722801577023, 37.979399911606293 ], [ 23.72181172647463, 37.979314499757983 ], [ 23.721131771286515, 37.978740573117179 ], [ 23.721466215063437, 37.978247420088756 ], [ 23.721467408176107, 37.978245660899169 ], [ 23.721974422465607, 37.978642902582614 ], [ 23.721975093425101, 37.978643427815676 ], [ 23.721985493753724, 37.978636506183278 ], [ 23.722447392656974, 37.978329092949316 ], [ 23.722050754965654, 37.9781118477406 ], [ 23.722623901302001, 37.977637841442998 ], [ 23.722197331908816, 37.977332170319585 ], [ 23.722180707840561, 37.977252147300156 ], [ 23.72218052555159, 37.977251269917979 ], [ 23.722179675606149, 37.977247181478134 ], [ 23.722179620809335, 37.977246917271806 ], [ 23.722412957560241, 37.977216283599006 ], [ 23.722415646050713, 37.977215929428439 ], [ 23.722402035107084, 37.97714815932698 ], [ 23.722400567604755, 37.977140854542668 ], [ 23.722391197103676, 37.977094198067441 ], [ 23.722358528686392, 37.977062502038599 ], [ 23.722357730018985, 37.977061725948545 ], [ 23.722041992715909, 37.976755391048208 ], [ 23.721873040548417, 37.976564824776396 ], [ 23.721865715133685, 37.976556561586655 ], [ 23.721841808048644, 37.976529596249819 ], [ 23.721839662549812, 37.97653089533825 ], [ 23.721537956483719, 37.97671364111676 ], [ 23.721537367974037, 37.976712997106418 ], [ 23.721523682561024, 37.976698024985801 ], [ 23.721463745315912, 37.976632448784329 ], [ 23.721463174950312, 37.976631824644883 ], [ 23.721430758215813, 37.97659635887134 ], [ 23.721302666614488, 37.976456217270453 ], [ 23.721070046044339, 37.976433811537859 ], [ 23.720966897939306, 37.976423876285374 ], [ 23.721000809809386, 37.976356651345867 ], [ 23.721002124817957, 37.976354869917351 ], [ 23.721011399213396, 37.976343032784847 ], [ 23.721025626583206, 37.976324874057177 ], [ 23.72103328220415, 37.976306930472909 ], [ 23.721063504873772, 37.976236091619 ], [ 23.721064040216014, 37.976234836494953 ], [ 23.72106609405002, 37.976221956572516 ], [ 23.721089187531874, 37.976077170974065 ], [ 23.721085308275207, 37.976068148910912 ], [ 23.721075734893052, 37.976059113346722 ], [ 23.721060113283706, 37.976050063440454 ], [ 23.721030598537702, 37.976045487019178 ], [ 23.721012485686128, 37.97603643119875 ], [ 23.720991544542692, 37.976022862234693 ], [ 23.720969924763562, 37.976000278791489 ], [ 23.720958607036149, 37.975982226214455 ], [ 23.720953321615216, 37.975968694378466 ], [ 23.720948391438142, 37.975955163384917 ], [ 23.720943444202202, 37.975946138783556 ], [ 23.720939563831607, 37.975937116712778 ], [ 23.720935701661684, 37.975923588252151 ], [ 23.720453115629699, 37.974822497796218 ], [ 23.720435485709398, 37.974782272932366 ], [ 23.720443256588435, 37.974776564623319 ], [ 23.720443418721072, 37.974776445137465 ], [ 23.720529545711937, 37.97471317305277 ], [ 23.720624389932684, 37.974643496333158 ], [ 23.721597222448615, 37.973928805525958 ], [ 23.72215955247276, 37.973729323741409 ], [ 23.723400448605265, 37.973289112148244 ], [ 23.723401774520156, 37.973288642090083 ], [ 23.724718482036213, 37.973335213180881 ], [ 23.725033806430055, 37.973345357358411 ], [ 23.725053673159493, 37.973345996839015 ], [ 23.725094461988686, 37.973346687012089 ], [ 23.72522162229691, 37.973351385080058 ], [ 23.725224667541539, 37.973351497643534 ], [ 23.725224064843761, 37.973052563645446 ], [ 23.725224039508934, 37.97304011681134 ], [ 23.72522398869172, 37.973014957262997 ], [ 23.725220506503753, 37.972829062265127 ], [ 23.725220465749981, 37.972826861226743 ], [ 23.725219093515406, 37.97275362573712 ], [ 23.725219079359938, 37.972752841584239 ], [ 23.725539300193351, 37.972807728524877 ], [ 23.725844928240573, 37.972796890273386 ], [ 23.725873618890432, 37.972799302280862 ], [ 23.725876719352559, 37.972799562767214 ], [ 23.726083035549394, 37.97281690461805 ], [ 23.726342589046709, 37.972870608914313 ], [ 23.726572574541898, 37.972987852258321 ], [ 23.726658923354083, 37.972984677603172 ], [ 23.726839703647894, 37.972996442914095 ], [ 23.726893036980567, 37.972963322764883 ], [ 23.726934020295772, 37.972958176917103 ], [ 23.726998759317073, 37.972950048847984 ], [ 23.727060520914822, 37.972939788600208 ], [ 23.727092000959928, 37.972934558459507 ], [ 23.727265869773056, 37.972901493281505 ], [ 23.727267925179977, 37.972901102381591 ], [ 23.727383712450802, 37.972936411001875 ], [ 23.727416836791015, 37.972946511874106 ], [ 23.727464769981633, 37.972973661544202 ], [ 23.727481452613596, 37.973012962963587 ], [ 23.727504708992328, 37.973067752905294 ], [ 23.727504979892725, 37.973068389841501 ], [ 23.727693262428961, 37.973019457812178 ], [ 23.727702036061757, 37.973017023915524 ], [ 23.727707088479303, 37.973015622391777 ], [ 23.72793141314337, 37.972953388382756 ], [ 23.728096931489468, 37.972903021383225 ], [ 23.728304687130386, 37.972825973562131 ], [ 23.728288294097425, 37.972805606266732 ], [ 23.728279700909749, 37.972794928697859 ], [ 23.728251587750911, 37.972759999267474 ], [ 23.728436914204533, 37.972640356837459 ], [ 23.728491442138463, 37.972590827178458 ], [ 23.728587180872733, 37.972490639291692 ], [ 23.728679626700252, 37.972357029406041 ], [ 23.728738762984435, 37.972240699633552 ], [ 23.72876651323525, 37.972138472916427 ], [ 23.728764329102834, 37.972122489859224 ], [ 23.728764450969287, 37.972120621771602 ], [ 23.7287649723634, 37.97211259250377 ], [ 23.728768327629865, 37.972060922227321 ], [ 23.728772363533562, 37.971998786869811 ], [ 23.728839411118912, 37.971859241893078 ], [ 23.728921492712157, 37.971598057720406 ], [ 23.728957882452953, 37.971377326149714 ], [ 23.72895143868066, 37.97109791219296 ], [ 23.728951538089785, 37.9710708737977 ], [ 23.729027049715569, 37.97097647926114 ], [ 23.728987851264151, 37.970824415670094 ], [ 23.728985658979582, 37.970815912379734 ], [ 23.728991550508074, 37.970798972733654 ], [ 23.729112967031483, 37.970449904304914 ], [ 23.729157163493358, 37.970223924379624 ], [ 23.729158543108102, 37.970216869572511 ], [ 23.729162365168435, 37.970197329443295 ], [ 23.729306975316426, 37.969684699810593 ], [ 23.729307482864691, 37.969682901106893 ], [ 23.729308524504031, 37.969679206421489 ], [ 23.729358230402934, 37.969545921186963 ], [ 23.729359344584768, 37.969542933277495 ], [ 23.729395839991447, 37.969445072489371 ], [ 23.729183877839436, 37.969422052552254 ], [ 23.729181046741278, 37.969421953202442 ], [ 23.728773002318025, 37.969407584885232 ], [ 23.727797376598936, 37.969522500756959 ], [ 23.726887212721174, 37.969637558717189 ], [ 23.725735791558893, 37.969761060308294 ], [ 23.725019217453934, 37.969863035646554 ], [ 23.7244820724828, 37.969933881904289 ], [ 23.722407475434306, 37.970221880154504 ], [ 23.722445155489467, 37.969987592847495 ], [ 23.722473692008094, 37.969976491414698 ], [ 23.72248577909394, 37.969971789069774 ], [ 23.723601728225258, 37.969537645057116 ], [ 23.723701877369244, 37.968593639950996 ], [ 23.723759899067677, 37.9680434489687 ], [ 23.72378120486686, 37.96783674445917 ], [ 23.723809511436688, 37.967593463183093 ], [ 23.723824421325116, 37.967404608062481 ], [ 23.723824451211328, 37.967404227789125 ], [ 23.72369336797707, 37.967302879308853 ], [ 23.723603777097477, 37.967233612176145 ], [ 23.723081968812323, 37.966830168203252 ], [ 23.72307710007269, 37.966826403779777 ], [ 23.722531416655372, 37.966405262036112 ], [ 23.722294461369692, 37.966219938886091 ], [ 23.721975910635464, 37.965976722892698 ], [ 23.721951067139297, 37.96595775425385 ], [ 23.721399845978333, 37.965523831889968 ], [ 23.721370402394754, 37.965501229956786 ], [ 23.721090347580201, 37.965459310796533 ], [ 23.720744249551096, 37.965409616537265 ], [ 23.7202976538915, 37.965345465455727 ], [ 23.719159501771067, 37.965176015745058 ], [ 23.718221334002695, 37.965033945740451 ], [ 23.717587232381153, 37.964937917125411 ], [ 23.717319988483496, 37.96495530107461 ], [ 23.716942183811252, 37.965044521519168 ], [ 23.716222616194734, 37.96565566399272 ], [ 23.715829602461259, 37.965997204808851 ], [ 23.715477100059832, 37.966257726350989 ], [ 23.715358404980073, 37.966316022952199 ], [ 23.71533563250766, 37.966685495903405 ], [ 23.71533325415912, 37.966692009163992 ], [ 23.71532412505778, 37.966717013135238 ], [ 23.715320240361294, 37.966717080344679 ], [ 23.714411871178953, 37.966732827933903 ], [ 23.714107699932299, 37.966362561127497 ], [ 23.71401927229369, 37.966267802005639 ], [ 23.713985468590593, 37.966231577282137 ], [ 23.713717344352801, 37.96592448722928 ], [ 23.713622810217988, 37.965807089714247 ], [ 23.713275794205426, 37.96538714556803 ], [ 23.713245976469569, 37.965349582015115 ], [ 23.713239574496782, 37.965341517007197 ], [ 23.713205233166562, 37.965298254388657 ], [ 23.7130339406066, 37.96508246580018 ], [ 23.713866291398659, 37.96469226332102 ], [ 23.713829536932462, 37.964286608652031 ], [ 23.713835057912384, 37.964194300422193 ], [ 23.713852535004694, 37.964052306209823 ], [ 23.713852733670446, 37.964050689781828 ], [ 23.713791187400613, 37.964040360022061 ], [ 23.713004765743634, 37.963908372129886 ], [ 23.712335937706406, 37.963798513795318 ], [ 23.712085724713774, 37.963757414065284 ], [ 23.711970212437684, 37.96374237543403 ], [ 23.711415466538853, 37.96367014950718 ], [ 23.710402178462544, 37.963604569465282 ], [ 23.708635909368752, 37.963501066798948 ], [ 23.708418492775174, 37.963514047483763 ], [ 23.708218044026605, 37.96355410849678 ], [ 23.707562636829884, 37.963940035134712 ], [ 23.707328334318653, 37.964083658609887 ], [ 23.707204282729965, 37.964146440116579 ], [ 23.706445897367061, 37.964586145380032 ], [ 23.706445835748926, 37.964586181277816 ], [ 23.706388168512976, 37.964633656026841 ], [ 23.706340057818704, 37.964673256614248 ], [ 23.706322622502505, 37.964687608465674 ], [ 23.706239067674993, 37.964756384450475 ], [ 23.706183849033827, 37.964801836412178 ], [ 23.70589749265055, 37.964972365636292 ], [ 23.705524097037792, 37.965201260044296 ], [ 23.705343965794548, 37.96531078058262 ], [ 23.704815471831004, 37.965632102397684 ], [ 23.704247353528505, 37.965977671400225 ], [ 23.703570485740649, 37.966381547372173 ], [ 23.703570426396514, 37.966381583274156 ], [ 23.702622555610578, 37.966951472764421 ], [ 23.702166016850388, 37.967220344538248 ], [ 23.702138112574108, 37.967236778270141 ], [ 23.702058740749056, 37.967283522651208 ], [ 23.701289822838145, 37.967745735901872 ], [ 23.700819353484519, 37.968041965261449 ], [ 23.699548860263651, 37.968831860291417 ], [ 23.699800809541994, 37.969008248175264 ], [ 23.699926076794682, 37.969095946654541 ], [ 23.700768406328351, 37.969440634472271 ], [ 23.701818651335259, 37.969769925787595 ], [ 23.702110743371311, 37.969887604167766 ], [ 23.702312162732781, 37.969986977103353 ], [ 23.702469371959353, 37.970084904886683 ], [ 23.702767616845833, 37.970282145695421 ], [ 23.702808701178235, 37.970309316944167 ], [ 23.703660040111227, 37.970872328254295 ], [ 23.704225785818718, 37.971247172329051 ], [ 23.705102389997041, 37.971826156095958 ], [ 23.705560646266655, 37.972129193583676 ], [ 23.705520389763027, 37.972172174332847 ], [ 23.705520356601461, 37.972172210301309 ], [ 23.704100787067762, 37.973687814805956 ], [ 23.704775027649664, 37.974311396519539 ], [ 23.705212006236923, 37.974667718190709 ], [ 23.705263439257799, 37.974709657743375 ], [ 23.705321837146517, 37.97475727570037 ], [ 23.705346014803315, 37.974776990615283 ], [ 23.705737997355786, 37.975071368451708 ], [ 23.705770046019687, 37.975095436352213 ], [ 23.705773483376134, 37.975098017220894 ], [ 23.70573577845461, 37.975111529631775 ], [ 23.705690977902581, 37.975127584833544 ], [ 23.705544787329643, 37.975179975801325 ], [ 23.705500282012608, 37.975195925317287 ], [ 23.705498759808187, 37.975196471291262 ], [ 23.705487773593386, 37.975211269948566 ], [ 23.705487174884396, 37.975212076903567 ], [ 23.70548517384908, 37.975214773049181 ], [ 23.70546870881773, 37.975236953944098 ], [ 23.705296728352611, 37.975268068254017 ], [ 23.705080644496224, 37.975294565321235 ], [ 23.70476675004571, 37.975311803695789 ], [ 23.704409448053553, 37.975328932169973 ], [ 23.704241114283498, 37.975337521939359 ], [ 23.703656003340374, 37.975376607318807 ], [ 23.702925413352194, 37.975491931830618 ], [ 23.702697057044329, 37.975473329208619 ], [ 23.700576173626811, 37.975621168710241 ], [ 23.697602123331553, 37.975748754188089 ], [ 23.696784816126254, 37.97578201415498 ], [ 23.696273311284841, 37.975800255234539 ], [ 23.696059784962749, 37.975807869393059 ], [ 23.693682601751419, 37.97589183205676 ], [ 23.691937408063552, 37.975959377668687 ], [ 23.685289377800395, 37.976339415014273 ], [ 23.685462225061791, 37.976623755284528 ], [ 23.68693771014927, 37.978424714192151 ], [ 23.6872133802135, 37.97867505763049 ], [ 23.687882555166457, 37.979282744015222 ], [ 23.688167541991966, 37.979541541436255 ], [ 23.689491570955372, 37.980826111820711 ], [ 23.689778390089472, 37.981190415469797 ], [ 23.68991494062028, 37.98143387824296 ], [ 23.69007213218195, 37.981607174310419 ], [ 23.690414832203331, 37.981984980631744 ], [ 23.69069284362882, 37.982458831634638 ], [ 23.69078798643687, 37.982620994010738 ], [ 23.69089723197694, 37.982807193681701 ], [ 23.691270715131722, 37.983240016154618 ], [ 23.691915036736152, 37.983804984151568 ], [ 23.692326412077222, 37.984166334137981 ], [ 23.69258433956217, 37.984462748857752 ], [ 23.692783901307184, 37.984692087487609 ], [ 23.693152223433707, 37.985088066616861 ], [ 23.693349979829126, 37.985391396825321 ], [ 23.693525981781384, 37.985661356730873 ], [ 23.693620508323377, 37.98586439199709 ], [ 23.694146414918716, 37.986792889414254 ], [ 23.694289873659496, 37.987322434327922 ], [ 23.694305254214637, 37.987379207443801 ], [ 23.694354867612859, 37.987459072092065 ], [ 23.694386383674711, 37.987509806157398 ], [ 23.694406733670963, 37.987546890095658 ], [ 23.694516526826082, 37.987746960266151 ], [ 23.694564932807303, 37.987870140109699 ], [ 23.694850424865173, 37.98859663116238 ], [ 23.694989720062164, 37.988980523078517 ], [ 23.694989748211135, 37.988980600661954 ], [ 23.695119997918624, 37.989341699807007 ], [ 23.695839792541772, 37.990699043848181 ], [ 23.696067818676998, 37.991101560785687 ], [ 23.696457547622277, 37.991649143492133 ], [ 23.697120313075782, 37.992580329580981 ], [ 23.697503620614743, 37.992971514981718 ], [ 23.697601817527755, 37.993041643993429 ], [ 23.697905718667474, 37.993068434160875 ], [ 23.697978639216281, 37.993074862814716 ], [ 23.698082242734976, 37.993115865911427 ], [ 23.69840015879339, 37.99340481014643 ], [ 23.698475102696882, 37.993472923914936 ], [ 23.698546776174158, 37.993516476489937 ], [ 23.700893404419237, 37.992073532312567 ], [ 23.701724794197268, 37.991511370532059 ], [ 23.703374593995751, 37.990395815448785 ], [ 23.70424214600682, 37.989798646158711 ], [ 23.70485413750988, 37.989385592667809 ], [ 23.706240074862407, 37.988422978202692 ], [ 23.706297509758208, 37.988383085674805 ], [ 23.706754804427288, 37.988065458548057 ] ] ] } },
{ "type": "Feature", "properties": { "muni_id": 4, "year": 2020, "kwh_per_user_muni": 750.93245894884762, "ac_share_muni": 0.48305639094730374, "kwh_pc_overall": 362.7427161712946, "kwh_muni": 28871310.923583984 }, "geometry": { "type": "Polygon", "coordinates": [ [ [ 23.72426807846702, 38.01495252140036 ], [ 23.72476478183437, 38.014931152952236 ], [ 23.725232294099353, 38.014909714204471 ], [ 23.725660646158978, 38.01488818224918 ], [ 23.726248874660392, 38.014858008202935 ], [ 23.726337891256399, 38.014853708982855 ], [ 23.726409106736796, 38.014849368282682 ], [ 23.726961023864856, 38.014819106189641 ], [ 23.727397205770853, 38.014797586085926 ], [ 23.728052732775815, 38.014763052594382 ], [ 23.728406340084682, 38.014736831359535 ], [ 23.728468993332115, 38.013772605564085 ], [ 23.728557551521071, 38.012889141876514 ], [ 23.728626346125559, 38.01237472683642 ], [ 23.728516519284025, 38.012257835857419 ], [ 23.728523819274837, 38.012223184029331 ], [ 23.72853724122978, 38.01215947010143 ], [ 23.728509851292259, 38.011958959239749 ], [ 23.728499602148545, 38.011883929156191 ], [ 23.728484900652969, 38.011776304772305 ], [ 23.728483490576934, 38.011766674932232 ], [ 23.72839811722384, 38.011183777836415 ], [ 23.728398050564557, 38.011183319831574 ], [ 23.728391145809017, 38.011136178589794 ], [ 23.728321174013406, 38.010707908333551 ], [ 23.728192149878481, 38.009882937695714 ], [ 23.728039256598322, 38.008967783447297 ], [ 23.727919578987887, 38.008247672782517 ], [ 23.727916916988111, 38.008234086110733 ], [ 23.727885563292475, 38.00807962941311 ], [ 23.727870607888033, 38.00800785548379 ], [ 23.727834839014189, 38.007836202007951 ], [ 23.727633726226731, 38.00715977503301 ], [ 23.727476607977785, 38.006812417515626 ], [ 23.727307643853059, 38.00649207076367 ], [ 23.72720967823809, 38.006320599991255 ], [ 23.726790592365248, 38.005701262058125 ], [ 23.726652037902554, 38.005496499579493 ], [ 23.726644664198158, 38.005485602163127 ], [ 23.726600676487951, 38.00544494221824 ], [ 23.726259738787249, 38.005043078592962 ], [ 23.725948199407654, 38.004681840166192 ], [ 23.72555158818108, 38.004225767764645 ], [ 23.725211679786558, 38.003837422671836 ], [ 23.724432989141619, 38.00294783754314 ], [ 23.724255048876991, 38.002749138335993 ], [ 23.723986054744298, 38.00243756488203 ], [ 23.723525313239648, 38.001909232378608 ], [ 23.723181595390741, 38.001403705591976 ], [ 23.723217968176364, 38.001398561051957 ], [ 23.723269887449085, 38.001391217900043 ], [ 23.723314393584172, 38.001384922601957 ], [ 23.72336963022962, 38.001377109530281 ], [ 23.723583293319884, 38.001350573403009 ], [ 23.723488913409394, 38.000417523865018 ], [ 23.723368161657874, 37.999114886039898 ], [ 23.723251736733573, 37.997893373480828 ], [ 23.723188535543333, 37.997284858532041 ], [ 23.723154027393917, 37.996901731881579 ], [ 23.723137906771793, 37.996706054148738 ], [ 23.723137688921536, 37.996703411072943 ], [ 23.722220508213056, 37.996796283438158 ], [ 23.722220419343447, 37.996796292241115 ], [ 23.722128289406797, 37.996804678269541 ], [ 23.721792612795536, 37.996817403998179 ], [ 23.721719294920284, 37.996817230551002 ], [ 23.721298370949469, 37.996784688974067 ], [ 23.720786440060895, 37.996738665694927 ], [ 23.720783536789103, 37.996738403739521 ], [ 23.720872024115611, 37.996116728208172 ], [ 23.720967747526263, 37.995463524783759 ], [ 23.721061381516311, 37.99478628442273 ], [ 23.721302343987151, 37.994802461357729 ], [ 23.721446981052612, 37.994757153066629 ], [ 23.721406038741559, 37.994572292937228 ], [ 23.721326715925084, 37.994184553013298 ], [ 23.721226499413394, 37.993675090173411 ], [ 23.721192337888816, 37.993485739588934 ], [ 23.721139611156381, 37.992935831398931 ], [ 23.721110907768281, 37.99287218587142 ], [ 23.721105023658733, 37.992859140254467 ], [ 23.721120602385451, 37.992692439654391 ], [ 23.721034719978807, 37.992282696135383 ], [ 23.721034221622496, 37.992279265567561 ], [ 23.721034060680687, 37.992278158409007 ], [ 23.721023524578928, 37.992201009640375 ], [ 23.721037797337548, 37.992097395822007 ], [ 23.720991567839334, 37.991993638498883 ], [ 23.720823664485625, 37.991742964311271 ], [ 23.72067412924714, 37.991519710904804 ], [ 23.720452681969135, 37.991073049126072 ], [ 23.720407148595026, 37.990973799633068 ], [ 23.720325911209084, 37.990811375332882 ], [ 23.720302027015116, 37.990703229318505 ], [ 23.720274130286988, 37.9905769182838 ], [ 23.720308557538306, 37.990503331875729 ], [ 23.720322568377004, 37.990473385770137 ], [ 23.720295592675264, 37.990360661083308 ], [ 23.720180322775338, 37.989882706195552 ], [ 23.720077570273254, 37.989403458763405 ], [ 23.719866702737477, 37.988419926579098 ], [ 23.719839962001789, 37.98829520080357 ], [ 23.719884657955827, 37.988041078277845 ], [ 23.719998236268392, 37.987860475279028 ], [ 23.720033799196319, 37.987803924999355 ], [ 23.720006333538663, 37.987719209158314 ], [ 23.720006002274246, 37.98771917682479 ], [ 23.720005763216577, 37.987719153723646 ], [ 23.719290228231912, 37.987649906022469 ], [ 23.718867950638867, 37.987622315022335 ], [ 23.71842391040439, 37.987254627387529 ], [ 23.718309152416296, 37.987183343997749 ], [ 23.718253208494829, 37.987106571960751 ], [ 23.718214799794897, 37.987053862947896 ], [ 23.718042336618652, 37.986984193141573 ], [ 23.718014759715413, 37.987005692978144 ], [ 23.717973002230497, 37.987049044708101 ], [ 23.717951195659612, 37.987071684970559 ], [ 23.717912466305943, 37.98710546778829 ], [ 23.717906889304746, 37.987110332166949 ], [ 23.717878317582642, 37.987135254467383 ], [ 23.717778145010975, 37.987222632566045 ], [ 23.717514266309685, 37.987600590111299 ], [ 23.716687957095896, 37.987224569612437 ], [ 23.716637694712329, 37.987201780327737 ], [ 23.71662994061608, 37.987198264662915 ], [ 23.715708438481155, 37.986780449664337 ], [ 23.715695673526589, 37.986774662305962 ], [ 23.715668752205907, 37.986762455124925 ], [ 23.715076201595238, 37.986495142276269 ], [ 23.714253008766786, 37.986127689716568 ], [ 23.713895007418806, 37.98596502353503 ], [ 23.713332664462445, 37.985711294630718 ], [ 23.713013536521874, 37.986147639632406 ], [ 23.712585089828632, 37.985961830133235 ], [ 23.7119936227908, 37.985694504394445 ], [ 23.711697037621686, 37.985824464154298 ], [ 23.711340561136399, 37.985981314748543 ], [ 23.711135162153923, 37.986088964697956 ], [ 23.711041020753484, 37.986138304136759 ], [ 23.710198438218615, 37.986474213053498 ], [ 23.709618848099549, 37.986716130544949 ], [ 23.70904211942203, 37.987043674284102 ], [ 23.708977120708816, 37.987102096988245 ], [ 23.708693850442842, 37.98737178118138 ], [ 23.708208319566833, 37.987852764968771 ], [ 23.707812142025364, 37.98823482740832 ], [ 23.70749920113872, 37.988535979904384 ], [ 23.706754804427288, 37.988065458548057 ], [ 23.706297509758208, 37.988383085674805 ], [ 23.706240074862407, 37.988422978202692 ], [ 23.70485413750988, 37.989385592667809 ], [ 23.70424214600682, 37.989798646158711 ], [ 23.703374593995751, 37.990395815448785 ], [ 23.701724794197268, 37.991511370532059 ], [ 23.700893404419237, 37.992073532312567 ], [ 23.698546776174158, 37.993516476489937 ], [ 23.698639275018554, 37.993686471157766 ], [ 23.699062188433619, 37.994261120798221 ], [ 23.699719447299703, 37.994708537484158 ], [ 23.699927251326603, 37.994803865700959 ], [ 23.700373330325419, 37.995162427510508 ], [ 23.701106148385051, 37.995751461822678 ], [ 23.701378336328276, 37.995971276761971 ], [ 23.700590184143131, 37.996277000845708 ], [ 23.70076562043608, 37.997223579038135 ], [ 23.701044022375104, 37.99872566823349 ], [ 23.701212598744238, 37.999635178923704 ], [ 23.701252646682025, 37.999851240568184 ], [ 23.702396614410354, 38.000352524760928 ], [ 23.704325096383808, 38.001051376195306 ], [ 23.704402919429739, 38.001083116699007 ], [ 23.704842930083451, 38.001241946181466 ], [ 23.705304971440981, 38.001499970278552 ], [ 23.705341982714909, 38.001522027261075 ], [ 23.705403686776254, 38.001558800936323 ], [ 23.706360113143894, 38.002124118335097 ], [ 23.706399034805166, 38.002147123395837 ], [ 23.70641962641086, 38.002160694032291 ], [ 23.70705270051581, 38.002644458603598 ], [ 23.707704823798586, 38.00317333119159 ], [ 23.708960657113455, 38.004149830246028 ], [ 23.709374339999087, 38.004403212190638 ], [ 23.70976909900893, 38.00460435724419 ], [ 23.709880909100622, 38.004661328253576 ], [ 23.711543227162416, 38.005275614753245 ], [ 23.71161189620123, 38.005300989308012 ], [ 23.711946057875874, 38.005486962176278 ], [ 23.711955574525405, 38.005492258884956 ], [ 23.712091748145529, 38.005568043132527 ], [ 23.712366573331433, 38.00578414538704 ], [ 23.712591002869964, 38.005960618863966 ], [ 23.712752869342996, 38.006087896772989 ], [ 23.712839087816704, 38.006170004996456 ], [ 23.713945037552961, 38.007223204411652 ], [ 23.714512998803933, 38.007764060121936 ], [ 23.71482621657092, 38.008048723725921 ], [ 23.715092796684655, 38.008243145362655 ], [ 23.715167375422979, 38.008288390086442 ], [ 23.715338924862618, 38.008387946407872 ], [ 23.71706403249387, 38.009388025340421 ], [ 23.717188409406702, 38.009468517816437 ], [ 23.717524617499755, 38.009686099326551 ], [ 23.717637155089779, 38.009758928133607 ], [ 23.717789418422491, 38.009876460184799 ], [ 23.717848708574206, 38.009943454085793 ], [ 23.717868313567475, 38.009965606846109 ], [ 23.71790532206769, 38.01000742404613 ], [ 23.718021568745854, 38.010225892207643 ], [ 23.718114203084145, 38.010399982247257 ], [ 23.718199961265515, 38.010688836595897 ], [ 23.718226667058353, 38.01077878986311 ], [ 23.718270358247953, 38.01117545823756 ], [ 23.718296952176143, 38.011481957511023 ], [ 23.718322174109971, 38.011774934261403 ], [ 23.718354562161515, 38.012149043441113 ], [ 23.718387253090714, 38.012536672527247 ], [ 23.718528867771628, 38.013113831307066 ], [ 23.718770230515535, 38.013952599849333 ], [ 23.718831653728468, 38.014119269142206 ], [ 23.718950603161545, 38.014442027185069 ], [ 23.71897115673783, 38.014497796175419 ], [ 23.719005867525627, 38.014591980925687 ], [ 23.719006035527915, 38.014592436473819 ], [ 23.719032781562554, 38.014665007500554 ], [ 23.719052814341335, 38.01471936382503 ], [ 23.719108954356074, 38.014841170808467 ], [ 23.719167862445662, 38.014960392290412 ], [ 23.719173603022245, 38.014972010887327 ], [ 23.719224189359956, 38.014963118872004 ], [ 23.719412616822563, 38.014936530191306 ], [ 23.719519061254953, 38.014936784117623 ], [ 23.720500855578162, 38.014952640882669 ], [ 23.722005971172521, 38.014969727710543 ], [ 23.722142692099617, 38.014965544426772 ], [ 23.722653890793385, 38.014971257562088 ], [ 23.723611479558944, 38.014987031269122 ], [ 23.723694105370935, 38.014978212627469 ], [ 23.72426807846702, 38.01495252140036 ] ] ] } },
{ "type": "Feature", "properties": { "muni_id": 5, "year": 2020, "kwh_per_user_muni": 617.53429125636842, "ac_share_muni": 0.70576569965041624, "kwh_pc_overall": 435.83452619686864, "kwh_muni": 37956163.17578125 }, "geometry": { "type": "Polygon", "coordinates": [ [ [ 23.741374088588021, 38.032458184038759 ], [ 23.741471268677689, 38.032467410534416 ], [ 23.741667201912403, 38.032544449826524 ], [ 23.742327764088095, 38.032376957365159 ], [ 23.743982402024894, 38.031954669993759 ], [ 23.743800525200975, 38.031550569617266 ], [ 23.743751083353946, 38.031440444622049 ], [ 23.743776704773207, 38.031441922674027 ], [ 23.743831033802877, 38.031445057629142 ], [ 23.74383123318264, 38.031445065273743 ], [ 23.744022983473133, 38.031451295217437 ], [ 23.744699108885275, 38.031452986019808 ], [ 23.745498178013385, 38.031125996790188 ], [ 23.745359840775922, 38.030923862264977 ], [ 23.74542612382244, 38.030895963410174 ], [ 23.746969613165241, 38.030229860422011 ], [ 23.747002925324075, 38.030215483704112 ], [ 23.747045543459492, 38.030197091070889 ], [ 23.747809016933473, 38.029867595827412 ], [ 23.747845972387189, 38.029851646741683 ], [ 23.747880973071688, 38.029836541556243 ], [ 23.748177263024427, 38.029708668546583 ], [ 23.748250326885564, 38.029677135137582 ], [ 23.748367593559955, 38.029624414390277 ], [ 23.748397228040144, 38.029612086122924 ], [ 23.74848362130729, 38.029575415860485 ], [ 23.748522605756474, 38.029558813868739 ], [ 23.748663761627324, 38.029498702054788 ], [ 23.749340228345353, 38.029209733284176 ], [ 23.74939241500142, 38.02918744053099 ], [ 23.749402141657406, 38.029183285635966 ], [ 23.749456093542499, 38.029160238640912 ], [ 23.749461867455921, 38.029157772426657 ], [ 23.749615267367481, 38.029090255408846 ], [ 23.750197316526716, 38.028834071000809 ], [ 23.750361314367385, 38.028759060654394 ], [ 23.750492261409018, 38.028945209348144 ], [ 23.751104350350914, 38.028710336335457 ], [ 23.751250745368043, 38.028627190392918 ], [ 23.751528583897212, 38.028469390659772 ], [ 23.75219341868959, 38.028187023241941 ], [ 23.752812743768512, 38.027923979849781 ], [ 23.752066172698946, 38.026906806081072 ], [ 23.751490446275383, 38.026089565219834 ], [ 23.751086937651898, 38.025504497914071 ], [ 23.750752553299261, 38.02504739337796 ], [ 23.750329199015571, 38.024454075164897 ], [ 23.749749528455453, 38.023641665098708 ], [ 23.749157735283482, 38.022824008711318 ], [ 23.749101734107754, 38.022747706753961 ], [ 23.748501020178345, 38.021929215868909 ], [ 23.748268102449511, 38.021578890155105 ], [ 23.748235500173241, 38.021529853813384 ], [ 23.747959947806997, 38.021130226287035 ], [ 23.747673265789977, 38.020730756269238 ], [ 23.747368199579384, 38.020301156795142 ], [ 23.747085448368658, 38.019900161564763 ], [ 23.747002069484175, 38.019781913589277 ], [ 23.746526812405968, 38.01910843766241 ], [ 23.746459610812398, 38.018988502712027 ], [ 23.746326813874717, 38.018751501325127 ], [ 23.746302191467034, 38.018758597163917 ], [ 23.746011905356646, 38.018842249277114 ], [ 23.745418320245413, 38.018524217917374 ], [ 23.745456284048089, 38.01848433912609 ], [ 23.745464191930889, 38.018476032016679 ], [ 23.745721904902101, 38.018205312240717 ], [ 23.745722741876506, 38.018204433499477 ], [ 23.745753323503358, 38.018172308586209 ], [ 23.745790653497242, 38.018133094360074 ], [ 23.745686835327923, 38.018013349273019 ], [ 23.745516358346851, 38.017825125666498 ], [ 23.745440549689011, 38.017633871177225 ], [ 23.745299306837531, 38.016586560200842 ], [ 23.745082687686693, 38.015310425123459 ], [ 23.745060743980037, 38.015170679005287 ], [ 23.7450443714941, 38.01506699619798 ], [ 23.745018589411107, 38.01490470971936 ], [ 23.744834971327617, 38.014928809167444 ], [ 23.744108971790304, 38.013979709462099 ], [ 23.743409898066737, 38.013116640724029 ], [ 23.743378287406578, 38.013048207762601 ], [ 23.743394232415838, 38.012593339744612 ], [ 23.74343245280058, 38.01150298166781 ], [ 23.743451707298469, 38.010953689864188 ], [ 23.743429708989531, 38.010840990685779 ], [ 23.743416116929325, 38.010676852969951 ], [ 23.743369914942328, 38.010118886739747 ], [ 23.743309253244885, 38.009573426610416 ], [ 23.742901951907825, 38.009560009082449 ], [ 23.742517799205554, 38.009473546874069 ], [ 23.742371682641853, 38.009419149967144 ], [ 23.741946783084831, 38.009263328610167 ], [ 23.741375421094947, 38.009136283407571 ], [ 23.740865275310352, 38.009078079552765 ], [ 23.740296434399223, 38.009090124081759 ], [ 23.740216252400568, 38.008104050041482 ], [ 23.740215524228788, 38.008095091492706 ], [ 23.740212505589376, 38.008057970933983 ], [ 23.740176320917229, 38.008059564677943 ], [ 23.739627913497735, 38.008083716589802 ], [ 23.738842861874129, 38.008122533593834 ], [ 23.738085931441564, 38.008161407986833 ], [ 23.737680202534474, 38.0081823012071 ], [ 23.737666521655658, 38.008183005235693 ], [ 23.737636264994592, 38.008182937740465 ], [ 23.736975832194027, 38.008213007402901 ], [ 23.736469565708617, 38.008234406094694 ], [ 23.736053359345597, 38.008256004767148 ], [ 23.735098183918126, 38.008285402008809 ], [ 23.735096970656336, 38.008325956959446 ], [ 23.735095756253997, 38.008366511907191 ], [ 23.735096642242304, 38.008812648399271 ], [ 23.734411690211839, 38.008829129190737 ], [ 23.73380756006754, 38.008841282547998 ], [ 23.733152186319234, 38.008848810130843 ], [ 23.73237752786261, 38.008865075492963 ], [ 23.732375380957379, 38.008903842845584 ], [ 23.732374955502287, 38.008911518995042 ], [ 23.732344807745168, 38.009455745201862 ], [ 23.732344463981086, 38.009461942533235 ], [ 23.732341335647231, 38.009518422337841 ], [ 23.731841093525709, 38.00954432120362 ], [ 23.73138004222292, 38.009561294647632 ], [ 23.731332628801148, 38.010457961457789 ], [ 23.731298804373061, 38.010849941599837 ], [ 23.731240804559398, 38.011232853645851 ], [ 23.731165026857695, 38.01180499406334 ], [ 23.73108379233366, 38.012408666736775 ], [ 23.731046264878469, 38.012449138568925 ], [ 23.730260590491486, 38.012352704583975 ], [ 23.728813037991465, 38.012237062299491 ], [ 23.728776482552874, 38.012238488544483 ], [ 23.728692312187007, 38.01224177153474 ], [ 23.728516519284025, 38.012257835857419 ], [ 23.728626346125559, 38.01237472683642 ], [ 23.728557551521071, 38.012889141876514 ], [ 23.728468993332115, 38.013772605564085 ], [ 23.728406340084682, 38.014736831359535 ], [ 23.728052732775815, 38.014763052594382 ], [ 23.727397205770853, 38.014797586085926 ], [ 23.726961023864856, 38.014819106189641 ], [ 23.726409106736796, 38.014849368282682 ], [ 23.726337891256399, 38.014853708982855 ], [ 23.726248874660392, 38.014858008202935 ], [ 23.725660646158978, 38.01488818224918 ], [ 23.725232294099353, 38.014909714204471 ], [ 23.72476478183437, 38.014931152952236 ], [ 23.72426807846702, 38.01495252140036 ], [ 23.723694105370935, 38.014978212627469 ], [ 23.723611479558944, 38.014987031269122 ], [ 23.722653890793385, 38.014971257562088 ], [ 23.722142692099617, 38.014965544426772 ], [ 23.722005971172521, 38.014969727710543 ], [ 23.720500855578162, 38.014952640882669 ], [ 23.719519061254953, 38.014936784117623 ], [ 23.719412616822563, 38.014936530191306 ], [ 23.719224189359956, 38.014963118872004 ], [ 23.719173603022245, 38.014972010887327 ], [ 23.71949017852581, 38.015509028346479 ], [ 23.719945481663217, 38.016077920182603 ], [ 23.720179961418044, 38.016327045172233 ], [ 23.720821233968714, 38.016949726304688 ], [ 23.720902231539775, 38.017026066836394 ], [ 23.720921907691441, 38.017044611409169 ], [ 23.722635628116542, 38.01821775339571 ], [ 23.723481032902448, 38.018959430315903 ], [ 23.723508888178788, 38.018983968269232 ], [ 23.723650331258067, 38.019146531147541 ], [ 23.723703344461843, 38.01922013887696 ], [ 23.72412174392533, 38.019801065989974 ], [ 23.724159975993537, 38.019859738869812 ], [ 23.724956880970659, 38.020113963842462 ], [ 23.725110585151448, 38.020185227833785 ], [ 23.725298788049049, 38.020272487018381 ], [ 23.725444406514363, 38.020395273172795 ], [ 23.725459563844002, 38.020408054460304 ], [ 23.725573326743419, 38.020548018374285 ], [ 23.725717796308878, 38.020760156183975 ], [ 23.726466106016968, 38.021795914889736 ], [ 23.726466144559041, 38.021795967253617 ], [ 23.726616079327851, 38.022001507551423 ], [ 23.726708991756183, 38.022098790433894 ], [ 23.727044819964391, 38.022462156112496 ], [ 23.728101599956339, 38.022928763341945 ], [ 23.728290613070701, 38.02303735377258 ], [ 23.728418750756227, 38.023240437659858 ], [ 23.728706106025534, 38.024101822774277 ], [ 23.728907988528608, 38.0245484441445 ], [ 23.730301319445005, 38.025565249218182 ], [ 23.730905737909868, 38.025959005809142 ], [ 23.731017776368141, 38.025977753694292 ], [ 23.731244229862927, 38.025991324716003 ], [ 23.731304643739179, 38.026023007548702 ], [ 23.731354688796845, 38.026050146747188 ], [ 23.731402041168582, 38.026075825109174 ], [ 23.731563341041635, 38.026163296659377 ], [ 23.731709064375334, 38.026239004104525 ], [ 23.731720219462666, 38.02624479954423 ], [ 23.731766580930497, 38.026268885641926 ], [ 23.731850847502173, 38.026312663690099 ], [ 23.73194963376816, 38.026366965665339 ], [ 23.731980980719516, 38.0263515955061 ], [ 23.732042753452323, 38.026321307307811 ], [ 23.732105152777127, 38.026290711365732 ], [ 23.732556584067719, 38.026598173846857 ], [ 23.732872707529246, 38.026729412943972 ], [ 23.73288402172772, 38.026734109975422 ], [ 23.733217901180733, 38.026861047016574 ], [ 23.733620322134119, 38.027037708744444 ], [ 23.734193149173379, 38.027215275363503 ], [ 23.734206099894621, 38.027219290093704 ], [ 23.734627495442862, 38.027269812211088 ], [ 23.73467458687044, 38.027269491273188 ], [ 23.735620222213065, 38.027263035654904 ], [ 23.735931110249698, 38.027250215058963 ], [ 23.736058466423469, 38.027282045763556 ], [ 23.736439290766736, 38.027526245284093 ], [ 23.736560920035227, 38.027666216076078 ], [ 23.736680527618812, 38.027972918802377 ], [ 23.736691808742805, 38.028004488824457 ], [ 23.736822699785137, 38.028342761414493 ], [ 23.736992844264211, 38.028956011659645 ], [ 23.737133259302286, 38.029422519253671 ], [ 23.737144862293707, 38.02946106764378 ], [ 23.737165499657436, 38.029488833501738 ], [ 23.737311237393925, 38.029684906078259 ], [ 23.737431804605386, 38.029847114404028 ], [ 23.737560895490859, 38.03002078966729 ], [ 23.73777465363278, 38.030301511017953 ], [ 23.737777443610828, 38.030305175529421 ], [ 23.737786885959117, 38.030318672502794 ], [ 23.738030041466363, 38.030666249974082 ], [ 23.738058372831826, 38.030698568045509 ], [ 23.738152746588455, 38.030806221453069 ], [ 23.738165257144487, 38.030816011059279 ], [ 23.738343932364771, 38.030955817647602 ], [ 23.7383552203198, 38.030964650058898 ], [ 23.738435754174585, 38.031027664564448 ], [ 23.738844984809599, 38.031402604727262 ], [ 23.740034401499081, 38.032482268032005 ], [ 23.740065797630479, 38.032519671090661 ], [ 23.740095037857355, 38.032554504337497 ], [ 23.740152223768316, 38.032595188248777 ], [ 23.740226518914135, 38.032631403542112 ], [ 23.740296263995628, 38.032645076783773 ], [ 23.740348742442251, 38.032651020347579 ], [ 23.740377419757174, 38.032654268788882 ], [ 23.740475374603971, 38.032645472254245 ], [ 23.740524800988261, 38.032637355371961 ], [ 23.740545804716856, 38.032633906563952 ], [ 23.740583688270409, 38.032627685710935 ], [ 23.740687405112702, 38.03260087614786 ], [ 23.740790053053605, 38.032574064136639 ], [ 23.741059815436799, 38.032516075441507 ], [ 23.74123061139634, 38.032473260394404 ], [ 23.741255836679006, 38.03246693665961 ], [ 23.741360118338672, 38.032459217719158 ], [ 23.741374088588021, 38.032458184038759 ] ] ] } },
{ "type": "Feature", "properties": { "muni_id": 6, "year": 2020, "kwh_per_user_muni": 668.01759767208705, "ac_share_muni": 0.59487571737541889, "kwh_pc_overall": 397.38744435661118, "kwh_muni": 38248335.994140625 }, "geometry": { "type": "Polygon", "coordinates": [ [ [ 23.731165026857695, 38.01180499406334 ], [ 23.731240804559398, 38.011232853645851 ], [ 23.731298804373061, 38.010849941599837 ], [ 23.731332628801148, 38.010457961457789 ], [ 23.73138004222292, 38.009561294647632 ], [ 23.731841093525709, 38.00954432120362 ], [ 23.732341335647231, 38.009518422337841 ], [ 23.732344463981086, 38.009461942533235 ], [ 23.732344807745168, 38.009455745201862 ], [ 23.732374955502287, 38.008911518995042 ], [ 23.732375380957379, 38.008903842845584 ], [ 23.73237752786261, 38.008865075492963 ], [ 23.733152186319234, 38.008848810130843 ], [ 23.73380756006754, 38.008841282547998 ], [ 23.734411690211839, 38.008829129190737 ], [ 23.735096642242304, 38.008812648399271 ], [ 23.735095756253997, 38.008366511907191 ], [ 23.735096970656336, 38.008325956959446 ], [ 23.735098183918126, 38.008285402008809 ], [ 23.736053359345597, 38.008256004767148 ], [ 23.736469565708617, 38.008234406094694 ], [ 23.736975832194027, 38.008213007402901 ], [ 23.737636264994592, 38.008182937740465 ], [ 23.737666521655658, 38.008183005235693 ], [ 23.737680202534474, 38.0081823012071 ], [ 23.738085931441564, 38.008161407986833 ], [ 23.738842861874129, 38.008122533593834 ], [ 23.739627913497735, 38.008083716589802 ], [ 23.740176320917229, 38.008059564677943 ], [ 23.740212505589376, 38.008057970933983 ], [ 23.740215524228788, 38.008095091492706 ], [ 23.740216252400568, 38.008104050041482 ], [ 23.740296434399223, 38.009090124081759 ], [ 23.740865275310352, 38.009078079552765 ], [ 23.741375421094947, 38.009136283407571 ], [ 23.741946783084831, 38.009263328610167 ], [ 23.742371682641853, 38.009419149967144 ], [ 23.742517799205554, 38.009473546874069 ], [ 23.742901951907825, 38.009560009082449 ], [ 23.743309253244885, 38.009573426610416 ], [ 23.743271019815854, 38.009258465025191 ], [ 23.743257934318748, 38.009153401972398 ], [ 23.743257676608021, 38.009142373324856 ], [ 23.743240575332148, 38.00841161445922 ], [ 23.743657467766319, 38.0081272014436 ], [ 23.743661979083011, 38.008124123484535 ], [ 23.744570276485064, 38.008077237639263 ], [ 23.744622778614964, 38.008074363006777 ], [ 23.744903346264138, 38.008059003903696 ], [ 23.745666067600499, 38.00801724739275 ], [ 23.745761142427803, 38.008011412570958 ], [ 23.745847926235328, 38.008006087005221 ], [ 23.746636790981995, 38.007966699690044 ], [ 23.746658953964264, 38.007965526197502 ], [ 23.746737034116375, 38.007997190573235 ], [ 23.747281979615074, 38.00823375069384 ], [ 23.747393033620096, 38.008280806379148 ], [ 23.747812360350107, 38.00844276632003 ], [ 23.747860621815747, 38.008462147321993 ], [ 23.748178502453214, 38.008589802830365 ], [ 23.748309411663481, 38.008642373648094 ], [ 23.748601528261819, 38.008759680229097 ], [ 23.748994501366802, 38.008915250808847 ], [ 23.749519878791777, 38.009123209767701 ], [ 23.749680274407243, 38.008919629917003 ], [ 23.749757016280338, 38.008822224950876 ], [ 23.749757460742849, 38.008822498985069 ], [ 23.749757491434394, 38.0088225179773 ], [ 23.750287379696566, 38.009147813803814 ], [ 23.750556618445923, 38.008796885190748 ], [ 23.751573170726139, 38.009275696160365 ], [ 23.751775641880286, 38.008806019486087 ], [ 23.751832089954842, 38.008671407760694 ], [ 23.752895163756111, 38.007874418956611 ], [ 23.752742218234264, 38.00771015065456 ], [ 23.752867408841468, 38.00752849176952 ], [ 23.753301506687482, 38.007688912101507 ], [ 23.753764610330013, 38.006971911215494 ], [ 23.753790459216837, 38.006933539158624 ], [ 23.753810921932022, 38.006893968831967 ], [ 23.754202817983444, 38.006781183700546 ], [ 23.754079496546979, 38.006472113184124 ], [ 23.754075722474827, 38.006462655345707 ], [ 23.754074814184246, 38.006425956829496 ], [ 23.753723266323334, 38.006298228688216 ], [ 23.753660242680887, 38.006275330300404 ], [ 23.753527352001353, 38.006215567228708 ], [ 23.753362017196345, 38.006141212705217 ], [ 23.75325754618127, 38.006094229625504 ], [ 23.752793346209309, 38.00589046624372 ], [ 23.752846844468863, 38.00585903379411 ], [ 23.752879403458358, 38.005809531672767 ], [ 23.75244097166944, 38.005353461911263 ], [ 23.752366721430857, 38.005204593963022 ], [ 23.752291147096994, 38.004920530776467 ], [ 23.752178305047927, 38.004393042667132 ], [ 23.752005477352981, 38.003604055905846 ], [ 23.75195906155195, 38.003540868222288 ], [ 23.751749661475383, 38.003360169830607 ], [ 23.751750052474307, 38.003356360933076 ], [ 23.751794560076835, 38.002923142368772 ], [ 23.751797498750289, 38.002896110081302 ], [ 23.75186796984854, 38.002580809730262 ], [ 23.751880346896421, 38.002287918851692 ], [ 23.7518803567764, 38.002194727103571 ], [ 23.751880408421655, 38.001681447374374 ], [ 23.751879676633017, 38.001681271882909 ], [ 23.75180379955798, 38.001663025734814 ], [ 23.751789695309711, 38.001659634183596 ], [ 23.75177167264679, 38.001655300631285 ], [ 23.751626676562118, 38.001620433912962 ], [ 23.751500906914032, 38.001589639080088 ], [ 23.751482301865231, 38.001585083438542 ], [ 23.751441030030243, 38.001574977558889 ], [ 23.751155813117585, 38.001502271786975 ], [ 23.750936725772338, 38.001364637242169 ], [ 23.750683781203396, 38.001203848657802 ], [ 23.750441347292114, 38.000973470316644 ], [ 23.750440099554332, 38.000972285185497 ], [ 23.750431877433169, 38.000964474342574 ], [ 23.750405470970804, 38.000909707709013 ], [ 23.750403601355476, 38.000905830927181 ], [ 23.750376364011981, 38.00054075339014 ], [ 23.750352564645567, 38.000374841507465 ], [ 23.750340309649438, 38.000256772611436 ], [ 23.750269350256545, 38.000215018723466 ], [ 23.750228516132502, 38.000155720399142 ], [ 23.750214834641412, 38.000018052753042 ], [ 23.750256743183865, 37.999918688731924 ], [ 23.750354348101048, 37.999683073336143 ], [ 23.750096717338252, 37.999261672793104 ], [ 23.749747463907568, 37.999259829724359 ], [ 23.749458053026355, 37.999258302379836 ], [ 23.749071847658854, 37.999256262318468 ], [ 23.748673990557808, 37.998959881962136 ], [ 23.74850571386127, 37.998833342562776 ], [ 23.748079299655664, 37.998525993581538 ], [ 23.748000840985124, 37.998467242070717 ], [ 23.747851739974408, 37.998354262066044 ], [ 23.747303234253661, 37.997947507244113 ], [ 23.746965994425711, 37.997689916354112 ], [ 23.746732730909663, 37.997522676803648 ], [ 23.746387519305188, 37.997264018882525 ], [ 23.746087337667614, 37.997039098478751 ], [ 23.746058674883923, 37.997011797999043 ], [ 23.745942502786257, 37.996901148867316 ], [ 23.746327637574463, 37.996775888737425 ], [ 23.746508074124147, 37.996701239570882 ], [ 23.746655072048181, 37.996632371943221 ], [ 23.747240512512874, 37.996415190044921 ], [ 23.747676733981017, 37.996244882732299 ], [ 23.748196873491963, 37.99604124734828 ], [ 23.748307993688961, 37.995997743173724 ], [ 23.748284832476578, 37.995955144892825 ], [ 23.748257520979152, 37.995904912861526 ], [ 23.748116310113073, 37.995645193959852 ], [ 23.748060835375171, 37.995543162452726 ], [ 23.748041948083255, 37.995508423459867 ], [ 23.747785575477874, 37.995135790572732 ], [ 23.747385193371919, 37.995324947254886 ], [ 23.747333153872365, 37.995347367577089 ], [ 23.746724555311779, 37.995449706279707 ], [ 23.746613741102088, 37.995467797918153 ], [ 23.746576599799589, 37.995473861951503 ], [ 23.746269013811812, 37.995133275028884 ], [ 23.745969347361108, 37.994821685181705 ], [ 23.745874291824936, 37.994726845010923 ], [ 23.745551803184622, 37.994428724034151 ], [ 23.745115448147683, 37.994022201358582 ], [ 23.744998375820003, 37.993913793493299 ], [ 23.744942256023972, 37.993859232440009 ], [ 23.744751282259553, 37.993673561882986 ], [ 23.744710354407882, 37.993633770583941 ], [ 23.74429280802774, 37.993245311322852 ], [ 23.744024662763753, 37.993289792284493 ], [ 23.743425082053843, 37.993368829985876 ], [ 23.742946318749627, 37.993431938961592 ], [ 23.742819352724197, 37.993408958063256 ], [ 23.742190680002118, 37.99315330603546 ], [ 23.741080959038253, 37.992702020722952 ], [ 23.741079892439018, 37.992672387750247 ], [ 23.741078688968564, 37.992638925820039 ], [ 23.740866412008501, 37.992584381276579 ], [ 23.740531463215113, 37.992498020850071 ], [ 23.740259335010599, 37.992389307561083 ], [ 23.740259231521261, 37.992389265873463 ], [ 23.740334556536251, 37.992486942146535 ], [ 23.740339174016526, 37.992492929658219 ], [ 23.740339297586054, 37.992493090359623 ], [ 23.740352057195988, 37.992531597962419 ], [ 23.740394585551783, 37.992659950009163 ], [ 23.740099248043517, 37.992744919801083 ], [ 23.739803701843226, 37.99289297198073 ], [ 23.739876210511117, 37.993010273181795 ], [ 23.739876230896041, 37.99301030567311 ], [ 23.739972869220679, 37.993235648450217 ], [ 23.739972951680162, 37.993235840606054 ], [ 23.740009036881023, 37.993398151540276 ], [ 23.740021244774169, 37.993569422527003 ], [ 23.740003328093731, 37.993704575554005 ], [ 23.739972987294866, 37.993830688267487 ], [ 23.739906913313916, 37.993997279745273 ], [ 23.739780224642956, 37.994195282037097 ], [ 23.739617733240365, 37.994352647147451 ], [ 23.739412499953485, 37.994518930180845 ], [ 23.739159379086484, 37.994640042459238 ], [ 23.738942379801166, 37.994711663746727 ], [ 23.738725458878623, 37.99476075270637 ], [ 23.7385132769564, 37.99477830686093 ], [ 23.738284416110236, 37.994782304261257 ], [ 23.737847915434195, 37.994727255146401 ], [ 23.737713335054409, 37.994740474372783 ], [ 23.737641863434245, 37.994722289291516 ], [ 23.736615556695686, 37.994886733087696 ], [ 23.736428087841805, 37.994917390309311 ], [ 23.736108438824086, 37.994969778122929 ], [ 23.735769225464448, 37.995026249898515 ], [ 23.735768448271255, 37.995026378838709 ], [ 23.735699268806304, 37.995037895933663 ], [ 23.733910059354404, 37.995326966508557 ], [ 23.73358109803781, 37.995380111395107 ], [ 23.733490486096624, 37.995438489561288 ], [ 23.733230528050736, 37.99547845800884 ], [ 23.73233459284998, 37.995607108672367 ], [ 23.732239572784394, 37.995615785361736 ], [ 23.732223251336872, 37.995617275880321 ], [ 23.732141982464423, 37.995624695862418 ], [ 23.732005923802419, 37.995065589976015 ], [ 23.731916173700753, 37.994691352641368 ], [ 23.731470410334442, 37.992883261313686 ], [ 23.731369714507856, 37.992486466335187 ], [ 23.731271511549359, 37.992089676940623 ], [ 23.731169750761048, 37.991692879307195 ], [ 23.731137579696803, 37.991560490922325 ], [ 23.731131229190506, 37.991534359888988 ], [ 23.731082094882151, 37.991332165185121 ], [ 23.730769857661226, 37.991381497426786 ], [ 23.72984502060153, 37.9915276129341 ], [ 23.729059470511725, 37.991651985859079 ], [ 23.728644985342079, 37.991714120268128 ], [ 23.72791106892285, 37.99182959177903 ], [ 23.727111259044129, 37.991958425110042 ], [ 23.726950647874567, 37.991962360511799 ], [ 23.726946355144349, 37.991962465910873 ], [ 23.726943950804372, 37.991962525221737 ], [ 23.726943306155263, 37.991962540849592 ], [ 23.726943262875853, 37.991962541650402 ], [ 23.726044476901908, 37.9920055159076 ], [ 23.725073427051726, 37.992052820829443 ], [ 23.724330195745488, 37.992087132629862 ], [ 23.723333943922398, 37.992116338435387 ], [ 23.723105258563663, 37.992169877352552 ], [ 23.722298625898762, 37.992217546301553 ], [ 23.721874320189791, 37.992239075861285 ], [ 23.721556237075216, 37.992253871347458 ], [ 23.7214437334145, 37.992259104600052 ], [ 23.721345508979336, 37.992263673079393 ], [ 23.721321165019233, 37.992264805098948 ], [ 23.721218338770559, 37.992269587889972 ], [ 23.721034675771357, 37.992278130125456 ], [ 23.721034060680687, 37.992278158409007 ], [ 23.721034221622496, 37.992279265567561 ], [ 23.721034719978807, 37.992282696135383 ], [ 23.721120602385451, 37.992692439654391 ], [ 23.721105023658733, 37.992859140254467 ], [ 23.721110907768281, 37.99287218587142 ], [ 23.721139611156381, 37.992935831398931 ], [ 23.721192337888816, 37.993485739588934 ], [ 23.721226499413394, 37.993675090173411 ], [ 23.721326715925084, 37.994184553013298 ], [ 23.721406038741559, 37.994572292937228 ], [ 23.721446981052612, 37.994757153066629 ], [ 23.721302343987151, 37.994802461357729 ], [ 23.721061381516311, 37.99478628442273 ], [ 23.720967747526263, 37.995463524783759 ], [ 23.720872024115611, 37.996116728208172 ], [ 23.720783536789103, 37.996738403739521 ], [ 23.720786440060895, 37.996738665694927 ], [ 23.721298370949469, 37.996784688974067 ], [ 23.721719294920284, 37.996817230551002 ], [ 23.721792612795536, 37.996817403998179 ], [ 23.722128289406797, 37.996804678269541 ], [ 23.722220419343447, 37.996796292241115 ], [ 23.722220508213056, 37.996796283438158 ], [ 23.723137688921536, 37.996703411072943 ], [ 23.723137906771793, 37.996706054148738 ], [ 23.723154027393917, 37.996901731881579 ], [ 23.723188535543333, 37.997284858532041 ], [ 23.723251736733573, 37.997893373480828 ], [ 23.723368161657874, 37.999114886039898 ], [ 23.723488913409394, 38.000417523865018 ], [ 23.723583293319884, 38.001350573403009 ], [ 23.72336963022962, 38.001377109530281 ], [ 23.723314393584172, 38.001384922601957 ], [ 23.723269887449085, 38.001391217900043 ], [ 23.723217968176364, 38.001398561051957 ], [ 23.723181595390741, 38.001403705591976 ], [ 23.723525313239648, 38.001909232378608 ], [ 23.723986054744298, 38.00243756488203 ], [ 23.724255048876991, 38.002749138335993 ], [ 23.724432989141619, 38.00294783754314 ], [ 23.725211679786558, 38.003837422671836 ], [ 23.72555158818108, 38.004225767764645 ], [ 23.725948199407654, 38.004681840166192 ], [ 23.726259738787249, 38.005043078592962 ], [ 23.726600676487951, 38.00544494221824 ], [ 23.726644664198158, 38.005485602163127 ], [ 23.726652037902554, 38.005496499579493 ], [ 23.726790592365248, 38.005701262058125 ], [ 23.72720967823809, 38.006320599991255 ], [ 23.727307643853059, 38.00649207076367 ], [ 23.727476607977785, 38.006812417515626 ], [ 23.727633726226731, 38.00715977503301 ], [ 23.727834839014189, 38.007836202007951 ], [ 23.727870607888033, 38.00800785548379 ], [ 23.727885563292475, 38.00807962941311 ], [ 23.727916916988111, 38.008234086110733 ], [ 23.727919578987887, 38.008247672782517 ], [ 23.728039256598322, 38.008967783447297 ], [ 23.728192149878481, 38.009882937695714 ], [ 23.728321174013406, 38.010707908333551 ], [ 23.728391145809017, 38.011136178589794 ], [ 23.728398050564557, 38.011183319831574 ], [ 23.72839811722384, 38.011183777836415 ], [ 23.728483490576934, 38.011766674932232 ], [ 23.728484900652969, 38.011776304772305 ], [ 23.728499602148545, 38.011883929156191 ], [ 23.728509851292259, 38.011958959239749 ], [ 23.72853724122978, 38.01215947010143 ], [ 23.728523819274837, 38.012223184029331 ], [ 23.728516519284025, 38.012257835857419 ], [ 23.728692312187007, 38.01224177153474 ], [ 23.728776482552874, 38.012238488544483 ], [ 23.728813037991465, 38.012237062299491 ], [ 23.730260590491486, 38.012352704583975 ], [ 23.731046264878469, 38.012449138568925 ], [ 23.73108379233366, 38.012408666736775 ], [ 23.731165026857695, 38.01180499406334 ] ] ] } },
{ "type": "Feature", "properties": { "muni_id": 7, "year": 2020, "kwh_per_user_muni": 647.98979086570728, "ac_share_muni": 0.87496995941664379, "kwh_pc_overall": 566.97160014647784, "kwh_muni": 65996577.350341797 }, "geometry": { "type": "Polygon", "coordinates": [ [ [ 23.7693163915126, 37.998123428594106 ], [ 23.76940745050565, 37.998141632835967 ], [ 23.769508021228834, 37.99819140058748 ], [ 23.769557138185657, 37.998191496832092 ], [ 23.76987453253988, 37.998561644695926 ], [ 23.769973496356002, 37.998669992357868 ], [ 23.770364725136698, 37.998990712640442 ], [ 23.771545746198118, 37.999889789984763 ], [ 23.771761647796644, 38.000052440230299 ], [ 23.771908843238492, 38.000102649690788 ], [ 23.772554853175237, 38.000224867437773 ], [ 23.773258281060428, 38.000357943757507 ], [ 23.773498305396707, 38.000403351461259 ], [ 23.77360740343169, 38.000423990010006 ], [ 23.77385081469011, 38.000448534289632 ], [ 23.774315251534695, 38.000550940688761 ], [ 23.77496060519487, 38.000678813037098 ], [ 23.775519213074759, 38.000293697593435 ], [ 23.775981553009434, 37.99997494603786 ], [ 23.776680522516948, 37.99949304473558 ], [ 23.777161434678622, 37.999161476846808 ], [ 23.777514982468976, 37.998918605715538 ], [ 23.777952069170638, 37.998652009929863 ], [ 23.778022354788192, 37.998609139636798 ], [ 23.778217260653459, 37.998136527855877 ], [ 23.77825685719165, 37.998023485046758 ], [ 23.778280070347208, 37.99805480517098 ], [ 23.778464635153799, 37.998303823551865 ], [ 23.779067395281103, 37.999117066543846 ], [ 23.78234165427639, 38.003367352513933 ], [ 23.787116271726774, 38.001000544338503 ], [ 23.78521744642498, 37.999870487218715 ], [ 23.784996835267318, 37.999725878704005 ], [ 23.784148122680502, 37.999057373986602 ], [ 23.783755843714669, 37.998723452280743 ], [ 23.783851391512581, 37.998655757614152 ], [ 23.783860857097462, 37.998583672278528 ], [ 23.785601761678677, 37.996975052270535 ], [ 23.787091768275037, 37.99559818788633 ], [ 23.787268902084541, 37.995434499821641 ], [ 23.790484933538874, 37.992462416259166 ], [ 23.790585777087728, 37.99175307616882 ], [ 23.790751281752975, 37.990953624171446 ], [ 23.789843007785521, 37.990554209920695 ], [ 23.788936810746808, 37.991089694852903 ], [ 23.787852820580316, 37.99107422545778 ], [ 23.787853597237635, 37.991051694724661 ], [ 23.787858301045709, 37.991024664647597 ], [ 23.787869411930998, 37.990997646125443 ], [ 23.787883712233281, 37.990975139780673 ], [ 23.787900490181364, 37.990957144328696 ], [ 23.787922251655374, 37.990939157859806 ], [ 23.788905894993977, 37.990328053188158 ], [ 23.788870383097318, 37.990300950886486 ], [ 23.788834873504431, 37.990273848578127 ], [ 23.787866928178914, 37.990871461693303 ], [ 23.787763248217836, 37.990911832502981 ], [ 23.787649617479559, 37.990947678829819 ], [ 23.787527127913069, 37.990969989763869 ], [ 23.787421759793194, 37.99097881223436 ], [ 23.787324221131716, 37.990987648767259 ], [ 23.787225607847198, 37.990999084384818 ], [ 23.787002867760989, 37.990982560857425 ], [ 23.786766108846116, 37.990892003348762 ], [ 23.786703797918442, 37.990858357147886 ], [ 23.786378507371602, 37.990682709259168 ], [ 23.786071083698605, 37.990516707877191 ], [ 23.785495392519348, 37.990227248085525 ], [ 23.785324476531056, 37.990136807724411 ], [ 23.785249200432357, 37.990078086758302 ], [ 23.785162693959588, 37.989965268103077 ], [ 23.78512905356191, 37.98966327600899 ], [ 23.785129854831059, 37.989266711824584 ], [ 23.785143203617597, 37.988960299098423 ], [ 23.785502893963503, 37.98838413272582 ], [ 23.785517844070849, 37.988360288533208 ], [ 23.785821812966805, 37.987875487395698 ], [ 23.78594752452674, 37.987722497637641 ], [ 23.786099478295167, 37.987601100469711 ], [ 23.7862601480902, 37.987493744751596 ], [ 23.78639542572639, 37.987403355375854 ], [ 23.787457150302714, 37.986359786874644 ], [ 23.784479544736627, 37.984780579979585 ], [ 23.783049171451061, 37.984021914635747 ], [ 23.783018964793975, 37.984005892632076 ], [ 23.783042185955232, 37.983976837433026 ], [ 23.784817507319133, 37.981794478515404 ], [ 23.78548193054365, 37.980983966113747 ], [ 23.785702781955777, 37.980714550396485 ], [ 23.78555707961247, 37.980639460034048 ], [ 23.785035876313476, 37.98037084454112 ], [ 23.784874552516431, 37.980537287712373 ], [ 23.784649968213607, 37.980676576256165 ], [ 23.784267036432205, 37.980815574072601 ], [ 23.783869236211554, 37.980927504714352 ], [ 23.783507032911483, 37.98103499309142 ], [ 23.783409346945838, 37.981052942653236 ], [ 23.78302140529259, 37.981124227017141 ], [ 23.782567369485189, 37.981118882219249 ], [ 23.782129480246287, 37.981068501234915 ], [ 23.781825670516753, 37.981883602656005 ], [ 23.781740909560099, 37.982027651285321 ], [ 23.781578706949126, 37.982126491747714 ], [ 23.781438425886552, 37.98215326978638 ], [ 23.781252568937347, 37.982188975779934 ], [ 23.781006166449004, 37.982230198214154 ], [ 23.780320145514835, 37.982344963310055 ], [ 23.780225961327986, 37.982368094652252 ], [ 23.780150614847123, 37.982386599673248 ], [ 23.780104619519673, 37.9823978951475 ], [ 23.77993596150359, 37.982439315621868 ], [ 23.778080219721435, 37.982895050075257 ], [ 23.778013095658668, 37.982914790479171 ], [ 23.77795841166229, 37.982930871670852 ], [ 23.77789181461306, 37.982948771671929 ], [ 23.777871785031042, 37.98295014256157 ], [ 23.77784515750778, 37.982951965149759 ], [ 23.777827748647859, 37.982953157118857 ], [ 23.777749489585116, 37.98294399641857 ], [ 23.777678361067128, 37.982930342710809 ], [ 23.777621480030216, 37.982912209463095 ], [ 23.777550365170292, 37.982894049271458 ], [ 23.77749338843946, 37.982876326767439 ], [ 23.777477484153067, 37.982871379263422 ], [ 23.777417044750738, 37.982853239185388 ], [ 23.77729898556564, 37.982825977138994 ], [ 23.777232839088533, 37.982812332593781 ], [ 23.7771520626445, 37.982812179593438 ], [ 23.777069122721745, 37.982821035302166 ], [ 23.777007507402388, 37.982838944243881 ], [ 23.776886383324733, 37.982883778890397 ], [ 23.776842490852047, 37.982924253520679 ], [ 23.776706626911583, 37.98310064603357 ], [ 23.776674622585464, 37.9831421967694 ], [ 23.776634103533908, 37.983194802730338 ], [ 23.776299736554744, 37.983628906418467 ], [ 23.776296714993006, 37.983632829379381 ], [ 23.776215147578561, 37.983738725888117 ], [ 23.774793207481224, 37.983863027703769 ], [ 23.774701658769978, 37.983871029765275 ], [ 23.774496278194761, 37.98388866194319 ], [ 23.774283751755451, 37.983915292913181 ], [ 23.774082329245733, 37.98394107688668 ], [ 23.774040964558889, 37.983946371805168 ], [ 23.774035351180004, 37.983947301964953 ], [ 23.773772159071214, 37.983990919453269 ], [ 23.773491294721577, 37.984021923972932 ], [ 23.773279151694929, 37.984039541002367 ], [ 23.773078068298208, 37.98404816612269 ], [ 23.773027589428224, 37.984047058390274 ], [ 23.772861588284858, 37.984043416726237 ], [ 23.772852827469983, 37.984043224959628 ], [ 23.772603786899893, 37.98402471806596 ], [ 23.772355088956868, 37.984010717739295 ], [ 23.772113235337638, 37.983969691560283 ], [ 23.77191375560291, 37.983919734193094 ], [ 23.771883320124211, 37.98390779982703 ], [ 23.771847481108836, 37.983893746864155 ], [ 23.771644827251428, 37.983819083135067 ], [ 23.771357993471828, 37.984145149371386 ], [ 23.771308779444684, 37.984196225125451 ], [ 23.770866905762237, 37.984654800331164 ], [ 23.770823668374096, 37.984694872000361 ], [ 23.770149204873544, 37.984232004691528 ], [ 23.76939646549874, 37.983842707977551 ], [ 23.768733219580405, 37.983536835124141 ], [ 23.768663222149588, 37.983504566630863 ], [ 23.768254768295989, 37.983320765480443 ], [ 23.768254424886226, 37.983320611585228 ], [ 23.766701401529051, 37.982622586882776 ], [ 23.766055796772555, 37.982334711843095 ], [ 23.76451425796466, 37.981647318022759 ], [ 23.763998281176121, 37.981417228320453 ], [ 23.76347683494069, 37.981184697286892 ], [ 23.762297102160328, 37.980658597909795 ], [ 23.761816095188326, 37.980444088527278 ], [ 23.761503212595859, 37.98030455370337 ], [ 23.76128143341311, 37.9802056472966 ], [ 23.761158928016826, 37.980205694249847 ], [ 23.7609844068458, 37.980205761578183 ], [ 23.760258595458613, 37.980206038492661 ], [ 23.759273235655638, 37.98020612075873 ], [ 23.75876542142294, 37.980201712358095 ], [ 23.758281763930281, 37.979987342616333 ], [ 23.757487604975328, 37.979635343708992 ], [ 23.756701950385263, 37.979287106371224 ], [ 23.756357536197278, 37.979751637701419 ], [ 23.756097417770633, 37.980075561830901 ], [ 23.756095269165325, 37.980077950291772 ], [ 23.756048844463137, 37.980129538302144 ], [ 23.755976876795255, 37.980156427628636 ], [ 23.75597658493318, 37.980156536980125 ], [ 23.755881394266918, 37.980192280979573 ], [ 23.754938462605086, 37.980717375598424 ], [ 23.754938108960232, 37.980717572243428 ], [ 23.754941417884272, 37.980721021149698 ], [ 23.755317796297966, 37.981113348693022 ], [ 23.755319314604538, 37.981114931806218 ], [ 23.755227244023288, 37.981196121913591 ], [ 23.755212113231167, 37.981209463715309 ], [ 23.755184595934033, 37.981233728563929 ], [ 23.75505880461909, 37.981339711238704 ], [ 23.754113863748778, 37.981928082352297 ], [ 23.753293126907458, 37.982507693491399 ], [ 23.753059651168556, 37.982732525123552 ], [ 23.752895509200407, 37.982867373342792 ], [ 23.752616049546866, 37.983114639621917 ], [ 23.752430971913746, 37.983019615213202 ], [ 23.751854188605044, 37.983216682809775 ], [ 23.75165448901857, 37.983291399778103 ], [ 23.75148305425299, 37.983351632072328 ], [ 23.751645221280313, 37.984085982730456 ], [ 23.751751824601577, 37.984497758305196 ], [ 23.751855547956112, 37.984820974552605 ], [ 23.751992147295255, 37.985258386215868 ], [ 23.751946264985023, 37.985357430894339 ], [ 23.751402329277912, 37.986149413926682 ], [ 23.750514557258384, 37.98632779143643 ], [ 23.749257891075469, 37.986568466434818 ], [ 23.748302880798306, 37.986737671021956 ], [ 23.747937653759799, 37.986561138289694 ], [ 23.747761454142061, 37.986470632037673 ], [ 23.747389901463556, 37.986271551898895 ], [ 23.746851359404189, 37.985995502053335 ], [ 23.7459842270849, 37.985552002783841 ], [ 23.745828477636053, 37.985744362992051 ], [ 23.745819251970612, 37.985755756936562 ], [ 23.745565165903933, 37.986069566975686 ], [ 23.745565043534356, 37.986069718126956 ], [ 23.745452437063143, 37.986208791598827 ], [ 23.745341660958971, 37.986346646778685 ], [ 23.745331358629812, 37.986359467791267 ], [ 23.745107422783995, 37.98663814147514 ], [ 23.745102970375342, 37.986643682843464 ], [ 23.744978876863396, 37.986798107782178 ], [ 23.744896684826276, 37.986897070943357 ], [ 23.744810547404278, 37.987005038338779 ], [ 23.744607880873968, 37.987261464787409 ], [ 23.744279416845156, 37.987670835940648 ], [ 23.744146470416428, 37.987832778170336 ], [ 23.743909897041412, 37.988116168169796 ], [ 23.743747302522586, 37.988309590359229 ], [ 23.743556792242384, 37.988548015710919 ], [ 23.743341274227056, 37.988813424728221 ], [ 23.743015674657428, 37.989213785625132 ], [ 23.742850112035818, 37.989449984942027 ], [ 23.742842209161896, 37.989461259862964 ], [ 23.742461936658074, 37.989788786675803 ], [ 23.741908892894084, 37.989315010099745 ], [ 23.741708360480438, 37.989161351486452 ], [ 23.741295623086149, 37.988935123199433 ], [ 23.740930771728696, 37.988742836780915 ], [ 23.740797606586785, 37.988672654166812 ], [ 23.740309822946607, 37.989243894187169 ], [ 23.740266927187719, 37.989297876567107 ], [ 23.740175782006567, 37.989410335876762 ], [ 23.739817293332532, 37.989846666587574 ], [ 23.73997081826138, 37.990311167728507 ], [ 23.739752891670125, 37.990346737145693 ], [ 23.739757964942267, 37.990522498884957 ], [ 23.739856307089958, 37.990892243132947 ], [ 23.739868604474569, 37.990937334561075 ], [ 23.739875982001426, 37.990964389415161 ], [ 23.73991182081814, 37.99109515493484 ], [ 23.740035114963995, 37.991555082623897 ], [ 23.740169670798483, 37.992051086405802 ], [ 23.740259194434895, 37.99238912519121 ], [ 23.740259231521261, 37.992389265873463 ], [ 23.740259335010599, 37.992389307561083 ], [ 23.740531463215113, 37.992498020850071 ], [ 23.740866412008501, 37.992584381276579 ], [ 23.741078688968564, 37.992638925820039 ], [ 23.741079892439018, 37.992672387750247 ], [ 23.741080959038253, 37.992702020722952 ], [ 23.742190680002118, 37.99315330603546 ], [ 23.742819352724197, 37.993408958063256 ], [ 23.742946318749627, 37.993431938961592 ], [ 23.743425082053843, 37.993368829985876 ], [ 23.744024662763753, 37.993289792284493 ], [ 23.74429280802774, 37.993245311322852 ], [ 23.744710354407882, 37.993633770583941 ], [ 23.744751282259553, 37.993673561882986 ], [ 23.744942256023972, 37.993859232440009 ], [ 23.744998375820003, 37.993913793493299 ], [ 23.745115448147683, 37.994022201358582 ], [ 23.745551803184622, 37.994428724034151 ], [ 23.745874291824936, 37.994726845010923 ], [ 23.745969347361108, 37.994821685181705 ], [ 23.746269013811812, 37.995133275028884 ], [ 23.746576599799589, 37.995473861951503 ], [ 23.746613741102088, 37.995467797918153 ], [ 23.746724555311779, 37.995449706279707 ], [ 23.747333153872365, 37.995347367577089 ], [ 23.747385193371919, 37.995324947254886 ], [ 23.747785575477874, 37.995135790572732 ], [ 23.748041948083255, 37.995508423459867 ], [ 23.748060835375171, 37.995543162452726 ], [ 23.748116310113073, 37.995645193959852 ], [ 23.748257520979152, 37.995904912861526 ], [ 23.748284832476578, 37.995955144892825 ], [ 23.748307993688961, 37.995997743173724 ], [ 23.748196873491963, 37.99604124734828 ], [ 23.747676733981017, 37.996244882732299 ], [ 23.747240512512874, 37.996415190044921 ], [ 23.746655072048181, 37.996632371943221 ], [ 23.746508074124147, 37.996701239570882 ], [ 23.746327637574463, 37.996775888737425 ], [ 23.745942502786257, 37.996901148867316 ], [ 23.746058674883923, 37.997011797999043 ], [ 23.746087337667614, 37.997039098478751 ], [ 23.746387519305188, 37.997264018882525 ], [ 23.746732730909663, 37.997522676803648 ], [ 23.746965994425711, 37.997689916354112 ], [ 23.747303234253661, 37.997947507244113 ], [ 23.747851739974408, 37.998354262066044 ], [ 23.748000840985124, 37.998467242070717 ], [ 23.748079299655664, 37.998525993581538 ], [ 23.74850571386127, 37.998833342562776 ], [ 23.748673990557808, 37.998959881962136 ], [ 23.749071847658854, 37.999256262318468 ], [ 23.749458053026355, 37.999258302379836 ], [ 23.749747463907568, 37.999259829724359 ], [ 23.750096717338252, 37.999261672793104 ], [ 23.750354348101048, 37.999683073336143 ], [ 23.750256743183865, 37.999918688731924 ], [ 23.750214834641412, 38.000018052753042 ], [ 23.750228516132502, 38.000155720399142 ], [ 23.750269350256545, 38.000215018723466 ], [ 23.750340309649438, 38.000256772611436 ], [ 23.750352564645567, 38.000374841507465 ], [ 23.750376364011981, 38.00054075339014 ], [ 23.750403601355476, 38.000905830927181 ], [ 23.750405470970804, 38.000909707709013 ], [ 23.750431877433169, 38.000964474342574 ], [ 23.750440099554332, 38.000972285185497 ], [ 23.750441347292114, 38.000973470316644 ], [ 23.750683781203396, 38.001203848657802 ], [ 23.750936725772338, 38.001364637242169 ], [ 23.751155813117585, 38.001502271786975 ], [ 23.751441030030243, 38.001574977558889 ], [ 23.751482301865231, 38.001585083438542 ], [ 23.751500906914032, 38.001589639080088 ], [ 23.751626676562118, 38.001620433912962 ], [ 23.75177167264679, 38.001655300631285 ], [ 23.751789695309711, 38.001659634183596 ], [ 23.75180379955798, 38.001663025734814 ], [ 23.751879676633017, 38.001681271882909 ], [ 23.751880408421655, 38.001681447374374 ], [ 23.7518803567764, 38.002194727103571 ], [ 23.751880346896421, 38.002287918851692 ], [ 23.75186796984854, 38.002580809730262 ], [ 23.751797498750289, 38.002896110081302 ], [ 23.751794560076835, 38.002923142368772 ], [ 23.751750052474307, 38.003356360933076 ], [ 23.751749661475383, 38.003360169830607 ], [ 23.75195906155195, 38.003540868222288 ], [ 23.752005477352981, 38.003604055905846 ], [ 23.752178305047927, 38.004393042667132 ], [ 23.752291147096994, 38.004920530776467 ], [ 23.752366721430857, 38.005204593963022 ], [ 23.75244097166944, 38.005353461911263 ], [ 23.752879403458358, 38.005809531672767 ], [ 23.752846844468863, 38.00585903379411 ], [ 23.752793346209309, 38.00589046624372 ], [ 23.75325754618127, 38.006094229625504 ], [ 23.753362017196345, 38.006141212705217 ], [ 23.753527352001353, 38.006215567228708 ], [ 23.753660242680887, 38.006275330300404 ], [ 23.753723266323334, 38.006298228688216 ], [ 23.754074814184246, 38.006425956829496 ], [ 23.754075722474827, 38.006462655345707 ], [ 23.754079496546979, 38.006472113184124 ], [ 23.754202817983444, 38.006781183700546 ], [ 23.755522511135858, 38.006418915046133 ], [ 23.758040030648427, 38.005612967093789 ], [ 23.759668453873235, 38.005093562065689 ], [ 23.760487799873811, 38.0048266296306 ], [ 23.76062656166005, 38.004781421691412 ], [ 23.761705999927134, 38.004429742161619 ], [ 23.761716645295412, 38.004426273962878 ], [ 23.762449201645712, 38.003808809726216 ], [ 23.762476896176885, 38.003783394501788 ], [ 23.76296224573386, 38.003380693533025 ], [ 23.763174688350336, 38.003204425858662 ], [ 23.763759397674423, 38.002719273012922 ], [ 23.764096290643351, 38.002439738477776 ], [ 23.76454342009766, 38.002068729845206 ], [ 23.764995961687177, 38.00169322568334 ], [ 23.765354119210059, 38.001393051825701 ], [ 23.765433217533996, 38.001326757979093 ], [ 23.765617802209377, 38.001164772374949 ], [ 23.765953214941234, 38.000887082517146 ], [ 23.766706373162368, 38.000262376059389 ], [ 23.76720937636431, 37.999845151867305 ], [ 23.768958499361997, 37.99839426042989 ], [ 23.769194029204296, 37.998213316935285 ], [ 23.769291688933123, 37.998141575262672 ], [ 23.7693163915126, 37.998123428594106 ] ] ] } },
{ "type": "Feature", "properties": { "muni_id": 1, "year": 2030, "kwh_per_user_muni": 784.37788079517736, "ac_share_muni": 0.81477320383752805, "kwh_pc_overall": 639.09007230627526, "kwh_muni": 52645370.584411621 }, "geometry": { "type": "Polygon", "coordinates": [ [ [ 23.737641863434245, 37.994722289291516 ], [ 23.737713335054409, 37.994740474372783 ], [ 23.737847915434195, 37.994727255146401 ], [ 23.738284416110236, 37.994782304261257 ], [ 23.7385132769564, 37.99477830686093 ], [ 23.738725458878623, 37.99476075270637 ], [ 23.738942379801166, 37.994711663746727 ], [ 23.739159379086484, 37.994640042459238 ], [ 23.739412499953485, 37.994518930180845 ], [ 23.739617733240365, 37.994352647147451 ], [ 23.739780224642956, 37.994195282037097 ], [ 23.739906913313916, 37.993997279745273 ], [ 23.739972987294866, 37.993830688267487 ], [ 23.740003328093731, 37.993704575554005 ], [ 23.740021244774169, 37.993569422527003 ], [ 23.740009036881023, 37.993398151540276 ], [ 23.739972951680162, 37.993235840606054 ], [ 23.739972869220679, 37.993235648450217 ], [ 23.739876230896041, 37.99301030567311 ], [ 23.739876210511117, 37.993010273181795 ], [ 23.739803701843226, 37.99289297198073 ], [ 23.740099248043517, 37.992744919801083 ], [ 23.740394585551783, 37.992659950009163 ], [ 23.740352057195988, 37.992531597962419 ], [ 23.740339297586054, 37.992493090359623 ], [ 23.740339174016526, 37.992492929658219 ], [ 23.740334556536251, 37.992486942146535 ], [ 23.740259231521261, 37.992389265873463 ], [ 23.740259194434895, 37.99238912519121 ], [ 23.740169670798483, 37.992051086405802 ], [ 23.740035114963995, 37.991555082623897 ], [ 23.73991182081814, 37.99109515493484 ], [ 23.739875982001426, 37.990964389415161 ], [ 23.739868604474569, 37.990937334561075 ], [ 23.739856307089958, 37.990892243132947 ], [ 23.739757964942267, 37.990522498884957 ], [ 23.739752891670125, 37.990346737145693 ], [ 23.73997081826138, 37.990311167728507 ], [ 23.739817293332532, 37.989846666587574 ], [ 23.740175782006567, 37.989410335876762 ], [ 23.740266927187719, 37.989297876567107 ], [ 23.740309822946607, 37.989243894187169 ], [ 23.740797606586785, 37.988672654166812 ], [ 23.740930771728696, 37.988742836780915 ], [ 23.741295623086149, 37.988935123199433 ], [ 23.741708360480438, 37.989161351486452 ], [ 23.741908892894084, 37.989315010099745 ], [ 23.742461936658074, 37.989788786675803 ], [ 23.742842209161896, 37.989461259862964 ], [ 23.742850112035818, 37.989449984942027 ], [ 23.743015674657428, 37.989213785625132 ], [ 23.743341274227056, 37.988813424728221 ], [ 23.743556792242384, 37.988548015710919 ], [ 23.743747302522586, 37.988309590359229 ], [ 23.743909897041412, 37.988116168169796 ], [ 23.744146470416428, 37.987832778170336 ], [ 23.744279416845156, 37.987670835940648 ], [ 23.744607880873968, 37.987261464787409 ], [ 23.744810547404278, 37.987005038338779 ], [ 23.744896684826276, 37.986897070943357 ], [ 23.744978876863396, 37.986798107782178 ], [ 23.745102970375342, 37.986643682843464 ], [ 23.745107422783995, 37.98663814147514 ], [ 23.745331358629812, 37.986359467791267 ], [ 23.745341660958971, 37.986346646778685 ], [ 23.745452437063143, 37.986208791598827 ], [ 23.745565043534356, 37.986069718126956 ], [ 23.745565165903933, 37.986069566975686 ], [ 23.745819251970612, 37.985755756936562 ], [ 23.745828477636053, 37.985744362992051 ], [ 23.7459842270849, 37.985552002783841 ], [ 23.746851359404189, 37.985995502053335 ], [ 23.747389901463556, 37.986271551898895 ], [ 23.747761454142061, 37.986470632037673 ], [ 23.747937653759799, 37.986561138289694 ], [ 23.748302880798306, 37.986737671021956 ], [ 23.749257891075469, 37.986568466434818 ], [ 23.750514557258384, 37.98632779143643 ], [ 23.751402329277912, 37.986149413926682 ], [ 23.751946264985023, 37.985357430894339 ], [ 23.751992147295255, 37.985258386215868 ], [ 23.751855547956112, 37.984820974552605 ], [ 23.751751824601577, 37.984497758305196 ], [ 23.751645221280313, 37.984085982730456 ], [ 23.75148305425299, 37.983351632072328 ], [ 23.75165448901857, 37.983291399778103 ], [ 23.751854188605044, 37.983216682809775 ], [ 23.752430971913746, 37.983019615213202 ], [ 23.752616049546866, 37.983114639621917 ], [ 23.752895509200407, 37.982867373342792 ], [ 23.753059651168556, 37.982732525123552 ], [ 23.753293126907458, 37.982507693491399 ], [ 23.754113863748778, 37.981928082352297 ], [ 23.75505880461909, 37.981339711238704 ], [ 23.755184595934033, 37.981233728563929 ], [ 23.755212113231167, 37.981209463715309 ], [ 23.755227244023288, 37.981196121913591 ], [ 23.755319314604538, 37.981114931806218 ], [ 23.755317796297966, 37.981113348693022 ], [ 23.754941417884272, 37.980721021149698 ], [ 23.754938108960232, 37.980717572243428 ], [ 23.754938462605086, 37.980717375598424 ], [ 23.755881394266918, 37.980192280979573 ], [ 23.75597658493318, 37.980156536980125 ], [ 23.755976876795255, 37.980156427628636 ], [ 23.756048844463137, 37.980129538302144 ], [ 23.756095269165325, 37.980077950291772 ], [ 23.756097417770633, 37.980075561830901 ], [ 23.756357536197278, 37.979751637701419 ], [ 23.756701950385263, 37.979287106371224 ], [ 23.756812270062937, 37.979137455916806 ], [ 23.757199814223959, 37.978614769271644 ], [ 23.757676549955455, 37.977968613903911 ], [ 23.757656220175772, 37.977917871029703 ], [ 23.757691583158255, 37.977846424956041 ], [ 23.758183978650511, 37.977670050475886 ], [ 23.758948032077566, 37.97727257648252 ], [ 23.758949141849868, 37.977271999228996 ], [ 23.758947044200681, 37.977270001283728 ], [ 23.758219668974125, 37.976576696805225 ], [ 23.757893694798046, 37.97626598720165 ], [ 23.757558898366337, 37.975946864812549 ], [ 23.757558181015757, 37.975946181059719 ], [ 23.757558569784976, 37.975946027740818 ], [ 23.757640942262341, 37.975913487057056 ], [ 23.758288801495695, 37.975681833638497 ], [ 23.757996623522121, 37.975148442351063 ], [ 23.75799647979154, 37.975148177076903 ], [ 23.759204655246997, 37.974806172540482 ], [ 23.759420104221121, 37.975282193860956 ], [ 23.7594212776342, 37.975284782955399 ], [ 23.75942144519799, 37.975284724714399 ], [ 23.759456006356633, 37.975272801958241 ], [ 23.759514167561626, 37.975252738342306 ], [ 23.76042203182044, 37.974939543950363 ], [ 23.760479817485923, 37.974919608875737 ], [ 23.760480047758008, 37.974919523722278 ], [ 23.760512683738668, 37.974906739610354 ], [ 23.760743370562565, 37.974833317862561 ], [ 23.760793650220226, 37.974738026044804 ], [ 23.760964649115365, 37.974413939874339 ], [ 23.761189622294495, 37.974495668587871 ], [ 23.761190479777131, 37.974495980371465 ], [ 23.761324303025177, 37.97454459521731 ], [ 23.761420701863194, 37.974579614705419 ], [ 23.761590945853889, 37.974509799120959 ], [ 23.761734921717984, 37.97360746031579 ], [ 23.761741754924071, 37.973564636854427 ], [ 23.763249254151958, 37.972832066421269 ], [ 23.763543142747562, 37.97320181866165 ], [ 23.763757288139715, 37.973471240021041 ], [ 23.765659896857279, 37.972544679352815 ], [ 23.7667674859754, 37.972005264073559 ], [ 23.767349105639006, 37.971721998078287 ], [ 23.767406671099724, 37.971693961977245 ], [ 23.767406570089936, 37.971692416969837 ], [ 23.767305851776548, 37.970157066301937 ], [ 23.767311695835868, 37.9701552473446 ], [ 23.7690751256679, 37.96960626020973 ], [ 23.76936828997864, 37.969606835298109 ], [ 23.769953936609646, 37.9694259243945 ], [ 23.770107608801506, 37.969378453798896 ], [ 23.770472508080857, 37.969307063216014 ], [ 23.77134273350114, 37.969132949791721 ], [ 23.774222970504351, 37.968530971116429 ], [ 23.774386939977465, 37.968333295998711 ], [ 23.77439407731211, 37.968324691563787 ], [ 23.77440474674437, 37.968311829003603 ], [ 23.77475603261944, 37.967888327694503 ], [ 23.775318600715352, 37.967216788731392 ], [ 23.775373092218196, 37.967144402123822 ], [ 23.776271925733589, 37.966060738535383 ], [ 23.776272029712469, 37.966060613453934 ], [ 23.774547026062969, 37.966975904195337 ], [ 23.774514115319882, 37.966993365783082 ], [ 23.774135749539418, 37.967194121307436 ], [ 23.773981309397158, 37.967276064605805 ], [ 23.773868204741266, 37.967336074982576 ], [ 23.769213062523413, 37.968998981366511 ], [ 23.767237761507051, 37.969704518221597 ], [ 23.767189846756573, 37.96972163170954 ], [ 23.765351109716448, 37.970378347102063 ], [ 23.765346422789175, 37.970380021359915 ], [ 23.764313247844285, 37.9708558613778 ], [ 23.759424566823849, 37.973107191601905 ], [ 23.759363210808122, 37.973135441353158 ], [ 23.759144058648225, 37.972900668882126 ], [ 23.758966137215737, 37.972679496190757 ], [ 23.758781029483607, 37.972480842485396 ], [ 23.758356021070473, 37.972103313972809 ], [ 23.757845530965419, 37.971830048319021 ], [ 23.757306157903667, 37.971912229353791 ], [ 23.756573104070416, 37.972014533233121 ], [ 23.756064594844943, 37.972069702250259 ], [ 23.754159404056782, 37.972286123715911 ], [ 23.753486287199724, 37.972974311974838 ], [ 23.753485880482469, 37.972974727517439 ], [ 23.753484005691494, 37.97297664513404 ], [ 23.752419242478616, 37.972350956901259 ], [ 23.751487145333556, 37.973450465959182 ], [ 23.751398527238951, 37.973458544429754 ], [ 23.750920936041243, 37.973500479647313 ], [ 23.750237550405526, 37.973560480515395 ], [ 23.749443498527448, 37.973635401415422 ], [ 23.748681452947672, 37.973714891769994 ], [ 23.747914083569285, 37.973789859339782 ], [ 23.746901412928494, 37.973890225337676 ], [ 23.746550542500628, 37.973922122667595 ], [ 23.746550152910132, 37.973923173630567 ], [ 23.746501941992427, 37.974053024571418 ], [ 23.746453576918487, 37.974183287045456 ], [ 23.746418356102467, 37.974278278012669 ], [ 23.746393354289953, 37.974345708002254 ], [ 23.74581798502911, 37.97589743175088 ], [ 23.745808376928967, 37.9759233428206 ], [ 23.745797417245353, 37.975952900279957 ], [ 23.745783355495313, 37.975949586504584 ], [ 23.744368920333685, 37.97561632858114 ], [ 23.743433909072468, 37.975393477731807 ], [ 23.743122130834866, 37.975316187938077 ], [ 23.74300681736295, 37.975324948951418 ], [ 23.742752522137028, 37.975346111457405 ], [ 23.742584702196684, 37.975360077523369 ], [ 23.742030811082891, 37.975430967164037 ], [ 23.741176117930767, 37.975541750679781 ], [ 23.740563483167652, 37.97562151701468 ], [ 23.739103861040849, 37.975814197179275 ], [ 23.739086169108123, 37.975816532832035 ], [ 23.738416212800107, 37.975905173693235 ], [ 23.738051265845581, 37.975956083769034 ], [ 23.738020960360213, 37.975807531969664 ], [ 23.73802093456332, 37.97580742195521 ], [ 23.737969277397344, 37.975587651562527 ], [ 23.737967117621107, 37.975587929755875 ], [ 23.737803770831647, 37.975608968657049 ], [ 23.737803563545508, 37.975608025448913 ], [ 23.737567816905432, 37.97453389929418 ], [ 23.737566337160985, 37.974534102387871 ], [ 23.737565503309753, 37.974534216793707 ], [ 23.737366424520609, 37.974561572712581 ], [ 23.737364503924596, 37.974561837008302 ], [ 23.736447583604082, 37.974687828612581 ], [ 23.736447378469986, 37.974686925964683 ], [ 23.7364371926861, 37.974642021752786 ], [ 23.736434843805704, 37.974642333743297 ], [ 23.736305663385934, 37.974659476042532 ], [ 23.73630836948843, 37.974673251070776 ], [ 23.736308386270473, 37.974673334026789 ], [ 23.735728101600287, 37.974750020237607 ], [ 23.735612540867191, 37.974766141469544 ], [ 23.735450725685595, 37.974788714540693 ], [ 23.73531048095893, 37.973993525152494 ], [ 23.735158950777102, 37.973583897890322 ], [ 23.735082196143537, 37.973409709039899 ], [ 23.73481604734377, 37.973086134907327 ], [ 23.734124157217661, 37.972318900803629 ], [ 23.73393158651686, 37.972076234524593 ], [ 23.733876643718467, 37.971987912064172 ], [ 23.732898271872489, 37.97087565827848 ], [ 23.732855338379203, 37.970826848001238 ], [ 23.73261474909086, 37.970634491199156 ], [ 23.732354004893761, 37.970516400115152 ], [ 23.732044628458684, 37.970428701772953 ], [ 23.731806705791836, 37.970265705224257 ], [ 23.731732356141208, 37.97015708826715 ], [ 23.731701870818483, 37.970053642852257 ], [ 23.731692482209279, 37.969936440520691 ], [ 23.731699563844042, 37.969692081518403 ], [ 23.731664137274752, 37.968484808584577 ], [ 23.731618466714611, 37.968410680727217 ], [ 23.731602912351356, 37.968385434416184 ], [ 23.731602888571231, 37.968385399211733 ], [ 23.731470350476972, 37.968252151383702 ], [ 23.730290944283691, 37.967335056199282 ], [ 23.728659862636601, 37.966066684744575 ], [ 23.727502079973995, 37.965166322020458 ], [ 23.726316257883607, 37.964244120071072 ], [ 23.724647093180263, 37.962945843370626 ], [ 23.724576081969463, 37.962890609317512 ], [ 23.724575787976907, 37.962890380603241 ], [ 23.72390405801649, 37.962366970813903 ], [ 23.722711082077907, 37.961437253663526 ], [ 23.72250879908071, 37.961279754195139 ], [ 23.722415006776885, 37.961206883651904 ], [ 23.720394007689507, 37.959636642927336 ], [ 23.720338313874851, 37.959593369454282 ], [ 23.720316595372505, 37.959607139997267 ], [ 23.720316517777164, 37.959607189383718 ], [ 23.72029981211017, 37.959617781276457 ], [ 23.720296946609562, 37.959619651849387 ], [ 23.720107236637173, 37.95974350377768 ], [ 23.719913614832858, 37.959894879562725 ], [ 23.71880848568264, 37.960758863472719 ], [ 23.717921319187592, 37.961474221565084 ], [ 23.717866780664018, 37.961518198061704 ], [ 23.717650373184217, 37.961733988205516 ], [ 23.717624180237923, 37.96179250910847 ], [ 23.717671834842079, 37.961846182554858 ], [ 23.717674308200351, 37.96184865531724 ], [ 23.717726575370211, 37.961900909464426 ], [ 23.717710880412504, 37.961924698275176 ], [ 23.717305056772471, 37.962539812314688 ], [ 23.717151807275954, 37.962735541841603 ], [ 23.717139533235869, 37.96275121728543 ], [ 23.716072535786253, 37.963609377610375 ], [ 23.715737920201384, 37.96384741101631 ], [ 23.715713015664189, 37.963855213679622 ], [ 23.715138456812497, 37.964035231631499 ], [ 23.715134546303311, 37.964035828730076 ], [ 23.715049628030883, 37.964048781895947 ], [ 23.714983798668687, 37.964058822316986 ], [ 23.714815607985098, 37.964084476393204 ], [ 23.714761750443238, 37.96409269175907 ], [ 23.714556806684783, 37.964123950691743 ], [ 23.71420359599098, 37.96410957387301 ], [ 23.713852733670446, 37.964050689781828 ], [ 23.713852535004694, 37.964052306209823 ], [ 23.713835057912384, 37.964194300422193 ], [ 23.713829536932462, 37.964286608652031 ], [ 23.713866291398659, 37.96469226332102 ], [ 23.7130339406066, 37.96508246580018 ], [ 23.713205233166562, 37.965298254388657 ], [ 23.713239574496782, 37.965341517007197 ], [ 23.713245976469569, 37.965349582015115 ], [ 23.713275794205426, 37.96538714556803 ], [ 23.713622810217988, 37.965807089714247 ], [ 23.713717344352801, 37.96592448722928 ], [ 23.713985468590593, 37.966231577282137 ], [ 23.71401927229369, 37.966267802005639 ], [ 23.714107699932299, 37.966362561127497 ], [ 23.714411871178953, 37.966732827933903 ], [ 23.715320240361294, 37.966717080344679 ], [ 23.71532412505778, 37.966717013135238 ], [ 23.71533325415912, 37.966692009163992 ], [ 23.71533563250766, 37.966685495903405 ], [ 23.715358404980073, 37.966316022952199 ], [ 23.715477100059832, 37.966257726350989 ], [ 23.715829602461259, 37.965997204808851 ], [ 23.716222616194734, 37.96565566399272 ], [ 23.716942183811252, 37.965044521519168 ], [ 23.717319988483496, 37.96495530107461 ], [ 23.717587232381153, 37.964937917125411 ], [ 23.718221334002695, 37.965033945740451 ], [ 23.719159501771067, 37.965176015745058 ], [ 23.7202976538915, 37.965345465455727 ], [ 23.720744249551096, 37.965409616537265 ], [ 23.721090347580201, 37.965459310796533 ], [ 23.721370402394754, 37.965501229956786 ], [ 23.721399845978333, 37.965523831889968 ], [ 23.721951067139297, 37.96595775425385 ], [ 23.721975910635464, 37.965976722892698 ], [ 23.722294461369692, 37.966219938886091 ], [ 23.722531416655372, 37.966405262036112 ], [ 23.72307710007269, 37.966826403779777 ], [ 23.723081968812323, 37.966830168203252 ], [ 23.723603777097477, 37.967233612176145 ], [ 23.72369336797707, 37.967302879308853 ], [ 23.723824451211328, 37.967404227789125 ], [ 23.723824421325116, 37.967404608062481 ], [ 23.723809511436688, 37.967593463183093 ], [ 23.72378120486686, 37.96783674445917 ], [ 23.723759899067677, 37.9680434489687 ], [ 23.723701877369244, 37.968593639950996 ], [ 23.723601728225258, 37.969537645057116 ], [ 23.72248577909394, 37.969971789069774 ], [ 23.722473692008094, 37.969976491414698 ], [ 23.722445155489467, 37.969987592847495 ], [ 23.722407475434306, 37.970221880154504 ], [ 23.7244820724828, 37.969933881904289 ], [ 23.725019217453934, 37.969863035646554 ], [ 23.725735791558893, 37.969761060308294 ], [ 23.726887212721174, 37.969637558717189 ], [ 23.727797376598936, 37.969522500756959 ], [ 23.728773002318025, 37.969407584885232 ], [ 23.729181046741278, 37.969421953202442 ], [ 23.729183877839436, 37.969422052552254 ], [ 23.729395839991447, 37.969445072489371 ], [ 23.729359344584768, 37.969542933277495 ], [ 23.729358230402934, 37.969545921186963 ], [ 23.729308524504031, 37.969679206421489 ], [ 23.729307482864691, 37.969682901106893 ], [ 23.729306975316426, 37.969684699810593 ], [ 23.729162365168435, 37.970197329443295 ], [ 23.729158543108102, 37.970216869572511 ], [ 23.729157163493358, 37.970223924379624 ], [ 23.729112967031483, 37.970449904304914 ], [ 23.728991550508074, 37.970798972733654 ], [ 23.728985658979582, 37.970815912379734 ], [ 23.728987851264151, 37.970824415670094 ], [ 23.729027049715569, 37.97097647926114 ], [ 23.728951538089785, 37.9710708737977 ], [ 23.72895143868066, 37.97109791219296 ], [ 23.728957882452953, 37.971377326149714 ], [ 23.728921492712157, 37.971598057720406 ], [ 23.728839411118912, 37.971859241893078 ], [ 23.728772363533562, 37.971998786869811 ], [ 23.728768327629865, 37.972060922227321 ], [ 23.7287649723634, 37.97211259250377 ], [ 23.728764450969287, 37.972120621771602 ], [ 23.728764329102834, 37.972122489859224 ], [ 23.72876651323525, 37.972138472916427 ], [ 23.728738762984435, 37.972240699633552 ], [ 23.728679626700252, 37.972357029406041 ], [ 23.728587180872733, 37.972490639291692 ], [ 23.728491442138463, 37.972590827178458 ], [ 23.728436914204533, 37.972640356837459 ], [ 23.728251587750911, 37.972759999267474 ], [ 23.728279700909749, 37.972794928697859 ], [ 23.728288294097425, 37.972805606266732 ], [ 23.728304687130386, 37.972825973562131 ], [ 23.728096931489468, 37.972903021383225 ], [ 23.72793141314337, 37.972953388382756 ], [ 23.727707088479303, 37.973015622391777 ], [ 23.727702036061757, 37.973017023915524 ], [ 23.727693262428961, 37.973019457812178 ], [ 23.727504979892725, 37.973068389841501 ], [ 23.727504708992328, 37.973067752905294 ], [ 23.727481452613596, 37.973012962963587 ], [ 23.727464769981633, 37.972973661544202 ], [ 23.727416836791015, 37.972946511874106 ], [ 23.727383712450802, 37.972936411001875 ], [ 23.727267925179977, 37.972901102381591 ], [ 23.727265869773056, 37.972901493281505 ], [ 23.727092000959928, 37.972934558459507 ], [ 23.727060520914822, 37.972939788600208 ], [ 23.726998759317073, 37.972950048847984 ], [ 23.726934020295772, 37.972958176917103 ], [ 23.726893036980567, 37.972963322764883 ], [ 23.726839703647894, 37.972996442914095 ], [ 23.726658923354083, 37.972984677603172 ], [ 23.726572574541898, 37.972987852258321 ], [ 23.726342589046709, 37.972870608914313 ], [ 23.726083035549394, 37.97281690461805 ], [ 23.725876719352559, 37.972799562767214 ], [ 23.725873618890432, 37.972799302280862 ], [ 23.725844928240573, 37.972796890273386 ], [ 23.725539300193351, 37.972807728524877 ], [ 23.725219079359938, 37.972752841584239 ], [ 23.725219093515406, 37.97275362573712 ], [ 23.725220465749981, 37.972826861226743 ], [ 23.725220506503753, 37.972829062265127 ], [ 23.72522398869172, 37.973014957262997 ], [ 23.725224039508934, 37.97304011681134 ], [ 23.725224064843761, 37.973052563645446 ], [ 23.725224667541539, 37.973351497643534 ], [ 23.72522162229691, 37.973351385080058 ], [ 23.725094461988686, 37.973346687012089 ], [ 23.725053673159493, 37.973345996839015 ], [ 23.725033806430055, 37.973345357358411 ], [ 23.724718482036213, 37.973335213180881 ], [ 23.723401774520156, 37.973288642090083 ], [ 23.723400448605265, 37.973289112148244 ], [ 23.72215955247276, 37.973729323741409 ], [ 23.721597222448615, 37.973928805525958 ], [ 23.720624389932684, 37.974643496333158 ], [ 23.720529545711937, 37.97471317305277 ], [ 23.720443418721072, 37.974776445137465 ], [ 23.720443256588435, 37.974776564623319 ], [ 23.720435485709398, 37.974782272932366 ], [ 23.720453115629699, 37.974822497796218 ], [ 23.720935701661684, 37.975923588252151 ], [ 23.720939563831607, 37.975937116712778 ], [ 23.720943444202202, 37.975946138783556 ], [ 23.720948391438142, 37.975955163384917 ], [ 23.720953321615216, 37.975968694378466 ], [ 23.720958607036149, 37.975982226214455 ], [ 23.720969924763562, 37.976000278791489 ], [ 23.720991544542692, 37.976022862234693 ], [ 23.721012485686128, 37.97603643119875 ], [ 23.721030598537702, 37.976045487019178 ], [ 23.721060113283706, 37.976050063440454 ], [ 23.721075734893052, 37.976059113346722 ], [ 23.721085308275207, 37.976068148910912 ], [ 23.721089187531874, 37.976077170974065 ], [ 23.72106609405002, 37.976221956572516 ], [ 23.721064040216014, 37.976234836494953 ], [ 23.721063504873772, 37.976236091619 ], [ 23.72103328220415, 37.976306930472909 ], [ 23.721025626583206, 37.976324874057177 ], [ 23.721011399213396, 37.976343032784847 ], [ 23.721002124817957, 37.976354869917351 ], [ 23.721000809809386, 37.976356651345867 ], [ 23.720966897939306, 37.976423876285374 ], [ 23.721070046044339, 37.976433811537859 ], [ 23.721302666614488, 37.976456217270453 ], [ 23.721430758215813, 37.97659635887134 ], [ 23.721463174950312, 37.976631824644883 ], [ 23.721463745315912, 37.976632448784329 ], [ 23.721523682561024, 37.976698024985801 ], [ 23.721537367974037, 37.976712997106418 ], [ 23.721537956483719, 37.97671364111676 ], [ 23.721839662549812, 37.97653089533825 ], [ 23.721841808048644, 37.976529596249819 ], [ 23.721865715133685, 37.976556561586655 ], [ 23.721873040548417, 37.976564824776396 ], [ 23.722041992715909, 37.976755391048208 ], [ 23.722357730018985, 37.977061725948545 ], [ 23.722358528686392, 37.977062502038599 ], [ 23.722391197103676, 37.977094198067441 ], [ 23.722400567604755, 37.977140854542668 ], [ 23.722402035107084, 37.97714815932698 ], [ 23.722415646050713, 37.977215929428439 ], [ 23.722412957560241, 37.977216283599006 ], [ 23.722179620809335, 37.977246917271806 ], [ 23.722179675606149, 37.977247181478134 ], [ 23.72218052555159, 37.977251269917979 ], [ 23.722180707840561, 37.977252147300156 ], [ 23.722197331908816, 37.977332170319585 ], [ 23.722623901302001, 37.977637841442998 ], [ 23.722050754965654, 37.9781118477406 ], [ 23.722447392656974, 37.978329092949316 ], [ 23.721985493753724, 37.978636506183278 ], [ 23.721975093425101, 37.978643427815676 ], [ 23.721974422465607, 37.978642902582614 ], [ 23.721467408176107, 37.978245660899169 ], [ 23.721466215063437, 37.978247420088756 ], [ 23.721131771286515, 37.978740573117179 ], [ 23.72181172647463, 37.979314499757983 ], [ 23.721722801577023, 37.979399911606293 ], [ 23.721566861597044, 37.979611344829259 ], [ 23.721542799149635, 37.979669871463742 ], [ 23.721525905473843, 37.979714895773355 ], [ 23.721232608330986, 37.980115273345383 ], [ 23.720741455857805, 37.980799085658589 ], [ 23.720709080090479, 37.980844063171617 ], [ 23.720709208545177, 37.980844120257615 ], [ 23.721807206339275, 37.981331877003882 ], [ 23.721780840822923, 37.981369358607914 ], [ 23.721417028657974, 37.981877723999553 ], [ 23.720884028145935, 37.982615514704847 ], [ 23.720505156668334, 37.983150879978901 ], [ 23.720355947483792, 37.983366833863158 ], [ 23.719842209975759, 37.984086639714008 ], [ 23.719307719876724, 37.984833432253396 ], [ 23.719288313617504, 37.984928135349833 ], [ 23.719287414366931, 37.98493252516645 ], [ 23.719270207915987, 37.98505866402482 ], [ 23.71924981644236, 37.985180288850408 ], [ 23.718785547247784, 37.985892875031375 ], [ 23.718428783511978, 37.986368330844137 ], [ 23.71816652100032, 37.986741346633913 ], [ 23.717995224734388, 37.986942126294757 ], [ 23.717995463064483, 37.986942338668065 ], [ 23.718042336618652, 37.986984193141573 ], [ 23.718214799794897, 37.987053862947896 ], [ 23.718253208494829, 37.987106571960751 ], [ 23.718309152416296, 37.987183343997749 ], [ 23.71842391040439, 37.987254627387529 ], [ 23.718867950638867, 37.987622315022335 ], [ 23.719290228231912, 37.987649906022469 ], [ 23.720005763216577, 37.987719153723646 ], [ 23.720006002274246, 37.98771917682479 ], [ 23.720006333538663, 37.987719209158314 ], [ 23.720033799196319, 37.987803924999355 ], [ 23.719998236268392, 37.987860475279028 ], [ 23.719884657955827, 37.988041078277845 ], [ 23.719839962001789, 37.98829520080357 ], [ 23.719866702737477, 37.988419926579098 ], [ 23.720077570273254, 37.989403458763405 ], [ 23.720180322775338, 37.989882706195552 ], [ 23.720295592675264, 37.990360661083308 ], [ 23.720322568377004, 37.990473385770137 ], [ 23.720308557538306, 37.990503331875729 ], [ 23.720274130286988, 37.9905769182838 ], [ 23.720302027015116, 37.990703229318505 ], [ 23.720325911209084, 37.990811375332882 ], [ 23.720407148595026, 37.990973799633068 ], [ 23.720452681969135, 37.991073049126072 ], [ 23.72067412924714, 37.991519710904804 ], [ 23.720823664485625, 37.991742964311271 ], [ 23.720991567839334, 37.991993638498883 ], [ 23.721037797337548, 37.992097395822007 ], [ 23.721023524578928, 37.992201009640375 ], [ 23.721034060680687, 37.992278158409007 ], [ 23.721034675771357, 37.992278130125456 ], [ 23.721218338770559, 37.992269587889972 ], [ 23.721321165019233, 37.992264805098948 ], [ 23.721345508979336, 37.992263673079393 ], [ 23.7214437334145, 37.992259104600052 ], [ 23.721556237075216, 37.992253871347458 ], [ 23.721874320189791, 37.992239075861285 ], [ 23.722298625898762, 37.992217546301553 ], [ 23.723105258563663, 37.992169877352552 ], [ 23.723333943922398, 37.992116338435387 ], [ 23.724330195745488, 37.992087132629862 ], [ 23.725073427051726, 37.992052820829443 ], [ 23.726044476901908, 37.9920055159076 ], [ 23.726943262875853, 37.991962541650402 ], [ 23.726943306155263, 37.991962540849592 ], [ 23.726943950804372, 37.991962525221737 ], [ 23.726946355144349, 37.991962465910873 ], [ 23.726950647874567, 37.991962360511799 ], [ 23.727111259044129, 37.991958425110042 ], [ 23.72791106892285, 37.99182959177903 ], [ 23.728644985342079, 37.991714120268128 ], [ 23.729059470511725, 37.991651985859079 ], [ 23.72984502060153, 37.9915276129341 ], [ 23.730769857661226, 37.991381497426786 ], [ 23.731082094882151, 37.991332165185121 ], [ 23.731131229190506, 37.991534359888988 ], [ 23.731137579696803, 37.991560490922325 ], [ 23.731169750761048, 37.991692879307195 ], [ 23.731271511549359, 37.992089676940623 ], [ 23.731369714507856, 37.992486466335187 ], [ 23.731470410334442, 37.992883261313686 ], [ 23.731916173700753, 37.994691352641368 ], [ 23.732005923802419, 37.995065589976015 ], [ 23.732141982464423, 37.995624695862418 ], [ 23.732223251336872, 37.995617275880321 ], [ 23.732239572784394, 37.995615785361736 ], [ 23.73233459284998, 37.995607108672367 ], [ 23.733230528050736, 37.99547845800884 ], [ 23.733490486096624, 37.995438489561288 ], [ 23.73358109803781, 37.995380111395107 ], [ 23.733910059354404, 37.995326966508557 ], [ 23.735699268806304, 37.995037895933663 ], [ 23.735768448271255, 37.995026378838709 ], [ 23.735769225464448, 37.995026249898515 ], [ 23.736108438824086, 37.994969778122929 ], [ 23.736428087841805, 37.994917390309311 ], [ 23.736615556695686, 37.994886733087696 ], [ 23.737641863434245, 37.994722289291516 ] ] ] } },
{ "type": "Feature", "properties": { "muni_id": 2, "year": 2030, "kwh_per_user_muni": 799.83701786245877, "ac_share_muni": 0.70252763699632315, "kwh_pc_overall": 561.90761141745008, "kwh_muni": 55541004.633300781 }, "geometry": { "type": "Polygon", "coordinates": [ [ [ 23.741176117930767, 37.975541750679781 ], [ 23.742030811082891, 37.975430967164037 ], [ 23.742584702196684, 37.975360077523369 ], [ 23.742752522137028, 37.975346111457405 ], [ 23.74300681736295, 37.975324948951418 ], [ 23.743122130834866, 37.975316187938077 ], [ 23.743433909072468, 37.975393477731807 ], [ 23.744368920333685, 37.97561632858114 ], [ 23.745783355495313, 37.975949586504584 ], [ 23.745797417245353, 37.975952900279957 ], [ 23.745808376928967, 37.9759233428206 ], [ 23.74581798502911, 37.97589743175088 ], [ 23.746393354289953, 37.974345708002254 ], [ 23.746418356102467, 37.974278278012669 ], [ 23.746453576918487, 37.974183287045456 ], [ 23.746501941992427, 37.974053024571418 ], [ 23.746550152910132, 37.973923173630567 ], [ 23.746550542500628, 37.973922122667595 ], [ 23.746901412928494, 37.973890225337676 ], [ 23.747914083569285, 37.973789859339782 ], [ 23.748681452947672, 37.973714891769994 ], [ 23.749443498527448, 37.973635401415422 ], [ 23.750237550405526, 37.973560480515395 ], [ 23.750237261872787, 37.9735586043236 ], [ 23.750173531799387, 37.973144297651942 ], [ 23.750110392851585, 37.972733829855635 ], [ 23.750025604128606, 37.97218261147232 ], [ 23.750464920314517, 37.971702843240458 ], [ 23.750958314829877, 37.971164007450859 ], [ 23.7512233325909, 37.970874424682208 ], [ 23.751638954882296, 37.970416080424087 ], [ 23.751664717406758, 37.970387669431119 ], [ 23.75225783505973, 37.969733571789398 ], [ 23.752617866373502, 37.969320959020614 ], [ 23.7527612724904, 37.969156607754428 ], [ 23.753459714448582, 37.968353919782309 ], [ 23.754109683091368, 37.967631776224373 ], [ 23.755126779524758, 37.966536415700205 ], [ 23.755771266679357, 37.965852556958097 ], [ 23.755379182747141, 37.965634391176287 ], [ 23.755010083683221, 37.965429012566837 ], [ 23.754596326366304, 37.965198782148022 ], [ 23.75400008534578, 37.964867005477402 ], [ 23.752905736093034, 37.964258041968883 ], [ 23.752231616877094, 37.964299412007797 ], [ 23.752221576186098, 37.964300019961506 ], [ 23.751179060791074, 37.964362727856845 ], [ 23.751059531017628, 37.964405716136291 ], [ 23.750711694441019, 37.96441245040166 ], [ 23.750675628234532, 37.964399552239584 ], [ 23.750207970319021, 37.964114750678355 ], [ 23.749719168055208, 37.963817067014062 ], [ 23.749155941401291, 37.96351567698072 ], [ 23.748725091380088, 37.963285119947564 ], [ 23.748301141291677, 37.963072682989974 ], [ 23.747660346915332, 37.962690909580274 ], [ 23.746603391747552, 37.962065789394586 ], [ 23.746520984855277, 37.962022016521701 ], [ 23.745986287295871, 37.961737990091784 ], [ 23.74552557823209, 37.961480761586749 ], [ 23.74505175317648, 37.961211829351008 ], [ 23.744550121137863, 37.960932033776778 ], [ 23.745416309252168, 37.959983619657727 ], [ 23.745921512407499, 37.959430443923402 ], [ 23.746461993962015, 37.958838628889175 ], [ 23.746701393614543, 37.958567002813112 ], [ 23.747306871769723, 37.957879053332505 ], [ 23.747703196672845, 37.957428737076619 ], [ 23.747552634060085, 37.957284493443602 ], [ 23.746934381691418, 37.95669218314265 ], [ 23.746673737205565, 37.956760490712391 ], [ 23.746510887280763, 37.956803168455487 ], [ 23.745965025244221, 37.956944233630047 ], [ 23.745713797189541, 37.957007975437875 ], [ 23.745631273372133, 37.956532827151008 ], [ 23.745579223789111, 37.956385454636987 ], [ 23.745290794502857, 37.955853069447741 ], [ 23.745021866734071, 37.955948111135534 ], [ 23.744647883598361, 37.956080279120663 ], [ 23.744150765826564, 37.956261606766141 ], [ 23.743767340434086, 37.956388942124619 ], [ 23.743444826391357, 37.956324934510782 ], [ 23.742936947890996, 37.95622413518911 ], [ 23.742405206936617, 37.956126417022425 ], [ 23.741927918210909, 37.956038703954327 ], [ 23.741020548486798, 37.955871947197821 ], [ 23.740392983532203, 37.955756607772969 ], [ 23.740116140932763, 37.955708203901537 ], [ 23.739998579579058, 37.955990952844985 ], [ 23.739847339524303, 37.956354702731126 ], [ 23.738718255353604, 37.956270961229045 ], [ 23.737466197842231, 37.956165983178572 ], [ 23.737141816378941, 37.956138782636103 ], [ 23.736677031438582, 37.956099808055001 ], [ 23.736158006231435, 37.956056282883665 ], [ 23.735736084631728, 37.95602089950485 ], [ 23.73587316326725, 37.955674988491481 ], [ 23.735829381986189, 37.955662659695484 ], [ 23.735479822519935, 37.955564221367212 ], [ 23.735473238460955, 37.955562367031874 ], [ 23.734873155696242, 37.955393375521616 ], [ 23.734061488304597, 37.95516577600889 ], [ 23.734050257480686, 37.955203169481528 ], [ 23.734011109121976, 37.955302408552612 ], [ 23.733983298080631, 37.955372906769675 ], [ 23.733790753910029, 37.955638582554919 ], [ 23.733789967986528, 37.955639667732378 ], [ 23.73354713741826, 37.955780759378754 ], [ 23.73332115088893, 37.955653787396173 ], [ 23.732309177379488, 37.955085192650586 ], [ 23.731227083852083, 37.954600535598743 ], [ 23.731158158518721, 37.954577845879022 ], [ 23.731054761814498, 37.954546064428961 ], [ 23.730885062079135, 37.954455547401686 ], [ 23.730817800428856, 37.954365363673503 ], [ 23.730522489157259, 37.954220467755128 ], [ 23.73047602628052, 37.954197670451947 ], [ 23.729917808899419, 37.954294477817065 ], [ 23.729860101700993, 37.954304485753575 ], [ 23.729839357089215, 37.954315255406833 ], [ 23.729652683833894, 37.954412164159322 ], [ 23.729562432385325, 37.954337336245409 ], [ 23.729526888602745, 37.954307866178418 ], [ 23.729320034800978, 37.954136362582332 ], [ 23.729289742048348, 37.954110614233045 ], [ 23.728891606634054, 37.953764550288241 ], [ 23.7288583435665, 37.953735636861893 ], [ 23.728855103039873, 37.953732820072844 ], [ 23.728572405460994, 37.953487093950791 ], [ 23.728538813599293, 37.953457894866929 ], [ 23.727542081412032, 37.952591494342677 ], [ 23.727476446940699, 37.952534441180035 ], [ 23.726818690292468, 37.952685753069602 ], [ 23.726615260084419, 37.95273255235098 ], [ 23.726612245711507, 37.952733245649604 ], [ 23.726480673228046, 37.95255768036737 ], [ 23.725634608489369, 37.951422297358945 ], [ 23.72540417728008, 37.951079305489536 ], [ 23.725173814987919, 37.950736413356239 ], [ 23.724948453438515, 37.950400959980684 ], [ 23.724848424401316, 37.950264423031427 ], [ 23.724816679417998, 37.950229719405179 ], [ 23.724612663870875, 37.950006685497044 ], [ 23.72453059898443, 37.949950967586645 ], [ 23.72433179108906, 37.949861695107863 ], [ 23.724027421740782, 37.949672450545705 ], [ 23.723732013757935, 37.949443105277517 ], [ 23.72346822113871, 37.94923830270934 ], [ 23.723199216327224, 37.949029450402215 ], [ 23.722949746564364, 37.94883576532996 ], [ 23.722020161472805, 37.949608527884259 ], [ 23.721688779506913, 37.949860105911014 ], [ 23.721104835730447, 37.950318061489064 ], [ 23.721104429321677, 37.9503183804839 ], [ 23.720181597478458, 37.951009935296604 ], [ 23.720076629354399, 37.951088595398403 ], [ 23.71931718857309, 37.951693104951808 ], [ 23.718635384491915, 37.952274762729445 ], [ 23.717917659228242, 37.952847134506612 ], [ 23.717800531590228, 37.952942520178127 ], [ 23.717162699532029, 37.953461949614059 ], [ 23.716980243696021, 37.953610532862612 ], [ 23.71655079195676, 37.953960255873689 ], [ 23.716176975046039, 37.954264668474643 ], [ 23.715738876381504, 37.954621422908659 ], [ 23.715725942531527, 37.954631955677499 ], [ 23.715033247185026, 37.955196024087293 ], [ 23.714917414057656, 37.955284986482695 ], [ 23.714872964041515, 37.955319124174807 ], [ 23.717549781815762, 37.957439104509412 ], [ 23.718454206194828, 37.95813977145437 ], [ 23.720338267339486, 37.959593333292098 ], [ 23.720338313874851, 37.959593369454282 ], [ 23.720394007689507, 37.959636642927336 ], [ 23.722415006776885, 37.961206883651904 ], [ 23.72250879908071, 37.961279754195139 ], [ 23.722711082077907, 37.961437253663526 ], [ 23.72390405801649, 37.962366970813903 ], [ 23.724575787976907, 37.962890380603241 ], [ 23.724576081969463, 37.962890609317512 ], [ 23.724647093180263, 37.962945843370626 ], [ 23.726316257883607, 37.964244120071072 ], [ 23.727502079973995, 37.965166322020458 ], [ 23.728659862636601, 37.966066684744575 ], [ 23.730290944283691, 37.967335056199282 ], [ 23.731470350476972, 37.968252151383702 ], [ 23.731602888571231, 37.968385399211733 ], [ 23.731602912351356, 37.968385434416184 ], [ 23.731618466714611, 37.968410680727217 ], [ 23.731664137274752, 37.968484808584577 ], [ 23.731699563844042, 37.969692081518403 ], [ 23.731692482209279, 37.969936440520691 ], [ 23.731701870818483, 37.970053642852257 ], [ 23.731732356141208, 37.97015708826715 ], [ 23.731806705791836, 37.970265705224257 ], [ 23.732044628458684, 37.970428701772953 ], [ 23.732354004893761, 37.970516400115152 ], [ 23.73261474909086, 37.970634491199156 ], [ 23.732855338379203, 37.970826848001238 ], [ 23.732898271872489, 37.97087565827848 ], [ 23.733876643718467, 37.971987912064172 ], [ 23.73393158651686, 37.972076234524593 ], [ 23.734124157217661, 37.972318900803629 ], [ 23.73481604734377, 37.973086134907327 ], [ 23.735082196143537, 37.973409709039899 ], [ 23.735158950777102, 37.973583897890322 ], [ 23.73531048095893, 37.973993525152494 ], [ 23.735450725685595, 37.974788714540693 ], [ 23.735612540867191, 37.974766141469544 ], [ 23.735728101600287, 37.974750020237607 ], [ 23.736308386270473, 37.974673334026789 ], [ 23.73630836948843, 37.974673251070776 ], [ 23.736305663385934, 37.974659476042532 ], [ 23.736434843805704, 37.974642333743297 ], [ 23.7364371926861, 37.974642021752786 ], [ 23.736447378469986, 37.974686925964683 ], [ 23.736447583604082, 37.974687828612581 ], [ 23.737364503924596, 37.974561837008302 ], [ 23.737366424520609, 37.974561572712581 ], [ 23.737565503309753, 37.974534216793707 ], [ 23.737566337160985, 37.974534102387871 ], [ 23.737567816905432, 37.97453389929418 ], [ 23.737803563545508, 37.975608025448913 ], [ 23.737803770831647, 37.975608968657049 ], [ 23.737967117621107, 37.975587929755875 ], [ 23.737969277397344, 37.975587651562527 ], [ 23.73802093456332, 37.97580742195521 ], [ 23.738020960360213, 37.975807531969664 ], [ 23.738051265845581, 37.975956083769034 ], [ 23.738416212800107, 37.975905173693235 ], [ 23.739086169108123, 37.975816532832035 ], [ 23.739103861040849, 37.975814197179275 ], [ 23.740563483167652, 37.97562151701468 ], [ 23.741176117930767, 37.975541750679781 ] ] ] } },
{ "type": "Feature", "properties": { "muni_id": 3, "year": 2030, "kwh_per_user_muni": 800.95653807182919, "ac_share_muni": 0.53685144461647172, "kwh_pc_overall": 429.9946701060058, "kwh_muni": 31886354.933929443 }, "geometry": { "type": "Polygon", "coordinates": [ [ [ 23.706754804427288, 37.988065458548057 ], [ 23.70749920113872, 37.988535979904384 ], [ 23.707812142025364, 37.98823482740832 ], [ 23.708208319566833, 37.987852764968771 ], [ 23.708693850442842, 37.98737178118138 ], [ 23.708977120708816, 37.987102096988245 ], [ 23.70904211942203, 37.987043674284102 ], [ 23.709618848099549, 37.986716130544949 ], [ 23.710198438218615, 37.986474213053498 ], [ 23.711041020753484, 37.986138304136759 ], [ 23.711135162153923, 37.986088964697956 ], [ 23.711340561136399, 37.985981314748543 ], [ 23.711697037621686, 37.985824464154298 ], [ 23.7119936227908, 37.985694504394445 ], [ 23.712585089828632, 37.985961830133235 ], [ 23.713013536521874, 37.986147639632406 ], [ 23.713332664462445, 37.985711294630718 ], [ 23.713895007418806, 37.98596502353503 ], [ 23.714253008766786, 37.986127689716568 ], [ 23.715076201595238, 37.986495142276269 ], [ 23.715668752205907, 37.986762455124925 ], [ 23.715695673526589, 37.986774662305962 ], [ 23.715708438481155, 37.986780449664337 ], [ 23.71662994061608, 37.987198264662915 ], [ 23.716637694712329, 37.987201780327737 ], [ 23.716687957095896, 37.987224569612437 ], [ 23.717514266309685, 37.987600590111299 ], [ 23.717778145010975, 37.987222632566045 ], [ 23.717878317582642, 37.987135254467383 ], [ 23.717906889304746, 37.987110332166949 ], [ 23.717912466305943, 37.98710546778829 ], [ 23.717951195659612, 37.987071684970559 ], [ 23.717973002230497, 37.987049044708101 ], [ 23.718014759715413, 37.987005692978144 ], [ 23.718042336618652, 37.986984193141573 ], [ 23.717995463064483, 37.986942338668065 ], [ 23.717995224734388, 37.986942126294757 ], [ 23.71816652100032, 37.986741346633913 ], [ 23.718428783511978, 37.986368330844137 ], [ 23.718785547247784, 37.985892875031375 ], [ 23.71924981644236, 37.985180288850408 ], [ 23.719270207915987, 37.98505866402482 ], [ 23.719287414366931, 37.98493252516645 ], [ 23.719288313617504, 37.984928135349833 ], [ 23.719307719876724, 37.984833432253396 ], [ 23.719842209975759, 37.984086639714008 ], [ 23.720355947483792, 37.983366833863158 ], [ 23.720505156668334, 37.983150879978901 ], [ 23.720884028145935, 37.982615514704847 ], [ 23.721417028657974, 37.981877723999553 ], [ 23.721780840822923, 37.981369358607914 ], [ 23.721807206339275, 37.981331877003882 ], [ 23.720709208545177, 37.980844120257615 ], [ 23.720709080090479, 37.980844063171617 ], [ 23.720741455857805, 37.980799085658589 ], [ 23.721232608330986, 37.980115273345383 ], [ 23.721525905473843, 37.979714895773355 ], [ 23.721542799149635, 37.979669871463742 ], [ 23.721566861597044, 37.979611344829259 ], [ 23.721722801577023, 37.979399911606293 ], [ 23.72181172647463, 37.979314499757983 ], [ 23.721131771286515, 37.978740573117179 ], [ 23.721466215063437, 37.978247420088756 ], [ 23.721467408176107, 37.978245660899169 ], [ 23.721974422465607, 37.978642902582614 ], [ 23.721975093425101, 37.978643427815676 ], [ 23.721985493753724, 37.978636506183278 ], [ 23.722447392656974, 37.978329092949316 ], [ 23.722050754965654, 37.9781118477406 ], [ 23.722623901302001, 37.977637841442998 ], [ 23.722197331908816, 37.977332170319585 ], [ 23.722180707840561, 37.977252147300156 ], [ 23.72218052555159, 37.977251269917979 ], [ 23.722179675606149, 37.977247181478134 ], [ 23.722179620809335, 37.977246917271806 ], [ 23.722412957560241, 37.977216283599006 ], [ 23.722415646050713, 37.977215929428439 ], [ 23.722402035107084, 37.97714815932698 ], [ 23.722400567604755, 37.977140854542668 ], [ 23.722391197103676, 37.977094198067441 ], [ 23.722358528686392, 37.977062502038599 ], [ 23.722357730018985, 37.977061725948545 ], [ 23.722041992715909, 37.976755391048208 ], [ 23.721873040548417, 37.976564824776396 ], [ 23.721865715133685, 37.976556561586655 ], [ 23.721841808048644, 37.976529596249819 ], [ 23.721839662549812, 37.97653089533825 ], [ 23.721537956483719, 37.97671364111676 ], [ 23.721537367974037, 37.976712997106418 ], [ 23.721523682561024, 37.976698024985801 ], [ 23.721463745315912, 37.976632448784329 ], [ 23.721463174950312, 37.976631824644883 ], [ 23.721430758215813, 37.97659635887134 ], [ 23.721302666614488, 37.976456217270453 ], [ 23.721070046044339, 37.976433811537859 ], [ 23.720966897939306, 37.976423876285374 ], [ 23.721000809809386, 37.976356651345867 ], [ 23.721002124817957, 37.976354869917351 ], [ 23.721011399213396, 37.976343032784847 ], [ 23.721025626583206, 37.976324874057177 ], [ 23.72103328220415, 37.976306930472909 ], [ 23.721063504873772, 37.976236091619 ], [ 23.721064040216014, 37.976234836494953 ], [ 23.72106609405002, 37.976221956572516 ], [ 23.721089187531874, 37.976077170974065 ], [ 23.721085308275207, 37.976068148910912 ], [ 23.721075734893052, 37.976059113346722 ], [ 23.721060113283706, 37.976050063440454 ], [ 23.721030598537702, 37.976045487019178 ], [ 23.721012485686128, 37.97603643119875 ], [ 23.720991544542692, 37.976022862234693 ], [ 23.720969924763562, 37.976000278791489 ], [ 23.720958607036149, 37.975982226214455 ], [ 23.720953321615216, 37.975968694378466 ], [ 23.720948391438142, 37.975955163384917 ], [ 23.720943444202202, 37.975946138783556 ], [ 23.720939563831607, 37.975937116712778 ], [ 23.720935701661684, 37.975923588252151 ], [ 23.720453115629699, 37.974822497796218 ], [ 23.720435485709398, 37.974782272932366 ], [ 23.720443256588435, 37.974776564623319 ], [ 23.720443418721072, 37.974776445137465 ], [ 23.720529545711937, 37.97471317305277 ], [ 23.720624389932684, 37.974643496333158 ], [ 23.721597222448615, 37.973928805525958 ], [ 23.72215955247276, 37.973729323741409 ], [ 23.723400448605265, 37.973289112148244 ], [ 23.723401774520156, 37.973288642090083 ], [ 23.724718482036213, 37.973335213180881 ], [ 23.725033806430055, 37.973345357358411 ], [ 23.725053673159493, 37.973345996839015 ], [ 23.725094461988686, 37.973346687012089 ], [ 23.72522162229691, 37.973351385080058 ], [ 23.725224667541539, 37.973351497643534 ], [ 23.725224064843761, 37.973052563645446 ], [ 23.725224039508934, 37.97304011681134 ], [ 23.72522398869172, 37.973014957262997 ], [ 23.725220506503753, 37.972829062265127 ], [ 23.725220465749981, 37.972826861226743 ], [ 23.725219093515406, 37.97275362573712 ], [ 23.725219079359938, 37.972752841584239 ], [ 23.725539300193351, 37.972807728524877 ], [ 23.725844928240573, 37.972796890273386 ], [ 23.725873618890432, 37.972799302280862 ], [ 23.725876719352559, 37.972799562767214 ], [ 23.726083035549394, 37.97281690461805 ], [ 23.726342589046709, 37.972870608914313 ], [ 23.726572574541898, 37.972987852258321 ], [ 23.726658923354083, 37.972984677603172 ], [ 23.726839703647894, 37.972996442914095 ], [ 23.726893036980567, 37.972963322764883 ], [ 23.726934020295772, 37.972958176917103 ], [ 23.726998759317073, 37.972950048847984 ], [ 23.727060520914822, 37.972939788600208 ], [ 23.727092000959928, 37.972934558459507 ], [ 23.727265869773056, 37.972901493281505 ], [ 23.727267925179977, 37.972901102381591 ], [ 23.727383712450802, 37.972936411001875 ], [ 23.727416836791015, 37.972946511874106 ], [ 23.727464769981633, 37.972973661544202 ], [ 23.727481452613596, 37.973012962963587 ], [ 23.727504708992328, 37.973067752905294 ], [ 23.727504979892725, 37.973068389841501 ], [ 23.727693262428961, 37.973019457812178 ], [ 23.727702036061757, 37.973017023915524 ], [ 23.727707088479303, 37.973015622391777 ], [ 23.72793141314337, 37.972953388382756 ], [ 23.728096931489468, 37.972903021383225 ], [ 23.728304687130386, 37.972825973562131 ], [ 23.728288294097425, 37.972805606266732 ], [ 23.728279700909749, 37.972794928697859 ], [ 23.728251587750911, 37.972759999267474 ], [ 23.728436914204533, 37.972640356837459 ], [ 23.728491442138463, 37.972590827178458 ], [ 23.728587180872733, 37.972490639291692 ], [ 23.728679626700252, 37.972357029406041 ], [ 23.728738762984435, 37.972240699633552 ], [ 23.72876651323525, 37.972138472916427 ], [ 23.728764329102834, 37.972122489859224 ], [ 23.728764450969287, 37.972120621771602 ], [ 23.7287649723634, 37.97211259250377 ], [ 23.728768327629865, 37.972060922227321 ], [ 23.728772363533562, 37.971998786869811 ], [ 23.728839411118912, 37.971859241893078 ], [ 23.728921492712157, 37.971598057720406 ], [ 23.728957882452953, 37.971377326149714 ], [ 23.72895143868066, 37.97109791219296 ], [ 23.728951538089785, 37.9710708737977 ], [ 23.729027049715569, 37.97097647926114 ], [ 23.728987851264151, 37.970824415670094 ], [ 23.728985658979582, 37.970815912379734 ], [ 23.728991550508074, 37.970798972733654 ], [ 23.729112967031483, 37.970449904304914 ], [ 23.729157163493358, 37.970223924379624 ], [ 23.729158543108102, 37.970216869572511 ], [ 23.729162365168435, 37.970197329443295 ], [ 23.729306975316426, 37.969684699810593 ], [ 23.729307482864691, 37.969682901106893 ], [ 23.729308524504031, 37.969679206421489 ], [ 23.729358230402934, 37.969545921186963 ], [ 23.729359344584768, 37.969542933277495 ], [ 23.729395839991447, 37.969445072489371 ], [ 23.729183877839436, 37.969422052552254 ], [ 23.729181046741278, 37.969421953202442 ], [ 23.728773002318025, 37.969407584885232 ], [ 23.727797376598936, 37.969522500756959 ], [ 23.726887212721174, 37.969637558717189 ], [ 23.725735791558893, 37.969761060308294 ], [ 23.725019217453934, 37.969863035646554 ], [ 23.7244820724828, 37.969933881904289 ], [ 23.722407475434306, 37.970221880154504 ], [ 23.722445155489467, 37.969987592847495 ], [ 23.722473692008094, 37.969976491414698 ], [ 23.72248577909394, 37.969971789069774 ], [ 23.723601728225258, 37.969537645057116 ], [ 23.723701877369244, 37.968593639950996 ], [ 23.723759899067677, 37.9680434489687 ], [ 23.72378120486686, 37.96783674445917 ], [ 23.723809511436688, 37.967593463183093 ], [ 23.723824421325116, 37.967404608062481 ], [ 23.723824451211328, 37.967404227789125 ], [ 23.72369336797707, 37.967302879308853 ], [ 23.723603777097477, 37.967233612176145 ], [ 23.723081968812323, 37.966830168203252 ], [ 23.72307710007269, 37.966826403779777 ], [ 23.722531416655372, 37.966405262036112 ], [ 23.722294461369692, 37.966219938886091 ], [ 23.721975910635464, 37.965976722892698 ], [ 23.721951067139297, 37.96595775425385 ], [ 23.721399845978333, 37.965523831889968 ], [ 23.721370402394754, 37.965501229956786 ], [ 23.721090347580201, 37.965459310796533 ], [ 23.720744249551096, 37.965409616537265 ], [ 23.7202976538915, 37.965345465455727 ], [ 23.719159501771067, 37.965176015745058 ], [ 23.718221334002695, 37.965033945740451 ], [ 23.717587232381153, 37.964937917125411 ], [ 23.717319988483496, 37.96495530107461 ], [ 23.716942183811252, 37.965044521519168 ], [ 23.716222616194734, 37.96565566399272 ], [ 23.715829602461259, 37.965997204808851 ], [ 23.715477100059832, 37.966257726350989 ], [ 23.715358404980073, 37.966316022952199 ], [ 23.71533563250766, 37.966685495903405 ], [ 23.71533325415912, 37.966692009163992 ], [ 23.71532412505778, 37.966717013135238 ], [ 23.715320240361294, 37.966717080344679 ], [ 23.714411871178953, 37.966732827933903 ], [ 23.714107699932299, 37.966362561127497 ], [ 23.71401927229369, 37.966267802005639 ], [ 23.713985468590593, 37.966231577282137 ], [ 23.713717344352801, 37.96592448722928 ], [ 23.713622810217988, 37.965807089714247 ], [ 23.713275794205426, 37.96538714556803 ], [ 23.713245976469569, 37.965349582015115 ], [ 23.713239574496782, 37.965341517007197 ], [ 23.713205233166562, 37.965298254388657 ], [ 23.7130339406066, 37.96508246580018 ], [ 23.713866291398659, 37.96469226332102 ], [ 23.713829536932462, 37.964286608652031 ], [ 23.713835057912384, 37.964194300422193 ], [ 23.713852535004694, 37.964052306209823 ], [ 23.713852733670446, 37.964050689781828 ], [ 23.713791187400613, 37.964040360022061 ], [ 23.713004765743634, 37.963908372129886 ], [ 23.712335937706406, 37.963798513795318 ], [ 23.712085724713774, 37.963757414065284 ], [ 23.711970212437684, 37.96374237543403 ], [ 23.711415466538853, 37.96367014950718 ], [ 23.710402178462544, 37.963604569465282 ], [ 23.708635909368752, 37.963501066798948 ], [ 23.708418492775174, 37.963514047483763 ], [ 23.708218044026605, 37.96355410849678 ], [ 23.707562636829884, 37.963940035134712 ], [ 23.707328334318653, 37.964083658609887 ], [ 23.707204282729965, 37.964146440116579 ], [ 23.706445897367061, 37.964586145380032 ], [ 23.706445835748926, 37.964586181277816 ], [ 23.706388168512976, 37.964633656026841 ], [ 23.706340057818704, 37.964673256614248 ], [ 23.706322622502505, 37.964687608465674 ], [ 23.706239067674993, 37.964756384450475 ], [ 23.706183849033827, 37.964801836412178 ], [ 23.70589749265055, 37.964972365636292 ], [ 23.705524097037792, 37.965201260044296 ], [ 23.705343965794548, 37.96531078058262 ], [ 23.704815471831004, 37.965632102397684 ], [ 23.704247353528505, 37.965977671400225 ], [ 23.703570485740649, 37.966381547372173 ], [ 23.703570426396514, 37.966381583274156 ], [ 23.702622555610578, 37.966951472764421 ], [ 23.702166016850388, 37.967220344538248 ], [ 23.702138112574108, 37.967236778270141 ], [ 23.702058740749056, 37.967283522651208 ], [ 23.701289822838145, 37.967745735901872 ], [ 23.700819353484519, 37.968041965261449 ], [ 23.699548860263651, 37.968831860291417 ], [ 23.699800809541994, 37.969008248175264 ], [ 23.699926076794682, 37.969095946654541 ], [ 23.700768406328351, 37.969440634472271 ], [ 23.701818651335259, 37.969769925787595 ], [ 23.702110743371311, 37.969887604167766 ], [ 23.702312162732781, 37.969986977103353 ], [ 23.702469371959353, 37.970084904886683 ], [ 23.702767616845833, 37.970282145695421 ], [ 23.702808701178235, 37.970309316944167 ], [ 23.703660040111227, 37.970872328254295 ], [ 23.704225785818718, 37.971247172329051 ], [ 23.705102389997041, 37.971826156095958 ], [ 23.705560646266655, 37.972129193583676 ], [ 23.705520389763027, 37.972172174332847 ], [ 23.705520356601461, 37.972172210301309 ], [ 23.704100787067762, 37.973687814805956 ], [ 23.704775027649664, 37.974311396519539 ], [ 23.705212006236923, 37.974667718190709 ], [ 23.705263439257799, 37.974709657743375 ], [ 23.705321837146517, 37.97475727570037 ], [ 23.705346014803315, 37.974776990615283 ], [ 23.705737997355786, 37.975071368451708 ], [ 23.705770046019687, 37.975095436352213 ], [ 23.705773483376134, 37.975098017220894 ], [ 23.70573577845461, 37.975111529631775 ], [ 23.705690977902581, 37.975127584833544 ], [ 23.705544787329643, 37.975179975801325 ], [ 23.705500282012608, 37.975195925317287 ], [ 23.705498759808187, 37.975196471291262 ], [ 23.705487773593386, 37.975211269948566 ], [ 23.705487174884396, 37.975212076903567 ], [ 23.70548517384908, 37.975214773049181 ], [ 23.70546870881773, 37.975236953944098 ], [ 23.705296728352611, 37.975268068254017 ], [ 23.705080644496224, 37.975294565321235 ], [ 23.70476675004571, 37.975311803695789 ], [ 23.704409448053553, 37.975328932169973 ], [ 23.704241114283498, 37.975337521939359 ], [ 23.703656003340374, 37.975376607318807 ], [ 23.702925413352194, 37.975491931830618 ], [ 23.702697057044329, 37.975473329208619 ], [ 23.700576173626811, 37.975621168710241 ], [ 23.697602123331553, 37.975748754188089 ], [ 23.696784816126254, 37.97578201415498 ], [ 23.696273311284841, 37.975800255234539 ], [ 23.696059784962749, 37.975807869393059 ], [ 23.693682601751419, 37.97589183205676 ], [ 23.691937408063552, 37.975959377668687 ], [ 23.685289377800395, 37.976339415014273 ], [ 23.685462225061791, 37.976623755284528 ], [ 23.68693771014927, 37.978424714192151 ], [ 23.6872133802135, 37.97867505763049 ], [ 23.687882555166457, 37.979282744015222 ], [ 23.688167541991966, 37.979541541436255 ], [ 23.689491570955372, 37.980826111820711 ], [ 23.689778390089472, 37.981190415469797 ], [ 23.68991494062028, 37.98143387824296 ], [ 23.69007213218195, 37.981607174310419 ], [ 23.690414832203331, 37.981984980631744 ], [ 23.69069284362882, 37.982458831634638 ], [ 23.69078798643687, 37.982620994010738 ], [ 23.69089723197694, 37.982807193681701 ], [ 23.691270715131722, 37.983240016154618 ], [ 23.691915036736152, 37.983804984151568 ], [ 23.692326412077222, 37.984166334137981 ], [ 23.69258433956217, 37.984462748857752 ], [ 23.692783901307184, 37.984692087487609 ], [ 23.693152223433707, 37.985088066616861 ], [ 23.693349979829126, 37.985391396825321 ], [ 23.693525981781384, 37.985661356730873 ], [ 23.693620508323377, 37.98586439199709 ], [ 23.694146414918716, 37.986792889414254 ], [ 23.694289873659496, 37.987322434327922 ], [ 23.694305254214637, 37.987379207443801 ], [ 23.694354867612859, 37.987459072092065 ], [ 23.694386383674711, 37.987509806157398 ], [ 23.694406733670963, 37.987546890095658 ], [ 23.694516526826082, 37.987746960266151 ], [ 23.694564932807303, 37.987870140109699 ], [ 23.694850424865173, 37.98859663116238 ], [ 23.694989720062164, 37.988980523078517 ], [ 23.694989748211135, 37.988980600661954 ], [ 23.695119997918624, 37.989341699807007 ], [ 23.695839792541772, 37.990699043848181 ], [ 23.696067818676998, 37.991101560785687 ], [ 23.696457547622277, 37.991649143492133 ], [ 23.697120313075782, 37.992580329580981 ], [ 23.697503620614743, 37.992971514981718 ], [ 23.697601817527755, 37.993041643993429 ], [ 23.697905718667474, 37.993068434160875 ], [ 23.697978639216281, 37.993074862814716 ], [ 23.698082242734976, 37.993115865911427 ], [ 23.69840015879339, 37.99340481014643 ], [ 23.698475102696882, 37.993472923914936 ], [ 23.698546776174158, 37.993516476489937 ], [ 23.700893404419237, 37.992073532312567 ], [ 23.701724794197268, 37.991511370532059 ], [ 23.703374593995751, 37.990395815448785 ], [ 23.70424214600682, 37.989798646158711 ], [ 23.70485413750988, 37.989385592667809 ], [ 23.706240074862407, 37.988422978202692 ], [ 23.706297509758208, 37.988383085674805 ], [ 23.706754804427288, 37.988065458548057 ] ] ] } },
{ "type": "Feature", "properties": { "muni_id": 4, "year": 2030, "kwh_per_user_muni": 873.89191468779836, "ac_share_muni": 0.48303064133542023, "kwh_pc_overall": 422.11657591541808, "kwh_muni": 31390243.645996094 }, "geometry": { "type": "Polygon", "coordinates": [ [ [ 23.72426807846702, 38.01495252140036 ], [ 23.72476478183437, 38.014931152952236 ], [ 23.725232294099353, 38.014909714204471 ], [ 23.725660646158978, 38.01488818224918 ], [ 23.726248874660392, 38.014858008202935 ], [ 23.726337891256399, 38.014853708982855 ], [ 23.726409106736796, 38.014849368282682 ], [ 23.726961023864856, 38.014819106189641 ], [ 23.727397205770853, 38.014797586085926 ], [ 23.728052732775815, 38.014763052594382 ], [ 23.728406340084682, 38.014736831359535 ], [ 23.728468993332115, 38.013772605564085 ], [ 23.728557551521071, 38.012889141876514 ], [ 23.728626346125559, 38.01237472683642 ], [ 23.728516519284025, 38.012257835857419 ], [ 23.728523819274837, 38.012223184029331 ], [ 23.72853724122978, 38.01215947010143 ], [ 23.728509851292259, 38.011958959239749 ], [ 23.728499602148545, 38.011883929156191 ], [ 23.728484900652969, 38.011776304772305 ], [ 23.728483490576934, 38.011766674932232 ], [ 23.72839811722384, 38.011183777836415 ], [ 23.728398050564557, 38.011183319831574 ], [ 23.728391145809017, 38.011136178589794 ], [ 23.728321174013406, 38.010707908333551 ], [ 23.728192149878481, 38.009882937695714 ], [ 23.728039256598322, 38.008967783447297 ], [ 23.727919578987887, 38.008247672782517 ], [ 23.727916916988111, 38.008234086110733 ], [ 23.727885563292475, 38.00807962941311 ], [ 23.727870607888033, 38.00800785548379 ], [ 23.727834839014189, 38.007836202007951 ], [ 23.727633726226731, 38.00715977503301 ], [ 23.727476607977785, 38.006812417515626 ], [ 23.727307643853059, 38.00649207076367 ], [ 23.72720967823809, 38.006320599991255 ], [ 23.726790592365248, 38.005701262058125 ], [ 23.726652037902554, 38.005496499579493 ], [ 23.726644664198158, 38.005485602163127 ], [ 23.726600676487951, 38.00544494221824 ], [ 23.726259738787249, 38.005043078592962 ], [ 23.725948199407654, 38.004681840166192 ], [ 23.72555158818108, 38.004225767764645 ], [ 23.725211679786558, 38.003837422671836 ], [ 23.724432989141619, 38.00294783754314 ], [ 23.724255048876991, 38.002749138335993 ], [ 23.723986054744298, 38.00243756488203 ], [ 23.723525313239648, 38.001909232378608 ], [ 23.723181595390741, 38.001403705591976 ], [ 23.723217968176364, 38.001398561051957 ], [ 23.723269887449085, 38.001391217900043 ], [ 23.723314393584172, 38.001384922601957 ], [ 23.72336963022962, 38.001377109530281 ], [ 23.723583293319884, 38.001350573403009 ], [ 23.723488913409394, 38.000417523865018 ], [ 23.723368161657874, 37.999114886039898 ], [ 23.723251736733573, 37.997893373480828 ], [ 23.723188535543333, 37.997284858532041 ], [ 23.723154027393917, 37.996901731881579 ], [ 23.723137906771793, 37.996706054148738 ], [ 23.723137688921536, 37.996703411072943 ], [ 23.722220508213056, 37.996796283438158 ], [ 23.722220419343447, 37.996796292241115 ], [ 23.722128289406797, 37.996804678269541 ], [ 23.721792612795536, 37.996817403998179 ], [ 23.721719294920284, 37.996817230551002 ], [ 23.721298370949469, 37.996784688974067 ], [ 23.720786440060895, 37.996738665694927 ], [ 23.720783536789103, 37.996738403739521 ], [ 23.720872024115611, 37.996116728208172 ], [ 23.720967747526263, 37.995463524783759 ], [ 23.721061381516311, 37.99478628442273 ], [ 23.721302343987151, 37.994802461357729 ], [ 23.721446981052612, 37.994757153066629 ], [ 23.721406038741559, 37.994572292937228 ], [ 23.721326715925084, 37.994184553013298 ], [ 23.721226499413394, 37.993675090173411 ], [ 23.721192337888816, 37.993485739588934 ], [ 23.721139611156381, 37.992935831398931 ], [ 23.721110907768281, 37.99287218587142 ], [ 23.721105023658733, 37.992859140254467 ], [ 23.721120602385451, 37.992692439654391 ], [ 23.721034719978807, 37.992282696135383 ], [ 23.721034221622496, 37.992279265567561 ], [ 23.721034060680687, 37.992278158409007 ], [ 23.721023524578928, 37.992201009640375 ], [ 23.721037797337548, 37.992097395822007 ], [ 23.720991567839334, 37.991993638498883 ], [ 23.720823664485625, 37.991742964311271 ], [ 23.72067412924714, 37.991519710904804 ], [ 23.720452681969135, 37.991073049126072 ], [ 23.720407148595026, 37.990973799633068 ], [ 23.720325911209084, 37.990811375332882 ], [ 23.720302027015116, 37.990703229318505 ], [ 23.720274130286988, 37.9905769182838 ], [ 23.720308557538306, 37.990503331875729 ], [ 23.720322568377004, 37.990473385770137 ], [ 23.720295592675264, 37.990360661083308 ], [ 23.720180322775338, 37.989882706195552 ], [ 23.720077570273254, 37.989403458763405 ], [ 23.719866702737477, 37.988419926579098 ], [ 23.719839962001789, 37.98829520080357 ], [ 23.719884657955827, 37.988041078277845 ], [ 23.719998236268392, 37.987860475279028 ], [ 23.720033799196319, 37.987803924999355 ], [ 23.720006333538663, 37.987719209158314 ], [ 23.720006002274246, 37.98771917682479 ], [ 23.720005763216577, 37.987719153723646 ], [ 23.719290228231912, 37.987649906022469 ], [ 23.718867950638867, 37.987622315022335 ], [ 23.71842391040439, 37.987254627387529 ], [ 23.718309152416296, 37.987183343997749 ], [ 23.718253208494829, 37.987106571960751 ], [ 23.718214799794897, 37.987053862947896 ], [ 23.718042336618652, 37.986984193141573 ], [ 23.718014759715413, 37.987005692978144 ], [ 23.717973002230497, 37.987049044708101 ], [ 23.717951195659612, 37.987071684970559 ], [ 23.717912466305943, 37.98710546778829 ], [ 23.717906889304746, 37.987110332166949 ], [ 23.717878317582642, 37.987135254467383 ], [ 23.717778145010975, 37.987222632566045 ], [ 23.717514266309685, 37.987600590111299 ], [ 23.716687957095896, 37.987224569612437 ], [ 23.716637694712329, 37.987201780327737 ], [ 23.71662994061608, 37.987198264662915 ], [ 23.715708438481155, 37.986780449664337 ], [ 23.715695673526589, 37.986774662305962 ], [ 23.715668752205907, 37.986762455124925 ], [ 23.715076201595238, 37.986495142276269 ], [ 23.714253008766786, 37.986127689716568 ], [ 23.713895007418806, 37.98596502353503 ], [ 23.713332664462445, 37.985711294630718 ], [ 23.713013536521874, 37.986147639632406 ], [ 23.712585089828632, 37.985961830133235 ], [ 23.7119936227908, 37.985694504394445 ], [ 23.711697037621686, 37.985824464154298 ], [ 23.711340561136399, 37.985981314748543 ], [ 23.711135162153923, 37.986088964697956 ], [ 23.711041020753484, 37.986138304136759 ], [ 23.710198438218615, 37.986474213053498 ], [ 23.709618848099549, 37.986716130544949 ], [ 23.70904211942203, 37.987043674284102 ], [ 23.708977120708816, 37.987102096988245 ], [ 23.708693850442842, 37.98737178118138 ], [ 23.708208319566833, 37.987852764968771 ], [ 23.707812142025364, 37.98823482740832 ], [ 23.70749920113872, 37.988535979904384 ], [ 23.706754804427288, 37.988065458548057 ], [ 23.706297509758208, 37.988383085674805 ], [ 23.706240074862407, 37.988422978202692 ], [ 23.70485413750988, 37.989385592667809 ], [ 23.70424214600682, 37.989798646158711 ], [ 23.703374593995751, 37.990395815448785 ], [ 23.701724794197268, 37.991511370532059 ], [ 23.700893404419237, 37.992073532312567 ], [ 23.698546776174158, 37.993516476489937 ], [ 23.698639275018554, 37.993686471157766 ], [ 23.699062188433619, 37.994261120798221 ], [ 23.699719447299703, 37.994708537484158 ], [ 23.699927251326603, 37.994803865700959 ], [ 23.700373330325419, 37.995162427510508 ], [ 23.701106148385051, 37.995751461822678 ], [ 23.701378336328276, 37.995971276761971 ], [ 23.700590184143131, 37.996277000845708 ], [ 23.70076562043608, 37.997223579038135 ], [ 23.701044022375104, 37.99872566823349 ], [ 23.701212598744238, 37.999635178923704 ], [ 23.701252646682025, 37.999851240568184 ], [ 23.702396614410354, 38.000352524760928 ], [ 23.704325096383808, 38.001051376195306 ], [ 23.704402919429739, 38.001083116699007 ], [ 23.704842930083451, 38.001241946181466 ], [ 23.705304971440981, 38.001499970278552 ], [ 23.705341982714909, 38.001522027261075 ], [ 23.705403686776254, 38.001558800936323 ], [ 23.706360113143894, 38.002124118335097 ], [ 23.706399034805166, 38.002147123395837 ], [ 23.70641962641086, 38.002160694032291 ], [ 23.70705270051581, 38.002644458603598 ], [ 23.707704823798586, 38.00317333119159 ], [ 23.708960657113455, 38.004149830246028 ], [ 23.709374339999087, 38.004403212190638 ], [ 23.70976909900893, 38.00460435724419 ], [ 23.709880909100622, 38.004661328253576 ], [ 23.711543227162416, 38.005275614753245 ], [ 23.71161189620123, 38.005300989308012 ], [ 23.711946057875874, 38.005486962176278 ], [ 23.711955574525405, 38.005492258884956 ], [ 23.712091748145529, 38.005568043132527 ], [ 23.712366573331433, 38.00578414538704 ], [ 23.712591002869964, 38.005960618863966 ], [ 23.712752869342996, 38.006087896772989 ], [ 23.712839087816704, 38.006170004996456 ], [ 23.713945037552961, 38.007223204411652 ], [ 23.714512998803933, 38.007764060121936 ], [ 23.71482621657092, 38.008048723725921 ], [ 23.715092796684655, 38.008243145362655 ], [ 23.715167375422979, 38.008288390086442 ], [ 23.715338924862618, 38.008387946407872 ], [ 23.71706403249387, 38.009388025340421 ], [ 23.717188409406702, 38.009468517816437 ], [ 23.717524617499755, 38.009686099326551 ], [ 23.717637155089779, 38.009758928133607 ], [ 23.717789418422491, 38.009876460184799 ], [ 23.717848708574206, 38.009943454085793 ], [ 23.717868313567475, 38.009965606846109 ], [ 23.71790532206769, 38.01000742404613 ], [ 23.718021568745854, 38.010225892207643 ], [ 23.718114203084145, 38.010399982247257 ], [ 23.718199961265515, 38.010688836595897 ], [ 23.718226667058353, 38.01077878986311 ], [ 23.718270358247953, 38.01117545823756 ], [ 23.718296952176143, 38.011481957511023 ], [ 23.718322174109971, 38.011774934261403 ], [ 23.718354562161515, 38.012149043441113 ], [ 23.718387253090714, 38.012536672527247 ], [ 23.718528867771628, 38.013113831307066 ], [ 23.718770230515535, 38.013952599849333 ], [ 23.718831653728468, 38.014119269142206 ], [ 23.718950603161545, 38.014442027185069 ], [ 23.71897115673783, 38.014497796175419 ], [ 23.719005867525627, 38.014591980925687 ], [ 23.719006035527915, 38.014592436473819 ], [ 23.719032781562554, 38.014665007500554 ], [ 23.719052814341335, 38.01471936382503 ], [ 23.719108954356074, 38.014841170808467 ], [ 23.719167862445662, 38.014960392290412 ], [ 23.719173603022245, 38.014972010887327 ], [ 23.719224189359956, 38.014963118872004 ], [ 23.719412616822563, 38.014936530191306 ], [ 23.719519061254953, 38.014936784117623 ], [ 23.720500855578162, 38.014952640882669 ], [ 23.722005971172521, 38.014969727710543 ], [ 23.722142692099617, 38.014965544426772 ], [ 23.722653890793385, 38.014971257562088 ], [ 23.723611479558944, 38.014987031269122 ], [ 23.723694105370935, 38.014978212627469 ], [ 23.72426807846702, 38.01495252140036 ] ] ] } },
{ "type": "Feature", "properties": { "muni_id": 5, "year": 2030, "kwh_per_user_muni": 718.71615252369315, "ac_share_muni": 0.70571036932925901, "kwh_pc_overall": 507.20543411612982, "kwh_muni": 41270897.71484375 }, "geometry": { "type": "Polygon", "coordinates": [ [ [ 23.741374088588021, 38.032458184038759 ], [ 23.741471268677689, 38.032467410534416 ], [ 23.741667201912403, 38.032544449826524 ], [ 23.742327764088095, 38.032376957365159 ], [ 23.743982402024894, 38.031954669993759 ], [ 23.743800525200975, 38.031550569617266 ], [ 23.743751083353946, 38.031440444622049 ], [ 23.743776704773207, 38.031441922674027 ], [ 23.743831033802877, 38.031445057629142 ], [ 23.74383123318264, 38.031445065273743 ], [ 23.744022983473133, 38.031451295217437 ], [ 23.744699108885275, 38.031452986019808 ], [ 23.745498178013385, 38.031125996790188 ], [ 23.745359840775922, 38.030923862264977 ], [ 23.74542612382244, 38.030895963410174 ], [ 23.746969613165241, 38.030229860422011 ], [ 23.747002925324075, 38.030215483704112 ], [ 23.747045543459492, 38.030197091070889 ], [ 23.747809016933473, 38.029867595827412 ], [ 23.747845972387189, 38.029851646741683 ], [ 23.747880973071688, 38.029836541556243 ], [ 23.748177263024427, 38.029708668546583 ], [ 23.748250326885564, 38.029677135137582 ], [ 23.748367593559955, 38.029624414390277 ], [ 23.748397228040144, 38.029612086122924 ], [ 23.74848362130729, 38.029575415860485 ], [ 23.748522605756474, 38.029558813868739 ], [ 23.748663761627324, 38.029498702054788 ], [ 23.749340228345353, 38.029209733284176 ], [ 23.74939241500142, 38.02918744053099 ], [ 23.749402141657406, 38.029183285635966 ], [ 23.749456093542499, 38.029160238640912 ], [ 23.749461867455921, 38.029157772426657 ], [ 23.749615267367481, 38.029090255408846 ], [ 23.750197316526716, 38.028834071000809 ], [ 23.750361314367385, 38.028759060654394 ], [ 23.750492261409018, 38.028945209348144 ], [ 23.751104350350914, 38.028710336335457 ], [ 23.751250745368043, 38.028627190392918 ], [ 23.751528583897212, 38.028469390659772 ], [ 23.75219341868959, 38.028187023241941 ], [ 23.752812743768512, 38.027923979849781 ], [ 23.752066172698946, 38.026906806081072 ], [ 23.751490446275383, 38.026089565219834 ], [ 23.751086937651898, 38.025504497914071 ], [ 23.750752553299261, 38.02504739337796 ], [ 23.750329199015571, 38.024454075164897 ], [ 23.749749528455453, 38.023641665098708 ], [ 23.749157735283482, 38.022824008711318 ], [ 23.749101734107754, 38.022747706753961 ], [ 23.748501020178345, 38.021929215868909 ], [ 23.748268102449511, 38.021578890155105 ], [ 23.748235500173241, 38.021529853813384 ], [ 23.747959947806997, 38.021130226287035 ], [ 23.747673265789977, 38.020730756269238 ], [ 23.747368199579384, 38.020301156795142 ], [ 23.747085448368658, 38.019900161564763 ], [ 23.747002069484175, 38.019781913589277 ], [ 23.746526812405968, 38.01910843766241 ], [ 23.746459610812398, 38.018988502712027 ], [ 23.746326813874717, 38.018751501325127 ], [ 23.746302191467034, 38.018758597163917 ], [ 23.746011905356646, 38.018842249277114 ], [ 23.745418320245413, 38.018524217917374 ], [ 23.745456284048089, 38.01848433912609 ], [ 23.745464191930889, 38.018476032016679 ], [ 23.745721904902101, 38.018205312240717 ], [ 23.745722741876506, 38.018204433499477 ], [ 23.745753323503358, 38.018172308586209 ], [ 23.745790653497242, 38.018133094360074 ], [ 23.745686835327923, 38.018013349273019 ], [ 23.745516358346851, 38.017825125666498 ], [ 23.745440549689011, 38.017633871177225 ], [ 23.745299306837531, 38.016586560200842 ], [ 23.745082687686693, 38.015310425123459 ], [ 23.745060743980037, 38.015170679005287 ], [ 23.7450443714941, 38.01506699619798 ], [ 23.745018589411107, 38.01490470971936 ], [ 23.744834971327617, 38.014928809167444 ], [ 23.744108971790304, 38.013979709462099 ], [ 23.743409898066737, 38.013116640724029 ], [ 23.743378287406578, 38.013048207762601 ], [ 23.743394232415838, 38.012593339744612 ], [ 23.74343245280058, 38.01150298166781 ], [ 23.743451707298469, 38.010953689864188 ], [ 23.743429708989531, 38.010840990685779 ], [ 23.743416116929325, 38.010676852969951 ], [ 23.743369914942328, 38.010118886739747 ], [ 23.743309253244885, 38.009573426610416 ], [ 23.742901951907825, 38.009560009082449 ], [ 23.742517799205554, 38.009473546874069 ], [ 23.742371682641853, 38.009419149967144 ], [ 23.741946783084831, 38.009263328610167 ], [ 23.741375421094947, 38.009136283407571 ], [ 23.740865275310352, 38.009078079552765 ], [ 23.740296434399223, 38.009090124081759 ], [ 23.740216252400568, 38.008104050041482 ], [ 23.740215524228788, 38.008095091492706 ], [ 23.740212505589376, 38.008057970933983 ], [ 23.740176320917229, 38.008059564677943 ], [ 23.739627913497735, 38.008083716589802 ], [ 23.738842861874129, 38.008122533593834 ], [ 23.738085931441564, 38.008161407986833 ], [ 23.737680202534474, 38.0081823012071 ], [ 23.737666521655658, 38.008183005235693 ], [ 23.737636264994592, 38.008182937740465 ], [ 23.736975832194027, 38.008213007402901 ], [ 23.736469565708617, 38.008234406094694 ], [ 23.736053359345597, 38.008256004767148 ], [ 23.735098183918126, 38.008285402008809 ], [ 23.735096970656336, 38.008325956959446 ], [ 23.735095756253997, 38.008366511907191 ], [ 23.735096642242304, 38.008812648399271 ], [ 23.734411690211839, 38.008829129190737 ], [ 23.73380756006754, 38.008841282547998 ], [ 23.733152186319234, 38.008848810130843 ], [ 23.73237752786261, 38.008865075492963 ], [ 23.732375380957379, 38.008903842845584 ], [ 23.732374955502287, 38.008911518995042 ], [ 23.732344807745168, 38.009455745201862 ], [ 23.732344463981086, 38.009461942533235 ], [ 23.732341335647231, 38.009518422337841 ], [ 23.731841093525709, 38.00954432120362 ], [ 23.73138004222292, 38.009561294647632 ], [ 23.731332628801148, 38.010457961457789 ], [ 23.731298804373061, 38.010849941599837 ], [ 23.731240804559398, 38.011232853645851 ], [ 23.731165026857695, 38.01180499406334 ], [ 23.73108379233366, 38.012408666736775 ], [ 23.731046264878469, 38.012449138568925 ], [ 23.730260590491486, 38.012352704583975 ], [ 23.728813037991465, 38.012237062299491 ], [ 23.728776482552874, 38.012238488544483 ], [ 23.728692312187007, 38.01224177153474 ], [ 23.728516519284025, 38.012257835857419 ], [ 23.728626346125559, 38.01237472683642 ], [ 23.728557551521071, 38.012889141876514 ], [ 23.728468993332115, 38.013772605564085 ], [ 23.728406340084682, 38.014736831359535 ], [ 23.728052732775815, 38.014763052594382 ], [ 23.727397205770853, 38.014797586085926 ], [ 23.726961023864856, 38.014819106189641 ], [ 23.726409106736796, 38.014849368282682 ], [ 23.726337891256399, 38.014853708982855 ], [ 23.726248874660392, 38.014858008202935 ], [ 23.725660646158978, 38.01488818224918 ], [ 23.725232294099353, 38.014909714204471 ], [ 23.72476478183437, 38.014931152952236 ], [ 23.72426807846702, 38.01495252140036 ], [ 23.723694105370935, 38.014978212627469 ], [ 23.723611479558944, 38.014987031269122 ], [ 23.722653890793385, 38.014971257562088 ], [ 23.722142692099617, 38.014965544426772 ], [ 23.722005971172521, 38.014969727710543 ], [ 23.720500855578162, 38.014952640882669 ], [ 23.719519061254953, 38.014936784117623 ], [ 23.719412616822563, 38.014936530191306 ], [ 23.719224189359956, 38.014963118872004 ], [ 23.719173603022245, 38.014972010887327 ], [ 23.71949017852581, 38.015509028346479 ], [ 23.719945481663217, 38.016077920182603 ], [ 23.720179961418044, 38.016327045172233 ], [ 23.720821233968714, 38.016949726304688 ], [ 23.720902231539775, 38.017026066836394 ], [ 23.720921907691441, 38.017044611409169 ], [ 23.722635628116542, 38.01821775339571 ], [ 23.723481032902448, 38.018959430315903 ], [ 23.723508888178788, 38.018983968269232 ], [ 23.723650331258067, 38.019146531147541 ], [ 23.723703344461843, 38.01922013887696 ], [ 23.72412174392533, 38.019801065989974 ], [ 23.724159975993537, 38.019859738869812 ], [ 23.724956880970659, 38.020113963842462 ], [ 23.725110585151448, 38.020185227833785 ], [ 23.725298788049049, 38.020272487018381 ], [ 23.725444406514363, 38.020395273172795 ], [ 23.725459563844002, 38.020408054460304 ], [ 23.725573326743419, 38.020548018374285 ], [ 23.725717796308878, 38.020760156183975 ], [ 23.726466106016968, 38.021795914889736 ], [ 23.726466144559041, 38.021795967253617 ], [ 23.726616079327851, 38.022001507551423 ], [ 23.726708991756183, 38.022098790433894 ], [ 23.727044819964391, 38.022462156112496 ], [ 23.728101599956339, 38.022928763341945 ], [ 23.728290613070701, 38.02303735377258 ], [ 23.728418750756227, 38.023240437659858 ], [ 23.728706106025534, 38.024101822774277 ], [ 23.728907988528608, 38.0245484441445 ], [ 23.730301319445005, 38.025565249218182 ], [ 23.730905737909868, 38.025959005809142 ], [ 23.731017776368141, 38.025977753694292 ], [ 23.731244229862927, 38.025991324716003 ], [ 23.731304643739179, 38.026023007548702 ], [ 23.731354688796845, 38.026050146747188 ], [ 23.731402041168582, 38.026075825109174 ], [ 23.731563341041635, 38.026163296659377 ], [ 23.731709064375334, 38.026239004104525 ], [ 23.731720219462666, 38.02624479954423 ], [ 23.731766580930497, 38.026268885641926 ], [ 23.731850847502173, 38.026312663690099 ], [ 23.73194963376816, 38.026366965665339 ], [ 23.731980980719516, 38.0263515955061 ], [ 23.732042753452323, 38.026321307307811 ], [ 23.732105152777127, 38.026290711365732 ], [ 23.732556584067719, 38.026598173846857 ], [ 23.732872707529246, 38.026729412943972 ], [ 23.73288402172772, 38.026734109975422 ], [ 23.733217901180733, 38.026861047016574 ], [ 23.733620322134119, 38.027037708744444 ], [ 23.734193149173379, 38.027215275363503 ], [ 23.734206099894621, 38.027219290093704 ], [ 23.734627495442862, 38.027269812211088 ], [ 23.73467458687044, 38.027269491273188 ], [ 23.735620222213065, 38.027263035654904 ], [ 23.735931110249698, 38.027250215058963 ], [ 23.736058466423469, 38.027282045763556 ], [ 23.736439290766736, 38.027526245284093 ], [ 23.736560920035227, 38.027666216076078 ], [ 23.736680527618812, 38.027972918802377 ], [ 23.736691808742805, 38.028004488824457 ], [ 23.736822699785137, 38.028342761414493 ], [ 23.736992844264211, 38.028956011659645 ], [ 23.737133259302286, 38.029422519253671 ], [ 23.737144862293707, 38.02946106764378 ], [ 23.737165499657436, 38.029488833501738 ], [ 23.737311237393925, 38.029684906078259 ], [ 23.737431804605386, 38.029847114404028 ], [ 23.737560895490859, 38.03002078966729 ], [ 23.73777465363278, 38.030301511017953 ], [ 23.737777443610828, 38.030305175529421 ], [ 23.737786885959117, 38.030318672502794 ], [ 23.738030041466363, 38.030666249974082 ], [ 23.738058372831826, 38.030698568045509 ], [ 23.738152746588455, 38.030806221453069 ], [ 23.738165257144487, 38.030816011059279 ], [ 23.738343932364771, 38.030955817647602 ], [ 23.7383552203198, 38.030964650058898 ], [ 23.738435754174585, 38.031027664564448 ], [ 23.738844984809599, 38.031402604727262 ], [ 23.740034401499081, 38.032482268032005 ], [ 23.740065797630479, 38.032519671090661 ], [ 23.740095037857355, 38.032554504337497 ], [ 23.740152223768316, 38.032595188248777 ], [ 23.740226518914135, 38.032631403542112 ], [ 23.740296263995628, 38.032645076783773 ], [ 23.740348742442251, 38.032651020347579 ], [ 23.740377419757174, 38.032654268788882 ], [ 23.740475374603971, 38.032645472254245 ], [ 23.740524800988261, 38.032637355371961 ], [ 23.740545804716856, 38.032633906563952 ], [ 23.740583688270409, 38.032627685710935 ], [ 23.740687405112702, 38.03260087614786 ], [ 23.740790053053605, 38.032574064136639 ], [ 23.741059815436799, 38.032516075441507 ], [ 23.74123061139634, 38.032473260394404 ], [ 23.741255836679006, 38.03246693665961 ], [ 23.741360118338672, 38.032459217719158 ], [ 23.741374088588021, 38.032458184038759 ] ] ] } },
{ "type": "Feature", "properties": { "muni_id": 6, "year": 2030, "kwh_per_user_muni": 777.49002554144204, "ac_share_muni": 0.59478175938200939, "kwh_pc_overall": 462.43688689555614, "kwh_muni": 41583834.58203125 }, "geometry": { "type": "Polygon", "coordinates": [ [ [ 23.731165026857695, 38.01180499406334 ], [ 23.731240804559398, 38.011232853645851 ], [ 23.731298804373061, 38.010849941599837 ], [ 23.731332628801148, 38.010457961457789 ], [ 23.73138004222292, 38.009561294647632 ], [ 23.731841093525709, 38.00954432120362 ], [ 23.732341335647231, 38.009518422337841 ], [ 23.732344463981086, 38.009461942533235 ], [ 23.732344807745168, 38.009455745201862 ], [ 23.732374955502287, 38.008911518995042 ], [ 23.732375380957379, 38.008903842845584 ], [ 23.73237752786261, 38.008865075492963 ], [ 23.733152186319234, 38.008848810130843 ], [ 23.73380756006754, 38.008841282547998 ], [ 23.734411690211839, 38.008829129190737 ], [ 23.735096642242304, 38.008812648399271 ], [ 23.735095756253997, 38.008366511907191 ], [ 23.735096970656336, 38.008325956959446 ], [ 23.735098183918126, 38.008285402008809 ], [ 23.736053359345597, 38.008256004767148 ], [ 23.736469565708617, 38.008234406094694 ], [ 23.736975832194027, 38.008213007402901 ], [ 23.737636264994592, 38.008182937740465 ], [ 23.737666521655658, 38.008183005235693 ], [ 23.737680202534474, 38.0081823012071 ], [ 23.738085931441564, 38.008161407986833 ], [ 23.738842861874129, 38.008122533593834 ], [ 23.739627913497735, 38.008083716589802 ], [ 23.740176320917229, 38.008059564677943 ], [ 23.740212505589376, 38.008057970933983 ], [ 23.740215524228788, 38.008095091492706 ], [ 23.740216252400568, 38.008104050041482 ], [ 23.740296434399223, 38.009090124081759 ], [ 23.740865275310352, 38.009078079552765 ], [ 23.741375421094947, 38.009136283407571 ], [ 23.741946783084831, 38.009263328610167 ], [ 23.742371682641853, 38.009419149967144 ], [ 23.742517799205554, 38.009473546874069 ], [ 23.742901951907825, 38.009560009082449 ], [ 23.743309253244885, 38.009573426610416 ], [ 23.743271019815854, 38.009258465025191 ], [ 23.743257934318748, 38.009153401972398 ], [ 23.743257676608021, 38.009142373324856 ], [ 23.743240575332148, 38.00841161445922 ], [ 23.743657467766319, 38.0081272014436 ], [ 23.743661979083011, 38.008124123484535 ], [ 23.744570276485064, 38.008077237639263 ], [ 23.744622778614964, 38.008074363006777 ], [ 23.744903346264138, 38.008059003903696 ], [ 23.745666067600499, 38.00801724739275 ], [ 23.745761142427803, 38.008011412570958 ], [ 23.745847926235328, 38.008006087005221 ], [ 23.746636790981995, 38.007966699690044 ], [ 23.746658953964264, 38.007965526197502 ], [ 23.746737034116375, 38.007997190573235 ], [ 23.747281979615074, 38.00823375069384 ], [ 23.747393033620096, 38.008280806379148 ], [ 23.747812360350107, 38.00844276632003 ], [ 23.747860621815747, 38.008462147321993 ], [ 23.748178502453214, 38.008589802830365 ], [ 23.748309411663481, 38.008642373648094 ], [ 23.748601528261819, 38.008759680229097 ], [ 23.748994501366802, 38.008915250808847 ], [ 23.749519878791777, 38.009123209767701 ], [ 23.749680274407243, 38.008919629917003 ], [ 23.749757016280338, 38.008822224950876 ], [ 23.749757460742849, 38.008822498985069 ], [ 23.749757491434394, 38.0088225179773 ], [ 23.750287379696566, 38.009147813803814 ], [ 23.750556618445923, 38.008796885190748 ], [ 23.751573170726139, 38.009275696160365 ], [ 23.751775641880286, 38.008806019486087 ], [ 23.751832089954842, 38.008671407760694 ], [ 23.752895163756111, 38.007874418956611 ], [ 23.752742218234264, 38.00771015065456 ], [ 23.752867408841468, 38.00752849176952 ], [ 23.753301506687482, 38.007688912101507 ], [ 23.753764610330013, 38.006971911215494 ], [ 23.753790459216837, 38.006933539158624 ], [ 23.753810921932022, 38.006893968831967 ], [ 23.754202817983444, 38.006781183700546 ], [ 23.754079496546979, 38.006472113184124 ], [ 23.754075722474827, 38.006462655345707 ], [ 23.754074814184246, 38.006425956829496 ], [ 23.753723266323334, 38.006298228688216 ], [ 23.753660242680887, 38.006275330300404 ], [ 23.753527352001353, 38.006215567228708 ], [ 23.753362017196345, 38.006141212705217 ], [ 23.75325754618127, 38.006094229625504 ], [ 23.752793346209309, 38.00589046624372 ], [ 23.752846844468863, 38.00585903379411 ], [ 23.752879403458358, 38.005809531672767 ], [ 23.75244097166944, 38.005353461911263 ], [ 23.752366721430857, 38.005204593963022 ], [ 23.752291147096994, 38.004920530776467 ], [ 23.752178305047927, 38.004393042667132 ], [ 23.752005477352981, 38.003604055905846 ], [ 23.75195906155195, 38.003540868222288 ], [ 23.751749661475383, 38.003360169830607 ], [ 23.751750052474307, 38.003356360933076 ], [ 23.751794560076835, 38.002923142368772 ], [ 23.751797498750289, 38.002896110081302 ], [ 23.75186796984854, 38.002580809730262 ], [ 23.751880346896421, 38.002287918851692 ], [ 23.7518803567764, 38.002194727103571 ], [ 23.751880408421655, 38.001681447374374 ], [ 23.751879676633017, 38.001681271882909 ], [ 23.75180379955798, 38.001663025734814 ], [ 23.751789695309711, 38.001659634183596 ], [ 23.75177167264679, 38.001655300631285 ], [ 23.751626676562118, 38.001620433912962 ], [ 23.751500906914032, 38.001589639080088 ], [ 23.751482301865231, 38.001585083438542 ], [ 23.751441030030243, 38.001574977558889 ], [ 23.751155813117585, 38.001502271786975 ], [ 23.750936725772338, 38.001364637242169 ], [ 23.750683781203396, 38.001203848657802 ], [ 23.750441347292114, 38.000973470316644 ], [ 23.750440099554332, 38.000972285185497 ], [ 23.750431877433169, 38.000964474342574 ], [ 23.750405470970804, 38.000909707709013 ], [ 23.750403601355476, 38.000905830927181 ], [ 23.750376364011981, 38.00054075339014 ], [ 23.750352564645567, 38.000374841507465 ], [ 23.750340309649438, 38.000256772611436 ], [ 23.750269350256545, 38.000215018723466 ], [ 23.750228516132502, 38.000155720399142 ], [ 23.750214834641412, 38.000018052753042 ], [ 23.750256743183865, 37.999918688731924 ], [ 23.750354348101048, 37.999683073336143 ], [ 23.750096717338252, 37.999261672793104 ], [ 23.749747463907568, 37.999259829724359 ], [ 23.749458053026355, 37.999258302379836 ], [ 23.749071847658854, 37.999256262318468 ], [ 23.748673990557808, 37.998959881962136 ], [ 23.74850571386127, 37.998833342562776 ], [ 23.748079299655664, 37.998525993581538 ], [ 23.748000840985124, 37.998467242070717 ], [ 23.747851739974408, 37.998354262066044 ], [ 23.747303234253661, 37.997947507244113 ], [ 23.746965994425711, 37.997689916354112 ], [ 23.746732730909663, 37.997522676803648 ], [ 23.746387519305188, 37.997264018882525 ], [ 23.746087337667614, 37.997039098478751 ], [ 23.746058674883923, 37.997011797999043 ], [ 23.745942502786257, 37.996901148867316 ], [ 23.746327637574463, 37.996775888737425 ], [ 23.746508074124147, 37.996701239570882 ], [ 23.746655072048181, 37.996632371943221 ], [ 23.747240512512874, 37.996415190044921 ], [ 23.747676733981017, 37.996244882732299 ], [ 23.748196873491963, 37.99604124734828 ], [ 23.748307993688961, 37.995997743173724 ], [ 23.748284832476578, 37.995955144892825 ], [ 23.748257520979152, 37.995904912861526 ], [ 23.748116310113073, 37.995645193959852 ], [ 23.748060835375171, 37.995543162452726 ], [ 23.748041948083255, 37.995508423459867 ], [ 23.747785575477874, 37.995135790572732 ], [ 23.747385193371919, 37.995324947254886 ], [ 23.747333153872365, 37.995347367577089 ], [ 23.746724555311779, 37.995449706279707 ], [ 23.746613741102088, 37.995467797918153 ], [ 23.746576599799589, 37.995473861951503 ], [ 23.746269013811812, 37.995133275028884 ], [ 23.745969347361108, 37.994821685181705 ], [ 23.745874291824936, 37.994726845010923 ], [ 23.745551803184622, 37.994428724034151 ], [ 23.745115448147683, 37.994022201358582 ], [ 23.744998375820003, 37.993913793493299 ], [ 23.744942256023972, 37.993859232440009 ], [ 23.744751282259553, 37.993673561882986 ], [ 23.744710354407882, 37.993633770583941 ], [ 23.74429280802774, 37.993245311322852 ], [ 23.744024662763753, 37.993289792284493 ], [ 23.743425082053843, 37.993368829985876 ], [ 23.742946318749627, 37.993431938961592 ], [ 23.742819352724197, 37.993408958063256 ], [ 23.742190680002118, 37.99315330603546 ], [ 23.741080959038253, 37.992702020722952 ], [ 23.741079892439018, 37.992672387750247 ], [ 23.741078688968564, 37.992638925820039 ], [ 23.740866412008501, 37.992584381276579 ], [ 23.740531463215113, 37.992498020850071 ], [ 23.740259335010599, 37.992389307561083 ], [ 23.740259231521261, 37.992389265873463 ], [ 23.740334556536251, 37.992486942146535 ], [ 23.740339174016526, 37.992492929658219 ], [ 23.740339297586054, 37.992493090359623 ], [ 23.740352057195988, 37.992531597962419 ], [ 23.740394585551783, 37.992659950009163 ], [ 23.740099248043517, 37.992744919801083 ], [ 23.739803701843226, 37.99289297198073 ], [ 23.739876210511117, 37.993010273181795 ], [ 23.739876230896041, 37.99301030567311 ], [ 23.739972869220679, 37.993235648450217 ], [ 23.739972951680162, 37.993235840606054 ], [ 23.740009036881023, 37.993398151540276 ], [ 23.740021244774169, 37.993569422527003 ], [ 23.740003328093731, 37.993704575554005 ], [ 23.739972987294866, 37.993830688267487 ], [ 23.739906913313916, 37.993997279745273 ], [ 23.739780224642956, 37.994195282037097 ], [ 23.739617733240365, 37.994352647147451 ], [ 23.739412499953485, 37.994518930180845 ], [ 23.739159379086484, 37.994640042459238 ], [ 23.738942379801166, 37.994711663746727 ], [ 23.738725458878623, 37.99476075270637 ], [ 23.7385132769564, 37.99477830686093 ], [ 23.738284416110236, 37.994782304261257 ], [ 23.737847915434195, 37.994727255146401 ], [ 23.737713335054409, 37.994740474372783 ], [ 23.737641863434245, 37.994722289291516 ], [ 23.736615556695686, 37.994886733087696 ], [ 23.736428087841805, 37.994917390309311 ], [ 23.736108438824086, 37.994969778122929 ], [ 23.735769225464448, 37.995026249898515 ], [ 23.735768448271255, 37.995026378838709 ], [ 23.735699268806304, 37.995037895933663 ], [ 23.733910059354404, 37.995326966508557 ], [ 23.73358109803781, 37.995380111395107 ], [ 23.733490486096624, 37.995438489561288 ], [ 23.733230528050736, 37.99547845800884 ], [ 23.73233459284998, 37.995607108672367 ], [ 23.732239572784394, 37.995615785361736 ], [ 23.732223251336872, 37.995617275880321 ], [ 23.732141982464423, 37.995624695862418 ], [ 23.732005923802419, 37.995065589976015 ], [ 23.731916173700753, 37.994691352641368 ], [ 23.731470410334442, 37.992883261313686 ], [ 23.731369714507856, 37.992486466335187 ], [ 23.731271511549359, 37.992089676940623 ], [ 23.731169750761048, 37.991692879307195 ], [ 23.731137579696803, 37.991560490922325 ], [ 23.731131229190506, 37.991534359888988 ], [ 23.731082094882151, 37.991332165185121 ], [ 23.730769857661226, 37.991381497426786 ], [ 23.72984502060153, 37.9915276129341 ], [ 23.729059470511725, 37.991651985859079 ], [ 23.728644985342079, 37.991714120268128 ], [ 23.72791106892285, 37.99182959177903 ], [ 23.727111259044129, 37.991958425110042 ], [ 23.726950647874567, 37.991962360511799 ], [ 23.726946355144349, 37.991962465910873 ], [ 23.726943950804372, 37.991962525221737 ], [ 23.726943306155263, 37.991962540849592 ], [ 23.726943262875853, 37.991962541650402 ], [ 23.726044476901908, 37.9920055159076 ], [ 23.725073427051726, 37.992052820829443 ], [ 23.724330195745488, 37.992087132629862 ], [ 23.723333943922398, 37.992116338435387 ], [ 23.723105258563663, 37.992169877352552 ], [ 23.722298625898762, 37.992217546301553 ], [ 23.721874320189791, 37.992239075861285 ], [ 23.721556237075216, 37.992253871347458 ], [ 23.7214437334145, 37.992259104600052 ], [ 23.721345508979336, 37.992263673079393 ], [ 23.721321165019233, 37.992264805098948 ], [ 23.721218338770559, 37.992269587889972 ], [ 23.721034675771357, 37.992278130125456 ], [ 23.721034060680687, 37.992278158409007 ], [ 23.721034221622496, 37.992279265567561 ], [ 23.721034719978807, 37.992282696135383 ], [ 23.721120602385451, 37.992692439654391 ], [ 23.721105023658733, 37.992859140254467 ], [ 23.721110907768281, 37.99287218587142 ], [ 23.721139611156381, 37.992935831398931 ], [ 23.721192337888816, 37.993485739588934 ], [ 23.721226499413394, 37.993675090173411 ], [ 23.721326715925084, 37.994184553013298 ], [ 23.721406038741559, 37.994572292937228 ], [ 23.721446981052612, 37.994757153066629 ], [ 23.721302343987151, 37.994802461357729 ], [ 23.721061381516311, 37.99478628442273 ], [ 23.720967747526263, 37.995463524783759 ], [ 23.720872024115611, 37.996116728208172 ], [ 23.720783536789103, 37.996738403739521 ], [ 23.720786440060895, 37.996738665694927 ], [ 23.721298370949469, 37.996784688974067 ], [ 23.721719294920284, 37.996817230551002 ], [ 23.721792612795536, 37.996817403998179 ], [ 23.722128289406797, 37.996804678269541 ], [ 23.722220419343447, 37.996796292241115 ], [ 23.722220508213056, 37.996796283438158 ], [ 23.723137688921536, 37.996703411072943 ], [ 23.723137906771793, 37.996706054148738 ], [ 23.723154027393917, 37.996901731881579 ], [ 23.723188535543333, 37.997284858532041 ], [ 23.723251736733573, 37.997893373480828 ], [ 23.723368161657874, 37.999114886039898 ], [ 23.723488913409394, 38.000417523865018 ], [ 23.723583293319884, 38.001350573403009 ], [ 23.72336963022962, 38.001377109530281 ], [ 23.723314393584172, 38.001384922601957 ], [ 23.723269887449085, 38.001391217900043 ], [ 23.723217968176364, 38.001398561051957 ], [ 23.723181595390741, 38.001403705591976 ], [ 23.723525313239648, 38.001909232378608 ], [ 23.723986054744298, 38.00243756488203 ], [ 23.724255048876991, 38.002749138335993 ], [ 23.724432989141619, 38.00294783754314 ], [ 23.725211679786558, 38.003837422671836 ], [ 23.72555158818108, 38.004225767764645 ], [ 23.725948199407654, 38.004681840166192 ], [ 23.726259738787249, 38.005043078592962 ], [ 23.726600676487951, 38.00544494221824 ], [ 23.726644664198158, 38.005485602163127 ], [ 23.726652037902554, 38.005496499579493 ], [ 23.726790592365248, 38.005701262058125 ], [ 23.72720967823809, 38.006320599991255 ], [ 23.727307643853059, 38.00649207076367 ], [ 23.727476607977785, 38.006812417515626 ], [ 23.727633726226731, 38.00715977503301 ], [ 23.727834839014189, 38.007836202007951 ], [ 23.727870607888033, 38.00800785548379 ], [ 23.727885563292475, 38.00807962941311 ], [ 23.727916916988111, 38.008234086110733 ], [ 23.727919578987887, 38.008247672782517 ], [ 23.728039256598322, 38.008967783447297 ], [ 23.728192149878481, 38.009882937695714 ], [ 23.728321174013406, 38.010707908333551 ], [ 23.728391145809017, 38.011136178589794 ], [ 23.728398050564557, 38.011183319831574 ], [ 23.72839811722384, 38.011183777836415 ], [ 23.728483490576934, 38.011766674932232 ], [ 23.728484900652969, 38.011776304772305 ], [ 23.728499602148545, 38.011883929156191 ], [ 23.728509851292259, 38.011958959239749 ], [ 23.72853724122978, 38.01215947010143 ], [ 23.728523819274837, 38.012223184029331 ], [ 23.728516519284025, 38.012257835857419 ], [ 23.728692312187007, 38.01224177153474 ], [ 23.728776482552874, 38.012238488544483 ], [ 23.728813037991465, 38.012237062299491 ], [ 23.730260590491486, 38.012352704583975 ], [ 23.731046264878469, 38.012449138568925 ], [ 23.73108379233366, 38.012408666736775 ], [ 23.731165026857695, 38.01180499406334 ] ] ] } },
{ "type": "Feature", "properties": { "muni_id": 7, "year": 2030, "kwh_per_user_muni": 754.22838117074286, "ac_share_muni": 0.87502847776678117, "kwh_pc_overall": 659.97130908624263, "kwh_muni": 71654235.87109375 }, "geometry": { "type": "Polygon", "coordinates": [ [ [ 23.7693163915126, 37.998123428594106 ], [ 23.76940745050565, 37.998141632835967 ], [ 23.769508021228834, 37.99819140058748 ], [ 23.769557138185657, 37.998191496832092 ], [ 23.76987453253988, 37.998561644695926 ], [ 23.769973496356002, 37.998669992357868 ], [ 23.770364725136698, 37.998990712640442 ], [ 23.771545746198118, 37.999889789984763 ], [ 23.771761647796644, 38.000052440230299 ], [ 23.771908843238492, 38.000102649690788 ], [ 23.772554853175237, 38.000224867437773 ], [ 23.773258281060428, 38.000357943757507 ], [ 23.773498305396707, 38.000403351461259 ], [ 23.77360740343169, 38.000423990010006 ], [ 23.77385081469011, 38.000448534289632 ], [ 23.774315251534695, 38.000550940688761 ], [ 23.77496060519487, 38.000678813037098 ], [ 23.775519213074759, 38.000293697593435 ], [ 23.775981553009434, 37.99997494603786 ], [ 23.776680522516948, 37.99949304473558 ], [ 23.777161434678622, 37.999161476846808 ], [ 23.777514982468976, 37.998918605715538 ], [ 23.777952069170638, 37.998652009929863 ], [ 23.778022354788192, 37.998609139636798 ], [ 23.778217260653459, 37.998136527855877 ], [ 23.77825685719165, 37.998023485046758 ], [ 23.778280070347208, 37.99805480517098 ], [ 23.778464635153799, 37.998303823551865 ], [ 23.779067395281103, 37.999117066543846 ], [ 23.78234165427639, 38.003367352513933 ], [ 23.787116271726774, 38.001000544338503 ], [ 23.78521744642498, 37.999870487218715 ], [ 23.784996835267318, 37.999725878704005 ], [ 23.784148122680502, 37.999057373986602 ], [ 23.783755843714669, 37.998723452280743 ], [ 23.783851391512581, 37.998655757614152 ], [ 23.783860857097462, 37.998583672278528 ], [ 23.785601761678677, 37.996975052270535 ], [ 23.787091768275037, 37.99559818788633 ], [ 23.787268902084541, 37.995434499821641 ], [ 23.790484933538874, 37.992462416259166 ], [ 23.790585777087728, 37.99175307616882 ], [ 23.790751281752975, 37.990953624171446 ], [ 23.789843007785521, 37.990554209920695 ], [ 23.788936810746808, 37.991089694852903 ], [ 23.787852820580316, 37.99107422545778 ], [ 23.787853597237635, 37.991051694724661 ], [ 23.787858301045709, 37.991024664647597 ], [ 23.787869411930998, 37.990997646125443 ], [ 23.787883712233281, 37.990975139780673 ], [ 23.787900490181364, 37.990957144328696 ], [ 23.787922251655374, 37.990939157859806 ], [ 23.788905894993977, 37.990328053188158 ], [ 23.788870383097318, 37.990300950886486 ], [ 23.788834873504431, 37.990273848578127 ], [ 23.787866928178914, 37.990871461693303 ], [ 23.787763248217836, 37.990911832502981 ], [ 23.787649617479559, 37.990947678829819 ], [ 23.787527127913069, 37.990969989763869 ], [ 23.787421759793194, 37.99097881223436 ], [ 23.787324221131716, 37.990987648767259 ], [ 23.787225607847198, 37.990999084384818 ], [ 23.787002867760989, 37.990982560857425 ], [ 23.786766108846116, 37.990892003348762 ], [ 23.786703797918442, 37.990858357147886 ], [ 23.786378507371602, 37.990682709259168 ], [ 23.786071083698605, 37.990516707877191 ], [ 23.785495392519348, 37.990227248085525 ], [ 23.785324476531056, 37.990136807724411 ], [ 23.785249200432357, 37.990078086758302 ], [ 23.785162693959588, 37.989965268103077 ], [ 23.78512905356191, 37.98966327600899 ], [ 23.785129854831059, 37.989266711824584 ], [ 23.785143203617597, 37.988960299098423 ], [ 23.785502893963503, 37.98838413272582 ], [ 23.785517844070849, 37.988360288533208 ], [ 23.785821812966805, 37.987875487395698 ], [ 23.78594752452674, 37.987722497637641 ], [ 23.786099478295167, 37.987601100469711 ], [ 23.7862601480902, 37.987493744751596 ], [ 23.78639542572639, 37.987403355375854 ], [ 23.787457150302714, 37.986359786874644 ], [ 23.784479544736627, 37.984780579979585 ], [ 23.783049171451061, 37.984021914635747 ], [ 23.783018964793975, 37.984005892632076 ], [ 23.783042185955232, 37.983976837433026 ], [ 23.784817507319133, 37.981794478515404 ], [ 23.78548193054365, 37.980983966113747 ], [ 23.785702781955777, 37.980714550396485 ], [ 23.78555707961247, 37.980639460034048 ], [ 23.785035876313476, 37.98037084454112 ], [ 23.784874552516431, 37.980537287712373 ], [ 23.784649968213607, 37.980676576256165 ], [ 23.784267036432205, 37.980815574072601 ], [ 23.783869236211554, 37.980927504714352 ], [ 23.783507032911483, 37.98103499309142 ], [ 23.783409346945838, 37.981052942653236 ], [ 23.78302140529259, 37.981124227017141 ], [ 23.782567369485189, 37.981118882219249 ], [ 23.782129480246287, 37.981068501234915 ], [ 23.781825670516753, 37.981883602656005 ], [ 23.781740909560099, 37.982027651285321 ], [ 23.781578706949126, 37.982126491747714 ], [ 23.781438425886552, 37.98215326978638 ], [ 23.781252568937347, 37.982188975779934 ], [ 23.781006166449004, 37.982230198214154 ], [ 23.780320145514835, 37.982344963310055 ], [ 23.780225961327986, 37.982368094652252 ], [ 23.780150614847123, 37.982386599673248 ], [ 23.780104619519673, 37.9823978951475 ], [ 23.77993596150359, 37.982439315621868 ], [ 23.778080219721435, 37.982895050075257 ], [ 23.778013095658668, 37.982914790479171 ], [ 23.77795841166229, 37.982930871670852 ], [ 23.77789181461306, 37.982948771671929 ], [ 23.777871785031042, 37.98295014256157 ], [ 23.77784515750778, 37.982951965149759 ], [ 23.777827748647859, 37.982953157118857 ], [ 23.777749489585116, 37.98294399641857 ], [ 23.777678361067128, 37.982930342710809 ], [ 23.777621480030216, 37.982912209463095 ], [ 23.777550365170292, 37.982894049271458 ], [ 23.77749338843946, 37.982876326767439 ], [ 23.777477484153067, 37.982871379263422 ], [ 23.777417044750738, 37.982853239185388 ], [ 23.77729898556564, 37.982825977138994 ], [ 23.777232839088533, 37.982812332593781 ], [ 23.7771520626445, 37.982812179593438 ], [ 23.777069122721745, 37.982821035302166 ], [ 23.777007507402388, 37.982838944243881 ], [ 23.776886383324733, 37.982883778890397 ], [ 23.776842490852047, 37.982924253520679 ], [ 23.776706626911583, 37.98310064603357 ], [ 23.776674622585464, 37.9831421967694 ], [ 23.776634103533908, 37.983194802730338 ], [ 23.776299736554744, 37.983628906418467 ], [ 23.776296714993006, 37.983632829379381 ], [ 23.776215147578561, 37.983738725888117 ], [ 23.774793207481224, 37.983863027703769 ], [ 23.774701658769978, 37.983871029765275 ], [ 23.774496278194761, 37.98388866194319 ], [ 23.774283751755451, 37.983915292913181 ], [ 23.774082329245733, 37.98394107688668 ], [ 23.774040964558889, 37.983946371805168 ], [ 23.774035351180004, 37.983947301964953 ], [ 23.773772159071214, 37.983990919453269 ], [ 23.773491294721577, 37.984021923972932 ], [ 23.773279151694929, 37.984039541002367 ], [ 23.773078068298208, 37.98404816612269 ], [ 23.773027589428224, 37.984047058390274 ], [ 23.772861588284858, 37.984043416726237 ], [ 23.772852827469983, 37.984043224959628 ], [ 23.772603786899893, 37.98402471806596 ], [ 23.772355088956868, 37.984010717739295 ], [ 23.772113235337638, 37.983969691560283 ], [ 23.77191375560291, 37.983919734193094 ], [ 23.771883320124211, 37.98390779982703 ], [ 23.771847481108836, 37.983893746864155 ], [ 23.771644827251428, 37.983819083135067 ], [ 23.771357993471828, 37.984145149371386 ], [ 23.771308779444684, 37.984196225125451 ], [ 23.770866905762237, 37.984654800331164 ], [ 23.770823668374096, 37.984694872000361 ], [ 23.770149204873544, 37.984232004691528 ], [ 23.76939646549874, 37.983842707977551 ], [ 23.768733219580405, 37.983536835124141 ], [ 23.768663222149588, 37.983504566630863 ], [ 23.768254768295989, 37.983320765480443 ], [ 23.768254424886226, 37.983320611585228 ], [ 23.766701401529051, 37.982622586882776 ], [ 23.766055796772555, 37.982334711843095 ], [ 23.76451425796466, 37.981647318022759 ], [ 23.763998281176121, 37.981417228320453 ], [ 23.76347683494069, 37.981184697286892 ], [ 23.762297102160328, 37.980658597909795 ], [ 23.761816095188326, 37.980444088527278 ], [ 23.761503212595859, 37.98030455370337 ], [ 23.76128143341311, 37.9802056472966 ], [ 23.761158928016826, 37.980205694249847 ], [ 23.7609844068458, 37.980205761578183 ], [ 23.760258595458613, 37.980206038492661 ], [ 23.759273235655638, 37.98020612075873 ], [ 23.75876542142294, 37.980201712358095 ], [ 23.758281763930281, 37.979987342616333 ], [ 23.757487604975328, 37.979635343708992 ], [ 23.756701950385263, 37.979287106371224 ], [ 23.756357536197278, 37.979751637701419 ], [ 23.756097417770633, 37.980075561830901 ], [ 23.756095269165325, 37.980077950291772 ], [ 23.756048844463137, 37.980129538302144 ], [ 23.755976876795255, 37.980156427628636 ], [ 23.75597658493318, 37.980156536980125 ], [ 23.755881394266918, 37.980192280979573 ], [ 23.754938462605086, 37.980717375598424 ], [ 23.754938108960232, 37.980717572243428 ], [ 23.754941417884272, 37.980721021149698 ], [ 23.755317796297966, 37.981113348693022 ], [ 23.755319314604538, 37.981114931806218 ], [ 23.755227244023288, 37.981196121913591 ], [ 23.755212113231167, 37.981209463715309 ], [ 23.755184595934033, 37.981233728563929 ], [ 23.75505880461909, 37.981339711238704 ], [ 23.754113863748778, 37.981928082352297 ], [ 23.753293126907458, 37.982507693491399 ], [ 23.753059651168556, 37.982732525123552 ], [ 23.752895509200407, 37.982867373342792 ], [ 23.752616049546866, 37.983114639621917 ], [ 23.752430971913746, 37.983019615213202 ], [ 23.751854188605044, 37.983216682809775 ], [ 23.75165448901857, 37.983291399778103 ], [ 23.75148305425299, 37.983351632072328 ], [ 23.751645221280313, 37.984085982730456 ], [ 23.751751824601577, 37.984497758305196 ], [ 23.751855547956112, 37.984820974552605 ], [ 23.751992147295255, 37.985258386215868 ], [ 23.751946264985023, 37.985357430894339 ], [ 23.751402329277912, 37.986149413926682 ], [ 23.750514557258384, 37.98632779143643 ], [ 23.749257891075469, 37.986568466434818 ], [ 23.748302880798306, 37.986737671021956 ], [ 23.747937653759799, 37.986561138289694 ], [ 23.747761454142061, 37.986470632037673 ], [ 23.747389901463556, 37.986271551898895 ], [ 23.746851359404189, 37.985995502053335 ], [ 23.7459842270849, 37.985552002783841 ], [ 23.745828477636053, 37.985744362992051 ], [ 23.745819251970612, 37.985755756936562 ], [ 23.745565165903933, 37.986069566975686 ], [ 23.745565043534356, 37.986069718126956 ], [ 23.745452437063143, 37.986208791598827 ], [ 23.745341660958971, 37.986346646778685 ], [ 23.745331358629812, 37.986359467791267 ], [ 23.745107422783995, 37.98663814147514 ], [ 23.745102970375342, 37.986643682843464 ], [ 23.744978876863396, 37.986798107782178 ], [ 23.744896684826276, 37.986897070943357 ], [ 23.744810547404278, 37.987005038338779 ], [ 23.744607880873968, 37.987261464787409 ], [ 23.744279416845156, 37.987670835940648 ], [ 23.744146470416428, 37.987832778170336 ], [ 23.743909897041412, 37.988116168169796 ], [ 23.743747302522586, 37.988309590359229 ], [ 23.743556792242384, 37.988548015710919 ], [ 23.743341274227056, 37.988813424728221 ], [ 23.743015674657428, 37.989213785625132 ], [ 23.742850112035818, 37.989449984942027 ], [ 23.742842209161896, 37.989461259862964 ], [ 23.742461936658074, 37.989788786675803 ], [ 23.741908892894084, 37.989315010099745 ], [ 23.741708360480438, 37.989161351486452 ], [ 23.741295623086149, 37.988935123199433 ], [ 23.740930771728696, 37.988742836780915 ], [ 23.740797606586785, 37.988672654166812 ], [ 23.740309822946607, 37.989243894187169 ], [ 23.740266927187719, 37.989297876567107 ], [ 23.740175782006567, 37.989410335876762 ], [ 23.739817293332532, 37.989846666587574 ], [ 23.73997081826138, 37.990311167728507 ], [ 23.739752891670125, 37.990346737145693 ], [ 23.739757964942267, 37.990522498884957 ], [ 23.739856307089958, 37.990892243132947 ], [ 23.739868604474569, 37.990937334561075 ], [ 23.739875982001426, 37.990964389415161 ], [ 23.73991182081814, 37.99109515493484 ], [ 23.740035114963995, 37.991555082623897 ], [ 23.740169670798483, 37.992051086405802 ], [ 23.740259194434895, 37.99238912519121 ], [ 23.740259231521261, 37.992389265873463 ], [ 23.740259335010599, 37.992389307561083 ], [ 23.740531463215113, 37.992498020850071 ], [ 23.740866412008501, 37.992584381276579 ], [ 23.741078688968564, 37.992638925820039 ], [ 23.741079892439018, 37.992672387750247 ], [ 23.741080959038253, 37.992702020722952 ], [ 23.742190680002118, 37.99315330603546 ], [ 23.742819352724197, 37.993408958063256 ], [ 23.742946318749627, 37.993431938961592 ], [ 23.743425082053843, 37.993368829985876 ], [ 23.744024662763753, 37.993289792284493 ], [ 23.74429280802774, 37.993245311322852 ], [ 23.744710354407882, 37.993633770583941 ], [ 23.744751282259553, 37.993673561882986 ], [ 23.744942256023972, 37.993859232440009 ], [ 23.744998375820003, 37.993913793493299 ], [ 23.745115448147683, 37.994022201358582 ], [ 23.745551803184622, 37.994428724034151 ], [ 23.745874291824936, 37.994726845010923 ], [ 23.745969347361108, 37.994821685181705 ], [ 23.746269013811812, 37.995133275028884 ], [ 23.746576599799589, 37.995473861951503 ], [ 23.746613741102088, 37.995467797918153 ], [ 23.746724555311779, 37.995449706279707 ], [ 23.747333153872365, 37.995347367577089 ], [ 23.747385193371919, 37.995324947254886 ], [ 23.747785575477874, 37.995135790572732 ], [ 23.748041948083255, 37.995508423459867 ], [ 23.748060835375171, 37.995543162452726 ], [ 23.748116310113073, 37.995645193959852 ], [ 23.748257520979152, 37.995904912861526 ], [ 23.748284832476578, 37.995955144892825 ], [ 23.748307993688961, 37.995997743173724 ], [ 23.748196873491963, 37.99604124734828 ], [ 23.747676733981017, 37.996244882732299 ], [ 23.747240512512874, 37.996415190044921 ], [ 23.746655072048181, 37.996632371943221 ], [ 23.746508074124147, 37.996701239570882 ], [ 23.746327637574463, 37.996775888737425 ], [ 23.745942502786257, 37.996901148867316 ], [ 23.746058674883923, 37.997011797999043 ], [ 23.746087337667614, 37.997039098478751 ], [ 23.746387519305188, 37.997264018882525 ], [ 23.746732730909663, 37.997522676803648 ], [ 23.746965994425711, 37.997689916354112 ], [ 23.747303234253661, 37.997947507244113 ], [ 23.747851739974408, 37.998354262066044 ], [ 23.748000840985124, 37.998467242070717 ], [ 23.748079299655664, 37.998525993581538 ], [ 23.74850571386127, 37.998833342562776 ], [ 23.748673990557808, 37.998959881962136 ], [ 23.749071847658854, 37.999256262318468 ], [ 23.749458053026355, 37.999258302379836 ], [ 23.749747463907568, 37.999259829724359 ], [ 23.750096717338252, 37.999261672793104 ], [ 23.750354348101048, 37.999683073336143 ], [ 23.750256743183865, 37.999918688731924 ], [ 23.750214834641412, 38.000018052753042 ], [ 23.750228516132502, 38.000155720399142 ], [ 23.750269350256545, 38.000215018723466 ], [ 23.750340309649438, 38.000256772611436 ], [ 23.750352564645567, 38.000374841507465 ], [ 23.750376364011981, 38.00054075339014 ], [ 23.750403601355476, 38.000905830927181 ], [ 23.750405470970804, 38.000909707709013 ], [ 23.750431877433169, 38.000964474342574 ], [ 23.750440099554332, 38.000972285185497 ], [ 23.750441347292114, 38.000973470316644 ], [ 23.750683781203396, 38.001203848657802 ], [ 23.750936725772338, 38.001364637242169 ], [ 23.751155813117585, 38.001502271786975 ], [ 23.751441030030243, 38.001574977558889 ], [ 23.751482301865231, 38.001585083438542 ], [ 23.751500906914032, 38.001589639080088 ], [ 23.751626676562118, 38.001620433912962 ], [ 23.75177167264679, 38.001655300631285 ], [ 23.751789695309711, 38.001659634183596 ], [ 23.75180379955798, 38.001663025734814 ], [ 23.751879676633017, 38.001681271882909 ], [ 23.751880408421655, 38.001681447374374 ], [ 23.7518803567764, 38.002194727103571 ], [ 23.751880346896421, 38.002287918851692 ], [ 23.75186796984854, 38.002580809730262 ], [ 23.751797498750289, 38.002896110081302 ], [ 23.751794560076835, 38.002923142368772 ], [ 23.751750052474307, 38.003356360933076 ], [ 23.751749661475383, 38.003360169830607 ], [ 23.75195906155195, 38.003540868222288 ], [ 23.752005477352981, 38.003604055905846 ], [ 23.752178305047927, 38.004393042667132 ], [ 23.752291147096994, 38.004920530776467 ], [ 23.752366721430857, 38.005204593963022 ], [ 23.75244097166944, 38.005353461911263 ], [ 23.752879403458358, 38.005809531672767 ], [ 23.752846844468863, 38.00585903379411 ], [ 23.752793346209309, 38.00589046624372 ], [ 23.75325754618127, 38.006094229625504 ], [ 23.753362017196345, 38.006141212705217 ], [ 23.753527352001353, 38.006215567228708 ], [ 23.753660242680887, 38.006275330300404 ], [ 23.753723266323334, 38.006298228688216 ], [ 23.754074814184246, 38.006425956829496 ], [ 23.754075722474827, 38.006462655345707 ], [ 23.754079496546979, 38.006472113184124 ], [ 23.754202817983444, 38.006781183700546 ], [ 23.755522511135858, 38.006418915046133 ], [ 23.758040030648427, 38.005612967093789 ], [ 23.759668453873235, 38.005093562065689 ], [ 23.760487799873811, 38.0048266296306 ], [ 23.76062656166005, 38.004781421691412 ], [ 23.761705999927134, 38.004429742161619 ], [ 23.761716645295412, 38.004426273962878 ], [ 23.762449201645712, 38.003808809726216 ], [ 23.762476896176885, 38.003783394501788 ], [ 23.76296224573386, 38.003380693533025 ], [ 23.763174688350336, 38.003204425858662 ], [ 23.763759397674423, 38.002719273012922 ], [ 23.764096290643351, 38.002439738477776 ], [ 23.76454342009766, 38.002068729845206 ], [ 23.764995961687177, 38.00169322568334 ], [ 23.765354119210059, 38.001393051825701 ], [ 23.765433217533996, 38.001326757979093 ], [ 23.765617802209377, 38.001164772374949 ], [ 23.765953214941234, 38.000887082517146 ], [ 23.766706373162368, 38.000262376059389 ], [ 23.76720937636431, 37.999845151867305 ], [ 23.768958499361997, 37.99839426042989 ], [ 23.769194029204296, 37.998213316935285 ], [ 23.769291688933123, 37.998141575262672 ], [ 23.7693163915126, 37.998123428594106 ] ] ] } },
{ "type": "Feature", "properties": { "muni_id": 1, "year": 2040, "kwh_per_user_muni": 811.36842766693462, "ac_share_muni": 0.82424642284008232, "kwh_pc_overall": 668.76752556346207, "kwh_muni": 53789336.287963867 }, "geometry": { "type": "Polygon", "coordinates": [ [ [ 23.737641863434245, 37.994722289291516 ], [ 23.737713335054409, 37.994740474372783 ], [ 23.737847915434195, 37.994727255146401 ], [ 23.738284416110236, 37.994782304261257 ], [ 23.7385132769564, 37.99477830686093 ], [ 23.738725458878623, 37.99476075270637 ], [ 23.738942379801166, 37.994711663746727 ], [ 23.739159379086484, 37.994640042459238 ], [ 23.739412499953485, 37.994518930180845 ], [ 23.739617733240365, 37.994352647147451 ], [ 23.739780224642956, 37.994195282037097 ], [ 23.739906913313916, 37.993997279745273 ], [ 23.739972987294866, 37.993830688267487 ], [ 23.740003328093731, 37.993704575554005 ], [ 23.740021244774169, 37.993569422527003 ], [ 23.740009036881023, 37.993398151540276 ], [ 23.739972951680162, 37.993235840606054 ], [ 23.739972869220679, 37.993235648450217 ], [ 23.739876230896041, 37.99301030567311 ], [ 23.739876210511117, 37.993010273181795 ], [ 23.739803701843226, 37.99289297198073 ], [ 23.740099248043517, 37.992744919801083 ], [ 23.740394585551783, 37.992659950009163 ], [ 23.740352057195988, 37.992531597962419 ], [ 23.740339297586054, 37.992493090359623 ], [ 23.740339174016526, 37.992492929658219 ], [ 23.740334556536251, 37.992486942146535 ], [ 23.740259231521261, 37.992389265873463 ], [ 23.740259194434895, 37.99238912519121 ], [ 23.740169670798483, 37.992051086405802 ], [ 23.740035114963995, 37.991555082623897 ], [ 23.73991182081814, 37.99109515493484 ], [ 23.739875982001426, 37.990964389415161 ], [ 23.739868604474569, 37.990937334561075 ], [ 23.739856307089958, 37.990892243132947 ], [ 23.739757964942267, 37.990522498884957 ], [ 23.739752891670125, 37.990346737145693 ], [ 23.73997081826138, 37.990311167728507 ], [ 23.739817293332532, 37.989846666587574 ], [ 23.740175782006567, 37.989410335876762 ], [ 23.740266927187719, 37.989297876567107 ], [ 23.740309822946607, 37.989243894187169 ], [ 23.740797606586785, 37.988672654166812 ], [ 23.740930771728696, 37.988742836780915 ], [ 23.741295623086149, 37.988935123199433 ], [ 23.741708360480438, 37.989161351486452 ], [ 23.741908892894084, 37.989315010099745 ], [ 23.742461936658074, 37.989788786675803 ], [ 23.742842209161896, 37.989461259862964 ], [ 23.742850112035818, 37.989449984942027 ], [ 23.743015674657428, 37.989213785625132 ], [ 23.743341274227056, 37.988813424728221 ], [ 23.743556792242384, 37.988548015710919 ], [ 23.743747302522586, 37.988309590359229 ], [ 23.743909897041412, 37.988116168169796 ], [ 23.744146470416428, 37.987832778170336 ], [ 23.744279416845156, 37.987670835940648 ], [ 23.744607880873968, 37.987261464787409 ], [ 23.744810547404278, 37.987005038338779 ], [ 23.744896684826276, 37.986897070943357 ], [ 23.744978876863396, 37.986798107782178 ], [ 23.745102970375342, 37.986643682843464 ], [ 23.745107422783995, 37.98663814147514 ], [ 23.745331358629812, 37.986359467791267 ], [ 23.745341660958971, 37.986346646778685 ], [ 23.745452437063143, 37.986208791598827 ], [ 23.745565043534356, 37.986069718126956 ], [ 23.745565165903933, 37.986069566975686 ], [ 23.745819251970612, 37.985755756936562 ], [ 23.745828477636053, 37.985744362992051 ], [ 23.7459842270849, 37.985552002783841 ], [ 23.746851359404189, 37.985995502053335 ], [ 23.747389901463556, 37.986271551898895 ], [ 23.747761454142061, 37.986470632037673 ], [ 23.747937653759799, 37.986561138289694 ], [ 23.748302880798306, 37.986737671021956 ], [ 23.749257891075469, 37.986568466434818 ], [ 23.750514557258384, 37.98632779143643 ], [ 23.751402329277912, 37.986149413926682 ], [ 23.751946264985023, 37.985357430894339 ], [ 23.751992147295255, 37.985258386215868 ], [ 23.751855547956112, 37.984820974552605 ], [ 23.751751824601577, 37.984497758305196 ], [ 23.751645221280313, 37.984085982730456 ], [ 23.75148305425299, 37.983351632072328 ], [ 23.75165448901857, 37.983291399778103 ], [ 23.751854188605044, 37.983216682809775 ], [ 23.752430971913746, 37.983019615213202 ], [ 23.752616049546866, 37.983114639621917 ], [ 23.752895509200407, 37.982867373342792 ], [ 23.753059651168556, 37.982732525123552 ], [ 23.753293126907458, 37.982507693491399 ], [ 23.754113863748778, 37.981928082352297 ], [ 23.75505880461909, 37.981339711238704 ], [ 23.755184595934033, 37.981233728563929 ], [ 23.755212113231167, 37.981209463715309 ], [ 23.755227244023288, 37.981196121913591 ], [ 23.755319314604538, 37.981114931806218 ], [ 23.755317796297966, 37.981113348693022 ], [ 23.754941417884272, 37.980721021149698 ], [ 23.754938108960232, 37.980717572243428 ], [ 23.754938462605086, 37.980717375598424 ], [ 23.755881394266918, 37.980192280979573 ], [ 23.75597658493318, 37.980156536980125 ], [ 23.755976876795255, 37.980156427628636 ], [ 23.756048844463137, 37.980129538302144 ], [ 23.756095269165325, 37.980077950291772 ], [ 23.756097417770633, 37.980075561830901 ], [ 23.756357536197278, 37.979751637701419 ], [ 23.756701950385263, 37.979287106371224 ], [ 23.756812270062937, 37.979137455916806 ], [ 23.757199814223959, 37.978614769271644 ], [ 23.757676549955455, 37.977968613903911 ], [ 23.757656220175772, 37.977917871029703 ], [ 23.757691583158255, 37.977846424956041 ], [ 23.758183978650511, 37.977670050475886 ], [ 23.758948032077566, 37.97727257648252 ], [ 23.758949141849868, 37.977271999228996 ], [ 23.758947044200681, 37.977270001283728 ], [ 23.758219668974125, 37.976576696805225 ], [ 23.757893694798046, 37.97626598720165 ], [ 23.757558898366337, 37.975946864812549 ], [ 23.757558181015757, 37.975946181059719 ], [ 23.757558569784976, 37.975946027740818 ], [ 23.757640942262341, 37.975913487057056 ], [ 23.758288801495695, 37.975681833638497 ], [ 23.757996623522121, 37.975148442351063 ], [ 23.75799647979154, 37.975148177076903 ], [ 23.759204655246997, 37.974806172540482 ], [ 23.759420104221121, 37.975282193860956 ], [ 23.7594212776342, 37.975284782955399 ], [ 23.75942144519799, 37.975284724714399 ], [ 23.759456006356633, 37.975272801958241 ], [ 23.759514167561626, 37.975252738342306 ], [ 23.76042203182044, 37.974939543950363 ], [ 23.760479817485923, 37.974919608875737 ], [ 23.760480047758008, 37.974919523722278 ], [ 23.760512683738668, 37.974906739610354 ], [ 23.760743370562565, 37.974833317862561 ], [ 23.760793650220226, 37.974738026044804 ], [ 23.760964649115365, 37.974413939874339 ], [ 23.761189622294495, 37.974495668587871 ], [ 23.761190479777131, 37.974495980371465 ], [ 23.761324303025177, 37.97454459521731 ], [ 23.761420701863194, 37.974579614705419 ], [ 23.761590945853889, 37.974509799120959 ], [ 23.761734921717984, 37.97360746031579 ], [ 23.761741754924071, 37.973564636854427 ], [ 23.763249254151958, 37.972832066421269 ], [ 23.763543142747562, 37.97320181866165 ], [ 23.763757288139715, 37.973471240021041 ], [ 23.765659896857279, 37.972544679352815 ], [ 23.7667674859754, 37.972005264073559 ], [ 23.767349105639006, 37.971721998078287 ], [ 23.767406671099724, 37.971693961977245 ], [ 23.767406570089936, 37.971692416969837 ], [ 23.767305851776548, 37.970157066301937 ], [ 23.767311695835868, 37.9701552473446 ], [ 23.7690751256679, 37.96960626020973 ], [ 23.76936828997864, 37.969606835298109 ], [ 23.769953936609646, 37.9694259243945 ], [ 23.770107608801506, 37.969378453798896 ], [ 23.770472508080857, 37.969307063216014 ], [ 23.77134273350114, 37.969132949791721 ], [ 23.774222970504351, 37.968530971116429 ], [ 23.774386939977465, 37.968333295998711 ], [ 23.77439407731211, 37.968324691563787 ], [ 23.77440474674437, 37.968311829003603 ], [ 23.77475603261944, 37.967888327694503 ], [ 23.775318600715352, 37.967216788731392 ], [ 23.775373092218196, 37.967144402123822 ], [ 23.776271925733589, 37.966060738535383 ], [ 23.776272029712469, 37.966060613453934 ], [ 23.774547026062969, 37.966975904195337 ], [ 23.774514115319882, 37.966993365783082 ], [ 23.774135749539418, 37.967194121307436 ], [ 23.773981309397158, 37.967276064605805 ], [ 23.773868204741266, 37.967336074982576 ], [ 23.769213062523413, 37.968998981366511 ], [ 23.767237761507051, 37.969704518221597 ], [ 23.767189846756573, 37.96972163170954 ], [ 23.765351109716448, 37.970378347102063 ], [ 23.765346422789175, 37.970380021359915 ], [ 23.764313247844285, 37.9708558613778 ], [ 23.759424566823849, 37.973107191601905 ], [ 23.759363210808122, 37.973135441353158 ], [ 23.759144058648225, 37.972900668882126 ], [ 23.758966137215737, 37.972679496190757 ], [ 23.758781029483607, 37.972480842485396 ], [ 23.758356021070473, 37.972103313972809 ], [ 23.757845530965419, 37.971830048319021 ], [ 23.757306157903667, 37.971912229353791 ], [ 23.756573104070416, 37.972014533233121 ], [ 23.756064594844943, 37.972069702250259 ], [ 23.754159404056782, 37.972286123715911 ], [ 23.753486287199724, 37.972974311974838 ], [ 23.753485880482469, 37.972974727517439 ], [ 23.753484005691494, 37.97297664513404 ], [ 23.752419242478616, 37.972350956901259 ], [ 23.751487145333556, 37.973450465959182 ], [ 23.751398527238951, 37.973458544429754 ], [ 23.750920936041243, 37.973500479647313 ], [ 23.750237550405526, 37.973560480515395 ], [ 23.749443498527448, 37.973635401415422 ], [ 23.748681452947672, 37.973714891769994 ], [ 23.747914083569285, 37.973789859339782 ], [ 23.746901412928494, 37.973890225337676 ], [ 23.746550542500628, 37.973922122667595 ], [ 23.746550152910132, 37.973923173630567 ], [ 23.746501941992427, 37.974053024571418 ], [ 23.746453576918487, 37.974183287045456 ], [ 23.746418356102467, 37.974278278012669 ], [ 23.746393354289953, 37.974345708002254 ], [ 23.74581798502911, 37.97589743175088 ], [ 23.745808376928967, 37.9759233428206 ], [ 23.745797417245353, 37.975952900279957 ], [ 23.745783355495313, 37.975949586504584 ], [ 23.744368920333685, 37.97561632858114 ], [ 23.743433909072468, 37.975393477731807 ], [ 23.743122130834866, 37.975316187938077 ], [ 23.74300681736295, 37.975324948951418 ], [ 23.742752522137028, 37.975346111457405 ], [ 23.742584702196684, 37.975360077523369 ], [ 23.742030811082891, 37.975430967164037 ], [ 23.741176117930767, 37.975541750679781 ], [ 23.740563483167652, 37.97562151701468 ], [ 23.739103861040849, 37.975814197179275 ], [ 23.739086169108123, 37.975816532832035 ], [ 23.738416212800107, 37.975905173693235 ], [ 23.738051265845581, 37.975956083769034 ], [ 23.738020960360213, 37.975807531969664 ], [ 23.73802093456332, 37.97580742195521 ], [ 23.737969277397344, 37.975587651562527 ], [ 23.737967117621107, 37.975587929755875 ], [ 23.737803770831647, 37.975608968657049 ], [ 23.737803563545508, 37.975608025448913 ], [ 23.737567816905432, 37.97453389929418 ], [ 23.737566337160985, 37.974534102387871 ], [ 23.737565503309753, 37.974534216793707 ], [ 23.737366424520609, 37.974561572712581 ], [ 23.737364503924596, 37.974561837008302 ], [ 23.736447583604082, 37.974687828612581 ], [ 23.736447378469986, 37.974686925964683 ], [ 23.7364371926861, 37.974642021752786 ], [ 23.736434843805704, 37.974642333743297 ], [ 23.736305663385934, 37.974659476042532 ], [ 23.73630836948843, 37.974673251070776 ], [ 23.736308386270473, 37.974673334026789 ], [ 23.735728101600287, 37.974750020237607 ], [ 23.735612540867191, 37.974766141469544 ], [ 23.735450725685595, 37.974788714540693 ], [ 23.73531048095893, 37.973993525152494 ], [ 23.735158950777102, 37.973583897890322 ], [ 23.735082196143537, 37.973409709039899 ], [ 23.73481604734377, 37.973086134907327 ], [ 23.734124157217661, 37.972318900803629 ], [ 23.73393158651686, 37.972076234524593 ], [ 23.733876643718467, 37.971987912064172 ], [ 23.732898271872489, 37.97087565827848 ], [ 23.732855338379203, 37.970826848001238 ], [ 23.73261474909086, 37.970634491199156 ], [ 23.732354004893761, 37.970516400115152 ], [ 23.732044628458684, 37.970428701772953 ], [ 23.731806705791836, 37.970265705224257 ], [ 23.731732356141208, 37.97015708826715 ], [ 23.731701870818483, 37.970053642852257 ], [ 23.731692482209279, 37.969936440520691 ], [ 23.731699563844042, 37.969692081518403 ], [ 23.731664137274752, 37.968484808584577 ], [ 23.731618466714611, 37.968410680727217 ], [ 23.731602912351356, 37.968385434416184 ], [ 23.731602888571231, 37.968385399211733 ], [ 23.731470350476972, 37.968252151383702 ], [ 23.730290944283691, 37.967335056199282 ], [ 23.728659862636601, 37.966066684744575 ], [ 23.727502079973995, 37.965166322020458 ], [ 23.726316257883607, 37.964244120071072 ], [ 23.724647093180263, 37.962945843370626 ], [ 23.724576081969463, 37.962890609317512 ], [ 23.724575787976907, 37.962890380603241 ], [ 23.72390405801649, 37.962366970813903 ], [ 23.722711082077907, 37.961437253663526 ], [ 23.72250879908071, 37.961279754195139 ], [ 23.722415006776885, 37.961206883651904 ], [ 23.720394007689507, 37.959636642927336 ], [ 23.720338313874851, 37.959593369454282 ], [ 23.720316595372505, 37.959607139997267 ], [ 23.720316517777164, 37.959607189383718 ], [ 23.72029981211017, 37.959617781276457 ], [ 23.720296946609562, 37.959619651849387 ], [ 23.720107236637173, 37.95974350377768 ], [ 23.719913614832858, 37.959894879562725 ], [ 23.71880848568264, 37.960758863472719 ], [ 23.717921319187592, 37.961474221565084 ], [ 23.717866780664018, 37.961518198061704 ], [ 23.717650373184217, 37.961733988205516 ], [ 23.717624180237923, 37.96179250910847 ], [ 23.717671834842079, 37.961846182554858 ], [ 23.717674308200351, 37.96184865531724 ], [ 23.717726575370211, 37.961900909464426 ], [ 23.717710880412504, 37.961924698275176 ], [ 23.717305056772471, 37.962539812314688 ], [ 23.717151807275954, 37.962735541841603 ], [ 23.717139533235869, 37.96275121728543 ], [ 23.716072535786253, 37.963609377610375 ], [ 23.715737920201384, 37.96384741101631 ], [ 23.715713015664189, 37.963855213679622 ], [ 23.715138456812497, 37.964035231631499 ], [ 23.715134546303311, 37.964035828730076 ], [ 23.715049628030883, 37.964048781895947 ], [ 23.714983798668687, 37.964058822316986 ], [ 23.714815607985098, 37.964084476393204 ], [ 23.714761750443238, 37.96409269175907 ], [ 23.714556806684783, 37.964123950691743 ], [ 23.71420359599098, 37.96410957387301 ], [ 23.713852733670446, 37.964050689781828 ], [ 23.713852535004694, 37.964052306209823 ], [ 23.713835057912384, 37.964194300422193 ], [ 23.713829536932462, 37.964286608652031 ], [ 23.713866291398659, 37.96469226332102 ], [ 23.7130339406066, 37.96508246580018 ], [ 23.713205233166562, 37.965298254388657 ], [ 23.713239574496782, 37.965341517007197 ], [ 23.713245976469569, 37.965349582015115 ], [ 23.713275794205426, 37.96538714556803 ], [ 23.713622810217988, 37.965807089714247 ], [ 23.713717344352801, 37.96592448722928 ], [ 23.713985468590593, 37.966231577282137 ], [ 23.71401927229369, 37.966267802005639 ], [ 23.714107699932299, 37.966362561127497 ], [ 23.714411871178953, 37.966732827933903 ], [ 23.715320240361294, 37.966717080344679 ], [ 23.71532412505778, 37.966717013135238 ], [ 23.71533325415912, 37.966692009163992 ], [ 23.71533563250766, 37.966685495903405 ], [ 23.715358404980073, 37.966316022952199 ], [ 23.715477100059832, 37.966257726350989 ], [ 23.715829602461259, 37.965997204808851 ], [ 23.716222616194734, 37.96565566399272 ], [ 23.716942183811252, 37.965044521519168 ], [ 23.717319988483496, 37.96495530107461 ], [ 23.717587232381153, 37.964937917125411 ], [ 23.718221334002695, 37.965033945740451 ], [ 23.719159501771067, 37.965176015745058 ], [ 23.7202976538915, 37.965345465455727 ], [ 23.720744249551096, 37.965409616537265 ], [ 23.721090347580201, 37.965459310796533 ], [ 23.721370402394754, 37.965501229956786 ], [ 23.721399845978333, 37.965523831889968 ], [ 23.721951067139297, 37.96595775425385 ], [ 23.721975910635464, 37.965976722892698 ], [ 23.722294461369692, 37.966219938886091 ], [ 23.722531416655372, 37.966405262036112 ], [ 23.72307710007269, 37.966826403779777 ], [ 23.723081968812323, 37.966830168203252 ], [ 23.723603777097477, 37.967233612176145 ], [ 23.72369336797707, 37.967302879308853 ], [ 23.723824451211328, 37.967404227789125 ], [ 23.723824421325116, 37.967404608062481 ], [ 23.723809511436688, 37.967593463183093 ], [ 23.72378120486686, 37.96783674445917 ], [ 23.723759899067677, 37.9680434489687 ], [ 23.723701877369244, 37.968593639950996 ], [ 23.723601728225258, 37.969537645057116 ], [ 23.72248577909394, 37.969971789069774 ], [ 23.722473692008094, 37.969976491414698 ], [ 23.722445155489467, 37.969987592847495 ], [ 23.722407475434306, 37.970221880154504 ], [ 23.7244820724828, 37.969933881904289 ], [ 23.725019217453934, 37.969863035646554 ], [ 23.725735791558893, 37.969761060308294 ], [ 23.726887212721174, 37.969637558717189 ], [ 23.727797376598936, 37.969522500756959 ], [ 23.728773002318025, 37.969407584885232 ], [ 23.729181046741278, 37.969421953202442 ], [ 23.729183877839436, 37.969422052552254 ], [ 23.729395839991447, 37.969445072489371 ], [ 23.729359344584768, 37.969542933277495 ], [ 23.729358230402934, 37.969545921186963 ], [ 23.729308524504031, 37.969679206421489 ], [ 23.729307482864691, 37.969682901106893 ], [ 23.729306975316426, 37.969684699810593 ], [ 23.729162365168435, 37.970197329443295 ], [ 23.729158543108102, 37.970216869572511 ], [ 23.729157163493358, 37.970223924379624 ], [ 23.729112967031483, 37.970449904304914 ], [ 23.728991550508074, 37.970798972733654 ], [ 23.728985658979582, 37.970815912379734 ], [ 23.728987851264151, 37.970824415670094 ], [ 23.729027049715569, 37.97097647926114 ], [ 23.728951538089785, 37.9710708737977 ], [ 23.72895143868066, 37.97109791219296 ], [ 23.728957882452953, 37.971377326149714 ], [ 23.728921492712157, 37.971598057720406 ], [ 23.728839411118912, 37.971859241893078 ], [ 23.728772363533562, 37.971998786869811 ], [ 23.728768327629865, 37.972060922227321 ], [ 23.7287649723634, 37.97211259250377 ], [ 23.728764450969287, 37.972120621771602 ], [ 23.728764329102834, 37.972122489859224 ], [ 23.72876651323525, 37.972138472916427 ], [ 23.728738762984435, 37.972240699633552 ], [ 23.728679626700252, 37.972357029406041 ], [ 23.728587180872733, 37.972490639291692 ], [ 23.728491442138463, 37.972590827178458 ], [ 23.728436914204533, 37.972640356837459 ], [ 23.728251587750911, 37.972759999267474 ], [ 23.728279700909749, 37.972794928697859 ], [ 23.728288294097425, 37.972805606266732 ], [ 23.728304687130386, 37.972825973562131 ], [ 23.728096931489468, 37.972903021383225 ], [ 23.72793141314337, 37.972953388382756 ], [ 23.727707088479303, 37.973015622391777 ], [ 23.727702036061757, 37.973017023915524 ], [ 23.727693262428961, 37.973019457812178 ], [ 23.727504979892725, 37.973068389841501 ], [ 23.727504708992328, 37.973067752905294 ], [ 23.727481452613596, 37.973012962963587 ], [ 23.727464769981633, 37.972973661544202 ], [ 23.727416836791015, 37.972946511874106 ], [ 23.727383712450802, 37.972936411001875 ], [ 23.727267925179977, 37.972901102381591 ], [ 23.727265869773056, 37.972901493281505 ], [ 23.727092000959928, 37.972934558459507 ], [ 23.727060520914822, 37.972939788600208 ], [ 23.726998759317073, 37.972950048847984 ], [ 23.726934020295772, 37.972958176917103 ], [ 23.726893036980567, 37.972963322764883 ], [ 23.726839703647894, 37.972996442914095 ], [ 23.726658923354083, 37.972984677603172 ], [ 23.726572574541898, 37.972987852258321 ], [ 23.726342589046709, 37.972870608914313 ], [ 23.726083035549394, 37.97281690461805 ], [ 23.725876719352559, 37.972799562767214 ], [ 23.725873618890432, 37.972799302280862 ], [ 23.725844928240573, 37.972796890273386 ], [ 23.725539300193351, 37.972807728524877 ], [ 23.725219079359938, 37.972752841584239 ], [ 23.725219093515406, 37.97275362573712 ], [ 23.725220465749981, 37.972826861226743 ], [ 23.725220506503753, 37.972829062265127 ], [ 23.72522398869172, 37.973014957262997 ], [ 23.725224039508934, 37.97304011681134 ], [ 23.725224064843761, 37.973052563645446 ], [ 23.725224667541539, 37.973351497643534 ], [ 23.72522162229691, 37.973351385080058 ], [ 23.725094461988686, 37.973346687012089 ], [ 23.725053673159493, 37.973345996839015 ], [ 23.725033806430055, 37.973345357358411 ], [ 23.724718482036213, 37.973335213180881 ], [ 23.723401774520156, 37.973288642090083 ], [ 23.723400448605265, 37.973289112148244 ], [ 23.72215955247276, 37.973729323741409 ], [ 23.721597222448615, 37.973928805525958 ], [ 23.720624389932684, 37.974643496333158 ], [ 23.720529545711937, 37.97471317305277 ], [ 23.720443418721072, 37.974776445137465 ], [ 23.720443256588435, 37.974776564623319 ], [ 23.720435485709398, 37.974782272932366 ], [ 23.720453115629699, 37.974822497796218 ], [ 23.720935701661684, 37.975923588252151 ], [ 23.720939563831607, 37.975937116712778 ], [ 23.720943444202202, 37.975946138783556 ], [ 23.720948391438142, 37.975955163384917 ], [ 23.720953321615216, 37.975968694378466 ], [ 23.720958607036149, 37.975982226214455 ], [ 23.720969924763562, 37.976000278791489 ], [ 23.720991544542692, 37.976022862234693 ], [ 23.721012485686128, 37.97603643119875 ], [ 23.721030598537702, 37.976045487019178 ], [ 23.721060113283706, 37.976050063440454 ], [ 23.721075734893052, 37.976059113346722 ], [ 23.721085308275207, 37.976068148910912 ], [ 23.721089187531874, 37.976077170974065 ], [ 23.72106609405002, 37.976221956572516 ], [ 23.721064040216014, 37.976234836494953 ], [ 23.721063504873772, 37.976236091619 ], [ 23.72103328220415, 37.976306930472909 ], [ 23.721025626583206, 37.976324874057177 ], [ 23.721011399213396, 37.976343032784847 ], [ 23.721002124817957, 37.976354869917351 ], [ 23.721000809809386, 37.976356651345867 ], [ 23.720966897939306, 37.976423876285374 ], [ 23.721070046044339, 37.976433811537859 ], [ 23.721302666614488, 37.976456217270453 ], [ 23.721430758215813, 37.97659635887134 ], [ 23.721463174950312, 37.976631824644883 ], [ 23.721463745315912, 37.976632448784329 ], [ 23.721523682561024, 37.976698024985801 ], [ 23.721537367974037, 37.976712997106418 ], [ 23.721537956483719, 37.97671364111676 ], [ 23.721839662549812, 37.97653089533825 ], [ 23.721841808048644, 37.976529596249819 ], [ 23.721865715133685, 37.976556561586655 ], [ 23.721873040548417, 37.976564824776396 ], [ 23.722041992715909, 37.976755391048208 ], [ 23.722357730018985, 37.977061725948545 ], [ 23.722358528686392, 37.977062502038599 ], [ 23.722391197103676, 37.977094198067441 ], [ 23.722400567604755, 37.977140854542668 ], [ 23.722402035107084, 37.97714815932698 ], [ 23.722415646050713, 37.977215929428439 ], [ 23.722412957560241, 37.977216283599006 ], [ 23.722179620809335, 37.977246917271806 ], [ 23.722179675606149, 37.977247181478134 ], [ 23.72218052555159, 37.977251269917979 ], [ 23.722180707840561, 37.977252147300156 ], [ 23.722197331908816, 37.977332170319585 ], [ 23.722623901302001, 37.977637841442998 ], [ 23.722050754965654, 37.9781118477406 ], [ 23.722447392656974, 37.978329092949316 ], [ 23.721985493753724, 37.978636506183278 ], [ 23.721975093425101, 37.978643427815676 ], [ 23.721974422465607, 37.978642902582614 ], [ 23.721467408176107, 37.978245660899169 ], [ 23.721466215063437, 37.978247420088756 ], [ 23.721131771286515, 37.978740573117179 ], [ 23.72181172647463, 37.979314499757983 ], [ 23.721722801577023, 37.979399911606293 ], [ 23.721566861597044, 37.979611344829259 ], [ 23.721542799149635, 37.979669871463742 ], [ 23.721525905473843, 37.979714895773355 ], [ 23.721232608330986, 37.980115273345383 ], [ 23.720741455857805, 37.980799085658589 ], [ 23.720709080090479, 37.980844063171617 ], [ 23.720709208545177, 37.980844120257615 ], [ 23.721807206339275, 37.981331877003882 ], [ 23.721780840822923, 37.981369358607914 ], [ 23.721417028657974, 37.981877723999553 ], [ 23.720884028145935, 37.982615514704847 ], [ 23.720505156668334, 37.983150879978901 ], [ 23.720355947483792, 37.983366833863158 ], [ 23.719842209975759, 37.984086639714008 ], [ 23.719307719876724, 37.984833432253396 ], [ 23.719288313617504, 37.984928135349833 ], [ 23.719287414366931, 37.98493252516645 ], [ 23.719270207915987, 37.98505866402482 ], [ 23.71924981644236, 37.985180288850408 ], [ 23.718785547247784, 37.985892875031375 ], [ 23.718428783511978, 37.986368330844137 ], [ 23.71816652100032, 37.986741346633913 ], [ 23.717995224734388, 37.986942126294757 ], [ 23.717995463064483, 37.986942338668065 ], [ 23.718042336618652, 37.986984193141573 ], [ 23.718214799794897, 37.987053862947896 ], [ 23.718253208494829, 37.987106571960751 ], [ 23.718309152416296, 37.987183343997749 ], [ 23.71842391040439, 37.987254627387529 ], [ 23.718867950638867, 37.987622315022335 ], [ 23.719290228231912, 37.987649906022469 ], [ 23.720005763216577, 37.987719153723646 ], [ 23.720006002274246, 37.98771917682479 ], [ 23.720006333538663, 37.987719209158314 ], [ 23.720033799196319, 37.987803924999355 ], [ 23.719998236268392, 37.987860475279028 ], [ 23.719884657955827, 37.988041078277845 ], [ 23.719839962001789, 37.98829520080357 ], [ 23.719866702737477, 37.988419926579098 ], [ 23.720077570273254, 37.989403458763405 ], [ 23.720180322775338, 37.989882706195552 ], [ 23.720295592675264, 37.990360661083308 ], [ 23.720322568377004, 37.990473385770137 ], [ 23.720308557538306, 37.990503331875729 ], [ 23.720274130286988, 37.9905769182838 ], [ 23.720302027015116, 37.990703229318505 ], [ 23.720325911209084, 37.990811375332882 ], [ 23.720407148595026, 37.990973799633068 ], [ 23.720452681969135, 37.991073049126072 ], [ 23.72067412924714, 37.991519710904804 ], [ 23.720823664485625, 37.991742964311271 ], [ 23.720991567839334, 37.991993638498883 ], [ 23.721037797337548, 37.992097395822007 ], [ 23.721023524578928, 37.992201009640375 ], [ 23.721034060680687, 37.992278158409007 ], [ 23.721034675771357, 37.992278130125456 ], [ 23.721218338770559, 37.992269587889972 ], [ 23.721321165019233, 37.992264805098948 ], [ 23.721345508979336, 37.992263673079393 ], [ 23.7214437334145, 37.992259104600052 ], [ 23.721556237075216, 37.992253871347458 ], [ 23.721874320189791, 37.992239075861285 ], [ 23.722298625898762, 37.992217546301553 ], [ 23.723105258563663, 37.992169877352552 ], [ 23.723333943922398, 37.992116338435387 ], [ 23.724330195745488, 37.992087132629862 ], [ 23.725073427051726, 37.992052820829443 ], [ 23.726044476901908, 37.9920055159076 ], [ 23.726943262875853, 37.991962541650402 ], [ 23.726943306155263, 37.991962540849592 ], [ 23.726943950804372, 37.991962525221737 ], [ 23.726946355144349, 37.991962465910873 ], [ 23.726950647874567, 37.991962360511799 ], [ 23.727111259044129, 37.991958425110042 ], [ 23.72791106892285, 37.99182959177903 ], [ 23.728644985342079, 37.991714120268128 ], [ 23.729059470511725, 37.991651985859079 ], [ 23.72984502060153, 37.9915276129341 ], [ 23.730769857661226, 37.991381497426786 ], [ 23.731082094882151, 37.991332165185121 ], [ 23.731131229190506, 37.991534359888988 ], [ 23.731137579696803, 37.991560490922325 ], [ 23.731169750761048, 37.991692879307195 ], [ 23.731271511549359, 37.992089676940623 ], [ 23.731369714507856, 37.992486466335187 ], [ 23.731470410334442, 37.992883261313686 ], [ 23.731916173700753, 37.994691352641368 ], [ 23.732005923802419, 37.995065589976015 ], [ 23.732141982464423, 37.995624695862418 ], [ 23.732223251336872, 37.995617275880321 ], [ 23.732239572784394, 37.995615785361736 ], [ 23.73233459284998, 37.995607108672367 ], [ 23.733230528050736, 37.99547845800884 ], [ 23.733490486096624, 37.995438489561288 ], [ 23.73358109803781, 37.995380111395107 ], [ 23.733910059354404, 37.995326966508557 ], [ 23.735699268806304, 37.995037895933663 ], [ 23.735768448271255, 37.995026378838709 ], [ 23.735769225464448, 37.995026249898515 ], [ 23.736108438824086, 37.994969778122929 ], [ 23.736428087841805, 37.994917390309311 ], [ 23.736615556695686, 37.994886733087696 ], [ 23.737641863434245, 37.994722289291516 ] ] ] } },
{ "type": "Feature", "properties": { "muni_id": 2, "year": 2040, "kwh_per_user_muni": 827.52913101495653, "ac_share_muni": 0.71281106014666507, "kwh_pc_overall": 589.8719074278556, "kwh_muni": 56931966.65625 }, "geometry": { "type": "Polygon", "coordinates": [ [ [ 23.741176117930767, 37.975541750679781 ], [ 23.742030811082891, 37.975430967164037 ], [ 23.742584702196684, 37.975360077523369 ], [ 23.742752522137028, 37.975346111457405 ], [ 23.74300681736295, 37.975324948951418 ], [ 23.743122130834866, 37.975316187938077 ], [ 23.743433909072468, 37.975393477731807 ], [ 23.744368920333685, 37.97561632858114 ], [ 23.745783355495313, 37.975949586504584 ], [ 23.745797417245353, 37.975952900279957 ], [ 23.745808376928967, 37.9759233428206 ], [ 23.74581798502911, 37.97589743175088 ], [ 23.746393354289953, 37.974345708002254 ], [ 23.746418356102467, 37.974278278012669 ], [ 23.746453576918487, 37.974183287045456 ], [ 23.746501941992427, 37.974053024571418 ], [ 23.746550152910132, 37.973923173630567 ], [ 23.746550542500628, 37.973922122667595 ], [ 23.746901412928494, 37.973890225337676 ], [ 23.747914083569285, 37.973789859339782 ], [ 23.748681452947672, 37.973714891769994 ], [ 23.749443498527448, 37.973635401415422 ], [ 23.750237550405526, 37.973560480515395 ], [ 23.750237261872787, 37.9735586043236 ], [ 23.750173531799387, 37.973144297651942 ], [ 23.750110392851585, 37.972733829855635 ], [ 23.750025604128606, 37.97218261147232 ], [ 23.750464920314517, 37.971702843240458 ], [ 23.750958314829877, 37.971164007450859 ], [ 23.7512233325909, 37.970874424682208 ], [ 23.751638954882296, 37.970416080424087 ], [ 23.751664717406758, 37.970387669431119 ], [ 23.75225783505973, 37.969733571789398 ], [ 23.752617866373502, 37.969320959020614 ], [ 23.7527612724904, 37.969156607754428 ], [ 23.753459714448582, 37.968353919782309 ], [ 23.754109683091368, 37.967631776224373 ], [ 23.755126779524758, 37.966536415700205 ], [ 23.755771266679357, 37.965852556958097 ], [ 23.755379182747141, 37.965634391176287 ], [ 23.755010083683221, 37.965429012566837 ], [ 23.754596326366304, 37.965198782148022 ], [ 23.75400008534578, 37.964867005477402 ], [ 23.752905736093034, 37.964258041968883 ], [ 23.752231616877094, 37.964299412007797 ], [ 23.752221576186098, 37.964300019961506 ], [ 23.751179060791074, 37.964362727856845 ], [ 23.751059531017628, 37.964405716136291 ], [ 23.750711694441019, 37.96441245040166 ], [ 23.750675628234532, 37.964399552239584 ], [ 23.750207970319021, 37.964114750678355 ], [ 23.749719168055208, 37.963817067014062 ], [ 23.749155941401291, 37.96351567698072 ], [ 23.748725091380088, 37.963285119947564 ], [ 23.748301141291677, 37.963072682989974 ], [ 23.747660346915332, 37.962690909580274 ], [ 23.746603391747552, 37.962065789394586 ], [ 23.746520984855277, 37.962022016521701 ], [ 23.745986287295871, 37.961737990091784 ], [ 23.74552557823209, 37.961480761586749 ], [ 23.74505175317648, 37.961211829351008 ], [ 23.744550121137863, 37.960932033776778 ], [ 23.745416309252168, 37.959983619657727 ], [ 23.745921512407499, 37.959430443923402 ], [ 23.746461993962015, 37.958838628889175 ], [ 23.746701393614543, 37.958567002813112 ], [ 23.747306871769723, 37.957879053332505 ], [ 23.747703196672845, 37.957428737076619 ], [ 23.747552634060085, 37.957284493443602 ], [ 23.746934381691418, 37.95669218314265 ], [ 23.746673737205565, 37.956760490712391 ], [ 23.746510887280763, 37.956803168455487 ], [ 23.745965025244221, 37.956944233630047 ], [ 23.745713797189541, 37.957007975437875 ], [ 23.745631273372133, 37.956532827151008 ], [ 23.745579223789111, 37.956385454636987 ], [ 23.745290794502857, 37.955853069447741 ], [ 23.745021866734071, 37.955948111135534 ], [ 23.744647883598361, 37.956080279120663 ], [ 23.744150765826564, 37.956261606766141 ], [ 23.743767340434086, 37.956388942124619 ], [ 23.743444826391357, 37.956324934510782 ], [ 23.742936947890996, 37.95622413518911 ], [ 23.742405206936617, 37.956126417022425 ], [ 23.741927918210909, 37.956038703954327 ], [ 23.741020548486798, 37.955871947197821 ], [ 23.740392983532203, 37.955756607772969 ], [ 23.740116140932763, 37.955708203901537 ], [ 23.739998579579058, 37.955990952844985 ], [ 23.739847339524303, 37.956354702731126 ], [ 23.738718255353604, 37.956270961229045 ], [ 23.737466197842231, 37.956165983178572 ], [ 23.737141816378941, 37.956138782636103 ], [ 23.736677031438582, 37.956099808055001 ], [ 23.736158006231435, 37.956056282883665 ], [ 23.735736084631728, 37.95602089950485 ], [ 23.73587316326725, 37.955674988491481 ], [ 23.735829381986189, 37.955662659695484 ], [ 23.735479822519935, 37.955564221367212 ], [ 23.735473238460955, 37.955562367031874 ], [ 23.734873155696242, 37.955393375521616 ], [ 23.734061488304597, 37.95516577600889 ], [ 23.734050257480686, 37.955203169481528 ], [ 23.734011109121976, 37.955302408552612 ], [ 23.733983298080631, 37.955372906769675 ], [ 23.733790753910029, 37.955638582554919 ], [ 23.733789967986528, 37.955639667732378 ], [ 23.73354713741826, 37.955780759378754 ], [ 23.73332115088893, 37.955653787396173 ], [ 23.732309177379488, 37.955085192650586 ], [ 23.731227083852083, 37.954600535598743 ], [ 23.731158158518721, 37.954577845879022 ], [ 23.731054761814498, 37.954546064428961 ], [ 23.730885062079135, 37.954455547401686 ], [ 23.730817800428856, 37.954365363673503 ], [ 23.730522489157259, 37.954220467755128 ], [ 23.73047602628052, 37.954197670451947 ], [ 23.729917808899419, 37.954294477817065 ], [ 23.729860101700993, 37.954304485753575 ], [ 23.729839357089215, 37.954315255406833 ], [ 23.729652683833894, 37.954412164159322 ], [ 23.729562432385325, 37.954337336245409 ], [ 23.729526888602745, 37.954307866178418 ], [ 23.729320034800978, 37.954136362582332 ], [ 23.729289742048348, 37.954110614233045 ], [ 23.728891606634054, 37.953764550288241 ], [ 23.7288583435665, 37.953735636861893 ], [ 23.728855103039873, 37.953732820072844 ], [ 23.728572405460994, 37.953487093950791 ], [ 23.728538813599293, 37.953457894866929 ], [ 23.727542081412032, 37.952591494342677 ], [ 23.727476446940699, 37.952534441180035 ], [ 23.726818690292468, 37.952685753069602 ], [ 23.726615260084419, 37.95273255235098 ], [ 23.726612245711507, 37.952733245649604 ], [ 23.726480673228046, 37.95255768036737 ], [ 23.725634608489369, 37.951422297358945 ], [ 23.72540417728008, 37.951079305489536 ], [ 23.725173814987919, 37.950736413356239 ], [ 23.724948453438515, 37.950400959980684 ], [ 23.724848424401316, 37.950264423031427 ], [ 23.724816679417998, 37.950229719405179 ], [ 23.724612663870875, 37.950006685497044 ], [ 23.72453059898443, 37.949950967586645 ], [ 23.72433179108906, 37.949861695107863 ], [ 23.724027421740782, 37.949672450545705 ], [ 23.723732013757935, 37.949443105277517 ], [ 23.72346822113871, 37.94923830270934 ], [ 23.723199216327224, 37.949029450402215 ], [ 23.722949746564364, 37.94883576532996 ], [ 23.722020161472805, 37.949608527884259 ], [ 23.721688779506913, 37.949860105911014 ], [ 23.721104835730447, 37.950318061489064 ], [ 23.721104429321677, 37.9503183804839 ], [ 23.720181597478458, 37.951009935296604 ], [ 23.720076629354399, 37.951088595398403 ], [ 23.71931718857309, 37.951693104951808 ], [ 23.718635384491915, 37.952274762729445 ], [ 23.717917659228242, 37.952847134506612 ], [ 23.717800531590228, 37.952942520178127 ], [ 23.717162699532029, 37.953461949614059 ], [ 23.716980243696021, 37.953610532862612 ], [ 23.71655079195676, 37.953960255873689 ], [ 23.716176975046039, 37.954264668474643 ], [ 23.715738876381504, 37.954621422908659 ], [ 23.715725942531527, 37.954631955677499 ], [ 23.715033247185026, 37.955196024087293 ], [ 23.714917414057656, 37.955284986482695 ], [ 23.714872964041515, 37.955319124174807 ], [ 23.717549781815762, 37.957439104509412 ], [ 23.718454206194828, 37.95813977145437 ], [ 23.720338267339486, 37.959593333292098 ], [ 23.720338313874851, 37.959593369454282 ], [ 23.720394007689507, 37.959636642927336 ], [ 23.722415006776885, 37.961206883651904 ], [ 23.72250879908071, 37.961279754195139 ], [ 23.722711082077907, 37.961437253663526 ], [ 23.72390405801649, 37.962366970813903 ], [ 23.724575787976907, 37.962890380603241 ], [ 23.724576081969463, 37.962890609317512 ], [ 23.724647093180263, 37.962945843370626 ], [ 23.726316257883607, 37.964244120071072 ], [ 23.727502079973995, 37.965166322020458 ], [ 23.728659862636601, 37.966066684744575 ], [ 23.730290944283691, 37.967335056199282 ], [ 23.731470350476972, 37.968252151383702 ], [ 23.731602888571231, 37.968385399211733 ], [ 23.731602912351356, 37.968385434416184 ], [ 23.731618466714611, 37.968410680727217 ], [ 23.731664137274752, 37.968484808584577 ], [ 23.731699563844042, 37.969692081518403 ], [ 23.731692482209279, 37.969936440520691 ], [ 23.731701870818483, 37.970053642852257 ], [ 23.731732356141208, 37.97015708826715 ], [ 23.731806705791836, 37.970265705224257 ], [ 23.732044628458684, 37.970428701772953 ], [ 23.732354004893761, 37.970516400115152 ], [ 23.73261474909086, 37.970634491199156 ], [ 23.732855338379203, 37.970826848001238 ], [ 23.732898271872489, 37.97087565827848 ], [ 23.733876643718467, 37.971987912064172 ], [ 23.73393158651686, 37.972076234524593 ], [ 23.734124157217661, 37.972318900803629 ], [ 23.73481604734377, 37.973086134907327 ], [ 23.735082196143537, 37.973409709039899 ], [ 23.735158950777102, 37.973583897890322 ], [ 23.73531048095893, 37.973993525152494 ], [ 23.735450725685595, 37.974788714540693 ], [ 23.735612540867191, 37.974766141469544 ], [ 23.735728101600287, 37.974750020237607 ], [ 23.736308386270473, 37.974673334026789 ], [ 23.73630836948843, 37.974673251070776 ], [ 23.736305663385934, 37.974659476042532 ], [ 23.736434843805704, 37.974642333743297 ], [ 23.7364371926861, 37.974642021752786 ], [ 23.736447378469986, 37.974686925964683 ], [ 23.736447583604082, 37.974687828612581 ], [ 23.737364503924596, 37.974561837008302 ], [ 23.737366424520609, 37.974561572712581 ], [ 23.737565503309753, 37.974534216793707 ], [ 23.737566337160985, 37.974534102387871 ], [ 23.737567816905432, 37.97453389929418 ], [ 23.737803563545508, 37.975608025448913 ], [ 23.737803770831647, 37.975608968657049 ], [ 23.737967117621107, 37.975587929755875 ], [ 23.737969277397344, 37.975587651562527 ], [ 23.73802093456332, 37.97580742195521 ], [ 23.738020960360213, 37.975807531969664 ], [ 23.738051265845581, 37.975956083769034 ], [ 23.738416212800107, 37.975905173693235 ], [ 23.739086169108123, 37.975816532832035 ], [ 23.739103861040849, 37.975814197179275 ], [ 23.740563483167652, 37.97562151701468 ], [ 23.741176117930767, 37.975541750679781 ] ] ] } },
{ "type": "Feature", "properties": { "muni_id": 3, "year": 2040, "kwh_per_user_muni": 828.56556192594326, "ac_share_muni": 0.54519286075007034, "kwh_pc_overall": 451.72802336157332, "kwh_muni": 32706572.148498535 }, "geometry": { "type": "Polygon", "coordinates": [ [ [ 23.706754804427288, 37.988065458548057 ], [ 23.70749920113872, 37.988535979904384 ], [ 23.707812142025364, 37.98823482740832 ], [ 23.708208319566833, 37.987852764968771 ], [ 23.708693850442842, 37.98737178118138 ], [ 23.708977120708816, 37.987102096988245 ], [ 23.70904211942203, 37.987043674284102 ], [ 23.709618848099549, 37.986716130544949 ], [ 23.710198438218615, 37.986474213053498 ], [ 23.711041020753484, 37.986138304136759 ], [ 23.711135162153923, 37.986088964697956 ], [ 23.711340561136399, 37.985981314748543 ], [ 23.711697037621686, 37.985824464154298 ], [ 23.7119936227908, 37.985694504394445 ], [ 23.712585089828632, 37.985961830133235 ], [ 23.713013536521874, 37.986147639632406 ], [ 23.713332664462445, 37.985711294630718 ], [ 23.713895007418806, 37.98596502353503 ], [ 23.714253008766786, 37.986127689716568 ], [ 23.715076201595238, 37.986495142276269 ], [ 23.715668752205907, 37.986762455124925 ], [ 23.715695673526589, 37.986774662305962 ], [ 23.715708438481155, 37.986780449664337 ], [ 23.71662994061608, 37.987198264662915 ], [ 23.716637694712329, 37.987201780327737 ], [ 23.716687957095896, 37.987224569612437 ], [ 23.717514266309685, 37.987600590111299 ], [ 23.717778145010975, 37.987222632566045 ], [ 23.717878317582642, 37.987135254467383 ], [ 23.717906889304746, 37.987110332166949 ], [ 23.717912466305943, 37.98710546778829 ], [ 23.717951195659612, 37.987071684970559 ], [ 23.717973002230497, 37.987049044708101 ], [ 23.718014759715413, 37.987005692978144 ], [ 23.718042336618652, 37.986984193141573 ], [ 23.717995463064483, 37.986942338668065 ], [ 23.717995224734388, 37.986942126294757 ], [ 23.71816652100032, 37.986741346633913 ], [ 23.718428783511978, 37.986368330844137 ], [ 23.718785547247784, 37.985892875031375 ], [ 23.71924981644236, 37.985180288850408 ], [ 23.719270207915987, 37.98505866402482 ], [ 23.719287414366931, 37.98493252516645 ], [ 23.719288313617504, 37.984928135349833 ], [ 23.719307719876724, 37.984833432253396 ], [ 23.719842209975759, 37.984086639714008 ], [ 23.720355947483792, 37.983366833863158 ], [ 23.720505156668334, 37.983150879978901 ], [ 23.720884028145935, 37.982615514704847 ], [ 23.721417028657974, 37.981877723999553 ], [ 23.721780840822923, 37.981369358607914 ], [ 23.721807206339275, 37.981331877003882 ], [ 23.720709208545177, 37.980844120257615 ], [ 23.720709080090479, 37.980844063171617 ], [ 23.720741455857805, 37.980799085658589 ], [ 23.721232608330986, 37.980115273345383 ], [ 23.721525905473843, 37.979714895773355 ], [ 23.721542799149635, 37.979669871463742 ], [ 23.721566861597044, 37.979611344829259 ], [ 23.721722801577023, 37.979399911606293 ], [ 23.72181172647463, 37.979314499757983 ], [ 23.721131771286515, 37.978740573117179 ], [ 23.721466215063437, 37.978247420088756 ], [ 23.721467408176107, 37.978245660899169 ], [ 23.721974422465607, 37.978642902582614 ], [ 23.721975093425101, 37.978643427815676 ], [ 23.721985493753724, 37.978636506183278 ], [ 23.722447392656974, 37.978329092949316 ], [ 23.722050754965654, 37.9781118477406 ], [ 23.722623901302001, 37.977637841442998 ], [ 23.722197331908816, 37.977332170319585 ], [ 23.722180707840561, 37.977252147300156 ], [ 23.72218052555159, 37.977251269917979 ], [ 23.722179675606149, 37.977247181478134 ], [ 23.722179620809335, 37.977246917271806 ], [ 23.722412957560241, 37.977216283599006 ], [ 23.722415646050713, 37.977215929428439 ], [ 23.722402035107084, 37.97714815932698 ], [ 23.722400567604755, 37.977140854542668 ], [ 23.722391197103676, 37.977094198067441 ], [ 23.722358528686392, 37.977062502038599 ], [ 23.722357730018985, 37.977061725948545 ], [ 23.722041992715909, 37.976755391048208 ], [ 23.721873040548417, 37.976564824776396 ], [ 23.721865715133685, 37.976556561586655 ], [ 23.721841808048644, 37.976529596249819 ], [ 23.721839662549812, 37.97653089533825 ], [ 23.721537956483719, 37.97671364111676 ], [ 23.721537367974037, 37.976712997106418 ], [ 23.721523682561024, 37.976698024985801 ], [ 23.721463745315912, 37.976632448784329 ], [ 23.721463174950312, 37.976631824644883 ], [ 23.721430758215813, 37.97659635887134 ], [ 23.721302666614488, 37.976456217270453 ], [ 23.721070046044339, 37.976433811537859 ], [ 23.720966897939306, 37.976423876285374 ], [ 23.721000809809386, 37.976356651345867 ], [ 23.721002124817957, 37.976354869917351 ], [ 23.721011399213396, 37.976343032784847 ], [ 23.721025626583206, 37.976324874057177 ], [ 23.72103328220415, 37.976306930472909 ], [ 23.721063504873772, 37.976236091619 ], [ 23.721064040216014, 37.976234836494953 ], [ 23.72106609405002, 37.976221956572516 ], [ 23.721089187531874, 37.976077170974065 ], [ 23.721085308275207, 37.976068148910912 ], [ 23.721075734893052, 37.976059113346722 ], [ 23.721060113283706, 37.976050063440454 ], [ 23.721030598537702, 37.976045487019178 ], [ 23.721012485686128, 37.97603643119875 ], [ 23.720991544542692, 37.976022862234693 ], [ 23.720969924763562, 37.976000278791489 ], [ 23.720958607036149, 37.975982226214455 ], [ 23.720953321615216, 37.975968694378466 ], [ 23.720948391438142, 37.975955163384917 ], [ 23.720943444202202, 37.975946138783556 ], [ 23.720939563831607, 37.975937116712778 ], [ 23.720935701661684, 37.975923588252151 ], [ 23.720453115629699, 37.974822497796218 ], [ 23.720435485709398, 37.974782272932366 ], [ 23.720443256588435, 37.974776564623319 ], [ 23.720443418721072, 37.974776445137465 ], [ 23.720529545711937, 37.97471317305277 ], [ 23.720624389932684, 37.974643496333158 ], [ 23.721597222448615, 37.973928805525958 ], [ 23.72215955247276, 37.973729323741409 ], [ 23.723400448605265, 37.973289112148244 ], [ 23.723401774520156, 37.973288642090083 ], [ 23.724718482036213, 37.973335213180881 ], [ 23.725033806430055, 37.973345357358411 ], [ 23.725053673159493, 37.973345996839015 ], [ 23.725094461988686, 37.973346687012089 ], [ 23.72522162229691, 37.973351385080058 ], [ 23.725224667541539, 37.973351497643534 ], [ 23.725224064843761, 37.973052563645446 ], [ 23.725224039508934, 37.97304011681134 ], [ 23.72522398869172, 37.973014957262997 ], [ 23.725220506503753, 37.972829062265127 ], [ 23.725220465749981, 37.972826861226743 ], [ 23.725219093515406, 37.97275362573712 ], [ 23.725219079359938, 37.972752841584239 ], [ 23.725539300193351, 37.972807728524877 ], [ 23.725844928240573, 37.972796890273386 ], [ 23.725873618890432, 37.972799302280862 ], [ 23.725876719352559, 37.972799562767214 ], [ 23.726083035549394, 37.97281690461805 ], [ 23.726342589046709, 37.972870608914313 ], [ 23.726572574541898, 37.972987852258321 ], [ 23.726658923354083, 37.972984677603172 ], [ 23.726839703647894, 37.972996442914095 ], [ 23.726893036980567, 37.972963322764883 ], [ 23.726934020295772, 37.972958176917103 ], [ 23.726998759317073, 37.972950048847984 ], [ 23.727060520914822, 37.972939788600208 ], [ 23.727092000959928, 37.972934558459507 ], [ 23.727265869773056, 37.972901493281505 ], [ 23.727267925179977, 37.972901102381591 ], [ 23.727383712450802, 37.972936411001875 ], [ 23.727416836791015, 37.972946511874106 ], [ 23.727464769981633, 37.972973661544202 ], [ 23.727481452613596, 37.973012962963587 ], [ 23.727504708992328, 37.973067752905294 ], [ 23.727504979892725, 37.973068389841501 ], [ 23.727693262428961, 37.973019457812178 ], [ 23.727702036061757, 37.973017023915524 ], [ 23.727707088479303, 37.973015622391777 ], [ 23.72793141314337, 37.972953388382756 ], [ 23.728096931489468, 37.972903021383225 ], [ 23.728304687130386, 37.972825973562131 ], [ 23.728288294097425, 37.972805606266732 ], [ 23.728279700909749, 37.972794928697859 ], [ 23.728251587750911, 37.972759999267474 ], [ 23.728436914204533, 37.972640356837459 ], [ 23.728491442138463, 37.972590827178458 ], [ 23.728587180872733, 37.972490639291692 ], [ 23.728679626700252, 37.972357029406041 ], [ 23.728738762984435, 37.972240699633552 ], [ 23.72876651323525, 37.972138472916427 ], [ 23.728764329102834, 37.972122489859224 ], [ 23.728764450969287, 37.972120621771602 ], [ 23.7287649723634, 37.97211259250377 ], [ 23.728768327629865, 37.972060922227321 ], [ 23.728772363533562, 37.971998786869811 ], [ 23.728839411118912, 37.971859241893078 ], [ 23.728921492712157, 37.971598057720406 ], [ 23.728957882452953, 37.971377326149714 ], [ 23.72895143868066, 37.97109791219296 ], [ 23.728951538089785, 37.9710708737977 ], [ 23.729027049715569, 37.97097647926114 ], [ 23.728987851264151, 37.970824415670094 ], [ 23.728985658979582, 37.970815912379734 ], [ 23.728991550508074, 37.970798972733654 ], [ 23.729112967031483, 37.970449904304914 ], [ 23.729157163493358, 37.970223924379624 ], [ 23.729158543108102, 37.970216869572511 ], [ 23.729162365168435, 37.970197329443295 ], [ 23.729306975316426, 37.969684699810593 ], [ 23.729307482864691, 37.969682901106893 ], [ 23.729308524504031, 37.969679206421489 ], [ 23.729358230402934, 37.969545921186963 ], [ 23.729359344584768, 37.969542933277495 ], [ 23.729395839991447, 37.969445072489371 ], [ 23.729183877839436, 37.969422052552254 ], [ 23.729181046741278, 37.969421953202442 ], [ 23.728773002318025, 37.969407584885232 ], [ 23.727797376598936, 37.969522500756959 ], [ 23.726887212721174, 37.969637558717189 ], [ 23.725735791558893, 37.969761060308294 ], [ 23.725019217453934, 37.969863035646554 ], [ 23.7244820724828, 37.969933881904289 ], [ 23.722407475434306, 37.970221880154504 ], [ 23.722445155489467, 37.969987592847495 ], [ 23.722473692008094, 37.969976491414698 ], [ 23.72248577909394, 37.969971789069774 ], [ 23.723601728225258, 37.969537645057116 ], [ 23.723701877369244, 37.968593639950996 ], [ 23.723759899067677, 37.9680434489687 ], [ 23.72378120486686, 37.96783674445917 ], [ 23.723809511436688, 37.967593463183093 ], [ 23.723824421325116, 37.967404608062481 ], [ 23.723824451211328, 37.967404227789125 ], [ 23.72369336797707, 37.967302879308853 ], [ 23.723603777097477, 37.967233612176145 ], [ 23.723081968812323, 37.966830168203252 ], [ 23.72307710007269, 37.966826403779777 ], [ 23.722531416655372, 37.966405262036112 ], [ 23.722294461369692, 37.966219938886091 ], [ 23.721975910635464, 37.965976722892698 ], [ 23.721951067139297, 37.96595775425385 ], [ 23.721399845978333, 37.965523831889968 ], [ 23.721370402394754, 37.965501229956786 ], [ 23.721090347580201, 37.965459310796533 ], [ 23.720744249551096, 37.965409616537265 ], [ 23.7202976538915, 37.965345465455727 ], [ 23.719159501771067, 37.965176015745058 ], [ 23.718221334002695, 37.965033945740451 ], [ 23.717587232381153, 37.964937917125411 ], [ 23.717319988483496, 37.96495530107461 ], [ 23.716942183811252, 37.965044521519168 ], [ 23.716222616194734, 37.96565566399272 ], [ 23.715829602461259, 37.965997204808851 ], [ 23.715477100059832, 37.966257726350989 ], [ 23.715358404980073, 37.966316022952199 ], [ 23.71533563250766, 37.966685495903405 ], [ 23.71533325415912, 37.966692009163992 ], [ 23.71532412505778, 37.966717013135238 ], [ 23.715320240361294, 37.966717080344679 ], [ 23.714411871178953, 37.966732827933903 ], [ 23.714107699932299, 37.966362561127497 ], [ 23.71401927229369, 37.966267802005639 ], [ 23.713985468590593, 37.966231577282137 ], [ 23.713717344352801, 37.96592448722928 ], [ 23.713622810217988, 37.965807089714247 ], [ 23.713275794205426, 37.96538714556803 ], [ 23.713245976469569, 37.965349582015115 ], [ 23.713239574496782, 37.965341517007197 ], [ 23.713205233166562, 37.965298254388657 ], [ 23.7130339406066, 37.96508246580018 ], [ 23.713866291398659, 37.96469226332102 ], [ 23.713829536932462, 37.964286608652031 ], [ 23.713835057912384, 37.964194300422193 ], [ 23.713852535004694, 37.964052306209823 ], [ 23.713852733670446, 37.964050689781828 ], [ 23.713791187400613, 37.964040360022061 ], [ 23.713004765743634, 37.963908372129886 ], [ 23.712335937706406, 37.963798513795318 ], [ 23.712085724713774, 37.963757414065284 ], [ 23.711970212437684, 37.96374237543403 ], [ 23.711415466538853, 37.96367014950718 ], [ 23.710402178462544, 37.963604569465282 ], [ 23.708635909368752, 37.963501066798948 ], [ 23.708418492775174, 37.963514047483763 ], [ 23.708218044026605, 37.96355410849678 ], [ 23.707562636829884, 37.963940035134712 ], [ 23.707328334318653, 37.964083658609887 ], [ 23.707204282729965, 37.964146440116579 ], [ 23.706445897367061, 37.964586145380032 ], [ 23.706445835748926, 37.964586181277816 ], [ 23.706388168512976, 37.964633656026841 ], [ 23.706340057818704, 37.964673256614248 ], [ 23.706322622502505, 37.964687608465674 ], [ 23.706239067674993, 37.964756384450475 ], [ 23.706183849033827, 37.964801836412178 ], [ 23.70589749265055, 37.964972365636292 ], [ 23.705524097037792, 37.965201260044296 ], [ 23.705343965794548, 37.96531078058262 ], [ 23.704815471831004, 37.965632102397684 ], [ 23.704247353528505, 37.965977671400225 ], [ 23.703570485740649, 37.966381547372173 ], [ 23.703570426396514, 37.966381583274156 ], [ 23.702622555610578, 37.966951472764421 ], [ 23.702166016850388, 37.967220344538248 ], [ 23.702138112574108, 37.967236778270141 ], [ 23.702058740749056, 37.967283522651208 ], [ 23.701289822838145, 37.967745735901872 ], [ 23.700819353484519, 37.968041965261449 ], [ 23.699548860263651, 37.968831860291417 ], [ 23.699800809541994, 37.969008248175264 ], [ 23.699926076794682, 37.969095946654541 ], [ 23.700768406328351, 37.969440634472271 ], [ 23.701818651335259, 37.969769925787595 ], [ 23.702110743371311, 37.969887604167766 ], [ 23.702312162732781, 37.969986977103353 ], [ 23.702469371959353, 37.970084904886683 ], [ 23.702767616845833, 37.970282145695421 ], [ 23.702808701178235, 37.970309316944167 ], [ 23.703660040111227, 37.970872328254295 ], [ 23.704225785818718, 37.971247172329051 ], [ 23.705102389997041, 37.971826156095958 ], [ 23.705560646266655, 37.972129193583676 ], [ 23.705520389763027, 37.972172174332847 ], [ 23.705520356601461, 37.972172210301309 ], [ 23.704100787067762, 37.973687814805956 ], [ 23.704775027649664, 37.974311396519539 ], [ 23.705212006236923, 37.974667718190709 ], [ 23.705263439257799, 37.974709657743375 ], [ 23.705321837146517, 37.97475727570037 ], [ 23.705346014803315, 37.974776990615283 ], [ 23.705737997355786, 37.975071368451708 ], [ 23.705770046019687, 37.975095436352213 ], [ 23.705773483376134, 37.975098017220894 ], [ 23.70573577845461, 37.975111529631775 ], [ 23.705690977902581, 37.975127584833544 ], [ 23.705544787329643, 37.975179975801325 ], [ 23.705500282012608, 37.975195925317287 ], [ 23.705498759808187, 37.975196471291262 ], [ 23.705487773593386, 37.975211269948566 ], [ 23.705487174884396, 37.975212076903567 ], [ 23.70548517384908, 37.975214773049181 ], [ 23.70546870881773, 37.975236953944098 ], [ 23.705296728352611, 37.975268068254017 ], [ 23.705080644496224, 37.975294565321235 ], [ 23.70476675004571, 37.975311803695789 ], [ 23.704409448053553, 37.975328932169973 ], [ 23.704241114283498, 37.975337521939359 ], [ 23.703656003340374, 37.975376607318807 ], [ 23.702925413352194, 37.975491931830618 ], [ 23.702697057044329, 37.975473329208619 ], [ 23.700576173626811, 37.975621168710241 ], [ 23.697602123331553, 37.975748754188089 ], [ 23.696784816126254, 37.97578201415498 ], [ 23.696273311284841, 37.975800255234539 ], [ 23.696059784962749, 37.975807869393059 ], [ 23.693682601751419, 37.97589183205676 ], [ 23.691937408063552, 37.975959377668687 ], [ 23.685289377800395, 37.976339415014273 ], [ 23.685462225061791, 37.976623755284528 ], [ 23.68693771014927, 37.978424714192151 ], [ 23.6872133802135, 37.97867505763049 ], [ 23.687882555166457, 37.979282744015222 ], [ 23.688167541991966, 37.979541541436255 ], [ 23.689491570955372, 37.980826111820711 ], [ 23.689778390089472, 37.981190415469797 ], [ 23.68991494062028, 37.98143387824296 ], [ 23.69007213218195, 37.981607174310419 ], [ 23.690414832203331, 37.981984980631744 ], [ 23.69069284362882, 37.982458831634638 ], [ 23.69078798643687, 37.982620994010738 ], [ 23.69089723197694, 37.982807193681701 ], [ 23.691270715131722, 37.983240016154618 ], [ 23.691915036736152, 37.983804984151568 ], [ 23.692326412077222, 37.984166334137981 ], [ 23.69258433956217, 37.984462748857752 ], [ 23.692783901307184, 37.984692087487609 ], [ 23.693152223433707, 37.985088066616861 ], [ 23.693349979829126, 37.985391396825321 ], [ 23.693525981781384, 37.985661356730873 ], [ 23.693620508323377, 37.98586439199709 ], [ 23.694146414918716, 37.986792889414254 ], [ 23.694289873659496, 37.987322434327922 ], [ 23.694305254214637, 37.987379207443801 ], [ 23.694354867612859, 37.987459072092065 ], [ 23.694386383674711, 37.987509806157398 ], [ 23.694406733670963, 37.987546890095658 ], [ 23.694516526826082, 37.987746960266151 ], [ 23.694564932807303, 37.987870140109699 ], [ 23.694850424865173, 37.98859663116238 ], [ 23.694989720062164, 37.988980523078517 ], [ 23.694989748211135, 37.988980600661954 ], [ 23.695119997918624, 37.989341699807007 ], [ 23.695839792541772, 37.990699043848181 ], [ 23.696067818676998, 37.991101560785687 ], [ 23.696457547622277, 37.991649143492133 ], [ 23.697120313075782, 37.992580329580981 ], [ 23.697503620614743, 37.992971514981718 ], [ 23.697601817527755, 37.993041643993429 ], [ 23.697905718667474, 37.993068434160875 ], [ 23.697978639216281, 37.993074862814716 ], [ 23.698082242734976, 37.993115865911427 ], [ 23.69840015879339, 37.99340481014643 ], [ 23.698475102696882, 37.993472923914936 ], [ 23.698546776174158, 37.993516476489937 ], [ 23.700893404419237, 37.992073532312567 ], [ 23.701724794197268, 37.991511370532059 ], [ 23.703374593995751, 37.990395815448785 ], [ 23.70424214600682, 37.989798646158711 ], [ 23.70485413750988, 37.989385592667809 ], [ 23.706240074862407, 37.988422978202692 ], [ 23.706297509758208, 37.988383085674805 ], [ 23.706754804427288, 37.988065458548057 ] ] ] } },
{ "type": "Feature", "properties": { "muni_id": 4, "year": 2040, "kwh_per_user_muni": 904.00445714070918, "ac_share_muni": 0.49044489089418114, "kwh_pc_overall": 443.36437002712614, "kwh_muni": 32192229.389648438 }, "geometry": { "type": "Polygon", "coordinates": [ [ [ 23.72426807846702, 38.01495252140036 ], [ 23.72476478183437, 38.014931152952236 ], [ 23.725232294099353, 38.014909714204471 ], [ 23.725660646158978, 38.01488818224918 ], [ 23.726248874660392, 38.014858008202935 ], [ 23.726337891256399, 38.014853708982855 ], [ 23.726409106736796, 38.014849368282682 ], [ 23.726961023864856, 38.014819106189641 ], [ 23.727397205770853, 38.014797586085926 ], [ 23.728052732775815, 38.014763052594382 ], [ 23.728406340084682, 38.014736831359535 ], [ 23.728468993332115, 38.013772605564085 ], [ 23.728557551521071, 38.012889141876514 ], [ 23.728626346125559, 38.01237472683642 ], [ 23.728516519284025, 38.012257835857419 ], [ 23.728523819274837, 38.012223184029331 ], [ 23.72853724122978, 38.01215947010143 ], [ 23.728509851292259, 38.011958959239749 ], [ 23.728499602148545, 38.011883929156191 ], [ 23.728484900652969, 38.011776304772305 ], [ 23.728483490576934, 38.011766674932232 ], [ 23.72839811722384, 38.011183777836415 ], [ 23.728398050564557, 38.011183319831574 ], [ 23.728391145809017, 38.011136178589794 ], [ 23.728321174013406, 38.010707908333551 ], [ 23.728192149878481, 38.009882937695714 ], [ 23.728039256598322, 38.008967783447297 ], [ 23.727919578987887, 38.008247672782517 ], [ 23.727916916988111, 38.008234086110733 ], [ 23.727885563292475, 38.00807962941311 ], [ 23.727870607888033, 38.00800785548379 ], [ 23.727834839014189, 38.007836202007951 ], [ 23.727633726226731, 38.00715977503301 ], [ 23.727476607977785, 38.006812417515626 ], [ 23.727307643853059, 38.00649207076367 ], [ 23.72720967823809, 38.006320599991255 ], [ 23.726790592365248, 38.005701262058125 ], [ 23.726652037902554, 38.005496499579493 ], [ 23.726644664198158, 38.005485602163127 ], [ 23.726600676487951, 38.00544494221824 ], [ 23.726259738787249, 38.005043078592962 ], [ 23.725948199407654, 38.004681840166192 ], [ 23.72555158818108, 38.004225767764645 ], [ 23.725211679786558, 38.003837422671836 ], [ 23.724432989141619, 38.00294783754314 ], [ 23.724255048876991, 38.002749138335993 ], [ 23.723986054744298, 38.00243756488203 ], [ 23.723525313239648, 38.001909232378608 ], [ 23.723181595390741, 38.001403705591976 ], [ 23.723217968176364, 38.001398561051957 ], [ 23.723269887449085, 38.001391217900043 ], [ 23.723314393584172, 38.001384922601957 ], [ 23.72336963022962, 38.001377109530281 ], [ 23.723583293319884, 38.001350573403009 ], [ 23.723488913409394, 38.000417523865018 ], [ 23.723368161657874, 37.999114886039898 ], [ 23.723251736733573, 37.997893373480828 ], [ 23.723188535543333, 37.997284858532041 ], [ 23.723154027393917, 37.996901731881579 ], [ 23.723137906771793, 37.996706054148738 ], [ 23.723137688921536, 37.996703411072943 ], [ 23.722220508213056, 37.996796283438158 ], [ 23.722220419343447, 37.996796292241115 ], [ 23.722128289406797, 37.996804678269541 ], [ 23.721792612795536, 37.996817403998179 ], [ 23.721719294920284, 37.996817230551002 ], [ 23.721298370949469, 37.996784688974067 ], [ 23.720786440060895, 37.996738665694927 ], [ 23.720783536789103, 37.996738403739521 ], [ 23.720872024115611, 37.996116728208172 ], [ 23.720967747526263, 37.995463524783759 ], [ 23.721061381516311, 37.99478628442273 ], [ 23.721302343987151, 37.994802461357729 ], [ 23.721446981052612, 37.994757153066629 ], [ 23.721406038741559, 37.994572292937228 ], [ 23.721326715925084, 37.994184553013298 ], [ 23.721226499413394, 37.993675090173411 ], [ 23.721192337888816, 37.993485739588934 ], [ 23.721139611156381, 37.992935831398931 ], [ 23.721110907768281, 37.99287218587142 ], [ 23.721105023658733, 37.992859140254467 ], [ 23.721120602385451, 37.992692439654391 ], [ 23.721034719978807, 37.992282696135383 ], [ 23.721034221622496, 37.992279265567561 ], [ 23.721034060680687, 37.992278158409007 ], [ 23.721023524578928, 37.992201009640375 ], [ 23.721037797337548, 37.992097395822007 ], [ 23.720991567839334, 37.991993638498883 ], [ 23.720823664485625, 37.991742964311271 ], [ 23.72067412924714, 37.991519710904804 ], [ 23.720452681969135, 37.991073049126072 ], [ 23.720407148595026, 37.990973799633068 ], [ 23.720325911209084, 37.990811375332882 ], [ 23.720302027015116, 37.990703229318505 ], [ 23.720274130286988, 37.9905769182838 ], [ 23.720308557538306, 37.990503331875729 ], [ 23.720322568377004, 37.990473385770137 ], [ 23.720295592675264, 37.990360661083308 ], [ 23.720180322775338, 37.989882706195552 ], [ 23.720077570273254, 37.989403458763405 ], [ 23.719866702737477, 37.988419926579098 ], [ 23.719839962001789, 37.98829520080357 ], [ 23.719884657955827, 37.988041078277845 ], [ 23.719998236268392, 37.987860475279028 ], [ 23.720033799196319, 37.987803924999355 ], [ 23.720006333538663, 37.987719209158314 ], [ 23.720006002274246, 37.98771917682479 ], [ 23.720005763216577, 37.987719153723646 ], [ 23.719290228231912, 37.987649906022469 ], [ 23.718867950638867, 37.987622315022335 ], [ 23.71842391040439, 37.987254627387529 ], [ 23.718309152416296, 37.987183343997749 ], [ 23.718253208494829, 37.987106571960751 ], [ 23.718214799794897, 37.987053862947896 ], [ 23.718042336618652, 37.986984193141573 ], [ 23.718014759715413, 37.987005692978144 ], [ 23.717973002230497, 37.987049044708101 ], [ 23.717951195659612, 37.987071684970559 ], [ 23.717912466305943, 37.98710546778829 ], [ 23.717906889304746, 37.987110332166949 ], [ 23.717878317582642, 37.987135254467383 ], [ 23.717778145010975, 37.987222632566045 ], [ 23.717514266309685, 37.987600590111299 ], [ 23.716687957095896, 37.987224569612437 ], [ 23.716637694712329, 37.987201780327737 ], [ 23.71662994061608, 37.987198264662915 ], [ 23.715708438481155, 37.986780449664337 ], [ 23.715695673526589, 37.986774662305962 ], [ 23.715668752205907, 37.986762455124925 ], [ 23.715076201595238, 37.986495142276269 ], [ 23.714253008766786, 37.986127689716568 ], [ 23.713895007418806, 37.98596502353503 ], [ 23.713332664462445, 37.985711294630718 ], [ 23.713013536521874, 37.986147639632406 ], [ 23.712585089828632, 37.985961830133235 ], [ 23.7119936227908, 37.985694504394445 ], [ 23.711697037621686, 37.985824464154298 ], [ 23.711340561136399, 37.985981314748543 ], [ 23.711135162153923, 37.986088964697956 ], [ 23.711041020753484, 37.986138304136759 ], [ 23.710198438218615, 37.986474213053498 ], [ 23.709618848099549, 37.986716130544949 ], [ 23.70904211942203, 37.987043674284102 ], [ 23.708977120708816, 37.987102096988245 ], [ 23.708693850442842, 37.98737178118138 ], [ 23.708208319566833, 37.987852764968771 ], [ 23.707812142025364, 37.98823482740832 ], [ 23.70749920113872, 37.988535979904384 ], [ 23.706754804427288, 37.988065458548057 ], [ 23.706297509758208, 37.988383085674805 ], [ 23.706240074862407, 37.988422978202692 ], [ 23.70485413750988, 37.989385592667809 ], [ 23.70424214600682, 37.989798646158711 ], [ 23.703374593995751, 37.990395815448785 ], [ 23.701724794197268, 37.991511370532059 ], [ 23.700893404419237, 37.992073532312567 ], [ 23.698546776174158, 37.993516476489937 ], [ 23.698639275018554, 37.993686471157766 ], [ 23.699062188433619, 37.994261120798221 ], [ 23.699719447299703, 37.994708537484158 ], [ 23.699927251326603, 37.994803865700959 ], [ 23.700373330325419, 37.995162427510508 ], [ 23.701106148385051, 37.995751461822678 ], [ 23.701378336328276, 37.995971276761971 ], [ 23.700590184143131, 37.996277000845708 ], [ 23.70076562043608, 37.997223579038135 ], [ 23.701044022375104, 37.99872566823349 ], [ 23.701212598744238, 37.999635178923704 ], [ 23.701252646682025, 37.999851240568184 ], [ 23.702396614410354, 38.000352524760928 ], [ 23.704325096383808, 38.001051376195306 ], [ 23.704402919429739, 38.001083116699007 ], [ 23.704842930083451, 38.001241946181466 ], [ 23.705304971440981, 38.001499970278552 ], [ 23.705341982714909, 38.001522027261075 ], [ 23.705403686776254, 38.001558800936323 ], [ 23.706360113143894, 38.002124118335097 ], [ 23.706399034805166, 38.002147123395837 ], [ 23.70641962641086, 38.002160694032291 ], [ 23.70705270051581, 38.002644458603598 ], [ 23.707704823798586, 38.00317333119159 ], [ 23.708960657113455, 38.004149830246028 ], [ 23.709374339999087, 38.004403212190638 ], [ 23.70976909900893, 38.00460435724419 ], [ 23.709880909100622, 38.004661328253576 ], [ 23.711543227162416, 38.005275614753245 ], [ 23.71161189620123, 38.005300989308012 ], [ 23.711946057875874, 38.005486962176278 ], [ 23.711955574525405, 38.005492258884956 ], [ 23.712091748145529, 38.005568043132527 ], [ 23.712366573331433, 38.00578414538704 ], [ 23.712591002869964, 38.005960618863966 ], [ 23.712752869342996, 38.006087896772989 ], [ 23.712839087816704, 38.006170004996456 ], [ 23.713945037552961, 38.007223204411652 ], [ 23.714512998803933, 38.007764060121936 ], [ 23.71482621657092, 38.008048723725921 ], [ 23.715092796684655, 38.008243145362655 ], [ 23.715167375422979, 38.008288390086442 ], [ 23.715338924862618, 38.008387946407872 ], [ 23.71706403249387, 38.009388025340421 ], [ 23.717188409406702, 38.009468517816437 ], [ 23.717524617499755, 38.009686099326551 ], [ 23.717637155089779, 38.009758928133607 ], [ 23.717789418422491, 38.009876460184799 ], [ 23.717848708574206, 38.009943454085793 ], [ 23.717868313567475, 38.009965606846109 ], [ 23.71790532206769, 38.01000742404613 ], [ 23.718021568745854, 38.010225892207643 ], [ 23.718114203084145, 38.010399982247257 ], [ 23.718199961265515, 38.010688836595897 ], [ 23.718226667058353, 38.01077878986311 ], [ 23.718270358247953, 38.01117545823756 ], [ 23.718296952176143, 38.011481957511023 ], [ 23.718322174109971, 38.011774934261403 ], [ 23.718354562161515, 38.012149043441113 ], [ 23.718387253090714, 38.012536672527247 ], [ 23.718528867771628, 38.013113831307066 ], [ 23.718770230515535, 38.013952599849333 ], [ 23.718831653728468, 38.014119269142206 ], [ 23.718950603161545, 38.014442027185069 ], [ 23.71897115673783, 38.014497796175419 ], [ 23.719005867525627, 38.014591980925687 ], [ 23.719006035527915, 38.014592436473819 ], [ 23.719032781562554, 38.014665007500554 ], [ 23.719052814341335, 38.01471936382503 ], [ 23.719108954356074, 38.014841170808467 ], [ 23.719167862445662, 38.014960392290412 ], [ 23.719173603022245, 38.014972010887327 ], [ 23.719224189359956, 38.014963118872004 ], [ 23.719412616822563, 38.014936530191306 ], [ 23.719519061254953, 38.014936784117623 ], [ 23.720500855578162, 38.014952640882669 ], [ 23.722005971172521, 38.014969727710543 ], [ 23.722142692099617, 38.014965544426772 ], [ 23.722653890793385, 38.014971257562088 ], [ 23.723611479558944, 38.014987031269122 ], [ 23.723694105370935, 38.014978212627469 ], [ 23.72426807846702, 38.01495252140036 ] ] ] } },
{ "type": "Feature", "properties": { "muni_id": 5, "year": 2040, "kwh_per_user_muni": 743.49122070450289, "ac_share_muni": 0.7169359633402248, "kwh_pc_overall": 533.03559690845429, "kwh_muni": 42346103.0859375 }, "geometry": { "type": "Polygon", "coordinates": [ [ [ 23.741374088588021, 38.032458184038759 ], [ 23.741471268677689, 38.032467410534416 ], [ 23.741667201912403, 38.032544449826524 ], [ 23.742327764088095, 38.032376957365159 ], [ 23.743982402024894, 38.031954669993759 ], [ 23.743800525200975, 38.031550569617266 ], [ 23.743751083353946, 38.031440444622049 ], [ 23.743776704773207, 38.031441922674027 ], [ 23.743831033802877, 38.031445057629142 ], [ 23.74383123318264, 38.031445065273743 ], [ 23.744022983473133, 38.031451295217437 ], [ 23.744699108885275, 38.031452986019808 ], [ 23.745498178013385, 38.031125996790188 ], [ 23.745359840775922, 38.030923862264977 ], [ 23.74542612382244, 38.030895963410174 ], [ 23.746969613165241, 38.030229860422011 ], [ 23.747002925324075, 38.030215483704112 ], [ 23.747045543459492, 38.030197091070889 ], [ 23.747809016933473, 38.029867595827412 ], [ 23.747845972387189, 38.029851646741683 ], [ 23.747880973071688, 38.029836541556243 ], [ 23.748177263024427, 38.029708668546583 ], [ 23.748250326885564, 38.029677135137582 ], [ 23.748367593559955, 38.029624414390277 ], [ 23.748397228040144, 38.029612086122924 ], [ 23.74848362130729, 38.029575415860485 ], [ 23.748522605756474, 38.029558813868739 ], [ 23.748663761627324, 38.029498702054788 ], [ 23.749340228345353, 38.029209733284176 ], [ 23.74939241500142, 38.02918744053099 ], [ 23.749402141657406, 38.029183285635966 ], [ 23.749456093542499, 38.029160238640912 ], [ 23.749461867455921, 38.029157772426657 ], [ 23.749615267367481, 38.029090255408846 ], [ 23.750197316526716, 38.028834071000809 ], [ 23.750361314367385, 38.028759060654394 ], [ 23.750492261409018, 38.028945209348144 ], [ 23.751104350350914, 38.028710336335457 ], [ 23.751250745368043, 38.028627190392918 ], [ 23.751528583897212, 38.028469390659772 ], [ 23.75219341868959, 38.028187023241941 ], [ 23.752812743768512, 38.027923979849781 ], [ 23.752066172698946, 38.026906806081072 ], [ 23.751490446275383, 38.026089565219834 ], [ 23.751086937651898, 38.025504497914071 ], [ 23.750752553299261, 38.02504739337796 ], [ 23.750329199015571, 38.024454075164897 ], [ 23.749749528455453, 38.023641665098708 ], [ 23.749157735283482, 38.022824008711318 ], [ 23.749101734107754, 38.022747706753961 ], [ 23.748501020178345, 38.021929215868909 ], [ 23.748268102449511, 38.021578890155105 ], [ 23.748235500173241, 38.021529853813384 ], [ 23.747959947806997, 38.021130226287035 ], [ 23.747673265789977, 38.020730756269238 ], [ 23.747368199579384, 38.020301156795142 ], [ 23.747085448368658, 38.019900161564763 ], [ 23.747002069484175, 38.019781913589277 ], [ 23.746526812405968, 38.01910843766241 ], [ 23.746459610812398, 38.018988502712027 ], [ 23.746326813874717, 38.018751501325127 ], [ 23.746302191467034, 38.018758597163917 ], [ 23.746011905356646, 38.018842249277114 ], [ 23.745418320245413, 38.018524217917374 ], [ 23.745456284048089, 38.01848433912609 ], [ 23.745464191930889, 38.018476032016679 ], [ 23.745721904902101, 38.018205312240717 ], [ 23.745722741876506, 38.018204433499477 ], [ 23.745753323503358, 38.018172308586209 ], [ 23.745790653497242, 38.018133094360074 ], [ 23.745686835327923, 38.018013349273019 ], [ 23.745516358346851, 38.017825125666498 ], [ 23.745440549689011, 38.017633871177225 ], [ 23.745299306837531, 38.016586560200842 ], [ 23.745082687686693, 38.015310425123459 ], [ 23.745060743980037, 38.015170679005287 ], [ 23.7450443714941, 38.01506699619798 ], [ 23.745018589411107, 38.01490470971936 ], [ 23.744834971327617, 38.014928809167444 ], [ 23.744108971790304, 38.013979709462099 ], [ 23.743409898066737, 38.013116640724029 ], [ 23.743378287406578, 38.013048207762601 ], [ 23.743394232415838, 38.012593339744612 ], [ 23.74343245280058, 38.01150298166781 ], [ 23.743451707298469, 38.010953689864188 ], [ 23.743429708989531, 38.010840990685779 ], [ 23.743416116929325, 38.010676852969951 ], [ 23.743369914942328, 38.010118886739747 ], [ 23.743309253244885, 38.009573426610416 ], [ 23.742901951907825, 38.009560009082449 ], [ 23.742517799205554, 38.009473546874069 ], [ 23.742371682641853, 38.009419149967144 ], [ 23.741946783084831, 38.009263328610167 ], [ 23.741375421094947, 38.009136283407571 ], [ 23.740865275310352, 38.009078079552765 ], [ 23.740296434399223, 38.009090124081759 ], [ 23.740216252400568, 38.008104050041482 ], [ 23.740215524228788, 38.008095091492706 ], [ 23.740212505589376, 38.008057970933983 ], [ 23.740176320917229, 38.008059564677943 ], [ 23.739627913497735, 38.008083716589802 ], [ 23.738842861874129, 38.008122533593834 ], [ 23.738085931441564, 38.008161407986833 ], [ 23.737680202534474, 38.0081823012071 ], [ 23.737666521655658, 38.008183005235693 ], [ 23.737636264994592, 38.008182937740465 ], [ 23.736975832194027, 38.008213007402901 ], [ 23.736469565708617, 38.008234406094694 ], [ 23.736053359345597, 38.008256004767148 ], [ 23.735098183918126, 38.008285402008809 ], [ 23.735096970656336, 38.008325956959446 ], [ 23.735095756253997, 38.008366511907191 ], [ 23.735096642242304, 38.008812648399271 ], [ 23.734411690211839, 38.008829129190737 ], [ 23.73380756006754, 38.008841282547998 ], [ 23.733152186319234, 38.008848810130843 ], [ 23.73237752786261, 38.008865075492963 ], [ 23.732375380957379, 38.008903842845584 ], [ 23.732374955502287, 38.008911518995042 ], [ 23.732344807745168, 38.009455745201862 ], [ 23.732344463981086, 38.009461942533235 ], [ 23.732341335647231, 38.009518422337841 ], [ 23.731841093525709, 38.00954432120362 ], [ 23.73138004222292, 38.009561294647632 ], [ 23.731332628801148, 38.010457961457789 ], [ 23.731298804373061, 38.010849941599837 ], [ 23.731240804559398, 38.011232853645851 ], [ 23.731165026857695, 38.01180499406334 ], [ 23.73108379233366, 38.012408666736775 ], [ 23.731046264878469, 38.012449138568925 ], [ 23.730260590491486, 38.012352704583975 ], [ 23.728813037991465, 38.012237062299491 ], [ 23.728776482552874, 38.012238488544483 ], [ 23.728692312187007, 38.01224177153474 ], [ 23.728516519284025, 38.012257835857419 ], [ 23.728626346125559, 38.01237472683642 ], [ 23.728557551521071, 38.012889141876514 ], [ 23.728468993332115, 38.013772605564085 ], [ 23.728406340084682, 38.014736831359535 ], [ 23.728052732775815, 38.014763052594382 ], [ 23.727397205770853, 38.014797586085926 ], [ 23.726961023864856, 38.014819106189641 ], [ 23.726409106736796, 38.014849368282682 ], [ 23.726337891256399, 38.014853708982855 ], [ 23.726248874660392, 38.014858008202935 ], [ 23.725660646158978, 38.01488818224918 ], [ 23.725232294099353, 38.014909714204471 ], [ 23.72476478183437, 38.014931152952236 ], [ 23.72426807846702, 38.01495252140036 ], [ 23.723694105370935, 38.014978212627469 ], [ 23.723611479558944, 38.014987031269122 ], [ 23.722653890793385, 38.014971257562088 ], [ 23.722142692099617, 38.014965544426772 ], [ 23.722005971172521, 38.014969727710543 ], [ 23.720500855578162, 38.014952640882669 ], [ 23.719519061254953, 38.014936784117623 ], [ 23.719412616822563, 38.014936530191306 ], [ 23.719224189359956, 38.014963118872004 ], [ 23.719173603022245, 38.014972010887327 ], [ 23.71949017852581, 38.015509028346479 ], [ 23.719945481663217, 38.016077920182603 ], [ 23.720179961418044, 38.016327045172233 ], [ 23.720821233968714, 38.016949726304688 ], [ 23.720902231539775, 38.017026066836394 ], [ 23.720921907691441, 38.017044611409169 ], [ 23.722635628116542, 38.01821775339571 ], [ 23.723481032902448, 38.018959430315903 ], [ 23.723508888178788, 38.018983968269232 ], [ 23.723650331258067, 38.019146531147541 ], [ 23.723703344461843, 38.01922013887696 ], [ 23.72412174392533, 38.019801065989974 ], [ 23.724159975993537, 38.019859738869812 ], [ 23.724956880970659, 38.020113963842462 ], [ 23.725110585151448, 38.020185227833785 ], [ 23.725298788049049, 38.020272487018381 ], [ 23.725444406514363, 38.020395273172795 ], [ 23.725459563844002, 38.020408054460304 ], [ 23.725573326743419, 38.020548018374285 ], [ 23.725717796308878, 38.020760156183975 ], [ 23.726466106016968, 38.021795914889736 ], [ 23.726466144559041, 38.021795967253617 ], [ 23.726616079327851, 38.022001507551423 ], [ 23.726708991756183, 38.022098790433894 ], [ 23.727044819964391, 38.022462156112496 ], [ 23.728101599956339, 38.022928763341945 ], [ 23.728290613070701, 38.02303735377258 ], [ 23.728418750756227, 38.023240437659858 ], [ 23.728706106025534, 38.024101822774277 ], [ 23.728907988528608, 38.0245484441445 ], [ 23.730301319445005, 38.025565249218182 ], [ 23.730905737909868, 38.025959005809142 ], [ 23.731017776368141, 38.025977753694292 ], [ 23.731244229862927, 38.025991324716003 ], [ 23.731304643739179, 38.026023007548702 ], [ 23.731354688796845, 38.026050146747188 ], [ 23.731402041168582, 38.026075825109174 ], [ 23.731563341041635, 38.026163296659377 ], [ 23.731709064375334, 38.026239004104525 ], [ 23.731720219462666, 38.02624479954423 ], [ 23.731766580930497, 38.026268885641926 ], [ 23.731850847502173, 38.026312663690099 ], [ 23.73194963376816, 38.026366965665339 ], [ 23.731980980719516, 38.0263515955061 ], [ 23.732042753452323, 38.026321307307811 ], [ 23.732105152777127, 38.026290711365732 ], [ 23.732556584067719, 38.026598173846857 ], [ 23.732872707529246, 38.026729412943972 ], [ 23.73288402172772, 38.026734109975422 ], [ 23.733217901180733, 38.026861047016574 ], [ 23.733620322134119, 38.027037708744444 ], [ 23.734193149173379, 38.027215275363503 ], [ 23.734206099894621, 38.027219290093704 ], [ 23.734627495442862, 38.027269812211088 ], [ 23.73467458687044, 38.027269491273188 ], [ 23.735620222213065, 38.027263035654904 ], [ 23.735931110249698, 38.027250215058963 ], [ 23.736058466423469, 38.027282045763556 ], [ 23.736439290766736, 38.027526245284093 ], [ 23.736560920035227, 38.027666216076078 ], [ 23.736680527618812, 38.027972918802377 ], [ 23.736691808742805, 38.028004488824457 ], [ 23.736822699785137, 38.028342761414493 ], [ 23.736992844264211, 38.028956011659645 ], [ 23.737133259302286, 38.029422519253671 ], [ 23.737144862293707, 38.02946106764378 ], [ 23.737165499657436, 38.029488833501738 ], [ 23.737311237393925, 38.029684906078259 ], [ 23.737431804605386, 38.029847114404028 ], [ 23.737560895490859, 38.03002078966729 ], [ 23.73777465363278, 38.030301511017953 ], [ 23.737777443610828, 38.030305175529421 ], [ 23.737786885959117, 38.030318672502794 ], [ 23.738030041466363, 38.030666249974082 ], [ 23.738058372831826, 38.030698568045509 ], [ 23.738152746588455, 38.030806221453069 ], [ 23.738165257144487, 38.030816011059279 ], [ 23.738343932364771, 38.030955817647602 ], [ 23.7383552203198, 38.030964650058898 ], [ 23.738435754174585, 38.031027664564448 ], [ 23.738844984809599, 38.031402604727262 ], [ 23.740034401499081, 38.032482268032005 ], [ 23.740065797630479, 38.032519671090661 ], [ 23.740095037857355, 38.032554504337497 ], [ 23.740152223768316, 38.032595188248777 ], [ 23.740226518914135, 38.032631403542112 ], [ 23.740296263995628, 38.032645076783773 ], [ 23.740348742442251, 38.032651020347579 ], [ 23.740377419757174, 38.032654268788882 ], [ 23.740475374603971, 38.032645472254245 ], [ 23.740524800988261, 38.032637355371961 ], [ 23.740545804716856, 38.032633906563952 ], [ 23.740583688270409, 38.032627685710935 ], [ 23.740687405112702, 38.03260087614786 ], [ 23.740790053053605, 38.032574064136639 ], [ 23.741059815436799, 38.032516075441507 ], [ 23.74123061139634, 38.032473260394404 ], [ 23.741255836679006, 38.03246693665961 ], [ 23.741360118338672, 38.032459217719158 ], [ 23.741374088588021, 38.032458184038759 ] ] ] } },
{ "type": "Feature", "properties": { "muni_id": 6, "year": 2040, "kwh_per_user_muni": 804.28183267144084, "ac_share_muni": 0.60410704231152057, "kwh_pc_overall": 485.87232656836534, "kwh_muni": 42659442.216796875 }, "geometry": { "type": "Polygon", "coordinates": [ [ [ 23.731165026857695, 38.01180499406334 ], [ 23.731240804559398, 38.011232853645851 ], [ 23.731298804373061, 38.010849941599837 ], [ 23.731332628801148, 38.010457961457789 ], [ 23.73138004222292, 38.009561294647632 ], [ 23.731841093525709, 38.00954432120362 ], [ 23.732341335647231, 38.009518422337841 ], [ 23.732344463981086, 38.009461942533235 ], [ 23.732344807745168, 38.009455745201862 ], [ 23.732374955502287, 38.008911518995042 ], [ 23.732375380957379, 38.008903842845584 ], [ 23.73237752786261, 38.008865075492963 ], [ 23.733152186319234, 38.008848810130843 ], [ 23.73380756006754, 38.008841282547998 ], [ 23.734411690211839, 38.008829129190737 ], [ 23.735096642242304, 38.008812648399271 ], [ 23.735095756253997, 38.008366511907191 ], [ 23.735096970656336, 38.008325956959446 ], [ 23.735098183918126, 38.008285402008809 ], [ 23.736053359345597, 38.008256004767148 ], [ 23.736469565708617, 38.008234406094694 ], [ 23.736975832194027, 38.008213007402901 ], [ 23.737636264994592, 38.008182937740465 ], [ 23.737666521655658, 38.008183005235693 ], [ 23.737680202534474, 38.0081823012071 ], [ 23.738085931441564, 38.008161407986833 ], [ 23.738842861874129, 38.008122533593834 ], [ 23.739627913497735, 38.008083716589802 ], [ 23.740176320917229, 38.008059564677943 ], [ 23.740212505589376, 38.008057970933983 ], [ 23.740215524228788, 38.008095091492706 ], [ 23.740216252400568, 38.008104050041482 ], [ 23.740296434399223, 38.009090124081759 ], [ 23.740865275310352, 38.009078079552765 ], [ 23.741375421094947, 38.009136283407571 ], [ 23.741946783084831, 38.009263328610167 ], [ 23.742371682641853, 38.009419149967144 ], [ 23.742517799205554, 38.009473546874069 ], [ 23.742901951907825, 38.009560009082449 ], [ 23.743309253244885, 38.009573426610416 ], [ 23.743271019815854, 38.009258465025191 ], [ 23.743257934318748, 38.009153401972398 ], [ 23.743257676608021, 38.009142373324856 ], [ 23.743240575332148, 38.00841161445922 ], [ 23.743657467766319, 38.0081272014436 ], [ 23.743661979083011, 38.008124123484535 ], [ 23.744570276485064, 38.008077237639263 ], [ 23.744622778614964, 38.008074363006777 ], [ 23.744903346264138, 38.008059003903696 ], [ 23.745666067600499, 38.00801724739275 ], [ 23.745761142427803, 38.008011412570958 ], [ 23.745847926235328, 38.008006087005221 ], [ 23.746636790981995, 38.007966699690044 ], [ 23.746658953964264, 38.007965526197502 ], [ 23.746737034116375, 38.007997190573235 ], [ 23.747281979615074, 38.00823375069384 ], [ 23.747393033620096, 38.008280806379148 ], [ 23.747812360350107, 38.00844276632003 ], [ 23.747860621815747, 38.008462147321993 ], [ 23.748178502453214, 38.008589802830365 ], [ 23.748309411663481, 38.008642373648094 ], [ 23.748601528261819, 38.008759680229097 ], [ 23.748994501366802, 38.008915250808847 ], [ 23.749519878791777, 38.009123209767701 ], [ 23.749680274407243, 38.008919629917003 ], [ 23.749757016280338, 38.008822224950876 ], [ 23.749757460742849, 38.008822498985069 ], [ 23.749757491434394, 38.0088225179773 ], [ 23.750287379696566, 38.009147813803814 ], [ 23.750556618445923, 38.008796885190748 ], [ 23.751573170726139, 38.009275696160365 ], [ 23.751775641880286, 38.008806019486087 ], [ 23.751832089954842, 38.008671407760694 ], [ 23.752895163756111, 38.007874418956611 ], [ 23.752742218234264, 38.00771015065456 ], [ 23.752867408841468, 38.00752849176952 ], [ 23.753301506687482, 38.007688912101507 ], [ 23.753764610330013, 38.006971911215494 ], [ 23.753790459216837, 38.006933539158624 ], [ 23.753810921932022, 38.006893968831967 ], [ 23.754202817983444, 38.006781183700546 ], [ 23.754079496546979, 38.006472113184124 ], [ 23.754075722474827, 38.006462655345707 ], [ 23.754074814184246, 38.006425956829496 ], [ 23.753723266323334, 38.006298228688216 ], [ 23.753660242680887, 38.006275330300404 ], [ 23.753527352001353, 38.006215567228708 ], [ 23.753362017196345, 38.006141212705217 ], [ 23.75325754618127, 38.006094229625504 ], [ 23.752793346209309, 38.00589046624372 ], [ 23.752846844468863, 38.00585903379411 ], [ 23.752879403458358, 38.005809531672767 ], [ 23.75244097166944, 38.005353461911263 ], [ 23.752366721430857, 38.005204593963022 ], [ 23.752291147096994, 38.004920530776467 ], [ 23.752178305047927, 38.004393042667132 ], [ 23.752005477352981, 38.003604055905846 ], [ 23.75195906155195, 38.003540868222288 ], [ 23.751749661475383, 38.003360169830607 ], [ 23.751750052474307, 38.003356360933076 ], [ 23.751794560076835, 38.002923142368772 ], [ 23.751797498750289, 38.002896110081302 ], [ 23.75186796984854, 38.002580809730262 ], [ 23.751880346896421, 38.002287918851692 ], [ 23.7518803567764, 38.002194727103571 ], [ 23.751880408421655, 38.001681447374374 ], [ 23.751879676633017, 38.001681271882909 ], [ 23.75180379955798, 38.001663025734814 ], [ 23.751789695309711, 38.001659634183596 ], [ 23.75177167264679, 38.001655300631285 ], [ 23.751626676562118, 38.001620433912962 ], [ 23.751500906914032, 38.001589639080088 ], [ 23.751482301865231, 38.001585083438542 ], [ 23.751441030030243, 38.001574977558889 ], [ 23.751155813117585, 38.001502271786975 ], [ 23.750936725772338, 38.001364637242169 ], [ 23.750683781203396, 38.001203848657802 ], [ 23.750441347292114, 38.000973470316644 ], [ 23.750440099554332, 38.000972285185497 ], [ 23.750431877433169, 38.000964474342574 ], [ 23.750405470970804, 38.000909707709013 ], [ 23.750403601355476, 38.000905830927181 ], [ 23.750376364011981, 38.00054075339014 ], [ 23.750352564645567, 38.000374841507465 ], [ 23.750340309649438, 38.000256772611436 ], [ 23.750269350256545, 38.000215018723466 ], [ 23.750228516132502, 38.000155720399142 ], [ 23.750214834641412, 38.000018052753042 ], [ 23.750256743183865, 37.999918688731924 ], [ 23.750354348101048, 37.999683073336143 ], [ 23.750096717338252, 37.999261672793104 ], [ 23.749747463907568, 37.999259829724359 ], [ 23.749458053026355, 37.999258302379836 ], [ 23.749071847658854, 37.999256262318468 ], [ 23.748673990557808, 37.998959881962136 ], [ 23.74850571386127, 37.998833342562776 ], [ 23.748079299655664, 37.998525993581538 ], [ 23.748000840985124, 37.998467242070717 ], [ 23.747851739974408, 37.998354262066044 ], [ 23.747303234253661, 37.997947507244113 ], [ 23.746965994425711, 37.997689916354112 ], [ 23.746732730909663, 37.997522676803648 ], [ 23.746387519305188, 37.997264018882525 ], [ 23.746087337667614, 37.997039098478751 ], [ 23.746058674883923, 37.997011797999043 ], [ 23.745942502786257, 37.996901148867316 ], [ 23.746327637574463, 37.996775888737425 ], [ 23.746508074124147, 37.996701239570882 ], [ 23.746655072048181, 37.996632371943221 ], [ 23.747240512512874, 37.996415190044921 ], [ 23.747676733981017, 37.996244882732299 ], [ 23.748196873491963, 37.99604124734828 ], [ 23.748307993688961, 37.995997743173724 ], [ 23.748284832476578, 37.995955144892825 ], [ 23.748257520979152, 37.995904912861526 ], [ 23.748116310113073, 37.995645193959852 ], [ 23.748060835375171, 37.995543162452726 ], [ 23.748041948083255, 37.995508423459867 ], [ 23.747785575477874, 37.995135790572732 ], [ 23.747385193371919, 37.995324947254886 ], [ 23.747333153872365, 37.995347367577089 ], [ 23.746724555311779, 37.995449706279707 ], [ 23.746613741102088, 37.995467797918153 ], [ 23.746576599799589, 37.995473861951503 ], [ 23.746269013811812, 37.995133275028884 ], [ 23.745969347361108, 37.994821685181705 ], [ 23.745874291824936, 37.994726845010923 ], [ 23.745551803184622, 37.994428724034151 ], [ 23.745115448147683, 37.994022201358582 ], [ 23.744998375820003, 37.993913793493299 ], [ 23.744942256023972, 37.993859232440009 ], [ 23.744751282259553, 37.993673561882986 ], [ 23.744710354407882, 37.993633770583941 ], [ 23.74429280802774, 37.993245311322852 ], [ 23.744024662763753, 37.993289792284493 ], [ 23.743425082053843, 37.993368829985876 ], [ 23.742946318749627, 37.993431938961592 ], [ 23.742819352724197, 37.993408958063256 ], [ 23.742190680002118, 37.99315330603546 ], [ 23.741080959038253, 37.992702020722952 ], [ 23.741079892439018, 37.992672387750247 ], [ 23.741078688968564, 37.992638925820039 ], [ 23.740866412008501, 37.992584381276579 ], [ 23.740531463215113, 37.992498020850071 ], [ 23.740259335010599, 37.992389307561083 ], [ 23.740259231521261, 37.992389265873463 ], [ 23.740334556536251, 37.992486942146535 ], [ 23.740339174016526, 37.992492929658219 ], [ 23.740339297586054, 37.992493090359623 ], [ 23.740352057195988, 37.992531597962419 ], [ 23.740394585551783, 37.992659950009163 ], [ 23.740099248043517, 37.992744919801083 ], [ 23.739803701843226, 37.99289297198073 ], [ 23.739876210511117, 37.993010273181795 ], [ 23.739876230896041, 37.99301030567311 ], [ 23.739972869220679, 37.993235648450217 ], [ 23.739972951680162, 37.993235840606054 ], [ 23.740009036881023, 37.993398151540276 ], [ 23.740021244774169, 37.993569422527003 ], [ 23.740003328093731, 37.993704575554005 ], [ 23.739972987294866, 37.993830688267487 ], [ 23.739906913313916, 37.993997279745273 ], [ 23.739780224642956, 37.994195282037097 ], [ 23.739617733240365, 37.994352647147451 ], [ 23.739412499953485, 37.994518930180845 ], [ 23.739159379086484, 37.994640042459238 ], [ 23.738942379801166, 37.994711663746727 ], [ 23.738725458878623, 37.99476075270637 ], [ 23.7385132769564, 37.99477830686093 ], [ 23.738284416110236, 37.994782304261257 ], [ 23.737847915434195, 37.994727255146401 ], [ 23.737713335054409, 37.994740474372783 ], [ 23.737641863434245, 37.994722289291516 ], [ 23.736615556695686, 37.994886733087696 ], [ 23.736428087841805, 37.994917390309311 ], [ 23.736108438824086, 37.994969778122929 ], [ 23.735769225464448, 37.995026249898515 ], [ 23.735768448271255, 37.995026378838709 ], [ 23.735699268806304, 37.995037895933663 ], [ 23.733910059354404, 37.995326966508557 ], [ 23.73358109803781, 37.995380111395107 ], [ 23.733490486096624, 37.995438489561288 ], [ 23.733230528050736, 37.99547845800884 ], [ 23.73233459284998, 37.995607108672367 ], [ 23.732239572784394, 37.995615785361736 ], [ 23.732223251336872, 37.995617275880321 ], [ 23.732141982464423, 37.995624695862418 ], [ 23.732005923802419, 37.995065589976015 ], [ 23.731916173700753, 37.994691352641368 ], [ 23.731470410334442, 37.992883261313686 ], [ 23.731369714507856, 37.992486466335187 ], [ 23.731271511549359, 37.992089676940623 ], [ 23.731169750761048, 37.991692879307195 ], [ 23.731137579696803, 37.991560490922325 ], [ 23.731131229190506, 37.991534359888988 ], [ 23.731082094882151, 37.991332165185121 ], [ 23.730769857661226, 37.991381497426786 ], [ 23.72984502060153, 37.9915276129341 ], [ 23.729059470511725, 37.991651985859079 ], [ 23.728644985342079, 37.991714120268128 ], [ 23.72791106892285, 37.99182959177903 ], [ 23.727111259044129, 37.991958425110042 ], [ 23.726950647874567, 37.991962360511799 ], [ 23.726946355144349, 37.991962465910873 ], [ 23.726943950804372, 37.991962525221737 ], [ 23.726943306155263, 37.991962540849592 ], [ 23.726943262875853, 37.991962541650402 ], [ 23.726044476901908, 37.9920055159076 ], [ 23.725073427051726, 37.992052820829443 ], [ 23.724330195745488, 37.992087132629862 ], [ 23.723333943922398, 37.992116338435387 ], [ 23.723105258563663, 37.992169877352552 ], [ 23.722298625898762, 37.992217546301553 ], [ 23.721874320189791, 37.992239075861285 ], [ 23.721556237075216, 37.992253871347458 ], [ 23.7214437334145, 37.992259104600052 ], [ 23.721345508979336, 37.992263673079393 ], [ 23.721321165019233, 37.992264805098948 ], [ 23.721218338770559, 37.992269587889972 ], [ 23.721034675771357, 37.992278130125456 ], [ 23.721034060680687, 37.992278158409007 ], [ 23.721034221622496, 37.992279265567561 ], [ 23.721034719978807, 37.992282696135383 ], [ 23.721120602385451, 37.992692439654391 ], [ 23.721105023658733, 37.992859140254467 ], [ 23.721110907768281, 37.99287218587142 ], [ 23.721139611156381, 37.992935831398931 ], [ 23.721192337888816, 37.993485739588934 ], [ 23.721226499413394, 37.993675090173411 ], [ 23.721326715925084, 37.994184553013298 ], [ 23.721406038741559, 37.994572292937228 ], [ 23.721446981052612, 37.994757153066629 ], [ 23.721302343987151, 37.994802461357729 ], [ 23.721061381516311, 37.99478628442273 ], [ 23.720967747526263, 37.995463524783759 ], [ 23.720872024115611, 37.996116728208172 ], [ 23.720783536789103, 37.996738403739521 ], [ 23.720786440060895, 37.996738665694927 ], [ 23.721298370949469, 37.996784688974067 ], [ 23.721719294920284, 37.996817230551002 ], [ 23.721792612795536, 37.996817403998179 ], [ 23.722128289406797, 37.996804678269541 ], [ 23.722220419343447, 37.996796292241115 ], [ 23.722220508213056, 37.996796283438158 ], [ 23.723137688921536, 37.996703411072943 ], [ 23.723137906771793, 37.996706054148738 ], [ 23.723154027393917, 37.996901731881579 ], [ 23.723188535543333, 37.997284858532041 ], [ 23.723251736733573, 37.997893373480828 ], [ 23.723368161657874, 37.999114886039898 ], [ 23.723488913409394, 38.000417523865018 ], [ 23.723583293319884, 38.001350573403009 ], [ 23.72336963022962, 38.001377109530281 ], [ 23.723314393584172, 38.001384922601957 ], [ 23.723269887449085, 38.001391217900043 ], [ 23.723217968176364, 38.001398561051957 ], [ 23.723181595390741, 38.001403705591976 ], [ 23.723525313239648, 38.001909232378608 ], [ 23.723986054744298, 38.00243756488203 ], [ 23.724255048876991, 38.002749138335993 ], [ 23.724432989141619, 38.00294783754314 ], [ 23.725211679786558, 38.003837422671836 ], [ 23.72555158818108, 38.004225767764645 ], [ 23.725948199407654, 38.004681840166192 ], [ 23.726259738787249, 38.005043078592962 ], [ 23.726600676487951, 38.00544494221824 ], [ 23.726644664198158, 38.005485602163127 ], [ 23.726652037902554, 38.005496499579493 ], [ 23.726790592365248, 38.005701262058125 ], [ 23.72720967823809, 38.006320599991255 ], [ 23.727307643853059, 38.00649207076367 ], [ 23.727476607977785, 38.006812417515626 ], [ 23.727633726226731, 38.00715977503301 ], [ 23.727834839014189, 38.007836202007951 ], [ 23.727870607888033, 38.00800785548379 ], [ 23.727885563292475, 38.00807962941311 ], [ 23.727916916988111, 38.008234086110733 ], [ 23.727919578987887, 38.008247672782517 ], [ 23.728039256598322, 38.008967783447297 ], [ 23.728192149878481, 38.009882937695714 ], [ 23.728321174013406, 38.010707908333551 ], [ 23.728391145809017, 38.011136178589794 ], [ 23.728398050564557, 38.011183319831574 ], [ 23.72839811722384, 38.011183777836415 ], [ 23.728483490576934, 38.011766674932232 ], [ 23.728484900652969, 38.011776304772305 ], [ 23.728499602148545, 38.011883929156191 ], [ 23.728509851292259, 38.011958959239749 ], [ 23.72853724122978, 38.01215947010143 ], [ 23.728523819274837, 38.012223184029331 ], [ 23.728516519284025, 38.012257835857419 ], [ 23.728692312187007, 38.01224177153474 ], [ 23.728776482552874, 38.012238488544483 ], [ 23.728813037991465, 38.012237062299491 ], [ 23.730260590491486, 38.012352704583975 ], [ 23.731046264878469, 38.012449138568925 ], [ 23.73108379233366, 38.012408666736775 ], [ 23.731165026857695, 38.01180499406334 ] ] ] } },
{ "type": "Feature", "properties": { "muni_id": 7, "year": 2040, "kwh_per_user_muni": 780.04510311152205, "ac_share_muni": 0.88720464384676989, "kwh_pc_overall": 692.05963284282006, "kwh_muni": 73367401.479492188 }, "geometry": { "type": "Polygon", "coordinates": [ [ [ 23.7693163915126, 37.998123428594106 ], [ 23.76940745050565, 37.998141632835967 ], [ 23.769508021228834, 37.99819140058748 ], [ 23.769557138185657, 37.998191496832092 ], [ 23.76987453253988, 37.998561644695926 ], [ 23.769973496356002, 37.998669992357868 ], [ 23.770364725136698, 37.998990712640442 ], [ 23.771545746198118, 37.999889789984763 ], [ 23.771761647796644, 38.000052440230299 ], [ 23.771908843238492, 38.000102649690788 ], [ 23.772554853175237, 38.000224867437773 ], [ 23.773258281060428, 38.000357943757507 ], [ 23.773498305396707, 38.000403351461259 ], [ 23.77360740343169, 38.000423990010006 ], [ 23.77385081469011, 38.000448534289632 ], [ 23.774315251534695, 38.000550940688761 ], [ 23.77496060519487, 38.000678813037098 ], [ 23.775519213074759, 38.000293697593435 ], [ 23.775981553009434, 37.99997494603786 ], [ 23.776680522516948, 37.99949304473558 ], [ 23.777161434678622, 37.999161476846808 ], [ 23.777514982468976, 37.998918605715538 ], [ 23.777952069170638, 37.998652009929863 ], [ 23.778022354788192, 37.998609139636798 ], [ 23.778217260653459, 37.998136527855877 ], [ 23.77825685719165, 37.998023485046758 ], [ 23.778280070347208, 37.99805480517098 ], [ 23.778464635153799, 37.998303823551865 ], [ 23.779067395281103, 37.999117066543846 ], [ 23.78234165427639, 38.003367352513933 ], [ 23.787116271726774, 38.001000544338503 ], [ 23.78521744642498, 37.999870487218715 ], [ 23.784996835267318, 37.999725878704005 ], [ 23.784148122680502, 37.999057373986602 ], [ 23.783755843714669, 37.998723452280743 ], [ 23.783851391512581, 37.998655757614152 ], [ 23.783860857097462, 37.998583672278528 ], [ 23.785601761678677, 37.996975052270535 ], [ 23.787091768275037, 37.99559818788633 ], [ 23.787268902084541, 37.995434499821641 ], [ 23.790484933538874, 37.992462416259166 ], [ 23.790585777087728, 37.99175307616882 ], [ 23.790751281752975, 37.990953624171446 ], [ 23.789843007785521, 37.990554209920695 ], [ 23.788936810746808, 37.991089694852903 ], [ 23.787852820580316, 37.99107422545778 ], [ 23.787853597237635, 37.991051694724661 ], [ 23.787858301045709, 37.991024664647597 ], [ 23.787869411930998, 37.990997646125443 ], [ 23.787883712233281, 37.990975139780673 ], [ 23.787900490181364, 37.990957144328696 ], [ 23.787922251655374, 37.990939157859806 ], [ 23.788905894993977, 37.990328053188158 ], [ 23.788870383097318, 37.990300950886486 ], [ 23.788834873504431, 37.990273848578127 ], [ 23.787866928178914, 37.990871461693303 ], [ 23.787763248217836, 37.990911832502981 ], [ 23.787649617479559, 37.990947678829819 ], [ 23.787527127913069, 37.990969989763869 ], [ 23.787421759793194, 37.99097881223436 ], [ 23.787324221131716, 37.990987648767259 ], [ 23.787225607847198, 37.990999084384818 ], [ 23.787002867760989, 37.990982560857425 ], [ 23.786766108846116, 37.990892003348762 ], [ 23.786703797918442, 37.990858357147886 ], [ 23.786378507371602, 37.990682709259168 ], [ 23.786071083698605, 37.990516707877191 ], [ 23.785495392519348, 37.990227248085525 ], [ 23.785324476531056, 37.990136807724411 ], [ 23.785249200432357, 37.990078086758302 ], [ 23.785162693959588, 37.989965268103077 ], [ 23.78512905356191, 37.98966327600899 ], [ 23.785129854831059, 37.989266711824584 ], [ 23.785143203617597, 37.988960299098423 ], [ 23.785502893963503, 37.98838413272582 ], [ 23.785517844070849, 37.988360288533208 ], [ 23.785821812966805, 37.987875487395698 ], [ 23.78594752452674, 37.987722497637641 ], [ 23.786099478295167, 37.987601100469711 ], [ 23.7862601480902, 37.987493744751596 ], [ 23.78639542572639, 37.987403355375854 ], [ 23.787457150302714, 37.986359786874644 ], [ 23.784479544736627, 37.984780579979585 ], [ 23.783049171451061, 37.984021914635747 ], [ 23.783018964793975, 37.984005892632076 ], [ 23.783042185955232, 37.983976837433026 ], [ 23.784817507319133, 37.981794478515404 ], [ 23.78548193054365, 37.980983966113747 ], [ 23.785702781955777, 37.980714550396485 ], [ 23.78555707961247, 37.980639460034048 ], [ 23.785035876313476, 37.98037084454112 ], [ 23.784874552516431, 37.980537287712373 ], [ 23.784649968213607, 37.980676576256165 ], [ 23.784267036432205, 37.980815574072601 ], [ 23.783869236211554, 37.980927504714352 ], [ 23.783507032911483, 37.98103499309142 ], [ 23.783409346945838, 37.981052942653236 ], [ 23.78302140529259, 37.981124227017141 ], [ 23.782567369485189, 37.981118882219249 ], [ 23.782129480246287, 37.981068501234915 ], [ 23.781825670516753, 37.981883602656005 ], [ 23.781740909560099, 37.982027651285321 ], [ 23.781578706949126, 37.982126491747714 ], [ 23.781438425886552, 37.98215326978638 ], [ 23.781252568937347, 37.982188975779934 ], [ 23.781006166449004, 37.982230198214154 ], [ 23.780320145514835, 37.982344963310055 ], [ 23.780225961327986, 37.982368094652252 ], [ 23.780150614847123, 37.982386599673248 ], [ 23.780104619519673, 37.9823978951475 ], [ 23.77993596150359, 37.982439315621868 ], [ 23.778080219721435, 37.982895050075257 ], [ 23.778013095658668, 37.982914790479171 ], [ 23.77795841166229, 37.982930871670852 ], [ 23.77789181461306, 37.982948771671929 ], [ 23.777871785031042, 37.98295014256157 ], [ 23.77784515750778, 37.982951965149759 ], [ 23.777827748647859, 37.982953157118857 ], [ 23.777749489585116, 37.98294399641857 ], [ 23.777678361067128, 37.982930342710809 ], [ 23.777621480030216, 37.982912209463095 ], [ 23.777550365170292, 37.982894049271458 ], [ 23.77749338843946, 37.982876326767439 ], [ 23.777477484153067, 37.982871379263422 ], [ 23.777417044750738, 37.982853239185388 ], [ 23.77729898556564, 37.982825977138994 ], [ 23.777232839088533, 37.982812332593781 ], [ 23.7771520626445, 37.982812179593438 ], [ 23.777069122721745, 37.982821035302166 ], [ 23.777007507402388, 37.982838944243881 ], [ 23.776886383324733, 37.982883778890397 ], [ 23.776842490852047, 37.982924253520679 ], [ 23.776706626911583, 37.98310064603357 ], [ 23.776674622585464, 37.9831421967694 ], [ 23.776634103533908, 37.983194802730338 ], [ 23.776299736554744, 37.983628906418467 ], [ 23.776296714993006, 37.983632829379381 ], [ 23.776215147578561, 37.983738725888117 ], [ 23.774793207481224, 37.983863027703769 ], [ 23.774701658769978, 37.983871029765275 ], [ 23.774496278194761, 37.98388866194319 ], [ 23.774283751755451, 37.983915292913181 ], [ 23.774082329245733, 37.98394107688668 ], [ 23.774040964558889, 37.983946371805168 ], [ 23.774035351180004, 37.983947301964953 ], [ 23.773772159071214, 37.983990919453269 ], [ 23.773491294721577, 37.984021923972932 ], [ 23.773279151694929, 37.984039541002367 ], [ 23.773078068298208, 37.98404816612269 ], [ 23.773027589428224, 37.984047058390274 ], [ 23.772861588284858, 37.984043416726237 ], [ 23.772852827469983, 37.984043224959628 ], [ 23.772603786899893, 37.98402471806596 ], [ 23.772355088956868, 37.984010717739295 ], [ 23.772113235337638, 37.983969691560283 ], [ 23.77191375560291, 37.983919734193094 ], [ 23.771883320124211, 37.98390779982703 ], [ 23.771847481108836, 37.983893746864155 ], [ 23.771644827251428, 37.983819083135067 ], [ 23.771357993471828, 37.984145149371386 ], [ 23.771308779444684, 37.984196225125451 ], [ 23.770866905762237, 37.984654800331164 ], [ 23.770823668374096, 37.984694872000361 ], [ 23.770149204873544, 37.984232004691528 ], [ 23.76939646549874, 37.983842707977551 ], [ 23.768733219580405, 37.983536835124141 ], [ 23.768663222149588, 37.983504566630863 ], [ 23.768254768295989, 37.983320765480443 ], [ 23.768254424886226, 37.983320611585228 ], [ 23.766701401529051, 37.982622586882776 ], [ 23.766055796772555, 37.982334711843095 ], [ 23.76451425796466, 37.981647318022759 ], [ 23.763998281176121, 37.981417228320453 ], [ 23.76347683494069, 37.981184697286892 ], [ 23.762297102160328, 37.980658597909795 ], [ 23.761816095188326, 37.980444088527278 ], [ 23.761503212595859, 37.98030455370337 ], [ 23.76128143341311, 37.9802056472966 ], [ 23.761158928016826, 37.980205694249847 ], [ 23.7609844068458, 37.980205761578183 ], [ 23.760258595458613, 37.980206038492661 ], [ 23.759273235655638, 37.98020612075873 ], [ 23.75876542142294, 37.980201712358095 ], [ 23.758281763930281, 37.979987342616333 ], [ 23.757487604975328, 37.979635343708992 ], [ 23.756701950385263, 37.979287106371224 ], [ 23.756357536197278, 37.979751637701419 ], [ 23.756097417770633, 37.980075561830901 ], [ 23.756095269165325, 37.980077950291772 ], [ 23.756048844463137, 37.980129538302144 ], [ 23.755976876795255, 37.980156427628636 ], [ 23.75597658493318, 37.980156536980125 ], [ 23.755881394266918, 37.980192280979573 ], [ 23.754938462605086, 37.980717375598424 ], [ 23.754938108960232, 37.980717572243428 ], [ 23.754941417884272, 37.980721021149698 ], [ 23.755317796297966, 37.981113348693022 ], [ 23.755319314604538, 37.981114931806218 ], [ 23.755227244023288, 37.981196121913591 ], [ 23.755212113231167, 37.981209463715309 ], [ 23.755184595934033, 37.981233728563929 ], [ 23.75505880461909, 37.981339711238704 ], [ 23.754113863748778, 37.981928082352297 ], [ 23.753293126907458, 37.982507693491399 ], [ 23.753059651168556, 37.982732525123552 ], [ 23.752895509200407, 37.982867373342792 ], [ 23.752616049546866, 37.983114639621917 ], [ 23.752430971913746, 37.983019615213202 ], [ 23.751854188605044, 37.983216682809775 ], [ 23.75165448901857, 37.983291399778103 ], [ 23.75148305425299, 37.983351632072328 ], [ 23.751645221280313, 37.984085982730456 ], [ 23.751751824601577, 37.984497758305196 ], [ 23.751855547956112, 37.984820974552605 ], [ 23.751992147295255, 37.985258386215868 ], [ 23.751946264985023, 37.985357430894339 ], [ 23.751402329277912, 37.986149413926682 ], [ 23.750514557258384, 37.98632779143643 ], [ 23.749257891075469, 37.986568466434818 ], [ 23.748302880798306, 37.986737671021956 ], [ 23.747937653759799, 37.986561138289694 ], [ 23.747761454142061, 37.986470632037673 ], [ 23.747389901463556, 37.986271551898895 ], [ 23.746851359404189, 37.985995502053335 ], [ 23.7459842270849, 37.985552002783841 ], [ 23.745828477636053, 37.985744362992051 ], [ 23.745819251970612, 37.985755756936562 ], [ 23.745565165903933, 37.986069566975686 ], [ 23.745565043534356, 37.986069718126956 ], [ 23.745452437063143, 37.986208791598827 ], [ 23.745341660958971, 37.986346646778685 ], [ 23.745331358629812, 37.986359467791267 ], [ 23.745107422783995, 37.98663814147514 ], [ 23.745102970375342, 37.986643682843464 ], [ 23.744978876863396, 37.986798107782178 ], [ 23.744896684826276, 37.986897070943357 ], [ 23.744810547404278, 37.987005038338779 ], [ 23.744607880873968, 37.987261464787409 ], [ 23.744279416845156, 37.987670835940648 ], [ 23.744146470416428, 37.987832778170336 ], [ 23.743909897041412, 37.988116168169796 ], [ 23.743747302522586, 37.988309590359229 ], [ 23.743556792242384, 37.988548015710919 ], [ 23.743341274227056, 37.988813424728221 ], [ 23.743015674657428, 37.989213785625132 ], [ 23.742850112035818, 37.989449984942027 ], [ 23.742842209161896, 37.989461259862964 ], [ 23.742461936658074, 37.989788786675803 ], [ 23.741908892894084, 37.989315010099745 ], [ 23.741708360480438, 37.989161351486452 ], [ 23.741295623086149, 37.988935123199433 ], [ 23.740930771728696, 37.988742836780915 ], [ 23.740797606586785, 37.988672654166812 ], [ 23.740309822946607, 37.989243894187169 ], [ 23.740266927187719, 37.989297876567107 ], [ 23.740175782006567, 37.989410335876762 ], [ 23.739817293332532, 37.989846666587574 ], [ 23.73997081826138, 37.990311167728507 ], [ 23.739752891670125, 37.990346737145693 ], [ 23.739757964942267, 37.990522498884957 ], [ 23.739856307089958, 37.990892243132947 ], [ 23.739868604474569, 37.990937334561075 ], [ 23.739875982001426, 37.990964389415161 ], [ 23.73991182081814, 37.99109515493484 ], [ 23.740035114963995, 37.991555082623897 ], [ 23.740169670798483, 37.992051086405802 ], [ 23.740259194434895, 37.99238912519121 ], [ 23.740259231521261, 37.992389265873463 ], [ 23.740259335010599, 37.992389307561083 ], [ 23.740531463215113, 37.992498020850071 ], [ 23.740866412008501, 37.992584381276579 ], [ 23.741078688968564, 37.992638925820039 ], [ 23.741079892439018, 37.992672387750247 ], [ 23.741080959038253, 37.992702020722952 ], [ 23.742190680002118, 37.99315330603546 ], [ 23.742819352724197, 37.993408958063256 ], [ 23.742946318749627, 37.993431938961592 ], [ 23.743425082053843, 37.993368829985876 ], [ 23.744024662763753, 37.993289792284493 ], [ 23.74429280802774, 37.993245311322852 ], [ 23.744710354407882, 37.993633770583941 ], [ 23.744751282259553, 37.993673561882986 ], [ 23.744942256023972, 37.993859232440009 ], [ 23.744998375820003, 37.993913793493299 ], [ 23.745115448147683, 37.994022201358582 ], [ 23.745551803184622, 37.994428724034151 ], [ 23.745874291824936, 37.994726845010923 ], [ 23.745969347361108, 37.994821685181705 ], [ 23.746269013811812, 37.995133275028884 ], [ 23.746576599799589, 37.995473861951503 ], [ 23.746613741102088, 37.995467797918153 ], [ 23.746724555311779, 37.995449706279707 ], [ 23.747333153872365, 37.995347367577089 ], [ 23.747385193371919, 37.995324947254886 ], [ 23.747785575477874, 37.995135790572732 ], [ 23.748041948083255, 37.995508423459867 ], [ 23.748060835375171, 37.995543162452726 ], [ 23.748116310113073, 37.995645193959852 ], [ 23.748257520979152, 37.995904912861526 ], [ 23.748284832476578, 37.995955144892825 ], [ 23.748307993688961, 37.995997743173724 ], [ 23.748196873491963, 37.99604124734828 ], [ 23.747676733981017, 37.996244882732299 ], [ 23.747240512512874, 37.996415190044921 ], [ 23.746655072048181, 37.996632371943221 ], [ 23.746508074124147, 37.996701239570882 ], [ 23.746327637574463, 37.996775888737425 ], [ 23.745942502786257, 37.996901148867316 ], [ 23.746058674883923, 37.997011797999043 ], [ 23.746087337667614, 37.997039098478751 ], [ 23.746387519305188, 37.997264018882525 ], [ 23.746732730909663, 37.997522676803648 ], [ 23.746965994425711, 37.997689916354112 ], [ 23.747303234253661, 37.997947507244113 ], [ 23.747851739974408, 37.998354262066044 ], [ 23.748000840985124, 37.998467242070717 ], [ 23.748079299655664, 37.998525993581538 ], [ 23.74850571386127, 37.998833342562776 ], [ 23.748673990557808, 37.998959881962136 ], [ 23.749071847658854, 37.999256262318468 ], [ 23.749458053026355, 37.999258302379836 ], [ 23.749747463907568, 37.999259829724359 ], [ 23.750096717338252, 37.999261672793104 ], [ 23.750354348101048, 37.999683073336143 ], [ 23.750256743183865, 37.999918688731924 ], [ 23.750214834641412, 38.000018052753042 ], [ 23.750228516132502, 38.000155720399142 ], [ 23.750269350256545, 38.000215018723466 ], [ 23.750340309649438, 38.000256772611436 ], [ 23.750352564645567, 38.000374841507465 ], [ 23.750376364011981, 38.00054075339014 ], [ 23.750403601355476, 38.000905830927181 ], [ 23.750405470970804, 38.000909707709013 ], [ 23.750431877433169, 38.000964474342574 ], [ 23.750440099554332, 38.000972285185497 ], [ 23.750441347292114, 38.000973470316644 ], [ 23.750683781203396, 38.001203848657802 ], [ 23.750936725772338, 38.001364637242169 ], [ 23.751155813117585, 38.001502271786975 ], [ 23.751441030030243, 38.001574977558889 ], [ 23.751482301865231, 38.001585083438542 ], [ 23.751500906914032, 38.001589639080088 ], [ 23.751626676562118, 38.001620433912962 ], [ 23.75177167264679, 38.001655300631285 ], [ 23.751789695309711, 38.001659634183596 ], [ 23.75180379955798, 38.001663025734814 ], [ 23.751879676633017, 38.001681271882909 ], [ 23.751880408421655, 38.001681447374374 ], [ 23.7518803567764, 38.002194727103571 ], [ 23.751880346896421, 38.002287918851692 ], [ 23.75186796984854, 38.002580809730262 ], [ 23.751797498750289, 38.002896110081302 ], [ 23.751794560076835, 38.002923142368772 ], [ 23.751750052474307, 38.003356360933076 ], [ 23.751749661475383, 38.003360169830607 ], [ 23.75195906155195, 38.003540868222288 ], [ 23.752005477352981, 38.003604055905846 ], [ 23.752178305047927, 38.004393042667132 ], [ 23.752291147096994, 38.004920530776467 ], [ 23.752366721430857, 38.005204593963022 ], [ 23.75244097166944, 38.005353461911263 ], [ 23.752879403458358, 38.005809531672767 ], [ 23.752846844468863, 38.00585903379411 ], [ 23.752793346209309, 38.00589046624372 ], [ 23.75325754618127, 38.006094229625504 ], [ 23.753362017196345, 38.006141212705217 ], [ 23.753527352001353, 38.006215567228708 ], [ 23.753660242680887, 38.006275330300404 ], [ 23.753723266323334, 38.006298228688216 ], [ 23.754074814184246, 38.006425956829496 ], [ 23.754075722474827, 38.006462655345707 ], [ 23.754079496546979, 38.006472113184124 ], [ 23.754202817983444, 38.006781183700546 ], [ 23.755522511135858, 38.006418915046133 ], [ 23.758040030648427, 38.005612967093789 ], [ 23.759668453873235, 38.005093562065689 ], [ 23.760487799873811, 38.0048266296306 ], [ 23.76062656166005, 38.004781421691412 ], [ 23.761705999927134, 38.004429742161619 ], [ 23.761716645295412, 38.004426273962878 ], [ 23.762449201645712, 38.003808809726216 ], [ 23.762476896176885, 38.003783394501788 ], [ 23.76296224573386, 38.003380693533025 ], [ 23.763174688350336, 38.003204425858662 ], [ 23.763759397674423, 38.002719273012922 ], [ 23.764096290643351, 38.002439738477776 ], [ 23.76454342009766, 38.002068729845206 ], [ 23.764995961687177, 38.00169322568334 ], [ 23.765354119210059, 38.001393051825701 ], [ 23.765433217533996, 38.001326757979093 ], [ 23.765617802209377, 38.001164772374949 ], [ 23.765953214941234, 38.000887082517146 ], [ 23.766706373162368, 38.000262376059389 ], [ 23.76720937636431, 37.999845151867305 ], [ 23.768958499361997, 37.99839426042989 ], [ 23.769194029204296, 37.998213316935285 ], [ 23.769291688933123, 37.998141575262672 ], [ 23.7693163915126, 37.998123428594106 ] ] ] } },
{ "type": "Feature", "properties": { "muni_id": 1, "year": 2050, "kwh_per_user_muni": 1021.4781663438685, "ac_share_muni": 0.82424265867062296, "kwh_pc_overall": 841.94587296663758, "kwh_muni": 66298550.965454102 }, "geometry": { "type": "Polygon", "coordinates": [ [ [ 23.737641863434245, 37.994722289291516 ], [ 23.737713335054409, 37.994740474372783 ], [ 23.737847915434195, 37.994727255146401 ], [ 23.738284416110236, 37.994782304261257 ], [ 23.7385132769564, 37.99477830686093 ], [ 23.738725458878623, 37.99476075270637 ], [ 23.738942379801166, 37.994711663746727 ], [ 23.739159379086484, 37.994640042459238 ], [ 23.739412499953485, 37.994518930180845 ], [ 23.739617733240365, 37.994352647147451 ], [ 23.739780224642956, 37.994195282037097 ], [ 23.739906913313916, 37.993997279745273 ], [ 23.739972987294866, 37.993830688267487 ], [ 23.740003328093731, 37.993704575554005 ], [ 23.740021244774169, 37.993569422527003 ], [ 23.740009036881023, 37.993398151540276 ], [ 23.739972951680162, 37.993235840606054 ], [ 23.739972869220679, 37.993235648450217 ], [ 23.739876230896041, 37.99301030567311 ], [ 23.739876210511117, 37.993010273181795 ], [ 23.739803701843226, 37.99289297198073 ], [ 23.740099248043517, 37.992744919801083 ], [ 23.740394585551783, 37.992659950009163 ], [ 23.740352057195988, 37.992531597962419 ], [ 23.740339297586054, 37.992493090359623 ], [ 23.740339174016526, 37.992492929658219 ], [ 23.740334556536251, 37.992486942146535 ], [ 23.740259231521261, 37.992389265873463 ], [ 23.740259194434895, 37.99238912519121 ], [ 23.740169670798483, 37.992051086405802 ], [ 23.740035114963995, 37.991555082623897 ], [ 23.73991182081814, 37.99109515493484 ], [ 23.739875982001426, 37.990964389415161 ], [ 23.739868604474569, 37.990937334561075 ], [ 23.739856307089958, 37.990892243132947 ], [ 23.739757964942267, 37.990522498884957 ], [ 23.739752891670125, 37.990346737145693 ], [ 23.73997081826138, 37.990311167728507 ], [ 23.739817293332532, 37.989846666587574 ], [ 23.740175782006567, 37.989410335876762 ], [ 23.740266927187719, 37.989297876567107 ], [ 23.740309822946607, 37.989243894187169 ], [ 23.740797606586785, 37.988672654166812 ], [ 23.740930771728696, 37.988742836780915 ], [ 23.741295623086149, 37.988935123199433 ], [ 23.741708360480438, 37.989161351486452 ], [ 23.741908892894084, 37.989315010099745 ], [ 23.742461936658074, 37.989788786675803 ], [ 23.742842209161896, 37.989461259862964 ], [ 23.742850112035818, 37.989449984942027 ], [ 23.743015674657428, 37.989213785625132 ], [ 23.743341274227056, 37.988813424728221 ], [ 23.743556792242384, 37.988548015710919 ], [ 23.743747302522586, 37.988309590359229 ], [ 23.743909897041412, 37.988116168169796 ], [ 23.744146470416428, 37.987832778170336 ], [ 23.744279416845156, 37.987670835940648 ], [ 23.744607880873968, 37.987261464787409 ], [ 23.744810547404278, 37.987005038338779 ], [ 23.744896684826276, 37.986897070943357 ], [ 23.744978876863396, 37.986798107782178 ], [ 23.745102970375342, 37.986643682843464 ], [ 23.745107422783995, 37.98663814147514 ], [ 23.745331358629812, 37.986359467791267 ], [ 23.745341660958971, 37.986346646778685 ], [ 23.745452437063143, 37.986208791598827 ], [ 23.745565043534356, 37.986069718126956 ], [ 23.745565165903933, 37.986069566975686 ], [ 23.745819251970612, 37.985755756936562 ], [ 23.745828477636053, 37.985744362992051 ], [ 23.7459842270849, 37.985552002783841 ], [ 23.746851359404189, 37.985995502053335 ], [ 23.747389901463556, 37.986271551898895 ], [ 23.747761454142061, 37.986470632037673 ], [ 23.747937653759799, 37.986561138289694 ], [ 23.748302880798306, 37.986737671021956 ], [ 23.749257891075469, 37.986568466434818 ], [ 23.750514557258384, 37.98632779143643 ], [ 23.751402329277912, 37.986149413926682 ], [ 23.751946264985023, 37.985357430894339 ], [ 23.751992147295255, 37.985258386215868 ], [ 23.751855547956112, 37.984820974552605 ], [ 23.751751824601577, 37.984497758305196 ], [ 23.751645221280313, 37.984085982730456 ], [ 23.75148305425299, 37.983351632072328 ], [ 23.75165448901857, 37.983291399778103 ], [ 23.751854188605044, 37.983216682809775 ], [ 23.752430971913746, 37.983019615213202 ], [ 23.752616049546866, 37.983114639621917 ], [ 23.752895509200407, 37.982867373342792 ], [ 23.753059651168556, 37.982732525123552 ], [ 23.753293126907458, 37.982507693491399 ], [ 23.754113863748778, 37.981928082352297 ], [ 23.75505880461909, 37.981339711238704 ], [ 23.755184595934033, 37.981233728563929 ], [ 23.755212113231167, 37.981209463715309 ], [ 23.755227244023288, 37.981196121913591 ], [ 23.755319314604538, 37.981114931806218 ], [ 23.755317796297966, 37.981113348693022 ], [ 23.754941417884272, 37.980721021149698 ], [ 23.754938108960232, 37.980717572243428 ], [ 23.754938462605086, 37.980717375598424 ], [ 23.755881394266918, 37.980192280979573 ], [ 23.75597658493318, 37.980156536980125 ], [ 23.755976876795255, 37.980156427628636 ], [ 23.756048844463137, 37.980129538302144 ], [ 23.756095269165325, 37.980077950291772 ], [ 23.756097417770633, 37.980075561830901 ], [ 23.756357536197278, 37.979751637701419 ], [ 23.756701950385263, 37.979287106371224 ], [ 23.756812270062937, 37.979137455916806 ], [ 23.757199814223959, 37.978614769271644 ], [ 23.757676549955455, 37.977968613903911 ], [ 23.757656220175772, 37.977917871029703 ], [ 23.757691583158255, 37.977846424956041 ], [ 23.758183978650511, 37.977670050475886 ], [ 23.758948032077566, 37.97727257648252 ], [ 23.758949141849868, 37.977271999228996 ], [ 23.758947044200681, 37.977270001283728 ], [ 23.758219668974125, 37.976576696805225 ], [ 23.757893694798046, 37.97626598720165 ], [ 23.757558898366337, 37.975946864812549 ], [ 23.757558181015757, 37.975946181059719 ], [ 23.757558569784976, 37.975946027740818 ], [ 23.757640942262341, 37.975913487057056 ], [ 23.758288801495695, 37.975681833638497 ], [ 23.757996623522121, 37.975148442351063 ], [ 23.75799647979154, 37.975148177076903 ], [ 23.759204655246997, 37.974806172540482 ], [ 23.759420104221121, 37.975282193860956 ], [ 23.7594212776342, 37.975284782955399 ], [ 23.75942144519799, 37.975284724714399 ], [ 23.759456006356633, 37.975272801958241 ], [ 23.759514167561626, 37.975252738342306 ], [ 23.76042203182044, 37.974939543950363 ], [ 23.760479817485923, 37.974919608875737 ], [ 23.760480047758008, 37.974919523722278 ], [ 23.760512683738668, 37.974906739610354 ], [ 23.760743370562565, 37.974833317862561 ], [ 23.760793650220226, 37.974738026044804 ], [ 23.760964649115365, 37.974413939874339 ], [ 23.761189622294495, 37.974495668587871 ], [ 23.761190479777131, 37.974495980371465 ], [ 23.761324303025177, 37.97454459521731 ], [ 23.761420701863194, 37.974579614705419 ], [ 23.761590945853889, 37.974509799120959 ], [ 23.761734921717984, 37.97360746031579 ], [ 23.761741754924071, 37.973564636854427 ], [ 23.763249254151958, 37.972832066421269 ], [ 23.763543142747562, 37.97320181866165 ], [ 23.763757288139715, 37.973471240021041 ], [ 23.765659896857279, 37.972544679352815 ], [ 23.7667674859754, 37.972005264073559 ], [ 23.767349105639006, 37.971721998078287 ], [ 23.767406671099724, 37.971693961977245 ], [ 23.767406570089936, 37.971692416969837 ], [ 23.767305851776548, 37.970157066301937 ], [ 23.767311695835868, 37.9701552473446 ], [ 23.7690751256679, 37.96960626020973 ], [ 23.76936828997864, 37.969606835298109 ], [ 23.769953936609646, 37.9694259243945 ], [ 23.770107608801506, 37.969378453798896 ], [ 23.770472508080857, 37.969307063216014 ], [ 23.77134273350114, 37.969132949791721 ], [ 23.774222970504351, 37.968530971116429 ], [ 23.774386939977465, 37.968333295998711 ], [ 23.77439407731211, 37.968324691563787 ], [ 23.77440474674437, 37.968311829003603 ], [ 23.77475603261944, 37.967888327694503 ], [ 23.775318600715352, 37.967216788731392 ], [ 23.775373092218196, 37.967144402123822 ], [ 23.776271925733589, 37.966060738535383 ], [ 23.776272029712469, 37.966060613453934 ], [ 23.774547026062969, 37.966975904195337 ], [ 23.774514115319882, 37.966993365783082 ], [ 23.774135749539418, 37.967194121307436 ], [ 23.773981309397158, 37.967276064605805 ], [ 23.773868204741266, 37.967336074982576 ], [ 23.769213062523413, 37.968998981366511 ], [ 23.767237761507051, 37.969704518221597 ], [ 23.767189846756573, 37.96972163170954 ], [ 23.765351109716448, 37.970378347102063 ], [ 23.765346422789175, 37.970380021359915 ], [ 23.764313247844285, 37.9708558613778 ], [ 23.759424566823849, 37.973107191601905 ], [ 23.759363210808122, 37.973135441353158 ], [ 23.759144058648225, 37.972900668882126 ], [ 23.758966137215737, 37.972679496190757 ], [ 23.758781029483607, 37.972480842485396 ], [ 23.758356021070473, 37.972103313972809 ], [ 23.757845530965419, 37.971830048319021 ], [ 23.757306157903667, 37.971912229353791 ], [ 23.756573104070416, 37.972014533233121 ], [ 23.756064594844943, 37.972069702250259 ], [ 23.754159404056782, 37.972286123715911 ], [ 23.753486287199724, 37.972974311974838 ], [ 23.753485880482469, 37.972974727517439 ], [ 23.753484005691494, 37.97297664513404 ], [ 23.752419242478616, 37.972350956901259 ], [ 23.751487145333556, 37.973450465959182 ], [ 23.751398527238951, 37.973458544429754 ], [ 23.750920936041243, 37.973500479647313 ], [ 23.750237550405526, 37.973560480515395 ], [ 23.749443498527448, 37.973635401415422 ], [ 23.748681452947672, 37.973714891769994 ], [ 23.747914083569285, 37.973789859339782 ], [ 23.746901412928494, 37.973890225337676 ], [ 23.746550542500628, 37.973922122667595 ], [ 23.746550152910132, 37.973923173630567 ], [ 23.746501941992427, 37.974053024571418 ], [ 23.746453576918487, 37.974183287045456 ], [ 23.746418356102467, 37.974278278012669 ], [ 23.746393354289953, 37.974345708002254 ], [ 23.74581798502911, 37.97589743175088 ], [ 23.745808376928967, 37.9759233428206 ], [ 23.745797417245353, 37.975952900279957 ], [ 23.745783355495313, 37.975949586504584 ], [ 23.744368920333685, 37.97561632858114 ], [ 23.743433909072468, 37.975393477731807 ], [ 23.743122130834866, 37.975316187938077 ], [ 23.74300681736295, 37.975324948951418 ], [ 23.742752522137028, 37.975346111457405 ], [ 23.742584702196684, 37.975360077523369 ], [ 23.742030811082891, 37.975430967164037 ], [ 23.741176117930767, 37.975541750679781 ], [ 23.740563483167652, 37.97562151701468 ], [ 23.739103861040849, 37.975814197179275 ], [ 23.739086169108123, 37.975816532832035 ], [ 23.738416212800107, 37.975905173693235 ], [ 23.738051265845581, 37.975956083769034 ], [ 23.738020960360213, 37.975807531969664 ], [ 23.73802093456332, 37.97580742195521 ], [ 23.737969277397344, 37.975587651562527 ], [ 23.737967117621107, 37.975587929755875 ], [ 23.737803770831647, 37.975608968657049 ], [ 23.737803563545508, 37.975608025448913 ], [ 23.737567816905432, 37.97453389929418 ], [ 23.737566337160985, 37.974534102387871 ], [ 23.737565503309753, 37.974534216793707 ], [ 23.737366424520609, 37.974561572712581 ], [ 23.737364503924596, 37.974561837008302 ], [ 23.736447583604082, 37.974687828612581 ], [ 23.736447378469986, 37.974686925964683 ], [ 23.7364371926861, 37.974642021752786 ], [ 23.736434843805704, 37.974642333743297 ], [ 23.736305663385934, 37.974659476042532 ], [ 23.73630836948843, 37.974673251070776 ], [ 23.736308386270473, 37.974673334026789 ], [ 23.735728101600287, 37.974750020237607 ], [ 23.735612540867191, 37.974766141469544 ], [ 23.735450725685595, 37.974788714540693 ], [ 23.73531048095893, 37.973993525152494 ], [ 23.735158950777102, 37.973583897890322 ], [ 23.735082196143537, 37.973409709039899 ], [ 23.73481604734377, 37.973086134907327 ], [ 23.734124157217661, 37.972318900803629 ], [ 23.73393158651686, 37.972076234524593 ], [ 23.733876643718467, 37.971987912064172 ], [ 23.732898271872489, 37.97087565827848 ], [ 23.732855338379203, 37.970826848001238 ], [ 23.73261474909086, 37.970634491199156 ], [ 23.732354004893761, 37.970516400115152 ], [ 23.732044628458684, 37.970428701772953 ], [ 23.731806705791836, 37.970265705224257 ], [ 23.731732356141208, 37.97015708826715 ], [ 23.731701870818483, 37.970053642852257 ], [ 23.731692482209279, 37.969936440520691 ], [ 23.731699563844042, 37.969692081518403 ], [ 23.731664137274752, 37.968484808584577 ], [ 23.731618466714611, 37.968410680727217 ], [ 23.731602912351356, 37.968385434416184 ], [ 23.731602888571231, 37.968385399211733 ], [ 23.731470350476972, 37.968252151383702 ], [ 23.730290944283691, 37.967335056199282 ], [ 23.728659862636601, 37.966066684744575 ], [ 23.727502079973995, 37.965166322020458 ], [ 23.726316257883607, 37.964244120071072 ], [ 23.724647093180263, 37.962945843370626 ], [ 23.724576081969463, 37.962890609317512 ], [ 23.724575787976907, 37.962890380603241 ], [ 23.72390405801649, 37.962366970813903 ], [ 23.722711082077907, 37.961437253663526 ], [ 23.72250879908071, 37.961279754195139 ], [ 23.722415006776885, 37.961206883651904 ], [ 23.720394007689507, 37.959636642927336 ], [ 23.720338313874851, 37.959593369454282 ], [ 23.720316595372505, 37.959607139997267 ], [ 23.720316517777164, 37.959607189383718 ], [ 23.72029981211017, 37.959617781276457 ], [ 23.720296946609562, 37.959619651849387 ], [ 23.720107236637173, 37.95974350377768 ], [ 23.719913614832858, 37.959894879562725 ], [ 23.71880848568264, 37.960758863472719 ], [ 23.717921319187592, 37.961474221565084 ], [ 23.717866780664018, 37.961518198061704 ], [ 23.717650373184217, 37.961733988205516 ], [ 23.717624180237923, 37.96179250910847 ], [ 23.717671834842079, 37.961846182554858 ], [ 23.717674308200351, 37.96184865531724 ], [ 23.717726575370211, 37.961900909464426 ], [ 23.717710880412504, 37.961924698275176 ], [ 23.717305056772471, 37.962539812314688 ], [ 23.717151807275954, 37.962735541841603 ], [ 23.717139533235869, 37.96275121728543 ], [ 23.716072535786253, 37.963609377610375 ], [ 23.715737920201384, 37.96384741101631 ], [ 23.715713015664189, 37.963855213679622 ], [ 23.715138456812497, 37.964035231631499 ], [ 23.715134546303311, 37.964035828730076 ], [ 23.715049628030883, 37.964048781895947 ], [ 23.714983798668687, 37.964058822316986 ], [ 23.714815607985098, 37.964084476393204 ], [ 23.714761750443238, 37.96409269175907 ], [ 23.714556806684783, 37.964123950691743 ], [ 23.71420359599098, 37.96410957387301 ], [ 23.713852733670446, 37.964050689781828 ], [ 23.713852535004694, 37.964052306209823 ], [ 23.713835057912384, 37.964194300422193 ], [ 23.713829536932462, 37.964286608652031 ], [ 23.713866291398659, 37.96469226332102 ], [ 23.7130339406066, 37.96508246580018 ], [ 23.713205233166562, 37.965298254388657 ], [ 23.713239574496782, 37.965341517007197 ], [ 23.713245976469569, 37.965349582015115 ], [ 23.713275794205426, 37.96538714556803 ], [ 23.713622810217988, 37.965807089714247 ], [ 23.713717344352801, 37.96592448722928 ], [ 23.713985468590593, 37.966231577282137 ], [ 23.71401927229369, 37.966267802005639 ], [ 23.714107699932299, 37.966362561127497 ], [ 23.714411871178953, 37.966732827933903 ], [ 23.715320240361294, 37.966717080344679 ], [ 23.71532412505778, 37.966717013135238 ], [ 23.71533325415912, 37.966692009163992 ], [ 23.71533563250766, 37.966685495903405 ], [ 23.715358404980073, 37.966316022952199 ], [ 23.715477100059832, 37.966257726350989 ], [ 23.715829602461259, 37.965997204808851 ], [ 23.716222616194734, 37.96565566399272 ], [ 23.716942183811252, 37.965044521519168 ], [ 23.717319988483496, 37.96495530107461 ], [ 23.717587232381153, 37.964937917125411 ], [ 23.718221334002695, 37.965033945740451 ], [ 23.719159501771067, 37.965176015745058 ], [ 23.7202976538915, 37.965345465455727 ], [ 23.720744249551096, 37.965409616537265 ], [ 23.721090347580201, 37.965459310796533 ], [ 23.721370402394754, 37.965501229956786 ], [ 23.721399845978333, 37.965523831889968 ], [ 23.721951067139297, 37.96595775425385 ], [ 23.721975910635464, 37.965976722892698 ], [ 23.722294461369692, 37.966219938886091 ], [ 23.722531416655372, 37.966405262036112 ], [ 23.72307710007269, 37.966826403779777 ], [ 23.723081968812323, 37.966830168203252 ], [ 23.723603777097477, 37.967233612176145 ], [ 23.72369336797707, 37.967302879308853 ], [ 23.723824451211328, 37.967404227789125 ], [ 23.723824421325116, 37.967404608062481 ], [ 23.723809511436688, 37.967593463183093 ], [ 23.72378120486686, 37.96783674445917 ], [ 23.723759899067677, 37.9680434489687 ], [ 23.723701877369244, 37.968593639950996 ], [ 23.723601728225258, 37.969537645057116 ], [ 23.72248577909394, 37.969971789069774 ], [ 23.722473692008094, 37.969976491414698 ], [ 23.722445155489467, 37.969987592847495 ], [ 23.722407475434306, 37.970221880154504 ], [ 23.7244820724828, 37.969933881904289 ], [ 23.725019217453934, 37.969863035646554 ], [ 23.725735791558893, 37.969761060308294 ], [ 23.726887212721174, 37.969637558717189 ], [ 23.727797376598936, 37.969522500756959 ], [ 23.728773002318025, 37.969407584885232 ], [ 23.729181046741278, 37.969421953202442 ], [ 23.729183877839436, 37.969422052552254 ], [ 23.729395839991447, 37.969445072489371 ], [ 23.729359344584768, 37.969542933277495 ], [ 23.729358230402934, 37.969545921186963 ], [ 23.729308524504031, 37.969679206421489 ], [ 23.729307482864691, 37.969682901106893 ], [ 23.729306975316426, 37.969684699810593 ], [ 23.729162365168435, 37.970197329443295 ], [ 23.729158543108102, 37.970216869572511 ], [ 23.729157163493358, 37.970223924379624 ], [ 23.729112967031483, 37.970449904304914 ], [ 23.728991550508074, 37.970798972733654 ], [ 23.728985658979582, 37.970815912379734 ], [ 23.728987851264151, 37.970824415670094 ], [ 23.729027049715569, 37.97097647926114 ], [ 23.728951538089785, 37.9710708737977 ], [ 23.72895143868066, 37.97109791219296 ], [ 23.728957882452953, 37.971377326149714 ], [ 23.728921492712157, 37.971598057720406 ], [ 23.728839411118912, 37.971859241893078 ], [ 23.728772363533562, 37.971998786869811 ], [ 23.728768327629865, 37.972060922227321 ], [ 23.7287649723634, 37.97211259250377 ], [ 23.728764450969287, 37.972120621771602 ], [ 23.728764329102834, 37.972122489859224 ], [ 23.72876651323525, 37.972138472916427 ], [ 23.728738762984435, 37.972240699633552 ], [ 23.728679626700252, 37.972357029406041 ], [ 23.728587180872733, 37.972490639291692 ], [ 23.728491442138463, 37.972590827178458 ], [ 23.728436914204533, 37.972640356837459 ], [ 23.728251587750911, 37.972759999267474 ], [ 23.728279700909749, 37.972794928697859 ], [ 23.728288294097425, 37.972805606266732 ], [ 23.728304687130386, 37.972825973562131 ], [ 23.728096931489468, 37.972903021383225 ], [ 23.72793141314337, 37.972953388382756 ], [ 23.727707088479303, 37.973015622391777 ], [ 23.727702036061757, 37.973017023915524 ], [ 23.727693262428961, 37.973019457812178 ], [ 23.727504979892725, 37.973068389841501 ], [ 23.727504708992328, 37.973067752905294 ], [ 23.727481452613596, 37.973012962963587 ], [ 23.727464769981633, 37.972973661544202 ], [ 23.727416836791015, 37.972946511874106 ], [ 23.727383712450802, 37.972936411001875 ], [ 23.727267925179977, 37.972901102381591 ], [ 23.727265869773056, 37.972901493281505 ], [ 23.727092000959928, 37.972934558459507 ], [ 23.727060520914822, 37.972939788600208 ], [ 23.726998759317073, 37.972950048847984 ], [ 23.726934020295772, 37.972958176917103 ], [ 23.726893036980567, 37.972963322764883 ], [ 23.726839703647894, 37.972996442914095 ], [ 23.726658923354083, 37.972984677603172 ], [ 23.726572574541898, 37.972987852258321 ], [ 23.726342589046709, 37.972870608914313 ], [ 23.726083035549394, 37.97281690461805 ], [ 23.725876719352559, 37.972799562767214 ], [ 23.725873618890432, 37.972799302280862 ], [ 23.725844928240573, 37.972796890273386 ], [ 23.725539300193351, 37.972807728524877 ], [ 23.725219079359938, 37.972752841584239 ], [ 23.725219093515406, 37.97275362573712 ], [ 23.725220465749981, 37.972826861226743 ], [ 23.725220506503753, 37.972829062265127 ], [ 23.72522398869172, 37.973014957262997 ], [ 23.725224039508934, 37.97304011681134 ], [ 23.725224064843761, 37.973052563645446 ], [ 23.725224667541539, 37.973351497643534 ], [ 23.72522162229691, 37.973351385080058 ], [ 23.725094461988686, 37.973346687012089 ], [ 23.725053673159493, 37.973345996839015 ], [ 23.725033806430055, 37.973345357358411 ], [ 23.724718482036213, 37.973335213180881 ], [ 23.723401774520156, 37.973288642090083 ], [ 23.723400448605265, 37.973289112148244 ], [ 23.72215955247276, 37.973729323741409 ], [ 23.721597222448615, 37.973928805525958 ], [ 23.720624389932684, 37.974643496333158 ], [ 23.720529545711937, 37.97471317305277 ], [ 23.720443418721072, 37.974776445137465 ], [ 23.720443256588435, 37.974776564623319 ], [ 23.720435485709398, 37.974782272932366 ], [ 23.720453115629699, 37.974822497796218 ], [ 23.720935701661684, 37.975923588252151 ], [ 23.720939563831607, 37.975937116712778 ], [ 23.720943444202202, 37.975946138783556 ], [ 23.720948391438142, 37.975955163384917 ], [ 23.720953321615216, 37.975968694378466 ], [ 23.720958607036149, 37.975982226214455 ], [ 23.720969924763562, 37.976000278791489 ], [ 23.720991544542692, 37.976022862234693 ], [ 23.721012485686128, 37.97603643119875 ], [ 23.721030598537702, 37.976045487019178 ], [ 23.721060113283706, 37.976050063440454 ], [ 23.721075734893052, 37.976059113346722 ], [ 23.721085308275207, 37.976068148910912 ], [ 23.721089187531874, 37.976077170974065 ], [ 23.72106609405002, 37.976221956572516 ], [ 23.721064040216014, 37.976234836494953 ], [ 23.721063504873772, 37.976236091619 ], [ 23.72103328220415, 37.976306930472909 ], [ 23.721025626583206, 37.976324874057177 ], [ 23.721011399213396, 37.976343032784847 ], [ 23.721002124817957, 37.976354869917351 ], [ 23.721000809809386, 37.976356651345867 ], [ 23.720966897939306, 37.976423876285374 ], [ 23.721070046044339, 37.976433811537859 ], [ 23.721302666614488, 37.976456217270453 ], [ 23.721430758215813, 37.97659635887134 ], [ 23.721463174950312, 37.976631824644883 ], [ 23.721463745315912, 37.976632448784329 ], [ 23.721523682561024, 37.976698024985801 ], [ 23.721537367974037, 37.976712997106418 ], [ 23.721537956483719, 37.97671364111676 ], [ 23.721839662549812, 37.97653089533825 ], [ 23.721841808048644, 37.976529596249819 ], [ 23.721865715133685, 37.976556561586655 ], [ 23.721873040548417, 37.976564824776396 ], [ 23.722041992715909, 37.976755391048208 ], [ 23.722357730018985, 37.977061725948545 ], [ 23.722358528686392, 37.977062502038599 ], [ 23.722391197103676, 37.977094198067441 ], [ 23.722400567604755, 37.977140854542668 ], [ 23.722402035107084, 37.97714815932698 ], [ 23.722415646050713, 37.977215929428439 ], [ 23.722412957560241, 37.977216283599006 ], [ 23.722179620809335, 37.977246917271806 ], [ 23.722179675606149, 37.977247181478134 ], [ 23.72218052555159, 37.977251269917979 ], [ 23.722180707840561, 37.977252147300156 ], [ 23.722197331908816, 37.977332170319585 ], [ 23.722623901302001, 37.977637841442998 ], [ 23.722050754965654, 37.9781118477406 ], [ 23.722447392656974, 37.978329092949316 ], [ 23.721985493753724, 37.978636506183278 ], [ 23.721975093425101, 37.978643427815676 ], [ 23.721974422465607, 37.978642902582614 ], [ 23.721467408176107, 37.978245660899169 ], [ 23.721466215063437, 37.978247420088756 ], [ 23.721131771286515, 37.978740573117179 ], [ 23.72181172647463, 37.979314499757983 ], [ 23.721722801577023, 37.979399911606293 ], [ 23.721566861597044, 37.979611344829259 ], [ 23.721542799149635, 37.979669871463742 ], [ 23.721525905473843, 37.979714895773355 ], [ 23.721232608330986, 37.980115273345383 ], [ 23.720741455857805, 37.980799085658589 ], [ 23.720709080090479, 37.980844063171617 ], [ 23.720709208545177, 37.980844120257615 ], [ 23.721807206339275, 37.981331877003882 ], [ 23.721780840822923, 37.981369358607914 ], [ 23.721417028657974, 37.981877723999553 ], [ 23.720884028145935, 37.982615514704847 ], [ 23.720505156668334, 37.983150879978901 ], [ 23.720355947483792, 37.983366833863158 ], [ 23.719842209975759, 37.984086639714008 ], [ 23.719307719876724, 37.984833432253396 ], [ 23.719288313617504, 37.984928135349833 ], [ 23.719287414366931, 37.98493252516645 ], [ 23.719270207915987, 37.98505866402482 ], [ 23.71924981644236, 37.985180288850408 ], [ 23.718785547247784, 37.985892875031375 ], [ 23.718428783511978, 37.986368330844137 ], [ 23.71816652100032, 37.986741346633913 ], [ 23.717995224734388, 37.986942126294757 ], [ 23.717995463064483, 37.986942338668065 ], [ 23.718042336618652, 37.986984193141573 ], [ 23.718214799794897, 37.987053862947896 ], [ 23.718253208494829, 37.987106571960751 ], [ 23.718309152416296, 37.987183343997749 ], [ 23.71842391040439, 37.987254627387529 ], [ 23.718867950638867, 37.987622315022335 ], [ 23.719290228231912, 37.987649906022469 ], [ 23.720005763216577, 37.987719153723646 ], [ 23.720006002274246, 37.98771917682479 ], [ 23.720006333538663, 37.987719209158314 ], [ 23.720033799196319, 37.987803924999355 ], [ 23.719998236268392, 37.987860475279028 ], [ 23.719884657955827, 37.988041078277845 ], [ 23.719839962001789, 37.98829520080357 ], [ 23.719866702737477, 37.988419926579098 ], [ 23.720077570273254, 37.989403458763405 ], [ 23.720180322775338, 37.989882706195552 ], [ 23.720295592675264, 37.990360661083308 ], [ 23.720322568377004, 37.990473385770137 ], [ 23.720308557538306, 37.990503331875729 ], [ 23.720274130286988, 37.9905769182838 ], [ 23.720302027015116, 37.990703229318505 ], [ 23.720325911209084, 37.990811375332882 ], [ 23.720407148595026, 37.990973799633068 ], [ 23.720452681969135, 37.991073049126072 ], [ 23.72067412924714, 37.991519710904804 ], [ 23.720823664485625, 37.991742964311271 ], [ 23.720991567839334, 37.991993638498883 ], [ 23.721037797337548, 37.992097395822007 ], [ 23.721023524578928, 37.992201009640375 ], [ 23.721034060680687, 37.992278158409007 ], [ 23.721034675771357, 37.992278130125456 ], [ 23.721218338770559, 37.992269587889972 ], [ 23.721321165019233, 37.992264805098948 ], [ 23.721345508979336, 37.992263673079393 ], [ 23.7214437334145, 37.992259104600052 ], [ 23.721556237075216, 37.992253871347458 ], [ 23.721874320189791, 37.992239075861285 ], [ 23.722298625898762, 37.992217546301553 ], [ 23.723105258563663, 37.992169877352552 ], [ 23.723333943922398, 37.992116338435387 ], [ 23.724330195745488, 37.992087132629862 ], [ 23.725073427051726, 37.992052820829443 ], [ 23.726044476901908, 37.9920055159076 ], [ 23.726943262875853, 37.991962541650402 ], [ 23.726943306155263, 37.991962540849592 ], [ 23.726943950804372, 37.991962525221737 ], [ 23.726946355144349, 37.991962465910873 ], [ 23.726950647874567, 37.991962360511799 ], [ 23.727111259044129, 37.991958425110042 ], [ 23.72791106892285, 37.99182959177903 ], [ 23.728644985342079, 37.991714120268128 ], [ 23.729059470511725, 37.991651985859079 ], [ 23.72984502060153, 37.9915276129341 ], [ 23.730769857661226, 37.991381497426786 ], [ 23.731082094882151, 37.991332165185121 ], [ 23.731131229190506, 37.991534359888988 ], [ 23.731137579696803, 37.991560490922325 ], [ 23.731169750761048, 37.991692879307195 ], [ 23.731271511549359, 37.992089676940623 ], [ 23.731369714507856, 37.992486466335187 ], [ 23.731470410334442, 37.992883261313686 ], [ 23.731916173700753, 37.994691352641368 ], [ 23.732005923802419, 37.995065589976015 ], [ 23.732141982464423, 37.995624695862418 ], [ 23.732223251336872, 37.995617275880321 ], [ 23.732239572784394, 37.995615785361736 ], [ 23.73233459284998, 37.995607108672367 ], [ 23.733230528050736, 37.99547845800884 ], [ 23.733490486096624, 37.995438489561288 ], [ 23.73358109803781, 37.995380111395107 ], [ 23.733910059354404, 37.995326966508557 ], [ 23.735699268806304, 37.995037895933663 ], [ 23.735768448271255, 37.995026378838709 ], [ 23.735769225464448, 37.995026249898515 ], [ 23.736108438824086, 37.994969778122929 ], [ 23.736428087841805, 37.994917390309311 ], [ 23.736615556695686, 37.994886733087696 ], [ 23.737641863434245, 37.994722289291516 ] ] ] } },
{ "type": "Feature", "properties": { "muni_id": 2, "year": 2050, "kwh_per_user_muni": 1041.8337733594001, "ac_share_muni": 0.71280525226300284, "kwh_pc_overall": 742.62459003055505, "kwh_muni": 70177796.102050781 }, "geometry": { "type": "Polygon", "coordinates": [ [ [ 23.741176117930767, 37.975541750679781 ], [ 23.742030811082891, 37.975430967164037 ], [ 23.742584702196684, 37.975360077523369 ], [ 23.742752522137028, 37.975346111457405 ], [ 23.74300681736295, 37.975324948951418 ], [ 23.743122130834866, 37.975316187938077 ], [ 23.743433909072468, 37.975393477731807 ], [ 23.744368920333685, 37.97561632858114 ], [ 23.745783355495313, 37.975949586504584 ], [ 23.745797417245353, 37.975952900279957 ], [ 23.745808376928967, 37.9759233428206 ], [ 23.74581798502911, 37.97589743175088 ], [ 23.746393354289953, 37.974345708002254 ], [ 23.746418356102467, 37.974278278012669 ], [ 23.746453576918487, 37.974183287045456 ], [ 23.746501941992427, 37.974053024571418 ], [ 23.746550152910132, 37.973923173630567 ], [ 23.746550542500628, 37.973922122667595 ], [ 23.746901412928494, 37.973890225337676 ], [ 23.747914083569285, 37.973789859339782 ], [ 23.748681452947672, 37.973714891769994 ], [ 23.749443498527448, 37.973635401415422 ], [ 23.750237550405526, 37.973560480515395 ], [ 23.750237261872787, 37.9735586043236 ], [ 23.750173531799387, 37.973144297651942 ], [ 23.750110392851585, 37.972733829855635 ], [ 23.750025604128606, 37.97218261147232 ], [ 23.750464920314517, 37.971702843240458 ], [ 23.750958314829877, 37.971164007450859 ], [ 23.7512233325909, 37.970874424682208 ], [ 23.751638954882296, 37.970416080424087 ], [ 23.751664717406758, 37.970387669431119 ], [ 23.75225783505973, 37.969733571789398 ], [ 23.752617866373502, 37.969320959020614 ], [ 23.7527612724904, 37.969156607754428 ], [ 23.753459714448582, 37.968353919782309 ], [ 23.754109683091368, 37.967631776224373 ], [ 23.755126779524758, 37.966536415700205 ], [ 23.755771266679357, 37.965852556958097 ], [ 23.755379182747141, 37.965634391176287 ], [ 23.755010083683221, 37.965429012566837 ], [ 23.754596326366304, 37.965198782148022 ], [ 23.75400008534578, 37.964867005477402 ], [ 23.752905736093034, 37.964258041968883 ], [ 23.752231616877094, 37.964299412007797 ], [ 23.752221576186098, 37.964300019961506 ], [ 23.751179060791074, 37.964362727856845 ], [ 23.751059531017628, 37.964405716136291 ], [ 23.750711694441019, 37.96441245040166 ], [ 23.750675628234532, 37.964399552239584 ], [ 23.750207970319021, 37.964114750678355 ], [ 23.749719168055208, 37.963817067014062 ], [ 23.749155941401291, 37.96351567698072 ], [ 23.748725091380088, 37.963285119947564 ], [ 23.748301141291677, 37.963072682989974 ], [ 23.747660346915332, 37.962690909580274 ], [ 23.746603391747552, 37.962065789394586 ], [ 23.746520984855277, 37.962022016521701 ], [ 23.745986287295871, 37.961737990091784 ], [ 23.74552557823209, 37.961480761586749 ], [ 23.74505175317648, 37.961211829351008 ], [ 23.744550121137863, 37.960932033776778 ], [ 23.745416309252168, 37.959983619657727 ], [ 23.745921512407499, 37.959430443923402 ], [ 23.746461993962015, 37.958838628889175 ], [ 23.746701393614543, 37.958567002813112 ], [ 23.747306871769723, 37.957879053332505 ], [ 23.747703196672845, 37.957428737076619 ], [ 23.747552634060085, 37.957284493443602 ], [ 23.746934381691418, 37.95669218314265 ], [ 23.746673737205565, 37.956760490712391 ], [ 23.746510887280763, 37.956803168455487 ], [ 23.745965025244221, 37.956944233630047 ], [ 23.745713797189541, 37.957007975437875 ], [ 23.745631273372133, 37.956532827151008 ], [ 23.745579223789111, 37.956385454636987 ], [ 23.745290794502857, 37.955853069447741 ], [ 23.745021866734071, 37.955948111135534 ], [ 23.744647883598361, 37.956080279120663 ], [ 23.744150765826564, 37.956261606766141 ], [ 23.743767340434086, 37.956388942124619 ], [ 23.743444826391357, 37.956324934510782 ], [ 23.742936947890996, 37.95622413518911 ], [ 23.742405206936617, 37.956126417022425 ], [ 23.741927918210909, 37.956038703954327 ], [ 23.741020548486798, 37.955871947197821 ], [ 23.740392983532203, 37.955756607772969 ], [ 23.740116140932763, 37.955708203901537 ], [ 23.739998579579058, 37.955990952844985 ], [ 23.739847339524303, 37.956354702731126 ], [ 23.738718255353604, 37.956270961229045 ], [ 23.737466197842231, 37.956165983178572 ], [ 23.737141816378941, 37.956138782636103 ], [ 23.736677031438582, 37.956099808055001 ], [ 23.736158006231435, 37.956056282883665 ], [ 23.735736084631728, 37.95602089950485 ], [ 23.73587316326725, 37.955674988491481 ], [ 23.735829381986189, 37.955662659695484 ], [ 23.735479822519935, 37.955564221367212 ], [ 23.735473238460955, 37.955562367031874 ], [ 23.734873155696242, 37.955393375521616 ], [ 23.734061488304597, 37.95516577600889 ], [ 23.734050257480686, 37.955203169481528 ], [ 23.734011109121976, 37.955302408552612 ], [ 23.733983298080631, 37.955372906769675 ], [ 23.733790753910029, 37.955638582554919 ], [ 23.733789967986528, 37.955639667732378 ], [ 23.73354713741826, 37.955780759378754 ], [ 23.73332115088893, 37.955653787396173 ], [ 23.732309177379488, 37.955085192650586 ], [ 23.731227083852083, 37.954600535598743 ], [ 23.731158158518721, 37.954577845879022 ], [ 23.731054761814498, 37.954546064428961 ], [ 23.730885062079135, 37.954455547401686 ], [ 23.730817800428856, 37.954365363673503 ], [ 23.730522489157259, 37.954220467755128 ], [ 23.73047602628052, 37.954197670451947 ], [ 23.729917808899419, 37.954294477817065 ], [ 23.729860101700993, 37.954304485753575 ], [ 23.729839357089215, 37.954315255406833 ], [ 23.729652683833894, 37.954412164159322 ], [ 23.729562432385325, 37.954337336245409 ], [ 23.729526888602745, 37.954307866178418 ], [ 23.729320034800978, 37.954136362582332 ], [ 23.729289742048348, 37.954110614233045 ], [ 23.728891606634054, 37.953764550288241 ], [ 23.7288583435665, 37.953735636861893 ], [ 23.728855103039873, 37.953732820072844 ], [ 23.728572405460994, 37.953487093950791 ], [ 23.728538813599293, 37.953457894866929 ], [ 23.727542081412032, 37.952591494342677 ], [ 23.727476446940699, 37.952534441180035 ], [ 23.726818690292468, 37.952685753069602 ], [ 23.726615260084419, 37.95273255235098 ], [ 23.726612245711507, 37.952733245649604 ], [ 23.726480673228046, 37.95255768036737 ], [ 23.725634608489369, 37.951422297358945 ], [ 23.72540417728008, 37.951079305489536 ], [ 23.725173814987919, 37.950736413356239 ], [ 23.724948453438515, 37.950400959980684 ], [ 23.724848424401316, 37.950264423031427 ], [ 23.724816679417998, 37.950229719405179 ], [ 23.724612663870875, 37.950006685497044 ], [ 23.72453059898443, 37.949950967586645 ], [ 23.72433179108906, 37.949861695107863 ], [ 23.724027421740782, 37.949672450545705 ], [ 23.723732013757935, 37.949443105277517 ], [ 23.72346822113871, 37.94923830270934 ], [ 23.723199216327224, 37.949029450402215 ], [ 23.722949746564364, 37.94883576532996 ], [ 23.722020161472805, 37.949608527884259 ], [ 23.721688779506913, 37.949860105911014 ], [ 23.721104835730447, 37.950318061489064 ], [ 23.721104429321677, 37.9503183804839 ], [ 23.720181597478458, 37.951009935296604 ], [ 23.720076629354399, 37.951088595398403 ], [ 23.71931718857309, 37.951693104951808 ], [ 23.718635384491915, 37.952274762729445 ], [ 23.717917659228242, 37.952847134506612 ], [ 23.717800531590228, 37.952942520178127 ], [ 23.717162699532029, 37.953461949614059 ], [ 23.716980243696021, 37.953610532862612 ], [ 23.71655079195676, 37.953960255873689 ], [ 23.716176975046039, 37.954264668474643 ], [ 23.715738876381504, 37.954621422908659 ], [ 23.715725942531527, 37.954631955677499 ], [ 23.715033247185026, 37.955196024087293 ], [ 23.714917414057656, 37.955284986482695 ], [ 23.714872964041515, 37.955319124174807 ], [ 23.717549781815762, 37.957439104509412 ], [ 23.718454206194828, 37.95813977145437 ], [ 23.720338267339486, 37.959593333292098 ], [ 23.720338313874851, 37.959593369454282 ], [ 23.720394007689507, 37.959636642927336 ], [ 23.722415006776885, 37.961206883651904 ], [ 23.72250879908071, 37.961279754195139 ], [ 23.722711082077907, 37.961437253663526 ], [ 23.72390405801649, 37.962366970813903 ], [ 23.724575787976907, 37.962890380603241 ], [ 23.724576081969463, 37.962890609317512 ], [ 23.724647093180263, 37.962945843370626 ], [ 23.726316257883607, 37.964244120071072 ], [ 23.727502079973995, 37.965166322020458 ], [ 23.728659862636601, 37.966066684744575 ], [ 23.730290944283691, 37.967335056199282 ], [ 23.731470350476972, 37.968252151383702 ], [ 23.731602888571231, 37.968385399211733 ], [ 23.731602912351356, 37.968385434416184 ], [ 23.731618466714611, 37.968410680727217 ], [ 23.731664137274752, 37.968484808584577 ], [ 23.731699563844042, 37.969692081518403 ], [ 23.731692482209279, 37.969936440520691 ], [ 23.731701870818483, 37.970053642852257 ], [ 23.731732356141208, 37.97015708826715 ], [ 23.731806705791836, 37.970265705224257 ], [ 23.732044628458684, 37.970428701772953 ], [ 23.732354004893761, 37.970516400115152 ], [ 23.73261474909086, 37.970634491199156 ], [ 23.732855338379203, 37.970826848001238 ], [ 23.732898271872489, 37.97087565827848 ], [ 23.733876643718467, 37.971987912064172 ], [ 23.73393158651686, 37.972076234524593 ], [ 23.734124157217661, 37.972318900803629 ], [ 23.73481604734377, 37.973086134907327 ], [ 23.735082196143537, 37.973409709039899 ], [ 23.735158950777102, 37.973583897890322 ], [ 23.73531048095893, 37.973993525152494 ], [ 23.735450725685595, 37.974788714540693 ], [ 23.735612540867191, 37.974766141469544 ], [ 23.735728101600287, 37.974750020237607 ], [ 23.736308386270473, 37.974673334026789 ], [ 23.73630836948843, 37.974673251070776 ], [ 23.736305663385934, 37.974659476042532 ], [ 23.736434843805704, 37.974642333743297 ], [ 23.7364371926861, 37.974642021752786 ], [ 23.736447378469986, 37.974686925964683 ], [ 23.736447583604082, 37.974687828612581 ], [ 23.737364503924596, 37.974561837008302 ], [ 23.737366424520609, 37.974561572712581 ], [ 23.737565503309753, 37.974534216793707 ], [ 23.737566337160985, 37.974534102387871 ], [ 23.737567816905432, 37.97453389929418 ], [ 23.737803563545508, 37.975608025448913 ], [ 23.737803770831647, 37.975608968657049 ], [ 23.737967117621107, 37.975587929755875 ], [ 23.737969277397344, 37.975587651562527 ], [ 23.73802093456332, 37.97580742195521 ], [ 23.738020960360213, 37.975807531969664 ], [ 23.738051265845581, 37.975956083769034 ], [ 23.738416212800107, 37.975905173693235 ], [ 23.739086169108123, 37.975816532832035 ], [ 23.739103861040849, 37.975814197179275 ], [ 23.740563483167652, 37.97562151701468 ], [ 23.741176117930767, 37.975541750679781 ] ] ] } },
{ "type": "Feature", "properties": { "muni_id": 3, "year": 2050, "kwh_per_user_muni": 1043.1240023593862, "ac_share_muni": 0.5451958530945632, "kwh_pc_overall": 568.7068829756364, "kwh_muni": 40313140.39666748 }, "geometry": { "type": "Polygon", "coordinates": [ [ [ 23.706754804427288, 37.988065458548057 ], [ 23.70749920113872, 37.988535979904384 ], [ 23.707812142025364, 37.98823482740832 ], [ 23.708208319566833, 37.987852764968771 ], [ 23.708693850442842, 37.98737178118138 ], [ 23.708977120708816, 37.987102096988245 ], [ 23.70904211942203, 37.987043674284102 ], [ 23.709618848099549, 37.986716130544949 ], [ 23.710198438218615, 37.986474213053498 ], [ 23.711041020753484, 37.986138304136759 ], [ 23.711135162153923, 37.986088964697956 ], [ 23.711340561136399, 37.985981314748543 ], [ 23.711697037621686, 37.985824464154298 ], [ 23.7119936227908, 37.985694504394445 ], [ 23.712585089828632, 37.985961830133235 ], [ 23.713013536521874, 37.986147639632406 ], [ 23.713332664462445, 37.985711294630718 ], [ 23.713895007418806, 37.98596502353503 ], [ 23.714253008766786, 37.986127689716568 ], [ 23.715076201595238, 37.986495142276269 ], [ 23.715668752205907, 37.986762455124925 ], [ 23.715695673526589, 37.986774662305962 ], [ 23.715708438481155, 37.986780449664337 ], [ 23.71662994061608, 37.987198264662915 ], [ 23.716637694712329, 37.987201780327737 ], [ 23.716687957095896, 37.987224569612437 ], [ 23.717514266309685, 37.987600590111299 ], [ 23.717778145010975, 37.987222632566045 ], [ 23.717878317582642, 37.987135254467383 ], [ 23.717906889304746, 37.987110332166949 ], [ 23.717912466305943, 37.98710546778829 ], [ 23.717951195659612, 37.987071684970559 ], [ 23.717973002230497, 37.987049044708101 ], [ 23.718014759715413, 37.987005692978144 ], [ 23.718042336618652, 37.986984193141573 ], [ 23.717995463064483, 37.986942338668065 ], [ 23.717995224734388, 37.986942126294757 ], [ 23.71816652100032, 37.986741346633913 ], [ 23.718428783511978, 37.986368330844137 ], [ 23.718785547247784, 37.985892875031375 ], [ 23.71924981644236, 37.985180288850408 ], [ 23.719270207915987, 37.98505866402482 ], [ 23.719287414366931, 37.98493252516645 ], [ 23.719288313617504, 37.984928135349833 ], [ 23.719307719876724, 37.984833432253396 ], [ 23.719842209975759, 37.984086639714008 ], [ 23.720355947483792, 37.983366833863158 ], [ 23.720505156668334, 37.983150879978901 ], [ 23.720884028145935, 37.982615514704847 ], [ 23.721417028657974, 37.981877723999553 ], [ 23.721780840822923, 37.981369358607914 ], [ 23.721807206339275, 37.981331877003882 ], [ 23.720709208545177, 37.980844120257615 ], [ 23.720709080090479, 37.980844063171617 ], [ 23.720741455857805, 37.980799085658589 ], [ 23.721232608330986, 37.980115273345383 ], [ 23.721525905473843, 37.979714895773355 ], [ 23.721542799149635, 37.979669871463742 ], [ 23.721566861597044, 37.979611344829259 ], [ 23.721722801577023, 37.979399911606293 ], [ 23.72181172647463, 37.979314499757983 ], [ 23.721131771286515, 37.978740573117179 ], [ 23.721466215063437, 37.978247420088756 ], [ 23.721467408176107, 37.978245660899169 ], [ 23.721974422465607, 37.978642902582614 ], [ 23.721975093425101, 37.978643427815676 ], [ 23.721985493753724, 37.978636506183278 ], [ 23.722447392656974, 37.978329092949316 ], [ 23.722050754965654, 37.9781118477406 ], [ 23.722623901302001, 37.977637841442998 ], [ 23.722197331908816, 37.977332170319585 ], [ 23.722180707840561, 37.977252147300156 ], [ 23.72218052555159, 37.977251269917979 ], [ 23.722179675606149, 37.977247181478134 ], [ 23.722179620809335, 37.977246917271806 ], [ 23.722412957560241, 37.977216283599006 ], [ 23.722415646050713, 37.977215929428439 ], [ 23.722402035107084, 37.97714815932698 ], [ 23.722400567604755, 37.977140854542668 ], [ 23.722391197103676, 37.977094198067441 ], [ 23.722358528686392, 37.977062502038599 ], [ 23.722357730018985, 37.977061725948545 ], [ 23.722041992715909, 37.976755391048208 ], [ 23.721873040548417, 37.976564824776396 ], [ 23.721865715133685, 37.976556561586655 ], [ 23.721841808048644, 37.976529596249819 ], [ 23.721839662549812, 37.97653089533825 ], [ 23.721537956483719, 37.97671364111676 ], [ 23.721537367974037, 37.976712997106418 ], [ 23.721523682561024, 37.976698024985801 ], [ 23.721463745315912, 37.976632448784329 ], [ 23.721463174950312, 37.976631824644883 ], [ 23.721430758215813, 37.97659635887134 ], [ 23.721302666614488, 37.976456217270453 ], [ 23.721070046044339, 37.976433811537859 ], [ 23.720966897939306, 37.976423876285374 ], [ 23.721000809809386, 37.976356651345867 ], [ 23.721002124817957, 37.976354869917351 ], [ 23.721011399213396, 37.976343032784847 ], [ 23.721025626583206, 37.976324874057177 ], [ 23.72103328220415, 37.976306930472909 ], [ 23.721063504873772, 37.976236091619 ], [ 23.721064040216014, 37.976234836494953 ], [ 23.72106609405002, 37.976221956572516 ], [ 23.721089187531874, 37.976077170974065 ], [ 23.721085308275207, 37.976068148910912 ], [ 23.721075734893052, 37.976059113346722 ], [ 23.721060113283706, 37.976050063440454 ], [ 23.721030598537702, 37.976045487019178 ], [ 23.721012485686128, 37.97603643119875 ], [ 23.720991544542692, 37.976022862234693 ], [ 23.720969924763562, 37.976000278791489 ], [ 23.720958607036149, 37.975982226214455 ], [ 23.720953321615216, 37.975968694378466 ], [ 23.720948391438142, 37.975955163384917 ], [ 23.720943444202202, 37.975946138783556 ], [ 23.720939563831607, 37.975937116712778 ], [ 23.720935701661684, 37.975923588252151 ], [ 23.720453115629699, 37.974822497796218 ], [ 23.720435485709398, 37.974782272932366 ], [ 23.720443256588435, 37.974776564623319 ], [ 23.720443418721072, 37.974776445137465 ], [ 23.720529545711937, 37.97471317305277 ], [ 23.720624389932684, 37.974643496333158 ], [ 23.721597222448615, 37.973928805525958 ], [ 23.72215955247276, 37.973729323741409 ], [ 23.723400448605265, 37.973289112148244 ], [ 23.723401774520156, 37.973288642090083 ], [ 23.724718482036213, 37.973335213180881 ], [ 23.725033806430055, 37.973345357358411 ], [ 23.725053673159493, 37.973345996839015 ], [ 23.725094461988686, 37.973346687012089 ], [ 23.72522162229691, 37.973351385080058 ], [ 23.725224667541539, 37.973351497643534 ], [ 23.725224064843761, 37.973052563645446 ], [ 23.725224039508934, 37.97304011681134 ], [ 23.72522398869172, 37.973014957262997 ], [ 23.725220506503753, 37.972829062265127 ], [ 23.725220465749981, 37.972826861226743 ], [ 23.725219093515406, 37.97275362573712 ], [ 23.725219079359938, 37.972752841584239 ], [ 23.725539300193351, 37.972807728524877 ], [ 23.725844928240573, 37.972796890273386 ], [ 23.725873618890432, 37.972799302280862 ], [ 23.725876719352559, 37.972799562767214 ], [ 23.726083035549394, 37.97281690461805 ], [ 23.726342589046709, 37.972870608914313 ], [ 23.726572574541898, 37.972987852258321 ], [ 23.726658923354083, 37.972984677603172 ], [ 23.726839703647894, 37.972996442914095 ], [ 23.726893036980567, 37.972963322764883 ], [ 23.726934020295772, 37.972958176917103 ], [ 23.726998759317073, 37.972950048847984 ], [ 23.727060520914822, 37.972939788600208 ], [ 23.727092000959928, 37.972934558459507 ], [ 23.727265869773056, 37.972901493281505 ], [ 23.727267925179977, 37.972901102381591 ], [ 23.727383712450802, 37.972936411001875 ], [ 23.727416836791015, 37.972946511874106 ], [ 23.727464769981633, 37.972973661544202 ], [ 23.727481452613596, 37.973012962963587 ], [ 23.727504708992328, 37.973067752905294 ], [ 23.727504979892725, 37.973068389841501 ], [ 23.727693262428961, 37.973019457812178 ], [ 23.727702036061757, 37.973017023915524 ], [ 23.727707088479303, 37.973015622391777 ], [ 23.72793141314337, 37.972953388382756 ], [ 23.728096931489468, 37.972903021383225 ], [ 23.728304687130386, 37.972825973562131 ], [ 23.728288294097425, 37.972805606266732 ], [ 23.728279700909749, 37.972794928697859 ], [ 23.728251587750911, 37.972759999267474 ], [ 23.728436914204533, 37.972640356837459 ], [ 23.728491442138463, 37.972590827178458 ], [ 23.728587180872733, 37.972490639291692 ], [ 23.728679626700252, 37.972357029406041 ], [ 23.728738762984435, 37.972240699633552 ], [ 23.72876651323525, 37.972138472916427 ], [ 23.728764329102834, 37.972122489859224 ], [ 23.728764450969287, 37.972120621771602 ], [ 23.7287649723634, 37.97211259250377 ], [ 23.728768327629865, 37.972060922227321 ], [ 23.728772363533562, 37.971998786869811 ], [ 23.728839411118912, 37.971859241893078 ], [ 23.728921492712157, 37.971598057720406 ], [ 23.728957882452953, 37.971377326149714 ], [ 23.72895143868066, 37.97109791219296 ], [ 23.728951538089785, 37.9710708737977 ], [ 23.729027049715569, 37.97097647926114 ], [ 23.728987851264151, 37.970824415670094 ], [ 23.728985658979582, 37.970815912379734 ], [ 23.728991550508074, 37.970798972733654 ], [ 23.729112967031483, 37.970449904304914 ], [ 23.729157163493358, 37.970223924379624 ], [ 23.729158543108102, 37.970216869572511 ], [ 23.729162365168435, 37.970197329443295 ], [ 23.729306975316426, 37.969684699810593 ], [ 23.729307482864691, 37.969682901106893 ], [ 23.729308524504031, 37.969679206421489 ], [ 23.729358230402934, 37.969545921186963 ], [ 23.729359344584768, 37.969542933277495 ], [ 23.729395839991447, 37.969445072489371 ], [ 23.729183877839436, 37.969422052552254 ], [ 23.729181046741278, 37.969421953202442 ], [ 23.728773002318025, 37.969407584885232 ], [ 23.727797376598936, 37.969522500756959 ], [ 23.726887212721174, 37.969637558717189 ], [ 23.725735791558893, 37.969761060308294 ], [ 23.725019217453934, 37.969863035646554 ], [ 23.7244820724828, 37.969933881904289 ], [ 23.722407475434306, 37.970221880154504 ], [ 23.722445155489467, 37.969987592847495 ], [ 23.722473692008094, 37.969976491414698 ], [ 23.72248577909394, 37.969971789069774 ], [ 23.723601728225258, 37.969537645057116 ], [ 23.723701877369244, 37.968593639950996 ], [ 23.723759899067677, 37.9680434489687 ], [ 23.72378120486686, 37.96783674445917 ], [ 23.723809511436688, 37.967593463183093 ], [ 23.723824421325116, 37.967404608062481 ], [ 23.723824451211328, 37.967404227789125 ], [ 23.72369336797707, 37.967302879308853 ], [ 23.723603777097477, 37.967233612176145 ], [ 23.723081968812323, 37.966830168203252 ], [ 23.72307710007269, 37.966826403779777 ], [ 23.722531416655372, 37.966405262036112 ], [ 23.722294461369692, 37.966219938886091 ], [ 23.721975910635464, 37.965976722892698 ], [ 23.721951067139297, 37.96595775425385 ], [ 23.721399845978333, 37.965523831889968 ], [ 23.721370402394754, 37.965501229956786 ], [ 23.721090347580201, 37.965459310796533 ], [ 23.720744249551096, 37.965409616537265 ], [ 23.7202976538915, 37.965345465455727 ], [ 23.719159501771067, 37.965176015745058 ], [ 23.718221334002695, 37.965033945740451 ], [ 23.717587232381153, 37.964937917125411 ], [ 23.717319988483496, 37.96495530107461 ], [ 23.716942183811252, 37.965044521519168 ], [ 23.716222616194734, 37.96565566399272 ], [ 23.715829602461259, 37.965997204808851 ], [ 23.715477100059832, 37.966257726350989 ], [ 23.715358404980073, 37.966316022952199 ], [ 23.71533563250766, 37.966685495903405 ], [ 23.71533325415912, 37.966692009163992 ], [ 23.71532412505778, 37.966717013135238 ], [ 23.715320240361294, 37.966717080344679 ], [ 23.714411871178953, 37.966732827933903 ], [ 23.714107699932299, 37.966362561127497 ], [ 23.71401927229369, 37.966267802005639 ], [ 23.713985468590593, 37.966231577282137 ], [ 23.713717344352801, 37.96592448722928 ], [ 23.713622810217988, 37.965807089714247 ], [ 23.713275794205426, 37.96538714556803 ], [ 23.713245976469569, 37.965349582015115 ], [ 23.713239574496782, 37.965341517007197 ], [ 23.713205233166562, 37.965298254388657 ], [ 23.7130339406066, 37.96508246580018 ], [ 23.713866291398659, 37.96469226332102 ], [ 23.713829536932462, 37.964286608652031 ], [ 23.713835057912384, 37.964194300422193 ], [ 23.713852535004694, 37.964052306209823 ], [ 23.713852733670446, 37.964050689781828 ], [ 23.713791187400613, 37.964040360022061 ], [ 23.713004765743634, 37.963908372129886 ], [ 23.712335937706406, 37.963798513795318 ], [ 23.712085724713774, 37.963757414065284 ], [ 23.711970212437684, 37.96374237543403 ], [ 23.711415466538853, 37.96367014950718 ], [ 23.710402178462544, 37.963604569465282 ], [ 23.708635909368752, 37.963501066798948 ], [ 23.708418492775174, 37.963514047483763 ], [ 23.708218044026605, 37.96355410849678 ], [ 23.707562636829884, 37.963940035134712 ], [ 23.707328334318653, 37.964083658609887 ], [ 23.707204282729965, 37.964146440116579 ], [ 23.706445897367061, 37.964586145380032 ], [ 23.706445835748926, 37.964586181277816 ], [ 23.706388168512976, 37.964633656026841 ], [ 23.706340057818704, 37.964673256614248 ], [ 23.706322622502505, 37.964687608465674 ], [ 23.706239067674993, 37.964756384450475 ], [ 23.706183849033827, 37.964801836412178 ], [ 23.70589749265055, 37.964972365636292 ], [ 23.705524097037792, 37.965201260044296 ], [ 23.705343965794548, 37.96531078058262 ], [ 23.704815471831004, 37.965632102397684 ], [ 23.704247353528505, 37.965977671400225 ], [ 23.703570485740649, 37.966381547372173 ], [ 23.703570426396514, 37.966381583274156 ], [ 23.702622555610578, 37.966951472764421 ], [ 23.702166016850388, 37.967220344538248 ], [ 23.702138112574108, 37.967236778270141 ], [ 23.702058740749056, 37.967283522651208 ], [ 23.701289822838145, 37.967745735901872 ], [ 23.700819353484519, 37.968041965261449 ], [ 23.699548860263651, 37.968831860291417 ], [ 23.699800809541994, 37.969008248175264 ], [ 23.699926076794682, 37.969095946654541 ], [ 23.700768406328351, 37.969440634472271 ], [ 23.701818651335259, 37.969769925787595 ], [ 23.702110743371311, 37.969887604167766 ], [ 23.702312162732781, 37.969986977103353 ], [ 23.702469371959353, 37.970084904886683 ], [ 23.702767616845833, 37.970282145695421 ], [ 23.702808701178235, 37.970309316944167 ], [ 23.703660040111227, 37.970872328254295 ], [ 23.704225785818718, 37.971247172329051 ], [ 23.705102389997041, 37.971826156095958 ], [ 23.705560646266655, 37.972129193583676 ], [ 23.705520389763027, 37.972172174332847 ], [ 23.705520356601461, 37.972172210301309 ], [ 23.704100787067762, 37.973687814805956 ], [ 23.704775027649664, 37.974311396519539 ], [ 23.705212006236923, 37.974667718190709 ], [ 23.705263439257799, 37.974709657743375 ], [ 23.705321837146517, 37.97475727570037 ], [ 23.705346014803315, 37.974776990615283 ], [ 23.705737997355786, 37.975071368451708 ], [ 23.705770046019687, 37.975095436352213 ], [ 23.705773483376134, 37.975098017220894 ], [ 23.70573577845461, 37.975111529631775 ], [ 23.705690977902581, 37.975127584833544 ], [ 23.705544787329643, 37.975179975801325 ], [ 23.705500282012608, 37.975195925317287 ], [ 23.705498759808187, 37.975196471291262 ], [ 23.705487773593386, 37.975211269948566 ], [ 23.705487174884396, 37.975212076903567 ], [ 23.70548517384908, 37.975214773049181 ], [ 23.70546870881773, 37.975236953944098 ], [ 23.705296728352611, 37.975268068254017 ], [ 23.705080644496224, 37.975294565321235 ], [ 23.70476675004571, 37.975311803695789 ], [ 23.704409448053553, 37.975328932169973 ], [ 23.704241114283498, 37.975337521939359 ], [ 23.703656003340374, 37.975376607318807 ], [ 23.702925413352194, 37.975491931830618 ], [ 23.702697057044329, 37.975473329208619 ], [ 23.700576173626811, 37.975621168710241 ], [ 23.697602123331553, 37.975748754188089 ], [ 23.696784816126254, 37.97578201415498 ], [ 23.696273311284841, 37.975800255234539 ], [ 23.696059784962749, 37.975807869393059 ], [ 23.693682601751419, 37.97589183205676 ], [ 23.691937408063552, 37.975959377668687 ], [ 23.685289377800395, 37.976339415014273 ], [ 23.685462225061791, 37.976623755284528 ], [ 23.68693771014927, 37.978424714192151 ], [ 23.6872133802135, 37.97867505763049 ], [ 23.687882555166457, 37.979282744015222 ], [ 23.688167541991966, 37.979541541436255 ], [ 23.689491570955372, 37.980826111820711 ], [ 23.689778390089472, 37.981190415469797 ], [ 23.68991494062028, 37.98143387824296 ], [ 23.69007213218195, 37.981607174310419 ], [ 23.690414832203331, 37.981984980631744 ], [ 23.69069284362882, 37.982458831634638 ], [ 23.69078798643687, 37.982620994010738 ], [ 23.69089723197694, 37.982807193681701 ], [ 23.691270715131722, 37.983240016154618 ], [ 23.691915036736152, 37.983804984151568 ], [ 23.692326412077222, 37.984166334137981 ], [ 23.69258433956217, 37.984462748857752 ], [ 23.692783901307184, 37.984692087487609 ], [ 23.693152223433707, 37.985088066616861 ], [ 23.693349979829126, 37.985391396825321 ], [ 23.693525981781384, 37.985661356730873 ], [ 23.693620508323377, 37.98586439199709 ], [ 23.694146414918716, 37.986792889414254 ], [ 23.694289873659496, 37.987322434327922 ], [ 23.694305254214637, 37.987379207443801 ], [ 23.694354867612859, 37.987459072092065 ], [ 23.694386383674711, 37.987509806157398 ], [ 23.694406733670963, 37.987546890095658 ], [ 23.694516526826082, 37.987746960266151 ], [ 23.694564932807303, 37.987870140109699 ], [ 23.694850424865173, 37.98859663116238 ], [ 23.694989720062164, 37.988980523078517 ], [ 23.694989748211135, 37.988980600661954 ], [ 23.695119997918624, 37.989341699807007 ], [ 23.695839792541772, 37.990699043848181 ], [ 23.696067818676998, 37.991101560785687 ], [ 23.696457547622277, 37.991649143492133 ], [ 23.697120313075782, 37.992580329580981 ], [ 23.697503620614743, 37.992971514981718 ], [ 23.697601817527755, 37.993041643993429 ], [ 23.697905718667474, 37.993068434160875 ], [ 23.697978639216281, 37.993074862814716 ], [ 23.698082242734976, 37.993115865911427 ], [ 23.69840015879339, 37.99340481014643 ], [ 23.698475102696882, 37.993472923914936 ], [ 23.698546776174158, 37.993516476489937 ], [ 23.700893404419237, 37.992073532312567 ], [ 23.701724794197268, 37.991511370532059 ], [ 23.703374593995751, 37.990395815448785 ], [ 23.70424214600682, 37.989798646158711 ], [ 23.70485413750988, 37.989385592667809 ], [ 23.706240074862407, 37.988422978202692 ], [ 23.706297509758208, 37.988383085674805 ], [ 23.706754804427288, 37.988065458548057 ] ] ] } },
{ "type": "Feature", "properties": { "muni_id": 4, "year": 2050, "kwh_per_user_muni": 1138.0762260468348, "ac_share_muni": 0.49044462568985464, "kwh_pc_overall": 558.16336544333603, "kwh_muni": 39678766.432128906 }, "geometry": { "type": "Polygon", "coordinates": [ [ [ 23.72426807846702, 38.01495252140036 ], [ 23.72476478183437, 38.014931152952236 ], [ 23.725232294099353, 38.014909714204471 ], [ 23.725660646158978, 38.01488818224918 ], [ 23.726248874660392, 38.014858008202935 ], [ 23.726337891256399, 38.014853708982855 ], [ 23.726409106736796, 38.014849368282682 ], [ 23.726961023864856, 38.014819106189641 ], [ 23.727397205770853, 38.014797586085926 ], [ 23.728052732775815, 38.014763052594382 ], [ 23.728406340084682, 38.014736831359535 ], [ 23.728468993332115, 38.013772605564085 ], [ 23.728557551521071, 38.012889141876514 ], [ 23.728626346125559, 38.01237472683642 ], [ 23.728516519284025, 38.012257835857419 ], [ 23.728523819274837, 38.012223184029331 ], [ 23.72853724122978, 38.01215947010143 ], [ 23.728509851292259, 38.011958959239749 ], [ 23.728499602148545, 38.011883929156191 ], [ 23.728484900652969, 38.011776304772305 ], [ 23.728483490576934, 38.011766674932232 ], [ 23.72839811722384, 38.011183777836415 ], [ 23.728398050564557, 38.011183319831574 ], [ 23.728391145809017, 38.011136178589794 ], [ 23.728321174013406, 38.010707908333551 ], [ 23.728192149878481, 38.009882937695714 ], [ 23.728039256598322, 38.008967783447297 ], [ 23.727919578987887, 38.008247672782517 ], [ 23.727916916988111, 38.008234086110733 ], [ 23.727885563292475, 38.00807962941311 ], [ 23.727870607888033, 38.00800785548379 ], [ 23.727834839014189, 38.007836202007951 ], [ 23.727633726226731, 38.00715977503301 ], [ 23.727476607977785, 38.006812417515626 ], [ 23.727307643853059, 38.00649207076367 ], [ 23.72720967823809, 38.006320599991255 ], [ 23.726790592365248, 38.005701262058125 ], [ 23.726652037902554, 38.005496499579493 ], [ 23.726644664198158, 38.005485602163127 ], [ 23.726600676487951, 38.00544494221824 ], [ 23.726259738787249, 38.005043078592962 ], [ 23.725948199407654, 38.004681840166192 ], [ 23.72555158818108, 38.004225767764645 ], [ 23.725211679786558, 38.003837422671836 ], [ 23.724432989141619, 38.00294783754314 ], [ 23.724255048876991, 38.002749138335993 ], [ 23.723986054744298, 38.00243756488203 ], [ 23.723525313239648, 38.001909232378608 ], [ 23.723181595390741, 38.001403705591976 ], [ 23.723217968176364, 38.001398561051957 ], [ 23.723269887449085, 38.001391217900043 ], [ 23.723314393584172, 38.001384922601957 ], [ 23.72336963022962, 38.001377109530281 ], [ 23.723583293319884, 38.001350573403009 ], [ 23.723488913409394, 38.000417523865018 ], [ 23.723368161657874, 37.999114886039898 ], [ 23.723251736733573, 37.997893373480828 ], [ 23.723188535543333, 37.997284858532041 ], [ 23.723154027393917, 37.996901731881579 ], [ 23.723137906771793, 37.996706054148738 ], [ 23.723137688921536, 37.996703411072943 ], [ 23.722220508213056, 37.996796283438158 ], [ 23.722220419343447, 37.996796292241115 ], [ 23.722128289406797, 37.996804678269541 ], [ 23.721792612795536, 37.996817403998179 ], [ 23.721719294920284, 37.996817230551002 ], [ 23.721298370949469, 37.996784688974067 ], [ 23.720786440060895, 37.996738665694927 ], [ 23.720783536789103, 37.996738403739521 ], [ 23.720872024115611, 37.996116728208172 ], [ 23.720967747526263, 37.995463524783759 ], [ 23.721061381516311, 37.99478628442273 ], [ 23.721302343987151, 37.994802461357729 ], [ 23.721446981052612, 37.994757153066629 ], [ 23.721406038741559, 37.994572292937228 ], [ 23.721326715925084, 37.994184553013298 ], [ 23.721226499413394, 37.993675090173411 ], [ 23.721192337888816, 37.993485739588934 ], [ 23.721139611156381, 37.992935831398931 ], [ 23.721110907768281, 37.99287218587142 ], [ 23.721105023658733, 37.992859140254467 ], [ 23.721120602385451, 37.992692439654391 ], [ 23.721034719978807, 37.992282696135383 ], [ 23.721034221622496, 37.992279265567561 ], [ 23.721034060680687, 37.992278158409007 ], [ 23.721023524578928, 37.992201009640375 ], [ 23.721037797337548, 37.992097395822007 ], [ 23.720991567839334, 37.991993638498883 ], [ 23.720823664485625, 37.991742964311271 ], [ 23.72067412924714, 37.991519710904804 ], [ 23.720452681969135, 37.991073049126072 ], [ 23.720407148595026, 37.990973799633068 ], [ 23.720325911209084, 37.990811375332882 ], [ 23.720302027015116, 37.990703229318505 ], [ 23.720274130286988, 37.9905769182838 ], [ 23.720308557538306, 37.990503331875729 ], [ 23.720322568377004, 37.990473385770137 ], [ 23.720295592675264, 37.990360661083308 ], [ 23.720180322775338, 37.989882706195552 ], [ 23.720077570273254, 37.989403458763405 ], [ 23.719866702737477, 37.988419926579098 ], [ 23.719839962001789, 37.98829520080357 ], [ 23.719884657955827, 37.988041078277845 ], [ 23.719998236268392, 37.987860475279028 ], [ 23.720033799196319, 37.987803924999355 ], [ 23.720006333538663, 37.987719209158314 ], [ 23.720006002274246, 37.98771917682479 ], [ 23.720005763216577, 37.987719153723646 ], [ 23.719290228231912, 37.987649906022469 ], [ 23.718867950638867, 37.987622315022335 ], [ 23.71842391040439, 37.987254627387529 ], [ 23.718309152416296, 37.987183343997749 ], [ 23.718253208494829, 37.987106571960751 ], [ 23.718214799794897, 37.987053862947896 ], [ 23.718042336618652, 37.986984193141573 ], [ 23.718014759715413, 37.987005692978144 ], [ 23.717973002230497, 37.987049044708101 ], [ 23.717951195659612, 37.987071684970559 ], [ 23.717912466305943, 37.98710546778829 ], [ 23.717906889304746, 37.987110332166949 ], [ 23.717878317582642, 37.987135254467383 ], [ 23.717778145010975, 37.987222632566045 ], [ 23.717514266309685, 37.987600590111299 ], [ 23.716687957095896, 37.987224569612437 ], [ 23.716637694712329, 37.987201780327737 ], [ 23.71662994061608, 37.987198264662915 ], [ 23.715708438481155, 37.986780449664337 ], [ 23.715695673526589, 37.986774662305962 ], [ 23.715668752205907, 37.986762455124925 ], [ 23.715076201595238, 37.986495142276269 ], [ 23.714253008766786, 37.986127689716568 ], [ 23.713895007418806, 37.98596502353503 ], [ 23.713332664462445, 37.985711294630718 ], [ 23.713013536521874, 37.986147639632406 ], [ 23.712585089828632, 37.985961830133235 ], [ 23.7119936227908, 37.985694504394445 ], [ 23.711697037621686, 37.985824464154298 ], [ 23.711340561136399, 37.985981314748543 ], [ 23.711135162153923, 37.986088964697956 ], [ 23.711041020753484, 37.986138304136759 ], [ 23.710198438218615, 37.986474213053498 ], [ 23.709618848099549, 37.986716130544949 ], [ 23.70904211942203, 37.987043674284102 ], [ 23.708977120708816, 37.987102096988245 ], [ 23.708693850442842, 37.98737178118138 ], [ 23.708208319566833, 37.987852764968771 ], [ 23.707812142025364, 37.98823482740832 ], [ 23.70749920113872, 37.988535979904384 ], [ 23.706754804427288, 37.988065458548057 ], [ 23.706297509758208, 37.988383085674805 ], [ 23.706240074862407, 37.988422978202692 ], [ 23.70485413750988, 37.989385592667809 ], [ 23.70424214600682, 37.989798646158711 ], [ 23.703374593995751, 37.990395815448785 ], [ 23.701724794197268, 37.991511370532059 ], [ 23.700893404419237, 37.992073532312567 ], [ 23.698546776174158, 37.993516476489937 ], [ 23.698639275018554, 37.993686471157766 ], [ 23.699062188433619, 37.994261120798221 ], [ 23.699719447299703, 37.994708537484158 ], [ 23.699927251326603, 37.994803865700959 ], [ 23.700373330325419, 37.995162427510508 ], [ 23.701106148385051, 37.995751461822678 ], [ 23.701378336328276, 37.995971276761971 ], [ 23.700590184143131, 37.996277000845708 ], [ 23.70076562043608, 37.997223579038135 ], [ 23.701044022375104, 37.99872566823349 ], [ 23.701212598744238, 37.999635178923704 ], [ 23.701252646682025, 37.999851240568184 ], [ 23.702396614410354, 38.000352524760928 ], [ 23.704325096383808, 38.001051376195306 ], [ 23.704402919429739, 38.001083116699007 ], [ 23.704842930083451, 38.001241946181466 ], [ 23.705304971440981, 38.001499970278552 ], [ 23.705341982714909, 38.001522027261075 ], [ 23.705403686776254, 38.001558800936323 ], [ 23.706360113143894, 38.002124118335097 ], [ 23.706399034805166, 38.002147123395837 ], [ 23.70641962641086, 38.002160694032291 ], [ 23.70705270051581, 38.002644458603598 ], [ 23.707704823798586, 38.00317333119159 ], [ 23.708960657113455, 38.004149830246028 ], [ 23.709374339999087, 38.004403212190638 ], [ 23.70976909900893, 38.00460435724419 ], [ 23.709880909100622, 38.004661328253576 ], [ 23.711543227162416, 38.005275614753245 ], [ 23.71161189620123, 38.005300989308012 ], [ 23.711946057875874, 38.005486962176278 ], [ 23.711955574525405, 38.005492258884956 ], [ 23.712091748145529, 38.005568043132527 ], [ 23.712366573331433, 38.00578414538704 ], [ 23.712591002869964, 38.005960618863966 ], [ 23.712752869342996, 38.006087896772989 ], [ 23.712839087816704, 38.006170004996456 ], [ 23.713945037552961, 38.007223204411652 ], [ 23.714512998803933, 38.007764060121936 ], [ 23.71482621657092, 38.008048723725921 ], [ 23.715092796684655, 38.008243145362655 ], [ 23.715167375422979, 38.008288390086442 ], [ 23.715338924862618, 38.008387946407872 ], [ 23.71706403249387, 38.009388025340421 ], [ 23.717188409406702, 38.009468517816437 ], [ 23.717524617499755, 38.009686099326551 ], [ 23.717637155089779, 38.009758928133607 ], [ 23.717789418422491, 38.009876460184799 ], [ 23.717848708574206, 38.009943454085793 ], [ 23.717868313567475, 38.009965606846109 ], [ 23.71790532206769, 38.01000742404613 ], [ 23.718021568745854, 38.010225892207643 ], [ 23.718114203084145, 38.010399982247257 ], [ 23.718199961265515, 38.010688836595897 ], [ 23.718226667058353, 38.01077878986311 ], [ 23.718270358247953, 38.01117545823756 ], [ 23.718296952176143, 38.011481957511023 ], [ 23.718322174109971, 38.011774934261403 ], [ 23.718354562161515, 38.012149043441113 ], [ 23.718387253090714, 38.012536672527247 ], [ 23.718528867771628, 38.013113831307066 ], [ 23.718770230515535, 38.013952599849333 ], [ 23.718831653728468, 38.014119269142206 ], [ 23.718950603161545, 38.014442027185069 ], [ 23.71897115673783, 38.014497796175419 ], [ 23.719005867525627, 38.014591980925687 ], [ 23.719006035527915, 38.014592436473819 ], [ 23.719032781562554, 38.014665007500554 ], [ 23.719052814341335, 38.01471936382503 ], [ 23.719108954356074, 38.014841170808467 ], [ 23.719167862445662, 38.014960392290412 ], [ 23.719173603022245, 38.014972010887327 ], [ 23.719224189359956, 38.014963118872004 ], [ 23.719412616822563, 38.014936530191306 ], [ 23.719519061254953, 38.014936784117623 ], [ 23.720500855578162, 38.014952640882669 ], [ 23.722005971172521, 38.014969727710543 ], [ 23.722142692099617, 38.014965544426772 ], [ 23.722653890793385, 38.014971257562088 ], [ 23.723611479558944, 38.014987031269122 ], [ 23.723694105370935, 38.014978212627469 ], [ 23.72426807846702, 38.01495252140036 ] ] ] } },
{ "type": "Feature", "properties": { "muni_id": 5, "year": 2050, "kwh_per_user_muni": 936.02917422493886, "ac_share_muni": 0.71693447382372033, "kwh_pc_overall": 671.07158052133525, "kwh_muni": 52193217.044921875 }, "geometry": { "type": "Polygon", "coordinates": [ [ [ 23.741374088588021, 38.032458184038759 ], [ 23.741471268677689, 38.032467410534416 ], [ 23.741667201912403, 38.032544449826524 ], [ 23.742327764088095, 38.032376957365159 ], [ 23.743982402024894, 38.031954669993759 ], [ 23.743800525200975, 38.031550569617266 ], [ 23.743751083353946, 38.031440444622049 ], [ 23.743776704773207, 38.031441922674027 ], [ 23.743831033802877, 38.031445057629142 ], [ 23.74383123318264, 38.031445065273743 ], [ 23.744022983473133, 38.031451295217437 ], [ 23.744699108885275, 38.031452986019808 ], [ 23.745498178013385, 38.031125996790188 ], [ 23.745359840775922, 38.030923862264977 ], [ 23.74542612382244, 38.030895963410174 ], [ 23.746969613165241, 38.030229860422011 ], [ 23.747002925324075, 38.030215483704112 ], [ 23.747045543459492, 38.030197091070889 ], [ 23.747809016933473, 38.029867595827412 ], [ 23.747845972387189, 38.029851646741683 ], [ 23.747880973071688, 38.029836541556243 ], [ 23.748177263024427, 38.029708668546583 ], [ 23.748250326885564, 38.029677135137582 ], [ 23.748367593559955, 38.029624414390277 ], [ 23.748397228040144, 38.029612086122924 ], [ 23.74848362130729, 38.029575415860485 ], [ 23.748522605756474, 38.029558813868739 ], [ 23.748663761627324, 38.029498702054788 ], [ 23.749340228345353, 38.029209733284176 ], [ 23.74939241500142, 38.02918744053099 ], [ 23.749402141657406, 38.029183285635966 ], [ 23.749456093542499, 38.029160238640912 ], [ 23.749461867455921, 38.029157772426657 ], [ 23.749615267367481, 38.029090255408846 ], [ 23.750197316526716, 38.028834071000809 ], [ 23.750361314367385, 38.028759060654394 ], [ 23.750492261409018, 38.028945209348144 ], [ 23.751104350350914, 38.028710336335457 ], [ 23.751250745368043, 38.028627190392918 ], [ 23.751528583897212, 38.028469390659772 ], [ 23.75219341868959, 38.028187023241941 ], [ 23.752812743768512, 38.027923979849781 ], [ 23.752066172698946, 38.026906806081072 ], [ 23.751490446275383, 38.026089565219834 ], [ 23.751086937651898, 38.025504497914071 ], [ 23.750752553299261, 38.02504739337796 ], [ 23.750329199015571, 38.024454075164897 ], [ 23.749749528455453, 38.023641665098708 ], [ 23.749157735283482, 38.022824008711318 ], [ 23.749101734107754, 38.022747706753961 ], [ 23.748501020178345, 38.021929215868909 ], [ 23.748268102449511, 38.021578890155105 ], [ 23.748235500173241, 38.021529853813384 ], [ 23.747959947806997, 38.021130226287035 ], [ 23.747673265789977, 38.020730756269238 ], [ 23.747368199579384, 38.020301156795142 ], [ 23.747085448368658, 38.019900161564763 ], [ 23.747002069484175, 38.019781913589277 ], [ 23.746526812405968, 38.01910843766241 ], [ 23.746459610812398, 38.018988502712027 ], [ 23.746326813874717, 38.018751501325127 ], [ 23.746302191467034, 38.018758597163917 ], [ 23.746011905356646, 38.018842249277114 ], [ 23.745418320245413, 38.018524217917374 ], [ 23.745456284048089, 38.01848433912609 ], [ 23.745464191930889, 38.018476032016679 ], [ 23.745721904902101, 38.018205312240717 ], [ 23.745722741876506, 38.018204433499477 ], [ 23.745753323503358, 38.018172308586209 ], [ 23.745790653497242, 38.018133094360074 ], [ 23.745686835327923, 38.018013349273019 ], [ 23.745516358346851, 38.017825125666498 ], [ 23.745440549689011, 38.017633871177225 ], [ 23.745299306837531, 38.016586560200842 ], [ 23.745082687686693, 38.015310425123459 ], [ 23.745060743980037, 38.015170679005287 ], [ 23.7450443714941, 38.01506699619798 ], [ 23.745018589411107, 38.01490470971936 ], [ 23.744834971327617, 38.014928809167444 ], [ 23.744108971790304, 38.013979709462099 ], [ 23.743409898066737, 38.013116640724029 ], [ 23.743378287406578, 38.013048207762601 ], [ 23.743394232415838, 38.012593339744612 ], [ 23.74343245280058, 38.01150298166781 ], [ 23.743451707298469, 38.010953689864188 ], [ 23.743429708989531, 38.010840990685779 ], [ 23.743416116929325, 38.010676852969951 ], [ 23.743369914942328, 38.010118886739747 ], [ 23.743309253244885, 38.009573426610416 ], [ 23.742901951907825, 38.009560009082449 ], [ 23.742517799205554, 38.009473546874069 ], [ 23.742371682641853, 38.009419149967144 ], [ 23.741946783084831, 38.009263328610167 ], [ 23.741375421094947, 38.009136283407571 ], [ 23.740865275310352, 38.009078079552765 ], [ 23.740296434399223, 38.009090124081759 ], [ 23.740216252400568, 38.008104050041482 ], [ 23.740215524228788, 38.008095091492706 ], [ 23.740212505589376, 38.008057970933983 ], [ 23.740176320917229, 38.008059564677943 ], [ 23.739627913497735, 38.008083716589802 ], [ 23.738842861874129, 38.008122533593834 ], [ 23.738085931441564, 38.008161407986833 ], [ 23.737680202534474, 38.0081823012071 ], [ 23.737666521655658, 38.008183005235693 ], [ 23.737636264994592, 38.008182937740465 ], [ 23.736975832194027, 38.008213007402901 ], [ 23.736469565708617, 38.008234406094694 ], [ 23.736053359345597, 38.008256004767148 ], [ 23.735098183918126, 38.008285402008809 ], [ 23.735096970656336, 38.008325956959446 ], [ 23.735095756253997, 38.008366511907191 ], [ 23.735096642242304, 38.008812648399271 ], [ 23.734411690211839, 38.008829129190737 ], [ 23.73380756006754, 38.008841282547998 ], [ 23.733152186319234, 38.008848810130843 ], [ 23.73237752786261, 38.008865075492963 ], [ 23.732375380957379, 38.008903842845584 ], [ 23.732374955502287, 38.008911518995042 ], [ 23.732344807745168, 38.009455745201862 ], [ 23.732344463981086, 38.009461942533235 ], [ 23.732341335647231, 38.009518422337841 ], [ 23.731841093525709, 38.00954432120362 ], [ 23.73138004222292, 38.009561294647632 ], [ 23.731332628801148, 38.010457961457789 ], [ 23.731298804373061, 38.010849941599837 ], [ 23.731240804559398, 38.011232853645851 ], [ 23.731165026857695, 38.01180499406334 ], [ 23.73108379233366, 38.012408666736775 ], [ 23.731046264878469, 38.012449138568925 ], [ 23.730260590491486, 38.012352704583975 ], [ 23.728813037991465, 38.012237062299491 ], [ 23.728776482552874, 38.012238488544483 ], [ 23.728692312187007, 38.01224177153474 ], [ 23.728516519284025, 38.012257835857419 ], [ 23.728626346125559, 38.01237472683642 ], [ 23.728557551521071, 38.012889141876514 ], [ 23.728468993332115, 38.013772605564085 ], [ 23.728406340084682, 38.014736831359535 ], [ 23.728052732775815, 38.014763052594382 ], [ 23.727397205770853, 38.014797586085926 ], [ 23.726961023864856, 38.014819106189641 ], [ 23.726409106736796, 38.014849368282682 ], [ 23.726337891256399, 38.014853708982855 ], [ 23.726248874660392, 38.014858008202935 ], [ 23.725660646158978, 38.01488818224918 ], [ 23.725232294099353, 38.014909714204471 ], [ 23.72476478183437, 38.014931152952236 ], [ 23.72426807846702, 38.01495252140036 ], [ 23.723694105370935, 38.014978212627469 ], [ 23.723611479558944, 38.014987031269122 ], [ 23.722653890793385, 38.014971257562088 ], [ 23.722142692099617, 38.014965544426772 ], [ 23.722005971172521, 38.014969727710543 ], [ 23.720500855578162, 38.014952640882669 ], [ 23.719519061254953, 38.014936784117623 ], [ 23.719412616822563, 38.014936530191306 ], [ 23.719224189359956, 38.014963118872004 ], [ 23.719173603022245, 38.014972010887327 ], [ 23.71949017852581, 38.015509028346479 ], [ 23.719945481663217, 38.016077920182603 ], [ 23.720179961418044, 38.016327045172233 ], [ 23.720821233968714, 38.016949726304688 ], [ 23.720902231539775, 38.017026066836394 ], [ 23.720921907691441, 38.017044611409169 ], [ 23.722635628116542, 38.01821775339571 ], [ 23.723481032902448, 38.018959430315903 ], [ 23.723508888178788, 38.018983968269232 ], [ 23.723650331258067, 38.019146531147541 ], [ 23.723703344461843, 38.01922013887696 ], [ 23.72412174392533, 38.019801065989974 ], [ 23.724159975993537, 38.019859738869812 ], [ 23.724956880970659, 38.020113963842462 ], [ 23.725110585151448, 38.020185227833785 ], [ 23.725298788049049, 38.020272487018381 ], [ 23.725444406514363, 38.020395273172795 ], [ 23.725459563844002, 38.020408054460304 ], [ 23.725573326743419, 38.020548018374285 ], [ 23.725717796308878, 38.020760156183975 ], [ 23.726466106016968, 38.021795914889736 ], [ 23.726466144559041, 38.021795967253617 ], [ 23.726616079327851, 38.022001507551423 ], [ 23.726708991756183, 38.022098790433894 ], [ 23.727044819964391, 38.022462156112496 ], [ 23.728101599956339, 38.022928763341945 ], [ 23.728290613070701, 38.02303735377258 ], [ 23.728418750756227, 38.023240437659858 ], [ 23.728706106025534, 38.024101822774277 ], [ 23.728907988528608, 38.0245484441445 ], [ 23.730301319445005, 38.025565249218182 ], [ 23.730905737909868, 38.025959005809142 ], [ 23.731017776368141, 38.025977753694292 ], [ 23.731244229862927, 38.025991324716003 ], [ 23.731304643739179, 38.026023007548702 ], [ 23.731354688796845, 38.026050146747188 ], [ 23.731402041168582, 38.026075825109174 ], [ 23.731563341041635, 38.026163296659377 ], [ 23.731709064375334, 38.026239004104525 ], [ 23.731720219462666, 38.02624479954423 ], [ 23.731766580930497, 38.026268885641926 ], [ 23.731850847502173, 38.026312663690099 ], [ 23.73194963376816, 38.026366965665339 ], [ 23.731980980719516, 38.0263515955061 ], [ 23.732042753452323, 38.026321307307811 ], [ 23.732105152777127, 38.026290711365732 ], [ 23.732556584067719, 38.026598173846857 ], [ 23.732872707529246, 38.026729412943972 ], [ 23.73288402172772, 38.026734109975422 ], [ 23.733217901180733, 38.026861047016574 ], [ 23.733620322134119, 38.027037708744444 ], [ 23.734193149173379, 38.027215275363503 ], [ 23.734206099894621, 38.027219290093704 ], [ 23.734627495442862, 38.027269812211088 ], [ 23.73467458687044, 38.027269491273188 ], [ 23.735620222213065, 38.027263035654904 ], [ 23.735931110249698, 38.027250215058963 ], [ 23.736058466423469, 38.027282045763556 ], [ 23.736439290766736, 38.027526245284093 ], [ 23.736560920035227, 38.027666216076078 ], [ 23.736680527618812, 38.027972918802377 ], [ 23.736691808742805, 38.028004488824457 ], [ 23.736822699785137, 38.028342761414493 ], [ 23.736992844264211, 38.028956011659645 ], [ 23.737133259302286, 38.029422519253671 ], [ 23.737144862293707, 38.02946106764378 ], [ 23.737165499657436, 38.029488833501738 ], [ 23.737311237393925, 38.029684906078259 ], [ 23.737431804605386, 38.029847114404028 ], [ 23.737560895490859, 38.03002078966729 ], [ 23.73777465363278, 38.030301511017953 ], [ 23.737777443610828, 38.030305175529421 ], [ 23.737786885959117, 38.030318672502794 ], [ 23.738030041466363, 38.030666249974082 ], [ 23.738058372831826, 38.030698568045509 ], [ 23.738152746588455, 38.030806221453069 ], [ 23.738165257144487, 38.030816011059279 ], [ 23.738343932364771, 38.030955817647602 ], [ 23.7383552203198, 38.030964650058898 ], [ 23.738435754174585, 38.031027664564448 ], [ 23.738844984809599, 38.031402604727262 ], [ 23.740034401499081, 38.032482268032005 ], [ 23.740065797630479, 38.032519671090661 ], [ 23.740095037857355, 38.032554504337497 ], [ 23.740152223768316, 38.032595188248777 ], [ 23.740226518914135, 38.032631403542112 ], [ 23.740296263995628, 38.032645076783773 ], [ 23.740348742442251, 38.032651020347579 ], [ 23.740377419757174, 38.032654268788882 ], [ 23.740475374603971, 38.032645472254245 ], [ 23.740524800988261, 38.032637355371961 ], [ 23.740545804716856, 38.032633906563952 ], [ 23.740583688270409, 38.032627685710935 ], [ 23.740687405112702, 38.03260087614786 ], [ 23.740790053053605, 38.032574064136639 ], [ 23.741059815436799, 38.032516075441507 ], [ 23.74123061139634, 38.032473260394404 ], [ 23.741255836679006, 38.03246693665961 ], [ 23.741360118338672, 38.032459217719158 ], [ 23.741374088588021, 38.032458184038759 ] ] ] } },
{ "type": "Feature", "properties": { "muni_id": 6, "year": 2050, "kwh_per_user_muni": 1012.5521674714535, "ac_share_muni": 0.6041050468816257, "kwh_pc_overall": 611.68787361597651, "kwh_muni": 52580442.408203125 }, "geometry": { "type": "Polygon", "coordinates": [ [ [ 23.731165026857695, 38.01180499406334 ], [ 23.731240804559398, 38.011232853645851 ], [ 23.731298804373061, 38.010849941599837 ], [ 23.731332628801148, 38.010457961457789 ], [ 23.73138004222292, 38.009561294647632 ], [ 23.731841093525709, 38.00954432120362 ], [ 23.732341335647231, 38.009518422337841 ], [ 23.732344463981086, 38.009461942533235 ], [ 23.732344807745168, 38.009455745201862 ], [ 23.732374955502287, 38.008911518995042 ], [ 23.732375380957379, 38.008903842845584 ], [ 23.73237752786261, 38.008865075492963 ], [ 23.733152186319234, 38.008848810130843 ], [ 23.73380756006754, 38.008841282547998 ], [ 23.734411690211839, 38.008829129190737 ], [ 23.735096642242304, 38.008812648399271 ], [ 23.735095756253997, 38.008366511907191 ], [ 23.735096970656336, 38.008325956959446 ], [ 23.735098183918126, 38.008285402008809 ], [ 23.736053359345597, 38.008256004767148 ], [ 23.736469565708617, 38.008234406094694 ], [ 23.736975832194027, 38.008213007402901 ], [ 23.737636264994592, 38.008182937740465 ], [ 23.737666521655658, 38.008183005235693 ], [ 23.737680202534474, 38.0081823012071 ], [ 23.738085931441564, 38.008161407986833 ], [ 23.738842861874129, 38.008122533593834 ], [ 23.739627913497735, 38.008083716589802 ], [ 23.740176320917229, 38.008059564677943 ], [ 23.740212505589376, 38.008057970933983 ], [ 23.740215524228788, 38.008095091492706 ], [ 23.740216252400568, 38.008104050041482 ], [ 23.740296434399223, 38.009090124081759 ], [ 23.740865275310352, 38.009078079552765 ], [ 23.741375421094947, 38.009136283407571 ], [ 23.741946783084831, 38.009263328610167 ], [ 23.742371682641853, 38.009419149967144 ], [ 23.742517799205554, 38.009473546874069 ], [ 23.742901951907825, 38.009560009082449 ], [ 23.743309253244885, 38.009573426610416 ], [ 23.743271019815854, 38.009258465025191 ], [ 23.743257934318748, 38.009153401972398 ], [ 23.743257676608021, 38.009142373324856 ], [ 23.743240575332148, 38.00841161445922 ], [ 23.743657467766319, 38.0081272014436 ], [ 23.743661979083011, 38.008124123484535 ], [ 23.744570276485064, 38.008077237639263 ], [ 23.744622778614964, 38.008074363006777 ], [ 23.744903346264138, 38.008059003903696 ], [ 23.745666067600499, 38.00801724739275 ], [ 23.745761142427803, 38.008011412570958 ], [ 23.745847926235328, 38.008006087005221 ], [ 23.746636790981995, 38.007966699690044 ], [ 23.746658953964264, 38.007965526197502 ], [ 23.746737034116375, 38.007997190573235 ], [ 23.747281979615074, 38.00823375069384 ], [ 23.747393033620096, 38.008280806379148 ], [ 23.747812360350107, 38.00844276632003 ], [ 23.747860621815747, 38.008462147321993 ], [ 23.748178502453214, 38.008589802830365 ], [ 23.748309411663481, 38.008642373648094 ], [ 23.748601528261819, 38.008759680229097 ], [ 23.748994501366802, 38.008915250808847 ], [ 23.749519878791777, 38.009123209767701 ], [ 23.749680274407243, 38.008919629917003 ], [ 23.749757016280338, 38.008822224950876 ], [ 23.749757460742849, 38.008822498985069 ], [ 23.749757491434394, 38.0088225179773 ], [ 23.750287379696566, 38.009147813803814 ], [ 23.750556618445923, 38.008796885190748 ], [ 23.751573170726139, 38.009275696160365 ], [ 23.751775641880286, 38.008806019486087 ], [ 23.751832089954842, 38.008671407760694 ], [ 23.752895163756111, 38.007874418956611 ], [ 23.752742218234264, 38.00771015065456 ], [ 23.752867408841468, 38.00752849176952 ], [ 23.753301506687482, 38.007688912101507 ], [ 23.753764610330013, 38.006971911215494 ], [ 23.753790459216837, 38.006933539158624 ], [ 23.753810921932022, 38.006893968831967 ], [ 23.754202817983444, 38.006781183700546 ], [ 23.754079496546979, 38.006472113184124 ], [ 23.754075722474827, 38.006462655345707 ], [ 23.754074814184246, 38.006425956829496 ], [ 23.753723266323334, 38.006298228688216 ], [ 23.753660242680887, 38.006275330300404 ], [ 23.753527352001353, 38.006215567228708 ], [ 23.753362017196345, 38.006141212705217 ], [ 23.75325754618127, 38.006094229625504 ], [ 23.752793346209309, 38.00589046624372 ], [ 23.752846844468863, 38.00585903379411 ], [ 23.752879403458358, 38.005809531672767 ], [ 23.75244097166944, 38.005353461911263 ], [ 23.752366721430857, 38.005204593963022 ], [ 23.752291147096994, 38.004920530776467 ], [ 23.752178305047927, 38.004393042667132 ], [ 23.752005477352981, 38.003604055905846 ], [ 23.75195906155195, 38.003540868222288 ], [ 23.751749661475383, 38.003360169830607 ], [ 23.751750052474307, 38.003356360933076 ], [ 23.751794560076835, 38.002923142368772 ], [ 23.751797498750289, 38.002896110081302 ], [ 23.75186796984854, 38.002580809730262 ], [ 23.751880346896421, 38.002287918851692 ], [ 23.7518803567764, 38.002194727103571 ], [ 23.751880408421655, 38.001681447374374 ], [ 23.751879676633017, 38.001681271882909 ], [ 23.75180379955798, 38.001663025734814 ], [ 23.751789695309711, 38.001659634183596 ], [ 23.75177167264679, 38.001655300631285 ], [ 23.751626676562118, 38.001620433912962 ], [ 23.751500906914032, 38.001589639080088 ], [ 23.751482301865231, 38.001585083438542 ], [ 23.751441030030243, 38.001574977558889 ], [ 23.751155813117585, 38.001502271786975 ], [ 23.750936725772338, 38.001364637242169 ], [ 23.750683781203396, 38.001203848657802 ], [ 23.750441347292114, 38.000973470316644 ], [ 23.750440099554332, 38.000972285185497 ], [ 23.750431877433169, 38.000964474342574 ], [ 23.750405470970804, 38.000909707709013 ], [ 23.750403601355476, 38.000905830927181 ], [ 23.750376364011981, 38.00054075339014 ], [ 23.750352564645567, 38.000374841507465 ], [ 23.750340309649438, 38.000256772611436 ], [ 23.750269350256545, 38.000215018723466 ], [ 23.750228516132502, 38.000155720399142 ], [ 23.750214834641412, 38.000018052753042 ], [ 23.750256743183865, 37.999918688731924 ], [ 23.750354348101048, 37.999683073336143 ], [ 23.750096717338252, 37.999261672793104 ], [ 23.749747463907568, 37.999259829724359 ], [ 23.749458053026355, 37.999258302379836 ], [ 23.749071847658854, 37.999256262318468 ], [ 23.748673990557808, 37.998959881962136 ], [ 23.74850571386127, 37.998833342562776 ], [ 23.748079299655664, 37.998525993581538 ], [ 23.748000840985124, 37.998467242070717 ], [ 23.747851739974408, 37.998354262066044 ], [ 23.747303234253661, 37.997947507244113 ], [ 23.746965994425711, 37.997689916354112 ], [ 23.746732730909663, 37.997522676803648 ], [ 23.746387519305188, 37.997264018882525 ], [ 23.746087337667614, 37.997039098478751 ], [ 23.746058674883923, 37.997011797999043 ], [ 23.745942502786257, 37.996901148867316 ], [ 23.746327637574463, 37.996775888737425 ], [ 23.746508074124147, 37.996701239570882 ], [ 23.746655072048181, 37.996632371943221 ], [ 23.747240512512874, 37.996415190044921 ], [ 23.747676733981017, 37.996244882732299 ], [ 23.748196873491963, 37.99604124734828 ], [ 23.748307993688961, 37.995997743173724 ], [ 23.748284832476578, 37.995955144892825 ], [ 23.748257520979152, 37.995904912861526 ], [ 23.748116310113073, 37.995645193959852 ], [ 23.748060835375171, 37.995543162452726 ], [ 23.748041948083255, 37.995508423459867 ], [ 23.747785575477874, 37.995135790572732 ], [ 23.747385193371919, 37.995324947254886 ], [ 23.747333153872365, 37.995347367577089 ], [ 23.746724555311779, 37.995449706279707 ], [ 23.746613741102088, 37.995467797918153 ], [ 23.746576599799589, 37.995473861951503 ], [ 23.746269013811812, 37.995133275028884 ], [ 23.745969347361108, 37.994821685181705 ], [ 23.745874291824936, 37.994726845010923 ], [ 23.745551803184622, 37.994428724034151 ], [ 23.745115448147683, 37.994022201358582 ], [ 23.744998375820003, 37.993913793493299 ], [ 23.744942256023972, 37.993859232440009 ], [ 23.744751282259553, 37.993673561882986 ], [ 23.744710354407882, 37.993633770583941 ], [ 23.74429280802774, 37.993245311322852 ], [ 23.744024662763753, 37.993289792284493 ], [ 23.743425082053843, 37.993368829985876 ], [ 23.742946318749627, 37.993431938961592 ], [ 23.742819352724197, 37.993408958063256 ], [ 23.742190680002118, 37.99315330603546 ], [ 23.741080959038253, 37.992702020722952 ], [ 23.741079892439018, 37.992672387750247 ], [ 23.741078688968564, 37.992638925820039 ], [ 23.740866412008501, 37.992584381276579 ], [ 23.740531463215113, 37.992498020850071 ], [ 23.740259335010599, 37.992389307561083 ], [ 23.740259231521261, 37.992389265873463 ], [ 23.740334556536251, 37.992486942146535 ], [ 23.740339174016526, 37.992492929658219 ], [ 23.740339297586054, 37.992493090359623 ], [ 23.740352057195988, 37.992531597962419 ], [ 23.740394585551783, 37.992659950009163 ], [ 23.740099248043517, 37.992744919801083 ], [ 23.739803701843226, 37.99289297198073 ], [ 23.739876210511117, 37.993010273181795 ], [ 23.739876230896041, 37.99301030567311 ], [ 23.739972869220679, 37.993235648450217 ], [ 23.739972951680162, 37.993235840606054 ], [ 23.740009036881023, 37.993398151540276 ], [ 23.740021244774169, 37.993569422527003 ], [ 23.740003328093731, 37.993704575554005 ], [ 23.739972987294866, 37.993830688267487 ], [ 23.739906913313916, 37.993997279745273 ], [ 23.739780224642956, 37.994195282037097 ], [ 23.739617733240365, 37.994352647147451 ], [ 23.739412499953485, 37.994518930180845 ], [ 23.739159379086484, 37.994640042459238 ], [ 23.738942379801166, 37.994711663746727 ], [ 23.738725458878623, 37.99476075270637 ], [ 23.7385132769564, 37.99477830686093 ], [ 23.738284416110236, 37.994782304261257 ], [ 23.737847915434195, 37.994727255146401 ], [ 23.737713335054409, 37.994740474372783 ], [ 23.737641863434245, 37.994722289291516 ], [ 23.736615556695686, 37.994886733087696 ], [ 23.736428087841805, 37.994917390309311 ], [ 23.736108438824086, 37.994969778122929 ], [ 23.735769225464448, 37.995026249898515 ], [ 23.735768448271255, 37.995026378838709 ], [ 23.735699268806304, 37.995037895933663 ], [ 23.733910059354404, 37.995326966508557 ], [ 23.73358109803781, 37.995380111395107 ], [ 23.733490486096624, 37.995438489561288 ], [ 23.733230528050736, 37.99547845800884 ], [ 23.73233459284998, 37.995607108672367 ], [ 23.732239572784394, 37.995615785361736 ], [ 23.732223251336872, 37.995617275880321 ], [ 23.732141982464423, 37.995624695862418 ], [ 23.732005923802419, 37.995065589976015 ], [ 23.731916173700753, 37.994691352641368 ], [ 23.731470410334442, 37.992883261313686 ], [ 23.731369714507856, 37.992486466335187 ], [ 23.731271511549359, 37.992089676940623 ], [ 23.731169750761048, 37.991692879307195 ], [ 23.731137579696803, 37.991560490922325 ], [ 23.731131229190506, 37.991534359888988 ], [ 23.731082094882151, 37.991332165185121 ], [ 23.730769857661226, 37.991381497426786 ], [ 23.72984502060153, 37.9915276129341 ], [ 23.729059470511725, 37.991651985859079 ], [ 23.728644985342079, 37.991714120268128 ], [ 23.72791106892285, 37.99182959177903 ], [ 23.727111259044129, 37.991958425110042 ], [ 23.726950647874567, 37.991962360511799 ], [ 23.726946355144349, 37.991962465910873 ], [ 23.726943950804372, 37.991962525221737 ], [ 23.726943306155263, 37.991962540849592 ], [ 23.726943262875853, 37.991962541650402 ], [ 23.726044476901908, 37.9920055159076 ], [ 23.725073427051726, 37.992052820829443 ], [ 23.724330195745488, 37.992087132629862 ], [ 23.723333943922398, 37.992116338435387 ], [ 23.723105258563663, 37.992169877352552 ], [ 23.722298625898762, 37.992217546301553 ], [ 23.721874320189791, 37.992239075861285 ], [ 23.721556237075216, 37.992253871347458 ], [ 23.7214437334145, 37.992259104600052 ], [ 23.721345508979336, 37.992263673079393 ], [ 23.721321165019233, 37.992264805098948 ], [ 23.721218338770559, 37.992269587889972 ], [ 23.721034675771357, 37.992278130125456 ], [ 23.721034060680687, 37.992278158409007 ], [ 23.721034221622496, 37.992279265567561 ], [ 23.721034719978807, 37.992282696135383 ], [ 23.721120602385451, 37.992692439654391 ], [ 23.721105023658733, 37.992859140254467 ], [ 23.721110907768281, 37.99287218587142 ], [ 23.721139611156381, 37.992935831398931 ], [ 23.721192337888816, 37.993485739588934 ], [ 23.721226499413394, 37.993675090173411 ], [ 23.721326715925084, 37.994184553013298 ], [ 23.721406038741559, 37.994572292937228 ], [ 23.721446981052612, 37.994757153066629 ], [ 23.721302343987151, 37.994802461357729 ], [ 23.721061381516311, 37.99478628442273 ], [ 23.720967747526263, 37.995463524783759 ], [ 23.720872024115611, 37.996116728208172 ], [ 23.720783536789103, 37.996738403739521 ], [ 23.720786440060895, 37.996738665694927 ], [ 23.721298370949469, 37.996784688974067 ], [ 23.721719294920284, 37.996817230551002 ], [ 23.721792612795536, 37.996817403998179 ], [ 23.722128289406797, 37.996804678269541 ], [ 23.722220419343447, 37.996796292241115 ], [ 23.722220508213056, 37.996796283438158 ], [ 23.723137688921536, 37.996703411072943 ], [ 23.723137906771793, 37.996706054148738 ], [ 23.723154027393917, 37.996901731881579 ], [ 23.723188535543333, 37.997284858532041 ], [ 23.723251736733573, 37.997893373480828 ], [ 23.723368161657874, 37.999114886039898 ], [ 23.723488913409394, 38.000417523865018 ], [ 23.723583293319884, 38.001350573403009 ], [ 23.72336963022962, 38.001377109530281 ], [ 23.723314393584172, 38.001384922601957 ], [ 23.723269887449085, 38.001391217900043 ], [ 23.723217968176364, 38.001398561051957 ], [ 23.723181595390741, 38.001403705591976 ], [ 23.723525313239648, 38.001909232378608 ], [ 23.723986054744298, 38.00243756488203 ], [ 23.724255048876991, 38.002749138335993 ], [ 23.724432989141619, 38.00294783754314 ], [ 23.725211679786558, 38.003837422671836 ], [ 23.72555158818108, 38.004225767764645 ], [ 23.725948199407654, 38.004681840166192 ], [ 23.726259738787249, 38.005043078592962 ], [ 23.726600676487951, 38.00544494221824 ], [ 23.726644664198158, 38.005485602163127 ], [ 23.726652037902554, 38.005496499579493 ], [ 23.726790592365248, 38.005701262058125 ], [ 23.72720967823809, 38.006320599991255 ], [ 23.727307643853059, 38.00649207076367 ], [ 23.727476607977785, 38.006812417515626 ], [ 23.727633726226731, 38.00715977503301 ], [ 23.727834839014189, 38.007836202007951 ], [ 23.727870607888033, 38.00800785548379 ], [ 23.727885563292475, 38.00807962941311 ], [ 23.727916916988111, 38.008234086110733 ], [ 23.727919578987887, 38.008247672782517 ], [ 23.728039256598322, 38.008967783447297 ], [ 23.728192149878481, 38.009882937695714 ], [ 23.728321174013406, 38.010707908333551 ], [ 23.728391145809017, 38.011136178589794 ], [ 23.728398050564557, 38.011183319831574 ], [ 23.72839811722384, 38.011183777836415 ], [ 23.728483490576934, 38.011766674932232 ], [ 23.728484900652969, 38.011776304772305 ], [ 23.728499602148545, 38.011883929156191 ], [ 23.728509851292259, 38.011958959239749 ], [ 23.72853724122978, 38.01215947010143 ], [ 23.728523819274837, 38.012223184029331 ], [ 23.728516519284025, 38.012257835857419 ], [ 23.728692312187007, 38.01224177153474 ], [ 23.728776482552874, 38.012238488544483 ], [ 23.728813037991465, 38.012237062299491 ], [ 23.730260590491486, 38.012352704583975 ], [ 23.731046264878469, 38.012449138568925 ], [ 23.73108379233366, 38.012408666736775 ], [ 23.731165026857695, 38.01180499406334 ] ] ] } },
{ "type": "Feature", "properties": { "muni_id": 7, "year": 2050, "kwh_per_user_muni": 982.04480934756305, "ac_share_muni": 0.88720833219977357, "kwh_pc_overall": 871.27834718438044, "kwh_muni": 90434856.547851562 }, "geometry": { "type": "Polygon", "coordinates": [ [ [ 23.7693163915126, 37.998123428594106 ], [ 23.76940745050565, 37.998141632835967 ], [ 23.769508021228834, 37.99819140058748 ], [ 23.769557138185657, 37.998191496832092 ], [ 23.76987453253988, 37.998561644695926 ], [ 23.769973496356002, 37.998669992357868 ], [ 23.770364725136698, 37.998990712640442 ], [ 23.771545746198118, 37.999889789984763 ], [ 23.771761647796644, 38.000052440230299 ], [ 23.771908843238492, 38.000102649690788 ], [ 23.772554853175237, 38.000224867437773 ], [ 23.773258281060428, 38.000357943757507 ], [ 23.773498305396707, 38.000403351461259 ], [ 23.77360740343169, 38.000423990010006 ], [ 23.77385081469011, 38.000448534289632 ], [ 23.774315251534695, 38.000550940688761 ], [ 23.77496060519487, 38.000678813037098 ], [ 23.775519213074759, 38.000293697593435 ], [ 23.775981553009434, 37.99997494603786 ], [ 23.776680522516948, 37.99949304473558 ], [ 23.777161434678622, 37.999161476846808 ], [ 23.777514982468976, 37.998918605715538 ], [ 23.777952069170638, 37.998652009929863 ], [ 23.778022354788192, 37.998609139636798 ], [ 23.778217260653459, 37.998136527855877 ], [ 23.77825685719165, 37.998023485046758 ], [ 23.778280070347208, 37.99805480517098 ], [ 23.778464635153799, 37.998303823551865 ], [ 23.779067395281103, 37.999117066543846 ], [ 23.78234165427639, 38.003367352513933 ], [ 23.787116271726774, 38.001000544338503 ], [ 23.78521744642498, 37.999870487218715 ], [ 23.784996835267318, 37.999725878704005 ], [ 23.784148122680502, 37.999057373986602 ], [ 23.783755843714669, 37.998723452280743 ], [ 23.783851391512581, 37.998655757614152 ], [ 23.783860857097462, 37.998583672278528 ], [ 23.785601761678677, 37.996975052270535 ], [ 23.787091768275037, 37.99559818788633 ], [ 23.787268902084541, 37.995434499821641 ], [ 23.790484933538874, 37.992462416259166 ], [ 23.790585777087728, 37.99175307616882 ], [ 23.790751281752975, 37.990953624171446 ], [ 23.789843007785521, 37.990554209920695 ], [ 23.788936810746808, 37.991089694852903 ], [ 23.787852820580316, 37.99107422545778 ], [ 23.787853597237635, 37.991051694724661 ], [ 23.787858301045709, 37.991024664647597 ], [ 23.787869411930998, 37.990997646125443 ], [ 23.787883712233281, 37.990975139780673 ], [ 23.787900490181364, 37.990957144328696 ], [ 23.787922251655374, 37.990939157859806 ], [ 23.788905894993977, 37.990328053188158 ], [ 23.788870383097318, 37.990300950886486 ], [ 23.788834873504431, 37.990273848578127 ], [ 23.787866928178914, 37.990871461693303 ], [ 23.787763248217836, 37.990911832502981 ], [ 23.787649617479559, 37.990947678829819 ], [ 23.787527127913069, 37.990969989763869 ], [ 23.787421759793194, 37.99097881223436 ], [ 23.787324221131716, 37.990987648767259 ], [ 23.787225607847198, 37.990999084384818 ], [ 23.787002867760989, 37.990982560857425 ], [ 23.786766108846116, 37.990892003348762 ], [ 23.786703797918442, 37.990858357147886 ], [ 23.786378507371602, 37.990682709259168 ], [ 23.786071083698605, 37.990516707877191 ], [ 23.785495392519348, 37.990227248085525 ], [ 23.785324476531056, 37.990136807724411 ], [ 23.785249200432357, 37.990078086758302 ], [ 23.785162693959588, 37.989965268103077 ], [ 23.78512905356191, 37.98966327600899 ], [ 23.785129854831059, 37.989266711824584 ], [ 23.785143203617597, 37.988960299098423 ], [ 23.785502893963503, 37.98838413272582 ], [ 23.785517844070849, 37.988360288533208 ], [ 23.785821812966805, 37.987875487395698 ], [ 23.78594752452674, 37.987722497637641 ], [ 23.786099478295167, 37.987601100469711 ], [ 23.7862601480902, 37.987493744751596 ], [ 23.78639542572639, 37.987403355375854 ], [ 23.787457150302714, 37.986359786874644 ], [ 23.784479544736627, 37.984780579979585 ], [ 23.783049171451061, 37.984021914635747 ], [ 23.783018964793975, 37.984005892632076 ], [ 23.783042185955232, 37.983976837433026 ], [ 23.784817507319133, 37.981794478515404 ], [ 23.78548193054365, 37.980983966113747 ], [ 23.785702781955777, 37.980714550396485 ], [ 23.78555707961247, 37.980639460034048 ], [ 23.785035876313476, 37.98037084454112 ], [ 23.784874552516431, 37.980537287712373 ], [ 23.784649968213607, 37.980676576256165 ], [ 23.784267036432205, 37.980815574072601 ], [ 23.783869236211554, 37.980927504714352 ], [ 23.783507032911483, 37.98103499309142 ], [ 23.783409346945838, 37.981052942653236 ], [ 23.78302140529259, 37.981124227017141 ], [ 23.782567369485189, 37.981118882219249 ], [ 23.782129480246287, 37.981068501234915 ], [ 23.781825670516753, 37.981883602656005 ], [ 23.781740909560099, 37.982027651285321 ], [ 23.781578706949126, 37.982126491747714 ], [ 23.781438425886552, 37.98215326978638 ], [ 23.781252568937347, 37.982188975779934 ], [ 23.781006166449004, 37.982230198214154 ], [ 23.780320145514835, 37.982344963310055 ], [ 23.780225961327986, 37.982368094652252 ], [ 23.780150614847123, 37.982386599673248 ], [ 23.780104619519673, 37.9823978951475 ], [ 23.77993596150359, 37.982439315621868 ], [ 23.778080219721435, 37.982895050075257 ], [ 23.778013095658668, 37.982914790479171 ], [ 23.77795841166229, 37.982930871670852 ], [ 23.77789181461306, 37.982948771671929 ], [ 23.777871785031042, 37.98295014256157 ], [ 23.77784515750778, 37.982951965149759 ], [ 23.777827748647859, 37.982953157118857 ], [ 23.777749489585116, 37.98294399641857 ], [ 23.777678361067128, 37.982930342710809 ], [ 23.777621480030216, 37.982912209463095 ], [ 23.777550365170292, 37.982894049271458 ], [ 23.77749338843946, 37.982876326767439 ], [ 23.777477484153067, 37.982871379263422 ], [ 23.777417044750738, 37.982853239185388 ], [ 23.77729898556564, 37.982825977138994 ], [ 23.777232839088533, 37.982812332593781 ], [ 23.7771520626445, 37.982812179593438 ], [ 23.777069122721745, 37.982821035302166 ], [ 23.777007507402388, 37.982838944243881 ], [ 23.776886383324733, 37.982883778890397 ], [ 23.776842490852047, 37.982924253520679 ], [ 23.776706626911583, 37.98310064603357 ], [ 23.776674622585464, 37.9831421967694 ], [ 23.776634103533908, 37.983194802730338 ], [ 23.776299736554744, 37.983628906418467 ], [ 23.776296714993006, 37.983632829379381 ], [ 23.776215147578561, 37.983738725888117 ], [ 23.774793207481224, 37.983863027703769 ], [ 23.774701658769978, 37.983871029765275 ], [ 23.774496278194761, 37.98388866194319 ], [ 23.774283751755451, 37.983915292913181 ], [ 23.774082329245733, 37.98394107688668 ], [ 23.774040964558889, 37.983946371805168 ], [ 23.774035351180004, 37.983947301964953 ], [ 23.773772159071214, 37.983990919453269 ], [ 23.773491294721577, 37.984021923972932 ], [ 23.773279151694929, 37.984039541002367 ], [ 23.773078068298208, 37.98404816612269 ], [ 23.773027589428224, 37.984047058390274 ], [ 23.772861588284858, 37.984043416726237 ], [ 23.772852827469983, 37.984043224959628 ], [ 23.772603786899893, 37.98402471806596 ], [ 23.772355088956868, 37.984010717739295 ], [ 23.772113235337638, 37.983969691560283 ], [ 23.77191375560291, 37.983919734193094 ], [ 23.771883320124211, 37.98390779982703 ], [ 23.771847481108836, 37.983893746864155 ], [ 23.771644827251428, 37.983819083135067 ], [ 23.771357993471828, 37.984145149371386 ], [ 23.771308779444684, 37.984196225125451 ], [ 23.770866905762237, 37.984654800331164 ], [ 23.770823668374096, 37.984694872000361 ], [ 23.770149204873544, 37.984232004691528 ], [ 23.76939646549874, 37.983842707977551 ], [ 23.768733219580405, 37.983536835124141 ], [ 23.768663222149588, 37.983504566630863 ], [ 23.768254768295989, 37.983320765480443 ], [ 23.768254424886226, 37.983320611585228 ], [ 23.766701401529051, 37.982622586882776 ], [ 23.766055796772555, 37.982334711843095 ], [ 23.76451425796466, 37.981647318022759 ], [ 23.763998281176121, 37.981417228320453 ], [ 23.76347683494069, 37.981184697286892 ], [ 23.762297102160328, 37.980658597909795 ], [ 23.761816095188326, 37.980444088527278 ], [ 23.761503212595859, 37.98030455370337 ], [ 23.76128143341311, 37.9802056472966 ], [ 23.761158928016826, 37.980205694249847 ], [ 23.7609844068458, 37.980205761578183 ], [ 23.760258595458613, 37.980206038492661 ], [ 23.759273235655638, 37.98020612075873 ], [ 23.75876542142294, 37.980201712358095 ], [ 23.758281763930281, 37.979987342616333 ], [ 23.757487604975328, 37.979635343708992 ], [ 23.756701950385263, 37.979287106371224 ], [ 23.756357536197278, 37.979751637701419 ], [ 23.756097417770633, 37.980075561830901 ], [ 23.756095269165325, 37.980077950291772 ], [ 23.756048844463137, 37.980129538302144 ], [ 23.755976876795255, 37.980156427628636 ], [ 23.75597658493318, 37.980156536980125 ], [ 23.755881394266918, 37.980192280979573 ], [ 23.754938462605086, 37.980717375598424 ], [ 23.754938108960232, 37.980717572243428 ], [ 23.754941417884272, 37.980721021149698 ], [ 23.755317796297966, 37.981113348693022 ], [ 23.755319314604538, 37.981114931806218 ], [ 23.755227244023288, 37.981196121913591 ], [ 23.755212113231167, 37.981209463715309 ], [ 23.755184595934033, 37.981233728563929 ], [ 23.75505880461909, 37.981339711238704 ], [ 23.754113863748778, 37.981928082352297 ], [ 23.753293126907458, 37.982507693491399 ], [ 23.753059651168556, 37.982732525123552 ], [ 23.752895509200407, 37.982867373342792 ], [ 23.752616049546866, 37.983114639621917 ], [ 23.752430971913746, 37.983019615213202 ], [ 23.751854188605044, 37.983216682809775 ], [ 23.75165448901857, 37.983291399778103 ], [ 23.75148305425299, 37.983351632072328 ], [ 23.751645221280313, 37.984085982730456 ], [ 23.751751824601577, 37.984497758305196 ], [ 23.751855547956112, 37.984820974552605 ], [ 23.751992147295255, 37.985258386215868 ], [ 23.751946264985023, 37.985357430894339 ], [ 23.751402329277912, 37.986149413926682 ], [ 23.750514557258384, 37.98632779143643 ], [ 23.749257891075469, 37.986568466434818 ], [ 23.748302880798306, 37.986737671021956 ], [ 23.747937653759799, 37.986561138289694 ], [ 23.747761454142061, 37.986470632037673 ], [ 23.747389901463556, 37.986271551898895 ], [ 23.746851359404189, 37.985995502053335 ], [ 23.7459842270849, 37.985552002783841 ], [ 23.745828477636053, 37.985744362992051 ], [ 23.745819251970612, 37.985755756936562 ], [ 23.745565165903933, 37.986069566975686 ], [ 23.745565043534356, 37.986069718126956 ], [ 23.745452437063143, 37.986208791598827 ], [ 23.745341660958971, 37.986346646778685 ], [ 23.745331358629812, 37.986359467791267 ], [ 23.745107422783995, 37.98663814147514 ], [ 23.745102970375342, 37.986643682843464 ], [ 23.744978876863396, 37.986798107782178 ], [ 23.744896684826276, 37.986897070943357 ], [ 23.744810547404278, 37.987005038338779 ], [ 23.744607880873968, 37.987261464787409 ], [ 23.744279416845156, 37.987670835940648 ], [ 23.744146470416428, 37.987832778170336 ], [ 23.743909897041412, 37.988116168169796 ], [ 23.743747302522586, 37.988309590359229 ], [ 23.743556792242384, 37.988548015710919 ], [ 23.743341274227056, 37.988813424728221 ], [ 23.743015674657428, 37.989213785625132 ], [ 23.742850112035818, 37.989449984942027 ], [ 23.742842209161896, 37.989461259862964 ], [ 23.742461936658074, 37.989788786675803 ], [ 23.741908892894084, 37.989315010099745 ], [ 23.741708360480438, 37.989161351486452 ], [ 23.741295623086149, 37.988935123199433 ], [ 23.740930771728696, 37.988742836780915 ], [ 23.740797606586785, 37.988672654166812 ], [ 23.740309822946607, 37.989243894187169 ], [ 23.740266927187719, 37.989297876567107 ], [ 23.740175782006567, 37.989410335876762 ], [ 23.739817293332532, 37.989846666587574 ], [ 23.73997081826138, 37.990311167728507 ], [ 23.739752891670125, 37.990346737145693 ], [ 23.739757964942267, 37.990522498884957 ], [ 23.739856307089958, 37.990892243132947 ], [ 23.739868604474569, 37.990937334561075 ], [ 23.739875982001426, 37.990964389415161 ], [ 23.73991182081814, 37.99109515493484 ], [ 23.740035114963995, 37.991555082623897 ], [ 23.740169670798483, 37.992051086405802 ], [ 23.740259194434895, 37.99238912519121 ], [ 23.740259231521261, 37.992389265873463 ], [ 23.740259335010599, 37.992389307561083 ], [ 23.740531463215113, 37.992498020850071 ], [ 23.740866412008501, 37.992584381276579 ], [ 23.741078688968564, 37.992638925820039 ], [ 23.741079892439018, 37.992672387750247 ], [ 23.741080959038253, 37.992702020722952 ], [ 23.742190680002118, 37.99315330603546 ], [ 23.742819352724197, 37.993408958063256 ], [ 23.742946318749627, 37.993431938961592 ], [ 23.743425082053843, 37.993368829985876 ], [ 23.744024662763753, 37.993289792284493 ], [ 23.74429280802774, 37.993245311322852 ], [ 23.744710354407882, 37.993633770583941 ], [ 23.744751282259553, 37.993673561882986 ], [ 23.744942256023972, 37.993859232440009 ], [ 23.744998375820003, 37.993913793493299 ], [ 23.745115448147683, 37.994022201358582 ], [ 23.745551803184622, 37.994428724034151 ], [ 23.745874291824936, 37.994726845010923 ], [ 23.745969347361108, 37.994821685181705 ], [ 23.746269013811812, 37.995133275028884 ], [ 23.746576599799589, 37.995473861951503 ], [ 23.746613741102088, 37.995467797918153 ], [ 23.746724555311779, 37.995449706279707 ], [ 23.747333153872365, 37.995347367577089 ], [ 23.747385193371919, 37.995324947254886 ], [ 23.747785575477874, 37.995135790572732 ], [ 23.748041948083255, 37.995508423459867 ], [ 23.748060835375171, 37.995543162452726 ], [ 23.748116310113073, 37.995645193959852 ], [ 23.748257520979152, 37.995904912861526 ], [ 23.748284832476578, 37.995955144892825 ], [ 23.748307993688961, 37.995997743173724 ], [ 23.748196873491963, 37.99604124734828 ], [ 23.747676733981017, 37.996244882732299 ], [ 23.747240512512874, 37.996415190044921 ], [ 23.746655072048181, 37.996632371943221 ], [ 23.746508074124147, 37.996701239570882 ], [ 23.746327637574463, 37.996775888737425 ], [ 23.745942502786257, 37.996901148867316 ], [ 23.746058674883923, 37.997011797999043 ], [ 23.746087337667614, 37.997039098478751 ], [ 23.746387519305188, 37.997264018882525 ], [ 23.746732730909663, 37.997522676803648 ], [ 23.746965994425711, 37.997689916354112 ], [ 23.747303234253661, 37.997947507244113 ], [ 23.747851739974408, 37.998354262066044 ], [ 23.748000840985124, 37.998467242070717 ], [ 23.748079299655664, 37.998525993581538 ], [ 23.74850571386127, 37.998833342562776 ], [ 23.748673990557808, 37.998959881962136 ], [ 23.749071847658854, 37.999256262318468 ], [ 23.749458053026355, 37.999258302379836 ], [ 23.749747463907568, 37.999259829724359 ], [ 23.750096717338252, 37.999261672793104 ], [ 23.750354348101048, 37.999683073336143 ], [ 23.750256743183865, 37.999918688731924 ], [ 23.750214834641412, 38.000018052753042 ], [ 23.750228516132502, 38.000155720399142 ], [ 23.750269350256545, 38.000215018723466 ], [ 23.750340309649438, 38.000256772611436 ], [ 23.750352564645567, 38.000374841507465 ], [ 23.750376364011981, 38.00054075339014 ], [ 23.750403601355476, 38.000905830927181 ], [ 23.750405470970804, 38.000909707709013 ], [ 23.750431877433169, 38.000964474342574 ], [ 23.750440099554332, 38.000972285185497 ], [ 23.750441347292114, 38.000973470316644 ], [ 23.750683781203396, 38.001203848657802 ], [ 23.750936725772338, 38.001364637242169 ], [ 23.751155813117585, 38.001502271786975 ], [ 23.751441030030243, 38.001574977558889 ], [ 23.751482301865231, 38.001585083438542 ], [ 23.751500906914032, 38.001589639080088 ], [ 23.751626676562118, 38.001620433912962 ], [ 23.75177167264679, 38.001655300631285 ], [ 23.751789695309711, 38.001659634183596 ], [ 23.75180379955798, 38.001663025734814 ], [ 23.751879676633017, 38.001681271882909 ], [ 23.751880408421655, 38.001681447374374 ], [ 23.7518803567764, 38.002194727103571 ], [ 23.751880346896421, 38.002287918851692 ], [ 23.75186796984854, 38.002580809730262 ], [ 23.751797498750289, 38.002896110081302 ], [ 23.751794560076835, 38.002923142368772 ], [ 23.751750052474307, 38.003356360933076 ], [ 23.751749661475383, 38.003360169830607 ], [ 23.75195906155195, 38.003540868222288 ], [ 23.752005477352981, 38.003604055905846 ], [ 23.752178305047927, 38.004393042667132 ], [ 23.752291147096994, 38.004920530776467 ], [ 23.752366721430857, 38.005204593963022 ], [ 23.75244097166944, 38.005353461911263 ], [ 23.752879403458358, 38.005809531672767 ], [ 23.752846844468863, 38.00585903379411 ], [ 23.752793346209309, 38.00589046624372 ], [ 23.75325754618127, 38.006094229625504 ], [ 23.753362017196345, 38.006141212705217 ], [ 23.753527352001353, 38.006215567228708 ], [ 23.753660242680887, 38.006275330300404 ], [ 23.753723266323334, 38.006298228688216 ], [ 23.754074814184246, 38.006425956829496 ], [ 23.754075722474827, 38.006462655345707 ], [ 23.754079496546979, 38.006472113184124 ], [ 23.754202817983444, 38.006781183700546 ], [ 23.755522511135858, 38.006418915046133 ], [ 23.758040030648427, 38.005612967093789 ], [ 23.759668453873235, 38.005093562065689 ], [ 23.760487799873811, 38.0048266296306 ], [ 23.76062656166005, 38.004781421691412 ], [ 23.761705999927134, 38.004429742161619 ], [ 23.761716645295412, 38.004426273962878 ], [ 23.762449201645712, 38.003808809726216 ], [ 23.762476896176885, 38.003783394501788 ], [ 23.76296224573386, 38.003380693533025 ], [ 23.763174688350336, 38.003204425858662 ], [ 23.763759397674423, 38.002719273012922 ], [ 23.764096290643351, 38.002439738477776 ], [ 23.76454342009766, 38.002068729845206 ], [ 23.764995961687177, 38.00169322568334 ], [ 23.765354119210059, 38.001393051825701 ], [ 23.765433217533996, 38.001326757979093 ], [ 23.765617802209377, 38.001164772374949 ], [ 23.765953214941234, 38.000887082517146 ], [ 23.766706373162368, 38.000262376059389 ], [ 23.76720937636431, 37.999845151867305 ], [ 23.768958499361997, 37.99839426042989 ], [ 23.769194029204296, 37.998213316935285 ], [ 23.769291688933123, 37.998141575262672 ], [ 23.7693163915126, 37.998123428594106 ] ] ] } }
]
}
