{
"type": "FeatureCollection",
"name": "athens_cap_ac_consumption_map",
"crs": { "type": "name", "properties": { "name": "urn:ogc:def:crs:OGC:1.3:CRS84" } },
"features": [
{ "type": "Feature", "properties": { "zone_id": 1, "year": 2020, "kwh_per_user_cap": 705.09039, "ac_share_cap": 0.89097368429731671, "kwh_pc_overall": 628.21697843427853, "kwh_cap": 1747549.201171875 }, "geometry": { "type": "Polygon", "coordinates": [ [ [ 23.737190263, 37.960382261 ], [ 23.737164068, 37.960445292 ], [ 23.736979577, 37.960771048 ], [ 23.736816343, 37.960726894 ], [ 23.736780885, 37.96075908 ], [ 23.736577676, 37.96094354 ], [ 23.736430924, 37.961062695 ], [ 23.736372336, 37.961110266 ], [ 23.736354759, 37.96114548 ], [ 23.735632658, 37.961721692 ], [ 23.735251754, 37.961991222 ], [ 23.735233077, 37.962040751 ], [ 23.735037465, 37.9625225 ], [ 23.734848996, 37.962995252 ], [ 23.734678847, 37.963418474 ], [ 23.734505106, 37.963850701 ], [ 23.734342133, 37.964255913 ], [ 23.7343171, 37.964291908 ], [ 23.734877779, 37.964515291 ], [ 23.735108237, 37.964607108 ], [ 23.73540138, 37.964723897 ], [ 23.735930922, 37.964934868 ], [ 23.735956924, 37.964962002 ], [ 23.735955515, 37.964992768 ], [ 23.735904306, 37.965079444 ], [ 23.735951911, 37.965097698 ], [ 23.73595289, 37.965098074 ], [ 23.736483973, 37.965301718 ], [ 23.736974974, 37.965487581 ], [ 23.737400614, 37.965646257 ], [ 23.737867105, 37.965823049 ], [ 23.737869724, 37.965787003 ], [ 23.737875736, 37.965775112 ], [ 23.737876243, 37.96577411 ], [ 23.737947113, 37.965633956 ], [ 23.738419467, 37.965324982 ], [ 23.738429578, 37.965318369 ], [ 23.738458984, 37.965299134 ], [ 23.738702373, 37.965139928 ], [ 23.738962696, 37.964563681 ], [ 23.739575729, 37.964245082 ], [ 23.740206234, 37.963912999 ], [ 23.740977882, 37.963504614 ], [ 23.741602039, 37.962801412 ], [ 23.741608634, 37.962793983 ], [ 23.740660359, 37.962277021 ], [ 23.740111248, 37.96197766 ], [ 23.740015086, 37.961925235 ], [ 23.739995601, 37.961914391 ], [ 23.739794842, 37.96180266 ], [ 23.739462275, 37.961617574 ], [ 23.739444168, 37.961606516 ], [ 23.73936262, 37.961556716 ], [ 23.739305857, 37.961522051 ], [ 23.739136404, 37.961418568 ], [ 23.737478704, 37.960500072 ], [ 23.737190263, 37.960382261 ] ] ] } },
{ "type": "Feature", "properties": { "zone_id": 2, "year": 2020, "kwh_per_user_cap": 524.56512, "ac_share_cap": 0.63093692114367383, "kwh_pc_overall": 330.96749753141137, "kwh_cap": 6227250.62109375 }, "geometry": { "type": "Polygon", "coordinates": [ [ [ 23.729190879, 38.014761173 ], [ 23.729203505, 38.014716138 ], [ 23.729214318, 38.014680111 ], [ 23.729086568, 38.013891196 ], [ 23.729060407, 38.013841566 ], [ 23.729039908, 38.013800961 ], [ 23.728930582, 38.013133761 ], [ 23.728803398, 38.012402578 ], [ 23.728811723, 38.012259625 ], [ 23.728813038, 38.012237062 ], [ 23.728776483, 38.012238489 ], [ 23.728692312, 38.012241772 ], [ 23.728516519, 38.012257836 ], [ 23.728626346, 38.012374727 ], [ 23.728557552, 38.012889142 ], [ 23.728468993, 38.013772606 ], [ 23.72840634, 38.014736831 ], [ 23.728052733, 38.014763053 ], [ 23.727397206, 38.014797586 ], [ 23.726961024, 38.014819106 ], [ 23.726409107, 38.014849368 ], [ 23.726337891, 38.014853709 ], [ 23.726248875, 38.014858008 ], [ 23.725660646, 38.014888182 ], [ 23.725232294, 38.014909714 ], [ 23.724764782, 38.014931153 ], [ 23.724268078, 38.014952521 ], [ 23.723694105, 38.014978213 ], [ 23.72361148, 38.014987031 ], [ 23.722653891, 38.014971258 ], [ 23.722142692, 38.014965544 ], [ 23.722005971, 38.014969728 ], [ 23.720500856, 38.014952641 ], [ 23.719519061, 38.014936784 ], [ 23.719412617, 38.01493653 ], [ 23.719224189, 38.014963119 ], [ 23.719173603, 38.014972011 ], [ 23.719490179, 38.015509028 ], [ 23.719945482, 38.01607792 ], [ 23.720179961, 38.016327045 ], [ 23.720821234, 38.016949726 ], [ 23.720902232, 38.017026067 ], [ 23.720921908, 38.017044611 ], [ 23.722635628, 38.018217753 ], [ 23.723481033, 38.01895943 ], [ 23.723508888, 38.018983968 ], [ 23.723650331, 38.019146531 ], [ 23.723703344, 38.019220139 ], [ 23.724121744, 38.019801066 ], [ 23.724159976, 38.019859739 ], [ 23.724956881, 38.020113964 ], [ 23.725110585, 38.020185228 ], [ 23.725298788, 38.020272487 ], [ 23.725444407, 38.020395273 ], [ 23.725459564, 38.020408054 ], [ 23.725573327, 38.020548018 ], [ 23.725717796, 38.020760156 ], [ 23.726466106, 38.021795915 ], [ 23.726466145, 38.021795967 ], [ 23.726616079, 38.022001508 ], [ 23.726708992, 38.02209879 ], [ 23.72704482, 38.022462156 ], [ 23.7281016, 38.022928763 ], [ 23.728290613, 38.023037354 ], [ 23.728418751, 38.023240438 ], [ 23.728706106, 38.024101823 ], [ 23.728907989, 38.024548444 ], [ 23.730301319, 38.025565249 ], [ 23.730905738, 38.025959006 ], [ 23.731017776, 38.025977754 ], [ 23.73124423, 38.025991325 ], [ 23.731304644, 38.026023008 ], [ 23.73129526, 38.025978103 ], [ 23.731292395, 38.025964396 ], [ 23.731370838, 38.025929925 ], [ 23.731481211, 38.025859222 ], [ 23.73166743, 38.025739933 ], [ 23.731832578, 38.025618103 ], [ 23.731973702, 38.025513994 ], [ 23.731984102, 38.025506323 ], [ 23.731988879, 38.025503097 ], [ 23.732003462, 38.025493247 ], [ 23.732057734, 38.02545659 ], [ 23.732104984, 38.025424676 ], [ 23.732163148, 38.025385391 ], [ 23.732237695, 38.025335039 ], [ 23.732343173, 38.025263795 ], [ 23.73302752, 38.024769647 ], [ 23.733244196, 38.024616922 ], [ 23.733492641, 38.024441736 ], [ 23.733552165, 38.024423845 ], [ 23.73402288, 38.024222123 ], [ 23.734522463, 38.024011451 ], [ 23.734818434, 38.02388594 ], [ 23.735065546, 38.023782849 ], [ 23.735456011, 38.023616992 ], [ 23.735496561, 38.023595739 ], [ 23.735570966, 38.023556584 ], [ 23.735658998, 38.023510256 ], [ 23.735673658, 38.023502541 ], [ 23.735695746, 38.023490917 ], [ 23.735692881, 38.02348919 ], [ 23.735311258, 38.023259205 ], [ 23.7349277, 38.023007438 ], [ 23.734777809, 38.02290796 ], [ 23.733588226, 38.022134677 ], [ 23.73344656, 38.022026202 ], [ 23.733162259, 38.021782212 ], [ 23.732881263, 38.02151119 ], [ 23.732476442, 38.021023578 ], [ 23.732314869, 38.020712269 ], [ 23.732036173, 38.020202411 ], [ 23.73197774, 38.020116656 ], [ 23.731910458, 38.020017362 ], [ 23.731904437, 38.020008336 ], [ 23.731682254, 38.019604674 ], [ 23.731453197, 38.019367397 ], [ 23.731201613, 38.018943221 ], [ 23.730687227, 38.018049776 ], [ 23.730655499, 38.017964082 ], [ 23.730153909, 38.017079678 ], [ 23.729754116, 38.016398293 ], [ 23.729690721, 38.016308019 ], [ 23.729627344, 38.016213239 ], [ 23.729339561, 38.015473527 ], [ 23.729205077, 38.014869359 ], [ 23.729190879, 38.014761173 ] ] ] } },
{ "type": "Feature", "properties": { "zone_id": 3, "year": 2020, "kwh_per_user_cap": 766.58258, "ac_share_cap": 0.37643826137126013, "kwh_pc_overall": 288.57101396848128, "kwh_cap": 5969799.078125 }, "geometry": { "type": "Polygon", "coordinates": [ [ [ 23.721780841, 37.981369359 ], [ 23.721417029, 37.981877724 ], [ 23.720884028, 37.982615515 ], [ 23.720505157, 37.98315088 ], [ 23.720355947, 37.983366834 ], [ 23.71984221, 37.98408664 ], [ 23.71930772, 37.984833432 ], [ 23.719288314, 37.984928135 ], [ 23.719287414, 37.984932525 ], [ 23.719270208, 37.985058664 ], [ 23.719249816, 37.985180289 ], [ 23.718785547, 37.985892875 ], [ 23.718428784, 37.986368331 ], [ 23.718166521, 37.986741347 ], [ 23.717995225, 37.986942126 ], [ 23.717995463, 37.986942339 ], [ 23.718042337, 37.986984193 ], [ 23.7182148, 37.987053863 ], [ 23.718253208, 37.987106572 ], [ 23.718309152, 37.987183344 ], [ 23.71842391, 37.987254627 ], [ 23.718867951, 37.987622315 ], [ 23.719290228, 37.987649906 ], [ 23.720005763, 37.987719154 ], [ 23.720006002, 37.987719177 ], [ 23.720006334, 37.987719209 ], [ 23.720033799, 37.987803925 ], [ 23.719998236, 37.987860475 ], [ 23.719884658, 37.988041078 ], [ 23.719839962, 37.988295201 ], [ 23.719866703, 37.988419927 ], [ 23.72007757, 37.989403459 ], [ 23.720180323, 37.989882706 ], [ 23.720295593, 37.990360661 ], [ 23.720322568, 37.990473386 ], [ 23.720308558, 37.990503332 ], [ 23.72027413, 37.990576918 ], [ 23.720302027, 37.990703229 ], [ 23.720325911, 37.990811375 ], [ 23.720407149, 37.9909738 ], [ 23.720452682, 37.991073049 ], [ 23.720674129, 37.991519711 ], [ 23.720823664, 37.991742964 ], [ 23.720991568, 37.991993638 ], [ 23.721037797, 37.992097396 ], [ 23.721023525, 37.99220101 ], [ 23.721034061, 37.992278158 ], [ 23.721034676, 37.99227813 ], [ 23.721218339, 37.992269588 ], [ 23.721321165, 37.992264805 ], [ 23.721345509, 37.992263673 ], [ 23.721443733, 37.992259105 ], [ 23.721556237, 37.992253871 ], [ 23.72187432, 37.992239076 ], [ 23.722298626, 37.992217546 ], [ 23.723105259, 37.992169877 ], [ 23.723333944, 37.992116338 ], [ 23.724330196, 37.992087133 ], [ 23.725073427, 37.992052821 ], [ 23.726044477, 37.992005516 ], [ 23.726943263, 37.991962542 ], [ 23.726943306, 37.991962541 ], [ 23.726943951, 37.991962525 ], [ 23.726946355, 37.991962466 ], [ 23.726950648, 37.991962361 ], [ 23.727111259, 37.991958425 ], [ 23.727911069, 37.991829592 ], [ 23.728644985, 37.99171412 ], [ 23.729059471, 37.991651986 ], [ 23.729845021, 37.991527613 ], [ 23.729757338, 37.991175911 ], [ 23.7295083, 37.990183925 ], [ 23.729343843, 37.989516596 ], [ 23.729181133, 37.988858284 ], [ 23.729114073, 37.988804053 ], [ 23.729058401, 37.988556071 ], [ 23.729058461, 37.988555873 ], [ 23.729084339, 37.988470509 ], [ 23.72902087, 37.988213496 ], [ 23.728915022, 37.987771623 ], [ 23.728914524, 37.987769629 ], [ 23.728784207, 37.987248576 ], [ 23.728642835, 37.98669396 ], [ 23.72850499, 37.986148364 ], [ 23.728365416, 37.985589245 ], [ 23.728224505, 37.985027294 ], [ 23.728224094, 37.985025614 ], [ 23.728125232, 37.984611034 ], [ 23.728079936, 37.984421092 ], [ 23.728066037, 37.984362805 ], [ 23.728099165, 37.984360058 ], [ 23.728098239, 37.984351146 ], [ 23.728073715, 37.98411497 ], [ 23.727617822, 37.98390325 ], [ 23.727361806, 37.983784352 ], [ 23.726592307, 37.983440078 ], [ 23.725801838, 37.983091243 ], [ 23.725715874, 37.983050485 ], [ 23.724951678, 37.982719731 ], [ 23.722962568, 37.981845097 ], [ 23.722516723, 37.981647052 ], [ 23.721807206, 37.981331877 ], [ 23.721780841, 37.981369359 ] ] ] } },
{ "type": "Feature", "properties": { "zone_id": 4, "year": 2020, "kwh_per_user_cap": 793.25244, "ac_share_cap": 0.40065747618876085, "kwh_pc_overall": 317.82250912589734, "kwh_cap": 4832823.404296875 }, "geometry": { "type": "Polygon", "coordinates": [ [ [ 23.713947562, 37.992679743 ], [ 23.713118709, 37.992312681 ], [ 23.712596785, 37.992086086 ], [ 23.712563864, 37.992072058 ], [ 23.71207556, 37.991863997 ], [ 23.712078846, 37.991859061 ], [ 23.712104, 37.991821275 ], [ 23.712288207, 37.991544561 ], [ 23.712530532, 37.991189147 ], [ 23.712856247, 37.990712262 ], [ 23.71306397, 37.990409265 ], [ 23.713268219, 37.990109406 ], [ 23.713437193, 37.989852952 ], [ 23.713509874, 37.989740469 ], [ 23.713776421, 37.989376097 ], [ 23.713928255, 37.989163424 ], [ 23.714011135, 37.989052206 ], [ 23.714145288, 37.988872275 ], [ 23.714300202, 37.98866085 ], [ 23.714446522, 37.988462922 ], [ 23.714810007, 37.987968098 ], [ 23.71487258, 37.98789164 ], [ 23.715108387, 37.987558736 ], [ 23.715364954, 37.987194337 ], [ 23.715668752, 37.986762455 ], [ 23.715076202, 37.986495142 ], [ 23.714253009, 37.98612769 ], [ 23.713895007, 37.985965024 ], [ 23.713332664, 37.985711295 ], [ 23.713013537, 37.98614764 ], [ 23.71258509, 37.98596183 ], [ 23.711993623, 37.985694504 ], [ 23.711697038, 37.985824464 ], [ 23.711340561, 37.985981315 ], [ 23.711135162, 37.986088965 ], [ 23.711041021, 37.986138304 ], [ 23.710198438, 37.986474213 ], [ 23.709618848, 37.986716131 ], [ 23.709042119, 37.987043674 ], [ 23.708977121, 37.987102097 ], [ 23.70869385, 37.987371781 ], [ 23.70820832, 37.987852765 ], [ 23.707812142, 37.988234827 ], [ 23.707499201, 37.98853598 ], [ 23.706754804, 37.988065459 ], [ 23.70629751, 37.988383086 ], [ 23.706366784, 37.988450768 ], [ 23.707276101, 37.989339186 ], [ 23.707322473, 37.989384492 ], [ 23.70762078, 37.989694912 ], [ 23.707757398, 37.989834471 ], [ 23.708074754, 37.989981182 ], [ 23.707299392, 37.990231789 ], [ 23.707125328, 37.990288047 ], [ 23.707166459, 37.990306343 ], [ 23.707177315, 37.990311173 ], [ 23.707502256, 37.990455723 ], [ 23.707529592, 37.990468349 ], [ 23.707806336, 37.990596178 ], [ 23.707414687, 37.991075789 ], [ 23.707256185, 37.991173266 ], [ 23.707249434, 37.991160816 ], [ 23.707191681, 37.991054304 ], [ 23.707041819, 37.991279219 ], [ 23.707014818, 37.991319742 ], [ 23.707003393, 37.991328727 ], [ 23.706988192, 37.991351713 ], [ 23.706878436, 37.991517685 ], [ 23.706647756, 37.991891143 ], [ 23.706416719, 37.992264599 ], [ 23.706268819, 37.992494057 ], [ 23.706068956, 37.992813514 ], [ 23.705968392, 37.992974251 ], [ 23.70593404, 37.993029157 ], [ 23.705904545, 37.9930763 ], [ 23.70586909, 37.99313297 ], [ 23.705799428, 37.993105612 ], [ 23.705740869, 37.993082615 ], [ 23.705669486, 37.993054582 ], [ 23.705384053, 37.992942486 ], [ 23.704899017, 37.992752001 ], [ 23.704881669, 37.992729425 ], [ 23.704759938, 37.992999505 ], [ 23.704638224, 37.993265078 ], [ 23.704554034, 37.99344756 ], [ 23.70454691, 37.993463001 ], [ 23.704543716, 37.993469924 ], [ 23.704539697, 37.993478634 ], [ 23.704532313, 37.993494639 ], [ 23.70451762, 37.993525639 ], [ 23.704481549, 37.993602383 ], [ 23.70385834, 37.993987061 ], [ 23.703141965, 37.994458368 ], [ 23.703650157, 37.995008008 ], [ 23.704150281, 37.995548912 ], [ 23.704458974, 37.995775204 ], [ 23.703750402, 37.996669771 ], [ 23.703625776, 37.996827107 ], [ 23.703476025, 37.996849261 ], [ 23.703394851, 37.996860598 ], [ 23.703058763, 37.996907536 ], [ 23.702700011, 37.996957639 ], [ 23.702626962, 37.996967841 ], [ 23.702461806, 37.996990904 ], [ 23.702450649, 37.99699246 ], [ 23.701635971, 37.99710598 ], [ 23.701225721, 37.997163522 ], [ 23.700888242, 37.997208318 ], [ 23.700769878, 37.997223053 ], [ 23.70076562, 37.997223579 ], [ 23.701044022, 37.998725668 ], [ 23.701212599, 37.999635179 ], [ 23.701252647, 37.999851241 ], [ 23.702396614, 38.000352525 ], [ 23.704325096, 38.001051376 ], [ 23.704402919, 38.001083117 ], [ 23.70484293, 38.001241946 ], [ 23.705304971, 38.00149997 ], [ 23.705341983, 38.001522027 ], [ 23.705403687, 38.001558801 ], [ 23.705419811, 38.001546216 ], [ 23.705551821, 38.00144318 ], [ 23.705743243, 38.001293773 ], [ 23.705764109, 38.001276848 ], [ 23.706524201, 38.00066032 ], [ 23.707437002, 37.999896504 ], [ 23.70831581, 37.999173154 ], [ 23.708710763, 37.998845165 ], [ 23.709621667, 37.998099352 ], [ 23.710455837, 37.997402914 ], [ 23.711232104, 37.996764912 ], [ 23.711951895, 37.996185349 ], [ 23.711952609, 37.996184877 ], [ 23.712012914, 37.996144941 ], [ 23.712063326, 37.996086481 ], [ 23.712343696, 37.995744679 ], [ 23.712412487, 37.995627681 ], [ 23.712834538, 37.994912191 ], [ 23.7129721, 37.9946827 ], [ 23.712985293, 37.994493463 ], [ 23.713164735, 37.994110855 ], [ 23.713201692, 37.994034336 ], [ 23.713392485, 37.993660768 ], [ 23.713580429, 37.993287193 ], [ 23.713718627, 37.99304133 ], [ 23.713947562, 37.992679743 ] ] ] } },
{ "type": "Feature", "properties": { "zone_id": 5, "year": 2020, "kwh_per_user_cap": 399.54523, "ac_share_cap": 0.40802016999525154, "kwh_pc_overall": 163.02250545137352, "kwh_cap": 302825.90258789062 }, "geometry": { "type": "Polygon", "coordinates": [ [ [ 23.704899017, 37.992752001 ], [ 23.705384053, 37.992942486 ], [ 23.705669486, 37.993054582 ], [ 23.705740869, 37.993082615 ], [ 23.705799428, 37.993105612 ], [ 23.70586909, 37.99313297 ], [ 23.705904545, 37.9930763 ], [ 23.70593404, 37.993029157 ], [ 23.705968392, 37.992974251 ], [ 23.706068956, 37.992813514 ], [ 23.706268819, 37.992494057 ], [ 23.706416719, 37.992264599 ], [ 23.706647756, 37.991891143 ], [ 23.706878436, 37.991517685 ], [ 23.706988192, 37.991351713 ], [ 23.707003393, 37.991328727 ], [ 23.707014818, 37.991319742 ], [ 23.707041819, 37.991279219 ], [ 23.707191681, 37.991054304 ], [ 23.707249434, 37.991160816 ], [ 23.707256185, 37.991173266 ], [ 23.707414687, 37.991075789 ], [ 23.707806336, 37.990596178 ], [ 23.707529592, 37.990468349 ], [ 23.707502256, 37.990455723 ], [ 23.707177315, 37.990311173 ], [ 23.707166459, 37.990306343 ], [ 23.707125328, 37.990288047 ], [ 23.707299392, 37.990231789 ], [ 23.708074754, 37.989981182 ], [ 23.707757398, 37.989834471 ], [ 23.70762078, 37.989694912 ], [ 23.707322473, 37.989384492 ], [ 23.707276101, 37.989339186 ], [ 23.706366784, 37.988450768 ], [ 23.70629751, 37.988383086 ], [ 23.706240075, 37.988422978 ], [ 23.704854138, 37.989385593 ], [ 23.704242146, 37.989798646 ], [ 23.703374594, 37.990395815 ], [ 23.701724794, 37.991511371 ], [ 23.700893404, 37.992073532 ], [ 23.698546776, 37.993516476 ], [ 23.698639275, 37.993686471 ], [ 23.699062188, 37.994261121 ], [ 23.699719447, 37.994708537 ], [ 23.699927251, 37.994803866 ], [ 23.70037333, 37.995162428 ], [ 23.701106148, 37.995751462 ], [ 23.701378336, 37.995971277 ], [ 23.700590184, 37.996277001 ], [ 23.70076562, 37.997223579 ], [ 23.700769878, 37.997223053 ], [ 23.700888242, 37.997208318 ], [ 23.701225721, 37.997163522 ], [ 23.701635971, 37.99710598 ], [ 23.702450649, 37.99699246 ], [ 23.702461806, 37.996990904 ], [ 23.702626962, 37.996967841 ], [ 23.702700011, 37.996957639 ], [ 23.703058763, 37.996907536 ], [ 23.703394851, 37.996860598 ], [ 23.703476025, 37.996849261 ], [ 23.703625776, 37.996827107 ], [ 23.703750402, 37.996669771 ], [ 23.704458974, 37.995775204 ], [ 23.704150281, 37.995548912 ], [ 23.703650157, 37.995008008 ], [ 23.703141965, 37.994458368 ], [ 23.70385834, 37.993987061 ], [ 23.704481549, 37.993602383 ], [ 23.70451762, 37.993525639 ], [ 23.704532313, 37.993494639 ], [ 23.704539697, 37.993478634 ], [ 23.704543716, 37.993469924 ], [ 23.70454691, 37.993463001 ], [ 23.704554034, 37.99344756 ], [ 23.704638224, 37.993265078 ], [ 23.704759938, 37.992999505 ], [ 23.704881669, 37.992729425 ], [ 23.704899017, 37.992752001 ] ] ] } },
{ "type": "Feature", "properties": { "zone_id": 6, "year": 2020, "kwh_per_user_cap": 490.21884, "ac_share_cap": 0.77580910724474395, "kwh_pc_overall": 380.31625397287132, "kwh_cap": 1629001.9143829346 }, "geometry": { "type": "Polygon", "coordinates": [ [ [ 23.724718482, 37.973335213 ], [ 23.725033806, 37.973345357 ], [ 23.725053673, 37.973345997 ], [ 23.725094462, 37.973346687 ], [ 23.725221622, 37.973351385 ], [ 23.725224668, 37.973351498 ], [ 23.725224065, 37.973052564 ], [ 23.72522404, 37.973040117 ], [ 23.725223989, 37.973014957 ], [ 23.725220507, 37.972829062 ], [ 23.725220466, 37.972826861 ], [ 23.725219094, 37.972753626 ], [ 23.725219079, 37.972752842 ], [ 23.7255393, 37.972807729 ], [ 23.725844928, 37.97279689 ], [ 23.725873619, 37.972799302 ], [ 23.725876719, 37.972799563 ], [ 23.726083036, 37.972816905 ], [ 23.726342589, 37.972870609 ], [ 23.726572575, 37.972987852 ], [ 23.726658923, 37.972984678 ], [ 23.726839704, 37.972996443 ], [ 23.726893037, 37.972963323 ], [ 23.72693402, 37.972958177 ], [ 23.726998759, 37.972950049 ], [ 23.727060521, 37.972939789 ], [ 23.727092001, 37.972934558 ], [ 23.72726587, 37.972901493 ], [ 23.727267925, 37.972901102 ], [ 23.727383712, 37.972936411 ], [ 23.727416837, 37.972946512 ], [ 23.72746477, 37.972973662 ], [ 23.727481453, 37.973012963 ], [ 23.727504709, 37.973067753 ], [ 23.72750498, 37.97306839 ], [ 23.727693262, 37.973019458 ], [ 23.727702036, 37.973017024 ], [ 23.727707088, 37.973015622 ], [ 23.727931413, 37.972953388 ], [ 23.728096931, 37.972903021 ], [ 23.728304687, 37.972825974 ], [ 23.728288294, 37.972805606 ], [ 23.728279701, 37.972794929 ], [ 23.728251588, 37.972759999 ], [ 23.728436914, 37.972640357 ], [ 23.728491442, 37.972590827 ], [ 23.728587181, 37.972490639 ], [ 23.728679627, 37.972357029 ], [ 23.728738763, 37.9722407 ], [ 23.728766513, 37.972138473 ], [ 23.728764329, 37.97212249 ], [ 23.728764451, 37.972120622 ], [ 23.728764972, 37.972112593 ], [ 23.728768328, 37.972060922 ], [ 23.728772364, 37.971998787 ], [ 23.728839411, 37.971859242 ], [ 23.728921493, 37.971598058 ], [ 23.728957882, 37.971377326 ], [ 23.728951439, 37.971097912 ], [ 23.728951538, 37.971070874 ], [ 23.72902705, 37.970976479 ], [ 23.728987851, 37.970824416 ], [ 23.728985659, 37.970815912 ], [ 23.728991551, 37.970798973 ], [ 23.729112967, 37.970449904 ], [ 23.729157163, 37.970223924 ], [ 23.729158543, 37.97021687 ], [ 23.729162365, 37.970197329 ], [ 23.729306975, 37.9696847 ], [ 23.729307483, 37.969682901 ], [ 23.729308525, 37.969679206 ], [ 23.72935823, 37.969545921 ], [ 23.729359345, 37.969542933 ], [ 23.72939584, 37.969445072 ], [ 23.729183878, 37.969422053 ], [ 23.729181047, 37.969421953 ], [ 23.728773002, 37.969407585 ], [ 23.727797377, 37.969522501 ], [ 23.726887213, 37.969637559 ], [ 23.725735792, 37.96976106 ], [ 23.725019217, 37.969863036 ], [ 23.724482072, 37.969933882 ], [ 23.722407475, 37.97022188 ], [ 23.722445155, 37.969987593 ], [ 23.722473692, 37.969976491 ], [ 23.722485779, 37.969971789 ], [ 23.723601728, 37.969537645 ], [ 23.723701877, 37.96859364 ], [ 23.723759899, 37.968043449 ], [ 23.723781205, 37.967836744 ], [ 23.723809511, 37.967593463 ], [ 23.723824421, 37.967404608 ], [ 23.723824451, 37.967404228 ], [ 23.723693368, 37.967302879 ], [ 23.723603777, 37.967233612 ], [ 23.723081969, 37.966830168 ], [ 23.7230771, 37.966826404 ], [ 23.722531417, 37.966405262 ], [ 23.722294461, 37.966219939 ], [ 23.721975911, 37.965976723 ], [ 23.721951067, 37.965957754 ], [ 23.721399846, 37.965523832 ], [ 23.721370402, 37.96550123 ], [ 23.721090348, 37.965459311 ], [ 23.72074425, 37.965409617 ], [ 23.720297654, 37.965345465 ], [ 23.719159502, 37.965176016 ], [ 23.718221334, 37.965033946 ], [ 23.717587232, 37.964937917 ], [ 23.717319988, 37.964955301 ], [ 23.716942184, 37.965044522 ], [ 23.716222616, 37.965655664 ], [ 23.715829602, 37.965997205 ], [ 23.7154771, 37.966257726 ], [ 23.715358405, 37.966316023 ], [ 23.715335633, 37.966685496 ], [ 23.715333254, 37.966692009 ], [ 23.715324125, 37.966717013 ], [ 23.715291385, 37.966811569 ], [ 23.714827917, 37.967470985 ], [ 23.714801283, 37.96750888 ], [ 23.7147453, 37.967654204 ], [ 23.7147215, 37.967715983 ], [ 23.714705158, 37.967807794 ], [ 23.714686222, 37.967914181 ], [ 23.714749614, 37.968275467 ], [ 23.714860159, 37.968737655 ], [ 23.714874568, 37.968797899 ], [ 23.714974885, 37.969077541 ], [ 23.715236797, 37.969424109 ], [ 23.7153137, 37.969785872 ], [ 23.715186224, 37.969997366 ], [ 23.715243139, 37.970092139 ], [ 23.715644656, 37.970764883 ], [ 23.716156244, 37.971622028 ], [ 23.716340759, 37.971925392 ], [ 23.716552572, 37.972276417 ], [ 23.716634753, 37.972514884 ], [ 23.716697058, 37.973300396 ], [ 23.716726514, 37.973398938 ], [ 23.716836232, 37.973642549 ], [ 23.716968297, 37.97390424 ], [ 23.717178039, 37.974044444 ], [ 23.717526356, 37.974234551 ], [ 23.717667342, 37.974261211 ], [ 23.717695756, 37.974203107 ], [ 23.71769591, 37.974202792 ], [ 23.717745502, 37.97410138 ], [ 23.717778311, 37.974034288 ], [ 23.717779368, 37.974032128 ], [ 23.717781943, 37.974026862 ], [ 23.717785854, 37.974018865 ], [ 23.717834223, 37.973990218 ], [ 23.717967726, 37.973911147 ], [ 23.718023604, 37.973906775 ], [ 23.718047956, 37.973914041 ], [ 23.718312899, 37.97399309 ], [ 23.718402068, 37.974029355 ], [ 23.71847737, 37.973953619 ], [ 23.71847758, 37.973953372 ], [ 23.718478514, 37.973952271 ], [ 23.718844136, 37.973521185 ], [ 23.718858523, 37.973480662 ], [ 23.718849834, 37.973426564 ], [ 23.718805399, 37.97332281 ], [ 23.718728299, 37.973200952 ], [ 23.718732792, 37.973142379 ], [ 23.718744254, 37.973125905 ], [ 23.718748118, 37.973120353 ], [ 23.718770357, 37.973088391 ], [ 23.718901381, 37.972971537 ], [ 23.719320104, 37.972612022 ], [ 23.719540483, 37.972481861 ], [ 23.719786358, 37.972383305 ], [ 23.720257568, 37.97225374 ], [ 23.720719133, 37.972171814 ], [ 23.720721148, 37.972171456 ], [ 23.720747024, 37.972166863 ], [ 23.720793361, 37.972158639 ], [ 23.72056721, 37.972749801 ], [ 23.720490822, 37.972949478 ], [ 23.720207971, 37.973688836 ], [ 23.72016404, 37.973803666 ], [ 23.720070641, 37.974069389 ], [ 23.720134327, 37.974193829 ], [ 23.720144372, 37.974213457 ], [ 23.72033338, 37.974582767 ], [ 23.720434919, 37.974781166 ], [ 23.720435486, 37.974782273 ], [ 23.720443257, 37.974776565 ], [ 23.720443419, 37.974776445 ], [ 23.720529546, 37.974713173 ], [ 23.72062439, 37.974643496 ], [ 23.721597222, 37.973928806 ], [ 23.722159552, 37.973729324 ], [ 23.723400449, 37.973289112 ], [ 23.723401775, 37.973288642 ], [ 23.724718482, 37.973335213 ] ] ] } },
{ "type": "Feature", "properties": { "zone_id": 7, "year": 2020, "kwh_per_user_cap": 680.90692, "ac_share_cap": 0.90877473338686787, "kwh_pc_overall": 618.79101579187488, "kwh_cap": 4484005.4211425781 }, "geometry": { "type": "Polygon", "coordinates": [ [ [ 23.790585777, 37.991753076 ], [ 23.790751282, 37.990953624 ], [ 23.789843008, 37.99055421 ], [ 23.788936811, 37.991089695 ], [ 23.787852821, 37.991074225 ], [ 23.787853597, 37.991051695 ], [ 23.787858301, 37.991024665 ], [ 23.787869412, 37.990997646 ], [ 23.787883712, 37.99097514 ], [ 23.78790049, 37.990957144 ], [ 23.787922252, 37.990939158 ], [ 23.788905895, 37.990328053 ], [ 23.788870383, 37.990300951 ], [ 23.788834874, 37.990273849 ], [ 23.787866928, 37.990871462 ], [ 23.787763248, 37.990911833 ], [ 23.787649617, 37.990947679 ], [ 23.787527128, 37.99096999 ], [ 23.78742176, 37.990978812 ], [ 23.787324221, 37.990987649 ], [ 23.787225608, 37.990999084 ], [ 23.787002868, 37.990982561 ], [ 23.786766109, 37.990892003 ], [ 23.786703798, 37.990858357 ], [ 23.786378507, 37.990682709 ], [ 23.786071084, 37.990516708 ], [ 23.785495393, 37.990227248 ], [ 23.785324477, 37.990136808 ], [ 23.7852492, 37.990078087 ], [ 23.785162694, 37.989965268 ], [ 23.785129054, 37.989663276 ], [ 23.785129855, 37.989266712 ], [ 23.785143204, 37.988960299 ], [ 23.785502894, 37.988384133 ], [ 23.785517844, 37.988360289 ], [ 23.785821813, 37.987875487 ], [ 23.785947525, 37.987722498 ], [ 23.786099478, 37.9876011 ], [ 23.786260148, 37.987493745 ], [ 23.786395426, 37.987403355 ], [ 23.78745715, 37.986359787 ], [ 23.784479545, 37.98478058 ], [ 23.783049171, 37.984021915 ], [ 23.783018965, 37.984005893 ], [ 23.783042186, 37.983976837 ], [ 23.784817507, 37.981794479 ], [ 23.785481931, 37.980983966 ], [ 23.785702782, 37.98071455 ], [ 23.78555708, 37.98063946 ], [ 23.785035876, 37.980370845 ], [ 23.784874553, 37.980537288 ], [ 23.784649968, 37.980676576 ], [ 23.784267036, 37.980815574 ], [ 23.783869236, 37.980927505 ], [ 23.783507033, 37.981034993 ], [ 23.783409347, 37.981052943 ], [ 23.783021405, 37.981124227 ], [ 23.782567369, 37.981118882 ], [ 23.78212948, 37.981068501 ], [ 23.781825671, 37.981883603 ], [ 23.78174091, 37.982027651 ], [ 23.781578707, 37.982126492 ], [ 23.781438426, 37.98215327 ], [ 23.781252569, 37.982188976 ], [ 23.781006166, 37.982230198 ], [ 23.780320146, 37.982344963 ], [ 23.780225961, 37.982368095 ], [ 23.780150615, 37.9823866 ], [ 23.78010462, 37.982397895 ], [ 23.779935962, 37.982439316 ], [ 23.77808022, 37.98289505 ], [ 23.778013096, 37.98291479 ], [ 23.777958412, 37.982930872 ], [ 23.777891815, 37.982948772 ], [ 23.777871785, 37.982950143 ], [ 23.777845158, 37.982951965 ], [ 23.777827749, 37.982953157 ], [ 23.77774949, 37.982943996 ], [ 23.777678361, 37.982930343 ], [ 23.77762148, 37.982912209 ], [ 23.777550365, 37.982894049 ], [ 23.777493388, 37.982876327 ], [ 23.777477484, 37.982871379 ], [ 23.777417045, 37.982853239 ], [ 23.777298986, 37.982825977 ], [ 23.777232839, 37.982812333 ], [ 23.777152063, 37.98281218 ], [ 23.777069123, 37.982821035 ], [ 23.777007507, 37.982838944 ], [ 23.776886383, 37.982883779 ], [ 23.776842491, 37.982924254 ], [ 23.776706627, 37.983100646 ], [ 23.776674623, 37.983142197 ], [ 23.776634104, 37.983194803 ], [ 23.776299737, 37.983628906 ], [ 23.776296715, 37.983632829 ], [ 23.776215148, 37.983738726 ], [ 23.774793207, 37.983863028 ], [ 23.774701659, 37.98387103 ], [ 23.774496278, 37.983888662 ], [ 23.774283752, 37.983915293 ], [ 23.774082329, 37.983941077 ], [ 23.774040965, 37.983946372 ], [ 23.774035351, 37.983947302 ], [ 23.773772159, 37.983990919 ], [ 23.773491295, 37.984021924 ], [ 23.773279152, 37.984039541 ], [ 23.773078068, 37.984048166 ], [ 23.773027589, 37.984047058 ], [ 23.772861588, 37.984043417 ], [ 23.772852827, 37.984043225 ], [ 23.772603787, 37.984024718 ], [ 23.772355089, 37.984010718 ], [ 23.772113235, 37.983969692 ], [ 23.771913756, 37.983919734 ], [ 23.77188332, 37.9839078 ], [ 23.771847481, 37.983893747 ], [ 23.771644827, 37.983819083 ], [ 23.771357993, 37.984145149 ], [ 23.771308779, 37.984196225 ], [ 23.770866906, 37.9846548 ], [ 23.770823668, 37.984694872 ], [ 23.770795762, 37.984720735 ], [ 23.770758456, 37.98475531 ], [ 23.768995847, 37.986671572 ], [ 23.768922175, 37.986751318 ], [ 23.768977497, 37.986793613 ], [ 23.769260187, 37.986978931 ], [ 23.769492087, 37.987132604 ], [ 23.769447407, 37.987195607 ], [ 23.769390154, 37.987244468 ], [ 23.769405145, 37.987256183 ], [ 23.769598529, 37.987404189 ], [ 23.769742243, 37.987514178 ], [ 23.769812989, 37.987580193 ], [ 23.769831596, 37.987597557 ], [ 23.77023981, 37.987918186 ], [ 23.770622584, 37.988218399 ], [ 23.770648776, 37.98823894 ], [ 23.770670386, 37.988270527 ], [ 23.770263047, 37.988454496 ], [ 23.770222722, 37.988490469 ], [ 23.769540513, 37.989047625 ], [ 23.769237287, 37.989290684 ], [ 23.769638227, 37.989561855 ], [ 23.7701243, 37.98992332 ], [ 23.771280281, 37.990930507 ], [ 23.771323246, 37.990962135 ], [ 23.773485583, 37.991899149 ], [ 23.773563467, 37.991917325 ], [ 23.773896714, 37.991990069 ], [ 23.774559048, 37.992216661 ], [ 23.775306073, 37.992565086 ], [ 23.775685439, 37.99280465 ], [ 23.775734252, 37.992786718 ], [ 23.775911459, 37.992913235 ], [ 23.776054939, 37.99301265 ], [ 23.776227165, 37.993139157 ], [ 23.77622388, 37.99316619 ], [ 23.777475006, 37.994060835 ], [ 23.777593591, 37.994155695 ], [ 23.777869913, 37.994462654 ], [ 23.777967461, 37.994570992 ], [ 23.778212462, 37.994760724 ], [ 23.779360363, 37.995438846 ], [ 23.781118928, 37.996510154 ], [ 23.781900031, 37.99703435 ], [ 23.782196224, 37.997251207 ], [ 23.782094587, 37.997310571 ], [ 23.782034715, 37.997345543 ], [ 23.782933191, 37.998023168 ], [ 23.783755844, 37.998723452 ], [ 23.783851392, 37.998655758 ], [ 23.783860857, 37.998583672 ], [ 23.785601762, 37.996975052 ], [ 23.787091768, 37.995598188 ], [ 23.787268902, 37.9954345 ], [ 23.790484934, 37.992462416 ], [ 23.790585777, 37.991753076 ] ] ] } },
{ "type": "Feature", "properties": { "zone_id": 8, "year": 2020, "kwh_per_user_cap": 623.98907, "ac_share_cap": 0.95834374630748187, "kwh_pc_overall": 597.99603388834475, "kwh_cap": 7244583.2734375 }, "geometry": { "type": "Polygon", "coordinates": [ [ [ 23.763844589, 37.98596325 ], [ 23.763588963, 37.985980123 ], [ 23.763447057, 37.985989489 ], [ 23.762953086, 37.986110169 ], [ 23.76140768, 37.986412912 ], [ 23.761404808, 37.986413475 ], [ 23.761328317, 37.986429017 ], [ 23.761308897, 37.986432963 ], [ 23.761141295, 37.986467018 ], [ 23.760628012, 37.98656747 ], [ 23.760434808, 37.98660528 ], [ 23.760412018, 37.98660974 ], [ 23.760241101, 37.986640937 ], [ 23.758542051, 37.986966714 ], [ 23.757729593, 37.987122485 ], [ 23.757781555, 37.987214515 ], [ 23.757818752, 37.987280394 ], [ 23.757858031, 37.987348071 ], [ 23.758013044, 37.987826071 ], [ 23.758151125, 37.988258972 ], [ 23.758250446, 37.988574626 ], [ 23.758517718, 37.989440409 ], [ 23.758621, 37.989742552 ], [ 23.758719982, 37.989945544 ], [ 23.758996392, 37.990414779 ], [ 23.759314204, 37.990848046 ], [ 23.759583647, 37.991164047 ], [ 23.759878477, 37.991444048 ], [ 23.760262505, 37.991764787 ], [ 23.760821446, 37.992144465 ], [ 23.761293905, 37.99241581 ], [ 23.761802413, 37.992655681 ], [ 23.762138296, 37.992791554 ], [ 23.762950744, 37.993032034 ], [ 23.763627579, 37.993168589 ], [ 23.764375703, 37.993281382 ], [ 23.765138445, 37.993244432 ], [ 23.765276141, 37.993235418 ], [ 23.765662806, 37.993210102 ], [ 23.766017374, 37.993186887 ], [ 23.766307928, 37.9931424 ], [ 23.766721693, 37.993075625 ], [ 23.766793171, 37.993024861 ], [ 23.766794916, 37.993023622 ], [ 23.766867226, 37.992972266 ], [ 23.767151586, 37.992860168 ], [ 23.767349534, 37.992838028 ], [ 23.767382319, 37.992824574 ], [ 23.768047767, 37.992510438 ], [ 23.768126078, 37.992506086 ], [ 23.768365591, 37.992393897 ], [ 23.768383514, 37.992353375 ], [ 23.768006689, 37.991766797 ], [ 23.768336326, 37.991627748 ], [ 23.768474783, 37.991184209 ], [ 23.769033411, 37.990980193 ], [ 23.768815086, 37.990466032 ], [ 23.770009767, 37.990017731 ], [ 23.770067756, 37.989969931 ], [ 23.7701243, 37.98992332 ], [ 23.769638227, 37.989561855 ], [ 23.769237287, 37.989290684 ], [ 23.768302534, 37.988793139 ], [ 23.767338726, 37.988259478 ], [ 23.767107367, 37.988159879 ], [ 23.766737874, 37.98796537 ], [ 23.766589107, 37.987856921 ], [ 23.766402049, 37.987703331 ], [ 23.766049402, 37.987360142 ], [ 23.765779077, 37.987093725 ], [ 23.765382093, 37.986818041 ], [ 23.765259565, 37.986741188 ], [ 23.765193858, 37.986700499 ], [ 23.763969922, 37.98617981 ], [ 23.763910844, 37.985958876 ], [ 23.763844589, 37.98596325 ] ] ] } },
{ "type": "Feature", "properties": { "zone_id": 9, "year": 2020, "kwh_per_user_cap": 662.97668, "ac_share_cap": 0.72142356588674439, "kwh_pc_overall": 478.28701678669438, "kwh_cap": 8533581.109375 }, "geometry": { "type": "Polygon", "coordinates": [ [ [ 23.752895164, 38.007874419 ], [ 23.752742218, 38.007710151 ], [ 23.752867409, 38.007528492 ], [ 23.753301507, 38.007688912 ], [ 23.75376461, 38.006971911 ], [ 23.753790459, 38.006933539 ], [ 23.753810922, 38.006893969 ], [ 23.754202818, 38.006781184 ], [ 23.754079497, 38.006472113 ], [ 23.754075722, 38.006462655 ], [ 23.754074814, 38.006425957 ], [ 23.753723266, 38.006298229 ], [ 23.753660243, 38.00627533 ], [ 23.753527352, 38.006215567 ], [ 23.753362017, 38.006141213 ], [ 23.753257546, 38.00609423 ], [ 23.752793346, 38.005890466 ], [ 23.752846844, 38.005859034 ], [ 23.752879403, 38.005809532 ], [ 23.752440972, 38.005353462 ], [ 23.752366721, 38.005204594 ], [ 23.752291147, 38.004920531 ], [ 23.752178305, 38.004393043 ], [ 23.752005477, 38.003604056 ], [ 23.751959062, 38.003540868 ], [ 23.751749661, 38.00336017 ], [ 23.751734938, 38.003504344 ], [ 23.751174916, 38.003854661 ], [ 23.750863873, 38.004047778 ], [ 23.750689079, 38.004160068 ], [ 23.750533951, 38.004245361 ], [ 23.750237944, 38.004307823 ], [ 23.749775244, 38.004401474 ], [ 23.749730719, 38.004410392 ], [ 23.749232142, 38.004377785 ], [ 23.748930069, 38.004353082 ], [ 23.748640693, 38.004335965 ], [ 23.748548671, 38.004366682 ], [ 23.748504552, 38.004380631 ], [ 23.748425008, 38.004309582 ], [ 23.74839249, 38.004280537 ], [ 23.748328462, 38.004249675 ], [ 23.747775426, 38.004027427 ], [ 23.746889321, 38.00367132 ], [ 23.74667446, 38.00358497 ], [ 23.746499822, 38.003514786 ], [ 23.746151894, 38.003374957 ], [ 23.74599485, 38.003312705 ], [ 23.745356511, 38.003071753 ], [ 23.744803654, 38.002863117 ], [ 23.74471549, 38.002831381 ], [ 23.74386202, 38.002806993 ], [ 23.743860667, 38.00280925 ], [ 23.743468192, 38.003464071 ], [ 23.7432061, 38.003905128 ], [ 23.742851805, 38.004246841 ], [ 23.74254643, 38.004543596 ], [ 23.74184114, 38.004077889 ], [ 23.741457942, 38.003829195 ], [ 23.741351111, 38.003842479 ], [ 23.741220533, 38.003325417 ], [ 23.741220164, 38.003323954 ], [ 23.740659267, 38.003403834 ], [ 23.739910334, 38.003510334 ], [ 23.739784403, 38.003086452 ], [ 23.739092164, 38.002864104 ], [ 23.738413748, 38.002659809 ], [ 23.738400026, 38.002614714 ], [ 23.738242264, 38.002636895 ], [ 23.737821626, 38.002712567 ], [ 23.737472206, 38.002779384 ], [ 23.736642995, 38.00293976 ], [ 23.736641098, 38.002940126 ], [ 23.736640435, 38.002940254 ], [ 23.735924915, 38.00307785 ], [ 23.735418781, 38.003171347 ], [ 23.734292168, 38.003380608 ], [ 23.7344281, 38.003786493 ], [ 23.734558322, 38.004194835 ], [ 23.734666555, 38.004683807 ], [ 23.734701906, 38.004850624 ], [ 23.734772639, 38.005175245 ], [ 23.734801034, 38.005296982 ], [ 23.734897735, 38.005725309 ], [ 23.734952809, 38.005950754 ], [ 23.735085803, 38.006581951 ], [ 23.735086951, 38.006658563 ], [ 23.73509088, 38.007050629 ], [ 23.735093902, 38.007496771 ], [ 23.735096148, 38.007861795 ], [ 23.735098184, 38.008285402 ], [ 23.736053359, 38.008256005 ], [ 23.736469566, 38.008234406 ], [ 23.736975832, 38.008213007 ], [ 23.737636265, 38.008182938 ], [ 23.737666522, 38.008183005 ], [ 23.737680203, 38.008182301 ], [ 23.738085931, 38.008161408 ], [ 23.738842862, 38.008122534 ], [ 23.739627913, 38.008083717 ], [ 23.740176321, 38.008059565 ], [ 23.740212506, 38.008057971 ], [ 23.740469775, 38.008045377 ], [ 23.741093327, 38.008014849 ], [ 23.741240017, 38.008006159 ], [ 23.741210971, 38.007762749 ], [ 23.741192643, 38.007609491 ], [ 23.741146726, 38.007203813 ], [ 23.740878979, 38.007221249 ], [ 23.740760415, 38.006824424 ], [ 23.740797032, 38.006823105 ], [ 23.740876639, 38.00682024 ], [ 23.741114288, 38.006811684 ], [ 23.741943227, 38.00679595 ], [ 23.74333282, 38.006769561 ], [ 23.743715054, 38.006988624 ], [ 23.743778227, 38.007042838 ], [ 23.744622779, 38.008074363 ], [ 23.744903346, 38.008059004 ], [ 23.745666068, 38.008017247 ], [ 23.745761142, 38.008011413 ], [ 23.745847926, 38.008006087 ], [ 23.746636791, 38.0079667 ], [ 23.746658954, 38.007965526 ], [ 23.746737034, 38.007997191 ], [ 23.74728198, 38.008233751 ], [ 23.747393034, 38.008280806 ], [ 23.74781236, 38.008442766 ], [ 23.747860622, 38.008462147 ], [ 23.748178502, 38.008589803 ], [ 23.748309412, 38.008642374 ], [ 23.748601528, 38.00875968 ], [ 23.748994501, 38.008915251 ], [ 23.749519879, 38.00912321 ], [ 23.749680274, 38.00891963 ], [ 23.749757016, 38.008822225 ], [ 23.749757461, 38.008822499 ], [ 23.749757491, 38.008822518 ], [ 23.75028738, 38.009147814 ], [ 23.750556618, 38.008796885 ], [ 23.751573171, 38.009275696 ], [ 23.751775642, 38.008806019 ], [ 23.75183209, 38.008671408 ], [ 23.752895164, 38.007874419 ] ] ] } },
{ "type": "Feature", "properties": { "zone_id": 10, "year": 2020, "kwh_per_user_cap": 550.664, "ac_share_cap": 0.80882257320994844, "kwh_pc_overall": 445.38946700939982, "kwh_cap": 10249281.55078125 }, "geometry": { "type": "Polygon", "coordinates": [ [ [ 23.746302191, 38.018758597 ], [ 23.746011905, 38.018842249 ], [ 23.74541832, 38.018524218 ], [ 23.745456284, 38.018484339 ], [ 23.745464192, 38.018476032 ], [ 23.745721905, 38.018205312 ], [ 23.745722742, 38.018204433 ], [ 23.745753324, 38.018172309 ], [ 23.745790653, 38.018133094 ], [ 23.745686835, 38.018013349 ], [ 23.745516358, 38.017825126 ], [ 23.74544055, 38.017633871 ], [ 23.745299307, 38.01658656 ], [ 23.745082688, 38.015310425 ], [ 23.745060744, 38.015170679 ], [ 23.744808598, 38.015300818 ], [ 23.744718065, 38.015332166 ], [ 23.7445135, 38.015394812 ], [ 23.743624216, 38.015492017 ], [ 23.74238377, 38.015629005 ], [ 23.740941724, 38.015792574 ], [ 23.740120508, 38.015867371 ], [ 23.739308546, 38.015942183 ], [ 23.737835563, 38.016092126 ], [ 23.737324146, 38.016145061 ], [ 23.73631519, 38.015755253 ], [ 23.735499148, 38.015775952 ], [ 23.735386022, 38.015745293 ], [ 23.73538178, 38.015744143 ], [ 23.73450376, 38.01587285 ], [ 23.733540212, 38.016023888 ], [ 23.732568658, 38.016026189 ], [ 23.731735929, 38.016033305 ], [ 23.731702464, 38.016033229 ], [ 23.731398047, 38.016041547 ], [ 23.731065182, 38.016040786 ], [ 23.730826302, 38.01604024 ], [ 23.730691634, 38.01606697 ], [ 23.729690721, 38.016308019 ], [ 23.729754116, 38.016398293 ], [ 23.730153909, 38.017079678 ], [ 23.730655499, 38.017964082 ], [ 23.730687227, 38.018049776 ], [ 23.731201613, 38.018943221 ], [ 23.731453197, 38.019367397 ], [ 23.731682254, 38.019604674 ], [ 23.731904437, 38.020008336 ], [ 23.731910458, 38.020017362 ], [ 23.73197774, 38.020116656 ], [ 23.732036173, 38.020202411 ], [ 23.732314869, 38.020712269 ], [ 23.732476442, 38.021023578 ], [ 23.732881263, 38.02151119 ], [ 23.733162259, 38.021782212 ], [ 23.73344656, 38.022026202 ], [ 23.733588226, 38.022134677 ], [ 23.734777809, 38.02290796 ], [ 23.7349277, 38.023007438 ], [ 23.735311258, 38.023259205 ], [ 23.735692881, 38.02348919 ], [ 23.735695746, 38.023490917 ], [ 23.735815289, 38.02356296 ], [ 23.735924335, 38.023628677 ], [ 23.736084392, 38.023725134 ], [ 23.736194244, 38.023797727 ], [ 23.736380965, 38.023921116 ], [ 23.7365824, 38.024054227 ], [ 23.736770522, 38.02417854 ], [ 23.737282935, 38.024517143 ], [ 23.737291376, 38.024522721 ], [ 23.73729933, 38.024527792 ], [ 23.738092467, 38.025033396 ], [ 23.738911176, 38.025546615 ], [ 23.739287306, 38.025786279 ], [ 23.739349766, 38.025826076 ], [ 23.739412995, 38.025866364 ], [ 23.740326012, 38.025514641 ], [ 23.740756018, 38.025348985 ], [ 23.74122184, 38.025169529 ], [ 23.74163382, 38.025010813 ], [ 23.74134659, 38.024580946 ], [ 23.741016555, 38.024170138 ], [ 23.740702417, 38.023795415 ], [ 23.74046843, 38.023510995 ], [ 23.74036347, 38.023389091 ], [ 23.740226287, 38.023217545 ], [ 23.740183753, 38.023163374 ], [ 23.739960833, 38.022968149 ], [ 23.740482271, 38.022730081 ], [ 23.740661599, 38.022648783 ], [ 23.741168562, 38.022418948 ], [ 23.741470567, 38.022282029 ], [ 23.742279968, 38.021915072 ], [ 23.742965614, 38.021604213 ], [ 23.743308282, 38.021448852 ], [ 23.743782982, 38.021233626 ], [ 23.744160743, 38.021062349 ], [ 23.744606745, 38.020860129 ], [ 23.745191471, 38.020595008 ], [ 23.74580748, 38.020318241 ], [ 23.747002069, 38.019781914 ], [ 23.746526812, 38.019108438 ], [ 23.746459611, 38.018988503 ], [ 23.746326814, 38.018751501 ], [ 23.746302191, 38.018758597 ] ] ] } },
{ "type": "Feature", "properties": { "zone_id": 11, "year": 2020, "kwh_per_user_cap": 784.0921, "ac_share_cap": 0.65721362544228734, "kwh_pc_overall": 515.31603850780164, "kwh_cap": 9010213.564453125 }, "geometry": { "type": "Polygon", "coordinates": [ [ [ 23.720134327, 37.974193829 ], [ 23.720070641, 37.974069389 ], [ 23.72016404, 37.973803666 ], [ 23.720207971, 37.973688836 ], [ 23.720490822, 37.972949478 ], [ 23.72056721, 37.972749801 ], [ 23.720793361, 37.972158639 ], [ 23.720747024, 37.972166863 ], [ 23.720721148, 37.972171456 ], [ 23.720719133, 37.972171814 ], [ 23.720257568, 37.97225374 ], [ 23.719786358, 37.972383305 ], [ 23.719540483, 37.972481861 ], [ 23.719320104, 37.972612022 ], [ 23.718901381, 37.972971537 ], [ 23.718770357, 37.973088391 ], [ 23.718748118, 37.973120353 ], [ 23.718744254, 37.973125905 ], [ 23.718732792, 37.973142379 ], [ 23.718728299, 37.973200952 ], [ 23.718805399, 37.97332281 ], [ 23.718849834, 37.973426564 ], [ 23.718858523, 37.973480662 ], [ 23.718844136, 37.973521185 ], [ 23.718478514, 37.973952271 ], [ 23.71847758, 37.973953372 ], [ 23.71847737, 37.973953619 ], [ 23.718402068, 37.974029355 ], [ 23.718312899, 37.97399309 ], [ 23.718047956, 37.973914041 ], [ 23.718023604, 37.973906775 ], [ 23.717967726, 37.973911147 ], [ 23.717834223, 37.973990218 ], [ 23.717785854, 37.974018865 ], [ 23.717781943, 37.974026862 ], [ 23.717779368, 37.974032128 ], [ 23.717778311, 37.974034288 ], [ 23.717745502, 37.97410138 ], [ 23.71769591, 37.974202792 ], [ 23.717695756, 37.974203107 ], [ 23.717667342, 37.974261211 ], [ 23.717526356, 37.974234551 ], [ 23.717178039, 37.974044444 ], [ 23.716968297, 37.97390424 ], [ 23.716836232, 37.973642549 ], [ 23.716726514, 37.973398938 ], [ 23.716697058, 37.973300396 ], [ 23.716634753, 37.972514884 ], [ 23.716552572, 37.972276417 ], [ 23.716340759, 37.971925392 ], [ 23.716156244, 37.971622028 ], [ 23.715644656, 37.970764883 ], [ 23.715243139, 37.970092139 ], [ 23.715186224, 37.969997366 ], [ 23.7153137, 37.969785872 ], [ 23.715236797, 37.969424109 ], [ 23.714974885, 37.969077541 ], [ 23.714874568, 37.968797899 ], [ 23.714860159, 37.968737655 ], [ 23.714749614, 37.968275467 ], [ 23.714686222, 37.967914181 ], [ 23.714705158, 37.967807794 ], [ 23.7147215, 37.967715983 ], [ 23.7147453, 37.967654204 ], [ 23.714801283, 37.96750888 ], [ 23.714827917, 37.967470985 ], [ 23.715291385, 37.966811569 ], [ 23.715324125, 37.966717013 ], [ 23.71532024, 37.96671708 ], [ 23.714411871, 37.966732828 ], [ 23.7141077, 37.966362561 ], [ 23.714019272, 37.966267802 ], [ 23.713985469, 37.966231577 ], [ 23.713717344, 37.965924487 ], [ 23.71362281, 37.96580709 ], [ 23.713275794, 37.965387146 ], [ 23.713245976, 37.965349582 ], [ 23.713239574, 37.965341517 ], [ 23.713205233, 37.965298254 ], [ 23.713033941, 37.965082466 ], [ 23.713866291, 37.964692263 ], [ 23.713829537, 37.964286609 ], [ 23.713835058, 37.9641943 ], [ 23.713852535, 37.964052306 ], [ 23.713852734, 37.96405069 ], [ 23.713791187, 37.96404036 ], [ 23.713004766, 37.963908372 ], [ 23.712335938, 37.963798514 ], [ 23.712085725, 37.963757414 ], [ 23.711970212, 37.963742375 ], [ 23.711415467, 37.96367015 ], [ 23.710402178, 37.963604569 ], [ 23.708635909, 37.963501067 ], [ 23.708418493, 37.963514047 ], [ 23.708218044, 37.963554108 ], [ 23.707562637, 37.963940035 ], [ 23.707328334, 37.964083659 ], [ 23.707204283, 37.96414644 ], [ 23.706445897, 37.964586145 ], [ 23.706445836, 37.964586181 ], [ 23.706529846, 37.964663 ], [ 23.706580521, 37.964712698 ], [ 23.707058646, 37.965164533 ], [ 23.707657287, 37.965819456 ], [ 23.707964306, 37.966180734 ], [ 23.708087505, 37.966334258 ], [ 23.708321684, 37.966762951 ], [ 23.708364765, 37.966844173 ], [ 23.708711299, 37.967471427 ], [ 23.708992215, 37.967958817 ], [ 23.70927518, 37.968468745 ], [ 23.709545431, 37.968956107 ], [ 23.709689203, 37.969217835 ], [ 23.709847457, 37.969506638 ], [ 23.709956275, 37.969700683 ], [ 23.71011099, 37.96998497 ], [ 23.710114419, 37.969991248 ], [ 23.710317991, 37.97036402 ], [ 23.710377279, 37.970471101 ], [ 23.710525368, 37.970738565 ], [ 23.710922409, 37.971469584 ], [ 23.711330772, 37.972218655 ], [ 23.711574185, 37.972660883 ], [ 23.711742719, 37.972963227 ], [ 23.711923245, 37.973292639 ], [ 23.712164193, 37.973730352 ], [ 23.712580053, 37.974479437 ], [ 23.71292352, 37.974998516 ], [ 23.713167496, 37.975301042 ], [ 23.713614565, 37.975806851 ], [ 23.713709198, 37.975901717 ], [ 23.713937076, 37.976136606 ], [ 23.714064737, 37.976214917 ], [ 23.714069835, 37.976218044 ], [ 23.714466281, 37.976475874 ], [ 23.715023881, 37.976743105 ], [ 23.715319992, 37.976845178 ], [ 23.715326467, 37.976847411 ], [ 23.716077127, 37.977106167 ], [ 23.716225772, 37.977129058 ], [ 23.716529483, 37.977170348 ], [ 23.716787417, 37.977179982 ], [ 23.716883773, 37.977198239 ], [ 23.717296637, 37.977211684 ], [ 23.717297871, 37.977211724 ], [ 23.717332051, 37.977212837 ], [ 23.717366009, 37.977212918 ], [ 23.717528463, 37.977213309 ], [ 23.717759371, 37.977218369 ], [ 23.717847631, 37.977214075 ], [ 23.71798784, 37.977209904 ], [ 23.718128405, 37.977205735 ], [ 23.718333373, 37.977201719 ], [ 23.718538002, 37.977193196 ], [ 23.71859495, 37.977188826 ], [ 23.718742718, 37.977162141 ], [ 23.718890858, 37.97713095 ], [ 23.719148813, 37.977041437 ], [ 23.719197984, 37.977023529 ], [ 23.719262879, 37.976998561 ], [ 23.71933939, 37.976950845 ], [ 23.719386947, 37.976921186 ], [ 23.720397904, 37.976594078 ], [ 23.720648025, 37.976519313 ], [ 23.720651074, 37.976518402 ], [ 23.720785916, 37.976478095 ], [ 23.720786323, 37.976477973 ], [ 23.720820039, 37.976467895 ], [ 23.720964774, 37.97642463 ], [ 23.720966898, 37.976423876 ], [ 23.72100081, 37.976356651 ], [ 23.721002125, 37.97635487 ], [ 23.721011399, 37.976343033 ], [ 23.721025627, 37.976324874 ], [ 23.721033282, 37.97630693 ], [ 23.721063505, 37.976236092 ], [ 23.72106404, 37.976234836 ], [ 23.721066094, 37.976221957 ], [ 23.721089188, 37.976077171 ], [ 23.721085308, 37.976068149 ], [ 23.721075735, 37.976059113 ], [ 23.721060113, 37.976050063 ], [ 23.721030599, 37.976045487 ], [ 23.721012486, 37.976036431 ], [ 23.720991545, 37.976022862 ], [ 23.720969925, 37.976000279 ], [ 23.720958607, 37.975982226 ], [ 23.720953322, 37.975968694 ], [ 23.720948391, 37.975955163 ], [ 23.720943444, 37.975946139 ], [ 23.720939564, 37.975937117 ], [ 23.720935702, 37.975923588 ], [ 23.720453116, 37.974822498 ], [ 23.720435486, 37.974782273 ], [ 23.720434919, 37.974781166 ], [ 23.72033338, 37.974582767 ], [ 23.720144372, 37.974213457 ], [ 23.720134327, 37.974193829 ] ] ] } },
{ "type": "Feature", "properties": { "zone_id": 12, "year": 2020, "kwh_per_user_cap": 767.91699, "ac_share_cap": 0.70893371131995642, "kwh_pc_overall": 544.4022224787002, "kwh_cap": 1704931.4125976562 }, "geometry": { "type": "Polygon", "coordinates": [ [ [ 23.758295581, 37.999827711 ], [ 23.75828332, 37.999813711 ], [ 23.758152684, 37.999665312 ], [ 23.758084862, 37.999574462 ], [ 23.757717499, 37.999456539 ], [ 23.757347988, 37.999365649 ], [ 23.757217082, 37.999342847 ], [ 23.756727877, 37.999391407 ], [ 23.756013587, 37.999696364 ], [ 23.755753547, 37.999810745 ], [ 23.755744732, 37.999814623 ], [ 23.755731261, 37.999826464 ], [ 23.755596436, 37.999911805 ], [ 23.755592539, 37.99991197 ], [ 23.75537271, 37.999921273 ], [ 23.755152513, 37.999930592 ], [ 23.755138355, 37.999931191 ], [ 23.75488373, 37.999941965 ], [ 23.754226701, 37.999881324 ], [ 23.753909273, 37.999883132 ], [ 23.753278093, 38.000027784 ], [ 23.752957584, 38.000163209 ], [ 23.752643621, 38.000446402 ], [ 23.751880413, 38.001634489 ], [ 23.751880408, 38.001681186 ], [ 23.751880408, 38.001681447 ], [ 23.751880357, 38.002194727 ], [ 23.751880347, 38.002287919 ], [ 23.75186797, 38.00258081 ], [ 23.751797499, 38.00289611 ], [ 23.75179456, 38.002923142 ], [ 23.751750052, 38.003356361 ], [ 23.751749661, 38.00336017 ], [ 23.751959062, 38.003540868 ], [ 23.752005477, 38.003604056 ], [ 23.752178305, 38.004393043 ], [ 23.752291147, 38.004920531 ], [ 23.752366721, 38.005204594 ], [ 23.752440972, 38.005353462 ], [ 23.752879403, 38.005809532 ], [ 23.752846844, 38.005859034 ], [ 23.752793346, 38.005890466 ], [ 23.753257546, 38.00609423 ], [ 23.753362017, 38.006141213 ], [ 23.753527352, 38.006215567 ], [ 23.753660243, 38.00627533 ], [ 23.753723266, 38.006298229 ], [ 23.754074814, 38.006425957 ], [ 23.754075722, 38.006462655 ], [ 23.754079497, 38.006472113 ], [ 23.754202818, 38.006781184 ], [ 23.755522511, 38.006418915 ], [ 23.758040031, 38.005612967 ], [ 23.759668454, 38.005093562 ], [ 23.7604878, 38.00482663 ], [ 23.760626562, 38.004781422 ], [ 23.761706, 38.004429742 ], [ 23.761716645, 38.004426274 ], [ 23.762449202, 38.00380881 ], [ 23.762476896, 38.003783395 ], [ 23.762297194, 38.003656852 ], [ 23.762016653, 38.003510641 ], [ 23.761934493, 38.003475051 ], [ 23.761852937, 38.003439724 ], [ 23.761594485, 38.003361069 ], [ 23.761137145, 38.003221886 ], [ 23.760604898, 38.00303604 ], [ 23.759991762, 38.002683271 ], [ 23.759854638, 38.002535852 ], [ 23.759832669, 38.002507906 ], [ 23.759547235, 38.002144812 ], [ 23.759421533, 38.00198836 ], [ 23.75922775, 38.001721443 ], [ 23.759009293, 38.001374421 ], [ 23.758898601, 38.001090562 ], [ 23.758531797, 38.000149902 ], [ 23.75845819, 38.000013369 ], [ 23.758312463, 37.999846985 ], [ 23.758295581, 37.999827711 ] ] ] } },
{ "type": "Feature", "properties": { "zone_id": 13, "year": 2020, "kwh_per_user_cap": 674.19147, "ac_share_cap": 0.48121654899908645, "kwh_pc_overall": 324.43210073470283, "kwh_cap": 3709822.0341796875 }, "geometry": { "type": "Polygon", "coordinates": [ [ [ 23.714892384, 37.984552679 ], [ 23.714594783, 37.984304163 ], [ 23.71456735, 37.984281254 ], [ 23.714542449, 37.984257985 ], [ 23.714514164, 37.984231554 ], [ 23.714502623, 37.98422127 ], [ 23.714463451, 37.984186367 ], [ 23.714435027, 37.984158807 ], [ 23.714430835, 37.984154743 ], [ 23.714404861, 37.984131401 ], [ 23.713897847, 37.983675766 ], [ 23.713712365, 37.983468019 ], [ 23.713526885, 37.983260272 ], [ 23.711710429, 37.981255901 ], [ 23.711603037, 37.981097806 ], [ 23.711515219, 37.980940069 ], [ 23.711469552, 37.980888196 ], [ 23.711432085, 37.980845637 ], [ 23.7114256, 37.980838272 ], [ 23.709928205, 37.979137352 ], [ 23.709830649, 37.979026533 ], [ 23.708891554, 37.978043968 ], [ 23.707426303, 37.976799083 ], [ 23.706368356, 37.975866647 ], [ 23.705591994, 37.975293617 ], [ 23.705500739, 37.975226262 ], [ 23.705485174, 37.975214773 ], [ 23.705468709, 37.975236954 ], [ 23.705296728, 37.975268068 ], [ 23.705080644, 37.975294565 ], [ 23.70476675, 37.975311804 ], [ 23.704409448, 37.975328932 ], [ 23.704241114, 37.975337522 ], [ 23.703656003, 37.975376607 ], [ 23.702925413, 37.975491932 ], [ 23.702697057, 37.975473329 ], [ 23.702703332, 37.975539965 ], [ 23.702714459, 37.975658137 ], [ 23.702827835, 37.97674898 ], [ 23.702828987, 37.976786746 ], [ 23.702830035, 37.976821088 ], [ 23.702424562, 37.976869634 ], [ 23.701989619, 37.976990206 ], [ 23.702010289, 37.977036634 ], [ 23.702194491, 37.977450381 ], [ 23.702362705, 37.97782484 ], [ 23.702447004, 37.978034337 ], [ 23.702469801, 37.978090991 ], [ 23.702484676, 37.978124228 ], [ 23.70259499, 37.978370706 ], [ 23.702619958, 37.978420435 ], [ 23.702746776, 37.97867302 ], [ 23.702955744, 37.979253163 ], [ 23.702970807, 37.979286851 ], [ 23.703385261, 37.980213777 ], [ 23.703409942, 37.980268977 ], [ 23.704008925, 37.979998856 ], [ 23.704476825, 37.979862913 ], [ 23.70550858, 37.979693422 ], [ 23.705756349, 37.980370498 ], [ 23.705961533, 37.98093882 ], [ 23.706565785, 37.980660931 ], [ 23.707236361, 37.980347152 ], [ 23.707935754, 37.98003344 ], [ 23.708042643, 37.980177911 ], [ 23.708280281, 37.980642663 ], [ 23.708478691, 37.981039721 ], [ 23.708878239, 37.981865386 ], [ 23.708935144, 37.981979218 ], [ 23.70895944, 37.982027819 ], [ 23.707722071, 37.982412303 ], [ 23.707738331, 37.982529511 ], [ 23.707846514, 37.983156173 ], [ 23.707938083, 37.983689413 ], [ 23.707966512, 37.983854967 ], [ 23.707905963, 37.984048593 ], [ 23.707830109, 37.984332309 ], [ 23.708139084, 37.984919353 ], [ 23.708174475, 37.984986596 ], [ 23.708195309, 37.985030451 ], [ 23.708197553, 37.985035174 ], [ 23.708350228, 37.985356558 ], [ 23.708558297, 37.98556437 ], [ 23.709057744, 37.986058373 ], [ 23.709060165, 37.986060768 ], [ 23.709115534, 37.986115533 ], [ 23.708966505, 37.986215368 ], [ 23.708412003, 37.986586828 ], [ 23.708507864, 37.986674399 ], [ 23.708580333, 37.986740601 ], [ 23.708977121, 37.987102097 ], [ 23.709042119, 37.987043674 ], [ 23.709618848, 37.986716131 ], [ 23.710198438, 37.986474213 ], [ 23.711041021, 37.986138304 ], [ 23.711135162, 37.986088965 ], [ 23.711340561, 37.985981315 ], [ 23.711697038, 37.985824464 ], [ 23.711993623, 37.985694504 ], [ 23.71258509, 37.98596183 ], [ 23.713013537, 37.98614764 ], [ 23.713332664, 37.985711295 ], [ 23.713895007, 37.985965024 ], [ 23.714253009, 37.98612769 ], [ 23.715076202, 37.986495142 ], [ 23.715668752, 37.986762455 ], [ 23.715695674, 37.986774662 ], [ 23.715708438, 37.98678045 ], [ 23.716629941, 37.987198265 ], [ 23.716637695, 37.98720178 ], [ 23.716687957, 37.98722457 ], [ 23.717514266, 37.98760059 ], [ 23.717778145, 37.987222633 ], [ 23.717878318, 37.987135254 ], [ 23.717906889, 37.987110332 ], [ 23.717912466, 37.987105468 ], [ 23.717951196, 37.987071685 ], [ 23.717848092, 37.987038088 ], [ 23.717635367, 37.986913532 ], [ 23.717585339, 37.986884239 ], [ 23.717077559, 37.986409845 ], [ 23.715720163, 37.985243914 ], [ 23.714892384, 37.984552679 ] ] ] } },
{ "type": "Feature", "properties": { "zone_id": 14, "year": 2020, "kwh_per_user_cap": 813.87067, "ac_share_cap": 0.97741406791404317, "kwh_pc_overall": 795.48863946616314, "kwh_cap": 425757.84375 }, "geometry": { "type": "Polygon", "coordinates": [ [ [ 23.737967118, 37.97558793 ], [ 23.737803771, 37.975608969 ], [ 23.737803564, 37.975608025 ], [ 23.737567817, 37.974533899 ], [ 23.737566337, 37.974534102 ], [ 23.737565503, 37.974534217 ], [ 23.737366425, 37.974561573 ], [ 23.737364504, 37.974561837 ], [ 23.736447584, 37.974687829 ], [ 23.736447378, 37.974686926 ], [ 23.736437193, 37.974642022 ], [ 23.736434844, 37.974642334 ], [ 23.736305663, 37.974659476 ], [ 23.736308369, 37.974673251 ], [ 23.736308386, 37.974673334 ], [ 23.735728102, 37.97475002 ], [ 23.735612541, 37.974766141 ], [ 23.735450726, 37.974788715 ], [ 23.735366398, 37.974800478 ], [ 23.735361886, 37.974801108 ], [ 23.735373807, 37.974858827 ], [ 23.735378933, 37.9748635 ], [ 23.735411678, 37.974893353 ], [ 23.735449525, 37.974992504 ], [ 23.735628, 37.975918914 ], [ 23.735615767, 37.976056638 ], [ 23.735636972, 37.97606793 ], [ 23.73571928, 37.976111758 ], [ 23.735862233, 37.976187879 ], [ 23.736119113, 37.976192962 ], [ 23.736165911, 37.976189323 ], [ 23.736264714, 37.976181639 ], [ 23.736344407, 37.976175441 ], [ 23.736793652, 37.976117863 ], [ 23.737212241, 37.976066378 ], [ 23.737621285, 37.976016064 ], [ 23.737721531, 37.976002081 ], [ 23.737885414, 37.97597922 ], [ 23.737921569, 37.975974177 ], [ 23.738051266, 37.975956084 ], [ 23.73802096, 37.975807532 ], [ 23.738020935, 37.975807422 ], [ 23.737969277, 37.975587652 ], [ 23.737967118, 37.97558793 ] ] ] } },
{ "type": "Feature", "properties": { "zone_id": 15, "year": 2020, "kwh_per_user_cap": 726.32367, "ac_share_cap": 0.85202616962694533, "kwh_pc_overall": 618.84674228257018, "kwh_cap": 9364157.6015625 }, "geometry": { "type": "Polygon", "coordinates": [ [ [ 23.767209376, 37.999845152 ], [ 23.768958499, 37.99839426 ], [ 23.769194029, 37.998213317 ], [ 23.769291689, 37.998141575 ], [ 23.769316392, 37.998123429 ], [ 23.769297371, 37.998060301 ], [ 23.769196623, 37.997726629 ], [ 23.769192592, 37.997650012 ], [ 23.768841769, 37.996960005 ], [ 23.768841686, 37.99695984 ], [ 23.768470285, 37.996224563 ], [ 23.768011223, 37.995299842 ], [ 23.767863599, 37.994987845 ], [ 23.767718835, 37.994681885 ], [ 23.767603195, 37.994447323 ], [ 23.767406564, 37.994050369 ], [ 23.767146987, 37.99352711 ], [ 23.766920994, 37.99307602 ], [ 23.766867226, 37.992972266 ], [ 23.766794916, 37.993023622 ], [ 23.766793171, 37.993024861 ], [ 23.766721693, 37.993075625 ], [ 23.766307928, 37.9931424 ], [ 23.766017374, 37.993186887 ], [ 23.765662806, 37.993210102 ], [ 23.765276141, 37.993235418 ], [ 23.765138445, 37.993244432 ], [ 23.764375703, 37.993281382 ], [ 23.763627579, 37.993168589 ], [ 23.762950744, 37.993032034 ], [ 23.762138296, 37.992791554 ], [ 23.761802413, 37.992655681 ], [ 23.761293905, 37.99241581 ], [ 23.760821446, 37.992144465 ], [ 23.760794792, 37.992221566 ], [ 23.760779412, 37.992266053 ], [ 23.760761798, 37.992320094 ], [ 23.760606013, 37.992509047 ], [ 23.760406293, 37.99274748 ], [ 23.760386758, 37.992770584 ], [ 23.760382351, 37.992775796 ], [ 23.76017623, 37.993019565 ], [ 23.760171923, 37.993024658 ], [ 23.760147628, 37.99305339 ], [ 23.760132199, 37.993071074 ], [ 23.760124418, 37.993079994 ], [ 23.759895753, 37.993342088 ], [ 23.759887349, 37.99335172 ], [ 23.759875253, 37.993365585 ], [ 23.759817066, 37.99343609 ], [ 23.759816748, 37.993436476 ], [ 23.759612066, 37.993684494 ], [ 23.759594571, 37.993705692 ], [ 23.759694417, 37.993755467 ], [ 23.759622313, 37.993831141 ], [ 23.759612993, 37.993840923 ], [ 23.759359406, 37.994115296 ], [ 23.75879693, 37.994704485 ], [ 23.758528035, 37.994950005 ], [ 23.758477559, 37.995285158 ], [ 23.758557589, 37.995587358 ], [ 23.758690785, 37.996090313 ], [ 23.758748612, 37.996308672 ], [ 23.758740717, 37.996536736 ], [ 23.758684852, 37.997216245 ], [ 23.758670308, 37.997393146 ], [ 23.758892117, 37.997714477 ], [ 23.759118094, 37.998103385 ], [ 23.7593782, 37.998551027 ], [ 23.759685444, 37.99907982 ], [ 23.759794246, 37.999267023 ], [ 23.759761257, 37.999433494 ], [ 23.759700517, 37.999740005 ], [ 23.759561558, 38.000330062 ], [ 23.759492172, 38.000541722 ], [ 23.759428681, 38.000473996 ], [ 23.75944239, 38.000744409 ], [ 23.759428575, 38.000801287 ], [ 23.759315399, 38.000829771 ], [ 23.759203565, 38.000960228 ], [ 23.759118863, 38.00103527 ], [ 23.758945255, 38.001078851 ], [ 23.758898601, 38.001090562 ], [ 23.759009293, 38.001374421 ], [ 23.75922775, 38.001721443 ], [ 23.759421533, 38.00198836 ], [ 23.759547235, 38.002144812 ], [ 23.759832669, 38.002507906 ], [ 23.759854638, 38.002535852 ], [ 23.759991762, 38.002683271 ], [ 23.760604898, 38.00303604 ], [ 23.761137145, 38.003221886 ], [ 23.761594485, 38.003361069 ], [ 23.761852937, 38.003439724 ], [ 23.761934493, 38.003475051 ], [ 23.762016653, 38.003510641 ], [ 23.762297194, 38.003656852 ], [ 23.762476896, 38.003783395 ], [ 23.762962246, 38.003380694 ], [ 23.763174688, 38.003204426 ], [ 23.763759398, 38.002719273 ], [ 23.764096291, 38.002439738 ], [ 23.76454342, 38.00206873 ], [ 23.764995962, 38.001693226 ], [ 23.765354119, 38.001393052 ], [ 23.765433218, 38.001326758 ], [ 23.765617802, 38.001164772 ], [ 23.765953215, 38.000887083 ], [ 23.766706373, 38.000262376 ], [ 23.767209376, 37.999845152 ] ] ] } },
{ "type": "Feature", "properties": { "zone_id": 16, "year": 2020, "kwh_per_user_cap": 551.73248, "ac_share_cap": 0.83222645423265174, "kwh_pc_overall": 459.1663812244422, "kwh_cap": 8008052.1484375 }, "geometry": { "type": "Polygon", "coordinates": [ [ [ 23.750295642, 37.995479874 ], [ 23.750348497, 37.995418788 ], [ 23.75040462, 37.995353926 ], [ 23.750346893, 37.995164533 ], [ 23.750316621, 37.995065328 ], [ 23.75014725, 37.994528704 ], [ 23.750325679, 37.994493032 ], [ 23.750593488, 37.994438681 ], [ 23.751028376, 37.994345809 ], [ 23.751499196, 37.994252168 ], [ 23.751511608, 37.994249691 ], [ 23.751767015, 37.994198659 ], [ 23.75188319, 37.994171929 ], [ 23.752075144, 37.994199628 ], [ 23.75230278, 37.994232477 ], [ 23.752684791, 37.994287599 ], [ 23.752966377, 37.994328231 ], [ 23.753049648, 37.994340246 ], [ 23.753261518, 37.994370817 ], [ 23.753668267, 37.994429506 ], [ 23.753928635, 37.99359934 ], [ 23.753630952, 37.993431979 ], [ 23.753744975, 37.993353943 ], [ 23.75367693, 37.993299589 ], [ 23.753433656, 37.992832212 ], [ 23.753176764, 37.992296362 ], [ 23.753061491, 37.992055912 ], [ 23.752989452, 37.991912043 ], [ 23.752775497, 37.991484349 ], [ 23.75252162, 37.990977725 ], [ 23.752365891, 37.990429416 ], [ 23.752216371, 37.989902956 ], [ 23.752077497, 37.989413981 ], [ 23.751947499, 37.988956251 ], [ 23.751786622, 37.988389783 ], [ 23.751750878, 37.988315952 ], [ 23.75171034, 37.988232218 ], [ 23.75171025, 37.988232034 ], [ 23.751651601, 37.98810573 ], [ 23.751535873, 37.987704413 ], [ 23.751376444, 37.987176825 ], [ 23.751540978, 37.986929319 ], [ 23.751800966, 37.986551328 ], [ 23.75221863, 37.985952853 ], [ 23.751992147, 37.985258386 ], [ 23.751946265, 37.985357431 ], [ 23.751402329, 37.986149414 ], [ 23.750514557, 37.986327791 ], [ 23.749257891, 37.986568466 ], [ 23.748302881, 37.986737671 ], [ 23.747937654, 37.986561138 ], [ 23.747761454, 37.986470632 ], [ 23.747389901, 37.986271552 ], [ 23.746851359, 37.985995502 ], [ 23.745984227, 37.985552003 ], [ 23.745828478, 37.985744363 ], [ 23.745819252, 37.985755757 ], [ 23.745565166, 37.986069567 ], [ 23.745565044, 37.986069718 ], [ 23.745452437, 37.986208792 ], [ 23.745341661, 37.986346647 ], [ 23.745331359, 37.986359468 ], [ 23.745107423, 37.986638141 ], [ 23.74510297, 37.986643683 ], [ 23.744978877, 37.986798108 ], [ 23.744896685, 37.986897071 ], [ 23.744810547, 37.987005038 ], [ 23.744607881, 37.987261465 ], [ 23.744279417, 37.987670836 ], [ 23.74414647, 37.987832778 ], [ 23.743909897, 37.988116168 ], [ 23.743747303, 37.98830959 ], [ 23.743556792, 37.988548016 ], [ 23.743341274, 37.988813425 ], [ 23.743015675, 37.989213786 ], [ 23.742850112, 37.989449985 ], [ 23.742842209, 37.98946126 ], [ 23.742461937, 37.989788787 ], [ 23.741908893, 37.98931501 ], [ 23.74170836, 37.989161351 ], [ 23.741295623, 37.988935123 ], [ 23.740930772, 37.988742837 ], [ 23.740797607, 37.988672654 ], [ 23.740309823, 37.989243894 ], [ 23.740266927, 37.989297877 ], [ 23.740175782, 37.989410336 ], [ 23.739817293, 37.989846667 ], [ 23.739970818, 37.990311168 ], [ 23.739752892, 37.990346737 ], [ 23.739757965, 37.990522499 ], [ 23.739856307, 37.990892243 ], [ 23.739868604, 37.990937335 ], [ 23.739875982, 37.990964389 ], [ 23.739911821, 37.991095155 ], [ 23.740035115, 37.991555083 ], [ 23.740169671, 37.992051086 ], [ 23.740259194, 37.992389125 ], [ 23.740259232, 37.992389266 ], [ 23.740259335, 37.992389308 ], [ 23.740531463, 37.992498021 ], [ 23.740866412, 37.992584381 ], [ 23.741078689, 37.992638926 ], [ 23.741079892, 37.992672388 ], [ 23.741080959, 37.992702021 ], [ 23.74219068, 37.993153306 ], [ 23.742819353, 37.993408958 ], [ 23.742946319, 37.993431939 ], [ 23.743425082, 37.99336883 ], [ 23.744024663, 37.993289792 ], [ 23.744292808, 37.993245311 ], [ 23.744710354, 37.993633771 ], [ 23.744751282, 37.993673562 ], [ 23.744942256, 37.993859232 ], [ 23.744998376, 37.993913793 ], [ 23.745115448, 37.994022201 ], [ 23.745551803, 37.994428724 ], [ 23.745874292, 37.994726845 ], [ 23.745969347, 37.994821685 ], [ 23.746269014, 37.995133275 ], [ 23.7465766, 37.995473862 ], [ 23.746613741, 37.995467798 ], [ 23.746724555, 37.995449706 ], [ 23.747333154, 37.995347368 ], [ 23.747385193, 37.995324947 ], [ 23.747785575, 37.995135791 ], [ 23.748041948, 37.995508423 ], [ 23.748060835, 37.995543162 ], [ 23.74811631, 37.995645194 ], [ 23.748257521, 37.995904913 ], [ 23.748284832, 37.995955145 ], [ 23.748307994, 37.995997743 ], [ 23.748615462, 37.995877366 ], [ 23.749119764, 37.995675654 ], [ 23.749202285, 37.995650879 ], [ 23.749298613, 37.995621959 ], [ 23.749777147, 37.995460746 ], [ 23.749978, 37.995425122 ], [ 23.750295642, 37.995479874 ] ] ] } },
{ "type": "Feature", "properties": { "zone_id": 17, "year": 2020, "kwh_per_user_cap": 712.39886, "ac_share_cap": 0.67575412872994911, "kwh_pc_overall": 481.40646502424568, "kwh_cap": 8217065.3359375 }, "geometry": { "type": "Polygon", "coordinates": [ [ [ 23.746673737, 37.956760491 ], [ 23.746510887, 37.956803168 ], [ 23.745965025, 37.956944234 ], [ 23.745713797, 37.957007975 ], [ 23.745631273, 37.956532827 ], [ 23.745579224, 37.956385455 ], [ 23.745290795, 37.955853069 ], [ 23.745021867, 37.955948111 ], [ 23.744647884, 37.956080279 ], [ 23.744150766, 37.956261607 ], [ 23.74376734, 37.956388942 ], [ 23.743444826, 37.956324935 ], [ 23.742936948, 37.956224135 ], [ 23.742405207, 37.956126417 ], [ 23.741927918, 37.956038704 ], [ 23.741020548, 37.955871947 ], [ 23.740392984, 37.955756608 ], [ 23.740116141, 37.955708204 ], [ 23.73999858, 37.955990953 ], [ 23.73984734, 37.956354703 ], [ 23.738718255, 37.956270961 ], [ 23.737466198, 37.956165983 ], [ 23.737141816, 37.956138783 ], [ 23.736677031, 37.956099808 ], [ 23.736158006, 37.956056283 ], [ 23.735736085, 37.9560209 ], [ 23.735873163, 37.955674988 ], [ 23.735829382, 37.95566266 ], [ 23.735479823, 37.955564221 ], [ 23.735473238, 37.955562367 ], [ 23.734873156, 37.955393376 ], [ 23.734786974, 37.955594658 ], [ 23.734734652, 37.955717082 ], [ 23.734632042, 37.955960199 ], [ 23.734590773, 37.956087495 ], [ 23.734549079, 37.9562161 ], [ 23.734407733, 37.956652082 ], [ 23.73440609, 37.956657147 ], [ 23.734374382, 37.95675495 ], [ 23.733309455, 37.956953439 ], [ 23.732687988, 37.957055372 ], [ 23.732421729, 37.957104338 ], [ 23.731847268, 37.957193159 ], [ 23.731720467, 37.957237934 ], [ 23.730970568, 37.957344377 ], [ 23.730137006, 37.957468649 ], [ 23.729946803, 37.957535809 ], [ 23.729872292, 37.957580702 ], [ 23.729695771, 37.957738004 ], [ 23.729645309, 37.957782971 ], [ 23.729683322, 37.957796578 ], [ 23.730042935, 37.957901052 ], [ 23.730552906, 37.958037414 ], [ 23.730672686, 37.958064727 ], [ 23.730674442, 37.958065027 ], [ 23.730747321, 37.958077479 ], [ 23.730806357, 37.958087565 ], [ 23.730863152, 37.958101949 ], [ 23.731560517, 37.958278559 ], [ 23.731637951, 37.958310281 ], [ 23.732111369, 37.958424021 ], [ 23.732111528, 37.958424061 ], [ 23.732322149, 37.958476858 ], [ 23.73289388, 37.958620176 ], [ 23.732909614, 37.958624119 ], [ 23.73291964, 37.958626664 ], [ 23.733497324, 37.958773266 ], [ 23.733564298, 37.958790263 ], [ 23.733644237, 37.958810549 ], [ 23.734208258, 37.958956031 ], [ 23.734268352, 37.959074559 ], [ 23.734933552, 37.959253781 ], [ 23.735461349, 37.959395981 ], [ 23.735682506, 37.959473828 ], [ 23.736016778, 37.959591492 ], [ 23.736201022, 37.959682941 ], [ 23.736593024, 37.959906507 ], [ 23.736598483, 37.95990962 ], [ 23.736698336, 37.959966568 ], [ 23.736699995, 37.959967723 ], [ 23.737013595, 37.96018614 ], [ 23.737214768, 37.960326331 ], [ 23.737190263, 37.960382261 ], [ 23.737478704, 37.960500072 ], [ 23.739136404, 37.961418568 ], [ 23.739305857, 37.961522051 ], [ 23.73936262, 37.961556716 ], [ 23.739444168, 37.961606516 ], [ 23.739462275, 37.961617574 ], [ 23.739794842, 37.96180266 ], [ 23.739995601, 37.961914391 ], [ 23.740015086, 37.961925235 ], [ 23.740111248, 37.96197766 ], [ 23.740660359, 37.962277021 ], [ 23.741608634, 37.962793983 ], [ 23.741895864, 37.962956712 ], [ 23.742425016, 37.963256496 ], [ 23.742455069, 37.963273522 ], [ 23.743420072, 37.963829923 ], [ 23.743442629, 37.963842812 ], [ 23.74350578, 37.963878897 ], [ 23.743843823, 37.964072052 ], [ 23.743865969, 37.964084706 ], [ 23.744243438, 37.964300386 ], [ 23.744473264, 37.964431429 ], [ 23.744473294, 37.964431447 ], [ 23.744473515, 37.964431573 ], [ 23.744555412, 37.964340252 ], [ 23.744610656, 37.964278651 ], [ 23.744617108, 37.964271735 ], [ 23.74481205, 37.964062779 ], [ 23.74495528, 37.963902752 ], [ 23.74517991, 37.963648984 ], [ 23.745496741, 37.963294844 ], [ 23.745853234, 37.962898926 ], [ 23.74629126, 37.962416619 ], [ 23.746512574, 37.962166654 ], [ 23.746603392, 37.962065789 ], [ 23.746520985, 37.962022017 ], [ 23.745986287, 37.96173799 ], [ 23.745525578, 37.961480762 ], [ 23.745051753, 37.961211829 ], [ 23.744550121, 37.960932034 ], [ 23.745416309, 37.95998362 ], [ 23.745921512, 37.959430444 ], [ 23.746461994, 37.958838629 ], [ 23.746701394, 37.958567003 ], [ 23.747306872, 37.957879053 ], [ 23.747703197, 37.957428737 ], [ 23.747552634, 37.957284493 ], [ 23.746934382, 37.956692183 ], [ 23.746673737, 37.956760491 ] ] ] } },
{ "type": "Feature", "properties": { "zone_id": 18, "year": 2020, "kwh_per_user_cap": 540.89545, "ac_share_cap": 0.88389974891395684, "kwh_pc_overall": 478.09735208870029, "kwh_cap": 5660905.19921875 }, "geometry": { "type": "Polygon", "coordinates": [ [ [ 23.770795762, 37.984720735 ], [ 23.770823668, 37.984694872 ], [ 23.770149205, 37.984232005 ], [ 23.769396465, 37.983842708 ], [ 23.76873322, 37.983536835 ], [ 23.768663222, 37.983504567 ], [ 23.768254768, 37.983320765 ], [ 23.768254425, 37.983320612 ], [ 23.766701402, 37.982622587 ], [ 23.766055797, 37.982334712 ], [ 23.764514258, 37.981647318 ], [ 23.763998281, 37.981417228 ], [ 23.763476835, 37.981184697 ], [ 23.762297102, 37.980658598 ], [ 23.761816095, 37.980444089 ], [ 23.761503213, 37.980304554 ], [ 23.761281433, 37.980205647 ], [ 23.761158928, 37.980205694 ], [ 23.760984407, 37.980205762 ], [ 23.760258595, 37.980206038 ], [ 23.759273236, 37.980206121 ], [ 23.758765421, 37.980201712 ], [ 23.758281764, 37.979987343 ], [ 23.757487605, 37.979635344 ], [ 23.75670195, 37.979287106 ], [ 23.756357536, 37.979751638 ], [ 23.756097418, 37.980075562 ], [ 23.756095269, 37.98007795 ], [ 23.756048844, 37.980129538 ], [ 23.755976877, 37.980156428 ], [ 23.755976585, 37.980156537 ], [ 23.755881394, 37.980192281 ], [ 23.754938463, 37.980717376 ], [ 23.754938109, 37.980717572 ], [ 23.754941418, 37.980721021 ], [ 23.755317796, 37.981113349 ], [ 23.755319315, 37.981114932 ], [ 23.755681043, 37.981485211 ], [ 23.756206905, 37.9820451 ], [ 23.756577597, 37.982397369 ], [ 23.756934062, 37.982641453 ], [ 23.757374597, 37.982858671 ], [ 23.757395267, 37.982869255 ], [ 23.758514601, 37.983442347 ], [ 23.758984462, 37.98383537 ], [ 23.759340735, 37.984142537 ], [ 23.759511944, 37.984306822 ], [ 23.759677311, 37.984454546 ], [ 23.760009531, 37.984740785 ], [ 23.760405539, 37.985100073 ], [ 23.760436737, 37.985136188 ], [ 23.760592372, 37.985316762 ], [ 23.760660093, 37.985393509 ], [ 23.761156015, 37.98609752 ], [ 23.761404808, 37.986413475 ], [ 23.76140768, 37.986412912 ], [ 23.762953086, 37.986110169 ], [ 23.763447057, 37.985989489 ], [ 23.763588963, 37.985980123 ], [ 23.763844589, 37.98596325 ], [ 23.763910844, 37.985958876 ], [ 23.763969922, 37.98617981 ], [ 23.765193858, 37.986700499 ], [ 23.765259565, 37.986741188 ], [ 23.765382093, 37.986818041 ], [ 23.765779077, 37.987093725 ], [ 23.766049402, 37.987360142 ], [ 23.766402049, 37.987703331 ], [ 23.766589107, 37.987856921 ], [ 23.766737874, 37.98796537 ], [ 23.767107367, 37.988159879 ], [ 23.767338726, 37.988259478 ], [ 23.768302534, 37.988793139 ], [ 23.769237287, 37.989290684 ], [ 23.769540513, 37.989047625 ], [ 23.770222722, 37.988490469 ], [ 23.770263047, 37.988454496 ], [ 23.770670386, 37.988270527 ], [ 23.770648776, 37.98823894 ], [ 23.770622584, 37.988218399 ], [ 23.77023981, 37.987918186 ], [ 23.769831596, 37.987597557 ], [ 23.769812989, 37.987580193 ], [ 23.769742243, 37.987514178 ], [ 23.769598529, 37.987404189 ], [ 23.769405145, 37.987256183 ], [ 23.769390154, 37.987244468 ], [ 23.769447407, 37.987195607 ], [ 23.769492087, 37.987132604 ], [ 23.769260187, 37.986978931 ], [ 23.768977497, 37.986793613 ], [ 23.768922175, 37.986751318 ], [ 23.768995847, 37.986671572 ], [ 23.770758456, 37.98475531 ], [ 23.770795762, 37.984720735 ] ] ] } },
{ "type": "Feature", "properties": { "zone_id": 19, "year": 2020, "kwh_per_user_cap": 781.52759, "ac_share_cap": 0.54108989380406636, "kwh_pc_overall": 422.87667861207115, "kwh_cap": 9757526.421875 }, "geometry": { "type": "Polygon", "coordinates": [ [ [ 23.725475087, 37.955785971 ], [ 23.725520367, 37.9558114 ], [ 23.725555665, 37.955831224 ], [ 23.725622305, 37.955894469 ], [ 23.72613492, 37.956175063 ], [ 23.726181419, 37.95620221 ], [ 23.726306396, 37.956265591 ], [ 23.726353251, 37.956292739 ], [ 23.726749784, 37.95650997 ], [ 23.727489651, 37.956903747 ], [ 23.727853583, 37.957089354 ], [ 23.727962605, 37.957139177 ], [ 23.728061686, 37.95718447 ], [ 23.728241398, 37.957261495 ], [ 23.728606533, 37.957411051 ], [ 23.729645309, 37.957782971 ], [ 23.729695771, 37.957738004 ], [ 23.729872292, 37.957580702 ], [ 23.729946803, 37.957535809 ], [ 23.730137006, 37.957468649 ], [ 23.730970568, 37.957344377 ], [ 23.731720467, 37.957237934 ], [ 23.731847268, 37.957193159 ], [ 23.732421729, 37.957104338 ], [ 23.732687988, 37.957055372 ], [ 23.733309455, 37.956953439 ], [ 23.734374382, 37.95675495 ], [ 23.73440609, 37.956657147 ], [ 23.734407733, 37.956652082 ], [ 23.734549079, 37.9562161 ], [ 23.734590773, 37.956087495 ], [ 23.734632042, 37.955960199 ], [ 23.734734652, 37.955717082 ], [ 23.734786974, 37.955594658 ], [ 23.734873156, 37.955393376 ], [ 23.734061488, 37.955165776 ], [ 23.734050257, 37.955203169 ], [ 23.734011109, 37.955302409 ], [ 23.733983298, 37.955372907 ], [ 23.733790754, 37.955638583 ], [ 23.733789968, 37.955639668 ], [ 23.733547137, 37.955780759 ], [ 23.733321151, 37.955653787 ], [ 23.732309177, 37.955085193 ], [ 23.731227084, 37.954600536 ], [ 23.731158159, 37.954577846 ], [ 23.731054762, 37.954546064 ], [ 23.730885062, 37.954455547 ], [ 23.7308178, 37.954365364 ], [ 23.730522489, 37.954220468 ], [ 23.730476026, 37.95419767 ], [ 23.729917809, 37.954294478 ], [ 23.729860102, 37.954304486 ], [ 23.729839357, 37.954315255 ], [ 23.729652684, 37.954412164 ], [ 23.729562432, 37.954337336 ], [ 23.729526889, 37.954307866 ], [ 23.729320035, 37.954136363 ], [ 23.729289742, 37.954110614 ], [ 23.728891607, 37.95376455 ], [ 23.728858344, 37.953735637 ], [ 23.728855103, 37.95373282 ], [ 23.728572405, 37.953487094 ], [ 23.728538814, 37.953457895 ], [ 23.727542081, 37.952591494 ], [ 23.727476447, 37.952534441 ], [ 23.72681869, 37.952685753 ], [ 23.72661526, 37.952732552 ], [ 23.726612246, 37.952733246 ], [ 23.726480673, 37.95255768 ], [ 23.725634608, 37.951422297 ], [ 23.725404177, 37.951079305 ], [ 23.725173815, 37.950736413 ], [ 23.724948453, 37.95040096 ], [ 23.724848424, 37.950264423 ], [ 23.724816679, 37.950229719 ], [ 23.724612664, 37.950006685 ], [ 23.724530599, 37.949950968 ], [ 23.724331791, 37.949861695 ], [ 23.724027422, 37.949672451 ], [ 23.723732014, 37.949443105 ], [ 23.723468221, 37.949238303 ], [ 23.723199216, 37.94902945 ], [ 23.722949747, 37.948835765 ], [ 23.722020161, 37.949608528 ], [ 23.72168878, 37.949860106 ], [ 23.721104836, 37.950318061 ], [ 23.721104429, 37.95031838 ], [ 23.720181597, 37.951009935 ], [ 23.720076629, 37.951088595 ], [ 23.719317189, 37.951693105 ], [ 23.718635384, 37.952274763 ], [ 23.717917659, 37.952847135 ], [ 23.717800532, 37.95294252 ], [ 23.7171627, 37.95346195 ], [ 23.716980244, 37.953610533 ], [ 23.716550792, 37.953960256 ], [ 23.716176975, 37.954264668 ], [ 23.715738876, 37.954621423 ], [ 23.715725943, 37.954631956 ], [ 23.715033247, 37.955196024 ], [ 23.714917414, 37.955284986 ], [ 23.714872964, 37.955319124 ], [ 23.717549782, 37.957439105 ], [ 23.718454206, 37.958139771 ], [ 23.720338267, 37.959593333 ], [ 23.720338314, 37.959593369 ], [ 23.720382373, 37.95954185 ], [ 23.720471247, 37.959437931 ], [ 23.721505355, 37.958593171 ], [ 23.721967196, 37.958188683 ], [ 23.72212143, 37.958040335 ], [ 23.722982535, 37.957312321 ], [ 23.72322666, 37.957096586 ], [ 23.723388546, 37.956993319 ], [ 23.723432434, 37.95695737 ], [ 23.723792893, 37.956642766 ], [ 23.724125907, 37.956337549 ], [ 23.724150908, 37.956314635 ], [ 23.724269461, 37.956193239 ], [ 23.724920033, 37.955631455 ], [ 23.725063839, 37.955510117 ], [ 23.725065969, 37.955508321 ], [ 23.725475087, 37.955785971 ] ] ] } },
{ "type": "Feature", "properties": { "zone_id": 20, "year": 2020, "kwh_per_user_cap": 658.4386, "ac_share_cap": 0.38866212975873782, "kwh_pc_overall": 255.91014087552421, "kwh_cap": 2252343.0341186523 }, "geometry": { "type": "Polygon", "coordinates": [ [ [ 23.707499201, 37.98853598 ], [ 23.707812142, 37.988234827 ], [ 23.70820832, 37.987852765 ], [ 23.70869385, 37.987371781 ], [ 23.708977121, 37.987102097 ], [ 23.708580333, 37.986740601 ], [ 23.708507864, 37.986674399 ], [ 23.708412003, 37.986586828 ], [ 23.708966505, 37.986215368 ], [ 23.709115534, 37.986115533 ], [ 23.709060165, 37.986060768 ], [ 23.709057744, 37.986058373 ], [ 23.708558297, 37.98556437 ], [ 23.708350228, 37.985356558 ], [ 23.708197553, 37.985035174 ], [ 23.708195309, 37.985030451 ], [ 23.708174475, 37.984986596 ], [ 23.708139084, 37.984919353 ], [ 23.707830109, 37.984332309 ], [ 23.707905963, 37.984048593 ], [ 23.707966512, 37.983854967 ], [ 23.707938083, 37.983689413 ], [ 23.707846514, 37.983156173 ], [ 23.707738331, 37.982529511 ], [ 23.707722071, 37.982412303 ], [ 23.70895944, 37.982027819 ], [ 23.708935144, 37.981979218 ], [ 23.708878239, 37.981865386 ], [ 23.708478691, 37.981039721 ], [ 23.708280281, 37.980642663 ], [ 23.708042643, 37.980177911 ], [ 23.707935754, 37.98003344 ], [ 23.707236361, 37.980347152 ], [ 23.706565785, 37.980660931 ], [ 23.705961533, 37.98093882 ], [ 23.705756349, 37.980370498 ], [ 23.70550858, 37.979693422 ], [ 23.704476825, 37.979862913 ], [ 23.704008925, 37.979998856 ], [ 23.703409942, 37.980268977 ], [ 23.703385261, 37.980213777 ], [ 23.702970807, 37.979286851 ], [ 23.702955744, 37.979253163 ], [ 23.702746776, 37.97867302 ], [ 23.702619958, 37.978420435 ], [ 23.70259499, 37.978370706 ], [ 23.702484676, 37.978124228 ], [ 23.702469801, 37.978090991 ], [ 23.702447004, 37.978034337 ], [ 23.702362705, 37.97782484 ], [ 23.702194491, 37.977450381 ], [ 23.702010289, 37.977036634 ], [ 23.701989619, 37.976990206 ], [ 23.702424562, 37.976869634 ], [ 23.702830035, 37.976821088 ], [ 23.702828987, 37.976786746 ], [ 23.702827835, 37.97674898 ], [ 23.702714459, 37.975658137 ], [ 23.702703332, 37.975539965 ], [ 23.702697057, 37.975473329 ], [ 23.700576174, 37.975621169 ], [ 23.697602123, 37.975748754 ], [ 23.696784816, 37.975782014 ], [ 23.696273311, 37.975800255 ], [ 23.696059785, 37.975807869 ], [ 23.693682602, 37.975891832 ], [ 23.691937408, 37.975959378 ], [ 23.685289378, 37.976339415 ], [ 23.685462225, 37.976623755 ], [ 23.68693771, 37.978424714 ], [ 23.68721338, 37.978675058 ], [ 23.687882555, 37.979282744 ], [ 23.688167542, 37.979541541 ], [ 23.689491571, 37.980826112 ], [ 23.68977839, 37.981190415 ], [ 23.689914941, 37.981433878 ], [ 23.690072132, 37.981607174 ], [ 23.690414832, 37.981984981 ], [ 23.690692844, 37.982458832 ], [ 23.690787986, 37.982620994 ], [ 23.690897232, 37.982807194 ], [ 23.691270715, 37.983240016 ], [ 23.691915037, 37.983804984 ], [ 23.692326412, 37.984166334 ], [ 23.69258434, 37.984462749 ], [ 23.692783901, 37.984692087 ], [ 23.693152223, 37.985088067 ], [ 23.69334998, 37.985391397 ], [ 23.693525982, 37.985661357 ], [ 23.693620508, 37.985864392 ], [ 23.694146415, 37.986792889 ], [ 23.694289874, 37.987322434 ], [ 23.694305254, 37.987379207 ], [ 23.694354868, 37.987459072 ], [ 23.694386384, 37.987509806 ], [ 23.694406734, 37.98754689 ], [ 23.694516527, 37.98774696 ], [ 23.694564933, 37.98787014 ], [ 23.694850425, 37.988596631 ], [ 23.69498972, 37.988980523 ], [ 23.694989748, 37.988980601 ], [ 23.695119998, 37.9893417 ], [ 23.695839793, 37.990699044 ], [ 23.696067819, 37.991101561 ], [ 23.696457548, 37.991649143 ], [ 23.697120313, 37.99258033 ], [ 23.697503621, 37.992971515 ], [ 23.697601818, 37.993041644 ], [ 23.697905719, 37.993068434 ], [ 23.697978639, 37.993074863 ], [ 23.698082243, 37.993115866 ], [ 23.698400159, 37.99340481 ], [ 23.698475103, 37.993472924 ], [ 23.698546776, 37.993516476 ], [ 23.700893404, 37.992073532 ], [ 23.701724794, 37.991511371 ], [ 23.703374594, 37.990395815 ], [ 23.704242146, 37.989798646 ], [ 23.704854138, 37.989385593 ], [ 23.706240075, 37.988422978 ], [ 23.70629751, 37.988383086 ], [ 23.706754804, 37.988065459 ], [ 23.707499201, 37.98853598 ] ] ] } },
{ "type": "Feature", "properties": { "zone_id": 21, "year": 2020, "kwh_per_user_cap": 642.05786, "ac_share_cap": 0.94588225923537472, "kwh_pc_overall": 607.31115772211365, "kwh_cap": 9694639.611328125 }, "geometry": { "type": "Polygon", "coordinates": [ [ [ 23.77828007, 37.998054805 ], [ 23.778464635, 37.998303824 ], [ 23.779067395, 37.999117067 ], [ 23.780028395, 37.998540516 ], [ 23.780532924, 37.998239528 ], [ 23.78104458, 37.997934045 ], [ 23.78155303, 37.997628554 ], [ 23.782034715, 37.997345543 ], [ 23.782094587, 37.997310571 ], [ 23.782196224, 37.997251207 ], [ 23.781900031, 37.99703435 ], [ 23.781118928, 37.996510154 ], [ 23.779360363, 37.995438846 ], [ 23.778212462, 37.994760724 ], [ 23.777967461, 37.994570992 ], [ 23.777869913, 37.994462654 ], [ 23.777593591, 37.994155695 ], [ 23.777475006, 37.994060835 ], [ 23.77622388, 37.99316619 ], [ 23.776227165, 37.993139157 ], [ 23.776054939, 37.99301265 ], [ 23.775911459, 37.992913235 ], [ 23.775734252, 37.992786718 ], [ 23.775685439, 37.99280465 ], [ 23.775306073, 37.992565086 ], [ 23.774559048, 37.992216661 ], [ 23.773896714, 37.991990069 ], [ 23.773563467, 37.991917325 ], [ 23.773485583, 37.991899149 ], [ 23.771323246, 37.990962135 ], [ 23.771280281, 37.990930507 ], [ 23.7701243, 37.98992332 ], [ 23.770067756, 37.989969931 ], [ 23.770009767, 37.990017731 ], [ 23.768815086, 37.990466032 ], [ 23.769033411, 37.990980193 ], [ 23.768474783, 37.991184209 ], [ 23.768336326, 37.991627748 ], [ 23.768006689, 37.991766797 ], [ 23.768383514, 37.992353375 ], [ 23.768365591, 37.992393897 ], [ 23.768126078, 37.992506086 ], [ 23.768047767, 37.992510438 ], [ 23.767382319, 37.992824574 ], [ 23.767349534, 37.992838028 ], [ 23.767151586, 37.992860168 ], [ 23.766867226, 37.992972266 ], [ 23.766920994, 37.99307602 ], [ 23.767146987, 37.99352711 ], [ 23.767406564, 37.994050369 ], [ 23.767603195, 37.994447323 ], [ 23.767718835, 37.994681885 ], [ 23.767863599, 37.994987845 ], [ 23.768011223, 37.995299842 ], [ 23.768470285, 37.996224563 ], [ 23.768841686, 37.99695984 ], [ 23.768841769, 37.996960005 ], [ 23.769192592, 37.997650012 ], [ 23.769196623, 37.997726629 ], [ 23.769297371, 37.998060301 ], [ 23.769316392, 37.998123429 ], [ 23.769407451, 37.998141633 ], [ 23.769508021, 37.998191401 ], [ 23.769557138, 37.998191497 ], [ 23.769874533, 37.998561645 ], [ 23.769973496, 37.998669992 ], [ 23.770364725, 37.998990713 ], [ 23.771545746, 37.99988979 ], [ 23.771761648, 38.00005244 ], [ 23.771908843, 38.00010265 ], [ 23.772554853, 38.000224867 ], [ 23.773258281, 38.000357944 ], [ 23.773498305, 38.000403351 ], [ 23.773607403, 38.00042399 ], [ 23.773850815, 38.000448534 ], [ 23.774315252, 38.000550941 ], [ 23.774960605, 38.000678813 ], [ 23.775519213, 38.000293698 ], [ 23.775981553, 37.999974946 ], [ 23.776680523, 37.999493045 ], [ 23.777161435, 37.999161477 ], [ 23.777514982, 37.998918606 ], [ 23.777952069, 37.99865201 ], [ 23.778022355, 37.99860914 ], [ 23.778217261, 37.998136528 ], [ 23.778256857, 37.998023485 ], [ 23.77828007, 37.998054805 ] ] ] } },
{ "type": "Feature", "properties": { "zone_id": 22, "year": 2020, "kwh_per_user_cap": 575.96558, "ac_share_cap": 0.97574824398312621, "kwh_pc_overall": 561.99737838874091, "kwh_cap": 1897561.072265625 }, "geometry": { "type": "Polygon", "coordinates": [ [ [ 23.740342291, 37.974273605 ], [ 23.740174738, 37.97325478 ], [ 23.739810974, 37.971101276 ], [ 23.739800081, 37.971036785 ], [ 23.739679305, 37.970300088 ], [ 23.739678875, 37.970297461 ], [ 23.739733933, 37.970197446 ], [ 23.740080515, 37.97007388 ], [ 23.740135353, 37.970017211 ], [ 23.740198832, 37.969951614 ], [ 23.740426727, 37.970070455 ], [ 23.740476547, 37.970096433 ], [ 23.740526383, 37.970036328 ], [ 23.740602535, 37.969944485 ], [ 23.740692501, 37.969835979 ], [ 23.740748811, 37.969768064 ], [ 23.740841041, 37.969656027 ], [ 23.740911743, 37.969570139 ], [ 23.74096926, 37.969606259 ], [ 23.740972226, 37.969608121 ], [ 23.741016809, 37.969636118 ], [ 23.741264616, 37.969791731 ], [ 23.741287696, 37.969767017 ], [ 23.741348857, 37.969701526 ], [ 23.74135165, 37.969698535 ], [ 23.741369611, 37.969679301 ], [ 23.741432702, 37.969643938 ], [ 23.741664765, 37.969513864 ], [ 23.741713975, 37.969486281 ], [ 23.741721033, 37.969482231 ], [ 23.742128583, 37.969248349 ], [ 23.74267975, 37.968925092 ], [ 23.74270307, 37.968901474 ], [ 23.742722188, 37.968861688 ], [ 23.742806756, 37.968489222 ], [ 23.742816576, 37.968253932 ], [ 23.74281905, 37.968236478 ], [ 23.742819476, 37.968233472 ], [ 23.742908318, 37.967606459 ], [ 23.742909846, 37.967595673 ], [ 23.742921261, 37.967515104 ], [ 23.742892383, 37.967500732 ], [ 23.742031247, 37.967072175 ], [ 23.741176751, 37.966646043 ], [ 23.741068146, 37.966672842 ], [ 23.741001425, 37.966697236 ], [ 23.740997476, 37.966698679 ], [ 23.740625589, 37.966834641 ], [ 23.740602556, 37.966843061 ], [ 23.740324013, 37.966937082 ], [ 23.739946734, 37.966882171 ], [ 23.739569455, 37.96682726 ], [ 23.739379144, 37.966824722 ], [ 23.739164252, 37.966821856 ], [ 23.739021233, 37.966821538 ], [ 23.738611888, 37.966780072 ], [ 23.738534703, 37.966775394 ], [ 23.73842856, 37.966910351 ], [ 23.738421917, 37.966909127 ], [ 23.73840975, 37.966906885 ], [ 23.73840469, 37.966905953 ], [ 23.738230524, 37.966873859 ], [ 23.738218263, 37.96689956 ], [ 23.738215806, 37.966904711 ], [ 23.737974956, 37.967409557 ], [ 23.737721885, 37.967925886 ], [ 23.737603923, 37.968166554 ], [ 23.73759773, 37.968179189 ], [ 23.737557024, 37.968262239 ], [ 23.737491009, 37.968210733 ], [ 23.7373327, 37.968145899 ], [ 23.736825652, 37.967985864 ], [ 23.736572987, 37.967914873 ], [ 23.736318458, 37.96786728 ], [ 23.736091692, 37.967829925 ], [ 23.735781954, 37.967810806 ], [ 23.735307947, 37.967767136 ], [ 23.735058121, 37.967671003 ], [ 23.734825894, 37.967534608 ], [ 23.734569119, 37.967316299 ], [ 23.734435883, 37.967266428 ], [ 23.734197761, 37.967198293 ], [ 23.73390506, 37.967172122 ], [ 23.733615767, 37.967131166 ], [ 23.733492403, 37.967115799 ], [ 23.733490461, 37.967167643 ], [ 23.733490451, 37.967167913 ], [ 23.733487855, 37.967237245 ], [ 23.733487831, 37.9672379 ], [ 23.733485493, 37.96730033 ], [ 23.733346668, 37.967615466 ], [ 23.733289598, 37.967655895 ], [ 23.731903917, 37.968324205 ], [ 23.731698728, 37.96839584 ], [ 23.731618467, 37.968410681 ], [ 23.731664137, 37.968484809 ], [ 23.731699564, 37.969692082 ], [ 23.731692482, 37.969936441 ], [ 23.731701871, 37.970053643 ], [ 23.731732356, 37.970157088 ], [ 23.731806706, 37.970265705 ], [ 23.732044628, 37.970428702 ], [ 23.732354005, 37.9705164 ], [ 23.732614749, 37.970634491 ], [ 23.732855338, 37.970826848 ], [ 23.732898272, 37.970875658 ], [ 23.733876644, 37.971987912 ], [ 23.733931587, 37.972076235 ], [ 23.734124157, 37.972318901 ], [ 23.734816047, 37.973086135 ], [ 23.735082196, 37.973409709 ], [ 23.735158951, 37.973583898 ], [ 23.735310481, 37.973993525 ], [ 23.735450726, 37.974788715 ], [ 23.735612541, 37.974766141 ], [ 23.735728102, 37.97475002 ], [ 23.736308386, 37.974673334 ], [ 23.736308369, 37.974673251 ], [ 23.736305663, 37.974659476 ], [ 23.736434844, 37.974642334 ], [ 23.736437193, 37.974642022 ], [ 23.736447378, 37.974686926 ], [ 23.736447584, 37.974687829 ], [ 23.737364504, 37.974561837 ], [ 23.737366425, 37.974561573 ], [ 23.737565503, 37.974534217 ], [ 23.737566337, 37.974534102 ], [ 23.737567817, 37.974533899 ], [ 23.737803564, 37.975608025 ], [ 23.737803771, 37.975608969 ], [ 23.737967118, 37.97558793 ], [ 23.737969277, 37.975587652 ], [ 23.738020935, 37.975807422 ], [ 23.73802096, 37.975807532 ], [ 23.738051266, 37.975956084 ], [ 23.738416213, 37.975905174 ], [ 23.739086169, 37.975816533 ], [ 23.739103861, 37.975814197 ], [ 23.740563483, 37.975621517 ], [ 23.740563295, 37.975620367 ], [ 23.740464543, 37.975021943 ], [ 23.740342291, 37.974273605 ] ] ] } },
{ "type": "Feature", "properties": { "zone_id": 23, "year": 2020, "kwh_per_user_cap": 825.21918, "ac_share_cap": 0.96949845680780455, "kwh_pc_overall": 800.04870449261637, "kwh_cap": 8957809.5380859375 }, "geometry": { "type": "Polygon", "coordinates": [ [ [ 23.759420104, 37.975282194 ], [ 23.759421278, 37.975284783 ], [ 23.759421445, 37.975284725 ], [ 23.759456006, 37.975272802 ], [ 23.759514168, 37.975252738 ], [ 23.760422032, 37.974939544 ], [ 23.760479817, 37.974919609 ], [ 23.760480048, 37.974919524 ], [ 23.760512684, 37.97490674 ], [ 23.760743371, 37.974833318 ], [ 23.76079365, 37.974738026 ], [ 23.760964649, 37.97441394 ], [ 23.761189622, 37.974495669 ], [ 23.76119048, 37.97449598 ], [ 23.761324303, 37.974544595 ], [ 23.761420702, 37.974579615 ], [ 23.761590946, 37.974509799 ], [ 23.761734922, 37.97360746 ], [ 23.761741755, 37.973564637 ], [ 23.763249254, 37.972832066 ], [ 23.763543143, 37.973201819 ], [ 23.763757288, 37.97347124 ], [ 23.765659897, 37.972544679 ], [ 23.766767486, 37.972005264 ], [ 23.767349106, 37.971721998 ], [ 23.767406671, 37.971693962 ], [ 23.76740657, 37.971692417 ], [ 23.767305852, 37.970157066 ], [ 23.767311696, 37.970155247 ], [ 23.769075126, 37.96960626 ], [ 23.76936829, 37.969606835 ], [ 23.769953937, 37.969425924 ], [ 23.770107609, 37.969378454 ], [ 23.770472508, 37.969307063 ], [ 23.771342734, 37.96913295 ], [ 23.774222971, 37.968530971 ], [ 23.77438694, 37.968333296 ], [ 23.774394077, 37.968324692 ], [ 23.774404747, 37.968311829 ], [ 23.774756033, 37.967888328 ], [ 23.775318601, 37.967216789 ], [ 23.775373092, 37.967144402 ], [ 23.776271926, 37.966060739 ], [ 23.77627203, 37.966060613 ], [ 23.774547026, 37.966975904 ], [ 23.774514115, 37.966993366 ], [ 23.77413575, 37.967194121 ], [ 23.773981309, 37.967276065 ], [ 23.773868205, 37.967336075 ], [ 23.769213063, 37.968998981 ], [ 23.767237762, 37.969704518 ], [ 23.767189847, 37.969721632 ], [ 23.76535111, 37.970378347 ], [ 23.765346423, 37.970380021 ], [ 23.764313248, 37.970855861 ], [ 23.759424567, 37.973107192 ], [ 23.759363211, 37.973135441 ], [ 23.759144059, 37.972900669 ], [ 23.758966137, 37.972679496 ], [ 23.758781029, 37.972480842 ], [ 23.758356021, 37.972103314 ], [ 23.757845531, 37.971830048 ], [ 23.757306158, 37.971912229 ], [ 23.756573104, 37.972014533 ], [ 23.756064595, 37.972069702 ], [ 23.754159404, 37.972286124 ], [ 23.753486287, 37.972974312 ], [ 23.75348588, 37.972974728 ], [ 23.753484006, 37.972976645 ], [ 23.752419242, 37.972350957 ], [ 23.751487145, 37.973450466 ], [ 23.751398527, 37.973458544 ], [ 23.750920936, 37.97350048 ], [ 23.75023755, 37.973560481 ], [ 23.749443499, 37.973635401 ], [ 23.748681453, 37.973714892 ], [ 23.747914084, 37.973789859 ], [ 23.746901413, 37.973890225 ], [ 23.746550543, 37.973922123 ], [ 23.746550153, 37.973923174 ], [ 23.746501942, 37.974053025 ], [ 23.746453577, 37.974183287 ], [ 23.746453604, 37.974183307 ], [ 23.74645557, 37.974184688 ], [ 23.747074726, 37.97461972 ], [ 23.747722231, 37.975052346 ], [ 23.749388444, 37.976190351 ], [ 23.749484977, 37.976249517 ], [ 23.749515323, 37.976268115 ], [ 23.750568879, 37.976978592 ], [ 23.750607416, 37.97700458 ], [ 23.750928603, 37.977221172 ], [ 23.751245278, 37.977433644 ], [ 23.751337164, 37.977503284 ], [ 23.751705794, 37.977782668 ], [ 23.751811724, 37.977862952 ], [ 23.752095191, 37.978111403 ], [ 23.753400834, 37.979245263 ], [ 23.753909261, 37.979687958 ], [ 23.754302289, 37.980058307 ], [ 23.754938109, 37.980717572 ], [ 23.754938463, 37.980717376 ], [ 23.755881394, 37.980192281 ], [ 23.755976585, 37.980156537 ], [ 23.755976877, 37.980156428 ], [ 23.756048844, 37.980129538 ], [ 23.756095269, 37.98007795 ], [ 23.756097418, 37.980075562 ], [ 23.756357536, 37.979751638 ], [ 23.75670195, 37.979287106 ], [ 23.75681227, 37.979137456 ], [ 23.757199814, 37.978614769 ], [ 23.75767655, 37.977968614 ], [ 23.75765622, 37.977917871 ], [ 23.757691583, 37.977846425 ], [ 23.758183979, 37.97767005 ], [ 23.758948032, 37.977272576 ], [ 23.758949142, 37.977271999 ], [ 23.758947044, 37.977270001 ], [ 23.758219669, 37.976576697 ], [ 23.757893695, 37.976265987 ], [ 23.757558898, 37.975946865 ], [ 23.757558181, 37.975946181 ], [ 23.75755857, 37.975946028 ], [ 23.757640942, 37.975913487 ], [ 23.758288801, 37.975681834 ], [ 23.757996624, 37.975148442 ], [ 23.75799648, 37.975148177 ], [ 23.759204655, 37.974806173 ], [ 23.759420104, 37.975282194 ] ] ] } },
{ "type": "Feature", "properties": { "zone_id": 24, "year": 2020, "kwh_per_user_cap": 644.28857, "ac_share_cap": 0.43548959586086028, "kwh_pc_overall": 280.58096422566712, "kwh_cap": 4368541.5419921875 }, "geometry": { "type": "Polygon", "coordinates": [ [ [ 23.721974422, 37.978642903 ], [ 23.721975093, 37.978643428 ], [ 23.721985494, 37.978636506 ], [ 23.722447393, 37.978329093 ], [ 23.722050755, 37.978111848 ], [ 23.722623901, 37.977637841 ], [ 23.722197332, 37.97733217 ], [ 23.722180708, 37.977252147 ], [ 23.722180526, 37.97725127 ], [ 23.722179676, 37.977247181 ], [ 23.722179621, 37.977246917 ], [ 23.722412958, 37.977216284 ], [ 23.722415646, 37.977215929 ], [ 23.722402035, 37.977148159 ], [ 23.722400568, 37.977140855 ], [ 23.722391197, 37.977094198 ], [ 23.722358529, 37.977062502 ], [ 23.72235773, 37.977061726 ], [ 23.722041993, 37.976755391 ], [ 23.721873041, 37.976564825 ], [ 23.721865715, 37.976556562 ], [ 23.721841808, 37.976529596 ], [ 23.721839663, 37.976530895 ], [ 23.721537956, 37.976713641 ], [ 23.721537368, 37.976712997 ], [ 23.721523683, 37.976698025 ], [ 23.721463745, 37.976632449 ], [ 23.721463175, 37.976631825 ], [ 23.721430758, 37.976596359 ], [ 23.721302667, 37.976456217 ], [ 23.721070046, 37.976433812 ], [ 23.720966898, 37.976423876 ], [ 23.720964774, 37.97642463 ], [ 23.720820039, 37.976467895 ], [ 23.720786323, 37.976477973 ], [ 23.720785916, 37.976478095 ], [ 23.720651074, 37.976518402 ], [ 23.720648025, 37.976519313 ], [ 23.720397904, 37.976594078 ], [ 23.719386947, 37.976921186 ], [ 23.71933939, 37.976950845 ], [ 23.719262879, 37.976998561 ], [ 23.719197984, 37.977023529 ], [ 23.719148813, 37.977041437 ], [ 23.718890858, 37.97713095 ], [ 23.718742718, 37.977162141 ], [ 23.71859495, 37.977188826 ], [ 23.718538002, 37.977193196 ], [ 23.718333373, 37.977201719 ], [ 23.718128405, 37.977205735 ], [ 23.71798784, 37.977209904 ], [ 23.717847631, 37.977214075 ], [ 23.717759371, 37.977218369 ], [ 23.717528463, 37.977213309 ], [ 23.717366009, 37.977212918 ], [ 23.717332051, 37.977212837 ], [ 23.717297871, 37.977211724 ], [ 23.717296637, 37.977211684 ], [ 23.716883773, 37.977198239 ], [ 23.716787417, 37.977179982 ], [ 23.716529483, 37.977170348 ], [ 23.716225772, 37.977129058 ], [ 23.716077127, 37.977106167 ], [ 23.715326467, 37.976847411 ], [ 23.715319992, 37.976845178 ], [ 23.715023881, 37.976743105 ], [ 23.714466281, 37.976475874 ], [ 23.714069835, 37.976218044 ], [ 23.714064737, 37.976214917 ], [ 23.713937076, 37.976136606 ], [ 23.713709198, 37.975901717 ], [ 23.713614565, 37.975806851 ], [ 23.713167496, 37.975301042 ], [ 23.71292352, 37.974998516 ], [ 23.712580053, 37.974479437 ], [ 23.712164193, 37.973730352 ], [ 23.711923245, 37.973292639 ], [ 23.711742719, 37.972963227 ], [ 23.711574185, 37.972660883 ], [ 23.711330772, 37.972218655 ], [ 23.710922409, 37.971469584 ], [ 23.710525368, 37.970738565 ], [ 23.710377279, 37.970471101 ], [ 23.710317991, 37.97036402 ], [ 23.710114419, 37.969991248 ], [ 23.71011099, 37.96998497 ], [ 23.709956275, 37.969700683 ], [ 23.709847457, 37.969506638 ], [ 23.709689203, 37.969217835 ], [ 23.709545431, 37.968956107 ], [ 23.70927518, 37.968468745 ], [ 23.708992215, 37.967958817 ], [ 23.708711299, 37.967471427 ], [ 23.708364765, 37.966844173 ], [ 23.708321684, 37.966762951 ], [ 23.708087505, 37.966334258 ], [ 23.707964306, 37.966180734 ], [ 23.707657287, 37.965819456 ], [ 23.707058646, 37.965164533 ], [ 23.706580521, 37.964712698 ], [ 23.706529846, 37.964663 ], [ 23.706445836, 37.964586181 ], [ 23.706388169, 37.964633656 ], [ 23.706340058, 37.964673257 ], [ 23.706322623, 37.964687608 ], [ 23.706239068, 37.964756384 ], [ 23.706183849, 37.964801836 ], [ 23.705897493, 37.964972366 ], [ 23.705524097, 37.96520126 ], [ 23.705343966, 37.965310781 ], [ 23.704815472, 37.965632102 ], [ 23.704247354, 37.965977671 ], [ 23.703570486, 37.966381547 ], [ 23.703570426, 37.966381583 ], [ 23.702622556, 37.966951473 ], [ 23.702166017, 37.967220345 ], [ 23.702138113, 37.967236778 ], [ 23.702058741, 37.967283523 ], [ 23.701289823, 37.967745736 ], [ 23.700819353, 37.968041965 ], [ 23.69954886, 37.96883186 ], [ 23.69980081, 37.969008248 ], [ 23.699926077, 37.969095947 ], [ 23.700768406, 37.969440634 ], [ 23.701818651, 37.969769926 ], [ 23.702110743, 37.969887604 ], [ 23.702312163, 37.969986977 ], [ 23.702469372, 37.970084905 ], [ 23.702767617, 37.970282146 ], [ 23.702808701, 37.970309317 ], [ 23.70366004, 37.970872328 ], [ 23.704225786, 37.971247172 ], [ 23.70510239, 37.971826156 ], [ 23.705560646, 37.972129194 ], [ 23.705561206, 37.972129564 ], [ 23.705993271, 37.972415277 ], [ 23.707080781, 37.973134401 ], [ 23.707524658, 37.973443523 ], [ 23.707569692, 37.973473023 ], [ 23.707646823, 37.973523547 ], [ 23.707682626, 37.973548293 ], [ 23.708199728, 37.973905708 ], [ 23.708965871, 37.974451138 ], [ 23.7096031, 37.974902881 ], [ 23.710613718, 37.975574409 ], [ 23.711132297, 37.975911166 ], [ 23.711483396, 37.976155539 ], [ 23.712033378, 37.976473391 ], [ 23.712566212, 37.976732038 ], [ 23.713455697, 37.977154393 ], [ 23.713463176, 37.977157945 ], [ 23.714348415, 37.977578271 ], [ 23.714511846, 37.977653064 ], [ 23.715252712, 37.977992114 ], [ 23.71584833, 37.978433928 ], [ 23.716003611, 37.97854911 ], [ 23.716726608, 37.979073722 ], [ 23.716861993, 37.979133927 ], [ 23.717819044, 37.979559524 ], [ 23.718226623, 37.979740769 ], [ 23.718238579, 37.979746085 ], [ 23.719347198, 37.980239059 ], [ 23.719350884, 37.980240699 ], [ 23.72070908, 37.980844063 ], [ 23.720741456, 37.980799086 ], [ 23.721232608, 37.980115273 ], [ 23.721525905, 37.979714896 ], [ 23.721542799, 37.979669871 ], [ 23.721566862, 37.979611345 ], [ 23.721722802, 37.979399912 ], [ 23.721811726, 37.9793145 ], [ 23.721131771, 37.978740573 ], [ 23.721466215, 37.97824742 ], [ 23.721467408, 37.978245661 ], [ 23.721974422, 37.978642903 ] ] ] } },
{ "type": "Feature", "properties": { "zone_id": 25, "year": 2020, "kwh_per_user_cap": 606.84656, "ac_share_cap": 0.57659286192910264, "kwh_pc_overall": 349.90338012960177, "kwh_cap": 1590730.3706054688 }, "geometry": { "type": "Polygon", "coordinates": [ [ [ 23.713080664, 38.004646646 ], [ 23.713503123, 38.004652182 ], [ 23.714205412, 38.004653891 ], [ 23.715200257, 38.004665317 ], [ 23.715921446, 38.004658048 ], [ 23.715893318, 38.004567852 ], [ 23.715760567, 38.004378262 ], [ 23.715492577, 38.003999076 ], [ 23.715280871, 38.00370114 ], [ 23.715083368, 38.003412252 ], [ 23.714474839, 38.002550051 ], [ 23.715005503, 38.002470223 ], [ 23.715859549, 38.002341604 ], [ 23.715554558, 38.001867693 ], [ 23.715125031, 38.001199704 ], [ 23.714893986, 38.000843138 ], [ 23.714609172, 38.000400819 ], [ 23.714458064, 38.000175131 ], [ 23.714328225, 37.999972027 ], [ 23.713946473, 37.999380759 ], [ 23.71362773, 37.998879771 ], [ 23.713343323, 37.998428437 ], [ 23.712939037, 37.997778527 ], [ 23.712879281, 37.997676213 ], [ 23.71266259, 37.997295666 ], [ 23.712540948, 37.99709258 ], [ 23.712380401, 37.996826309 ], [ 23.712252033, 37.996614193 ], [ 23.712012456, 37.996219684 ], [ 23.712010852, 37.996217038 ], [ 23.711951895, 37.996185349 ], [ 23.711232104, 37.996764912 ], [ 23.710455837, 37.997402914 ], [ 23.709621667, 37.998099352 ], [ 23.708710763, 37.998845165 ], [ 23.70831581, 37.999173154 ], [ 23.707437002, 37.999896504 ], [ 23.706524201, 38.00066032 ], [ 23.705764109, 38.001276848 ], [ 23.705743243, 38.001293773 ], [ 23.705551821, 38.00144318 ], [ 23.705419811, 38.001546216 ], [ 23.705403687, 38.001558801 ], [ 23.706360113, 38.002124118 ], [ 23.706399035, 38.002147123 ], [ 23.706419626, 38.002160694 ], [ 23.707052701, 38.002644459 ], [ 23.707704824, 38.003173331 ], [ 23.708960657, 38.00414983 ], [ 23.70937434, 38.004403212 ], [ 23.709769099, 38.004604357 ], [ 23.709880909, 38.004661328 ], [ 23.709966621, 38.004660803 ], [ 23.710208399, 38.004659323 ], [ 23.71242251, 38.004645741 ], [ 23.712504347, 38.004645238 ], [ 23.713080664, 38.004646646 ] ] ] } },
{ "type": "Feature", "properties": { "zone_id": 26, "year": 2020, "kwh_per_user_cap": 619.6214, "ac_share_cap": 0.98000002454049295, "kwh_pc_overall": 607.22900319433847, "kwh_cap": 10624619.52734375 }, "geometry": { "type": "Polygon", "coordinates": [ [ [ 23.75261605, 37.98311464 ], [ 23.752895509, 37.982867373 ], [ 23.753059651, 37.982732525 ], [ 23.753293127, 37.982507693 ], [ 23.754113864, 37.981928082 ], [ 23.755058805, 37.981339711 ], [ 23.755184596, 37.981233729 ], [ 23.755212113, 37.981209464 ], [ 23.755227244, 37.981196122 ], [ 23.755319315, 37.981114932 ], [ 23.755317796, 37.981113349 ], [ 23.754941418, 37.980721021 ], [ 23.754938109, 37.980717572 ], [ 23.754302289, 37.980058307 ], [ 23.753909261, 37.979687958 ], [ 23.753400834, 37.979245263 ], [ 23.752095191, 37.978111403 ], [ 23.751811724, 37.977862952 ], [ 23.751705794, 37.977782668 ], [ 23.751337164, 37.977503284 ], [ 23.751245278, 37.977433644 ], [ 23.750928603, 37.977221172 ], [ 23.750607416, 37.97700458 ], [ 23.750568879, 37.976978592 ], [ 23.749515323, 37.976268115 ], [ 23.749484977, 37.976249517 ], [ 23.749388444, 37.976190351 ], [ 23.747722231, 37.975052346 ], [ 23.747074726, 37.97461972 ], [ 23.74645557, 37.974184688 ], [ 23.746453604, 37.974183307 ], [ 23.746453577, 37.974183287 ], [ 23.746418356, 37.974278278 ], [ 23.746393354, 37.974345708 ], [ 23.745817985, 37.975897432 ], [ 23.745808377, 37.975923343 ], [ 23.745797417, 37.9759529 ], [ 23.745783355, 37.975949587 ], [ 23.74436892, 37.975616329 ], [ 23.743433909, 37.975393478 ], [ 23.743122131, 37.975316188 ], [ 23.743006817, 37.975324949 ], [ 23.742752522, 37.975346111 ], [ 23.742584702, 37.975360078 ], [ 23.742030811, 37.975430967 ], [ 23.741176118, 37.975541751 ], [ 23.740563483, 37.975621517 ], [ 23.739103861, 37.975814197 ], [ 23.739086169, 37.975816533 ], [ 23.738416213, 37.975905174 ], [ 23.738051266, 37.975956084 ], [ 23.737921569, 37.975974177 ], [ 23.737885414, 37.97597922 ], [ 23.737721531, 37.976002081 ], [ 23.737621285, 37.976016064 ], [ 23.737212241, 37.976066378 ], [ 23.736793652, 37.976117863 ], [ 23.736344407, 37.976175441 ], [ 23.736264714, 37.976181639 ], [ 23.736165911, 37.976189323 ], [ 23.736119113, 37.976192962 ], [ 23.735862233, 37.976187879 ], [ 23.73571928, 37.976111758 ], [ 23.735636972, 37.97606793 ], [ 23.735615767, 37.976056638 ], [ 23.735787547, 37.976872689 ], [ 23.735512744, 37.977201041 ], [ 23.734861688, 37.977965669 ], [ 23.734854151, 37.978082819 ], [ 23.734347325, 37.978679554 ], [ 23.733800382, 37.97932351 ], [ 23.734855676, 37.979922523 ], [ 23.735240857, 37.980141157 ], [ 23.735417967, 37.980241686 ], [ 23.736349854, 37.980770624 ], [ 23.736448992, 37.980826895 ], [ 23.736641677, 37.98093626 ], [ 23.736789704, 37.981020279 ], [ 23.736965296, 37.981119941 ], [ 23.737306186, 37.981313423 ], [ 23.737987392, 37.981700055 ], [ 23.738502225, 37.981992252 ], [ 23.73910247, 37.982332921 ], [ 23.739253689, 37.982418744 ], [ 23.739536147, 37.982261733 ], [ 23.740003312, 37.982010401 ], [ 23.740414134, 37.981556159 ], [ 23.740380591, 37.981380335 ], [ 23.740371484, 37.981339757 ], [ 23.740420433, 37.981182139 ], [ 23.740529131, 37.981033667 ], [ 23.740538289, 37.981021248 ], [ 23.740899208, 37.980532023 ], [ 23.741195479, 37.980160887 ], [ 23.741486313, 37.979823545 ], [ 23.741584497, 37.979772632 ], [ 23.741657114, 37.979734977 ], [ 23.741737276, 37.979693409 ], [ 23.742119371, 37.979574295 ], [ 23.74229691, 37.979578713 ], [ 23.742319443, 37.979616436 ], [ 23.7423203, 37.97961787 ], [ 23.742476755, 37.979879794 ], [ 23.742712112, 37.979938893 ], [ 23.742764187, 37.979950929 ], [ 23.742772099, 37.979952758 ], [ 23.743763743, 37.980181958 ], [ 23.74418835, 37.980280095 ], [ 23.744051185, 37.980635804 ], [ 23.744613986, 37.980776727 ], [ 23.744499275, 37.981019825 ], [ 23.744524217, 37.981034417 ], [ 23.745140979, 37.981395251 ], [ 23.745130225, 37.98141776 ], [ 23.74518024, 37.98156658 ], [ 23.745355996, 37.981647138 ], [ 23.74567088, 37.981791462 ], [ 23.745751327, 37.981828334 ], [ 23.745940895, 37.981915221 ], [ 23.746109702, 37.981978675 ], [ 23.746149363, 37.981878466 ], [ 23.746149388, 37.981878402 ], [ 23.746259391, 37.981600458 ], [ 23.746409821, 37.98121323 ], [ 23.746722551, 37.98087007 ], [ 23.746977682, 37.980590111 ], [ 23.746987747, 37.980579067 ], [ 23.747162907, 37.980631007 ], [ 23.747264679, 37.980552624 ], [ 23.747372373, 37.980277963 ], [ 23.747744915, 37.980386917 ], [ 23.747905938, 37.980436833 ], [ 23.748726232, 37.980618845 ], [ 23.748642956, 37.980830469 ], [ 23.7485525, 37.981060104 ], [ 23.74883928, 37.981277025 ], [ 23.749029996, 37.981385587 ], [ 23.749966438, 37.981833749 ], [ 23.750847853, 37.982255564 ], [ 23.751290561, 37.982467425 ], [ 23.751483054, 37.983351632 ], [ 23.751654489, 37.9832914 ], [ 23.751854189, 37.983216683 ], [ 23.752430972, 37.983019615 ], [ 23.75261605, 37.98311464 ] ] ] } },
{ "type": "Feature", "properties": { "zone_id": 27, "year": 2020, "kwh_per_user_cap": 737.58301, "ac_share_cap": 0.4509196007714707, "kwh_pc_overall": 332.59063595483735, "kwh_cap": 6013624.078125 }, "geometry": { "type": "Polygon", "coordinates": [ [ [ 23.717904265, 37.987331141 ], [ 23.717876277, 37.987306778 ], [ 23.71784716, 37.987281433 ], [ 23.717778145, 37.987222633 ], [ 23.717514266, 37.98760059 ], [ 23.716687957, 37.98722457 ], [ 23.716637695, 37.98720178 ], [ 23.716629941, 37.987198265 ], [ 23.715708438, 37.98678045 ], [ 23.715695674, 37.986774662 ], [ 23.715668752, 37.986762455 ], [ 23.715364954, 37.987194337 ], [ 23.715108387, 37.987558736 ], [ 23.71487258, 37.98789164 ], [ 23.714810007, 37.987968098 ], [ 23.714446522, 37.988462922 ], [ 23.714300202, 37.98866085 ], [ 23.714145288, 37.988872275 ], [ 23.714011135, 37.989052206 ], [ 23.713928255, 37.989163424 ], [ 23.713776421, 37.989376097 ], [ 23.713509874, 37.989740469 ], [ 23.713437193, 37.989852952 ], [ 23.713268219, 37.990109406 ], [ 23.71306397, 37.990409265 ], [ 23.712856247, 37.990712262 ], [ 23.712530532, 37.991189147 ], [ 23.712288207, 37.991544561 ], [ 23.712104, 37.991821275 ], [ 23.712078846, 37.991859061 ], [ 23.71207556, 37.991863997 ], [ 23.712563864, 37.992072058 ], [ 23.712596785, 37.992086086 ], [ 23.713118709, 37.992312681 ], [ 23.713947562, 37.992679743 ], [ 23.713718627, 37.99304133 ], [ 23.713580429, 37.993287193 ], [ 23.713392485, 37.993660768 ], [ 23.713201692, 37.994034336 ], [ 23.713164735, 37.994110855 ], [ 23.712985293, 37.994493463 ], [ 23.7129721, 37.9946827 ], [ 23.712834538, 37.994912191 ], [ 23.712412487, 37.995627681 ], [ 23.712343696, 37.995744679 ], [ 23.712063326, 37.996086481 ], [ 23.712012914, 37.996144941 ], [ 23.711952609, 37.996184877 ], [ 23.711951895, 37.996185349 ], [ 23.712010852, 37.996217038 ], [ 23.712012456, 37.996219684 ], [ 23.712252033, 37.996614193 ], [ 23.712380401, 37.996826309 ], [ 23.712540948, 37.99709258 ], [ 23.71266259, 37.997295666 ], [ 23.712879281, 37.997676213 ], [ 23.712939037, 37.997778527 ], [ 23.713343323, 37.998428437 ], [ 23.71362773, 37.998879771 ], [ 23.713633124, 37.99887921 ], [ 23.714347345, 37.998804912 ], [ 23.714972266, 37.998734326 ], [ 23.715033502, 37.998729968 ], [ 23.71539563, 37.998690287 ], [ 23.715677286, 37.998659423 ], [ 23.716341356, 37.998588924 ], [ 23.716842361, 37.998531548 ], [ 23.717608629, 37.998447768 ], [ 23.718341779, 37.998368411 ], [ 23.718768698, 37.998324368 ], [ 23.719194549, 37.998280322 ], [ 23.720158094, 37.998169958 ], [ 23.720146391, 37.997971648 ], [ 23.72012671, 37.997624607 ], [ 23.720093855, 37.996998137 ], [ 23.720056391, 37.996367149 ], [ 23.720040673, 37.996101233 ], [ 23.720018639, 37.995718135 ], [ 23.719992252, 37.995262924 ], [ 23.719955518, 37.994627432 ], [ 23.719908254, 37.993766593 ], [ 23.71983285, 37.993473496 ], [ 23.719746551, 37.993144322 ], [ 23.719616723, 37.992657319 ], [ 23.719258608, 37.991372135 ], [ 23.719146948, 37.990975304 ], [ 23.719051149, 37.990619068 ], [ 23.719035697, 37.990564954 ], [ 23.718922685, 37.990150093 ], [ 23.718860988, 37.989936103 ], [ 23.718690631, 37.98931585 ], [ 23.718434499, 37.988265241 ], [ 23.718209675, 37.98824217 ], [ 23.718322795, 37.987821968 ], [ 23.718355158, 37.987701748 ], [ 23.717952151, 37.987371813 ], [ 23.717904265, 37.987331141 ] ] ] } },
{ "type": "Feature", "properties": { "zone_id": 28, "year": 2020, "kwh_per_user_cap": 713.26849, "ac_share_cap": 0.98000001666211567, "kwh_pc_overall": 699.00311347023899, "kwh_cap": 9077061.25 }, "geometry": { "type": "Polygon", "coordinates": [ [ [ 23.76017623, 37.993019565 ], [ 23.760382351, 37.992775796 ], [ 23.760386758, 37.992770584 ], [ 23.760406293, 37.99274748 ], [ 23.760606013, 37.992509047 ], [ 23.760761798, 37.992320094 ], [ 23.760779412, 37.992266053 ], [ 23.760794792, 37.992221566 ], [ 23.760821446, 37.992144465 ], [ 23.760262505, 37.991764787 ], [ 23.759878477, 37.991444048 ], [ 23.759583647, 37.991164047 ], [ 23.759314204, 37.990848046 ], [ 23.758996392, 37.990414779 ], [ 23.758719982, 37.989945544 ], [ 23.758621, 37.989742552 ], [ 23.758517718, 37.989440409 ], [ 23.758250446, 37.988574626 ], [ 23.758151125, 37.988258972 ], [ 23.758013044, 37.987826071 ], [ 23.757858031, 37.987348071 ], [ 23.757818752, 37.987280394 ], [ 23.757781555, 37.987214515 ], [ 23.757729593, 37.987122485 ], [ 23.758542051, 37.986966714 ], [ 23.760241101, 37.986640937 ], [ 23.760412018, 37.98660974 ], [ 23.760434808, 37.98660528 ], [ 23.760628012, 37.98656747 ], [ 23.761141295, 37.986467018 ], [ 23.761308897, 37.986432963 ], [ 23.761328317, 37.986429017 ], [ 23.761404808, 37.986413475 ], [ 23.761156015, 37.98609752 ], [ 23.760660093, 37.985393509 ], [ 23.760592372, 37.985316762 ], [ 23.760436737, 37.985136188 ], [ 23.760405539, 37.985100073 ], [ 23.760009531, 37.984740785 ], [ 23.759677311, 37.984454546 ], [ 23.759511944, 37.984306822 ], [ 23.759340735, 37.984142537 ], [ 23.758984462, 37.98383537 ], [ 23.758514601, 37.983442347 ], [ 23.757395267, 37.982869255 ], [ 23.757374597, 37.982858671 ], [ 23.756934062, 37.982641453 ], [ 23.756577597, 37.982397369 ], [ 23.756206905, 37.9820451 ], [ 23.755681043, 37.981485211 ], [ 23.755319315, 37.981114932 ], [ 23.755227244, 37.981196122 ], [ 23.755212113, 37.981209464 ], [ 23.755184596, 37.981233729 ], [ 23.755058805, 37.981339711 ], [ 23.754113864, 37.981928082 ], [ 23.753293127, 37.982507693 ], [ 23.753059651, 37.982732525 ], [ 23.752895509, 37.982867373 ], [ 23.75261605, 37.98311464 ], [ 23.752430972, 37.983019615 ], [ 23.751854189, 37.983216683 ], [ 23.751654489, 37.9832914 ], [ 23.751483054, 37.983351632 ], [ 23.751645221, 37.984085983 ], [ 23.751751825, 37.984497758 ], [ 23.751855548, 37.984820975 ], [ 23.751992147, 37.985258386 ], [ 23.75221863, 37.985952853 ], [ 23.751800966, 37.986551328 ], [ 23.751540978, 37.986929319 ], [ 23.751376444, 37.987176825 ], [ 23.751535873, 37.987704413 ], [ 23.751651601, 37.98810573 ], [ 23.75171025, 37.988232034 ], [ 23.75171034, 37.988232218 ], [ 23.751750878, 37.988315952 ], [ 23.751786622, 37.988389783 ], [ 23.751947499, 37.988956251 ], [ 23.752077497, 37.989413981 ], [ 23.752216371, 37.989902956 ], [ 23.752365891, 37.990429416 ], [ 23.75252162, 37.990977725 ], [ 23.752775497, 37.991484349 ], [ 23.752989452, 37.991912043 ], [ 23.753061491, 37.992055912 ], [ 23.753176764, 37.992296362 ], [ 23.753433656, 37.992832212 ], [ 23.75367693, 37.993299589 ], [ 23.753744975, 37.993353943 ], [ 23.753630952, 37.993431979 ], [ 23.753928635, 37.99359934 ], [ 23.753668267, 37.994429506 ], [ 23.754127352, 37.994497395 ], [ 23.754499236, 37.994565249 ], [ 23.754601452, 37.994511043 ], [ 23.754807523, 37.994403319 ], [ 23.754929452, 37.994340483 ], [ 23.755448926, 37.994062166 ], [ 23.756098139, 37.993725532 ], [ 23.756522759, 37.993501091 ], [ 23.756887139, 37.993303562 ], [ 23.757033764, 37.993223984 ], [ 23.757359903, 37.993047672 ], [ 23.757423593, 37.993160464 ], [ 23.757464596, 37.993354325 ], [ 23.75759647, 37.993512322 ], [ 23.757933996, 37.993905075 ], [ 23.758076408, 37.994046468 ], [ 23.758170154, 37.994139544 ], [ 23.758171265, 37.994140646 ], [ 23.758188703, 37.994157959 ], [ 23.758563396, 37.994505723 ], [ 23.75879693, 37.994704485 ], [ 23.759359406, 37.994115296 ], [ 23.759612993, 37.993840923 ], [ 23.759622313, 37.993831141 ], [ 23.759694417, 37.993755467 ], [ 23.759594571, 37.993705692 ], [ 23.759612066, 37.993684494 ], [ 23.759816748, 37.993436476 ], [ 23.759817066, 37.99343609 ], [ 23.759875253, 37.993365585 ], [ 23.759887349, 37.99335172 ], [ 23.759895753, 37.993342088 ], [ 23.760124418, 37.993079994 ], [ 23.760132199, 37.993071074 ], [ 23.760147628, 37.99305339 ], [ 23.760171923, 37.993024658 ], [ 23.76017623, 37.993019565 ] ] ] } },
{ "type": "Feature", "properties": { "zone_id": 29, "year": 2020, "kwh_per_user_cap": 720.7157, "ac_share_cap": 0.73976707398650177, "kwh_pc_overall": 533.16174376882441, "kwh_cap": 8782574.6328125 }, "geometry": { "type": "Polygon", "coordinates": [ [ [ 23.743860667, 38.00280925 ], [ 23.74386202, 38.002806993 ], [ 23.74471549, 38.002831381 ], [ 23.744803654, 38.002863117 ], [ 23.745356511, 38.003071753 ], [ 23.74599485, 38.003312705 ], [ 23.746151894, 38.003374957 ], [ 23.746499822, 38.003514786 ], [ 23.74667446, 38.00358497 ], [ 23.746703807, 38.003552199 ], [ 23.746384001, 38.003290138 ], [ 23.746132785, 38.003059769 ], [ 23.745716587, 38.002675825 ], [ 23.745349001, 38.002337048 ], [ 23.745253921, 38.002246714 ], [ 23.744601103, 38.001636932 ], [ 23.743656582, 38.000778659 ], [ 23.74343169, 38.000572507 ], [ 23.743124382, 38.000290804 ], [ 23.742728084, 37.999924919 ], [ 23.742644709, 37.999848127 ], [ 23.742329899, 37.999553986 ], [ 23.742320803, 37.999545488 ], [ 23.742102959, 37.999346728 ], [ 23.741654153, 37.998935659 ], [ 23.741376367, 37.998678183 ], [ 23.741002802, 37.998330367 ], [ 23.741453807, 37.998011403 ], [ 23.74165256, 37.997867635 ], [ 23.741920162, 37.997678953 ], [ 23.741972795, 37.997386151 ], [ 23.742038071, 37.997007308 ], [ 23.742151084, 37.996377104 ], [ 23.74209092, 37.996381479 ], [ 23.741555994, 37.996276657 ], [ 23.740810205, 37.996117291 ], [ 23.740186418, 37.995980722 ], [ 23.739508211, 37.995835017 ], [ 23.738280269, 37.995548386 ], [ 23.73799614, 37.995480158 ], [ 23.737835675, 37.995466281 ], [ 23.737335641, 37.995361517 ], [ 23.736508385, 37.995197436 ], [ 23.735995526, 37.995097145 ], [ 23.735798085, 37.995057659 ], [ 23.735777734, 37.995053589 ], [ 23.735699474, 37.995037937 ], [ 23.735699269, 37.995037896 ], [ 23.733910059, 37.995326967 ], [ 23.733581098, 37.995380111 ], [ 23.733490486, 37.99543849 ], [ 23.733230528, 37.995478458 ], [ 23.732334593, 37.995607109 ], [ 23.732239573, 37.995615785 ], [ 23.732223251, 37.995617276 ], [ 23.732141982, 37.995624696 ], [ 23.732142071, 37.995625058 ], [ 23.732143315, 37.995630147 ], [ 23.73222685, 37.995971883 ], [ 23.732322282, 37.99635064 ], [ 23.73242648, 37.996765467 ], [ 23.732746801, 37.998041512 ], [ 23.732882565, 37.998587097 ], [ 23.733022874, 37.999155224 ], [ 23.733222424, 37.999975844 ], [ 23.733358918, 38.000124865 ], [ 23.733554365, 38.000900412 ], [ 23.733709536, 38.00149561 ], [ 23.733831416, 38.001946527 ], [ 23.733726204, 38.002004872 ], [ 23.733968872, 38.002717435 ], [ 23.733984372, 38.002762534 ], [ 23.734117507, 38.00285747 ], [ 23.734138281, 38.002920607 ], [ 23.734292168, 38.003380608 ], [ 23.735418781, 38.003171347 ], [ 23.735924915, 38.00307785 ], [ 23.736640435, 38.002940254 ], [ 23.736641098, 38.002940126 ], [ 23.736642995, 38.00293976 ], [ 23.737472206, 38.002779384 ], [ 23.737821626, 38.002712567 ], [ 23.738242264, 38.002636895 ], [ 23.738400026, 38.002614714 ], [ 23.738413748, 38.002659809 ], [ 23.739092164, 38.002864104 ], [ 23.739784403, 38.003086452 ], [ 23.739910334, 38.003510334 ], [ 23.740659267, 38.003403834 ], [ 23.741220164, 38.003323954 ], [ 23.741220533, 38.003325417 ], [ 23.741351111, 38.003842479 ], [ 23.741457942, 38.003829195 ], [ 23.74184114, 38.004077889 ], [ 23.74254643, 38.004543596 ], [ 23.742851805, 38.004246841 ], [ 23.7432061, 38.003905128 ], [ 23.743468192, 38.003464071 ], [ 23.743860667, 38.00280925 ] ] ] } },
{ "type": "Feature", "properties": { "zone_id": 30, "year": 2020, "kwh_per_user_cap": 722.93689, "ac_share_cap": 0.71123742926927813, "kwh_pc_overall": 514.17974325721389, "kwh_cap": 597851.810546875 }, "geometry": { "type": "Polygon", "coordinates": [ [ [ 23.743657468, 38.008127201 ], [ 23.743661979, 38.008124123 ], [ 23.744570276, 38.008077238 ], [ 23.744622779, 38.008074363 ], [ 23.743778227, 38.007042838 ], [ 23.743715054, 38.006988624 ], [ 23.74333282, 38.006769561 ], [ 23.741943227, 38.00679595 ], [ 23.741114288, 38.006811684 ], [ 23.740876639, 38.00682024 ], [ 23.740797032, 38.006823105 ], [ 23.740760415, 38.006824424 ], [ 23.740878979, 38.007221249 ], [ 23.741146726, 38.007203813 ], [ 23.741192643, 38.007609491 ], [ 23.741210971, 38.007762749 ], [ 23.741240017, 38.008006159 ], [ 23.741093327, 38.008014849 ], [ 23.740469775, 38.008045377 ], [ 23.740212506, 38.008057971 ], [ 23.740215524, 38.008095091 ], [ 23.740216252, 38.00810405 ], [ 23.740296434, 38.009090124 ], [ 23.740865275, 38.00907808 ], [ 23.741375421, 38.009136283 ], [ 23.741946783, 38.009263329 ], [ 23.742371683, 38.00941915 ], [ 23.742517799, 38.009473547 ], [ 23.742901952, 38.009560009 ], [ 23.743309253, 38.009573427 ], [ 23.74327102, 38.009258465 ], [ 23.743257934, 38.009153402 ], [ 23.743257677, 38.009142373 ], [ 23.743240575, 38.008411614 ], [ 23.743657468, 38.008127201 ] ] ] } },
{ "type": "Feature", "properties": { "zone_id": 31, "year": 2020, "kwh_per_user_cap": 943.52197, "ac_share_cap": 0.98000001793893809, "kwh_pc_overall": 924.65155635175643, "kwh_cap": 1825182.9807128906 }, "geometry": { "type": "Polygon", "coordinates": [ [ [ 23.749029996, 37.981385587 ], [ 23.74883928, 37.981277025 ], [ 23.7485525, 37.981060104 ], [ 23.748642956, 37.980830469 ], [ 23.748726232, 37.980618845 ], [ 23.747905938, 37.980436833 ], [ 23.747744915, 37.980386917 ], [ 23.747372373, 37.980277963 ], [ 23.747264679, 37.980552624 ], [ 23.747162907, 37.980631007 ], [ 23.746987747, 37.980579067 ], [ 23.746977682, 37.980590111 ], [ 23.746722551, 37.98087007 ], [ 23.746409821, 37.98121323 ], [ 23.746259391, 37.981600458 ], [ 23.746149388, 37.981878402 ], [ 23.746149363, 37.981878466 ], [ 23.746109702, 37.981978675 ], [ 23.745940895, 37.981915221 ], [ 23.745751327, 37.981828334 ], [ 23.74567088, 37.981791462 ], [ 23.745355996, 37.981647138 ], [ 23.74518024, 37.98156658 ], [ 23.745130225, 37.98141776 ], [ 23.745140979, 37.981395251 ], [ 23.744524217, 37.981034417 ], [ 23.744499275, 37.981019825 ], [ 23.744613986, 37.980776727 ], [ 23.744051185, 37.980635804 ], [ 23.74418835, 37.980280095 ], [ 23.743763743, 37.980181958 ], [ 23.742772099, 37.979952758 ], [ 23.742764187, 37.979950929 ], [ 23.742712112, 37.979938893 ], [ 23.742476755, 37.979879794 ], [ 23.7423203, 37.97961787 ], [ 23.742319443, 37.979616436 ], [ 23.74229691, 37.979578713 ], [ 23.742119371, 37.979574295 ], [ 23.741737276, 37.979693409 ], [ 23.741657114, 37.979734977 ], [ 23.741584497, 37.979772632 ], [ 23.741486313, 37.979823545 ], [ 23.741195479, 37.980160887 ], [ 23.740899208, 37.980532023 ], [ 23.740538289, 37.981021248 ], [ 23.740529131, 37.981033667 ], [ 23.740420433, 37.981182139 ], [ 23.740371484, 37.981339757 ], [ 23.740380591, 37.981380335 ], [ 23.740414134, 37.981556159 ], [ 23.740616313, 37.982023351 ], [ 23.741022645, 37.982562434 ], [ 23.741066638, 37.982606998 ], [ 23.741325815, 37.982869539 ], [ 23.741931888, 37.983461212 ], [ 23.741980189, 37.983488357 ], [ 23.742116937, 37.983560759 ], [ 23.742551337, 37.983791539 ], [ 23.74310012, 37.98408115 ], [ 23.744112156, 37.984597089 ], [ 23.744484078, 37.984787167 ], [ 23.74519205, 37.985149217 ], [ 23.745983008, 37.985551384 ], [ 23.745984227, 37.985552003 ], [ 23.746851359, 37.985995502 ], [ 23.747389901, 37.986271552 ], [ 23.747761454, 37.986470632 ], [ 23.747937654, 37.986561138 ], [ 23.748302881, 37.986737671 ], [ 23.749257891, 37.986568466 ], [ 23.750514557, 37.986327791 ], [ 23.751402329, 37.986149414 ], [ 23.751946265, 37.985357431 ], [ 23.751992147, 37.985258386 ], [ 23.751855548, 37.984820975 ], [ 23.751751825, 37.984497758 ], [ 23.751645221, 37.984085983 ], [ 23.751483054, 37.983351632 ], [ 23.751290561, 37.982467425 ], [ 23.750847853, 37.982255564 ], [ 23.749966438, 37.981833749 ], [ 23.749029996, 37.981385587 ] ] ] } },
{ "type": "Feature", "properties": { "zone_id": 32, "year": 2020, "kwh_per_user_cap": 610.8606, "ac_share_cap": 0.75690889796777217, "kwh_pc_overall": 462.36581337550564, "kwh_cap": 7279142.31640625 }, "geometry": { "type": "Polygon", "coordinates": [ [ [ 23.729181047, 37.969421953 ], [ 23.729183878, 37.969422053 ], [ 23.72939584, 37.969445072 ], [ 23.729679653, 37.969472764 ], [ 23.729921113, 37.969504863 ], [ 23.73000291, 37.969514064 ], [ 23.730591512, 37.969573997 ], [ 23.730630166, 37.969577425 ], [ 23.730748006, 37.969587875 ], [ 23.731216744, 37.969638517 ], [ 23.731482699, 37.969666804 ], [ 23.731499932, 37.969668637 ], [ 23.73153556, 37.969672426 ], [ 23.731563144, 37.96967536 ], [ 23.731575084, 37.969676824 ], [ 23.731699564, 37.969692082 ], [ 23.731664137, 37.968484809 ], [ 23.731618467, 37.968410681 ], [ 23.731602912, 37.968385434 ], [ 23.731602889, 37.968385399 ], [ 23.73147035, 37.968252151 ], [ 23.730290944, 37.967335056 ], [ 23.728659863, 37.966066685 ], [ 23.72750208, 37.965166322 ], [ 23.726316258, 37.96424412 ], [ 23.724647093, 37.962945843 ], [ 23.724576082, 37.962890609 ], [ 23.724575788, 37.962890381 ], [ 23.723904058, 37.962366971 ], [ 23.722711082, 37.961437254 ], [ 23.722508799, 37.961279754 ], [ 23.722415007, 37.961206884 ], [ 23.720394008, 37.959636643 ], [ 23.720338314, 37.959593369 ], [ 23.720316595, 37.95960714 ], [ 23.720316518, 37.959607189 ], [ 23.720299812, 37.959617781 ], [ 23.720296947, 37.959619652 ], [ 23.720107237, 37.959743504 ], [ 23.719913615, 37.95989488 ], [ 23.718808486, 37.960758863 ], [ 23.717921319, 37.961474222 ], [ 23.717866781, 37.961518198 ], [ 23.717650373, 37.961733988 ], [ 23.71762418, 37.961792509 ], [ 23.717671835, 37.961846183 ], [ 23.717674308, 37.961848655 ], [ 23.717726575, 37.961900909 ], [ 23.71771088, 37.961924698 ], [ 23.717305057, 37.962539812 ], [ 23.717151807, 37.962735542 ], [ 23.717139533, 37.962751217 ], [ 23.716072536, 37.963609378 ], [ 23.71573792, 37.963847411 ], [ 23.715713016, 37.963855214 ], [ 23.715138457, 37.964035232 ], [ 23.715134546, 37.964035829 ], [ 23.715049628, 37.964048782 ], [ 23.714983799, 37.964058822 ], [ 23.714815608, 37.964084476 ], [ 23.71476175, 37.964092692 ], [ 23.714556807, 37.964123951 ], [ 23.714203596, 37.964109574 ], [ 23.713852734, 37.96405069 ], [ 23.713852535, 37.964052306 ], [ 23.713835058, 37.9641943 ], [ 23.713829537, 37.964286609 ], [ 23.713866291, 37.964692263 ], [ 23.713033941, 37.965082466 ], [ 23.713205233, 37.965298254 ], [ 23.713239574, 37.965341517 ], [ 23.713245976, 37.965349582 ], [ 23.713275794, 37.965387146 ], [ 23.71362281, 37.96580709 ], [ 23.713717344, 37.965924487 ], [ 23.713985469, 37.966231577 ], [ 23.714019272, 37.966267802 ], [ 23.7141077, 37.966362561 ], [ 23.714411871, 37.966732828 ], [ 23.71532024, 37.96671708 ], [ 23.715324125, 37.966717013 ], [ 23.715333254, 37.966692009 ], [ 23.715335633, 37.966685496 ], [ 23.715358405, 37.966316023 ], [ 23.7154771, 37.966257726 ], [ 23.715829602, 37.965997205 ], [ 23.716222616, 37.965655664 ], [ 23.716942184, 37.965044522 ], [ 23.717319988, 37.964955301 ], [ 23.717587232, 37.964937917 ], [ 23.718221334, 37.965033946 ], [ 23.719159502, 37.965176016 ], [ 23.720297654, 37.965345465 ], [ 23.72074425, 37.965409617 ], [ 23.721090348, 37.965459311 ], [ 23.721370402, 37.96550123 ], [ 23.721399846, 37.965523832 ], [ 23.721951067, 37.965957754 ], [ 23.721975911, 37.965976723 ], [ 23.722294461, 37.966219939 ], [ 23.722531417, 37.966405262 ], [ 23.7230771, 37.966826404 ], [ 23.723081969, 37.966830168 ], [ 23.723603777, 37.967233612 ], [ 23.723693368, 37.967302879 ], [ 23.723824451, 37.967404228 ], [ 23.723824421, 37.967404608 ], [ 23.723809511, 37.967593463 ], [ 23.723781205, 37.967836744 ], [ 23.723759899, 37.968043449 ], [ 23.723701877, 37.96859364 ], [ 23.723601728, 37.969537645 ], [ 23.722485779, 37.969971789 ], [ 23.722473692, 37.969976491 ], [ 23.722445155, 37.969987593 ], [ 23.722407475, 37.97022188 ], [ 23.724482072, 37.969933882 ], [ 23.725019217, 37.969863036 ], [ 23.725735792, 37.96976106 ], [ 23.726887213, 37.969637559 ], [ 23.727797377, 37.969522501 ], [ 23.728773002, 37.969407585 ], [ 23.729181047, 37.969421953 ] ] ] } },
{ "type": "Feature", "properties": { "zone_id": 33, "year": 2020, "kwh_per_user_cap": 596.90466, "ac_share_cap": 0.92555803318407459, "kwh_pc_overall": 552.46991041200272, "kwh_cap": 15861957.462890625 }, "geometry": { "type": "Polygon", "coordinates": [ [ [ 23.73408085, 37.991234044 ], [ 23.734677272, 37.991137541 ], [ 23.734694078, 37.991134732 ], [ 23.735156585, 37.991057505 ], [ 23.735301911, 37.991033812 ], [ 23.735592761, 37.990986391 ], [ 23.735592802, 37.990986384 ], [ 23.735831733, 37.990946894 ], [ 23.7365865, 37.990822144 ], [ 23.736588095, 37.99082188 ], [ 23.737690117, 37.990666618 ], [ 23.737963303, 37.990628377 ], [ 23.738260528, 37.990586773 ], [ 23.738614468, 37.990533483 ], [ 23.739752426, 37.990346813 ], [ 23.739752892, 37.990346737 ], [ 23.739970818, 37.990311168 ], [ 23.739817293, 37.989846667 ], [ 23.740175782, 37.989410336 ], [ 23.740266927, 37.989297877 ], [ 23.740309823, 37.989243894 ], [ 23.740797607, 37.988672654 ], [ 23.740930772, 37.988742837 ], [ 23.741295623, 37.988935123 ], [ 23.74170836, 37.989161351 ], [ 23.741908893, 37.98931501 ], [ 23.742461937, 37.989788787 ], [ 23.742842209, 37.98946126 ], [ 23.742850112, 37.989449985 ], [ 23.743015675, 37.989213786 ], [ 23.743341274, 37.988813425 ], [ 23.743556792, 37.988548016 ], [ 23.743747303, 37.98830959 ], [ 23.743909897, 37.988116168 ], [ 23.74414647, 37.987832778 ], [ 23.744279417, 37.987670836 ], [ 23.744607881, 37.987261465 ], [ 23.744810547, 37.987005038 ], [ 23.744896685, 37.986897071 ], [ 23.744978877, 37.986798108 ], [ 23.74510297, 37.986643683 ], [ 23.745107423, 37.986638141 ], [ 23.745331359, 37.986359468 ], [ 23.745341661, 37.986346647 ], [ 23.745452437, 37.986208792 ], [ 23.745565044, 37.986069718 ], [ 23.745565166, 37.986069567 ], [ 23.745819252, 37.985755757 ], [ 23.745828478, 37.985744363 ], [ 23.745984227, 37.985552003 ], [ 23.745983008, 37.985551384 ], [ 23.74519205, 37.985149217 ], [ 23.744484078, 37.984787167 ], [ 23.744112156, 37.984597089 ], [ 23.74310012, 37.98408115 ], [ 23.742551337, 37.983791539 ], [ 23.742116937, 37.983560759 ], [ 23.741980189, 37.983488357 ], [ 23.741931888, 37.983461212 ], [ 23.741325815, 37.982869539 ], [ 23.741066638, 37.982606998 ], [ 23.741022645, 37.982562434 ], [ 23.740616313, 37.982023351 ], [ 23.740414134, 37.981556159 ], [ 23.740003312, 37.982010401 ], [ 23.739536147, 37.982261733 ], [ 23.739253689, 37.982418744 ], [ 23.73910247, 37.982332921 ], [ 23.738502225, 37.981992252 ], [ 23.737987392, 37.981700055 ], [ 23.737306186, 37.981313423 ], [ 23.736965296, 37.981119941 ], [ 23.736789704, 37.981020279 ], [ 23.736641677, 37.98093626 ], [ 23.736448992, 37.980826895 ], [ 23.736349854, 37.980770624 ], [ 23.735417967, 37.980241686 ], [ 23.735240857, 37.980141157 ], [ 23.734855676, 37.979922523 ], [ 23.733800382, 37.97932351 ], [ 23.733215416, 37.980012217 ], [ 23.732944884, 37.980330719 ], [ 23.732715616, 37.980600641 ], [ 23.732294313, 37.981096641 ], [ 23.731957532, 37.981493126 ], [ 23.731515953, 37.982012981 ], [ 23.731320165, 37.982243473 ], [ 23.73104324, 37.982569477 ], [ 23.730473517, 37.983240167 ], [ 23.729979317, 37.983821935 ], [ 23.729490456, 37.983897847 ], [ 23.729350167, 37.983919631 ], [ 23.728781543, 37.984008449 ], [ 23.728502345, 37.984050466 ], [ 23.72847593, 37.984054441 ], [ 23.728295976, 37.984081522 ], [ 23.728226729, 37.984091943 ], [ 23.728181395, 37.984098765 ], [ 23.728152389, 37.98410313 ], [ 23.728073715, 37.98411497 ], [ 23.728098239, 37.984351146 ], [ 23.728099165, 37.984360058 ], [ 23.728066037, 37.984362805 ], [ 23.728079936, 37.984421092 ], [ 23.728125232, 37.984611034 ], [ 23.728224094, 37.985025614 ], [ 23.728224505, 37.985027294 ], [ 23.728365416, 37.985589245 ], [ 23.72850499, 37.986148364 ], [ 23.728642835, 37.98669396 ], [ 23.728784207, 37.987248576 ], [ 23.728914524, 37.987769629 ], [ 23.728915022, 37.987771623 ], [ 23.72902087, 37.988213496 ], [ 23.729084339, 37.988470509 ], [ 23.729058461, 37.988555873 ], [ 23.729058401, 37.988556071 ], [ 23.729114073, 37.988804053 ], [ 23.729181133, 37.988858284 ], [ 23.729343843, 37.989516596 ], [ 23.7295083, 37.990183925 ], [ 23.729757338, 37.991175911 ], [ 23.729845021, 37.991527613 ], [ 23.730769858, 37.991381497 ], [ 23.731082095, 37.991332165 ], [ 23.731131229, 37.99153436 ], [ 23.73113758, 37.991560491 ], [ 23.731169751, 37.991692879 ], [ 23.731338724, 37.991677539 ], [ 23.731343805, 37.991677077 ], [ 23.731363419, 37.991675296 ], [ 23.731898257, 37.991595401 ], [ 23.732299944, 37.991528719 ], [ 23.733033883, 37.991404208 ], [ 23.734072978, 37.991235317 ], [ 23.73408085, 37.991234044 ] ] ] } },
{ "type": "Feature", "properties": { "zone_id": 34, "year": 2020, "kwh_per_user_cap": 557.11041, "ac_share_cap": 0.70254218840244731, "kwh_pc_overall": 391.39355673623317, "kwh_cap": 3435575.6953125 }, "geometry": { "type": "Polygon", "coordinates": [ [ [ 23.750533951, 38.004245361 ], [ 23.750689079, 38.004160068 ], [ 23.750863873, 38.004047778 ], [ 23.751174916, 38.003854661 ], [ 23.751734938, 38.003504344 ], [ 23.751749661, 38.00336017 ], [ 23.751750052, 38.003356361 ], [ 23.75179456, 38.002923142 ], [ 23.751797499, 38.00289611 ], [ 23.75186797, 38.00258081 ], [ 23.751880347, 38.002287919 ], [ 23.751880357, 38.002194727 ], [ 23.751880408, 38.001681447 ], [ 23.751879677, 38.001681272 ], [ 23.7518038, 38.001663026 ], [ 23.751789695, 38.001659634 ], [ 23.751771673, 38.001655301 ], [ 23.751626677, 38.001620434 ], [ 23.751500907, 38.001589639 ], [ 23.751482302, 38.001585083 ], [ 23.75144103, 38.001574978 ], [ 23.751155813, 38.001502272 ], [ 23.750936726, 38.001364637 ], [ 23.750683781, 38.001203849 ], [ 23.750441347, 38.00097347 ], [ 23.7504401, 38.000972285 ], [ 23.750431877, 38.000964474 ], [ 23.750405471, 38.000909708 ], [ 23.750403601, 38.000905831 ], [ 23.750376364, 38.000540753 ], [ 23.750352565, 38.000374842 ], [ 23.75034031, 38.000256773 ], [ 23.75026935, 38.000215019 ], [ 23.750228516, 38.00015572 ], [ 23.750214835, 38.000018053 ], [ 23.750256743, 37.999918689 ], [ 23.750354348, 37.999683073 ], [ 23.750096717, 37.999261673 ], [ 23.749747464, 37.99925983 ], [ 23.749458053, 37.999258302 ], [ 23.749071848, 37.999256262 ], [ 23.748673991, 37.998959882 ], [ 23.748505714, 37.998833343 ], [ 23.7480793, 37.998525994 ], [ 23.748000841, 37.998467242 ], [ 23.74785174, 37.998354262 ], [ 23.747303234, 37.997947507 ], [ 23.746965994, 37.997689916 ], [ 23.746732731, 37.997522677 ], [ 23.746387519, 37.997264019 ], [ 23.746087338, 37.997039098 ], [ 23.746058675, 37.997011798 ], [ 23.745942503, 37.996901149 ], [ 23.745840552, 37.99690651 ], [ 23.74569309, 37.996814337 ], [ 23.745351415, 37.99668692 ], [ 23.745198996, 37.996610517 ], [ 23.745052206, 37.996563356 ], [ 23.744295498, 37.996371833 ], [ 23.744146871, 37.996357908 ], [ 23.743820138, 37.996321596 ], [ 23.743473611, 37.996307172 ], [ 23.742807755, 37.996374036 ], [ 23.742513369, 37.996386911 ], [ 23.742151084, 37.996377104 ], [ 23.742038071, 37.997007308 ], [ 23.741972795, 37.997386151 ], [ 23.741920162, 37.997678953 ], [ 23.74165256, 37.997867635 ], [ 23.741453807, 37.998011403 ], [ 23.741002802, 37.998330367 ], [ 23.741376367, 37.998678183 ], [ 23.741654153, 37.998935659 ], [ 23.742102959, 37.999346728 ], [ 23.742320803, 37.999545488 ], [ 23.742329899, 37.999553986 ], [ 23.742644709, 37.999848127 ], [ 23.742728084, 37.999924919 ], [ 23.743124382, 38.000290804 ], [ 23.74343169, 38.000572507 ], [ 23.743656582, 38.000778659 ], [ 23.744601103, 38.001636932 ], [ 23.745253921, 38.002246714 ], [ 23.745349001, 38.002337048 ], [ 23.745716587, 38.002675825 ], [ 23.746132785, 38.003059769 ], [ 23.746384001, 38.003290138 ], [ 23.746703807, 38.003552199 ], [ 23.74667446, 38.00358497 ], [ 23.746889321, 38.00367132 ], [ 23.747775426, 38.004027427 ], [ 23.748328462, 38.004249675 ], [ 23.74839249, 38.004280537 ], [ 23.748425008, 38.004309582 ], [ 23.748504552, 38.004380631 ], [ 23.748548671, 38.004366682 ], [ 23.748640693, 38.004335965 ], [ 23.748930069, 38.004353082 ], [ 23.749232142, 38.004377785 ], [ 23.749730719, 38.004410392 ], [ 23.749775244, 38.004401474 ], [ 23.750237944, 38.004307823 ], [ 23.750533951, 38.004245361 ] ] ] } },
{ "type": "Feature", "properties": { "zone_id": 35, "year": 2020, "kwh_per_user_cap": 746.81238, "ac_share_cap": 0.60840737521293908, "kwh_pc_overall": 454.36615052819639, "kwh_cap": 10724100.64453125 }, "geometry": { "type": "Polygon", "coordinates": [ [ [ 23.736979577, 37.960771048 ], [ 23.737164068, 37.960445292 ], [ 23.737190263, 37.960382261 ], [ 23.737214768, 37.960326331 ], [ 23.737013595, 37.96018614 ], [ 23.736699995, 37.959967723 ], [ 23.736698336, 37.959966568 ], [ 23.736598483, 37.95990962 ], [ 23.736593024, 37.959906507 ], [ 23.736201022, 37.959682941 ], [ 23.736016778, 37.959591492 ], [ 23.735682506, 37.959473828 ], [ 23.735461349, 37.959395981 ], [ 23.734933552, 37.959253781 ], [ 23.734268352, 37.959074559 ], [ 23.734208258, 37.958956031 ], [ 23.733644237, 37.958810549 ], [ 23.733564298, 37.958790263 ], [ 23.733497324, 37.958773266 ], [ 23.73291964, 37.958626664 ], [ 23.732909614, 37.958624119 ], [ 23.73289388, 37.958620176 ], [ 23.732322149, 37.958476858 ], [ 23.732111528, 37.958424061 ], [ 23.732111369, 37.958424021 ], [ 23.731637951, 37.958310281 ], [ 23.731560517, 37.958278559 ], [ 23.730863152, 37.958101949 ], [ 23.730806357, 37.958087565 ], [ 23.730747321, 37.958077479 ], [ 23.730674442, 37.958065027 ], [ 23.730672686, 37.958064727 ], [ 23.730552906, 37.958037414 ], [ 23.730042935, 37.957901052 ], [ 23.729683322, 37.957796578 ], [ 23.729645309, 37.957782971 ], [ 23.728606533, 37.957411051 ], [ 23.728241398, 37.957261495 ], [ 23.728061686, 37.95718447 ], [ 23.727962605, 37.957139177 ], [ 23.727853583, 37.957089354 ], [ 23.727489651, 37.956903747 ], [ 23.726749784, 37.95650997 ], [ 23.726353251, 37.956292739 ], [ 23.726306396, 37.956265591 ], [ 23.726181419, 37.95620221 ], [ 23.72613492, 37.956175063 ], [ 23.725622305, 37.955894469 ], [ 23.725555665, 37.955831224 ], [ 23.725520367, 37.9558114 ], [ 23.725475087, 37.955785971 ], [ 23.725065969, 37.955508321 ], [ 23.725063839, 37.955510117 ], [ 23.724920033, 37.955631455 ], [ 23.724269461, 37.956193239 ], [ 23.724150908, 37.956314635 ], [ 23.724125907, 37.956337549 ], [ 23.723792893, 37.956642766 ], [ 23.723432434, 37.95695737 ], [ 23.723388546, 37.956993319 ], [ 23.72322666, 37.957096586 ], [ 23.722982535, 37.957312321 ], [ 23.72212143, 37.958040335 ], [ 23.721967196, 37.958188683 ], [ 23.721505355, 37.958593171 ], [ 23.720471247, 37.959437931 ], [ 23.720382373, 37.95954185 ], [ 23.720338314, 37.959593369 ], [ 23.720394008, 37.959636643 ], [ 23.722415007, 37.961206884 ], [ 23.722508799, 37.961279754 ], [ 23.722711082, 37.961437254 ], [ 23.723904058, 37.962366971 ], [ 23.724575788, 37.962890381 ], [ 23.724576082, 37.962890609 ], [ 23.724647093, 37.962945843 ], [ 23.726316258, 37.96424412 ], [ 23.72750208, 37.965166322 ], [ 23.728659863, 37.966066685 ], [ 23.730290944, 37.967335056 ], [ 23.73147035, 37.968252151 ], [ 23.731602889, 37.968385399 ], [ 23.731602912, 37.968385434 ], [ 23.731618467, 37.968410681 ], [ 23.731698728, 37.96839584 ], [ 23.731903917, 37.968324205 ], [ 23.733289598, 37.967655895 ], [ 23.733346668, 37.967615466 ], [ 23.733485493, 37.96730033 ], [ 23.733487831, 37.9672379 ], [ 23.733487855, 37.967237245 ], [ 23.733490451, 37.967167913 ], [ 23.733490461, 37.967167643 ], [ 23.733492403, 37.967115799 ], [ 23.733493761, 37.967079533 ], [ 23.733461308, 37.96700285 ], [ 23.733496045, 37.966939839 ], [ 23.733398022, 37.966696269 ], [ 23.733254624, 37.966407532 ], [ 23.733247397, 37.966339919 ], [ 23.733243134, 37.966141625 ], [ 23.733301599, 37.965911929 ], [ 23.733349919, 37.965830923 ], [ 23.733497325, 37.965601429 ], [ 23.733778936, 37.965151422 ], [ 23.734037339, 37.964723894 ], [ 23.7343171, 37.964291908 ], [ 23.734342133, 37.964255913 ], [ 23.734505106, 37.963850701 ], [ 23.734678847, 37.963418474 ], [ 23.734848996, 37.962995252 ], [ 23.735037465, 37.9625225 ], [ 23.735233077, 37.962040751 ], [ 23.735251754, 37.961991222 ], [ 23.735632658, 37.961721692 ], [ 23.736354759, 37.96114548 ], [ 23.736372336, 37.961110266 ], [ 23.736430924, 37.961062695 ], [ 23.736577676, 37.96094354 ], [ 23.736780885, 37.96075908 ], [ 23.736816343, 37.960726894 ], [ 23.736979577, 37.960771048 ] ] ] } },
{ "type": "Feature", "properties": { "zone_id": 36, "year": 2020, "kwh_per_user_cap": 817.87866, "ac_share_cap": 0.49828574204475895, "kwh_pc_overall": 407.53726329154915, "kwh_cap": 9662215.5390625 }, "geometry": { "type": "Polygon", "coordinates": [ [ [ 23.724764782, 38.014931153 ], [ 23.725232294, 38.014909714 ], [ 23.725660646, 38.014888182 ], [ 23.726248875, 38.014858008 ], [ 23.726337891, 38.014853709 ], [ 23.726409107, 38.014849368 ], [ 23.726961024, 38.014819106 ], [ 23.727397206, 38.014797586 ], [ 23.728052733, 38.014763053 ], [ 23.72840634, 38.014736831 ], [ 23.728468993, 38.013772606 ], [ 23.728557552, 38.012889142 ], [ 23.728626346, 38.012374727 ], [ 23.728516519, 38.012257836 ], [ 23.728523819, 38.012223184 ], [ 23.728537241, 38.01215947 ], [ 23.728509851, 38.011958959 ], [ 23.728499602, 38.011883929 ], [ 23.728484901, 38.011776305 ], [ 23.728483491, 38.011766675 ], [ 23.728398117, 38.011183778 ], [ 23.728398051, 38.01118332 ], [ 23.728391146, 38.011136179 ], [ 23.728321174, 38.010707908 ], [ 23.72819215, 38.009882938 ], [ 23.728039257, 38.008967783 ], [ 23.727919579, 38.008247673 ], [ 23.727916917, 38.008234086 ], [ 23.727885563, 38.008079629 ], [ 23.727870608, 38.008007855 ], [ 23.727834839, 38.007836202 ], [ 23.727633726, 38.007159775 ], [ 23.727476608, 38.006812418 ], [ 23.727307644, 38.006492071 ], [ 23.727209678, 38.0063206 ], [ 23.726790592, 38.005701262 ], [ 23.726652038, 38.0054965 ], [ 23.726644664, 38.005485602 ], [ 23.726600676, 38.005444942 ], [ 23.726259739, 38.005043079 ], [ 23.725948199, 38.00468184 ], [ 23.725551588, 38.004225768 ], [ 23.72521168, 38.003837423 ], [ 23.724432989, 38.002947838 ], [ 23.724255049, 38.002749138 ], [ 23.723986055, 38.002437565 ], [ 23.723525313, 38.001909232 ], [ 23.723181595, 38.001403706 ], [ 23.723217968, 38.001398561 ], [ 23.723269887, 38.001391218 ], [ 23.723314394, 38.001384923 ], [ 23.72336963, 38.00137711 ], [ 23.723583293, 38.001350573 ], [ 23.723488913, 38.000417524 ], [ 23.723368162, 37.999114886 ], [ 23.723251737, 37.997893373 ], [ 23.723188536, 37.997284859 ], [ 23.723154027, 37.996901732 ], [ 23.723137907, 37.996706054 ], [ 23.723137689, 37.996703411 ], [ 23.722220508, 37.996796283 ], [ 23.722220419, 37.996796292 ], [ 23.722128289, 37.996804678 ], [ 23.721792613, 37.996817404 ], [ 23.721719295, 37.996817231 ], [ 23.721298371, 37.996784689 ], [ 23.72078644, 37.996738666 ], [ 23.720783537, 37.996738404 ], [ 23.720725759, 37.99714842 ], [ 23.72065221, 37.997675427 ], [ 23.72061654, 37.997977272 ], [ 23.720563248, 37.998538693 ], [ 23.720539627, 37.999050105 ], [ 23.72055063, 37.999218889 ], [ 23.720503194, 37.999333433 ], [ 23.720557028, 37.999648463 ], [ 23.720564825, 37.999694093 ], [ 23.720610839, 38.000007711 ], [ 23.720659628, 38.000340233 ], [ 23.720730516, 38.000823381 ], [ 23.720788473, 38.00121838 ], [ 23.720856606, 38.001682736 ], [ 23.720939698, 38.002249025 ], [ 23.721092331, 38.003289244 ], [ 23.721164805, 38.00380183 ], [ 23.721211352, 38.004301991 ], [ 23.721286786, 38.005112514 ], [ 23.72132444, 38.005509167 ], [ 23.721368653, 38.005898878 ], [ 23.721424182, 38.006712615 ], [ 23.721461849, 38.007388666 ], [ 23.721449847, 38.007748138 ], [ 23.721422415, 38.007885266 ], [ 23.721353608, 38.008524024 ], [ 23.721061778, 38.009467636 ], [ 23.721441434, 38.009432201 ], [ 23.721213185, 38.009979261 ], [ 23.720917336, 38.010550873 ], [ 23.720754812, 38.010883961 ], [ 23.720548602, 38.011284541 ], [ 23.72042088, 38.011545609 ], [ 23.720290175, 38.011748087 ], [ 23.720044434, 38.012268182 ], [ 23.719797739, 38.012811464 ], [ 23.719725208, 38.0130333 ], [ 23.719753219, 38.013184351 ], [ 23.719852694, 38.013485829 ], [ 23.719810954, 38.013547646 ], [ 23.719796932, 38.013671147 ], [ 23.719665424, 38.013896154 ], [ 23.719300912, 38.01438598 ], [ 23.719274367, 38.01442165 ], [ 23.719052814, 38.014719364 ], [ 23.719108954, 38.014841171 ], [ 23.719167862, 38.014960392 ], [ 23.719173603, 38.014972011 ], [ 23.719224189, 38.014963119 ], [ 23.719412617, 38.01493653 ], [ 23.719519061, 38.014936784 ], [ 23.720500856, 38.014952641 ], [ 23.722005971, 38.014969728 ], [ 23.722142692, 38.014965544 ], [ 23.722653891, 38.014971258 ], [ 23.72361148, 38.014987031 ], [ 23.723694105, 38.014978213 ], [ 23.724268078, 38.014952521 ], [ 23.724764782, 38.014931153 ] ] ] } },
{ "type": "Feature", "properties": { "zone_id": 37, "year": 2020, "kwh_per_user_cap": 649.8443, "ac_share_cap": 0.39327051804344837, "kwh_pc_overall": 255.56460666509162, "kwh_cap": 546541.6640625 }, "geometry": { "type": "Polygon", "coordinates": [ [ [ 23.721302344, 37.994802461 ], [ 23.721446981, 37.994757153 ], [ 23.721406039, 37.994572293 ], [ 23.721326716, 37.994184553 ], [ 23.721226499, 37.99367509 ], [ 23.721192338, 37.99348574 ], [ 23.721139611, 37.992935831 ], [ 23.721110908, 37.992872186 ], [ 23.721105024, 37.99285914 ], [ 23.721120602, 37.99269244 ], [ 23.72103472, 37.992282696 ], [ 23.721034222, 37.992279266 ], [ 23.721034061, 37.992278158 ], [ 23.721023525, 37.99220101 ], [ 23.721037797, 37.992097396 ], [ 23.720991568, 37.991993638 ], [ 23.720823664, 37.991742964 ], [ 23.720674129, 37.991519711 ], [ 23.720452682, 37.991073049 ], [ 23.720407149, 37.9909738 ], [ 23.720325911, 37.990811375 ], [ 23.720302027, 37.990703229 ], [ 23.72027413, 37.990576918 ], [ 23.720308558, 37.990503332 ], [ 23.720322568, 37.990473386 ], [ 23.720295593, 37.990360661 ], [ 23.720180323, 37.989882706 ], [ 23.72007757, 37.989403459 ], [ 23.719866703, 37.988419927 ], [ 23.719839962, 37.988295201 ], [ 23.719884658, 37.988041078 ], [ 23.719998236, 37.987860475 ], [ 23.720033799, 37.987803925 ], [ 23.720006334, 37.987719209 ], [ 23.720006002, 37.987719177 ], [ 23.720005763, 37.987719154 ], [ 23.719290228, 37.987649906 ], [ 23.718867951, 37.987622315 ], [ 23.71842391, 37.987254627 ], [ 23.718309152, 37.987183344 ], [ 23.718253208, 37.987106572 ], [ 23.7182148, 37.987053863 ], [ 23.718042337, 37.986984193 ], [ 23.71801476, 37.987005693 ], [ 23.717973002, 37.987049045 ], [ 23.717951196, 37.987071685 ], [ 23.717912466, 37.987105468 ], [ 23.717906889, 37.987110332 ], [ 23.717878318, 37.987135254 ], [ 23.717778145, 37.987222633 ], [ 23.71784716, 37.987281433 ], [ 23.717876277, 37.987306778 ], [ 23.717904265, 37.987331141 ], [ 23.717952151, 37.987371813 ], [ 23.718355158, 37.987701748 ], [ 23.718322795, 37.987821968 ], [ 23.718209675, 37.98824217 ], [ 23.718434499, 37.988265241 ], [ 23.718690631, 37.98931585 ], [ 23.718860988, 37.989936103 ], [ 23.718922685, 37.990150093 ], [ 23.719035697, 37.990564954 ], [ 23.719051149, 37.990619068 ], [ 23.719146948, 37.990975304 ], [ 23.719258608, 37.991372135 ], [ 23.719616723, 37.992657319 ], [ 23.719746551, 37.993144322 ], [ 23.71983285, 37.993473496 ], [ 23.719908254, 37.993766593 ], [ 23.719955518, 37.994627432 ], [ 23.719992252, 37.995262924 ], [ 23.720018639, 37.995718135 ], [ 23.720040673, 37.996101233 ], [ 23.720056391, 37.996367149 ], [ 23.720093855, 37.996998137 ], [ 23.72012671, 37.997624607 ], [ 23.720146391, 37.997971648 ], [ 23.720158094, 37.998169958 ], [ 23.720189139, 37.998710801 ], [ 23.720262894, 37.999233695 ], [ 23.720262915, 37.999233847 ], [ 23.72030287, 37.999250431 ], [ 23.720433206, 37.999304531 ], [ 23.720455384, 37.999313736 ], [ 23.720503194, 37.999333433 ], [ 23.72055063, 37.999218889 ], [ 23.720539627, 37.999050105 ], [ 23.720563248, 37.998538693 ], [ 23.72061654, 37.997977272 ], [ 23.72065221, 37.997675427 ], [ 23.720725759, 37.99714842 ], [ 23.720783537, 37.996738404 ], [ 23.720872024, 37.996116728 ], [ 23.720967748, 37.995463525 ], [ 23.721061382, 37.994786284 ], [ 23.721302344, 37.994802461 ] ] ] } },
{ "type": "Feature", "properties": { "zone_id": 38, "year": 2020, "kwh_per_user_cap": 555.13513, "ac_share_cap": 0.89885574944008084, "kwh_pc_overall": 498.98638904175147, "kwh_cap": 6810486.96484375 }, "geometry": { "type": "Polygon", "coordinates": [ [ [ 23.7456293, 37.973790946 ], [ 23.746393354, 37.974345708 ], [ 23.746418356, 37.974278278 ], [ 23.746453577, 37.974183287 ], [ 23.746501942, 37.974053025 ], [ 23.746550153, 37.973923174 ], [ 23.746550543, 37.973922123 ], [ 23.746901413, 37.973890225 ], [ 23.747914084, 37.973789859 ], [ 23.748681453, 37.973714892 ], [ 23.749443499, 37.973635401 ], [ 23.75023755, 37.973560481 ], [ 23.750237262, 37.973558604 ], [ 23.750173532, 37.973144298 ], [ 23.750110393, 37.97273383 ], [ 23.750025604, 37.972182611 ], [ 23.75046492, 37.971702843 ], [ 23.750958315, 37.971164007 ], [ 23.751223333, 37.970874425 ], [ 23.751638955, 37.97041608 ], [ 23.751664717, 37.970387669 ], [ 23.752257835, 37.969733572 ], [ 23.752617866, 37.969320959 ], [ 23.752761272, 37.969156608 ], [ 23.752436519, 37.968973067 ], [ 23.75230336, 37.968896177 ], [ 23.752044142, 37.968746919 ], [ 23.751986256, 37.968715251 ], [ 23.751540621, 37.968457444 ], [ 23.751311879, 37.968324562 ], [ 23.751011194, 37.968149887 ], [ 23.750466845, 37.967837789 ], [ 23.750130635, 37.967733427 ], [ 23.750136321, 37.967660658 ], [ 23.749843562, 37.967517853 ], [ 23.749710861, 37.967485017 ], [ 23.749628087, 37.967351608 ], [ 23.749499261, 37.967276934 ], [ 23.748975173, 37.966973885 ], [ 23.748648495, 37.966788423 ], [ 23.74835258, 37.966617943 ], [ 23.748157299, 37.96650497 ], [ 23.747609732, 37.966188187 ], [ 23.746996995, 37.965833696 ], [ 23.74665878, 37.965657022 ], [ 23.746278241, 37.965458237 ], [ 23.746192009, 37.965413191 ], [ 23.746191475, 37.96557626 ], [ 23.746191178, 37.965667392 ], [ 23.746271692, 37.965800848 ], [ 23.746358088, 37.965853878 ], [ 23.746300469, 37.965913631 ], [ 23.745793186, 37.966448812 ], [ 23.745357919, 37.966907528 ], [ 23.744840927, 37.967438168 ], [ 23.744388865, 37.967914869 ], [ 23.744391989, 37.967937408 ], [ 23.744414536, 37.968104195 ], [ 23.744297163, 37.968094927 ], [ 23.744190032, 37.96806681 ], [ 23.744021062, 37.968022463 ], [ 23.743881637, 37.967985869 ], [ 23.743827655, 37.967958713 ], [ 23.743212447, 37.967656979 ], [ 23.743212419, 37.967656966 ], [ 23.742921261, 37.967515104 ], [ 23.742909846, 37.967595673 ], [ 23.742908318, 37.967606459 ], [ 23.742819476, 37.968233472 ], [ 23.74281905, 37.968236478 ], [ 23.742816576, 37.968253932 ], [ 23.742806756, 37.968489222 ], [ 23.742722188, 37.968861688 ], [ 23.74270307, 37.968901474 ], [ 23.74267975, 37.968925092 ], [ 23.742128583, 37.969248349 ], [ 23.741721033, 37.969482231 ], [ 23.741713975, 37.969486281 ], [ 23.741664765, 37.969513864 ], [ 23.741432702, 37.969643938 ], [ 23.741369611, 37.969679301 ], [ 23.74135165, 37.969698535 ], [ 23.741348857, 37.969701526 ], [ 23.741287696, 37.969767017 ], [ 23.741264616, 37.969791731 ], [ 23.741016809, 37.969636118 ], [ 23.740972226, 37.969608121 ], [ 23.74096926, 37.969606259 ], [ 23.740911743, 37.969570139 ], [ 23.740841041, 37.969656027 ], [ 23.740748811, 37.969768064 ], [ 23.740692501, 37.969835979 ], [ 23.740602535, 37.969944485 ], [ 23.740526383, 37.970036328 ], [ 23.740476547, 37.970096433 ], [ 23.740426727, 37.970070455 ], [ 23.740198832, 37.969951614 ], [ 23.740135353, 37.970017211 ], [ 23.740080515, 37.97007388 ], [ 23.739733933, 37.970197446 ], [ 23.739678875, 37.970297461 ], [ 23.739679305, 37.970300088 ], [ 23.739800081, 37.971036785 ], [ 23.739810974, 37.971101276 ], [ 23.740174738, 37.97325478 ], [ 23.740342291, 37.974273605 ], [ 23.740464543, 37.975021943 ], [ 23.740563295, 37.975620367 ], [ 23.740563483, 37.975621517 ], [ 23.741176118, 37.975541751 ], [ 23.742030811, 37.975430967 ], [ 23.742584702, 37.975360078 ], [ 23.742752522, 37.975346111 ], [ 23.743006817, 37.975324949 ], [ 23.743006616, 37.975323712 ], [ 23.74300492, 37.975313292 ], [ 23.74297233, 37.975113071 ], [ 23.742792848, 37.974035641 ], [ 23.742613245, 37.972994261 ], [ 23.743500206, 37.972906069 ], [ 23.743683504, 37.972888443 ], [ 23.744148768, 37.972839196 ], [ 23.744189918, 37.97283484 ], [ 23.7456293, 37.973790946 ] ] ] } },
{ "type": "Feature", "properties": { "zone_id": 39, "year": 2020, "kwh_per_user_cap": 554.2901, "ac_share_cap": 0.56352019407189036, "kwh_pc_overall": 312.35366825971579, "kwh_cap": 6446160.60546875 }, "geometry": { "type": "Polygon", "coordinates": [ [ [ 23.731065182, 38.016040786 ], [ 23.731398047, 38.016041547 ], [ 23.731702464, 38.016033229 ], [ 23.731735929, 38.016033305 ], [ 23.732568658, 38.016026189 ], [ 23.733540212, 38.016023888 ], [ 23.73450376, 38.01587285 ], [ 23.73538178, 38.015744143 ], [ 23.735386022, 38.015745293 ], [ 23.735499148, 38.015775952 ], [ 23.73631519, 38.015755253 ], [ 23.737324146, 38.016145061 ], [ 23.737835563, 38.016092126 ], [ 23.739308546, 38.015942183 ], [ 23.740120508, 38.015867371 ], [ 23.740941724, 38.015792574 ], [ 23.74238377, 38.015629005 ], [ 23.743624216, 38.015492017 ], [ 23.7445135, 38.015394812 ], [ 23.744718065, 38.015332166 ], [ 23.744808598, 38.015300818 ], [ 23.745060744, 38.015170679 ], [ 23.745044371, 38.015066996 ], [ 23.745018589, 38.01490471 ], [ 23.744834971, 38.014928809 ], [ 23.744108972, 38.013979709 ], [ 23.743409898, 38.013116641 ], [ 23.743378287, 38.013048208 ], [ 23.743394232, 38.01259334 ], [ 23.743432453, 38.011502982 ], [ 23.743451707, 38.01095369 ], [ 23.743429709, 38.010840991 ], [ 23.743416117, 38.010676853 ], [ 23.743369915, 38.010118887 ], [ 23.743309253, 38.009573427 ], [ 23.742901952, 38.009560009 ], [ 23.742517799, 38.009473547 ], [ 23.742371683, 38.00941915 ], [ 23.741946783, 38.009263329 ], [ 23.741375421, 38.009136283 ], [ 23.740865275, 38.00907808 ], [ 23.740296434, 38.009090124 ], [ 23.740216252, 38.00810405 ], [ 23.740215524, 38.008095091 ], [ 23.740212506, 38.008057971 ], [ 23.740176321, 38.008059565 ], [ 23.739627913, 38.008083717 ], [ 23.738842862, 38.008122534 ], [ 23.738085931, 38.008161408 ], [ 23.737680203, 38.008182301 ], [ 23.737666522, 38.008183005 ], [ 23.737636265, 38.008182938 ], [ 23.736975832, 38.008213007 ], [ 23.736469566, 38.008234406 ], [ 23.736053359, 38.008256005 ], [ 23.735098184, 38.008285402 ], [ 23.735096971, 38.008325957 ], [ 23.735095756, 38.008366512 ], [ 23.735096642, 38.008812648 ], [ 23.73441169, 38.008829129 ], [ 23.73380756, 38.008841283 ], [ 23.733152186, 38.00884881 ], [ 23.732377528, 38.008865075 ], [ 23.732375381, 38.008903843 ], [ 23.732374956, 38.008911519 ], [ 23.732344808, 38.009455745 ], [ 23.732344464, 38.009461943 ], [ 23.732341336, 38.009518422 ], [ 23.731841094, 38.009544321 ], [ 23.731380042, 38.009561295 ], [ 23.731332629, 38.010457961 ], [ 23.731298804, 38.010849942 ], [ 23.731240805, 38.011232854 ], [ 23.731165027, 38.011804994 ], [ 23.731083792, 38.012408667 ], [ 23.731046265, 38.012449139 ], [ 23.73026059, 38.012352705 ], [ 23.728813038, 38.012237062 ], [ 23.728811723, 38.012259625 ], [ 23.728803398, 38.012402578 ], [ 23.728930582, 38.013133761 ], [ 23.729039908, 38.013800961 ], [ 23.729060407, 38.013841566 ], [ 23.729086568, 38.013891196 ], [ 23.729214318, 38.014680111 ], [ 23.729203505, 38.014716138 ], [ 23.729190879, 38.014761173 ], [ 23.729205077, 38.014869359 ], [ 23.729339561, 38.015473527 ], [ 23.729627344, 38.016213239 ], [ 23.729690721, 38.016308019 ], [ 23.730691634, 38.01606697 ], [ 23.730826302, 38.01604024 ], [ 23.731065182, 38.016040786 ] ] ] } },
{ "type": "Feature", "properties": { "zone_id": 40, "year": 2020, "kwh_per_user_cap": 751.82599, "ac_share_cap": 0.84274922887275838, "kwh_pc_overall": 633.6007667839076, "kwh_cap": 2099397.8500976562 }, "geometry": { "type": "Polygon", "coordinates": [ [ [ 23.737713335, 37.994740474 ], [ 23.737847915, 37.994727255 ], [ 23.738284416, 37.994782304 ], [ 23.738513277, 37.994778307 ], [ 23.738725459, 37.994760753 ], [ 23.73894238, 37.994711664 ], [ 23.739159379, 37.994640042 ], [ 23.7394125, 37.99451893 ], [ 23.739617733, 37.994352647 ], [ 23.739780225, 37.994195282 ], [ 23.739906913, 37.99399728 ], [ 23.739972987, 37.993830688 ], [ 23.740003328, 37.993704576 ], [ 23.740021245, 37.993569423 ], [ 23.740009037, 37.993398152 ], [ 23.739972952, 37.993235841 ], [ 23.739972869, 37.993235648 ], [ 23.739876231, 37.993010306 ], [ 23.739876211, 37.993010273 ], [ 23.739803702, 37.992892972 ], [ 23.740099248, 37.99274492 ], [ 23.740394586, 37.99265995 ], [ 23.740352057, 37.992531598 ], [ 23.740339298, 37.99249309 ], [ 23.740339174, 37.99249293 ], [ 23.740334557, 37.992486942 ], [ 23.740259232, 37.992389266 ], [ 23.740259194, 37.992389125 ], [ 23.740169671, 37.992051086 ], [ 23.740035115, 37.991555083 ], [ 23.739911821, 37.991095155 ], [ 23.739875982, 37.990964389 ], [ 23.739868604, 37.990937335 ], [ 23.739856307, 37.990892243 ], [ 23.739757965, 37.990522499 ], [ 23.739752892, 37.990346737 ], [ 23.739752426, 37.990346813 ], [ 23.738614468, 37.990533483 ], [ 23.738260528, 37.990586773 ], [ 23.737963303, 37.990628377 ], [ 23.737690117, 37.990666618 ], [ 23.736588095, 37.99082188 ], [ 23.7365865, 37.990822144 ], [ 23.735831733, 37.990946894 ], [ 23.735592802, 37.990986384 ], [ 23.735592761, 37.990986391 ], [ 23.735301911, 37.991033812 ], [ 23.735156585, 37.991057505 ], [ 23.734694078, 37.991134732 ], [ 23.734677272, 37.991137541 ], [ 23.73408085, 37.991234044 ], [ 23.734072978, 37.991235317 ], [ 23.733033883, 37.991404208 ], [ 23.732299944, 37.991528719 ], [ 23.731898257, 37.991595401 ], [ 23.731363419, 37.991675296 ], [ 23.731343805, 37.991677077 ], [ 23.731338724, 37.991677539 ], [ 23.731169751, 37.991692879 ], [ 23.731271512, 37.992089677 ], [ 23.731369715, 37.992486466 ], [ 23.73147041, 37.992883261 ], [ 23.731916174, 37.994691353 ], [ 23.732005924, 37.99506559 ], [ 23.732141982, 37.995624696 ], [ 23.732223251, 37.995617276 ], [ 23.732239573, 37.995615785 ], [ 23.732334593, 37.995607109 ], [ 23.733230528, 37.995478458 ], [ 23.733490486, 37.99543849 ], [ 23.733581098, 37.995380111 ], [ 23.733910059, 37.995326967 ], [ 23.735699269, 37.995037896 ], [ 23.735768448, 37.995026379 ], [ 23.735769225, 37.99502625 ], [ 23.736108439, 37.994969778 ], [ 23.736428088, 37.99491739 ], [ 23.736615557, 37.994886733 ], [ 23.737641863, 37.994722289 ], [ 23.737713335, 37.994740474 ] ] ] } },
{ "type": "Feature", "properties": { "zone_id": 41, "year": 2020, "kwh_per_user_cap": 751.75305, "ac_share_cap": 0.96414714807563939, "kwh_pc_overall": 724.80053487060104, "kwh_cap": 837853.0556640625 }, "geometry": { "type": "Polygon", "coordinates": [ [ [ 23.784996835, 37.999725879 ], [ 23.784148123, 37.999057374 ], [ 23.783755844, 37.998723452 ], [ 23.782933191, 37.998023168 ], [ 23.782034715, 37.997345543 ], [ 23.78155303, 37.997628554 ], [ 23.78104458, 37.997934045 ], [ 23.780532924, 37.998239528 ], [ 23.780028395, 37.998540516 ], [ 23.779067395, 37.999117067 ], [ 23.782341654, 38.003367353 ], [ 23.787116272, 38.001000544 ], [ 23.785217446, 37.999870487 ], [ 23.784996835, 37.999725879 ] ] ] } },
{ "type": "Feature", "properties": { "zone_id": 42, "year": 2020, "kwh_per_user_cap": 738.06268, "ac_share_cap": 0.41856878984299523, "kwh_pc_overall": 308.92999298209594, "kwh_cap": 6865142.16796875 }, "geometry": { "type": "Polygon", "coordinates": [ [ [ 23.731240805, 38.011232854 ], [ 23.731298804, 38.010849942 ], [ 23.731332629, 38.010457961 ], [ 23.731380042, 38.009561295 ], [ 23.731841094, 38.009544321 ], [ 23.732341336, 38.009518422 ], [ 23.732344464, 38.009461943 ], [ 23.732344808, 38.009455745 ], [ 23.732374956, 38.008911519 ], [ 23.732375381, 38.008903843 ], [ 23.732377528, 38.008865075 ], [ 23.733152186, 38.00884881 ], [ 23.73380756, 38.008841283 ], [ 23.73441169, 38.008829129 ], [ 23.735096642, 38.008812648 ], [ 23.735095756, 38.008366512 ], [ 23.735096971, 38.008325957 ], [ 23.735098184, 38.008285402 ], [ 23.735096148, 38.007861795 ], [ 23.735093902, 38.007496771 ], [ 23.73509088, 38.007050629 ], [ 23.735086951, 38.006658563 ], [ 23.735085803, 38.006581951 ], [ 23.734952809, 38.005950754 ], [ 23.734897735, 38.005725309 ], [ 23.734801034, 38.005296982 ], [ 23.734772639, 38.005175245 ], [ 23.734701906, 38.004850624 ], [ 23.734666555, 38.004683807 ], [ 23.734558322, 38.004194835 ], [ 23.7344281, 38.003786493 ], [ 23.734292168, 38.003380608 ], [ 23.734138281, 38.002920607 ], [ 23.734117507, 38.00285747 ], [ 23.733984372, 38.002762534 ], [ 23.733968872, 38.002717435 ], [ 23.733726204, 38.002004872 ], [ 23.733831416, 38.001946527 ], [ 23.733709536, 38.00149561 ], [ 23.733554365, 38.000900412 ], [ 23.733358918, 38.000124865 ], [ 23.733222424, 37.999975844 ], [ 23.733022874, 37.999155224 ], [ 23.731791078, 37.999332678 ], [ 23.731152527, 37.999434867 ], [ 23.730570243, 37.99952817 ], [ 23.729862251, 37.999639206 ], [ 23.729201966, 37.999745842 ], [ 23.72857234, 37.999839025 ], [ 23.727519695, 37.999998755 ], [ 23.727519263, 37.999998821 ], [ 23.727356861, 38.000025483 ], [ 23.726125594, 38.000148802 ], [ 23.725539857, 38.000210526 ], [ 23.724996508, 38.000263334 ], [ 23.724275821, 38.000338256 ], [ 23.723488913, 38.000417524 ], [ 23.723583293, 38.001350573 ], [ 23.72336963, 38.00137711 ], [ 23.723314394, 38.001384923 ], [ 23.723269887, 38.001391218 ], [ 23.723217968, 38.001398561 ], [ 23.723181595, 38.001403706 ], [ 23.723525313, 38.001909232 ], [ 23.723986055, 38.002437565 ], [ 23.724255049, 38.002749138 ], [ 23.724432989, 38.002947838 ], [ 23.72521168, 38.003837423 ], [ 23.725551588, 38.004225768 ], [ 23.725948199, 38.00468184 ], [ 23.726259739, 38.005043079 ], [ 23.726600676, 38.005444942 ], [ 23.726644664, 38.005485602 ], [ 23.726652038, 38.0054965 ], [ 23.726790592, 38.005701262 ], [ 23.727209678, 38.0063206 ], [ 23.727307644, 38.006492071 ], [ 23.727476608, 38.006812418 ], [ 23.727633726, 38.007159775 ], [ 23.727834839, 38.007836202 ], [ 23.727870608, 38.008007855 ], [ 23.727885563, 38.008079629 ], [ 23.727916917, 38.008234086 ], [ 23.727919579, 38.008247673 ], [ 23.728039257, 38.008967783 ], [ 23.72819215, 38.009882938 ], [ 23.728321174, 38.010707908 ], [ 23.728391146, 38.011136179 ], [ 23.728398051, 38.01118332 ], [ 23.728398117, 38.011183778 ], [ 23.728483491, 38.011766675 ], [ 23.728484901, 38.011776305 ], [ 23.728499602, 38.011883929 ], [ 23.728509851, 38.011958959 ], [ 23.728537241, 38.01215947 ], [ 23.728523819, 38.012223184 ], [ 23.728516519, 38.012257836 ], [ 23.728692312, 38.012241772 ], [ 23.728776483, 38.012238489 ], [ 23.728813038, 38.012237062 ], [ 23.73026059, 38.012352705 ], [ 23.731046265, 38.012449139 ], [ 23.731083792, 38.012408667 ], [ 23.731165027, 38.011804994 ], [ 23.731240805, 38.011232854 ] ] ] } },
{ "type": "Feature", "properties": { "zone_id": 43, "year": 2020, "kwh_per_user_cap": 577.36847, "ac_share_cap": 0.51964354558751968, "kwh_pc_overall": 300.02578880395885, "kwh_cap": 5826354.8984375 }, "geometry": { "type": "Polygon", "coordinates": [ [ [ 23.73222685, 37.995971883 ], [ 23.732143315, 37.995630147 ], [ 23.732142071, 37.995625058 ], [ 23.732141982, 37.995624696 ], [ 23.732005924, 37.99506559 ], [ 23.731916174, 37.994691353 ], [ 23.73147041, 37.992883261 ], [ 23.731369715, 37.992486466 ], [ 23.731271512, 37.992089677 ], [ 23.731169751, 37.991692879 ], [ 23.73113758, 37.991560491 ], [ 23.731131229, 37.99153436 ], [ 23.731082095, 37.991332165 ], [ 23.730769858, 37.991381497 ], [ 23.729845021, 37.991527613 ], [ 23.729059471, 37.991651986 ], [ 23.728644985, 37.99171412 ], [ 23.727911069, 37.991829592 ], [ 23.727111259, 37.991958425 ], [ 23.726950648, 37.991962361 ], [ 23.726946355, 37.991962466 ], [ 23.726943951, 37.991962525 ], [ 23.726943306, 37.991962541 ], [ 23.726943263, 37.991962542 ], [ 23.726044477, 37.992005516 ], [ 23.725073427, 37.992052821 ], [ 23.724330196, 37.992087133 ], [ 23.723333944, 37.992116338 ], [ 23.723105259, 37.992169877 ], [ 23.722298626, 37.992217546 ], [ 23.72187432, 37.992239076 ], [ 23.721556237, 37.992253871 ], [ 23.721443733, 37.992259105 ], [ 23.721345509, 37.992263673 ], [ 23.721321165, 37.992264805 ], [ 23.721218339, 37.992269588 ], [ 23.721034676, 37.99227813 ], [ 23.721034061, 37.992278158 ], [ 23.721034222, 37.992279266 ], [ 23.72103472, 37.992282696 ], [ 23.721120602, 37.99269244 ], [ 23.721105024, 37.99285914 ], [ 23.721110908, 37.992872186 ], [ 23.721139611, 37.992935831 ], [ 23.721192338, 37.99348574 ], [ 23.721226499, 37.99367509 ], [ 23.721326716, 37.994184553 ], [ 23.721406039, 37.994572293 ], [ 23.721446981, 37.994757153 ], [ 23.721302344, 37.994802461 ], [ 23.721061382, 37.994786284 ], [ 23.720967748, 37.995463525 ], [ 23.720872024, 37.996116728 ], [ 23.720783537, 37.996738404 ], [ 23.72078644, 37.996738666 ], [ 23.721298371, 37.996784689 ], [ 23.721719295, 37.996817231 ], [ 23.721792613, 37.996817404 ], [ 23.722128289, 37.996804678 ], [ 23.722220419, 37.996796292 ], [ 23.722220508, 37.996796283 ], [ 23.723137689, 37.996703411 ], [ 23.723137907, 37.996706054 ], [ 23.723154027, 37.996901732 ], [ 23.723188536, 37.997284859 ], [ 23.723251737, 37.997893373 ], [ 23.723368162, 37.999114886 ], [ 23.723488913, 38.000417524 ], [ 23.724275821, 38.000338256 ], [ 23.724996508, 38.000263334 ], [ 23.725539857, 38.000210526 ], [ 23.726125594, 38.000148802 ], [ 23.727356861, 38.000025483 ], [ 23.727519263, 37.999998821 ], [ 23.727519695, 37.999998755 ], [ 23.72857234, 37.999839025 ], [ 23.729201966, 37.999745842 ], [ 23.729862251, 37.999639206 ], [ 23.730570243, 37.99952817 ], [ 23.731152527, 37.999434867 ], [ 23.731791078, 37.999332678 ], [ 23.733022874, 37.999155224 ], [ 23.732882565, 37.998587097 ], [ 23.732746801, 37.998041512 ], [ 23.73242648, 37.996765467 ], [ 23.732322282, 37.99635064 ], [ 23.73222685, 37.995971883 ] ] ] } },
{ "type": "Feature", "properties": { "zone_id": 44, "year": 2020, "kwh_per_user_cap": 695.8894, "ac_share_cap": 0.69137597217249935, "kwh_pc_overall": 481.12121725766843, "kwh_cap": 5781093.3828125 }, "geometry": { "type": "Polygon", "coordinates": [ [ [ 23.75488373, 37.999941965 ], [ 23.755138355, 37.999931191 ], [ 23.755152513, 37.999930592 ], [ 23.75537271, 37.999921273 ], [ 23.755592539, 37.99991197 ], [ 23.755596436, 37.999911805 ], [ 23.755731261, 37.999826464 ], [ 23.755744732, 37.999814623 ], [ 23.755753547, 37.999810745 ], [ 23.756013587, 37.999696364 ], [ 23.756727877, 37.999391407 ], [ 23.757217082, 37.999342847 ], [ 23.757347988, 37.999365649 ], [ 23.757717499, 37.999456539 ], [ 23.758084862, 37.999574462 ], [ 23.758152684, 37.999665312 ], [ 23.75828332, 37.999813711 ], [ 23.758295581, 37.999827711 ], [ 23.758312463, 37.999846985 ], [ 23.75845819, 38.000013369 ], [ 23.758531797, 38.000149902 ], [ 23.758898601, 38.001090562 ], [ 23.758945255, 38.001078851 ], [ 23.759118863, 38.00103527 ], [ 23.759203565, 38.000960228 ], [ 23.759315399, 38.000829771 ], [ 23.759428575, 38.000801287 ], [ 23.75944239, 38.000744409 ], [ 23.759428681, 38.000473996 ], [ 23.759492172, 38.000541722 ], [ 23.759561558, 38.000330062 ], [ 23.759700517, 37.999740005 ], [ 23.759761257, 37.999433494 ], [ 23.759794246, 37.999267023 ], [ 23.759685444, 37.99907982 ], [ 23.7593782, 37.998551027 ], [ 23.759118094, 37.998103385 ], [ 23.758892117, 37.997714477 ], [ 23.758670308, 37.997393146 ], [ 23.758684852, 37.997216245 ], [ 23.758740717, 37.996536736 ], [ 23.758748612, 37.996308672 ], [ 23.758690785, 37.996090313 ], [ 23.758557589, 37.995587358 ], [ 23.758477559, 37.995285158 ], [ 23.758528035, 37.994950005 ], [ 23.75879693, 37.994704485 ], [ 23.758563396, 37.994505723 ], [ 23.758188703, 37.994157959 ], [ 23.758171265, 37.994140646 ], [ 23.758170154, 37.994139544 ], [ 23.758076408, 37.994046468 ], [ 23.757933996, 37.993905075 ], [ 23.75759647, 37.993512322 ], [ 23.757464596, 37.993354325 ], [ 23.757423593, 37.993160464 ], [ 23.757359903, 37.993047672 ], [ 23.757033764, 37.993223984 ], [ 23.756887139, 37.993303562 ], [ 23.756522759, 37.993501091 ], [ 23.756098139, 37.993725532 ], [ 23.755448926, 37.994062166 ], [ 23.754929452, 37.994340483 ], [ 23.754807523, 37.994403319 ], [ 23.754601452, 37.994511043 ], [ 23.754499236, 37.994565249 ], [ 23.754127352, 37.994497395 ], [ 23.753668267, 37.994429506 ], [ 23.753261518, 37.994370817 ], [ 23.753049648, 37.994340246 ], [ 23.752966377, 37.994328231 ], [ 23.752684791, 37.994287599 ], [ 23.75230278, 37.994232477 ], [ 23.752075144, 37.994199628 ], [ 23.75188319, 37.994171929 ], [ 23.751767015, 37.994198659 ], [ 23.751511608, 37.994249691 ], [ 23.751499196, 37.994252168 ], [ 23.751028376, 37.994345809 ], [ 23.750593488, 37.994438681 ], [ 23.750325679, 37.994493032 ], [ 23.75014725, 37.994528704 ], [ 23.750316621, 37.995065328 ], [ 23.750346893, 37.995164533 ], [ 23.75040462, 37.995353926 ], [ 23.750348497, 37.995418788 ], [ 23.750295642, 37.995479874 ], [ 23.749978, 37.995425122 ], [ 23.749777147, 37.995460746 ], [ 23.749298613, 37.995621959 ], [ 23.749202285, 37.995650879 ], [ 23.749119764, 37.995675654 ], [ 23.748615462, 37.995877366 ], [ 23.748307994, 37.995997743 ], [ 23.748196873, 37.996041247 ], [ 23.747676734, 37.996244883 ], [ 23.747240513, 37.99641519 ], [ 23.746655072, 37.996632372 ], [ 23.746508074, 37.99670124 ], [ 23.746327638, 37.996775889 ], [ 23.745942503, 37.996901149 ], [ 23.746058675, 37.997011798 ], [ 23.746087338, 37.997039098 ], [ 23.746387519, 37.997264019 ], [ 23.746732731, 37.997522677 ], [ 23.746965994, 37.997689916 ], [ 23.747303234, 37.997947507 ], [ 23.74785174, 37.998354262 ], [ 23.748000841, 37.998467242 ], [ 23.7480793, 37.998525994 ], [ 23.748505714, 37.998833343 ], [ 23.748673991, 37.998959882 ], [ 23.749071848, 37.999256262 ], [ 23.749458053, 37.999258302 ], [ 23.749747464, 37.99925983 ], [ 23.750096717, 37.999261673 ], [ 23.750354348, 37.999683073 ], [ 23.750256743, 37.999918689 ], [ 23.750214835, 38.000018053 ], [ 23.750228516, 38.00015572 ], [ 23.75026935, 38.000215019 ], [ 23.75034031, 38.000256773 ], [ 23.750352565, 38.000374842 ], [ 23.750376364, 38.000540753 ], [ 23.750403601, 38.000905831 ], [ 23.750405471, 38.000909708 ], [ 23.750431877, 38.000964474 ], [ 23.7504401, 38.000972285 ], [ 23.750441347, 38.00097347 ], [ 23.750683781, 38.001203849 ], [ 23.750936726, 38.001364637 ], [ 23.751155813, 38.001502272 ], [ 23.75144103, 38.001574978 ], [ 23.751482302, 38.001585083 ], [ 23.751500907, 38.001589639 ], [ 23.751626677, 38.001620434 ], [ 23.751771673, 38.001655301 ], [ 23.751789695, 38.001659634 ], [ 23.7518038, 38.001663026 ], [ 23.751879677, 38.001681272 ], [ 23.751880408, 38.001681447 ], [ 23.751880408, 38.001681186 ], [ 23.751880413, 38.001634489 ], [ 23.752643621, 38.000446402 ], [ 23.752957584, 38.000163209 ], [ 23.753278093, 38.000027784 ], [ 23.753909273, 37.999883132 ], [ 23.754226701, 37.999881324 ], [ 23.75488373, 37.999941965 ] ] ] } },
{ "type": "Feature", "properties": { "zone_id": 45, "year": 2020, "kwh_per_user_cap": 680.98346, "ac_share_cap": 0.76940470281226236, "kwh_pc_overall": 523.95190541666534, "kwh_cap": 4118556.34375 }, "geometry": { "type": "Polygon", "coordinates": [ [ [ 23.741471269, 38.032467411 ], [ 23.741667202, 38.03254445 ], [ 23.742327764, 38.032376957 ], [ 23.743982402, 38.03195467 ], [ 23.743800525, 38.03155057 ], [ 23.743751083, 38.031440445 ], [ 23.743582344, 38.031064559 ], [ 23.743350617, 38.030551805 ], [ 23.743012822, 38.029803006 ], [ 23.7425223, 38.02874293 ], [ 23.742506212, 38.028632165 ], [ 23.742459617, 38.028311379 ], [ 23.742441979, 38.028189951 ], [ 23.742399803, 38.02821485 ], [ 23.742293393, 38.028277671 ], [ 23.742178304, 38.028345614 ], [ 23.742152409, 38.028280467 ], [ 23.742031772, 38.027976966 ], [ 23.742000194, 38.027935912 ], [ 23.741891609, 38.027794744 ], [ 23.74152074, 38.027482854 ], [ 23.741306936, 38.027248584 ], [ 23.739996379, 38.02643431 ], [ 23.739903266, 38.026465943 ], [ 23.739642364, 38.026297471 ], [ 23.739464132, 38.026182381 ], [ 23.739343044, 38.026104191 ], [ 23.73930442, 38.026079099 ], [ 23.739301495, 38.026077199 ], [ 23.739143584, 38.025974615 ], [ 23.739208717, 38.025948444 ], [ 23.73921975, 38.025944011 ], [ 23.739261869, 38.025927087 ], [ 23.739412995, 38.025866364 ], [ 23.739349766, 38.025826076 ], [ 23.739287306, 38.025786279 ], [ 23.738911176, 38.025546615 ], [ 23.738092467, 38.025033396 ], [ 23.73729933, 38.024527792 ], [ 23.737291376, 38.024522721 ], [ 23.737282935, 38.024517143 ], [ 23.736770522, 38.02417854 ], [ 23.7365824, 38.024054227 ], [ 23.736380965, 38.023921116 ], [ 23.736194244, 38.023797727 ], [ 23.736084392, 38.023725134 ], [ 23.735924335, 38.023628677 ], [ 23.735815289, 38.02356296 ], [ 23.735695746, 38.023490917 ], [ 23.735673658, 38.023502541 ], [ 23.735658998, 38.023510256 ], [ 23.735570966, 38.023556584 ], [ 23.735496561, 38.023595739 ], [ 23.735456011, 38.023616992 ], [ 23.735065546, 38.023782849 ], [ 23.734818434, 38.02388594 ], [ 23.734522463, 38.024011451 ], [ 23.73402288, 38.024222123 ], [ 23.733552165, 38.024423845 ], [ 23.733492641, 38.024441736 ], [ 23.733244196, 38.024616922 ], [ 23.73302752, 38.024769647 ], [ 23.732343173, 38.025263795 ], [ 23.732237695, 38.025335039 ], [ 23.732163148, 38.025385391 ], [ 23.732104984, 38.025424676 ], [ 23.732057734, 38.02545659 ], [ 23.732003462, 38.025493247 ], [ 23.731988879, 38.025503097 ], [ 23.731984102, 38.025506323 ], [ 23.731973702, 38.025513994 ], [ 23.731832578, 38.025618103 ], [ 23.73166743, 38.025739933 ], [ 23.731481211, 38.025859222 ], [ 23.731370838, 38.025929925 ], [ 23.731292395, 38.025964396 ], [ 23.73129526, 38.025978103 ], [ 23.731304644, 38.026023008 ], [ 23.731354689, 38.026050147 ], [ 23.731402041, 38.026075825 ], [ 23.731563341, 38.026163297 ], [ 23.731709064, 38.026239004 ], [ 23.731720219, 38.0262448 ], [ 23.731766581, 38.026268886 ], [ 23.731850848, 38.026312664 ], [ 23.731949634, 38.026366966 ], [ 23.731980981, 38.026351596 ], [ 23.732042753, 38.026321307 ], [ 23.732105153, 38.026290711 ], [ 23.732556584, 38.026598174 ], [ 23.732872708, 38.026729413 ], [ 23.732884022, 38.02673411 ], [ 23.733217901, 38.026861047 ], [ 23.733620322, 38.027037709 ], [ 23.734193149, 38.027215275 ], [ 23.7342061, 38.02721929 ], [ 23.734627495, 38.027269812 ], [ 23.734674587, 38.027269491 ], [ 23.735620222, 38.027263036 ], [ 23.73593111, 38.027250215 ], [ 23.736058466, 38.027282046 ], [ 23.736439291, 38.027526245 ], [ 23.73656092, 38.027666216 ], [ 23.736680528, 38.027972919 ], [ 23.736691809, 38.028004489 ], [ 23.7368227, 38.028342761 ], [ 23.736992844, 38.028956012 ], [ 23.737133259, 38.029422519 ], [ 23.737144862, 38.029461068 ], [ 23.7371655, 38.029488834 ], [ 23.737311237, 38.029684906 ], [ 23.737431805, 38.029847114 ], [ 23.737560895, 38.03002079 ], [ 23.737774654, 38.030301511 ], [ 23.737777444, 38.030305176 ], [ 23.737786886, 38.030318673 ], [ 23.738030041, 38.03066625 ], [ 23.738058373, 38.030698568 ], [ 23.738152747, 38.030806221 ], [ 23.738165257, 38.030816011 ], [ 23.738343932, 38.030955818 ], [ 23.73835522, 38.03096465 ], [ 23.738435754, 38.031027665 ], [ 23.738844985, 38.031402605 ], [ 23.740034401, 38.032482268 ], [ 23.740065798, 38.032519671 ], [ 23.740095038, 38.032554504 ], [ 23.740152224, 38.032595188 ], [ 23.740226519, 38.032631404 ], [ 23.740296264, 38.032645077 ], [ 23.740348742, 38.03265102 ], [ 23.74037742, 38.032654269 ], [ 23.740475375, 38.032645472 ], [ 23.740524801, 38.032637355 ], [ 23.740545805, 38.032633907 ], [ 23.740583688, 38.032627686 ], [ 23.740687405, 38.032600876 ], [ 23.740790053, 38.032574064 ], [ 23.741059815, 38.032516075 ], [ 23.741230611, 38.03247326 ], [ 23.741255837, 38.032466937 ], [ 23.741360118, 38.032459218 ], [ 23.741374089, 38.032458184 ], [ 23.741471269, 38.032467411 ] ] ] } },
{ "type": "Feature", "properties": { "zone_id": 46, "year": 2020, "kwh_per_user_cap": 693.41205, "ac_share_cap": 0.64441275265514175, "kwh_pc_overall": 446.84356484560539, "kwh_cap": 2870061.203125 }, "geometry": { "type": "Polygon", "coordinates": [ [ [ 23.752231617, 37.964299412 ], [ 23.752221576, 37.96430002 ], [ 23.751179061, 37.964362728 ], [ 23.751059531, 37.964405716 ], [ 23.750711694, 37.96441245 ], [ 23.750675628, 37.964399552 ], [ 23.75020797, 37.964114751 ], [ 23.749719168, 37.963817067 ], [ 23.749155941, 37.963515677 ], [ 23.748725091, 37.96328512 ], [ 23.748301141, 37.963072683 ], [ 23.747660347, 37.96269091 ], [ 23.746603392, 37.962065789 ], [ 23.746512574, 37.962166654 ], [ 23.74629126, 37.962416619 ], [ 23.745853234, 37.962898926 ], [ 23.745496741, 37.963294844 ], [ 23.74517991, 37.963648984 ], [ 23.74495528, 37.963902752 ], [ 23.74481205, 37.964062779 ], [ 23.744617108, 37.964271735 ], [ 23.744610656, 37.964278651 ], [ 23.744555412, 37.964340252 ], [ 23.744473515, 37.964431573 ], [ 23.745066621, 37.964767631 ], [ 23.745207146, 37.964847252 ], [ 23.745345216, 37.964925174 ], [ 23.745493374, 37.965008789 ], [ 23.745504625, 37.965015139 ], [ 23.746192009, 37.965413191 ], [ 23.746278241, 37.965458237 ], [ 23.74665878, 37.965657022 ], [ 23.746996995, 37.965833696 ], [ 23.747609732, 37.966188187 ], [ 23.748157299, 37.96650497 ], [ 23.74835258, 37.966617943 ], [ 23.748648495, 37.966788423 ], [ 23.748975173, 37.966973885 ], [ 23.749499261, 37.967276934 ], [ 23.749628087, 37.967351608 ], [ 23.749710861, 37.967485017 ], [ 23.749843562, 37.967517853 ], [ 23.750136321, 37.967660658 ], [ 23.750130635, 37.967733427 ], [ 23.750466845, 37.967837789 ], [ 23.751011194, 37.968149887 ], [ 23.751311879, 37.968324562 ], [ 23.751540621, 37.968457444 ], [ 23.751986256, 37.968715251 ], [ 23.752044142, 37.968746919 ], [ 23.75230336, 37.968896177 ], [ 23.752436519, 37.968973067 ], [ 23.752761272, 37.969156608 ], [ 23.753459714, 37.96835392 ], [ 23.754109683, 37.967631776 ], [ 23.75512678, 37.966536416 ], [ 23.755771267, 37.965852557 ], [ 23.755379183, 37.965634391 ], [ 23.755010084, 37.965429013 ], [ 23.754596326, 37.965198782 ], [ 23.754000085, 37.964867005 ], [ 23.752905736, 37.964258042 ], [ 23.752231617, 37.964299412 ] ] ] } },
{ "type": "Feature", "properties": { "zone_id": 47, "year": 2020, "kwh_per_user_cap": 783.26013, "ac_share_cap": 0.7874909654686133, "kwh_pc_overall": 616.81030429811938, "kwh_cap": 11077448.546875 }, "geometry": { "type": "Polygon", "coordinates": [ [ [ 23.750492261, 38.028945209 ], [ 23.75110435, 38.028710336 ], [ 23.751250745, 38.02862719 ], [ 23.751528584, 38.028469391 ], [ 23.752193419, 38.028187023 ], [ 23.752812744, 38.02792398 ], [ 23.752066173, 38.026906806 ], [ 23.751490446, 38.026089565 ], [ 23.751086938, 38.025504498 ], [ 23.750752553, 38.025047393 ], [ 23.750329199, 38.024454075 ], [ 23.749749528, 38.023641665 ], [ 23.749157735, 38.022824009 ], [ 23.749101734, 38.022747707 ], [ 23.74850102, 38.021929216 ], [ 23.748268102, 38.02157889 ], [ 23.7482355, 38.021529854 ], [ 23.747959948, 38.021130226 ], [ 23.747673266, 38.020730756 ], [ 23.7473682, 38.020301157 ], [ 23.747085448, 38.019900162 ], [ 23.747002069, 38.019781914 ], [ 23.74580748, 38.020318241 ], [ 23.745191471, 38.020595008 ], [ 23.744606745, 38.020860129 ], [ 23.744160743, 38.021062349 ], [ 23.743782982, 38.021233626 ], [ 23.743308282, 38.021448852 ], [ 23.742965614, 38.021604213 ], [ 23.742279968, 38.021915072 ], [ 23.741470567, 38.022282029 ], [ 23.741168562, 38.022418948 ], [ 23.740661599, 38.022648783 ], [ 23.740482271, 38.022730081 ], [ 23.739960833, 38.022968149 ], [ 23.740183753, 38.023163374 ], [ 23.740226287, 38.023217545 ], [ 23.74036347, 38.023389091 ], [ 23.74046843, 38.023510995 ], [ 23.740702417, 38.023795415 ], [ 23.741016555, 38.024170138 ], [ 23.74134659, 38.024580946 ], [ 23.74163382, 38.025010813 ], [ 23.74122184, 38.025169529 ], [ 23.740756018, 38.025348985 ], [ 23.740326012, 38.025514641 ], [ 23.739412995, 38.025866364 ], [ 23.739261869, 38.025927087 ], [ 23.73921975, 38.025944011 ], [ 23.739208717, 38.025948444 ], [ 23.739143584, 38.025974615 ], [ 23.739301495, 38.026077199 ], [ 23.73930442, 38.026079099 ], [ 23.739343044, 38.026104191 ], [ 23.739464132, 38.026182381 ], [ 23.739642364, 38.026297471 ], [ 23.739903266, 38.026465943 ], [ 23.739996379, 38.02643431 ], [ 23.741306936, 38.027248584 ], [ 23.74152074, 38.027482854 ], [ 23.741891609, 38.027794744 ], [ 23.742000194, 38.027935912 ], [ 23.742031772, 38.027976966 ], [ 23.742152409, 38.028280467 ], [ 23.742178304, 38.028345614 ], [ 23.742293393, 38.028277671 ], [ 23.742399803, 38.02821485 ], [ 23.742441979, 38.028189951 ], [ 23.742459617, 38.028311379 ], [ 23.742506212, 38.028632165 ], [ 23.7425223, 38.02874293 ], [ 23.743012822, 38.029803006 ], [ 23.743350617, 38.030551805 ], [ 23.743582344, 38.031064559 ], [ 23.743751083, 38.031440445 ], [ 23.743776705, 38.031441923 ], [ 23.743831034, 38.031445058 ], [ 23.743831233, 38.031445065 ], [ 23.744022983, 38.031451295 ], [ 23.744699109, 38.031452986 ], [ 23.745498178, 38.031125997 ], [ 23.745359841, 38.030923862 ], [ 23.745426124, 38.030895963 ], [ 23.746969613, 38.03022986 ], [ 23.747002925, 38.030215484 ], [ 23.747045543, 38.030197091 ], [ 23.747809017, 38.029867596 ], [ 23.747845972, 38.029851647 ], [ 23.747880973, 38.029836542 ], [ 23.748177263, 38.029708669 ], [ 23.748250327, 38.029677135 ], [ 23.748367594, 38.029624414 ], [ 23.748397228, 38.029612086 ], [ 23.748483621, 38.029575416 ], [ 23.748522606, 38.029558814 ], [ 23.748663762, 38.029498702 ], [ 23.749340228, 38.029209733 ], [ 23.749392415, 38.029187441 ], [ 23.749402142, 38.029183286 ], [ 23.749456094, 38.029160239 ], [ 23.749461867, 38.029157772 ], [ 23.749615267, 38.029090255 ], [ 23.750197317, 38.028834071 ], [ 23.750361314, 38.028759061 ], [ 23.750492261, 38.028945209 ] ] ] } },
{ "type": "Feature", "properties": { "zone_id": 48, "year": 2020, "kwh_per_user_cap": 695.58844, "ac_share_cap": 0.46749791366859927, "kwh_pc_overall": 325.18615632076046, "kwh_cap": 5626863.1787109375 }, "geometry": { "type": "Polygon", "coordinates": [ [ [ 23.70552039, 37.972172174 ], [ 23.705520357, 37.97217221 ], [ 23.704100787, 37.973687815 ], [ 23.704775028, 37.974311397 ], [ 23.705212006, 37.974667718 ], [ 23.705263439, 37.974709658 ], [ 23.705321837, 37.974757276 ], [ 23.705346015, 37.974776991 ], [ 23.705737997, 37.975071368 ], [ 23.705770046, 37.975095436 ], [ 23.705773483, 37.975098017 ], [ 23.705735778, 37.97511153 ], [ 23.705690978, 37.975127585 ], [ 23.705544787, 37.975179976 ], [ 23.705500282, 37.975195925 ], [ 23.70549876, 37.975196471 ], [ 23.705487774, 37.97521127 ], [ 23.705487175, 37.975212077 ], [ 23.705485174, 37.975214773 ], [ 23.705500739, 37.975226262 ], [ 23.705591994, 37.975293617 ], [ 23.706368356, 37.975866647 ], [ 23.707426303, 37.976799083 ], [ 23.708891554, 37.978043968 ], [ 23.709830649, 37.979026533 ], [ 23.709928205, 37.979137352 ], [ 23.7114256, 37.980838272 ], [ 23.711432085, 37.980845637 ], [ 23.711469552, 37.980888196 ], [ 23.711515219, 37.980940069 ], [ 23.711603037, 37.981097806 ], [ 23.711710429, 37.981255901 ], [ 23.713526885, 37.983260272 ], [ 23.713712365, 37.983468019 ], [ 23.713897847, 37.983675766 ], [ 23.714404861, 37.984131401 ], [ 23.714430835, 37.984154743 ], [ 23.714435027, 37.984158807 ], [ 23.714463451, 37.984186367 ], [ 23.714502623, 37.98422127 ], [ 23.714514164, 37.984231554 ], [ 23.714542449, 37.984257985 ], [ 23.71456735, 37.984281254 ], [ 23.714594783, 37.984304163 ], [ 23.714892384, 37.984552679 ], [ 23.715720163, 37.985243914 ], [ 23.717077559, 37.986409845 ], [ 23.717585339, 37.986884239 ], [ 23.717635367, 37.986913532 ], [ 23.717848092, 37.987038088 ], [ 23.717951196, 37.987071685 ], [ 23.717973002, 37.987049045 ], [ 23.71801476, 37.987005693 ], [ 23.718042337, 37.986984193 ], [ 23.717995463, 37.986942339 ], [ 23.717995225, 37.986942126 ], [ 23.718166521, 37.986741347 ], [ 23.718428784, 37.986368331 ], [ 23.718785547, 37.985892875 ], [ 23.719249816, 37.985180289 ], [ 23.719270208, 37.985058664 ], [ 23.719287414, 37.984932525 ], [ 23.719288314, 37.984928135 ], [ 23.71930772, 37.984833432 ], [ 23.71984221, 37.98408664 ], [ 23.720355947, 37.983366834 ], [ 23.720505157, 37.98315088 ], [ 23.720884028, 37.982615515 ], [ 23.721417029, 37.981877724 ], [ 23.721780841, 37.981369359 ], [ 23.721807206, 37.981331877 ], [ 23.720709209, 37.98084412 ], [ 23.72070908, 37.980844063 ], [ 23.719350884, 37.980240699 ], [ 23.719347198, 37.980239059 ], [ 23.718238579, 37.979746085 ], [ 23.718226623, 37.979740769 ], [ 23.717819044, 37.979559524 ], [ 23.716861993, 37.979133927 ], [ 23.716726608, 37.979073722 ], [ 23.716003611, 37.97854911 ], [ 23.71584833, 37.978433928 ], [ 23.715252712, 37.977992114 ], [ 23.714511846, 37.977653064 ], [ 23.714348415, 37.977578271 ], [ 23.713463176, 37.977157945 ], [ 23.713455697, 37.977154393 ], [ 23.712566212, 37.976732038 ], [ 23.712033378, 37.976473391 ], [ 23.711483396, 37.976155539 ], [ 23.711132297, 37.975911166 ], [ 23.710613718, 37.975574409 ], [ 23.7096031, 37.974902881 ], [ 23.708965871, 37.974451138 ], [ 23.708199728, 37.973905708 ], [ 23.707682626, 37.973548293 ], [ 23.707646823, 37.973523547 ], [ 23.707569692, 37.973473023 ], [ 23.707524658, 37.973443523 ], [ 23.707080781, 37.973134401 ], [ 23.705993271, 37.972415277 ], [ 23.705561206, 37.972129564 ], [ 23.705560646, 37.972129194 ], [ 23.70552039, 37.972172174 ] ] ] } },
{ "type": "Feature", "properties": { "zone_id": 49, "year": 2020, "kwh_per_user_cap": 757.34058, "ac_share_cap": 0.58744025211535611, "kwh_pc_overall": 444.89233427606615, "kwh_cap": 7211662.076171875 }, "geometry": { "type": "Polygon", "coordinates": [ [ [ 23.721353608, 38.008524024 ], [ 23.721422415, 38.007885266 ], [ 23.721449847, 38.007748138 ], [ 23.721461849, 38.007388666 ], [ 23.721424182, 38.006712615 ], [ 23.721368653, 38.005898878 ], [ 23.72132444, 38.005509167 ], [ 23.721286786, 38.005112514 ], [ 23.721211352, 38.004301991 ], [ 23.721164805, 38.00380183 ], [ 23.721092331, 38.003289244 ], [ 23.720939698, 38.002249025 ], [ 23.720856606, 38.001682736 ], [ 23.720788473, 38.00121838 ], [ 23.720730516, 38.000823381 ], [ 23.720659628, 38.000340233 ], [ 23.720610839, 38.000007711 ], [ 23.720564825, 37.999694093 ], [ 23.720557028, 37.999648463 ], [ 23.720503194, 37.999333433 ], [ 23.720455384, 37.999313736 ], [ 23.720433206, 37.999304531 ], [ 23.72030287, 37.999250431 ], [ 23.720262915, 37.999233847 ], [ 23.720262894, 37.999233695 ], [ 23.720189139, 37.998710801 ], [ 23.720158094, 37.998169958 ], [ 23.719194549, 37.998280322 ], [ 23.718768698, 37.998324368 ], [ 23.718341779, 37.998368411 ], [ 23.717608629, 37.998447768 ], [ 23.716842361, 37.998531548 ], [ 23.716341356, 37.998588924 ], [ 23.715677286, 37.998659423 ], [ 23.71539563, 37.998690287 ], [ 23.715033502, 37.998729968 ], [ 23.714972266, 37.998734326 ], [ 23.714347345, 37.998804912 ], [ 23.713633124, 37.99887921 ], [ 23.71362773, 37.998879771 ], [ 23.713946473, 37.999380759 ], [ 23.714328225, 37.999972027 ], [ 23.714458064, 38.000175131 ], [ 23.714609172, 38.000400819 ], [ 23.714893986, 38.000843138 ], [ 23.715125031, 38.001199704 ], [ 23.715554558, 38.001867693 ], [ 23.715859549, 38.002341604 ], [ 23.715005503, 38.002470223 ], [ 23.714474839, 38.002550051 ], [ 23.715083368, 38.003412252 ], [ 23.715280871, 38.00370114 ], [ 23.715492577, 38.003999076 ], [ 23.715760567, 38.004378262 ], [ 23.715893318, 38.004567852 ], [ 23.715921446, 38.004658048 ], [ 23.715200257, 38.004665317 ], [ 23.714205412, 38.004653891 ], [ 23.713503123, 38.004652182 ], [ 23.713080664, 38.004646646 ], [ 23.712504347, 38.004645238 ], [ 23.71242251, 38.004645741 ], [ 23.710208399, 38.004659323 ], [ 23.709966621, 38.004660803 ], [ 23.709880909, 38.004661328 ], [ 23.711543227, 38.005275615 ], [ 23.711611896, 38.005300989 ], [ 23.711946058, 38.005486962 ], [ 23.711955575, 38.005492259 ], [ 23.712091748, 38.005568043 ], [ 23.712366573, 38.005784145 ], [ 23.712591003, 38.005960619 ], [ 23.712752869, 38.006087897 ], [ 23.712839088, 38.006170005 ], [ 23.713945038, 38.007223204 ], [ 23.714512999, 38.00776406 ], [ 23.714826217, 38.008048724 ], [ 23.715092797, 38.008243145 ], [ 23.715167375, 38.00828839 ], [ 23.715338925, 38.008387946 ], [ 23.717064032, 38.009388025 ], [ 23.717188409, 38.009468518 ], [ 23.717524617, 38.009686099 ], [ 23.717637155, 38.009758928 ], [ 23.717789418, 38.00987646 ], [ 23.717848709, 38.009943454 ], [ 23.717868314, 38.009965607 ], [ 23.717905322, 38.010007424 ], [ 23.718021569, 38.010225892 ], [ 23.718114203, 38.010399982 ], [ 23.718199961, 38.010688837 ], [ 23.718226667, 38.01077879 ], [ 23.718270358, 38.011175458 ], [ 23.718296952, 38.011481958 ], [ 23.718322174, 38.011774934 ], [ 23.718354562, 38.012149043 ], [ 23.718387253, 38.012536673 ], [ 23.718528868, 38.013113831 ], [ 23.718770231, 38.0139526 ], [ 23.718831654, 38.014119269 ], [ 23.718950603, 38.014442027 ], [ 23.718971157, 38.014497796 ], [ 23.719005868, 38.014591981 ], [ 23.719006036, 38.014592436 ], [ 23.719032782, 38.014665008 ], [ 23.719052814, 38.014719364 ], [ 23.719274367, 38.01442165 ], [ 23.719300912, 38.01438598 ], [ 23.719665424, 38.013896154 ], [ 23.719796932, 38.013671147 ], [ 23.719810954, 38.013547646 ], [ 23.719852694, 38.013485829 ], [ 23.719753219, 38.013184351 ], [ 23.719725208, 38.0130333 ], [ 23.719797739, 38.012811464 ], [ 23.720044434, 38.012268182 ], [ 23.720290175, 38.011748087 ], [ 23.72042088, 38.011545609 ], [ 23.720548602, 38.011284541 ], [ 23.720754812, 38.010883961 ], [ 23.720917336, 38.010550873 ], [ 23.721213185, 38.009979261 ], [ 23.721441434, 38.009432201 ], [ 23.721061778, 38.009467636 ], [ 23.721353608, 38.008524024 ] ] ] } },
{ "type": "Feature", "properties": { "zone_id": 50, "year": 2020, "kwh_per_user_cap": 674.08655, "ac_share_cap": 0.86357790277024615, "kwh_pc_overall": 582.12622526371786, "kwh_cap": 4684757.6796875 }, "geometry": { "type": "Polygon", "coordinates": [ [ [ 23.73840469, 37.966905953 ], [ 23.73840975, 37.966906885 ], [ 23.738421917, 37.966909127 ], [ 23.73842856, 37.966910351 ], [ 23.738534703, 37.966775394 ], [ 23.738611888, 37.966780072 ], [ 23.739021233, 37.966821538 ], [ 23.739164252, 37.966821856 ], [ 23.739379144, 37.966824722 ], [ 23.739569455, 37.96682726 ], [ 23.739946734, 37.966882171 ], [ 23.740324013, 37.966937082 ], [ 23.740602556, 37.966843061 ], [ 23.740625589, 37.966834641 ], [ 23.740997476, 37.966698679 ], [ 23.741001425, 37.966697236 ], [ 23.741068146, 37.966672842 ], [ 23.741176751, 37.966646043 ], [ 23.742031247, 37.967072175 ], [ 23.742892383, 37.967500732 ], [ 23.742921261, 37.967515104 ], [ 23.743212419, 37.967656966 ], [ 23.743212447, 37.967656979 ], [ 23.743827655, 37.967958713 ], [ 23.743881637, 37.967985869 ], [ 23.744021062, 37.968022463 ], [ 23.744190032, 37.96806681 ], [ 23.744297163, 37.968094927 ], [ 23.744414536, 37.968104195 ], [ 23.744391989, 37.967937408 ], [ 23.744388865, 37.967914869 ], [ 23.744840927, 37.967438168 ], [ 23.745357919, 37.966907528 ], [ 23.745793186, 37.966448812 ], [ 23.746300469, 37.965913631 ], [ 23.746358088, 37.965853878 ], [ 23.746271692, 37.965800848 ], [ 23.746191178, 37.965667392 ], [ 23.746191475, 37.96557626 ], [ 23.746192009, 37.965413191 ], [ 23.745504625, 37.965015139 ], [ 23.745493374, 37.965008789 ], [ 23.745345216, 37.964925174 ], [ 23.745207146, 37.964847252 ], [ 23.745066621, 37.964767631 ], [ 23.744473515, 37.964431573 ], [ 23.744473294, 37.964431447 ], [ 23.744473264, 37.964431429 ], [ 23.744243438, 37.964300386 ], [ 23.743865969, 37.964084706 ], [ 23.743843823, 37.964072052 ], [ 23.74350578, 37.963878897 ], [ 23.743442629, 37.963842812 ], [ 23.743420072, 37.963829923 ], [ 23.742455069, 37.963273522 ], [ 23.742425016, 37.963256496 ], [ 23.741895864, 37.962956712 ], [ 23.741608634, 37.962793983 ], [ 23.741602039, 37.962801412 ], [ 23.740977882, 37.963504614 ], [ 23.740206234, 37.963912999 ], [ 23.739575729, 37.964245082 ], [ 23.738962696, 37.964563681 ], [ 23.738702373, 37.965139928 ], [ 23.738458984, 37.965299134 ], [ 23.738429578, 37.965318369 ], [ 23.738419467, 37.965324982 ], [ 23.737947113, 37.965633956 ], [ 23.737876243, 37.96577411 ], [ 23.737875736, 37.965775112 ], [ 23.737869724, 37.965787003 ], [ 23.737867105, 37.965823049 ], [ 23.737400614, 37.965646257 ], [ 23.736974974, 37.965487581 ], [ 23.736483973, 37.965301718 ], [ 23.73595289, 37.965098074 ], [ 23.735951911, 37.965097698 ], [ 23.735904306, 37.965079444 ], [ 23.735955515, 37.964992768 ], [ 23.735956924, 37.964962002 ], [ 23.735930922, 37.964934868 ], [ 23.73540138, 37.964723897 ], [ 23.735108237, 37.964607108 ], [ 23.734877779, 37.964515291 ], [ 23.7343171, 37.964291908 ], [ 23.734037339, 37.964723894 ], [ 23.733778936, 37.965151422 ], [ 23.733497325, 37.965601429 ], [ 23.733349919, 37.965830923 ], [ 23.733301599, 37.965911929 ], [ 23.733243134, 37.966141625 ], [ 23.733247397, 37.966339919 ], [ 23.733254624, 37.966407532 ], [ 23.733398022, 37.966696269 ], [ 23.733496045, 37.966939839 ], [ 23.733461308, 37.96700285 ], [ 23.733493761, 37.967079533 ], [ 23.733492403, 37.967115799 ], [ 23.733615767, 37.967131166 ], [ 23.73390506, 37.967172122 ], [ 23.734197761, 37.967198293 ], [ 23.734435883, 37.967266428 ], [ 23.734569119, 37.967316299 ], [ 23.734825894, 37.967534608 ], [ 23.735058121, 37.967671003 ], [ 23.735307947, 37.967767136 ], [ 23.735781954, 37.967810806 ], [ 23.736091692, 37.967829925 ], [ 23.736318458, 37.96786728 ], [ 23.736572987, 37.967914873 ], [ 23.736825652, 37.967985864 ], [ 23.7373327, 37.968145899 ], [ 23.737491009, 37.968210733 ], [ 23.737557024, 37.968262239 ], [ 23.73759773, 37.968179189 ], [ 23.737603923, 37.968166554 ], [ 23.737721885, 37.967925886 ], [ 23.737974956, 37.967409557 ], [ 23.738215806, 37.966904711 ], [ 23.738218263, 37.96689956 ], [ 23.738230524, 37.966873859 ], [ 23.73840469, 37.966905953 ] ] ] } },
{ "type": "Feature", "properties": { "zone_id": 51, "year": 2020, "kwh_per_user_cap": 703.68378, "ac_share_cap": 0.82200133783904017, "kwh_pc_overall": 578.4290169578934, "kwh_cap": 1485547.171875 }, "geometry": { "type": "Polygon", "coordinates": [ [ [ 23.748196873, 37.996041247 ], [ 23.748307994, 37.995997743 ], [ 23.748284832, 37.995955145 ], [ 23.748257521, 37.995904913 ], [ 23.74811631, 37.995645194 ], [ 23.748060835, 37.995543162 ], [ 23.748041948, 37.995508423 ], [ 23.747785575, 37.995135791 ], [ 23.747385193, 37.995324947 ], [ 23.747333154, 37.995347368 ], [ 23.746724555, 37.995449706 ], [ 23.746613741, 37.995467798 ], [ 23.7465766, 37.995473862 ], [ 23.746269014, 37.995133275 ], [ 23.745969347, 37.994821685 ], [ 23.745874292, 37.994726845 ], [ 23.745551803, 37.994428724 ], [ 23.745115448, 37.994022201 ], [ 23.744998376, 37.993913793 ], [ 23.744942256, 37.993859232 ], [ 23.744751282, 37.993673562 ], [ 23.744710354, 37.993633771 ], [ 23.744292808, 37.993245311 ], [ 23.744024663, 37.993289792 ], [ 23.743425082, 37.99336883 ], [ 23.742946319, 37.993431939 ], [ 23.742819353, 37.993408958 ], [ 23.74219068, 37.993153306 ], [ 23.741080959, 37.992702021 ], [ 23.741079892, 37.992672388 ], [ 23.741078689, 37.992638926 ], [ 23.740866412, 37.992584381 ], [ 23.740531463, 37.992498021 ], [ 23.740259335, 37.992389308 ], [ 23.740259232, 37.992389266 ], [ 23.740334557, 37.992486942 ], [ 23.740339174, 37.99249293 ], [ 23.740339298, 37.99249309 ], [ 23.740352057, 37.992531598 ], [ 23.740394586, 37.99265995 ], [ 23.740099248, 37.99274492 ], [ 23.739803702, 37.992892972 ], [ 23.739876211, 37.993010273 ], [ 23.739876231, 37.993010306 ], [ 23.739972869, 37.993235648 ], [ 23.739972952, 37.993235841 ], [ 23.740009037, 37.993398152 ], [ 23.740021245, 37.993569423 ], [ 23.740003328, 37.993704576 ], [ 23.739972987, 37.993830688 ], [ 23.739906913, 37.99399728 ], [ 23.739780225, 37.994195282 ], [ 23.739617733, 37.994352647 ], [ 23.7394125, 37.99451893 ], [ 23.739159379, 37.994640042 ], [ 23.73894238, 37.994711664 ], [ 23.738725459, 37.994760753 ], [ 23.738513277, 37.994778307 ], [ 23.738284416, 37.994782304 ], [ 23.737847915, 37.994727255 ], [ 23.737713335, 37.994740474 ], [ 23.737641863, 37.994722289 ], [ 23.736615557, 37.994886733 ], [ 23.736428088, 37.99491739 ], [ 23.736108439, 37.994969778 ], [ 23.735769225, 37.99502625 ], [ 23.735768448, 37.995026379 ], [ 23.735699269, 37.995037896 ], [ 23.735699474, 37.995037937 ], [ 23.735777734, 37.995053589 ], [ 23.735798085, 37.995057659 ], [ 23.735995526, 37.995097145 ], [ 23.736508385, 37.995197436 ], [ 23.737335641, 37.995361517 ], [ 23.737835675, 37.995466281 ], [ 23.73799614, 37.995480158 ], [ 23.738280269, 37.995548386 ], [ 23.739508211, 37.995835017 ], [ 23.740186418, 37.995980722 ], [ 23.740810205, 37.996117291 ], [ 23.741555994, 37.996276657 ], [ 23.74209092, 37.996381479 ], [ 23.742151084, 37.996377104 ], [ 23.742513369, 37.996386911 ], [ 23.742807755, 37.996374036 ], [ 23.743473611, 37.996307172 ], [ 23.743820138, 37.996321596 ], [ 23.744146871, 37.996357908 ], [ 23.744295498, 37.996371833 ], [ 23.745052206, 37.996563356 ], [ 23.745198996, 37.996610517 ], [ 23.745351415, 37.99668692 ], [ 23.74569309, 37.996814337 ], [ 23.745840552, 37.99690651 ], [ 23.745942503, 37.996901149 ], [ 23.746327638, 37.996775889 ], [ 23.746508074, 37.99670124 ], [ 23.746655072, 37.996632372 ], [ 23.747240513, 37.99641519 ], [ 23.747676734, 37.996244883 ], [ 23.748196873, 37.996041247 ] ] ] } },
{ "type": "Feature", "properties": { "zone_id": 52, "year": 2020, "kwh_per_user_cap": 749.37097, "ac_share_cap": 0.87285977499657807, "kwh_pc_overall": 654.09576561296376, "kwh_cap": 7038332.3779296875 }, "geometry": { "type": "Polygon", "coordinates": [ [ [ 23.734861688, 37.977965669 ], [ 23.735512744, 37.977201041 ], [ 23.735787547, 37.976872689 ], [ 23.735615767, 37.976056638 ], [ 23.735628, 37.975918914 ], [ 23.735449525, 37.974992504 ], [ 23.735411678, 37.974893353 ], [ 23.735378933, 37.9748635 ], [ 23.735373807, 37.974858827 ], [ 23.735361886, 37.974801108 ], [ 23.735366398, 37.974800478 ], [ 23.735450726, 37.974788715 ], [ 23.735310481, 37.973993525 ], [ 23.735158951, 37.973583898 ], [ 23.735082196, 37.973409709 ], [ 23.734816047, 37.973086135 ], [ 23.734124157, 37.972318901 ], [ 23.733931587, 37.972076235 ], [ 23.733876644, 37.971987912 ], [ 23.732898272, 37.970875658 ], [ 23.732855338, 37.970826848 ], [ 23.732614749, 37.970634491 ], [ 23.732354005, 37.9705164 ], [ 23.732044628, 37.970428702 ], [ 23.731806706, 37.970265705 ], [ 23.731732356, 37.970157088 ], [ 23.731701871, 37.970053643 ], [ 23.731692482, 37.969936441 ], [ 23.731699564, 37.969692082 ], [ 23.731575084, 37.969676824 ], [ 23.731563144, 37.96967536 ], [ 23.73153556, 37.969672426 ], [ 23.731499932, 37.969668637 ], [ 23.731482699, 37.969666804 ], [ 23.731216744, 37.969638517 ], [ 23.730748006, 37.969587875 ], [ 23.730630166, 37.969577425 ], [ 23.730591512, 37.969573997 ], [ 23.73000291, 37.969514064 ], [ 23.729921113, 37.969504863 ], [ 23.729679653, 37.969472764 ], [ 23.72939584, 37.969445072 ], [ 23.729359345, 37.969542933 ], [ 23.72935823, 37.969545921 ], [ 23.729308525, 37.969679206 ], [ 23.729307483, 37.969682901 ], [ 23.729306975, 37.9696847 ], [ 23.729162365, 37.970197329 ], [ 23.729158543, 37.97021687 ], [ 23.729157163, 37.970223924 ], [ 23.729112967, 37.970449904 ], [ 23.728991551, 37.970798973 ], [ 23.728985659, 37.970815912 ], [ 23.728987851, 37.970824416 ], [ 23.72902705, 37.970976479 ], [ 23.728951538, 37.971070874 ], [ 23.728951439, 37.971097912 ], [ 23.728957882, 37.971377326 ], [ 23.728921493, 37.971598058 ], [ 23.728839411, 37.971859242 ], [ 23.728772364, 37.971998787 ], [ 23.728768328, 37.972060922 ], [ 23.728764972, 37.972112593 ], [ 23.728764451, 37.972120622 ], [ 23.728764329, 37.97212249 ], [ 23.728766513, 37.972138473 ], [ 23.728738763, 37.9722407 ], [ 23.728679627, 37.972357029 ], [ 23.728587181, 37.972490639 ], [ 23.728491442, 37.972590827 ], [ 23.728436914, 37.972640357 ], [ 23.728251588, 37.972759999 ], [ 23.728279701, 37.972794929 ], [ 23.728288294, 37.972805606 ], [ 23.728304687, 37.972825974 ], [ 23.728096931, 37.972903021 ], [ 23.727931413, 37.972953388 ], [ 23.727707088, 37.973015622 ], [ 23.727702036, 37.973017024 ], [ 23.727693262, 37.973019458 ], [ 23.72750498, 37.97306839 ], [ 23.727504709, 37.973067753 ], [ 23.727481453, 37.973012963 ], [ 23.72746477, 37.972973662 ], [ 23.727416837, 37.972946512 ], [ 23.727383712, 37.972936411 ], [ 23.727267925, 37.972901102 ], [ 23.72726587, 37.972901493 ], [ 23.727092001, 37.972934558 ], [ 23.727060521, 37.972939789 ], [ 23.726998759, 37.972950049 ], [ 23.72693402, 37.972958177 ], [ 23.726893037, 37.972963323 ], [ 23.726839704, 37.972996443 ], [ 23.726658923, 37.972984678 ], [ 23.726572575, 37.972987852 ], [ 23.726342589, 37.972870609 ], [ 23.726083036, 37.972816905 ], [ 23.725876719, 37.972799563 ], [ 23.725873619, 37.972799302 ], [ 23.725844928, 37.97279689 ], [ 23.7255393, 37.972807729 ], [ 23.725219079, 37.972752842 ], [ 23.725219094, 37.972753626 ], [ 23.725220466, 37.972826861 ], [ 23.725220507, 37.972829062 ], [ 23.725223989, 37.973014957 ], [ 23.72522404, 37.973040117 ], [ 23.725224065, 37.973052564 ], [ 23.725224668, 37.973351498 ], [ 23.725221622, 37.973351385 ], [ 23.725094462, 37.973346687 ], [ 23.725053673, 37.973345997 ], [ 23.725033806, 37.973345357 ], [ 23.724718482, 37.973335213 ], [ 23.723401775, 37.973288642 ], [ 23.723400449, 37.973289112 ], [ 23.722159552, 37.973729324 ], [ 23.721597222, 37.973928806 ], [ 23.72062439, 37.974643496 ], [ 23.720529546, 37.974713173 ], [ 23.720443419, 37.974776445 ], [ 23.720443257, 37.974776565 ], [ 23.720435486, 37.974782273 ], [ 23.720453116, 37.974822498 ], [ 23.720935702, 37.975923588 ], [ 23.720939564, 37.975937117 ], [ 23.720943444, 37.975946139 ], [ 23.720948391, 37.975955163 ], [ 23.720953322, 37.975968694 ], [ 23.720958607, 37.975982226 ], [ 23.720969925, 37.976000279 ], [ 23.720991545, 37.976022862 ], [ 23.721012486, 37.976036431 ], [ 23.721030599, 37.976045487 ], [ 23.721060113, 37.976050063 ], [ 23.721075735, 37.976059113 ], [ 23.721085308, 37.976068149 ], [ 23.721089188, 37.976077171 ], [ 23.721066094, 37.976221957 ], [ 23.72106404, 37.976234836 ], [ 23.721063505, 37.976236092 ], [ 23.721033282, 37.97630693 ], [ 23.721025627, 37.976324874 ], [ 23.721011399, 37.976343033 ], [ 23.721002125, 37.97635487 ], [ 23.72100081, 37.976356651 ], [ 23.720966898, 37.976423876 ], [ 23.721070046, 37.976433812 ], [ 23.721302667, 37.976456217 ], [ 23.721430758, 37.976596359 ], [ 23.721463175, 37.976631825 ], [ 23.721463745, 37.976632449 ], [ 23.721523683, 37.976698025 ], [ 23.721537368, 37.976712997 ], [ 23.721537956, 37.976713641 ], [ 23.721839663, 37.976530895 ], [ 23.721841808, 37.976529596 ], [ 23.721865715, 37.976556562 ], [ 23.721873041, 37.976564825 ], [ 23.722041993, 37.976755391 ], [ 23.72235773, 37.977061726 ], [ 23.722358529, 37.977062502 ], [ 23.722391197, 37.977094198 ], [ 23.722400568, 37.977140855 ], [ 23.722402035, 37.977148159 ], [ 23.722415646, 37.977215929 ], [ 23.722412958, 37.977216284 ], [ 23.722179621, 37.977246917 ], [ 23.722179676, 37.977247181 ], [ 23.722180526, 37.97725127 ], [ 23.722180708, 37.977252147 ], [ 23.722197332, 37.97733217 ], [ 23.722623901, 37.977637841 ], [ 23.722050755, 37.978111848 ], [ 23.722447393, 37.978329093 ], [ 23.721985494, 37.978636506 ], [ 23.721975093, 37.978643428 ], [ 23.721974422, 37.978642903 ], [ 23.721467408, 37.978245661 ], [ 23.721466215, 37.97824742 ], [ 23.721131771, 37.978740573 ], [ 23.721811726, 37.9793145 ], [ 23.721722802, 37.979399912 ], [ 23.721566862, 37.979611345 ], [ 23.721542799, 37.979669871 ], [ 23.721525905, 37.979714896 ], [ 23.721232608, 37.980115273 ], [ 23.720741456, 37.980799086 ], [ 23.72070908, 37.980844063 ], [ 23.720709209, 37.98084412 ], [ 23.721807206, 37.981331877 ], [ 23.722516723, 37.981647052 ], [ 23.722962568, 37.981845097 ], [ 23.724951678, 37.982719731 ], [ 23.725715874, 37.983050485 ], [ 23.725801838, 37.983091243 ], [ 23.726592307, 37.983440078 ], [ 23.727361806, 37.983784352 ], [ 23.727617822, 37.98390325 ], [ 23.728073715, 37.98411497 ], [ 23.728152389, 37.98410313 ], [ 23.728181395, 37.984098765 ], [ 23.728226729, 37.984091943 ], [ 23.728295976, 37.984081522 ], [ 23.72847593, 37.984054441 ], [ 23.728502345, 37.984050466 ], [ 23.728781543, 37.984008449 ], [ 23.729350167, 37.983919631 ], [ 23.729490456, 37.983897847 ], [ 23.729979317, 37.983821935 ], [ 23.730473517, 37.983240167 ], [ 23.73104324, 37.982569477 ], [ 23.731320165, 37.982243473 ], [ 23.731515953, 37.982012981 ], [ 23.731957532, 37.981493126 ], [ 23.732294313, 37.981096641 ], [ 23.732715616, 37.980600641 ], [ 23.732944884, 37.980330719 ], [ 23.733215416, 37.980012217 ], [ 23.733800382, 37.97932351 ], [ 23.734347325, 37.978679554 ], [ 23.734854151, 37.978082819 ], [ 23.734861688, 37.977965669 ] ] ] } },
{ "type": "Feature", "properties": { "zone_id": 53, "year": 2020, "kwh_per_user_cap": 475.17535, "ac_share_cap": 0.98000003548641101, "kwh_pc_overall": 465.67184112698425, "kwh_cap": 522610.9140625 }, "geometry": { "type": "Polygon", "coordinates": [ [ [ 23.7456293, 37.973790946 ], [ 23.744189918, 37.97283484 ], [ 23.744148768, 37.972839196 ], [ 23.743683504, 37.972888443 ], [ 23.743500206, 37.972906069 ], [ 23.742613245, 37.972994261 ], [ 23.742792848, 37.974035641 ], [ 23.74297233, 37.975113071 ], [ 23.74300492, 37.975313292 ], [ 23.743006616, 37.975323712 ], [ 23.743006817, 37.975324949 ], [ 23.743122131, 37.975316188 ], [ 23.743433909, 37.975393478 ], [ 23.74436892, 37.975616329 ], [ 23.745783355, 37.975949587 ], [ 23.745797417, 37.9759529 ], [ 23.745808377, 37.975923343 ], [ 23.745817985, 37.975897432 ], [ 23.746393354, 37.974345708 ], [ 23.7456293, 37.973790946 ] ] ] } },
{ "type": "Feature", "properties": { "zone_id": 1, "year": 2030, "kwh_per_user_cap": 820.62939, "ac_share_cap": 0.89097367634378288, "kwh_pc_overall": 731.15918337083338, "kwh_cap": 1906133.44140625 }, "geometry": { "type": "Polygon", "coordinates": [ [ [ 23.737190263, 37.960382261 ], [ 23.737164068, 37.960445292 ], [ 23.736979577, 37.960771048 ], [ 23.736816343, 37.960726894 ], [ 23.736780885, 37.96075908 ], [ 23.736577676, 37.96094354 ], [ 23.736430924, 37.961062695 ], [ 23.736372336, 37.961110266 ], [ 23.736354759, 37.96114548 ], [ 23.735632658, 37.961721692 ], [ 23.735251754, 37.961991222 ], [ 23.735233077, 37.962040751 ], [ 23.735037465, 37.9625225 ], [ 23.734848996, 37.962995252 ], [ 23.734678847, 37.963418474 ], [ 23.734505106, 37.963850701 ], [ 23.734342133, 37.964255913 ], [ 23.7343171, 37.964291908 ], [ 23.734877779, 37.964515291 ], [ 23.735108237, 37.964607108 ], [ 23.73540138, 37.964723897 ], [ 23.735930922, 37.964934868 ], [ 23.735956924, 37.964962002 ], [ 23.735955515, 37.964992768 ], [ 23.735904306, 37.965079444 ], [ 23.735951911, 37.965097698 ], [ 23.73595289, 37.965098074 ], [ 23.736483973, 37.965301718 ], [ 23.736974974, 37.965487581 ], [ 23.737400614, 37.965646257 ], [ 23.737867105, 37.965823049 ], [ 23.737869724, 37.965787003 ], [ 23.737875736, 37.965775112 ], [ 23.737876243, 37.96577411 ], [ 23.737947113, 37.965633956 ], [ 23.738419467, 37.965324982 ], [ 23.738429578, 37.965318369 ], [ 23.738458984, 37.965299134 ], [ 23.738702373, 37.965139928 ], [ 23.738962696, 37.964563681 ], [ 23.739575729, 37.964245082 ], [ 23.740206234, 37.963912999 ], [ 23.740977882, 37.963504614 ], [ 23.741602039, 37.962801412 ], [ 23.741608634, 37.962793983 ], [ 23.740660359, 37.962277021 ], [ 23.740111248, 37.96197766 ], [ 23.740015086, 37.961925235 ], [ 23.739995601, 37.961914391 ], [ 23.739794842, 37.96180266 ], [ 23.739462275, 37.961617574 ], [ 23.739444168, 37.961606516 ], [ 23.73936262, 37.961556716 ], [ 23.739305857, 37.961522051 ], [ 23.739136404, 37.961418568 ], [ 23.737478704, 37.960500072 ], [ 23.737190263, 37.960382261 ] ] ] } },
{ "type": "Feature", "properties": { "zone_id": 2, "year": 2030, "kwh_per_user_cap": 610.56494, "ac_share_cap": 0.63093691969268495, "kwh_pc_overall": 385.22796719912708, "kwh_cap": 6771883.26953125 }, "geometry": { "type": "Polygon", "coordinates": [ [ [ 23.729190879, 38.014761173 ], [ 23.729203505, 38.014716138 ], [ 23.729214318, 38.014680111 ], [ 23.729086568, 38.013891196 ], [ 23.729060407, 38.013841566 ], [ 23.729039908, 38.013800961 ], [ 23.728930582, 38.013133761 ], [ 23.728803398, 38.012402578 ], [ 23.728811723, 38.012259625 ], [ 23.728813038, 38.012237062 ], [ 23.728776483, 38.012238489 ], [ 23.728692312, 38.012241772 ], [ 23.728516519, 38.012257836 ], [ 23.728626346, 38.012374727 ], [ 23.728557552, 38.012889142 ], [ 23.728468993, 38.013772606 ], [ 23.72840634, 38.014736831 ], [ 23.728052733, 38.014763053 ], [ 23.727397206, 38.014797586 ], [ 23.726961024, 38.014819106 ], [ 23.726409107, 38.014849368 ], [ 23.726337891, 38.014853709 ], [ 23.726248875, 38.014858008 ], [ 23.725660646, 38.014888182 ], [ 23.725232294, 38.014909714 ], [ 23.724764782, 38.014931153 ], [ 23.724268078, 38.014952521 ], [ 23.723694105, 38.014978213 ], [ 23.72361148, 38.014987031 ], [ 23.722653891, 38.014971258 ], [ 23.722142692, 38.014965544 ], [ 23.722005971, 38.014969728 ], [ 23.720500856, 38.014952641 ], [ 23.719519061, 38.014936784 ], [ 23.719412617, 38.01493653 ], [ 23.719224189, 38.014963119 ], [ 23.719173603, 38.014972011 ], [ 23.719490179, 38.015509028 ], [ 23.719945482, 38.01607792 ], [ 23.720179961, 38.016327045 ], [ 23.720821234, 38.016949726 ], [ 23.720902232, 38.017026067 ], [ 23.720921908, 38.017044611 ], [ 23.722635628, 38.018217753 ], [ 23.723481033, 38.01895943 ], [ 23.723508888, 38.018983968 ], [ 23.723650331, 38.019146531 ], [ 23.723703344, 38.019220139 ], [ 23.724121744, 38.019801066 ], [ 23.724159976, 38.019859739 ], [ 23.724956881, 38.020113964 ], [ 23.725110585, 38.020185228 ], [ 23.725298788, 38.020272487 ], [ 23.725444407, 38.020395273 ], [ 23.725459564, 38.020408054 ], [ 23.725573327, 38.020548018 ], [ 23.725717796, 38.020760156 ], [ 23.726466106, 38.021795915 ], [ 23.726466145, 38.021795967 ], [ 23.726616079, 38.022001508 ], [ 23.726708992, 38.02209879 ], [ 23.72704482, 38.022462156 ], [ 23.7281016, 38.022928763 ], [ 23.728290613, 38.023037354 ], [ 23.728418751, 38.023240438 ], [ 23.728706106, 38.024101823 ], [ 23.728907989, 38.024548444 ], [ 23.730301319, 38.025565249 ], [ 23.730905738, 38.025959006 ], [ 23.731017776, 38.025977754 ], [ 23.73124423, 38.025991325 ], [ 23.731304644, 38.026023008 ], [ 23.73129526, 38.025978103 ], [ 23.731292395, 38.025964396 ], [ 23.731370838, 38.025929925 ], [ 23.731481211, 38.025859222 ], [ 23.73166743, 38.025739933 ], [ 23.731832578, 38.025618103 ], [ 23.731973702, 38.025513994 ], [ 23.731984102, 38.025506323 ], [ 23.731988879, 38.025503097 ], [ 23.732003462, 38.025493247 ], [ 23.732057734, 38.02545659 ], [ 23.732104984, 38.025424676 ], [ 23.732163148, 38.025385391 ], [ 23.732237695, 38.025335039 ], [ 23.732343173, 38.025263795 ], [ 23.73302752, 38.024769647 ], [ 23.733244196, 38.024616922 ], [ 23.733492641, 38.024441736 ], [ 23.733552165, 38.024423845 ], [ 23.73402288, 38.024222123 ], [ 23.734522463, 38.024011451 ], [ 23.734818434, 38.02388594 ], [ 23.735065546, 38.023782849 ], [ 23.735456011, 38.023616992 ], [ 23.735496561, 38.023595739 ], [ 23.735570966, 38.023556584 ], [ 23.735658998, 38.023510256 ], [ 23.735673658, 38.023502541 ], [ 23.735695746, 38.023490917 ], [ 23.735692881, 38.02348919 ], [ 23.735311258, 38.023259205 ], [ 23.7349277, 38.023007438 ], [ 23.734777809, 38.02290796 ], [ 23.733588226, 38.022134677 ], [ 23.73344656, 38.022026202 ], [ 23.733162259, 38.021782212 ], [ 23.732881263, 38.02151119 ], [ 23.732476442, 38.021023578 ], [ 23.732314869, 38.020712269 ], [ 23.732036173, 38.020202411 ], [ 23.73197774, 38.020116656 ], [ 23.731910458, 38.020017362 ], [ 23.731904437, 38.020008336 ], [ 23.731682254, 38.019604674 ], [ 23.731453197, 38.019367397 ], [ 23.731201613, 38.018943221 ], [ 23.730687227, 38.018049776 ], [ 23.730655499, 38.017964082 ], [ 23.730153909, 38.017079678 ], [ 23.729754116, 38.016398293 ], [ 23.729690721, 38.016308019 ], [ 23.729627344, 38.016213239 ], [ 23.729339561, 38.015473527 ], [ 23.729205077, 38.014869359 ], [ 23.729190879, 38.014761173 ] ] ] } },
{ "type": "Feature", "properties": { "zone_id": 3, "year": 2030, "kwh_per_user_cap": 892.14752, "ac_share_cap": 0.37643825929232821, "kwh_pc_overall": 335.83847031505991, "kwh_cap": 6505471.0234375 }, "geometry": { "type": "Polygon", "coordinates": [ [ [ 23.721780841, 37.981369359 ], [ 23.721417029, 37.981877724 ], [ 23.720884028, 37.982615515 ], [ 23.720505157, 37.98315088 ], [ 23.720355947, 37.983366834 ], [ 23.71984221, 37.98408664 ], [ 23.71930772, 37.984833432 ], [ 23.719288314, 37.984928135 ], [ 23.719287414, 37.984932525 ], [ 23.719270208, 37.985058664 ], [ 23.719249816, 37.985180289 ], [ 23.718785547, 37.985892875 ], [ 23.718428784, 37.986368331 ], [ 23.718166521, 37.986741347 ], [ 23.717995225, 37.986942126 ], [ 23.717995463, 37.986942339 ], [ 23.718042337, 37.986984193 ], [ 23.7182148, 37.987053863 ], [ 23.718253208, 37.987106572 ], [ 23.718309152, 37.987183344 ], [ 23.71842391, 37.987254627 ], [ 23.718867951, 37.987622315 ], [ 23.719290228, 37.987649906 ], [ 23.720005763, 37.987719154 ], [ 23.720006002, 37.987719177 ], [ 23.720006334, 37.987719209 ], [ 23.720033799, 37.987803925 ], [ 23.719998236, 37.987860475 ], [ 23.719884658, 37.988041078 ], [ 23.719839962, 37.988295201 ], [ 23.719866703, 37.988419927 ], [ 23.72007757, 37.989403459 ], [ 23.720180323, 37.989882706 ], [ 23.720295593, 37.990360661 ], [ 23.720322568, 37.990473386 ], [ 23.720308558, 37.990503332 ], [ 23.72027413, 37.990576918 ], [ 23.720302027, 37.990703229 ], [ 23.720325911, 37.990811375 ], [ 23.720407149, 37.9909738 ], [ 23.720452682, 37.991073049 ], [ 23.720674129, 37.991519711 ], [ 23.720823664, 37.991742964 ], [ 23.720991568, 37.991993638 ], [ 23.721037797, 37.992097396 ], [ 23.721023525, 37.99220101 ], [ 23.721034061, 37.992278158 ], [ 23.721034676, 37.99227813 ], [ 23.721218339, 37.992269588 ], [ 23.721321165, 37.992264805 ], [ 23.721345509, 37.992263673 ], [ 23.721443733, 37.992259105 ], [ 23.721556237, 37.992253871 ], [ 23.72187432, 37.992239076 ], [ 23.722298626, 37.992217546 ], [ 23.723105259, 37.992169877 ], [ 23.723333944, 37.992116338 ], [ 23.724330196, 37.992087133 ], [ 23.725073427, 37.992052821 ], [ 23.726044477, 37.992005516 ], [ 23.726943263, 37.991962542 ], [ 23.726943306, 37.991962541 ], [ 23.726943951, 37.991962525 ], [ 23.726946355, 37.991962466 ], [ 23.726950648, 37.991962361 ], [ 23.727111259, 37.991958425 ], [ 23.727911069, 37.991829592 ], [ 23.728644985, 37.99171412 ], [ 23.729059471, 37.991651986 ], [ 23.729845021, 37.991527613 ], [ 23.729757338, 37.991175911 ], [ 23.7295083, 37.990183925 ], [ 23.729343843, 37.989516596 ], [ 23.729181133, 37.988858284 ], [ 23.729114073, 37.988804053 ], [ 23.729058401, 37.988556071 ], [ 23.729058461, 37.988555873 ], [ 23.729084339, 37.988470509 ], [ 23.72902087, 37.988213496 ], [ 23.728915022, 37.987771623 ], [ 23.728914524, 37.987769629 ], [ 23.728784207, 37.987248576 ], [ 23.728642835, 37.98669396 ], [ 23.72850499, 37.986148364 ], [ 23.728365416, 37.985589245 ], [ 23.728224505, 37.985027294 ], [ 23.728224094, 37.985025614 ], [ 23.728125232, 37.984611034 ], [ 23.728079936, 37.984421092 ], [ 23.728066037, 37.984362805 ], [ 23.728099165, 37.984360058 ], [ 23.728098239, 37.984351146 ], [ 23.728073715, 37.98411497 ], [ 23.727617822, 37.98390325 ], [ 23.727361806, 37.983784352 ], [ 23.726592307, 37.983440078 ], [ 23.725801838, 37.983091243 ], [ 23.725715874, 37.983050485 ], [ 23.724951678, 37.982719731 ], [ 23.722962568, 37.981845097 ], [ 23.722516723, 37.981647052 ], [ 23.721807206, 37.981331877 ], [ 23.721780841, 37.981369359 ] ] ] } },
{ "type": "Feature", "properties": { "zone_id": 4, "year": 2030, "kwh_per_user_cap": 923.15625, "ac_share_cap": 0.40065747636979154, "kwh_pc_overall": 369.86944791137961, "kwh_cap": 5254269.8486328125 }, "geometry": { "type": "Polygon", "coordinates": [ [ [ 23.713947562, 37.992679743 ], [ 23.713118709, 37.992312681 ], [ 23.712596785, 37.992086086 ], [ 23.712563864, 37.992072058 ], [ 23.71207556, 37.991863997 ], [ 23.712078846, 37.991859061 ], [ 23.712104, 37.991821275 ], [ 23.712288207, 37.991544561 ], [ 23.712530532, 37.991189147 ], [ 23.712856247, 37.990712262 ], [ 23.71306397, 37.990409265 ], [ 23.713268219, 37.990109406 ], [ 23.713437193, 37.989852952 ], [ 23.713509874, 37.989740469 ], [ 23.713776421, 37.989376097 ], [ 23.713928255, 37.989163424 ], [ 23.714011135, 37.989052206 ], [ 23.714145288, 37.988872275 ], [ 23.714300202, 37.98866085 ], [ 23.714446522, 37.988462922 ], [ 23.714810007, 37.987968098 ], [ 23.71487258, 37.98789164 ], [ 23.715108387, 37.987558736 ], [ 23.715364954, 37.987194337 ], [ 23.715668752, 37.986762455 ], [ 23.715076202, 37.986495142 ], [ 23.714253009, 37.98612769 ], [ 23.713895007, 37.985965024 ], [ 23.713332664, 37.985711295 ], [ 23.713013537, 37.98614764 ], [ 23.71258509, 37.98596183 ], [ 23.711993623, 37.985694504 ], [ 23.711697038, 37.985824464 ], [ 23.711340561, 37.985981315 ], [ 23.711135162, 37.986088965 ], [ 23.711041021, 37.986138304 ], [ 23.710198438, 37.986474213 ], [ 23.709618848, 37.986716131 ], [ 23.709042119, 37.987043674 ], [ 23.708977121, 37.987102097 ], [ 23.70869385, 37.987371781 ], [ 23.70820832, 37.987852765 ], [ 23.707812142, 37.988234827 ], [ 23.707499201, 37.98853598 ], [ 23.706754804, 37.988065459 ], [ 23.70629751, 37.988383086 ], [ 23.706366784, 37.988450768 ], [ 23.707276101, 37.989339186 ], [ 23.707322473, 37.989384492 ], [ 23.70762078, 37.989694912 ], [ 23.707757398, 37.989834471 ], [ 23.708074754, 37.989981182 ], [ 23.707299392, 37.990231789 ], [ 23.707125328, 37.990288047 ], [ 23.707166459, 37.990306343 ], [ 23.707177315, 37.990311173 ], [ 23.707502256, 37.990455723 ], [ 23.707529592, 37.990468349 ], [ 23.707806336, 37.990596178 ], [ 23.707414687, 37.991075789 ], [ 23.707256185, 37.991173266 ], [ 23.707249434, 37.991160816 ], [ 23.707191681, 37.991054304 ], [ 23.707041819, 37.991279219 ], [ 23.707014818, 37.991319742 ], [ 23.707003393, 37.991328727 ], [ 23.706988192, 37.991351713 ], [ 23.706878436, 37.991517685 ], [ 23.706647756, 37.991891143 ], [ 23.706416719, 37.992264599 ], [ 23.706268819, 37.992494057 ], [ 23.706068956, 37.992813514 ], [ 23.705968392, 37.992974251 ], [ 23.70593404, 37.993029157 ], [ 23.705904545, 37.9930763 ], [ 23.70586909, 37.99313297 ], [ 23.705799428, 37.993105612 ], [ 23.705740869, 37.993082615 ], [ 23.705669486, 37.993054582 ], [ 23.705384053, 37.992942486 ], [ 23.704899017, 37.992752001 ], [ 23.704881669, 37.992729425 ], [ 23.704759938, 37.992999505 ], [ 23.704638224, 37.993265078 ], [ 23.704554034, 37.99344756 ], [ 23.70454691, 37.993463001 ], [ 23.704543716, 37.993469924 ], [ 23.704539697, 37.993478634 ], [ 23.704532313, 37.993494639 ], [ 23.70451762, 37.993525639 ], [ 23.704481549, 37.993602383 ], [ 23.70385834, 37.993987061 ], [ 23.703141965, 37.994458368 ], [ 23.703650157, 37.995008008 ], [ 23.704150281, 37.995548912 ], [ 23.704458974, 37.995775204 ], [ 23.703750402, 37.996669771 ], [ 23.703625776, 37.996827107 ], [ 23.703476025, 37.996849261 ], [ 23.703394851, 37.996860598 ], [ 23.703058763, 37.996907536 ], [ 23.702700011, 37.996957639 ], [ 23.702626962, 37.996967841 ], [ 23.702461806, 37.996990904 ], [ 23.702450649, 37.99699246 ], [ 23.701635971, 37.99710598 ], [ 23.701225721, 37.997163522 ], [ 23.700888242, 37.997208318 ], [ 23.700769878, 37.997223053 ], [ 23.70076562, 37.997223579 ], [ 23.701044022, 37.998725668 ], [ 23.701212599, 37.999635179 ], [ 23.701252647, 37.999851241 ], [ 23.702396614, 38.000352525 ], [ 23.704325096, 38.001051376 ], [ 23.704402919, 38.001083117 ], [ 23.70484293, 38.001241946 ], [ 23.705304971, 38.00149997 ], [ 23.705341983, 38.001522027 ], [ 23.705403687, 38.001558801 ], [ 23.705419811, 38.001546216 ], [ 23.705551821, 38.00144318 ], [ 23.705743243, 38.001293773 ], [ 23.705764109, 38.001276848 ], [ 23.706524201, 38.00066032 ], [ 23.707437002, 37.999896504 ], [ 23.70831581, 37.999173154 ], [ 23.708710763, 37.998845165 ], [ 23.709621667, 37.998099352 ], [ 23.710455837, 37.997402914 ], [ 23.711232104, 37.996764912 ], [ 23.711951895, 37.996185349 ], [ 23.711952609, 37.996184877 ], [ 23.712012914, 37.996144941 ], [ 23.712063326, 37.996086481 ], [ 23.712343696, 37.995744679 ], [ 23.712412487, 37.995627681 ], [ 23.712834538, 37.994912191 ], [ 23.7129721, 37.9946827 ], [ 23.712985293, 37.994493463 ], [ 23.713164735, 37.994110855 ], [ 23.713201692, 37.994034336 ], [ 23.713392485, 37.993660768 ], [ 23.713580429, 37.993287193 ], [ 23.713718627, 37.99304133 ], [ 23.713947562, 37.992679743 ] ] ] } },
{ "type": "Feature", "properties": { "zone_id": 5, "year": 2030, "kwh_per_user_cap": 465.15042, "ac_share_cap": 0.40802016508370881, "kwh_pc_overall": 189.79075424556231, "kwh_cap": 330755.54443359375 }, "geometry": { "type": "Polygon", "coordinates": [ [ [ 23.704899017, 37.992752001 ], [ 23.705384053, 37.992942486 ], [ 23.705669486, 37.993054582 ], [ 23.705740869, 37.993082615 ], [ 23.705799428, 37.993105612 ], [ 23.70586909, 37.99313297 ], [ 23.705904545, 37.9930763 ], [ 23.70593404, 37.993029157 ], [ 23.705968392, 37.992974251 ], [ 23.706068956, 37.992813514 ], [ 23.706268819, 37.992494057 ], [ 23.706416719, 37.992264599 ], [ 23.706647756, 37.991891143 ], [ 23.706878436, 37.991517685 ], [ 23.706988192, 37.991351713 ], [ 23.707003393, 37.991328727 ], [ 23.707014818, 37.991319742 ], [ 23.707041819, 37.991279219 ], [ 23.707191681, 37.991054304 ], [ 23.707249434, 37.991160816 ], [ 23.707256185, 37.991173266 ], [ 23.707414687, 37.991075789 ], [ 23.707806336, 37.990596178 ], [ 23.707529592, 37.990468349 ], [ 23.707502256, 37.990455723 ], [ 23.707177315, 37.990311173 ], [ 23.707166459, 37.990306343 ], [ 23.707125328, 37.990288047 ], [ 23.707299392, 37.990231789 ], [ 23.708074754, 37.989981182 ], [ 23.707757398, 37.989834471 ], [ 23.70762078, 37.989694912 ], [ 23.707322473, 37.989384492 ], [ 23.707276101, 37.989339186 ], [ 23.706366784, 37.988450768 ], [ 23.70629751, 37.988383086 ], [ 23.706240075, 37.988422978 ], [ 23.704854138, 37.989385593 ], [ 23.704242146, 37.989798646 ], [ 23.703374594, 37.990395815 ], [ 23.701724794, 37.991511371 ], [ 23.700893404, 37.992073532 ], [ 23.698546776, 37.993516476 ], [ 23.698639275, 37.993686471 ], [ 23.699062188, 37.994261121 ], [ 23.699719447, 37.994708537 ], [ 23.699927251, 37.994803866 ], [ 23.70037333, 37.995162428 ], [ 23.701106148, 37.995751462 ], [ 23.701378336, 37.995971277 ], [ 23.700590184, 37.996277001 ], [ 23.70076562, 37.997223579 ], [ 23.700769878, 37.997223053 ], [ 23.700888242, 37.997208318 ], [ 23.701225721, 37.997163522 ], [ 23.701635971, 37.99710598 ], [ 23.702450649, 37.99699246 ], [ 23.702461806, 37.996990904 ], [ 23.702626962, 37.996967841 ], [ 23.702700011, 37.996957639 ], [ 23.703058763, 37.996907536 ], [ 23.703394851, 37.996860598 ], [ 23.703476025, 37.996849261 ], [ 23.703625776, 37.996827107 ], [ 23.703750402, 37.996669771 ], [ 23.704458974, 37.995775204 ], [ 23.704150281, 37.995548912 ], [ 23.703650157, 37.995008008 ], [ 23.703141965, 37.994458368 ], [ 23.70385834, 37.993987061 ], [ 23.704481549, 37.993602383 ], [ 23.70451762, 37.993525639 ], [ 23.704532313, 37.993494639 ], [ 23.704539697, 37.993478634 ], [ 23.704543716, 37.993469924 ], [ 23.70454691, 37.993463001 ], [ 23.704554034, 37.99344756 ], [ 23.704638224, 37.993265078 ], [ 23.704759938, 37.992999505 ], [ 23.704881669, 37.992729425 ], [ 23.704899017, 37.992752001 ] ] ] } },
{ "type": "Feature", "properties": { "zone_id": 6, "year": 2030, "kwh_per_user_cap": 570.57849, "ac_share_cap": 0.77580910451831475, "kwh_pc_overall": 442.66000474646319, "kwh_cap": 1782256.3772277832 }, "geometry": { "type": "Polygon", "coordinates": [ [ [ 23.724718482, 37.973335213 ], [ 23.725033806, 37.973345357 ], [ 23.725053673, 37.973345997 ], [ 23.725094462, 37.973346687 ], [ 23.725221622, 37.973351385 ], [ 23.725224668, 37.973351498 ], [ 23.725224065, 37.973052564 ], [ 23.72522404, 37.973040117 ], [ 23.725223989, 37.973014957 ], [ 23.725220507, 37.972829062 ], [ 23.725220466, 37.972826861 ], [ 23.725219094, 37.972753626 ], [ 23.725219079, 37.972752842 ], [ 23.7255393, 37.972807729 ], [ 23.725844928, 37.97279689 ], [ 23.725873619, 37.972799302 ], [ 23.725876719, 37.972799563 ], [ 23.726083036, 37.972816905 ], [ 23.726342589, 37.972870609 ], [ 23.726572575, 37.972987852 ], [ 23.726658923, 37.972984678 ], [ 23.726839704, 37.972996443 ], [ 23.726893037, 37.972963323 ], [ 23.72693402, 37.972958177 ], [ 23.726998759, 37.972950049 ], [ 23.727060521, 37.972939789 ], [ 23.727092001, 37.972934558 ], [ 23.72726587, 37.972901493 ], [ 23.727267925, 37.972901102 ], [ 23.727383712, 37.972936411 ], [ 23.727416837, 37.972946512 ], [ 23.72746477, 37.972973662 ], [ 23.727481453, 37.973012963 ], [ 23.727504709, 37.973067753 ], [ 23.72750498, 37.97306839 ], [ 23.727693262, 37.973019458 ], [ 23.727702036, 37.973017024 ], [ 23.727707088, 37.973015622 ], [ 23.727931413, 37.972953388 ], [ 23.728096931, 37.972903021 ], [ 23.728304687, 37.972825974 ], [ 23.728288294, 37.972805606 ], [ 23.728279701, 37.972794929 ], [ 23.728251588, 37.972759999 ], [ 23.728436914, 37.972640357 ], [ 23.728491442, 37.972590827 ], [ 23.728587181, 37.972490639 ], [ 23.728679627, 37.972357029 ], [ 23.728738763, 37.9722407 ], [ 23.728766513, 37.972138473 ], [ 23.728764329, 37.97212249 ], [ 23.728764451, 37.972120622 ], [ 23.728764972, 37.972112593 ], [ 23.728768328, 37.972060922 ], [ 23.728772364, 37.971998787 ], [ 23.728839411, 37.971859242 ], [ 23.728921493, 37.971598058 ], [ 23.728957882, 37.971377326 ], [ 23.728951439, 37.971097912 ], [ 23.728951538, 37.971070874 ], [ 23.72902705, 37.970976479 ], [ 23.728987851, 37.970824416 ], [ 23.728985659, 37.970815912 ], [ 23.728991551, 37.970798973 ], [ 23.729112967, 37.970449904 ], [ 23.729157163, 37.970223924 ], [ 23.729158543, 37.97021687 ], [ 23.729162365, 37.970197329 ], [ 23.729306975, 37.9696847 ], [ 23.729307483, 37.969682901 ], [ 23.729308525, 37.969679206 ], [ 23.72935823, 37.969545921 ], [ 23.729359345, 37.969542933 ], [ 23.72939584, 37.969445072 ], [ 23.729183878, 37.969422053 ], [ 23.729181047, 37.969421953 ], [ 23.728773002, 37.969407585 ], [ 23.727797377, 37.969522501 ], [ 23.726887213, 37.969637559 ], [ 23.725735792, 37.96976106 ], [ 23.725019217, 37.969863036 ], [ 23.724482072, 37.969933882 ], [ 23.722407475, 37.97022188 ], [ 23.722445155, 37.969987593 ], [ 23.722473692, 37.969976491 ], [ 23.722485779, 37.969971789 ], [ 23.723601728, 37.969537645 ], [ 23.723701877, 37.96859364 ], [ 23.723759899, 37.968043449 ], [ 23.723781205, 37.967836744 ], [ 23.723809511, 37.967593463 ], [ 23.723824421, 37.967404608 ], [ 23.723824451, 37.967404228 ], [ 23.723693368, 37.967302879 ], [ 23.723603777, 37.967233612 ], [ 23.723081969, 37.966830168 ], [ 23.7230771, 37.966826404 ], [ 23.722531417, 37.966405262 ], [ 23.722294461, 37.966219939 ], [ 23.721975911, 37.965976723 ], [ 23.721951067, 37.965957754 ], [ 23.721399846, 37.965523832 ], [ 23.721370402, 37.96550123 ], [ 23.721090348, 37.965459311 ], [ 23.72074425, 37.965409617 ], [ 23.720297654, 37.965345465 ], [ 23.719159502, 37.965176016 ], [ 23.718221334, 37.965033946 ], [ 23.717587232, 37.964937917 ], [ 23.717319988, 37.964955301 ], [ 23.716942184, 37.965044522 ], [ 23.716222616, 37.965655664 ], [ 23.715829602, 37.965997205 ], [ 23.7154771, 37.966257726 ], [ 23.715358405, 37.966316023 ], [ 23.715335633, 37.966685496 ], [ 23.715333254, 37.966692009 ], [ 23.715324125, 37.966717013 ], [ 23.715291385, 37.966811569 ], [ 23.714827917, 37.967470985 ], [ 23.714801283, 37.96750888 ], [ 23.7147453, 37.967654204 ], [ 23.7147215, 37.967715983 ], [ 23.714705158, 37.967807794 ], [ 23.714686222, 37.967914181 ], [ 23.714749614, 37.968275467 ], [ 23.714860159, 37.968737655 ], [ 23.714874568, 37.968797899 ], [ 23.714974885, 37.969077541 ], [ 23.715236797, 37.969424109 ], [ 23.7153137, 37.969785872 ], [ 23.715186224, 37.969997366 ], [ 23.715243139, 37.970092139 ], [ 23.715644656, 37.970764883 ], [ 23.716156244, 37.971622028 ], [ 23.716340759, 37.971925392 ], [ 23.716552572, 37.972276417 ], [ 23.716634753, 37.972514884 ], [ 23.716697058, 37.973300396 ], [ 23.716726514, 37.973398938 ], [ 23.716836232, 37.973642549 ], [ 23.716968297, 37.97390424 ], [ 23.717178039, 37.974044444 ], [ 23.717526356, 37.974234551 ], [ 23.717667342, 37.974261211 ], [ 23.717695756, 37.974203107 ], [ 23.71769591, 37.974202792 ], [ 23.717745502, 37.97410138 ], [ 23.717778311, 37.974034288 ], [ 23.717779368, 37.974032128 ], [ 23.717781943, 37.974026862 ], [ 23.717785854, 37.974018865 ], [ 23.717834223, 37.973990218 ], [ 23.717967726, 37.973911147 ], [ 23.718023604, 37.973906775 ], [ 23.718047956, 37.973914041 ], [ 23.718312899, 37.97399309 ], [ 23.718402068, 37.974029355 ], [ 23.71847737, 37.973953619 ], [ 23.71847758, 37.973953372 ], [ 23.718478514, 37.973952271 ], [ 23.718844136, 37.973521185 ], [ 23.718858523, 37.973480662 ], [ 23.718849834, 37.973426564 ], [ 23.718805399, 37.97332281 ], [ 23.718728299, 37.973200952 ], [ 23.718732792, 37.973142379 ], [ 23.718744254, 37.973125905 ], [ 23.718748118, 37.973120353 ], [ 23.718770357, 37.973088391 ], [ 23.718901381, 37.972971537 ], [ 23.719320104, 37.972612022 ], [ 23.719540483, 37.972481861 ], [ 23.719786358, 37.972383305 ], [ 23.720257568, 37.97225374 ], [ 23.720719133, 37.972171814 ], [ 23.720721148, 37.972171456 ], [ 23.720747024, 37.972166863 ], [ 23.720793361, 37.972158639 ], [ 23.72056721, 37.972749801 ], [ 23.720490822, 37.972949478 ], [ 23.720207971, 37.973688836 ], [ 23.72016404, 37.973803666 ], [ 23.720070641, 37.974069389 ], [ 23.720134327, 37.974193829 ], [ 23.720144372, 37.974213457 ], [ 23.72033338, 37.974582767 ], [ 23.720434919, 37.974781166 ], [ 23.720435486, 37.974782273 ], [ 23.720443257, 37.974776565 ], [ 23.720443419, 37.974776445 ], [ 23.720529546, 37.974713173 ], [ 23.72062439, 37.974643496 ], [ 23.721597222, 37.973928806 ], [ 23.722159552, 37.973729324 ], [ 23.723400449, 37.973289112 ], [ 23.723401775, 37.973288642 ], [ 23.724718482, 37.973335213 ] ] ] } },
{ "type": "Feature", "properties": { "zone_id": 7, "year": 2030, "kwh_per_user_cap": 792.49927, "ac_share_cap": 0.90877473473208237, "kwh_pc_overall": 720.20330757508918, "kwh_cap": 4900045.9296875 }, "geometry": { "type": "Polygon", "coordinates": [ [ [ 23.790585777, 37.991753076 ], [ 23.790751282, 37.990953624 ], [ 23.789843008, 37.99055421 ], [ 23.788936811, 37.991089695 ], [ 23.787852821, 37.991074225 ], [ 23.787853597, 37.991051695 ], [ 23.787858301, 37.991024665 ], [ 23.787869412, 37.990997646 ], [ 23.787883712, 37.99097514 ], [ 23.78790049, 37.990957144 ], [ 23.787922252, 37.990939158 ], [ 23.788905895, 37.990328053 ], [ 23.788870383, 37.990300951 ], [ 23.788834874, 37.990273849 ], [ 23.787866928, 37.990871462 ], [ 23.787763248, 37.990911833 ], [ 23.787649617, 37.990947679 ], [ 23.787527128, 37.99096999 ], [ 23.78742176, 37.990978812 ], [ 23.787324221, 37.990987649 ], [ 23.787225608, 37.990999084 ], [ 23.787002868, 37.990982561 ], [ 23.786766109, 37.990892003 ], [ 23.786703798, 37.990858357 ], [ 23.786378507, 37.990682709 ], [ 23.786071084, 37.990516708 ], [ 23.785495393, 37.990227248 ], [ 23.785324477, 37.990136808 ], [ 23.7852492, 37.990078087 ], [ 23.785162694, 37.989965268 ], [ 23.785129054, 37.989663276 ], [ 23.785129855, 37.989266712 ], [ 23.785143204, 37.988960299 ], [ 23.785502894, 37.988384133 ], [ 23.785517844, 37.988360289 ], [ 23.785821813, 37.987875487 ], [ 23.785947525, 37.987722498 ], [ 23.786099478, 37.9876011 ], [ 23.786260148, 37.987493745 ], [ 23.786395426, 37.987403355 ], [ 23.78745715, 37.986359787 ], [ 23.784479545, 37.98478058 ], [ 23.783049171, 37.984021915 ], [ 23.783018965, 37.984005893 ], [ 23.783042186, 37.983976837 ], [ 23.784817507, 37.981794479 ], [ 23.785481931, 37.980983966 ], [ 23.785702782, 37.98071455 ], [ 23.78555708, 37.98063946 ], [ 23.785035876, 37.980370845 ], [ 23.784874553, 37.980537288 ], [ 23.784649968, 37.980676576 ], [ 23.784267036, 37.980815574 ], [ 23.783869236, 37.980927505 ], [ 23.783507033, 37.981034993 ], [ 23.783409347, 37.981052943 ], [ 23.783021405, 37.981124227 ], [ 23.782567369, 37.981118882 ], [ 23.78212948, 37.981068501 ], [ 23.781825671, 37.981883603 ], [ 23.78174091, 37.982027651 ], [ 23.781578707, 37.982126492 ], [ 23.781438426, 37.98215327 ], [ 23.781252569, 37.982188976 ], [ 23.781006166, 37.982230198 ], [ 23.780320146, 37.982344963 ], [ 23.780225961, 37.982368095 ], [ 23.780150615, 37.9823866 ], [ 23.78010462, 37.982397895 ], [ 23.779935962, 37.982439316 ], [ 23.77808022, 37.98289505 ], [ 23.778013096, 37.98291479 ], [ 23.777958412, 37.982930872 ], [ 23.777891815, 37.982948772 ], [ 23.777871785, 37.982950143 ], [ 23.777845158, 37.982951965 ], [ 23.777827749, 37.982953157 ], [ 23.77774949, 37.982943996 ], [ 23.777678361, 37.982930343 ], [ 23.77762148, 37.982912209 ], [ 23.777550365, 37.982894049 ], [ 23.777493388, 37.982876327 ], [ 23.777477484, 37.982871379 ], [ 23.777417045, 37.982853239 ], [ 23.777298986, 37.982825977 ], [ 23.777232839, 37.982812333 ], [ 23.777152063, 37.98281218 ], [ 23.777069123, 37.982821035 ], [ 23.777007507, 37.982838944 ], [ 23.776886383, 37.982883779 ], [ 23.776842491, 37.982924254 ], [ 23.776706627, 37.983100646 ], [ 23.776674623, 37.983142197 ], [ 23.776634104, 37.983194803 ], [ 23.776299737, 37.983628906 ], [ 23.776296715, 37.983632829 ], [ 23.776215148, 37.983738726 ], [ 23.774793207, 37.983863028 ], [ 23.774701659, 37.98387103 ], [ 23.774496278, 37.983888662 ], [ 23.774283752, 37.983915293 ], [ 23.774082329, 37.983941077 ], [ 23.774040965, 37.983946372 ], [ 23.774035351, 37.983947302 ], [ 23.773772159, 37.983990919 ], [ 23.773491295, 37.984021924 ], [ 23.773279152, 37.984039541 ], [ 23.773078068, 37.984048166 ], [ 23.773027589, 37.984047058 ], [ 23.772861588, 37.984043417 ], [ 23.772852827, 37.984043225 ], [ 23.772603787, 37.984024718 ], [ 23.772355089, 37.984010718 ], [ 23.772113235, 37.983969692 ], [ 23.771913756, 37.983919734 ], [ 23.77188332, 37.9839078 ], [ 23.771847481, 37.983893747 ], [ 23.771644827, 37.983819083 ], [ 23.771357993, 37.984145149 ], [ 23.771308779, 37.984196225 ], [ 23.770866906, 37.9846548 ], [ 23.770823668, 37.984694872 ], [ 23.770795762, 37.984720735 ], [ 23.770758456, 37.98475531 ], [ 23.768995847, 37.986671572 ], [ 23.768922175, 37.986751318 ], [ 23.768977497, 37.986793613 ], [ 23.769260187, 37.986978931 ], [ 23.769492087, 37.987132604 ], [ 23.769447407, 37.987195607 ], [ 23.769390154, 37.987244468 ], [ 23.769405145, 37.987256183 ], [ 23.769598529, 37.987404189 ], [ 23.769742243, 37.987514178 ], [ 23.769812989, 37.987580193 ], [ 23.769831596, 37.987597557 ], [ 23.77023981, 37.987918186 ], [ 23.770622584, 37.988218399 ], [ 23.770648776, 37.98823894 ], [ 23.770670386, 37.988270527 ], [ 23.770263047, 37.988454496 ], [ 23.770222722, 37.988490469 ], [ 23.769540513, 37.989047625 ], [ 23.769237287, 37.989290684 ], [ 23.769638227, 37.989561855 ], [ 23.7701243, 37.98992332 ], [ 23.771280281, 37.990930507 ], [ 23.771323246, 37.990962135 ], [ 23.773485583, 37.991899149 ], [ 23.773563467, 37.991917325 ], [ 23.773896714, 37.991990069 ], [ 23.774559048, 37.992216661 ], [ 23.775306073, 37.992565086 ], [ 23.775685439, 37.99280465 ], [ 23.775734252, 37.992786718 ], [ 23.775911459, 37.992913235 ], [ 23.776054939, 37.99301265 ], [ 23.776227165, 37.993139157 ], [ 23.77622388, 37.99316619 ], [ 23.777475006, 37.994060835 ], [ 23.777593591, 37.994155695 ], [ 23.777869913, 37.994462654 ], [ 23.777967461, 37.994570992 ], [ 23.778212462, 37.994760724 ], [ 23.779360363, 37.995438846 ], [ 23.781118928, 37.996510154 ], [ 23.781900031, 37.99703435 ], [ 23.782196224, 37.997251207 ], [ 23.782094587, 37.997310571 ], [ 23.782034715, 37.997345543 ], [ 23.782933191, 37.998023168 ], [ 23.783755844, 37.998723452 ], [ 23.783851392, 37.998655758 ], [ 23.783860857, 37.998583672 ], [ 23.785601762, 37.996975052 ], [ 23.787091768, 37.995598188 ], [ 23.787268902, 37.9954345 ], [ 23.790484934, 37.992462416 ], [ 23.790585777, 37.991753076 ] ] ] } },
{ "type": "Feature", "properties": { "zone_id": 8, "year": 2030, "kwh_per_user_cap": 726.20624, "ac_share_cap": 0.95834373799936645, "kwh_pc_overall": 695.95519826747989, "kwh_cap": 7856472.71875 }, "geometry": { "type": "Polygon", "coordinates": [ [ [ 23.763844589, 37.98596325 ], [ 23.763588963, 37.985980123 ], [ 23.763447057, 37.985989489 ], [ 23.762953086, 37.986110169 ], [ 23.76140768, 37.986412912 ], [ 23.761404808, 37.986413475 ], [ 23.761328317, 37.986429017 ], [ 23.761308897, 37.986432963 ], [ 23.761141295, 37.986467018 ], [ 23.760628012, 37.98656747 ], [ 23.760434808, 37.98660528 ], [ 23.760412018, 37.98660974 ], [ 23.760241101, 37.986640937 ], [ 23.758542051, 37.986966714 ], [ 23.757729593, 37.987122485 ], [ 23.757781555, 37.987214515 ], [ 23.757818752, 37.987280394 ], [ 23.757858031, 37.987348071 ], [ 23.758013044, 37.987826071 ], [ 23.758151125, 37.988258972 ], [ 23.758250446, 37.988574626 ], [ 23.758517718, 37.989440409 ], [ 23.758621, 37.989742552 ], [ 23.758719982, 37.989945544 ], [ 23.758996392, 37.990414779 ], [ 23.759314204, 37.990848046 ], [ 23.759583647, 37.991164047 ], [ 23.759878477, 37.991444048 ], [ 23.760262505, 37.991764787 ], [ 23.760821446, 37.992144465 ], [ 23.761293905, 37.99241581 ], [ 23.761802413, 37.992655681 ], [ 23.762138296, 37.992791554 ], [ 23.762950744, 37.993032034 ], [ 23.763627579, 37.993168589 ], [ 23.764375703, 37.993281382 ], [ 23.765138445, 37.993244432 ], [ 23.765276141, 37.993235418 ], [ 23.765662806, 37.993210102 ], [ 23.766017374, 37.993186887 ], [ 23.766307928, 37.9931424 ], [ 23.766721693, 37.993075625 ], [ 23.766793171, 37.993024861 ], [ 23.766794916, 37.993023622 ], [ 23.766867226, 37.992972266 ], [ 23.767151586, 37.992860168 ], [ 23.767349534, 37.992838028 ], [ 23.767382319, 37.992824574 ], [ 23.768047767, 37.992510438 ], [ 23.768126078, 37.992506086 ], [ 23.768365591, 37.992393897 ], [ 23.768383514, 37.992353375 ], [ 23.768006689, 37.991766797 ], [ 23.768336326, 37.991627748 ], [ 23.768474783, 37.991184209 ], [ 23.769033411, 37.990980193 ], [ 23.768815086, 37.990466032 ], [ 23.770009767, 37.990017731 ], [ 23.770067756, 37.989969931 ], [ 23.7701243, 37.98992332 ], [ 23.769638227, 37.989561855 ], [ 23.769237287, 37.989290684 ], [ 23.768302534, 37.988793139 ], [ 23.767338726, 37.988259478 ], [ 23.767107367, 37.988159879 ], [ 23.766737874, 37.98796537 ], [ 23.766589107, 37.987856921 ], [ 23.766402049, 37.987703331 ], [ 23.766049402, 37.987360142 ], [ 23.765779077, 37.987093725 ], [ 23.765382093, 37.986818041 ], [ 23.765259565, 37.986741188 ], [ 23.765193858, 37.986700499 ], [ 23.763969922, 37.98617981 ], [ 23.763910844, 37.985958876 ], [ 23.763844589, 37.98596325 ] ] ] } },
{ "type": "Feature", "properties": { "zone_id": 9, "year": 2030, "kwh_per_user_cap": 771.6015, "ac_share_cap": 0.72142356797461271, "kwh_pc_overall": 556.65148724032406, "kwh_cap": 9275235.015625 }, "geometry": { "type": "Polygon", "coordinates": [ [ [ 23.752895164, 38.007874419 ], [ 23.752742218, 38.007710151 ], [ 23.752867409, 38.007528492 ], [ 23.753301507, 38.007688912 ], [ 23.75376461, 38.006971911 ], [ 23.753790459, 38.006933539 ], [ 23.753810922, 38.006893969 ], [ 23.754202818, 38.006781184 ], [ 23.754079497, 38.006472113 ], [ 23.754075722, 38.006462655 ], [ 23.754074814, 38.006425957 ], [ 23.753723266, 38.006298229 ], [ 23.753660243, 38.00627533 ], [ 23.753527352, 38.006215567 ], [ 23.753362017, 38.006141213 ], [ 23.753257546, 38.00609423 ], [ 23.752793346, 38.005890466 ], [ 23.752846844, 38.005859034 ], [ 23.752879403, 38.005809532 ], [ 23.752440972, 38.005353462 ], [ 23.752366721, 38.005204594 ], [ 23.752291147, 38.004920531 ], [ 23.752178305, 38.004393043 ], [ 23.752005477, 38.003604056 ], [ 23.751959062, 38.003540868 ], [ 23.751749661, 38.00336017 ], [ 23.751734938, 38.003504344 ], [ 23.751174916, 38.003854661 ], [ 23.750863873, 38.004047778 ], [ 23.750689079, 38.004160068 ], [ 23.750533951, 38.004245361 ], [ 23.750237944, 38.004307823 ], [ 23.749775244, 38.004401474 ], [ 23.749730719, 38.004410392 ], [ 23.749232142, 38.004377785 ], [ 23.748930069, 38.004353082 ], [ 23.748640693, 38.004335965 ], [ 23.748548671, 38.004366682 ], [ 23.748504552, 38.004380631 ], [ 23.748425008, 38.004309582 ], [ 23.74839249, 38.004280537 ], [ 23.748328462, 38.004249675 ], [ 23.747775426, 38.004027427 ], [ 23.746889321, 38.00367132 ], [ 23.74667446, 38.00358497 ], [ 23.746499822, 38.003514786 ], [ 23.746151894, 38.003374957 ], [ 23.74599485, 38.003312705 ], [ 23.745356511, 38.003071753 ], [ 23.744803654, 38.002863117 ], [ 23.74471549, 38.002831381 ], [ 23.74386202, 38.002806993 ], [ 23.743860667, 38.00280925 ], [ 23.743468192, 38.003464071 ], [ 23.7432061, 38.003905128 ], [ 23.742851805, 38.004246841 ], [ 23.74254643, 38.004543596 ], [ 23.74184114, 38.004077889 ], [ 23.741457942, 38.003829195 ], [ 23.741351111, 38.003842479 ], [ 23.741220533, 38.003325417 ], [ 23.741220164, 38.003323954 ], [ 23.740659267, 38.003403834 ], [ 23.739910334, 38.003510334 ], [ 23.739784403, 38.003086452 ], [ 23.739092164, 38.002864104 ], [ 23.738413748, 38.002659809 ], [ 23.738400026, 38.002614714 ], [ 23.738242264, 38.002636895 ], [ 23.737821626, 38.002712567 ], [ 23.737472206, 38.002779384 ], [ 23.736642995, 38.00293976 ], [ 23.736641098, 38.002940126 ], [ 23.736640435, 38.002940254 ], [ 23.735924915, 38.00307785 ], [ 23.735418781, 38.003171347 ], [ 23.734292168, 38.003380608 ], [ 23.7344281, 38.003786493 ], [ 23.734558322, 38.004194835 ], [ 23.734666555, 38.004683807 ], [ 23.734701906, 38.004850624 ], [ 23.734772639, 38.005175245 ], [ 23.734801034, 38.005296982 ], [ 23.734897735, 38.005725309 ], [ 23.734952809, 38.005950754 ], [ 23.735085803, 38.006581951 ], [ 23.735086951, 38.006658563 ], [ 23.73509088, 38.007050629 ], [ 23.735093902, 38.007496771 ], [ 23.735096148, 38.007861795 ], [ 23.735098184, 38.008285402 ], [ 23.736053359, 38.008256005 ], [ 23.736469566, 38.008234406 ], [ 23.736975832, 38.008213007 ], [ 23.737636265, 38.008182938 ], [ 23.737666522, 38.008183005 ], [ 23.737680203, 38.008182301 ], [ 23.738085931, 38.008161408 ], [ 23.738842862, 38.008122534 ], [ 23.739627913, 38.008083717 ], [ 23.740176321, 38.008059565 ], [ 23.740212506, 38.008057971 ], [ 23.740469775, 38.008045377 ], [ 23.741093327, 38.008014849 ], [ 23.741240017, 38.008006159 ], [ 23.741210971, 38.007762749 ], [ 23.741192643, 38.007609491 ], [ 23.741146726, 38.007203813 ], [ 23.740878979, 38.007221249 ], [ 23.740760415, 38.006824424 ], [ 23.740797032, 38.006823105 ], [ 23.740876639, 38.00682024 ], [ 23.741114288, 38.006811684 ], [ 23.741943227, 38.00679595 ], [ 23.74333282, 38.006769561 ], [ 23.743715054, 38.006988624 ], [ 23.743778227, 38.007042838 ], [ 23.744622779, 38.008074363 ], [ 23.744903346, 38.008059004 ], [ 23.745666068, 38.008017247 ], [ 23.745761142, 38.008011413 ], [ 23.745847926, 38.008006087 ], [ 23.746636791, 38.0079667 ], [ 23.746658954, 38.007965526 ], [ 23.746737034, 38.007997191 ], [ 23.74728198, 38.008233751 ], [ 23.747393034, 38.008280806 ], [ 23.74781236, 38.008442766 ], [ 23.747860622, 38.008462147 ], [ 23.748178502, 38.008589803 ], [ 23.748309412, 38.008642374 ], [ 23.748601528, 38.00875968 ], [ 23.748994501, 38.008915251 ], [ 23.749519879, 38.00912321 ], [ 23.749680274, 38.00891963 ], [ 23.749757016, 38.008822225 ], [ 23.749757461, 38.008822499 ], [ 23.749757491, 38.008822518 ], [ 23.75028738, 38.009147814 ], [ 23.750556618, 38.008796885 ], [ 23.751573171, 38.009275696 ], [ 23.751775642, 38.008806019 ], [ 23.75183209, 38.008671408 ], [ 23.752895164, 38.007874419 ] ] ] } },
{ "type": "Feature", "properties": { "zone_id": 10, "year": 2030, "kwh_per_user_cap": 640.91241, "ac_share_cap": 0.80882256956968634, "kwh_pc_overall": 518.38439879209591, "kwh_cap": 11137756.2265625 }, "geometry": { "type": "Polygon", "coordinates": [ [ [ 23.746302191, 38.018758597 ], [ 23.746011905, 38.018842249 ], [ 23.74541832, 38.018524218 ], [ 23.745456284, 38.018484339 ], [ 23.745464192, 38.018476032 ], [ 23.745721905, 38.018205312 ], [ 23.745722742, 38.018204433 ], [ 23.745753324, 38.018172309 ], [ 23.745790653, 38.018133094 ], [ 23.745686835, 38.018013349 ], [ 23.745516358, 38.017825126 ], [ 23.74544055, 38.017633871 ], [ 23.745299307, 38.01658656 ], [ 23.745082688, 38.015310425 ], [ 23.745060744, 38.015170679 ], [ 23.744808598, 38.015300818 ], [ 23.744718065, 38.015332166 ], [ 23.7445135, 38.015394812 ], [ 23.743624216, 38.015492017 ], [ 23.74238377, 38.015629005 ], [ 23.740941724, 38.015792574 ], [ 23.740120508, 38.015867371 ], [ 23.739308546, 38.015942183 ], [ 23.737835563, 38.016092126 ], [ 23.737324146, 38.016145061 ], [ 23.73631519, 38.015755253 ], [ 23.735499148, 38.015775952 ], [ 23.735386022, 38.015745293 ], [ 23.73538178, 38.015744143 ], [ 23.73450376, 38.01587285 ], [ 23.733540212, 38.016023888 ], [ 23.732568658, 38.016026189 ], [ 23.731735929, 38.016033305 ], [ 23.731702464, 38.016033229 ], [ 23.731398047, 38.016041547 ], [ 23.731065182, 38.016040786 ], [ 23.730826302, 38.01604024 ], [ 23.730691634, 38.01606697 ], [ 23.729690721, 38.016308019 ], [ 23.729754116, 38.016398293 ], [ 23.730153909, 38.017079678 ], [ 23.730655499, 38.017964082 ], [ 23.730687227, 38.018049776 ], [ 23.731201613, 38.018943221 ], [ 23.731453197, 38.019367397 ], [ 23.731682254, 38.019604674 ], [ 23.731904437, 38.020008336 ], [ 23.731910458, 38.020017362 ], [ 23.73197774, 38.020116656 ], [ 23.732036173, 38.020202411 ], [ 23.732314869, 38.020712269 ], [ 23.732476442, 38.021023578 ], [ 23.732881263, 38.02151119 ], [ 23.733162259, 38.021782212 ], [ 23.73344656, 38.022026202 ], [ 23.733588226, 38.022134677 ], [ 23.734777809, 38.02290796 ], [ 23.7349277, 38.023007438 ], [ 23.735311258, 38.023259205 ], [ 23.735692881, 38.02348919 ], [ 23.735695746, 38.023490917 ], [ 23.735815289, 38.02356296 ], [ 23.735924335, 38.023628677 ], [ 23.736084392, 38.023725134 ], [ 23.736194244, 38.023797727 ], [ 23.736380965, 38.023921116 ], [ 23.7365824, 38.024054227 ], [ 23.736770522, 38.02417854 ], [ 23.737282935, 38.024517143 ], [ 23.737291376, 38.024522721 ], [ 23.73729933, 38.024527792 ], [ 23.738092467, 38.025033396 ], [ 23.738911176, 38.025546615 ], [ 23.739287306, 38.025786279 ], [ 23.739349766, 38.025826076 ], [ 23.739412995, 38.025866364 ], [ 23.740326012, 38.025514641 ], [ 23.740756018, 38.025348985 ], [ 23.74122184, 38.025169529 ], [ 23.74163382, 38.025010813 ], [ 23.74134659, 38.024580946 ], [ 23.741016555, 38.024170138 ], [ 23.740702417, 38.023795415 ], [ 23.74046843, 38.023510995 ], [ 23.74036347, 38.023389091 ], [ 23.740226287, 38.023217545 ], [ 23.740183753, 38.023163374 ], [ 23.739960833, 38.022968149 ], [ 23.740482271, 38.022730081 ], [ 23.740661599, 38.022648783 ], [ 23.741168562, 38.022418948 ], [ 23.741470567, 38.022282029 ], [ 23.742279968, 38.021915072 ], [ 23.742965614, 38.021604213 ], [ 23.743308282, 38.021448852 ], [ 23.743782982, 38.021233626 ], [ 23.744160743, 38.021062349 ], [ 23.744606745, 38.020860129 ], [ 23.745191471, 38.020595008 ], [ 23.74580748, 38.020318241 ], [ 23.747002069, 38.019781914 ], [ 23.746526812, 38.019108438 ], [ 23.746459611, 38.018988503 ], [ 23.746326814, 38.018751501 ], [ 23.746302191, 38.018758597 ] ] ] } },
{ "type": "Feature", "properties": { "zone_id": 11, "year": 2030, "kwh_per_user_cap": 912.51825, "ac_share_cap": 0.65721362669968086, "kwh_pc_overall": 599.71942164016025, "kwh_cap": 9821593.48828125 }, "geometry": { "type": "Polygon", "coordinates": [ [ [ 23.720134327, 37.974193829 ], [ 23.720070641, 37.974069389 ], [ 23.72016404, 37.973803666 ], [ 23.720207971, 37.973688836 ], [ 23.720490822, 37.972949478 ], [ 23.72056721, 37.972749801 ], [ 23.720793361, 37.972158639 ], [ 23.720747024, 37.972166863 ], [ 23.720721148, 37.972171456 ], [ 23.720719133, 37.972171814 ], [ 23.720257568, 37.97225374 ], [ 23.719786358, 37.972383305 ], [ 23.719540483, 37.972481861 ], [ 23.719320104, 37.972612022 ], [ 23.718901381, 37.972971537 ], [ 23.718770357, 37.973088391 ], [ 23.718748118, 37.973120353 ], [ 23.718744254, 37.973125905 ], [ 23.718732792, 37.973142379 ], [ 23.718728299, 37.973200952 ], [ 23.718805399, 37.97332281 ], [ 23.718849834, 37.973426564 ], [ 23.718858523, 37.973480662 ], [ 23.718844136, 37.973521185 ], [ 23.718478514, 37.973952271 ], [ 23.71847758, 37.973953372 ], [ 23.71847737, 37.973953619 ], [ 23.718402068, 37.974029355 ], [ 23.718312899, 37.97399309 ], [ 23.718047956, 37.973914041 ], [ 23.718023604, 37.973906775 ], [ 23.717967726, 37.973911147 ], [ 23.717834223, 37.973990218 ], [ 23.717785854, 37.974018865 ], [ 23.717781943, 37.974026862 ], [ 23.717779368, 37.974032128 ], [ 23.717778311, 37.974034288 ], [ 23.717745502, 37.97410138 ], [ 23.71769591, 37.974202792 ], [ 23.717695756, 37.974203107 ], [ 23.717667342, 37.974261211 ], [ 23.717526356, 37.974234551 ], [ 23.717178039, 37.974044444 ], [ 23.716968297, 37.97390424 ], [ 23.716836232, 37.973642549 ], [ 23.716726514, 37.973398938 ], [ 23.716697058, 37.973300396 ], [ 23.716634753, 37.972514884 ], [ 23.716552572, 37.972276417 ], [ 23.716340759, 37.971925392 ], [ 23.716156244, 37.971622028 ], [ 23.715644656, 37.970764883 ], [ 23.715243139, 37.970092139 ], [ 23.715186224, 37.969997366 ], [ 23.7153137, 37.969785872 ], [ 23.715236797, 37.969424109 ], [ 23.714974885, 37.969077541 ], [ 23.714874568, 37.968797899 ], [ 23.714860159, 37.968737655 ], [ 23.714749614, 37.968275467 ], [ 23.714686222, 37.967914181 ], [ 23.714705158, 37.967807794 ], [ 23.7147215, 37.967715983 ], [ 23.7147453, 37.967654204 ], [ 23.714801283, 37.96750888 ], [ 23.714827917, 37.967470985 ], [ 23.715291385, 37.966811569 ], [ 23.715324125, 37.966717013 ], [ 23.71532024, 37.96671708 ], [ 23.714411871, 37.966732828 ], [ 23.7141077, 37.966362561 ], [ 23.714019272, 37.966267802 ], [ 23.713985469, 37.966231577 ], [ 23.713717344, 37.965924487 ], [ 23.71362281, 37.96580709 ], [ 23.713275794, 37.965387146 ], [ 23.713245976, 37.965349582 ], [ 23.713239574, 37.965341517 ], [ 23.713205233, 37.965298254 ], [ 23.713033941, 37.965082466 ], [ 23.713866291, 37.964692263 ], [ 23.713829537, 37.964286609 ], [ 23.713835058, 37.9641943 ], [ 23.713852535, 37.964052306 ], [ 23.713852734, 37.96405069 ], [ 23.713791187, 37.96404036 ], [ 23.713004766, 37.963908372 ], [ 23.712335938, 37.963798514 ], [ 23.712085725, 37.963757414 ], [ 23.711970212, 37.963742375 ], [ 23.711415467, 37.96367015 ], [ 23.710402178, 37.963604569 ], [ 23.708635909, 37.963501067 ], [ 23.708418493, 37.963514047 ], [ 23.708218044, 37.963554108 ], [ 23.707562637, 37.963940035 ], [ 23.707328334, 37.964083659 ], [ 23.707204283, 37.96414644 ], [ 23.706445897, 37.964586145 ], [ 23.706445836, 37.964586181 ], [ 23.706529846, 37.964663 ], [ 23.706580521, 37.964712698 ], [ 23.707058646, 37.965164533 ], [ 23.707657287, 37.965819456 ], [ 23.707964306, 37.966180734 ], [ 23.708087505, 37.966334258 ], [ 23.708321684, 37.966762951 ], [ 23.708364765, 37.966844173 ], [ 23.708711299, 37.967471427 ], [ 23.708992215, 37.967958817 ], [ 23.70927518, 37.968468745 ], [ 23.709545431, 37.968956107 ], [ 23.709689203, 37.969217835 ], [ 23.709847457, 37.969506638 ], [ 23.709956275, 37.969700683 ], [ 23.71011099, 37.96998497 ], [ 23.710114419, 37.969991248 ], [ 23.710317991, 37.97036402 ], [ 23.710377279, 37.970471101 ], [ 23.710525368, 37.970738565 ], [ 23.710922409, 37.971469584 ], [ 23.711330772, 37.972218655 ], [ 23.711574185, 37.972660883 ], [ 23.711742719, 37.972963227 ], [ 23.711923245, 37.973292639 ], [ 23.712164193, 37.973730352 ], [ 23.712580053, 37.974479437 ], [ 23.71292352, 37.974998516 ], [ 23.713167496, 37.975301042 ], [ 23.713614565, 37.975806851 ], [ 23.713709198, 37.975901717 ], [ 23.713937076, 37.976136606 ], [ 23.714064737, 37.976214917 ], [ 23.714069835, 37.976218044 ], [ 23.714466281, 37.976475874 ], [ 23.715023881, 37.976743105 ], [ 23.715319992, 37.976845178 ], [ 23.715326467, 37.976847411 ], [ 23.716077127, 37.977106167 ], [ 23.716225772, 37.977129058 ], [ 23.716529483, 37.977170348 ], [ 23.716787417, 37.977179982 ], [ 23.716883773, 37.977198239 ], [ 23.717296637, 37.977211684 ], [ 23.717297871, 37.977211724 ], [ 23.717332051, 37.977212837 ], [ 23.717366009, 37.977212918 ], [ 23.717528463, 37.977213309 ], [ 23.717759371, 37.977218369 ], [ 23.717847631, 37.977214075 ], [ 23.71798784, 37.977209904 ], [ 23.718128405, 37.977205735 ], [ 23.718333373, 37.977201719 ], [ 23.718538002, 37.977193196 ], [ 23.71859495, 37.977188826 ], [ 23.718742718, 37.977162141 ], [ 23.718890858, 37.97713095 ], [ 23.719148813, 37.977041437 ], [ 23.719197984, 37.977023529 ], [ 23.719262879, 37.976998561 ], [ 23.71933939, 37.976950845 ], [ 23.719386947, 37.976921186 ], [ 23.720397904, 37.976594078 ], [ 23.720648025, 37.976519313 ], [ 23.720651074, 37.976518402 ], [ 23.720785916, 37.976478095 ], [ 23.720786323, 37.976477973 ], [ 23.720820039, 37.976467895 ], [ 23.720964774, 37.97642463 ], [ 23.720966898, 37.976423876 ], [ 23.72100081, 37.976356651 ], [ 23.721002125, 37.97635487 ], [ 23.721011399, 37.976343033 ], [ 23.721025627, 37.976324874 ], [ 23.721033282, 37.97630693 ], [ 23.721063505, 37.976236092 ], [ 23.72106404, 37.976234836 ], [ 23.721066094, 37.976221957 ], [ 23.721089188, 37.976077171 ], [ 23.721085308, 37.976068149 ], [ 23.721075735, 37.976059113 ], [ 23.721060113, 37.976050063 ], [ 23.721030599, 37.976045487 ], [ 23.721012486, 37.976036431 ], [ 23.720991545, 37.976022862 ], [ 23.720969925, 37.976000279 ], [ 23.720958607, 37.975982226 ], [ 23.720953322, 37.975968694 ], [ 23.720948391, 37.975955163 ], [ 23.720943444, 37.975946139 ], [ 23.720939564, 37.975937117 ], [ 23.720935702, 37.975923588 ], [ 23.720453116, 37.974822498 ], [ 23.720435486, 37.974782273 ], [ 23.720434919, 37.974781166 ], [ 23.72033338, 37.974582767 ], [ 23.720144372, 37.974213457 ], [ 23.720134327, 37.974193829 ] ] ] } },
{ "type": "Feature", "properties": { "zone_id": 12, "year": 2030, "kwh_per_user_cap": 893.75183, "ac_share_cap": 0.70893370846689074, "kwh_pc_overall": 633.61078066509867, "kwh_cap": 1853103.583984375 }, "geometry": { "type": "Polygon", "coordinates": [ [ [ 23.758295581, 37.999827711 ], [ 23.75828332, 37.999813711 ], [ 23.758152684, 37.999665312 ], [ 23.758084862, 37.999574462 ], [ 23.757717499, 37.999456539 ], [ 23.757347988, 37.999365649 ], [ 23.757217082, 37.999342847 ], [ 23.756727877, 37.999391407 ], [ 23.756013587, 37.999696364 ], [ 23.755753547, 37.999810745 ], [ 23.755744732, 37.999814623 ], [ 23.755731261, 37.999826464 ], [ 23.755596436, 37.999911805 ], [ 23.755592539, 37.99991197 ], [ 23.75537271, 37.999921273 ], [ 23.755152513, 37.999930592 ], [ 23.755138355, 37.999931191 ], [ 23.75488373, 37.999941965 ], [ 23.754226701, 37.999881324 ], [ 23.753909273, 37.999883132 ], [ 23.753278093, 38.000027784 ], [ 23.752957584, 38.000163209 ], [ 23.752643621, 38.000446402 ], [ 23.751880413, 38.001634489 ], [ 23.751880408, 38.001681186 ], [ 23.751880408, 38.001681447 ], [ 23.751880357, 38.002194727 ], [ 23.751880347, 38.002287919 ], [ 23.75186797, 38.00258081 ], [ 23.751797499, 38.00289611 ], [ 23.75179456, 38.002923142 ], [ 23.751750052, 38.003356361 ], [ 23.751749661, 38.00336017 ], [ 23.751959062, 38.003540868 ], [ 23.752005477, 38.003604056 ], [ 23.752178305, 38.004393043 ], [ 23.752291147, 38.004920531 ], [ 23.752366721, 38.005204594 ], [ 23.752440972, 38.005353462 ], [ 23.752879403, 38.005809532 ], [ 23.752846844, 38.005859034 ], [ 23.752793346, 38.005890466 ], [ 23.753257546, 38.00609423 ], [ 23.753362017, 38.006141213 ], [ 23.753527352, 38.006215567 ], [ 23.753660243, 38.00627533 ], [ 23.753723266, 38.006298229 ], [ 23.754074814, 38.006425957 ], [ 23.754075722, 38.006462655 ], [ 23.754079497, 38.006472113 ], [ 23.754202818, 38.006781184 ], [ 23.755522511, 38.006418915 ], [ 23.758040031, 38.005612967 ], [ 23.759668454, 38.005093562 ], [ 23.7604878, 38.00482663 ], [ 23.760626562, 38.004781422 ], [ 23.761706, 38.004429742 ], [ 23.761716645, 38.004426274 ], [ 23.762449202, 38.00380881 ], [ 23.762476896, 38.003783395 ], [ 23.762297194, 38.003656852 ], [ 23.762016653, 38.003510641 ], [ 23.761934493, 38.003475051 ], [ 23.761852937, 38.003439724 ], [ 23.761594485, 38.003361069 ], [ 23.761137145, 38.003221886 ], [ 23.760604898, 38.00303604 ], [ 23.759991762, 38.002683271 ], [ 23.759854638, 38.002535852 ], [ 23.759832669, 38.002507906 ], [ 23.759547235, 38.002144812 ], [ 23.759421533, 38.00198836 ], [ 23.75922775, 38.001721443 ], [ 23.759009293, 38.001374421 ], [ 23.758898601, 38.001090562 ], [ 23.758531797, 38.000149902 ], [ 23.75845819, 38.000013369 ], [ 23.758312463, 37.999846985 ], [ 23.758295581, 37.999827711 ] ] ] } },
{ "type": "Feature", "properties": { "zone_id": 13, "year": 2030, "kwh_per_user_cap": 784.64935, "ac_share_cap": 0.48121654960791593, "kwh_pc_overall": 377.58624397438427, "kwh_cap": 4042192.0263671875 }, "geometry": { "type": "Polygon", "coordinates": [ [ [ 23.714892384, 37.984552679 ], [ 23.714594783, 37.984304163 ], [ 23.71456735, 37.984281254 ], [ 23.714542449, 37.984257985 ], [ 23.714514164, 37.984231554 ], [ 23.714502623, 37.98422127 ], [ 23.714463451, 37.984186367 ], [ 23.714435027, 37.984158807 ], [ 23.714430835, 37.984154743 ], [ 23.714404861, 37.984131401 ], [ 23.713897847, 37.983675766 ], [ 23.713712365, 37.983468019 ], [ 23.713526885, 37.983260272 ], [ 23.711710429, 37.981255901 ], [ 23.711603037, 37.981097806 ], [ 23.711515219, 37.980940069 ], [ 23.711469552, 37.980888196 ], [ 23.711432085, 37.980845637 ], [ 23.7114256, 37.980838272 ], [ 23.709928205, 37.979137352 ], [ 23.709830649, 37.979026533 ], [ 23.708891554, 37.978043968 ], [ 23.707426303, 37.976799083 ], [ 23.706368356, 37.975866647 ], [ 23.705591994, 37.975293617 ], [ 23.705500739, 37.975226262 ], [ 23.705485174, 37.975214773 ], [ 23.705468709, 37.975236954 ], [ 23.705296728, 37.975268068 ], [ 23.705080644, 37.975294565 ], [ 23.70476675, 37.975311804 ], [ 23.704409448, 37.975328932 ], [ 23.704241114, 37.975337522 ], [ 23.703656003, 37.975376607 ], [ 23.702925413, 37.975491932 ], [ 23.702697057, 37.975473329 ], [ 23.702703332, 37.975539965 ], [ 23.702714459, 37.975658137 ], [ 23.702827835, 37.97674898 ], [ 23.702828987, 37.976786746 ], [ 23.702830035, 37.976821088 ], [ 23.702424562, 37.976869634 ], [ 23.701989619, 37.976990206 ], [ 23.702010289, 37.977036634 ], [ 23.702194491, 37.977450381 ], [ 23.702362705, 37.97782484 ], [ 23.702447004, 37.978034337 ], [ 23.702469801, 37.978090991 ], [ 23.702484676, 37.978124228 ], [ 23.70259499, 37.978370706 ], [ 23.702619958, 37.978420435 ], [ 23.702746776, 37.97867302 ], [ 23.702955744, 37.979253163 ], [ 23.702970807, 37.979286851 ], [ 23.703385261, 37.980213777 ], [ 23.703409942, 37.980268977 ], [ 23.704008925, 37.979998856 ], [ 23.704476825, 37.979862913 ], [ 23.70550858, 37.979693422 ], [ 23.705756349, 37.980370498 ], [ 23.705961533, 37.98093882 ], [ 23.706565785, 37.980660931 ], [ 23.707236361, 37.980347152 ], [ 23.707935754, 37.98003344 ], [ 23.708042643, 37.980177911 ], [ 23.708280281, 37.980642663 ], [ 23.708478691, 37.981039721 ], [ 23.708878239, 37.981865386 ], [ 23.708935144, 37.981979218 ], [ 23.70895944, 37.982027819 ], [ 23.707722071, 37.982412303 ], [ 23.707738331, 37.982529511 ], [ 23.707846514, 37.983156173 ], [ 23.707938083, 37.983689413 ], [ 23.707966512, 37.983854967 ], [ 23.707905963, 37.984048593 ], [ 23.707830109, 37.984332309 ], [ 23.708139084, 37.984919353 ], [ 23.708174475, 37.984986596 ], [ 23.708195309, 37.985030451 ], [ 23.708197553, 37.985035174 ], [ 23.708350228, 37.985356558 ], [ 23.708558297, 37.98556437 ], [ 23.709057744, 37.986058373 ], [ 23.709060165, 37.986060768 ], [ 23.709115534, 37.986115533 ], [ 23.708966505, 37.986215368 ], [ 23.708412003, 37.986586828 ], [ 23.708507864, 37.986674399 ], [ 23.708580333, 37.986740601 ], [ 23.708977121, 37.987102097 ], [ 23.709042119, 37.987043674 ], [ 23.709618848, 37.986716131 ], [ 23.710198438, 37.986474213 ], [ 23.711041021, 37.986138304 ], [ 23.711135162, 37.986088965 ], [ 23.711340561, 37.985981315 ], [ 23.711697038, 37.985824464 ], [ 23.711993623, 37.985694504 ], [ 23.71258509, 37.98596183 ], [ 23.713013537, 37.98614764 ], [ 23.713332664, 37.985711295 ], [ 23.713895007, 37.985965024 ], [ 23.714253009, 37.98612769 ], [ 23.715076202, 37.986495142 ], [ 23.715668752, 37.986762455 ], [ 23.715695674, 37.986774662 ], [ 23.715708438, 37.98678045 ], [ 23.716629941, 37.987198265 ], [ 23.716637695, 37.98720178 ], [ 23.716687957, 37.98722457 ], [ 23.717514266, 37.98760059 ], [ 23.717778145, 37.987222633 ], [ 23.717878318, 37.987135254 ], [ 23.717906889, 37.987110332 ], [ 23.717912466, 37.987105468 ], [ 23.717951196, 37.987071685 ], [ 23.717848092, 37.987038088 ], [ 23.717635367, 37.986913532 ], [ 23.717585339, 37.986884239 ], [ 23.717077559, 37.986409845 ], [ 23.715720163, 37.985243914 ], [ 23.714892384, 37.984552679 ] ] ] } },
{ "type": "Feature", "properties": { "zone_id": 14, "year": 2030, "kwh_per_user_cap": 947.24652, "ac_share_cap": 0.97741407309899098, "kwh_pc_overall": 925.85204366165101, "kwh_cap": 464036.1796875 }, "geometry": { "type": "Polygon", "coordinates": [ [ [ 23.737967118, 37.97558793 ], [ 23.737803771, 37.975608969 ], [ 23.737803564, 37.975608025 ], [ 23.737567817, 37.974533899 ], [ 23.737566337, 37.974534102 ], [ 23.737565503, 37.974534217 ], [ 23.737366425, 37.974561573 ], [ 23.737364504, 37.974561837 ], [ 23.736447584, 37.974687829 ], [ 23.736447378, 37.974686926 ], [ 23.736437193, 37.974642022 ], [ 23.736434844, 37.974642334 ], [ 23.736305663, 37.974659476 ], [ 23.736308369, 37.974673251 ], [ 23.736308386, 37.974673334 ], [ 23.735728102, 37.97475002 ], [ 23.735612541, 37.974766141 ], [ 23.735450726, 37.974788715 ], [ 23.735366398, 37.974800478 ], [ 23.735361886, 37.974801108 ], [ 23.735373807, 37.974858827 ], [ 23.735378933, 37.9748635 ], [ 23.735411678, 37.974893353 ], [ 23.735449525, 37.974992504 ], [ 23.735628, 37.975918914 ], [ 23.735615767, 37.976056638 ], [ 23.735636972, 37.97606793 ], [ 23.73571928, 37.976111758 ], [ 23.735862233, 37.976187879 ], [ 23.736119113, 37.976192962 ], [ 23.736165911, 37.976189323 ], [ 23.736264714, 37.976181639 ], [ 23.736344407, 37.976175441 ], [ 23.736793652, 37.976117863 ], [ 23.737212241, 37.976066378 ], [ 23.737621285, 37.976016064 ], [ 23.737721531, 37.976002081 ], [ 23.737885414, 37.97597922 ], [ 23.737921569, 37.975974177 ], [ 23.738051266, 37.975956084 ], [ 23.73802096, 37.975807532 ], [ 23.738020935, 37.975807422 ], [ 23.737969277, 37.975587652 ], [ 23.737967118, 37.97558793 ] ] ] } },
{ "type": "Feature", "properties": { "zone_id": 15, "year": 2030, "kwh_per_user_cap": 845.35181, "ac_share_cap": 0.85202616091251682, "kwh_pc_overall": 720.26183776160542, "kwh_cap": 10168130.359375 }, "geometry": { "type": "Polygon", "coordinates": [ [ [ 23.767209376, 37.999845152 ], [ 23.768958499, 37.99839426 ], [ 23.769194029, 37.998213317 ], [ 23.769291689, 37.998141575 ], [ 23.769316392, 37.998123429 ], [ 23.769297371, 37.998060301 ], [ 23.769196623, 37.997726629 ], [ 23.769192592, 37.997650012 ], [ 23.768841769, 37.996960005 ], [ 23.768841686, 37.99695984 ], [ 23.768470285, 37.996224563 ], [ 23.768011223, 37.995299842 ], [ 23.767863599, 37.994987845 ], [ 23.767718835, 37.994681885 ], [ 23.767603195, 37.994447323 ], [ 23.767406564, 37.994050369 ], [ 23.767146987, 37.99352711 ], [ 23.766920994, 37.99307602 ], [ 23.766867226, 37.992972266 ], [ 23.766794916, 37.993023622 ], [ 23.766793171, 37.993024861 ], [ 23.766721693, 37.993075625 ], [ 23.766307928, 37.9931424 ], [ 23.766017374, 37.993186887 ], [ 23.765662806, 37.993210102 ], [ 23.765276141, 37.993235418 ], [ 23.765138445, 37.993244432 ], [ 23.764375703, 37.993281382 ], [ 23.763627579, 37.993168589 ], [ 23.762950744, 37.993032034 ], [ 23.762138296, 37.992791554 ], [ 23.761802413, 37.992655681 ], [ 23.761293905, 37.99241581 ], [ 23.760821446, 37.992144465 ], [ 23.760794792, 37.992221566 ], [ 23.760779412, 37.992266053 ], [ 23.760761798, 37.992320094 ], [ 23.760606013, 37.992509047 ], [ 23.760406293, 37.99274748 ], [ 23.760386758, 37.992770584 ], [ 23.760382351, 37.992775796 ], [ 23.76017623, 37.993019565 ], [ 23.760171923, 37.993024658 ], [ 23.760147628, 37.99305339 ], [ 23.760132199, 37.993071074 ], [ 23.760124418, 37.993079994 ], [ 23.759895753, 37.993342088 ], [ 23.759887349, 37.99335172 ], [ 23.759875253, 37.993365585 ], [ 23.759817066, 37.99343609 ], [ 23.759816748, 37.993436476 ], [ 23.759612066, 37.993684494 ], [ 23.759594571, 37.993705692 ], [ 23.759694417, 37.993755467 ], [ 23.759622313, 37.993831141 ], [ 23.759612993, 37.993840923 ], [ 23.759359406, 37.994115296 ], [ 23.75879693, 37.994704485 ], [ 23.758528035, 37.994950005 ], [ 23.758477559, 37.995285158 ], [ 23.758557589, 37.995587358 ], [ 23.758690785, 37.996090313 ], [ 23.758748612, 37.996308672 ], [ 23.758740717, 37.996536736 ], [ 23.758684852, 37.997216245 ], [ 23.758670308, 37.997393146 ], [ 23.758892117, 37.997714477 ], [ 23.759118094, 37.998103385 ], [ 23.7593782, 37.998551027 ], [ 23.759685444, 37.99907982 ], [ 23.759794246, 37.999267023 ], [ 23.759761257, 37.999433494 ], [ 23.759700517, 37.999740005 ], [ 23.759561558, 38.000330062 ], [ 23.759492172, 38.000541722 ], [ 23.759428681, 38.000473996 ], [ 23.75944239, 38.000744409 ], [ 23.759428575, 38.000801287 ], [ 23.759315399, 38.000829771 ], [ 23.759203565, 38.000960228 ], [ 23.759118863, 38.00103527 ], [ 23.758945255, 38.001078851 ], [ 23.758898601, 38.001090562 ], [ 23.759009293, 38.001374421 ], [ 23.75922775, 38.001721443 ], [ 23.759421533, 38.00198836 ], [ 23.759547235, 38.002144812 ], [ 23.759832669, 38.002507906 ], [ 23.759854638, 38.002535852 ], [ 23.759991762, 38.002683271 ], [ 23.760604898, 38.00303604 ], [ 23.761137145, 38.003221886 ], [ 23.761594485, 38.003361069 ], [ 23.761852937, 38.003439724 ], [ 23.761934493, 38.003475051 ], [ 23.762016653, 38.003510641 ], [ 23.762297194, 38.003656852 ], [ 23.762476896, 38.003783395 ], [ 23.762962246, 38.003380694 ], [ 23.763174688, 38.003204426 ], [ 23.763759398, 38.002719273 ], [ 23.764096291, 38.002439738 ], [ 23.76454342, 38.00206873 ], [ 23.764995962, 38.001693226 ], [ 23.765354119, 38.001393052 ], [ 23.765433218, 38.001326758 ], [ 23.765617802, 38.001164772 ], [ 23.765953215, 38.000887083 ], [ 23.766706373, 38.000262376 ], [ 23.767209376, 37.999845152 ] ] ] } },
{ "type": "Feature", "properties": { "zone_id": 16, "year": 2030, "kwh_per_user_cap": 642.11102, "ac_share_cap": 0.83222645742424328, "kwh_pc_overall": 534.3817758363075, "kwh_cap": 8663446.16796875 }, "geometry": { "type": "Polygon", "coordinates": [ [ [ 23.750295642, 37.995479874 ], [ 23.750348497, 37.995418788 ], [ 23.75040462, 37.995353926 ], [ 23.750346893, 37.995164533 ], [ 23.750316621, 37.995065328 ], [ 23.75014725, 37.994528704 ], [ 23.750325679, 37.994493032 ], [ 23.750593488, 37.994438681 ], [ 23.751028376, 37.994345809 ], [ 23.751499196, 37.994252168 ], [ 23.751511608, 37.994249691 ], [ 23.751767015, 37.994198659 ], [ 23.75188319, 37.994171929 ], [ 23.752075144, 37.994199628 ], [ 23.75230278, 37.994232477 ], [ 23.752684791, 37.994287599 ], [ 23.752966377, 37.994328231 ], [ 23.753049648, 37.994340246 ], [ 23.753261518, 37.994370817 ], [ 23.753668267, 37.994429506 ], [ 23.753928635, 37.99359934 ], [ 23.753630952, 37.993431979 ], [ 23.753744975, 37.993353943 ], [ 23.75367693, 37.993299589 ], [ 23.753433656, 37.992832212 ], [ 23.753176764, 37.992296362 ], [ 23.753061491, 37.992055912 ], [ 23.752989452, 37.991912043 ], [ 23.752775497, 37.991484349 ], [ 23.75252162, 37.990977725 ], [ 23.752365891, 37.990429416 ], [ 23.752216371, 37.989902956 ], [ 23.752077497, 37.989413981 ], [ 23.751947499, 37.988956251 ], [ 23.751786622, 37.988389783 ], [ 23.751750878, 37.988315952 ], [ 23.75171034, 37.988232218 ], [ 23.75171025, 37.988232034 ], [ 23.751651601, 37.98810573 ], [ 23.751535873, 37.987704413 ], [ 23.751376444, 37.987176825 ], [ 23.751540978, 37.986929319 ], [ 23.751800966, 37.986551328 ], [ 23.75221863, 37.985952853 ], [ 23.751992147, 37.985258386 ], [ 23.751946265, 37.985357431 ], [ 23.751402329, 37.986149414 ], [ 23.750514557, 37.986327791 ], [ 23.749257891, 37.986568466 ], [ 23.748302881, 37.986737671 ], [ 23.747937654, 37.986561138 ], [ 23.747761454, 37.986470632 ], [ 23.747389901, 37.986271552 ], [ 23.746851359, 37.985995502 ], [ 23.745984227, 37.985552003 ], [ 23.745828478, 37.985744363 ], [ 23.745819252, 37.985755757 ], [ 23.745565166, 37.986069567 ], [ 23.745565044, 37.986069718 ], [ 23.745452437, 37.986208792 ], [ 23.745341661, 37.986346647 ], [ 23.745331359, 37.986359468 ], [ 23.745107423, 37.986638141 ], [ 23.74510297, 37.986643683 ], [ 23.744978877, 37.986798108 ], [ 23.744896685, 37.986897071 ], [ 23.744810547, 37.987005038 ], [ 23.744607881, 37.987261465 ], [ 23.744279417, 37.987670836 ], [ 23.74414647, 37.987832778 ], [ 23.743909897, 37.988116168 ], [ 23.743747303, 37.98830959 ], [ 23.743556792, 37.988548016 ], [ 23.743341274, 37.988813425 ], [ 23.743015675, 37.989213786 ], [ 23.742850112, 37.989449985 ], [ 23.742842209, 37.98946126 ], [ 23.742461937, 37.989788787 ], [ 23.741908893, 37.98931501 ], [ 23.74170836, 37.989161351 ], [ 23.741295623, 37.988935123 ], [ 23.740930772, 37.988742837 ], [ 23.740797607, 37.988672654 ], [ 23.740309823, 37.989243894 ], [ 23.740266927, 37.989297877 ], [ 23.740175782, 37.989410336 ], [ 23.739817293, 37.989846667 ], [ 23.739970818, 37.990311168 ], [ 23.739752892, 37.990346737 ], [ 23.739757965, 37.990522499 ], [ 23.739856307, 37.990892243 ], [ 23.739868604, 37.990937335 ], [ 23.739875982, 37.990964389 ], [ 23.739911821, 37.991095155 ], [ 23.740035115, 37.991555083 ], [ 23.740169671, 37.992051086 ], [ 23.740259194, 37.992389125 ], [ 23.740259232, 37.992389266 ], [ 23.740259335, 37.992389308 ], [ 23.740531463, 37.992498021 ], [ 23.740866412, 37.992584381 ], [ 23.741078689, 37.992638926 ], [ 23.741079892, 37.992672388 ], [ 23.741080959, 37.992702021 ], [ 23.74219068, 37.993153306 ], [ 23.742819353, 37.993408958 ], [ 23.742946319, 37.993431939 ], [ 23.743425082, 37.99336883 ], [ 23.744024663, 37.993289792 ], [ 23.744292808, 37.993245311 ], [ 23.744710354, 37.993633771 ], [ 23.744751282, 37.993673562 ], [ 23.744942256, 37.993859232 ], [ 23.744998376, 37.993913793 ], [ 23.745115448, 37.994022201 ], [ 23.745551803, 37.994428724 ], [ 23.745874292, 37.994726845 ], [ 23.745969347, 37.994821685 ], [ 23.746269014, 37.995133275 ], [ 23.7465766, 37.995473862 ], [ 23.746613741, 37.995467798 ], [ 23.746724555, 37.995449706 ], [ 23.747333154, 37.995347368 ], [ 23.747385193, 37.995324947 ], [ 23.747785575, 37.995135791 ], [ 23.748041948, 37.995508423 ], [ 23.748060835, 37.995543162 ], [ 23.74811631, 37.995645194 ], [ 23.748257521, 37.995904913 ], [ 23.748284832, 37.995955145 ], [ 23.748307994, 37.995997743 ], [ 23.748615462, 37.995877366 ], [ 23.749119764, 37.995675654 ], [ 23.749202285, 37.995650879 ], [ 23.749298613, 37.995621959 ], [ 23.749777147, 37.995460746 ], [ 23.749978, 37.995425122 ], [ 23.750295642, 37.995479874 ] ] ] } },
{ "type": "Feature", "properties": { "zone_id": 17, "year": 2030, "kwh_per_user_cap": 829.16156, "ac_share_cap": 0.67575413321001121, "kwh_pc_overall": 560.30932427516461, "kwh_cap": 8955775.140625 }, "geometry": { "type": "Polygon", "coordinates": [ [ [ 23.746673737, 37.956760491 ], [ 23.746510887, 37.956803168 ], [ 23.745965025, 37.956944234 ], [ 23.745713797, 37.957007975 ], [ 23.745631273, 37.956532827 ], [ 23.745579224, 37.956385455 ], [ 23.745290795, 37.955853069 ], [ 23.745021867, 37.955948111 ], [ 23.744647884, 37.956080279 ], [ 23.744150766, 37.956261607 ], [ 23.74376734, 37.956388942 ], [ 23.743444826, 37.956324935 ], [ 23.742936948, 37.956224135 ], [ 23.742405207, 37.956126417 ], [ 23.741927918, 37.956038704 ], [ 23.741020548, 37.955871947 ], [ 23.740392984, 37.955756608 ], [ 23.740116141, 37.955708204 ], [ 23.73999858, 37.955990953 ], [ 23.73984734, 37.956354703 ], [ 23.738718255, 37.956270961 ], [ 23.737466198, 37.956165983 ], [ 23.737141816, 37.956138783 ], [ 23.736677031, 37.956099808 ], [ 23.736158006, 37.956056283 ], [ 23.735736085, 37.9560209 ], [ 23.735873163, 37.955674988 ], [ 23.735829382, 37.95566266 ], [ 23.735479823, 37.955564221 ], [ 23.735473238, 37.955562367 ], [ 23.734873156, 37.955393376 ], [ 23.734786974, 37.955594658 ], [ 23.734734652, 37.955717082 ], [ 23.734632042, 37.955960199 ], [ 23.734590773, 37.956087495 ], [ 23.734549079, 37.9562161 ], [ 23.734407733, 37.956652082 ], [ 23.73440609, 37.956657147 ], [ 23.734374382, 37.95675495 ], [ 23.733309455, 37.956953439 ], [ 23.732687988, 37.957055372 ], [ 23.732421729, 37.957104338 ], [ 23.731847268, 37.957193159 ], [ 23.731720467, 37.957237934 ], [ 23.730970568, 37.957344377 ], [ 23.730137006, 37.957468649 ], [ 23.729946803, 37.957535809 ], [ 23.729872292, 37.957580702 ], [ 23.729695771, 37.957738004 ], [ 23.729645309, 37.957782971 ], [ 23.729683322, 37.957796578 ], [ 23.730042935, 37.957901052 ], [ 23.730552906, 37.958037414 ], [ 23.730672686, 37.958064727 ], [ 23.730674442, 37.958065027 ], [ 23.730747321, 37.958077479 ], [ 23.730806357, 37.958087565 ], [ 23.730863152, 37.958101949 ], [ 23.731560517, 37.958278559 ], [ 23.731637951, 37.958310281 ], [ 23.732111369, 37.958424021 ], [ 23.732111528, 37.958424061 ], [ 23.732322149, 37.958476858 ], [ 23.73289388, 37.958620176 ], [ 23.732909614, 37.958624119 ], [ 23.73291964, 37.958626664 ], [ 23.733497324, 37.958773266 ], [ 23.733564298, 37.958790263 ], [ 23.733644237, 37.958810549 ], [ 23.734208258, 37.958956031 ], [ 23.734268352, 37.959074559 ], [ 23.734933552, 37.959253781 ], [ 23.735461349, 37.959395981 ], [ 23.735682506, 37.959473828 ], [ 23.736016778, 37.959591492 ], [ 23.736201022, 37.959682941 ], [ 23.736593024, 37.959906507 ], [ 23.736598483, 37.95990962 ], [ 23.736698336, 37.959966568 ], [ 23.736699995, 37.959967723 ], [ 23.737013595, 37.96018614 ], [ 23.737214768, 37.960326331 ], [ 23.737190263, 37.960382261 ], [ 23.737478704, 37.960500072 ], [ 23.739136404, 37.961418568 ], [ 23.739305857, 37.961522051 ], [ 23.73936262, 37.961556716 ], [ 23.739444168, 37.961606516 ], [ 23.739462275, 37.961617574 ], [ 23.739794842, 37.96180266 ], [ 23.739995601, 37.961914391 ], [ 23.740015086, 37.961925235 ], [ 23.740111248, 37.96197766 ], [ 23.740660359, 37.962277021 ], [ 23.741608634, 37.962793983 ], [ 23.741895864, 37.962956712 ], [ 23.742425016, 37.963256496 ], [ 23.742455069, 37.963273522 ], [ 23.743420072, 37.963829923 ], [ 23.743442629, 37.963842812 ], [ 23.74350578, 37.963878897 ], [ 23.743843823, 37.964072052 ], [ 23.743865969, 37.964084706 ], [ 23.744243438, 37.964300386 ], [ 23.744473264, 37.964431429 ], [ 23.744473294, 37.964431447 ], [ 23.744473515, 37.964431573 ], [ 23.744555412, 37.964340252 ], [ 23.744610656, 37.964278651 ], [ 23.744617108, 37.964271735 ], [ 23.74481205, 37.964062779 ], [ 23.74495528, 37.963902752 ], [ 23.74517991, 37.963648984 ], [ 23.745496741, 37.963294844 ], [ 23.745853234, 37.962898926 ], [ 23.74629126, 37.962416619 ], [ 23.746512574, 37.962166654 ], [ 23.746603392, 37.962065789 ], [ 23.746520985, 37.962022017 ], [ 23.745986287, 37.96173799 ], [ 23.745525578, 37.961480762 ], [ 23.745051753, 37.961211829 ], [ 23.744550121, 37.960932034 ], [ 23.745416309, 37.95998362 ], [ 23.745921512, 37.959430444 ], [ 23.746461994, 37.958838629 ], [ 23.746701394, 37.958567003 ], [ 23.747306872, 37.957879053 ], [ 23.747703197, 37.957428737 ], [ 23.747552634, 37.957284493 ], [ 23.746934382, 37.956692183 ], [ 23.746673737, 37.956760491 ] ] ] } },
{ "type": "Feature", "properties": { "zone_id": 18, "year": 2030, "kwh_per_user_cap": 629.44348, "ac_share_cap": 0.8838997520034747, "kwh_pc_overall": 556.36493003078465, "kwh_cap": 6153373.357421875 }, "geometry": { "type": "Polygon", "coordinates": [ [ [ 23.770795762, 37.984720735 ], [ 23.770823668, 37.984694872 ], [ 23.770149205, 37.984232005 ], [ 23.769396465, 37.983842708 ], [ 23.76873322, 37.983536835 ], [ 23.768663222, 37.983504567 ], [ 23.768254768, 37.983320765 ], [ 23.768254425, 37.983320612 ], [ 23.766701402, 37.982622587 ], [ 23.766055797, 37.982334712 ], [ 23.764514258, 37.981647318 ], [ 23.763998281, 37.981417228 ], [ 23.763476835, 37.981184697 ], [ 23.762297102, 37.980658598 ], [ 23.761816095, 37.980444089 ], [ 23.761503213, 37.980304554 ], [ 23.761281433, 37.980205647 ], [ 23.761158928, 37.980205694 ], [ 23.760984407, 37.980205762 ], [ 23.760258595, 37.980206038 ], [ 23.759273236, 37.980206121 ], [ 23.758765421, 37.980201712 ], [ 23.758281764, 37.979987343 ], [ 23.757487605, 37.979635344 ], [ 23.75670195, 37.979287106 ], [ 23.756357536, 37.979751638 ], [ 23.756097418, 37.980075562 ], [ 23.756095269, 37.98007795 ], [ 23.756048844, 37.980129538 ], [ 23.755976877, 37.980156428 ], [ 23.755976585, 37.980156537 ], [ 23.755881394, 37.980192281 ], [ 23.754938463, 37.980717376 ], [ 23.754938109, 37.980717572 ], [ 23.754941418, 37.980721021 ], [ 23.755317796, 37.981113349 ], [ 23.755319315, 37.981114932 ], [ 23.755681043, 37.981485211 ], [ 23.756206905, 37.9820451 ], [ 23.756577597, 37.982397369 ], [ 23.756934062, 37.982641453 ], [ 23.757374597, 37.982858671 ], [ 23.757395267, 37.982869255 ], [ 23.758514601, 37.983442347 ], [ 23.758984462, 37.98383537 ], [ 23.759340735, 37.984142537 ], [ 23.759511944, 37.984306822 ], [ 23.759677311, 37.984454546 ], [ 23.760009531, 37.984740785 ], [ 23.760405539, 37.985100073 ], [ 23.760436737, 37.985136188 ], [ 23.760592372, 37.985316762 ], [ 23.760660093, 37.985393509 ], [ 23.761156015, 37.98609752 ], [ 23.761404808, 37.986413475 ], [ 23.76140768, 37.986412912 ], [ 23.762953086, 37.986110169 ], [ 23.763447057, 37.985989489 ], [ 23.763588963, 37.985980123 ], [ 23.763844589, 37.98596325 ], [ 23.763910844, 37.985958876 ], [ 23.763969922, 37.98617981 ], [ 23.765193858, 37.986700499 ], [ 23.765259565, 37.986741188 ], [ 23.765382093, 37.986818041 ], [ 23.765779077, 37.987093725 ], [ 23.766049402, 37.987360142 ], [ 23.766402049, 37.987703331 ], [ 23.766589107, 37.987856921 ], [ 23.766737874, 37.98796537 ], [ 23.767107367, 37.988159879 ], [ 23.767338726, 37.988259478 ], [ 23.768302534, 37.988793139 ], [ 23.769237287, 37.989290684 ], [ 23.769540513, 37.989047625 ], [ 23.770222722, 37.988490469 ], [ 23.770263047, 37.988454496 ], [ 23.770670386, 37.988270527 ], [ 23.770648776, 37.98823894 ], [ 23.770622584, 37.988218399 ], [ 23.77023981, 37.987918186 ], [ 23.769831596, 37.987597557 ], [ 23.769812989, 37.987580193 ], [ 23.769742243, 37.987514178 ], [ 23.769598529, 37.987404189 ], [ 23.769405145, 37.987256183 ], [ 23.769390154, 37.987244468 ], [ 23.769447407, 37.987195607 ], [ 23.769492087, 37.987132604 ], [ 23.769260187, 37.986978931 ], [ 23.768977497, 37.986793613 ], [ 23.768922175, 37.986751318 ], [ 23.768995847, 37.986671572 ], [ 23.770758456, 37.98475531 ], [ 23.770795762, 37.984720735 ] ] ] } },
{ "type": "Feature", "properties": { "zone_id": 19, "year": 2030, "kwh_per_user_cap": 909.58759, "ac_share_cap": 0.54108989185721212, "kwh_pc_overall": 492.1686384441166, "kwh_cap": 10658882.234375 }, "geometry": { "type": "Polygon", "coordinates": [ [ [ 23.725475087, 37.955785971 ], [ 23.725520367, 37.9558114 ], [ 23.725555665, 37.955831224 ], [ 23.725622305, 37.955894469 ], [ 23.72613492, 37.956175063 ], [ 23.726181419, 37.95620221 ], [ 23.726306396, 37.956265591 ], [ 23.726353251, 37.956292739 ], [ 23.726749784, 37.95650997 ], [ 23.727489651, 37.956903747 ], [ 23.727853583, 37.957089354 ], [ 23.727962605, 37.957139177 ], [ 23.728061686, 37.95718447 ], [ 23.728241398, 37.957261495 ], [ 23.728606533, 37.957411051 ], [ 23.729645309, 37.957782971 ], [ 23.729695771, 37.957738004 ], [ 23.729872292, 37.957580702 ], [ 23.729946803, 37.957535809 ], [ 23.730137006, 37.957468649 ], [ 23.730970568, 37.957344377 ], [ 23.731720467, 37.957237934 ], [ 23.731847268, 37.957193159 ], [ 23.732421729, 37.957104338 ], [ 23.732687988, 37.957055372 ], [ 23.733309455, 37.956953439 ], [ 23.734374382, 37.95675495 ], [ 23.73440609, 37.956657147 ], [ 23.734407733, 37.956652082 ], [ 23.734549079, 37.9562161 ], [ 23.734590773, 37.956087495 ], [ 23.734632042, 37.955960199 ], [ 23.734734652, 37.955717082 ], [ 23.734786974, 37.955594658 ], [ 23.734873156, 37.955393376 ], [ 23.734061488, 37.955165776 ], [ 23.734050257, 37.955203169 ], [ 23.734011109, 37.955302409 ], [ 23.733983298, 37.955372907 ], [ 23.733790754, 37.955638583 ], [ 23.733789968, 37.955639668 ], [ 23.733547137, 37.955780759 ], [ 23.733321151, 37.955653787 ], [ 23.732309177, 37.955085193 ], [ 23.731227084, 37.954600536 ], [ 23.731158159, 37.954577846 ], [ 23.731054762, 37.954546064 ], [ 23.730885062, 37.954455547 ], [ 23.7308178, 37.954365364 ], [ 23.730522489, 37.954220468 ], [ 23.730476026, 37.95419767 ], [ 23.729917809, 37.954294478 ], [ 23.729860102, 37.954304486 ], [ 23.729839357, 37.954315255 ], [ 23.729652684, 37.954412164 ], [ 23.729562432, 37.954337336 ], [ 23.729526889, 37.954307866 ], [ 23.729320035, 37.954136363 ], [ 23.729289742, 37.954110614 ], [ 23.728891607, 37.95376455 ], [ 23.728858344, 37.953735637 ], [ 23.728855103, 37.95373282 ], [ 23.728572405, 37.953487094 ], [ 23.728538814, 37.953457895 ], [ 23.727542081, 37.952591494 ], [ 23.727476447, 37.952534441 ], [ 23.72681869, 37.952685753 ], [ 23.72661526, 37.952732552 ], [ 23.726612246, 37.952733246 ], [ 23.726480673, 37.95255768 ], [ 23.725634608, 37.951422297 ], [ 23.725404177, 37.951079305 ], [ 23.725173815, 37.950736413 ], [ 23.724948453, 37.95040096 ], [ 23.724848424, 37.950264423 ], [ 23.724816679, 37.950229719 ], [ 23.724612664, 37.950006685 ], [ 23.724530599, 37.949950968 ], [ 23.724331791, 37.949861695 ], [ 23.724027422, 37.949672451 ], [ 23.723732014, 37.949443105 ], [ 23.723468221, 37.949238303 ], [ 23.723199216, 37.94902945 ], [ 23.722949747, 37.948835765 ], [ 23.722020161, 37.949608528 ], [ 23.72168878, 37.949860106 ], [ 23.721104836, 37.950318061 ], [ 23.721104429, 37.95031838 ], [ 23.720181597, 37.951009935 ], [ 23.720076629, 37.951088595 ], [ 23.719317189, 37.951693105 ], [ 23.718635384, 37.952274763 ], [ 23.717917659, 37.952847135 ], [ 23.717800532, 37.95294252 ], [ 23.7171627, 37.95346195 ], [ 23.716980244, 37.953610533 ], [ 23.716550792, 37.953960256 ], [ 23.716176975, 37.954264668 ], [ 23.715738876, 37.954621423 ], [ 23.715725943, 37.954631956 ], [ 23.715033247, 37.955196024 ], [ 23.714917414, 37.955284986 ], [ 23.714872964, 37.955319124 ], [ 23.717549782, 37.957439105 ], [ 23.718454206, 37.958139771 ], [ 23.720338267, 37.959593333 ], [ 23.720338314, 37.959593369 ], [ 23.720382373, 37.95954185 ], [ 23.720471247, 37.959437931 ], [ 23.721505355, 37.958593171 ], [ 23.721967196, 37.958188683 ], [ 23.72212143, 37.958040335 ], [ 23.722982535, 37.957312321 ], [ 23.72322666, 37.957096586 ], [ 23.723388546, 37.956993319 ], [ 23.723432434, 37.95695737 ], [ 23.723792893, 37.956642766 ], [ 23.724125907, 37.956337549 ], [ 23.724150908, 37.956314635 ], [ 23.724269461, 37.956193239 ], [ 23.724920033, 37.955631455 ], [ 23.725063839, 37.955510117 ], [ 23.725065969, 37.955508321 ], [ 23.725475087, 37.955785971 ] ] ] } },
{ "type": "Feature", "properties": { "zone_id": 20, "year": 2030, "kwh_per_user_cap": 766.32288, "ac_share_cap": 0.38866212898670593, "kwh_pc_overall": 297.8406665330304, "kwh_cap": 2461004.549621582 }, "geometry": { "type": "Polygon", "coordinates": [ [ [ 23.707499201, 37.98853598 ], [ 23.707812142, 37.988234827 ], [ 23.70820832, 37.987852765 ], [ 23.70869385, 37.987371781 ], [ 23.708977121, 37.987102097 ], [ 23.708580333, 37.986740601 ], [ 23.708507864, 37.986674399 ], [ 23.708412003, 37.986586828 ], [ 23.708966505, 37.986215368 ], [ 23.709115534, 37.986115533 ], [ 23.709060165, 37.986060768 ], [ 23.709057744, 37.986058373 ], [ 23.708558297, 37.98556437 ], [ 23.708350228, 37.985356558 ], [ 23.708197553, 37.985035174 ], [ 23.708195309, 37.985030451 ], [ 23.708174475, 37.984986596 ], [ 23.708139084, 37.984919353 ], [ 23.707830109, 37.984332309 ], [ 23.707905963, 37.984048593 ], [ 23.707966512, 37.983854967 ], [ 23.707938083, 37.983689413 ], [ 23.707846514, 37.983156173 ], [ 23.707738331, 37.982529511 ], [ 23.707722071, 37.982412303 ], [ 23.70895944, 37.982027819 ], [ 23.708935144, 37.981979218 ], [ 23.708878239, 37.981865386 ], [ 23.708478691, 37.981039721 ], [ 23.708280281, 37.980642663 ], [ 23.708042643, 37.980177911 ], [ 23.707935754, 37.98003344 ], [ 23.707236361, 37.980347152 ], [ 23.706565785, 37.980660931 ], [ 23.705961533, 37.98093882 ], [ 23.705756349, 37.980370498 ], [ 23.70550858, 37.979693422 ], [ 23.704476825, 37.979862913 ], [ 23.704008925, 37.979998856 ], [ 23.703409942, 37.980268977 ], [ 23.703385261, 37.980213777 ], [ 23.702970807, 37.979286851 ], [ 23.702955744, 37.979253163 ], [ 23.702746776, 37.97867302 ], [ 23.702619958, 37.978420435 ], [ 23.70259499, 37.978370706 ], [ 23.702484676, 37.978124228 ], [ 23.702469801, 37.978090991 ], [ 23.702447004, 37.978034337 ], [ 23.702362705, 37.97782484 ], [ 23.702194491, 37.977450381 ], [ 23.702010289, 37.977036634 ], [ 23.701989619, 37.976990206 ], [ 23.702424562, 37.976869634 ], [ 23.702830035, 37.976821088 ], [ 23.702828987, 37.976786746 ], [ 23.702827835, 37.97674898 ], [ 23.702714459, 37.975658137 ], [ 23.702703332, 37.975539965 ], [ 23.702697057, 37.975473329 ], [ 23.700576174, 37.975621169 ], [ 23.697602123, 37.975748754 ], [ 23.696784816, 37.975782014 ], [ 23.696273311, 37.975800255 ], [ 23.696059785, 37.975807869 ], [ 23.693682602, 37.975891832 ], [ 23.691937408, 37.975959378 ], [ 23.685289378, 37.976339415 ], [ 23.685462225, 37.976623755 ], [ 23.68693771, 37.978424714 ], [ 23.68721338, 37.978675058 ], [ 23.687882555, 37.979282744 ], [ 23.688167542, 37.979541541 ], [ 23.689491571, 37.980826112 ], [ 23.68977839, 37.981190415 ], [ 23.689914941, 37.981433878 ], [ 23.690072132, 37.981607174 ], [ 23.690414832, 37.981984981 ], [ 23.690692844, 37.982458832 ], [ 23.690787986, 37.982620994 ], [ 23.690897232, 37.982807194 ], [ 23.691270715, 37.983240016 ], [ 23.691915037, 37.983804984 ], [ 23.692326412, 37.984166334 ], [ 23.69258434, 37.984462749 ], [ 23.692783901, 37.984692087 ], [ 23.693152223, 37.985088067 ], [ 23.69334998, 37.985391397 ], [ 23.693525982, 37.985661357 ], [ 23.693620508, 37.985864392 ], [ 23.694146415, 37.986792889 ], [ 23.694289874, 37.987322434 ], [ 23.694305254, 37.987379207 ], [ 23.694354868, 37.987459072 ], [ 23.694386384, 37.987509806 ], [ 23.694406734, 37.98754689 ], [ 23.694516527, 37.98774696 ], [ 23.694564933, 37.98787014 ], [ 23.694850425, 37.988596631 ], [ 23.69498972, 37.988980523 ], [ 23.694989748, 37.988980601 ], [ 23.695119998, 37.9893417 ], [ 23.695839793, 37.990699044 ], [ 23.696067819, 37.991101561 ], [ 23.696457548, 37.991649143 ], [ 23.697120313, 37.99258033 ], [ 23.697503621, 37.992971515 ], [ 23.697601818, 37.993041644 ], [ 23.697905719, 37.993068434 ], [ 23.697978639, 37.993074863 ], [ 23.698082243, 37.993115866 ], [ 23.698400159, 37.99340481 ], [ 23.698475103, 37.993472924 ], [ 23.698546776, 37.993516476 ], [ 23.700893404, 37.992073532 ], [ 23.701724794, 37.991511371 ], [ 23.703374594, 37.990395815 ], [ 23.704242146, 37.989798646 ], [ 23.704854138, 37.989385593 ], [ 23.706240075, 37.988422978 ], [ 23.70629751, 37.988383086 ], [ 23.706754804, 37.988065459 ], [ 23.707499201, 37.98853598 ] ] ] } },
{ "type": "Feature", "properties": { "zone_id": 21, "year": 2030, "kwh_per_user_cap": 747.22296, "ac_share_cap": 0.9458822520698017, "kwh_pc_overall": 706.78497469759304, "kwh_cap": 10527750.708984375 }, "geometry": { "type": "Polygon", "coordinates": [ [ [ 23.77828007, 37.998054805 ], [ 23.778464635, 37.998303824 ], [ 23.779067395, 37.999117067 ], [ 23.780028395, 37.998540516 ], [ 23.780532924, 37.998239528 ], [ 23.78104458, 37.997934045 ], [ 23.78155303, 37.997628554 ], [ 23.782034715, 37.997345543 ], [ 23.782094587, 37.997310571 ], [ 23.782196224, 37.997251207 ], [ 23.781900031, 37.99703435 ], [ 23.781118928, 37.996510154 ], [ 23.779360363, 37.995438846 ], [ 23.778212462, 37.994760724 ], [ 23.777967461, 37.994570992 ], [ 23.777869913, 37.994462654 ], [ 23.777593591, 37.994155695 ], [ 23.777475006, 37.994060835 ], [ 23.77622388, 37.99316619 ], [ 23.776227165, 37.993139157 ], [ 23.776054939, 37.99301265 ], [ 23.775911459, 37.992913235 ], [ 23.775734252, 37.992786718 ], [ 23.775685439, 37.99280465 ], [ 23.775306073, 37.992565086 ], [ 23.774559048, 37.992216661 ], [ 23.773896714, 37.991990069 ], [ 23.773563467, 37.991917325 ], [ 23.773485583, 37.991899149 ], [ 23.771323246, 37.990962135 ], [ 23.771280281, 37.990930507 ], [ 23.7701243, 37.98992332 ], [ 23.770067756, 37.989969931 ], [ 23.770009767, 37.990017731 ], [ 23.768815086, 37.990466032 ], [ 23.769033411, 37.990980193 ], [ 23.768474783, 37.991184209 ], [ 23.768336326, 37.991627748 ], [ 23.768006689, 37.991766797 ], [ 23.768383514, 37.992353375 ], [ 23.768365591, 37.992393897 ], [ 23.768126078, 37.992506086 ], [ 23.768047767, 37.992510438 ], [ 23.767382319, 37.992824574 ], [ 23.767349534, 37.992838028 ], [ 23.767151586, 37.992860168 ], [ 23.766867226, 37.992972266 ], [ 23.766920994, 37.99307602 ], [ 23.767146987, 37.99352711 ], [ 23.767406564, 37.994050369 ], [ 23.767603195, 37.994447323 ], [ 23.767718835, 37.994681885 ], [ 23.767863599, 37.994987845 ], [ 23.768011223, 37.995299842 ], [ 23.768470285, 37.996224563 ], [ 23.768841686, 37.99695984 ], [ 23.768841769, 37.996960005 ], [ 23.769192592, 37.997650012 ], [ 23.769196623, 37.997726629 ], [ 23.769297371, 37.998060301 ], [ 23.769316392, 37.998123429 ], [ 23.769407451, 37.998141633 ], [ 23.769508021, 37.998191401 ], [ 23.769557138, 37.998191497 ], [ 23.769874533, 37.998561645 ], [ 23.769973496, 37.998669992 ], [ 23.770364725, 37.998990713 ], [ 23.771545746, 37.99988979 ], [ 23.771761648, 38.00005244 ], [ 23.771908843, 38.00010265 ], [ 23.772554853, 38.000224867 ], [ 23.773258281, 38.000357944 ], [ 23.773498305, 38.000403351 ], [ 23.773607403, 38.00042399 ], [ 23.773850815, 38.000448534 ], [ 23.774315252, 38.000550941 ], [ 23.774960605, 38.000678813 ], [ 23.775519213, 38.000293698 ], [ 23.775981553, 37.999974946 ], [ 23.776680523, 37.999493045 ], [ 23.777161435, 37.999161477 ], [ 23.777514982, 37.998918606 ], [ 23.777952069, 37.99865201 ], [ 23.778022355, 37.99860914 ], [ 23.778217261, 37.998136528 ], [ 23.778256857, 37.998023485 ], [ 23.77828007, 37.998054805 ] ] ] } },
{ "type": "Feature", "properties": { "zone_id": 22, "year": 2030, "kwh_per_user_cap": 670.30396, "ac_share_cap": 0.97574823878414019, "kwh_pc_overall": 654.0479125897524, "kwh_cap": 2073884.0258789062 }, "geometry": { "type": "Polygon", "coordinates": [ [ [ 23.740342291, 37.974273605 ], [ 23.740174738, 37.97325478 ], [ 23.739810974, 37.971101276 ], [ 23.739800081, 37.971036785 ], [ 23.739679305, 37.970300088 ], [ 23.739678875, 37.970297461 ], [ 23.739733933, 37.970197446 ], [ 23.740080515, 37.97007388 ], [ 23.740135353, 37.970017211 ], [ 23.740198832, 37.969951614 ], [ 23.740426727, 37.970070455 ], [ 23.740476547, 37.970096433 ], [ 23.740526383, 37.970036328 ], [ 23.740602535, 37.969944485 ], [ 23.740692501, 37.969835979 ], [ 23.740748811, 37.969768064 ], [ 23.740841041, 37.969656027 ], [ 23.740911743, 37.969570139 ], [ 23.74096926, 37.969606259 ], [ 23.740972226, 37.969608121 ], [ 23.741016809, 37.969636118 ], [ 23.741264616, 37.969791731 ], [ 23.741287696, 37.969767017 ], [ 23.741348857, 37.969701526 ], [ 23.74135165, 37.969698535 ], [ 23.741369611, 37.969679301 ], [ 23.741432702, 37.969643938 ], [ 23.741664765, 37.969513864 ], [ 23.741713975, 37.969486281 ], [ 23.741721033, 37.969482231 ], [ 23.742128583, 37.969248349 ], [ 23.74267975, 37.968925092 ], [ 23.74270307, 37.968901474 ], [ 23.742722188, 37.968861688 ], [ 23.742806756, 37.968489222 ], [ 23.742816576, 37.968253932 ], [ 23.74281905, 37.968236478 ], [ 23.742819476, 37.968233472 ], [ 23.742908318, 37.967606459 ], [ 23.742909846, 37.967595673 ], [ 23.742921261, 37.967515104 ], [ 23.742892383, 37.967500732 ], [ 23.742031247, 37.967072175 ], [ 23.741176751, 37.966646043 ], [ 23.741068146, 37.966672842 ], [ 23.741001425, 37.966697236 ], [ 23.740997476, 37.966698679 ], [ 23.740625589, 37.966834641 ], [ 23.740602556, 37.966843061 ], [ 23.740324013, 37.966937082 ], [ 23.739946734, 37.966882171 ], [ 23.739569455, 37.96682726 ], [ 23.739379144, 37.966824722 ], [ 23.739164252, 37.966821856 ], [ 23.739021233, 37.966821538 ], [ 23.738611888, 37.966780072 ], [ 23.738534703, 37.966775394 ], [ 23.73842856, 37.966910351 ], [ 23.738421917, 37.966909127 ], [ 23.73840975, 37.966906885 ], [ 23.73840469, 37.966905953 ], [ 23.738230524, 37.966873859 ], [ 23.738218263, 37.96689956 ], [ 23.738215806, 37.966904711 ], [ 23.737974956, 37.967409557 ], [ 23.737721885, 37.967925886 ], [ 23.737603923, 37.968166554 ], [ 23.73759773, 37.968179189 ], [ 23.737557024, 37.968262239 ], [ 23.737491009, 37.968210733 ], [ 23.7373327, 37.968145899 ], [ 23.736825652, 37.967985864 ], [ 23.736572987, 37.967914873 ], [ 23.736318458, 37.96786728 ], [ 23.736091692, 37.967829925 ], [ 23.735781954, 37.967810806 ], [ 23.735307947, 37.967767136 ], [ 23.735058121, 37.967671003 ], [ 23.734825894, 37.967534608 ], [ 23.734569119, 37.967316299 ], [ 23.734435883, 37.967266428 ], [ 23.734197761, 37.967198293 ], [ 23.73390506, 37.967172122 ], [ 23.733615767, 37.967131166 ], [ 23.733492403, 37.967115799 ], [ 23.733490461, 37.967167643 ], [ 23.733490451, 37.967167913 ], [ 23.733487855, 37.967237245 ], [ 23.733487831, 37.9672379 ], [ 23.733485493, 37.96730033 ], [ 23.733346668, 37.967615466 ], [ 23.733289598, 37.967655895 ], [ 23.731903917, 37.968324205 ], [ 23.731698728, 37.96839584 ], [ 23.731618467, 37.968410681 ], [ 23.731664137, 37.968484809 ], [ 23.731699564, 37.969692082 ], [ 23.731692482, 37.969936441 ], [ 23.731701871, 37.970053643 ], [ 23.731732356, 37.970157088 ], [ 23.731806706, 37.970265705 ], [ 23.732044628, 37.970428702 ], [ 23.732354005, 37.9705164 ], [ 23.732614749, 37.970634491 ], [ 23.732855338, 37.970826848 ], [ 23.732898272, 37.970875658 ], [ 23.733876644, 37.971987912 ], [ 23.733931587, 37.972076235 ], [ 23.734124157, 37.972318901 ], [ 23.734816047, 37.973086135 ], [ 23.735082196, 37.973409709 ], [ 23.735158951, 37.973583898 ], [ 23.735310481, 37.973993525 ], [ 23.735450726, 37.974788715 ], [ 23.735612541, 37.974766141 ], [ 23.735728102, 37.97475002 ], [ 23.736308386, 37.974673334 ], [ 23.736308369, 37.974673251 ], [ 23.736305663, 37.974659476 ], [ 23.736434844, 37.974642334 ], [ 23.736437193, 37.974642022 ], [ 23.736447378, 37.974686926 ], [ 23.736447584, 37.974687829 ], [ 23.737364504, 37.974561837 ], [ 23.737366425, 37.974561573 ], [ 23.737565503, 37.974534217 ], [ 23.737566337, 37.974534102 ], [ 23.737567817, 37.974533899 ], [ 23.737803564, 37.975608025 ], [ 23.737803771, 37.975608969 ], [ 23.737967118, 37.97558793 ], [ 23.737969277, 37.975587652 ], [ 23.738020935, 37.975807422 ], [ 23.73802096, 37.975807532 ], [ 23.738051266, 37.975956084 ], [ 23.738416213, 37.975905174 ], [ 23.739086169, 37.975816533 ], [ 23.739103861, 37.975814197 ], [ 23.740563483, 37.975621517 ], [ 23.740563295, 37.975620367 ], [ 23.740464543, 37.975021943 ], [ 23.740342291, 37.974273605 ] ] ] } },
{ "type": "Feature", "properties": { "zone_id": 23, "year": 2030, "kwh_per_user_cap": 960.4826, "ac_share_cap": 0.96949845164426918, "kwh_pc_overall": 931.18640098337619, "kwh_cap": 9761785.76953125 }, "geometry": { "type": "Polygon", "coordinates": [ [ [ 23.759420104, 37.975282194 ], [ 23.759421278, 37.975284783 ], [ 23.759421445, 37.975284725 ], [ 23.759456006, 37.975272802 ], [ 23.759514168, 37.975252738 ], [ 23.760422032, 37.974939544 ], [ 23.760479817, 37.974919609 ], [ 23.760480048, 37.974919524 ], [ 23.760512684, 37.97490674 ], [ 23.760743371, 37.974833318 ], [ 23.76079365, 37.974738026 ], [ 23.760964649, 37.97441394 ], [ 23.761189622, 37.974495669 ], [ 23.76119048, 37.97449598 ], [ 23.761324303, 37.974544595 ], [ 23.761420702, 37.974579615 ], [ 23.761590946, 37.974509799 ], [ 23.761734922, 37.97360746 ], [ 23.761741755, 37.973564637 ], [ 23.763249254, 37.972832066 ], [ 23.763543143, 37.973201819 ], [ 23.763757288, 37.97347124 ], [ 23.765659897, 37.972544679 ], [ 23.766767486, 37.972005264 ], [ 23.767349106, 37.971721998 ], [ 23.767406671, 37.971693962 ], [ 23.76740657, 37.971692417 ], [ 23.767305852, 37.970157066 ], [ 23.767311696, 37.970155247 ], [ 23.769075126, 37.96960626 ], [ 23.76936829, 37.969606835 ], [ 23.769953937, 37.969425924 ], [ 23.770107609, 37.969378454 ], [ 23.770472508, 37.969307063 ], [ 23.771342734, 37.96913295 ], [ 23.774222971, 37.968530971 ], [ 23.77438694, 37.968333296 ], [ 23.774394077, 37.968324692 ], [ 23.774404747, 37.968311829 ], [ 23.774756033, 37.967888328 ], [ 23.775318601, 37.967216789 ], [ 23.775373092, 37.967144402 ], [ 23.776271926, 37.966060739 ], [ 23.77627203, 37.966060613 ], [ 23.774547026, 37.966975904 ], [ 23.774514115, 37.966993366 ], [ 23.77413575, 37.967194121 ], [ 23.773981309, 37.967276065 ], [ 23.773868205, 37.967336075 ], [ 23.769213063, 37.968998981 ], [ 23.767237762, 37.969704518 ], [ 23.767189847, 37.969721632 ], [ 23.76535111, 37.970378347 ], [ 23.765346423, 37.970380021 ], [ 23.764313248, 37.970855861 ], [ 23.759424567, 37.973107192 ], [ 23.759363211, 37.973135441 ], [ 23.759144059, 37.972900669 ], [ 23.758966137, 37.972679496 ], [ 23.758781029, 37.972480842 ], [ 23.758356021, 37.972103314 ], [ 23.757845531, 37.971830048 ], [ 23.757306158, 37.971912229 ], [ 23.756573104, 37.972014533 ], [ 23.756064595, 37.972069702 ], [ 23.754159404, 37.972286124 ], [ 23.753486287, 37.972974312 ], [ 23.75348588, 37.972974728 ], [ 23.753484006, 37.972976645 ], [ 23.752419242, 37.972350957 ], [ 23.751487145, 37.973450466 ], [ 23.751398527, 37.973458544 ], [ 23.750920936, 37.97350048 ], [ 23.75023755, 37.973560481 ], [ 23.749443499, 37.973635401 ], [ 23.748681453, 37.973714892 ], [ 23.747914084, 37.973789859 ], [ 23.746901413, 37.973890225 ], [ 23.746550543, 37.973922123 ], [ 23.746550153, 37.973923174 ], [ 23.746501942, 37.974053025 ], [ 23.746453577, 37.974183287 ], [ 23.746453604, 37.974183307 ], [ 23.74645557, 37.974184688 ], [ 23.747074726, 37.97461972 ], [ 23.747722231, 37.975052346 ], [ 23.749388444, 37.976190351 ], [ 23.749484977, 37.976249517 ], [ 23.749515323, 37.976268115 ], [ 23.750568879, 37.976978592 ], [ 23.750607416, 37.97700458 ], [ 23.750928603, 37.977221172 ], [ 23.751245278, 37.977433644 ], [ 23.751337164, 37.977503284 ], [ 23.751705794, 37.977782668 ], [ 23.751811724, 37.977862952 ], [ 23.752095191, 37.978111403 ], [ 23.753400834, 37.979245263 ], [ 23.753909261, 37.979687958 ], [ 23.754302289, 37.980058307 ], [ 23.754938109, 37.980717572 ], [ 23.754938463, 37.980717376 ], [ 23.755881394, 37.980192281 ], [ 23.755976585, 37.980156537 ], [ 23.755976877, 37.980156428 ], [ 23.756048844, 37.980129538 ], [ 23.756095269, 37.98007795 ], [ 23.756097418, 37.980075562 ], [ 23.756357536, 37.979751638 ], [ 23.75670195, 37.979287106 ], [ 23.75681227, 37.979137456 ], [ 23.757199814, 37.978614769 ], [ 23.75767655, 37.977968614 ], [ 23.75765622, 37.977917871 ], [ 23.757691583, 37.977846425 ], [ 23.758183979, 37.97767005 ], [ 23.758948032, 37.977272576 ], [ 23.758949142, 37.977271999 ], [ 23.758947044, 37.977270001 ], [ 23.758219669, 37.976576697 ], [ 23.757893695, 37.976265987 ], [ 23.757558898, 37.975946865 ], [ 23.757558181, 37.975946181 ], [ 23.75755857, 37.975946028 ], [ 23.757640942, 37.975913487 ], [ 23.758288801, 37.975681834 ], [ 23.757996624, 37.975148442 ], [ 23.75799648, 37.975148177 ], [ 23.759204655, 37.974806173 ], [ 23.759420104, 37.975282194 ] ] ] } },
{ "type": "Feature", "properties": { "zone_id": 24, "year": 2030, "kwh_per_user_cap": 749.85968, "ac_share_cap": 0.43548959426589273, "kwh_pc_overall": 326.55609151915303, "kwh_cap": 4767224.29296875 }, "geometry": { "type": "Polygon", "coordinates": [ [ [ 23.721974422, 37.978642903 ], [ 23.721975093, 37.978643428 ], [ 23.721985494, 37.978636506 ], [ 23.722447393, 37.978329093 ], [ 23.722050755, 37.978111848 ], [ 23.722623901, 37.977637841 ], [ 23.722197332, 37.97733217 ], [ 23.722180708, 37.977252147 ], [ 23.722180526, 37.97725127 ], [ 23.722179676, 37.977247181 ], [ 23.722179621, 37.977246917 ], [ 23.722412958, 37.977216284 ], [ 23.722415646, 37.977215929 ], [ 23.722402035, 37.977148159 ], [ 23.722400568, 37.977140855 ], [ 23.722391197, 37.977094198 ], [ 23.722358529, 37.977062502 ], [ 23.72235773, 37.977061726 ], [ 23.722041993, 37.976755391 ], [ 23.721873041, 37.976564825 ], [ 23.721865715, 37.976556562 ], [ 23.721841808, 37.976529596 ], [ 23.721839663, 37.976530895 ], [ 23.721537956, 37.976713641 ], [ 23.721537368, 37.976712997 ], [ 23.721523683, 37.976698025 ], [ 23.721463745, 37.976632449 ], [ 23.721463175, 37.976631825 ], [ 23.721430758, 37.976596359 ], [ 23.721302667, 37.976456217 ], [ 23.721070046, 37.976433812 ], [ 23.720966898, 37.976423876 ], [ 23.720964774, 37.97642463 ], [ 23.720820039, 37.976467895 ], [ 23.720786323, 37.976477973 ], [ 23.720785916, 37.976478095 ], [ 23.720651074, 37.976518402 ], [ 23.720648025, 37.976519313 ], [ 23.720397904, 37.976594078 ], [ 23.719386947, 37.976921186 ], [ 23.71933939, 37.976950845 ], [ 23.719262879, 37.976998561 ], [ 23.719197984, 37.977023529 ], [ 23.719148813, 37.977041437 ], [ 23.718890858, 37.97713095 ], [ 23.718742718, 37.977162141 ], [ 23.71859495, 37.977188826 ], [ 23.718538002, 37.977193196 ], [ 23.718333373, 37.977201719 ], [ 23.718128405, 37.977205735 ], [ 23.71798784, 37.977209904 ], [ 23.717847631, 37.977214075 ], [ 23.717759371, 37.977218369 ], [ 23.717528463, 37.977213309 ], [ 23.717366009, 37.977212918 ], [ 23.717332051, 37.977212837 ], [ 23.717297871, 37.977211724 ], [ 23.717296637, 37.977211684 ], [ 23.716883773, 37.977198239 ], [ 23.716787417, 37.977179982 ], [ 23.716529483, 37.977170348 ], [ 23.716225772, 37.977129058 ], [ 23.716077127, 37.977106167 ], [ 23.715326467, 37.976847411 ], [ 23.715319992, 37.976845178 ], [ 23.715023881, 37.976743105 ], [ 23.714466281, 37.976475874 ], [ 23.714069835, 37.976218044 ], [ 23.714064737, 37.976214917 ], [ 23.713937076, 37.976136606 ], [ 23.713709198, 37.975901717 ], [ 23.713614565, 37.975806851 ], [ 23.713167496, 37.975301042 ], [ 23.71292352, 37.974998516 ], [ 23.712580053, 37.974479437 ], [ 23.712164193, 37.973730352 ], [ 23.711923245, 37.973292639 ], [ 23.711742719, 37.972963227 ], [ 23.711574185, 37.972660883 ], [ 23.711330772, 37.972218655 ], [ 23.710922409, 37.971469584 ], [ 23.710525368, 37.970738565 ], [ 23.710377279, 37.970471101 ], [ 23.710317991, 37.97036402 ], [ 23.710114419, 37.969991248 ], [ 23.71011099, 37.96998497 ], [ 23.709956275, 37.969700683 ], [ 23.709847457, 37.969506638 ], [ 23.709689203, 37.969217835 ], [ 23.709545431, 37.968956107 ], [ 23.70927518, 37.968468745 ], [ 23.708992215, 37.967958817 ], [ 23.708711299, 37.967471427 ], [ 23.708364765, 37.966844173 ], [ 23.708321684, 37.966762951 ], [ 23.708087505, 37.966334258 ], [ 23.707964306, 37.966180734 ], [ 23.707657287, 37.965819456 ], [ 23.707058646, 37.965164533 ], [ 23.706580521, 37.964712698 ], [ 23.706529846, 37.964663 ], [ 23.706445836, 37.964586181 ], [ 23.706388169, 37.964633656 ], [ 23.706340058, 37.964673257 ], [ 23.706322623, 37.964687608 ], [ 23.706239068, 37.964756384 ], [ 23.706183849, 37.964801836 ], [ 23.705897493, 37.964972366 ], [ 23.705524097, 37.96520126 ], [ 23.705343966, 37.965310781 ], [ 23.704815472, 37.965632102 ], [ 23.704247354, 37.965977671 ], [ 23.703570486, 37.966381547 ], [ 23.703570426, 37.966381583 ], [ 23.702622556, 37.966951473 ], [ 23.702166017, 37.967220345 ], [ 23.702138113, 37.967236778 ], [ 23.702058741, 37.967283523 ], [ 23.701289823, 37.967745736 ], [ 23.700819353, 37.968041965 ], [ 23.69954886, 37.96883186 ], [ 23.69980081, 37.969008248 ], [ 23.699926077, 37.969095947 ], [ 23.700768406, 37.969440634 ], [ 23.701818651, 37.969769926 ], [ 23.702110743, 37.969887604 ], [ 23.702312163, 37.969986977 ], [ 23.702469372, 37.970084905 ], [ 23.702767617, 37.970282146 ], [ 23.702808701, 37.970309317 ], [ 23.70366004, 37.970872328 ], [ 23.704225786, 37.971247172 ], [ 23.70510239, 37.971826156 ], [ 23.705560646, 37.972129194 ], [ 23.705561206, 37.972129564 ], [ 23.705993271, 37.972415277 ], [ 23.707080781, 37.973134401 ], [ 23.707524658, 37.973443523 ], [ 23.707569692, 37.973473023 ], [ 23.707646823, 37.973523547 ], [ 23.707682626, 37.973548293 ], [ 23.708199728, 37.973905708 ], [ 23.708965871, 37.974451138 ], [ 23.7096031, 37.974902881 ], [ 23.710613718, 37.975574409 ], [ 23.711132297, 37.975911166 ], [ 23.711483396, 37.976155539 ], [ 23.712033378, 37.976473391 ], [ 23.712566212, 37.976732038 ], [ 23.713455697, 37.977154393 ], [ 23.713463176, 37.977157945 ], [ 23.714348415, 37.977578271 ], [ 23.714511846, 37.977653064 ], [ 23.715252712, 37.977992114 ], [ 23.71584833, 37.978433928 ], [ 23.716003611, 37.97854911 ], [ 23.716726608, 37.979073722 ], [ 23.716861993, 37.979133927 ], [ 23.717819044, 37.979559524 ], [ 23.718226623, 37.979740769 ], [ 23.718238579, 37.979746085 ], [ 23.719347198, 37.980239059 ], [ 23.719350884, 37.980240699 ], [ 23.72070908, 37.980844063 ], [ 23.720741456, 37.980799086 ], [ 23.721232608, 37.980115273 ], [ 23.721525905, 37.979714896 ], [ 23.721542799, 37.979669871 ], [ 23.721566862, 37.979611345 ], [ 23.721722802, 37.979399912 ], [ 23.721811726, 37.9793145 ], [ 23.721131771, 37.978740573 ], [ 23.721466215, 37.97824742 ], [ 23.721467408, 37.978245661 ], [ 23.721974422, 37.978642903 ] ] ] } },
{ "type": "Feature", "properties": { "zone_id": 25, "year": 2030, "kwh_per_user_cap": 706.3064, "ac_share_cap": 0.57659286124475029, "kwh_pc_overall": 407.25122279635684, "kwh_cap": 1730298.1083984375 }, "geometry": { "type": "Polygon", "coordinates": [ [ [ 23.713080664, 38.004646646 ], [ 23.713503123, 38.004652182 ], [ 23.714205412, 38.004653891 ], [ 23.715200257, 38.004665317 ], [ 23.715921446, 38.004658048 ], [ 23.715893318, 38.004567852 ], [ 23.715760567, 38.004378262 ], [ 23.715492577, 38.003999076 ], [ 23.715280871, 38.00370114 ], [ 23.715083368, 38.003412252 ], [ 23.714474839, 38.002550051 ], [ 23.715005503, 38.002470223 ], [ 23.715859549, 38.002341604 ], [ 23.715554558, 38.001867693 ], [ 23.715125031, 38.001199704 ], [ 23.714893986, 38.000843138 ], [ 23.714609172, 38.000400819 ], [ 23.714458064, 38.000175131 ], [ 23.714328225, 37.999972027 ], [ 23.713946473, 37.999380759 ], [ 23.71362773, 37.998879771 ], [ 23.713343323, 37.998428437 ], [ 23.712939037, 37.997778527 ], [ 23.712879281, 37.997676213 ], [ 23.71266259, 37.997295666 ], [ 23.712540948, 37.99709258 ], [ 23.712380401, 37.996826309 ], [ 23.712252033, 37.996614193 ], [ 23.712012456, 37.996219684 ], [ 23.712010852, 37.996217038 ], [ 23.711951895, 37.996185349 ], [ 23.711232104, 37.996764912 ], [ 23.710455837, 37.997402914 ], [ 23.709621667, 37.998099352 ], [ 23.708710763, 37.998845165 ], [ 23.70831581, 37.999173154 ], [ 23.707437002, 37.999896504 ], [ 23.706524201, 38.00066032 ], [ 23.705764109, 38.001276848 ], [ 23.705743243, 38.001293773 ], [ 23.705551821, 38.00144318 ], [ 23.705419811, 38.001546216 ], [ 23.705403687, 38.001558801 ], [ 23.706360113, 38.002124118 ], [ 23.706399035, 38.002147123 ], [ 23.706419626, 38.002160694 ], [ 23.707052701, 38.002644459 ], [ 23.707704824, 38.003173331 ], [ 23.708960657, 38.00414983 ], [ 23.70937434, 38.004403212 ], [ 23.709769099, 38.004604357 ], [ 23.709880909, 38.004661328 ], [ 23.709966621, 38.004660803 ], [ 23.710208399, 38.004659323 ], [ 23.71242251, 38.004645741 ], [ 23.712504347, 38.004645238 ], [ 23.713080664, 38.004646646 ] ] ] } },
{ "type": "Feature", "properties": { "zone_id": 26, "year": 2030, "kwh_per_user_cap": 721.11438, "ac_share_cap": 0.98000001560248584, "kwh_pc_overall": 706.69207559851179, "kwh_cap": 11555607.10546875 }, "geometry": { "type": "Polygon", "coordinates": [ [ [ 23.75261605, 37.98311464 ], [ 23.752895509, 37.982867373 ], [ 23.753059651, 37.982732525 ], [ 23.753293127, 37.982507693 ], [ 23.754113864, 37.981928082 ], [ 23.755058805, 37.981339711 ], [ 23.755184596, 37.981233729 ], [ 23.755212113, 37.981209464 ], [ 23.755227244, 37.981196122 ], [ 23.755319315, 37.981114932 ], [ 23.755317796, 37.981113349 ], [ 23.754941418, 37.980721021 ], [ 23.754938109, 37.980717572 ], [ 23.754302289, 37.980058307 ], [ 23.753909261, 37.979687958 ], [ 23.753400834, 37.979245263 ], [ 23.752095191, 37.978111403 ], [ 23.751811724, 37.977862952 ], [ 23.751705794, 37.977782668 ], [ 23.751337164, 37.977503284 ], [ 23.751245278, 37.977433644 ], [ 23.750928603, 37.977221172 ], [ 23.750607416, 37.97700458 ], [ 23.750568879, 37.976978592 ], [ 23.749515323, 37.976268115 ], [ 23.749484977, 37.976249517 ], [ 23.749388444, 37.976190351 ], [ 23.747722231, 37.975052346 ], [ 23.747074726, 37.97461972 ], [ 23.74645557, 37.974184688 ], [ 23.746453604, 37.974183307 ], [ 23.746453577, 37.974183287 ], [ 23.746418356, 37.974278278 ], [ 23.746393354, 37.974345708 ], [ 23.745817985, 37.975897432 ], [ 23.745808377, 37.975923343 ], [ 23.745797417, 37.9759529 ], [ 23.745783355, 37.975949587 ], [ 23.74436892, 37.975616329 ], [ 23.743433909, 37.975393478 ], [ 23.743122131, 37.975316188 ], [ 23.743006817, 37.975324949 ], [ 23.742752522, 37.975346111 ], [ 23.742584702, 37.975360078 ], [ 23.742030811, 37.975430967 ], [ 23.741176118, 37.975541751 ], [ 23.740563483, 37.975621517 ], [ 23.739103861, 37.975814197 ], [ 23.739086169, 37.975816533 ], [ 23.738416213, 37.975905174 ], [ 23.738051266, 37.975956084 ], [ 23.737921569, 37.975974177 ], [ 23.737885414, 37.97597922 ], [ 23.737721531, 37.976002081 ], [ 23.737621285, 37.976016064 ], [ 23.737212241, 37.976066378 ], [ 23.736793652, 37.976117863 ], [ 23.736344407, 37.976175441 ], [ 23.736264714, 37.976181639 ], [ 23.736165911, 37.976189323 ], [ 23.736119113, 37.976192962 ], [ 23.735862233, 37.976187879 ], [ 23.73571928, 37.976111758 ], [ 23.735636972, 37.97606793 ], [ 23.735615767, 37.976056638 ], [ 23.735787547, 37.976872689 ], [ 23.735512744, 37.977201041 ], [ 23.734861688, 37.977965669 ], [ 23.734854151, 37.978082819 ], [ 23.734347325, 37.978679554 ], [ 23.733800382, 37.97932351 ], [ 23.734855676, 37.979922523 ], [ 23.735240857, 37.980141157 ], [ 23.735417967, 37.980241686 ], [ 23.736349854, 37.980770624 ], [ 23.736448992, 37.980826895 ], [ 23.736641677, 37.98093626 ], [ 23.736789704, 37.981020279 ], [ 23.736965296, 37.981119941 ], [ 23.737306186, 37.981313423 ], [ 23.737987392, 37.981700055 ], [ 23.738502225, 37.981992252 ], [ 23.73910247, 37.982332921 ], [ 23.739253689, 37.982418744 ], [ 23.739536147, 37.982261733 ], [ 23.740003312, 37.982010401 ], [ 23.740414134, 37.981556159 ], [ 23.740380591, 37.981380335 ], [ 23.740371484, 37.981339757 ], [ 23.740420433, 37.981182139 ], [ 23.740529131, 37.981033667 ], [ 23.740538289, 37.981021248 ], [ 23.740899208, 37.980532023 ], [ 23.741195479, 37.980160887 ], [ 23.741486313, 37.979823545 ], [ 23.741584497, 37.979772632 ], [ 23.741657114, 37.979734977 ], [ 23.741737276, 37.979693409 ], [ 23.742119371, 37.979574295 ], [ 23.74229691, 37.979578713 ], [ 23.742319443, 37.979616436 ], [ 23.7423203, 37.97961787 ], [ 23.742476755, 37.979879794 ], [ 23.742712112, 37.979938893 ], [ 23.742764187, 37.979950929 ], [ 23.742772099, 37.979952758 ], [ 23.743763743, 37.980181958 ], [ 23.74418835, 37.980280095 ], [ 23.744051185, 37.980635804 ], [ 23.744613986, 37.980776727 ], [ 23.744499275, 37.981019825 ], [ 23.744524217, 37.981034417 ], [ 23.745140979, 37.981395251 ], [ 23.745130225, 37.98141776 ], [ 23.74518024, 37.98156658 ], [ 23.745355996, 37.981647138 ], [ 23.74567088, 37.981791462 ], [ 23.745751327, 37.981828334 ], [ 23.745940895, 37.981915221 ], [ 23.746109702, 37.981978675 ], [ 23.746149363, 37.981878466 ], [ 23.746149388, 37.981878402 ], [ 23.746259391, 37.981600458 ], [ 23.746409821, 37.98121323 ], [ 23.746722551, 37.98087007 ], [ 23.746977682, 37.980590111 ], [ 23.746987747, 37.980579067 ], [ 23.747162907, 37.980631007 ], [ 23.747264679, 37.980552624 ], [ 23.747372373, 37.980277963 ], [ 23.747744915, 37.980386917 ], [ 23.747905938, 37.980436833 ], [ 23.748726232, 37.980618845 ], [ 23.748642956, 37.980830469 ], [ 23.7485525, 37.981060104 ], [ 23.74883928, 37.981277025 ], [ 23.749029996, 37.981385587 ], [ 23.749966438, 37.981833749 ], [ 23.750847853, 37.982255564 ], [ 23.751290561, 37.982467425 ], [ 23.751483054, 37.983351632 ], [ 23.751654489, 37.9832914 ], [ 23.751854189, 37.983216683 ], [ 23.752430972, 37.983019615 ], [ 23.75261605, 37.98311464 ] ] ] } },
{ "type": "Feature", "properties": { "zone_id": 27, "year": 2030, "kwh_per_user_cap": 858.39636, "ac_share_cap": 0.45091959868097914, "kwh_pc_overall": 387.06774740055988, "kwh_cap": 6533726.0078125 }, "geometry": { "type": "Polygon", "coordinates": [ [ [ 23.717904265, 37.987331141 ], [ 23.717876277, 37.987306778 ], [ 23.71784716, 37.987281433 ], [ 23.717778145, 37.987222633 ], [ 23.717514266, 37.98760059 ], [ 23.716687957, 37.98722457 ], [ 23.716637695, 37.98720178 ], [ 23.716629941, 37.987198265 ], [ 23.715708438, 37.98678045 ], [ 23.715695674, 37.986774662 ], [ 23.715668752, 37.986762455 ], [ 23.715364954, 37.987194337 ], [ 23.715108387, 37.987558736 ], [ 23.71487258, 37.98789164 ], [ 23.714810007, 37.987968098 ], [ 23.714446522, 37.988462922 ], [ 23.714300202, 37.98866085 ], [ 23.714145288, 37.988872275 ], [ 23.714011135, 37.989052206 ], [ 23.713928255, 37.989163424 ], [ 23.713776421, 37.989376097 ], [ 23.713509874, 37.989740469 ], [ 23.713437193, 37.989852952 ], [ 23.713268219, 37.990109406 ], [ 23.71306397, 37.990409265 ], [ 23.712856247, 37.990712262 ], [ 23.712530532, 37.991189147 ], [ 23.712288207, 37.991544561 ], [ 23.712104, 37.991821275 ], [ 23.712078846, 37.991859061 ], [ 23.71207556, 37.991863997 ], [ 23.712563864, 37.992072058 ], [ 23.712596785, 37.992086086 ], [ 23.713118709, 37.992312681 ], [ 23.713947562, 37.992679743 ], [ 23.713718627, 37.99304133 ], [ 23.713580429, 37.993287193 ], [ 23.713392485, 37.993660768 ], [ 23.713201692, 37.994034336 ], [ 23.713164735, 37.994110855 ], [ 23.712985293, 37.994493463 ], [ 23.7129721, 37.9946827 ], [ 23.712834538, 37.994912191 ], [ 23.712412487, 37.995627681 ], [ 23.712343696, 37.995744679 ], [ 23.712063326, 37.996086481 ], [ 23.712012914, 37.996144941 ], [ 23.711952609, 37.996184877 ], [ 23.711951895, 37.996185349 ], [ 23.712010852, 37.996217038 ], [ 23.712012456, 37.996219684 ], [ 23.712252033, 37.996614193 ], [ 23.712380401, 37.996826309 ], [ 23.712540948, 37.99709258 ], [ 23.71266259, 37.997295666 ], [ 23.712879281, 37.997676213 ], [ 23.712939037, 37.997778527 ], [ 23.713343323, 37.998428437 ], [ 23.71362773, 37.998879771 ], [ 23.713633124, 37.99887921 ], [ 23.714347345, 37.998804912 ], [ 23.714972266, 37.998734326 ], [ 23.715033502, 37.998729968 ], [ 23.71539563, 37.998690287 ], [ 23.715677286, 37.998659423 ], [ 23.716341356, 37.998588924 ], [ 23.716842361, 37.998531548 ], [ 23.717608629, 37.998447768 ], [ 23.718341779, 37.998368411 ], [ 23.718768698, 37.998324368 ], [ 23.719194549, 37.998280322 ], [ 23.720158094, 37.998169958 ], [ 23.720146391, 37.997971648 ], [ 23.72012671, 37.997624607 ], [ 23.720093855, 37.996998137 ], [ 23.720056391, 37.996367149 ], [ 23.720040673, 37.996101233 ], [ 23.720018639, 37.995718135 ], [ 23.719992252, 37.995262924 ], [ 23.719955518, 37.994627432 ], [ 23.719908254, 37.993766593 ], [ 23.71983285, 37.993473496 ], [ 23.719746551, 37.993144322 ], [ 23.719616723, 37.992657319 ], [ 23.719258608, 37.991372135 ], [ 23.719146948, 37.990975304 ], [ 23.719051149, 37.990619068 ], [ 23.719035697, 37.990564954 ], [ 23.718922685, 37.990150093 ], [ 23.718860988, 37.989936103 ], [ 23.718690631, 37.98931585 ], [ 23.718434499, 37.988265241 ], [ 23.718209675, 37.98824217 ], [ 23.718322795, 37.987821968 ], [ 23.718355158, 37.987701748 ], [ 23.717952151, 37.987371813 ], [ 23.717904265, 37.987331141 ] ] ] } },
{ "type": "Feature", "properties": { "zone_id": 28, "year": 2030, "kwh_per_user_cap": 830.14655, "ac_share_cap": 0.98000001991210373, "kwh_pc_overall": 813.54363847526452, "kwh_cap": 9850105.07421875 }, "geometry": { "type": "Polygon", "coordinates": [ [ [ 23.76017623, 37.993019565 ], [ 23.760382351, 37.992775796 ], [ 23.760386758, 37.992770584 ], [ 23.760406293, 37.99274748 ], [ 23.760606013, 37.992509047 ], [ 23.760761798, 37.992320094 ], [ 23.760779412, 37.992266053 ], [ 23.760794792, 37.992221566 ], [ 23.760821446, 37.992144465 ], [ 23.760262505, 37.991764787 ], [ 23.759878477, 37.991444048 ], [ 23.759583647, 37.991164047 ], [ 23.759314204, 37.990848046 ], [ 23.758996392, 37.990414779 ], [ 23.758719982, 37.989945544 ], [ 23.758621, 37.989742552 ], [ 23.758517718, 37.989440409 ], [ 23.758250446, 37.988574626 ], [ 23.758151125, 37.988258972 ], [ 23.758013044, 37.987826071 ], [ 23.757858031, 37.987348071 ], [ 23.757818752, 37.987280394 ], [ 23.757781555, 37.987214515 ], [ 23.757729593, 37.987122485 ], [ 23.758542051, 37.986966714 ], [ 23.760241101, 37.986640937 ], [ 23.760412018, 37.98660974 ], [ 23.760434808, 37.98660528 ], [ 23.760628012, 37.98656747 ], [ 23.761141295, 37.986467018 ], [ 23.761308897, 37.986432963 ], [ 23.761328317, 37.986429017 ], [ 23.761404808, 37.986413475 ], [ 23.761156015, 37.98609752 ], [ 23.760660093, 37.985393509 ], [ 23.760592372, 37.985316762 ], [ 23.760436737, 37.985136188 ], [ 23.760405539, 37.985100073 ], [ 23.760009531, 37.984740785 ], [ 23.759677311, 37.984454546 ], [ 23.759511944, 37.984306822 ], [ 23.759340735, 37.984142537 ], [ 23.758984462, 37.98383537 ], [ 23.758514601, 37.983442347 ], [ 23.757395267, 37.982869255 ], [ 23.757374597, 37.982858671 ], [ 23.756934062, 37.982641453 ], [ 23.756577597, 37.982397369 ], [ 23.756206905, 37.9820451 ], [ 23.755681043, 37.981485211 ], [ 23.755319315, 37.981114932 ], [ 23.755227244, 37.981196122 ], [ 23.755212113, 37.981209464 ], [ 23.755184596, 37.981233729 ], [ 23.755058805, 37.981339711 ], [ 23.754113864, 37.981928082 ], [ 23.753293127, 37.982507693 ], [ 23.753059651, 37.982732525 ], [ 23.752895509, 37.982867373 ], [ 23.75261605, 37.98311464 ], [ 23.752430972, 37.983019615 ], [ 23.751854189, 37.983216683 ], [ 23.751654489, 37.9832914 ], [ 23.751483054, 37.983351632 ], [ 23.751645221, 37.984085983 ], [ 23.751751825, 37.984497758 ], [ 23.751855548, 37.984820975 ], [ 23.751992147, 37.985258386 ], [ 23.75221863, 37.985952853 ], [ 23.751800966, 37.986551328 ], [ 23.751540978, 37.986929319 ], [ 23.751376444, 37.987176825 ], [ 23.751535873, 37.987704413 ], [ 23.751651601, 37.98810573 ], [ 23.75171025, 37.988232034 ], [ 23.75171034, 37.988232218 ], [ 23.751750878, 37.988315952 ], [ 23.751786622, 37.988389783 ], [ 23.751947499, 37.988956251 ], [ 23.752077497, 37.989413981 ], [ 23.752216371, 37.989902956 ], [ 23.752365891, 37.990429416 ], [ 23.75252162, 37.990977725 ], [ 23.752775497, 37.991484349 ], [ 23.752989452, 37.991912043 ], [ 23.753061491, 37.992055912 ], [ 23.753176764, 37.992296362 ], [ 23.753433656, 37.992832212 ], [ 23.75367693, 37.993299589 ], [ 23.753744975, 37.993353943 ], [ 23.753630952, 37.993431979 ], [ 23.753928635, 37.99359934 ], [ 23.753668267, 37.994429506 ], [ 23.754127352, 37.994497395 ], [ 23.754499236, 37.994565249 ], [ 23.754601452, 37.994511043 ], [ 23.754807523, 37.994403319 ], [ 23.754929452, 37.994340483 ], [ 23.755448926, 37.994062166 ], [ 23.756098139, 37.993725532 ], [ 23.756522759, 37.993501091 ], [ 23.756887139, 37.993303562 ], [ 23.757033764, 37.993223984 ], [ 23.757359903, 37.993047672 ], [ 23.757423593, 37.993160464 ], [ 23.757464596, 37.993354325 ], [ 23.75759647, 37.993512322 ], [ 23.757933996, 37.993905075 ], [ 23.758076408, 37.994046468 ], [ 23.758170154, 37.994139544 ], [ 23.758171265, 37.994140646 ], [ 23.758188703, 37.994157959 ], [ 23.758563396, 37.994505723 ], [ 23.75879693, 37.994704485 ], [ 23.759359406, 37.994115296 ], [ 23.759612993, 37.993840923 ], [ 23.759622313, 37.993831141 ], [ 23.759694417, 37.993755467 ], [ 23.759594571, 37.993705692 ], [ 23.759612066, 37.993684494 ], [ 23.759816748, 37.993436476 ], [ 23.759817066, 37.99343609 ], [ 23.759875253, 37.993365585 ], [ 23.759887349, 37.99335172 ], [ 23.759895753, 37.993342088 ], [ 23.760124418, 37.993079994 ], [ 23.760132199, 37.993071074 ], [ 23.760147628, 37.99305339 ], [ 23.760171923, 37.993024658 ], [ 23.76017623, 37.993019565 ] ] ] } },
{ "type": "Feature", "properties": { "zone_id": 29, "year": 2030, "kwh_per_user_cap": 838.7879, "ac_share_cap": 0.73976707806840036, "kwh_pc_overall": 620.50769069795842, "kwh_cap": 9541927.0546875 }, "geometry": { "type": "Polygon", "coordinates": [ [ [ 23.743860667, 38.00280925 ], [ 23.74386202, 38.002806993 ], [ 23.74471549, 38.002831381 ], [ 23.744803654, 38.002863117 ], [ 23.745356511, 38.003071753 ], [ 23.74599485, 38.003312705 ], [ 23.746151894, 38.003374957 ], [ 23.746499822, 38.003514786 ], [ 23.74667446, 38.00358497 ], [ 23.746703807, 38.003552199 ], [ 23.746384001, 38.003290138 ], [ 23.746132785, 38.003059769 ], [ 23.745716587, 38.002675825 ], [ 23.745349001, 38.002337048 ], [ 23.745253921, 38.002246714 ], [ 23.744601103, 38.001636932 ], [ 23.743656582, 38.000778659 ], [ 23.74343169, 38.000572507 ], [ 23.743124382, 38.000290804 ], [ 23.742728084, 37.999924919 ], [ 23.742644709, 37.999848127 ], [ 23.742329899, 37.999553986 ], [ 23.742320803, 37.999545488 ], [ 23.742102959, 37.999346728 ], [ 23.741654153, 37.998935659 ], [ 23.741376367, 37.998678183 ], [ 23.741002802, 37.998330367 ], [ 23.741453807, 37.998011403 ], [ 23.74165256, 37.997867635 ], [ 23.741920162, 37.997678953 ], [ 23.741972795, 37.997386151 ], [ 23.742038071, 37.997007308 ], [ 23.742151084, 37.996377104 ], [ 23.74209092, 37.996381479 ], [ 23.741555994, 37.996276657 ], [ 23.740810205, 37.996117291 ], [ 23.740186418, 37.995980722 ], [ 23.739508211, 37.995835017 ], [ 23.738280269, 37.995548386 ], [ 23.73799614, 37.995480158 ], [ 23.737835675, 37.995466281 ], [ 23.737335641, 37.995361517 ], [ 23.736508385, 37.995197436 ], [ 23.735995526, 37.995097145 ], [ 23.735798085, 37.995057659 ], [ 23.735777734, 37.995053589 ], [ 23.735699474, 37.995037937 ], [ 23.735699269, 37.995037896 ], [ 23.733910059, 37.995326967 ], [ 23.733581098, 37.995380111 ], [ 23.733490486, 37.99543849 ], [ 23.733230528, 37.995478458 ], [ 23.732334593, 37.995607109 ], [ 23.732239573, 37.995615785 ], [ 23.732223251, 37.995617276 ], [ 23.732141982, 37.995624696 ], [ 23.732142071, 37.995625058 ], [ 23.732143315, 37.995630147 ], [ 23.73222685, 37.995971883 ], [ 23.732322282, 37.99635064 ], [ 23.73242648, 37.996765467 ], [ 23.732746801, 37.998041512 ], [ 23.732882565, 37.998587097 ], [ 23.733022874, 37.999155224 ], [ 23.733222424, 37.999975844 ], [ 23.733358918, 38.000124865 ], [ 23.733554365, 38.000900412 ], [ 23.733709536, 38.00149561 ], [ 23.733831416, 38.001946527 ], [ 23.733726204, 38.002004872 ], [ 23.733968872, 38.002717435 ], [ 23.733984372, 38.002762534 ], [ 23.734117507, 38.00285747 ], [ 23.734138281, 38.002920607 ], [ 23.734292168, 38.003380608 ], [ 23.735418781, 38.003171347 ], [ 23.735924915, 38.00307785 ], [ 23.736640435, 38.002940254 ], [ 23.736641098, 38.002940126 ], [ 23.736642995, 38.00293976 ], [ 23.737472206, 38.002779384 ], [ 23.737821626, 38.002712567 ], [ 23.738242264, 38.002636895 ], [ 23.738400026, 38.002614714 ], [ 23.738413748, 38.002659809 ], [ 23.739092164, 38.002864104 ], [ 23.739784403, 38.003086452 ], [ 23.739910334, 38.003510334 ], [ 23.740659267, 38.003403834 ], [ 23.741220164, 38.003323954 ], [ 23.741220533, 38.003325417 ], [ 23.741351111, 38.003842479 ], [ 23.741457942, 38.003829195 ], [ 23.74184114, 38.004077889 ], [ 23.74254643, 38.004543596 ], [ 23.742851805, 38.004246841 ], [ 23.7432061, 38.003905128 ], [ 23.743468192, 38.003464071 ], [ 23.743860667, 38.00280925 ] ] ] } },
{ "type": "Feature", "properties": { "zone_id": 30, "year": 2030, "kwh_per_user_cap": 841.3764, "ac_share_cap": 0.71123743075419177, "kwh_pc_overall": 598.41839276173755, "kwh_cap": 651461.390625 }, "geometry": { "type": "Polygon", "coordinates": [ [ [ 23.743657468, 38.008127201 ], [ 23.743661979, 38.008124123 ], [ 23.744570276, 38.008077238 ], [ 23.744622779, 38.008074363 ], [ 23.743778227, 38.007042838 ], [ 23.743715054, 38.006988624 ], [ 23.74333282, 38.006769561 ], [ 23.741943227, 38.00679595 ], [ 23.741114288, 38.006811684 ], [ 23.740876639, 38.00682024 ], [ 23.740797032, 38.006823105 ], [ 23.740760415, 38.006824424 ], [ 23.740878979, 38.007221249 ], [ 23.741146726, 38.007203813 ], [ 23.741192643, 38.007609491 ], [ 23.741210971, 38.007762749 ], [ 23.741240017, 38.008006159 ], [ 23.741093327, 38.008014849 ], [ 23.740469775, 38.008045377 ], [ 23.740212506, 38.008057971 ], [ 23.740215524, 38.008095091 ], [ 23.740216252, 38.00810405 ], [ 23.740296434, 38.009090124 ], [ 23.740865275, 38.00907808 ], [ 23.741375421, 38.009136283 ], [ 23.741946783, 38.009263329 ], [ 23.742371683, 38.00941915 ], [ 23.742517799, 38.009473547 ], [ 23.742901952, 38.009560009 ], [ 23.743309253, 38.009573427 ], [ 23.74327102, 38.009258465 ], [ 23.743257934, 38.009153402 ], [ 23.743257677, 38.009142373 ], [ 23.743240575, 38.008411614 ], [ 23.743657468, 38.008127201 ] ] ] } },
{ "type": "Feature", "properties": { "zone_id": 31, "year": 2030, "kwh_per_user_cap": 1098.2665, "ac_share_cap": 0.98000000956884037, "kwh_pc_overall": 1076.3011558492713, "kwh_cap": 1994132.3264160156 }, "geometry": { "type": "Polygon", "coordinates": [ [ [ 23.749029996, 37.981385587 ], [ 23.74883928, 37.981277025 ], [ 23.7485525, 37.981060104 ], [ 23.748642956, 37.980830469 ], [ 23.748726232, 37.980618845 ], [ 23.747905938, 37.980436833 ], [ 23.747744915, 37.980386917 ], [ 23.747372373, 37.980277963 ], [ 23.747264679, 37.980552624 ], [ 23.747162907, 37.980631007 ], [ 23.746987747, 37.980579067 ], [ 23.746977682, 37.980590111 ], [ 23.746722551, 37.98087007 ], [ 23.746409821, 37.98121323 ], [ 23.746259391, 37.981600458 ], [ 23.746149388, 37.981878402 ], [ 23.746149363, 37.981878466 ], [ 23.746109702, 37.981978675 ], [ 23.745940895, 37.981915221 ], [ 23.745751327, 37.981828334 ], [ 23.74567088, 37.981791462 ], [ 23.745355996, 37.981647138 ], [ 23.74518024, 37.98156658 ], [ 23.745130225, 37.98141776 ], [ 23.745140979, 37.981395251 ], [ 23.744524217, 37.981034417 ], [ 23.744499275, 37.981019825 ], [ 23.744613986, 37.980776727 ], [ 23.744051185, 37.980635804 ], [ 23.74418835, 37.980280095 ], [ 23.743763743, 37.980181958 ], [ 23.742772099, 37.979952758 ], [ 23.742764187, 37.979950929 ], [ 23.742712112, 37.979938893 ], [ 23.742476755, 37.979879794 ], [ 23.7423203, 37.97961787 ], [ 23.742319443, 37.979616436 ], [ 23.74229691, 37.979578713 ], [ 23.742119371, 37.979574295 ], [ 23.741737276, 37.979693409 ], [ 23.741657114, 37.979734977 ], [ 23.741584497, 37.979772632 ], [ 23.741486313, 37.979823545 ], [ 23.741195479, 37.980160887 ], [ 23.740899208, 37.980532023 ], [ 23.740538289, 37.981021248 ], [ 23.740529131, 37.981033667 ], [ 23.740420433, 37.981182139 ], [ 23.740371484, 37.981339757 ], [ 23.740380591, 37.981380335 ], [ 23.740414134, 37.981556159 ], [ 23.740616313, 37.982023351 ], [ 23.741022645, 37.982562434 ], [ 23.741066638, 37.982606998 ], [ 23.741325815, 37.982869539 ], [ 23.741931888, 37.983461212 ], [ 23.741980189, 37.983488357 ], [ 23.742116937, 37.983560759 ], [ 23.742551337, 37.983791539 ], [ 23.74310012, 37.98408115 ], [ 23.744112156, 37.984597089 ], [ 23.744484078, 37.984787167 ], [ 23.74519205, 37.985149217 ], [ 23.745983008, 37.985551384 ], [ 23.745984227, 37.985552003 ], [ 23.746851359, 37.985995502 ], [ 23.747389901, 37.986271552 ], [ 23.747761454, 37.986470632 ], [ 23.747937654, 37.986561138 ], [ 23.748302881, 37.986737671 ], [ 23.749257891, 37.986568466 ], [ 23.750514557, 37.986327791 ], [ 23.751402329, 37.986149414 ], [ 23.751946265, 37.985357431 ], [ 23.751992147, 37.985258386 ], [ 23.751855548, 37.984820975 ], [ 23.751751825, 37.984497758 ], [ 23.751645221, 37.984085983 ], [ 23.751483054, 37.983351632 ], [ 23.751290561, 37.982467425 ], [ 23.750847853, 37.982255564 ], [ 23.749966438, 37.981833749 ], [ 23.749029996, 37.981385587 ] ] ] } },
{ "type": "Feature", "properties": { "zone_id": 32, "year": 2030, "kwh_per_user_cap": 710.95312, "ac_share_cap": 0.75690889506753201, "kwh_pc_overall": 538.12677115142958, "kwh_cap": 7943736.77734375 }, "geometry": { "type": "Polygon", "coordinates": [ [ [ 23.729181047, 37.969421953 ], [ 23.729183878, 37.969422053 ], [ 23.72939584, 37.969445072 ], [ 23.729679653, 37.969472764 ], [ 23.729921113, 37.969504863 ], [ 23.73000291, 37.969514064 ], [ 23.730591512, 37.969573997 ], [ 23.730630166, 37.969577425 ], [ 23.730748006, 37.969587875 ], [ 23.731216744, 37.969638517 ], [ 23.731482699, 37.969666804 ], [ 23.731499932, 37.969668637 ], [ 23.73153556, 37.969672426 ], [ 23.731563144, 37.96967536 ], [ 23.731575084, 37.969676824 ], [ 23.731699564, 37.969692082 ], [ 23.731664137, 37.968484809 ], [ 23.731618467, 37.968410681 ], [ 23.731602912, 37.968385434 ], [ 23.731602889, 37.968385399 ], [ 23.73147035, 37.968252151 ], [ 23.730290944, 37.967335056 ], [ 23.728659863, 37.966066685 ], [ 23.72750208, 37.965166322 ], [ 23.726316258, 37.96424412 ], [ 23.724647093, 37.962945843 ], [ 23.724576082, 37.962890609 ], [ 23.724575788, 37.962890381 ], [ 23.723904058, 37.962366971 ], [ 23.722711082, 37.961437254 ], [ 23.722508799, 37.961279754 ], [ 23.722415007, 37.961206884 ], [ 23.720394008, 37.959636643 ], [ 23.720338314, 37.959593369 ], [ 23.720316595, 37.95960714 ], [ 23.720316518, 37.959607189 ], [ 23.720299812, 37.959617781 ], [ 23.720296947, 37.959619652 ], [ 23.720107237, 37.959743504 ], [ 23.719913615, 37.95989488 ], [ 23.718808486, 37.960758863 ], [ 23.717921319, 37.961474222 ], [ 23.717866781, 37.961518198 ], [ 23.717650373, 37.961733988 ], [ 23.71762418, 37.961792509 ], [ 23.717671835, 37.961846183 ], [ 23.717674308, 37.961848655 ], [ 23.717726575, 37.961900909 ], [ 23.71771088, 37.961924698 ], [ 23.717305057, 37.962539812 ], [ 23.717151807, 37.962735542 ], [ 23.717139533, 37.962751217 ], [ 23.716072536, 37.963609378 ], [ 23.71573792, 37.963847411 ], [ 23.715713016, 37.963855214 ], [ 23.715138457, 37.964035232 ], [ 23.715134546, 37.964035829 ], [ 23.715049628, 37.964048782 ], [ 23.714983799, 37.964058822 ], [ 23.714815608, 37.964084476 ], [ 23.71476175, 37.964092692 ], [ 23.714556807, 37.964123951 ], [ 23.714203596, 37.964109574 ], [ 23.713852734, 37.96405069 ], [ 23.713852535, 37.964052306 ], [ 23.713835058, 37.9641943 ], [ 23.713829537, 37.964286609 ], [ 23.713866291, 37.964692263 ], [ 23.713033941, 37.965082466 ], [ 23.713205233, 37.965298254 ], [ 23.713239574, 37.965341517 ], [ 23.713245976, 37.965349582 ], [ 23.713275794, 37.965387146 ], [ 23.71362281, 37.96580709 ], [ 23.713717344, 37.965924487 ], [ 23.713985469, 37.966231577 ], [ 23.714019272, 37.966267802 ], [ 23.7141077, 37.966362561 ], [ 23.714411871, 37.966732828 ], [ 23.71532024, 37.96671708 ], [ 23.715324125, 37.966717013 ], [ 23.715333254, 37.966692009 ], [ 23.715335633, 37.966685496 ], [ 23.715358405, 37.966316023 ], [ 23.7154771, 37.966257726 ], [ 23.715829602, 37.965997205 ], [ 23.716222616, 37.965655664 ], [ 23.716942184, 37.965044522 ], [ 23.717319988, 37.964955301 ], [ 23.717587232, 37.964937917 ], [ 23.718221334, 37.965033946 ], [ 23.719159502, 37.965176016 ], [ 23.720297654, 37.965345465 ], [ 23.72074425, 37.965409617 ], [ 23.721090348, 37.965459311 ], [ 23.721370402, 37.96550123 ], [ 23.721399846, 37.965523832 ], [ 23.721951067, 37.965957754 ], [ 23.721975911, 37.965976723 ], [ 23.722294461, 37.966219939 ], [ 23.722531417, 37.966405262 ], [ 23.7230771, 37.966826404 ], [ 23.723081969, 37.966830168 ], [ 23.723603777, 37.967233612 ], [ 23.723693368, 37.967302879 ], [ 23.723824451, 37.967404228 ], [ 23.723824421, 37.967404608 ], [ 23.723809511, 37.967593463 ], [ 23.723781205, 37.967836744 ], [ 23.723759899, 37.968043449 ], [ 23.723701877, 37.96859364 ], [ 23.723601728, 37.969537645 ], [ 23.722485779, 37.969971789 ], [ 23.722473692, 37.969976491 ], [ 23.722445155, 37.969987593 ], [ 23.722407475, 37.97022188 ], [ 23.724482072, 37.969933882 ], [ 23.725019217, 37.969863036 ], [ 23.725735792, 37.96976106 ], [ 23.726887213, 37.969637559 ], [ 23.727797377, 37.969522501 ], [ 23.728773002, 37.969407585 ], [ 23.729181047, 37.969421953 ] ] ] } },
{ "type": "Feature", "properties": { "zone_id": 33, "year": 2030, "kwh_per_user_cap": 694.70721, "ac_share_cap": 0.92555802585998126, "kwh_pc_overall": 642.99182001087092, "kwh_cap": 17258463.79296875 }, "geometry": { "type": "Polygon", "coordinates": [ [ [ 23.73408085, 37.991234044 ], [ 23.734677272, 37.991137541 ], [ 23.734694078, 37.991134732 ], [ 23.735156585, 37.991057505 ], [ 23.735301911, 37.991033812 ], [ 23.735592761, 37.990986391 ], [ 23.735592802, 37.990986384 ], [ 23.735831733, 37.990946894 ], [ 23.7365865, 37.990822144 ], [ 23.736588095, 37.99082188 ], [ 23.737690117, 37.990666618 ], [ 23.737963303, 37.990628377 ], [ 23.738260528, 37.990586773 ], [ 23.738614468, 37.990533483 ], [ 23.739752426, 37.990346813 ], [ 23.739752892, 37.990346737 ], [ 23.739970818, 37.990311168 ], [ 23.739817293, 37.989846667 ], [ 23.740175782, 37.989410336 ], [ 23.740266927, 37.989297877 ], [ 23.740309823, 37.989243894 ], [ 23.740797607, 37.988672654 ], [ 23.740930772, 37.988742837 ], [ 23.741295623, 37.988935123 ], [ 23.74170836, 37.989161351 ], [ 23.741908893, 37.98931501 ], [ 23.742461937, 37.989788787 ], [ 23.742842209, 37.98946126 ], [ 23.742850112, 37.989449985 ], [ 23.743015675, 37.989213786 ], [ 23.743341274, 37.988813425 ], [ 23.743556792, 37.988548016 ], [ 23.743747303, 37.98830959 ], [ 23.743909897, 37.988116168 ], [ 23.74414647, 37.987832778 ], [ 23.744279417, 37.987670836 ], [ 23.744607881, 37.987261465 ], [ 23.744810547, 37.987005038 ], [ 23.744896685, 37.986897071 ], [ 23.744978877, 37.986798108 ], [ 23.74510297, 37.986643683 ], [ 23.745107423, 37.986638141 ], [ 23.745331359, 37.986359468 ], [ 23.745341661, 37.986346647 ], [ 23.745452437, 37.986208792 ], [ 23.745565044, 37.986069718 ], [ 23.745565166, 37.986069567 ], [ 23.745819252, 37.985755757 ], [ 23.745828478, 37.985744363 ], [ 23.745984227, 37.985552003 ], [ 23.745983008, 37.985551384 ], [ 23.74519205, 37.985149217 ], [ 23.744484078, 37.984787167 ], [ 23.744112156, 37.984597089 ], [ 23.74310012, 37.98408115 ], [ 23.742551337, 37.983791539 ], [ 23.742116937, 37.983560759 ], [ 23.741980189, 37.983488357 ], [ 23.741931888, 37.983461212 ], [ 23.741325815, 37.982869539 ], [ 23.741066638, 37.982606998 ], [ 23.741022645, 37.982562434 ], [ 23.740616313, 37.982023351 ], [ 23.740414134, 37.981556159 ], [ 23.740003312, 37.982010401 ], [ 23.739536147, 37.982261733 ], [ 23.739253689, 37.982418744 ], [ 23.73910247, 37.982332921 ], [ 23.738502225, 37.981992252 ], [ 23.737987392, 37.981700055 ], [ 23.737306186, 37.981313423 ], [ 23.736965296, 37.981119941 ], [ 23.736789704, 37.981020279 ], [ 23.736641677, 37.98093626 ], [ 23.736448992, 37.980826895 ], [ 23.736349854, 37.980770624 ], [ 23.735417967, 37.980241686 ], [ 23.735240857, 37.980141157 ], [ 23.734855676, 37.979922523 ], [ 23.733800382, 37.97932351 ], [ 23.733215416, 37.980012217 ], [ 23.732944884, 37.980330719 ], [ 23.732715616, 37.980600641 ], [ 23.732294313, 37.981096641 ], [ 23.731957532, 37.981493126 ], [ 23.731515953, 37.982012981 ], [ 23.731320165, 37.982243473 ], [ 23.73104324, 37.982569477 ], [ 23.730473517, 37.983240167 ], [ 23.729979317, 37.983821935 ], [ 23.729490456, 37.983897847 ], [ 23.729350167, 37.983919631 ], [ 23.728781543, 37.984008449 ], [ 23.728502345, 37.984050466 ], [ 23.72847593, 37.984054441 ], [ 23.728295976, 37.984081522 ], [ 23.728226729, 37.984091943 ], [ 23.728181395, 37.984098765 ], [ 23.728152389, 37.98410313 ], [ 23.728073715, 37.98411497 ], [ 23.728098239, 37.984351146 ], [ 23.728099165, 37.984360058 ], [ 23.728066037, 37.984362805 ], [ 23.728079936, 37.984421092 ], [ 23.728125232, 37.984611034 ], [ 23.728224094, 37.985025614 ], [ 23.728224505, 37.985027294 ], [ 23.728365416, 37.985589245 ], [ 23.72850499, 37.986148364 ], [ 23.728642835, 37.98669396 ], [ 23.728784207, 37.987248576 ], [ 23.728914524, 37.987769629 ], [ 23.728915022, 37.987771623 ], [ 23.72902087, 37.988213496 ], [ 23.729084339, 37.988470509 ], [ 23.729058461, 37.988555873 ], [ 23.729058401, 37.988556071 ], [ 23.729114073, 37.988804053 ], [ 23.729181133, 37.988858284 ], [ 23.729343843, 37.989516596 ], [ 23.7295083, 37.990183925 ], [ 23.729757338, 37.991175911 ], [ 23.729845021, 37.991527613 ], [ 23.730769858, 37.991381497 ], [ 23.731082095, 37.991332165 ], [ 23.731131229, 37.99153436 ], [ 23.73113758, 37.991560491 ], [ 23.731169751, 37.991692879 ], [ 23.731338724, 37.991677539 ], [ 23.731343805, 37.991677077 ], [ 23.731363419, 37.991675296 ], [ 23.731898257, 37.991595401 ], [ 23.732299944, 37.991528719 ], [ 23.733033883, 37.991404208 ], [ 23.734072978, 37.991235317 ], [ 23.73408085, 37.991234044 ] ] ] } },
{ "type": "Feature", "properties": { "zone_id": 34, "year": 2030, "kwh_per_user_cap": 648.38568, "ac_share_cap": 0.70254219204665247, "kwh_pc_overall": 455.51828329738566, "kwh_cap": 3730394.9375 }, "geometry": { "type": "Polygon", "coordinates": [ [ [ 23.750533951, 38.004245361 ], [ 23.750689079, 38.004160068 ], [ 23.750863873, 38.004047778 ], [ 23.751174916, 38.003854661 ], [ 23.751734938, 38.003504344 ], [ 23.751749661, 38.00336017 ], [ 23.751750052, 38.003356361 ], [ 23.75179456, 38.002923142 ], [ 23.751797499, 38.00289611 ], [ 23.75186797, 38.00258081 ], [ 23.751880347, 38.002287919 ], [ 23.751880357, 38.002194727 ], [ 23.751880408, 38.001681447 ], [ 23.751879677, 38.001681272 ], [ 23.7518038, 38.001663026 ], [ 23.751789695, 38.001659634 ], [ 23.751771673, 38.001655301 ], [ 23.751626677, 38.001620434 ], [ 23.751500907, 38.001589639 ], [ 23.751482302, 38.001585083 ], [ 23.75144103, 38.001574978 ], [ 23.751155813, 38.001502272 ], [ 23.750936726, 38.001364637 ], [ 23.750683781, 38.001203849 ], [ 23.750441347, 38.00097347 ], [ 23.7504401, 38.000972285 ], [ 23.750431877, 38.000964474 ], [ 23.750405471, 38.000909708 ], [ 23.750403601, 38.000905831 ], [ 23.750376364, 38.000540753 ], [ 23.750352565, 38.000374842 ], [ 23.75034031, 38.000256773 ], [ 23.75026935, 38.000215019 ], [ 23.750228516, 38.00015572 ], [ 23.750214835, 38.000018053 ], [ 23.750256743, 37.999918689 ], [ 23.750354348, 37.999683073 ], [ 23.750096717, 37.999261673 ], [ 23.749747464, 37.99925983 ], [ 23.749458053, 37.999258302 ], [ 23.749071848, 37.999256262 ], [ 23.748673991, 37.998959882 ], [ 23.748505714, 37.998833343 ], [ 23.7480793, 37.998525994 ], [ 23.748000841, 37.998467242 ], [ 23.74785174, 37.998354262 ], [ 23.747303234, 37.997947507 ], [ 23.746965994, 37.997689916 ], [ 23.746732731, 37.997522677 ], [ 23.746387519, 37.997264019 ], [ 23.746087338, 37.997039098 ], [ 23.746058675, 37.997011798 ], [ 23.745942503, 37.996901149 ], [ 23.745840552, 37.99690651 ], [ 23.74569309, 37.996814337 ], [ 23.745351415, 37.99668692 ], [ 23.745198996, 37.996610517 ], [ 23.745052206, 37.996563356 ], [ 23.744295498, 37.996371833 ], [ 23.744146871, 37.996357908 ], [ 23.743820138, 37.996321596 ], [ 23.743473611, 37.996307172 ], [ 23.742807755, 37.996374036 ], [ 23.742513369, 37.996386911 ], [ 23.742151084, 37.996377104 ], [ 23.742038071, 37.997007308 ], [ 23.741972795, 37.997386151 ], [ 23.741920162, 37.997678953 ], [ 23.74165256, 37.997867635 ], [ 23.741453807, 37.998011403 ], [ 23.741002802, 37.998330367 ], [ 23.741376367, 37.998678183 ], [ 23.741654153, 37.998935659 ], [ 23.742102959, 37.999346728 ], [ 23.742320803, 37.999545488 ], [ 23.742329899, 37.999553986 ], [ 23.742644709, 37.999848127 ], [ 23.742728084, 37.999924919 ], [ 23.743124382, 38.000290804 ], [ 23.74343169, 38.000572507 ], [ 23.743656582, 38.000778659 ], [ 23.744601103, 38.001636932 ], [ 23.745253921, 38.002246714 ], [ 23.745349001, 38.002337048 ], [ 23.745716587, 38.002675825 ], [ 23.746132785, 38.003059769 ], [ 23.746384001, 38.003290138 ], [ 23.746703807, 38.003552199 ], [ 23.74667446, 38.00358497 ], [ 23.746889321, 38.00367132 ], [ 23.747775426, 38.004027427 ], [ 23.748328462, 38.004249675 ], [ 23.74839249, 38.004280537 ], [ 23.748425008, 38.004309582 ], [ 23.748504552, 38.004380631 ], [ 23.748548671, 38.004366682 ], [ 23.748640693, 38.004335965 ], [ 23.748930069, 38.004353082 ], [ 23.749232142, 38.004377785 ], [ 23.749730719, 38.004410392 ], [ 23.749775244, 38.004401474 ], [ 23.750237944, 38.004307823 ], [ 23.750533951, 38.004245361 ] ] ] } },
{ "type": "Feature", "properties": { "zone_id": 35, "year": 2030, "kwh_per_user_cap": 869.18103, "ac_share_cap": 0.60840737735696415, "kwh_pc_overall": 528.81616226386438, "kwh_cap": 11693425.48046875 }, "geometry": { "type": "Polygon", "coordinates": [ [ [ 23.736979577, 37.960771048 ], [ 23.737164068, 37.960445292 ], [ 23.737190263, 37.960382261 ], [ 23.737214768, 37.960326331 ], [ 23.737013595, 37.96018614 ], [ 23.736699995, 37.959967723 ], [ 23.736698336, 37.959966568 ], [ 23.736598483, 37.95990962 ], [ 23.736593024, 37.959906507 ], [ 23.736201022, 37.959682941 ], [ 23.736016778, 37.959591492 ], [ 23.735682506, 37.959473828 ], [ 23.735461349, 37.959395981 ], [ 23.734933552, 37.959253781 ], [ 23.734268352, 37.959074559 ], [ 23.734208258, 37.958956031 ], [ 23.733644237, 37.958810549 ], [ 23.733564298, 37.958790263 ], [ 23.733497324, 37.958773266 ], [ 23.73291964, 37.958626664 ], [ 23.732909614, 37.958624119 ], [ 23.73289388, 37.958620176 ], [ 23.732322149, 37.958476858 ], [ 23.732111528, 37.958424061 ], [ 23.732111369, 37.958424021 ], [ 23.731637951, 37.958310281 ], [ 23.731560517, 37.958278559 ], [ 23.730863152, 37.958101949 ], [ 23.730806357, 37.958087565 ], [ 23.730747321, 37.958077479 ], [ 23.730674442, 37.958065027 ], [ 23.730672686, 37.958064727 ], [ 23.730552906, 37.958037414 ], [ 23.730042935, 37.957901052 ], [ 23.729683322, 37.957796578 ], [ 23.729645309, 37.957782971 ], [ 23.728606533, 37.957411051 ], [ 23.728241398, 37.957261495 ], [ 23.728061686, 37.95718447 ], [ 23.727962605, 37.957139177 ], [ 23.727853583, 37.957089354 ], [ 23.727489651, 37.956903747 ], [ 23.726749784, 37.95650997 ], [ 23.726353251, 37.956292739 ], [ 23.726306396, 37.956265591 ], [ 23.726181419, 37.95620221 ], [ 23.72613492, 37.956175063 ], [ 23.725622305, 37.955894469 ], [ 23.725555665, 37.955831224 ], [ 23.725520367, 37.9558114 ], [ 23.725475087, 37.955785971 ], [ 23.725065969, 37.955508321 ], [ 23.725063839, 37.955510117 ], [ 23.724920033, 37.955631455 ], [ 23.724269461, 37.956193239 ], [ 23.724150908, 37.956314635 ], [ 23.724125907, 37.956337549 ], [ 23.723792893, 37.956642766 ], [ 23.723432434, 37.95695737 ], [ 23.723388546, 37.956993319 ], [ 23.72322666, 37.957096586 ], [ 23.722982535, 37.957312321 ], [ 23.72212143, 37.958040335 ], [ 23.721967196, 37.958188683 ], [ 23.721505355, 37.958593171 ], [ 23.720471247, 37.959437931 ], [ 23.720382373, 37.95954185 ], [ 23.720338314, 37.959593369 ], [ 23.720394008, 37.959636643 ], [ 23.722415007, 37.961206884 ], [ 23.722508799, 37.961279754 ], [ 23.722711082, 37.961437254 ], [ 23.723904058, 37.962366971 ], [ 23.724575788, 37.962890381 ], [ 23.724576082, 37.962890609 ], [ 23.724647093, 37.962945843 ], [ 23.726316258, 37.96424412 ], [ 23.72750208, 37.965166322 ], [ 23.728659863, 37.966066685 ], [ 23.730290944, 37.967335056 ], [ 23.73147035, 37.968252151 ], [ 23.731602889, 37.968385399 ], [ 23.731602912, 37.968385434 ], [ 23.731618467, 37.968410681 ], [ 23.731698728, 37.96839584 ], [ 23.731903917, 37.968324205 ], [ 23.733289598, 37.967655895 ], [ 23.733346668, 37.967615466 ], [ 23.733485493, 37.96730033 ], [ 23.733487831, 37.9672379 ], [ 23.733487855, 37.967237245 ], [ 23.733490451, 37.967167913 ], [ 23.733490461, 37.967167643 ], [ 23.733492403, 37.967115799 ], [ 23.733493761, 37.967079533 ], [ 23.733461308, 37.96700285 ], [ 23.733496045, 37.966939839 ], [ 23.733398022, 37.966696269 ], [ 23.733254624, 37.966407532 ], [ 23.733247397, 37.966339919 ], [ 23.733243134, 37.966141625 ], [ 23.733301599, 37.965911929 ], [ 23.733349919, 37.965830923 ], [ 23.733497325, 37.965601429 ], [ 23.733778936, 37.965151422 ], [ 23.734037339, 37.964723894 ], [ 23.7343171, 37.964291908 ], [ 23.734342133, 37.964255913 ], [ 23.734505106, 37.963850701 ], [ 23.734678847, 37.963418474 ], [ 23.734848996, 37.962995252 ], [ 23.735037465, 37.9625225 ], [ 23.735233077, 37.962040751 ], [ 23.735251754, 37.961991222 ], [ 23.735632658, 37.961721692 ], [ 23.736354759, 37.96114548 ], [ 23.736372336, 37.961110266 ], [ 23.736430924, 37.961062695 ], [ 23.736577676, 37.96094354 ], [ 23.736780885, 37.96075908 ], [ 23.736816343, 37.960726894 ], [ 23.736979577, 37.960771048 ] ] ] } },
{ "type": "Feature", "properties": { "zone_id": 36, "year": 2030, "kwh_per_user_cap": 951.82788, "ac_share_cap": 0.49828573970624834, "kwh_pc_overall": 474.28225606503457, "kwh_cap": 10507014.6953125 }, "geometry": { "type": "Polygon", "coordinates": [ [ [ 23.724764782, 38.014931153 ], [ 23.725232294, 38.014909714 ], [ 23.725660646, 38.014888182 ], [ 23.726248875, 38.014858008 ], [ 23.726337891, 38.014853709 ], [ 23.726409107, 38.014849368 ], [ 23.726961024, 38.014819106 ], [ 23.727397206, 38.014797586 ], [ 23.728052733, 38.014763053 ], [ 23.72840634, 38.014736831 ], [ 23.728468993, 38.013772606 ], [ 23.728557552, 38.012889142 ], [ 23.728626346, 38.012374727 ], [ 23.728516519, 38.012257836 ], [ 23.728523819, 38.012223184 ], [ 23.728537241, 38.01215947 ], [ 23.728509851, 38.011958959 ], [ 23.728499602, 38.011883929 ], [ 23.728484901, 38.011776305 ], [ 23.728483491, 38.011766675 ], [ 23.728398117, 38.011183778 ], [ 23.728398051, 38.01118332 ], [ 23.728391146, 38.011136179 ], [ 23.728321174, 38.010707908 ], [ 23.72819215, 38.009882938 ], [ 23.728039257, 38.008967783 ], [ 23.727919579, 38.008247673 ], [ 23.727916917, 38.008234086 ], [ 23.727885563, 38.008079629 ], [ 23.727870608, 38.008007855 ], [ 23.727834839, 38.007836202 ], [ 23.727633726, 38.007159775 ], [ 23.727476608, 38.006812418 ], [ 23.727307644, 38.006492071 ], [ 23.727209678, 38.0063206 ], [ 23.726790592, 38.005701262 ], [ 23.726652038, 38.0054965 ], [ 23.726644664, 38.005485602 ], [ 23.726600676, 38.005444942 ], [ 23.726259739, 38.005043079 ], [ 23.725948199, 38.00468184 ], [ 23.725551588, 38.004225768 ], [ 23.72521168, 38.003837423 ], [ 23.724432989, 38.002947838 ], [ 23.724255049, 38.002749138 ], [ 23.723986055, 38.002437565 ], [ 23.723525313, 38.001909232 ], [ 23.723181595, 38.001403706 ], [ 23.723217968, 38.001398561 ], [ 23.723269887, 38.001391218 ], [ 23.723314394, 38.001384923 ], [ 23.72336963, 38.00137711 ], [ 23.723583293, 38.001350573 ], [ 23.723488913, 38.000417524 ], [ 23.723368162, 37.999114886 ], [ 23.723251737, 37.997893373 ], [ 23.723188536, 37.997284859 ], [ 23.723154027, 37.996901732 ], [ 23.723137907, 37.996706054 ], [ 23.723137689, 37.996703411 ], [ 23.722220508, 37.996796283 ], [ 23.722220419, 37.996796292 ], [ 23.722128289, 37.996804678 ], [ 23.721792613, 37.996817404 ], [ 23.721719295, 37.996817231 ], [ 23.721298371, 37.996784689 ], [ 23.72078644, 37.996738666 ], [ 23.720783537, 37.996738404 ], [ 23.720725759, 37.99714842 ], [ 23.72065221, 37.997675427 ], [ 23.72061654, 37.997977272 ], [ 23.720563248, 37.998538693 ], [ 23.720539627, 37.999050105 ], [ 23.72055063, 37.999218889 ], [ 23.720503194, 37.999333433 ], [ 23.720557028, 37.999648463 ], [ 23.720564825, 37.999694093 ], [ 23.720610839, 38.000007711 ], [ 23.720659628, 38.000340233 ], [ 23.720730516, 38.000823381 ], [ 23.720788473, 38.00121838 ], [ 23.720856606, 38.001682736 ], [ 23.720939698, 38.002249025 ], [ 23.721092331, 38.003289244 ], [ 23.721164805, 38.00380183 ], [ 23.721211352, 38.004301991 ], [ 23.721286786, 38.005112514 ], [ 23.72132444, 38.005509167 ], [ 23.721368653, 38.005898878 ], [ 23.721424182, 38.006712615 ], [ 23.721461849, 38.007388666 ], [ 23.721449847, 38.007748138 ], [ 23.721422415, 38.007885266 ], [ 23.721353608, 38.008524024 ], [ 23.721061778, 38.009467636 ], [ 23.721441434, 38.009432201 ], [ 23.721213185, 38.009979261 ], [ 23.720917336, 38.010550873 ], [ 23.720754812, 38.010883961 ], [ 23.720548602, 38.011284541 ], [ 23.72042088, 38.011545609 ], [ 23.720290175, 38.011748087 ], [ 23.720044434, 38.012268182 ], [ 23.719797739, 38.012811464 ], [ 23.719725208, 38.0130333 ], [ 23.719753219, 38.013184351 ], [ 23.719852694, 38.013485829 ], [ 23.719810954, 38.013547646 ], [ 23.719796932, 38.013671147 ], [ 23.719665424, 38.013896154 ], [ 23.719300912, 38.01438598 ], [ 23.719274367, 38.01442165 ], [ 23.719052814, 38.014719364 ], [ 23.719108954, 38.014841171 ], [ 23.719167862, 38.014960392 ], [ 23.719173603, 38.014972011 ], [ 23.719224189, 38.014963119 ], [ 23.719412617, 38.01493653 ], [ 23.719519061, 38.014936784 ], [ 23.720500856, 38.014952641 ], [ 23.722005971, 38.014969728 ], [ 23.722142692, 38.014965544 ], [ 23.722653891, 38.014971258 ], [ 23.72361148, 38.014987031 ], [ 23.723694105, 38.014978213 ], [ 23.724268078, 38.014952521 ], [ 23.724764782, 38.014931153 ] ] ] } },
{ "type": "Feature", "properties": { "zone_id": 37, "year": 2030, "kwh_per_user_cap": 756.32214, "ac_share_cap": 0.39327052141698177, "kwh_pc_overall": 297.43921521508844, "kwh_cap": 594514.96875 }, "geometry": { "type": "Polygon", "coordinates": [ [ [ 23.721302344, 37.994802461 ], [ 23.721446981, 37.994757153 ], [ 23.721406039, 37.994572293 ], [ 23.721326716, 37.994184553 ], [ 23.721226499, 37.99367509 ], [ 23.721192338, 37.99348574 ], [ 23.721139611, 37.992935831 ], [ 23.721110908, 37.992872186 ], [ 23.721105024, 37.99285914 ], [ 23.721120602, 37.99269244 ], [ 23.72103472, 37.992282696 ], [ 23.721034222, 37.992279266 ], [ 23.721034061, 37.992278158 ], [ 23.721023525, 37.99220101 ], [ 23.721037797, 37.992097396 ], [ 23.720991568, 37.991993638 ], [ 23.720823664, 37.991742964 ], [ 23.720674129, 37.991519711 ], [ 23.720452682, 37.991073049 ], [ 23.720407149, 37.9909738 ], [ 23.720325911, 37.990811375 ], [ 23.720302027, 37.990703229 ], [ 23.72027413, 37.990576918 ], [ 23.720308558, 37.990503332 ], [ 23.720322568, 37.990473386 ], [ 23.720295593, 37.990360661 ], [ 23.720180323, 37.989882706 ], [ 23.72007757, 37.989403459 ], [ 23.719866703, 37.988419927 ], [ 23.719839962, 37.988295201 ], [ 23.719884658, 37.988041078 ], [ 23.719998236, 37.987860475 ], [ 23.720033799, 37.987803925 ], [ 23.720006334, 37.987719209 ], [ 23.720006002, 37.987719177 ], [ 23.720005763, 37.987719154 ], [ 23.719290228, 37.987649906 ], [ 23.718867951, 37.987622315 ], [ 23.71842391, 37.987254627 ], [ 23.718309152, 37.987183344 ], [ 23.718253208, 37.987106572 ], [ 23.7182148, 37.987053863 ], [ 23.718042337, 37.986984193 ], [ 23.71801476, 37.987005693 ], [ 23.717973002, 37.987049045 ], [ 23.717951196, 37.987071685 ], [ 23.717912466, 37.987105468 ], [ 23.717906889, 37.987110332 ], [ 23.717878318, 37.987135254 ], [ 23.717778145, 37.987222633 ], [ 23.71784716, 37.987281433 ], [ 23.717876277, 37.987306778 ], [ 23.717904265, 37.987331141 ], [ 23.717952151, 37.987371813 ], [ 23.718355158, 37.987701748 ], [ 23.718322795, 37.987821968 ], [ 23.718209675, 37.98824217 ], [ 23.718434499, 37.988265241 ], [ 23.718690631, 37.98931585 ], [ 23.718860988, 37.989936103 ], [ 23.718922685, 37.990150093 ], [ 23.719035697, 37.990564954 ], [ 23.719051149, 37.990619068 ], [ 23.719146948, 37.990975304 ], [ 23.719258608, 37.991372135 ], [ 23.719616723, 37.992657319 ], [ 23.719746551, 37.993144322 ], [ 23.71983285, 37.993473496 ], [ 23.719908254, 37.993766593 ], [ 23.719955518, 37.994627432 ], [ 23.719992252, 37.995262924 ], [ 23.720018639, 37.995718135 ], [ 23.720040673, 37.996101233 ], [ 23.720056391, 37.996367149 ], [ 23.720093855, 37.996998137 ], [ 23.72012671, 37.997624607 ], [ 23.720146391, 37.997971648 ], [ 23.720158094, 37.998169958 ], [ 23.720189139, 37.998710801 ], [ 23.720262894, 37.999233695 ], [ 23.720262915, 37.999233847 ], [ 23.72030287, 37.999250431 ], [ 23.720433206, 37.999304531 ], [ 23.720455384, 37.999313736 ], [ 23.720503194, 37.999333433 ], [ 23.72055063, 37.999218889 ], [ 23.720539627, 37.999050105 ], [ 23.720563248, 37.998538693 ], [ 23.72061654, 37.997977272 ], [ 23.72065221, 37.997675427 ], [ 23.720725759, 37.99714842 ], [ 23.720783537, 37.996738404 ], [ 23.720872024, 37.996116728 ], [ 23.720967748, 37.995463525 ], [ 23.721061382, 37.994786284 ], [ 23.721302344, 37.994802461 ] ] ] } },
{ "type": "Feature", "properties": { "zone_id": 38, "year": 2030, "kwh_per_user_cap": 646.05188, "ac_share_cap": 0.89885574542686597, "kwh_pc_overall": 580.7074592621575, "kwh_cap": 7413426.60546875 }, "geometry": { "type": "Polygon", "coordinates": [ [ [ 23.7456293, 37.973790946 ], [ 23.746393354, 37.974345708 ], [ 23.746418356, 37.974278278 ], [ 23.746453577, 37.974183287 ], [ 23.746501942, 37.974053025 ], [ 23.746550153, 37.973923174 ], [ 23.746550543, 37.973922123 ], [ 23.746901413, 37.973890225 ], [ 23.747914084, 37.973789859 ], [ 23.748681453, 37.973714892 ], [ 23.749443499, 37.973635401 ], [ 23.75023755, 37.973560481 ], [ 23.750237262, 37.973558604 ], [ 23.750173532, 37.973144298 ], [ 23.750110393, 37.97273383 ], [ 23.750025604, 37.972182611 ], [ 23.75046492, 37.971702843 ], [ 23.750958315, 37.971164007 ], [ 23.751223333, 37.970874425 ], [ 23.751638955, 37.97041608 ], [ 23.751664717, 37.970387669 ], [ 23.752257835, 37.969733572 ], [ 23.752617866, 37.969320959 ], [ 23.752761272, 37.969156608 ], [ 23.752436519, 37.968973067 ], [ 23.75230336, 37.968896177 ], [ 23.752044142, 37.968746919 ], [ 23.751986256, 37.968715251 ], [ 23.751540621, 37.968457444 ], [ 23.751311879, 37.968324562 ], [ 23.751011194, 37.968149887 ], [ 23.750466845, 37.967837789 ], [ 23.750130635, 37.967733427 ], [ 23.750136321, 37.967660658 ], [ 23.749843562, 37.967517853 ], [ 23.749710861, 37.967485017 ], [ 23.749628087, 37.967351608 ], [ 23.749499261, 37.967276934 ], [ 23.748975173, 37.966973885 ], [ 23.748648495, 37.966788423 ], [ 23.74835258, 37.966617943 ], [ 23.748157299, 37.96650497 ], [ 23.747609732, 37.966188187 ], [ 23.746996995, 37.965833696 ], [ 23.74665878, 37.965657022 ], [ 23.746278241, 37.965458237 ], [ 23.746192009, 37.965413191 ], [ 23.746191475, 37.96557626 ], [ 23.746191178, 37.965667392 ], [ 23.746271692, 37.965800848 ], [ 23.746358088, 37.965853878 ], [ 23.746300469, 37.965913631 ], [ 23.745793186, 37.966448812 ], [ 23.745357919, 37.966907528 ], [ 23.744840927, 37.967438168 ], [ 23.744388865, 37.967914869 ], [ 23.744391989, 37.967937408 ], [ 23.744414536, 37.968104195 ], [ 23.744297163, 37.968094927 ], [ 23.744190032, 37.96806681 ], [ 23.744021062, 37.968022463 ], [ 23.743881637, 37.967985869 ], [ 23.743827655, 37.967958713 ], [ 23.743212447, 37.967656979 ], [ 23.743212419, 37.967656966 ], [ 23.742921261, 37.967515104 ], [ 23.742909846, 37.967595673 ], [ 23.742908318, 37.967606459 ], [ 23.742819476, 37.968233472 ], [ 23.74281905, 37.968236478 ], [ 23.742816576, 37.968253932 ], [ 23.742806756, 37.968489222 ], [ 23.742722188, 37.968861688 ], [ 23.74270307, 37.968901474 ], [ 23.74267975, 37.968925092 ], [ 23.742128583, 37.969248349 ], [ 23.741721033, 37.969482231 ], [ 23.741713975, 37.969486281 ], [ 23.741664765, 37.969513864 ], [ 23.741432702, 37.969643938 ], [ 23.741369611, 37.969679301 ], [ 23.74135165, 37.969698535 ], [ 23.741348857, 37.969701526 ], [ 23.741287696, 37.969767017 ], [ 23.741264616, 37.969791731 ], [ 23.741016809, 37.969636118 ], [ 23.740972226, 37.969608121 ], [ 23.74096926, 37.969606259 ], [ 23.740911743, 37.969570139 ], [ 23.740841041, 37.969656027 ], [ 23.740748811, 37.969768064 ], [ 23.740692501, 37.969835979 ], [ 23.740602535, 37.969944485 ], [ 23.740526383, 37.970036328 ], [ 23.740476547, 37.970096433 ], [ 23.740426727, 37.970070455 ], [ 23.740198832, 37.969951614 ], [ 23.740135353, 37.970017211 ], [ 23.740080515, 37.97007388 ], [ 23.739733933, 37.970197446 ], [ 23.739678875, 37.970297461 ], [ 23.739679305, 37.970300088 ], [ 23.739800081, 37.971036785 ], [ 23.739810974, 37.971101276 ], [ 23.740174738, 37.97325478 ], [ 23.740342291, 37.974273605 ], [ 23.740464543, 37.975021943 ], [ 23.740563295, 37.975620367 ], [ 23.740563483, 37.975621517 ], [ 23.741176118, 37.975541751 ], [ 23.742030811, 37.975430967 ], [ 23.742584702, 37.975360078 ], [ 23.742752522, 37.975346111 ], [ 23.743006817, 37.975324949 ], [ 23.743006616, 37.975323712 ], [ 23.74300492, 37.975313292 ], [ 23.74297233, 37.975113071 ], [ 23.742792848, 37.974035641 ], [ 23.742613245, 37.972994261 ], [ 23.743500206, 37.972906069 ], [ 23.743683504, 37.972888443 ], [ 23.744148768, 37.972839196 ], [ 23.744189918, 37.97283484 ], [ 23.7456293, 37.973790946 ] ] ] } },
{ "type": "Feature", "properties": { "zone_id": 39, "year": 2030, "kwh_per_user_cap": 645.13617, "ac_share_cap": 0.56352019347439697, "kwh_pc_overall": 363.54727075207421, "kwh_cap": 7017658.376953125 }, "geometry": { "type": "Polygon", "coordinates": [ [ [ 23.731065182, 38.016040786 ], [ 23.731398047, 38.016041547 ], [ 23.731702464, 38.016033229 ], [ 23.731735929, 38.016033305 ], [ 23.732568658, 38.016026189 ], [ 23.733540212, 38.016023888 ], [ 23.73450376, 38.01587285 ], [ 23.73538178, 38.015744143 ], [ 23.735386022, 38.015745293 ], [ 23.735499148, 38.015775952 ], [ 23.73631519, 38.015755253 ], [ 23.737324146, 38.016145061 ], [ 23.737835563, 38.016092126 ], [ 23.739308546, 38.015942183 ], [ 23.740120508, 38.015867371 ], [ 23.740941724, 38.015792574 ], [ 23.74238377, 38.015629005 ], [ 23.743624216, 38.015492017 ], [ 23.7445135, 38.015394812 ], [ 23.744718065, 38.015332166 ], [ 23.744808598, 38.015300818 ], [ 23.745060744, 38.015170679 ], [ 23.745044371, 38.015066996 ], [ 23.745018589, 38.01490471 ], [ 23.744834971, 38.014928809 ], [ 23.744108972, 38.013979709 ], [ 23.743409898, 38.013116641 ], [ 23.743378287, 38.013048208 ], [ 23.743394232, 38.01259334 ], [ 23.743432453, 38.011502982 ], [ 23.743451707, 38.01095369 ], [ 23.743429709, 38.010840991 ], [ 23.743416117, 38.010676853 ], [ 23.743369915, 38.010118887 ], [ 23.743309253, 38.009573427 ], [ 23.742901952, 38.009560009 ], [ 23.742517799, 38.009473547 ], [ 23.742371683, 38.00941915 ], [ 23.741946783, 38.009263329 ], [ 23.741375421, 38.009136283 ], [ 23.740865275, 38.00907808 ], [ 23.740296434, 38.009090124 ], [ 23.740216252, 38.00810405 ], [ 23.740215524, 38.008095091 ], [ 23.740212506, 38.008057971 ], [ 23.740176321, 38.008059565 ], [ 23.739627913, 38.008083717 ], [ 23.738842862, 38.008122534 ], [ 23.738085931, 38.008161408 ], [ 23.737680203, 38.008182301 ], [ 23.737666522, 38.008183005 ], [ 23.737636265, 38.008182938 ], [ 23.736975832, 38.008213007 ], [ 23.736469566, 38.008234406 ], [ 23.736053359, 38.008256005 ], [ 23.735098184, 38.008285402 ], [ 23.735096971, 38.008325957 ], [ 23.735095756, 38.008366512 ], [ 23.735096642, 38.008812648 ], [ 23.73441169, 38.008829129 ], [ 23.73380756, 38.008841283 ], [ 23.733152186, 38.00884881 ], [ 23.732377528, 38.008865075 ], [ 23.732375381, 38.008903843 ], [ 23.732374956, 38.008911519 ], [ 23.732344808, 38.009455745 ], [ 23.732344464, 38.009461943 ], [ 23.732341336, 38.009518422 ], [ 23.731841094, 38.009544321 ], [ 23.731380042, 38.009561295 ], [ 23.731332629, 38.010457961 ], [ 23.731298804, 38.010849942 ], [ 23.731240805, 38.011232854 ], [ 23.731165027, 38.011804994 ], [ 23.731083792, 38.012408667 ], [ 23.731046265, 38.012449139 ], [ 23.73026059, 38.012352705 ], [ 23.728813038, 38.012237062 ], [ 23.728811723, 38.012259625 ], [ 23.728803398, 38.012402578 ], [ 23.728930582, 38.013133761 ], [ 23.729039908, 38.013800961 ], [ 23.729060407, 38.013841566 ], [ 23.729086568, 38.013891196 ], [ 23.729214318, 38.014680111 ], [ 23.729203505, 38.014716138 ], [ 23.729190879, 38.014761173 ], [ 23.729205077, 38.014869359 ], [ 23.729339561, 38.015473527 ], [ 23.729627344, 38.016213239 ], [ 23.729690721, 38.016308019 ], [ 23.730691634, 38.01606697 ], [ 23.730826302, 38.01604024 ], [ 23.731065182, 38.016040786 ] ] ] } },
{ "type": "Feature", "properties": { "zone_id": 40, "year": 2030, "kwh_per_user_cap": 875.00769, "ac_share_cap": 0.84274924921209815, "kwh_pc_overall": 737.41205001960657, "kwh_cap": 2286290.5893554688 }, "geometry": { "type": "Polygon", "coordinates": [ [ [ 23.737713335, 37.994740474 ], [ 23.737847915, 37.994727255 ], [ 23.738284416, 37.994782304 ], [ 23.738513277, 37.994778307 ], [ 23.738725459, 37.994760753 ], [ 23.73894238, 37.994711664 ], [ 23.739159379, 37.994640042 ], [ 23.7394125, 37.99451893 ], [ 23.739617733, 37.994352647 ], [ 23.739780225, 37.994195282 ], [ 23.739906913, 37.99399728 ], [ 23.739972987, 37.993830688 ], [ 23.740003328, 37.993704576 ], [ 23.740021245, 37.993569423 ], [ 23.740009037, 37.993398152 ], [ 23.739972952, 37.993235841 ], [ 23.739972869, 37.993235648 ], [ 23.739876231, 37.993010306 ], [ 23.739876211, 37.993010273 ], [ 23.739803702, 37.992892972 ], [ 23.740099248, 37.99274492 ], [ 23.740394586, 37.99265995 ], [ 23.740352057, 37.992531598 ], [ 23.740339298, 37.99249309 ], [ 23.740339174, 37.99249293 ], [ 23.740334557, 37.992486942 ], [ 23.740259232, 37.992389266 ], [ 23.740259194, 37.992389125 ], [ 23.740169671, 37.992051086 ], [ 23.740035115, 37.991555083 ], [ 23.739911821, 37.991095155 ], [ 23.739875982, 37.990964389 ], [ 23.739868604, 37.990937335 ], [ 23.739856307, 37.990892243 ], [ 23.739757965, 37.990522499 ], [ 23.739752892, 37.990346737 ], [ 23.739752426, 37.990346813 ], [ 23.738614468, 37.990533483 ], [ 23.738260528, 37.990586773 ], [ 23.737963303, 37.990628377 ], [ 23.737690117, 37.990666618 ], [ 23.736588095, 37.99082188 ], [ 23.7365865, 37.990822144 ], [ 23.735831733, 37.990946894 ], [ 23.735592802, 37.990986384 ], [ 23.735592761, 37.990986391 ], [ 23.735301911, 37.991033812 ], [ 23.735156585, 37.991057505 ], [ 23.734694078, 37.991134732 ], [ 23.734677272, 37.991137541 ], [ 23.73408085, 37.991234044 ], [ 23.734072978, 37.991235317 ], [ 23.733033883, 37.991404208 ], [ 23.732299944, 37.991528719 ], [ 23.731898257, 37.991595401 ], [ 23.731363419, 37.991675296 ], [ 23.731343805, 37.991677077 ], [ 23.731338724, 37.991677539 ], [ 23.731169751, 37.991692879 ], [ 23.731271512, 37.992089677 ], [ 23.731369715, 37.992486466 ], [ 23.73147041, 37.992883261 ], [ 23.731916174, 37.994691353 ], [ 23.732005924, 37.99506559 ], [ 23.732141982, 37.995624696 ], [ 23.732223251, 37.995617276 ], [ 23.732239573, 37.995615785 ], [ 23.732334593, 37.995607109 ], [ 23.733230528, 37.995478458 ], [ 23.733490486, 37.99543849 ], [ 23.733581098, 37.995380111 ], [ 23.733910059, 37.995326967 ], [ 23.735699269, 37.995037896 ], [ 23.735768448, 37.995026379 ], [ 23.735769225, 37.99502625 ], [ 23.736108439, 37.994969778 ], [ 23.736428088, 37.99491739 ], [ 23.736615557, 37.994886733 ], [ 23.737641863, 37.994722289 ], [ 23.737713335, 37.994740474 ] ] ] } },
{ "type": "Feature", "properties": { "zone_id": 41, "year": 2030, "kwh_per_user_cap": 875.19965, "ac_share_cap": 0.96414715046592225, "kwh_pc_overall": 843.82122364727536, "kwh_cap": 918743.376953125 }, "geometry": { "type": "Polygon", "coordinates": [ [ [ 23.784996835, 37.999725879 ], [ 23.784148123, 37.999057374 ], [ 23.783755844, 37.998723452 ], [ 23.782933191, 37.998023168 ], [ 23.782034715, 37.997345543 ], [ 23.78155303, 37.997628554 ], [ 23.78104458, 37.997934045 ], [ 23.780532924, 37.998239528 ], [ 23.780028395, 37.998540516 ], [ 23.779067395, 37.999117067 ], [ 23.782341654, 38.003367353 ], [ 23.787116272, 38.001000544 ], [ 23.785217446, 37.999870487 ], [ 23.784996835, 37.999725879 ] ] ] } },
{ "type": "Feature", "properties": { "zone_id": 42, "year": 2030, "kwh_per_user_cap": 858.97778, "ac_share_cap": 0.41856878772704026, "kwh_pc_overall": 359.54129183192566, "kwh_cap": 7477373.55859375 }, "geometry": { "type": "Polygon", "coordinates": [ [ [ 23.731240805, 38.011232854 ], [ 23.731298804, 38.010849942 ], [ 23.731332629, 38.010457961 ], [ 23.731380042, 38.009561295 ], [ 23.731841094, 38.009544321 ], [ 23.732341336, 38.009518422 ], [ 23.732344464, 38.009461943 ], [ 23.732344808, 38.009455745 ], [ 23.732374956, 38.008911519 ], [ 23.732375381, 38.008903843 ], [ 23.732377528, 38.008865075 ], [ 23.733152186, 38.00884881 ], [ 23.73380756, 38.008841283 ], [ 23.73441169, 38.008829129 ], [ 23.735096642, 38.008812648 ], [ 23.735095756, 38.008366512 ], [ 23.735096971, 38.008325957 ], [ 23.735098184, 38.008285402 ], [ 23.735096148, 38.007861795 ], [ 23.735093902, 38.007496771 ], [ 23.73509088, 38.007050629 ], [ 23.735086951, 38.006658563 ], [ 23.735085803, 38.006581951 ], [ 23.734952809, 38.005950754 ], [ 23.734897735, 38.005725309 ], [ 23.734801034, 38.005296982 ], [ 23.734772639, 38.005175245 ], [ 23.734701906, 38.004850624 ], [ 23.734666555, 38.004683807 ], [ 23.734558322, 38.004194835 ], [ 23.7344281, 38.003786493 ], [ 23.734292168, 38.003380608 ], [ 23.734138281, 38.002920607 ], [ 23.734117507, 38.00285747 ], [ 23.733984372, 38.002762534 ], [ 23.733968872, 38.002717435 ], [ 23.733726204, 38.002004872 ], [ 23.733831416, 38.001946527 ], [ 23.733709536, 38.00149561 ], [ 23.733554365, 38.000900412 ], [ 23.733358918, 38.000124865 ], [ 23.733222424, 37.999975844 ], [ 23.733022874, 37.999155224 ], [ 23.731791078, 37.999332678 ], [ 23.731152527, 37.999434867 ], [ 23.730570243, 37.99952817 ], [ 23.729862251, 37.999639206 ], [ 23.729201966, 37.999745842 ], [ 23.72857234, 37.999839025 ], [ 23.727519695, 37.999998755 ], [ 23.727519263, 37.999998821 ], [ 23.727356861, 38.000025483 ], [ 23.726125594, 38.000148802 ], [ 23.725539857, 38.000210526 ], [ 23.724996508, 38.000263334 ], [ 23.724275821, 38.000338256 ], [ 23.723488913, 38.000417524 ], [ 23.723583293, 38.001350573 ], [ 23.72336963, 38.00137711 ], [ 23.723314394, 38.001384923 ], [ 23.723269887, 38.001391218 ], [ 23.723217968, 38.001398561 ], [ 23.723181595, 38.001403706 ], [ 23.723525313, 38.001909232 ], [ 23.723986055, 38.002437565 ], [ 23.724255049, 38.002749138 ], [ 23.724432989, 38.002947838 ], [ 23.72521168, 38.003837423 ], [ 23.725551588, 38.004225768 ], [ 23.725948199, 38.00468184 ], [ 23.726259739, 38.005043079 ], [ 23.726600676, 38.005444942 ], [ 23.726644664, 38.005485602 ], [ 23.726652038, 38.0054965 ], [ 23.726790592, 38.005701262 ], [ 23.727209678, 38.0063206 ], [ 23.727307644, 38.006492071 ], [ 23.727476608, 38.006812418 ], [ 23.727633726, 38.007159775 ], [ 23.727834839, 38.007836202 ], [ 23.727870608, 38.008007855 ], [ 23.727885563, 38.008079629 ], [ 23.727916917, 38.008234086 ], [ 23.727919579, 38.008247673 ], [ 23.728039257, 38.008967783 ], [ 23.72819215, 38.009882938 ], [ 23.728321174, 38.010707908 ], [ 23.728391146, 38.011136179 ], [ 23.728398051, 38.01118332 ], [ 23.728398117, 38.011183778 ], [ 23.728483491, 38.011766675 ], [ 23.728484901, 38.011776305 ], [ 23.728499602, 38.011883929 ], [ 23.728509851, 38.011958959 ], [ 23.728537241, 38.01215947 ], [ 23.728523819, 38.012223184 ], [ 23.728516519, 38.012257836 ], [ 23.728692312, 38.012241772 ], [ 23.728776483, 38.012238489 ], [ 23.728813038, 38.012237062 ], [ 23.73026059, 38.012352705 ], [ 23.731046265, 38.012449139 ], [ 23.731083792, 38.012408667 ], [ 23.731165027, 38.011804994 ], [ 23.731240805, 38.011232854 ] ] ] } },
{ "type": "Feature", "properties": { "zone_id": 43, "year": 2030, "kwh_per_user_cap": 671.95154, "ac_share_cap": 0.51964354251371025, "kwh_pc_overall": 349.1752930702923, "kwh_cap": 6330966.21484375 }, "geometry": { "type": "Polygon", "coordinates": [ [ [ 23.73222685, 37.995971883 ], [ 23.732143315, 37.995630147 ], [ 23.732142071, 37.995625058 ], [ 23.732141982, 37.995624696 ], [ 23.732005924, 37.99506559 ], [ 23.731916174, 37.994691353 ], [ 23.73147041, 37.992883261 ], [ 23.731369715, 37.992486466 ], [ 23.731271512, 37.992089677 ], [ 23.731169751, 37.991692879 ], [ 23.73113758, 37.991560491 ], [ 23.731131229, 37.99153436 ], [ 23.731082095, 37.991332165 ], [ 23.730769858, 37.991381497 ], [ 23.729845021, 37.991527613 ], [ 23.729059471, 37.991651986 ], [ 23.728644985, 37.99171412 ], [ 23.727911069, 37.991829592 ], [ 23.727111259, 37.991958425 ], [ 23.726950648, 37.991962361 ], [ 23.726946355, 37.991962466 ], [ 23.726943951, 37.991962525 ], [ 23.726943306, 37.991962541 ], [ 23.726943263, 37.991962542 ], [ 23.726044477, 37.992005516 ], [ 23.725073427, 37.992052821 ], [ 23.724330196, 37.992087133 ], [ 23.723333944, 37.992116338 ], [ 23.723105259, 37.992169877 ], [ 23.722298626, 37.992217546 ], [ 23.72187432, 37.992239076 ], [ 23.721556237, 37.992253871 ], [ 23.721443733, 37.992259105 ], [ 23.721345509, 37.992263673 ], [ 23.721321165, 37.992264805 ], [ 23.721218339, 37.992269588 ], [ 23.721034676, 37.99227813 ], [ 23.721034061, 37.992278158 ], [ 23.721034222, 37.992279266 ], [ 23.72103472, 37.992282696 ], [ 23.721120602, 37.99269244 ], [ 23.721105024, 37.99285914 ], [ 23.721110908, 37.992872186 ], [ 23.721139611, 37.992935831 ], [ 23.721192338, 37.99348574 ], [ 23.721226499, 37.99367509 ], [ 23.721326716, 37.994184553 ], [ 23.721406039, 37.994572293 ], [ 23.721446981, 37.994757153 ], [ 23.721302344, 37.994802461 ], [ 23.721061382, 37.994786284 ], [ 23.720967748, 37.995463525 ], [ 23.720872024, 37.996116728 ], [ 23.720783537, 37.996738404 ], [ 23.72078644, 37.996738666 ], [ 23.721298371, 37.996784689 ], [ 23.721719295, 37.996817231 ], [ 23.721792613, 37.996817404 ], [ 23.722128289, 37.996804678 ], [ 23.722220419, 37.996796292 ], [ 23.722220508, 37.996796283 ], [ 23.723137689, 37.996703411 ], [ 23.723137907, 37.996706054 ], [ 23.723154027, 37.996901732 ], [ 23.723188536, 37.997284859 ], [ 23.723251737, 37.997893373 ], [ 23.723368162, 37.999114886 ], [ 23.723488913, 38.000417524 ], [ 23.724275821, 38.000338256 ], [ 23.724996508, 38.000263334 ], [ 23.725539857, 38.000210526 ], [ 23.726125594, 38.000148802 ], [ 23.727356861, 38.000025483 ], [ 23.727519263, 37.999998821 ], [ 23.727519695, 37.999998755 ], [ 23.72857234, 37.999839025 ], [ 23.729201966, 37.999745842 ], [ 23.729862251, 37.999639206 ], [ 23.730570243, 37.99952817 ], [ 23.731152527, 37.999434867 ], [ 23.731791078, 37.999332678 ], [ 23.733022874, 37.999155224 ], [ 23.732882565, 37.998587097 ], [ 23.732746801, 37.998041512 ], [ 23.73242648, 37.996765467 ], [ 23.732322282, 37.99635064 ], [ 23.73222685, 37.995971883 ] ] ] } },
{ "type": "Feature", "properties": { "zone_id": 44, "year": 2030, "kwh_per_user_cap": 809.91156, "ac_share_cap": 0.69137597165745479, "kwh_pc_overall": 559.95336753414722, "kwh_cap": 6267219.0 }, "geometry": { "type": "Polygon", "coordinates": [ [ [ 23.75488373, 37.999941965 ], [ 23.755138355, 37.999931191 ], [ 23.755152513, 37.999930592 ], [ 23.75537271, 37.999921273 ], [ 23.755592539, 37.99991197 ], [ 23.755596436, 37.999911805 ], [ 23.755731261, 37.999826464 ], [ 23.755744732, 37.999814623 ], [ 23.755753547, 37.999810745 ], [ 23.756013587, 37.999696364 ], [ 23.756727877, 37.999391407 ], [ 23.757217082, 37.999342847 ], [ 23.757347988, 37.999365649 ], [ 23.757717499, 37.999456539 ], [ 23.758084862, 37.999574462 ], [ 23.758152684, 37.999665312 ], [ 23.75828332, 37.999813711 ], [ 23.758295581, 37.999827711 ], [ 23.758312463, 37.999846985 ], [ 23.75845819, 38.000013369 ], [ 23.758531797, 38.000149902 ], [ 23.758898601, 38.001090562 ], [ 23.758945255, 38.001078851 ], [ 23.759118863, 38.00103527 ], [ 23.759203565, 38.000960228 ], [ 23.759315399, 38.000829771 ], [ 23.759428575, 38.000801287 ], [ 23.75944239, 38.000744409 ], [ 23.759428681, 38.000473996 ], [ 23.759492172, 38.000541722 ], [ 23.759561558, 38.000330062 ], [ 23.759700517, 37.999740005 ], [ 23.759761257, 37.999433494 ], [ 23.759794246, 37.999267023 ], [ 23.759685444, 37.99907982 ], [ 23.7593782, 37.998551027 ], [ 23.759118094, 37.998103385 ], [ 23.758892117, 37.997714477 ], [ 23.758670308, 37.997393146 ], [ 23.758684852, 37.997216245 ], [ 23.758740717, 37.996536736 ], [ 23.758748612, 37.996308672 ], [ 23.758690785, 37.996090313 ], [ 23.758557589, 37.995587358 ], [ 23.758477559, 37.995285158 ], [ 23.758528035, 37.994950005 ], [ 23.75879693, 37.994704485 ], [ 23.758563396, 37.994505723 ], [ 23.758188703, 37.994157959 ], [ 23.758171265, 37.994140646 ], [ 23.758170154, 37.994139544 ], [ 23.758076408, 37.994046468 ], [ 23.757933996, 37.993905075 ], [ 23.75759647, 37.993512322 ], [ 23.757464596, 37.993354325 ], [ 23.757423593, 37.993160464 ], [ 23.757359903, 37.993047672 ], [ 23.757033764, 37.993223984 ], [ 23.756887139, 37.993303562 ], [ 23.756522759, 37.993501091 ], [ 23.756098139, 37.993725532 ], [ 23.755448926, 37.994062166 ], [ 23.754929452, 37.994340483 ], [ 23.754807523, 37.994403319 ], [ 23.754601452, 37.994511043 ], [ 23.754499236, 37.994565249 ], [ 23.754127352, 37.994497395 ], [ 23.753668267, 37.994429506 ], [ 23.753261518, 37.994370817 ], [ 23.753049648, 37.994340246 ], [ 23.752966377, 37.994328231 ], [ 23.752684791, 37.994287599 ], [ 23.75230278, 37.994232477 ], [ 23.752075144, 37.994199628 ], [ 23.75188319, 37.994171929 ], [ 23.751767015, 37.994198659 ], [ 23.751511608, 37.994249691 ], [ 23.751499196, 37.994252168 ], [ 23.751028376, 37.994345809 ], [ 23.750593488, 37.994438681 ], [ 23.750325679, 37.994493032 ], [ 23.75014725, 37.994528704 ], [ 23.750316621, 37.995065328 ], [ 23.750346893, 37.995164533 ], [ 23.75040462, 37.995353926 ], [ 23.750348497, 37.995418788 ], [ 23.750295642, 37.995479874 ], [ 23.749978, 37.995425122 ], [ 23.749777147, 37.995460746 ], [ 23.749298613, 37.995621959 ], [ 23.749202285, 37.995650879 ], [ 23.749119764, 37.995675654 ], [ 23.748615462, 37.995877366 ], [ 23.748307994, 37.995997743 ], [ 23.748196873, 37.996041247 ], [ 23.747676734, 37.996244883 ], [ 23.747240513, 37.99641519 ], [ 23.746655072, 37.996632372 ], [ 23.746508074, 37.99670124 ], [ 23.746327638, 37.996775889 ], [ 23.745942503, 37.996901149 ], [ 23.746058675, 37.997011798 ], [ 23.746087338, 37.997039098 ], [ 23.746387519, 37.997264019 ], [ 23.746732731, 37.997522677 ], [ 23.746965994, 37.997689916 ], [ 23.747303234, 37.997947507 ], [ 23.74785174, 37.998354262 ], [ 23.748000841, 37.998467242 ], [ 23.7480793, 37.998525994 ], [ 23.748505714, 37.998833343 ], [ 23.748673991, 37.998959882 ], [ 23.749071848, 37.999256262 ], [ 23.749458053, 37.999258302 ], [ 23.749747464, 37.99925983 ], [ 23.750096717, 37.999261673 ], [ 23.750354348, 37.999683073 ], [ 23.750256743, 37.999918689 ], [ 23.750214835, 38.000018053 ], [ 23.750228516, 38.00015572 ], [ 23.75026935, 38.000215019 ], [ 23.75034031, 38.000256773 ], [ 23.750352565, 38.000374842 ], [ 23.750376364, 38.000540753 ], [ 23.750403601, 38.000905831 ], [ 23.750405471, 38.000909708 ], [ 23.750431877, 38.000964474 ], [ 23.7504401, 38.000972285 ], [ 23.750441347, 38.00097347 ], [ 23.750683781, 38.001203849 ], [ 23.750936726, 38.001364637 ], [ 23.751155813, 38.001502272 ], [ 23.75144103, 38.001574978 ], [ 23.751482302, 38.001585083 ], [ 23.751500907, 38.001589639 ], [ 23.751626677, 38.001620434 ], [ 23.751771673, 38.001655301 ], [ 23.751789695, 38.001659634 ], [ 23.7518038, 38.001663026 ], [ 23.751879677, 38.001681272 ], [ 23.751880408, 38.001681447 ], [ 23.751880408, 38.001681186 ], [ 23.751880413, 38.001634489 ], [ 23.752643621, 38.000446402 ], [ 23.752957584, 38.000163209 ], [ 23.753278093, 38.000027784 ], [ 23.753909273, 37.999883132 ], [ 23.754226701, 37.999881324 ], [ 23.75488373, 37.999941965 ] ] ] } },
{ "type": "Feature", "properties": { "zone_id": 45, "year": 2030, "kwh_per_user_cap": 792.5528, "ac_share_cap": 0.7694047075877628, "kwh_pc_overall": 609.79382572380655, "kwh_cap": 4481942.98046875 }, "geometry": { "type": "Polygon", "coordinates": [ [ [ 23.741471269, 38.032467411 ], [ 23.741667202, 38.03254445 ], [ 23.742327764, 38.032376957 ], [ 23.743982402, 38.03195467 ], [ 23.743800525, 38.03155057 ], [ 23.743751083, 38.031440445 ], [ 23.743582344, 38.031064559 ], [ 23.743350617, 38.030551805 ], [ 23.743012822, 38.029803006 ], [ 23.7425223, 38.02874293 ], [ 23.742506212, 38.028632165 ], [ 23.742459617, 38.028311379 ], [ 23.742441979, 38.028189951 ], [ 23.742399803, 38.02821485 ], [ 23.742293393, 38.028277671 ], [ 23.742178304, 38.028345614 ], [ 23.742152409, 38.028280467 ], [ 23.742031772, 38.027976966 ], [ 23.742000194, 38.027935912 ], [ 23.741891609, 38.027794744 ], [ 23.74152074, 38.027482854 ], [ 23.741306936, 38.027248584 ], [ 23.739996379, 38.02643431 ], [ 23.739903266, 38.026465943 ], [ 23.739642364, 38.026297471 ], [ 23.739464132, 38.026182381 ], [ 23.739343044, 38.026104191 ], [ 23.73930442, 38.026079099 ], [ 23.739301495, 38.026077199 ], [ 23.739143584, 38.025974615 ], [ 23.739208717, 38.025948444 ], [ 23.73921975, 38.025944011 ], [ 23.739261869, 38.025927087 ], [ 23.739412995, 38.025866364 ], [ 23.739349766, 38.025826076 ], [ 23.739287306, 38.025786279 ], [ 23.738911176, 38.025546615 ], [ 23.738092467, 38.025033396 ], [ 23.73729933, 38.024527792 ], [ 23.737291376, 38.024522721 ], [ 23.737282935, 38.024517143 ], [ 23.736770522, 38.02417854 ], [ 23.7365824, 38.024054227 ], [ 23.736380965, 38.023921116 ], [ 23.736194244, 38.023797727 ], [ 23.736084392, 38.023725134 ], [ 23.735924335, 38.023628677 ], [ 23.735815289, 38.02356296 ], [ 23.735695746, 38.023490917 ], [ 23.735673658, 38.023502541 ], [ 23.735658998, 38.023510256 ], [ 23.735570966, 38.023556584 ], [ 23.735496561, 38.023595739 ], [ 23.735456011, 38.023616992 ], [ 23.735065546, 38.023782849 ], [ 23.734818434, 38.02388594 ], [ 23.734522463, 38.024011451 ], [ 23.73402288, 38.024222123 ], [ 23.733552165, 38.024423845 ], [ 23.733492641, 38.024441736 ], [ 23.733244196, 38.024616922 ], [ 23.73302752, 38.024769647 ], [ 23.732343173, 38.025263795 ], [ 23.732237695, 38.025335039 ], [ 23.732163148, 38.025385391 ], [ 23.732104984, 38.025424676 ], [ 23.732057734, 38.02545659 ], [ 23.732003462, 38.025493247 ], [ 23.731988879, 38.025503097 ], [ 23.731984102, 38.025506323 ], [ 23.731973702, 38.025513994 ], [ 23.731832578, 38.025618103 ], [ 23.73166743, 38.025739933 ], [ 23.731481211, 38.025859222 ], [ 23.731370838, 38.025929925 ], [ 23.731292395, 38.025964396 ], [ 23.73129526, 38.025978103 ], [ 23.731304644, 38.026023008 ], [ 23.731354689, 38.026050147 ], [ 23.731402041, 38.026075825 ], [ 23.731563341, 38.026163297 ], [ 23.731709064, 38.026239004 ], [ 23.731720219, 38.0262448 ], [ 23.731766581, 38.026268886 ], [ 23.731850848, 38.026312664 ], [ 23.731949634, 38.026366966 ], [ 23.731980981, 38.026351596 ], [ 23.732042753, 38.026321307 ], [ 23.732105153, 38.026290711 ], [ 23.732556584, 38.026598174 ], [ 23.732872708, 38.026729413 ], [ 23.732884022, 38.02673411 ], [ 23.733217901, 38.026861047 ], [ 23.733620322, 38.027037709 ], [ 23.734193149, 38.027215275 ], [ 23.7342061, 38.02721929 ], [ 23.734627495, 38.027269812 ], [ 23.734674587, 38.027269491 ], [ 23.735620222, 38.027263036 ], [ 23.73593111, 38.027250215 ], [ 23.736058466, 38.027282046 ], [ 23.736439291, 38.027526245 ], [ 23.73656092, 38.027666216 ], [ 23.736680528, 38.027972919 ], [ 23.736691809, 38.028004489 ], [ 23.7368227, 38.028342761 ], [ 23.736992844, 38.028956012 ], [ 23.737133259, 38.029422519 ], [ 23.737144862, 38.029461068 ], [ 23.7371655, 38.029488834 ], [ 23.737311237, 38.029684906 ], [ 23.737431805, 38.029847114 ], [ 23.737560895, 38.03002079 ], [ 23.737774654, 38.030301511 ], [ 23.737777444, 38.030305176 ], [ 23.737786886, 38.030318673 ], [ 23.738030041, 38.03066625 ], [ 23.738058373, 38.030698568 ], [ 23.738152747, 38.030806221 ], [ 23.738165257, 38.030816011 ], [ 23.738343932, 38.030955818 ], [ 23.73835522, 38.03096465 ], [ 23.738435754, 38.031027665 ], [ 23.738844985, 38.031402605 ], [ 23.740034401, 38.032482268 ], [ 23.740065798, 38.032519671 ], [ 23.740095038, 38.032554504 ], [ 23.740152224, 38.032595188 ], [ 23.740226519, 38.032631404 ], [ 23.740296264, 38.032645077 ], [ 23.740348742, 38.03265102 ], [ 23.74037742, 38.032654269 ], [ 23.740475375, 38.032645472 ], [ 23.740524801, 38.032637355 ], [ 23.740545805, 38.032633907 ], [ 23.740583688, 38.032627686 ], [ 23.740687405, 38.032600876 ], [ 23.740790053, 38.032574064 ], [ 23.741059815, 38.032516075 ], [ 23.741230611, 38.03247326 ], [ 23.741255837, 38.032466937 ], [ 23.741360118, 38.032459218 ], [ 23.741374089, 38.032458184 ], [ 23.741471269, 38.032467411 ] ] ] } },
{ "type": "Feature", "properties": { "zone_id": 46, "year": 2030, "kwh_per_user_cap": 807.0437, "ac_share_cap": 0.64441275803563713, "kwh_pc_overall": 520.06927326034156, "kwh_cap": 3118007.875 }, "geometry": { "type": "Polygon", "coordinates": [ [ [ 23.752231617, 37.964299412 ], [ 23.752221576, 37.96430002 ], [ 23.751179061, 37.964362728 ], [ 23.751059531, 37.964405716 ], [ 23.750711694, 37.96441245 ], [ 23.750675628, 37.964399552 ], [ 23.75020797, 37.964114751 ], [ 23.749719168, 37.963817067 ], [ 23.749155941, 37.963515677 ], [ 23.748725091, 37.96328512 ], [ 23.748301141, 37.963072683 ], [ 23.747660347, 37.96269091 ], [ 23.746603392, 37.962065789 ], [ 23.746512574, 37.962166654 ], [ 23.74629126, 37.962416619 ], [ 23.745853234, 37.962898926 ], [ 23.745496741, 37.963294844 ], [ 23.74517991, 37.963648984 ], [ 23.74495528, 37.963902752 ], [ 23.74481205, 37.964062779 ], [ 23.744617108, 37.964271735 ], [ 23.744610656, 37.964278651 ], [ 23.744555412, 37.964340252 ], [ 23.744473515, 37.964431573 ], [ 23.745066621, 37.964767631 ], [ 23.745207146, 37.964847252 ], [ 23.745345216, 37.964925174 ], [ 23.745493374, 37.965008789 ], [ 23.745504625, 37.965015139 ], [ 23.746192009, 37.965413191 ], [ 23.746278241, 37.965458237 ], [ 23.74665878, 37.965657022 ], [ 23.746996995, 37.965833696 ], [ 23.747609732, 37.966188187 ], [ 23.748157299, 37.96650497 ], [ 23.74835258, 37.966617943 ], [ 23.748648495, 37.966788423 ], [ 23.748975173, 37.966973885 ], [ 23.749499261, 37.967276934 ], [ 23.749628087, 37.967351608 ], [ 23.749710861, 37.967485017 ], [ 23.749843562, 37.967517853 ], [ 23.750136321, 37.967660658 ], [ 23.750130635, 37.967733427 ], [ 23.750466845, 37.967837789 ], [ 23.751011194, 37.968149887 ], [ 23.751311879, 37.968324562 ], [ 23.751540621, 37.968457444 ], [ 23.751986256, 37.968715251 ], [ 23.752044142, 37.968746919 ], [ 23.75230336, 37.968896177 ], [ 23.752436519, 37.968973067 ], [ 23.752761272, 37.969156608 ], [ 23.753459714, 37.96835392 ], [ 23.754109683, 37.967631776 ], [ 23.75512678, 37.966536416 ], [ 23.755771267, 37.965852557 ], [ 23.755379183, 37.965634391 ], [ 23.755010084, 37.965429013 ], [ 23.754596326, 37.965198782 ], [ 23.754000085, 37.964867005 ], [ 23.752905736, 37.964258042 ], [ 23.752231617, 37.964299412 ] ] ] } },
{ "type": "Feature", "properties": { "zone_id": 47, "year": 2030, "kwh_per_user_cap": 911.54529, "ac_share_cap": 0.78749096793708728, "kwh_pc_overall": 717.83367628545193, "kwh_cap": 12039375.1875 }, "geometry": { "type": "Polygon", "coordinates": [ [ [ 23.750492261, 38.028945209 ], [ 23.75110435, 38.028710336 ], [ 23.751250745, 38.02862719 ], [ 23.751528584, 38.028469391 ], [ 23.752193419, 38.028187023 ], [ 23.752812744, 38.02792398 ], [ 23.752066173, 38.026906806 ], [ 23.751490446, 38.026089565 ], [ 23.751086938, 38.025504498 ], [ 23.750752553, 38.025047393 ], [ 23.750329199, 38.024454075 ], [ 23.749749528, 38.023641665 ], [ 23.749157735, 38.022824009 ], [ 23.749101734, 38.022747707 ], [ 23.74850102, 38.021929216 ], [ 23.748268102, 38.02157889 ], [ 23.7482355, 38.021529854 ], [ 23.747959948, 38.021130226 ], [ 23.747673266, 38.020730756 ], [ 23.7473682, 38.020301157 ], [ 23.747085448, 38.019900162 ], [ 23.747002069, 38.019781914 ], [ 23.74580748, 38.020318241 ], [ 23.745191471, 38.020595008 ], [ 23.744606745, 38.020860129 ], [ 23.744160743, 38.021062349 ], [ 23.743782982, 38.021233626 ], [ 23.743308282, 38.021448852 ], [ 23.742965614, 38.021604213 ], [ 23.742279968, 38.021915072 ], [ 23.741470567, 38.022282029 ], [ 23.741168562, 38.022418948 ], [ 23.740661599, 38.022648783 ], [ 23.740482271, 38.022730081 ], [ 23.739960833, 38.022968149 ], [ 23.740183753, 38.023163374 ], [ 23.740226287, 38.023217545 ], [ 23.74036347, 38.023389091 ], [ 23.74046843, 38.023510995 ], [ 23.740702417, 38.023795415 ], [ 23.741016555, 38.024170138 ], [ 23.74134659, 38.024580946 ], [ 23.74163382, 38.025010813 ], [ 23.74122184, 38.025169529 ], [ 23.740756018, 38.025348985 ], [ 23.740326012, 38.025514641 ], [ 23.739412995, 38.025866364 ], [ 23.739261869, 38.025927087 ], [ 23.73921975, 38.025944011 ], [ 23.739208717, 38.025948444 ], [ 23.739143584, 38.025974615 ], [ 23.739301495, 38.026077199 ], [ 23.73930442, 38.026079099 ], [ 23.739343044, 38.026104191 ], [ 23.739464132, 38.026182381 ], [ 23.739642364, 38.026297471 ], [ 23.739903266, 38.026465943 ], [ 23.739996379, 38.02643431 ], [ 23.741306936, 38.027248584 ], [ 23.74152074, 38.027482854 ], [ 23.741891609, 38.027794744 ], [ 23.742000194, 38.027935912 ], [ 23.742031772, 38.027976966 ], [ 23.742152409, 38.028280467 ], [ 23.742178304, 38.028345614 ], [ 23.742293393, 38.028277671 ], [ 23.742399803, 38.02821485 ], [ 23.742441979, 38.028189951 ], [ 23.742459617, 38.028311379 ], [ 23.742506212, 38.028632165 ], [ 23.7425223, 38.02874293 ], [ 23.743012822, 38.029803006 ], [ 23.743350617, 38.030551805 ], [ 23.743582344, 38.031064559 ], [ 23.743751083, 38.031440445 ], [ 23.743776705, 38.031441923 ], [ 23.743831034, 38.031445058 ], [ 23.743831233, 38.031445065 ], [ 23.744022983, 38.031451295 ], [ 23.744699109, 38.031452986 ], [ 23.745498178, 38.031125997 ], [ 23.745359841, 38.030923862 ], [ 23.745426124, 38.030895963 ], [ 23.746969613, 38.03022986 ], [ 23.747002925, 38.030215484 ], [ 23.747045543, 38.030197091 ], [ 23.747809017, 38.029867596 ], [ 23.747845972, 38.029851647 ], [ 23.747880973, 38.029836542 ], [ 23.748177263, 38.029708669 ], [ 23.748250327, 38.029677135 ], [ 23.748367594, 38.029624414 ], [ 23.748397228, 38.029612086 ], [ 23.748483621, 38.029575416 ], [ 23.748522606, 38.029558814 ], [ 23.748663762, 38.029498702 ], [ 23.749340228, 38.029209733 ], [ 23.749392415, 38.029187441 ], [ 23.749402142, 38.029183286 ], [ 23.749456094, 38.029160239 ], [ 23.749461867, 38.029157772 ], [ 23.749615267, 38.029090255 ], [ 23.750197317, 38.028834071 ], [ 23.750361314, 38.028759061 ], [ 23.750492261, 38.028945209 ] ] ] } },
{ "type": "Feature", "properties": { "zone_id": 48, "year": 2030, "kwh_per_user_cap": 809.54236, "ac_share_cap": 0.46749791607281688, "kwh_pc_overall": 378.45935157744384, "kwh_cap": 6135446.259765625 }, "geometry": { "type": "Polygon", "coordinates": [ [ [ 23.70552039, 37.972172174 ], [ 23.705520357, 37.97217221 ], [ 23.704100787, 37.973687815 ], [ 23.704775028, 37.974311397 ], [ 23.705212006, 37.974667718 ], [ 23.705263439, 37.974709658 ], [ 23.705321837, 37.974757276 ], [ 23.705346015, 37.974776991 ], [ 23.705737997, 37.975071368 ], [ 23.705770046, 37.975095436 ], [ 23.705773483, 37.975098017 ], [ 23.705735778, 37.97511153 ], [ 23.705690978, 37.975127585 ], [ 23.705544787, 37.975179976 ], [ 23.705500282, 37.975195925 ], [ 23.70549876, 37.975196471 ], [ 23.705487774, 37.97521127 ], [ 23.705487175, 37.975212077 ], [ 23.705485174, 37.975214773 ], [ 23.705500739, 37.975226262 ], [ 23.705591994, 37.975293617 ], [ 23.706368356, 37.975866647 ], [ 23.707426303, 37.976799083 ], [ 23.708891554, 37.978043968 ], [ 23.709830649, 37.979026533 ], [ 23.709928205, 37.979137352 ], [ 23.7114256, 37.980838272 ], [ 23.711432085, 37.980845637 ], [ 23.711469552, 37.980888196 ], [ 23.711515219, 37.980940069 ], [ 23.711603037, 37.981097806 ], [ 23.711710429, 37.981255901 ], [ 23.713526885, 37.983260272 ], [ 23.713712365, 37.983468019 ], [ 23.713897847, 37.983675766 ], [ 23.714404861, 37.984131401 ], [ 23.714430835, 37.984154743 ], [ 23.714435027, 37.984158807 ], [ 23.714463451, 37.984186367 ], [ 23.714502623, 37.98422127 ], [ 23.714514164, 37.984231554 ], [ 23.714542449, 37.984257985 ], [ 23.71456735, 37.984281254 ], [ 23.714594783, 37.984304163 ], [ 23.714892384, 37.984552679 ], [ 23.715720163, 37.985243914 ], [ 23.717077559, 37.986409845 ], [ 23.717585339, 37.986884239 ], [ 23.717635367, 37.986913532 ], [ 23.717848092, 37.987038088 ], [ 23.717951196, 37.987071685 ], [ 23.717973002, 37.987049045 ], [ 23.71801476, 37.987005693 ], [ 23.718042337, 37.986984193 ], [ 23.717995463, 37.986942339 ], [ 23.717995225, 37.986942126 ], [ 23.718166521, 37.986741347 ], [ 23.718428784, 37.986368331 ], [ 23.718785547, 37.985892875 ], [ 23.719249816, 37.985180289 ], [ 23.719270208, 37.985058664 ], [ 23.719287414, 37.984932525 ], [ 23.719288314, 37.984928135 ], [ 23.71930772, 37.984833432 ], [ 23.71984221, 37.98408664 ], [ 23.720355947, 37.983366834 ], [ 23.720505157, 37.98315088 ], [ 23.720884028, 37.982615515 ], [ 23.721417029, 37.981877724 ], [ 23.721780841, 37.981369359 ], [ 23.721807206, 37.981331877 ], [ 23.720709209, 37.98084412 ], [ 23.72070908, 37.980844063 ], [ 23.719350884, 37.980240699 ], [ 23.719347198, 37.980239059 ], [ 23.718238579, 37.979746085 ], [ 23.718226623, 37.979740769 ], [ 23.717819044, 37.979559524 ], [ 23.716861993, 37.979133927 ], [ 23.716726608, 37.979073722 ], [ 23.716003611, 37.97854911 ], [ 23.71584833, 37.978433928 ], [ 23.715252712, 37.977992114 ], [ 23.714511846, 37.977653064 ], [ 23.714348415, 37.977578271 ], [ 23.713463176, 37.977157945 ], [ 23.713455697, 37.977154393 ], [ 23.712566212, 37.976732038 ], [ 23.712033378, 37.976473391 ], [ 23.711483396, 37.976155539 ], [ 23.711132297, 37.975911166 ], [ 23.710613718, 37.975574409 ], [ 23.7096031, 37.974902881 ], [ 23.708965871, 37.974451138 ], [ 23.708199728, 37.973905708 ], [ 23.707682626, 37.973548293 ], [ 23.707646823, 37.973523547 ], [ 23.707569692, 37.973473023 ], [ 23.707524658, 37.973443523 ], [ 23.707080781, 37.973134401 ], [ 23.705993271, 37.972415277 ], [ 23.705561206, 37.972129564 ], [ 23.705560646, 37.972129194 ], [ 23.70552039, 37.972172174 ] ] ] } },
{ "type": "Feature", "properties": { "zone_id": 49, "year": 2030, "kwh_per_user_cap": 881.38458, "ac_share_cap": 0.58744024873856526, "kwh_pc_overall": 517.76080436049619, "kwh_cap": 7835914.056640625 }, "geometry": { "type": "Polygon", "coordinates": [ [ [ 23.721353608, 38.008524024 ], [ 23.721422415, 38.007885266 ], [ 23.721449847, 38.007748138 ], [ 23.721461849, 38.007388666 ], [ 23.721424182, 38.006712615 ], [ 23.721368653, 38.005898878 ], [ 23.72132444, 38.005509167 ], [ 23.721286786, 38.005112514 ], [ 23.721211352, 38.004301991 ], [ 23.721164805, 38.00380183 ], [ 23.721092331, 38.003289244 ], [ 23.720939698, 38.002249025 ], [ 23.720856606, 38.001682736 ], [ 23.720788473, 38.00121838 ], [ 23.720730516, 38.000823381 ], [ 23.720659628, 38.000340233 ], [ 23.720610839, 38.000007711 ], [ 23.720564825, 37.999694093 ], [ 23.720557028, 37.999648463 ], [ 23.720503194, 37.999333433 ], [ 23.720455384, 37.999313736 ], [ 23.720433206, 37.999304531 ], [ 23.72030287, 37.999250431 ], [ 23.720262915, 37.999233847 ], [ 23.720262894, 37.999233695 ], [ 23.720189139, 37.998710801 ], [ 23.720158094, 37.998169958 ], [ 23.719194549, 37.998280322 ], [ 23.718768698, 37.998324368 ], [ 23.718341779, 37.998368411 ], [ 23.717608629, 37.998447768 ], [ 23.716842361, 37.998531548 ], [ 23.716341356, 37.998588924 ], [ 23.715677286, 37.998659423 ], [ 23.71539563, 37.998690287 ], [ 23.715033502, 37.998729968 ], [ 23.714972266, 37.998734326 ], [ 23.714347345, 37.998804912 ], [ 23.713633124, 37.99887921 ], [ 23.71362773, 37.998879771 ], [ 23.713946473, 37.999380759 ], [ 23.714328225, 37.999972027 ], [ 23.714458064, 38.000175131 ], [ 23.714609172, 38.000400819 ], [ 23.714893986, 38.000843138 ], [ 23.715125031, 38.001199704 ], [ 23.715554558, 38.001867693 ], [ 23.715859549, 38.002341604 ], [ 23.715005503, 38.002470223 ], [ 23.714474839, 38.002550051 ], [ 23.715083368, 38.003412252 ], [ 23.715280871, 38.00370114 ], [ 23.715492577, 38.003999076 ], [ 23.715760567, 38.004378262 ], [ 23.715893318, 38.004567852 ], [ 23.715921446, 38.004658048 ], [ 23.715200257, 38.004665317 ], [ 23.714205412, 38.004653891 ], [ 23.713503123, 38.004652182 ], [ 23.713080664, 38.004646646 ], [ 23.712504347, 38.004645238 ], [ 23.71242251, 38.004645741 ], [ 23.710208399, 38.004659323 ], [ 23.709966621, 38.004660803 ], [ 23.709880909, 38.004661328 ], [ 23.711543227, 38.005275615 ], [ 23.711611896, 38.005300989 ], [ 23.711946058, 38.005486962 ], [ 23.711955575, 38.005492259 ], [ 23.712091748, 38.005568043 ], [ 23.712366573, 38.005784145 ], [ 23.712591003, 38.005960619 ], [ 23.712752869, 38.006087897 ], [ 23.712839088, 38.006170005 ], [ 23.713945038, 38.007223204 ], [ 23.714512999, 38.00776406 ], [ 23.714826217, 38.008048724 ], [ 23.715092797, 38.008243145 ], [ 23.715167375, 38.00828839 ], [ 23.715338925, 38.008387946 ], [ 23.717064032, 38.009388025 ], [ 23.717188409, 38.009468518 ], [ 23.717524617, 38.009686099 ], [ 23.717637155, 38.009758928 ], [ 23.717789418, 38.00987646 ], [ 23.717848709, 38.009943454 ], [ 23.717868314, 38.009965607 ], [ 23.717905322, 38.010007424 ], [ 23.718021569, 38.010225892 ], [ 23.718114203, 38.010399982 ], [ 23.718199961, 38.010688837 ], [ 23.718226667, 38.01077879 ], [ 23.718270358, 38.011175458 ], [ 23.718296952, 38.011481958 ], [ 23.718322174, 38.011774934 ], [ 23.718354562, 38.012149043 ], [ 23.718387253, 38.012536673 ], [ 23.718528868, 38.013113831 ], [ 23.718770231, 38.0139526 ], [ 23.718831654, 38.014119269 ], [ 23.718950603, 38.014442027 ], [ 23.718971157, 38.014497796 ], [ 23.719005868, 38.014591981 ], [ 23.719006036, 38.014592436 ], [ 23.719032782, 38.014665008 ], [ 23.719052814, 38.014719364 ], [ 23.719274367, 38.01442165 ], [ 23.719300912, 38.01438598 ], [ 23.719665424, 38.013896154 ], [ 23.719796932, 38.013671147 ], [ 23.719810954, 38.013547646 ], [ 23.719852694, 38.013485829 ], [ 23.719753219, 38.013184351 ], [ 23.719725208, 38.0130333 ], [ 23.719797739, 38.012811464 ], [ 23.720044434, 38.012268182 ], [ 23.720290175, 38.011748087 ], [ 23.72042088, 38.011545609 ], [ 23.720548602, 38.011284541 ], [ 23.720754812, 38.010883961 ], [ 23.720917336, 38.010550873 ], [ 23.721213185, 38.009979261 ], [ 23.721441434, 38.009432201 ], [ 23.721061778, 38.009467636 ], [ 23.721353608, 38.008524024 ] ] ] } },
{ "type": "Feature", "properties": { "zone_id": 50, "year": 2030, "kwh_per_user_cap": 784.53418, "ac_share_cap": 0.86357790073899576, "kwh_pc_overall": 677.50640928334326, "kwh_cap": 5096963.234375 }, "geometry": { "type": "Polygon", "coordinates": [ [ [ 23.73840469, 37.966905953 ], [ 23.73840975, 37.966906885 ], [ 23.738421917, 37.966909127 ], [ 23.73842856, 37.966910351 ], [ 23.738534703, 37.966775394 ], [ 23.738611888, 37.966780072 ], [ 23.739021233, 37.966821538 ], [ 23.739164252, 37.966821856 ], [ 23.739379144, 37.966824722 ], [ 23.739569455, 37.96682726 ], [ 23.739946734, 37.966882171 ], [ 23.740324013, 37.966937082 ], [ 23.740602556, 37.966843061 ], [ 23.740625589, 37.966834641 ], [ 23.740997476, 37.966698679 ], [ 23.741001425, 37.966697236 ], [ 23.741068146, 37.966672842 ], [ 23.741176751, 37.966646043 ], [ 23.742031247, 37.967072175 ], [ 23.742892383, 37.967500732 ], [ 23.742921261, 37.967515104 ], [ 23.743212419, 37.967656966 ], [ 23.743212447, 37.967656979 ], [ 23.743827655, 37.967958713 ], [ 23.743881637, 37.967985869 ], [ 23.744021062, 37.968022463 ], [ 23.744190032, 37.96806681 ], [ 23.744297163, 37.968094927 ], [ 23.744414536, 37.968104195 ], [ 23.744391989, 37.967937408 ], [ 23.744388865, 37.967914869 ], [ 23.744840927, 37.967438168 ], [ 23.745357919, 37.966907528 ], [ 23.745793186, 37.966448812 ], [ 23.746300469, 37.965913631 ], [ 23.746358088, 37.965853878 ], [ 23.746271692, 37.965800848 ], [ 23.746191178, 37.965667392 ], [ 23.746191475, 37.96557626 ], [ 23.746192009, 37.965413191 ], [ 23.745504625, 37.965015139 ], [ 23.745493374, 37.965008789 ], [ 23.745345216, 37.964925174 ], [ 23.745207146, 37.964847252 ], [ 23.745066621, 37.964767631 ], [ 23.744473515, 37.964431573 ], [ 23.744473294, 37.964431447 ], [ 23.744473264, 37.964431429 ], [ 23.744243438, 37.964300386 ], [ 23.743865969, 37.964084706 ], [ 23.743843823, 37.964072052 ], [ 23.74350578, 37.963878897 ], [ 23.743442629, 37.963842812 ], [ 23.743420072, 37.963829923 ], [ 23.742455069, 37.963273522 ], [ 23.742425016, 37.963256496 ], [ 23.741895864, 37.962956712 ], [ 23.741608634, 37.962793983 ], [ 23.741602039, 37.962801412 ], [ 23.740977882, 37.963504614 ], [ 23.740206234, 37.963912999 ], [ 23.739575729, 37.964245082 ], [ 23.738962696, 37.964563681 ], [ 23.738702373, 37.965139928 ], [ 23.738458984, 37.965299134 ], [ 23.738429578, 37.965318369 ], [ 23.738419467, 37.965324982 ], [ 23.737947113, 37.965633956 ], [ 23.737876243, 37.96577411 ], [ 23.737875736, 37.965775112 ], [ 23.737869724, 37.965787003 ], [ 23.737867105, 37.965823049 ], [ 23.737400614, 37.965646257 ], [ 23.736974974, 37.965487581 ], [ 23.736483973, 37.965301718 ], [ 23.73595289, 37.965098074 ], [ 23.735951911, 37.965097698 ], [ 23.735904306, 37.965079444 ], [ 23.735955515, 37.964992768 ], [ 23.735956924, 37.964962002 ], [ 23.735930922, 37.964934868 ], [ 23.73540138, 37.964723897 ], [ 23.735108237, 37.964607108 ], [ 23.734877779, 37.964515291 ], [ 23.7343171, 37.964291908 ], [ 23.734037339, 37.964723894 ], [ 23.733778936, 37.965151422 ], [ 23.733497325, 37.965601429 ], [ 23.733349919, 37.965830923 ], [ 23.733301599, 37.965911929 ], [ 23.733243134, 37.966141625 ], [ 23.733247397, 37.966339919 ], [ 23.733254624, 37.966407532 ], [ 23.733398022, 37.966696269 ], [ 23.733496045, 37.966939839 ], [ 23.733461308, 37.96700285 ], [ 23.733493761, 37.967079533 ], [ 23.733492403, 37.967115799 ], [ 23.733615767, 37.967131166 ], [ 23.73390506, 37.967172122 ], [ 23.734197761, 37.967198293 ], [ 23.734435883, 37.967266428 ], [ 23.734569119, 37.967316299 ], [ 23.734825894, 37.967534608 ], [ 23.735058121, 37.967671003 ], [ 23.735307947, 37.967767136 ], [ 23.735781954, 37.967810806 ], [ 23.736091692, 37.967829925 ], [ 23.736318458, 37.96786728 ], [ 23.736572987, 37.967914873 ], [ 23.736825652, 37.967985864 ], [ 23.7373327, 37.968145899 ], [ 23.737491009, 37.968210733 ], [ 23.737557024, 37.968262239 ], [ 23.73759773, 37.968179189 ], [ 23.737603923, 37.968166554 ], [ 23.737721885, 37.967925886 ], [ 23.737974956, 37.967409557 ], [ 23.738215806, 37.966904711 ], [ 23.738218263, 37.96689956 ], [ 23.738230524, 37.966873859 ], [ 23.73840469, 37.966905953 ] ] ] } },
{ "type": "Feature", "properties": { "zone_id": 51, "year": 2030, "kwh_per_user_cap": 818.97858, "ac_share_cap": 0.82200134148999182, "kwh_pc_overall": 673.20148087236578, "kwh_cap": 1614920.642578125 }, "geometry": { "type": "Polygon", "coordinates": [ [ [ 23.748196873, 37.996041247 ], [ 23.748307994, 37.995997743 ], [ 23.748284832, 37.995955145 ], [ 23.748257521, 37.995904913 ], [ 23.74811631, 37.995645194 ], [ 23.748060835, 37.995543162 ], [ 23.748041948, 37.995508423 ], [ 23.747785575, 37.995135791 ], [ 23.747385193, 37.995324947 ], [ 23.747333154, 37.995347368 ], [ 23.746724555, 37.995449706 ], [ 23.746613741, 37.995467798 ], [ 23.7465766, 37.995473862 ], [ 23.746269014, 37.995133275 ], [ 23.745969347, 37.994821685 ], [ 23.745874292, 37.994726845 ], [ 23.745551803, 37.994428724 ], [ 23.745115448, 37.994022201 ], [ 23.744998376, 37.993913793 ], [ 23.744942256, 37.993859232 ], [ 23.744751282, 37.993673562 ], [ 23.744710354, 37.993633771 ], [ 23.744292808, 37.993245311 ], [ 23.744024663, 37.993289792 ], [ 23.743425082, 37.99336883 ], [ 23.742946319, 37.993431939 ], [ 23.742819353, 37.993408958 ], [ 23.74219068, 37.993153306 ], [ 23.741080959, 37.992702021 ], [ 23.741079892, 37.992672388 ], [ 23.741078689, 37.992638926 ], [ 23.740866412, 37.992584381 ], [ 23.740531463, 37.992498021 ], [ 23.740259335, 37.992389308 ], [ 23.740259232, 37.992389266 ], [ 23.740334557, 37.992486942 ], [ 23.740339174, 37.99249293 ], [ 23.740339298, 37.99249309 ], [ 23.740352057, 37.992531598 ], [ 23.740394586, 37.99265995 ], [ 23.740099248, 37.99274492 ], [ 23.739803702, 37.992892972 ], [ 23.739876211, 37.993010273 ], [ 23.739876231, 37.993010306 ], [ 23.739972869, 37.993235648 ], [ 23.739972952, 37.993235841 ], [ 23.740009037, 37.993398152 ], [ 23.740021245, 37.993569423 ], [ 23.740003328, 37.993704576 ], [ 23.739972987, 37.993830688 ], [ 23.739906913, 37.99399728 ], [ 23.739780225, 37.994195282 ], [ 23.739617733, 37.994352647 ], [ 23.7394125, 37.99451893 ], [ 23.739159379, 37.994640042 ], [ 23.73894238, 37.994711664 ], [ 23.738725459, 37.994760753 ], [ 23.738513277, 37.994778307 ], [ 23.738284416, 37.994782304 ], [ 23.737847915, 37.994727255 ], [ 23.737713335, 37.994740474 ], [ 23.737641863, 37.994722289 ], [ 23.736615557, 37.994886733 ], [ 23.736428088, 37.99491739 ], [ 23.736108439, 37.994969778 ], [ 23.735769225, 37.99502625 ], [ 23.735768448, 37.995026379 ], [ 23.735699269, 37.995037896 ], [ 23.735699474, 37.995037937 ], [ 23.735777734, 37.995053589 ], [ 23.735798085, 37.995057659 ], [ 23.735995526, 37.995097145 ], [ 23.736508385, 37.995197436 ], [ 23.737335641, 37.995361517 ], [ 23.737835675, 37.995466281 ], [ 23.73799614, 37.995480158 ], [ 23.738280269, 37.995548386 ], [ 23.739508211, 37.995835017 ], [ 23.740186418, 37.995980722 ], [ 23.740810205, 37.996117291 ], [ 23.741555994, 37.996276657 ], [ 23.74209092, 37.996381479 ], [ 23.742151084, 37.996377104 ], [ 23.742513369, 37.996386911 ], [ 23.742807755, 37.996374036 ], [ 23.743473611, 37.996307172 ], [ 23.743820138, 37.996321596 ], [ 23.744146871, 37.996357908 ], [ 23.744295498, 37.996371833 ], [ 23.745052206, 37.996563356 ], [ 23.745198996, 37.996610517 ], [ 23.745351415, 37.99668692 ], [ 23.74569309, 37.996814337 ], [ 23.745840552, 37.99690651 ], [ 23.745942503, 37.996901149 ], [ 23.746327638, 37.996775889 ], [ 23.746508074, 37.99670124 ], [ 23.746655072, 37.996632372 ], [ 23.747240513, 37.99641519 ], [ 23.747676734, 37.996244883 ], [ 23.748196873, 37.996041247 ] ] ] } },
{ "type": "Feature", "properties": { "zone_id": 52, "year": 2030, "kwh_per_user_cap": 872.14581, "ac_share_cap": 0.8728597722553264, "kwh_pc_overall": 761.2609806217456, "kwh_cap": 7691280.0419311523 }, "geometry": { "type": "Polygon", "coordinates": [ [ [ 23.734861688, 37.977965669 ], [ 23.735512744, 37.977201041 ], [ 23.735787547, 37.976872689 ], [ 23.735615767, 37.976056638 ], [ 23.735628, 37.975918914 ], [ 23.735449525, 37.974992504 ], [ 23.735411678, 37.974893353 ], [ 23.735378933, 37.9748635 ], [ 23.735373807, 37.974858827 ], [ 23.735361886, 37.974801108 ], [ 23.735366398, 37.974800478 ], [ 23.735450726, 37.974788715 ], [ 23.735310481, 37.973993525 ], [ 23.735158951, 37.973583898 ], [ 23.735082196, 37.973409709 ], [ 23.734816047, 37.973086135 ], [ 23.734124157, 37.972318901 ], [ 23.733931587, 37.972076235 ], [ 23.733876644, 37.971987912 ], [ 23.732898272, 37.970875658 ], [ 23.732855338, 37.970826848 ], [ 23.732614749, 37.970634491 ], [ 23.732354005, 37.9705164 ], [ 23.732044628, 37.970428702 ], [ 23.731806706, 37.970265705 ], [ 23.731732356, 37.970157088 ], [ 23.731701871, 37.970053643 ], [ 23.731692482, 37.969936441 ], [ 23.731699564, 37.969692082 ], [ 23.731575084, 37.969676824 ], [ 23.731563144, 37.96967536 ], [ 23.73153556, 37.969672426 ], [ 23.731499932, 37.969668637 ], [ 23.731482699, 37.969666804 ], [ 23.731216744, 37.969638517 ], [ 23.730748006, 37.969587875 ], [ 23.730630166, 37.969577425 ], [ 23.730591512, 37.969573997 ], [ 23.73000291, 37.969514064 ], [ 23.729921113, 37.969504863 ], [ 23.729679653, 37.969472764 ], [ 23.72939584, 37.969445072 ], [ 23.729359345, 37.969542933 ], [ 23.72935823, 37.969545921 ], [ 23.729308525, 37.969679206 ], [ 23.729307483, 37.969682901 ], [ 23.729306975, 37.9696847 ], [ 23.729162365, 37.970197329 ], [ 23.729158543, 37.97021687 ], [ 23.729157163, 37.970223924 ], [ 23.729112967, 37.970449904 ], [ 23.728991551, 37.970798973 ], [ 23.728985659, 37.970815912 ], [ 23.728987851, 37.970824416 ], [ 23.72902705, 37.970976479 ], [ 23.728951538, 37.971070874 ], [ 23.728951439, 37.971097912 ], [ 23.728957882, 37.971377326 ], [ 23.728921493, 37.971598058 ], [ 23.728839411, 37.971859242 ], [ 23.728772364, 37.971998787 ], [ 23.728768328, 37.972060922 ], [ 23.728764972, 37.972112593 ], [ 23.728764451, 37.972120622 ], [ 23.728764329, 37.97212249 ], [ 23.728766513, 37.972138473 ], [ 23.728738763, 37.9722407 ], [ 23.728679627, 37.972357029 ], [ 23.728587181, 37.972490639 ], [ 23.728491442, 37.972590827 ], [ 23.728436914, 37.972640357 ], [ 23.728251588, 37.972759999 ], [ 23.728279701, 37.972794929 ], [ 23.728288294, 37.972805606 ], [ 23.728304687, 37.972825974 ], [ 23.728096931, 37.972903021 ], [ 23.727931413, 37.972953388 ], [ 23.727707088, 37.973015622 ], [ 23.727702036, 37.973017024 ], [ 23.727693262, 37.973019458 ], [ 23.72750498, 37.97306839 ], [ 23.727504709, 37.973067753 ], [ 23.727481453, 37.973012963 ], [ 23.72746477, 37.972973662 ], [ 23.727416837, 37.972946512 ], [ 23.727383712, 37.972936411 ], [ 23.727267925, 37.972901102 ], [ 23.72726587, 37.972901493 ], [ 23.727092001, 37.972934558 ], [ 23.727060521, 37.972939789 ], [ 23.726998759, 37.972950049 ], [ 23.72693402, 37.972958177 ], [ 23.726893037, 37.972963323 ], [ 23.726839704, 37.972996443 ], [ 23.726658923, 37.972984678 ], [ 23.726572575, 37.972987852 ], [ 23.726342589, 37.972870609 ], [ 23.726083036, 37.972816905 ], [ 23.725876719, 37.972799563 ], [ 23.725873619, 37.972799302 ], [ 23.725844928, 37.97279689 ], [ 23.7255393, 37.972807729 ], [ 23.725219079, 37.972752842 ], [ 23.725219094, 37.972753626 ], [ 23.725220466, 37.972826861 ], [ 23.725220507, 37.972829062 ], [ 23.725223989, 37.973014957 ], [ 23.72522404, 37.973040117 ], [ 23.725224065, 37.973052564 ], [ 23.725224668, 37.973351498 ], [ 23.725221622, 37.973351385 ], [ 23.725094462, 37.973346687 ], [ 23.725053673, 37.973345997 ], [ 23.725033806, 37.973345357 ], [ 23.724718482, 37.973335213 ], [ 23.723401775, 37.973288642 ], [ 23.723400449, 37.973289112 ], [ 23.722159552, 37.973729324 ], [ 23.721597222, 37.973928806 ], [ 23.72062439, 37.974643496 ], [ 23.720529546, 37.974713173 ], [ 23.720443419, 37.974776445 ], [ 23.720443257, 37.974776565 ], [ 23.720435486, 37.974782273 ], [ 23.720453116, 37.974822498 ], [ 23.720935702, 37.975923588 ], [ 23.720939564, 37.975937117 ], [ 23.720943444, 37.975946139 ], [ 23.720948391, 37.975955163 ], [ 23.720953322, 37.975968694 ], [ 23.720958607, 37.975982226 ], [ 23.720969925, 37.976000279 ], [ 23.720991545, 37.976022862 ], [ 23.721012486, 37.976036431 ], [ 23.721030599, 37.976045487 ], [ 23.721060113, 37.976050063 ], [ 23.721075735, 37.976059113 ], [ 23.721085308, 37.976068149 ], [ 23.721089188, 37.976077171 ], [ 23.721066094, 37.976221957 ], [ 23.72106404, 37.976234836 ], [ 23.721063505, 37.976236092 ], [ 23.721033282, 37.97630693 ], [ 23.721025627, 37.976324874 ], [ 23.721011399, 37.976343033 ], [ 23.721002125, 37.97635487 ], [ 23.72100081, 37.976356651 ], [ 23.720966898, 37.976423876 ], [ 23.721070046, 37.976433812 ], [ 23.721302667, 37.976456217 ], [ 23.721430758, 37.976596359 ], [ 23.721463175, 37.976631825 ], [ 23.721463745, 37.976632449 ], [ 23.721523683, 37.976698025 ], [ 23.721537368, 37.976712997 ], [ 23.721537956, 37.976713641 ], [ 23.721839663, 37.976530895 ], [ 23.721841808, 37.976529596 ], [ 23.721865715, 37.976556562 ], [ 23.721873041, 37.976564825 ], [ 23.722041993, 37.976755391 ], [ 23.72235773, 37.977061726 ], [ 23.722358529, 37.977062502 ], [ 23.722391197, 37.977094198 ], [ 23.722400568, 37.977140855 ], [ 23.722402035, 37.977148159 ], [ 23.722415646, 37.977215929 ], [ 23.722412958, 37.977216284 ], [ 23.722179621, 37.977246917 ], [ 23.722179676, 37.977247181 ], [ 23.722180526, 37.97725127 ], [ 23.722180708, 37.977252147 ], [ 23.722197332, 37.97733217 ], [ 23.722623901, 37.977637841 ], [ 23.722050755, 37.978111848 ], [ 23.722447393, 37.978329093 ], [ 23.721985494, 37.978636506 ], [ 23.721975093, 37.978643428 ], [ 23.721974422, 37.978642903 ], [ 23.721467408, 37.978245661 ], [ 23.721466215, 37.97824742 ], [ 23.721131771, 37.978740573 ], [ 23.721811726, 37.9793145 ], [ 23.721722802, 37.979399912 ], [ 23.721566862, 37.979611345 ], [ 23.721542799, 37.979669871 ], [ 23.721525905, 37.979714896 ], [ 23.721232608, 37.980115273 ], [ 23.720741456, 37.980799086 ], [ 23.72070908, 37.980844063 ], [ 23.720709209, 37.98084412 ], [ 23.721807206, 37.981331877 ], [ 23.722516723, 37.981647052 ], [ 23.722962568, 37.981845097 ], [ 23.724951678, 37.982719731 ], [ 23.725715874, 37.983050485 ], [ 23.725801838, 37.983091243 ], [ 23.726592307, 37.983440078 ], [ 23.727361806, 37.983784352 ], [ 23.727617822, 37.98390325 ], [ 23.728073715, 37.98411497 ], [ 23.728152389, 37.98410313 ], [ 23.728181395, 37.984098765 ], [ 23.728226729, 37.984091943 ], [ 23.728295976, 37.984081522 ], [ 23.72847593, 37.984054441 ], [ 23.728502345, 37.984050466 ], [ 23.728781543, 37.984008449 ], [ 23.729350167, 37.983919631 ], [ 23.729490456, 37.983897847 ], [ 23.729979317, 37.983821935 ], [ 23.730473517, 37.983240167 ], [ 23.73104324, 37.982569477 ], [ 23.731320165, 37.982243473 ], [ 23.731515953, 37.982012981 ], [ 23.731957532, 37.981493126 ], [ 23.732294313, 37.981096641 ], [ 23.732715616, 37.980600641 ], [ 23.732944884, 37.980330719 ], [ 23.733215416, 37.980012217 ], [ 23.733800382, 37.97932351 ], [ 23.734347325, 37.978679554 ], [ 23.734854151, 37.978082819 ], [ 23.734861688, 37.977965669 ] ] ] } },
{ "type": "Feature", "properties": { "zone_id": 53, "year": 2030, "kwh_per_user_cap": 552.94446, "ac_share_cap": 0.98000002774841088, "kwh_pc_overall": 541.88556039597449, "kwh_cap": 569144.96484375 }, "geometry": { "type": "Polygon", "coordinates": [ [ [ 23.7456293, 37.973790946 ], [ 23.744189918, 37.97283484 ], [ 23.744148768, 37.972839196 ], [ 23.743683504, 37.972888443 ], [ 23.743500206, 37.972906069 ], [ 23.742613245, 37.972994261 ], [ 23.742792848, 37.974035641 ], [ 23.74297233, 37.975113071 ], [ 23.74300492, 37.975313292 ], [ 23.743006616, 37.975323712 ], [ 23.743006817, 37.975324949 ], [ 23.743122131, 37.975316188 ], [ 23.743433909, 37.975393478 ], [ 23.74436892, 37.975616329 ], [ 23.745783355, 37.975949587 ], [ 23.745797417, 37.9759529 ], [ 23.745808377, 37.975923343 ], [ 23.745817985, 37.975897432 ], [ 23.746393354, 37.974345708 ], [ 23.7456293, 37.973790946 ] ] ] } },
{ "type": "Feature", "properties": { "zone_id": 1, "year": 2040, "kwh_per_user_cap": 848.91937, "ac_share_cap": 0.90537358199563278, "kwh_pc_overall": 768.5891750788744, "kwh_cap": 1956444.958984375 }, "geometry": { "type": "Polygon", "coordinates": [ [ [ 23.737190263, 37.960382261 ], [ 23.737164068, 37.960445292 ], [ 23.736979577, 37.960771048 ], [ 23.736816343, 37.960726894 ], [ 23.736780885, 37.96075908 ], [ 23.736577676, 37.96094354 ], [ 23.736430924, 37.961062695 ], [ 23.736372336, 37.961110266 ], [ 23.736354759, 37.96114548 ], [ 23.735632658, 37.961721692 ], [ 23.735251754, 37.961991222 ], [ 23.735233077, 37.962040751 ], [ 23.735037465, 37.9625225 ], [ 23.734848996, 37.962995252 ], [ 23.734678847, 37.963418474 ], [ 23.734505106, 37.963850701 ], [ 23.734342133, 37.964255913 ], [ 23.7343171, 37.964291908 ], [ 23.734877779, 37.964515291 ], [ 23.735108237, 37.964607108 ], [ 23.73540138, 37.964723897 ], [ 23.735930922, 37.964934868 ], [ 23.735956924, 37.964962002 ], [ 23.735955515, 37.964992768 ], [ 23.735904306, 37.965079444 ], [ 23.735951911, 37.965097698 ], [ 23.73595289, 37.965098074 ], [ 23.736483973, 37.965301718 ], [ 23.736974974, 37.965487581 ], [ 23.737400614, 37.965646257 ], [ 23.737867105, 37.965823049 ], [ 23.737869724, 37.965787003 ], [ 23.737875736, 37.965775112 ], [ 23.737876243, 37.96577411 ], [ 23.737947113, 37.965633956 ], [ 23.738419467, 37.965324982 ], [ 23.738429578, 37.965318369 ], [ 23.738458984, 37.965299134 ], [ 23.738702373, 37.965139928 ], [ 23.738962696, 37.964563681 ], [ 23.739575729, 37.964245082 ], [ 23.740206234, 37.963912999 ], [ 23.740977882, 37.963504614 ], [ 23.741602039, 37.962801412 ], [ 23.741608634, 37.962793983 ], [ 23.740660359, 37.962277021 ], [ 23.740111248, 37.96197766 ], [ 23.740015086, 37.961925235 ], [ 23.739995601, 37.961914391 ], [ 23.739794842, 37.96180266 ], [ 23.739462275, 37.961617574 ], [ 23.739444168, 37.961606516 ], [ 23.73936262, 37.961556716 ], [ 23.739305857, 37.961522051 ], [ 23.739136404, 37.961418568 ], [ 23.737478704, 37.960500072 ], [ 23.737190263, 37.960382261 ] ] ] } },
{ "type": "Feature", "properties": { "zone_id": 2, "year": 2040, "kwh_per_user_cap": 631.6217, "ac_share_cap": 0.64088421929359463, "kwh_pc_overall": 404.79638709033981, "kwh_cap": 6947849.2578125 }, "geometry": { "type": "Polygon", "coordinates": [ [ [ 23.729190879, 38.014761173 ], [ 23.729203505, 38.014716138 ], [ 23.729214318, 38.014680111 ], [ 23.729086568, 38.013891196 ], [ 23.729060407, 38.013841566 ], [ 23.729039908, 38.013800961 ], [ 23.728930582, 38.013133761 ], [ 23.728803398, 38.012402578 ], [ 23.728811723, 38.012259625 ], [ 23.728813038, 38.012237062 ], [ 23.728776483, 38.012238489 ], [ 23.728692312, 38.012241772 ], [ 23.728516519, 38.012257836 ], [ 23.728626346, 38.012374727 ], [ 23.728557552, 38.012889142 ], [ 23.728468993, 38.013772606 ], [ 23.72840634, 38.014736831 ], [ 23.728052733, 38.014763053 ], [ 23.727397206, 38.014797586 ], [ 23.726961024, 38.014819106 ], [ 23.726409107, 38.014849368 ], [ 23.726337891, 38.014853709 ], [ 23.726248875, 38.014858008 ], [ 23.725660646, 38.014888182 ], [ 23.725232294, 38.014909714 ], [ 23.724764782, 38.014931153 ], [ 23.724268078, 38.014952521 ], [ 23.723694105, 38.014978213 ], [ 23.72361148, 38.014987031 ], [ 23.722653891, 38.014971258 ], [ 23.722142692, 38.014965544 ], [ 23.722005971, 38.014969728 ], [ 23.720500856, 38.014952641 ], [ 23.719519061, 38.014936784 ], [ 23.719412617, 38.01493653 ], [ 23.719224189, 38.014963119 ], [ 23.719173603, 38.014972011 ], [ 23.719490179, 38.015509028 ], [ 23.719945482, 38.01607792 ], [ 23.720179961, 38.016327045 ], [ 23.720821234, 38.016949726 ], [ 23.720902232, 38.017026067 ], [ 23.720921908, 38.017044611 ], [ 23.722635628, 38.018217753 ], [ 23.723481033, 38.01895943 ], [ 23.723508888, 38.018983968 ], [ 23.723650331, 38.019146531 ], [ 23.723703344, 38.019220139 ], [ 23.724121744, 38.019801066 ], [ 23.724159976, 38.019859739 ], [ 23.724956881, 38.020113964 ], [ 23.725110585, 38.020185228 ], [ 23.725298788, 38.020272487 ], [ 23.725444407, 38.020395273 ], [ 23.725459564, 38.020408054 ], [ 23.725573327, 38.020548018 ], [ 23.725717796, 38.020760156 ], [ 23.726466106, 38.021795915 ], [ 23.726466145, 38.021795967 ], [ 23.726616079, 38.022001508 ], [ 23.726708992, 38.02209879 ], [ 23.72704482, 38.022462156 ], [ 23.7281016, 38.022928763 ], [ 23.728290613, 38.023037354 ], [ 23.728418751, 38.023240438 ], [ 23.728706106, 38.024101823 ], [ 23.728907989, 38.024548444 ], [ 23.730301319, 38.025565249 ], [ 23.730905738, 38.025959006 ], [ 23.731017776, 38.025977754 ], [ 23.73124423, 38.025991325 ], [ 23.731304644, 38.026023008 ], [ 23.73129526, 38.025978103 ], [ 23.731292395, 38.025964396 ], [ 23.731370838, 38.025929925 ], [ 23.731481211, 38.025859222 ], [ 23.73166743, 38.025739933 ], [ 23.731832578, 38.025618103 ], [ 23.731973702, 38.025513994 ], [ 23.731984102, 38.025506323 ], [ 23.731988879, 38.025503097 ], [ 23.732003462, 38.025493247 ], [ 23.732057734, 38.02545659 ], [ 23.732104984, 38.025424676 ], [ 23.732163148, 38.025385391 ], [ 23.732237695, 38.025335039 ], [ 23.732343173, 38.025263795 ], [ 23.73302752, 38.024769647 ], [ 23.733244196, 38.024616922 ], [ 23.733492641, 38.024441736 ], [ 23.733552165, 38.024423845 ], [ 23.73402288, 38.024222123 ], [ 23.734522463, 38.024011451 ], [ 23.734818434, 38.02388594 ], [ 23.735065546, 38.023782849 ], [ 23.735456011, 38.023616992 ], [ 23.735496561, 38.023595739 ], [ 23.735570966, 38.023556584 ], [ 23.735658998, 38.023510256 ], [ 23.735673658, 38.023502541 ], [ 23.735695746, 38.023490917 ], [ 23.735692881, 38.02348919 ], [ 23.735311258, 38.023259205 ], [ 23.7349277, 38.023007438 ], [ 23.734777809, 38.02290796 ], [ 23.733588226, 38.022134677 ], [ 23.73344656, 38.022026202 ], [ 23.733162259, 38.021782212 ], [ 23.732881263, 38.02151119 ], [ 23.732476442, 38.021023578 ], [ 23.732314869, 38.020712269 ], [ 23.732036173, 38.020202411 ], [ 23.73197774, 38.020116656 ], [ 23.731910458, 38.020017362 ], [ 23.731904437, 38.020008336 ], [ 23.731682254, 38.019604674 ], [ 23.731453197, 38.019367397 ], [ 23.731201613, 38.018943221 ], [ 23.730687227, 38.018049776 ], [ 23.730655499, 38.017964082 ], [ 23.730153909, 38.017079678 ], [ 23.729754116, 38.016398293 ], [ 23.729690721, 38.016308019 ], [ 23.729627344, 38.016213239 ], [ 23.729339561, 38.015473527 ], [ 23.729205077, 38.014869359 ], [ 23.729190879, 38.014761173 ] ] ] } },
{ "type": "Feature", "properties": { "zone_id": 3, "year": 2040, "kwh_per_user_cap": 922.8894, "ac_share_cap": 0.38202780380297457, "kwh_pc_overall": 352.56942636968239, "kwh_cap": 6668450.9765625 }, "geometry": { "type": "Polygon", "coordinates": [ [ [ 23.721780841, 37.981369359 ], [ 23.721417029, 37.981877724 ], [ 23.720884028, 37.982615515 ], [ 23.720505157, 37.98315088 ], [ 23.720355947, 37.983366834 ], [ 23.71984221, 37.98408664 ], [ 23.71930772, 37.984833432 ], [ 23.719288314, 37.984928135 ], [ 23.719287414, 37.984932525 ], [ 23.719270208, 37.985058664 ], [ 23.719249816, 37.985180289 ], [ 23.718785547, 37.985892875 ], [ 23.718428784, 37.986368331 ], [ 23.718166521, 37.986741347 ], [ 23.717995225, 37.986942126 ], [ 23.717995463, 37.986942339 ], [ 23.718042337, 37.986984193 ], [ 23.7182148, 37.987053863 ], [ 23.718253208, 37.987106572 ], [ 23.718309152, 37.987183344 ], [ 23.71842391, 37.987254627 ], [ 23.718867951, 37.987622315 ], [ 23.719290228, 37.987649906 ], [ 23.720005763, 37.987719154 ], [ 23.720006002, 37.987719177 ], [ 23.720006334, 37.987719209 ], [ 23.720033799, 37.987803925 ], [ 23.719998236, 37.987860475 ], [ 23.719884658, 37.988041078 ], [ 23.719839962, 37.988295201 ], [ 23.719866703, 37.988419927 ], [ 23.72007757, 37.989403459 ], [ 23.720180323, 37.989882706 ], [ 23.720295593, 37.990360661 ], [ 23.720322568, 37.990473386 ], [ 23.720308558, 37.990503332 ], [ 23.72027413, 37.990576918 ], [ 23.720302027, 37.990703229 ], [ 23.720325911, 37.990811375 ], [ 23.720407149, 37.9909738 ], [ 23.720452682, 37.991073049 ], [ 23.720674129, 37.991519711 ], [ 23.720823664, 37.991742964 ], [ 23.720991568, 37.991993638 ], [ 23.721037797, 37.992097396 ], [ 23.721023525, 37.99220101 ], [ 23.721034061, 37.992278158 ], [ 23.721034676, 37.99227813 ], [ 23.721218339, 37.992269588 ], [ 23.721321165, 37.992264805 ], [ 23.721345509, 37.992263673 ], [ 23.721443733, 37.992259105 ], [ 23.721556237, 37.992253871 ], [ 23.72187432, 37.992239076 ], [ 23.722298626, 37.992217546 ], [ 23.723105259, 37.992169877 ], [ 23.723333944, 37.992116338 ], [ 23.724330196, 37.992087133 ], [ 23.725073427, 37.992052821 ], [ 23.726044477, 37.992005516 ], [ 23.726943263, 37.991962542 ], [ 23.726943306, 37.991962541 ], [ 23.726943951, 37.991962525 ], [ 23.726946355, 37.991962466 ], [ 23.726950648, 37.991962361 ], [ 23.727111259, 37.991958425 ], [ 23.727911069, 37.991829592 ], [ 23.728644985, 37.99171412 ], [ 23.729059471, 37.991651986 ], [ 23.729845021, 37.991527613 ], [ 23.729757338, 37.991175911 ], [ 23.7295083, 37.990183925 ], [ 23.729343843, 37.989516596 ], [ 23.729181133, 37.988858284 ], [ 23.729114073, 37.988804053 ], [ 23.729058401, 37.988556071 ], [ 23.729058461, 37.988555873 ], [ 23.729084339, 37.988470509 ], [ 23.72902087, 37.988213496 ], [ 23.728915022, 37.987771623 ], [ 23.728914524, 37.987769629 ], [ 23.728784207, 37.987248576 ], [ 23.728642835, 37.98669396 ], [ 23.72850499, 37.986148364 ], [ 23.728365416, 37.985589245 ], [ 23.728224505, 37.985027294 ], [ 23.728224094, 37.985025614 ], [ 23.728125232, 37.984611034 ], [ 23.728079936, 37.984421092 ], [ 23.728066037, 37.984362805 ], [ 23.728099165, 37.984360058 ], [ 23.728098239, 37.984351146 ], [ 23.728073715, 37.98411497 ], [ 23.727617822, 37.98390325 ], [ 23.727361806, 37.983784352 ], [ 23.726592307, 37.983440078 ], [ 23.725801838, 37.983091243 ], [ 23.725715874, 37.983050485 ], [ 23.724951678, 37.982719731 ], [ 23.722962568, 37.981845097 ], [ 23.722516723, 37.981647052 ], [ 23.721807206, 37.981331877 ], [ 23.721780841, 37.981369359 ] ] ] } },
{ "type": "Feature", "properties": { "zone_id": 4, "year": 2040, "kwh_per_user_cap": 954.95862, "ac_share_cap": 0.40666171841024606, "kwh_pc_overall": 388.34512241165919, "kwh_cap": 5386516.0014648438 }, "geometry": { "type": "Polygon", "coordinates": [ [ [ 23.713947562, 37.992679743 ], [ 23.713118709, 37.992312681 ], [ 23.712596785, 37.992086086 ], [ 23.712563864, 37.992072058 ], [ 23.71207556, 37.991863997 ], [ 23.712078846, 37.991859061 ], [ 23.712104, 37.991821275 ], [ 23.712288207, 37.991544561 ], [ 23.712530532, 37.991189147 ], [ 23.712856247, 37.990712262 ], [ 23.71306397, 37.990409265 ], [ 23.713268219, 37.990109406 ], [ 23.713437193, 37.989852952 ], [ 23.713509874, 37.989740469 ], [ 23.713776421, 37.989376097 ], [ 23.713928255, 37.989163424 ], [ 23.714011135, 37.989052206 ], [ 23.714145288, 37.988872275 ], [ 23.714300202, 37.98866085 ], [ 23.714446522, 37.988462922 ], [ 23.714810007, 37.987968098 ], [ 23.71487258, 37.98789164 ], [ 23.715108387, 37.987558736 ], [ 23.715364954, 37.987194337 ], [ 23.715668752, 37.986762455 ], [ 23.715076202, 37.986495142 ], [ 23.714253009, 37.98612769 ], [ 23.713895007, 37.985965024 ], [ 23.713332664, 37.985711295 ], [ 23.713013537, 37.98614764 ], [ 23.71258509, 37.98596183 ], [ 23.711993623, 37.985694504 ], [ 23.711697038, 37.985824464 ], [ 23.711340561, 37.985981315 ], [ 23.711135162, 37.986088965 ], [ 23.711041021, 37.986138304 ], [ 23.710198438, 37.986474213 ], [ 23.709618848, 37.986716131 ], [ 23.709042119, 37.987043674 ], [ 23.708977121, 37.987102097 ], [ 23.70869385, 37.987371781 ], [ 23.70820832, 37.987852765 ], [ 23.707812142, 37.988234827 ], [ 23.707499201, 37.98853598 ], [ 23.706754804, 37.988065459 ], [ 23.70629751, 37.988383086 ], [ 23.706366784, 37.988450768 ], [ 23.707276101, 37.989339186 ], [ 23.707322473, 37.989384492 ], [ 23.70762078, 37.989694912 ], [ 23.707757398, 37.989834471 ], [ 23.708074754, 37.989981182 ], [ 23.707299392, 37.990231789 ], [ 23.707125328, 37.990288047 ], [ 23.707166459, 37.990306343 ], [ 23.707177315, 37.990311173 ], [ 23.707502256, 37.990455723 ], [ 23.707529592, 37.990468349 ], [ 23.707806336, 37.990596178 ], [ 23.707414687, 37.991075789 ], [ 23.707256185, 37.991173266 ], [ 23.707249434, 37.991160816 ], [ 23.707191681, 37.991054304 ], [ 23.707041819, 37.991279219 ], [ 23.707014818, 37.991319742 ], [ 23.707003393, 37.991328727 ], [ 23.706988192, 37.991351713 ], [ 23.706878436, 37.991517685 ], [ 23.706647756, 37.991891143 ], [ 23.706416719, 37.992264599 ], [ 23.706268819, 37.992494057 ], [ 23.706068956, 37.992813514 ], [ 23.705968392, 37.992974251 ], [ 23.70593404, 37.993029157 ], [ 23.705904545, 37.9930763 ], [ 23.70586909, 37.99313297 ], [ 23.705799428, 37.993105612 ], [ 23.705740869, 37.993082615 ], [ 23.705669486, 37.993054582 ], [ 23.705384053, 37.992942486 ], [ 23.704899017, 37.992752001 ], [ 23.704881669, 37.992729425 ], [ 23.704759938, 37.992999505 ], [ 23.704638224, 37.993265078 ], [ 23.704554034, 37.99344756 ], [ 23.70454691, 37.993463001 ], [ 23.704543716, 37.993469924 ], [ 23.704539697, 37.993478634 ], [ 23.704532313, 37.993494639 ], [ 23.70451762, 37.993525639 ], [ 23.704481549, 37.993602383 ], [ 23.70385834, 37.993987061 ], [ 23.703141965, 37.994458368 ], [ 23.703650157, 37.995008008 ], [ 23.704150281, 37.995548912 ], [ 23.704458974, 37.995775204 ], [ 23.703750402, 37.996669771 ], [ 23.703625776, 37.996827107 ], [ 23.703476025, 37.996849261 ], [ 23.703394851, 37.996860598 ], [ 23.703058763, 37.996907536 ], [ 23.702700011, 37.996957639 ], [ 23.702626962, 37.996967841 ], [ 23.702461806, 37.996990904 ], [ 23.702450649, 37.99699246 ], [ 23.701635971, 37.99710598 ], [ 23.701225721, 37.997163522 ], [ 23.700888242, 37.997208318 ], [ 23.700769878, 37.997223053 ], [ 23.70076562, 37.997223579 ], [ 23.701044022, 37.998725668 ], [ 23.701212599, 37.999635179 ], [ 23.701252647, 37.999851241 ], [ 23.702396614, 38.000352525 ], [ 23.704325096, 38.001051376 ], [ 23.704402919, 38.001083117 ], [ 23.70484293, 38.001241946 ], [ 23.705304971, 38.00149997 ], [ 23.705341983, 38.001522027 ], [ 23.705403687, 38.001558801 ], [ 23.705419811, 38.001546216 ], [ 23.705551821, 38.00144318 ], [ 23.705743243, 38.001293773 ], [ 23.705764109, 38.001276848 ], [ 23.706524201, 38.00066032 ], [ 23.707437002, 37.999896504 ], [ 23.70831581, 37.999173154 ], [ 23.708710763, 37.998845165 ], [ 23.709621667, 37.998099352 ], [ 23.710455837, 37.997402914 ], [ 23.711232104, 37.996764912 ], [ 23.711951895, 37.996185349 ], [ 23.711952609, 37.996184877 ], [ 23.712012914, 37.996144941 ], [ 23.712063326, 37.996086481 ], [ 23.712343696, 37.995744679 ], [ 23.712412487, 37.995627681 ], [ 23.712834538, 37.994912191 ], [ 23.7129721, 37.9946827 ], [ 23.712985293, 37.994493463 ], [ 23.713164735, 37.994110855 ], [ 23.713201692, 37.994034336 ], [ 23.713392485, 37.993660768 ], [ 23.713580429, 37.993287193 ], [ 23.713718627, 37.99304133 ], [ 23.713947562, 37.992679743 ] ] ] } },
{ "type": "Feature", "properties": { "zone_id": 5, "year": 2040, "kwh_per_user_cap": 481.21814, "ac_share_cap": 0.41415047608444355, "kwh_pc_overall": 199.29672237049041, "kwh_cap": 339128.46728515625 }, "geometry": { "type": "Polygon", "coordinates": [ [ [ 23.704899017, 37.992752001 ], [ 23.705384053, 37.992942486 ], [ 23.705669486, 37.993054582 ], [ 23.705740869, 37.993082615 ], [ 23.705799428, 37.993105612 ], [ 23.70586909, 37.99313297 ], [ 23.705904545, 37.9930763 ], [ 23.70593404, 37.993029157 ], [ 23.705968392, 37.992974251 ], [ 23.706068956, 37.992813514 ], [ 23.706268819, 37.992494057 ], [ 23.706416719, 37.992264599 ], [ 23.706647756, 37.991891143 ], [ 23.706878436, 37.991517685 ], [ 23.706988192, 37.991351713 ], [ 23.707003393, 37.991328727 ], [ 23.707014818, 37.991319742 ], [ 23.707041819, 37.991279219 ], [ 23.707191681, 37.991054304 ], [ 23.707249434, 37.991160816 ], [ 23.707256185, 37.991173266 ], [ 23.707414687, 37.991075789 ], [ 23.707806336, 37.990596178 ], [ 23.707529592, 37.990468349 ], [ 23.707502256, 37.990455723 ], [ 23.707177315, 37.990311173 ], [ 23.707166459, 37.990306343 ], [ 23.707125328, 37.990288047 ], [ 23.707299392, 37.990231789 ], [ 23.708074754, 37.989981182 ], [ 23.707757398, 37.989834471 ], [ 23.70762078, 37.989694912 ], [ 23.707322473, 37.989384492 ], [ 23.707276101, 37.989339186 ], [ 23.706366784, 37.988450768 ], [ 23.70629751, 37.988383086 ], [ 23.706240075, 37.988422978 ], [ 23.704854138, 37.989385593 ], [ 23.704242146, 37.989798646 ], [ 23.703374594, 37.990395815 ], [ 23.701724794, 37.991511371 ], [ 23.700893404, 37.992073532 ], [ 23.698546776, 37.993516476 ], [ 23.698639275, 37.993686471 ], [ 23.699062188, 37.994261121 ], [ 23.699719447, 37.994708537 ], [ 23.699927251, 37.994803866 ], [ 23.70037333, 37.995162428 ], [ 23.701106148, 37.995751462 ], [ 23.701378336, 37.995971277 ], [ 23.700590184, 37.996277001 ], [ 23.70076562, 37.997223579 ], [ 23.700769878, 37.997223053 ], [ 23.700888242, 37.997208318 ], [ 23.701225721, 37.997163522 ], [ 23.701635971, 37.99710598 ], [ 23.702450649, 37.99699246 ], [ 23.702461806, 37.996990904 ], [ 23.702626962, 37.996967841 ], [ 23.702700011, 37.996957639 ], [ 23.703058763, 37.996907536 ], [ 23.703394851, 37.996860598 ], [ 23.703476025, 37.996849261 ], [ 23.703625776, 37.996827107 ], [ 23.703750402, 37.996669771 ], [ 23.704458974, 37.995775204 ], [ 23.704150281, 37.995548912 ], [ 23.703650157, 37.995008008 ], [ 23.703141965, 37.994458368 ], [ 23.70385834, 37.993987061 ], [ 23.704481549, 37.993602383 ], [ 23.70451762, 37.993525639 ], [ 23.704532313, 37.993494639 ], [ 23.704539697, 37.993478634 ], [ 23.704543716, 37.993469924 ], [ 23.70454691, 37.993463001 ], [ 23.704554034, 37.99344756 ], [ 23.704638224, 37.993265078 ], [ 23.704759938, 37.992999505 ], [ 23.704881669, 37.992729425 ], [ 23.704899017, 37.992752001 ] ] ] } },
{ "type": "Feature", "properties": { "zone_id": 6, "year": 2040, "kwh_per_user_cap": 590.25562, "ac_share_cap": 0.78823703649084575, "kwh_pc_overall": 465.26132302069669, "kwh_cap": 1829063.7610168457 }, "geometry": { "type": "Polygon", "coordinates": [ [ [ 23.724718482, 37.973335213 ], [ 23.725033806, 37.973345357 ], [ 23.725053673, 37.973345997 ], [ 23.725094462, 37.973346687 ], [ 23.725221622, 37.973351385 ], [ 23.725224668, 37.973351498 ], [ 23.725224065, 37.973052564 ], [ 23.72522404, 37.973040117 ], [ 23.725223989, 37.973014957 ], [ 23.725220507, 37.972829062 ], [ 23.725220466, 37.972826861 ], [ 23.725219094, 37.972753626 ], [ 23.725219079, 37.972752842 ], [ 23.7255393, 37.972807729 ], [ 23.725844928, 37.97279689 ], [ 23.725873619, 37.972799302 ], [ 23.725876719, 37.972799563 ], [ 23.726083036, 37.972816905 ], [ 23.726342589, 37.972870609 ], [ 23.726572575, 37.972987852 ], [ 23.726658923, 37.972984678 ], [ 23.726839704, 37.972996443 ], [ 23.726893037, 37.972963323 ], [ 23.72693402, 37.972958177 ], [ 23.726998759, 37.972950049 ], [ 23.727060521, 37.972939789 ], [ 23.727092001, 37.972934558 ], [ 23.72726587, 37.972901493 ], [ 23.727267925, 37.972901102 ], [ 23.727383712, 37.972936411 ], [ 23.727416837, 37.972946512 ], [ 23.72746477, 37.972973662 ], [ 23.727481453, 37.973012963 ], [ 23.727504709, 37.973067753 ], [ 23.72750498, 37.97306839 ], [ 23.727693262, 37.973019458 ], [ 23.727702036, 37.973017024 ], [ 23.727707088, 37.973015622 ], [ 23.727931413, 37.972953388 ], [ 23.728096931, 37.972903021 ], [ 23.728304687, 37.972825974 ], [ 23.728288294, 37.972805606 ], [ 23.728279701, 37.972794929 ], [ 23.728251588, 37.972759999 ], [ 23.728436914, 37.972640357 ], [ 23.728491442, 37.972590827 ], [ 23.728587181, 37.972490639 ], [ 23.728679627, 37.972357029 ], [ 23.728738763, 37.9722407 ], [ 23.728766513, 37.972138473 ], [ 23.728764329, 37.97212249 ], [ 23.728764451, 37.972120622 ], [ 23.728764972, 37.972112593 ], [ 23.728768328, 37.972060922 ], [ 23.728772364, 37.971998787 ], [ 23.728839411, 37.971859242 ], [ 23.728921493, 37.971598058 ], [ 23.728957882, 37.971377326 ], [ 23.728951439, 37.971097912 ], [ 23.728951538, 37.971070874 ], [ 23.72902705, 37.970976479 ], [ 23.728987851, 37.970824416 ], [ 23.728985659, 37.970815912 ], [ 23.728991551, 37.970798973 ], [ 23.729112967, 37.970449904 ], [ 23.729157163, 37.970223924 ], [ 23.729158543, 37.97021687 ], [ 23.729162365, 37.970197329 ], [ 23.729306975, 37.9696847 ], [ 23.729307483, 37.969682901 ], [ 23.729308525, 37.969679206 ], [ 23.72935823, 37.969545921 ], [ 23.729359345, 37.969542933 ], [ 23.72939584, 37.969445072 ], [ 23.729183878, 37.969422053 ], [ 23.729181047, 37.969421953 ], [ 23.728773002, 37.969407585 ], [ 23.727797377, 37.969522501 ], [ 23.726887213, 37.969637559 ], [ 23.725735792, 37.96976106 ], [ 23.725019217, 37.969863036 ], [ 23.724482072, 37.969933882 ], [ 23.722407475, 37.97022188 ], [ 23.722445155, 37.969987593 ], [ 23.722473692, 37.969976491 ], [ 23.722485779, 37.969971789 ], [ 23.723601728, 37.969537645 ], [ 23.723701877, 37.96859364 ], [ 23.723759899, 37.968043449 ], [ 23.723781205, 37.967836744 ], [ 23.723809511, 37.967593463 ], [ 23.723824421, 37.967404608 ], [ 23.723824451, 37.967404228 ], [ 23.723693368, 37.967302879 ], [ 23.723603777, 37.967233612 ], [ 23.723081969, 37.966830168 ], [ 23.7230771, 37.966826404 ], [ 23.722531417, 37.966405262 ], [ 23.722294461, 37.966219939 ], [ 23.721975911, 37.965976723 ], [ 23.721951067, 37.965957754 ], [ 23.721399846, 37.965523832 ], [ 23.721370402, 37.96550123 ], [ 23.721090348, 37.965459311 ], [ 23.72074425, 37.965409617 ], [ 23.720297654, 37.965345465 ], [ 23.719159502, 37.965176016 ], [ 23.718221334, 37.965033946 ], [ 23.717587232, 37.964937917 ], [ 23.717319988, 37.964955301 ], [ 23.716942184, 37.965044522 ], [ 23.716222616, 37.965655664 ], [ 23.715829602, 37.965997205 ], [ 23.7154771, 37.966257726 ], [ 23.715358405, 37.966316023 ], [ 23.715335633, 37.966685496 ], [ 23.715333254, 37.966692009 ], [ 23.715324125, 37.966717013 ], [ 23.715291385, 37.966811569 ], [ 23.714827917, 37.967470985 ], [ 23.714801283, 37.96750888 ], [ 23.7147453, 37.967654204 ], [ 23.7147215, 37.967715983 ], [ 23.714705158, 37.967807794 ], [ 23.714686222, 37.967914181 ], [ 23.714749614, 37.968275467 ], [ 23.714860159, 37.968737655 ], [ 23.714874568, 37.968797899 ], [ 23.714974885, 37.969077541 ], [ 23.715236797, 37.969424109 ], [ 23.7153137, 37.969785872 ], [ 23.715186224, 37.969997366 ], [ 23.715243139, 37.970092139 ], [ 23.715644656, 37.970764883 ], [ 23.716156244, 37.971622028 ], [ 23.716340759, 37.971925392 ], [ 23.716552572, 37.972276417 ], [ 23.716634753, 37.972514884 ], [ 23.716697058, 37.973300396 ], [ 23.716726514, 37.973398938 ], [ 23.716836232, 37.973642549 ], [ 23.716968297, 37.97390424 ], [ 23.717178039, 37.974044444 ], [ 23.717526356, 37.974234551 ], [ 23.717667342, 37.974261211 ], [ 23.717695756, 37.974203107 ], [ 23.71769591, 37.974202792 ], [ 23.717745502, 37.97410138 ], [ 23.717778311, 37.974034288 ], [ 23.717779368, 37.974032128 ], [ 23.717781943, 37.974026862 ], [ 23.717785854, 37.974018865 ], [ 23.717834223, 37.973990218 ], [ 23.717967726, 37.973911147 ], [ 23.718023604, 37.973906775 ], [ 23.718047956, 37.973914041 ], [ 23.718312899, 37.97399309 ], [ 23.718402068, 37.974029355 ], [ 23.71847737, 37.973953619 ], [ 23.71847758, 37.973953372 ], [ 23.718478514, 37.973952271 ], [ 23.718844136, 37.973521185 ], [ 23.718858523, 37.973480662 ], [ 23.718849834, 37.973426564 ], [ 23.718805399, 37.97332281 ], [ 23.718728299, 37.973200952 ], [ 23.718732792, 37.973142379 ], [ 23.718744254, 37.973125905 ], [ 23.718748118, 37.973120353 ], [ 23.718770357, 37.973088391 ], [ 23.718901381, 37.972971537 ], [ 23.719320104, 37.972612022 ], [ 23.719540483, 37.972481861 ], [ 23.719786358, 37.972383305 ], [ 23.720257568, 37.97225374 ], [ 23.720719133, 37.972171814 ], [ 23.720721148, 37.972171456 ], [ 23.720747024, 37.972166863 ], [ 23.720793361, 37.972158639 ], [ 23.72056721, 37.972749801 ], [ 23.720490822, 37.972949478 ], [ 23.720207971, 37.973688836 ], [ 23.72016404, 37.973803666 ], [ 23.720070641, 37.974069389 ], [ 23.720134327, 37.974193829 ], [ 23.720144372, 37.974213457 ], [ 23.72033338, 37.974582767 ], [ 23.720434919, 37.974781166 ], [ 23.720435486, 37.974782273 ], [ 23.720443257, 37.974776565 ], [ 23.720443419, 37.974776445 ], [ 23.720529546, 37.974713173 ], [ 23.72062439, 37.974643496 ], [ 23.721597222, 37.973928806 ], [ 23.722159552, 37.973729324 ], [ 23.723400449, 37.973289112 ], [ 23.723401775, 37.973288642 ], [ 23.724718482, 37.973335213 ] ] ] } },
{ "type": "Feature", "properties": { "zone_id": 7, "year": 2040, "kwh_per_user_cap": 819.82281, "ac_share_cap": 0.92347943655140641, "kwh_pc_overall": 757.08954025593835, "kwh_cap": 5030900.8745117188 }, "geometry": { "type": "Polygon", "coordinates": [ [ [ 23.790585777, 37.991753076 ], [ 23.790751282, 37.990953624 ], [ 23.789843008, 37.99055421 ], [ 23.788936811, 37.991089695 ], [ 23.787852821, 37.991074225 ], [ 23.787853597, 37.991051695 ], [ 23.787858301, 37.991024665 ], [ 23.787869412, 37.990997646 ], [ 23.787883712, 37.99097514 ], [ 23.78790049, 37.990957144 ], [ 23.787922252, 37.990939158 ], [ 23.788905895, 37.990328053 ], [ 23.788870383, 37.990300951 ], [ 23.788834874, 37.990273849 ], [ 23.787866928, 37.990871462 ], [ 23.787763248, 37.990911833 ], [ 23.787649617, 37.990947679 ], [ 23.787527128, 37.99096999 ], [ 23.78742176, 37.990978812 ], [ 23.787324221, 37.990987649 ], [ 23.787225608, 37.990999084 ], [ 23.787002868, 37.990982561 ], [ 23.786766109, 37.990892003 ], [ 23.786703798, 37.990858357 ], [ 23.786378507, 37.990682709 ], [ 23.786071084, 37.990516708 ], [ 23.785495393, 37.990227248 ], [ 23.785324477, 37.990136808 ], [ 23.7852492, 37.990078087 ], [ 23.785162694, 37.989965268 ], [ 23.785129054, 37.989663276 ], [ 23.785129855, 37.989266712 ], [ 23.785143204, 37.988960299 ], [ 23.785502894, 37.988384133 ], [ 23.785517844, 37.988360289 ], [ 23.785821813, 37.987875487 ], [ 23.785947525, 37.987722498 ], [ 23.786099478, 37.9876011 ], [ 23.786260148, 37.987493745 ], [ 23.786395426, 37.987403355 ], [ 23.78745715, 37.986359787 ], [ 23.784479545, 37.98478058 ], [ 23.783049171, 37.984021915 ], [ 23.783018965, 37.984005893 ], [ 23.783042186, 37.983976837 ], [ 23.784817507, 37.981794479 ], [ 23.785481931, 37.980983966 ], [ 23.785702782, 37.98071455 ], [ 23.78555708, 37.98063946 ], [ 23.785035876, 37.980370845 ], [ 23.784874553, 37.980537288 ], [ 23.784649968, 37.980676576 ], [ 23.784267036, 37.980815574 ], [ 23.783869236, 37.980927505 ], [ 23.783507033, 37.981034993 ], [ 23.783409347, 37.981052943 ], [ 23.783021405, 37.981124227 ], [ 23.782567369, 37.981118882 ], [ 23.78212948, 37.981068501 ], [ 23.781825671, 37.981883603 ], [ 23.78174091, 37.982027651 ], [ 23.781578707, 37.982126492 ], [ 23.781438426, 37.98215327 ], [ 23.781252569, 37.982188976 ], [ 23.781006166, 37.982230198 ], [ 23.780320146, 37.982344963 ], [ 23.780225961, 37.982368095 ], [ 23.780150615, 37.9823866 ], [ 23.78010462, 37.982397895 ], [ 23.779935962, 37.982439316 ], [ 23.77808022, 37.98289505 ], [ 23.778013096, 37.98291479 ], [ 23.777958412, 37.982930872 ], [ 23.777891815, 37.982948772 ], [ 23.777871785, 37.982950143 ], [ 23.777845158, 37.982951965 ], [ 23.777827749, 37.982953157 ], [ 23.77774949, 37.982943996 ], [ 23.777678361, 37.982930343 ], [ 23.77762148, 37.982912209 ], [ 23.777550365, 37.982894049 ], [ 23.777493388, 37.982876327 ], [ 23.777477484, 37.982871379 ], [ 23.777417045, 37.982853239 ], [ 23.777298986, 37.982825977 ], [ 23.777232839, 37.982812333 ], [ 23.777152063, 37.98281218 ], [ 23.777069123, 37.982821035 ], [ 23.777007507, 37.982838944 ], [ 23.776886383, 37.982883779 ], [ 23.776842491, 37.982924254 ], [ 23.776706627, 37.983100646 ], [ 23.776674623, 37.983142197 ], [ 23.776634104, 37.983194803 ], [ 23.776299737, 37.983628906 ], [ 23.776296715, 37.983632829 ], [ 23.776215148, 37.983738726 ], [ 23.774793207, 37.983863028 ], [ 23.774701659, 37.98387103 ], [ 23.774496278, 37.983888662 ], [ 23.774283752, 37.983915293 ], [ 23.774082329, 37.983941077 ], [ 23.774040965, 37.983946372 ], [ 23.774035351, 37.983947302 ], [ 23.773772159, 37.983990919 ], [ 23.773491295, 37.984021924 ], [ 23.773279152, 37.984039541 ], [ 23.773078068, 37.984048166 ], [ 23.773027589, 37.984047058 ], [ 23.772861588, 37.984043417 ], [ 23.772852827, 37.984043225 ], [ 23.772603787, 37.984024718 ], [ 23.772355089, 37.984010718 ], [ 23.772113235, 37.983969692 ], [ 23.771913756, 37.983919734 ], [ 23.77188332, 37.9839078 ], [ 23.771847481, 37.983893747 ], [ 23.771644827, 37.983819083 ], [ 23.771357993, 37.984145149 ], [ 23.771308779, 37.984196225 ], [ 23.770866906, 37.9846548 ], [ 23.770823668, 37.984694872 ], [ 23.770795762, 37.984720735 ], [ 23.770758456, 37.98475531 ], [ 23.768995847, 37.986671572 ], [ 23.768922175, 37.986751318 ], [ 23.768977497, 37.986793613 ], [ 23.769260187, 37.986978931 ], [ 23.769492087, 37.987132604 ], [ 23.769447407, 37.987195607 ], [ 23.769390154, 37.987244468 ], [ 23.769405145, 37.987256183 ], [ 23.769598529, 37.987404189 ], [ 23.769742243, 37.987514178 ], [ 23.769812989, 37.987580193 ], [ 23.769831596, 37.987597557 ], [ 23.77023981, 37.987918186 ], [ 23.770622584, 37.988218399 ], [ 23.770648776, 37.98823894 ], [ 23.770670386, 37.988270527 ], [ 23.770263047, 37.988454496 ], [ 23.770222722, 37.988490469 ], [ 23.769540513, 37.989047625 ], [ 23.769237287, 37.989290684 ], [ 23.769638227, 37.989561855 ], [ 23.7701243, 37.98992332 ], [ 23.771280281, 37.990930507 ], [ 23.771323246, 37.990962135 ], [ 23.773485583, 37.991899149 ], [ 23.773563467, 37.991917325 ], [ 23.773896714, 37.991990069 ], [ 23.774559048, 37.992216661 ], [ 23.775306073, 37.992565086 ], [ 23.775685439, 37.99280465 ], [ 23.775734252, 37.992786718 ], [ 23.775911459, 37.992913235 ], [ 23.776054939, 37.99301265 ], [ 23.776227165, 37.993139157 ], [ 23.77622388, 37.99316619 ], [ 23.777475006, 37.994060835 ], [ 23.777593591, 37.994155695 ], [ 23.777869913, 37.994462654 ], [ 23.777967461, 37.994570992 ], [ 23.778212462, 37.994760724 ], [ 23.779360363, 37.995438846 ], [ 23.781118928, 37.996510154 ], [ 23.781900031, 37.99703435 ], [ 23.782196224, 37.997251207 ], [ 23.782094587, 37.997310571 ], [ 23.782034715, 37.997345543 ], [ 23.782933191, 37.998023168 ], [ 23.783755844, 37.998723452 ], [ 23.783851392, 37.998655758 ], [ 23.783860857, 37.998583672 ], [ 23.785601762, 37.996975052 ], [ 23.787091768, 37.995598188 ], [ 23.787268902, 37.9954345 ], [ 23.790484934, 37.992462416 ], [ 23.790585777, 37.991753076 ] ] ] } },
{ "type": "Feature", "properties": { "zone_id": 8, "year": 2040, "kwh_per_user_cap": 751.23297, "ac_share_cap": 0.97389715707072133, "kwh_pc_overall": 731.62365736226263, "kwh_cap": 8064288.71875 }, "geometry": { "type": "Polygon", "coordinates": [ [ [ 23.763844589, 37.98596325 ], [ 23.763588963, 37.985980123 ], [ 23.763447057, 37.985989489 ], [ 23.762953086, 37.986110169 ], [ 23.76140768, 37.986412912 ], [ 23.761404808, 37.986413475 ], [ 23.761328317, 37.986429017 ], [ 23.761308897, 37.986432963 ], [ 23.761141295, 37.986467018 ], [ 23.760628012, 37.98656747 ], [ 23.760434808, 37.98660528 ], [ 23.760412018, 37.98660974 ], [ 23.760241101, 37.986640937 ], [ 23.758542051, 37.986966714 ], [ 23.757729593, 37.987122485 ], [ 23.757781555, 37.987214515 ], [ 23.757818752, 37.987280394 ], [ 23.757858031, 37.987348071 ], [ 23.758013044, 37.987826071 ], [ 23.758151125, 37.988258972 ], [ 23.758250446, 37.988574626 ], [ 23.758517718, 37.989440409 ], [ 23.758621, 37.989742552 ], [ 23.758719982, 37.989945544 ], [ 23.758996392, 37.990414779 ], [ 23.759314204, 37.990848046 ], [ 23.759583647, 37.991164047 ], [ 23.759878477, 37.991444048 ], [ 23.760262505, 37.991764787 ], [ 23.760821446, 37.992144465 ], [ 23.761293905, 37.99241581 ], [ 23.761802413, 37.992655681 ], [ 23.762138296, 37.992791554 ], [ 23.762950744, 37.993032034 ], [ 23.763627579, 37.993168589 ], [ 23.764375703, 37.993281382 ], [ 23.765138445, 37.993244432 ], [ 23.765276141, 37.993235418 ], [ 23.765662806, 37.993210102 ], [ 23.766017374, 37.993186887 ], [ 23.766307928, 37.9931424 ], [ 23.766721693, 37.993075625 ], [ 23.766793171, 37.993024861 ], [ 23.766794916, 37.993023622 ], [ 23.766867226, 37.992972266 ], [ 23.767151586, 37.992860168 ], [ 23.767349534, 37.992838028 ], [ 23.767382319, 37.992824574 ], [ 23.768047767, 37.992510438 ], [ 23.768126078, 37.992506086 ], [ 23.768365591, 37.992393897 ], [ 23.768383514, 37.992353375 ], [ 23.768006689, 37.991766797 ], [ 23.768336326, 37.991627748 ], [ 23.768474783, 37.991184209 ], [ 23.769033411, 37.990980193 ], [ 23.768815086, 37.990466032 ], [ 23.770009767, 37.990017731 ], [ 23.770067756, 37.989969931 ], [ 23.7701243, 37.98992332 ], [ 23.769638227, 37.989561855 ], [ 23.769237287, 37.989290684 ], [ 23.768302534, 37.988793139 ], [ 23.767338726, 37.988259478 ], [ 23.767107367, 37.988159879 ], [ 23.766737874, 37.98796537 ], [ 23.766589107, 37.987856921 ], [ 23.766402049, 37.987703331 ], [ 23.766049402, 37.987360142 ], [ 23.765779077, 37.987093725 ], [ 23.765382093, 37.986818041 ], [ 23.765259565, 37.986741188 ], [ 23.765193858, 37.986700499 ], [ 23.763969922, 37.98617981 ], [ 23.763910844, 37.985958876 ], [ 23.763844589, 37.98596325 ] ] ] } },
{ "type": "Feature", "properties": { "zone_id": 9, "year": 2040, "kwh_per_user_cap": 798.19714, "ac_share_cap": 0.73292028636124951, "kwh_pc_overall": 585.01489316147558, "kwh_cap": 9516714.2421875 }, "geometry": { "type": "Polygon", "coordinates": [ [ [ 23.752895164, 38.007874419 ], [ 23.752742218, 38.007710151 ], [ 23.752867409, 38.007528492 ], [ 23.753301507, 38.007688912 ], [ 23.75376461, 38.006971911 ], [ 23.753790459, 38.006933539 ], [ 23.753810922, 38.006893969 ], [ 23.754202818, 38.006781184 ], [ 23.754079497, 38.006472113 ], [ 23.754075722, 38.006462655 ], [ 23.754074814, 38.006425957 ], [ 23.753723266, 38.006298229 ], [ 23.753660243, 38.00627533 ], [ 23.753527352, 38.006215567 ], [ 23.753362017, 38.006141213 ], [ 23.753257546, 38.00609423 ], [ 23.752793346, 38.005890466 ], [ 23.752846844, 38.005859034 ], [ 23.752879403, 38.005809532 ], [ 23.752440972, 38.005353462 ], [ 23.752366721, 38.005204594 ], [ 23.752291147, 38.004920531 ], [ 23.752178305, 38.004393043 ], [ 23.752005477, 38.003604056 ], [ 23.751959062, 38.003540868 ], [ 23.751749661, 38.00336017 ], [ 23.751734938, 38.003504344 ], [ 23.751174916, 38.003854661 ], [ 23.750863873, 38.004047778 ], [ 23.750689079, 38.004160068 ], [ 23.750533951, 38.004245361 ], [ 23.750237944, 38.004307823 ], [ 23.749775244, 38.004401474 ], [ 23.749730719, 38.004410392 ], [ 23.749232142, 38.004377785 ], [ 23.748930069, 38.004353082 ], [ 23.748640693, 38.004335965 ], [ 23.748548671, 38.004366682 ], [ 23.748504552, 38.004380631 ], [ 23.748425008, 38.004309582 ], [ 23.74839249, 38.004280537 ], [ 23.748328462, 38.004249675 ], [ 23.747775426, 38.004027427 ], [ 23.746889321, 38.00367132 ], [ 23.74667446, 38.00358497 ], [ 23.746499822, 38.003514786 ], [ 23.746151894, 38.003374957 ], [ 23.74599485, 38.003312705 ], [ 23.745356511, 38.003071753 ], [ 23.744803654, 38.002863117 ], [ 23.74471549, 38.002831381 ], [ 23.74386202, 38.002806993 ], [ 23.743860667, 38.00280925 ], [ 23.743468192, 38.003464071 ], [ 23.7432061, 38.003905128 ], [ 23.742851805, 38.004246841 ], [ 23.74254643, 38.004543596 ], [ 23.74184114, 38.004077889 ], [ 23.741457942, 38.003829195 ], [ 23.741351111, 38.003842479 ], [ 23.741220533, 38.003325417 ], [ 23.741220164, 38.003323954 ], [ 23.740659267, 38.003403834 ], [ 23.739910334, 38.003510334 ], [ 23.739784403, 38.003086452 ], [ 23.739092164, 38.002864104 ], [ 23.738413748, 38.002659809 ], [ 23.738400026, 38.002614714 ], [ 23.738242264, 38.002636895 ], [ 23.737821626, 38.002712567 ], [ 23.737472206, 38.002779384 ], [ 23.736642995, 38.00293976 ], [ 23.736641098, 38.002940126 ], [ 23.736640435, 38.002940254 ], [ 23.735924915, 38.00307785 ], [ 23.735418781, 38.003171347 ], [ 23.734292168, 38.003380608 ], [ 23.7344281, 38.003786493 ], [ 23.734558322, 38.004194835 ], [ 23.734666555, 38.004683807 ], [ 23.734701906, 38.004850624 ], [ 23.734772639, 38.005175245 ], [ 23.734801034, 38.005296982 ], [ 23.734897735, 38.005725309 ], [ 23.734952809, 38.005950754 ], [ 23.735085803, 38.006581951 ], [ 23.735086951, 38.006658563 ], [ 23.73509088, 38.007050629 ], [ 23.735093902, 38.007496771 ], [ 23.735096148, 38.007861795 ], [ 23.735098184, 38.008285402 ], [ 23.736053359, 38.008256005 ], [ 23.736469566, 38.008234406 ], [ 23.736975832, 38.008213007 ], [ 23.737636265, 38.008182938 ], [ 23.737666522, 38.008183005 ], [ 23.737680203, 38.008182301 ], [ 23.738085931, 38.008161408 ], [ 23.738842862, 38.008122534 ], [ 23.739627913, 38.008083717 ], [ 23.740176321, 38.008059565 ], [ 23.740212506, 38.008057971 ], [ 23.740469775, 38.008045377 ], [ 23.741093327, 38.008014849 ], [ 23.741240017, 38.008006159 ], [ 23.741210971, 38.007762749 ], [ 23.741192643, 38.007609491 ], [ 23.741146726, 38.007203813 ], [ 23.740878979, 38.007221249 ], [ 23.740760415, 38.006824424 ], [ 23.740797032, 38.006823105 ], [ 23.740876639, 38.00682024 ], [ 23.741114288, 38.006811684 ], [ 23.741943227, 38.00679595 ], [ 23.74333282, 38.006769561 ], [ 23.743715054, 38.006988624 ], [ 23.743778227, 38.007042838 ], [ 23.744622779, 38.008074363 ], [ 23.744903346, 38.008059004 ], [ 23.745666068, 38.008017247 ], [ 23.745761142, 38.008011413 ], [ 23.745847926, 38.008006087 ], [ 23.746636791, 38.0079667 ], [ 23.746658954, 38.007965526 ], [ 23.746737034, 38.007997191 ], [ 23.74728198, 38.008233751 ], [ 23.747393034, 38.008280806 ], [ 23.74781236, 38.008442766 ], [ 23.747860622, 38.008462147 ], [ 23.748178502, 38.008589803 ], [ 23.748309412, 38.008642374 ], [ 23.748601528, 38.00875968 ], [ 23.748994501, 38.008915251 ], [ 23.749519879, 38.00912321 ], [ 23.749680274, 38.00891963 ], [ 23.749757016, 38.008822225 ], [ 23.749757461, 38.008822499 ], [ 23.749757491, 38.008822518 ], [ 23.75028738, 38.009147814 ], [ 23.750556618, 38.008796885 ], [ 23.751573171, 38.009275696 ], [ 23.751775642, 38.008806019 ], [ 23.75183209, 38.008671408 ], [ 23.752895164, 38.007874419 ] ] ] } },
{ "type": "Feature", "properties": { "zone_id": 10, "year": 2040, "kwh_per_user_cap": 663.00842, "ac_share_cap": 0.82181578496523644, "kwh_pc_overall": 544.87078880993954, "kwh_cap": 11430077.9375 }, "geometry": { "type": "Polygon", "coordinates": [ [ [ 23.746302191, 38.018758597 ], [ 23.746011905, 38.018842249 ], [ 23.74541832, 38.018524218 ], [ 23.745456284, 38.018484339 ], [ 23.745464192, 38.018476032 ], [ 23.745721905, 38.018205312 ], [ 23.745722742, 38.018204433 ], [ 23.745753324, 38.018172309 ], [ 23.745790653, 38.018133094 ], [ 23.745686835, 38.018013349 ], [ 23.745516358, 38.017825126 ], [ 23.74544055, 38.017633871 ], [ 23.745299307, 38.01658656 ], [ 23.745082688, 38.015310425 ], [ 23.745060744, 38.015170679 ], [ 23.744808598, 38.015300818 ], [ 23.744718065, 38.015332166 ], [ 23.7445135, 38.015394812 ], [ 23.743624216, 38.015492017 ], [ 23.74238377, 38.015629005 ], [ 23.740941724, 38.015792574 ], [ 23.740120508, 38.015867371 ], [ 23.739308546, 38.015942183 ], [ 23.737835563, 38.016092126 ], [ 23.737324146, 38.016145061 ], [ 23.73631519, 38.015755253 ], [ 23.735499148, 38.015775952 ], [ 23.735386022, 38.015745293 ], [ 23.73538178, 38.015744143 ], [ 23.73450376, 38.01587285 ], [ 23.733540212, 38.016023888 ], [ 23.732568658, 38.016026189 ], [ 23.731735929, 38.016033305 ], [ 23.731702464, 38.016033229 ], [ 23.731398047, 38.016041547 ], [ 23.731065182, 38.016040786 ], [ 23.730826302, 38.01604024 ], [ 23.730691634, 38.01606697 ], [ 23.729690721, 38.016308019 ], [ 23.729754116, 38.016398293 ], [ 23.730153909, 38.017079678 ], [ 23.730655499, 38.017964082 ], [ 23.730687227, 38.018049776 ], [ 23.731201613, 38.018943221 ], [ 23.731453197, 38.019367397 ], [ 23.731682254, 38.019604674 ], [ 23.731904437, 38.020008336 ], [ 23.731910458, 38.020017362 ], [ 23.73197774, 38.020116656 ], [ 23.732036173, 38.020202411 ], [ 23.732314869, 38.020712269 ], [ 23.732476442, 38.021023578 ], [ 23.732881263, 38.02151119 ], [ 23.733162259, 38.021782212 ], [ 23.73344656, 38.022026202 ], [ 23.733588226, 38.022134677 ], [ 23.734777809, 38.02290796 ], [ 23.7349277, 38.023007438 ], [ 23.735311258, 38.023259205 ], [ 23.735692881, 38.02348919 ], [ 23.735695746, 38.023490917 ], [ 23.735815289, 38.02356296 ], [ 23.735924335, 38.023628677 ], [ 23.736084392, 38.023725134 ], [ 23.736194244, 38.023797727 ], [ 23.736380965, 38.023921116 ], [ 23.7365824, 38.024054227 ], [ 23.736770522, 38.02417854 ], [ 23.737282935, 38.024517143 ], [ 23.737291376, 38.024522721 ], [ 23.73729933, 38.024527792 ], [ 23.738092467, 38.025033396 ], [ 23.738911176, 38.025546615 ], [ 23.739287306, 38.025786279 ], [ 23.739349766, 38.025826076 ], [ 23.739412995, 38.025866364 ], [ 23.740326012, 38.025514641 ], [ 23.740756018, 38.025348985 ], [ 23.74122184, 38.025169529 ], [ 23.74163382, 38.025010813 ], [ 23.74134659, 38.024580946 ], [ 23.741016555, 38.024170138 ], [ 23.740702417, 38.023795415 ], [ 23.74046843, 38.023510995 ], [ 23.74036347, 38.023389091 ], [ 23.740226287, 38.023217545 ], [ 23.740183753, 38.023163374 ], [ 23.739960833, 38.022968149 ], [ 23.740482271, 38.022730081 ], [ 23.740661599, 38.022648783 ], [ 23.741168562, 38.022418948 ], [ 23.741470567, 38.022282029 ], [ 23.742279968, 38.021915072 ], [ 23.742965614, 38.021604213 ], [ 23.743308282, 38.021448852 ], [ 23.743782982, 38.021233626 ], [ 23.744160743, 38.021062349 ], [ 23.744606745, 38.020860129 ], [ 23.745191471, 38.020595008 ], [ 23.74580748, 38.020318241 ], [ 23.747002069, 38.019781914 ], [ 23.746526812, 38.019108438 ], [ 23.746459611, 38.018988503 ], [ 23.746326814, 38.018751501 ], [ 23.746302191, 38.018758597 ] ] ] } },
{ "type": "Feature", "properties": { "zone_id": 11, "year": 2040, "kwh_per_user_cap": 943.95996, "ac_share_cap": 0.66761082386662862, "kwh_pc_overall": 630.19787821980219, "kwh_cap": 10077280.96484375 }, "geometry": { "type": "Polygon", "coordinates": [ [ [ 23.720134327, 37.974193829 ], [ 23.720070641, 37.974069389 ], [ 23.72016404, 37.973803666 ], [ 23.720207971, 37.973688836 ], [ 23.720490822, 37.972949478 ], [ 23.72056721, 37.972749801 ], [ 23.720793361, 37.972158639 ], [ 23.720747024, 37.972166863 ], [ 23.720721148, 37.972171456 ], [ 23.720719133, 37.972171814 ], [ 23.720257568, 37.97225374 ], [ 23.719786358, 37.972383305 ], [ 23.719540483, 37.972481861 ], [ 23.719320104, 37.972612022 ], [ 23.718901381, 37.972971537 ], [ 23.718770357, 37.973088391 ], [ 23.718748118, 37.973120353 ], [ 23.718744254, 37.973125905 ], [ 23.718732792, 37.973142379 ], [ 23.718728299, 37.973200952 ], [ 23.718805399, 37.97332281 ], [ 23.718849834, 37.973426564 ], [ 23.718858523, 37.973480662 ], [ 23.718844136, 37.973521185 ], [ 23.718478514, 37.973952271 ], [ 23.71847758, 37.973953372 ], [ 23.71847737, 37.973953619 ], [ 23.718402068, 37.974029355 ], [ 23.718312899, 37.97399309 ], [ 23.718047956, 37.973914041 ], [ 23.718023604, 37.973906775 ], [ 23.717967726, 37.973911147 ], [ 23.717834223, 37.973990218 ], [ 23.717785854, 37.974018865 ], [ 23.717781943, 37.974026862 ], [ 23.717779368, 37.974032128 ], [ 23.717778311, 37.974034288 ], [ 23.717745502, 37.97410138 ], [ 23.71769591, 37.974202792 ], [ 23.717695756, 37.974203107 ], [ 23.717667342, 37.974261211 ], [ 23.717526356, 37.974234551 ], [ 23.717178039, 37.974044444 ], [ 23.716968297, 37.97390424 ], [ 23.716836232, 37.973642549 ], [ 23.716726514, 37.973398938 ], [ 23.716697058, 37.973300396 ], [ 23.716634753, 37.972514884 ], [ 23.716552572, 37.972276417 ], [ 23.716340759, 37.971925392 ], [ 23.716156244, 37.971622028 ], [ 23.715644656, 37.970764883 ], [ 23.715243139, 37.970092139 ], [ 23.715186224, 37.969997366 ], [ 23.7153137, 37.969785872 ], [ 23.715236797, 37.969424109 ], [ 23.714974885, 37.969077541 ], [ 23.714874568, 37.968797899 ], [ 23.714860159, 37.968737655 ], [ 23.714749614, 37.968275467 ], [ 23.714686222, 37.967914181 ], [ 23.714705158, 37.967807794 ], [ 23.7147215, 37.967715983 ], [ 23.7147453, 37.967654204 ], [ 23.714801283, 37.96750888 ], [ 23.714827917, 37.967470985 ], [ 23.715291385, 37.966811569 ], [ 23.715324125, 37.966717013 ], [ 23.71532024, 37.96671708 ], [ 23.714411871, 37.966732828 ], [ 23.7141077, 37.966362561 ], [ 23.714019272, 37.966267802 ], [ 23.713985469, 37.966231577 ], [ 23.713717344, 37.965924487 ], [ 23.71362281, 37.96580709 ], [ 23.713275794, 37.965387146 ], [ 23.713245976, 37.965349582 ], [ 23.713239574, 37.965341517 ], [ 23.713205233, 37.965298254 ], [ 23.713033941, 37.965082466 ], [ 23.713866291, 37.964692263 ], [ 23.713829537, 37.964286609 ], [ 23.713835058, 37.9641943 ], [ 23.713852535, 37.964052306 ], [ 23.713852734, 37.96405069 ], [ 23.713791187, 37.96404036 ], [ 23.713004766, 37.963908372 ], [ 23.712335938, 37.963798514 ], [ 23.712085725, 37.963757414 ], [ 23.711970212, 37.963742375 ], [ 23.711415467, 37.96367015 ], [ 23.710402178, 37.963604569 ], [ 23.708635909, 37.963501067 ], [ 23.708418493, 37.963514047 ], [ 23.708218044, 37.963554108 ], [ 23.707562637, 37.963940035 ], [ 23.707328334, 37.964083659 ], [ 23.707204283, 37.96414644 ], [ 23.706445897, 37.964586145 ], [ 23.706445836, 37.964586181 ], [ 23.706529846, 37.964663 ], [ 23.706580521, 37.964712698 ], [ 23.707058646, 37.965164533 ], [ 23.707657287, 37.965819456 ], [ 23.707964306, 37.966180734 ], [ 23.708087505, 37.966334258 ], [ 23.708321684, 37.966762951 ], [ 23.708364765, 37.966844173 ], [ 23.708711299, 37.967471427 ], [ 23.708992215, 37.967958817 ], [ 23.70927518, 37.968468745 ], [ 23.709545431, 37.968956107 ], [ 23.709689203, 37.969217835 ], [ 23.709847457, 37.969506638 ], [ 23.709956275, 37.969700683 ], [ 23.71011099, 37.96998497 ], [ 23.710114419, 37.969991248 ], [ 23.710317991, 37.97036402 ], [ 23.710377279, 37.970471101 ], [ 23.710525368, 37.970738565 ], [ 23.710922409, 37.971469584 ], [ 23.711330772, 37.972218655 ], [ 23.711574185, 37.972660883 ], [ 23.711742719, 37.972963227 ], [ 23.711923245, 37.973292639 ], [ 23.712164193, 37.973730352 ], [ 23.712580053, 37.974479437 ], [ 23.71292352, 37.974998516 ], [ 23.713167496, 37.975301042 ], [ 23.713614565, 37.975806851 ], [ 23.713709198, 37.975901717 ], [ 23.713937076, 37.976136606 ], [ 23.714064737, 37.976214917 ], [ 23.714069835, 37.976218044 ], [ 23.714466281, 37.976475874 ], [ 23.715023881, 37.976743105 ], [ 23.715319992, 37.976845178 ], [ 23.715326467, 37.976847411 ], [ 23.716077127, 37.977106167 ], [ 23.716225772, 37.977129058 ], [ 23.716529483, 37.977170348 ], [ 23.716787417, 37.977179982 ], [ 23.716883773, 37.977198239 ], [ 23.717296637, 37.977211684 ], [ 23.717297871, 37.977211724 ], [ 23.717332051, 37.977212837 ], [ 23.717366009, 37.977212918 ], [ 23.717528463, 37.977213309 ], [ 23.717759371, 37.977218369 ], [ 23.717847631, 37.977214075 ], [ 23.71798784, 37.977209904 ], [ 23.718128405, 37.977205735 ], [ 23.718333373, 37.977201719 ], [ 23.718538002, 37.977193196 ], [ 23.71859495, 37.977188826 ], [ 23.718742718, 37.977162141 ], [ 23.718890858, 37.97713095 ], [ 23.719148813, 37.977041437 ], [ 23.719197984, 37.977023529 ], [ 23.719262879, 37.976998561 ], [ 23.71933939, 37.976950845 ], [ 23.719386947, 37.976921186 ], [ 23.720397904, 37.976594078 ], [ 23.720648025, 37.976519313 ], [ 23.720651074, 37.976518402 ], [ 23.720785916, 37.976478095 ], [ 23.720786323, 37.976477973 ], [ 23.720820039, 37.976467895 ], [ 23.720964774, 37.97642463 ], [ 23.720966898, 37.976423876 ], [ 23.72100081, 37.976356651 ], [ 23.721002125, 37.97635487 ], [ 23.721011399, 37.976343033 ], [ 23.721025627, 37.976324874 ], [ 23.721033282, 37.97630693 ], [ 23.721063505, 37.976236092 ], [ 23.72106404, 37.976234836 ], [ 23.721066094, 37.976221957 ], [ 23.721089188, 37.976077171 ], [ 23.721085308, 37.976068149 ], [ 23.721075735, 37.976059113 ], [ 23.721060113, 37.976050063 ], [ 23.721030599, 37.976045487 ], [ 23.721012486, 37.976036431 ], [ 23.720991545, 37.976022862 ], [ 23.720969925, 37.976000279 ], [ 23.720958607, 37.975982226 ], [ 23.720953322, 37.975968694 ], [ 23.720948391, 37.975955163 ], [ 23.720943444, 37.975946139 ], [ 23.720939564, 37.975937117 ], [ 23.720935702, 37.975923588 ], [ 23.720453116, 37.974822498 ], [ 23.720435486, 37.974782273 ], [ 23.720434919, 37.974781166 ], [ 23.72033338, 37.974582767 ], [ 23.720144372, 37.974213457 ], [ 23.720134327, 37.974193829 ] ] ] } },
{ "type": "Feature", "properties": { "zone_id": 12, "year": 2040, "kwh_per_user_cap": 924.56183, "ac_share_cap": 0.72021651364600481, "kwh_pc_overall": 665.88470619449197, "kwh_cap": 1900428.4086914062 }, "geometry": { "type": "Polygon", "coordinates": [ [ [ 23.758295581, 37.999827711 ], [ 23.75828332, 37.999813711 ], [ 23.758152684, 37.999665312 ], [ 23.758084862, 37.999574462 ], [ 23.757717499, 37.999456539 ], [ 23.757347988, 37.999365649 ], [ 23.757217082, 37.999342847 ], [ 23.756727877, 37.999391407 ], [ 23.756013587, 37.999696364 ], [ 23.755753547, 37.999810745 ], [ 23.755744732, 37.999814623 ], [ 23.755731261, 37.999826464 ], [ 23.755596436, 37.999911805 ], [ 23.755592539, 37.99991197 ], [ 23.75537271, 37.999921273 ], [ 23.755152513, 37.999930592 ], [ 23.755138355, 37.999931191 ], [ 23.75488373, 37.999941965 ], [ 23.754226701, 37.999881324 ], [ 23.753909273, 37.999883132 ], [ 23.753278093, 38.000027784 ], [ 23.752957584, 38.000163209 ], [ 23.752643621, 38.000446402 ], [ 23.751880413, 38.001634489 ], [ 23.751880408, 38.001681186 ], [ 23.751880408, 38.001681447 ], [ 23.751880357, 38.002194727 ], [ 23.751880347, 38.002287919 ], [ 23.75186797, 38.00258081 ], [ 23.751797499, 38.00289611 ], [ 23.75179456, 38.002923142 ], [ 23.751750052, 38.003356361 ], [ 23.751749661, 38.00336017 ], [ 23.751959062, 38.003540868 ], [ 23.752005477, 38.003604056 ], [ 23.752178305, 38.004393043 ], [ 23.752291147, 38.004920531 ], [ 23.752366721, 38.005204594 ], [ 23.752440972, 38.005353462 ], [ 23.752879403, 38.005809532 ], [ 23.752846844, 38.005859034 ], [ 23.752793346, 38.005890466 ], [ 23.753257546, 38.00609423 ], [ 23.753362017, 38.006141213 ], [ 23.753527352, 38.006215567 ], [ 23.753660243, 38.00627533 ], [ 23.753723266, 38.006298229 ], [ 23.754074814, 38.006425957 ], [ 23.754075722, 38.006462655 ], [ 23.754079497, 38.006472113 ], [ 23.754202818, 38.006781184 ], [ 23.755522511, 38.006418915 ], [ 23.758040031, 38.005612967 ], [ 23.759668454, 38.005093562 ], [ 23.7604878, 38.00482663 ], [ 23.760626562, 38.004781422 ], [ 23.761706, 38.004429742 ], [ 23.761716645, 38.004426274 ], [ 23.762449202, 38.00380881 ], [ 23.762476896, 38.003783395 ], [ 23.762297194, 38.003656852 ], [ 23.762016653, 38.003510641 ], [ 23.761934493, 38.003475051 ], [ 23.761852937, 38.003439724 ], [ 23.761594485, 38.003361069 ], [ 23.761137145, 38.003221886 ], [ 23.760604898, 38.00303604 ], [ 23.759991762, 38.002683271 ], [ 23.759854638, 38.002535852 ], [ 23.759832669, 38.002507906 ], [ 23.759547235, 38.002144812 ], [ 23.759421533, 38.00198836 ], [ 23.75922775, 38.001721443 ], [ 23.759009293, 38.001374421 ], [ 23.758898601, 38.001090562 ], [ 23.758531797, 38.000149902 ], [ 23.75845819, 38.000013369 ], [ 23.758312463, 37.999846985 ], [ 23.758295581, 37.999827711 ] ] ] } },
{ "type": "Feature", "properties": { "zone_id": 13, "year": 2040, "kwh_per_user_cap": 811.69354, "ac_share_cap": 0.48860022605214626, "kwh_pc_overall": 396.5936589773126, "kwh_cap": 4145513.14453125 }, "geometry": { "type": "Polygon", "coordinates": [ [ [ 23.714892384, 37.984552679 ], [ 23.714594783, 37.984304163 ], [ 23.71456735, 37.984281254 ], [ 23.714542449, 37.984257985 ], [ 23.714514164, 37.984231554 ], [ 23.714502623, 37.98422127 ], [ 23.714463451, 37.984186367 ], [ 23.714435027, 37.984158807 ], [ 23.714430835, 37.984154743 ], [ 23.714404861, 37.984131401 ], [ 23.713897847, 37.983675766 ], [ 23.713712365, 37.983468019 ], [ 23.713526885, 37.983260272 ], [ 23.711710429, 37.981255901 ], [ 23.711603037, 37.981097806 ], [ 23.711515219, 37.980940069 ], [ 23.711469552, 37.980888196 ], [ 23.711432085, 37.980845637 ], [ 23.7114256, 37.980838272 ], [ 23.709928205, 37.979137352 ], [ 23.709830649, 37.979026533 ], [ 23.708891554, 37.978043968 ], [ 23.707426303, 37.976799083 ], [ 23.706368356, 37.975866647 ], [ 23.705591994, 37.975293617 ], [ 23.705500739, 37.975226262 ], [ 23.705485174, 37.975214773 ], [ 23.705468709, 37.975236954 ], [ 23.705296728, 37.975268068 ], [ 23.705080644, 37.975294565 ], [ 23.70476675, 37.975311804 ], [ 23.704409448, 37.975328932 ], [ 23.704241114, 37.975337522 ], [ 23.703656003, 37.975376607 ], [ 23.702925413, 37.975491932 ], [ 23.702697057, 37.975473329 ], [ 23.702703332, 37.975539965 ], [ 23.702714459, 37.975658137 ], [ 23.702827835, 37.97674898 ], [ 23.702828987, 37.976786746 ], [ 23.702830035, 37.976821088 ], [ 23.702424562, 37.976869634 ], [ 23.701989619, 37.976990206 ], [ 23.702010289, 37.977036634 ], [ 23.702194491, 37.977450381 ], [ 23.702362705, 37.97782484 ], [ 23.702447004, 37.978034337 ], [ 23.702469801, 37.978090991 ], [ 23.702484676, 37.978124228 ], [ 23.70259499, 37.978370706 ], [ 23.702619958, 37.978420435 ], [ 23.702746776, 37.97867302 ], [ 23.702955744, 37.979253163 ], [ 23.702970807, 37.979286851 ], [ 23.703385261, 37.980213777 ], [ 23.703409942, 37.980268977 ], [ 23.704008925, 37.979998856 ], [ 23.704476825, 37.979862913 ], [ 23.70550858, 37.979693422 ], [ 23.705756349, 37.980370498 ], [ 23.705961533, 37.98093882 ], [ 23.706565785, 37.980660931 ], [ 23.707236361, 37.980347152 ], [ 23.707935754, 37.98003344 ], [ 23.708042643, 37.980177911 ], [ 23.708280281, 37.980642663 ], [ 23.708478691, 37.981039721 ], [ 23.708878239, 37.981865386 ], [ 23.708935144, 37.981979218 ], [ 23.70895944, 37.982027819 ], [ 23.707722071, 37.982412303 ], [ 23.707738331, 37.982529511 ], [ 23.707846514, 37.983156173 ], [ 23.707938083, 37.983689413 ], [ 23.707966512, 37.983854967 ], [ 23.707905963, 37.984048593 ], [ 23.707830109, 37.984332309 ], [ 23.708139084, 37.984919353 ], [ 23.708174475, 37.984986596 ], [ 23.708195309, 37.985030451 ], [ 23.708197553, 37.985035174 ], [ 23.708350228, 37.985356558 ], [ 23.708558297, 37.98556437 ], [ 23.709057744, 37.986058373 ], [ 23.709060165, 37.986060768 ], [ 23.709115534, 37.986115533 ], [ 23.708966505, 37.986215368 ], [ 23.708412003, 37.986586828 ], [ 23.708507864, 37.986674399 ], [ 23.708580333, 37.986740601 ], [ 23.708977121, 37.987102097 ], [ 23.709042119, 37.987043674 ], [ 23.709618848, 37.986716131 ], [ 23.710198438, 37.986474213 ], [ 23.711041021, 37.986138304 ], [ 23.711135162, 37.986088965 ], [ 23.711340561, 37.985981315 ], [ 23.711697038, 37.985824464 ], [ 23.711993623, 37.985694504 ], [ 23.71258509, 37.98596183 ], [ 23.713013537, 37.98614764 ], [ 23.713332664, 37.985711295 ], [ 23.713895007, 37.985965024 ], [ 23.714253009, 37.98612769 ], [ 23.715076202, 37.986495142 ], [ 23.715668752, 37.986762455 ], [ 23.715695674, 37.986774662 ], [ 23.715708438, 37.98678045 ], [ 23.716629941, 37.987198265 ], [ 23.716637695, 37.98720178 ], [ 23.716687957, 37.98722457 ], [ 23.717514266, 37.98760059 ], [ 23.717778145, 37.987222633 ], [ 23.717878318, 37.987135254 ], [ 23.717906889, 37.987110332 ], [ 23.717912466, 37.987105468 ], [ 23.717951196, 37.987071685 ], [ 23.717848092, 37.987038088 ], [ 23.717635367, 37.986913532 ], [ 23.717585339, 37.986884239 ], [ 23.717077559, 37.986409845 ], [ 23.715720163, 37.985243914 ], [ 23.714892384, 37.984552679 ] ] ] } },
{ "type": "Feature", "properties": { "zone_id": 14, "year": 2040, "kwh_per_user_cap": 979.90533, "ac_share_cap": 0.98000002587950041, "kwh_pc_overall": 960.30727235943232, "kwh_cap": 469950.90625 }, "geometry": { "type": "Polygon", "coordinates": [ [ [ 23.737967118, 37.97558793 ], [ 23.737803771, 37.975608969 ], [ 23.737803564, 37.975608025 ], [ 23.737567817, 37.974533899 ], [ 23.737566337, 37.974534102 ], [ 23.737565503, 37.974534217 ], [ 23.737366425, 37.974561573 ], [ 23.737364504, 37.974561837 ], [ 23.736447584, 37.974687829 ], [ 23.736447378, 37.974686926 ], [ 23.736437193, 37.974642022 ], [ 23.736434844, 37.974642334 ], [ 23.736305663, 37.974659476 ], [ 23.736308369, 37.974673251 ], [ 23.736308386, 37.974673334 ], [ 23.735728102, 37.97475002 ], [ 23.735612541, 37.974766141 ], [ 23.735450726, 37.974788715 ], [ 23.735366398, 37.974800478 ], [ 23.735361886, 37.974801108 ], [ 23.735373807, 37.974858827 ], [ 23.735378933, 37.9748635 ], [ 23.735411678, 37.974893353 ], [ 23.735449525, 37.974992504 ], [ 23.735628, 37.975918914 ], [ 23.735615767, 37.976056638 ], [ 23.735636972, 37.97606793 ], [ 23.73571928, 37.976111758 ], [ 23.735862233, 37.976187879 ], [ 23.736119113, 37.976192962 ], [ 23.736165911, 37.976189323 ], [ 23.736264714, 37.976181639 ], [ 23.736344407, 37.976175441 ], [ 23.736793652, 37.976117863 ], [ 23.737212241, 37.976066378 ], [ 23.737621285, 37.976016064 ], [ 23.737721531, 37.976002081 ], [ 23.737885414, 37.97597922 ], [ 23.737921569, 37.975974177 ], [ 23.738051266, 37.975956084 ], [ 23.73802096, 37.975807532 ], [ 23.738020935, 37.975807422 ], [ 23.737969277, 37.975587652 ], [ 23.737967118, 37.97558793 ] ] ] } },
{ "type": "Feature", "properties": { "zone_id": 15, "year": 2040, "kwh_per_user_cap": 874.49554, "ac_share_cap": 0.86575913210300426, "kwh_pc_overall": 757.10248141739271, "kwh_cap": 10437087.8046875 }, "geometry": { "type": "Polygon", "coordinates": [ [ [ 23.767209376, 37.999845152 ], [ 23.768958499, 37.99839426 ], [ 23.769194029, 37.998213317 ], [ 23.769291689, 37.998141575 ], [ 23.769316392, 37.998123429 ], [ 23.769297371, 37.998060301 ], [ 23.769196623, 37.997726629 ], [ 23.769192592, 37.997650012 ], [ 23.768841769, 37.996960005 ], [ 23.768841686, 37.99695984 ], [ 23.768470285, 37.996224563 ], [ 23.768011223, 37.995299842 ], [ 23.767863599, 37.994987845 ], [ 23.767718835, 37.994681885 ], [ 23.767603195, 37.994447323 ], [ 23.767406564, 37.994050369 ], [ 23.767146987, 37.99352711 ], [ 23.766920994, 37.99307602 ], [ 23.766867226, 37.992972266 ], [ 23.766794916, 37.993023622 ], [ 23.766793171, 37.993024861 ], [ 23.766721693, 37.993075625 ], [ 23.766307928, 37.9931424 ], [ 23.766017374, 37.993186887 ], [ 23.765662806, 37.993210102 ], [ 23.765276141, 37.993235418 ], [ 23.765138445, 37.993244432 ], [ 23.764375703, 37.993281382 ], [ 23.763627579, 37.993168589 ], [ 23.762950744, 37.993032034 ], [ 23.762138296, 37.992791554 ], [ 23.761802413, 37.992655681 ], [ 23.761293905, 37.99241581 ], [ 23.760821446, 37.992144465 ], [ 23.760794792, 37.992221566 ], [ 23.760779412, 37.992266053 ], [ 23.760761798, 37.992320094 ], [ 23.760606013, 37.992509047 ], [ 23.760406293, 37.99274748 ], [ 23.760386758, 37.992770584 ], [ 23.760382351, 37.992775796 ], [ 23.76017623, 37.993019565 ], [ 23.760171923, 37.993024658 ], [ 23.760147628, 37.99305339 ], [ 23.760132199, 37.993071074 ], [ 23.760124418, 37.993079994 ], [ 23.759895753, 37.993342088 ], [ 23.759887349, 37.99335172 ], [ 23.759875253, 37.993365585 ], [ 23.759817066, 37.99343609 ], [ 23.759816748, 37.993436476 ], [ 23.759612066, 37.993684494 ], [ 23.759594571, 37.993705692 ], [ 23.759694417, 37.993755467 ], [ 23.759622313, 37.993831141 ], [ 23.759612993, 37.993840923 ], [ 23.759359406, 37.994115296 ], [ 23.75879693, 37.994704485 ], [ 23.758528035, 37.994950005 ], [ 23.758477559, 37.995285158 ], [ 23.758557589, 37.995587358 ], [ 23.758690785, 37.996090313 ], [ 23.758748612, 37.996308672 ], [ 23.758740717, 37.996536736 ], [ 23.758684852, 37.997216245 ], [ 23.758670308, 37.997393146 ], [ 23.758892117, 37.997714477 ], [ 23.759118094, 37.998103385 ], [ 23.7593782, 37.998551027 ], [ 23.759685444, 37.99907982 ], [ 23.759794246, 37.999267023 ], [ 23.759761257, 37.999433494 ], [ 23.759700517, 37.999740005 ], [ 23.759561558, 38.000330062 ], [ 23.759492172, 38.000541722 ], [ 23.759428681, 38.000473996 ], [ 23.75944239, 38.000744409 ], [ 23.759428575, 38.000801287 ], [ 23.759315399, 38.000829771 ], [ 23.759203565, 38.000960228 ], [ 23.759118863, 38.00103527 ], [ 23.758945255, 38.001078851 ], [ 23.758898601, 38.001090562 ], [ 23.759009293, 38.001374421 ], [ 23.75922775, 38.001721443 ], [ 23.759421533, 38.00198836 ], [ 23.759547235, 38.002144812 ], [ 23.759832669, 38.002507906 ], [ 23.759854638, 38.002535852 ], [ 23.759991762, 38.002683271 ], [ 23.760604898, 38.00303604 ], [ 23.761137145, 38.003221886 ], [ 23.761594485, 38.003361069 ], [ 23.761852937, 38.003439724 ], [ 23.761934493, 38.003475051 ], [ 23.762016653, 38.003510641 ], [ 23.762297194, 38.003656852 ], [ 23.762476896, 38.003783395 ], [ 23.762962246, 38.003380694 ], [ 23.763174688, 38.003204426 ], [ 23.763759398, 38.002719273 ], [ 23.764096291, 38.002439738 ], [ 23.76454342, 38.00206873 ], [ 23.764995962, 38.001693226 ], [ 23.765354119, 38.001393052 ], [ 23.765433218, 38.001326758 ], [ 23.765617802, 38.001164772 ], [ 23.765953215, 38.000887083 ], [ 23.766706373, 38.000262376 ], [ 23.767209376, 37.999845152 ] ] ] } },
{ "type": "Feature", "properties": { "zone_id": 16, "year": 2040, "kwh_per_user_cap": 664.23907, "ac_share_cap": 0.84562039321313065, "kwh_pc_overall": 561.69409197954928, "kwh_cap": 8891415.484375 }, "geometry": { "type": "Polygon", "coordinates": [ [ [ 23.750295642, 37.995479874 ], [ 23.750348497, 37.995418788 ], [ 23.75040462, 37.995353926 ], [ 23.750346893, 37.995164533 ], [ 23.750316621, 37.995065328 ], [ 23.75014725, 37.994528704 ], [ 23.750325679, 37.994493032 ], [ 23.750593488, 37.994438681 ], [ 23.751028376, 37.994345809 ], [ 23.751499196, 37.994252168 ], [ 23.751511608, 37.994249691 ], [ 23.751767015, 37.994198659 ], [ 23.75188319, 37.994171929 ], [ 23.752075144, 37.994199628 ], [ 23.75230278, 37.994232477 ], [ 23.752684791, 37.994287599 ], [ 23.752966377, 37.994328231 ], [ 23.753049648, 37.994340246 ], [ 23.753261518, 37.994370817 ], [ 23.753668267, 37.994429506 ], [ 23.753928635, 37.99359934 ], [ 23.753630952, 37.993431979 ], [ 23.753744975, 37.993353943 ], [ 23.75367693, 37.993299589 ], [ 23.753433656, 37.992832212 ], [ 23.753176764, 37.992296362 ], [ 23.753061491, 37.992055912 ], [ 23.752989452, 37.991912043 ], [ 23.752775497, 37.991484349 ], [ 23.75252162, 37.990977725 ], [ 23.752365891, 37.990429416 ], [ 23.752216371, 37.989902956 ], [ 23.752077497, 37.989413981 ], [ 23.751947499, 37.988956251 ], [ 23.751786622, 37.988389783 ], [ 23.751750878, 37.988315952 ], [ 23.75171034, 37.988232218 ], [ 23.75171025, 37.988232034 ], [ 23.751651601, 37.98810573 ], [ 23.751535873, 37.987704413 ], [ 23.751376444, 37.987176825 ], [ 23.751540978, 37.986929319 ], [ 23.751800966, 37.986551328 ], [ 23.75221863, 37.985952853 ], [ 23.751992147, 37.985258386 ], [ 23.751946265, 37.985357431 ], [ 23.751402329, 37.986149414 ], [ 23.750514557, 37.986327791 ], [ 23.749257891, 37.986568466 ], [ 23.748302881, 37.986737671 ], [ 23.747937654, 37.986561138 ], [ 23.747761454, 37.986470632 ], [ 23.747389901, 37.986271552 ], [ 23.746851359, 37.985995502 ], [ 23.745984227, 37.985552003 ], [ 23.745828478, 37.985744363 ], [ 23.745819252, 37.985755757 ], [ 23.745565166, 37.986069567 ], [ 23.745565044, 37.986069718 ], [ 23.745452437, 37.986208792 ], [ 23.745341661, 37.986346647 ], [ 23.745331359, 37.986359468 ], [ 23.745107423, 37.986638141 ], [ 23.74510297, 37.986643683 ], [ 23.744978877, 37.986798108 ], [ 23.744896685, 37.986897071 ], [ 23.744810547, 37.987005038 ], [ 23.744607881, 37.987261465 ], [ 23.744279417, 37.987670836 ], [ 23.74414647, 37.987832778 ], [ 23.743909897, 37.988116168 ], [ 23.743747303, 37.98830959 ], [ 23.743556792, 37.988548016 ], [ 23.743341274, 37.988813425 ], [ 23.743015675, 37.989213786 ], [ 23.742850112, 37.989449985 ], [ 23.742842209, 37.98946126 ], [ 23.742461937, 37.989788787 ], [ 23.741908893, 37.98931501 ], [ 23.74170836, 37.989161351 ], [ 23.741295623, 37.988935123 ], [ 23.740930772, 37.988742837 ], [ 23.740797607, 37.988672654 ], [ 23.740309823, 37.989243894 ], [ 23.740266927, 37.989297877 ], [ 23.740175782, 37.989410336 ], [ 23.739817293, 37.989846667 ], [ 23.739970818, 37.990311168 ], [ 23.739752892, 37.990346737 ], [ 23.739757965, 37.990522499 ], [ 23.739856307, 37.990892243 ], [ 23.739868604, 37.990937335 ], [ 23.739875982, 37.990964389 ], [ 23.739911821, 37.991095155 ], [ 23.740035115, 37.991555083 ], [ 23.740169671, 37.992051086 ], [ 23.740259194, 37.992389125 ], [ 23.740259232, 37.992389266 ], [ 23.740259335, 37.992389308 ], [ 23.740531463, 37.992498021 ], [ 23.740866412, 37.992584381 ], [ 23.741078689, 37.992638926 ], [ 23.741079892, 37.992672388 ], [ 23.741080959, 37.992702021 ], [ 23.74219068, 37.993153306 ], [ 23.742819353, 37.993408958 ], [ 23.742946319, 37.993431939 ], [ 23.743425082, 37.99336883 ], [ 23.744024663, 37.993289792 ], [ 23.744292808, 37.993245311 ], [ 23.744710354, 37.993633771 ], [ 23.744751282, 37.993673562 ], [ 23.744942256, 37.993859232 ], [ 23.744998376, 37.993913793 ], [ 23.745115448, 37.994022201 ], [ 23.745551803, 37.994428724 ], [ 23.745874292, 37.994726845 ], [ 23.745969347, 37.994821685 ], [ 23.746269014, 37.995133275 ], [ 23.7465766, 37.995473862 ], [ 23.746613741, 37.995467798 ], [ 23.746724555, 37.995449706 ], [ 23.747333154, 37.995347368 ], [ 23.747385193, 37.995324947 ], [ 23.747785575, 37.995135791 ], [ 23.748041948, 37.995508423 ], [ 23.748060835, 37.995543162 ], [ 23.74811631, 37.995645194 ], [ 23.748257521, 37.995904913 ], [ 23.748284832, 37.995955145 ], [ 23.748307994, 37.995997743 ], [ 23.748615462, 37.995877366 ], [ 23.749119764, 37.995675654 ], [ 23.749202285, 37.995650879 ], [ 23.749298613, 37.995621959 ], [ 23.749777147, 37.995460746 ], [ 23.749978, 37.995425122 ], [ 23.750295642, 37.995479874 ] ] ] } },
{ "type": "Feature", "properties": { "zone_id": 17, "year": 2040, "kwh_per_user_cap": 857.75317, "ac_share_cap": 0.68646883913276802, "kwh_pc_overall": 588.82080007815512, "kwh_cap": 9190161.265625 }, "geometry": { "type": "Polygon", "coordinates": [ [ [ 23.746673737, 37.956760491 ], [ 23.746510887, 37.956803168 ], [ 23.745965025, 37.956944234 ], [ 23.745713797, 37.957007975 ], [ 23.745631273, 37.956532827 ], [ 23.745579224, 37.956385455 ], [ 23.745290795, 37.955853069 ], [ 23.745021867, 37.955948111 ], [ 23.744647884, 37.956080279 ], [ 23.744150766, 37.956261607 ], [ 23.74376734, 37.956388942 ], [ 23.743444826, 37.956324935 ], [ 23.742936948, 37.956224135 ], [ 23.742405207, 37.956126417 ], [ 23.741927918, 37.956038704 ], [ 23.741020548, 37.955871947 ], [ 23.740392984, 37.955756608 ], [ 23.740116141, 37.955708204 ], [ 23.73999858, 37.955990953 ], [ 23.73984734, 37.956354703 ], [ 23.738718255, 37.956270961 ], [ 23.737466198, 37.956165983 ], [ 23.737141816, 37.956138783 ], [ 23.736677031, 37.956099808 ], [ 23.736158006, 37.956056283 ], [ 23.735736085, 37.9560209 ], [ 23.735873163, 37.955674988 ], [ 23.735829382, 37.95566266 ], [ 23.735479823, 37.955564221 ], [ 23.735473238, 37.955562367 ], [ 23.734873156, 37.955393376 ], [ 23.734786974, 37.955594658 ], [ 23.734734652, 37.955717082 ], [ 23.734632042, 37.955960199 ], [ 23.734590773, 37.956087495 ], [ 23.734549079, 37.9562161 ], [ 23.734407733, 37.956652082 ], [ 23.73440609, 37.956657147 ], [ 23.734374382, 37.95675495 ], [ 23.733309455, 37.956953439 ], [ 23.732687988, 37.957055372 ], [ 23.732421729, 37.957104338 ], [ 23.731847268, 37.957193159 ], [ 23.731720467, 37.957237934 ], [ 23.730970568, 37.957344377 ], [ 23.730137006, 37.957468649 ], [ 23.729946803, 37.957535809 ], [ 23.729872292, 37.957580702 ], [ 23.729695771, 37.957738004 ], [ 23.729645309, 37.957782971 ], [ 23.729683322, 37.957796578 ], [ 23.730042935, 37.957901052 ], [ 23.730552906, 37.958037414 ], [ 23.730672686, 37.958064727 ], [ 23.730674442, 37.958065027 ], [ 23.730747321, 37.958077479 ], [ 23.730806357, 37.958087565 ], [ 23.730863152, 37.958101949 ], [ 23.731560517, 37.958278559 ], [ 23.731637951, 37.958310281 ], [ 23.732111369, 37.958424021 ], [ 23.732111528, 37.958424061 ], [ 23.732322149, 37.958476858 ], [ 23.73289388, 37.958620176 ], [ 23.732909614, 37.958624119 ], [ 23.73291964, 37.958626664 ], [ 23.733497324, 37.958773266 ], [ 23.733564298, 37.958790263 ], [ 23.733644237, 37.958810549 ], [ 23.734208258, 37.958956031 ], [ 23.734268352, 37.959074559 ], [ 23.734933552, 37.959253781 ], [ 23.735461349, 37.959395981 ], [ 23.735682506, 37.959473828 ], [ 23.736016778, 37.959591492 ], [ 23.736201022, 37.959682941 ], [ 23.736593024, 37.959906507 ], [ 23.736598483, 37.95990962 ], [ 23.736698336, 37.959966568 ], [ 23.736699995, 37.959967723 ], [ 23.737013595, 37.96018614 ], [ 23.737214768, 37.960326331 ], [ 23.737190263, 37.960382261 ], [ 23.737478704, 37.960500072 ], [ 23.739136404, 37.961418568 ], [ 23.739305857, 37.961522051 ], [ 23.73936262, 37.961556716 ], [ 23.739444168, 37.961606516 ], [ 23.739462275, 37.961617574 ], [ 23.739794842, 37.96180266 ], [ 23.739995601, 37.961914391 ], [ 23.740015086, 37.961925235 ], [ 23.740111248, 37.96197766 ], [ 23.740660359, 37.962277021 ], [ 23.741608634, 37.962793983 ], [ 23.741895864, 37.962956712 ], [ 23.742425016, 37.963256496 ], [ 23.742455069, 37.963273522 ], [ 23.743420072, 37.963829923 ], [ 23.743442629, 37.963842812 ], [ 23.74350578, 37.963878897 ], [ 23.743843823, 37.964072052 ], [ 23.743865969, 37.964084706 ], [ 23.744243438, 37.964300386 ], [ 23.744473264, 37.964431429 ], [ 23.744473294, 37.964431447 ], [ 23.744473515, 37.964431573 ], [ 23.744555412, 37.964340252 ], [ 23.744610656, 37.964278651 ], [ 23.744617108, 37.964271735 ], [ 23.74481205, 37.964062779 ], [ 23.74495528, 37.963902752 ], [ 23.74517991, 37.963648984 ], [ 23.745496741, 37.963294844 ], [ 23.745853234, 37.962898926 ], [ 23.74629126, 37.962416619 ], [ 23.746512574, 37.962166654 ], [ 23.746603392, 37.962065789 ], [ 23.746520985, 37.962022017 ], [ 23.745986287, 37.96173799 ], [ 23.745525578, 37.961480762 ], [ 23.745051753, 37.961211829 ], [ 23.744550121, 37.960932034 ], [ 23.745416309, 37.95998362 ], [ 23.745921512, 37.959430444 ], [ 23.746461994, 37.958838629 ], [ 23.746701394, 37.958567003 ], [ 23.747306872, 37.957879053 ], [ 23.747703197, 37.957428737 ], [ 23.747552634, 37.957284493 ], [ 23.746934382, 37.956692183 ], [ 23.746673737, 37.956760491 ] ] ] } },
{ "type": "Feature", "properties": { "zone_id": 18, "year": 2040, "kwh_per_user_cap": 651.12219, "ac_share_cap": 0.8981784608128851, "kwh_pc_overall": 584.82391348161559, "kwh_cap": 6314837.091796875 }, "geometry": { "type": "Polygon", "coordinates": [ [ [ 23.770795762, 37.984720735 ], [ 23.770823668, 37.984694872 ], [ 23.770149205, 37.984232005 ], [ 23.769396465, 37.983842708 ], [ 23.76873322, 37.983536835 ], [ 23.768663222, 37.983504567 ], [ 23.768254768, 37.983320765 ], [ 23.768254425, 37.983320612 ], [ 23.766701402, 37.982622587 ], [ 23.766055797, 37.982334712 ], [ 23.764514258, 37.981647318 ], [ 23.763998281, 37.981417228 ], [ 23.763476835, 37.981184697 ], [ 23.762297102, 37.980658598 ], [ 23.761816095, 37.980444089 ], [ 23.761503213, 37.980304554 ], [ 23.761281433, 37.980205647 ], [ 23.761158928, 37.980205694 ], [ 23.760984407, 37.980205762 ], [ 23.760258595, 37.980206038 ], [ 23.759273236, 37.980206121 ], [ 23.758765421, 37.980201712 ], [ 23.758281764, 37.979987343 ], [ 23.757487605, 37.979635344 ], [ 23.75670195, 37.979287106 ], [ 23.756357536, 37.979751638 ], [ 23.756097418, 37.980075562 ], [ 23.756095269, 37.98007795 ], [ 23.756048844, 37.980129538 ], [ 23.755976877, 37.980156428 ], [ 23.755976585, 37.980156537 ], [ 23.755881394, 37.980192281 ], [ 23.754938463, 37.980717376 ], [ 23.754938109, 37.980717572 ], [ 23.754941418, 37.980721021 ], [ 23.755317796, 37.981113349 ], [ 23.755319315, 37.981114932 ], [ 23.755681043, 37.981485211 ], [ 23.756206905, 37.9820451 ], [ 23.756577597, 37.982397369 ], [ 23.756934062, 37.982641453 ], [ 23.757374597, 37.982858671 ], [ 23.757395267, 37.982869255 ], [ 23.758514601, 37.983442347 ], [ 23.758984462, 37.98383537 ], [ 23.759340735, 37.984142537 ], [ 23.759511944, 37.984306822 ], [ 23.759677311, 37.984454546 ], [ 23.760009531, 37.984740785 ], [ 23.760405539, 37.985100073 ], [ 23.760436737, 37.985136188 ], [ 23.760592372, 37.985316762 ], [ 23.760660093, 37.985393509 ], [ 23.761156015, 37.98609752 ], [ 23.761404808, 37.986413475 ], [ 23.76140768, 37.986412912 ], [ 23.762953086, 37.986110169 ], [ 23.763447057, 37.985989489 ], [ 23.763588963, 37.985980123 ], [ 23.763844589, 37.98596325 ], [ 23.763910844, 37.985958876 ], [ 23.763969922, 37.98617981 ], [ 23.765193858, 37.986700499 ], [ 23.765259565, 37.986741188 ], [ 23.765382093, 37.986818041 ], [ 23.765779077, 37.987093725 ], [ 23.766049402, 37.987360142 ], [ 23.766402049, 37.987703331 ], [ 23.766589107, 37.987856921 ], [ 23.766737874, 37.98796537 ], [ 23.767107367, 37.988159879 ], [ 23.767338726, 37.988259478 ], [ 23.768302534, 37.988793139 ], [ 23.769237287, 37.989290684 ], [ 23.769540513, 37.989047625 ], [ 23.770222722, 37.988490469 ], [ 23.770263047, 37.988454496 ], [ 23.770670386, 37.988270527 ], [ 23.770648776, 37.98823894 ], [ 23.770622584, 37.988218399 ], [ 23.77023981, 37.987918186 ], [ 23.769831596, 37.987597557 ], [ 23.769812989, 37.987580193 ], [ 23.769742243, 37.987514178 ], [ 23.769598529, 37.987404189 ], [ 23.769405145, 37.987256183 ], [ 23.769390154, 37.987244468 ], [ 23.769447407, 37.987195607 ], [ 23.769492087, 37.987132604 ], [ 23.769260187, 37.986978931 ], [ 23.768977497, 37.986793613 ], [ 23.768922175, 37.986751318 ], [ 23.768995847, 37.986671572 ], [ 23.770758456, 37.98475531 ], [ 23.770795762, 37.984720735 ] ] ] } },
{ "type": "Feature", "properties": { "zone_id": 19, "year": 2040, "kwh_per_user_cap": 940.94226, "ac_share_cap": 0.54949873658405657, "kwh_pc_overall": 517.04657039311712, "kwh_cap": 10934940.75 }, "geometry": { "type": "Polygon", "coordinates": [ [ [ 23.725475087, 37.955785971 ], [ 23.725520367, 37.9558114 ], [ 23.725555665, 37.955831224 ], [ 23.725622305, 37.955894469 ], [ 23.72613492, 37.956175063 ], [ 23.726181419, 37.95620221 ], [ 23.726306396, 37.956265591 ], [ 23.726353251, 37.956292739 ], [ 23.726749784, 37.95650997 ], [ 23.727489651, 37.956903747 ], [ 23.727853583, 37.957089354 ], [ 23.727962605, 37.957139177 ], [ 23.728061686, 37.95718447 ], [ 23.728241398, 37.957261495 ], [ 23.728606533, 37.957411051 ], [ 23.729645309, 37.957782971 ], [ 23.729695771, 37.957738004 ], [ 23.729872292, 37.957580702 ], [ 23.729946803, 37.957535809 ], [ 23.730137006, 37.957468649 ], [ 23.730970568, 37.957344377 ], [ 23.731720467, 37.957237934 ], [ 23.731847268, 37.957193159 ], [ 23.732421729, 37.957104338 ], [ 23.732687988, 37.957055372 ], [ 23.733309455, 37.956953439 ], [ 23.734374382, 37.95675495 ], [ 23.73440609, 37.956657147 ], [ 23.734407733, 37.956652082 ], [ 23.734549079, 37.9562161 ], [ 23.734590773, 37.956087495 ], [ 23.734632042, 37.955960199 ], [ 23.734734652, 37.955717082 ], [ 23.734786974, 37.955594658 ], [ 23.734873156, 37.955393376 ], [ 23.734061488, 37.955165776 ], [ 23.734050257, 37.955203169 ], [ 23.734011109, 37.955302409 ], [ 23.733983298, 37.955372907 ], [ 23.733790754, 37.955638583 ], [ 23.733789968, 37.955639668 ], [ 23.733547137, 37.955780759 ], [ 23.733321151, 37.955653787 ], [ 23.732309177, 37.955085193 ], [ 23.731227084, 37.954600536 ], [ 23.731158159, 37.954577846 ], [ 23.731054762, 37.954546064 ], [ 23.730885062, 37.954455547 ], [ 23.7308178, 37.954365364 ], [ 23.730522489, 37.954220468 ], [ 23.730476026, 37.95419767 ], [ 23.729917809, 37.954294478 ], [ 23.729860102, 37.954304486 ], [ 23.729839357, 37.954315255 ], [ 23.729652684, 37.954412164 ], [ 23.729562432, 37.954337336 ], [ 23.729526889, 37.954307866 ], [ 23.729320035, 37.954136363 ], [ 23.729289742, 37.954110614 ], [ 23.728891607, 37.95376455 ], [ 23.728858344, 37.953735637 ], [ 23.728855103, 37.95373282 ], [ 23.728572405, 37.953487094 ], [ 23.728538814, 37.953457895 ], [ 23.727542081, 37.952591494 ], [ 23.727476447, 37.952534441 ], [ 23.72681869, 37.952685753 ], [ 23.72661526, 37.952732552 ], [ 23.726612246, 37.952733246 ], [ 23.726480673, 37.95255768 ], [ 23.725634608, 37.951422297 ], [ 23.725404177, 37.951079305 ], [ 23.725173815, 37.950736413 ], [ 23.724948453, 37.95040096 ], [ 23.724848424, 37.950264423 ], [ 23.724816679, 37.950229719 ], [ 23.724612664, 37.950006685 ], [ 23.724530599, 37.949950968 ], [ 23.724331791, 37.949861695 ], [ 23.724027422, 37.949672451 ], [ 23.723732014, 37.949443105 ], [ 23.723468221, 37.949238303 ], [ 23.723199216, 37.94902945 ], [ 23.722949747, 37.948835765 ], [ 23.722020161, 37.949608528 ], [ 23.72168878, 37.949860106 ], [ 23.721104836, 37.950318061 ], [ 23.721104429, 37.95031838 ], [ 23.720181597, 37.951009935 ], [ 23.720076629, 37.951088595 ], [ 23.719317189, 37.951693105 ], [ 23.718635384, 37.952274763 ], [ 23.717917659, 37.952847135 ], [ 23.717800532, 37.95294252 ], [ 23.7171627, 37.95346195 ], [ 23.716980244, 37.953610533 ], [ 23.716550792, 37.953960256 ], [ 23.716176975, 37.954264668 ], [ 23.715738876, 37.954621423 ], [ 23.715725943, 37.954631956 ], [ 23.715033247, 37.955196024 ], [ 23.714917414, 37.955284986 ], [ 23.714872964, 37.955319124 ], [ 23.717549782, 37.957439105 ], [ 23.718454206, 37.958139771 ], [ 23.720338267, 37.959593333 ], [ 23.720338314, 37.959593369 ], [ 23.720382373, 37.95954185 ], [ 23.720471247, 37.959437931 ], [ 23.721505355, 37.958593171 ], [ 23.721967196, 37.958188683 ], [ 23.72212143, 37.958040335 ], [ 23.722982535, 37.957312321 ], [ 23.72322666, 37.957096586 ], [ 23.723388546, 37.956993319 ], [ 23.723432434, 37.95695737 ], [ 23.723792893, 37.956642766 ], [ 23.724125907, 37.956337549 ], [ 23.724150908, 37.956314635 ], [ 23.724269461, 37.956193239 ], [ 23.724920033, 37.955631455 ], [ 23.725063839, 37.955510117 ], [ 23.725065969, 37.955508321 ], [ 23.725475087, 37.955785971 ] ] ] } },
{ "type": "Feature", "properties": { "zone_id": 20, "year": 2040, "kwh_per_user_cap": 792.7373, "ac_share_cap": 0.39446100517332044, "kwh_pc_overall": 312.70394936885867, "kwh_cap": 2522298.4635314941 }, "geometry": { "type": "Polygon", "coordinates": [ [ [ 23.707499201, 37.98853598 ], [ 23.707812142, 37.988234827 ], [ 23.70820832, 37.987852765 ], [ 23.70869385, 37.987371781 ], [ 23.708977121, 37.987102097 ], [ 23.708580333, 37.986740601 ], [ 23.708507864, 37.986674399 ], [ 23.708412003, 37.986586828 ], [ 23.708966505, 37.986215368 ], [ 23.709115534, 37.986115533 ], [ 23.709060165, 37.986060768 ], [ 23.709057744, 37.986058373 ], [ 23.708558297, 37.98556437 ], [ 23.708350228, 37.985356558 ], [ 23.708197553, 37.985035174 ], [ 23.708195309, 37.985030451 ], [ 23.708174475, 37.984986596 ], [ 23.708139084, 37.984919353 ], [ 23.707830109, 37.984332309 ], [ 23.707905963, 37.984048593 ], [ 23.707966512, 37.983854967 ], [ 23.707938083, 37.983689413 ], [ 23.707846514, 37.983156173 ], [ 23.707738331, 37.982529511 ], [ 23.707722071, 37.982412303 ], [ 23.70895944, 37.982027819 ], [ 23.708935144, 37.981979218 ], [ 23.708878239, 37.981865386 ], [ 23.708478691, 37.981039721 ], [ 23.708280281, 37.980642663 ], [ 23.708042643, 37.980177911 ], [ 23.707935754, 37.98003344 ], [ 23.707236361, 37.980347152 ], [ 23.706565785, 37.980660931 ], [ 23.705961533, 37.98093882 ], [ 23.705756349, 37.980370498 ], [ 23.70550858, 37.979693422 ], [ 23.704476825, 37.979862913 ], [ 23.704008925, 37.979998856 ], [ 23.703409942, 37.980268977 ], [ 23.703385261, 37.980213777 ], [ 23.702970807, 37.979286851 ], [ 23.702955744, 37.979253163 ], [ 23.702746776, 37.97867302 ], [ 23.702619958, 37.978420435 ], [ 23.70259499, 37.978370706 ], [ 23.702484676, 37.978124228 ], [ 23.702469801, 37.978090991 ], [ 23.702447004, 37.978034337 ], [ 23.702362705, 37.97782484 ], [ 23.702194491, 37.977450381 ], [ 23.702010289, 37.977036634 ], [ 23.701989619, 37.976990206 ], [ 23.702424562, 37.976869634 ], [ 23.702830035, 37.976821088 ], [ 23.702828987, 37.976786746 ], [ 23.702827835, 37.97674898 ], [ 23.702714459, 37.975658137 ], [ 23.702703332, 37.975539965 ], [ 23.702697057, 37.975473329 ], [ 23.700576174, 37.975621169 ], [ 23.697602123, 37.975748754 ], [ 23.696784816, 37.975782014 ], [ 23.696273311, 37.975800255 ], [ 23.696059785, 37.975807869 ], [ 23.693682602, 37.975891832 ], [ 23.691937408, 37.975959378 ], [ 23.685289378, 37.976339415 ], [ 23.685462225, 37.976623755 ], [ 23.68693771, 37.978424714 ], [ 23.68721338, 37.978675058 ], [ 23.687882555, 37.979282744 ], [ 23.688167542, 37.979541541 ], [ 23.689491571, 37.980826112 ], [ 23.68977839, 37.981190415 ], [ 23.689914941, 37.981433878 ], [ 23.690072132, 37.981607174 ], [ 23.690414832, 37.981984981 ], [ 23.690692844, 37.982458832 ], [ 23.690787986, 37.982620994 ], [ 23.690897232, 37.982807194 ], [ 23.691270715, 37.983240016 ], [ 23.691915037, 37.983804984 ], [ 23.692326412, 37.984166334 ], [ 23.69258434, 37.984462749 ], [ 23.692783901, 37.984692087 ], [ 23.693152223, 37.985088067 ], [ 23.69334998, 37.985391397 ], [ 23.693525982, 37.985661357 ], [ 23.693620508, 37.985864392 ], [ 23.694146415, 37.986792889 ], [ 23.694289874, 37.987322434 ], [ 23.694305254, 37.987379207 ], [ 23.694354868, 37.987459072 ], [ 23.694386384, 37.987509806 ], [ 23.694406734, 37.98754689 ], [ 23.694516527, 37.98774696 ], [ 23.694564933, 37.98787014 ], [ 23.694850425, 37.988596631 ], [ 23.69498972, 37.988980523 ], [ 23.694989748, 37.988980601 ], [ 23.695119998, 37.9893417 ], [ 23.695839793, 37.990699044 ], [ 23.696067819, 37.991101561 ], [ 23.696457548, 37.991649143 ], [ 23.697120313, 37.99258033 ], [ 23.697503621, 37.992971515 ], [ 23.697601818, 37.993041644 ], [ 23.697905719, 37.993068434 ], [ 23.697978639, 37.993074863 ], [ 23.698082243, 37.993115866 ], [ 23.698400159, 37.99340481 ], [ 23.698475103, 37.993472924 ], [ 23.698546776, 37.993516476 ], [ 23.700893404, 37.992073532 ], [ 23.701724794, 37.991511371 ], [ 23.703374594, 37.990395815 ], [ 23.704242146, 37.989798646 ], [ 23.704854138, 37.989385593 ], [ 23.706240075, 37.988422978 ], [ 23.70629751, 37.988383086 ], [ 23.706754804, 37.988065459 ], [ 23.707499201, 37.98853598 ] ] ] } },
{ "type": "Feature", "properties": { "zone_id": 21, "year": 2040, "kwh_per_user_cap": 772.96967, "ac_share_cap": 0.96122229025967654, "kwh_pc_overall": 742.99566688411244, "kwh_cap": 10807100.703125 }, "geometry": { "type": "Polygon", "coordinates": [ [ [ 23.77828007, 37.998054805 ], [ 23.778464635, 37.998303824 ], [ 23.779067395, 37.999117067 ], [ 23.780028395, 37.998540516 ], [ 23.780532924, 37.998239528 ], [ 23.78104458, 37.997934045 ], [ 23.78155303, 37.997628554 ], [ 23.782034715, 37.997345543 ], [ 23.782094587, 37.997310571 ], [ 23.782196224, 37.997251207 ], [ 23.781900031, 37.99703435 ], [ 23.781118928, 37.996510154 ], [ 23.779360363, 37.995438846 ], [ 23.778212462, 37.994760724 ], [ 23.777967461, 37.994570992 ], [ 23.777869913, 37.994462654 ], [ 23.777593591, 37.994155695 ], [ 23.777475006, 37.994060835 ], [ 23.77622388, 37.99316619 ], [ 23.776227165, 37.993139157 ], [ 23.776054939, 37.99301265 ], [ 23.775911459, 37.992913235 ], [ 23.775734252, 37.992786718 ], [ 23.775685439, 37.99280465 ], [ 23.775306073, 37.992565086 ], [ 23.774559048, 37.992216661 ], [ 23.773896714, 37.991990069 ], [ 23.773563467, 37.991917325 ], [ 23.773485583, 37.991899149 ], [ 23.771323246, 37.990962135 ], [ 23.771280281, 37.990930507 ], [ 23.7701243, 37.98992332 ], [ 23.770067756, 37.989969931 ], [ 23.770009767, 37.990017731 ], [ 23.768815086, 37.990466032 ], [ 23.769033411, 37.990980193 ], [ 23.768474783, 37.991184209 ], [ 23.768336326, 37.991627748 ], [ 23.768006689, 37.991766797 ], [ 23.768383514, 37.992353375 ], [ 23.768365591, 37.992393897 ], [ 23.768126078, 37.992506086 ], [ 23.768047767, 37.992510438 ], [ 23.767382319, 37.992824574 ], [ 23.767349534, 37.992838028 ], [ 23.767151586, 37.992860168 ], [ 23.766867226, 37.992972266 ], [ 23.766920994, 37.99307602 ], [ 23.767146987, 37.99352711 ], [ 23.767406564, 37.994050369 ], [ 23.767603195, 37.994447323 ], [ 23.767718835, 37.994681885 ], [ 23.767863599, 37.994987845 ], [ 23.768011223, 37.995299842 ], [ 23.768470285, 37.996224563 ], [ 23.768841686, 37.99695984 ], [ 23.768841769, 37.996960005 ], [ 23.769192592, 37.997650012 ], [ 23.769196623, 37.997726629 ], [ 23.769297371, 37.998060301 ], [ 23.769316392, 37.998123429 ], [ 23.769407451, 37.998141633 ], [ 23.769508021, 37.998191401 ], [ 23.769557138, 37.998191497 ], [ 23.769874533, 37.998561645 ], [ 23.769973496, 37.998669992 ], [ 23.770364725, 37.998990713 ], [ 23.771545746, 37.99988979 ], [ 23.771761648, 38.00005244 ], [ 23.771908843, 38.00010265 ], [ 23.772554853, 38.000224867 ], [ 23.773258281, 38.000357944 ], [ 23.773498305, 38.000403351 ], [ 23.773607403, 38.00042399 ], [ 23.773850815, 38.000448534 ], [ 23.774315252, 38.000550941 ], [ 23.774960605, 38.000678813 ], [ 23.775519213, 38.000293698 ], [ 23.775981553, 37.999974946 ], [ 23.776680523, 37.999493045 ], [ 23.777161435, 37.999161477 ], [ 23.777514982, 37.998918606 ], [ 23.777952069, 37.99865201 ], [ 23.778022355, 37.99860914 ], [ 23.778217261, 37.998136528 ], [ 23.778256857, 37.998023485 ], [ 23.77828007, 37.998054805 ] ] ] } },
{ "type": "Feature", "properties": { "zone_id": 22, "year": 2040, "kwh_per_user_cap": 693.39954, "ac_share_cap": 0.98000002532315544, "kwh_pc_overall": 679.53155305407267, "kwh_cap": 2103858.568359375 }, "geometry": { "type": "Polygon", "coordinates": [ [ [ 23.740342291, 37.974273605 ], [ 23.740174738, 37.97325478 ], [ 23.739810974, 37.971101276 ], [ 23.739800081, 37.971036785 ], [ 23.739679305, 37.970300088 ], [ 23.739678875, 37.970297461 ], [ 23.739733933, 37.970197446 ], [ 23.740080515, 37.97007388 ], [ 23.740135353, 37.970017211 ], [ 23.740198832, 37.969951614 ], [ 23.740426727, 37.970070455 ], [ 23.740476547, 37.970096433 ], [ 23.740526383, 37.970036328 ], [ 23.740602535, 37.969944485 ], [ 23.740692501, 37.969835979 ], [ 23.740748811, 37.969768064 ], [ 23.740841041, 37.969656027 ], [ 23.740911743, 37.969570139 ], [ 23.74096926, 37.969606259 ], [ 23.740972226, 37.969608121 ], [ 23.741016809, 37.969636118 ], [ 23.741264616, 37.969791731 ], [ 23.741287696, 37.969767017 ], [ 23.741348857, 37.969701526 ], [ 23.74135165, 37.969698535 ], [ 23.741369611, 37.969679301 ], [ 23.741432702, 37.969643938 ], [ 23.741664765, 37.969513864 ], [ 23.741713975, 37.969486281 ], [ 23.741721033, 37.969482231 ], [ 23.742128583, 37.969248349 ], [ 23.74267975, 37.968925092 ], [ 23.74270307, 37.968901474 ], [ 23.742722188, 37.968861688 ], [ 23.742806756, 37.968489222 ], [ 23.742816576, 37.968253932 ], [ 23.74281905, 37.968236478 ], [ 23.742819476, 37.968233472 ], [ 23.742908318, 37.967606459 ], [ 23.742909846, 37.967595673 ], [ 23.742921261, 37.967515104 ], [ 23.742892383, 37.967500732 ], [ 23.742031247, 37.967072175 ], [ 23.741176751, 37.966646043 ], [ 23.741068146, 37.966672842 ], [ 23.741001425, 37.966697236 ], [ 23.740997476, 37.966698679 ], [ 23.740625589, 37.966834641 ], [ 23.740602556, 37.966843061 ], [ 23.740324013, 37.966937082 ], [ 23.739946734, 37.966882171 ], [ 23.739569455, 37.96682726 ], [ 23.739379144, 37.966824722 ], [ 23.739164252, 37.966821856 ], [ 23.739021233, 37.966821538 ], [ 23.738611888, 37.966780072 ], [ 23.738534703, 37.966775394 ], [ 23.73842856, 37.966910351 ], [ 23.738421917, 37.966909127 ], [ 23.73840975, 37.966906885 ], [ 23.73840469, 37.966905953 ], [ 23.738230524, 37.966873859 ], [ 23.738218263, 37.96689956 ], [ 23.738215806, 37.966904711 ], [ 23.737974956, 37.967409557 ], [ 23.737721885, 37.967925886 ], [ 23.737603923, 37.968166554 ], [ 23.73759773, 37.968179189 ], [ 23.737557024, 37.968262239 ], [ 23.737491009, 37.968210733 ], [ 23.7373327, 37.968145899 ], [ 23.736825652, 37.967985864 ], [ 23.736572987, 37.967914873 ], [ 23.736318458, 37.96786728 ], [ 23.736091692, 37.967829925 ], [ 23.735781954, 37.967810806 ], [ 23.735307947, 37.967767136 ], [ 23.735058121, 37.967671003 ], [ 23.734825894, 37.967534608 ], [ 23.734569119, 37.967316299 ], [ 23.734435883, 37.967266428 ], [ 23.734197761, 37.967198293 ], [ 23.73390506, 37.967172122 ], [ 23.733615767, 37.967131166 ], [ 23.733492403, 37.967115799 ], [ 23.733490461, 37.967167643 ], [ 23.733490451, 37.967167913 ], [ 23.733487855, 37.967237245 ], [ 23.733487831, 37.9672379 ], [ 23.733485493, 37.96730033 ], [ 23.733346668, 37.967615466 ], [ 23.733289598, 37.967655895 ], [ 23.731903917, 37.968324205 ], [ 23.731698728, 37.96839584 ], [ 23.731618467, 37.968410681 ], [ 23.731664137, 37.968484809 ], [ 23.731699564, 37.969692082 ], [ 23.731692482, 37.969936441 ], [ 23.731701871, 37.970053643 ], [ 23.731732356, 37.970157088 ], [ 23.731806706, 37.970265705 ], [ 23.732044628, 37.970428702 ], [ 23.732354005, 37.9705164 ], [ 23.732614749, 37.970634491 ], [ 23.732855338, 37.970826848 ], [ 23.732898272, 37.970875658 ], [ 23.733876644, 37.971987912 ], [ 23.733931587, 37.972076235 ], [ 23.734124157, 37.972318901 ], [ 23.734816047, 37.973086135 ], [ 23.735082196, 37.973409709 ], [ 23.735158951, 37.973583898 ], [ 23.735310481, 37.973993525 ], [ 23.735450726, 37.974788715 ], [ 23.735612541, 37.974766141 ], [ 23.735728102, 37.97475002 ], [ 23.736308386, 37.974673334 ], [ 23.736308369, 37.974673251 ], [ 23.736305663, 37.974659476 ], [ 23.736434844, 37.974642334 ], [ 23.736437193, 37.974642022 ], [ 23.736447378, 37.974686926 ], [ 23.736447584, 37.974687829 ], [ 23.737364504, 37.974561837 ], [ 23.737366425, 37.974561573 ], [ 23.737565503, 37.974534217 ], [ 23.737566337, 37.974534102 ], [ 23.737567817, 37.974533899 ], [ 23.737803564, 37.975608025 ], [ 23.737803771, 37.975608969 ], [ 23.737967118, 37.97558793 ], [ 23.737969277, 37.975587652 ], [ 23.738020935, 37.975807422 ], [ 23.73802096, 37.975807532 ], [ 23.738051266, 37.975956084 ], [ 23.738416213, 37.975905174 ], [ 23.739086169, 37.975816533 ], [ 23.739103861, 37.975814197 ], [ 23.740563483, 37.975621517 ], [ 23.740563295, 37.975620367 ], [ 23.740464543, 37.975021943 ], [ 23.740342291, 37.974273605 ] ] ] } },
{ "type": "Feature", "properties": { "zone_id": 23, "year": 2040, "kwh_per_user_cap": 993.60217, "ac_share_cap": 0.98000002020277865, "kwh_pc_overall": 973.73016424372577, "kwh_cap": 9965219.8349609375 }, "geometry": { "type": "Polygon", "coordinates": [ [ [ 23.759420104, 37.975282194 ], [ 23.759421278, 37.975284783 ], [ 23.759421445, 37.975284725 ], [ 23.759456006, 37.975272802 ], [ 23.759514168, 37.975252738 ], [ 23.760422032, 37.974939544 ], [ 23.760479817, 37.974919609 ], [ 23.760480048, 37.974919524 ], [ 23.760512684, 37.97490674 ], [ 23.760743371, 37.974833318 ], [ 23.76079365, 37.974738026 ], [ 23.760964649, 37.97441394 ], [ 23.761189622, 37.974495669 ], [ 23.76119048, 37.97449598 ], [ 23.761324303, 37.974544595 ], [ 23.761420702, 37.974579615 ], [ 23.761590946, 37.974509799 ], [ 23.761734922, 37.97360746 ], [ 23.761741755, 37.973564637 ], [ 23.763249254, 37.972832066 ], [ 23.763543143, 37.973201819 ], [ 23.763757288, 37.97347124 ], [ 23.765659897, 37.972544679 ], [ 23.766767486, 37.972005264 ], [ 23.767349106, 37.971721998 ], [ 23.767406671, 37.971693962 ], [ 23.76740657, 37.971692417 ], [ 23.767305852, 37.970157066 ], [ 23.767311696, 37.970155247 ], [ 23.769075126, 37.96960626 ], [ 23.76936829, 37.969606835 ], [ 23.769953937, 37.969425924 ], [ 23.770107609, 37.969378454 ], [ 23.770472508, 37.969307063 ], [ 23.771342734, 37.96913295 ], [ 23.774222971, 37.968530971 ], [ 23.77438694, 37.968333296 ], [ 23.774394077, 37.968324692 ], [ 23.774404747, 37.968311829 ], [ 23.774756033, 37.967888328 ], [ 23.775318601, 37.967216789 ], [ 23.775373092, 37.967144402 ], [ 23.776271926, 37.966060739 ], [ 23.77627203, 37.966060613 ], [ 23.774547026, 37.966975904 ], [ 23.774514115, 37.966993366 ], [ 23.77413575, 37.967194121 ], [ 23.773981309, 37.967276065 ], [ 23.773868205, 37.967336075 ], [ 23.769213063, 37.968998981 ], [ 23.767237762, 37.969704518 ], [ 23.767189847, 37.969721632 ], [ 23.76535111, 37.970378347 ], [ 23.765346423, 37.970380021 ], [ 23.764313248, 37.970855861 ], [ 23.759424567, 37.973107192 ], [ 23.759363211, 37.973135441 ], [ 23.759144059, 37.972900669 ], [ 23.758966137, 37.972679496 ], [ 23.758781029, 37.972480842 ], [ 23.758356021, 37.972103314 ], [ 23.757845531, 37.971830048 ], [ 23.757306158, 37.971912229 ], [ 23.756573104, 37.972014533 ], [ 23.756064595, 37.972069702 ], [ 23.754159404, 37.972286124 ], [ 23.753486287, 37.972974312 ], [ 23.75348588, 37.972974728 ], [ 23.753484006, 37.972976645 ], [ 23.752419242, 37.972350957 ], [ 23.751487145, 37.973450466 ], [ 23.751398527, 37.973458544 ], [ 23.750920936, 37.97350048 ], [ 23.75023755, 37.973560481 ], [ 23.749443499, 37.973635401 ], [ 23.748681453, 37.973714892 ], [ 23.747914084, 37.973789859 ], [ 23.746901413, 37.973890225 ], [ 23.746550543, 37.973922123 ], [ 23.746550153, 37.973923174 ], [ 23.746501942, 37.974053025 ], [ 23.746453577, 37.974183287 ], [ 23.746453604, 37.974183307 ], [ 23.74645557, 37.974184688 ], [ 23.747074726, 37.97461972 ], [ 23.747722231, 37.975052346 ], [ 23.749388444, 37.976190351 ], [ 23.749484977, 37.976249517 ], [ 23.749515323, 37.976268115 ], [ 23.750568879, 37.976978592 ], [ 23.750607416, 37.97700458 ], [ 23.750928603, 37.977221172 ], [ 23.751245278, 37.977433644 ], [ 23.751337164, 37.977503284 ], [ 23.751705794, 37.977782668 ], [ 23.751811724, 37.977862952 ], [ 23.752095191, 37.978111403 ], [ 23.753400834, 37.979245263 ], [ 23.753909261, 37.979687958 ], [ 23.754302289, 37.980058307 ], [ 23.754938109, 37.980717572 ], [ 23.754938463, 37.980717376 ], [ 23.755881394, 37.980192281 ], [ 23.755976585, 37.980156537 ], [ 23.755976877, 37.980156428 ], [ 23.756048844, 37.980129538 ], [ 23.756095269, 37.98007795 ], [ 23.756097418, 37.980075562 ], [ 23.756357536, 37.979751638 ], [ 23.75670195, 37.979287106 ], [ 23.75681227, 37.979137456 ], [ 23.757199814, 37.978614769 ], [ 23.75767655, 37.977968614 ], [ 23.75765622, 37.977917871 ], [ 23.757691583, 37.977846425 ], [ 23.758183979, 37.97767005 ], [ 23.758948032, 37.977272576 ], [ 23.758949142, 37.977271999 ], [ 23.758947044, 37.977270001 ], [ 23.758219669, 37.976576697 ], [ 23.757893695, 37.976265987 ], [ 23.757558898, 37.975946865 ], [ 23.757558181, 37.975946181 ], [ 23.75755857, 37.975946028 ], [ 23.757640942, 37.975913487 ], [ 23.758288801, 37.975681834 ], [ 23.757996624, 37.975148442 ], [ 23.75799648, 37.975148177 ], [ 23.759204655, 37.974806173 ], [ 23.759420104, 37.975282194 ] ] ] } },
{ "type": "Feature", "properties": { "zone_id": 24, "year": 2040, "kwh_per_user_cap": 775.70807, "ac_share_cap": 0.44209027317904959, "kwh_pc_overall": 342.93298121384942, "kwh_cap": 4887904.17578125 }, "geometry": { "type": "Polygon", "coordinates": [ [ [ 23.721974422, 37.978642903 ], [ 23.721975093, 37.978643428 ], [ 23.721985494, 37.978636506 ], [ 23.722447393, 37.978329093 ], [ 23.722050755, 37.978111848 ], [ 23.722623901, 37.977637841 ], [ 23.722197332, 37.97733217 ], [ 23.722180708, 37.977252147 ], [ 23.722180526, 37.97725127 ], [ 23.722179676, 37.977247181 ], [ 23.722179621, 37.977246917 ], [ 23.722412958, 37.977216284 ], [ 23.722415646, 37.977215929 ], [ 23.722402035, 37.977148159 ], [ 23.722400568, 37.977140855 ], [ 23.722391197, 37.977094198 ], [ 23.722358529, 37.977062502 ], [ 23.72235773, 37.977061726 ], [ 23.722041993, 37.976755391 ], [ 23.721873041, 37.976564825 ], [ 23.721865715, 37.976556562 ], [ 23.721841808, 37.976529596 ], [ 23.721839663, 37.976530895 ], [ 23.721537956, 37.976713641 ], [ 23.721537368, 37.976712997 ], [ 23.721523683, 37.976698025 ], [ 23.721463745, 37.976632449 ], [ 23.721463175, 37.976631825 ], [ 23.721430758, 37.976596359 ], [ 23.721302667, 37.976456217 ], [ 23.721070046, 37.976433812 ], [ 23.720966898, 37.976423876 ], [ 23.720964774, 37.97642463 ], [ 23.720820039, 37.976467895 ], [ 23.720786323, 37.976477973 ], [ 23.720785916, 37.976478095 ], [ 23.720651074, 37.976518402 ], [ 23.720648025, 37.976519313 ], [ 23.720397904, 37.976594078 ], [ 23.719386947, 37.976921186 ], [ 23.71933939, 37.976950845 ], [ 23.719262879, 37.976998561 ], [ 23.719197984, 37.977023529 ], [ 23.719148813, 37.977041437 ], [ 23.718890858, 37.97713095 ], [ 23.718742718, 37.977162141 ], [ 23.71859495, 37.977188826 ], [ 23.718538002, 37.977193196 ], [ 23.718333373, 37.977201719 ], [ 23.718128405, 37.977205735 ], [ 23.71798784, 37.977209904 ], [ 23.717847631, 37.977214075 ], [ 23.717759371, 37.977218369 ], [ 23.717528463, 37.977213309 ], [ 23.717366009, 37.977212918 ], [ 23.717332051, 37.977212837 ], [ 23.717297871, 37.977211724 ], [ 23.717296637, 37.977211684 ], [ 23.716883773, 37.977198239 ], [ 23.716787417, 37.977179982 ], [ 23.716529483, 37.977170348 ], [ 23.716225772, 37.977129058 ], [ 23.716077127, 37.977106167 ], [ 23.715326467, 37.976847411 ], [ 23.715319992, 37.976845178 ], [ 23.715023881, 37.976743105 ], [ 23.714466281, 37.976475874 ], [ 23.714069835, 37.976218044 ], [ 23.714064737, 37.976214917 ], [ 23.713937076, 37.976136606 ], [ 23.713709198, 37.975901717 ], [ 23.713614565, 37.975806851 ], [ 23.713167496, 37.975301042 ], [ 23.71292352, 37.974998516 ], [ 23.712580053, 37.974479437 ], [ 23.712164193, 37.973730352 ], [ 23.711923245, 37.973292639 ], [ 23.711742719, 37.972963227 ], [ 23.711574185, 37.972660883 ], [ 23.711330772, 37.972218655 ], [ 23.710922409, 37.971469584 ], [ 23.710525368, 37.970738565 ], [ 23.710377279, 37.970471101 ], [ 23.710317991, 37.97036402 ], [ 23.710114419, 37.969991248 ], [ 23.71011099, 37.96998497 ], [ 23.709956275, 37.969700683 ], [ 23.709847457, 37.969506638 ], [ 23.709689203, 37.969217835 ], [ 23.709545431, 37.968956107 ], [ 23.70927518, 37.968468745 ], [ 23.708992215, 37.967958817 ], [ 23.708711299, 37.967471427 ], [ 23.708364765, 37.966844173 ], [ 23.708321684, 37.966762951 ], [ 23.708087505, 37.966334258 ], [ 23.707964306, 37.966180734 ], [ 23.707657287, 37.965819456 ], [ 23.707058646, 37.965164533 ], [ 23.706580521, 37.964712698 ], [ 23.706529846, 37.964663 ], [ 23.706445836, 37.964586181 ], [ 23.706388169, 37.964633656 ], [ 23.706340058, 37.964673257 ], [ 23.706322623, 37.964687608 ], [ 23.706239068, 37.964756384 ], [ 23.706183849, 37.964801836 ], [ 23.705897493, 37.964972366 ], [ 23.705524097, 37.96520126 ], [ 23.705343966, 37.965310781 ], [ 23.704815472, 37.965632102 ], [ 23.704247354, 37.965977671 ], [ 23.703570486, 37.966381547 ], [ 23.703570426, 37.966381583 ], [ 23.702622556, 37.966951473 ], [ 23.702166017, 37.967220345 ], [ 23.702138113, 37.967236778 ], [ 23.702058741, 37.967283523 ], [ 23.701289823, 37.967745736 ], [ 23.700819353, 37.968041965 ], [ 23.69954886, 37.96883186 ], [ 23.69980081, 37.969008248 ], [ 23.699926077, 37.969095947 ], [ 23.700768406, 37.969440634 ], [ 23.701818651, 37.969769926 ], [ 23.702110743, 37.969887604 ], [ 23.702312163, 37.969986977 ], [ 23.702469372, 37.970084905 ], [ 23.702767617, 37.970282146 ], [ 23.702808701, 37.970309317 ], [ 23.70366004, 37.970872328 ], [ 23.704225786, 37.971247172 ], [ 23.70510239, 37.971826156 ], [ 23.705560646, 37.972129194 ], [ 23.705561206, 37.972129564 ], [ 23.705993271, 37.972415277 ], [ 23.707080781, 37.973134401 ], [ 23.707524658, 37.973443523 ], [ 23.707569692, 37.973473023 ], [ 23.707646823, 37.973523547 ], [ 23.707682626, 37.973548293 ], [ 23.708199728, 37.973905708 ], [ 23.708965871, 37.974451138 ], [ 23.7096031, 37.974902881 ], [ 23.710613718, 37.975574409 ], [ 23.711132297, 37.975911166 ], [ 23.711483396, 37.976155539 ], [ 23.712033378, 37.976473391 ], [ 23.712566212, 37.976732038 ], [ 23.713455697, 37.977154393 ], [ 23.713463176, 37.977157945 ], [ 23.714348415, 37.977578271 ], [ 23.714511846, 37.977653064 ], [ 23.715252712, 37.977992114 ], [ 23.71584833, 37.978433928 ], [ 23.716003611, 37.97854911 ], [ 23.716726608, 37.979073722 ], [ 23.716861993, 37.979133927 ], [ 23.717819044, 37.979559524 ], [ 23.718226623, 37.979740769 ], [ 23.718238579, 37.979746085 ], [ 23.719347198, 37.980239059 ], [ 23.719350884, 37.980240699 ], [ 23.72070908, 37.980844063 ], [ 23.720741456, 37.980799086 ], [ 23.721232608, 37.980115273 ], [ 23.721525905, 37.979714896 ], [ 23.721542799, 37.979669871 ], [ 23.721566862, 37.979611345 ], [ 23.721722802, 37.979399912 ], [ 23.721811726, 37.9793145 ], [ 23.721131771, 37.978740573 ], [ 23.721466215, 37.97824742 ], [ 23.721467408, 37.978245661 ], [ 23.721974422, 37.978642903 ] ] ] } },
{ "type": "Feature", "properties": { "zone_id": 25, "year": 2040, "kwh_per_user_cap": 730.65906, "ac_share_cap": 0.5856096781712522, "kwh_pc_overall": 427.88101284209898, "kwh_cap": 1774952.8583984375 }, "geometry": { "type": "Polygon", "coordinates": [ [ [ 23.713080664, 38.004646646 ], [ 23.713503123, 38.004652182 ], [ 23.714205412, 38.004653891 ], [ 23.715200257, 38.004665317 ], [ 23.715921446, 38.004658048 ], [ 23.715893318, 38.004567852 ], [ 23.715760567, 38.004378262 ], [ 23.715492577, 38.003999076 ], [ 23.715280871, 38.00370114 ], [ 23.715083368, 38.003412252 ], [ 23.714474839, 38.002550051 ], [ 23.715005503, 38.002470223 ], [ 23.715859549, 38.002341604 ], [ 23.715554558, 38.001867693 ], [ 23.715125031, 38.001199704 ], [ 23.714893986, 38.000843138 ], [ 23.714609172, 38.000400819 ], [ 23.714458064, 38.000175131 ], [ 23.714328225, 37.999972027 ], [ 23.713946473, 37.999380759 ], [ 23.71362773, 37.998879771 ], [ 23.713343323, 37.998428437 ], [ 23.712939037, 37.997778527 ], [ 23.712879281, 37.997676213 ], [ 23.71266259, 37.997295666 ], [ 23.712540948, 37.99709258 ], [ 23.712380401, 37.996826309 ], [ 23.712252033, 37.996614193 ], [ 23.712012456, 37.996219684 ], [ 23.712010852, 37.996217038 ], [ 23.711951895, 37.996185349 ], [ 23.711232104, 37.996764912 ], [ 23.710455837, 37.997402914 ], [ 23.709621667, 37.998099352 ], [ 23.708710763, 37.998845165 ], [ 23.70831581, 37.999173154 ], [ 23.707437002, 37.999896504 ], [ 23.706524201, 38.00066032 ], [ 23.705764109, 38.001276848 ], [ 23.705743243, 38.001293773 ], [ 23.705551821, 38.00144318 ], [ 23.705419811, 38.001546216 ], [ 23.705403687, 38.001558801 ], [ 23.706360113, 38.002124118 ], [ 23.706399035, 38.002147123 ], [ 23.706419626, 38.002160694 ], [ 23.707052701, 38.002644459 ], [ 23.707704824, 38.003173331 ], [ 23.708960657, 38.00414983 ], [ 23.70937434, 38.004403212 ], [ 23.709769099, 38.004604357 ], [ 23.709880909, 38.004661328 ], [ 23.709966621, 38.004660803 ], [ 23.710208399, 38.004659323 ], [ 23.71242251, 38.004645741 ], [ 23.712504347, 38.004645238 ], [ 23.713080664, 38.004646646 ] ] ] } },
{ "type": "Feature", "properties": { "zone_id": 26, "year": 2040, "kwh_per_user_cap": 745.96204, "ac_share_cap": 0.98000001917151547, "kwh_pc_overall": 731.04278892687921, "kwh_cap": 11671786.94140625 }, "geometry": { "type": "Polygon", "coordinates": [ [ [ 23.75261605, 37.98311464 ], [ 23.752895509, 37.982867373 ], [ 23.753059651, 37.982732525 ], [ 23.753293127, 37.982507693 ], [ 23.754113864, 37.981928082 ], [ 23.755058805, 37.981339711 ], [ 23.755184596, 37.981233729 ], [ 23.755212113, 37.981209464 ], [ 23.755227244, 37.981196122 ], [ 23.755319315, 37.981114932 ], [ 23.755317796, 37.981113349 ], [ 23.754941418, 37.980721021 ], [ 23.754938109, 37.980717572 ], [ 23.754302289, 37.980058307 ], [ 23.753909261, 37.979687958 ], [ 23.753400834, 37.979245263 ], [ 23.752095191, 37.978111403 ], [ 23.751811724, 37.977862952 ], [ 23.751705794, 37.977782668 ], [ 23.751337164, 37.977503284 ], [ 23.751245278, 37.977433644 ], [ 23.750928603, 37.977221172 ], [ 23.750607416, 37.97700458 ], [ 23.750568879, 37.976978592 ], [ 23.749515323, 37.976268115 ], [ 23.749484977, 37.976249517 ], [ 23.749388444, 37.976190351 ], [ 23.747722231, 37.975052346 ], [ 23.747074726, 37.97461972 ], [ 23.74645557, 37.974184688 ], [ 23.746453604, 37.974183307 ], [ 23.746453577, 37.974183287 ], [ 23.746418356, 37.974278278 ], [ 23.746393354, 37.974345708 ], [ 23.745817985, 37.975897432 ], [ 23.745808377, 37.975923343 ], [ 23.745797417, 37.9759529 ], [ 23.745783355, 37.975949587 ], [ 23.74436892, 37.975616329 ], [ 23.743433909, 37.975393478 ], [ 23.743122131, 37.975316188 ], [ 23.743006817, 37.975324949 ], [ 23.742752522, 37.975346111 ], [ 23.742584702, 37.975360078 ], [ 23.742030811, 37.975430967 ], [ 23.741176118, 37.975541751 ], [ 23.740563483, 37.975621517 ], [ 23.739103861, 37.975814197 ], [ 23.739086169, 37.975816533 ], [ 23.738416213, 37.975905174 ], [ 23.738051266, 37.975956084 ], [ 23.737921569, 37.975974177 ], [ 23.737885414, 37.97597922 ], [ 23.737721531, 37.976002081 ], [ 23.737621285, 37.976016064 ], [ 23.737212241, 37.976066378 ], [ 23.736793652, 37.976117863 ], [ 23.736344407, 37.976175441 ], [ 23.736264714, 37.976181639 ], [ 23.736165911, 37.976189323 ], [ 23.736119113, 37.976192962 ], [ 23.735862233, 37.976187879 ], [ 23.73571928, 37.976111758 ], [ 23.735636972, 37.97606793 ], [ 23.735615767, 37.976056638 ], [ 23.735787547, 37.976872689 ], [ 23.735512744, 37.977201041 ], [ 23.734861688, 37.977965669 ], [ 23.734854151, 37.978082819 ], [ 23.734347325, 37.978679554 ], [ 23.733800382, 37.97932351 ], [ 23.734855676, 37.979922523 ], [ 23.735240857, 37.980141157 ], [ 23.735417967, 37.980241686 ], [ 23.736349854, 37.980770624 ], [ 23.736448992, 37.980826895 ], [ 23.736641677, 37.98093626 ], [ 23.736789704, 37.981020279 ], [ 23.736965296, 37.981119941 ], [ 23.737306186, 37.981313423 ], [ 23.737987392, 37.981700055 ], [ 23.738502225, 37.981992252 ], [ 23.73910247, 37.982332921 ], [ 23.739253689, 37.982418744 ], [ 23.739536147, 37.982261733 ], [ 23.740003312, 37.982010401 ], [ 23.740414134, 37.981556159 ], [ 23.740380591, 37.981380335 ], [ 23.740371484, 37.981339757 ], [ 23.740420433, 37.981182139 ], [ 23.740529131, 37.981033667 ], [ 23.740538289, 37.981021248 ], [ 23.740899208, 37.980532023 ], [ 23.741195479, 37.980160887 ], [ 23.741486313, 37.979823545 ], [ 23.741584497, 37.979772632 ], [ 23.741657114, 37.979734977 ], [ 23.741737276, 37.979693409 ], [ 23.742119371, 37.979574295 ], [ 23.74229691, 37.979578713 ], [ 23.742319443, 37.979616436 ], [ 23.7423203, 37.97961787 ], [ 23.742476755, 37.979879794 ], [ 23.742712112, 37.979938893 ], [ 23.742764187, 37.979950929 ], [ 23.742772099, 37.979952758 ], [ 23.743763743, 37.980181958 ], [ 23.74418835, 37.980280095 ], [ 23.744051185, 37.980635804 ], [ 23.744613986, 37.980776727 ], [ 23.744499275, 37.981019825 ], [ 23.744524217, 37.981034417 ], [ 23.745140979, 37.981395251 ], [ 23.745130225, 37.98141776 ], [ 23.74518024, 37.98156658 ], [ 23.745355996, 37.981647138 ], [ 23.74567088, 37.981791462 ], [ 23.745751327, 37.981828334 ], [ 23.745940895, 37.981915221 ], [ 23.746109702, 37.981978675 ], [ 23.746149363, 37.981878466 ], [ 23.746149388, 37.981878402 ], [ 23.746259391, 37.981600458 ], [ 23.746409821, 37.98121323 ], [ 23.746722551, 37.98087007 ], [ 23.746977682, 37.980590111 ], [ 23.746987747, 37.980579067 ], [ 23.747162907, 37.980631007 ], [ 23.747264679, 37.980552624 ], [ 23.747372373, 37.980277963 ], [ 23.747744915, 37.980386917 ], [ 23.747905938, 37.980436833 ], [ 23.748726232, 37.980618845 ], [ 23.748642956, 37.980830469 ], [ 23.7485525, 37.981060104 ], [ 23.74883928, 37.981277025 ], [ 23.749029996, 37.981385587 ], [ 23.749966438, 37.981833749 ], [ 23.750847853, 37.982255564 ], [ 23.751290561, 37.982467425 ], [ 23.751483054, 37.983351632 ], [ 23.751654489, 37.9832914 ], [ 23.751854189, 37.983216683 ], [ 23.752430972, 37.983019615 ], [ 23.75261605, 37.98311464 ] ] ] } },
{ "type": "Feature", "properties": { "zone_id": 27, "year": 2040, "kwh_per_user_cap": 887.97449, "ac_share_cap": 0.45778447580532089, "kwh_pc_overall": 406.50094631371792, "kwh_cap": 6699887.3515625 }, "geometry": { "type": "Polygon", "coordinates": [ [ [ 23.717904265, 37.987331141 ], [ 23.717876277, 37.987306778 ], [ 23.71784716, 37.987281433 ], [ 23.717778145, 37.987222633 ], [ 23.717514266, 37.98760059 ], [ 23.716687957, 37.98722457 ], [ 23.716637695, 37.98720178 ], [ 23.716629941, 37.987198265 ], [ 23.715708438, 37.98678045 ], [ 23.715695674, 37.986774662 ], [ 23.715668752, 37.986762455 ], [ 23.715364954, 37.987194337 ], [ 23.715108387, 37.987558736 ], [ 23.71487258, 37.98789164 ], [ 23.714810007, 37.987968098 ], [ 23.714446522, 37.988462922 ], [ 23.714300202, 37.98866085 ], [ 23.714145288, 37.988872275 ], [ 23.714011135, 37.989052206 ], [ 23.713928255, 37.989163424 ], [ 23.713776421, 37.989376097 ], [ 23.713509874, 37.989740469 ], [ 23.713437193, 37.989852952 ], [ 23.713268219, 37.990109406 ], [ 23.71306397, 37.990409265 ], [ 23.712856247, 37.990712262 ], [ 23.712530532, 37.991189147 ], [ 23.712288207, 37.991544561 ], [ 23.712104, 37.991821275 ], [ 23.712078846, 37.991859061 ], [ 23.71207556, 37.991863997 ], [ 23.712563864, 37.992072058 ], [ 23.712596785, 37.992086086 ], [ 23.713118709, 37.992312681 ], [ 23.713947562, 37.992679743 ], [ 23.713718627, 37.99304133 ], [ 23.713580429, 37.993287193 ], [ 23.713392485, 37.993660768 ], [ 23.713201692, 37.994034336 ], [ 23.713164735, 37.994110855 ], [ 23.712985293, 37.994493463 ], [ 23.7129721, 37.9946827 ], [ 23.712834538, 37.994912191 ], [ 23.712412487, 37.995627681 ], [ 23.712343696, 37.995744679 ], [ 23.712063326, 37.996086481 ], [ 23.712012914, 37.996144941 ], [ 23.711952609, 37.996184877 ], [ 23.711951895, 37.996185349 ], [ 23.712010852, 37.996217038 ], [ 23.712012456, 37.996219684 ], [ 23.712252033, 37.996614193 ], [ 23.712380401, 37.996826309 ], [ 23.712540948, 37.99709258 ], [ 23.71266259, 37.997295666 ], [ 23.712879281, 37.997676213 ], [ 23.712939037, 37.997778527 ], [ 23.713343323, 37.998428437 ], [ 23.71362773, 37.998879771 ], [ 23.713633124, 37.99887921 ], [ 23.714347345, 37.998804912 ], [ 23.714972266, 37.998734326 ], [ 23.715033502, 37.998729968 ], [ 23.71539563, 37.998690287 ], [ 23.715677286, 37.998659423 ], [ 23.716341356, 37.998588924 ], [ 23.716842361, 37.998531548 ], [ 23.717608629, 37.998447768 ], [ 23.718341779, 37.998368411 ], [ 23.718768698, 37.998324368 ], [ 23.719194549, 37.998280322 ], [ 23.720158094, 37.998169958 ], [ 23.720146391, 37.997971648 ], [ 23.72012671, 37.997624607 ], [ 23.720093855, 37.996998137 ], [ 23.720056391, 37.996367149 ], [ 23.720040673, 37.996101233 ], [ 23.720018639, 37.995718135 ], [ 23.719992252, 37.995262924 ], [ 23.719955518, 37.994627432 ], [ 23.719908254, 37.993766593 ], [ 23.71983285, 37.993473496 ], [ 23.719746551, 37.993144322 ], [ 23.719616723, 37.992657319 ], [ 23.719258608, 37.991372135 ], [ 23.719146948, 37.990975304 ], [ 23.719051149, 37.990619068 ], [ 23.719035697, 37.990564954 ], [ 23.718922685, 37.990150093 ], [ 23.718860988, 37.989936103 ], [ 23.718690631, 37.98931585 ], [ 23.718434499, 37.988265241 ], [ 23.718209675, 37.98824217 ], [ 23.718322795, 37.987821968 ], [ 23.718355158, 37.987701748 ], [ 23.717952151, 37.987371813 ], [ 23.717904265, 37.987331141 ] ] ] } },
{ "type": "Feature", "properties": { "zone_id": 28, "year": 2040, "kwh_per_user_cap": 858.76257, "ac_share_cap": 0.98000002572381351, "kwh_pc_overall": 841.58734184133391, "kwh_cap": 9949269.8515625 }, "geometry": { "type": "Polygon", "coordinates": [ [ [ 23.76017623, 37.993019565 ], [ 23.760382351, 37.992775796 ], [ 23.760386758, 37.992770584 ], [ 23.760406293, 37.99274748 ], [ 23.760606013, 37.992509047 ], [ 23.760761798, 37.992320094 ], [ 23.760779412, 37.992266053 ], [ 23.760794792, 37.992221566 ], [ 23.760821446, 37.992144465 ], [ 23.760262505, 37.991764787 ], [ 23.759878477, 37.991444048 ], [ 23.759583647, 37.991164047 ], [ 23.759314204, 37.990848046 ], [ 23.758996392, 37.990414779 ], [ 23.758719982, 37.989945544 ], [ 23.758621, 37.989742552 ], [ 23.758517718, 37.989440409 ], [ 23.758250446, 37.988574626 ], [ 23.758151125, 37.988258972 ], [ 23.758013044, 37.987826071 ], [ 23.757858031, 37.987348071 ], [ 23.757818752, 37.987280394 ], [ 23.757781555, 37.987214515 ], [ 23.757729593, 37.987122485 ], [ 23.758542051, 37.986966714 ], [ 23.760241101, 37.986640937 ], [ 23.760412018, 37.98660974 ], [ 23.760434808, 37.98660528 ], [ 23.760628012, 37.98656747 ], [ 23.761141295, 37.986467018 ], [ 23.761308897, 37.986432963 ], [ 23.761328317, 37.986429017 ], [ 23.761404808, 37.986413475 ], [ 23.761156015, 37.98609752 ], [ 23.760660093, 37.985393509 ], [ 23.760592372, 37.985316762 ], [ 23.760436737, 37.985136188 ], [ 23.760405539, 37.985100073 ], [ 23.760009531, 37.984740785 ], [ 23.759677311, 37.984454546 ], [ 23.759511944, 37.984306822 ], [ 23.759340735, 37.984142537 ], [ 23.758984462, 37.98383537 ], [ 23.758514601, 37.983442347 ], [ 23.757395267, 37.982869255 ], [ 23.757374597, 37.982858671 ], [ 23.756934062, 37.982641453 ], [ 23.756577597, 37.982397369 ], [ 23.756206905, 37.9820451 ], [ 23.755681043, 37.981485211 ], [ 23.755319315, 37.981114932 ], [ 23.755227244, 37.981196122 ], [ 23.755212113, 37.981209464 ], [ 23.755184596, 37.981233729 ], [ 23.755058805, 37.981339711 ], [ 23.754113864, 37.981928082 ], [ 23.753293127, 37.982507693 ], [ 23.753059651, 37.982732525 ], [ 23.752895509, 37.982867373 ], [ 23.75261605, 37.98311464 ], [ 23.752430972, 37.983019615 ], [ 23.751854189, 37.983216683 ], [ 23.751654489, 37.9832914 ], [ 23.751483054, 37.983351632 ], [ 23.751645221, 37.984085983 ], [ 23.751751825, 37.984497758 ], [ 23.751855548, 37.984820975 ], [ 23.751992147, 37.985258386 ], [ 23.75221863, 37.985952853 ], [ 23.751800966, 37.986551328 ], [ 23.751540978, 37.986929319 ], [ 23.751376444, 37.987176825 ], [ 23.751535873, 37.987704413 ], [ 23.751651601, 37.98810573 ], [ 23.75171025, 37.988232034 ], [ 23.75171034, 37.988232218 ], [ 23.751750878, 37.988315952 ], [ 23.751786622, 37.988389783 ], [ 23.751947499, 37.988956251 ], [ 23.752077497, 37.989413981 ], [ 23.752216371, 37.989902956 ], [ 23.752365891, 37.990429416 ], [ 23.75252162, 37.990977725 ], [ 23.752775497, 37.991484349 ], [ 23.752989452, 37.991912043 ], [ 23.753061491, 37.992055912 ], [ 23.753176764, 37.992296362 ], [ 23.753433656, 37.992832212 ], [ 23.75367693, 37.993299589 ], [ 23.753744975, 37.993353943 ], [ 23.753630952, 37.993431979 ], [ 23.753928635, 37.99359934 ], [ 23.753668267, 37.994429506 ], [ 23.754127352, 37.994497395 ], [ 23.754499236, 37.994565249 ], [ 23.754601452, 37.994511043 ], [ 23.754807523, 37.994403319 ], [ 23.754929452, 37.994340483 ], [ 23.755448926, 37.994062166 ], [ 23.756098139, 37.993725532 ], [ 23.756522759, 37.993501091 ], [ 23.756887139, 37.993303562 ], [ 23.757033764, 37.993223984 ], [ 23.757359903, 37.993047672 ], [ 23.757423593, 37.993160464 ], [ 23.757464596, 37.993354325 ], [ 23.75759647, 37.993512322 ], [ 23.757933996, 37.993905075 ], [ 23.758076408, 37.994046468 ], [ 23.758170154, 37.994139544 ], [ 23.758171265, 37.994140646 ], [ 23.758188703, 37.994157959 ], [ 23.758563396, 37.994505723 ], [ 23.75879693, 37.994704485 ], [ 23.759359406, 37.994115296 ], [ 23.759612993, 37.993840923 ], [ 23.759622313, 37.993831141 ], [ 23.759694417, 37.993755467 ], [ 23.759594571, 37.993705692 ], [ 23.759612066, 37.993684494 ], [ 23.759816748, 37.993436476 ], [ 23.759817066, 37.99343609 ], [ 23.759875253, 37.993365585 ], [ 23.759887349, 37.99335172 ], [ 23.759895753, 37.993342088 ], [ 23.760124418, 37.993079994 ], [ 23.760132199, 37.993071074 ], [ 23.760147628, 37.99305339 ], [ 23.760171923, 37.993024658 ], [ 23.76017623, 37.993019565 ] ] ] } },
{ "type": "Feature", "properties": { "zone_id": 29, "year": 2040, "kwh_per_user_cap": 867.69519, "ac_share_cap": 0.7515777976628798, "kwh_pc_overall": 652.14044015285913, "kwh_cap": 9791789.359375 }, "geometry": { "type": "Polygon", "coordinates": [ [ [ 23.743860667, 38.00280925 ], [ 23.74386202, 38.002806993 ], [ 23.74471549, 38.002831381 ], [ 23.744803654, 38.002863117 ], [ 23.745356511, 38.003071753 ], [ 23.74599485, 38.003312705 ], [ 23.746151894, 38.003374957 ], [ 23.746499822, 38.003514786 ], [ 23.74667446, 38.00358497 ], [ 23.746703807, 38.003552199 ], [ 23.746384001, 38.003290138 ], [ 23.746132785, 38.003059769 ], [ 23.745716587, 38.002675825 ], [ 23.745349001, 38.002337048 ], [ 23.745253921, 38.002246714 ], [ 23.744601103, 38.001636932 ], [ 23.743656582, 38.000778659 ], [ 23.74343169, 38.000572507 ], [ 23.743124382, 38.000290804 ], [ 23.742728084, 37.999924919 ], [ 23.742644709, 37.999848127 ], [ 23.742329899, 37.999553986 ], [ 23.742320803, 37.999545488 ], [ 23.742102959, 37.999346728 ], [ 23.741654153, 37.998935659 ], [ 23.741376367, 37.998678183 ], [ 23.741002802, 37.998330367 ], [ 23.741453807, 37.998011403 ], [ 23.74165256, 37.997867635 ], [ 23.741920162, 37.997678953 ], [ 23.741972795, 37.997386151 ], [ 23.742038071, 37.997007308 ], [ 23.742151084, 37.996377104 ], [ 23.74209092, 37.996381479 ], [ 23.741555994, 37.996276657 ], [ 23.740810205, 37.996117291 ], [ 23.740186418, 37.995980722 ], [ 23.739508211, 37.995835017 ], [ 23.738280269, 37.995548386 ], [ 23.73799614, 37.995480158 ], [ 23.737835675, 37.995466281 ], [ 23.737335641, 37.995361517 ], [ 23.736508385, 37.995197436 ], [ 23.735995526, 37.995097145 ], [ 23.735798085, 37.995057659 ], [ 23.735777734, 37.995053589 ], [ 23.735699474, 37.995037937 ], [ 23.735699269, 37.995037896 ], [ 23.733910059, 37.995326967 ], [ 23.733581098, 37.995380111 ], [ 23.733490486, 37.99543849 ], [ 23.733230528, 37.995478458 ], [ 23.732334593, 37.995607109 ], [ 23.732239573, 37.995615785 ], [ 23.732223251, 37.995617276 ], [ 23.732141982, 37.995624696 ], [ 23.732142071, 37.995625058 ], [ 23.732143315, 37.995630147 ], [ 23.73222685, 37.995971883 ], [ 23.732322282, 37.99635064 ], [ 23.73242648, 37.996765467 ], [ 23.732746801, 37.998041512 ], [ 23.732882565, 37.998587097 ], [ 23.733022874, 37.999155224 ], [ 23.733222424, 37.999975844 ], [ 23.733358918, 38.000124865 ], [ 23.733554365, 38.000900412 ], [ 23.733709536, 38.00149561 ], [ 23.733831416, 38.001946527 ], [ 23.733726204, 38.002004872 ], [ 23.733968872, 38.002717435 ], [ 23.733984372, 38.002762534 ], [ 23.734117507, 38.00285747 ], [ 23.734138281, 38.002920607 ], [ 23.734292168, 38.003380608 ], [ 23.735418781, 38.003171347 ], [ 23.735924915, 38.00307785 ], [ 23.736640435, 38.002940254 ], [ 23.736641098, 38.002940126 ], [ 23.736642995, 38.00293976 ], [ 23.737472206, 38.002779384 ], [ 23.737821626, 38.002712567 ], [ 23.738242264, 38.002636895 ], [ 23.738400026, 38.002614714 ], [ 23.738413748, 38.002659809 ], [ 23.739092164, 38.002864104 ], [ 23.739784403, 38.003086452 ], [ 23.739910334, 38.003510334 ], [ 23.740659267, 38.003403834 ], [ 23.741220164, 38.003323954 ], [ 23.741220533, 38.003325417 ], [ 23.741351111, 38.003842479 ], [ 23.741457942, 38.003829195 ], [ 23.74184114, 38.004077889 ], [ 23.74254643, 38.004543596 ], [ 23.742851805, 38.004246841 ], [ 23.7432061, 38.003905128 ], [ 23.743468192, 38.003464071 ], [ 23.743860667, 38.00280925 ] ] ] } },
{ "type": "Feature", "properties": { "zone_id": 30, "year": 2040, "kwh_per_user_cap": 870.37445, "ac_share_cap": 0.72255968794950332, "kwh_pc_overall": 628.89752015592194, "kwh_cap": 668447.78125 }, "geometry": { "type": "Polygon", "coordinates": [ [ [ 23.743657468, 38.008127201 ], [ 23.743661979, 38.008124123 ], [ 23.744570276, 38.008077238 ], [ 23.744622779, 38.008074363 ], [ 23.743778227, 38.007042838 ], [ 23.743715054, 38.006988624 ], [ 23.74333282, 38.006769561 ], [ 23.741943227, 38.00679595 ], [ 23.741114288, 38.006811684 ], [ 23.740876639, 38.00682024 ], [ 23.740797032, 38.006823105 ], [ 23.740760415, 38.006824424 ], [ 23.740878979, 38.007221249 ], [ 23.741146726, 38.007203813 ], [ 23.741192643, 38.007609491 ], [ 23.741210971, 38.007762749 ], [ 23.741240017, 38.008006159 ], [ 23.741093327, 38.008014849 ], [ 23.740469775, 38.008045377 ], [ 23.740212506, 38.008057971 ], [ 23.740215524, 38.008095091 ], [ 23.740216252, 38.00810405 ], [ 23.740296434, 38.009090124 ], [ 23.740865275, 38.00907808 ], [ 23.741375421, 38.009136283 ], [ 23.741946783, 38.009263329 ], [ 23.742371683, 38.00941915 ], [ 23.742517799, 38.009473547 ], [ 23.742901952, 38.009560009 ], [ 23.743309253, 38.009573427 ], [ 23.74327102, 38.009258465 ], [ 23.743257934, 38.009153402 ], [ 23.743257677, 38.009142373 ], [ 23.743240575, 38.008411614 ], [ 23.743657468, 38.008127201 ] ] ] } },
{ "type": "Feature", "properties": { "zone_id": 31, "year": 2040, "kwh_per_user_cap": 1136.1606, "ac_share_cap": 0.980000024436809, "kwh_pc_overall": 1113.4375018282221, "kwh_cap": 2014271.5642089844 }, "geometry": { "type": "Polygon", "coordinates": [ [ [ 23.749029996, 37.981385587 ], [ 23.74883928, 37.981277025 ], [ 23.7485525, 37.981060104 ], [ 23.748642956, 37.980830469 ], [ 23.748726232, 37.980618845 ], [ 23.747905938, 37.980436833 ], [ 23.747744915, 37.980386917 ], [ 23.747372373, 37.980277963 ], [ 23.747264679, 37.980552624 ], [ 23.747162907, 37.980631007 ], [ 23.746987747, 37.980579067 ], [ 23.746977682, 37.980590111 ], [ 23.746722551, 37.98087007 ], [ 23.746409821, 37.98121323 ], [ 23.746259391, 37.981600458 ], [ 23.746149388, 37.981878402 ], [ 23.746149363, 37.981878466 ], [ 23.746109702, 37.981978675 ], [ 23.745940895, 37.981915221 ], [ 23.745751327, 37.981828334 ], [ 23.74567088, 37.981791462 ], [ 23.745355996, 37.981647138 ], [ 23.74518024, 37.98156658 ], [ 23.745130225, 37.98141776 ], [ 23.745140979, 37.981395251 ], [ 23.744524217, 37.981034417 ], [ 23.744499275, 37.981019825 ], [ 23.744613986, 37.980776727 ], [ 23.744051185, 37.980635804 ], [ 23.74418835, 37.980280095 ], [ 23.743763743, 37.980181958 ], [ 23.742772099, 37.979952758 ], [ 23.742764187, 37.979950929 ], [ 23.742712112, 37.979938893 ], [ 23.742476755, 37.979879794 ], [ 23.7423203, 37.97961787 ], [ 23.742319443, 37.979616436 ], [ 23.74229691, 37.979578713 ], [ 23.742119371, 37.979574295 ], [ 23.741737276, 37.979693409 ], [ 23.741657114, 37.979734977 ], [ 23.741584497, 37.979772632 ], [ 23.741486313, 37.979823545 ], [ 23.741195479, 37.980160887 ], [ 23.740899208, 37.980532023 ], [ 23.740538289, 37.981021248 ], [ 23.740529131, 37.981033667 ], [ 23.740420433, 37.981182139 ], [ 23.740371484, 37.981339757 ], [ 23.740380591, 37.981380335 ], [ 23.740414134, 37.981556159 ], [ 23.740616313, 37.982023351 ], [ 23.741022645, 37.982562434 ], [ 23.741066638, 37.982606998 ], [ 23.741325815, 37.982869539 ], [ 23.741931888, 37.983461212 ], [ 23.741980189, 37.983488357 ], [ 23.742116937, 37.983560759 ], [ 23.742551337, 37.983791539 ], [ 23.74310012, 37.98408115 ], [ 23.744112156, 37.984597089 ], [ 23.744484078, 37.984787167 ], [ 23.74519205, 37.985149217 ], [ 23.745983008, 37.985551384 ], [ 23.745984227, 37.985552003 ], [ 23.746851359, 37.985995502 ], [ 23.747389901, 37.986271552 ], [ 23.747761454, 37.986470632 ], [ 23.747937654, 37.986561138 ], [ 23.748302881, 37.986737671 ], [ 23.749257891, 37.986568466 ], [ 23.750514557, 37.986327791 ], [ 23.751402329, 37.986149414 ], [ 23.751946265, 37.985357431 ], [ 23.751992147, 37.985258386 ], [ 23.751855548, 37.984820975 ], [ 23.751751825, 37.984497758 ], [ 23.751645221, 37.984085983 ], [ 23.751483054, 37.983351632 ], [ 23.751290561, 37.982467425 ], [ 23.750847853, 37.982255564 ], [ 23.749966438, 37.981833749 ], [ 23.749029996, 37.981385587 ] ] ] } },
{ "type": "Feature", "properties": { "zone_id": 32, "year": 2040, "kwh_per_user_cap": 735.46002, "ac_share_cap": 0.76901316706942269, "kwh_pc_overall": 565.57842840517662, "kwh_cap": 8152067.20703125 }, "geometry": { "type": "Polygon", "coordinates": [ [ [ 23.729181047, 37.969421953 ], [ 23.729183878, 37.969422053 ], [ 23.72939584, 37.969445072 ], [ 23.729679653, 37.969472764 ], [ 23.729921113, 37.969504863 ], [ 23.73000291, 37.969514064 ], [ 23.730591512, 37.969573997 ], [ 23.730630166, 37.969577425 ], [ 23.730748006, 37.969587875 ], [ 23.731216744, 37.969638517 ], [ 23.731482699, 37.969666804 ], [ 23.731499932, 37.969668637 ], [ 23.73153556, 37.969672426 ], [ 23.731563144, 37.96967536 ], [ 23.731575084, 37.969676824 ], [ 23.731699564, 37.969692082 ], [ 23.731664137, 37.968484809 ], [ 23.731618467, 37.968410681 ], [ 23.731602912, 37.968385434 ], [ 23.731602889, 37.968385399 ], [ 23.73147035, 37.968252151 ], [ 23.730290944, 37.967335056 ], [ 23.728659863, 37.966066685 ], [ 23.72750208, 37.965166322 ], [ 23.726316258, 37.96424412 ], [ 23.724647093, 37.962945843 ], [ 23.724576082, 37.962890609 ], [ 23.724575788, 37.962890381 ], [ 23.723904058, 37.962366971 ], [ 23.722711082, 37.961437254 ], [ 23.722508799, 37.961279754 ], [ 23.722415007, 37.961206884 ], [ 23.720394008, 37.959636643 ], [ 23.720338314, 37.959593369 ], [ 23.720316595, 37.95960714 ], [ 23.720316518, 37.959607189 ], [ 23.720299812, 37.959617781 ], [ 23.720296947, 37.959619652 ], [ 23.720107237, 37.959743504 ], [ 23.719913615, 37.95989488 ], [ 23.718808486, 37.960758863 ], [ 23.717921319, 37.961474222 ], [ 23.717866781, 37.961518198 ], [ 23.717650373, 37.961733988 ], [ 23.71762418, 37.961792509 ], [ 23.717671835, 37.961846183 ], [ 23.717674308, 37.961848655 ], [ 23.717726575, 37.961900909 ], [ 23.71771088, 37.961924698 ], [ 23.717305057, 37.962539812 ], [ 23.717151807, 37.962735542 ], [ 23.717139533, 37.962751217 ], [ 23.716072536, 37.963609378 ], [ 23.71573792, 37.963847411 ], [ 23.715713016, 37.963855214 ], [ 23.715138457, 37.964035232 ], [ 23.715134546, 37.964035829 ], [ 23.715049628, 37.964048782 ], [ 23.714983799, 37.964058822 ], [ 23.714815608, 37.964084476 ], [ 23.71476175, 37.964092692 ], [ 23.714556807, 37.964123951 ], [ 23.714203596, 37.964109574 ], [ 23.713852734, 37.96405069 ], [ 23.713852535, 37.964052306 ], [ 23.713835058, 37.9641943 ], [ 23.713829537, 37.964286609 ], [ 23.713866291, 37.964692263 ], [ 23.713033941, 37.965082466 ], [ 23.713205233, 37.965298254 ], [ 23.713239574, 37.965341517 ], [ 23.713245976, 37.965349582 ], [ 23.713275794, 37.965387146 ], [ 23.71362281, 37.96580709 ], [ 23.713717344, 37.965924487 ], [ 23.713985469, 37.966231577 ], [ 23.714019272, 37.966267802 ], [ 23.7141077, 37.966362561 ], [ 23.714411871, 37.966732828 ], [ 23.71532024, 37.96671708 ], [ 23.715324125, 37.966717013 ], [ 23.715333254, 37.966692009 ], [ 23.715335633, 37.966685496 ], [ 23.715358405, 37.966316023 ], [ 23.7154771, 37.966257726 ], [ 23.715829602, 37.965997205 ], [ 23.716222616, 37.965655664 ], [ 23.716942184, 37.965044522 ], [ 23.717319988, 37.964955301 ], [ 23.717587232, 37.964937917 ], [ 23.718221334, 37.965033946 ], [ 23.719159502, 37.965176016 ], [ 23.720297654, 37.965345465 ], [ 23.72074425, 37.965409617 ], [ 23.721090348, 37.965459311 ], [ 23.721370402, 37.96550123 ], [ 23.721399846, 37.965523832 ], [ 23.721951067, 37.965957754 ], [ 23.721975911, 37.965976723 ], [ 23.722294461, 37.966219939 ], [ 23.722531417, 37.966405262 ], [ 23.7230771, 37.966826404 ], [ 23.723081969, 37.966830168 ], [ 23.723603777, 37.967233612 ], [ 23.723693368, 37.967302879 ], [ 23.723824451, 37.967404228 ], [ 23.723824421, 37.967404608 ], [ 23.723809511, 37.967593463 ], [ 23.723781205, 37.967836744 ], [ 23.723759899, 37.968043449 ], [ 23.723701877, 37.96859364 ], [ 23.723601728, 37.969537645 ], [ 23.722485779, 37.969971789 ], [ 23.722473692, 37.969976491 ], [ 23.722445155, 37.969987593 ], [ 23.722407475, 37.97022188 ], [ 23.724482072, 37.969933882 ], [ 23.725019217, 37.969863036 ], [ 23.725735792, 37.96976106 ], [ 23.726887213, 37.969637559 ], [ 23.727797377, 37.969522501 ], [ 23.728773002, 37.969407585 ], [ 23.729181047, 37.969421953 ] ] ] } },
{ "type": "Feature", "properties": { "zone_id": 33, "year": 2040, "kwh_per_user_cap": 718.65332, "ac_share_cap": 0.9405500903378704, "kwh_pc_overall": 675.92944295114944, "kwh_cap": 17714547.4453125 }, "geometry": { "type": "Polygon", "coordinates": [ [ [ 23.73408085, 37.991234044 ], [ 23.734677272, 37.991137541 ], [ 23.734694078, 37.991134732 ], [ 23.735156585, 37.991057505 ], [ 23.735301911, 37.991033812 ], [ 23.735592761, 37.990986391 ], [ 23.735592802, 37.990986384 ], [ 23.735831733, 37.990946894 ], [ 23.7365865, 37.990822144 ], [ 23.736588095, 37.99082188 ], [ 23.737690117, 37.990666618 ], [ 23.737963303, 37.990628377 ], [ 23.738260528, 37.990586773 ], [ 23.738614468, 37.990533483 ], [ 23.739752426, 37.990346813 ], [ 23.739752892, 37.990346737 ], [ 23.739970818, 37.990311168 ], [ 23.739817293, 37.989846667 ], [ 23.740175782, 37.989410336 ], [ 23.740266927, 37.989297877 ], [ 23.740309823, 37.989243894 ], [ 23.740797607, 37.988672654 ], [ 23.740930772, 37.988742837 ], [ 23.741295623, 37.988935123 ], [ 23.74170836, 37.989161351 ], [ 23.741908893, 37.98931501 ], [ 23.742461937, 37.989788787 ], [ 23.742842209, 37.98946126 ], [ 23.742850112, 37.989449985 ], [ 23.743015675, 37.989213786 ], [ 23.743341274, 37.988813425 ], [ 23.743556792, 37.988548016 ], [ 23.743747303, 37.98830959 ], [ 23.743909897, 37.988116168 ], [ 23.74414647, 37.987832778 ], [ 23.744279417, 37.987670836 ], [ 23.744607881, 37.987261465 ], [ 23.744810547, 37.987005038 ], [ 23.744896685, 37.986897071 ], [ 23.744978877, 37.986798108 ], [ 23.74510297, 37.986643683 ], [ 23.745107423, 37.986638141 ], [ 23.745331359, 37.986359468 ], [ 23.745341661, 37.986346647 ], [ 23.745452437, 37.986208792 ], [ 23.745565044, 37.986069718 ], [ 23.745565166, 37.986069567 ], [ 23.745819252, 37.985755757 ], [ 23.745828478, 37.985744363 ], [ 23.745984227, 37.985552003 ], [ 23.745983008, 37.985551384 ], [ 23.74519205, 37.985149217 ], [ 23.744484078, 37.984787167 ], [ 23.744112156, 37.984597089 ], [ 23.74310012, 37.98408115 ], [ 23.742551337, 37.983791539 ], [ 23.742116937, 37.983560759 ], [ 23.741980189, 37.983488357 ], [ 23.741931888, 37.983461212 ], [ 23.741325815, 37.982869539 ], [ 23.741066638, 37.982606998 ], [ 23.741022645, 37.982562434 ], [ 23.740616313, 37.982023351 ], [ 23.740414134, 37.981556159 ], [ 23.740003312, 37.982010401 ], [ 23.739536147, 37.982261733 ], [ 23.739253689, 37.982418744 ], [ 23.73910247, 37.982332921 ], [ 23.738502225, 37.981992252 ], [ 23.737987392, 37.981700055 ], [ 23.737306186, 37.981313423 ], [ 23.736965296, 37.981119941 ], [ 23.736789704, 37.981020279 ], [ 23.736641677, 37.98093626 ], [ 23.736448992, 37.980826895 ], [ 23.736349854, 37.980770624 ], [ 23.735417967, 37.980241686 ], [ 23.735240857, 37.980141157 ], [ 23.734855676, 37.979922523 ], [ 23.733800382, 37.97932351 ], [ 23.733215416, 37.980012217 ], [ 23.732944884, 37.980330719 ], [ 23.732715616, 37.980600641 ], [ 23.732294313, 37.981096641 ], [ 23.731957532, 37.981493126 ], [ 23.731515953, 37.982012981 ], [ 23.731320165, 37.982243473 ], [ 23.73104324, 37.982569477 ], [ 23.730473517, 37.983240167 ], [ 23.729979317, 37.983821935 ], [ 23.729490456, 37.983897847 ], [ 23.729350167, 37.983919631 ], [ 23.728781543, 37.984008449 ], [ 23.728502345, 37.984050466 ], [ 23.72847593, 37.984054441 ], [ 23.728295976, 37.984081522 ], [ 23.728226729, 37.984091943 ], [ 23.728181395, 37.984098765 ], [ 23.728152389, 37.98410313 ], [ 23.728073715, 37.98411497 ], [ 23.728098239, 37.984351146 ], [ 23.728099165, 37.984360058 ], [ 23.728066037, 37.984362805 ], [ 23.728079936, 37.984421092 ], [ 23.728125232, 37.984611034 ], [ 23.728224094, 37.985025614 ], [ 23.728224505, 37.985027294 ], [ 23.728365416, 37.985589245 ], [ 23.72850499, 37.986148364 ], [ 23.728642835, 37.98669396 ], [ 23.728784207, 37.987248576 ], [ 23.728914524, 37.987769629 ], [ 23.728915022, 37.987771623 ], [ 23.72902087, 37.988213496 ], [ 23.729084339, 37.988470509 ], [ 23.729058461, 37.988555873 ], [ 23.729058401, 37.988556071 ], [ 23.729114073, 37.988804053 ], [ 23.729181133, 37.988858284 ], [ 23.729343843, 37.989516596 ], [ 23.7295083, 37.990183925 ], [ 23.729757338, 37.991175911 ], [ 23.729845021, 37.991527613 ], [ 23.730769858, 37.991381497 ], [ 23.731082095, 37.991332165 ], [ 23.731131229, 37.99153436 ], [ 23.73113758, 37.991560491 ], [ 23.731169751, 37.991692879 ], [ 23.731338724, 37.991677539 ], [ 23.731343805, 37.991677077 ], [ 23.731363419, 37.991675296 ], [ 23.731898257, 37.991595401 ], [ 23.732299944, 37.991528719 ], [ 23.733033883, 37.991404208 ], [ 23.734072978, 37.991235317 ], [ 23.73408085, 37.991234044 ] ] ] } },
{ "type": "Feature", "properties": { "zone_id": 34, "year": 2040, "kwh_per_user_cap": 670.73407, "ac_share_cap": 0.71371560845056947, "kwh_pc_overall": 478.71337799600866, "kwh_cap": 3827864.67578125 }, "geometry": { "type": "Polygon", "coordinates": [ [ [ 23.750533951, 38.004245361 ], [ 23.750689079, 38.004160068 ], [ 23.750863873, 38.004047778 ], [ 23.751174916, 38.003854661 ], [ 23.751734938, 38.003504344 ], [ 23.751749661, 38.00336017 ], [ 23.751750052, 38.003356361 ], [ 23.75179456, 38.002923142 ], [ 23.751797499, 38.00289611 ], [ 23.75186797, 38.00258081 ], [ 23.751880347, 38.002287919 ], [ 23.751880357, 38.002194727 ], [ 23.751880408, 38.001681447 ], [ 23.751879677, 38.001681272 ], [ 23.7518038, 38.001663026 ], [ 23.751789695, 38.001659634 ], [ 23.751771673, 38.001655301 ], [ 23.751626677, 38.001620434 ], [ 23.751500907, 38.001589639 ], [ 23.751482302, 38.001585083 ], [ 23.75144103, 38.001574978 ], [ 23.751155813, 38.001502272 ], [ 23.750936726, 38.001364637 ], [ 23.750683781, 38.001203849 ], [ 23.750441347, 38.00097347 ], [ 23.7504401, 38.000972285 ], [ 23.750431877, 38.000964474 ], [ 23.750405471, 38.000909708 ], [ 23.750403601, 38.000905831 ], [ 23.750376364, 38.000540753 ], [ 23.750352565, 38.000374842 ], [ 23.75034031, 38.000256773 ], [ 23.75026935, 38.000215019 ], [ 23.750228516, 38.00015572 ], [ 23.750214835, 38.000018053 ], [ 23.750256743, 37.999918689 ], [ 23.750354348, 37.999683073 ], [ 23.750096717, 37.999261673 ], [ 23.749747464, 37.99925983 ], [ 23.749458053, 37.999258302 ], [ 23.749071848, 37.999256262 ], [ 23.748673991, 37.998959882 ], [ 23.748505714, 37.998833343 ], [ 23.7480793, 37.998525994 ], [ 23.748000841, 37.998467242 ], [ 23.74785174, 37.998354262 ], [ 23.747303234, 37.997947507 ], [ 23.746965994, 37.997689916 ], [ 23.746732731, 37.997522677 ], [ 23.746387519, 37.997264019 ], [ 23.746087338, 37.997039098 ], [ 23.746058675, 37.997011798 ], [ 23.745942503, 37.996901149 ], [ 23.745840552, 37.99690651 ], [ 23.74569309, 37.996814337 ], [ 23.745351415, 37.99668692 ], [ 23.745198996, 37.996610517 ], [ 23.745052206, 37.996563356 ], [ 23.744295498, 37.996371833 ], [ 23.744146871, 37.996357908 ], [ 23.743820138, 37.996321596 ], [ 23.743473611, 37.996307172 ], [ 23.742807755, 37.996374036 ], [ 23.742513369, 37.996386911 ], [ 23.742151084, 37.996377104 ], [ 23.742038071, 37.997007308 ], [ 23.741972795, 37.997386151 ], [ 23.741920162, 37.997678953 ], [ 23.74165256, 37.997867635 ], [ 23.741453807, 37.998011403 ], [ 23.741002802, 37.998330367 ], [ 23.741376367, 37.998678183 ], [ 23.741654153, 37.998935659 ], [ 23.742102959, 37.999346728 ], [ 23.742320803, 37.999545488 ], [ 23.742329899, 37.999553986 ], [ 23.742644709, 37.999848127 ], [ 23.742728084, 37.999924919 ], [ 23.743124382, 38.000290804 ], [ 23.74343169, 38.000572507 ], [ 23.743656582, 38.000778659 ], [ 23.744601103, 38.001636932 ], [ 23.745253921, 38.002246714 ], [ 23.745349001, 38.002337048 ], [ 23.745716587, 38.002675825 ], [ 23.746132785, 38.003059769 ], [ 23.746384001, 38.003290138 ], [ 23.746703807, 38.003552199 ], [ 23.74667446, 38.00358497 ], [ 23.746889321, 38.00367132 ], [ 23.747775426, 38.004027427 ], [ 23.748328462, 38.004249675 ], [ 23.74839249, 38.004280537 ], [ 23.748425008, 38.004309582 ], [ 23.748504552, 38.004380631 ], [ 23.748548671, 38.004366682 ], [ 23.748640693, 38.004335965 ], [ 23.748930069, 38.004353082 ], [ 23.749232142, 38.004377785 ], [ 23.749730719, 38.004410392 ], [ 23.749775244, 38.004401474 ], [ 23.750237944, 38.004307823 ], [ 23.750533951, 38.004245361 ] ] ] } },
{ "type": "Feature", "properties": { "zone_id": 35, "year": 2040, "kwh_per_user_cap": 899.1424, "ac_share_cap": 0.61796891798433695, "kwh_pc_overall": 555.64202775636136, "kwh_cap": 11996764.3984375 }, "geometry": { "type": "Polygon", "coordinates": [ [ [ 23.736979577, 37.960771048 ], [ 23.737164068, 37.960445292 ], [ 23.737190263, 37.960382261 ], [ 23.737214768, 37.960326331 ], [ 23.737013595, 37.96018614 ], [ 23.736699995, 37.959967723 ], [ 23.736698336, 37.959966568 ], [ 23.736598483, 37.95990962 ], [ 23.736593024, 37.959906507 ], [ 23.736201022, 37.959682941 ], [ 23.736016778, 37.959591492 ], [ 23.735682506, 37.959473828 ], [ 23.735461349, 37.959395981 ], [ 23.734933552, 37.959253781 ], [ 23.734268352, 37.959074559 ], [ 23.734208258, 37.958956031 ], [ 23.733644237, 37.958810549 ], [ 23.733564298, 37.958790263 ], [ 23.733497324, 37.958773266 ], [ 23.73291964, 37.958626664 ], [ 23.732909614, 37.958624119 ], [ 23.73289388, 37.958620176 ], [ 23.732322149, 37.958476858 ], [ 23.732111528, 37.958424061 ], [ 23.732111369, 37.958424021 ], [ 23.731637951, 37.958310281 ], [ 23.731560517, 37.958278559 ], [ 23.730863152, 37.958101949 ], [ 23.730806357, 37.958087565 ], [ 23.730747321, 37.958077479 ], [ 23.730674442, 37.958065027 ], [ 23.730672686, 37.958064727 ], [ 23.730552906, 37.958037414 ], [ 23.730042935, 37.957901052 ], [ 23.729683322, 37.957796578 ], [ 23.729645309, 37.957782971 ], [ 23.728606533, 37.957411051 ], [ 23.728241398, 37.957261495 ], [ 23.728061686, 37.95718447 ], [ 23.727962605, 37.957139177 ], [ 23.727853583, 37.957089354 ], [ 23.727489651, 37.956903747 ], [ 23.726749784, 37.95650997 ], [ 23.726353251, 37.956292739 ], [ 23.726306396, 37.956265591 ], [ 23.726181419, 37.95620221 ], [ 23.72613492, 37.956175063 ], [ 23.725622305, 37.955894469 ], [ 23.725555665, 37.955831224 ], [ 23.725520367, 37.9558114 ], [ 23.725475087, 37.955785971 ], [ 23.725065969, 37.955508321 ], [ 23.725063839, 37.955510117 ], [ 23.724920033, 37.955631455 ], [ 23.724269461, 37.956193239 ], [ 23.724150908, 37.956314635 ], [ 23.724125907, 37.956337549 ], [ 23.723792893, 37.956642766 ], [ 23.723432434, 37.95695737 ], [ 23.723388546, 37.956993319 ], [ 23.72322666, 37.957096586 ], [ 23.722982535, 37.957312321 ], [ 23.72212143, 37.958040335 ], [ 23.721967196, 37.958188683 ], [ 23.721505355, 37.958593171 ], [ 23.720471247, 37.959437931 ], [ 23.720382373, 37.95954185 ], [ 23.720338314, 37.959593369 ], [ 23.720394008, 37.959636643 ], [ 23.722415007, 37.961206884 ], [ 23.722508799, 37.961279754 ], [ 23.722711082, 37.961437254 ], [ 23.723904058, 37.962366971 ], [ 23.724575788, 37.962890381 ], [ 23.724576082, 37.962890609 ], [ 23.724647093, 37.962945843 ], [ 23.726316258, 37.96424412 ], [ 23.72750208, 37.965166322 ], [ 23.728659863, 37.966066685 ], [ 23.730290944, 37.967335056 ], [ 23.73147035, 37.968252151 ], [ 23.731602889, 37.968385399 ], [ 23.731602912, 37.968385434 ], [ 23.731618467, 37.968410681 ], [ 23.731698728, 37.96839584 ], [ 23.731903917, 37.968324205 ], [ 23.733289598, 37.967655895 ], [ 23.733346668, 37.967615466 ], [ 23.733485493, 37.96730033 ], [ 23.733487831, 37.9672379 ], [ 23.733487855, 37.967237245 ], [ 23.733490451, 37.967167913 ], [ 23.733490461, 37.967167643 ], [ 23.733492403, 37.967115799 ], [ 23.733493761, 37.967079533 ], [ 23.733461308, 37.96700285 ], [ 23.733496045, 37.966939839 ], [ 23.733398022, 37.966696269 ], [ 23.733254624, 37.966407532 ], [ 23.733247397, 37.966339919 ], [ 23.733243134, 37.966141625 ], [ 23.733301599, 37.965911929 ], [ 23.733349919, 37.965830923 ], [ 23.733497325, 37.965601429 ], [ 23.733778936, 37.965151422 ], [ 23.734037339, 37.964723894 ], [ 23.7343171, 37.964291908 ], [ 23.734342133, 37.964255913 ], [ 23.734505106, 37.963850701 ], [ 23.734678847, 37.963418474 ], [ 23.734848996, 37.962995252 ], [ 23.735037465, 37.9625225 ], [ 23.735233077, 37.962040751 ], [ 23.735251754, 37.961991222 ], [ 23.735632658, 37.961721692 ], [ 23.736354759, 37.96114548 ], [ 23.736372336, 37.961110266 ], [ 23.736430924, 37.961062695 ], [ 23.736577676, 37.96094354 ], [ 23.736780885, 37.96075908 ], [ 23.736816343, 37.960726894 ], [ 23.736979577, 37.960771048 ] ] ] } },
{ "type": "Feature", "properties": { "zone_id": 36, "year": 2040, "kwh_per_user_cap": 984.62225, "ac_share_cap": 0.50596165590252862, "kwh_pc_overall": 498.18109130016353, "kwh_cap": 10776102.4609375 }, "geometry": { "type": "Polygon", "coordinates": [ [ [ 23.724764782, 38.014931153 ], [ 23.725232294, 38.014909714 ], [ 23.725660646, 38.014888182 ], [ 23.726248875, 38.014858008 ], [ 23.726337891, 38.014853709 ], [ 23.726409107, 38.014849368 ], [ 23.726961024, 38.014819106 ], [ 23.727397206, 38.014797586 ], [ 23.728052733, 38.014763053 ], [ 23.72840634, 38.014736831 ], [ 23.728468993, 38.013772606 ], [ 23.728557552, 38.012889142 ], [ 23.728626346, 38.012374727 ], [ 23.728516519, 38.012257836 ], [ 23.728523819, 38.012223184 ], [ 23.728537241, 38.01215947 ], [ 23.728509851, 38.011958959 ], [ 23.728499602, 38.011883929 ], [ 23.728484901, 38.011776305 ], [ 23.728483491, 38.011766675 ], [ 23.728398117, 38.011183778 ], [ 23.728398051, 38.01118332 ], [ 23.728391146, 38.011136179 ], [ 23.728321174, 38.010707908 ], [ 23.72819215, 38.009882938 ], [ 23.728039257, 38.008967783 ], [ 23.727919579, 38.008247673 ], [ 23.727916917, 38.008234086 ], [ 23.727885563, 38.008079629 ], [ 23.727870608, 38.008007855 ], [ 23.727834839, 38.007836202 ], [ 23.727633726, 38.007159775 ], [ 23.727476608, 38.006812418 ], [ 23.727307644, 38.006492071 ], [ 23.727209678, 38.0063206 ], [ 23.726790592, 38.005701262 ], [ 23.726652038, 38.0054965 ], [ 23.726644664, 38.005485602 ], [ 23.726600676, 38.005444942 ], [ 23.726259739, 38.005043079 ], [ 23.725948199, 38.00468184 ], [ 23.725551588, 38.004225768 ], [ 23.72521168, 38.003837423 ], [ 23.724432989, 38.002947838 ], [ 23.724255049, 38.002749138 ], [ 23.723986055, 38.002437565 ], [ 23.723525313, 38.001909232 ], [ 23.723181595, 38.001403706 ], [ 23.723217968, 38.001398561 ], [ 23.723269887, 38.001391218 ], [ 23.723314394, 38.001384923 ], [ 23.72336963, 38.00137711 ], [ 23.723583293, 38.001350573 ], [ 23.723488913, 38.000417524 ], [ 23.723368162, 37.999114886 ], [ 23.723251737, 37.997893373 ], [ 23.723188536, 37.997284859 ], [ 23.723154027, 37.996901732 ], [ 23.723137907, 37.996706054 ], [ 23.723137689, 37.996703411 ], [ 23.722220508, 37.996796283 ], [ 23.722220419, 37.996796292 ], [ 23.722128289, 37.996804678 ], [ 23.721792613, 37.996817404 ], [ 23.721719295, 37.996817231 ], [ 23.721298371, 37.996784689 ], [ 23.72078644, 37.996738666 ], [ 23.720783537, 37.996738404 ], [ 23.720725759, 37.99714842 ], [ 23.72065221, 37.997675427 ], [ 23.72061654, 37.997977272 ], [ 23.720563248, 37.998538693 ], [ 23.720539627, 37.999050105 ], [ 23.72055063, 37.999218889 ], [ 23.720503194, 37.999333433 ], [ 23.720557028, 37.999648463 ], [ 23.720564825, 37.999694093 ], [ 23.720610839, 38.000007711 ], [ 23.720659628, 38.000340233 ], [ 23.720730516, 38.000823381 ], [ 23.720788473, 38.00121838 ], [ 23.720856606, 38.001682736 ], [ 23.720939698, 38.002249025 ], [ 23.721092331, 38.003289244 ], [ 23.721164805, 38.00380183 ], [ 23.721211352, 38.004301991 ], [ 23.721286786, 38.005112514 ], [ 23.72132444, 38.005509167 ], [ 23.721368653, 38.005898878 ], [ 23.721424182, 38.006712615 ], [ 23.721461849, 38.007388666 ], [ 23.721449847, 38.007748138 ], [ 23.721422415, 38.007885266 ], [ 23.721353608, 38.008524024 ], [ 23.721061778, 38.009467636 ], [ 23.721441434, 38.009432201 ], [ 23.721213185, 38.009979261 ], [ 23.720917336, 38.010550873 ], [ 23.720754812, 38.010883961 ], [ 23.720548602, 38.011284541 ], [ 23.72042088, 38.011545609 ], [ 23.720290175, 38.011748087 ], [ 23.720044434, 38.012268182 ], [ 23.719797739, 38.012811464 ], [ 23.719725208, 38.0130333 ], [ 23.719753219, 38.013184351 ], [ 23.719852694, 38.013485829 ], [ 23.719810954, 38.013547646 ], [ 23.719796932, 38.013671147 ], [ 23.719665424, 38.013896154 ], [ 23.719300912, 38.01438598 ], [ 23.719274367, 38.01442165 ], [ 23.719052814, 38.014719364 ], [ 23.719108954, 38.014841171 ], [ 23.719167862, 38.014960392 ], [ 23.719173603, 38.014972011 ], [ 23.719224189, 38.014963119 ], [ 23.719412617, 38.01493653 ], [ 23.719519061, 38.014936784 ], [ 23.720500856, 38.014952641 ], [ 23.722005971, 38.014969728 ], [ 23.722142692, 38.014965544 ], [ 23.722653891, 38.014971258 ], [ 23.72361148, 38.014987031 ], [ 23.723694105, 38.014978213 ], [ 23.724268078, 38.014952521 ], [ 23.724764782, 38.014931153 ] ] ] } },
{ "type": "Feature", "properties": { "zone_id": 37, "year": 2040, "kwh_per_user_cap": 782.39227, "ac_share_cap": 0.39914828377452677, "kwh_pc_overall": 312.29052717845821, "kwh_cap": 609474.28125 }, "geometry": { "type": "Polygon", "coordinates": [ [ [ 23.721302344, 37.994802461 ], [ 23.721446981, 37.994757153 ], [ 23.721406039, 37.994572293 ], [ 23.721326716, 37.994184553 ], [ 23.721226499, 37.99367509 ], [ 23.721192338, 37.99348574 ], [ 23.721139611, 37.992935831 ], [ 23.721110908, 37.992872186 ], [ 23.721105024, 37.99285914 ], [ 23.721120602, 37.99269244 ], [ 23.72103472, 37.992282696 ], [ 23.721034222, 37.992279266 ], [ 23.721034061, 37.992278158 ], [ 23.721023525, 37.99220101 ], [ 23.721037797, 37.992097396 ], [ 23.720991568, 37.991993638 ], [ 23.720823664, 37.991742964 ], [ 23.720674129, 37.991519711 ], [ 23.720452682, 37.991073049 ], [ 23.720407149, 37.9909738 ], [ 23.720325911, 37.990811375 ], [ 23.720302027, 37.990703229 ], [ 23.72027413, 37.990576918 ], [ 23.720308558, 37.990503332 ], [ 23.720322568, 37.990473386 ], [ 23.720295593, 37.990360661 ], [ 23.720180323, 37.989882706 ], [ 23.72007757, 37.989403459 ], [ 23.719866703, 37.988419927 ], [ 23.719839962, 37.988295201 ], [ 23.719884658, 37.988041078 ], [ 23.719998236, 37.987860475 ], [ 23.720033799, 37.987803925 ], [ 23.720006334, 37.987719209 ], [ 23.720006002, 37.987719177 ], [ 23.720005763, 37.987719154 ], [ 23.719290228, 37.987649906 ], [ 23.718867951, 37.987622315 ], [ 23.71842391, 37.987254627 ], [ 23.718309152, 37.987183344 ], [ 23.718253208, 37.987106572 ], [ 23.7182148, 37.987053863 ], [ 23.718042337, 37.986984193 ], [ 23.71801476, 37.987005693 ], [ 23.717973002, 37.987049045 ], [ 23.717951196, 37.987071685 ], [ 23.717912466, 37.987105468 ], [ 23.717906889, 37.987110332 ], [ 23.717878318, 37.987135254 ], [ 23.717778145, 37.987222633 ], [ 23.71784716, 37.987281433 ], [ 23.717876277, 37.987306778 ], [ 23.717904265, 37.987331141 ], [ 23.717952151, 37.987371813 ], [ 23.718355158, 37.987701748 ], [ 23.718322795, 37.987821968 ], [ 23.718209675, 37.98824217 ], [ 23.718434499, 37.988265241 ], [ 23.718690631, 37.98931585 ], [ 23.718860988, 37.989936103 ], [ 23.718922685, 37.990150093 ], [ 23.719035697, 37.990564954 ], [ 23.719051149, 37.990619068 ], [ 23.719146948, 37.990975304 ], [ 23.719258608, 37.991372135 ], [ 23.719616723, 37.992657319 ], [ 23.719746551, 37.993144322 ], [ 23.71983285, 37.993473496 ], [ 23.719908254, 37.993766593 ], [ 23.719955518, 37.994627432 ], [ 23.719992252, 37.995262924 ], [ 23.720018639, 37.995718135 ], [ 23.720040673, 37.996101233 ], [ 23.720056391, 37.996367149 ], [ 23.720093855, 37.996998137 ], [ 23.72012671, 37.997624607 ], [ 23.720146391, 37.997971648 ], [ 23.720158094, 37.998169958 ], [ 23.720189139, 37.998710801 ], [ 23.720262894, 37.999233695 ], [ 23.720262915, 37.999233847 ], [ 23.72030287, 37.999250431 ], [ 23.720433206, 37.999304531 ], [ 23.720455384, 37.999313736 ], [ 23.720503194, 37.999333433 ], [ 23.72055063, 37.999218889 ], [ 23.720539627, 37.999050105 ], [ 23.720563248, 37.998538693 ], [ 23.72061654, 37.997977272 ], [ 23.72065221, 37.997675427 ], [ 23.720725759, 37.99714842 ], [ 23.720783537, 37.996738404 ], [ 23.720872024, 37.996116728 ], [ 23.720967748, 37.995463525 ], [ 23.721061382, 37.994786284 ], [ 23.721302344, 37.994802461 ] ] ] } },
{ "type": "Feature", "properties": { "zone_id": 38, "year": 2040, "kwh_per_user_cap": 668.31042, "ac_share_cap": 0.91339057577782845, "kwh_pc_overall": 610.42846945948565, "kwh_cap": 7609016.619140625 }, "geometry": { "type": "Polygon", "coordinates": [ [ [ 23.7456293, 37.973790946 ], [ 23.746393354, 37.974345708 ], [ 23.746418356, 37.974278278 ], [ 23.746453577, 37.974183287 ], [ 23.746501942, 37.974053025 ], [ 23.746550153, 37.973923174 ], [ 23.746550543, 37.973922123 ], [ 23.746901413, 37.973890225 ], [ 23.747914084, 37.973789859 ], [ 23.748681453, 37.973714892 ], [ 23.749443499, 37.973635401 ], [ 23.75023755, 37.973560481 ], [ 23.750237262, 37.973558604 ], [ 23.750173532, 37.973144298 ], [ 23.750110393, 37.97273383 ], [ 23.750025604, 37.972182611 ], [ 23.75046492, 37.971702843 ], [ 23.750958315, 37.971164007 ], [ 23.751223333, 37.970874425 ], [ 23.751638955, 37.97041608 ], [ 23.751664717, 37.970387669 ], [ 23.752257835, 37.969733572 ], [ 23.752617866, 37.969320959 ], [ 23.752761272, 37.969156608 ], [ 23.752436519, 37.968973067 ], [ 23.75230336, 37.968896177 ], [ 23.752044142, 37.968746919 ], [ 23.751986256, 37.968715251 ], [ 23.751540621, 37.968457444 ], [ 23.751311879, 37.968324562 ], [ 23.751011194, 37.968149887 ], [ 23.750466845, 37.967837789 ], [ 23.750130635, 37.967733427 ], [ 23.750136321, 37.967660658 ], [ 23.749843562, 37.967517853 ], [ 23.749710861, 37.967485017 ], [ 23.749628087, 37.967351608 ], [ 23.749499261, 37.967276934 ], [ 23.748975173, 37.966973885 ], [ 23.748648495, 37.966788423 ], [ 23.74835258, 37.966617943 ], [ 23.748157299, 37.96650497 ], [ 23.747609732, 37.966188187 ], [ 23.746996995, 37.965833696 ], [ 23.74665878, 37.965657022 ], [ 23.746278241, 37.965458237 ], [ 23.746192009, 37.965413191 ], [ 23.746191475, 37.96557626 ], [ 23.746191178, 37.965667392 ], [ 23.746271692, 37.965800848 ], [ 23.746358088, 37.965853878 ], [ 23.746300469, 37.965913631 ], [ 23.745793186, 37.966448812 ], [ 23.745357919, 37.966907528 ], [ 23.744840927, 37.967438168 ], [ 23.744388865, 37.967914869 ], [ 23.744391989, 37.967937408 ], [ 23.744414536, 37.968104195 ], [ 23.744297163, 37.968094927 ], [ 23.744190032, 37.96806681 ], [ 23.744021062, 37.968022463 ], [ 23.743881637, 37.967985869 ], [ 23.743827655, 37.967958713 ], [ 23.743212447, 37.967656979 ], [ 23.743212419, 37.967656966 ], [ 23.742921261, 37.967515104 ], [ 23.742909846, 37.967595673 ], [ 23.742908318, 37.967606459 ], [ 23.742819476, 37.968233472 ], [ 23.74281905, 37.968236478 ], [ 23.742816576, 37.968253932 ], [ 23.742806756, 37.968489222 ], [ 23.742722188, 37.968861688 ], [ 23.74270307, 37.968901474 ], [ 23.74267975, 37.968925092 ], [ 23.742128583, 37.969248349 ], [ 23.741721033, 37.969482231 ], [ 23.741713975, 37.969486281 ], [ 23.741664765, 37.969513864 ], [ 23.741432702, 37.969643938 ], [ 23.741369611, 37.969679301 ], [ 23.74135165, 37.969698535 ], [ 23.741348857, 37.969701526 ], [ 23.741287696, 37.969767017 ], [ 23.741264616, 37.969791731 ], [ 23.741016809, 37.969636118 ], [ 23.740972226, 37.969608121 ], [ 23.74096926, 37.969606259 ], [ 23.740911743, 37.969570139 ], [ 23.740841041, 37.969656027 ], [ 23.740748811, 37.969768064 ], [ 23.740692501, 37.969835979 ], [ 23.740602535, 37.969944485 ], [ 23.740526383, 37.970036328 ], [ 23.740476547, 37.970096433 ], [ 23.740426727, 37.970070455 ], [ 23.740198832, 37.969951614 ], [ 23.740135353, 37.970017211 ], [ 23.740080515, 37.97007388 ], [ 23.739733933, 37.970197446 ], [ 23.739678875, 37.970297461 ], [ 23.739679305, 37.970300088 ], [ 23.739800081, 37.971036785 ], [ 23.739810974, 37.971101276 ], [ 23.740174738, 37.97325478 ], [ 23.740342291, 37.974273605 ], [ 23.740464543, 37.975021943 ], [ 23.740563295, 37.975620367 ], [ 23.740563483, 37.975621517 ], [ 23.741176118, 37.975541751 ], [ 23.742030811, 37.975430967 ], [ 23.742584702, 37.975360078 ], [ 23.742752522, 37.975346111 ], [ 23.743006817, 37.975324949 ], [ 23.743006616, 37.975323712 ], [ 23.74300492, 37.975313292 ], [ 23.74297233, 37.975113071 ], [ 23.742792848, 37.974035641 ], [ 23.742613245, 37.972994261 ], [ 23.743500206, 37.972906069 ], [ 23.743683504, 37.972888443 ], [ 23.744148768, 37.972839196 ], [ 23.744189918, 37.97283484 ], [ 23.7456293, 37.973790946 ] ] ] } },
{ "type": "Feature", "properties": { "zone_id": 39, "year": 2040, "kwh_per_user_cap": 667.37915, "ac_share_cap": 0.57231312882704177, "kwh_pc_overall": 381.94985825557518, "kwh_cap": 7198345.62890625 }, "geometry": { "type": "Polygon", "coordinates": [ [ [ 23.731065182, 38.016040786 ], [ 23.731398047, 38.016041547 ], [ 23.731702464, 38.016033229 ], [ 23.731735929, 38.016033305 ], [ 23.732568658, 38.016026189 ], [ 23.733540212, 38.016023888 ], [ 23.73450376, 38.01587285 ], [ 23.73538178, 38.015744143 ], [ 23.735386022, 38.015745293 ], [ 23.735499148, 38.015775952 ], [ 23.73631519, 38.015755253 ], [ 23.737324146, 38.016145061 ], [ 23.737835563, 38.016092126 ], [ 23.739308546, 38.015942183 ], [ 23.740120508, 38.015867371 ], [ 23.740941724, 38.015792574 ], [ 23.74238377, 38.015629005 ], [ 23.743624216, 38.015492017 ], [ 23.7445135, 38.015394812 ], [ 23.744718065, 38.015332166 ], [ 23.744808598, 38.015300818 ], [ 23.745060744, 38.015170679 ], [ 23.745044371, 38.015066996 ], [ 23.745018589, 38.01490471 ], [ 23.744834971, 38.014928809 ], [ 23.744108972, 38.013979709 ], [ 23.743409898, 38.013116641 ], [ 23.743378287, 38.013048208 ], [ 23.743394232, 38.01259334 ], [ 23.743432453, 38.011502982 ], [ 23.743451707, 38.01095369 ], [ 23.743429709, 38.010840991 ], [ 23.743416117, 38.010676853 ], [ 23.743369915, 38.010118887 ], [ 23.743309253, 38.009573427 ], [ 23.742901952, 38.009560009 ], [ 23.742517799, 38.009473547 ], [ 23.742371683, 38.00941915 ], [ 23.741946783, 38.009263329 ], [ 23.741375421, 38.009136283 ], [ 23.740865275, 38.00907808 ], [ 23.740296434, 38.009090124 ], [ 23.740216252, 38.00810405 ], [ 23.740215524, 38.008095091 ], [ 23.740212506, 38.008057971 ], [ 23.740176321, 38.008059565 ], [ 23.739627913, 38.008083717 ], [ 23.738842862, 38.008122534 ], [ 23.738085931, 38.008161408 ], [ 23.737680203, 38.008182301 ], [ 23.737666522, 38.008183005 ], [ 23.737636265, 38.008182938 ], [ 23.736975832, 38.008213007 ], [ 23.736469566, 38.008234406 ], [ 23.736053359, 38.008256005 ], [ 23.735098184, 38.008285402 ], [ 23.735096971, 38.008325957 ], [ 23.735095756, 38.008366512 ], [ 23.735096642, 38.008812648 ], [ 23.73441169, 38.008829129 ], [ 23.73380756, 38.008841283 ], [ 23.733152186, 38.00884881 ], [ 23.732377528, 38.008865075 ], [ 23.732375381, 38.008903843 ], [ 23.732374956, 38.008911519 ], [ 23.732344808, 38.009455745 ], [ 23.732344464, 38.009461943 ], [ 23.732341336, 38.009518422 ], [ 23.731841094, 38.009544321 ], [ 23.731380042, 38.009561295 ], [ 23.731332629, 38.010457961 ], [ 23.731298804, 38.010849942 ], [ 23.731240805, 38.011232854 ], [ 23.731165027, 38.011804994 ], [ 23.731083792, 38.012408667 ], [ 23.731046265, 38.012449139 ], [ 23.73026059, 38.012352705 ], [ 23.728813038, 38.012237062 ], [ 23.728811723, 38.012259625 ], [ 23.728803398, 38.012402578 ], [ 23.728930582, 38.013133761 ], [ 23.729039908, 38.013800961 ], [ 23.729060407, 38.013841566 ], [ 23.729086568, 38.013891196 ], [ 23.729214318, 38.014680111 ], [ 23.729203505, 38.014716138 ], [ 23.729190879, 38.014761173 ], [ 23.729205077, 38.014869359 ], [ 23.729339561, 38.015473527 ], [ 23.729627344, 38.016213239 ], [ 23.729690721, 38.016308019 ], [ 23.730691634, 38.01606697 ], [ 23.730826302, 38.01604024 ], [ 23.731065182, 38.016040786 ] ] ] } },
{ "type": "Feature", "properties": { "zone_id": 40, "year": 2040, "kwh_per_user_cap": 905.16718, "ac_share_cap": 0.85632336427332678, "kwh_pc_overall": 775.11577810030417, "kwh_cap": 2346495.75390625 }, "geometry": { "type": "Polygon", "coordinates": [ [ [ 23.737713335, 37.994740474 ], [ 23.737847915, 37.994727255 ], [ 23.738284416, 37.994782304 ], [ 23.738513277, 37.994778307 ], [ 23.738725459, 37.994760753 ], [ 23.73894238, 37.994711664 ], [ 23.739159379, 37.994640042 ], [ 23.7394125, 37.99451893 ], [ 23.739617733, 37.994352647 ], [ 23.739780225, 37.994195282 ], [ 23.739906913, 37.99399728 ], [ 23.739972987, 37.993830688 ], [ 23.740003328, 37.993704576 ], [ 23.740021245, 37.993569423 ], [ 23.740009037, 37.993398152 ], [ 23.739972952, 37.993235841 ], [ 23.739972869, 37.993235648 ], [ 23.739876231, 37.993010306 ], [ 23.739876211, 37.993010273 ], [ 23.739803702, 37.992892972 ], [ 23.740099248, 37.99274492 ], [ 23.740394586, 37.99265995 ], [ 23.740352057, 37.992531598 ], [ 23.740339298, 37.99249309 ], [ 23.740339174, 37.99249293 ], [ 23.740334557, 37.992486942 ], [ 23.740259232, 37.992389266 ], [ 23.740259194, 37.992389125 ], [ 23.740169671, 37.992051086 ], [ 23.740035115, 37.991555083 ], [ 23.739911821, 37.991095155 ], [ 23.739875982, 37.990964389 ], [ 23.739868604, 37.990937335 ], [ 23.739856307, 37.990892243 ], [ 23.739757965, 37.990522499 ], [ 23.739752892, 37.990346737 ], [ 23.739752426, 37.990346813 ], [ 23.738614468, 37.990533483 ], [ 23.738260528, 37.990586773 ], [ 23.737963303, 37.990628377 ], [ 23.737690117, 37.990666618 ], [ 23.736588095, 37.99082188 ], [ 23.7365865, 37.990822144 ], [ 23.735831733, 37.990946894 ], [ 23.735592802, 37.990986384 ], [ 23.735592761, 37.990986391 ], [ 23.735301911, 37.991033812 ], [ 23.735156585, 37.991057505 ], [ 23.734694078, 37.991134732 ], [ 23.734677272, 37.991137541 ], [ 23.73408085, 37.991234044 ], [ 23.734072978, 37.991235317 ], [ 23.733033883, 37.991404208 ], [ 23.732299944, 37.991528719 ], [ 23.731898257, 37.991595401 ], [ 23.731363419, 37.991675296 ], [ 23.731343805, 37.991677077 ], [ 23.731338724, 37.991677539 ], [ 23.731169751, 37.991692879 ], [ 23.731271512, 37.992089677 ], [ 23.731369715, 37.992486466 ], [ 23.73147041, 37.992883261 ], [ 23.731916174, 37.994691353 ], [ 23.732005924, 37.99506559 ], [ 23.732141982, 37.995624696 ], [ 23.732223251, 37.995617276 ], [ 23.732239573, 37.995615785 ], [ 23.732334593, 37.995607109 ], [ 23.733230528, 37.995478458 ], [ 23.733490486, 37.99543849 ], [ 23.733581098, 37.995380111 ], [ 23.733910059, 37.995326967 ], [ 23.735699269, 37.995037896 ], [ 23.735768448, 37.995026379 ], [ 23.735769225, 37.99502625 ], [ 23.736108439, 37.994969778 ], [ 23.736428088, 37.99491739 ], [ 23.736615557, 37.994886733 ], [ 23.737641863, 37.994722289 ], [ 23.737713335, 37.994740474 ] ] ] } },
{ "type": "Feature", "properties": { "zone_id": 41, "year": 2040, "kwh_per_user_cap": 905.44348, "ac_share_cap": 0.97979998146402492, "kwh_pc_overall": 887.15350577482957, "kwh_cap": 944026.8701171875 }, "geometry": { "type": "Polygon", "coordinates": [ [ [ 23.784996835, 37.999725879 ], [ 23.784148123, 37.999057374 ], [ 23.783755844, 37.998723452 ], [ 23.782933191, 37.998023168 ], [ 23.782034715, 37.997345543 ], [ 23.78155303, 37.997628554 ], [ 23.78104458, 37.997934045 ], [ 23.780532924, 37.998239528 ], [ 23.780028395, 37.998540516 ], [ 23.779067395, 37.999117067 ], [ 23.782341654, 38.003367353 ], [ 23.787116272, 38.001000544 ], [ 23.785217446, 37.999870487 ], [ 23.784996835, 37.999725879 ] ] ] } },
{ "type": "Feature", "properties": { "zone_id": 42, "year": 2040, "kwh_per_user_cap": 888.58215, "ac_share_cap": 0.42487973081763292, "kwh_pc_overall": 377.54055885702041, "kwh_cap": 7666478.55859375 }, "geometry": { "type": "Polygon", "coordinates": [ [ [ 23.731240805, 38.011232854 ], [ 23.731298804, 38.010849942 ], [ 23.731332629, 38.010457961 ], [ 23.731380042, 38.009561295 ], [ 23.731841094, 38.009544321 ], [ 23.732341336, 38.009518422 ], [ 23.732344464, 38.009461943 ], [ 23.732344808, 38.009455745 ], [ 23.732374956, 38.008911519 ], [ 23.732375381, 38.008903843 ], [ 23.732377528, 38.008865075 ], [ 23.733152186, 38.00884881 ], [ 23.73380756, 38.008841283 ], [ 23.73441169, 38.008829129 ], [ 23.735096642, 38.008812648 ], [ 23.735095756, 38.008366512 ], [ 23.735096971, 38.008325957 ], [ 23.735098184, 38.008285402 ], [ 23.735096148, 38.007861795 ], [ 23.735093902, 38.007496771 ], [ 23.73509088, 38.007050629 ], [ 23.735086951, 38.006658563 ], [ 23.735085803, 38.006581951 ], [ 23.734952809, 38.005950754 ], [ 23.734897735, 38.005725309 ], [ 23.734801034, 38.005296982 ], [ 23.734772639, 38.005175245 ], [ 23.734701906, 38.004850624 ], [ 23.734666555, 38.004683807 ], [ 23.734558322, 38.004194835 ], [ 23.7344281, 38.003786493 ], [ 23.734292168, 38.003380608 ], [ 23.734138281, 38.002920607 ], [ 23.734117507, 38.00285747 ], [ 23.733984372, 38.002762534 ], [ 23.733968872, 38.002717435 ], [ 23.733726204, 38.002004872 ], [ 23.733831416, 38.001946527 ], [ 23.733709536, 38.00149561 ], [ 23.733554365, 38.000900412 ], [ 23.733358918, 38.000124865 ], [ 23.733222424, 37.999975844 ], [ 23.733022874, 37.999155224 ], [ 23.731791078, 37.999332678 ], [ 23.731152527, 37.999434867 ], [ 23.730570243, 37.99952817 ], [ 23.729862251, 37.999639206 ], [ 23.729201966, 37.999745842 ], [ 23.72857234, 37.999839025 ], [ 23.727519695, 37.999998755 ], [ 23.727519263, 37.999998821 ], [ 23.727356861, 38.000025483 ], [ 23.726125594, 38.000148802 ], [ 23.725539857, 38.000210526 ], [ 23.724996508, 38.000263334 ], [ 23.724275821, 38.000338256 ], [ 23.723488913, 38.000417524 ], [ 23.723583293, 38.001350573 ], [ 23.72336963, 38.00137711 ], [ 23.723314394, 38.001384923 ], [ 23.723269887, 38.001391218 ], [ 23.723217968, 38.001398561 ], [ 23.723181595, 38.001403706 ], [ 23.723525313, 38.001909232 ], [ 23.723986055, 38.002437565 ], [ 23.724255049, 38.002749138 ], [ 23.724432989, 38.002947838 ], [ 23.72521168, 38.003837423 ], [ 23.725551588, 38.004225768 ], [ 23.725948199, 38.00468184 ], [ 23.726259739, 38.005043079 ], [ 23.726600676, 38.005444942 ], [ 23.726644664, 38.005485602 ], [ 23.726652038, 38.0054965 ], [ 23.726790592, 38.005701262 ], [ 23.727209678, 38.0063206 ], [ 23.727307644, 38.006492071 ], [ 23.727476608, 38.006812418 ], [ 23.727633726, 38.007159775 ], [ 23.727834839, 38.007836202 ], [ 23.727870608, 38.008007855 ], [ 23.727885563, 38.008079629 ], [ 23.727916917, 38.008234086 ], [ 23.727919579, 38.008247673 ], [ 23.728039257, 38.008967783 ], [ 23.72819215, 38.009882938 ], [ 23.728321174, 38.010707908 ], [ 23.728391146, 38.011136179 ], [ 23.728398051, 38.01118332 ], [ 23.728398117, 38.011183778 ], [ 23.728483491, 38.011766675 ], [ 23.728484901, 38.011776305 ], [ 23.728499602, 38.011883929 ], [ 23.728509851, 38.011958959 ], [ 23.728537241, 38.01215947 ], [ 23.728523819, 38.012223184 ], [ 23.728516519, 38.012257836 ], [ 23.728692312, 38.012241772 ], [ 23.728776483, 38.012238489 ], [ 23.728813038, 38.012237062 ], [ 23.73026059, 38.012352705 ], [ 23.731046265, 38.012449139 ], [ 23.731083792, 38.012408667 ], [ 23.731165027, 38.011804994 ], [ 23.731240805, 38.011232854 ] ] ] } },
{ "type": "Feature", "properties": { "zone_id": 43, "year": 2040, "kwh_per_user_cap": 695.1073, "ac_share_cap": 0.52768516380344987, "kwh_pc_overall": 366.7978196038996, "kwh_cap": 6493595.70703125 }, "geometry": { "type": "Polygon", "coordinates": [ [ [ 23.73222685, 37.995971883 ], [ 23.732143315, 37.995630147 ], [ 23.732142071, 37.995625058 ], [ 23.732141982, 37.995624696 ], [ 23.732005924, 37.99506559 ], [ 23.731916174, 37.994691353 ], [ 23.73147041, 37.992883261 ], [ 23.731369715, 37.992486466 ], [ 23.731271512, 37.992089677 ], [ 23.731169751, 37.991692879 ], [ 23.73113758, 37.991560491 ], [ 23.731131229, 37.99153436 ], [ 23.731082095, 37.991332165 ], [ 23.730769858, 37.991381497 ], [ 23.729845021, 37.991527613 ], [ 23.729059471, 37.991651986 ], [ 23.728644985, 37.99171412 ], [ 23.727911069, 37.991829592 ], [ 23.727111259, 37.991958425 ], [ 23.726950648, 37.991962361 ], [ 23.726946355, 37.991962466 ], [ 23.726943951, 37.991962525 ], [ 23.726943306, 37.991962541 ], [ 23.726943263, 37.991962542 ], [ 23.726044477, 37.992005516 ], [ 23.725073427, 37.992052821 ], [ 23.724330196, 37.992087133 ], [ 23.723333944, 37.992116338 ], [ 23.723105259, 37.992169877 ], [ 23.722298626, 37.992217546 ], [ 23.72187432, 37.992239076 ], [ 23.721556237, 37.992253871 ], [ 23.721443733, 37.992259105 ], [ 23.721345509, 37.992263673 ], [ 23.721321165, 37.992264805 ], [ 23.721218339, 37.992269588 ], [ 23.721034676, 37.99227813 ], [ 23.721034061, 37.992278158 ], [ 23.721034222, 37.992279266 ], [ 23.72103472, 37.992282696 ], [ 23.721120602, 37.99269244 ], [ 23.721105024, 37.99285914 ], [ 23.721110908, 37.992872186 ], [ 23.721139611, 37.992935831 ], [ 23.721192338, 37.99348574 ], [ 23.721226499, 37.99367509 ], [ 23.721326716, 37.994184553 ], [ 23.721406039, 37.994572293 ], [ 23.721446981, 37.994757153 ], [ 23.721302344, 37.994802461 ], [ 23.721061382, 37.994786284 ], [ 23.720967748, 37.995463525 ], [ 23.720872024, 37.996116728 ], [ 23.720783537, 37.996738404 ], [ 23.72078644, 37.996738666 ], [ 23.721298371, 37.996784689 ], [ 23.721719295, 37.996817231 ], [ 23.721792613, 37.996817404 ], [ 23.722128289, 37.996804678 ], [ 23.722220419, 37.996796292 ], [ 23.722220508, 37.996796283 ], [ 23.723137689, 37.996703411 ], [ 23.723137907, 37.996706054 ], [ 23.723154027, 37.996901732 ], [ 23.723188536, 37.997284859 ], [ 23.723251737, 37.997893373 ], [ 23.723368162, 37.999114886 ], [ 23.723488913, 38.000417524 ], [ 23.724275821, 38.000338256 ], [ 23.724996508, 38.000263334 ], [ 23.725539857, 38.000210526 ], [ 23.726125594, 38.000148802 ], [ 23.727356861, 38.000025483 ], [ 23.727519263, 37.999998821 ], [ 23.727519695, 37.999998755 ], [ 23.72857234, 37.999839025 ], [ 23.729201966, 37.999745842 ], [ 23.729862251, 37.999639206 ], [ 23.730570243, 37.99952817 ], [ 23.731152527, 37.999434867 ], [ 23.731791078, 37.999332678 ], [ 23.733022874, 37.999155224 ], [ 23.732882565, 37.998587097 ], [ 23.732746801, 37.998041512 ], [ 23.73242648, 37.996765467 ], [ 23.732322282, 37.99635064 ], [ 23.73222685, 37.995971883 ] ] ] } },
{ "type": "Feature", "properties": { "zone_id": 44, "year": 2040, "kwh_per_user_cap": 837.8288, "ac_share_cap": 0.70235812780094975, "kwh_pc_overall": 588.45587098394731, "kwh_cap": 6430858.015625 }, "geometry": { "type": "Polygon", "coordinates": [ [ [ 23.75488373, 37.999941965 ], [ 23.755138355, 37.999931191 ], [ 23.755152513, 37.999930592 ], [ 23.75537271, 37.999921273 ], [ 23.755592539, 37.99991197 ], [ 23.755596436, 37.999911805 ], [ 23.755731261, 37.999826464 ], [ 23.755744732, 37.999814623 ], [ 23.755753547, 37.999810745 ], [ 23.756013587, 37.999696364 ], [ 23.756727877, 37.999391407 ], [ 23.757217082, 37.999342847 ], [ 23.757347988, 37.999365649 ], [ 23.757717499, 37.999456539 ], [ 23.758084862, 37.999574462 ], [ 23.758152684, 37.999665312 ], [ 23.75828332, 37.999813711 ], [ 23.758295581, 37.999827711 ], [ 23.758312463, 37.999846985 ], [ 23.75845819, 38.000013369 ], [ 23.758531797, 38.000149902 ], [ 23.758898601, 38.001090562 ], [ 23.758945255, 38.001078851 ], [ 23.759118863, 38.00103527 ], [ 23.759203565, 38.000960228 ], [ 23.759315399, 38.000829771 ], [ 23.759428575, 38.000801287 ], [ 23.75944239, 38.000744409 ], [ 23.759428681, 38.000473996 ], [ 23.759492172, 38.000541722 ], [ 23.759561558, 38.000330062 ], [ 23.759700517, 37.999740005 ], [ 23.759761257, 37.999433494 ], [ 23.759794246, 37.999267023 ], [ 23.759685444, 37.99907982 ], [ 23.7593782, 37.998551027 ], [ 23.759118094, 37.998103385 ], [ 23.758892117, 37.997714477 ], [ 23.758670308, 37.997393146 ], [ 23.758684852, 37.997216245 ], [ 23.758740717, 37.996536736 ], [ 23.758748612, 37.996308672 ], [ 23.758690785, 37.996090313 ], [ 23.758557589, 37.995587358 ], [ 23.758477559, 37.995285158 ], [ 23.758528035, 37.994950005 ], [ 23.75879693, 37.994704485 ], [ 23.758563396, 37.994505723 ], [ 23.758188703, 37.994157959 ], [ 23.758171265, 37.994140646 ], [ 23.758170154, 37.994139544 ], [ 23.758076408, 37.994046468 ], [ 23.757933996, 37.993905075 ], [ 23.75759647, 37.993512322 ], [ 23.757464596, 37.993354325 ], [ 23.757423593, 37.993160464 ], [ 23.757359903, 37.993047672 ], [ 23.757033764, 37.993223984 ], [ 23.756887139, 37.993303562 ], [ 23.756522759, 37.993501091 ], [ 23.756098139, 37.993725532 ], [ 23.755448926, 37.994062166 ], [ 23.754929452, 37.994340483 ], [ 23.754807523, 37.994403319 ], [ 23.754601452, 37.994511043 ], [ 23.754499236, 37.994565249 ], [ 23.754127352, 37.994497395 ], [ 23.753668267, 37.994429506 ], [ 23.753261518, 37.994370817 ], [ 23.753049648, 37.994340246 ], [ 23.752966377, 37.994328231 ], [ 23.752684791, 37.994287599 ], [ 23.75230278, 37.994232477 ], [ 23.752075144, 37.994199628 ], [ 23.75188319, 37.994171929 ], [ 23.751767015, 37.994198659 ], [ 23.751511608, 37.994249691 ], [ 23.751499196, 37.994252168 ], [ 23.751028376, 37.994345809 ], [ 23.750593488, 37.994438681 ], [ 23.750325679, 37.994493032 ], [ 23.75014725, 37.994528704 ], [ 23.750316621, 37.995065328 ], [ 23.750346893, 37.995164533 ], [ 23.75040462, 37.995353926 ], [ 23.750348497, 37.995418788 ], [ 23.750295642, 37.995479874 ], [ 23.749978, 37.995425122 ], [ 23.749777147, 37.995460746 ], [ 23.749298613, 37.995621959 ], [ 23.749202285, 37.995650879 ], [ 23.749119764, 37.995675654 ], [ 23.748615462, 37.995877366 ], [ 23.748307994, 37.995997743 ], [ 23.748196873, 37.996041247 ], [ 23.747676734, 37.996244883 ], [ 23.747240513, 37.99641519 ], [ 23.746655072, 37.996632372 ], [ 23.746508074, 37.99670124 ], [ 23.746327638, 37.996775889 ], [ 23.745942503, 37.996901149 ], [ 23.746058675, 37.997011798 ], [ 23.746087338, 37.997039098 ], [ 23.746387519, 37.997264019 ], [ 23.746732731, 37.997522677 ], [ 23.746965994, 37.997689916 ], [ 23.747303234, 37.997947507 ], [ 23.74785174, 37.998354262 ], [ 23.748000841, 37.998467242 ], [ 23.7480793, 37.998525994 ], [ 23.748505714, 37.998833343 ], [ 23.748673991, 37.998959882 ], [ 23.749071848, 37.999256262 ], [ 23.749458053, 37.999258302 ], [ 23.749747464, 37.99925983 ], [ 23.750096717, 37.999261673 ], [ 23.750354348, 37.999683073 ], [ 23.750256743, 37.999918689 ], [ 23.750214835, 38.000018053 ], [ 23.750228516, 38.00015572 ], [ 23.75026935, 38.000215019 ], [ 23.75034031, 38.000256773 ], [ 23.750352565, 38.000374842 ], [ 23.750376364, 38.000540753 ], [ 23.750403601, 38.000905831 ], [ 23.750405471, 38.000909708 ], [ 23.750431877, 38.000964474 ], [ 23.7504401, 38.000972285 ], [ 23.750441347, 38.00097347 ], [ 23.750683781, 38.001203849 ], [ 23.750936726, 38.001364637 ], [ 23.751155813, 38.001502272 ], [ 23.75144103, 38.001574978 ], [ 23.751482302, 38.001585083 ], [ 23.751500907, 38.001589639 ], [ 23.751626677, 38.001620434 ], [ 23.751771673, 38.001655301 ], [ 23.751789695, 38.001659634 ], [ 23.7518038, 38.001663026 ], [ 23.751879677, 38.001681272 ], [ 23.751880408, 38.001681447 ], [ 23.751880408, 38.001681186 ], [ 23.751880413, 38.001634489 ], [ 23.752643621, 38.000446402 ], [ 23.752957584, 38.000163209 ], [ 23.753278093, 38.000027784 ], [ 23.753909273, 37.999883132 ], [ 23.754226701, 37.999881324 ], [ 23.75488373, 37.999941965 ] ] ] } },
{ "type": "Feature", "properties": { "zone_id": 45, "year": 2040, "kwh_per_user_cap": 819.86932, "ac_share_cap": 0.78172296425301013, "kwh_pc_overall": 640.91070491154528, "kwh_cap": 4599306.69921875 }, "geometry": { "type": "Polygon", "coordinates": [ [ [ 23.741471269, 38.032467411 ], [ 23.741667202, 38.03254445 ], [ 23.742327764, 38.032376957 ], [ 23.743982402, 38.03195467 ], [ 23.743800525, 38.03155057 ], [ 23.743751083, 38.031440445 ], [ 23.743582344, 38.031064559 ], [ 23.743350617, 38.030551805 ], [ 23.743012822, 38.029803006 ], [ 23.7425223, 38.02874293 ], [ 23.742506212, 38.028632165 ], [ 23.742459617, 38.028311379 ], [ 23.742441979, 38.028189951 ], [ 23.742399803, 38.02821485 ], [ 23.742293393, 38.028277671 ], [ 23.742178304, 38.028345614 ], [ 23.742152409, 38.028280467 ], [ 23.742031772, 38.027976966 ], [ 23.742000194, 38.027935912 ], [ 23.741891609, 38.027794744 ], [ 23.74152074, 38.027482854 ], [ 23.741306936, 38.027248584 ], [ 23.739996379, 38.02643431 ], [ 23.739903266, 38.026465943 ], [ 23.739642364, 38.026297471 ], [ 23.739464132, 38.026182381 ], [ 23.739343044, 38.026104191 ], [ 23.73930442, 38.026079099 ], [ 23.739301495, 38.026077199 ], [ 23.739143584, 38.025974615 ], [ 23.739208717, 38.025948444 ], [ 23.73921975, 38.025944011 ], [ 23.739261869, 38.025927087 ], [ 23.739412995, 38.025866364 ], [ 23.739349766, 38.025826076 ], [ 23.739287306, 38.025786279 ], [ 23.738911176, 38.025546615 ], [ 23.738092467, 38.025033396 ], [ 23.73729933, 38.024527792 ], [ 23.737291376, 38.024522721 ], [ 23.737282935, 38.024517143 ], [ 23.736770522, 38.02417854 ], [ 23.7365824, 38.024054227 ], [ 23.736380965, 38.023921116 ], [ 23.736194244, 38.023797727 ], [ 23.736084392, 38.023725134 ], [ 23.735924335, 38.023628677 ], [ 23.735815289, 38.02356296 ], [ 23.735695746, 38.023490917 ], [ 23.735673658, 38.023502541 ], [ 23.735658998, 38.023510256 ], [ 23.735570966, 38.023556584 ], [ 23.735496561, 38.023595739 ], [ 23.735456011, 38.023616992 ], [ 23.735065546, 38.023782849 ], [ 23.734818434, 38.02388594 ], [ 23.734522463, 38.024011451 ], [ 23.73402288, 38.024222123 ], [ 23.733552165, 38.024423845 ], [ 23.733492641, 38.024441736 ], [ 23.733244196, 38.024616922 ], [ 23.73302752, 38.024769647 ], [ 23.732343173, 38.025263795 ], [ 23.732237695, 38.025335039 ], [ 23.732163148, 38.025385391 ], [ 23.732104984, 38.025424676 ], [ 23.732057734, 38.02545659 ], [ 23.732003462, 38.025493247 ], [ 23.731988879, 38.025503097 ], [ 23.731984102, 38.025506323 ], [ 23.731973702, 38.025513994 ], [ 23.731832578, 38.025618103 ], [ 23.73166743, 38.025739933 ], [ 23.731481211, 38.025859222 ], [ 23.731370838, 38.025929925 ], [ 23.731292395, 38.025964396 ], [ 23.73129526, 38.025978103 ], [ 23.731304644, 38.026023008 ], [ 23.731354689, 38.026050147 ], [ 23.731402041, 38.026075825 ], [ 23.731563341, 38.026163297 ], [ 23.731709064, 38.026239004 ], [ 23.731720219, 38.0262448 ], [ 23.731766581, 38.026268886 ], [ 23.731850848, 38.026312664 ], [ 23.731949634, 38.026366966 ], [ 23.731980981, 38.026351596 ], [ 23.732042753, 38.026321307 ], [ 23.732105153, 38.026290711 ], [ 23.732556584, 38.026598174 ], [ 23.732872708, 38.026729413 ], [ 23.732884022, 38.02673411 ], [ 23.733217901, 38.026861047 ], [ 23.733620322, 38.027037709 ], [ 23.734193149, 38.027215275 ], [ 23.7342061, 38.02721929 ], [ 23.734627495, 38.027269812 ], [ 23.734674587, 38.027269491 ], [ 23.735620222, 38.027263036 ], [ 23.73593111, 38.027250215 ], [ 23.736058466, 38.027282046 ], [ 23.736439291, 38.027526245 ], [ 23.73656092, 38.027666216 ], [ 23.736680528, 38.027972919 ], [ 23.736691809, 38.028004489 ], [ 23.7368227, 38.028342761 ], [ 23.736992844, 38.028956012 ], [ 23.737133259, 38.029422519 ], [ 23.737144862, 38.029461068 ], [ 23.7371655, 38.029488834 ], [ 23.737311237, 38.029684906 ], [ 23.737431805, 38.029847114 ], [ 23.737560895, 38.03002079 ], [ 23.737774654, 38.030301511 ], [ 23.737777444, 38.030305176 ], [ 23.737786886, 38.030318673 ], [ 23.738030041, 38.03066625 ], [ 23.738058373, 38.030698568 ], [ 23.738152747, 38.030806221 ], [ 23.738165257, 38.030816011 ], [ 23.738343932, 38.030955818 ], [ 23.73835522, 38.03096465 ], [ 23.738435754, 38.031027665 ], [ 23.738844985, 38.031402605 ], [ 23.740034401, 38.032482268 ], [ 23.740065798, 38.032519671 ], [ 23.740095038, 38.032554504 ], [ 23.740152224, 38.032595188 ], [ 23.740226519, 38.032631404 ], [ 23.740296264, 38.032645077 ], [ 23.740348742, 38.03265102 ], [ 23.74037742, 38.032654269 ], [ 23.740475375, 38.032645472 ], [ 23.740524801, 38.032637355 ], [ 23.740545805, 38.032633907 ], [ 23.740583688, 38.032627686 ], [ 23.740687405, 38.032600876 ], [ 23.740790053, 38.032574064 ], [ 23.741059815, 38.032516075 ], [ 23.741230611, 38.03247326 ], [ 23.741255837, 38.032466937 ], [ 23.741360118, 38.032459218 ], [ 23.741374089, 38.032458184 ], [ 23.741471269, 38.032467411 ] ] ] } },
{ "type": "Feature", "properties": { "zone_id": 46, "year": 2040, "kwh_per_user_cap": 834.86615, "ac_share_cap": 0.65459078348415145, "kwh_pc_overall": 546.49566853153488, "kwh_cap": 3199123.8359375 }, "geometry": { "type": "Polygon", "coordinates": [ [ [ 23.752231617, 37.964299412 ], [ 23.752221576, 37.96430002 ], [ 23.751179061, 37.964362728 ], [ 23.751059531, 37.964405716 ], [ 23.750711694, 37.96441245 ], [ 23.750675628, 37.964399552 ], [ 23.75020797, 37.964114751 ], [ 23.749719168, 37.963817067 ], [ 23.749155941, 37.963515677 ], [ 23.748725091, 37.96328512 ], [ 23.748301141, 37.963072683 ], [ 23.747660347, 37.96269091 ], [ 23.746603392, 37.962065789 ], [ 23.746512574, 37.962166654 ], [ 23.74629126, 37.962416619 ], [ 23.745853234, 37.962898926 ], [ 23.745496741, 37.963294844 ], [ 23.74517991, 37.963648984 ], [ 23.74495528, 37.963902752 ], [ 23.74481205, 37.964062779 ], [ 23.744617108, 37.964271735 ], [ 23.744610656, 37.964278651 ], [ 23.744555412, 37.964340252 ], [ 23.744473515, 37.964431573 ], [ 23.745066621, 37.964767631 ], [ 23.745207146, 37.964847252 ], [ 23.745345216, 37.964925174 ], [ 23.745493374, 37.965008789 ], [ 23.745504625, 37.965015139 ], [ 23.746192009, 37.965413191 ], [ 23.746278241, 37.965458237 ], [ 23.74665878, 37.965657022 ], [ 23.746996995, 37.965833696 ], [ 23.747609732, 37.966188187 ], [ 23.748157299, 37.96650497 ], [ 23.74835258, 37.966617943 ], [ 23.748648495, 37.966788423 ], [ 23.748975173, 37.966973885 ], [ 23.749499261, 37.967276934 ], [ 23.749628087, 37.967351608 ], [ 23.749710861, 37.967485017 ], [ 23.749843562, 37.967517853 ], [ 23.750136321, 37.967660658 ], [ 23.750130635, 37.967733427 ], [ 23.750466845, 37.967837789 ], [ 23.751011194, 37.968149887 ], [ 23.751311879, 37.968324562 ], [ 23.751540621, 37.968457444 ], [ 23.751986256, 37.968715251 ], [ 23.752044142, 37.968746919 ], [ 23.75230336, 37.968896177 ], [ 23.752436519, 37.968973067 ], [ 23.752761272, 37.969156608 ], [ 23.753459714, 37.96835392 ], [ 23.754109683, 37.967631776 ], [ 23.75512678, 37.966536416 ], [ 23.755771267, 37.965852557 ], [ 23.755379183, 37.965634391 ], [ 23.755010084, 37.965429013 ], [ 23.754596326, 37.965198782 ], [ 23.754000085, 37.964867005 ], [ 23.752905736, 37.964258042 ], [ 23.752231617, 37.964299412 ] ] ] } },
{ "type": "Feature", "properties": { "zone_id": 47, "year": 2040, "kwh_per_user_cap": 942.95172, "ac_share_cap": 0.80011886459271131, "kwh_pc_overall": 754.47344831197518, "kwh_cap": 12353003.8828125 }, "geometry": { "type": "Polygon", "coordinates": [ [ [ 23.750492261, 38.028945209 ], [ 23.75110435, 38.028710336 ], [ 23.751250745, 38.02862719 ], [ 23.751528584, 38.028469391 ], [ 23.752193419, 38.028187023 ], [ 23.752812744, 38.02792398 ], [ 23.752066173, 38.026906806 ], [ 23.751490446, 38.026089565 ], [ 23.751086938, 38.025504498 ], [ 23.750752553, 38.025047393 ], [ 23.750329199, 38.024454075 ], [ 23.749749528, 38.023641665 ], [ 23.749157735, 38.022824009 ], [ 23.749101734, 38.022747707 ], [ 23.74850102, 38.021929216 ], [ 23.748268102, 38.02157889 ], [ 23.7482355, 38.021529854 ], [ 23.747959948, 38.021130226 ], [ 23.747673266, 38.020730756 ], [ 23.7473682, 38.020301157 ], [ 23.747085448, 38.019900162 ], [ 23.747002069, 38.019781914 ], [ 23.74580748, 38.020318241 ], [ 23.745191471, 38.020595008 ], [ 23.744606745, 38.020860129 ], [ 23.744160743, 38.021062349 ], [ 23.743782982, 38.021233626 ], [ 23.743308282, 38.021448852 ], [ 23.742965614, 38.021604213 ], [ 23.742279968, 38.021915072 ], [ 23.741470567, 38.022282029 ], [ 23.741168562, 38.022418948 ], [ 23.740661599, 38.022648783 ], [ 23.740482271, 38.022730081 ], [ 23.739960833, 38.022968149 ], [ 23.740183753, 38.023163374 ], [ 23.740226287, 38.023217545 ], [ 23.74036347, 38.023389091 ], [ 23.74046843, 38.023510995 ], [ 23.740702417, 38.023795415 ], [ 23.741016555, 38.024170138 ], [ 23.74134659, 38.024580946 ], [ 23.74163382, 38.025010813 ], [ 23.74122184, 38.025169529 ], [ 23.740756018, 38.025348985 ], [ 23.740326012, 38.025514641 ], [ 23.739412995, 38.025866364 ], [ 23.739261869, 38.025927087 ], [ 23.73921975, 38.025944011 ], [ 23.739208717, 38.025948444 ], [ 23.739143584, 38.025974615 ], [ 23.739301495, 38.026077199 ], [ 23.73930442, 38.026079099 ], [ 23.739343044, 38.026104191 ], [ 23.739464132, 38.026182381 ], [ 23.739642364, 38.026297471 ], [ 23.739903266, 38.026465943 ], [ 23.739996379, 38.02643431 ], [ 23.741306936, 38.027248584 ], [ 23.74152074, 38.027482854 ], [ 23.741891609, 38.027794744 ], [ 23.742000194, 38.027935912 ], [ 23.742031772, 38.027976966 ], [ 23.742152409, 38.028280467 ], [ 23.742178304, 38.028345614 ], [ 23.742293393, 38.028277671 ], [ 23.742399803, 38.02821485 ], [ 23.742441979, 38.028189951 ], [ 23.742459617, 38.028311379 ], [ 23.742506212, 38.028632165 ], [ 23.7425223, 38.02874293 ], [ 23.743012822, 38.029803006 ], [ 23.743350617, 38.030551805 ], [ 23.743582344, 38.031064559 ], [ 23.743751083, 38.031440445 ], [ 23.743776705, 38.031441923 ], [ 23.743831034, 38.031445058 ], [ 23.743831233, 38.031445065 ], [ 23.744022983, 38.031451295 ], [ 23.744699109, 38.031452986 ], [ 23.745498178, 38.031125997 ], [ 23.745359841, 38.030923862 ], [ 23.745426124, 38.030895963 ], [ 23.746969613, 38.03022986 ], [ 23.747002925, 38.030215484 ], [ 23.747045543, 38.030197091 ], [ 23.747809017, 38.029867596 ], [ 23.747845972, 38.029851647 ], [ 23.747880973, 38.029836542 ], [ 23.748177263, 38.029708669 ], [ 23.748250327, 38.029677135 ], [ 23.748367594, 38.029624414 ], [ 23.748397228, 38.029612086 ], [ 23.748483621, 38.029575416 ], [ 23.748522606, 38.029558814 ], [ 23.748663762, 38.029498702 ], [ 23.749340228, 38.029209733 ], [ 23.749392415, 38.029187441 ], [ 23.749402142, 38.029183286 ], [ 23.749456094, 38.029160239 ], [ 23.749461867, 38.029157772 ], [ 23.749615267, 38.029090255 ], [ 23.750197317, 38.028834071 ], [ 23.750361314, 38.028759061 ], [ 23.750492261, 38.028945209 ] ] ] } },
{ "type": "Feature", "properties": { "zone_id": 48, "year": 2040, "kwh_per_user_cap": 837.44189, "ac_share_cap": 0.4746466873933507, "kwh_pc_overall": 397.4890120537105, "kwh_cap": 6291929.671875 }, "geometry": { "type": "Polygon", "coordinates": [ [ [ 23.70552039, 37.972172174 ], [ 23.705520357, 37.97217221 ], [ 23.704100787, 37.973687815 ], [ 23.704775028, 37.974311397 ], [ 23.705212006, 37.974667718 ], [ 23.705263439, 37.974709658 ], [ 23.705321837, 37.974757276 ], [ 23.705346015, 37.974776991 ], [ 23.705737997, 37.975071368 ], [ 23.705770046, 37.975095436 ], [ 23.705773483, 37.975098017 ], [ 23.705735778, 37.97511153 ], [ 23.705690978, 37.975127585 ], [ 23.705544787, 37.975179976 ], [ 23.705500282, 37.975195925 ], [ 23.70549876, 37.975196471 ], [ 23.705487774, 37.97521127 ], [ 23.705487175, 37.975212077 ], [ 23.705485174, 37.975214773 ], [ 23.705500739, 37.975226262 ], [ 23.705591994, 37.975293617 ], [ 23.706368356, 37.975866647 ], [ 23.707426303, 37.976799083 ], [ 23.708891554, 37.978043968 ], [ 23.709830649, 37.979026533 ], [ 23.709928205, 37.979137352 ], [ 23.7114256, 37.980838272 ], [ 23.711432085, 37.980845637 ], [ 23.711469552, 37.980888196 ], [ 23.711515219, 37.980940069 ], [ 23.711603037, 37.981097806 ], [ 23.711710429, 37.981255901 ], [ 23.713526885, 37.983260272 ], [ 23.713712365, 37.983468019 ], [ 23.713897847, 37.983675766 ], [ 23.714404861, 37.984131401 ], [ 23.714430835, 37.984154743 ], [ 23.714435027, 37.984158807 ], [ 23.714463451, 37.984186367 ], [ 23.714502623, 37.98422127 ], [ 23.714514164, 37.984231554 ], [ 23.714542449, 37.984257985 ], [ 23.71456735, 37.984281254 ], [ 23.714594783, 37.984304163 ], [ 23.714892384, 37.984552679 ], [ 23.715720163, 37.985243914 ], [ 23.717077559, 37.986409845 ], [ 23.717585339, 37.986884239 ], [ 23.717635367, 37.986913532 ], [ 23.717848092, 37.987038088 ], [ 23.717951196, 37.987071685 ], [ 23.717973002, 37.987049045 ], [ 23.71801476, 37.987005693 ], [ 23.718042337, 37.986984193 ], [ 23.717995463, 37.986942339 ], [ 23.717995225, 37.986942126 ], [ 23.718166521, 37.986741347 ], [ 23.718428784, 37.986368331 ], [ 23.718785547, 37.985892875 ], [ 23.719249816, 37.985180289 ], [ 23.719270208, 37.985058664 ], [ 23.719287414, 37.984932525 ], [ 23.719288314, 37.984928135 ], [ 23.71930772, 37.984833432 ], [ 23.71984221, 37.98408664 ], [ 23.720355947, 37.983366834 ], [ 23.720505157, 37.98315088 ], [ 23.720884028, 37.982615515 ], [ 23.721417029, 37.981877724 ], [ 23.721780841, 37.981369359 ], [ 23.721807206, 37.981331877 ], [ 23.720709209, 37.98084412 ], [ 23.72070908, 37.980844063 ], [ 23.719350884, 37.980240699 ], [ 23.719347198, 37.980239059 ], [ 23.718238579, 37.979746085 ], [ 23.718226623, 37.979740769 ], [ 23.717819044, 37.979559524 ], [ 23.716861993, 37.979133927 ], [ 23.716726608, 37.979073722 ], [ 23.716003611, 37.97854911 ], [ 23.71584833, 37.978433928 ], [ 23.715252712, 37.977992114 ], [ 23.714511846, 37.977653064 ], [ 23.714348415, 37.977578271 ], [ 23.713463176, 37.977157945 ], [ 23.713455697, 37.977154393 ], [ 23.712566212, 37.976732038 ], [ 23.712033378, 37.976473391 ], [ 23.711483396, 37.976155539 ], [ 23.711132297, 37.975911166 ], [ 23.710613718, 37.975574409 ], [ 23.7096031, 37.974902881 ], [ 23.708965871, 37.974451138 ], [ 23.708199728, 37.973905708 ], [ 23.707682626, 37.973548293 ], [ 23.707646823, 37.973523547 ], [ 23.707569692, 37.973473023 ], [ 23.707524658, 37.973443523 ], [ 23.707080781, 37.973134401 ], [ 23.705993271, 37.972415277 ], [ 23.705561206, 37.972129564 ], [ 23.705560646, 37.972129194 ], [ 23.70552039, 37.972172174 ] ] ] } },
{ "type": "Feature", "properties": { "zone_id": 49, "year": 2040, "kwh_per_user_cap": 911.7547, "ac_share_cap": 0.59664273037233351, "kwh_pc_overall": 543.99181915527492, "kwh_cap": 8038556.544921875 }, "geometry": { "type": "Polygon", "coordinates": [ [ [ 23.721353608, 38.008524024 ], [ 23.721422415, 38.007885266 ], [ 23.721449847, 38.007748138 ], [ 23.721461849, 38.007388666 ], [ 23.721424182, 38.006712615 ], [ 23.721368653, 38.005898878 ], [ 23.72132444, 38.005509167 ], [ 23.721286786, 38.005112514 ], [ 23.721211352, 38.004301991 ], [ 23.721164805, 38.00380183 ], [ 23.721092331, 38.003289244 ], [ 23.720939698, 38.002249025 ], [ 23.720856606, 38.001682736 ], [ 23.720788473, 38.00121838 ], [ 23.720730516, 38.000823381 ], [ 23.720659628, 38.000340233 ], [ 23.720610839, 38.000007711 ], [ 23.720564825, 37.999694093 ], [ 23.720557028, 37.999648463 ], [ 23.720503194, 37.999333433 ], [ 23.720455384, 37.999313736 ], [ 23.720433206, 37.999304531 ], [ 23.72030287, 37.999250431 ], [ 23.720262915, 37.999233847 ], [ 23.720262894, 37.999233695 ], [ 23.720189139, 37.998710801 ], [ 23.720158094, 37.998169958 ], [ 23.719194549, 37.998280322 ], [ 23.718768698, 37.998324368 ], [ 23.718341779, 37.998368411 ], [ 23.717608629, 37.998447768 ], [ 23.716842361, 37.998531548 ], [ 23.716341356, 37.998588924 ], [ 23.715677286, 37.998659423 ], [ 23.71539563, 37.998690287 ], [ 23.715033502, 37.998729968 ], [ 23.714972266, 37.998734326 ], [ 23.714347345, 37.998804912 ], [ 23.713633124, 37.99887921 ], [ 23.71362773, 37.998879771 ], [ 23.713946473, 37.999380759 ], [ 23.714328225, 37.999972027 ], [ 23.714458064, 38.000175131 ], [ 23.714609172, 38.000400819 ], [ 23.714893986, 38.000843138 ], [ 23.715125031, 38.001199704 ], [ 23.715554558, 38.001867693 ], [ 23.715859549, 38.002341604 ], [ 23.715005503, 38.002470223 ], [ 23.714474839, 38.002550051 ], [ 23.715083368, 38.003412252 ], [ 23.715280871, 38.00370114 ], [ 23.715492577, 38.003999076 ], [ 23.715760567, 38.004378262 ], [ 23.715893318, 38.004567852 ], [ 23.715921446, 38.004658048 ], [ 23.715200257, 38.004665317 ], [ 23.714205412, 38.004653891 ], [ 23.713503123, 38.004652182 ], [ 23.713080664, 38.004646646 ], [ 23.712504347, 38.004645238 ], [ 23.71242251, 38.004645741 ], [ 23.710208399, 38.004659323 ], [ 23.709966621, 38.004660803 ], [ 23.709880909, 38.004661328 ], [ 23.711543227, 38.005275615 ], [ 23.711611896, 38.005300989 ], [ 23.711946058, 38.005486962 ], [ 23.711955575, 38.005492259 ], [ 23.712091748, 38.005568043 ], [ 23.712366573, 38.005784145 ], [ 23.712591003, 38.005960619 ], [ 23.712752869, 38.006087897 ], [ 23.712839088, 38.006170005 ], [ 23.713945038, 38.007223204 ], [ 23.714512999, 38.00776406 ], [ 23.714826217, 38.008048724 ], [ 23.715092797, 38.008243145 ], [ 23.715167375, 38.00828839 ], [ 23.715338925, 38.008387946 ], [ 23.717064032, 38.009388025 ], [ 23.717188409, 38.009468518 ], [ 23.717524617, 38.009686099 ], [ 23.717637155, 38.009758928 ], [ 23.717789418, 38.00987646 ], [ 23.717848709, 38.009943454 ], [ 23.717868314, 38.009965607 ], [ 23.717905322, 38.010007424 ], [ 23.718021569, 38.010225892 ], [ 23.718114203, 38.010399982 ], [ 23.718199961, 38.010688837 ], [ 23.718226667, 38.01077879 ], [ 23.718270358, 38.011175458 ], [ 23.718296952, 38.011481958 ], [ 23.718322174, 38.011774934 ], [ 23.718354562, 38.012149043 ], [ 23.718387253, 38.012536673 ], [ 23.718528868, 38.013113831 ], [ 23.718770231, 38.0139526 ], [ 23.718831654, 38.014119269 ], [ 23.718950603, 38.014442027 ], [ 23.718971157, 38.014497796 ], [ 23.719005868, 38.014591981 ], [ 23.719006036, 38.014592436 ], [ 23.719032782, 38.014665008 ], [ 23.719052814, 38.014719364 ], [ 23.719274367, 38.01442165 ], [ 23.719300912, 38.01438598 ], [ 23.719665424, 38.013896154 ], [ 23.719796932, 38.013671147 ], [ 23.719810954, 38.013547646 ], [ 23.719852694, 38.013485829 ], [ 23.719753219, 38.013184351 ], [ 23.719725208, 38.0130333 ], [ 23.719797739, 38.012811464 ], [ 23.720044434, 38.012268182 ], [ 23.720290175, 38.011748087 ], [ 23.72042088, 38.011545609 ], [ 23.720548602, 38.011284541 ], [ 23.720754812, 38.010883961 ], [ 23.720917336, 38.010550873 ], [ 23.721213185, 38.009979261 ], [ 23.721441434, 38.009432201 ], [ 23.721061778, 38.009467636 ], [ 23.721353608, 38.008524024 ] ] ] } },
{ "type": "Feature", "properties": { "zone_id": 50, "year": 2040, "kwh_per_user_cap": 811.57635, "ac_share_cap": 0.87750864023625574, "kwh_pc_overall": 712.16527811709466, "kwh_cap": 5231315.2734375 }, "geometry": { "type": "Polygon", "coordinates": [ [ [ 23.73840469, 37.966905953 ], [ 23.73840975, 37.966906885 ], [ 23.738421917, 37.966909127 ], [ 23.73842856, 37.966910351 ], [ 23.738534703, 37.966775394 ], [ 23.738611888, 37.966780072 ], [ 23.739021233, 37.966821538 ], [ 23.739164252, 37.966821856 ], [ 23.739379144, 37.966824722 ], [ 23.739569455, 37.96682726 ], [ 23.739946734, 37.966882171 ], [ 23.740324013, 37.966937082 ], [ 23.740602556, 37.966843061 ], [ 23.740625589, 37.966834641 ], [ 23.740997476, 37.966698679 ], [ 23.741001425, 37.966697236 ], [ 23.741068146, 37.966672842 ], [ 23.741176751, 37.966646043 ], [ 23.742031247, 37.967072175 ], [ 23.742892383, 37.967500732 ], [ 23.742921261, 37.967515104 ], [ 23.743212419, 37.967656966 ], [ 23.743212447, 37.967656979 ], [ 23.743827655, 37.967958713 ], [ 23.743881637, 37.967985869 ], [ 23.744021062, 37.968022463 ], [ 23.744190032, 37.96806681 ], [ 23.744297163, 37.968094927 ], [ 23.744414536, 37.968104195 ], [ 23.744391989, 37.967937408 ], [ 23.744388865, 37.967914869 ], [ 23.744840927, 37.967438168 ], [ 23.745357919, 37.966907528 ], [ 23.745793186, 37.966448812 ], [ 23.746300469, 37.965913631 ], [ 23.746358088, 37.965853878 ], [ 23.746271692, 37.965800848 ], [ 23.746191178, 37.965667392 ], [ 23.746191475, 37.96557626 ], [ 23.746192009, 37.965413191 ], [ 23.745504625, 37.965015139 ], [ 23.745493374, 37.965008789 ], [ 23.745345216, 37.964925174 ], [ 23.745207146, 37.964847252 ], [ 23.745066621, 37.964767631 ], [ 23.744473515, 37.964431573 ], [ 23.744473294, 37.964431447 ], [ 23.744473264, 37.964431429 ], [ 23.744243438, 37.964300386 ], [ 23.743865969, 37.964084706 ], [ 23.743843823, 37.964072052 ], [ 23.74350578, 37.963878897 ], [ 23.743442629, 37.963842812 ], [ 23.743420072, 37.963829923 ], [ 23.742455069, 37.963273522 ], [ 23.742425016, 37.963256496 ], [ 23.741895864, 37.962956712 ], [ 23.741608634, 37.962793983 ], [ 23.741602039, 37.962801412 ], [ 23.740977882, 37.963504614 ], [ 23.740206234, 37.963912999 ], [ 23.739575729, 37.964245082 ], [ 23.738962696, 37.964563681 ], [ 23.738702373, 37.965139928 ], [ 23.738458984, 37.965299134 ], [ 23.738429578, 37.965318369 ], [ 23.738419467, 37.965324982 ], [ 23.737947113, 37.965633956 ], [ 23.737876243, 37.96577411 ], [ 23.737875736, 37.965775112 ], [ 23.737869724, 37.965787003 ], [ 23.737867105, 37.965823049 ], [ 23.737400614, 37.965646257 ], [ 23.736974974, 37.965487581 ], [ 23.736483973, 37.965301718 ], [ 23.73595289, 37.965098074 ], [ 23.735951911, 37.965097698 ], [ 23.735904306, 37.965079444 ], [ 23.735955515, 37.964992768 ], [ 23.735956924, 37.964962002 ], [ 23.735930922, 37.964934868 ], [ 23.73540138, 37.964723897 ], [ 23.735108237, 37.964607108 ], [ 23.734877779, 37.964515291 ], [ 23.7343171, 37.964291908 ], [ 23.734037339, 37.964723894 ], [ 23.733778936, 37.965151422 ], [ 23.733497325, 37.965601429 ], [ 23.733349919, 37.965830923 ], [ 23.733301599, 37.965911929 ], [ 23.733243134, 37.966141625 ], [ 23.733247397, 37.966339919 ], [ 23.733254624, 37.966407532 ], [ 23.733398022, 37.966696269 ], [ 23.733496045, 37.966939839 ], [ 23.733461308, 37.96700285 ], [ 23.733493761, 37.967079533 ], [ 23.733492403, 37.967115799 ], [ 23.733615767, 37.967131166 ], [ 23.73390506, 37.967172122 ], [ 23.734197761, 37.967198293 ], [ 23.734435883, 37.967266428 ], [ 23.734569119, 37.967316299 ], [ 23.734825894, 37.967534608 ], [ 23.735058121, 37.967671003 ], [ 23.735307947, 37.967767136 ], [ 23.735781954, 37.967810806 ], [ 23.736091692, 37.967829925 ], [ 23.736318458, 37.96786728 ], [ 23.736572987, 37.967914873 ], [ 23.736825652, 37.967985864 ], [ 23.7373327, 37.968145899 ], [ 23.737491009, 37.968210733 ], [ 23.737557024, 37.968262239 ], [ 23.73759773, 37.968179189 ], [ 23.737603923, 37.968166554 ], [ 23.737721885, 37.967925886 ], [ 23.737974956, 37.967409557 ], [ 23.738215806, 37.966904711 ], [ 23.738218263, 37.96689956 ], [ 23.738230524, 37.966873859 ], [ 23.73840469, 37.966905953 ] ] ] } },
{ "type": "Feature", "properties": { "zone_id": 51, "year": 2040, "kwh_per_user_cap": 847.20667, "ac_share_cap": 0.83522022394122808, "kwh_pc_overall": 707.60412768711376, "kwh_cap": 1657404.412109375 }, "geometry": { "type": "Polygon", "coordinates": [ [ [ 23.748196873, 37.996041247 ], [ 23.748307994, 37.995997743 ], [ 23.748284832, 37.995955145 ], [ 23.748257521, 37.995904913 ], [ 23.74811631, 37.995645194 ], [ 23.748060835, 37.995543162 ], [ 23.748041948, 37.995508423 ], [ 23.747785575, 37.995135791 ], [ 23.747385193, 37.995324947 ], [ 23.747333154, 37.995347368 ], [ 23.746724555, 37.995449706 ], [ 23.746613741, 37.995467798 ], [ 23.7465766, 37.995473862 ], [ 23.746269014, 37.995133275 ], [ 23.745969347, 37.994821685 ], [ 23.745874292, 37.994726845 ], [ 23.745551803, 37.994428724 ], [ 23.745115448, 37.994022201 ], [ 23.744998376, 37.993913793 ], [ 23.744942256, 37.993859232 ], [ 23.744751282, 37.993673562 ], [ 23.744710354, 37.993633771 ], [ 23.744292808, 37.993245311 ], [ 23.744024663, 37.993289792 ], [ 23.743425082, 37.99336883 ], [ 23.742946319, 37.993431939 ], [ 23.742819353, 37.993408958 ], [ 23.74219068, 37.993153306 ], [ 23.741080959, 37.992702021 ], [ 23.741079892, 37.992672388 ], [ 23.741078689, 37.992638926 ], [ 23.740866412, 37.992584381 ], [ 23.740531463, 37.992498021 ], [ 23.740259335, 37.992389308 ], [ 23.740259232, 37.992389266 ], [ 23.740334557, 37.992486942 ], [ 23.740339174, 37.99249293 ], [ 23.740339298, 37.99249309 ], [ 23.740352057, 37.992531598 ], [ 23.740394586, 37.99265995 ], [ 23.740099248, 37.99274492 ], [ 23.739803702, 37.992892972 ], [ 23.739876211, 37.993010273 ], [ 23.739876231, 37.993010306 ], [ 23.739972869, 37.993235648 ], [ 23.739972952, 37.993235841 ], [ 23.740009037, 37.993398152 ], [ 23.740021245, 37.993569423 ], [ 23.740003328, 37.993704576 ], [ 23.739972987, 37.993830688 ], [ 23.739906913, 37.99399728 ], [ 23.739780225, 37.994195282 ], [ 23.739617733, 37.994352647 ], [ 23.7394125, 37.99451893 ], [ 23.739159379, 37.994640042 ], [ 23.73894238, 37.994711664 ], [ 23.738725459, 37.994760753 ], [ 23.738513277, 37.994778307 ], [ 23.738284416, 37.994782304 ], [ 23.737847915, 37.994727255 ], [ 23.737713335, 37.994740474 ], [ 23.737641863, 37.994722289 ], [ 23.736615557, 37.994886733 ], [ 23.736428088, 37.99491739 ], [ 23.736108439, 37.994969778 ], [ 23.735769225, 37.99502625 ], [ 23.735768448, 37.995026379 ], [ 23.735699269, 37.995037896 ], [ 23.735699474, 37.995037937 ], [ 23.735777734, 37.995053589 ], [ 23.735798085, 37.995057659 ], [ 23.735995526, 37.995097145 ], [ 23.736508385, 37.995197436 ], [ 23.737335641, 37.995361517 ], [ 23.737835675, 37.995466281 ], [ 23.73799614, 37.995480158 ], [ 23.738280269, 37.995548386 ], [ 23.739508211, 37.995835017 ], [ 23.740186418, 37.995980722 ], [ 23.740810205, 37.996117291 ], [ 23.741555994, 37.996276657 ], [ 23.74209092, 37.996381479 ], [ 23.742151084, 37.996377104 ], [ 23.742513369, 37.996386911 ], [ 23.742807755, 37.996374036 ], [ 23.743473611, 37.996307172 ], [ 23.743820138, 37.996321596 ], [ 23.744146871, 37.996357908 ], [ 23.744295498, 37.996371833 ], [ 23.745052206, 37.996563356 ], [ 23.745198996, 37.996610517 ], [ 23.745351415, 37.99668692 ], [ 23.74569309, 37.996814337 ], [ 23.745840552, 37.99690651 ], [ 23.745942503, 37.996901149 ], [ 23.746327638, 37.996775889 ], [ 23.746508074, 37.99670124 ], [ 23.746655072, 37.996632372 ], [ 23.747240513, 37.99641519 ], [ 23.747676734, 37.996244883 ], [ 23.748196873, 37.996041247 ] ] ] } },
{ "type": "Feature", "properties": { "zone_id": 52, "year": 2040, "kwh_per_user_cap": 902.2063, "ac_share_cap": 0.88694947857565076, "kwh_pc_overall": 800.21142819440615, "kwh_cap": 7894085.1682128906 }, "geometry": { "type": "Polygon", "coordinates": [ [ [ 23.734861688, 37.977965669 ], [ 23.735512744, 37.977201041 ], [ 23.735787547, 37.976872689 ], [ 23.735615767, 37.976056638 ], [ 23.735628, 37.975918914 ], [ 23.735449525, 37.974992504 ], [ 23.735411678, 37.974893353 ], [ 23.735378933, 37.9748635 ], [ 23.735373807, 37.974858827 ], [ 23.735361886, 37.974801108 ], [ 23.735366398, 37.974800478 ], [ 23.735450726, 37.974788715 ], [ 23.735310481, 37.973993525 ], [ 23.735158951, 37.973583898 ], [ 23.735082196, 37.973409709 ], [ 23.734816047, 37.973086135 ], [ 23.734124157, 37.972318901 ], [ 23.733931587, 37.972076235 ], [ 23.733876644, 37.971987912 ], [ 23.732898272, 37.970875658 ], [ 23.732855338, 37.970826848 ], [ 23.732614749, 37.970634491 ], [ 23.732354005, 37.9705164 ], [ 23.732044628, 37.970428702 ], [ 23.731806706, 37.970265705 ], [ 23.731732356, 37.970157088 ], [ 23.731701871, 37.970053643 ], [ 23.731692482, 37.969936441 ], [ 23.731699564, 37.969692082 ], [ 23.731575084, 37.969676824 ], [ 23.731563144, 37.96967536 ], [ 23.73153556, 37.969672426 ], [ 23.731499932, 37.969668637 ], [ 23.731482699, 37.969666804 ], [ 23.731216744, 37.969638517 ], [ 23.730748006, 37.969587875 ], [ 23.730630166, 37.969577425 ], [ 23.730591512, 37.969573997 ], [ 23.73000291, 37.969514064 ], [ 23.729921113, 37.969504863 ], [ 23.729679653, 37.969472764 ], [ 23.72939584, 37.969445072 ], [ 23.729359345, 37.969542933 ], [ 23.72935823, 37.969545921 ], [ 23.729308525, 37.969679206 ], [ 23.729307483, 37.969682901 ], [ 23.729306975, 37.9696847 ], [ 23.729162365, 37.970197329 ], [ 23.729158543, 37.97021687 ], [ 23.729157163, 37.970223924 ], [ 23.729112967, 37.970449904 ], [ 23.728991551, 37.970798973 ], [ 23.728985659, 37.970815912 ], [ 23.728987851, 37.970824416 ], [ 23.72902705, 37.970976479 ], [ 23.728951538, 37.971070874 ], [ 23.728951439, 37.971097912 ], [ 23.728957882, 37.971377326 ], [ 23.728921493, 37.971598058 ], [ 23.728839411, 37.971859242 ], [ 23.728772364, 37.971998787 ], [ 23.728768328, 37.972060922 ], [ 23.728764972, 37.972112593 ], [ 23.728764451, 37.972120622 ], [ 23.728764329, 37.97212249 ], [ 23.728766513, 37.972138473 ], [ 23.728738763, 37.9722407 ], [ 23.728679627, 37.972357029 ], [ 23.728587181, 37.972490639 ], [ 23.728491442, 37.972590827 ], [ 23.728436914, 37.972640357 ], [ 23.728251588, 37.972759999 ], [ 23.728279701, 37.972794929 ], [ 23.728288294, 37.972805606 ], [ 23.728304687, 37.972825974 ], [ 23.728096931, 37.972903021 ], [ 23.727931413, 37.972953388 ], [ 23.727707088, 37.973015622 ], [ 23.727702036, 37.973017024 ], [ 23.727693262, 37.973019458 ], [ 23.72750498, 37.97306839 ], [ 23.727504709, 37.973067753 ], [ 23.727481453, 37.973012963 ], [ 23.72746477, 37.972973662 ], [ 23.727416837, 37.972946512 ], [ 23.727383712, 37.972936411 ], [ 23.727267925, 37.972901102 ], [ 23.72726587, 37.972901493 ], [ 23.727092001, 37.972934558 ], [ 23.727060521, 37.972939789 ], [ 23.726998759, 37.972950049 ], [ 23.72693402, 37.972958177 ], [ 23.726893037, 37.972963323 ], [ 23.726839704, 37.972996443 ], [ 23.726658923, 37.972984678 ], [ 23.726572575, 37.972987852 ], [ 23.726342589, 37.972870609 ], [ 23.726083036, 37.972816905 ], [ 23.725876719, 37.972799563 ], [ 23.725873619, 37.972799302 ], [ 23.725844928, 37.97279689 ], [ 23.7255393, 37.972807729 ], [ 23.725219079, 37.972752842 ], [ 23.725219094, 37.972753626 ], [ 23.725220466, 37.972826861 ], [ 23.725220507, 37.972829062 ], [ 23.725223989, 37.973014957 ], [ 23.72522404, 37.973040117 ], [ 23.725224065, 37.973052564 ], [ 23.725224668, 37.973351498 ], [ 23.725221622, 37.973351385 ], [ 23.725094462, 37.973346687 ], [ 23.725053673, 37.973345997 ], [ 23.725033806, 37.973345357 ], [ 23.724718482, 37.973335213 ], [ 23.723401775, 37.973288642 ], [ 23.723400449, 37.973289112 ], [ 23.722159552, 37.973729324 ], [ 23.721597222, 37.973928806 ], [ 23.72062439, 37.974643496 ], [ 23.720529546, 37.974713173 ], [ 23.720443419, 37.974776445 ], [ 23.720443257, 37.974776565 ], [ 23.720435486, 37.974782273 ], [ 23.720453116, 37.974822498 ], [ 23.720935702, 37.975923588 ], [ 23.720939564, 37.975937117 ], [ 23.720943444, 37.975946139 ], [ 23.720948391, 37.975955163 ], [ 23.720953322, 37.975968694 ], [ 23.720958607, 37.975982226 ], [ 23.720969925, 37.976000279 ], [ 23.720991545, 37.976022862 ], [ 23.721012486, 37.976036431 ], [ 23.721030599, 37.976045487 ], [ 23.721060113, 37.976050063 ], [ 23.721075735, 37.976059113 ], [ 23.721085308, 37.976068149 ], [ 23.721089188, 37.976077171 ], [ 23.721066094, 37.976221957 ], [ 23.72106404, 37.976234836 ], [ 23.721063505, 37.976236092 ], [ 23.721033282, 37.97630693 ], [ 23.721025627, 37.976324874 ], [ 23.721011399, 37.976343033 ], [ 23.721002125, 37.97635487 ], [ 23.72100081, 37.976356651 ], [ 23.720966898, 37.976423876 ], [ 23.721070046, 37.976433812 ], [ 23.721302667, 37.976456217 ], [ 23.721430758, 37.976596359 ], [ 23.721463175, 37.976631825 ], [ 23.721463745, 37.976632449 ], [ 23.721523683, 37.976698025 ], [ 23.721537368, 37.976712997 ], [ 23.721537956, 37.976713641 ], [ 23.721839663, 37.976530895 ], [ 23.721841808, 37.976529596 ], [ 23.721865715, 37.976556562 ], [ 23.721873041, 37.976564825 ], [ 23.722041993, 37.976755391 ], [ 23.72235773, 37.977061726 ], [ 23.722358529, 37.977062502 ], [ 23.722391197, 37.977094198 ], [ 23.722400568, 37.977140855 ], [ 23.722402035, 37.977148159 ], [ 23.722415646, 37.977215929 ], [ 23.722412958, 37.977216284 ], [ 23.722179621, 37.977246917 ], [ 23.722179676, 37.977247181 ], [ 23.722180526, 37.97725127 ], [ 23.722180708, 37.977252147 ], [ 23.722197332, 37.97733217 ], [ 23.722623901, 37.977637841 ], [ 23.722050755, 37.978111848 ], [ 23.722447393, 37.978329093 ], [ 23.721985494, 37.978636506 ], [ 23.721975093, 37.978643428 ], [ 23.721974422, 37.978642903 ], [ 23.721467408, 37.978245661 ], [ 23.721466215, 37.97824742 ], [ 23.721131771, 37.978740573 ], [ 23.721811726, 37.9793145 ], [ 23.721722802, 37.979399912 ], [ 23.721566862, 37.979611345 ], [ 23.721542799, 37.979669871 ], [ 23.721525905, 37.979714896 ], [ 23.721232608, 37.980115273 ], [ 23.720741456, 37.980799086 ], [ 23.72070908, 37.980844063 ], [ 23.720709209, 37.98084412 ], [ 23.721807206, 37.981331877 ], [ 23.722516723, 37.981647052 ], [ 23.722962568, 37.981845097 ], [ 23.724951678, 37.982719731 ], [ 23.725715874, 37.983050485 ], [ 23.725801838, 37.983091243 ], [ 23.726592307, 37.983440078 ], [ 23.727361806, 37.983784352 ], [ 23.727617822, 37.98390325 ], [ 23.728073715, 37.98411497 ], [ 23.728152389, 37.98410313 ], [ 23.728181395, 37.984098765 ], [ 23.728226729, 37.984091943 ], [ 23.728295976, 37.984081522 ], [ 23.72847593, 37.984054441 ], [ 23.728502345, 37.984050466 ], [ 23.728781543, 37.984008449 ], [ 23.729350167, 37.983919631 ], [ 23.729490456, 37.983897847 ], [ 23.729979317, 37.983821935 ], [ 23.730473517, 37.983240167 ], [ 23.73104324, 37.982569477 ], [ 23.731320165, 37.982243473 ], [ 23.731515953, 37.982012981 ], [ 23.731957532, 37.981493126 ], [ 23.732294313, 37.981096641 ], [ 23.732715616, 37.980600641 ], [ 23.732944884, 37.980330719 ], [ 23.733215416, 37.980012217 ], [ 23.733800382, 37.97932351 ], [ 23.734347325, 37.978679554 ], [ 23.734854151, 37.978082819 ], [ 23.734861688, 37.977965669 ] ] ] } },
{ "type": "Feature", "properties": { "zone_id": 53, "year": 2040, "kwh_per_user_cap": 571.98004, "ac_share_cap": 0.98000002142571085, "kwh_pc_overall": 560.54047165012435, "kwh_cap": 574849.68359375 }, "geometry": { "type": "Polygon", "coordinates": [ [ [ 23.7456293, 37.973790946 ], [ 23.744189918, 37.97283484 ], [ 23.744148768, 37.972839196 ], [ 23.743683504, 37.972888443 ], [ 23.743500206, 37.972906069 ], [ 23.742613245, 37.972994261 ], [ 23.742792848, 37.974035641 ], [ 23.74297233, 37.975113071 ], [ 23.74300492, 37.975313292 ], [ 23.743006616, 37.975323712 ], [ 23.743006817, 37.975324949 ], [ 23.743122131, 37.975316188 ], [ 23.743433909, 37.975393478 ], [ 23.74436892, 37.975616329 ], [ 23.745783355, 37.975949587 ], [ 23.745797417, 37.9759529 ], [ 23.745808377, 37.975923343 ], [ 23.745817985, 37.975897432 ], [ 23.746393354, 37.974345708 ], [ 23.7456293, 37.973790946 ] ] ] } },
{ "type": "Feature", "properties": { "zone_id": 1, "year": 2050, "kwh_per_user_cap": 1068.7681, "ac_share_cap": 0.9053735809214476, "kwh_pc_overall": 967.63434025009815, "kwh_cap": 2411534.86328125 }, "geometry": { "type": "Polygon", "coordinates": [ [ [ 23.737190263, 37.960382261 ], [ 23.737164068, 37.960445292 ], [ 23.736979577, 37.960771048 ], [ 23.736816343, 37.960726894 ], [ 23.736780885, 37.96075908 ], [ 23.736577676, 37.96094354 ], [ 23.736430924, 37.961062695 ], [ 23.736372336, 37.961110266 ], [ 23.736354759, 37.96114548 ], [ 23.735632658, 37.961721692 ], [ 23.735251754, 37.961991222 ], [ 23.735233077, 37.962040751 ], [ 23.735037465, 37.9625225 ], [ 23.734848996, 37.962995252 ], [ 23.734678847, 37.963418474 ], [ 23.734505106, 37.963850701 ], [ 23.734342133, 37.964255913 ], [ 23.7343171, 37.964291908 ], [ 23.734877779, 37.964515291 ], [ 23.735108237, 37.964607108 ], [ 23.73540138, 37.964723897 ], [ 23.735930922, 37.964934868 ], [ 23.735956924, 37.964962002 ], [ 23.735955515, 37.964992768 ], [ 23.735904306, 37.965079444 ], [ 23.735951911, 37.965097698 ], [ 23.73595289, 37.965098074 ], [ 23.736483973, 37.965301718 ], [ 23.736974974, 37.965487581 ], [ 23.737400614, 37.965646257 ], [ 23.737867105, 37.965823049 ], [ 23.737869724, 37.965787003 ], [ 23.737875736, 37.965775112 ], [ 23.737876243, 37.96577411 ], [ 23.737947113, 37.965633956 ], [ 23.738419467, 37.965324982 ], [ 23.738429578, 37.965318369 ], [ 23.738458984, 37.965299134 ], [ 23.738702373, 37.965139928 ], [ 23.738962696, 37.964563681 ], [ 23.739575729, 37.964245082 ], [ 23.740206234, 37.963912999 ], [ 23.740977882, 37.963504614 ], [ 23.741602039, 37.962801412 ], [ 23.741608634, 37.962793983 ], [ 23.740660359, 37.962277021 ], [ 23.740111248, 37.96197766 ], [ 23.740015086, 37.961925235 ], [ 23.739995601, 37.961914391 ], [ 23.739794842, 37.96180266 ], [ 23.739462275, 37.961617574 ], [ 23.739444168, 37.961606516 ], [ 23.73936262, 37.961556716 ], [ 23.739305857, 37.961522051 ], [ 23.739136404, 37.961418568 ], [ 23.737478704, 37.960500072 ], [ 23.737190263, 37.960382261 ] ] ] } },
{ "type": "Feature", "properties": { "zone_id": 2, "year": 2050, "kwh_per_user_cap": 795.23138, "ac_share_cap": 0.64088421852903388, "kwh_pc_overall": 509.65124526465337, "kwh_cap": 8564391.859375 }, "geometry": { "type": "Polygon", "coordinates": [ [ [ 23.729190879, 38.014761173 ], [ 23.729203505, 38.014716138 ], [ 23.729214318, 38.014680111 ], [ 23.729086568, 38.013891196 ], [ 23.729060407, 38.013841566 ], [ 23.729039908, 38.013800961 ], [ 23.728930582, 38.013133761 ], [ 23.728803398, 38.012402578 ], [ 23.728811723, 38.012259625 ], [ 23.728813038, 38.012237062 ], [ 23.728776483, 38.012238489 ], [ 23.728692312, 38.012241772 ], [ 23.728516519, 38.012257836 ], [ 23.728626346, 38.012374727 ], [ 23.728557552, 38.012889142 ], [ 23.728468993, 38.013772606 ], [ 23.72840634, 38.014736831 ], [ 23.728052733, 38.014763053 ], [ 23.727397206, 38.014797586 ], [ 23.726961024, 38.014819106 ], [ 23.726409107, 38.014849368 ], [ 23.726337891, 38.014853709 ], [ 23.726248875, 38.014858008 ], [ 23.725660646, 38.014888182 ], [ 23.725232294, 38.014909714 ], [ 23.724764782, 38.014931153 ], [ 23.724268078, 38.014952521 ], [ 23.723694105, 38.014978213 ], [ 23.72361148, 38.014987031 ], [ 23.722653891, 38.014971258 ], [ 23.722142692, 38.014965544 ], [ 23.722005971, 38.014969728 ], [ 23.720500856, 38.014952641 ], [ 23.719519061, 38.014936784 ], [ 23.719412617, 38.01493653 ], [ 23.719224189, 38.014963119 ], [ 23.719173603, 38.014972011 ], [ 23.719490179, 38.015509028 ], [ 23.719945482, 38.01607792 ], [ 23.720179961, 38.016327045 ], [ 23.720821234, 38.016949726 ], [ 23.720902232, 38.017026067 ], [ 23.720921908, 38.017044611 ], [ 23.722635628, 38.018217753 ], [ 23.723481033, 38.01895943 ], [ 23.723508888, 38.018983968 ], [ 23.723650331, 38.019146531 ], [ 23.723703344, 38.019220139 ], [ 23.724121744, 38.019801066 ], [ 23.724159976, 38.019859739 ], [ 23.724956881, 38.020113964 ], [ 23.725110585, 38.020185228 ], [ 23.725298788, 38.020272487 ], [ 23.725444407, 38.020395273 ], [ 23.725459564, 38.020408054 ], [ 23.725573327, 38.020548018 ], [ 23.725717796, 38.020760156 ], [ 23.726466106, 38.021795915 ], [ 23.726466145, 38.021795967 ], [ 23.726616079, 38.022001508 ], [ 23.726708992, 38.02209879 ], [ 23.72704482, 38.022462156 ], [ 23.7281016, 38.022928763 ], [ 23.728290613, 38.023037354 ], [ 23.728418751, 38.023240438 ], [ 23.728706106, 38.024101823 ], [ 23.728907989, 38.024548444 ], [ 23.730301319, 38.025565249 ], [ 23.730905738, 38.025959006 ], [ 23.731017776, 38.025977754 ], [ 23.73124423, 38.025991325 ], [ 23.731304644, 38.026023008 ], [ 23.73129526, 38.025978103 ], [ 23.731292395, 38.025964396 ], [ 23.731370838, 38.025929925 ], [ 23.731481211, 38.025859222 ], [ 23.73166743, 38.025739933 ], [ 23.731832578, 38.025618103 ], [ 23.731973702, 38.025513994 ], [ 23.731984102, 38.025506323 ], [ 23.731988879, 38.025503097 ], [ 23.732003462, 38.025493247 ], [ 23.732057734, 38.02545659 ], [ 23.732104984, 38.025424676 ], [ 23.732163148, 38.025385391 ], [ 23.732237695, 38.025335039 ], [ 23.732343173, 38.025263795 ], [ 23.73302752, 38.024769647 ], [ 23.733244196, 38.024616922 ], [ 23.733492641, 38.024441736 ], [ 23.733552165, 38.024423845 ], [ 23.73402288, 38.024222123 ], [ 23.734522463, 38.024011451 ], [ 23.734818434, 38.02388594 ], [ 23.735065546, 38.023782849 ], [ 23.735456011, 38.023616992 ], [ 23.735496561, 38.023595739 ], [ 23.735570966, 38.023556584 ], [ 23.735658998, 38.023510256 ], [ 23.735673658, 38.023502541 ], [ 23.735695746, 38.023490917 ], [ 23.735692881, 38.02348919 ], [ 23.735311258, 38.023259205 ], [ 23.7349277, 38.023007438 ], [ 23.734777809, 38.02290796 ], [ 23.733588226, 38.022134677 ], [ 23.73344656, 38.022026202 ], [ 23.733162259, 38.021782212 ], [ 23.732881263, 38.02151119 ], [ 23.732476442, 38.021023578 ], [ 23.732314869, 38.020712269 ], [ 23.732036173, 38.020202411 ], [ 23.73197774, 38.020116656 ], [ 23.731910458, 38.020017362 ], [ 23.731904437, 38.020008336 ], [ 23.731682254, 38.019604674 ], [ 23.731453197, 38.019367397 ], [ 23.731201613, 38.018943221 ], [ 23.730687227, 38.018049776 ], [ 23.730655499, 38.017964082 ], [ 23.730153909, 38.017079678 ], [ 23.729754116, 38.016398293 ], [ 23.729690721, 38.016308019 ], [ 23.729627344, 38.016213239 ], [ 23.729339561, 38.015473527 ], [ 23.729205077, 38.014869359 ], [ 23.729190879, 38.014761173 ] ] ] } },
{ "type": "Feature", "properties": { "zone_id": 3, "year": 2050, "kwh_per_user_cap": 1161.853, "ac_share_cap": 0.382027806403618, "kwh_pc_overall": 443.8601678678931, "kwh_cap": 8219310.41796875 }, "geometry": { "type": "Polygon", "coordinates": [ [ [ 23.721780841, 37.981369359 ], [ 23.721417029, 37.981877724 ], [ 23.720884028, 37.982615515 ], [ 23.720505157, 37.98315088 ], [ 23.720355947, 37.983366834 ], [ 23.71984221, 37.98408664 ], [ 23.71930772, 37.984833432 ], [ 23.719288314, 37.984928135 ], [ 23.719287414, 37.984932525 ], [ 23.719270208, 37.985058664 ], [ 23.719249816, 37.985180289 ], [ 23.718785547, 37.985892875 ], [ 23.718428784, 37.986368331 ], [ 23.718166521, 37.986741347 ], [ 23.717995225, 37.986942126 ], [ 23.717995463, 37.986942339 ], [ 23.718042337, 37.986984193 ], [ 23.7182148, 37.987053863 ], [ 23.718253208, 37.987106572 ], [ 23.718309152, 37.987183344 ], [ 23.71842391, 37.987254627 ], [ 23.718867951, 37.987622315 ], [ 23.719290228, 37.987649906 ], [ 23.720005763, 37.987719154 ], [ 23.720006002, 37.987719177 ], [ 23.720006334, 37.987719209 ], [ 23.720033799, 37.987803925 ], [ 23.719998236, 37.987860475 ], [ 23.719884658, 37.988041078 ], [ 23.719839962, 37.988295201 ], [ 23.719866703, 37.988419927 ], [ 23.72007757, 37.989403459 ], [ 23.720180323, 37.989882706 ], [ 23.720295593, 37.990360661 ], [ 23.720322568, 37.990473386 ], [ 23.720308558, 37.990503332 ], [ 23.72027413, 37.990576918 ], [ 23.720302027, 37.990703229 ], [ 23.720325911, 37.990811375 ], [ 23.720407149, 37.9909738 ], [ 23.720452682, 37.991073049 ], [ 23.720674129, 37.991519711 ], [ 23.720823664, 37.991742964 ], [ 23.720991568, 37.991993638 ], [ 23.721037797, 37.992097396 ], [ 23.721023525, 37.99220101 ], [ 23.721034061, 37.992278158 ], [ 23.721034676, 37.99227813 ], [ 23.721218339, 37.992269588 ], [ 23.721321165, 37.992264805 ], [ 23.721345509, 37.992263673 ], [ 23.721443733, 37.992259105 ], [ 23.721556237, 37.992253871 ], [ 23.72187432, 37.992239076 ], [ 23.722298626, 37.992217546 ], [ 23.723105259, 37.992169877 ], [ 23.723333944, 37.992116338 ], [ 23.724330196, 37.992087133 ], [ 23.725073427, 37.992052821 ], [ 23.726044477, 37.992005516 ], [ 23.726943263, 37.991962542 ], [ 23.726943306, 37.991962541 ], [ 23.726943951, 37.991962525 ], [ 23.726946355, 37.991962466 ], [ 23.726950648, 37.991962361 ], [ 23.727111259, 37.991958425 ], [ 23.727911069, 37.991829592 ], [ 23.728644985, 37.99171412 ], [ 23.729059471, 37.991651986 ], [ 23.729845021, 37.991527613 ], [ 23.729757338, 37.991175911 ], [ 23.7295083, 37.990183925 ], [ 23.729343843, 37.989516596 ], [ 23.729181133, 37.988858284 ], [ 23.729114073, 37.988804053 ], [ 23.729058401, 37.988556071 ], [ 23.729058461, 37.988555873 ], [ 23.729084339, 37.988470509 ], [ 23.72902087, 37.988213496 ], [ 23.728915022, 37.987771623 ], [ 23.728914524, 37.987769629 ], [ 23.728784207, 37.987248576 ], [ 23.728642835, 37.98669396 ], [ 23.72850499, 37.986148364 ], [ 23.728365416, 37.985589245 ], [ 23.728224505, 37.985027294 ], [ 23.728224094, 37.985025614 ], [ 23.728125232, 37.984611034 ], [ 23.728079936, 37.984421092 ], [ 23.728066037, 37.984362805 ], [ 23.728099165, 37.984360058 ], [ 23.728098239, 37.984351146 ], [ 23.728073715, 37.98411497 ], [ 23.727617822, 37.98390325 ], [ 23.727361806, 37.983784352 ], [ 23.726592307, 37.983440078 ], [ 23.725801838, 37.983091243 ], [ 23.725715874, 37.983050485 ], [ 23.724951678, 37.982719731 ], [ 23.722962568, 37.981845097 ], [ 23.722516723, 37.981647052 ], [ 23.721807206, 37.981331877 ], [ 23.721780841, 37.981369359 ] ] ] } },
{ "type": "Feature", "properties": { "zone_id": 4, "year": 2050, "kwh_per_user_cap": 1202.2015, "ac_share_cap": 0.40666171954703745, "kwh_pc_overall": 488.88934182455569, "kwh_cap": 6639053.94921875 }, "geometry": { "type": "Polygon", "coordinates": [ [ [ 23.713947562, 37.992679743 ], [ 23.713118709, 37.992312681 ], [ 23.712596785, 37.992086086 ], [ 23.712563864, 37.992072058 ], [ 23.71207556, 37.991863997 ], [ 23.712078846, 37.991859061 ], [ 23.712104, 37.991821275 ], [ 23.712288207, 37.991544561 ], [ 23.712530532, 37.991189147 ], [ 23.712856247, 37.990712262 ], [ 23.71306397, 37.990409265 ], [ 23.713268219, 37.990109406 ], [ 23.713437193, 37.989852952 ], [ 23.713509874, 37.989740469 ], [ 23.713776421, 37.989376097 ], [ 23.713928255, 37.989163424 ], [ 23.714011135, 37.989052206 ], [ 23.714145288, 37.988872275 ], [ 23.714300202, 37.98866085 ], [ 23.714446522, 37.988462922 ], [ 23.714810007, 37.987968098 ], [ 23.71487258, 37.98789164 ], [ 23.715108387, 37.987558736 ], [ 23.715364954, 37.987194337 ], [ 23.715668752, 37.986762455 ], [ 23.715076202, 37.986495142 ], [ 23.714253009, 37.98612769 ], [ 23.713895007, 37.985965024 ], [ 23.713332664, 37.985711295 ], [ 23.713013537, 37.98614764 ], [ 23.71258509, 37.98596183 ], [ 23.711993623, 37.985694504 ], [ 23.711697038, 37.985824464 ], [ 23.711340561, 37.985981315 ], [ 23.711135162, 37.986088965 ], [ 23.711041021, 37.986138304 ], [ 23.710198438, 37.986474213 ], [ 23.709618848, 37.986716131 ], [ 23.709042119, 37.987043674 ], [ 23.708977121, 37.987102097 ], [ 23.70869385, 37.987371781 ], [ 23.70820832, 37.987852765 ], [ 23.707812142, 37.988234827 ], [ 23.707499201, 37.98853598 ], [ 23.706754804, 37.988065459 ], [ 23.70629751, 37.988383086 ], [ 23.706366784, 37.988450768 ], [ 23.707276101, 37.989339186 ], [ 23.707322473, 37.989384492 ], [ 23.70762078, 37.989694912 ], [ 23.707757398, 37.989834471 ], [ 23.708074754, 37.989981182 ], [ 23.707299392, 37.990231789 ], [ 23.707125328, 37.990288047 ], [ 23.707166459, 37.990306343 ], [ 23.707177315, 37.990311173 ], [ 23.707502256, 37.990455723 ], [ 23.707529592, 37.990468349 ], [ 23.707806336, 37.990596178 ], [ 23.707414687, 37.991075789 ], [ 23.707256185, 37.991173266 ], [ 23.707249434, 37.991160816 ], [ 23.707191681, 37.991054304 ], [ 23.707041819, 37.991279219 ], [ 23.707014818, 37.991319742 ], [ 23.707003393, 37.991328727 ], [ 23.706988192, 37.991351713 ], [ 23.706878436, 37.991517685 ], [ 23.706647756, 37.991891143 ], [ 23.706416719, 37.992264599 ], [ 23.706268819, 37.992494057 ], [ 23.706068956, 37.992813514 ], [ 23.705968392, 37.992974251 ], [ 23.70593404, 37.993029157 ], [ 23.705904545, 37.9930763 ], [ 23.70586909, 37.99313297 ], [ 23.705799428, 37.993105612 ], [ 23.705740869, 37.993082615 ], [ 23.705669486, 37.993054582 ], [ 23.705384053, 37.992942486 ], [ 23.704899017, 37.992752001 ], [ 23.704881669, 37.992729425 ], [ 23.704759938, 37.992999505 ], [ 23.704638224, 37.993265078 ], [ 23.704554034, 37.99344756 ], [ 23.70454691, 37.993463001 ], [ 23.704543716, 37.993469924 ], [ 23.704539697, 37.993478634 ], [ 23.704532313, 37.993494639 ], [ 23.70451762, 37.993525639 ], [ 23.704481549, 37.993602383 ], [ 23.70385834, 37.993987061 ], [ 23.703141965, 37.994458368 ], [ 23.703650157, 37.995008008 ], [ 23.704150281, 37.995548912 ], [ 23.704458974, 37.995775204 ], [ 23.703750402, 37.996669771 ], [ 23.703625776, 37.996827107 ], [ 23.703476025, 37.996849261 ], [ 23.703394851, 37.996860598 ], [ 23.703058763, 37.996907536 ], [ 23.702700011, 37.996957639 ], [ 23.702626962, 37.996967841 ], [ 23.702461806, 37.996990904 ], [ 23.702450649, 37.99699246 ], [ 23.701635971, 37.99710598 ], [ 23.701225721, 37.997163522 ], [ 23.700888242, 37.997208318 ], [ 23.700769878, 37.997223053 ], [ 23.70076562, 37.997223579 ], [ 23.701044022, 37.998725668 ], [ 23.701212599, 37.999635179 ], [ 23.701252647, 37.999851241 ], [ 23.702396614, 38.000352525 ], [ 23.704325096, 38.001051376 ], [ 23.704402919, 38.001083117 ], [ 23.70484293, 38.001241946 ], [ 23.705304971, 38.00149997 ], [ 23.705341983, 38.001522027 ], [ 23.705403687, 38.001558801 ], [ 23.705419811, 38.001546216 ], [ 23.705551821, 38.00144318 ], [ 23.705743243, 38.001293773 ], [ 23.705764109, 38.001276848 ], [ 23.706524201, 38.00066032 ], [ 23.707437002, 37.999896504 ], [ 23.70831581, 37.999173154 ], [ 23.708710763, 37.998845165 ], [ 23.709621667, 37.998099352 ], [ 23.710455837, 37.997402914 ], [ 23.711232104, 37.996764912 ], [ 23.711951895, 37.996185349 ], [ 23.711952609, 37.996184877 ], [ 23.712012914, 37.996144941 ], [ 23.712063326, 37.996086481 ], [ 23.712343696, 37.995744679 ], [ 23.712412487, 37.995627681 ], [ 23.712834538, 37.994912191 ], [ 23.7129721, 37.9946827 ], [ 23.712985293, 37.994493463 ], [ 23.713164735, 37.994110855 ], [ 23.713201692, 37.994034336 ], [ 23.713392485, 37.993660768 ], [ 23.713580429, 37.993287193 ], [ 23.713718627, 37.99304133 ], [ 23.713947562, 37.992679743 ] ] ] } },
{ "type": "Feature", "properties": { "zone_id": 5, "year": 2050, "kwh_per_user_cap": 605.94916, "ac_share_cap": 0.41415047788245807, "kwh_pc_overall": 250.95413126103853, "kwh_cap": 418087.64794921875 }, "geometry": { "type": "Polygon", "coordinates": [ [ [ 23.704899017, 37.992752001 ], [ 23.705384053, 37.992942486 ], [ 23.705669486, 37.993054582 ], [ 23.705740869, 37.993082615 ], [ 23.705799428, 37.993105612 ], [ 23.70586909, 37.99313297 ], [ 23.705904545, 37.9930763 ], [ 23.70593404, 37.993029157 ], [ 23.705968392, 37.992974251 ], [ 23.706068956, 37.992813514 ], [ 23.706268819, 37.992494057 ], [ 23.706416719, 37.992264599 ], [ 23.706647756, 37.991891143 ], [ 23.706878436, 37.991517685 ], [ 23.706988192, 37.991351713 ], [ 23.707003393, 37.991328727 ], [ 23.707014818, 37.991319742 ], [ 23.707041819, 37.991279219 ], [ 23.707191681, 37.991054304 ], [ 23.707249434, 37.991160816 ], [ 23.707256185, 37.991173266 ], [ 23.707414687, 37.991075789 ], [ 23.707806336, 37.990596178 ], [ 23.707529592, 37.990468349 ], [ 23.707502256, 37.990455723 ], [ 23.707177315, 37.990311173 ], [ 23.707166459, 37.990306343 ], [ 23.707125328, 37.990288047 ], [ 23.707299392, 37.990231789 ], [ 23.708074754, 37.989981182 ], [ 23.707757398, 37.989834471 ], [ 23.70762078, 37.989694912 ], [ 23.707322473, 37.989384492 ], [ 23.707276101, 37.989339186 ], [ 23.706366784, 37.988450768 ], [ 23.70629751, 37.988383086 ], [ 23.706240075, 37.988422978 ], [ 23.704854138, 37.989385593 ], [ 23.704242146, 37.989798646 ], [ 23.703374594, 37.990395815 ], [ 23.701724794, 37.991511371 ], [ 23.700893404, 37.992073532 ], [ 23.698546776, 37.993516476 ], [ 23.698639275, 37.993686471 ], [ 23.699062188, 37.994261121 ], [ 23.699719447, 37.994708537 ], [ 23.699927251, 37.994803866 ], [ 23.70037333, 37.995162428 ], [ 23.701106148, 37.995751462 ], [ 23.701378336, 37.995971277 ], [ 23.700590184, 37.996277001 ], [ 23.70076562, 37.997223579 ], [ 23.700769878, 37.997223053 ], [ 23.700888242, 37.997208318 ], [ 23.701225721, 37.997163522 ], [ 23.701635971, 37.99710598 ], [ 23.702450649, 37.99699246 ], [ 23.702461806, 37.996990904 ], [ 23.702626962, 37.996967841 ], [ 23.702700011, 37.996957639 ], [ 23.703058763, 37.996907536 ], [ 23.703394851, 37.996860598 ], [ 23.703476025, 37.996849261 ], [ 23.703625776, 37.996827107 ], [ 23.703750402, 37.996669771 ], [ 23.704458974, 37.995775204 ], [ 23.704150281, 37.995548912 ], [ 23.703650157, 37.995008008 ], [ 23.703141965, 37.994458368 ], [ 23.70385834, 37.993987061 ], [ 23.704481549, 37.993602383 ], [ 23.70451762, 37.993525639 ], [ 23.704532313, 37.993494639 ], [ 23.704539697, 37.993478634 ], [ 23.704543716, 37.993469924 ], [ 23.70454691, 37.993463001 ], [ 23.704554034, 37.99344756 ], [ 23.704638224, 37.993265078 ], [ 23.704759938, 37.992999505 ], [ 23.704881669, 37.992729425 ], [ 23.704899017, 37.992752001 ] ] ] } },
{ "type": "Feature", "properties": { "zone_id": 6, "year": 2050, "kwh_per_user_cap": 743.14062, "ac_share_cap": 0.78823703450001603, "kwh_pc_overall": 585.77093755500334, "kwh_cap": 2254595.427734375 }, "geometry": { "type": "Polygon", "coordinates": [ [ [ 23.724718482, 37.973335213 ], [ 23.725033806, 37.973345357 ], [ 23.725053673, 37.973345997 ], [ 23.725094462, 37.973346687 ], [ 23.725221622, 37.973351385 ], [ 23.725224668, 37.973351498 ], [ 23.725224065, 37.973052564 ], [ 23.72522404, 37.973040117 ], [ 23.725223989, 37.973014957 ], [ 23.725220507, 37.972829062 ], [ 23.725220466, 37.972826861 ], [ 23.725219094, 37.972753626 ], [ 23.725219079, 37.972752842 ], [ 23.7255393, 37.972807729 ], [ 23.725844928, 37.97279689 ], [ 23.725873619, 37.972799302 ], [ 23.725876719, 37.972799563 ], [ 23.726083036, 37.972816905 ], [ 23.726342589, 37.972870609 ], [ 23.726572575, 37.972987852 ], [ 23.726658923, 37.972984678 ], [ 23.726839704, 37.972996443 ], [ 23.726893037, 37.972963323 ], [ 23.72693402, 37.972958177 ], [ 23.726998759, 37.972950049 ], [ 23.727060521, 37.972939789 ], [ 23.727092001, 37.972934558 ], [ 23.72726587, 37.972901493 ], [ 23.727267925, 37.972901102 ], [ 23.727383712, 37.972936411 ], [ 23.727416837, 37.972946512 ], [ 23.72746477, 37.972973662 ], [ 23.727481453, 37.973012963 ], [ 23.727504709, 37.973067753 ], [ 23.72750498, 37.97306839 ], [ 23.727693262, 37.973019458 ], [ 23.727702036, 37.973017024 ], [ 23.727707088, 37.973015622 ], [ 23.727931413, 37.972953388 ], [ 23.728096931, 37.972903021 ], [ 23.728304687, 37.972825974 ], [ 23.728288294, 37.972805606 ], [ 23.728279701, 37.972794929 ], [ 23.728251588, 37.972759999 ], [ 23.728436914, 37.972640357 ], [ 23.728491442, 37.972590827 ], [ 23.728587181, 37.972490639 ], [ 23.728679627, 37.972357029 ], [ 23.728738763, 37.9722407 ], [ 23.728766513, 37.972138473 ], [ 23.728764329, 37.97212249 ], [ 23.728764451, 37.972120622 ], [ 23.728764972, 37.972112593 ], [ 23.728768328, 37.972060922 ], [ 23.728772364, 37.971998787 ], [ 23.728839411, 37.971859242 ], [ 23.728921493, 37.971598058 ], [ 23.728957882, 37.971377326 ], [ 23.728951439, 37.971097912 ], [ 23.728951538, 37.971070874 ], [ 23.72902705, 37.970976479 ], [ 23.728987851, 37.970824416 ], [ 23.728985659, 37.970815912 ], [ 23.728991551, 37.970798973 ], [ 23.729112967, 37.970449904 ], [ 23.729157163, 37.970223924 ], [ 23.729158543, 37.97021687 ], [ 23.729162365, 37.970197329 ], [ 23.729306975, 37.9696847 ], [ 23.729307483, 37.969682901 ], [ 23.729308525, 37.969679206 ], [ 23.72935823, 37.969545921 ], [ 23.729359345, 37.969542933 ], [ 23.72939584, 37.969445072 ], [ 23.729183878, 37.969422053 ], [ 23.729181047, 37.969421953 ], [ 23.728773002, 37.969407585 ], [ 23.727797377, 37.969522501 ], [ 23.726887213, 37.969637559 ], [ 23.725735792, 37.96976106 ], [ 23.725019217, 37.969863036 ], [ 23.724482072, 37.969933882 ], [ 23.722407475, 37.97022188 ], [ 23.722445155, 37.969987593 ], [ 23.722473692, 37.969976491 ], [ 23.722485779, 37.969971789 ], [ 23.723601728, 37.969537645 ], [ 23.723701877, 37.96859364 ], [ 23.723759899, 37.968043449 ], [ 23.723781205, 37.967836744 ], [ 23.723809511, 37.967593463 ], [ 23.723824421, 37.967404608 ], [ 23.723824451, 37.967404228 ], [ 23.723693368, 37.967302879 ], [ 23.723603777, 37.967233612 ], [ 23.723081969, 37.966830168 ], [ 23.7230771, 37.966826404 ], [ 23.722531417, 37.966405262 ], [ 23.722294461, 37.966219939 ], [ 23.721975911, 37.965976723 ], [ 23.721951067, 37.965957754 ], [ 23.721399846, 37.965523832 ], [ 23.721370402, 37.96550123 ], [ 23.721090348, 37.965459311 ], [ 23.72074425, 37.965409617 ], [ 23.720297654, 37.965345465 ], [ 23.719159502, 37.965176016 ], [ 23.718221334, 37.965033946 ], [ 23.717587232, 37.964937917 ], [ 23.717319988, 37.964955301 ], [ 23.716942184, 37.965044522 ], [ 23.716222616, 37.965655664 ], [ 23.715829602, 37.965997205 ], [ 23.7154771, 37.966257726 ], [ 23.715358405, 37.966316023 ], [ 23.715335633, 37.966685496 ], [ 23.715333254, 37.966692009 ], [ 23.715324125, 37.966717013 ], [ 23.715291385, 37.966811569 ], [ 23.714827917, 37.967470985 ], [ 23.714801283, 37.96750888 ], [ 23.7147453, 37.967654204 ], [ 23.7147215, 37.967715983 ], [ 23.714705158, 37.967807794 ], [ 23.714686222, 37.967914181 ], [ 23.714749614, 37.968275467 ], [ 23.714860159, 37.968737655 ], [ 23.714874568, 37.968797899 ], [ 23.714974885, 37.969077541 ], [ 23.715236797, 37.969424109 ], [ 23.7153137, 37.969785872 ], [ 23.715186224, 37.969997366 ], [ 23.715243139, 37.970092139 ], [ 23.715644656, 37.970764883 ], [ 23.716156244, 37.971622028 ], [ 23.716340759, 37.971925392 ], [ 23.716552572, 37.972276417 ], [ 23.716634753, 37.972514884 ], [ 23.716697058, 37.973300396 ], [ 23.716726514, 37.973398938 ], [ 23.716836232, 37.973642549 ], [ 23.716968297, 37.97390424 ], [ 23.717178039, 37.974044444 ], [ 23.717526356, 37.974234551 ], [ 23.717667342, 37.974261211 ], [ 23.717695756, 37.974203107 ], [ 23.71769591, 37.974202792 ], [ 23.717745502, 37.97410138 ], [ 23.717778311, 37.974034288 ], [ 23.717779368, 37.974032128 ], [ 23.717781943, 37.974026862 ], [ 23.717785854, 37.974018865 ], [ 23.717834223, 37.973990218 ], [ 23.717967726, 37.973911147 ], [ 23.718023604, 37.973906775 ], [ 23.718047956, 37.973914041 ], [ 23.718312899, 37.97399309 ], [ 23.718402068, 37.974029355 ], [ 23.71847737, 37.973953619 ], [ 23.71847758, 37.973953372 ], [ 23.718478514, 37.973952271 ], [ 23.718844136, 37.973521185 ], [ 23.718858523, 37.973480662 ], [ 23.718849834, 37.973426564 ], [ 23.718805399, 37.97332281 ], [ 23.718728299, 37.973200952 ], [ 23.718732792, 37.973142379 ], [ 23.718744254, 37.973125905 ], [ 23.718748118, 37.973120353 ], [ 23.718770357, 37.973088391 ], [ 23.718901381, 37.972971537 ], [ 23.719320104, 37.972612022 ], [ 23.719540483, 37.972481861 ], [ 23.719786358, 37.972383305 ], [ 23.720257568, 37.97225374 ], [ 23.720719133, 37.972171814 ], [ 23.720721148, 37.972171456 ], [ 23.720747024, 37.972166863 ], [ 23.720793361, 37.972158639 ], [ 23.72056721, 37.972749801 ], [ 23.720490822, 37.972949478 ], [ 23.720207971, 37.973688836 ], [ 23.72016404, 37.973803666 ], [ 23.720070641, 37.974069389 ], [ 23.720134327, 37.974193829 ], [ 23.720144372, 37.974213457 ], [ 23.72033338, 37.974582767 ], [ 23.720434919, 37.974781166 ], [ 23.720435486, 37.974782273 ], [ 23.720443257, 37.974776565 ], [ 23.720443419, 37.974776445 ], [ 23.720529546, 37.974713173 ], [ 23.72062439, 37.974643496 ], [ 23.721597222, 37.973928806 ], [ 23.722159552, 37.973729324 ], [ 23.723400449, 37.973289112 ], [ 23.723401775, 37.973288642 ], [ 23.724718482, 37.973335213 ] ] ] } },
{ "type": "Feature", "properties": { "zone_id": 7, "year": 2050, "kwh_per_user_cap": 1032.1486, "ac_share_cap": 0.92347944185982056, "kwh_pc_overall": 953.16796481277743, "kwh_cap": 6202579.1127929688 }, "geometry": { "type": "Polygon", "coordinates": [ [ [ 23.790585777, 37.991753076 ], [ 23.790751282, 37.990953624 ], [ 23.789843008, 37.99055421 ], [ 23.788936811, 37.991089695 ], [ 23.787852821, 37.991074225 ], [ 23.787853597, 37.991051695 ], [ 23.787858301, 37.991024665 ], [ 23.787869412, 37.990997646 ], [ 23.787883712, 37.99097514 ], [ 23.78790049, 37.990957144 ], [ 23.787922252, 37.990939158 ], [ 23.788905895, 37.990328053 ], [ 23.788870383, 37.990300951 ], [ 23.788834874, 37.990273849 ], [ 23.787866928, 37.990871462 ], [ 23.787763248, 37.990911833 ], [ 23.787649617, 37.990947679 ], [ 23.787527128, 37.99096999 ], [ 23.78742176, 37.990978812 ], [ 23.787324221, 37.990987649 ], [ 23.787225608, 37.990999084 ], [ 23.787002868, 37.990982561 ], [ 23.786766109, 37.990892003 ], [ 23.786703798, 37.990858357 ], [ 23.786378507, 37.990682709 ], [ 23.786071084, 37.990516708 ], [ 23.785495393, 37.990227248 ], [ 23.785324477, 37.990136808 ], [ 23.7852492, 37.990078087 ], [ 23.785162694, 37.989965268 ], [ 23.785129054, 37.989663276 ], [ 23.785129855, 37.989266712 ], [ 23.785143204, 37.988960299 ], [ 23.785502894, 37.988384133 ], [ 23.785517844, 37.988360289 ], [ 23.785821813, 37.987875487 ], [ 23.785947525, 37.987722498 ], [ 23.786099478, 37.9876011 ], [ 23.786260148, 37.987493745 ], [ 23.786395426, 37.987403355 ], [ 23.78745715, 37.986359787 ], [ 23.784479545, 37.98478058 ], [ 23.783049171, 37.984021915 ], [ 23.783018965, 37.984005893 ], [ 23.783042186, 37.983976837 ], [ 23.784817507, 37.981794479 ], [ 23.785481931, 37.980983966 ], [ 23.785702782, 37.98071455 ], [ 23.78555708, 37.98063946 ], [ 23.785035876, 37.980370845 ], [ 23.784874553, 37.980537288 ], [ 23.784649968, 37.980676576 ], [ 23.784267036, 37.980815574 ], [ 23.783869236, 37.980927505 ], [ 23.783507033, 37.981034993 ], [ 23.783409347, 37.981052943 ], [ 23.783021405, 37.981124227 ], [ 23.782567369, 37.981118882 ], [ 23.78212948, 37.981068501 ], [ 23.781825671, 37.981883603 ], [ 23.78174091, 37.982027651 ], [ 23.781578707, 37.982126492 ], [ 23.781438426, 37.98215327 ], [ 23.781252569, 37.982188976 ], [ 23.781006166, 37.982230198 ], [ 23.780320146, 37.982344963 ], [ 23.780225961, 37.982368095 ], [ 23.780150615, 37.9823866 ], [ 23.78010462, 37.982397895 ], [ 23.779935962, 37.982439316 ], [ 23.77808022, 37.98289505 ], [ 23.778013096, 37.98291479 ], [ 23.777958412, 37.982930872 ], [ 23.777891815, 37.982948772 ], [ 23.777871785, 37.982950143 ], [ 23.777845158, 37.982951965 ], [ 23.777827749, 37.982953157 ], [ 23.77774949, 37.982943996 ], [ 23.777678361, 37.982930343 ], [ 23.77762148, 37.982912209 ], [ 23.777550365, 37.982894049 ], [ 23.777493388, 37.982876327 ], [ 23.777477484, 37.982871379 ], [ 23.777417045, 37.982853239 ], [ 23.777298986, 37.982825977 ], [ 23.777232839, 37.982812333 ], [ 23.777152063, 37.98281218 ], [ 23.777069123, 37.982821035 ], [ 23.777007507, 37.982838944 ], [ 23.776886383, 37.982883779 ], [ 23.776842491, 37.982924254 ], [ 23.776706627, 37.983100646 ], [ 23.776674623, 37.983142197 ], [ 23.776634104, 37.983194803 ], [ 23.776299737, 37.983628906 ], [ 23.776296715, 37.983632829 ], [ 23.776215148, 37.983738726 ], [ 23.774793207, 37.983863028 ], [ 23.774701659, 37.98387103 ], [ 23.774496278, 37.983888662 ], [ 23.774283752, 37.983915293 ], [ 23.774082329, 37.983941077 ], [ 23.774040965, 37.983946372 ], [ 23.774035351, 37.983947302 ], [ 23.773772159, 37.983990919 ], [ 23.773491295, 37.984021924 ], [ 23.773279152, 37.984039541 ], [ 23.773078068, 37.984048166 ], [ 23.773027589, 37.984047058 ], [ 23.772861588, 37.984043417 ], [ 23.772852827, 37.984043225 ], [ 23.772603787, 37.984024718 ], [ 23.772355089, 37.984010718 ], [ 23.772113235, 37.983969692 ], [ 23.771913756, 37.983919734 ], [ 23.77188332, 37.9839078 ], [ 23.771847481, 37.983893747 ], [ 23.771644827, 37.983819083 ], [ 23.771357993, 37.984145149 ], [ 23.771308779, 37.984196225 ], [ 23.770866906, 37.9846548 ], [ 23.770823668, 37.984694872 ], [ 23.770795762, 37.984720735 ], [ 23.770758456, 37.98475531 ], [ 23.768995847, 37.986671572 ], [ 23.768922175, 37.986751318 ], [ 23.768977497, 37.986793613 ], [ 23.769260187, 37.986978931 ], [ 23.769492087, 37.987132604 ], [ 23.769447407, 37.987195607 ], [ 23.769390154, 37.987244468 ], [ 23.769405145, 37.987256183 ], [ 23.769598529, 37.987404189 ], [ 23.769742243, 37.987514178 ], [ 23.769812989, 37.987580193 ], [ 23.769831596, 37.987597557 ], [ 23.77023981, 37.987918186 ], [ 23.770622584, 37.988218399 ], [ 23.770648776, 37.98823894 ], [ 23.770670386, 37.988270527 ], [ 23.770263047, 37.988454496 ], [ 23.770222722, 37.988490469 ], [ 23.769540513, 37.989047625 ], [ 23.769237287, 37.989290684 ], [ 23.769638227, 37.989561855 ], [ 23.7701243, 37.98992332 ], [ 23.771280281, 37.990930507 ], [ 23.771323246, 37.990962135 ], [ 23.773485583, 37.991899149 ], [ 23.773563467, 37.991917325 ], [ 23.773896714, 37.991990069 ], [ 23.774559048, 37.992216661 ], [ 23.775306073, 37.992565086 ], [ 23.775685439, 37.99280465 ], [ 23.775734252, 37.992786718 ], [ 23.775911459, 37.992913235 ], [ 23.776054939, 37.99301265 ], [ 23.776227165, 37.993139157 ], [ 23.77622388, 37.99316619 ], [ 23.777475006, 37.994060835 ], [ 23.777593591, 37.994155695 ], [ 23.777869913, 37.994462654 ], [ 23.777967461, 37.994570992 ], [ 23.778212462, 37.994760724 ], [ 23.779360363, 37.995438846 ], [ 23.781118928, 37.996510154 ], [ 23.781900031, 37.99703435 ], [ 23.782196224, 37.997251207 ], [ 23.782094587, 37.997310571 ], [ 23.782034715, 37.997345543 ], [ 23.782933191, 37.998023168 ], [ 23.783755844, 37.998723452 ], [ 23.783851392, 37.998655758 ], [ 23.783860857, 37.998583672 ], [ 23.785601762, 37.996975052 ], [ 23.787091768, 37.995598188 ], [ 23.787268902, 37.9954345 ], [ 23.790484934, 37.992462416 ], [ 23.790585777, 37.991753076 ] ] ] } },
{ "type": "Feature", "properties": { "zone_id": 8, "year": 2050, "kwh_per_user_cap": 945.75592, "ac_share_cap": 0.97389715885787353, "kwh_pc_overall": 921.0690310683899, "kwh_cap": 9939840.359375 }, "geometry": { "type": "Polygon", "coordinates": [ [ [ 23.763844589, 37.98596325 ], [ 23.763588963, 37.985980123 ], [ 23.763447057, 37.985989489 ], [ 23.762953086, 37.986110169 ], [ 23.76140768, 37.986412912 ], [ 23.761404808, 37.986413475 ], [ 23.761328317, 37.986429017 ], [ 23.761308897, 37.986432963 ], [ 23.761141295, 37.986467018 ], [ 23.760628012, 37.98656747 ], [ 23.760434808, 37.98660528 ], [ 23.760412018, 37.98660974 ], [ 23.760241101, 37.986640937 ], [ 23.758542051, 37.986966714 ], [ 23.757729593, 37.987122485 ], [ 23.757781555, 37.987214515 ], [ 23.757818752, 37.987280394 ], [ 23.757858031, 37.987348071 ], [ 23.758013044, 37.987826071 ], [ 23.758151125, 37.988258972 ], [ 23.758250446, 37.988574626 ], [ 23.758517718, 37.989440409 ], [ 23.758621, 37.989742552 ], [ 23.758719982, 37.989945544 ], [ 23.758996392, 37.990414779 ], [ 23.759314204, 37.990848046 ], [ 23.759583647, 37.991164047 ], [ 23.759878477, 37.991444048 ], [ 23.760262505, 37.991764787 ], [ 23.760821446, 37.992144465 ], [ 23.761293905, 37.99241581 ], [ 23.761802413, 37.992655681 ], [ 23.762138296, 37.992791554 ], [ 23.762950744, 37.993032034 ], [ 23.763627579, 37.993168589 ], [ 23.764375703, 37.993281382 ], [ 23.765138445, 37.993244432 ], [ 23.765276141, 37.993235418 ], [ 23.765662806, 37.993210102 ], [ 23.766017374, 37.993186887 ], [ 23.766307928, 37.9931424 ], [ 23.766721693, 37.993075625 ], [ 23.766793171, 37.993024861 ], [ 23.766794916, 37.993023622 ], [ 23.766867226, 37.992972266 ], [ 23.767151586, 37.992860168 ], [ 23.767349534, 37.992838028 ], [ 23.767382319, 37.992824574 ], [ 23.768047767, 37.992510438 ], [ 23.768126078, 37.992506086 ], [ 23.768365591, 37.992393897 ], [ 23.768383514, 37.992353375 ], [ 23.768006689, 37.991766797 ], [ 23.768336326, 37.991627748 ], [ 23.768474783, 37.991184209 ], [ 23.769033411, 37.990980193 ], [ 23.768815086, 37.990466032 ], [ 23.770009767, 37.990017731 ], [ 23.770067756, 37.989969931 ], [ 23.7701243, 37.98992332 ], [ 23.769638227, 37.989561855 ], [ 23.769237287, 37.989290684 ], [ 23.768302534, 37.988793139 ], [ 23.767338726, 37.988259478 ], [ 23.767107367, 37.988159879 ], [ 23.766737874, 37.98796537 ], [ 23.766589107, 37.987856921 ], [ 23.766402049, 37.987703331 ], [ 23.766049402, 37.987360142 ], [ 23.765779077, 37.987093725 ], [ 23.765382093, 37.986818041 ], [ 23.765259565, 37.986741188 ], [ 23.765193858, 37.986700499 ], [ 23.763969922, 37.98617981 ], [ 23.763910844, 37.985958876 ], [ 23.763844589, 37.98596325 ] ] ] } },
{ "type": "Feature", "properties": { "zone_id": 9, "year": 2050, "kwh_per_user_cap": 1004.8989, "ac_share_cap": 0.73292028965435674, "kwh_pc_overall": 736.51080489510105, "kwh_cap": 11729289.28125 }, "geometry": { "type": "Polygon", "coordinates": [ [ [ 23.752895164, 38.007874419 ], [ 23.752742218, 38.007710151 ], [ 23.752867409, 38.007528492 ], [ 23.753301507, 38.007688912 ], [ 23.75376461, 38.006971911 ], [ 23.753790459, 38.006933539 ], [ 23.753810922, 38.006893969 ], [ 23.754202818, 38.006781184 ], [ 23.754079497, 38.006472113 ], [ 23.754075722, 38.006462655 ], [ 23.754074814, 38.006425957 ], [ 23.753723266, 38.006298229 ], [ 23.753660243, 38.00627533 ], [ 23.753527352, 38.006215567 ], [ 23.753362017, 38.006141213 ], [ 23.753257546, 38.00609423 ], [ 23.752793346, 38.005890466 ], [ 23.752846844, 38.005859034 ], [ 23.752879403, 38.005809532 ], [ 23.752440972, 38.005353462 ], [ 23.752366721, 38.005204594 ], [ 23.752291147, 38.004920531 ], [ 23.752178305, 38.004393043 ], [ 23.752005477, 38.003604056 ], [ 23.751959062, 38.003540868 ], [ 23.751749661, 38.00336017 ], [ 23.751734938, 38.003504344 ], [ 23.751174916, 38.003854661 ], [ 23.750863873, 38.004047778 ], [ 23.750689079, 38.004160068 ], [ 23.750533951, 38.004245361 ], [ 23.750237944, 38.004307823 ], [ 23.749775244, 38.004401474 ], [ 23.749730719, 38.004410392 ], [ 23.749232142, 38.004377785 ], [ 23.748930069, 38.004353082 ], [ 23.748640693, 38.004335965 ], [ 23.748548671, 38.004366682 ], [ 23.748504552, 38.004380631 ], [ 23.748425008, 38.004309582 ], [ 23.74839249, 38.004280537 ], [ 23.748328462, 38.004249675 ], [ 23.747775426, 38.004027427 ], [ 23.746889321, 38.00367132 ], [ 23.74667446, 38.00358497 ], [ 23.746499822, 38.003514786 ], [ 23.746151894, 38.003374957 ], [ 23.74599485, 38.003312705 ], [ 23.745356511, 38.003071753 ], [ 23.744803654, 38.002863117 ], [ 23.74471549, 38.002831381 ], [ 23.74386202, 38.002806993 ], [ 23.743860667, 38.00280925 ], [ 23.743468192, 38.003464071 ], [ 23.7432061, 38.003905128 ], [ 23.742851805, 38.004246841 ], [ 23.74254643, 38.004543596 ], [ 23.74184114, 38.004077889 ], [ 23.741457942, 38.003829195 ], [ 23.741351111, 38.003842479 ], [ 23.741220533, 38.003325417 ], [ 23.741220164, 38.003323954 ], [ 23.740659267, 38.003403834 ], [ 23.739910334, 38.003510334 ], [ 23.739784403, 38.003086452 ], [ 23.739092164, 38.002864104 ], [ 23.738413748, 38.002659809 ], [ 23.738400026, 38.002614714 ], [ 23.738242264, 38.002636895 ], [ 23.737821626, 38.002712567 ], [ 23.737472206, 38.002779384 ], [ 23.736642995, 38.00293976 ], [ 23.736641098, 38.002940126 ], [ 23.736640435, 38.002940254 ], [ 23.735924915, 38.00307785 ], [ 23.735418781, 38.003171347 ], [ 23.734292168, 38.003380608 ], [ 23.7344281, 38.003786493 ], [ 23.734558322, 38.004194835 ], [ 23.734666555, 38.004683807 ], [ 23.734701906, 38.004850624 ], [ 23.734772639, 38.005175245 ], [ 23.734801034, 38.005296982 ], [ 23.734897735, 38.005725309 ], [ 23.734952809, 38.005950754 ], [ 23.735085803, 38.006581951 ], [ 23.735086951, 38.006658563 ], [ 23.73509088, 38.007050629 ], [ 23.735093902, 38.007496771 ], [ 23.735096148, 38.007861795 ], [ 23.735098184, 38.008285402 ], [ 23.736053359, 38.008256005 ], [ 23.736469566, 38.008234406 ], [ 23.736975832, 38.008213007 ], [ 23.737636265, 38.008182938 ], [ 23.737666522, 38.008183005 ], [ 23.737680203, 38.008182301 ], [ 23.738085931, 38.008161408 ], [ 23.738842862, 38.008122534 ], [ 23.739627913, 38.008083717 ], [ 23.740176321, 38.008059565 ], [ 23.740212506, 38.008057971 ], [ 23.740469775, 38.008045377 ], [ 23.741093327, 38.008014849 ], [ 23.741240017, 38.008006159 ], [ 23.741210971, 38.007762749 ], [ 23.741192643, 38.007609491 ], [ 23.741146726, 38.007203813 ], [ 23.740878979, 38.007221249 ], [ 23.740760415, 38.006824424 ], [ 23.740797032, 38.006823105 ], [ 23.740876639, 38.00682024 ], [ 23.741114288, 38.006811684 ], [ 23.741943227, 38.00679595 ], [ 23.74333282, 38.006769561 ], [ 23.743715054, 38.006988624 ], [ 23.743778227, 38.007042838 ], [ 23.744622779, 38.008074363 ], [ 23.744903346, 38.008059004 ], [ 23.745666068, 38.008017247 ], [ 23.745761142, 38.008011413 ], [ 23.745847926, 38.008006087 ], [ 23.746636791, 38.0079667 ], [ 23.746658954, 38.007965526 ], [ 23.746737034, 38.007997191 ], [ 23.74728198, 38.008233751 ], [ 23.747393034, 38.008280806 ], [ 23.74781236, 38.008442766 ], [ 23.747860622, 38.008462147 ], [ 23.748178502, 38.008589803 ], [ 23.748309412, 38.008642374 ], [ 23.748601528, 38.00875968 ], [ 23.748994501, 38.008915251 ], [ 23.749519879, 38.00912321 ], [ 23.749680274, 38.00891963 ], [ 23.749757016, 38.008822225 ], [ 23.749757461, 38.008822499 ], [ 23.749757491, 38.008822518 ], [ 23.75028738, 38.009147814 ], [ 23.750556618, 38.008796885 ], [ 23.751573171, 38.009275696 ], [ 23.751775642, 38.008806019 ], [ 23.75183209, 38.008671408 ], [ 23.752895164, 38.007874419 ] ] ] } },
{ "type": "Feature", "properties": { "zone_id": 10, "year": 2050, "kwh_per_user_cap": 834.72266, "ac_share_cap": 0.82181578807125233, "kwh_pc_overall": 685.98828123748274, "kwh_cap": 14088546.09375 }, "geometry": { "type": "Polygon", "coordinates": [ [ [ 23.746302191, 38.018758597 ], [ 23.746011905, 38.018842249 ], [ 23.74541832, 38.018524218 ], [ 23.745456284, 38.018484339 ], [ 23.745464192, 38.018476032 ], [ 23.745721905, 38.018205312 ], [ 23.745722742, 38.018204433 ], [ 23.745753324, 38.018172309 ], [ 23.745790653, 38.018133094 ], [ 23.745686835, 38.018013349 ], [ 23.745516358, 38.017825126 ], [ 23.74544055, 38.017633871 ], [ 23.745299307, 38.01658656 ], [ 23.745082688, 38.015310425 ], [ 23.745060744, 38.015170679 ], [ 23.744808598, 38.015300818 ], [ 23.744718065, 38.015332166 ], [ 23.7445135, 38.015394812 ], [ 23.743624216, 38.015492017 ], [ 23.74238377, 38.015629005 ], [ 23.740941724, 38.015792574 ], [ 23.740120508, 38.015867371 ], [ 23.739308546, 38.015942183 ], [ 23.737835563, 38.016092126 ], [ 23.737324146, 38.016145061 ], [ 23.73631519, 38.015755253 ], [ 23.735499148, 38.015775952 ], [ 23.735386022, 38.015745293 ], [ 23.73538178, 38.015744143 ], [ 23.73450376, 38.01587285 ], [ 23.733540212, 38.016023888 ], [ 23.732568658, 38.016026189 ], [ 23.731735929, 38.016033305 ], [ 23.731702464, 38.016033229 ], [ 23.731398047, 38.016041547 ], [ 23.731065182, 38.016040786 ], [ 23.730826302, 38.01604024 ], [ 23.730691634, 38.01606697 ], [ 23.729690721, 38.016308019 ], [ 23.729754116, 38.016398293 ], [ 23.730153909, 38.017079678 ], [ 23.730655499, 38.017964082 ], [ 23.730687227, 38.018049776 ], [ 23.731201613, 38.018943221 ], [ 23.731453197, 38.019367397 ], [ 23.731682254, 38.019604674 ], [ 23.731904437, 38.020008336 ], [ 23.731910458, 38.020017362 ], [ 23.73197774, 38.020116656 ], [ 23.732036173, 38.020202411 ], [ 23.732314869, 38.020712269 ], [ 23.732476442, 38.021023578 ], [ 23.732881263, 38.02151119 ], [ 23.733162259, 38.021782212 ], [ 23.73344656, 38.022026202 ], [ 23.733588226, 38.022134677 ], [ 23.734777809, 38.02290796 ], [ 23.7349277, 38.023007438 ], [ 23.735311258, 38.023259205 ], [ 23.735692881, 38.02348919 ], [ 23.735695746, 38.023490917 ], [ 23.735815289, 38.02356296 ], [ 23.735924335, 38.023628677 ], [ 23.736084392, 38.023725134 ], [ 23.736194244, 38.023797727 ], [ 23.736380965, 38.023921116 ], [ 23.7365824, 38.024054227 ], [ 23.736770522, 38.02417854 ], [ 23.737282935, 38.024517143 ], [ 23.737291376, 38.024522721 ], [ 23.73729933, 38.024527792 ], [ 23.738092467, 38.025033396 ], [ 23.738911176, 38.025546615 ], [ 23.739287306, 38.025786279 ], [ 23.739349766, 38.025826076 ], [ 23.739412995, 38.025866364 ], [ 23.740326012, 38.025514641 ], [ 23.740756018, 38.025348985 ], [ 23.74122184, 38.025169529 ], [ 23.74163382, 38.025010813 ], [ 23.74134659, 38.024580946 ], [ 23.741016555, 38.024170138 ], [ 23.740702417, 38.023795415 ], [ 23.74046843, 38.023510995 ], [ 23.74036347, 38.023389091 ], [ 23.740226287, 38.023217545 ], [ 23.740183753, 38.023163374 ], [ 23.739960833, 38.022968149 ], [ 23.740482271, 38.022730081 ], [ 23.740661599, 38.022648783 ], [ 23.741168562, 38.022418948 ], [ 23.741470567, 38.022282029 ], [ 23.742279968, 38.021915072 ], [ 23.742965614, 38.021604213 ], [ 23.743308282, 38.021448852 ], [ 23.743782982, 38.021233626 ], [ 23.744160743, 38.021062349 ], [ 23.744606745, 38.020860129 ], [ 23.745191471, 38.020595008 ], [ 23.74580748, 38.020318241 ], [ 23.747002069, 38.019781914 ], [ 23.746526812, 38.019108438 ], [ 23.746459611, 38.018988503 ], [ 23.746326814, 38.018751501 ], [ 23.746302191, 38.018758597 ] ] ] } },
{ "type": "Feature", "properties": { "zone_id": 11, "year": 2050, "kwh_per_user_cap": 1188.3738, "ac_share_cap": 0.66761082295314389, "kwh_pc_overall": 793.3712161198406, "kwh_cap": 12420883.62890625 }, "geometry": { "type": "Polygon", "coordinates": [ [ [ 23.720134327, 37.974193829 ], [ 23.720070641, 37.974069389 ], [ 23.72016404, 37.973803666 ], [ 23.720207971, 37.973688836 ], [ 23.720490822, 37.972949478 ], [ 23.72056721, 37.972749801 ], [ 23.720793361, 37.972158639 ], [ 23.720747024, 37.972166863 ], [ 23.720721148, 37.972171456 ], [ 23.720719133, 37.972171814 ], [ 23.720257568, 37.97225374 ], [ 23.719786358, 37.972383305 ], [ 23.719540483, 37.972481861 ], [ 23.719320104, 37.972612022 ], [ 23.718901381, 37.972971537 ], [ 23.718770357, 37.973088391 ], [ 23.718748118, 37.973120353 ], [ 23.718744254, 37.973125905 ], [ 23.718732792, 37.973142379 ], [ 23.718728299, 37.973200952 ], [ 23.718805399, 37.97332281 ], [ 23.718849834, 37.973426564 ], [ 23.718858523, 37.973480662 ], [ 23.718844136, 37.973521185 ], [ 23.718478514, 37.973952271 ], [ 23.71847758, 37.973953372 ], [ 23.71847737, 37.973953619 ], [ 23.718402068, 37.974029355 ], [ 23.718312899, 37.97399309 ], [ 23.718047956, 37.973914041 ], [ 23.718023604, 37.973906775 ], [ 23.717967726, 37.973911147 ], [ 23.717834223, 37.973990218 ], [ 23.717785854, 37.974018865 ], [ 23.717781943, 37.974026862 ], [ 23.717779368, 37.974032128 ], [ 23.717778311, 37.974034288 ], [ 23.717745502, 37.97410138 ], [ 23.71769591, 37.974202792 ], [ 23.717695756, 37.974203107 ], [ 23.717667342, 37.974261211 ], [ 23.717526356, 37.974234551 ], [ 23.717178039, 37.974044444 ], [ 23.716968297, 37.97390424 ], [ 23.716836232, 37.973642549 ], [ 23.716726514, 37.973398938 ], [ 23.716697058, 37.973300396 ], [ 23.716634753, 37.972514884 ], [ 23.716552572, 37.972276417 ], [ 23.716340759, 37.971925392 ], [ 23.716156244, 37.971622028 ], [ 23.715644656, 37.970764883 ], [ 23.715243139, 37.970092139 ], [ 23.715186224, 37.969997366 ], [ 23.7153137, 37.969785872 ], [ 23.715236797, 37.969424109 ], [ 23.714974885, 37.969077541 ], [ 23.714874568, 37.968797899 ], [ 23.714860159, 37.968737655 ], [ 23.714749614, 37.968275467 ], [ 23.714686222, 37.967914181 ], [ 23.714705158, 37.967807794 ], [ 23.7147215, 37.967715983 ], [ 23.7147453, 37.967654204 ], [ 23.714801283, 37.96750888 ], [ 23.714827917, 37.967470985 ], [ 23.715291385, 37.966811569 ], [ 23.715324125, 37.966717013 ], [ 23.71532024, 37.96671708 ], [ 23.714411871, 37.966732828 ], [ 23.7141077, 37.966362561 ], [ 23.714019272, 37.966267802 ], [ 23.713985469, 37.966231577 ], [ 23.713717344, 37.965924487 ], [ 23.71362281, 37.96580709 ], [ 23.713275794, 37.965387146 ], [ 23.713245976, 37.965349582 ], [ 23.713239574, 37.965341517 ], [ 23.713205233, 37.965298254 ], [ 23.713033941, 37.965082466 ], [ 23.713866291, 37.964692263 ], [ 23.713829537, 37.964286609 ], [ 23.713835058, 37.9641943 ], [ 23.713852535, 37.964052306 ], [ 23.713852734, 37.96405069 ], [ 23.713791187, 37.96404036 ], [ 23.713004766, 37.963908372 ], [ 23.712335938, 37.963798514 ], [ 23.712085725, 37.963757414 ], [ 23.711970212, 37.963742375 ], [ 23.711415467, 37.96367015 ], [ 23.710402178, 37.963604569 ], [ 23.708635909, 37.963501067 ], [ 23.708418493, 37.963514047 ], [ 23.708218044, 37.963554108 ], [ 23.707562637, 37.963940035 ], [ 23.707328334, 37.964083659 ], [ 23.707204283, 37.96414644 ], [ 23.706445897, 37.964586145 ], [ 23.706445836, 37.964586181 ], [ 23.706529846, 37.964663 ], [ 23.706580521, 37.964712698 ], [ 23.707058646, 37.965164533 ], [ 23.707657287, 37.965819456 ], [ 23.707964306, 37.966180734 ], [ 23.708087505, 37.966334258 ], [ 23.708321684, 37.966762951 ], [ 23.708364765, 37.966844173 ], [ 23.708711299, 37.967471427 ], [ 23.708992215, 37.967958817 ], [ 23.70927518, 37.968468745 ], [ 23.709545431, 37.968956107 ], [ 23.709689203, 37.969217835 ], [ 23.709847457, 37.969506638 ], [ 23.709956275, 37.969700683 ], [ 23.71011099, 37.96998497 ], [ 23.710114419, 37.969991248 ], [ 23.710317991, 37.97036402 ], [ 23.710377279, 37.970471101 ], [ 23.710525368, 37.970738565 ], [ 23.710922409, 37.971469584 ], [ 23.711330772, 37.972218655 ], [ 23.711574185, 37.972660883 ], [ 23.711742719, 37.972963227 ], [ 23.711923245, 37.973292639 ], [ 23.712164193, 37.973730352 ], [ 23.712580053, 37.974479437 ], [ 23.71292352, 37.974998516 ], [ 23.713167496, 37.975301042 ], [ 23.713614565, 37.975806851 ], [ 23.713709198, 37.975901717 ], [ 23.713937076, 37.976136606 ], [ 23.714064737, 37.976214917 ], [ 23.714069835, 37.976218044 ], [ 23.714466281, 37.976475874 ], [ 23.715023881, 37.976743105 ], [ 23.715319992, 37.976845178 ], [ 23.715326467, 37.976847411 ], [ 23.716077127, 37.977106167 ], [ 23.716225772, 37.977129058 ], [ 23.716529483, 37.977170348 ], [ 23.716787417, 37.977179982 ], [ 23.716883773, 37.977198239 ], [ 23.717296637, 37.977211684 ], [ 23.717297871, 37.977211724 ], [ 23.717332051, 37.977212837 ], [ 23.717366009, 37.977212918 ], [ 23.717528463, 37.977213309 ], [ 23.717759371, 37.977218369 ], [ 23.717847631, 37.977214075 ], [ 23.71798784, 37.977209904 ], [ 23.718128405, 37.977205735 ], [ 23.718333373, 37.977201719 ], [ 23.718538002, 37.977193196 ], [ 23.71859495, 37.977188826 ], [ 23.718742718, 37.977162141 ], [ 23.718890858, 37.97713095 ], [ 23.719148813, 37.977041437 ], [ 23.719197984, 37.977023529 ], [ 23.719262879, 37.976998561 ], [ 23.71933939, 37.976950845 ], [ 23.719386947, 37.976921186 ], [ 23.720397904, 37.976594078 ], [ 23.720648025, 37.976519313 ], [ 23.720651074, 37.976518402 ], [ 23.720785916, 37.976478095 ], [ 23.720786323, 37.976477973 ], [ 23.720820039, 37.976467895 ], [ 23.720964774, 37.97642463 ], [ 23.720966898, 37.976423876 ], [ 23.72100081, 37.976356651 ], [ 23.721002125, 37.97635487 ], [ 23.721011399, 37.976343033 ], [ 23.721025627, 37.976324874 ], [ 23.721033282, 37.97630693 ], [ 23.721063505, 37.976236092 ], [ 23.72106404, 37.976234836 ], [ 23.721066094, 37.976221957 ], [ 23.721089188, 37.976077171 ], [ 23.721085308, 37.976068149 ], [ 23.721075735, 37.976059113 ], [ 23.721060113, 37.976050063 ], [ 23.721030599, 37.976045487 ], [ 23.721012486, 37.976036431 ], [ 23.720991545, 37.976022862 ], [ 23.720969925, 37.976000279 ], [ 23.720958607, 37.975982226 ], [ 23.720953322, 37.975968694 ], [ 23.720948391, 37.975955163 ], [ 23.720943444, 37.975946139 ], [ 23.720939564, 37.975937117 ], [ 23.720935702, 37.975923588 ], [ 23.720453116, 37.974822498 ], [ 23.720435486, 37.974782273 ], [ 23.720434919, 37.974781166 ], [ 23.72033338, 37.974582767 ], [ 23.720144372, 37.974213457 ], [ 23.720134327, 37.974193829 ] ] ] } },
{ "type": "Feature", "properties": { "zone_id": 12, "year": 2050, "kwh_per_user_cap": 1164.0022, "ac_share_cap": 0.72021651138733767, "kwh_pc_overall": 838.33361927285682, "kwh_cap": 2341558.1733398438 }, "geometry": { "type": "Polygon", "coordinates": [ [ [ 23.758295581, 37.999827711 ], [ 23.75828332, 37.999813711 ], [ 23.758152684, 37.999665312 ], [ 23.758084862, 37.999574462 ], [ 23.757717499, 37.999456539 ], [ 23.757347988, 37.999365649 ], [ 23.757217082, 37.999342847 ], [ 23.756727877, 37.999391407 ], [ 23.756013587, 37.999696364 ], [ 23.755753547, 37.999810745 ], [ 23.755744732, 37.999814623 ], [ 23.755731261, 37.999826464 ], [ 23.755596436, 37.999911805 ], [ 23.755592539, 37.99991197 ], [ 23.75537271, 37.999921273 ], [ 23.755152513, 37.999930592 ], [ 23.755138355, 37.999931191 ], [ 23.75488373, 37.999941965 ], [ 23.754226701, 37.999881324 ], [ 23.753909273, 37.999883132 ], [ 23.753278093, 38.000027784 ], [ 23.752957584, 38.000163209 ], [ 23.752643621, 38.000446402 ], [ 23.751880413, 38.001634489 ], [ 23.751880408, 38.001681186 ], [ 23.751880408, 38.001681447 ], [ 23.751880357, 38.002194727 ], [ 23.751880347, 38.002287919 ], [ 23.75186797, 38.00258081 ], [ 23.751797499, 38.00289611 ], [ 23.75179456, 38.002923142 ], [ 23.751750052, 38.003356361 ], [ 23.751749661, 38.00336017 ], [ 23.751959062, 38.003540868 ], [ 23.752005477, 38.003604056 ], [ 23.752178305, 38.004393043 ], [ 23.752291147, 38.004920531 ], [ 23.752366721, 38.005204594 ], [ 23.752440972, 38.005353462 ], [ 23.752879403, 38.005809532 ], [ 23.752846844, 38.005859034 ], [ 23.752793346, 38.005890466 ], [ 23.753257546, 38.00609423 ], [ 23.753362017, 38.006141213 ], [ 23.753527352, 38.006215567 ], [ 23.753660243, 38.00627533 ], [ 23.753723266, 38.006298229 ], [ 23.754074814, 38.006425957 ], [ 23.754075722, 38.006462655 ], [ 23.754079497, 38.006472113 ], [ 23.754202818, 38.006781184 ], [ 23.755522511, 38.006418915 ], [ 23.758040031, 38.005612967 ], [ 23.759668454, 38.005093562 ], [ 23.7604878, 38.00482663 ], [ 23.760626562, 38.004781422 ], [ 23.761706, 38.004429742 ], [ 23.761716645, 38.004426274 ], [ 23.762449202, 38.00380881 ], [ 23.762476896, 38.003783395 ], [ 23.762297194, 38.003656852 ], [ 23.762016653, 38.003510641 ], [ 23.761934493, 38.003475051 ], [ 23.761852937, 38.003439724 ], [ 23.761594485, 38.003361069 ], [ 23.761137145, 38.003221886 ], [ 23.760604898, 38.00303604 ], [ 23.759991762, 38.002683271 ], [ 23.759854638, 38.002535852 ], [ 23.759832669, 38.002507906 ], [ 23.759547235, 38.002144812 ], [ 23.759421533, 38.00198836 ], [ 23.75922775, 38.001721443 ], [ 23.759009293, 38.001374421 ], [ 23.758898601, 38.001090562 ], [ 23.758531797, 38.000149902 ], [ 23.75845819, 38.000013369 ], [ 23.758312463, 37.999846985 ], [ 23.758295581, 37.999827711 ] ] ] } },
{ "type": "Feature", "properties": { "zone_id": 13, "year": 2050, "kwh_per_user_cap": 1021.8868, "ac_share_cap": 0.48860022485322896, "kwh_pc_overall": 499.29412679480629, "kwh_cap": 5109727.58203125 }, "geometry": { "type": "Polygon", "coordinates": [ [ [ 23.714892384, 37.984552679 ], [ 23.714594783, 37.984304163 ], [ 23.71456735, 37.984281254 ], [ 23.714542449, 37.984257985 ], [ 23.714514164, 37.984231554 ], [ 23.714502623, 37.98422127 ], [ 23.714463451, 37.984186367 ], [ 23.714435027, 37.984158807 ], [ 23.714430835, 37.984154743 ], [ 23.714404861, 37.984131401 ], [ 23.713897847, 37.983675766 ], [ 23.713712365, 37.983468019 ], [ 23.713526885, 37.983260272 ], [ 23.711710429, 37.981255901 ], [ 23.711603037, 37.981097806 ], [ 23.711515219, 37.980940069 ], [ 23.711469552, 37.980888196 ], [ 23.711432085, 37.980845637 ], [ 23.7114256, 37.980838272 ], [ 23.709928205, 37.979137352 ], [ 23.709830649, 37.979026533 ], [ 23.708891554, 37.978043968 ], [ 23.707426303, 37.976799083 ], [ 23.706368356, 37.975866647 ], [ 23.705591994, 37.975293617 ], [ 23.705500739, 37.975226262 ], [ 23.705485174, 37.975214773 ], [ 23.705468709, 37.975236954 ], [ 23.705296728, 37.975268068 ], [ 23.705080644, 37.975294565 ], [ 23.70476675, 37.975311804 ], [ 23.704409448, 37.975328932 ], [ 23.704241114, 37.975337522 ], [ 23.703656003, 37.975376607 ], [ 23.702925413, 37.975491932 ], [ 23.702697057, 37.975473329 ], [ 23.702703332, 37.975539965 ], [ 23.702714459, 37.975658137 ], [ 23.702827835, 37.97674898 ], [ 23.702828987, 37.976786746 ], [ 23.702830035, 37.976821088 ], [ 23.702424562, 37.976869634 ], [ 23.701989619, 37.976990206 ], [ 23.702010289, 37.977036634 ], [ 23.702194491, 37.977450381 ], [ 23.702362705, 37.97782484 ], [ 23.702447004, 37.978034337 ], [ 23.702469801, 37.978090991 ], [ 23.702484676, 37.978124228 ], [ 23.70259499, 37.978370706 ], [ 23.702619958, 37.978420435 ], [ 23.702746776, 37.97867302 ], [ 23.702955744, 37.979253163 ], [ 23.702970807, 37.979286851 ], [ 23.703385261, 37.980213777 ], [ 23.703409942, 37.980268977 ], [ 23.704008925, 37.979998856 ], [ 23.704476825, 37.979862913 ], [ 23.70550858, 37.979693422 ], [ 23.705756349, 37.980370498 ], [ 23.705961533, 37.98093882 ], [ 23.706565785, 37.980660931 ], [ 23.707236361, 37.980347152 ], [ 23.707935754, 37.98003344 ], [ 23.708042643, 37.980177911 ], [ 23.708280281, 37.980642663 ], [ 23.708478691, 37.981039721 ], [ 23.708878239, 37.981865386 ], [ 23.708935144, 37.981979218 ], [ 23.70895944, 37.982027819 ], [ 23.707722071, 37.982412303 ], [ 23.707738331, 37.982529511 ], [ 23.707846514, 37.983156173 ], [ 23.707938083, 37.983689413 ], [ 23.707966512, 37.983854967 ], [ 23.707905963, 37.984048593 ], [ 23.707830109, 37.984332309 ], [ 23.708139084, 37.984919353 ], [ 23.708174475, 37.984986596 ], [ 23.708195309, 37.985030451 ], [ 23.708197553, 37.985035174 ], [ 23.708350228, 37.985356558 ], [ 23.708558297, 37.98556437 ], [ 23.709057744, 37.986058373 ], [ 23.709060165, 37.986060768 ], [ 23.709115534, 37.986115533 ], [ 23.708966505, 37.986215368 ], [ 23.708412003, 37.986586828 ], [ 23.708507864, 37.986674399 ], [ 23.708580333, 37.986740601 ], [ 23.708977121, 37.987102097 ], [ 23.709042119, 37.987043674 ], [ 23.709618848, 37.986716131 ], [ 23.710198438, 37.986474213 ], [ 23.711041021, 37.986138304 ], [ 23.711135162, 37.986088965 ], [ 23.711340561, 37.985981315 ], [ 23.711697038, 37.985824464 ], [ 23.711993623, 37.985694504 ], [ 23.71258509, 37.98596183 ], [ 23.713013537, 37.98614764 ], [ 23.713332664, 37.985711295 ], [ 23.713895007, 37.985965024 ], [ 23.714253009, 37.98612769 ], [ 23.715076202, 37.986495142 ], [ 23.715668752, 37.986762455 ], [ 23.715695674, 37.986774662 ], [ 23.715708438, 37.98678045 ], [ 23.716629941, 37.987198265 ], [ 23.716637695, 37.98720178 ], [ 23.716687957, 37.98722457 ], [ 23.717514266, 37.98760059 ], [ 23.717778145, 37.987222633 ], [ 23.717878318, 37.987135254 ], [ 23.717906889, 37.987110332 ], [ 23.717912466, 37.987105468 ], [ 23.717951196, 37.987071685 ], [ 23.717848092, 37.987038088 ], [ 23.717635367, 37.986913532 ], [ 23.717585339, 37.986884239 ], [ 23.717077559, 37.986409845 ], [ 23.715720163, 37.985243914 ], [ 23.714892384, 37.984552679 ] ] ] } },
{ "type": "Feature", "properties": { "zone_id": 14, "year": 2050, "kwh_per_user_cap": 1233.6858, "ac_share_cap": 0.98000000318470271, "kwh_pc_overall": 1209.0120977620934, "kwh_cap": 579271.0390625 }, "geometry": { "type": "Polygon", "coordinates": [ [ [ 23.737967118, 37.97558793 ], [ 23.737803771, 37.975608969 ], [ 23.737803564, 37.975608025 ], [ 23.737567817, 37.974533899 ], [ 23.737566337, 37.974534102 ], [ 23.737565503, 37.974534217 ], [ 23.737366425, 37.974561573 ], [ 23.737364504, 37.974561837 ], [ 23.736447584, 37.974687829 ], [ 23.736447378, 37.974686926 ], [ 23.736437193, 37.974642022 ], [ 23.736434844, 37.974642334 ], [ 23.736305663, 37.974659476 ], [ 23.736308369, 37.974673251 ], [ 23.736308386, 37.974673334 ], [ 23.735728102, 37.97475002 ], [ 23.735612541, 37.974766141 ], [ 23.735450726, 37.974788715 ], [ 23.735366398, 37.974800478 ], [ 23.735361886, 37.974801108 ], [ 23.735373807, 37.974858827 ], [ 23.735378933, 37.9748635 ], [ 23.735411678, 37.974893353 ], [ 23.735449525, 37.974992504 ], [ 23.735628, 37.975918914 ], [ 23.735615767, 37.976056638 ], [ 23.735636972, 37.97606793 ], [ 23.73571928, 37.976111758 ], [ 23.735862233, 37.976187879 ], [ 23.736119113, 37.976192962 ], [ 23.736165911, 37.976189323 ], [ 23.736264714, 37.976181639 ], [ 23.736344407, 37.976175441 ], [ 23.736793652, 37.976117863 ], [ 23.737212241, 37.976066378 ], [ 23.737621285, 37.976016064 ], [ 23.737721531, 37.976002081 ], [ 23.737885414, 37.97597922 ], [ 23.737921569, 37.975974177 ], [ 23.738051266, 37.975956084 ], [ 23.73802096, 37.975807532 ], [ 23.738020935, 37.975807422 ], [ 23.737969277, 37.975587652 ], [ 23.737967118, 37.97558793 ] ] ] } },
{ "type": "Feature", "properties": { "zone_id": 15, "year": 2050, "kwh_per_user_cap": 1100.9766, "ac_share_cap": 0.86575912978590885, "kwh_pc_overall": 953.18054515952292, "kwh_cap": 12866206.265625 }, "geometry": { "type": "Polygon", "coordinates": [ [ [ 23.767209376, 37.999845152 ], [ 23.768958499, 37.99839426 ], [ 23.769194029, 37.998213317 ], [ 23.769291689, 37.998141575 ], [ 23.769316392, 37.998123429 ], [ 23.769297371, 37.998060301 ], [ 23.769196623, 37.997726629 ], [ 23.769192592, 37.997650012 ], [ 23.768841769, 37.996960005 ], [ 23.768841686, 37.99695984 ], [ 23.768470285, 37.996224563 ], [ 23.768011223, 37.995299842 ], [ 23.767863599, 37.994987845 ], [ 23.767718835, 37.994681885 ], [ 23.767603195, 37.994447323 ], [ 23.767406564, 37.994050369 ], [ 23.767146987, 37.99352711 ], [ 23.766920994, 37.99307602 ], [ 23.766867226, 37.992972266 ], [ 23.766794916, 37.993023622 ], [ 23.766793171, 37.993024861 ], [ 23.766721693, 37.993075625 ], [ 23.766307928, 37.9931424 ], [ 23.766017374, 37.993186887 ], [ 23.765662806, 37.993210102 ], [ 23.765276141, 37.993235418 ], [ 23.765138445, 37.993244432 ], [ 23.764375703, 37.993281382 ], [ 23.763627579, 37.993168589 ], [ 23.762950744, 37.993032034 ], [ 23.762138296, 37.992791554 ], [ 23.761802413, 37.992655681 ], [ 23.761293905, 37.99241581 ], [ 23.760821446, 37.992144465 ], [ 23.760794792, 37.992221566 ], [ 23.760779412, 37.992266053 ], [ 23.760761798, 37.992320094 ], [ 23.760606013, 37.992509047 ], [ 23.760406293, 37.99274748 ], [ 23.760386758, 37.992770584 ], [ 23.760382351, 37.992775796 ], [ 23.76017623, 37.993019565 ], [ 23.760171923, 37.993024658 ], [ 23.760147628, 37.99305339 ], [ 23.760132199, 37.993071074 ], [ 23.760124418, 37.993079994 ], [ 23.759895753, 37.993342088 ], [ 23.759887349, 37.99335172 ], [ 23.759875253, 37.993365585 ], [ 23.759817066, 37.99343609 ], [ 23.759816748, 37.993436476 ], [ 23.759612066, 37.993684494 ], [ 23.759594571, 37.993705692 ], [ 23.759694417, 37.993755467 ], [ 23.759622313, 37.993831141 ], [ 23.759612993, 37.993840923 ], [ 23.759359406, 37.994115296 ], [ 23.75879693, 37.994704485 ], [ 23.758528035, 37.994950005 ], [ 23.758477559, 37.995285158 ], [ 23.758557589, 37.995587358 ], [ 23.758690785, 37.996090313 ], [ 23.758748612, 37.996308672 ], [ 23.758740717, 37.996536736 ], [ 23.758684852, 37.997216245 ], [ 23.758670308, 37.997393146 ], [ 23.758892117, 37.997714477 ], [ 23.759118094, 37.998103385 ], [ 23.7593782, 37.998551027 ], [ 23.759685444, 37.99907982 ], [ 23.759794246, 37.999267023 ], [ 23.759761257, 37.999433494 ], [ 23.759700517, 37.999740005 ], [ 23.759561558, 38.000330062 ], [ 23.759492172, 38.000541722 ], [ 23.759428681, 38.000473996 ], [ 23.75944239, 38.000744409 ], [ 23.759428575, 38.000801287 ], [ 23.759315399, 38.000829771 ], [ 23.759203565, 38.000960228 ], [ 23.759118863, 38.00103527 ], [ 23.758945255, 38.001078851 ], [ 23.758898601, 38.001090562 ], [ 23.759009293, 38.001374421 ], [ 23.75922775, 38.001721443 ], [ 23.759421533, 38.00198836 ], [ 23.759547235, 38.002144812 ], [ 23.759832669, 38.002507906 ], [ 23.759854638, 38.002535852 ], [ 23.759991762, 38.002683271 ], [ 23.760604898, 38.00303604 ], [ 23.761137145, 38.003221886 ], [ 23.761594485, 38.003361069 ], [ 23.761852937, 38.003439724 ], [ 23.761934493, 38.003475051 ], [ 23.762016653, 38.003510641 ], [ 23.762297194, 38.003656852 ], [ 23.762476896, 38.003783395 ], [ 23.762962246, 38.003380694 ], [ 23.763174688, 38.003204426 ], [ 23.763759398, 38.002719273 ], [ 23.764096291, 38.002439738 ], [ 23.76454342, 38.00206873 ], [ 23.764995962, 38.001693226 ], [ 23.765354119, 38.001393052 ], [ 23.765433218, 38.001326758 ], [ 23.765617802, 38.001164772 ], [ 23.765953215, 38.000887083 ], [ 23.766706373, 38.000262376 ], [ 23.767209376, 37.999845152 ] ] ] } },
{ "type": "Feature", "properties": { "zone_id": 16, "year": 2050, "kwh_per_user_cap": 836.23413, "ac_share_cap": 0.84562039177588844, "kwh_pc_overall": 707.13665809927295, "kwh_cap": 10959312.140625 }, "geometry": { "type": "Polygon", "coordinates": [ [ [ 23.750295642, 37.995479874 ], [ 23.750348497, 37.995418788 ], [ 23.75040462, 37.995353926 ], [ 23.750346893, 37.995164533 ], [ 23.750316621, 37.995065328 ], [ 23.75014725, 37.994528704 ], [ 23.750325679, 37.994493032 ], [ 23.750593488, 37.994438681 ], [ 23.751028376, 37.994345809 ], [ 23.751499196, 37.994252168 ], [ 23.751511608, 37.994249691 ], [ 23.751767015, 37.994198659 ], [ 23.75188319, 37.994171929 ], [ 23.752075144, 37.994199628 ], [ 23.75230278, 37.994232477 ], [ 23.752684791, 37.994287599 ], [ 23.752966377, 37.994328231 ], [ 23.753049648, 37.994340246 ], [ 23.753261518, 37.994370817 ], [ 23.753668267, 37.994429506 ], [ 23.753928635, 37.99359934 ], [ 23.753630952, 37.993431979 ], [ 23.753744975, 37.993353943 ], [ 23.75367693, 37.993299589 ], [ 23.753433656, 37.992832212 ], [ 23.753176764, 37.992296362 ], [ 23.753061491, 37.992055912 ], [ 23.752989452, 37.991912043 ], [ 23.752775497, 37.991484349 ], [ 23.75252162, 37.990977725 ], [ 23.752365891, 37.990429416 ], [ 23.752216371, 37.989902956 ], [ 23.752077497, 37.989413981 ], [ 23.751947499, 37.988956251 ], [ 23.751786622, 37.988389783 ], [ 23.751750878, 37.988315952 ], [ 23.75171034, 37.988232218 ], [ 23.75171025, 37.988232034 ], [ 23.751651601, 37.98810573 ], [ 23.751535873, 37.987704413 ], [ 23.751376444, 37.987176825 ], [ 23.751540978, 37.986929319 ], [ 23.751800966, 37.986551328 ], [ 23.75221863, 37.985952853 ], [ 23.751992147, 37.985258386 ], [ 23.751946265, 37.985357431 ], [ 23.751402329, 37.986149414 ], [ 23.750514557, 37.986327791 ], [ 23.749257891, 37.986568466 ], [ 23.748302881, 37.986737671 ], [ 23.747937654, 37.986561138 ], [ 23.747761454, 37.986470632 ], [ 23.747389901, 37.986271552 ], [ 23.746851359, 37.985995502 ], [ 23.745984227, 37.985552003 ], [ 23.745828478, 37.985744363 ], [ 23.745819252, 37.985755757 ], [ 23.745565166, 37.986069567 ], [ 23.745565044, 37.986069718 ], [ 23.745452437, 37.986208792 ], [ 23.745341661, 37.986346647 ], [ 23.745331359, 37.986359468 ], [ 23.745107423, 37.986638141 ], [ 23.74510297, 37.986643683 ], [ 23.744978877, 37.986798108 ], [ 23.744896685, 37.986897071 ], [ 23.744810547, 37.987005038 ], [ 23.744607881, 37.987261465 ], [ 23.744279417, 37.987670836 ], [ 23.74414647, 37.987832778 ], [ 23.743909897, 37.988116168 ], [ 23.743747303, 37.98830959 ], [ 23.743556792, 37.988548016 ], [ 23.743341274, 37.988813425 ], [ 23.743015675, 37.989213786 ], [ 23.742850112, 37.989449985 ], [ 23.742842209, 37.98946126 ], [ 23.742461937, 37.989788787 ], [ 23.741908893, 37.98931501 ], [ 23.74170836, 37.989161351 ], [ 23.741295623, 37.988935123 ], [ 23.740930772, 37.988742837 ], [ 23.740797607, 37.988672654 ], [ 23.740309823, 37.989243894 ], [ 23.740266927, 37.989297877 ], [ 23.740175782, 37.989410336 ], [ 23.739817293, 37.989846667 ], [ 23.739970818, 37.990311168 ], [ 23.739752892, 37.990346737 ], [ 23.739757965, 37.990522499 ], [ 23.739856307, 37.990892243 ], [ 23.739868604, 37.990937335 ], [ 23.739875982, 37.990964389 ], [ 23.739911821, 37.991095155 ], [ 23.740035115, 37.991555083 ], [ 23.740169671, 37.992051086 ], [ 23.740259194, 37.992389125 ], [ 23.740259232, 37.992389266 ], [ 23.740259335, 37.992389308 ], [ 23.740531463, 37.992498021 ], [ 23.740866412, 37.992584381 ], [ 23.741078689, 37.992638926 ], [ 23.741079892, 37.992672388 ], [ 23.741080959, 37.992702021 ], [ 23.74219068, 37.993153306 ], [ 23.742819353, 37.993408958 ], [ 23.742946319, 37.993431939 ], [ 23.743425082, 37.99336883 ], [ 23.744024663, 37.993289792 ], [ 23.744292808, 37.993245311 ], [ 23.744710354, 37.993633771 ], [ 23.744751282, 37.993673562 ], [ 23.744942256, 37.993859232 ], [ 23.744998376, 37.993913793 ], [ 23.745115448, 37.994022201 ], [ 23.745551803, 37.994428724 ], [ 23.745874292, 37.994726845 ], [ 23.745969347, 37.994821685 ], [ 23.746269014, 37.995133275 ], [ 23.7465766, 37.995473862 ], [ 23.746613741, 37.995467798 ], [ 23.746724555, 37.995449706 ], [ 23.747333154, 37.995347368 ], [ 23.747385193, 37.995324947 ], [ 23.747785575, 37.995135791 ], [ 23.748041948, 37.995508423 ], [ 23.748060835, 37.995543162 ], [ 23.74811631, 37.995645194 ], [ 23.748257521, 37.995904913 ], [ 23.748284832, 37.995955145 ], [ 23.748307994, 37.995997743 ], [ 23.748615462, 37.995877366 ], [ 23.749119764, 37.995675654 ], [ 23.749202285, 37.995650879 ], [ 23.749298613, 37.995621959 ], [ 23.749777147, 37.995460746 ], [ 23.749978, 37.995425122 ], [ 23.750295642, 37.995479874 ] ] ] } },
{ "type": "Feature", "properties": { "zone_id": 17, "year": 2050, "kwh_per_user_cap": 1079.9115, "ac_share_cap": 0.6864688405547823, "kwh_pc_overall": 741.32562183390462, "kwh_cap": 11329348.203125 }, "geometry": { "type": "Polygon", "coordinates": [ [ [ 23.746673737, 37.956760491 ], [ 23.746510887, 37.956803168 ], [ 23.745965025, 37.956944234 ], [ 23.745713797, 37.957007975 ], [ 23.745631273, 37.956532827 ], [ 23.745579224, 37.956385455 ], [ 23.745290795, 37.955853069 ], [ 23.745021867, 37.955948111 ], [ 23.744647884, 37.956080279 ], [ 23.744150766, 37.956261607 ], [ 23.74376734, 37.956388942 ], [ 23.743444826, 37.956324935 ], [ 23.742936948, 37.956224135 ], [ 23.742405207, 37.956126417 ], [ 23.741927918, 37.956038704 ], [ 23.741020548, 37.955871947 ], [ 23.740392984, 37.955756608 ], [ 23.740116141, 37.955708204 ], [ 23.73999858, 37.955990953 ], [ 23.73984734, 37.956354703 ], [ 23.738718255, 37.956270961 ], [ 23.737466198, 37.956165983 ], [ 23.737141816, 37.956138783 ], [ 23.736677031, 37.956099808 ], [ 23.736158006, 37.956056283 ], [ 23.735736085, 37.9560209 ], [ 23.735873163, 37.955674988 ], [ 23.735829382, 37.95566266 ], [ 23.735479823, 37.955564221 ], [ 23.735473238, 37.955562367 ], [ 23.734873156, 37.955393376 ], [ 23.734786974, 37.955594658 ], [ 23.734734652, 37.955717082 ], [ 23.734632042, 37.955960199 ], [ 23.734590773, 37.956087495 ], [ 23.734549079, 37.9562161 ], [ 23.734407733, 37.956652082 ], [ 23.73440609, 37.956657147 ], [ 23.734374382, 37.95675495 ], [ 23.733309455, 37.956953439 ], [ 23.732687988, 37.957055372 ], [ 23.732421729, 37.957104338 ], [ 23.731847268, 37.957193159 ], [ 23.731720467, 37.957237934 ], [ 23.730970568, 37.957344377 ], [ 23.730137006, 37.957468649 ], [ 23.729946803, 37.957535809 ], [ 23.729872292, 37.957580702 ], [ 23.729695771, 37.957738004 ], [ 23.729645309, 37.957782971 ], [ 23.729683322, 37.957796578 ], [ 23.730042935, 37.957901052 ], [ 23.730552906, 37.958037414 ], [ 23.730672686, 37.958064727 ], [ 23.730674442, 37.958065027 ], [ 23.730747321, 37.958077479 ], [ 23.730806357, 37.958087565 ], [ 23.730863152, 37.958101949 ], [ 23.731560517, 37.958278559 ], [ 23.731637951, 37.958310281 ], [ 23.732111369, 37.958424021 ], [ 23.732111528, 37.958424061 ], [ 23.732322149, 37.958476858 ], [ 23.73289388, 37.958620176 ], [ 23.732909614, 37.958624119 ], [ 23.73291964, 37.958626664 ], [ 23.733497324, 37.958773266 ], [ 23.733564298, 37.958790263 ], [ 23.733644237, 37.958810549 ], [ 23.734208258, 37.958956031 ], [ 23.734268352, 37.959074559 ], [ 23.734933552, 37.959253781 ], [ 23.735461349, 37.959395981 ], [ 23.735682506, 37.959473828 ], [ 23.736016778, 37.959591492 ], [ 23.736201022, 37.959682941 ], [ 23.736593024, 37.959906507 ], [ 23.736598483, 37.95990962 ], [ 23.736698336, 37.959966568 ], [ 23.736699995, 37.959967723 ], [ 23.737013595, 37.96018614 ], [ 23.737214768, 37.960326331 ], [ 23.737190263, 37.960382261 ], [ 23.737478704, 37.960500072 ], [ 23.739136404, 37.961418568 ], [ 23.739305857, 37.961522051 ], [ 23.73936262, 37.961556716 ], [ 23.739444168, 37.961606516 ], [ 23.739462275, 37.961617574 ], [ 23.739794842, 37.96180266 ], [ 23.739995601, 37.961914391 ], [ 23.740015086, 37.961925235 ], [ 23.740111248, 37.96197766 ], [ 23.740660359, 37.962277021 ], [ 23.741608634, 37.962793983 ], [ 23.741895864, 37.962956712 ], [ 23.742425016, 37.963256496 ], [ 23.742455069, 37.963273522 ], [ 23.743420072, 37.963829923 ], [ 23.743442629, 37.963842812 ], [ 23.74350578, 37.963878897 ], [ 23.743843823, 37.964072052 ], [ 23.743865969, 37.964084706 ], [ 23.744243438, 37.964300386 ], [ 23.744473264, 37.964431429 ], [ 23.744473294, 37.964431447 ], [ 23.744473515, 37.964431573 ], [ 23.744555412, 37.964340252 ], [ 23.744610656, 37.964278651 ], [ 23.744617108, 37.964271735 ], [ 23.74481205, 37.964062779 ], [ 23.74495528, 37.963902752 ], [ 23.74517991, 37.963648984 ], [ 23.745496741, 37.963294844 ], [ 23.745853234, 37.962898926 ], [ 23.74629126, 37.962416619 ], [ 23.746512574, 37.962166654 ], [ 23.746603392, 37.962065789 ], [ 23.746520985, 37.962022017 ], [ 23.745986287, 37.96173799 ], [ 23.745525578, 37.961480762 ], [ 23.745051753, 37.961211829 ], [ 23.744550121, 37.960932034 ], [ 23.745416309, 37.95998362 ], [ 23.745921512, 37.959430444 ], [ 23.746461994, 37.958838629 ], [ 23.746701394, 37.958567003 ], [ 23.747306872, 37.957879053 ], [ 23.747703197, 37.957428737 ], [ 23.747552634, 37.957284493 ], [ 23.746934382, 37.956692183 ], [ 23.746673737, 37.956760491 ] ] ] } },
{ "type": "Feature", "properties": { "zone_id": 18, "year": 2050, "kwh_per_user_cap": 819.67365, "ac_share_cap": 0.89817845472780322, "kwh_pc_overall": 736.21319353722947, "kwh_cap": 7782017.94921875 }, "geometry": { "type": "Polygon", "coordinates": [ [ [ 23.770795762, 37.984720735 ], [ 23.770823668, 37.984694872 ], [ 23.770149205, 37.984232005 ], [ 23.769396465, 37.983842708 ], [ 23.76873322, 37.983536835 ], [ 23.768663222, 37.983504567 ], [ 23.768254768, 37.983320765 ], [ 23.768254425, 37.983320612 ], [ 23.766701402, 37.982622587 ], [ 23.766055797, 37.982334712 ], [ 23.764514258, 37.981647318 ], [ 23.763998281, 37.981417228 ], [ 23.763476835, 37.981184697 ], [ 23.762297102, 37.980658598 ], [ 23.761816095, 37.980444089 ], [ 23.761503213, 37.980304554 ], [ 23.761281433, 37.980205647 ], [ 23.761158928, 37.980205694 ], [ 23.760984407, 37.980205762 ], [ 23.760258595, 37.980206038 ], [ 23.759273236, 37.980206121 ], [ 23.758765421, 37.980201712 ], [ 23.758281764, 37.979987343 ], [ 23.757487605, 37.979635344 ], [ 23.75670195, 37.979287106 ], [ 23.756357536, 37.979751638 ], [ 23.756097418, 37.980075562 ], [ 23.756095269, 37.98007795 ], [ 23.756048844, 37.980129538 ], [ 23.755976877, 37.980156428 ], [ 23.755976585, 37.980156537 ], [ 23.755881394, 37.980192281 ], [ 23.754938463, 37.980717376 ], [ 23.754938109, 37.980717572 ], [ 23.754941418, 37.980721021 ], [ 23.755317796, 37.981113349 ], [ 23.755319315, 37.981114932 ], [ 23.755681043, 37.981485211 ], [ 23.756206905, 37.9820451 ], [ 23.756577597, 37.982397369 ], [ 23.756934062, 37.982641453 ], [ 23.757374597, 37.982858671 ], [ 23.757395267, 37.982869255 ], [ 23.758514601, 37.983442347 ], [ 23.758984462, 37.98383537 ], [ 23.759340735, 37.984142537 ], [ 23.759511944, 37.984306822 ], [ 23.759677311, 37.984454546 ], [ 23.760009531, 37.984740785 ], [ 23.760405539, 37.985100073 ], [ 23.760436737, 37.985136188 ], [ 23.760592372, 37.985316762 ], [ 23.760660093, 37.985393509 ], [ 23.761156015, 37.98609752 ], [ 23.761404808, 37.986413475 ], [ 23.76140768, 37.986412912 ], [ 23.762953086, 37.986110169 ], [ 23.763447057, 37.985989489 ], [ 23.763588963, 37.985980123 ], [ 23.763844589, 37.98596325 ], [ 23.763910844, 37.985958876 ], [ 23.763969922, 37.98617981 ], [ 23.765193858, 37.986700499 ], [ 23.765259565, 37.986741188 ], [ 23.765382093, 37.986818041 ], [ 23.765779077, 37.987093725 ], [ 23.766049402, 37.987360142 ], [ 23.766402049, 37.987703331 ], [ 23.766589107, 37.987856921 ], [ 23.766737874, 37.98796537 ], [ 23.767107367, 37.988159879 ], [ 23.767338726, 37.988259478 ], [ 23.768302534, 37.988793139 ], [ 23.769237287, 37.989290684 ], [ 23.769540513, 37.989047625 ], [ 23.770222722, 37.988490469 ], [ 23.770263047, 37.988454496 ], [ 23.770670386, 37.988270527 ], [ 23.770648776, 37.98823894 ], [ 23.770622584, 37.988218399 ], [ 23.77023981, 37.987918186 ], [ 23.769831596, 37.987597557 ], [ 23.769812989, 37.987580193 ], [ 23.769742243, 37.987514178 ], [ 23.769598529, 37.987404189 ], [ 23.769405145, 37.987256183 ], [ 23.769390154, 37.987244468 ], [ 23.769447407, 37.987195607 ], [ 23.769492087, 37.987132604 ], [ 23.769260187, 37.986978931 ], [ 23.768977497, 37.986793613 ], [ 23.768922175, 37.986751318 ], [ 23.768995847, 37.986671572 ], [ 23.770758456, 37.98475531 ], [ 23.770795762, 37.984720735 ] ] ] } },
{ "type": "Feature", "properties": { "zone_id": 19, "year": 2050, "kwh_per_user_cap": 1184.6205, "ac_share_cap": 0.54949873598709464, "kwh_pc_overall": 650.94744735771599, "kwh_cap": 13480487.3046875 }, "geometry": { "type": "Polygon", "coordinates": [ [ [ 23.725475087, 37.955785971 ], [ 23.725520367, 37.9558114 ], [ 23.725555665, 37.955831224 ], [ 23.725622305, 37.955894469 ], [ 23.72613492, 37.956175063 ], [ 23.726181419, 37.95620221 ], [ 23.726306396, 37.956265591 ], [ 23.726353251, 37.956292739 ], [ 23.726749784, 37.95650997 ], [ 23.727489651, 37.956903747 ], [ 23.727853583, 37.957089354 ], [ 23.727962605, 37.957139177 ], [ 23.728061686, 37.95718447 ], [ 23.728241398, 37.957261495 ], [ 23.728606533, 37.957411051 ], [ 23.729645309, 37.957782971 ], [ 23.729695771, 37.957738004 ], [ 23.729872292, 37.957580702 ], [ 23.729946803, 37.957535809 ], [ 23.730137006, 37.957468649 ], [ 23.730970568, 37.957344377 ], [ 23.731720467, 37.957237934 ], [ 23.731847268, 37.957193159 ], [ 23.732421729, 37.957104338 ], [ 23.732687988, 37.957055372 ], [ 23.733309455, 37.956953439 ], [ 23.734374382, 37.95675495 ], [ 23.73440609, 37.956657147 ], [ 23.734407733, 37.956652082 ], [ 23.734549079, 37.9562161 ], [ 23.734590773, 37.956087495 ], [ 23.734632042, 37.955960199 ], [ 23.734734652, 37.955717082 ], [ 23.734786974, 37.955594658 ], [ 23.734873156, 37.955393376 ], [ 23.734061488, 37.955165776 ], [ 23.734050257, 37.955203169 ], [ 23.734011109, 37.955302409 ], [ 23.733983298, 37.955372907 ], [ 23.733790754, 37.955638583 ], [ 23.733789968, 37.955639668 ], [ 23.733547137, 37.955780759 ], [ 23.733321151, 37.955653787 ], [ 23.732309177, 37.955085193 ], [ 23.731227084, 37.954600536 ], [ 23.731158159, 37.954577846 ], [ 23.731054762, 37.954546064 ], [ 23.730885062, 37.954455547 ], [ 23.7308178, 37.954365364 ], [ 23.730522489, 37.954220468 ], [ 23.730476026, 37.95419767 ], [ 23.729917809, 37.954294478 ], [ 23.729860102, 37.954304486 ], [ 23.729839357, 37.954315255 ], [ 23.729652684, 37.954412164 ], [ 23.729562432, 37.954337336 ], [ 23.729526889, 37.954307866 ], [ 23.729320035, 37.954136363 ], [ 23.729289742, 37.954110614 ], [ 23.728891607, 37.95376455 ], [ 23.728858344, 37.953735637 ], [ 23.728855103, 37.95373282 ], [ 23.728572405, 37.953487094 ], [ 23.728538814, 37.953457895 ], [ 23.727542081, 37.952591494 ], [ 23.727476447, 37.952534441 ], [ 23.72681869, 37.952685753 ], [ 23.72661526, 37.952732552 ], [ 23.726612246, 37.952733246 ], [ 23.726480673, 37.95255768 ], [ 23.725634608, 37.951422297 ], [ 23.725404177, 37.951079305 ], [ 23.725173815, 37.950736413 ], [ 23.724948453, 37.95040096 ], [ 23.724848424, 37.950264423 ], [ 23.724816679, 37.950229719 ], [ 23.724612664, 37.950006685 ], [ 23.724530599, 37.949950968 ], [ 23.724331791, 37.949861695 ], [ 23.724027422, 37.949672451 ], [ 23.723732014, 37.949443105 ], [ 23.723468221, 37.949238303 ], [ 23.723199216, 37.94902945 ], [ 23.722949747, 37.948835765 ], [ 23.722020161, 37.949608528 ], [ 23.72168878, 37.949860106 ], [ 23.721104836, 37.950318061 ], [ 23.721104429, 37.95031838 ], [ 23.720181597, 37.951009935 ], [ 23.720076629, 37.951088595 ], [ 23.719317189, 37.951693105 ], [ 23.718635384, 37.952274763 ], [ 23.717917659, 37.952847135 ], [ 23.717800532, 37.95294252 ], [ 23.7171627, 37.95346195 ], [ 23.716980244, 37.953610533 ], [ 23.716550792, 37.953960256 ], [ 23.716176975, 37.954264668 ], [ 23.715738876, 37.954621423 ], [ 23.715725943, 37.954631956 ], [ 23.715033247, 37.955196024 ], [ 23.714917414, 37.955284986 ], [ 23.714872964, 37.955319124 ], [ 23.717549782, 37.957439105 ], [ 23.718454206, 37.958139771 ], [ 23.720338267, 37.959593333 ], [ 23.720338314, 37.959593369 ], [ 23.720382373, 37.95954185 ], [ 23.720471247, 37.959437931 ], [ 23.721505355, 37.958593171 ], [ 23.721967196, 37.958188683 ], [ 23.72212143, 37.958040335 ], [ 23.722982535, 37.957312321 ], [ 23.72322666, 37.957096586 ], [ 23.723388546, 37.956993319 ], [ 23.723432434, 37.95695737 ], [ 23.723792893, 37.956642766 ], [ 23.724125907, 37.956337549 ], [ 23.724150908, 37.956314635 ], [ 23.724269461, 37.956193239 ], [ 23.724920033, 37.955631455 ], [ 23.725063839, 37.955510117 ], [ 23.725065969, 37.955508321 ], [ 23.725475087, 37.955785971 ] ] ] } },
{ "type": "Feature", "properties": { "zone_id": 20, "year": 2050, "kwh_per_user_cap": 998.02771, "ac_share_cap": 0.39446100607178614, "kwh_pc_overall": 393.6830144589008, "kwh_cap": 3108589.6959838867 }, "geometry": { "type": "Polygon", "coordinates": [ [ [ 23.707499201, 37.98853598 ], [ 23.707812142, 37.988234827 ], [ 23.70820832, 37.987852765 ], [ 23.70869385, 37.987371781 ], [ 23.708977121, 37.987102097 ], [ 23.708580333, 37.986740601 ], [ 23.708507864, 37.986674399 ], [ 23.708412003, 37.986586828 ], [ 23.708966505, 37.986215368 ], [ 23.709115534, 37.986115533 ], [ 23.709060165, 37.986060768 ], [ 23.709057744, 37.986058373 ], [ 23.708558297, 37.98556437 ], [ 23.708350228, 37.985356558 ], [ 23.708197553, 37.985035174 ], [ 23.708195309, 37.985030451 ], [ 23.708174475, 37.984986596 ], [ 23.708139084, 37.984919353 ], [ 23.707830109, 37.984332309 ], [ 23.707905963, 37.984048593 ], [ 23.707966512, 37.983854967 ], [ 23.707938083, 37.983689413 ], [ 23.707846514, 37.983156173 ], [ 23.707738331, 37.982529511 ], [ 23.707722071, 37.982412303 ], [ 23.70895944, 37.982027819 ], [ 23.708935144, 37.981979218 ], [ 23.708878239, 37.981865386 ], [ 23.708478691, 37.981039721 ], [ 23.708280281, 37.980642663 ], [ 23.708042643, 37.980177911 ], [ 23.707935754, 37.98003344 ], [ 23.707236361, 37.980347152 ], [ 23.706565785, 37.980660931 ], [ 23.705961533, 37.98093882 ], [ 23.705756349, 37.980370498 ], [ 23.70550858, 37.979693422 ], [ 23.704476825, 37.979862913 ], [ 23.704008925, 37.979998856 ], [ 23.703409942, 37.980268977 ], [ 23.703385261, 37.980213777 ], [ 23.702970807, 37.979286851 ], [ 23.702955744, 37.979253163 ], [ 23.702746776, 37.97867302 ], [ 23.702619958, 37.978420435 ], [ 23.70259499, 37.978370706 ], [ 23.702484676, 37.978124228 ], [ 23.702469801, 37.978090991 ], [ 23.702447004, 37.978034337 ], [ 23.702362705, 37.97782484 ], [ 23.702194491, 37.977450381 ], [ 23.702010289, 37.977036634 ], [ 23.701989619, 37.976990206 ], [ 23.702424562, 37.976869634 ], [ 23.702830035, 37.976821088 ], [ 23.702828987, 37.976786746 ], [ 23.702827835, 37.97674898 ], [ 23.702714459, 37.975658137 ], [ 23.702703332, 37.975539965 ], [ 23.702697057, 37.975473329 ], [ 23.700576174, 37.975621169 ], [ 23.697602123, 37.975748754 ], [ 23.696784816, 37.975782014 ], [ 23.696273311, 37.975800255 ], [ 23.696059785, 37.975807869 ], [ 23.693682602, 37.975891832 ], [ 23.691937408, 37.975959378 ], [ 23.685289378, 37.976339415 ], [ 23.685462225, 37.976623755 ], [ 23.68693771, 37.978424714 ], [ 23.68721338, 37.978675058 ], [ 23.687882555, 37.979282744 ], [ 23.688167542, 37.979541541 ], [ 23.689491571, 37.980826112 ], [ 23.68977839, 37.981190415 ], [ 23.689914941, 37.981433878 ], [ 23.690072132, 37.981607174 ], [ 23.690414832, 37.981984981 ], [ 23.690692844, 37.982458832 ], [ 23.690787986, 37.982620994 ], [ 23.690897232, 37.982807194 ], [ 23.691270715, 37.983240016 ], [ 23.691915037, 37.983804984 ], [ 23.692326412, 37.984166334 ], [ 23.69258434, 37.984462749 ], [ 23.692783901, 37.984692087 ], [ 23.693152223, 37.985088067 ], [ 23.69334998, 37.985391397 ], [ 23.693525982, 37.985661357 ], [ 23.693620508, 37.985864392 ], [ 23.694146415, 37.986792889 ], [ 23.694289874, 37.987322434 ], [ 23.694305254, 37.987379207 ], [ 23.694354868, 37.987459072 ], [ 23.694386384, 37.987509806 ], [ 23.694406734, 37.98754689 ], [ 23.694516527, 37.98774696 ], [ 23.694564933, 37.98787014 ], [ 23.694850425, 37.988596631 ], [ 23.69498972, 37.988980523 ], [ 23.694989748, 37.988980601 ], [ 23.695119998, 37.9893417 ], [ 23.695839793, 37.990699044 ], [ 23.696067819, 37.991101561 ], [ 23.696457548, 37.991649143 ], [ 23.697120313, 37.99258033 ], [ 23.697503621, 37.992971515 ], [ 23.697601818, 37.993041644 ], [ 23.697905719, 37.993068434 ], [ 23.697978639, 37.993074863 ], [ 23.698082243, 37.993115866 ], [ 23.698400159, 37.99340481 ], [ 23.698475103, 37.993472924 ], [ 23.698546776, 37.993516476 ], [ 23.700893404, 37.992073532 ], [ 23.701724794, 37.991511371 ], [ 23.703374594, 37.990395815 ], [ 23.704242146, 37.989798646 ], [ 23.704854138, 37.989385593 ], [ 23.706240075, 37.988422978 ], [ 23.70629751, 37.988383086 ], [ 23.706754804, 37.988065459 ], [ 23.707499201, 37.98853598 ] ] ] } },
{ "type": "Feature", "properties": { "zone_id": 21, "year": 2050, "kwh_per_user_cap": 973.11176, "ac_share_cap": 0.96122228770816864, "kwh_pc_overall": 935.37671095596988, "kwh_cap": 13321735.51171875 }, "geometry": { "type": "Polygon", "coordinates": [ [ [ 23.77828007, 37.998054805 ], [ 23.778464635, 37.998303824 ], [ 23.779067395, 37.999117067 ], [ 23.780028395, 37.998540516 ], [ 23.780532924, 37.998239528 ], [ 23.78104458, 37.997934045 ], [ 23.78155303, 37.997628554 ], [ 23.782034715, 37.997345543 ], [ 23.782094587, 37.997310571 ], [ 23.782196224, 37.997251207 ], [ 23.781900031, 37.99703435 ], [ 23.781118928, 37.996510154 ], [ 23.779360363, 37.995438846 ], [ 23.778212462, 37.994760724 ], [ 23.777967461, 37.994570992 ], [ 23.777869913, 37.994462654 ], [ 23.777593591, 37.994155695 ], [ 23.777475006, 37.994060835 ], [ 23.77622388, 37.99316619 ], [ 23.776227165, 37.993139157 ], [ 23.776054939, 37.99301265 ], [ 23.775911459, 37.992913235 ], [ 23.775734252, 37.992786718 ], [ 23.775685439, 37.99280465 ], [ 23.775306073, 37.992565086 ], [ 23.774559048, 37.992216661 ], [ 23.773896714, 37.991990069 ], [ 23.773563467, 37.991917325 ], [ 23.773485583, 37.991899149 ], [ 23.771323246, 37.990962135 ], [ 23.771280281, 37.990930507 ], [ 23.7701243, 37.98992332 ], [ 23.770067756, 37.989969931 ], [ 23.770009767, 37.990017731 ], [ 23.768815086, 37.990466032 ], [ 23.769033411, 37.990980193 ], [ 23.768474783, 37.991184209 ], [ 23.768336326, 37.991627748 ], [ 23.768006689, 37.991766797 ], [ 23.768383514, 37.992353375 ], [ 23.768365591, 37.992393897 ], [ 23.768126078, 37.992506086 ], [ 23.768047767, 37.992510438 ], [ 23.767382319, 37.992824574 ], [ 23.767349534, 37.992838028 ], [ 23.767151586, 37.992860168 ], [ 23.766867226, 37.992972266 ], [ 23.766920994, 37.99307602 ], [ 23.767146987, 37.99352711 ], [ 23.767406564, 37.994050369 ], [ 23.767603195, 37.994447323 ], [ 23.767718835, 37.994681885 ], [ 23.767863599, 37.994987845 ], [ 23.768011223, 37.995299842 ], [ 23.768470285, 37.996224563 ], [ 23.768841686, 37.99695984 ], [ 23.768841769, 37.996960005 ], [ 23.769192592, 37.997650012 ], [ 23.769196623, 37.997726629 ], [ 23.769297371, 37.998060301 ], [ 23.769316392, 37.998123429 ], [ 23.769407451, 37.998141633 ], [ 23.769508021, 37.998191401 ], [ 23.769557138, 37.998191497 ], [ 23.769874533, 37.998561645 ], [ 23.769973496, 37.998669992 ], [ 23.770364725, 37.998990713 ], [ 23.771545746, 37.99988979 ], [ 23.771761648, 38.00005244 ], [ 23.771908843, 38.00010265 ], [ 23.772554853, 38.000224867 ], [ 23.773258281, 38.000357944 ], [ 23.773498305, 38.000403351 ], [ 23.773607403, 38.00042399 ], [ 23.773850815, 38.000448534 ], [ 23.774315252, 38.000550941 ], [ 23.774960605, 38.000678813 ], [ 23.775519213, 38.000293698 ], [ 23.775981553, 37.999974946 ], [ 23.776680523, 37.999493045 ], [ 23.777161435, 37.999161477 ], [ 23.777514982, 37.998918606 ], [ 23.777952069, 37.99865201 ], [ 23.778022355, 37.99860914 ], [ 23.778217261, 37.998136528 ], [ 23.778256857, 37.998023485 ], [ 23.77828007, 37.998054805 ] ] ] } },
{ "type": "Feature", "properties": { "zone_id": 22, "year": 2050, "kwh_per_user_cap": 872.93817, "ac_share_cap": 0.98000002219948223, "kwh_pc_overall": 855.47942369865893, "kwh_cap": 2593136.5161132812 }, "geometry": { "type": "Polygon", "coordinates": [ [ [ 23.740342291, 37.974273605 ], [ 23.740174738, 37.97325478 ], [ 23.739810974, 37.971101276 ], [ 23.739800081, 37.971036785 ], [ 23.739679305, 37.970300088 ], [ 23.739678875, 37.970297461 ], [ 23.739733933, 37.970197446 ], [ 23.740080515, 37.97007388 ], [ 23.740135353, 37.970017211 ], [ 23.740198832, 37.969951614 ], [ 23.740426727, 37.970070455 ], [ 23.740476547, 37.970096433 ], [ 23.740526383, 37.970036328 ], [ 23.740602535, 37.969944485 ], [ 23.740692501, 37.969835979 ], [ 23.740748811, 37.969768064 ], [ 23.740841041, 37.969656027 ], [ 23.740911743, 37.969570139 ], [ 23.74096926, 37.969606259 ], [ 23.740972226, 37.969608121 ], [ 23.741016809, 37.969636118 ], [ 23.741264616, 37.969791731 ], [ 23.741287696, 37.969767017 ], [ 23.741348857, 37.969701526 ], [ 23.74135165, 37.969698535 ], [ 23.741369611, 37.969679301 ], [ 23.741432702, 37.969643938 ], [ 23.741664765, 37.969513864 ], [ 23.741713975, 37.969486281 ], [ 23.741721033, 37.969482231 ], [ 23.742128583, 37.969248349 ], [ 23.74267975, 37.968925092 ], [ 23.74270307, 37.968901474 ], [ 23.742722188, 37.968861688 ], [ 23.742806756, 37.968489222 ], [ 23.742816576, 37.968253932 ], [ 23.74281905, 37.968236478 ], [ 23.742819476, 37.968233472 ], [ 23.742908318, 37.967606459 ], [ 23.742909846, 37.967595673 ], [ 23.742921261, 37.967515104 ], [ 23.742892383, 37.967500732 ], [ 23.742031247, 37.967072175 ], [ 23.741176751, 37.966646043 ], [ 23.741068146, 37.966672842 ], [ 23.741001425, 37.966697236 ], [ 23.740997476, 37.966698679 ], [ 23.740625589, 37.966834641 ], [ 23.740602556, 37.966843061 ], [ 23.740324013, 37.966937082 ], [ 23.739946734, 37.966882171 ], [ 23.739569455, 37.96682726 ], [ 23.739379144, 37.966824722 ], [ 23.739164252, 37.966821856 ], [ 23.739021233, 37.966821538 ], [ 23.738611888, 37.966780072 ], [ 23.738534703, 37.966775394 ], [ 23.73842856, 37.966910351 ], [ 23.738421917, 37.966909127 ], [ 23.73840975, 37.966906885 ], [ 23.73840469, 37.966905953 ], [ 23.738230524, 37.966873859 ], [ 23.738218263, 37.96689956 ], [ 23.738215806, 37.966904711 ], [ 23.737974956, 37.967409557 ], [ 23.737721885, 37.967925886 ], [ 23.737603923, 37.968166554 ], [ 23.73759773, 37.968179189 ], [ 23.737557024, 37.968262239 ], [ 23.737491009, 37.968210733 ], [ 23.7373327, 37.968145899 ], [ 23.736825652, 37.967985864 ], [ 23.736572987, 37.967914873 ], [ 23.736318458, 37.96786728 ], [ 23.736091692, 37.967829925 ], [ 23.735781954, 37.967810806 ], [ 23.735307947, 37.967767136 ], [ 23.735058121, 37.967671003 ], [ 23.734825894, 37.967534608 ], [ 23.734569119, 37.967316299 ], [ 23.734435883, 37.967266428 ], [ 23.734197761, 37.967198293 ], [ 23.73390506, 37.967172122 ], [ 23.733615767, 37.967131166 ], [ 23.733492403, 37.967115799 ], [ 23.733490461, 37.967167643 ], [ 23.733490451, 37.967167913 ], [ 23.733487855, 37.967237245 ], [ 23.733487831, 37.9672379 ], [ 23.733485493, 37.96730033 ], [ 23.733346668, 37.967615466 ], [ 23.733289598, 37.967655895 ], [ 23.731903917, 37.968324205 ], [ 23.731698728, 37.96839584 ], [ 23.731618467, 37.968410681 ], [ 23.731664137, 37.968484809 ], [ 23.731699564, 37.969692082 ], [ 23.731692482, 37.969936441 ], [ 23.731701871, 37.970053643 ], [ 23.731732356, 37.970157088 ], [ 23.731806706, 37.970265705 ], [ 23.732044628, 37.970428702 ], [ 23.732354005, 37.9705164 ], [ 23.732614749, 37.970634491 ], [ 23.732855338, 37.970826848 ], [ 23.732898272, 37.970875658 ], [ 23.733876644, 37.971987912 ], [ 23.733931587, 37.972076235 ], [ 23.734124157, 37.972318901 ], [ 23.734816047, 37.973086135 ], [ 23.735082196, 37.973409709 ], [ 23.735158951, 37.973583898 ], [ 23.735310481, 37.973993525 ], [ 23.735450726, 37.974788715 ], [ 23.735612541, 37.974766141 ], [ 23.735728102, 37.97475002 ], [ 23.736308386, 37.974673334 ], [ 23.736308369, 37.974673251 ], [ 23.736305663, 37.974659476 ], [ 23.736434844, 37.974642334 ], [ 23.736437193, 37.974642022 ], [ 23.736447378, 37.974686926 ], [ 23.736447584, 37.974687829 ], [ 23.737364504, 37.974561837 ], [ 23.737366425, 37.974561573 ], [ 23.737565503, 37.974534217 ], [ 23.737566337, 37.974534102 ], [ 23.737567817, 37.974533899 ], [ 23.737803564, 37.975608025 ], [ 23.737803771, 37.975608969 ], [ 23.737967118, 37.97558793 ], [ 23.737969277, 37.975587652 ], [ 23.738020935, 37.975807422 ], [ 23.73802096, 37.975807532 ], [ 23.738051266, 37.975956084 ], [ 23.738416213, 37.975905174 ], [ 23.739086169, 37.975816533 ], [ 23.739103861, 37.975814197 ], [ 23.740563483, 37.975621517 ], [ 23.740563295, 37.975620367 ], [ 23.740464543, 37.975021943 ], [ 23.740342291, 37.974273605 ] ] ] } },
{ "type": "Feature", "properties": { "zone_id": 23, "year": 2050, "kwh_per_user_cap": 1250.9591, "ac_share_cap": 0.98000001527354297, "kwh_pc_overall": 1225.9399335544067, "kwh_cap": 12281237.807617188 }, "geometry": { "type": "Polygon", "coordinates": [ [ [ 23.759420104, 37.975282194 ], [ 23.759421278, 37.975284783 ], [ 23.759421445, 37.975284725 ], [ 23.759456006, 37.975272802 ], [ 23.759514168, 37.975252738 ], [ 23.760422032, 37.974939544 ], [ 23.760479817, 37.974919609 ], [ 23.760480048, 37.974919524 ], [ 23.760512684, 37.97490674 ], [ 23.760743371, 37.974833318 ], [ 23.76079365, 37.974738026 ], [ 23.760964649, 37.97441394 ], [ 23.761189622, 37.974495669 ], [ 23.76119048, 37.97449598 ], [ 23.761324303, 37.974544595 ], [ 23.761420702, 37.974579615 ], [ 23.761590946, 37.974509799 ], [ 23.761734922, 37.97360746 ], [ 23.761741755, 37.973564637 ], [ 23.763249254, 37.972832066 ], [ 23.763543143, 37.973201819 ], [ 23.763757288, 37.97347124 ], [ 23.765659897, 37.972544679 ], [ 23.766767486, 37.972005264 ], [ 23.767349106, 37.971721998 ], [ 23.767406671, 37.971693962 ], [ 23.76740657, 37.971692417 ], [ 23.767305852, 37.970157066 ], [ 23.767311696, 37.970155247 ], [ 23.769075126, 37.96960626 ], [ 23.76936829, 37.969606835 ], [ 23.769953937, 37.969425924 ], [ 23.770107609, 37.969378454 ], [ 23.770472508, 37.969307063 ], [ 23.771342734, 37.96913295 ], [ 23.774222971, 37.968530971 ], [ 23.77438694, 37.968333296 ], [ 23.774394077, 37.968324692 ], [ 23.774404747, 37.968311829 ], [ 23.774756033, 37.967888328 ], [ 23.775318601, 37.967216789 ], [ 23.775373092, 37.967144402 ], [ 23.776271926, 37.966060739 ], [ 23.77627203, 37.966060613 ], [ 23.774547026, 37.966975904 ], [ 23.774514115, 37.966993366 ], [ 23.77413575, 37.967194121 ], [ 23.773981309, 37.967276065 ], [ 23.773868205, 37.967336075 ], [ 23.769213063, 37.968998981 ], [ 23.767237762, 37.969704518 ], [ 23.767189847, 37.969721632 ], [ 23.76535111, 37.970378347 ], [ 23.765346423, 37.970380021 ], [ 23.764313248, 37.970855861 ], [ 23.759424567, 37.973107192 ], [ 23.759363211, 37.973135441 ], [ 23.759144059, 37.972900669 ], [ 23.758966137, 37.972679496 ], [ 23.758781029, 37.972480842 ], [ 23.758356021, 37.972103314 ], [ 23.757845531, 37.971830048 ], [ 23.757306158, 37.971912229 ], [ 23.756573104, 37.972014533 ], [ 23.756064595, 37.972069702 ], [ 23.754159404, 37.972286124 ], [ 23.753486287, 37.972974312 ], [ 23.75348588, 37.972974728 ], [ 23.753484006, 37.972976645 ], [ 23.752419242, 37.972350957 ], [ 23.751487145, 37.973450466 ], [ 23.751398527, 37.973458544 ], [ 23.750920936, 37.97350048 ], [ 23.75023755, 37.973560481 ], [ 23.749443499, 37.973635401 ], [ 23.748681453, 37.973714892 ], [ 23.747914084, 37.973789859 ], [ 23.746901413, 37.973890225 ], [ 23.746550543, 37.973922123 ], [ 23.746550153, 37.973923174 ], [ 23.746501942, 37.974053025 ], [ 23.746453577, 37.974183287 ], [ 23.746453604, 37.974183307 ], [ 23.74645557, 37.974184688 ], [ 23.747074726, 37.97461972 ], [ 23.747722231, 37.975052346 ], [ 23.749388444, 37.976190351 ], [ 23.749484977, 37.976249517 ], [ 23.749515323, 37.976268115 ], [ 23.750568879, 37.976978592 ], [ 23.750607416, 37.97700458 ], [ 23.750928603, 37.977221172 ], [ 23.751245278, 37.977433644 ], [ 23.751337164, 37.977503284 ], [ 23.751705794, 37.977782668 ], [ 23.751811724, 37.977862952 ], [ 23.752095191, 37.978111403 ], [ 23.753400834, 37.979245263 ], [ 23.753909261, 37.979687958 ], [ 23.754302289, 37.980058307 ], [ 23.754938109, 37.980717572 ], [ 23.754938463, 37.980717376 ], [ 23.755881394, 37.980192281 ], [ 23.755976585, 37.980156537 ], [ 23.755976877, 37.980156428 ], [ 23.756048844, 37.980129538 ], [ 23.756095269, 37.98007795 ], [ 23.756097418, 37.980075562 ], [ 23.756357536, 37.979751638 ], [ 23.75670195, 37.979287106 ], [ 23.75681227, 37.979137456 ], [ 23.757199814, 37.978614769 ], [ 23.75767655, 37.977968614 ], [ 23.75765622, 37.977917871 ], [ 23.757691583, 37.977846425 ], [ 23.758183979, 37.97767005 ], [ 23.758948032, 37.977272576 ], [ 23.758949142, 37.977271999 ], [ 23.758947044, 37.977270001 ], [ 23.758219669, 37.976576697 ], [ 23.757893695, 37.976265987 ], [ 23.757558898, 37.975946865 ], [ 23.757558181, 37.975946181 ], [ 23.75755857, 37.975946028 ], [ 23.757640942, 37.975913487 ], [ 23.758288801, 37.975681834 ], [ 23.757996624, 37.975148442 ], [ 23.75799648, 37.975148177 ], [ 23.759204655, 37.974806173 ], [ 23.759420104, 37.975282194 ] ] ] } },
{ "type": "Feature", "properties": { "zone_id": 24, "year": 2050, "kwh_per_user_cap": 976.59283, "ac_share_cap": 0.44209027483341545, "kwh_pc_overall": 431.74218690612264, "kwh_cap": 6024652.130859375 }, "geometry": { "type": "Polygon", "coordinates": [ [ [ 23.721974422, 37.978642903 ], [ 23.721975093, 37.978643428 ], [ 23.721985494, 37.978636506 ], [ 23.722447393, 37.978329093 ], [ 23.722050755, 37.978111848 ], [ 23.722623901, 37.977637841 ], [ 23.722197332, 37.97733217 ], [ 23.722180708, 37.977252147 ], [ 23.722180526, 37.97725127 ], [ 23.722179676, 37.977247181 ], [ 23.722179621, 37.977246917 ], [ 23.722412958, 37.977216284 ], [ 23.722415646, 37.977215929 ], [ 23.722402035, 37.977148159 ], [ 23.722400568, 37.977140855 ], [ 23.722391197, 37.977094198 ], [ 23.722358529, 37.977062502 ], [ 23.72235773, 37.977061726 ], [ 23.722041993, 37.976755391 ], [ 23.721873041, 37.976564825 ], [ 23.721865715, 37.976556562 ], [ 23.721841808, 37.976529596 ], [ 23.721839663, 37.976530895 ], [ 23.721537956, 37.976713641 ], [ 23.721537368, 37.976712997 ], [ 23.721523683, 37.976698025 ], [ 23.721463745, 37.976632449 ], [ 23.721463175, 37.976631825 ], [ 23.721430758, 37.976596359 ], [ 23.721302667, 37.976456217 ], [ 23.721070046, 37.976433812 ], [ 23.720966898, 37.976423876 ], [ 23.720964774, 37.97642463 ], [ 23.720820039, 37.976467895 ], [ 23.720786323, 37.976477973 ], [ 23.720785916, 37.976478095 ], [ 23.720651074, 37.976518402 ], [ 23.720648025, 37.976519313 ], [ 23.720397904, 37.976594078 ], [ 23.719386947, 37.976921186 ], [ 23.71933939, 37.976950845 ], [ 23.719262879, 37.976998561 ], [ 23.719197984, 37.977023529 ], [ 23.719148813, 37.977041437 ], [ 23.718890858, 37.97713095 ], [ 23.718742718, 37.977162141 ], [ 23.71859495, 37.977188826 ], [ 23.718538002, 37.977193196 ], [ 23.718333373, 37.977201719 ], [ 23.718128405, 37.977205735 ], [ 23.71798784, 37.977209904 ], [ 23.717847631, 37.977214075 ], [ 23.717759371, 37.977218369 ], [ 23.717528463, 37.977213309 ], [ 23.717366009, 37.977212918 ], [ 23.717332051, 37.977212837 ], [ 23.717297871, 37.977211724 ], [ 23.717296637, 37.977211684 ], [ 23.716883773, 37.977198239 ], [ 23.716787417, 37.977179982 ], [ 23.716529483, 37.977170348 ], [ 23.716225772, 37.977129058 ], [ 23.716077127, 37.977106167 ], [ 23.715326467, 37.976847411 ], [ 23.715319992, 37.976845178 ], [ 23.715023881, 37.976743105 ], [ 23.714466281, 37.976475874 ], [ 23.714069835, 37.976218044 ], [ 23.714064737, 37.976214917 ], [ 23.713937076, 37.976136606 ], [ 23.713709198, 37.975901717 ], [ 23.713614565, 37.975806851 ], [ 23.713167496, 37.975301042 ], [ 23.71292352, 37.974998516 ], [ 23.712580053, 37.974479437 ], [ 23.712164193, 37.973730352 ], [ 23.711923245, 37.973292639 ], [ 23.711742719, 37.972963227 ], [ 23.711574185, 37.972660883 ], [ 23.711330772, 37.972218655 ], [ 23.710922409, 37.971469584 ], [ 23.710525368, 37.970738565 ], [ 23.710377279, 37.970471101 ], [ 23.710317991, 37.97036402 ], [ 23.710114419, 37.969991248 ], [ 23.71011099, 37.96998497 ], [ 23.709956275, 37.969700683 ], [ 23.709847457, 37.969506638 ], [ 23.709689203, 37.969217835 ], [ 23.709545431, 37.968956107 ], [ 23.70927518, 37.968468745 ], [ 23.708992215, 37.967958817 ], [ 23.708711299, 37.967471427 ], [ 23.708364765, 37.966844173 ], [ 23.708321684, 37.966762951 ], [ 23.708087505, 37.966334258 ], [ 23.707964306, 37.966180734 ], [ 23.707657287, 37.965819456 ], [ 23.707058646, 37.965164533 ], [ 23.706580521, 37.964712698 ], [ 23.706529846, 37.964663 ], [ 23.706445836, 37.964586181 ], [ 23.706388169, 37.964633656 ], [ 23.706340058, 37.964673257 ], [ 23.706322623, 37.964687608 ], [ 23.706239068, 37.964756384 ], [ 23.706183849, 37.964801836 ], [ 23.705897493, 37.964972366 ], [ 23.705524097, 37.96520126 ], [ 23.705343966, 37.965310781 ], [ 23.704815472, 37.965632102 ], [ 23.704247354, 37.965977671 ], [ 23.703570486, 37.966381547 ], [ 23.703570426, 37.966381583 ], [ 23.702622556, 37.966951473 ], [ 23.702166017, 37.967220345 ], [ 23.702138113, 37.967236778 ], [ 23.702058741, 37.967283523 ], [ 23.701289823, 37.967745736 ], [ 23.700819353, 37.968041965 ], [ 23.69954886, 37.96883186 ], [ 23.69980081, 37.969008248 ], [ 23.699926077, 37.969095947 ], [ 23.700768406, 37.969440634 ], [ 23.701818651, 37.969769926 ], [ 23.702110743, 37.969887604 ], [ 23.702312163, 37.969986977 ], [ 23.702469372, 37.970084905 ], [ 23.702767617, 37.970282146 ], [ 23.702808701, 37.970309317 ], [ 23.70366004, 37.970872328 ], [ 23.704225786, 37.971247172 ], [ 23.70510239, 37.971826156 ], [ 23.705560646, 37.972129194 ], [ 23.705561206, 37.972129564 ], [ 23.705993271, 37.972415277 ], [ 23.707080781, 37.973134401 ], [ 23.707524658, 37.973443523 ], [ 23.707569692, 37.973473023 ], [ 23.707646823, 37.973523547 ], [ 23.707682626, 37.973548293 ], [ 23.708199728, 37.973905708 ], [ 23.708965871, 37.974451138 ], [ 23.7096031, 37.974902881 ], [ 23.710613718, 37.975574409 ], [ 23.711132297, 37.975911166 ], [ 23.711483396, 37.976155539 ], [ 23.712033378, 37.976473391 ], [ 23.712566212, 37.976732038 ], [ 23.713455697, 37.977154393 ], [ 23.713463176, 37.977157945 ], [ 23.714348415, 37.977578271 ], [ 23.714511846, 37.977653064 ], [ 23.715252712, 37.977992114 ], [ 23.71584833, 37.978433928 ], [ 23.716003611, 37.97854911 ], [ 23.716726608, 37.979073722 ], [ 23.716861993, 37.979133927 ], [ 23.717819044, 37.979559524 ], [ 23.718226623, 37.979740769 ], [ 23.718238579, 37.979746085 ], [ 23.719347198, 37.980239059 ], [ 23.719350884, 37.980240699 ], [ 23.72070908, 37.980844063 ], [ 23.720741456, 37.980799086 ], [ 23.721232608, 37.980115273 ], [ 23.721525905, 37.979714896 ], [ 23.721542799, 37.979669871 ], [ 23.721566862, 37.979611345 ], [ 23.721722802, 37.979399912 ], [ 23.721811726, 37.9793145 ], [ 23.721131771, 37.978740573 ], [ 23.721466215, 37.97824742 ], [ 23.721467408, 37.978245661 ], [ 23.721974422, 37.978642903 ] ] ] } },
{ "type": "Feature", "properties": { "zone_id": 25, "year": 2050, "kwh_per_user_cap": 919.8974, "ac_share_cap": 0.58560967503945238, "kwh_pc_overall": 538.70080728081575, "kwh_cap": 2187786.05859375 }, "geometry": { "type": "Polygon", "coordinates": [ [ [ 23.713080664, 38.004646646 ], [ 23.713503123, 38.004652182 ], [ 23.714205412, 38.004653891 ], [ 23.715200257, 38.004665317 ], [ 23.715921446, 38.004658048 ], [ 23.715893318, 38.004567852 ], [ 23.715760567, 38.004378262 ], [ 23.715492577, 38.003999076 ], [ 23.715280871, 38.00370114 ], [ 23.715083368, 38.003412252 ], [ 23.714474839, 38.002550051 ], [ 23.715005503, 38.002470223 ], [ 23.715859549, 38.002341604 ], [ 23.715554558, 38.001867693 ], [ 23.715125031, 38.001199704 ], [ 23.714893986, 38.000843138 ], [ 23.714609172, 38.000400819 ], [ 23.714458064, 38.000175131 ], [ 23.714328225, 37.999972027 ], [ 23.713946473, 37.999380759 ], [ 23.71362773, 37.998879771 ], [ 23.713343323, 37.998428437 ], [ 23.712939037, 37.997778527 ], [ 23.712879281, 37.997676213 ], [ 23.71266259, 37.997295666 ], [ 23.712540948, 37.99709258 ], [ 23.712380401, 37.996826309 ], [ 23.712252033, 37.996614193 ], [ 23.712012456, 37.996219684 ], [ 23.712010852, 37.996217038 ], [ 23.711951895, 37.996185349 ], [ 23.711232104, 37.996764912 ], [ 23.710455837, 37.997402914 ], [ 23.709621667, 37.998099352 ], [ 23.708710763, 37.998845165 ], [ 23.70831581, 37.999173154 ], [ 23.707437002, 37.999896504 ], [ 23.706524201, 38.00066032 ], [ 23.705764109, 38.001276848 ], [ 23.705743243, 38.001293773 ], [ 23.705551821, 38.00144318 ], [ 23.705419811, 38.001546216 ], [ 23.705403687, 38.001558801 ], [ 23.706360113, 38.002124118 ], [ 23.706399035, 38.002147123 ], [ 23.706419626, 38.002160694 ], [ 23.707052701, 38.002644459 ], [ 23.707704824, 38.003173331 ], [ 23.708960657, 38.00414983 ], [ 23.70937434, 38.004403212 ], [ 23.709769099, 38.004604357 ], [ 23.709880909, 38.004661328 ], [ 23.709966621, 38.004660803 ], [ 23.710208399, 38.004659323 ], [ 23.71242251, 38.004645741 ], [ 23.712504347, 38.004645238 ], [ 23.713080664, 38.004646646 ] ] ] } },
{ "type": "Feature", "properties": { "zone_id": 26, "year": 2050, "kwh_per_user_cap": 939.11383, "ac_share_cap": 0.98000002313475809, "kwh_pc_overall": 920.3315443543803, "kwh_cap": 14386255.234375 }, "geometry": { "type": "Polygon", "coordinates": [ [ [ 23.75261605, 37.98311464 ], [ 23.752895509, 37.982867373 ], [ 23.753059651, 37.982732525 ], [ 23.753293127, 37.982507693 ], [ 23.754113864, 37.981928082 ], [ 23.755058805, 37.981339711 ], [ 23.755184596, 37.981233729 ], [ 23.755212113, 37.981209464 ], [ 23.755227244, 37.981196122 ], [ 23.755319315, 37.981114932 ], [ 23.755317796, 37.981113349 ], [ 23.754941418, 37.980721021 ], [ 23.754938109, 37.980717572 ], [ 23.754302289, 37.980058307 ], [ 23.753909261, 37.979687958 ], [ 23.753400834, 37.979245263 ], [ 23.752095191, 37.978111403 ], [ 23.751811724, 37.977862952 ], [ 23.751705794, 37.977782668 ], [ 23.751337164, 37.977503284 ], [ 23.751245278, 37.977433644 ], [ 23.750928603, 37.977221172 ], [ 23.750607416, 37.97700458 ], [ 23.750568879, 37.976978592 ], [ 23.749515323, 37.976268115 ], [ 23.749484977, 37.976249517 ], [ 23.749388444, 37.976190351 ], [ 23.747722231, 37.975052346 ], [ 23.747074726, 37.97461972 ], [ 23.74645557, 37.974184688 ], [ 23.746453604, 37.974183307 ], [ 23.746453577, 37.974183287 ], [ 23.746418356, 37.974278278 ], [ 23.746393354, 37.974345708 ], [ 23.745817985, 37.975897432 ], [ 23.745808377, 37.975923343 ], [ 23.745797417, 37.9759529 ], [ 23.745783355, 37.975949587 ], [ 23.74436892, 37.975616329 ], [ 23.743433909, 37.975393478 ], [ 23.743122131, 37.975316188 ], [ 23.743006817, 37.975324949 ], [ 23.742752522, 37.975346111 ], [ 23.742584702, 37.975360078 ], [ 23.742030811, 37.975430967 ], [ 23.741176118, 37.975541751 ], [ 23.740563483, 37.975621517 ], [ 23.739103861, 37.975814197 ], [ 23.739086169, 37.975816533 ], [ 23.738416213, 37.975905174 ], [ 23.738051266, 37.975956084 ], [ 23.737921569, 37.975974177 ], [ 23.737885414, 37.97597922 ], [ 23.737721531, 37.976002081 ], [ 23.737621285, 37.976016064 ], [ 23.737212241, 37.976066378 ], [ 23.736793652, 37.976117863 ], [ 23.736344407, 37.976175441 ], [ 23.736264714, 37.976181639 ], [ 23.736165911, 37.976189323 ], [ 23.736119113, 37.976192962 ], [ 23.735862233, 37.976187879 ], [ 23.73571928, 37.976111758 ], [ 23.735636972, 37.97606793 ], [ 23.735615767, 37.976056638 ], [ 23.735787547, 37.976872689 ], [ 23.735512744, 37.977201041 ], [ 23.734861688, 37.977965669 ], [ 23.734854151, 37.978082819 ], [ 23.734347325, 37.978679554 ], [ 23.733800382, 37.97932351 ], [ 23.734855676, 37.979922523 ], [ 23.735240857, 37.980141157 ], [ 23.735417967, 37.980241686 ], [ 23.736349854, 37.980770624 ], [ 23.736448992, 37.980826895 ], [ 23.736641677, 37.98093626 ], [ 23.736789704, 37.981020279 ], [ 23.736965296, 37.981119941 ], [ 23.737306186, 37.981313423 ], [ 23.737987392, 37.981700055 ], [ 23.738502225, 37.981992252 ], [ 23.73910247, 37.982332921 ], [ 23.739253689, 37.982418744 ], [ 23.739536147, 37.982261733 ], [ 23.740003312, 37.982010401 ], [ 23.740414134, 37.981556159 ], [ 23.740380591, 37.981380335 ], [ 23.740371484, 37.981339757 ], [ 23.740420433, 37.981182139 ], [ 23.740529131, 37.981033667 ], [ 23.740538289, 37.981021248 ], [ 23.740899208, 37.980532023 ], [ 23.741195479, 37.980160887 ], [ 23.741486313, 37.979823545 ], [ 23.741584497, 37.979772632 ], [ 23.741657114, 37.979734977 ], [ 23.741737276, 37.979693409 ], [ 23.742119371, 37.979574295 ], [ 23.74229691, 37.979578713 ], [ 23.742319443, 37.979616436 ], [ 23.7423203, 37.97961787 ], [ 23.742476755, 37.979879794 ], [ 23.742712112, 37.979938893 ], [ 23.742764187, 37.979950929 ], [ 23.742772099, 37.979952758 ], [ 23.743763743, 37.980181958 ], [ 23.74418835, 37.980280095 ], [ 23.744051185, 37.980635804 ], [ 23.744613986, 37.980776727 ], [ 23.744499275, 37.981019825 ], [ 23.744524217, 37.981034417 ], [ 23.745140979, 37.981395251 ], [ 23.745130225, 37.98141776 ], [ 23.74518024, 37.98156658 ], [ 23.745355996, 37.981647138 ], [ 23.74567088, 37.981791462 ], [ 23.745751327, 37.981828334 ], [ 23.745940895, 37.981915221 ], [ 23.746109702, 37.981978675 ], [ 23.746149363, 37.981878466 ], [ 23.746149388, 37.981878402 ], [ 23.746259391, 37.981600458 ], [ 23.746409821, 37.98121323 ], [ 23.746722551, 37.98087007 ], [ 23.746977682, 37.980590111 ], [ 23.746987747, 37.980579067 ], [ 23.747162907, 37.980631007 ], [ 23.747264679, 37.980552624 ], [ 23.747372373, 37.980277963 ], [ 23.747744915, 37.980386917 ], [ 23.747905938, 37.980436833 ], [ 23.748726232, 37.980618845 ], [ 23.748642956, 37.980830469 ], [ 23.7485525, 37.981060104 ], [ 23.74883928, 37.981277025 ], [ 23.749029996, 37.981385587 ], [ 23.749966438, 37.981833749 ], [ 23.750847853, 37.982255564 ], [ 23.751290561, 37.982467425 ], [ 23.751483054, 37.983351632 ], [ 23.751654489, 37.9832914 ], [ 23.751854189, 37.983216683 ], [ 23.752430972, 37.983019615 ], [ 23.75261605, 37.98311464 ] ] ] } },
{ "type": "Feature", "properties": { "zone_id": 27, "year": 2050, "kwh_per_user_cap": 1117.8965, "ac_share_cap": 0.45778447489018498, "kwh_pc_overall": 511.7556468395486, "kwh_cap": 8258049.53125 }, "geometry": { "type": "Polygon", "coordinates": [ [ [ 23.717904265, 37.987331141 ], [ 23.717876277, 37.987306778 ], [ 23.71784716, 37.987281433 ], [ 23.717778145, 37.987222633 ], [ 23.717514266, 37.98760059 ], [ 23.716687957, 37.98722457 ], [ 23.716637695, 37.98720178 ], [ 23.716629941, 37.987198265 ], [ 23.715708438, 37.98678045 ], [ 23.715695674, 37.986774662 ], [ 23.715668752, 37.986762455 ], [ 23.715364954, 37.987194337 ], [ 23.715108387, 37.987558736 ], [ 23.71487258, 37.98789164 ], [ 23.714810007, 37.987968098 ], [ 23.714446522, 37.988462922 ], [ 23.714300202, 37.98866085 ], [ 23.714145288, 37.988872275 ], [ 23.714011135, 37.989052206 ], [ 23.713928255, 37.989163424 ], [ 23.713776421, 37.989376097 ], [ 23.713509874, 37.989740469 ], [ 23.713437193, 37.989852952 ], [ 23.713268219, 37.990109406 ], [ 23.71306397, 37.990409265 ], [ 23.712856247, 37.990712262 ], [ 23.712530532, 37.991189147 ], [ 23.712288207, 37.991544561 ], [ 23.712104, 37.991821275 ], [ 23.712078846, 37.991859061 ], [ 23.71207556, 37.991863997 ], [ 23.712563864, 37.992072058 ], [ 23.712596785, 37.992086086 ], [ 23.713118709, 37.992312681 ], [ 23.713947562, 37.992679743 ], [ 23.713718627, 37.99304133 ], [ 23.713580429, 37.993287193 ], [ 23.713392485, 37.993660768 ], [ 23.713201692, 37.994034336 ], [ 23.713164735, 37.994110855 ], [ 23.712985293, 37.994493463 ], [ 23.7129721, 37.9946827 ], [ 23.712834538, 37.994912191 ], [ 23.712412487, 37.995627681 ], [ 23.712343696, 37.995744679 ], [ 23.712063326, 37.996086481 ], [ 23.712012914, 37.996144941 ], [ 23.711952609, 37.996184877 ], [ 23.711951895, 37.996185349 ], [ 23.712010852, 37.996217038 ], [ 23.712012456, 37.996219684 ], [ 23.712252033, 37.996614193 ], [ 23.712380401, 37.996826309 ], [ 23.712540948, 37.99709258 ], [ 23.71266259, 37.997295666 ], [ 23.712879281, 37.997676213 ], [ 23.712939037, 37.997778527 ], [ 23.713343323, 37.998428437 ], [ 23.71362773, 37.998879771 ], [ 23.713633124, 37.99887921 ], [ 23.714347345, 37.998804912 ], [ 23.714972266, 37.998734326 ], [ 23.715033502, 37.998729968 ], [ 23.71539563, 37.998690287 ], [ 23.715677286, 37.998659423 ], [ 23.716341356, 37.998588924 ], [ 23.716842361, 37.998531548 ], [ 23.717608629, 37.998447768 ], [ 23.718341779, 37.998368411 ], [ 23.718768698, 37.998324368 ], [ 23.719194549, 37.998280322 ], [ 23.720158094, 37.998169958 ], [ 23.720146391, 37.997971648 ], [ 23.72012671, 37.997624607 ], [ 23.720093855, 37.996998137 ], [ 23.720056391, 37.996367149 ], [ 23.720040673, 37.996101233 ], [ 23.720018639, 37.995718135 ], [ 23.719992252, 37.995262924 ], [ 23.719955518, 37.994627432 ], [ 23.719908254, 37.993766593 ], [ 23.71983285, 37.993473496 ], [ 23.719746551, 37.993144322 ], [ 23.719616723, 37.992657319 ], [ 23.719258608, 37.991372135 ], [ 23.719146948, 37.990975304 ], [ 23.719051149, 37.990619068 ], [ 23.719035697, 37.990564954 ], [ 23.718922685, 37.990150093 ], [ 23.718860988, 37.989936103 ], [ 23.718690631, 37.98931585 ], [ 23.718434499, 37.988265241 ], [ 23.718209675, 37.98824217 ], [ 23.718322795, 37.987821968 ], [ 23.718355158, 37.987701748 ], [ 23.717952151, 37.987371813 ], [ 23.717904265, 37.987331141 ] ] ] } },
{ "type": "Feature", "properties": { "zone_id": 28, "year": 2050, "kwh_per_user_cap": 1081.1602, "ac_share_cap": 0.98000001972199047, "kwh_pc_overall": 1059.5369925290424, "kwh_cap": 12263573.58984375 }, "geometry": { "type": "Polygon", "coordinates": [ [ [ 23.76017623, 37.993019565 ], [ 23.760382351, 37.992775796 ], [ 23.760386758, 37.992770584 ], [ 23.760406293, 37.99274748 ], [ 23.760606013, 37.992509047 ], [ 23.760761798, 37.992320094 ], [ 23.760779412, 37.992266053 ], [ 23.760794792, 37.992221566 ], [ 23.760821446, 37.992144465 ], [ 23.760262505, 37.991764787 ], [ 23.759878477, 37.991444048 ], [ 23.759583647, 37.991164047 ], [ 23.759314204, 37.990848046 ], [ 23.758996392, 37.990414779 ], [ 23.758719982, 37.989945544 ], [ 23.758621, 37.989742552 ], [ 23.758517718, 37.989440409 ], [ 23.758250446, 37.988574626 ], [ 23.758151125, 37.988258972 ], [ 23.758013044, 37.987826071 ], [ 23.757858031, 37.987348071 ], [ 23.757818752, 37.987280394 ], [ 23.757781555, 37.987214515 ], [ 23.757729593, 37.987122485 ], [ 23.758542051, 37.986966714 ], [ 23.760241101, 37.986640937 ], [ 23.760412018, 37.98660974 ], [ 23.760434808, 37.98660528 ], [ 23.760628012, 37.98656747 ], [ 23.761141295, 37.986467018 ], [ 23.761308897, 37.986432963 ], [ 23.761328317, 37.986429017 ], [ 23.761404808, 37.986413475 ], [ 23.761156015, 37.98609752 ], [ 23.760660093, 37.985393509 ], [ 23.760592372, 37.985316762 ], [ 23.760436737, 37.985136188 ], [ 23.760405539, 37.985100073 ], [ 23.760009531, 37.984740785 ], [ 23.759677311, 37.984454546 ], [ 23.759511944, 37.984306822 ], [ 23.759340735, 37.984142537 ], [ 23.758984462, 37.98383537 ], [ 23.758514601, 37.983442347 ], [ 23.757395267, 37.982869255 ], [ 23.757374597, 37.982858671 ], [ 23.756934062, 37.982641453 ], [ 23.756577597, 37.982397369 ], [ 23.756206905, 37.9820451 ], [ 23.755681043, 37.981485211 ], [ 23.755319315, 37.981114932 ], [ 23.755227244, 37.981196122 ], [ 23.755212113, 37.981209464 ], [ 23.755184596, 37.981233729 ], [ 23.755058805, 37.981339711 ], [ 23.754113864, 37.981928082 ], [ 23.753293127, 37.982507693 ], [ 23.753059651, 37.982732525 ], [ 23.752895509, 37.982867373 ], [ 23.75261605, 37.98311464 ], [ 23.752430972, 37.983019615 ], [ 23.751854189, 37.983216683 ], [ 23.751654489, 37.9832914 ], [ 23.751483054, 37.983351632 ], [ 23.751645221, 37.984085983 ], [ 23.751751825, 37.984497758 ], [ 23.751855548, 37.984820975 ], [ 23.751992147, 37.985258386 ], [ 23.75221863, 37.985952853 ], [ 23.751800966, 37.986551328 ], [ 23.751540978, 37.986929319 ], [ 23.751376444, 37.987176825 ], [ 23.751535873, 37.987704413 ], [ 23.751651601, 37.98810573 ], [ 23.75171025, 37.988232034 ], [ 23.75171034, 37.988232218 ], [ 23.751750878, 37.988315952 ], [ 23.751786622, 37.988389783 ], [ 23.751947499, 37.988956251 ], [ 23.752077497, 37.989413981 ], [ 23.752216371, 37.989902956 ], [ 23.752365891, 37.990429416 ], [ 23.75252162, 37.990977725 ], [ 23.752775497, 37.991484349 ], [ 23.752989452, 37.991912043 ], [ 23.753061491, 37.992055912 ], [ 23.753176764, 37.992296362 ], [ 23.753433656, 37.992832212 ], [ 23.75367693, 37.993299589 ], [ 23.753744975, 37.993353943 ], [ 23.753630952, 37.993431979 ], [ 23.753928635, 37.99359934 ], [ 23.753668267, 37.994429506 ], [ 23.754127352, 37.994497395 ], [ 23.754499236, 37.994565249 ], [ 23.754601452, 37.994511043 ], [ 23.754807523, 37.994403319 ], [ 23.754929452, 37.994340483 ], [ 23.755448926, 37.994062166 ], [ 23.756098139, 37.993725532 ], [ 23.756522759, 37.993501091 ], [ 23.756887139, 37.993303562 ], [ 23.757033764, 37.993223984 ], [ 23.757359903, 37.993047672 ], [ 23.757423593, 37.993160464 ], [ 23.757464596, 37.993354325 ], [ 23.75759647, 37.993512322 ], [ 23.757933996, 37.993905075 ], [ 23.758076408, 37.994046468 ], [ 23.758170154, 37.994139544 ], [ 23.758171265, 37.994140646 ], [ 23.758188703, 37.994157959 ], [ 23.758563396, 37.994505723 ], [ 23.75879693, 37.994704485 ], [ 23.759359406, 37.994115296 ], [ 23.759612993, 37.993840923 ], [ 23.759622313, 37.993831141 ], [ 23.759694417, 37.993755467 ], [ 23.759594571, 37.993705692 ], [ 23.759612066, 37.993684494 ], [ 23.759816748, 37.993436476 ], [ 23.759817066, 37.99343609 ], [ 23.759875253, 37.993365585 ], [ 23.759887349, 37.99335172 ], [ 23.759895753, 37.993342088 ], [ 23.760124418, 37.993079994 ], [ 23.760132199, 37.993071074 ], [ 23.760147628, 37.99305339 ], [ 23.760171923, 37.993024658 ], [ 23.76017623, 37.993019565 ] ] ] } },
{ "type": "Feature", "properties": { "zone_id": 29, "year": 2050, "kwh_per_user_cap": 1092.3843, "ac_share_cap": 0.75157779435833361, "kwh_pc_overall": 821.01178311862611, "kwh_cap": 12069220.453125 }, "geometry": { "type": "Polygon", "coordinates": [ [ [ 23.743860667, 38.00280925 ], [ 23.74386202, 38.002806993 ], [ 23.74471549, 38.002831381 ], [ 23.744803654, 38.002863117 ], [ 23.745356511, 38.003071753 ], [ 23.74599485, 38.003312705 ], [ 23.746151894, 38.003374957 ], [ 23.746499822, 38.003514786 ], [ 23.74667446, 38.00358497 ], [ 23.746703807, 38.003552199 ], [ 23.746384001, 38.003290138 ], [ 23.746132785, 38.003059769 ], [ 23.745716587, 38.002675825 ], [ 23.745349001, 38.002337048 ], [ 23.745253921, 38.002246714 ], [ 23.744601103, 38.001636932 ], [ 23.743656582, 38.000778659 ], [ 23.74343169, 38.000572507 ], [ 23.743124382, 38.000290804 ], [ 23.742728084, 37.999924919 ], [ 23.742644709, 37.999848127 ], [ 23.742329899, 37.999553986 ], [ 23.742320803, 37.999545488 ], [ 23.742102959, 37.999346728 ], [ 23.741654153, 37.998935659 ], [ 23.741376367, 37.998678183 ], [ 23.741002802, 37.998330367 ], [ 23.741453807, 37.998011403 ], [ 23.74165256, 37.997867635 ], [ 23.741920162, 37.997678953 ], [ 23.741972795, 37.997386151 ], [ 23.742038071, 37.997007308 ], [ 23.742151084, 37.996377104 ], [ 23.74209092, 37.996381479 ], [ 23.741555994, 37.996276657 ], [ 23.740810205, 37.996117291 ], [ 23.740186418, 37.995980722 ], [ 23.739508211, 37.995835017 ], [ 23.738280269, 37.995548386 ], [ 23.73799614, 37.995480158 ], [ 23.737835675, 37.995466281 ], [ 23.737335641, 37.995361517 ], [ 23.736508385, 37.995197436 ], [ 23.735995526, 37.995097145 ], [ 23.735798085, 37.995057659 ], [ 23.735777734, 37.995053589 ], [ 23.735699474, 37.995037937 ], [ 23.735699269, 37.995037896 ], [ 23.733910059, 37.995326967 ], [ 23.733581098, 37.995380111 ], [ 23.733490486, 37.99543849 ], [ 23.733230528, 37.995478458 ], [ 23.732334593, 37.995607109 ], [ 23.732239573, 37.995615785 ], [ 23.732223251, 37.995617276 ], [ 23.732141982, 37.995624696 ], [ 23.732142071, 37.995625058 ], [ 23.732143315, 37.995630147 ], [ 23.73222685, 37.995971883 ], [ 23.732322282, 37.99635064 ], [ 23.73242648, 37.996765467 ], [ 23.732746801, 37.998041512 ], [ 23.732882565, 37.998587097 ], [ 23.733022874, 37.999155224 ], [ 23.733222424, 37.999975844 ], [ 23.733358918, 38.000124865 ], [ 23.733554365, 38.000900412 ], [ 23.733709536, 38.00149561 ], [ 23.733831416, 38.001946527 ], [ 23.733726204, 38.002004872 ], [ 23.733968872, 38.002717435 ], [ 23.733984372, 38.002762534 ], [ 23.734117507, 38.00285747 ], [ 23.734138281, 38.002920607 ], [ 23.734292168, 38.003380608 ], [ 23.735418781, 38.003171347 ], [ 23.735924915, 38.00307785 ], [ 23.736640435, 38.002940254 ], [ 23.736641098, 38.002940126 ], [ 23.736642995, 38.00293976 ], [ 23.737472206, 38.002779384 ], [ 23.737821626, 38.002712567 ], [ 23.738242264, 38.002636895 ], [ 23.738400026, 38.002614714 ], [ 23.738413748, 38.002659809 ], [ 23.739092164, 38.002864104 ], [ 23.739784403, 38.003086452 ], [ 23.739910334, 38.003510334 ], [ 23.740659267, 38.003403834 ], [ 23.741220164, 38.003323954 ], [ 23.741220533, 38.003325417 ], [ 23.741351111, 38.003842479 ], [ 23.741457942, 38.003829195 ], [ 23.74184114, 38.004077889 ], [ 23.74254643, 38.004543596 ], [ 23.742851805, 38.004246841 ], [ 23.7432061, 38.003905128 ], [ 23.743468192, 38.003464071 ], [ 23.743860667, 38.00280925 ] ] ] } },
{ "type": "Feature", "properties": { "zone_id": 30, "year": 2050, "kwh_per_user_cap": 1095.7603, "ac_share_cap": 0.72255969607015169, "kwh_pc_overall": 791.75219248675319, "kwh_cap": 823884.953125 }, "geometry": { "type": "Polygon", "coordinates": [ [ [ 23.743657468, 38.008127201 ], [ 23.743661979, 38.008124123 ], [ 23.744570276, 38.008077238 ], [ 23.744622779, 38.008074363 ], [ 23.743778227, 38.007042838 ], [ 23.743715054, 38.006988624 ], [ 23.74333282, 38.006769561 ], [ 23.741943227, 38.00679595 ], [ 23.741114288, 38.006811684 ], [ 23.740876639, 38.00682024 ], [ 23.740797032, 38.006823105 ], [ 23.740760415, 38.006824424 ], [ 23.740878979, 38.007221249 ], [ 23.741146726, 38.007203813 ], [ 23.741192643, 38.007609491 ], [ 23.741210971, 38.007762749 ], [ 23.741240017, 38.008006159 ], [ 23.741093327, 38.008014849 ], [ 23.740469775, 38.008045377 ], [ 23.740212506, 38.008057971 ], [ 23.740215524, 38.008095091 ], [ 23.740216252, 38.00810405 ], [ 23.740296434, 38.009090124 ], [ 23.740865275, 38.00907808 ], [ 23.741375421, 38.009136283 ], [ 23.741946783, 38.009263329 ], [ 23.742371683, 38.00941915 ], [ 23.742517799, 38.009473547 ], [ 23.742901952, 38.009560009 ], [ 23.743309253, 38.009573427 ], [ 23.74327102, 38.009258465 ], [ 23.743257934, 38.009153402 ], [ 23.743257677, 38.009142373 ], [ 23.743240575, 38.008411614 ], [ 23.743657468, 38.008127201 ] ] ] } },
{ "type": "Feature", "properties": { "zone_id": 31, "year": 2050, "kwh_per_user_cap": 1430.5061, "ac_share_cap": 0.98000002152153076, "kwh_pc_overall": 1401.8959945921265, "kwh_cap": 2483000.8676757812 }, "geometry": { "type": "Polygon", "coordinates": [ [ [ 23.749029996, 37.981385587 ], [ 23.74883928, 37.981277025 ], [ 23.7485525, 37.981060104 ], [ 23.748642956, 37.980830469 ], [ 23.748726232, 37.980618845 ], [ 23.747905938, 37.980436833 ], [ 23.747744915, 37.980386917 ], [ 23.747372373, 37.980277963 ], [ 23.747264679, 37.980552624 ], [ 23.747162907, 37.980631007 ], [ 23.746987747, 37.980579067 ], [ 23.746977682, 37.980590111 ], [ 23.746722551, 37.98087007 ], [ 23.746409821, 37.98121323 ], [ 23.746259391, 37.981600458 ], [ 23.746149388, 37.981878402 ], [ 23.746149363, 37.981878466 ], [ 23.746109702, 37.981978675 ], [ 23.745940895, 37.981915221 ], [ 23.745751327, 37.981828334 ], [ 23.74567088, 37.981791462 ], [ 23.745355996, 37.981647138 ], [ 23.74518024, 37.98156658 ], [ 23.745130225, 37.98141776 ], [ 23.745140979, 37.981395251 ], [ 23.744524217, 37.981034417 ], [ 23.744499275, 37.981019825 ], [ 23.744613986, 37.980776727 ], [ 23.744051185, 37.980635804 ], [ 23.74418835, 37.980280095 ], [ 23.743763743, 37.980181958 ], [ 23.742772099, 37.979952758 ], [ 23.742764187, 37.979950929 ], [ 23.742712112, 37.979938893 ], [ 23.742476755, 37.979879794 ], [ 23.7423203, 37.97961787 ], [ 23.742319443, 37.979616436 ], [ 23.74229691, 37.979578713 ], [ 23.742119371, 37.979574295 ], [ 23.741737276, 37.979693409 ], [ 23.741657114, 37.979734977 ], [ 23.741584497, 37.979772632 ], [ 23.741486313, 37.979823545 ], [ 23.741195479, 37.980160887 ], [ 23.740899208, 37.980532023 ], [ 23.740538289, 37.981021248 ], [ 23.740529131, 37.981033667 ], [ 23.740420433, 37.981182139 ], [ 23.740371484, 37.981339757 ], [ 23.740380591, 37.981380335 ], [ 23.740414134, 37.981556159 ], [ 23.740616313, 37.982023351 ], [ 23.741022645, 37.982562434 ], [ 23.741066638, 37.982606998 ], [ 23.741325815, 37.982869539 ], [ 23.741931888, 37.983461212 ], [ 23.741980189, 37.983488357 ], [ 23.742116937, 37.983560759 ], [ 23.742551337, 37.983791539 ], [ 23.74310012, 37.98408115 ], [ 23.744112156, 37.984597089 ], [ 23.744484078, 37.984787167 ], [ 23.74519205, 37.985149217 ], [ 23.745983008, 37.985551384 ], [ 23.745984227, 37.985552003 ], [ 23.746851359, 37.985995502 ], [ 23.747389901, 37.986271552 ], [ 23.747761454, 37.986470632 ], [ 23.747937654, 37.986561138 ], [ 23.748302881, 37.986737671 ], [ 23.749257891, 37.986568466 ], [ 23.750514557, 37.986327791 ], [ 23.751402329, 37.986149414 ], [ 23.751946265, 37.985357431 ], [ 23.751992147, 37.985258386 ], [ 23.751855548, 37.984820975 ], [ 23.751751825, 37.984497758 ], [ 23.751645221, 37.984085983 ], [ 23.751483054, 37.983351632 ], [ 23.751290561, 37.982467425 ], [ 23.750847853, 37.982255564 ], [ 23.749966438, 37.981833749 ], [ 23.749029996, 37.981385587 ] ] ] } },
{ "type": "Feature", "properties": { "zone_id": 32, "year": 2050, "kwh_per_user_cap": 925.92035, "ac_share_cap": 0.76901316491841942, "kwh_pc_overall": 712.04492188503548, "kwh_cap": 10048344.734375 }, "geometry": { "type": "Polygon", "coordinates": [ [ [ 23.729181047, 37.969421953 ], [ 23.729183878, 37.969422053 ], [ 23.72939584, 37.969445072 ], [ 23.729679653, 37.969472764 ], [ 23.729921113, 37.969504863 ], [ 23.73000291, 37.969514064 ], [ 23.730591512, 37.969573997 ], [ 23.730630166, 37.969577425 ], [ 23.730748006, 37.969587875 ], [ 23.731216744, 37.969638517 ], [ 23.731482699, 37.969666804 ], [ 23.731499932, 37.969668637 ], [ 23.73153556, 37.969672426 ], [ 23.731563144, 37.96967536 ], [ 23.731575084, 37.969676824 ], [ 23.731699564, 37.969692082 ], [ 23.731664137, 37.968484809 ], [ 23.731618467, 37.968410681 ], [ 23.731602912, 37.968385434 ], [ 23.731602889, 37.968385399 ], [ 23.73147035, 37.968252151 ], [ 23.730290944, 37.967335056 ], [ 23.728659863, 37.966066685 ], [ 23.72750208, 37.965166322 ], [ 23.726316258, 37.96424412 ], [ 23.724647093, 37.962945843 ], [ 23.724576082, 37.962890609 ], [ 23.724575788, 37.962890381 ], [ 23.723904058, 37.962366971 ], [ 23.722711082, 37.961437254 ], [ 23.722508799, 37.961279754 ], [ 23.722415007, 37.961206884 ], [ 23.720394008, 37.959636643 ], [ 23.720338314, 37.959593369 ], [ 23.720316595, 37.95960714 ], [ 23.720316518, 37.959607189 ], [ 23.720299812, 37.959617781 ], [ 23.720296947, 37.959619652 ], [ 23.720107237, 37.959743504 ], [ 23.719913615, 37.95989488 ], [ 23.718808486, 37.960758863 ], [ 23.717921319, 37.961474222 ], [ 23.717866781, 37.961518198 ], [ 23.717650373, 37.961733988 ], [ 23.71762418, 37.961792509 ], [ 23.717671835, 37.961846183 ], [ 23.717674308, 37.961848655 ], [ 23.717726575, 37.961900909 ], [ 23.71771088, 37.961924698 ], [ 23.717305057, 37.962539812 ], [ 23.717151807, 37.962735542 ], [ 23.717139533, 37.962751217 ], [ 23.716072536, 37.963609378 ], [ 23.71573792, 37.963847411 ], [ 23.715713016, 37.963855214 ], [ 23.715138457, 37.964035232 ], [ 23.715134546, 37.964035829 ], [ 23.715049628, 37.964048782 ], [ 23.714983799, 37.964058822 ], [ 23.714815608, 37.964084476 ], [ 23.71476175, 37.964092692 ], [ 23.714556807, 37.964123951 ], [ 23.714203596, 37.964109574 ], [ 23.713852734, 37.96405069 ], [ 23.713852535, 37.964052306 ], [ 23.713835058, 37.9641943 ], [ 23.713829537, 37.964286609 ], [ 23.713866291, 37.964692263 ], [ 23.713033941, 37.965082466 ], [ 23.713205233, 37.965298254 ], [ 23.713239574, 37.965341517 ], [ 23.713245976, 37.965349582 ], [ 23.713275794, 37.965387146 ], [ 23.71362281, 37.96580709 ], [ 23.713717344, 37.965924487 ], [ 23.713985469, 37.966231577 ], [ 23.714019272, 37.966267802 ], [ 23.7141077, 37.966362561 ], [ 23.714411871, 37.966732828 ], [ 23.71532024, 37.96671708 ], [ 23.715324125, 37.966717013 ], [ 23.715333254, 37.966692009 ], [ 23.715335633, 37.966685496 ], [ 23.715358405, 37.966316023 ], [ 23.7154771, 37.966257726 ], [ 23.715829602, 37.965997205 ], [ 23.716222616, 37.965655664 ], [ 23.716942184, 37.965044522 ], [ 23.717319988, 37.964955301 ], [ 23.717587232, 37.964937917 ], [ 23.718221334, 37.965033946 ], [ 23.719159502, 37.965176016 ], [ 23.720297654, 37.965345465 ], [ 23.72074425, 37.965409617 ], [ 23.721090348, 37.965459311 ], [ 23.721370402, 37.96550123 ], [ 23.721399846, 37.965523832 ], [ 23.721951067, 37.965957754 ], [ 23.721975911, 37.965976723 ], [ 23.722294461, 37.966219939 ], [ 23.722531417, 37.966405262 ], [ 23.7230771, 37.966826404 ], [ 23.723081969, 37.966830168 ], [ 23.723603777, 37.967233612 ], [ 23.723693368, 37.967302879 ], [ 23.723824451, 37.967404228 ], [ 23.723824421, 37.967404608 ], [ 23.723809511, 37.967593463 ], [ 23.723781205, 37.967836744 ], [ 23.723759899, 37.968043449 ], [ 23.723701877, 37.96859364 ], [ 23.723601728, 37.969537645 ], [ 23.722485779, 37.969971789 ], [ 23.722473692, 37.969976491 ], [ 23.722445155, 37.969987593 ], [ 23.722407475, 37.97022188 ], [ 23.724482072, 37.969933882 ], [ 23.725019217, 37.969863036 ], [ 23.725735792, 37.96976106 ], [ 23.726887213, 37.969637559 ], [ 23.727797377, 37.969522501 ], [ 23.728773002, 37.969407585 ], [ 23.729181047, 37.969421953 ] ] ] } },
{ "type": "Feature", "properties": { "zone_id": 33, "year": 2050, "kwh_per_user_cap": 904.75922, "ac_share_cap": 0.94055008917464666, "kwh_pc_overall": 850.97137241716462, "kwh_cap": 21834967.3203125 }, "geometry": { "type": "Polygon", "coordinates": [ [ [ 23.73408085, 37.991234044 ], [ 23.734677272, 37.991137541 ], [ 23.734694078, 37.991134732 ], [ 23.735156585, 37.991057505 ], [ 23.735301911, 37.991033812 ], [ 23.735592761, 37.990986391 ], [ 23.735592802, 37.990986384 ], [ 23.735831733, 37.990946894 ], [ 23.7365865, 37.990822144 ], [ 23.736588095, 37.99082188 ], [ 23.737690117, 37.990666618 ], [ 23.737963303, 37.990628377 ], [ 23.738260528, 37.990586773 ], [ 23.738614468, 37.990533483 ], [ 23.739752426, 37.990346813 ], [ 23.739752892, 37.990346737 ], [ 23.739970818, 37.990311168 ], [ 23.739817293, 37.989846667 ], [ 23.740175782, 37.989410336 ], [ 23.740266927, 37.989297877 ], [ 23.740309823, 37.989243894 ], [ 23.740797607, 37.988672654 ], [ 23.740930772, 37.988742837 ], [ 23.741295623, 37.988935123 ], [ 23.74170836, 37.989161351 ], [ 23.741908893, 37.98931501 ], [ 23.742461937, 37.989788787 ], [ 23.742842209, 37.98946126 ], [ 23.742850112, 37.989449985 ], [ 23.743015675, 37.989213786 ], [ 23.743341274, 37.988813425 ], [ 23.743556792, 37.988548016 ], [ 23.743747303, 37.98830959 ], [ 23.743909897, 37.988116168 ], [ 23.74414647, 37.987832778 ], [ 23.744279417, 37.987670836 ], [ 23.744607881, 37.987261465 ], [ 23.744810547, 37.987005038 ], [ 23.744896685, 37.986897071 ], [ 23.744978877, 37.986798108 ], [ 23.74510297, 37.986643683 ], [ 23.745107423, 37.986638141 ], [ 23.745331359, 37.986359468 ], [ 23.745341661, 37.986346647 ], [ 23.745452437, 37.986208792 ], [ 23.745565044, 37.986069718 ], [ 23.745565166, 37.986069567 ], [ 23.745819252, 37.985755757 ], [ 23.745828478, 37.985744363 ], [ 23.745984227, 37.985552003 ], [ 23.745983008, 37.985551384 ], [ 23.74519205, 37.985149217 ], [ 23.744484078, 37.984787167 ], [ 23.744112156, 37.984597089 ], [ 23.74310012, 37.98408115 ], [ 23.742551337, 37.983791539 ], [ 23.742116937, 37.983560759 ], [ 23.741980189, 37.983488357 ], [ 23.741931888, 37.983461212 ], [ 23.741325815, 37.982869539 ], [ 23.741066638, 37.982606998 ], [ 23.741022645, 37.982562434 ], [ 23.740616313, 37.982023351 ], [ 23.740414134, 37.981556159 ], [ 23.740003312, 37.982010401 ], [ 23.739536147, 37.982261733 ], [ 23.739253689, 37.982418744 ], [ 23.73910247, 37.982332921 ], [ 23.738502225, 37.981992252 ], [ 23.737987392, 37.981700055 ], [ 23.737306186, 37.981313423 ], [ 23.736965296, 37.981119941 ], [ 23.736789704, 37.981020279 ], [ 23.736641677, 37.98093626 ], [ 23.736448992, 37.980826895 ], [ 23.736349854, 37.980770624 ], [ 23.735417967, 37.980241686 ], [ 23.735240857, 37.980141157 ], [ 23.734855676, 37.979922523 ], [ 23.733800382, 37.97932351 ], [ 23.733215416, 37.980012217 ], [ 23.732944884, 37.980330719 ], [ 23.732715616, 37.980600641 ], [ 23.732294313, 37.981096641 ], [ 23.731957532, 37.981493126 ], [ 23.731515953, 37.982012981 ], [ 23.731320165, 37.982243473 ], [ 23.73104324, 37.982569477 ], [ 23.730473517, 37.983240167 ], [ 23.729979317, 37.983821935 ], [ 23.729490456, 37.983897847 ], [ 23.729350167, 37.983919631 ], [ 23.728781543, 37.984008449 ], [ 23.728502345, 37.984050466 ], [ 23.72847593, 37.984054441 ], [ 23.728295976, 37.984081522 ], [ 23.728226729, 37.984091943 ], [ 23.728181395, 37.984098765 ], [ 23.728152389, 37.98410313 ], [ 23.728073715, 37.98411497 ], [ 23.728098239, 37.984351146 ], [ 23.728099165, 37.984360058 ], [ 23.728066037, 37.984362805 ], [ 23.728079936, 37.984421092 ], [ 23.728125232, 37.984611034 ], [ 23.728224094, 37.985025614 ], [ 23.728224505, 37.985027294 ], [ 23.728365416, 37.985589245 ], [ 23.72850499, 37.986148364 ], [ 23.728642835, 37.98669396 ], [ 23.728784207, 37.987248576 ], [ 23.728914524, 37.987769629 ], [ 23.728915022, 37.987771623 ], [ 23.72902087, 37.988213496 ], [ 23.729084339, 37.988470509 ], [ 23.729058461, 37.988555873 ], [ 23.729058401, 37.988556071 ], [ 23.729114073, 37.988804053 ], [ 23.729181133, 37.988858284 ], [ 23.729343843, 37.989516596 ], [ 23.7295083, 37.990183925 ], [ 23.729757338, 37.991175911 ], [ 23.729845021, 37.991527613 ], [ 23.730769858, 37.991381497 ], [ 23.731082095, 37.991332165 ], [ 23.731131229, 37.99153436 ], [ 23.73113758, 37.991560491 ], [ 23.731169751, 37.991692879 ], [ 23.731338724, 37.991677539 ], [ 23.731343805, 37.991677077 ], [ 23.731363419, 37.991675296 ], [ 23.731898257, 37.991595401 ], [ 23.732299944, 37.991528719 ], [ 23.733033883, 37.991404208 ], [ 23.734072978, 37.991235317 ], [ 23.73408085, 37.991234044 ] ] ] } },
{ "type": "Feature", "properties": { "zone_id": 34, "year": 2050, "kwh_per_user_cap": 844.42358, "ac_share_cap": 0.71371561706663245, "kwh_pc_overall": 602.67828299913958, "kwh_cap": 4718190.3046875 }, "geometry": { "type": "Polygon", "coordinates": [ [ [ 23.750533951, 38.004245361 ], [ 23.750689079, 38.004160068 ], [ 23.750863873, 38.004047778 ], [ 23.751174916, 38.003854661 ], [ 23.751734938, 38.003504344 ], [ 23.751749661, 38.00336017 ], [ 23.751750052, 38.003356361 ], [ 23.75179456, 38.002923142 ], [ 23.751797499, 38.00289611 ], [ 23.75186797, 38.00258081 ], [ 23.751880347, 38.002287919 ], [ 23.751880357, 38.002194727 ], [ 23.751880408, 38.001681447 ], [ 23.751879677, 38.001681272 ], [ 23.7518038, 38.001663026 ], [ 23.751789695, 38.001659634 ], [ 23.751771673, 38.001655301 ], [ 23.751626677, 38.001620434 ], [ 23.751500907, 38.001589639 ], [ 23.751482302, 38.001585083 ], [ 23.75144103, 38.001574978 ], [ 23.751155813, 38.001502272 ], [ 23.750936726, 38.001364637 ], [ 23.750683781, 38.001203849 ], [ 23.750441347, 38.00097347 ], [ 23.7504401, 38.000972285 ], [ 23.750431877, 38.000964474 ], [ 23.750405471, 38.000909708 ], [ 23.750403601, 38.000905831 ], [ 23.750376364, 38.000540753 ], [ 23.750352565, 38.000374842 ], [ 23.75034031, 38.000256773 ], [ 23.75026935, 38.000215019 ], [ 23.750228516, 38.00015572 ], [ 23.750214835, 38.000018053 ], [ 23.750256743, 37.999918689 ], [ 23.750354348, 37.999683073 ], [ 23.750096717, 37.999261673 ], [ 23.749747464, 37.99925983 ], [ 23.749458053, 37.999258302 ], [ 23.749071848, 37.999256262 ], [ 23.748673991, 37.998959882 ], [ 23.748505714, 37.998833343 ], [ 23.7480793, 37.998525994 ], [ 23.748000841, 37.998467242 ], [ 23.74785174, 37.998354262 ], [ 23.747303234, 37.997947507 ], [ 23.746965994, 37.997689916 ], [ 23.746732731, 37.997522677 ], [ 23.746387519, 37.997264019 ], [ 23.746087338, 37.997039098 ], [ 23.746058675, 37.997011798 ], [ 23.745942503, 37.996901149 ], [ 23.745840552, 37.99690651 ], [ 23.74569309, 37.996814337 ], [ 23.745351415, 37.99668692 ], [ 23.745198996, 37.996610517 ], [ 23.745052206, 37.996563356 ], [ 23.744295498, 37.996371833 ], [ 23.744146871, 37.996357908 ], [ 23.743820138, 37.996321596 ], [ 23.743473611, 37.996307172 ], [ 23.742807755, 37.996374036 ], [ 23.742513369, 37.996386911 ], [ 23.742151084, 37.996377104 ], [ 23.742038071, 37.997007308 ], [ 23.741972795, 37.997386151 ], [ 23.741920162, 37.997678953 ], [ 23.74165256, 37.997867635 ], [ 23.741453807, 37.998011403 ], [ 23.741002802, 37.998330367 ], [ 23.741376367, 37.998678183 ], [ 23.741654153, 37.998935659 ], [ 23.742102959, 37.999346728 ], [ 23.742320803, 37.999545488 ], [ 23.742329899, 37.999553986 ], [ 23.742644709, 37.999848127 ], [ 23.742728084, 37.999924919 ], [ 23.743124382, 38.000290804 ], [ 23.74343169, 38.000572507 ], [ 23.743656582, 38.000778659 ], [ 23.744601103, 38.001636932 ], [ 23.745253921, 38.002246714 ], [ 23.745349001, 38.002337048 ], [ 23.745716587, 38.002675825 ], [ 23.746132785, 38.003059769 ], [ 23.746384001, 38.003290138 ], [ 23.746703807, 38.003552199 ], [ 23.74667446, 38.00358497 ], [ 23.746889321, 38.00367132 ], [ 23.747775426, 38.004027427 ], [ 23.748328462, 38.004249675 ], [ 23.74839249, 38.004280537 ], [ 23.748425008, 38.004309582 ], [ 23.748504552, 38.004380631 ], [ 23.748548671, 38.004366682 ], [ 23.748640693, 38.004335965 ], [ 23.748930069, 38.004353082 ], [ 23.749232142, 38.004377785 ], [ 23.749730719, 38.004410392 ], [ 23.749775244, 38.004401474 ], [ 23.750237944, 38.004307823 ], [ 23.750533951, 38.004245361 ] ] ] } },
{ "type": "Feature", "properties": { "zone_id": 35, "year": 2050, "kwh_per_user_cap": 1131.9917, "ac_share_cap": 0.61796891414686461, "kwh_pc_overall": 699.53570348200856, "kwh_cap": 14787263.8984375 }, "geometry": { "type": "Polygon", "coordinates": [ [ [ 23.736979577, 37.960771048 ], [ 23.737164068, 37.960445292 ], [ 23.737190263, 37.960382261 ], [ 23.737214768, 37.960326331 ], [ 23.737013595, 37.96018614 ], [ 23.736699995, 37.959967723 ], [ 23.736698336, 37.959966568 ], [ 23.736598483, 37.95990962 ], [ 23.736593024, 37.959906507 ], [ 23.736201022, 37.959682941 ], [ 23.736016778, 37.959591492 ], [ 23.735682506, 37.959473828 ], [ 23.735461349, 37.959395981 ], [ 23.734933552, 37.959253781 ], [ 23.734268352, 37.959074559 ], [ 23.734208258, 37.958956031 ], [ 23.733644237, 37.958810549 ], [ 23.733564298, 37.958790263 ], [ 23.733497324, 37.958773266 ], [ 23.73291964, 37.958626664 ], [ 23.732909614, 37.958624119 ], [ 23.73289388, 37.958620176 ], [ 23.732322149, 37.958476858 ], [ 23.732111528, 37.958424061 ], [ 23.732111369, 37.958424021 ], [ 23.731637951, 37.958310281 ], [ 23.731560517, 37.958278559 ], [ 23.730863152, 37.958101949 ], [ 23.730806357, 37.958087565 ], [ 23.730747321, 37.958077479 ], [ 23.730674442, 37.958065027 ], [ 23.730672686, 37.958064727 ], [ 23.730552906, 37.958037414 ], [ 23.730042935, 37.957901052 ], [ 23.729683322, 37.957796578 ], [ 23.729645309, 37.957782971 ], [ 23.728606533, 37.957411051 ], [ 23.728241398, 37.957261495 ], [ 23.728061686, 37.95718447 ], [ 23.727962605, 37.957139177 ], [ 23.727853583, 37.957089354 ], [ 23.727489651, 37.956903747 ], [ 23.726749784, 37.95650997 ], [ 23.726353251, 37.956292739 ], [ 23.726306396, 37.956265591 ], [ 23.726181419, 37.95620221 ], [ 23.72613492, 37.956175063 ], [ 23.725622305, 37.955894469 ], [ 23.725555665, 37.955831224 ], [ 23.725520367, 37.9558114 ], [ 23.725475087, 37.955785971 ], [ 23.725065969, 37.955508321 ], [ 23.725063839, 37.955510117 ], [ 23.724920033, 37.955631455 ], [ 23.724269461, 37.956193239 ], [ 23.724150908, 37.956314635 ], [ 23.724125907, 37.956337549 ], [ 23.723792893, 37.956642766 ], [ 23.723432434, 37.95695737 ], [ 23.723388546, 37.956993319 ], [ 23.72322666, 37.957096586 ], [ 23.722982535, 37.957312321 ], [ 23.72212143, 37.958040335 ], [ 23.721967196, 37.958188683 ], [ 23.721505355, 37.958593171 ], [ 23.720471247, 37.959437931 ], [ 23.720382373, 37.95954185 ], [ 23.720338314, 37.959593369 ], [ 23.720394008, 37.959636643 ], [ 23.722415007, 37.961206884 ], [ 23.722508799, 37.961279754 ], [ 23.722711082, 37.961437254 ], [ 23.723904058, 37.962366971 ], [ 23.724575788, 37.962890381 ], [ 23.724576082, 37.962890609 ], [ 23.724647093, 37.962945843 ], [ 23.726316258, 37.96424412 ], [ 23.72750208, 37.965166322 ], [ 23.728659863, 37.966066685 ], [ 23.730290944, 37.967335056 ], [ 23.73147035, 37.968252151 ], [ 23.731602889, 37.968385399 ], [ 23.731602912, 37.968385434 ], [ 23.731618467, 37.968410681 ], [ 23.731698728, 37.96839584 ], [ 23.731903917, 37.968324205 ], [ 23.733289598, 37.967655895 ], [ 23.733346668, 37.967615466 ], [ 23.733485493, 37.96730033 ], [ 23.733487831, 37.9672379 ], [ 23.733487855, 37.967237245 ], [ 23.733490451, 37.967167913 ], [ 23.733490461, 37.967167643 ], [ 23.733492403, 37.967115799 ], [ 23.733493761, 37.967079533 ], [ 23.733461308, 37.96700285 ], [ 23.733496045, 37.966939839 ], [ 23.733398022, 37.966696269 ], [ 23.733254624, 37.966407532 ], [ 23.733247397, 37.966339919 ], [ 23.733243134, 37.966141625 ], [ 23.733301599, 37.965911929 ], [ 23.733349919, 37.965830923 ], [ 23.733497325, 37.965601429 ], [ 23.733778936, 37.965151422 ], [ 23.734037339, 37.964723894 ], [ 23.7343171, 37.964291908 ], [ 23.734342133, 37.964255913 ], [ 23.734505106, 37.963850701 ], [ 23.734678847, 37.963418474 ], [ 23.734848996, 37.962995252 ], [ 23.735037465, 37.9625225 ], [ 23.735233077, 37.962040751 ], [ 23.735251754, 37.961991222 ], [ 23.735632658, 37.961721692 ], [ 23.736354759, 37.96114548 ], [ 23.736372336, 37.961110266 ], [ 23.736430924, 37.961062695 ], [ 23.736577676, 37.96094354 ], [ 23.736780885, 37.96075908 ], [ 23.736816343, 37.960726894 ], [ 23.736979577, 37.960771048 ] ] ] } },
{ "type": "Feature", "properties": { "zone_id": 36, "year": 2050, "kwh_per_user_cap": 1239.5537, "ac_share_cap": 0.50596165599397402, "kwh_pc_overall": 627.16662898896448, "kwh_cap": 13282086.7421875 }, "geometry": { "type": "Polygon", "coordinates": [ [ [ 23.724764782, 38.014931153 ], [ 23.725232294, 38.014909714 ], [ 23.725660646, 38.014888182 ], [ 23.726248875, 38.014858008 ], [ 23.726337891, 38.014853709 ], [ 23.726409107, 38.014849368 ], [ 23.726961024, 38.014819106 ], [ 23.727397206, 38.014797586 ], [ 23.728052733, 38.014763053 ], [ 23.72840634, 38.014736831 ], [ 23.728468993, 38.013772606 ], [ 23.728557552, 38.012889142 ], [ 23.728626346, 38.012374727 ], [ 23.728516519, 38.012257836 ], [ 23.728523819, 38.012223184 ], [ 23.728537241, 38.01215947 ], [ 23.728509851, 38.011958959 ], [ 23.728499602, 38.011883929 ], [ 23.728484901, 38.011776305 ], [ 23.728483491, 38.011766675 ], [ 23.728398117, 38.011183778 ], [ 23.728398051, 38.01118332 ], [ 23.728391146, 38.011136179 ], [ 23.728321174, 38.010707908 ], [ 23.72819215, 38.009882938 ], [ 23.728039257, 38.008967783 ], [ 23.727919579, 38.008247673 ], [ 23.727916917, 38.008234086 ], [ 23.727885563, 38.008079629 ], [ 23.727870608, 38.008007855 ], [ 23.727834839, 38.007836202 ], [ 23.727633726, 38.007159775 ], [ 23.727476608, 38.006812418 ], [ 23.727307644, 38.006492071 ], [ 23.727209678, 38.0063206 ], [ 23.726790592, 38.005701262 ], [ 23.726652038, 38.0054965 ], [ 23.726644664, 38.005485602 ], [ 23.726600676, 38.005444942 ], [ 23.726259739, 38.005043079 ], [ 23.725948199, 38.00468184 ], [ 23.725551588, 38.004225768 ], [ 23.72521168, 38.003837423 ], [ 23.724432989, 38.002947838 ], [ 23.724255049, 38.002749138 ], [ 23.723986055, 38.002437565 ], [ 23.723525313, 38.001909232 ], [ 23.723181595, 38.001403706 ], [ 23.723217968, 38.001398561 ], [ 23.723269887, 38.001391218 ], [ 23.723314394, 38.001384923 ], [ 23.72336963, 38.00137711 ], [ 23.723583293, 38.001350573 ], [ 23.723488913, 38.000417524 ], [ 23.723368162, 37.999114886 ], [ 23.723251737, 37.997893373 ], [ 23.723188536, 37.997284859 ], [ 23.723154027, 37.996901732 ], [ 23.723137907, 37.996706054 ], [ 23.723137689, 37.996703411 ], [ 23.722220508, 37.996796283 ], [ 23.722220419, 37.996796292 ], [ 23.722128289, 37.996804678 ], [ 23.721792613, 37.996817404 ], [ 23.721719295, 37.996817231 ], [ 23.721298371, 37.996784689 ], [ 23.72078644, 37.996738666 ], [ 23.720783537, 37.996738404 ], [ 23.720725759, 37.99714842 ], [ 23.72065221, 37.997675427 ], [ 23.72061654, 37.997977272 ], [ 23.720563248, 37.998538693 ], [ 23.720539627, 37.999050105 ], [ 23.72055063, 37.999218889 ], [ 23.720503194, 37.999333433 ], [ 23.720557028, 37.999648463 ], [ 23.720564825, 37.999694093 ], [ 23.720610839, 38.000007711 ], [ 23.720659628, 38.000340233 ], [ 23.720730516, 38.000823381 ], [ 23.720788473, 38.00121838 ], [ 23.720856606, 38.001682736 ], [ 23.720939698, 38.002249025 ], [ 23.721092331, 38.003289244 ], [ 23.721164805, 38.00380183 ], [ 23.721211352, 38.004301991 ], [ 23.721286786, 38.005112514 ], [ 23.72132444, 38.005509167 ], [ 23.721368653, 38.005898878 ], [ 23.721424182, 38.006712615 ], [ 23.721461849, 38.007388666 ], [ 23.721449847, 38.007748138 ], [ 23.721422415, 38.007885266 ], [ 23.721353608, 38.008524024 ], [ 23.721061778, 38.009467636 ], [ 23.721441434, 38.009432201 ], [ 23.721213185, 38.009979261 ], [ 23.720917336, 38.010550873 ], [ 23.720754812, 38.010883961 ], [ 23.720548602, 38.011284541 ], [ 23.72042088, 38.011545609 ], [ 23.720290175, 38.011748087 ], [ 23.720044434, 38.012268182 ], [ 23.719797739, 38.012811464 ], [ 23.719725208, 38.0130333 ], [ 23.719753219, 38.013184351 ], [ 23.719852694, 38.013485829 ], [ 23.719810954, 38.013547646 ], [ 23.719796932, 38.013671147 ], [ 23.719665424, 38.013896154 ], [ 23.719300912, 38.01438598 ], [ 23.719274367, 38.01442165 ], [ 23.719052814, 38.014719364 ], [ 23.719108954, 38.014841171 ], [ 23.719167862, 38.014960392 ], [ 23.719173603, 38.014972011 ], [ 23.719224189, 38.014963119 ], [ 23.719412617, 38.01493653 ], [ 23.719519061, 38.014936784 ], [ 23.720500856, 38.014952641 ], [ 23.722005971, 38.014969728 ], [ 23.722142692, 38.014965544 ], [ 23.722653891, 38.014971258 ], [ 23.72361148, 38.014987031 ], [ 23.723694105, 38.014978213 ], [ 23.724268078, 38.014952521 ], [ 23.724764782, 38.014931153 ] ] ] } },
{ "type": "Feature", "properties": { "zone_id": 37, "year": 2050, "kwh_per_user_cap": 985.00519, "ac_share_cap": 0.39914828681826947, "kwh_pc_overall": 393.16314845241038, "kwh_cap": 751239.26953125 }, "geometry": { "type": "Polygon", "coordinates": [ [ [ 23.721302344, 37.994802461 ], [ 23.721446981, 37.994757153 ], [ 23.721406039, 37.994572293 ], [ 23.721326716, 37.994184553 ], [ 23.721226499, 37.99367509 ], [ 23.721192338, 37.99348574 ], [ 23.721139611, 37.992935831 ], [ 23.721110908, 37.992872186 ], [ 23.721105024, 37.99285914 ], [ 23.721120602, 37.99269244 ], [ 23.72103472, 37.992282696 ], [ 23.721034222, 37.992279266 ], [ 23.721034061, 37.992278158 ], [ 23.721023525, 37.99220101 ], [ 23.721037797, 37.992097396 ], [ 23.720991568, 37.991993638 ], [ 23.720823664, 37.991742964 ], [ 23.720674129, 37.991519711 ], [ 23.720452682, 37.991073049 ], [ 23.720407149, 37.9909738 ], [ 23.720325911, 37.990811375 ], [ 23.720302027, 37.990703229 ], [ 23.72027413, 37.990576918 ], [ 23.720308558, 37.990503332 ], [ 23.720322568, 37.990473386 ], [ 23.720295593, 37.990360661 ], [ 23.720180323, 37.989882706 ], [ 23.72007757, 37.989403459 ], [ 23.719866703, 37.988419927 ], [ 23.719839962, 37.988295201 ], [ 23.719884658, 37.988041078 ], [ 23.719998236, 37.987860475 ], [ 23.720033799, 37.987803925 ], [ 23.720006334, 37.987719209 ], [ 23.720006002, 37.987719177 ], [ 23.720005763, 37.987719154 ], [ 23.719290228, 37.987649906 ], [ 23.718867951, 37.987622315 ], [ 23.71842391, 37.987254627 ], [ 23.718309152, 37.987183344 ], [ 23.718253208, 37.987106572 ], [ 23.7182148, 37.987053863 ], [ 23.718042337, 37.986984193 ], [ 23.71801476, 37.987005693 ], [ 23.717973002, 37.987049045 ], [ 23.717951196, 37.987071685 ], [ 23.717912466, 37.987105468 ], [ 23.717906889, 37.987110332 ], [ 23.717878318, 37.987135254 ], [ 23.717778145, 37.987222633 ], [ 23.71784716, 37.987281433 ], [ 23.717876277, 37.987306778 ], [ 23.717904265, 37.987331141 ], [ 23.717952151, 37.987371813 ], [ 23.718355158, 37.987701748 ], [ 23.718322795, 37.987821968 ], [ 23.718209675, 37.98824217 ], [ 23.718434499, 37.988265241 ], [ 23.718690631, 37.98931585 ], [ 23.718860988, 37.989936103 ], [ 23.718922685, 37.990150093 ], [ 23.719035697, 37.990564954 ], [ 23.719051149, 37.990619068 ], [ 23.719146948, 37.990975304 ], [ 23.719258608, 37.991372135 ], [ 23.719616723, 37.992657319 ], [ 23.719746551, 37.993144322 ], [ 23.71983285, 37.993473496 ], [ 23.719908254, 37.993766593 ], [ 23.719955518, 37.994627432 ], [ 23.719992252, 37.995262924 ], [ 23.720018639, 37.995718135 ], [ 23.720040673, 37.996101233 ], [ 23.720056391, 37.996367149 ], [ 23.720093855, 37.996998137 ], [ 23.72012671, 37.997624607 ], [ 23.720146391, 37.997971648 ], [ 23.720158094, 37.998169958 ], [ 23.720189139, 37.998710801 ], [ 23.720262894, 37.999233695 ], [ 23.720262915, 37.999233847 ], [ 23.72030287, 37.999250431 ], [ 23.720433206, 37.999304531 ], [ 23.720455384, 37.999313736 ], [ 23.720503194, 37.999333433 ], [ 23.72055063, 37.999218889 ], [ 23.720539627, 37.999050105 ], [ 23.720563248, 37.998538693 ], [ 23.72061654, 37.997977272 ], [ 23.72065221, 37.997675427 ], [ 23.720725759, 37.99714842 ], [ 23.720783537, 37.996738404 ], [ 23.720872024, 37.996116728 ], [ 23.720967748, 37.995463525 ], [ 23.721061382, 37.994786284 ], [ 23.721302344, 37.994802461 ] ] ] } },
{ "type": "Feature", "properties": { "zone_id": 38, "year": 2050, "kwh_per_user_cap": 841.34418, "ac_share_cap": 0.91339057369604748, "kwh_pc_overall": 768.47583045830606, "kwh_cap": 9378498.353515625 }, "geometry": { "type": "Polygon", "coordinates": [ [ [ 23.7456293, 37.973790946 ], [ 23.746393354, 37.974345708 ], [ 23.746418356, 37.974278278 ], [ 23.746453577, 37.974183287 ], [ 23.746501942, 37.974053025 ], [ 23.746550153, 37.973923174 ], [ 23.746550543, 37.973922123 ], [ 23.746901413, 37.973890225 ], [ 23.747914084, 37.973789859 ], [ 23.748681453, 37.973714892 ], [ 23.749443499, 37.973635401 ], [ 23.75023755, 37.973560481 ], [ 23.750237262, 37.973558604 ], [ 23.750173532, 37.973144298 ], [ 23.750110393, 37.97273383 ], [ 23.750025604, 37.972182611 ], [ 23.75046492, 37.971702843 ], [ 23.750958315, 37.971164007 ], [ 23.751223333, 37.970874425 ], [ 23.751638955, 37.97041608 ], [ 23.751664717, 37.970387669 ], [ 23.752257835, 37.969733572 ], [ 23.752617866, 37.969320959 ], [ 23.752761272, 37.969156608 ], [ 23.752436519, 37.968973067 ], [ 23.75230336, 37.968896177 ], [ 23.752044142, 37.968746919 ], [ 23.751986256, 37.968715251 ], [ 23.751540621, 37.968457444 ], [ 23.751311879, 37.968324562 ], [ 23.751011194, 37.968149887 ], [ 23.750466845, 37.967837789 ], [ 23.750130635, 37.967733427 ], [ 23.750136321, 37.967660658 ], [ 23.749843562, 37.967517853 ], [ 23.749710861, 37.967485017 ], [ 23.749628087, 37.967351608 ], [ 23.749499261, 37.967276934 ], [ 23.748975173, 37.966973885 ], [ 23.748648495, 37.966788423 ], [ 23.74835258, 37.966617943 ], [ 23.748157299, 37.96650497 ], [ 23.747609732, 37.966188187 ], [ 23.746996995, 37.965833696 ], [ 23.74665878, 37.965657022 ], [ 23.746278241, 37.965458237 ], [ 23.746192009, 37.965413191 ], [ 23.746191475, 37.96557626 ], [ 23.746191178, 37.965667392 ], [ 23.746271692, 37.965800848 ], [ 23.746358088, 37.965853878 ], [ 23.746300469, 37.965913631 ], [ 23.745793186, 37.966448812 ], [ 23.745357919, 37.966907528 ], [ 23.744840927, 37.967438168 ], [ 23.744388865, 37.967914869 ], [ 23.744391989, 37.967937408 ], [ 23.744414536, 37.968104195 ], [ 23.744297163, 37.968094927 ], [ 23.744190032, 37.96806681 ], [ 23.744021062, 37.968022463 ], [ 23.743881637, 37.967985869 ], [ 23.743827655, 37.967958713 ], [ 23.743212447, 37.967656979 ], [ 23.743212419, 37.967656966 ], [ 23.742921261, 37.967515104 ], [ 23.742909846, 37.967595673 ], [ 23.742908318, 37.967606459 ], [ 23.742819476, 37.968233472 ], [ 23.74281905, 37.968236478 ], [ 23.742816576, 37.968253932 ], [ 23.742806756, 37.968489222 ], [ 23.742722188, 37.968861688 ], [ 23.74270307, 37.968901474 ], [ 23.74267975, 37.968925092 ], [ 23.742128583, 37.969248349 ], [ 23.741721033, 37.969482231 ], [ 23.741713975, 37.969486281 ], [ 23.741664765, 37.969513864 ], [ 23.741432702, 37.969643938 ], [ 23.741369611, 37.969679301 ], [ 23.74135165, 37.969698535 ], [ 23.741348857, 37.969701526 ], [ 23.741287696, 37.969767017 ], [ 23.741264616, 37.969791731 ], [ 23.741016809, 37.969636118 ], [ 23.740972226, 37.969608121 ], [ 23.74096926, 37.969606259 ], [ 23.740911743, 37.969570139 ], [ 23.740841041, 37.969656027 ], [ 23.740748811, 37.969768064 ], [ 23.740692501, 37.969835979 ], [ 23.740602535, 37.969944485 ], [ 23.740526383, 37.970036328 ], [ 23.740476547, 37.970096433 ], [ 23.740426727, 37.970070455 ], [ 23.740198832, 37.969951614 ], [ 23.740135353, 37.970017211 ], [ 23.740080515, 37.97007388 ], [ 23.739733933, 37.970197446 ], [ 23.739678875, 37.970297461 ], [ 23.739679305, 37.970300088 ], [ 23.739800081, 37.971036785 ], [ 23.739810974, 37.971101276 ], [ 23.740174738, 37.97325478 ], [ 23.740342291, 37.974273605 ], [ 23.740464543, 37.975021943 ], [ 23.740563295, 37.975620367 ], [ 23.740563483, 37.975621517 ], [ 23.741176118, 37.975541751 ], [ 23.742030811, 37.975430967 ], [ 23.742584702, 37.975360078 ], [ 23.742752522, 37.975346111 ], [ 23.743006817, 37.975324949 ], [ 23.743006616, 37.975323712 ], [ 23.74300492, 37.975313292 ], [ 23.74297233, 37.975113071 ], [ 23.742792848, 37.974035641 ], [ 23.742613245, 37.972994261 ], [ 23.743500206, 37.972906069 ], [ 23.743683504, 37.972888443 ], [ 23.744148768, 37.972839196 ], [ 23.744189918, 37.97283484 ], [ 23.7456293, 37.973790946 ] ] ] } },
{ "type": "Feature", "properties": { "zone_id": 39, "year": 2050, "kwh_per_user_cap": 840.22784, "ac_share_cap": 0.57231313069860335, "kwh_pc_overall": 480.87341465348709, "kwh_cap": 8872393.552734375 }, "geometry": { "type": "Polygon", "coordinates": [ [ [ 23.731065182, 38.016040786 ], [ 23.731398047, 38.016041547 ], [ 23.731702464, 38.016033229 ], [ 23.731735929, 38.016033305 ], [ 23.732568658, 38.016026189 ], [ 23.733540212, 38.016023888 ], [ 23.73450376, 38.01587285 ], [ 23.73538178, 38.015744143 ], [ 23.735386022, 38.015745293 ], [ 23.735499148, 38.015775952 ], [ 23.73631519, 38.015755253 ], [ 23.737324146, 38.016145061 ], [ 23.737835563, 38.016092126 ], [ 23.739308546, 38.015942183 ], [ 23.740120508, 38.015867371 ], [ 23.740941724, 38.015792574 ], [ 23.74238377, 38.015629005 ], [ 23.743624216, 38.015492017 ], [ 23.7445135, 38.015394812 ], [ 23.744718065, 38.015332166 ], [ 23.744808598, 38.015300818 ], [ 23.745060744, 38.015170679 ], [ 23.745044371, 38.015066996 ], [ 23.745018589, 38.01490471 ], [ 23.744834971, 38.014928809 ], [ 23.744108972, 38.013979709 ], [ 23.743409898, 38.013116641 ], [ 23.743378287, 38.013048208 ], [ 23.743394232, 38.01259334 ], [ 23.743432453, 38.011502982 ], [ 23.743451707, 38.01095369 ], [ 23.743429709, 38.010840991 ], [ 23.743416117, 38.010676853 ], [ 23.743369915, 38.010118887 ], [ 23.743309253, 38.009573427 ], [ 23.742901952, 38.009560009 ], [ 23.742517799, 38.009473547 ], [ 23.742371683, 38.00941915 ], [ 23.741946783, 38.009263329 ], [ 23.741375421, 38.009136283 ], [ 23.740865275, 38.00907808 ], [ 23.740296434, 38.009090124 ], [ 23.740216252, 38.00810405 ], [ 23.740215524, 38.008095091 ], [ 23.740212506, 38.008057971 ], [ 23.740176321, 38.008059565 ], [ 23.739627913, 38.008083717 ], [ 23.738842862, 38.008122534 ], [ 23.738085931, 38.008161408 ], [ 23.737680203, 38.008182301 ], [ 23.737666522, 38.008183005 ], [ 23.737636265, 38.008182938 ], [ 23.736975832, 38.008213007 ], [ 23.736469566, 38.008234406 ], [ 23.736053359, 38.008256005 ], [ 23.735098184, 38.008285402 ], [ 23.735096971, 38.008325957 ], [ 23.735095756, 38.008366512 ], [ 23.735096642, 38.008812648 ], [ 23.73441169, 38.008829129 ], [ 23.73380756, 38.008841283 ], [ 23.733152186, 38.00884881 ], [ 23.732377528, 38.008865075 ], [ 23.732375381, 38.008903843 ], [ 23.732374956, 38.008911519 ], [ 23.732344808, 38.009455745 ], [ 23.732344464, 38.009461943 ], [ 23.732341336, 38.009518422 ], [ 23.731841094, 38.009544321 ], [ 23.731380042, 38.009561295 ], [ 23.731332629, 38.010457961 ], [ 23.731298804, 38.010849942 ], [ 23.731240805, 38.011232854 ], [ 23.731165027, 38.011804994 ], [ 23.731083792, 38.012408667 ], [ 23.731046265, 38.012449139 ], [ 23.73026059, 38.012352705 ], [ 23.728813038, 38.012237062 ], [ 23.728811723, 38.012259625 ], [ 23.728803398, 38.012402578 ], [ 23.728930582, 38.013133761 ], [ 23.729039908, 38.013800961 ], [ 23.729060407, 38.013841566 ], [ 23.729086568, 38.013891196 ], [ 23.729214318, 38.014680111 ], [ 23.729203505, 38.014716138 ], [ 23.729190879, 38.014761173 ], [ 23.729205077, 38.014869359 ], [ 23.729339561, 38.015473527 ], [ 23.729627344, 38.016213239 ], [ 23.729690721, 38.016308019 ], [ 23.730691634, 38.01606697 ], [ 23.730826302, 38.01604024 ], [ 23.731065182, 38.016040786 ] ] ] } },
{ "type": "Feature", "properties": { "zone_id": 40, "year": 2050, "kwh_per_user_cap": 1139.5693, "ac_share_cap": 0.85632336725424252, "kwh_pc_overall": 975.83984114743885, "kwh_cap": 2892282.04296875 }, "geometry": { "type": "Polygon", "coordinates": [ [ [ 23.737713335, 37.994740474 ], [ 23.737847915, 37.994727255 ], [ 23.738284416, 37.994782304 ], [ 23.738513277, 37.994778307 ], [ 23.738725459, 37.994760753 ], [ 23.73894238, 37.994711664 ], [ 23.739159379, 37.994640042 ], [ 23.7394125, 37.99451893 ], [ 23.739617733, 37.994352647 ], [ 23.739780225, 37.994195282 ], [ 23.739906913, 37.99399728 ], [ 23.739972987, 37.993830688 ], [ 23.740003328, 37.993704576 ], [ 23.740021245, 37.993569423 ], [ 23.740009037, 37.993398152 ], [ 23.739972952, 37.993235841 ], [ 23.739972869, 37.993235648 ], [ 23.739876231, 37.993010306 ], [ 23.739876211, 37.993010273 ], [ 23.739803702, 37.992892972 ], [ 23.740099248, 37.99274492 ], [ 23.740394586, 37.99265995 ], [ 23.740352057, 37.992531598 ], [ 23.740339298, 37.99249309 ], [ 23.740339174, 37.99249293 ], [ 23.740334557, 37.992486942 ], [ 23.740259232, 37.992389266 ], [ 23.740259194, 37.992389125 ], [ 23.740169671, 37.992051086 ], [ 23.740035115, 37.991555083 ], [ 23.739911821, 37.991095155 ], [ 23.739875982, 37.990964389 ], [ 23.739868604, 37.990937335 ], [ 23.739856307, 37.990892243 ], [ 23.739757965, 37.990522499 ], [ 23.739752892, 37.990346737 ], [ 23.739752426, 37.990346813 ], [ 23.738614468, 37.990533483 ], [ 23.738260528, 37.990586773 ], [ 23.737963303, 37.990628377 ], [ 23.737690117, 37.990666618 ], [ 23.736588095, 37.99082188 ], [ 23.7365865, 37.990822144 ], [ 23.735831733, 37.990946894 ], [ 23.735592802, 37.990986384 ], [ 23.735592761, 37.990986391 ], [ 23.735301911, 37.991033812 ], [ 23.735156585, 37.991057505 ], [ 23.734694078, 37.991134732 ], [ 23.734677272, 37.991137541 ], [ 23.73408085, 37.991234044 ], [ 23.734072978, 37.991235317 ], [ 23.733033883, 37.991404208 ], [ 23.732299944, 37.991528719 ], [ 23.731898257, 37.991595401 ], [ 23.731363419, 37.991675296 ], [ 23.731343805, 37.991677077 ], [ 23.731338724, 37.991677539 ], [ 23.731169751, 37.991692879 ], [ 23.731271512, 37.992089677 ], [ 23.731369715, 37.992486466 ], [ 23.73147041, 37.992883261 ], [ 23.731916174, 37.994691353 ], [ 23.732005924, 37.99506559 ], [ 23.732141982, 37.995624696 ], [ 23.732223251, 37.995617276 ], [ 23.732239573, 37.995615785 ], [ 23.732334593, 37.995607109 ], [ 23.733230528, 37.995478458 ], [ 23.733490486, 37.99543849 ], [ 23.733581098, 37.995380111 ], [ 23.733910059, 37.995326967 ], [ 23.735699269, 37.995037896 ], [ 23.735768448, 37.995026379 ], [ 23.735769225, 37.99502625 ], [ 23.736108439, 37.994969778 ], [ 23.736428088, 37.99491739 ], [ 23.736615557, 37.994886733 ], [ 23.737641863, 37.994722289 ], [ 23.737713335, 37.994740474 ] ] ] } },
{ "type": "Feature", "properties": { "zone_id": 41, "year": 2050, "kwh_per_user_cap": 1140.1427, "ac_share_cap": 0.97979998639685262, "kwh_pc_overall": 1117.111809008006, "kwh_cap": 1164921.82421875 }, "geometry": { "type": "Polygon", "coordinates": [ [ [ 23.784996835, 37.999725879 ], [ 23.784148123, 37.999057374 ], [ 23.783755844, 37.998723452 ], [ 23.782933191, 37.998023168 ], [ 23.782034715, 37.997345543 ], [ 23.78155303, 37.997628554 ], [ 23.78104458, 37.997934045 ], [ 23.780532924, 37.998239528 ], [ 23.780028395, 37.998540516 ], [ 23.779067395, 37.999117067 ], [ 23.782341654, 38.003367353 ], [ 23.787116272, 38.001000544 ], [ 23.785217446, 37.999870487 ], [ 23.784996835, 37.999725879 ] ] ] } },
{ "type": "Feature", "properties": { "zone_id": 42, "year": 2050, "kwh_per_user_cap": 1118.6787, "ac_share_cap": 0.42487972891508047, "kwh_pc_overall": 475.30389398175032, "kwh_cap": 9449581.6484375 }, "geometry": { "type": "Polygon", "coordinates": [ [ [ 23.731240805, 38.011232854 ], [ 23.731298804, 38.010849942 ], [ 23.731332629, 38.010457961 ], [ 23.731380042, 38.009561295 ], [ 23.731841094, 38.009544321 ], [ 23.732341336, 38.009518422 ], [ 23.732344464, 38.009461943 ], [ 23.732344808, 38.009455745 ], [ 23.732374956, 38.008911519 ], [ 23.732375381, 38.008903843 ], [ 23.732377528, 38.008865075 ], [ 23.733152186, 38.00884881 ], [ 23.73380756, 38.008841283 ], [ 23.73441169, 38.008829129 ], [ 23.735096642, 38.008812648 ], [ 23.735095756, 38.008366512 ], [ 23.735096971, 38.008325957 ], [ 23.735098184, 38.008285402 ], [ 23.735096148, 38.007861795 ], [ 23.735093902, 38.007496771 ], [ 23.73509088, 38.007050629 ], [ 23.735086951, 38.006658563 ], [ 23.735085803, 38.006581951 ], [ 23.734952809, 38.005950754 ], [ 23.734897735, 38.005725309 ], [ 23.734801034, 38.005296982 ], [ 23.734772639, 38.005175245 ], [ 23.734701906, 38.004850624 ], [ 23.734666555, 38.004683807 ], [ 23.734558322, 38.004194835 ], [ 23.7344281, 38.003786493 ], [ 23.734292168, 38.003380608 ], [ 23.734138281, 38.002920607 ], [ 23.734117507, 38.00285747 ], [ 23.733984372, 38.002762534 ], [ 23.733968872, 38.002717435 ], [ 23.733726204, 38.002004872 ], [ 23.733831416, 38.001946527 ], [ 23.733709536, 38.00149561 ], [ 23.733554365, 38.000900412 ], [ 23.733358918, 38.000124865 ], [ 23.733222424, 37.999975844 ], [ 23.733022874, 37.999155224 ], [ 23.731791078, 37.999332678 ], [ 23.731152527, 37.999434867 ], [ 23.730570243, 37.99952817 ], [ 23.729862251, 37.999639206 ], [ 23.729201966, 37.999745842 ], [ 23.72857234, 37.999839025 ], [ 23.727519695, 37.999998755 ], [ 23.727519263, 37.999998821 ], [ 23.727356861, 38.000025483 ], [ 23.726125594, 38.000148802 ], [ 23.725539857, 38.000210526 ], [ 23.724996508, 38.000263334 ], [ 23.724275821, 38.000338256 ], [ 23.723488913, 38.000417524 ], [ 23.723583293, 38.001350573 ], [ 23.72336963, 38.00137711 ], [ 23.723314394, 38.001384923 ], [ 23.723269887, 38.001391218 ], [ 23.723217968, 38.001398561 ], [ 23.723181595, 38.001403706 ], [ 23.723525313, 38.001909232 ], [ 23.723986055, 38.002437565 ], [ 23.724255049, 38.002749138 ], [ 23.724432989, 38.002947838 ], [ 23.72521168, 38.003837423 ], [ 23.725551588, 38.004225768 ], [ 23.725948199, 38.00468184 ], [ 23.726259739, 38.005043079 ], [ 23.726600676, 38.005444942 ], [ 23.726644664, 38.005485602 ], [ 23.726652038, 38.0054965 ], [ 23.726790592, 38.005701262 ], [ 23.727209678, 38.0063206 ], [ 23.727307644, 38.006492071 ], [ 23.727476608, 38.006812418 ], [ 23.727633726, 38.007159775 ], [ 23.727834839, 38.007836202 ], [ 23.727870608, 38.008007855 ], [ 23.727885563, 38.008079629 ], [ 23.727916917, 38.008234086 ], [ 23.727919579, 38.008247673 ], [ 23.728039257, 38.008967783 ], [ 23.72819215, 38.009882938 ], [ 23.728321174, 38.010707908 ], [ 23.728391146, 38.011136179 ], [ 23.728398051, 38.01118332 ], [ 23.728398117, 38.011183778 ], [ 23.728483491, 38.011766675 ], [ 23.728484901, 38.011776305 ], [ 23.728499602, 38.011883929 ], [ 23.728509851, 38.011958959 ], [ 23.728537241, 38.01215947 ], [ 23.728523819, 38.012223184 ], [ 23.728516519, 38.012257836 ], [ 23.728692312, 38.012241772 ], [ 23.728776483, 38.012238489 ], [ 23.728813038, 38.012237062 ], [ 23.73026059, 38.012352705 ], [ 23.731046265, 38.012449139 ], [ 23.731083792, 38.012408667 ], [ 23.731165027, 38.011804994 ], [ 23.731240805, 38.011232854 ] ] ] } },
{ "type": "Feature", "properties": { "zone_id": 43, "year": 2050, "kwh_per_user_cap": 875.10083, "ac_share_cap": 0.52768516577668556, "kwh_pc_overall": 461.77774137533538, "kwh_cap": 8003876.6953125 }, "geometry": { "type": "Polygon", "coordinates": [ [ [ 23.73222685, 37.995971883 ], [ 23.732143315, 37.995630147 ], [ 23.732142071, 37.995625058 ], [ 23.732141982, 37.995624696 ], [ 23.732005924, 37.99506559 ], [ 23.731916174, 37.994691353 ], [ 23.73147041, 37.992883261 ], [ 23.731369715, 37.992486466 ], [ 23.731271512, 37.992089677 ], [ 23.731169751, 37.991692879 ], [ 23.73113758, 37.991560491 ], [ 23.731131229, 37.99153436 ], [ 23.731082095, 37.991332165 ], [ 23.730769858, 37.991381497 ], [ 23.729845021, 37.991527613 ], [ 23.729059471, 37.991651986 ], [ 23.728644985, 37.99171412 ], [ 23.727911069, 37.991829592 ], [ 23.727111259, 37.991958425 ], [ 23.726950648, 37.991962361 ], [ 23.726946355, 37.991962466 ], [ 23.726943951, 37.991962525 ], [ 23.726943306, 37.991962541 ], [ 23.726943263, 37.991962542 ], [ 23.726044477, 37.992005516 ], [ 23.725073427, 37.992052821 ], [ 23.724330196, 37.992087133 ], [ 23.723333944, 37.992116338 ], [ 23.723105259, 37.992169877 ], [ 23.722298626, 37.992217546 ], [ 23.72187432, 37.992239076 ], [ 23.721556237, 37.992253871 ], [ 23.721443733, 37.992259105 ], [ 23.721345509, 37.992263673 ], [ 23.721321165, 37.992264805 ], [ 23.721218339, 37.992269588 ], [ 23.721034676, 37.99227813 ], [ 23.721034061, 37.992278158 ], [ 23.721034222, 37.992279266 ], [ 23.72103472, 37.992282696 ], [ 23.721120602, 37.99269244 ], [ 23.721105024, 37.99285914 ], [ 23.721110908, 37.992872186 ], [ 23.721139611, 37.992935831 ], [ 23.721192338, 37.99348574 ], [ 23.721226499, 37.99367509 ], [ 23.721326716, 37.994184553 ], [ 23.721406039, 37.994572293 ], [ 23.721446981, 37.994757153 ], [ 23.721302344, 37.994802461 ], [ 23.721061382, 37.994786284 ], [ 23.720967748, 37.995463525 ], [ 23.720872024, 37.996116728 ], [ 23.720783537, 37.996738404 ], [ 23.72078644, 37.996738666 ], [ 23.721298371, 37.996784689 ], [ 23.721719295, 37.996817231 ], [ 23.721792613, 37.996817404 ], [ 23.722128289, 37.996804678 ], [ 23.722220419, 37.996796292 ], [ 23.722220508, 37.996796283 ], [ 23.723137689, 37.996703411 ], [ 23.723137907, 37.996706054 ], [ 23.723154027, 37.996901732 ], [ 23.723188536, 37.997284859 ], [ 23.723251737, 37.997893373 ], [ 23.723368162, 37.999114886 ], [ 23.723488913, 38.000417524 ], [ 23.724275821, 38.000338256 ], [ 23.724996508, 38.000263334 ], [ 23.725539857, 38.000210526 ], [ 23.726125594, 38.000148802 ], [ 23.727356861, 38.000025483 ], [ 23.727519263, 37.999998821 ], [ 23.727519695, 37.999998755 ], [ 23.72857234, 37.999839025 ], [ 23.729201966, 37.999745842 ], [ 23.729862251, 37.999639206 ], [ 23.730570243, 37.99952817 ], [ 23.731152527, 37.999434867 ], [ 23.731791078, 37.999332678 ], [ 23.733022874, 37.999155224 ], [ 23.732882565, 37.998587097 ], [ 23.732746801, 37.998041512 ], [ 23.73242648, 37.996765467 ], [ 23.732322282, 37.99635064 ], [ 23.73222685, 37.995971883 ] ] ] } },
{ "type": "Feature", "properties": { "zone_id": 44, "year": 2050, "kwh_per_user_cap": 1054.7979, "ac_share_cap": 0.70235812766551686, "kwh_pc_overall": 740.84582808978621, "kwh_cap": 7926687.828125 }, "geometry": { "type": "Polygon", "coordinates": [ [ [ 23.75488373, 37.999941965 ], [ 23.755138355, 37.999931191 ], [ 23.755152513, 37.999930592 ], [ 23.75537271, 37.999921273 ], [ 23.755592539, 37.99991197 ], [ 23.755596436, 37.999911805 ], [ 23.755731261, 37.999826464 ], [ 23.755744732, 37.999814623 ], [ 23.755753547, 37.999810745 ], [ 23.756013587, 37.999696364 ], [ 23.756727877, 37.999391407 ], [ 23.757217082, 37.999342847 ], [ 23.757347988, 37.999365649 ], [ 23.757717499, 37.999456539 ], [ 23.758084862, 37.999574462 ], [ 23.758152684, 37.999665312 ], [ 23.75828332, 37.999813711 ], [ 23.758295581, 37.999827711 ], [ 23.758312463, 37.999846985 ], [ 23.75845819, 38.000013369 ], [ 23.758531797, 38.000149902 ], [ 23.758898601, 38.001090562 ], [ 23.758945255, 38.001078851 ], [ 23.759118863, 38.00103527 ], [ 23.759203565, 38.000960228 ], [ 23.759315399, 38.000829771 ], [ 23.759428575, 38.000801287 ], [ 23.75944239, 38.000744409 ], [ 23.759428681, 38.000473996 ], [ 23.759492172, 38.000541722 ], [ 23.759561558, 38.000330062 ], [ 23.759700517, 37.999740005 ], [ 23.759761257, 37.999433494 ], [ 23.759794246, 37.999267023 ], [ 23.759685444, 37.99907982 ], [ 23.7593782, 37.998551027 ], [ 23.759118094, 37.998103385 ], [ 23.758892117, 37.997714477 ], [ 23.758670308, 37.997393146 ], [ 23.758684852, 37.997216245 ], [ 23.758740717, 37.996536736 ], [ 23.758748612, 37.996308672 ], [ 23.758690785, 37.996090313 ], [ 23.758557589, 37.995587358 ], [ 23.758477559, 37.995285158 ], [ 23.758528035, 37.994950005 ], [ 23.75879693, 37.994704485 ], [ 23.758563396, 37.994505723 ], [ 23.758188703, 37.994157959 ], [ 23.758171265, 37.994140646 ], [ 23.758170154, 37.994139544 ], [ 23.758076408, 37.994046468 ], [ 23.757933996, 37.993905075 ], [ 23.75759647, 37.993512322 ], [ 23.757464596, 37.993354325 ], [ 23.757423593, 37.993160464 ], [ 23.757359903, 37.993047672 ], [ 23.757033764, 37.993223984 ], [ 23.756887139, 37.993303562 ], [ 23.756522759, 37.993501091 ], [ 23.756098139, 37.993725532 ], [ 23.755448926, 37.994062166 ], [ 23.754929452, 37.994340483 ], [ 23.754807523, 37.994403319 ], [ 23.754601452, 37.994511043 ], [ 23.754499236, 37.994565249 ], [ 23.754127352, 37.994497395 ], [ 23.753668267, 37.994429506 ], [ 23.753261518, 37.994370817 ], [ 23.753049648, 37.994340246 ], [ 23.752966377, 37.994328231 ], [ 23.752684791, 37.994287599 ], [ 23.75230278, 37.994232477 ], [ 23.752075144, 37.994199628 ], [ 23.75188319, 37.994171929 ], [ 23.751767015, 37.994198659 ], [ 23.751511608, 37.994249691 ], [ 23.751499196, 37.994252168 ], [ 23.751028376, 37.994345809 ], [ 23.750593488, 37.994438681 ], [ 23.750325679, 37.994493032 ], [ 23.75014725, 37.994528704 ], [ 23.750316621, 37.995065328 ], [ 23.750346893, 37.995164533 ], [ 23.75040462, 37.995353926 ], [ 23.750348497, 37.995418788 ], [ 23.750295642, 37.995479874 ], [ 23.749978, 37.995425122 ], [ 23.749777147, 37.995460746 ], [ 23.749298613, 37.995621959 ], [ 23.749202285, 37.995650879 ], [ 23.749119764, 37.995675654 ], [ 23.748615462, 37.995877366 ], [ 23.748307994, 37.995997743 ], [ 23.748196873, 37.996041247 ], [ 23.747676734, 37.996244883 ], [ 23.747240513, 37.99641519 ], [ 23.746655072, 37.996632372 ], [ 23.746508074, 37.99670124 ], [ 23.746327638, 37.996775889 ], [ 23.745942503, 37.996901149 ], [ 23.746058675, 37.997011798 ], [ 23.746087338, 37.997039098 ], [ 23.746387519, 37.997264019 ], [ 23.746732731, 37.997522677 ], [ 23.746965994, 37.997689916 ], [ 23.747303234, 37.997947507 ], [ 23.74785174, 37.998354262 ], [ 23.748000841, 37.998467242 ], [ 23.7480793, 37.998525994 ], [ 23.748505714, 37.998833343 ], [ 23.748673991, 37.998959882 ], [ 23.749071848, 37.999256262 ], [ 23.749458053, 37.999258302 ], [ 23.749747464, 37.99925983 ], [ 23.750096717, 37.999261673 ], [ 23.750354348, 37.999683073 ], [ 23.750256743, 37.999918689 ], [ 23.750214835, 38.000018053 ], [ 23.750228516, 38.00015572 ], [ 23.75026935, 38.000215019 ], [ 23.75034031, 38.000256773 ], [ 23.750352565, 38.000374842 ], [ 23.750376364, 38.000540753 ], [ 23.750403601, 38.000905831 ], [ 23.750405471, 38.000909708 ], [ 23.750431877, 38.000964474 ], [ 23.7504401, 38.000972285 ], [ 23.750441347, 38.00097347 ], [ 23.750683781, 38.001203849 ], [ 23.750936726, 38.001364637 ], [ 23.751155813, 38.001502272 ], [ 23.75144103, 38.001574978 ], [ 23.751482302, 38.001585083 ], [ 23.751500907, 38.001589639 ], [ 23.751626677, 38.001620434 ], [ 23.751771673, 38.001655301 ], [ 23.751789695, 38.001659634 ], [ 23.7518038, 38.001663026 ], [ 23.751879677, 38.001681272 ], [ 23.751880408, 38.001681447 ], [ 23.751880408, 38.001681186 ], [ 23.751880413, 38.001634489 ], [ 23.752643621, 38.000446402 ], [ 23.752957584, 38.000163209 ], [ 23.753278093, 38.000027784 ], [ 23.753909273, 37.999883132 ], [ 23.754226701, 37.999881324 ], [ 23.75488373, 37.999941965 ] ] ] } },
{ "type": "Feature", "properties": { "zone_id": 45, "year": 2050, "kwh_per_user_cap": 1032.1786, "ac_share_cap": 0.78172296094385252, "kwh_pc_overall": 806.87768519324027, "kwh_cap": 5669032.87109375 }, "geometry": { "type": "Polygon", "coordinates": [ [ [ 23.741471269, 38.032467411 ], [ 23.741667202, 38.03254445 ], [ 23.742327764, 38.032376957 ], [ 23.743982402, 38.03195467 ], [ 23.743800525, 38.03155057 ], [ 23.743751083, 38.031440445 ], [ 23.743582344, 38.031064559 ], [ 23.743350617, 38.030551805 ], [ 23.743012822, 38.029803006 ], [ 23.7425223, 38.02874293 ], [ 23.742506212, 38.028632165 ], [ 23.742459617, 38.028311379 ], [ 23.742441979, 38.028189951 ], [ 23.742399803, 38.02821485 ], [ 23.742293393, 38.028277671 ], [ 23.742178304, 38.028345614 ], [ 23.742152409, 38.028280467 ], [ 23.742031772, 38.027976966 ], [ 23.742000194, 38.027935912 ], [ 23.741891609, 38.027794744 ], [ 23.74152074, 38.027482854 ], [ 23.741306936, 38.027248584 ], [ 23.739996379, 38.02643431 ], [ 23.739903266, 38.026465943 ], [ 23.739642364, 38.026297471 ], [ 23.739464132, 38.026182381 ], [ 23.739343044, 38.026104191 ], [ 23.73930442, 38.026079099 ], [ 23.739301495, 38.026077199 ], [ 23.739143584, 38.025974615 ], [ 23.739208717, 38.025948444 ], [ 23.73921975, 38.025944011 ], [ 23.739261869, 38.025927087 ], [ 23.739412995, 38.025866364 ], [ 23.739349766, 38.025826076 ], [ 23.739287306, 38.025786279 ], [ 23.738911176, 38.025546615 ], [ 23.738092467, 38.025033396 ], [ 23.73729933, 38.024527792 ], [ 23.737291376, 38.024522721 ], [ 23.737282935, 38.024517143 ], [ 23.736770522, 38.02417854 ], [ 23.7365824, 38.024054227 ], [ 23.736380965, 38.023921116 ], [ 23.736194244, 38.023797727 ], [ 23.736084392, 38.023725134 ], [ 23.735924335, 38.023628677 ], [ 23.735815289, 38.02356296 ], [ 23.735695746, 38.023490917 ], [ 23.735673658, 38.023502541 ], [ 23.735658998, 38.023510256 ], [ 23.735570966, 38.023556584 ], [ 23.735496561, 38.023595739 ], [ 23.735456011, 38.023616992 ], [ 23.735065546, 38.023782849 ], [ 23.734818434, 38.02388594 ], [ 23.734522463, 38.024011451 ], [ 23.73402288, 38.024222123 ], [ 23.733552165, 38.024423845 ], [ 23.733492641, 38.024441736 ], [ 23.733244196, 38.024616922 ], [ 23.73302752, 38.024769647 ], [ 23.732343173, 38.025263795 ], [ 23.732237695, 38.025335039 ], [ 23.732163148, 38.025385391 ], [ 23.732104984, 38.025424676 ], [ 23.732057734, 38.02545659 ], [ 23.732003462, 38.025493247 ], [ 23.731988879, 38.025503097 ], [ 23.731984102, 38.025506323 ], [ 23.731973702, 38.025513994 ], [ 23.731832578, 38.025618103 ], [ 23.73166743, 38.025739933 ], [ 23.731481211, 38.025859222 ], [ 23.731370838, 38.025929925 ], [ 23.731292395, 38.025964396 ], [ 23.73129526, 38.025978103 ], [ 23.731304644, 38.026023008 ], [ 23.731354689, 38.026050147 ], [ 23.731402041, 38.026075825 ], [ 23.731563341, 38.026163297 ], [ 23.731709064, 38.026239004 ], [ 23.731720219, 38.0262448 ], [ 23.731766581, 38.026268886 ], [ 23.731850848, 38.026312664 ], [ 23.731949634, 38.026366966 ], [ 23.731980981, 38.026351596 ], [ 23.732042753, 38.026321307 ], [ 23.732105153, 38.026290711 ], [ 23.732556584, 38.026598174 ], [ 23.732872708, 38.026729413 ], [ 23.732884022, 38.02673411 ], [ 23.733217901, 38.026861047 ], [ 23.733620322, 38.027037709 ], [ 23.734193149, 38.027215275 ], [ 23.7342061, 38.02721929 ], [ 23.734627495, 38.027269812 ], [ 23.734674587, 38.027269491 ], [ 23.735620222, 38.027263036 ], [ 23.73593111, 38.027250215 ], [ 23.736058466, 38.027282046 ], [ 23.736439291, 38.027526245 ], [ 23.73656092, 38.027666216 ], [ 23.736680528, 38.027972919 ], [ 23.736691809, 38.028004489 ], [ 23.7368227, 38.028342761 ], [ 23.736992844, 38.028956012 ], [ 23.737133259, 38.029422519 ], [ 23.737144862, 38.029461068 ], [ 23.7371655, 38.029488834 ], [ 23.737311237, 38.029684906 ], [ 23.737431805, 38.029847114 ], [ 23.737560895, 38.03002079 ], [ 23.737774654, 38.030301511 ], [ 23.737777444, 38.030305176 ], [ 23.737786886, 38.030318673 ], [ 23.738030041, 38.03066625 ], [ 23.738058373, 38.030698568 ], [ 23.738152747, 38.030806221 ], [ 23.738165257, 38.030816011 ], [ 23.738343932, 38.030955818 ], [ 23.73835522, 38.03096465 ], [ 23.738435754, 38.031027665 ], [ 23.738844985, 38.031402605 ], [ 23.740034401, 38.032482268 ], [ 23.740065798, 38.032519671 ], [ 23.740095038, 38.032554504 ], [ 23.740152224, 38.032595188 ], [ 23.740226519, 38.032631404 ], [ 23.740296264, 38.032645077 ], [ 23.740348742, 38.03265102 ], [ 23.74037742, 38.032654269 ], [ 23.740475375, 38.032645472 ], [ 23.740524801, 38.032637355 ], [ 23.740545805, 38.032633907 ], [ 23.740583688, 38.032627686 ], [ 23.740687405, 38.032600876 ], [ 23.740790053, 38.032574064 ], [ 23.741059815, 38.032516075 ], [ 23.741230611, 38.03247326 ], [ 23.741255837, 38.032466937 ], [ 23.741360118, 38.032459218 ], [ 23.741374089, 38.032458184 ], [ 23.741471269, 38.032467411 ] ] ] } },
{ "type": "Feature", "properties": { "zone_id": 46, "year": 2050, "kwh_per_user_cap": 1051.0807, "ac_share_cap": 0.65459078284523076, "kwh_pc_overall": 688.027707349499, "kwh_cap": 3943473.5859375 }, "geometry": { "type": "Polygon", "coordinates": [ [ [ 23.752231617, 37.964299412 ], [ 23.752221576, 37.96430002 ], [ 23.751179061, 37.964362728 ], [ 23.751059531, 37.964405716 ], [ 23.750711694, 37.96441245 ], [ 23.750675628, 37.964399552 ], [ 23.75020797, 37.964114751 ], [ 23.749719168, 37.963817067 ], [ 23.749155941, 37.963515677 ], [ 23.748725091, 37.96328512 ], [ 23.748301141, 37.963072683 ], [ 23.747660347, 37.96269091 ], [ 23.746603392, 37.962065789 ], [ 23.746512574, 37.962166654 ], [ 23.74629126, 37.962416619 ], [ 23.745853234, 37.962898926 ], [ 23.745496741, 37.963294844 ], [ 23.74517991, 37.963648984 ], [ 23.74495528, 37.963902752 ], [ 23.74481205, 37.964062779 ], [ 23.744617108, 37.964271735 ], [ 23.744610656, 37.964278651 ], [ 23.744555412, 37.964340252 ], [ 23.744473515, 37.964431573 ], [ 23.745066621, 37.964767631 ], [ 23.745207146, 37.964847252 ], [ 23.745345216, 37.964925174 ], [ 23.745493374, 37.965008789 ], [ 23.745504625, 37.965015139 ], [ 23.746192009, 37.965413191 ], [ 23.746278241, 37.965458237 ], [ 23.74665878, 37.965657022 ], [ 23.746996995, 37.965833696 ], [ 23.747609732, 37.966188187 ], [ 23.748157299, 37.96650497 ], [ 23.74835258, 37.966617943 ], [ 23.748648495, 37.966788423 ], [ 23.748975173, 37.966973885 ], [ 23.749499261, 37.967276934 ], [ 23.749628087, 37.967351608 ], [ 23.749710861, 37.967485017 ], [ 23.749843562, 37.967517853 ], [ 23.750136321, 37.967660658 ], [ 23.750130635, 37.967733427 ], [ 23.750466845, 37.967837789 ], [ 23.751011194, 37.968149887 ], [ 23.751311879, 37.968324562 ], [ 23.751540621, 37.968457444 ], [ 23.751986256, 37.968715251 ], [ 23.752044142, 37.968746919 ], [ 23.75230336, 37.968896177 ], [ 23.752436519, 37.968973067 ], [ 23.752761272, 37.969156608 ], [ 23.753459714, 37.96835392 ], [ 23.754109683, 37.967631776 ], [ 23.75512678, 37.966536416 ], [ 23.755771267, 37.965852557 ], [ 23.755379183, 37.965634391 ], [ 23.755010084, 37.965429013 ], [ 23.754596326, 37.965198782 ], [ 23.754000085, 37.964867005 ], [ 23.752905736, 37.964258042 ], [ 23.752231617, 37.964299412 ] ] ] } },
{ "type": "Feature", "properties": { "zone_id": 47, "year": 2050, "kwh_per_user_cap": 1187.101, "ac_share_cap": 0.80011886162316059, "kwh_pc_overall": 949.82183930740337, "kwh_cap": 15223810.6015625 }, "geometry": { "type": "Polygon", "coordinates": [ [ [ 23.750492261, 38.028945209 ], [ 23.75110435, 38.028710336 ], [ 23.751250745, 38.02862719 ], [ 23.751528584, 38.028469391 ], [ 23.752193419, 38.028187023 ], [ 23.752812744, 38.02792398 ], [ 23.752066173, 38.026906806 ], [ 23.751490446, 38.026089565 ], [ 23.751086938, 38.025504498 ], [ 23.750752553, 38.025047393 ], [ 23.750329199, 38.024454075 ], [ 23.749749528, 38.023641665 ], [ 23.749157735, 38.022824009 ], [ 23.749101734, 38.022747707 ], [ 23.74850102, 38.021929216 ], [ 23.748268102, 38.02157889 ], [ 23.7482355, 38.021529854 ], [ 23.747959948, 38.021130226 ], [ 23.747673266, 38.020730756 ], [ 23.7473682, 38.020301157 ], [ 23.747085448, 38.019900162 ], [ 23.747002069, 38.019781914 ], [ 23.74580748, 38.020318241 ], [ 23.745191471, 38.020595008 ], [ 23.744606745, 38.020860129 ], [ 23.744160743, 38.021062349 ], [ 23.743782982, 38.021233626 ], [ 23.743308282, 38.021448852 ], [ 23.742965614, 38.021604213 ], [ 23.742279968, 38.021915072 ], [ 23.741470567, 38.022282029 ], [ 23.741168562, 38.022418948 ], [ 23.740661599, 38.022648783 ], [ 23.740482271, 38.022730081 ], [ 23.739960833, 38.022968149 ], [ 23.740183753, 38.023163374 ], [ 23.740226287, 38.023217545 ], [ 23.74036347, 38.023389091 ], [ 23.74046843, 38.023510995 ], [ 23.740702417, 38.023795415 ], [ 23.741016555, 38.024170138 ], [ 23.74134659, 38.024580946 ], [ 23.74163382, 38.025010813 ], [ 23.74122184, 38.025169529 ], [ 23.740756018, 38.025348985 ], [ 23.740326012, 38.025514641 ], [ 23.739412995, 38.025866364 ], [ 23.739261869, 38.025927087 ], [ 23.73921975, 38.025944011 ], [ 23.739208717, 38.025948444 ], [ 23.739143584, 38.025974615 ], [ 23.739301495, 38.026077199 ], [ 23.73930442, 38.026079099 ], [ 23.739343044, 38.026104191 ], [ 23.739464132, 38.026182381 ], [ 23.739642364, 38.026297471 ], [ 23.739903266, 38.026465943 ], [ 23.739996379, 38.02643431 ], [ 23.741306936, 38.027248584 ], [ 23.74152074, 38.027482854 ], [ 23.741891609, 38.027794744 ], [ 23.742000194, 38.027935912 ], [ 23.742031772, 38.027976966 ], [ 23.742152409, 38.028280467 ], [ 23.742178304, 38.028345614 ], [ 23.742293393, 38.028277671 ], [ 23.742399803, 38.02821485 ], [ 23.742441979, 38.028189951 ], [ 23.742459617, 38.028311379 ], [ 23.742506212, 38.028632165 ], [ 23.7425223, 38.02874293 ], [ 23.743012822, 38.029803006 ], [ 23.743350617, 38.030551805 ], [ 23.743582344, 38.031064559 ], [ 23.743751083, 38.031440445 ], [ 23.743776705, 38.031441923 ], [ 23.743831034, 38.031445058 ], [ 23.743831233, 38.031445065 ], [ 23.744022983, 38.031451295 ], [ 23.744699109, 38.031452986 ], [ 23.745498178, 38.031125997 ], [ 23.745359841, 38.030923862 ], [ 23.745426124, 38.030895963 ], [ 23.746969613, 38.03022986 ], [ 23.747002925, 38.030215484 ], [ 23.747045543, 38.030197091 ], [ 23.747809017, 38.029867596 ], [ 23.747845972, 38.029851647 ], [ 23.747880973, 38.029836542 ], [ 23.748177263, 38.029708669 ], [ 23.748250327, 38.029677135 ], [ 23.748367594, 38.029624414 ], [ 23.748397228, 38.029612086 ], [ 23.748483621, 38.029575416 ], [ 23.748522606, 38.029558814 ], [ 23.748663762, 38.029498702 ], [ 23.749340228, 38.029209733 ], [ 23.749392415, 38.029187441 ], [ 23.749402142, 38.029183286 ], [ 23.749456094, 38.029160239 ], [ 23.749461867, 38.029157772 ], [ 23.749615267, 38.029090255 ], [ 23.750197317, 38.028834071 ], [ 23.750361314, 38.028759061 ], [ 23.750492261, 38.028945209 ] ] ] } },
{ "type": "Feature", "properties": { "zone_id": 48, "year": 2050, "kwh_per_user_cap": 1054.295, "ac_share_cap": 0.47464668664691778, "kwh_pc_overall": 500.41766335092916, "kwh_cap": 7755327.69140625 }, "geometry": { "type": "Polygon", "coordinates": [ [ [ 23.70552039, 37.972172174 ], [ 23.705520357, 37.97217221 ], [ 23.704100787, 37.973687815 ], [ 23.704775028, 37.974311397 ], [ 23.705212006, 37.974667718 ], [ 23.705263439, 37.974709658 ], [ 23.705321837, 37.974757276 ], [ 23.705346015, 37.974776991 ], [ 23.705737997, 37.975071368 ], [ 23.705770046, 37.975095436 ], [ 23.705773483, 37.975098017 ], [ 23.705735778, 37.97511153 ], [ 23.705690978, 37.975127585 ], [ 23.705544787, 37.975179976 ], [ 23.705500282, 37.975195925 ], [ 23.70549876, 37.975196471 ], [ 23.705487774, 37.97521127 ], [ 23.705487175, 37.975212077 ], [ 23.705485174, 37.975214773 ], [ 23.705500739, 37.975226262 ], [ 23.705591994, 37.975293617 ], [ 23.706368356, 37.975866647 ], [ 23.707426303, 37.976799083 ], [ 23.708891554, 37.978043968 ], [ 23.709830649, 37.979026533 ], [ 23.709928205, 37.979137352 ], [ 23.7114256, 37.980838272 ], [ 23.711432085, 37.980845637 ], [ 23.711469552, 37.980888196 ], [ 23.711515219, 37.980940069 ], [ 23.711603037, 37.981097806 ], [ 23.711710429, 37.981255901 ], [ 23.713526885, 37.983260272 ], [ 23.713712365, 37.983468019 ], [ 23.713897847, 37.983675766 ], [ 23.714404861, 37.984131401 ], [ 23.714430835, 37.984154743 ], [ 23.714435027, 37.984158807 ], [ 23.714463451, 37.984186367 ], [ 23.714502623, 37.98422127 ], [ 23.714514164, 37.984231554 ], [ 23.714542449, 37.984257985 ], [ 23.71456735, 37.984281254 ], [ 23.714594783, 37.984304163 ], [ 23.714892384, 37.984552679 ], [ 23.715720163, 37.985243914 ], [ 23.717077559, 37.986409845 ], [ 23.717585339, 37.986884239 ], [ 23.717635367, 37.986913532 ], [ 23.717848092, 37.987038088 ], [ 23.717951196, 37.987071685 ], [ 23.717973002, 37.987049045 ], [ 23.71801476, 37.987005693 ], [ 23.718042337, 37.986984193 ], [ 23.717995463, 37.986942339 ], [ 23.717995225, 37.986942126 ], [ 23.718166521, 37.986741347 ], [ 23.718428784, 37.986368331 ], [ 23.718785547, 37.985892875 ], [ 23.719249816, 37.985180289 ], [ 23.719270208, 37.985058664 ], [ 23.719287414, 37.984932525 ], [ 23.719288314, 37.984928135 ], [ 23.71930772, 37.984833432 ], [ 23.71984221, 37.98408664 ], [ 23.720355947, 37.983366834 ], [ 23.720505157, 37.98315088 ], [ 23.720884028, 37.982615515 ], [ 23.721417029, 37.981877724 ], [ 23.721780841, 37.981369359 ], [ 23.721807206, 37.981331877 ], [ 23.720709209, 37.98084412 ], [ 23.72070908, 37.980844063 ], [ 23.719350884, 37.980240699 ], [ 23.719347198, 37.980239059 ], [ 23.718238579, 37.979746085 ], [ 23.718226623, 37.979740769 ], [ 23.717819044, 37.979559524 ], [ 23.716861993, 37.979133927 ], [ 23.716726608, 37.979073722 ], [ 23.716003611, 37.97854911 ], [ 23.71584833, 37.978433928 ], [ 23.715252712, 37.977992114 ], [ 23.714511846, 37.977653064 ], [ 23.714348415, 37.977578271 ], [ 23.713463176, 37.977157945 ], [ 23.713455697, 37.977154393 ], [ 23.712566212, 37.976732038 ], [ 23.712033378, 37.976473391 ], [ 23.711483396, 37.976155539 ], [ 23.711132297, 37.975911166 ], [ 23.710613718, 37.975574409 ], [ 23.7096031, 37.974902881 ], [ 23.708965871, 37.974451138 ], [ 23.708199728, 37.973905708 ], [ 23.707682626, 37.973548293 ], [ 23.707646823, 37.973523547 ], [ 23.707569692, 37.973473023 ], [ 23.707524658, 37.973443523 ], [ 23.707080781, 37.973134401 ], [ 23.705993271, 37.972415277 ], [ 23.705561206, 37.972129564 ], [ 23.705560646, 37.972129194 ], [ 23.70552039, 37.972172174 ] ] ] } },
{ "type": "Feature", "properties": { "zone_id": 49, "year": 2050, "kwh_per_user_cap": 1147.8287, "ac_share_cap": 0.59664273258109146, "kwh_pc_overall": 684.84369146309075, "kwh_cap": 9907911.5546875 }, "geometry": { "type": "Polygon", "coordinates": [ [ [ 23.721353608, 38.008524024 ], [ 23.721422415, 38.007885266 ], [ 23.721449847, 38.007748138 ], [ 23.721461849, 38.007388666 ], [ 23.721424182, 38.006712615 ], [ 23.721368653, 38.005898878 ], [ 23.72132444, 38.005509167 ], [ 23.721286786, 38.005112514 ], [ 23.721211352, 38.004301991 ], [ 23.721164805, 38.00380183 ], [ 23.721092331, 38.003289244 ], [ 23.720939698, 38.002249025 ], [ 23.720856606, 38.001682736 ], [ 23.720788473, 38.00121838 ], [ 23.720730516, 38.000823381 ], [ 23.720659628, 38.000340233 ], [ 23.720610839, 38.000007711 ], [ 23.720564825, 37.999694093 ], [ 23.720557028, 37.999648463 ], [ 23.720503194, 37.999333433 ], [ 23.720455384, 37.999313736 ], [ 23.720433206, 37.999304531 ], [ 23.72030287, 37.999250431 ], [ 23.720262915, 37.999233847 ], [ 23.720262894, 37.999233695 ], [ 23.720189139, 37.998710801 ], [ 23.720158094, 37.998169958 ], [ 23.719194549, 37.998280322 ], [ 23.718768698, 37.998324368 ], [ 23.718341779, 37.998368411 ], [ 23.717608629, 37.998447768 ], [ 23.716842361, 37.998531548 ], [ 23.716341356, 37.998588924 ], [ 23.715677286, 37.998659423 ], [ 23.71539563, 37.998690287 ], [ 23.715033502, 37.998729968 ], [ 23.714972266, 37.998734326 ], [ 23.714347345, 37.998804912 ], [ 23.713633124, 37.99887921 ], [ 23.71362773, 37.998879771 ], [ 23.713946473, 37.999380759 ], [ 23.714328225, 37.999972027 ], [ 23.714458064, 38.000175131 ], [ 23.714609172, 38.000400819 ], [ 23.714893986, 38.000843138 ], [ 23.715125031, 38.001199704 ], [ 23.715554558, 38.001867693 ], [ 23.715859549, 38.002341604 ], [ 23.715005503, 38.002470223 ], [ 23.714474839, 38.002550051 ], [ 23.715083368, 38.003412252 ], [ 23.715280871, 38.00370114 ], [ 23.715492577, 38.003999076 ], [ 23.715760567, 38.004378262 ], [ 23.715893318, 38.004567852 ], [ 23.715921446, 38.004658048 ], [ 23.715200257, 38.004665317 ], [ 23.714205412, 38.004653891 ], [ 23.713503123, 38.004652182 ], [ 23.713080664, 38.004646646 ], [ 23.712504347, 38.004645238 ], [ 23.71242251, 38.004645741 ], [ 23.710208399, 38.004659323 ], [ 23.709966621, 38.004660803 ], [ 23.709880909, 38.004661328 ], [ 23.711543227, 38.005275615 ], [ 23.711611896, 38.005300989 ], [ 23.711946058, 38.005486962 ], [ 23.711955575, 38.005492259 ], [ 23.712091748, 38.005568043 ], [ 23.712366573, 38.005784145 ], [ 23.712591003, 38.005960619 ], [ 23.712752869, 38.006087897 ], [ 23.712839088, 38.006170005 ], [ 23.713945038, 38.007223204 ], [ 23.714512999, 38.00776406 ], [ 23.714826217, 38.008048724 ], [ 23.715092797, 38.008243145 ], [ 23.715167375, 38.00828839 ], [ 23.715338925, 38.008387946 ], [ 23.717064032, 38.009388025 ], [ 23.717188409, 38.009468518 ], [ 23.717524617, 38.009686099 ], [ 23.717637155, 38.009758928 ], [ 23.717789418, 38.00987646 ], [ 23.717848709, 38.009943454 ], [ 23.717868314, 38.009965607 ], [ 23.717905322, 38.010007424 ], [ 23.718021569, 38.010225892 ], [ 23.718114203, 38.010399982 ], [ 23.718199961, 38.010688837 ], [ 23.718226667, 38.01077879 ], [ 23.718270358, 38.011175458 ], [ 23.718296952, 38.011481958 ], [ 23.718322174, 38.011774934 ], [ 23.718354562, 38.012149043 ], [ 23.718387253, 38.012536673 ], [ 23.718528868, 38.013113831 ], [ 23.718770231, 38.0139526 ], [ 23.718831654, 38.014119269 ], [ 23.718950603, 38.014442027 ], [ 23.718971157, 38.014497796 ], [ 23.719005868, 38.014591981 ], [ 23.719006036, 38.014592436 ], [ 23.719032782, 38.014665008 ], [ 23.719052814, 38.014719364 ], [ 23.719274367, 38.01442165 ], [ 23.719300912, 38.01438598 ], [ 23.719665424, 38.013896154 ], [ 23.719796932, 38.013671147 ], [ 23.719810954, 38.013547646 ], [ 23.719852694, 38.013485829 ], [ 23.719753219, 38.013184351 ], [ 23.719725208, 38.0130333 ], [ 23.719797739, 38.012811464 ], [ 23.720044434, 38.012268182 ], [ 23.720290175, 38.011748087 ], [ 23.72042088, 38.011545609 ], [ 23.720548602, 38.011284541 ], [ 23.720754812, 38.010883961 ], [ 23.720917336, 38.010550873 ], [ 23.721213185, 38.009979261 ], [ 23.721441434, 38.009432201 ], [ 23.721061778, 38.009467636 ], [ 23.721353608, 38.008524024 ] ] ] } },
{ "type": "Feature", "properties": { "zone_id": 50, "year": 2050, "kwh_per_user_cap": 1021.745, "ac_share_cap": 0.87750863808844837, "kwh_pc_overall": 896.59008556964727, "kwh_cap": 6448117.265625 }, "geometry": { "type": "Polygon", "coordinates": [ [ [ 23.73840469, 37.966905953 ], [ 23.73840975, 37.966906885 ], [ 23.738421917, 37.966909127 ], [ 23.73842856, 37.966910351 ], [ 23.738534703, 37.966775394 ], [ 23.738611888, 37.966780072 ], [ 23.739021233, 37.966821538 ], [ 23.739164252, 37.966821856 ], [ 23.739379144, 37.966824722 ], [ 23.739569455, 37.96682726 ], [ 23.739946734, 37.966882171 ], [ 23.740324013, 37.966937082 ], [ 23.740602556, 37.966843061 ], [ 23.740625589, 37.966834641 ], [ 23.740997476, 37.966698679 ], [ 23.741001425, 37.966697236 ], [ 23.741068146, 37.966672842 ], [ 23.741176751, 37.966646043 ], [ 23.742031247, 37.967072175 ], [ 23.742892383, 37.967500732 ], [ 23.742921261, 37.967515104 ], [ 23.743212419, 37.967656966 ], [ 23.743212447, 37.967656979 ], [ 23.743827655, 37.967958713 ], [ 23.743881637, 37.967985869 ], [ 23.744021062, 37.968022463 ], [ 23.744190032, 37.96806681 ], [ 23.744297163, 37.968094927 ], [ 23.744414536, 37.968104195 ], [ 23.744391989, 37.967937408 ], [ 23.744388865, 37.967914869 ], [ 23.744840927, 37.967438168 ], [ 23.745357919, 37.966907528 ], [ 23.745793186, 37.966448812 ], [ 23.746300469, 37.965913631 ], [ 23.746358088, 37.965853878 ], [ 23.746271692, 37.965800848 ], [ 23.746191178, 37.965667392 ], [ 23.746191475, 37.96557626 ], [ 23.746192009, 37.965413191 ], [ 23.745504625, 37.965015139 ], [ 23.745493374, 37.965008789 ], [ 23.745345216, 37.964925174 ], [ 23.745207146, 37.964847252 ], [ 23.745066621, 37.964767631 ], [ 23.744473515, 37.964431573 ], [ 23.744473294, 37.964431447 ], [ 23.744473264, 37.964431429 ], [ 23.744243438, 37.964300386 ], [ 23.743865969, 37.964084706 ], [ 23.743843823, 37.964072052 ], [ 23.74350578, 37.963878897 ], [ 23.743442629, 37.963842812 ], [ 23.743420072, 37.963829923 ], [ 23.742455069, 37.963273522 ], [ 23.742425016, 37.963256496 ], [ 23.741895864, 37.962956712 ], [ 23.741608634, 37.962793983 ], [ 23.741602039, 37.962801412 ], [ 23.740977882, 37.963504614 ], [ 23.740206234, 37.963912999 ], [ 23.739575729, 37.964245082 ], [ 23.738962696, 37.964563681 ], [ 23.738702373, 37.965139928 ], [ 23.738458984, 37.965299134 ], [ 23.738429578, 37.965318369 ], [ 23.738419467, 37.965324982 ], [ 23.737947113, 37.965633956 ], [ 23.737876243, 37.96577411 ], [ 23.737875736, 37.965775112 ], [ 23.737869724, 37.965787003 ], [ 23.737867105, 37.965823049 ], [ 23.737400614, 37.965646257 ], [ 23.736974974, 37.965487581 ], [ 23.736483973, 37.965301718 ], [ 23.73595289, 37.965098074 ], [ 23.735951911, 37.965097698 ], [ 23.735904306, 37.965079444 ], [ 23.735955515, 37.964992768 ], [ 23.735956924, 37.964962002 ], [ 23.735930922, 37.964934868 ], [ 23.73540138, 37.964723897 ], [ 23.735108237, 37.964607108 ], [ 23.734877779, 37.964515291 ], [ 23.7343171, 37.964291908 ], [ 23.734037339, 37.964723894 ], [ 23.733778936, 37.965151422 ], [ 23.733497325, 37.965601429 ], [ 23.733349919, 37.965830923 ], [ 23.733301599, 37.965911929 ], [ 23.733243134, 37.966141625 ], [ 23.733247397, 37.966339919 ], [ 23.733254624, 37.966407532 ], [ 23.733398022, 37.966696269 ], [ 23.733496045, 37.966939839 ], [ 23.733461308, 37.96700285 ], [ 23.733493761, 37.967079533 ], [ 23.733492403, 37.967115799 ], [ 23.733615767, 37.967131166 ], [ 23.73390506, 37.967172122 ], [ 23.734197761, 37.967198293 ], [ 23.734435883, 37.967266428 ], [ 23.734569119, 37.967316299 ], [ 23.734825894, 37.967534608 ], [ 23.735058121, 37.967671003 ], [ 23.735307947, 37.967767136 ], [ 23.735781954, 37.967810806 ], [ 23.736091692, 37.967829925 ], [ 23.736318458, 37.96786728 ], [ 23.736572987, 37.967914873 ], [ 23.736825652, 37.967985864 ], [ 23.7373327, 37.968145899 ], [ 23.737491009, 37.968210733 ], [ 23.737557024, 37.968262239 ], [ 23.73759773, 37.968179189 ], [ 23.737603923, 37.968166554 ], [ 23.737721885, 37.967925886 ], [ 23.737974956, 37.967409557 ], [ 23.738215806, 37.966904711 ], [ 23.738218263, 37.96689956 ], [ 23.738230524, 37.966873859 ], [ 23.73840469, 37.966905953 ] ] ] } },
{ "type": "Feature", "properties": { "zone_id": 51, "year": 2050, "kwh_per_user_cap": 1066.6006, "ac_share_cap": 0.83522021620529741, "kwh_pc_overall": 890.84637318931505, "kwh_cap": 2042912.8515625 }, "geometry": { "type": "Polygon", "coordinates": [ [ [ 23.748196873, 37.996041247 ], [ 23.748307994, 37.995997743 ], [ 23.748284832, 37.995955145 ], [ 23.748257521, 37.995904913 ], [ 23.74811631, 37.995645194 ], [ 23.748060835, 37.995543162 ], [ 23.748041948, 37.995508423 ], [ 23.747785575, 37.995135791 ], [ 23.747385193, 37.995324947 ], [ 23.747333154, 37.995347368 ], [ 23.746724555, 37.995449706 ], [ 23.746613741, 37.995467798 ], [ 23.7465766, 37.995473862 ], [ 23.746269014, 37.995133275 ], [ 23.745969347, 37.994821685 ], [ 23.745874292, 37.994726845 ], [ 23.745551803, 37.994428724 ], [ 23.745115448, 37.994022201 ], [ 23.744998376, 37.993913793 ], [ 23.744942256, 37.993859232 ], [ 23.744751282, 37.993673562 ], [ 23.744710354, 37.993633771 ], [ 23.744292808, 37.993245311 ], [ 23.744024663, 37.993289792 ], [ 23.743425082, 37.99336883 ], [ 23.742946319, 37.993431939 ], [ 23.742819353, 37.993408958 ], [ 23.74219068, 37.993153306 ], [ 23.741080959, 37.992702021 ], [ 23.741079892, 37.992672388 ], [ 23.741078689, 37.992638926 ], [ 23.740866412, 37.992584381 ], [ 23.740531463, 37.992498021 ], [ 23.740259335, 37.992389308 ], [ 23.740259232, 37.992389266 ], [ 23.740334557, 37.992486942 ], [ 23.740339174, 37.99249293 ], [ 23.740339298, 37.99249309 ], [ 23.740352057, 37.992531598 ], [ 23.740394586, 37.99265995 ], [ 23.740099248, 37.99274492 ], [ 23.739803702, 37.992892972 ], [ 23.739876211, 37.993010273 ], [ 23.739876231, 37.993010306 ], [ 23.739972869, 37.993235648 ], [ 23.739972952, 37.993235841 ], [ 23.740009037, 37.993398152 ], [ 23.740021245, 37.993569423 ], [ 23.740003328, 37.993704576 ], [ 23.739972987, 37.993830688 ], [ 23.739906913, 37.99399728 ], [ 23.739780225, 37.994195282 ], [ 23.739617733, 37.994352647 ], [ 23.7394125, 37.99451893 ], [ 23.739159379, 37.994640042 ], [ 23.73894238, 37.994711664 ], [ 23.738725459, 37.994760753 ], [ 23.738513277, 37.994778307 ], [ 23.738284416, 37.994782304 ], [ 23.737847915, 37.994727255 ], [ 23.737713335, 37.994740474 ], [ 23.737641863, 37.994722289 ], [ 23.736615557, 37.994886733 ], [ 23.736428088, 37.99491739 ], [ 23.736108439, 37.994969778 ], [ 23.735769225, 37.99502625 ], [ 23.735768448, 37.995026379 ], [ 23.735699269, 37.995037896 ], [ 23.735699474, 37.995037937 ], [ 23.735777734, 37.995053589 ], [ 23.735798085, 37.995057659 ], [ 23.735995526, 37.995097145 ], [ 23.736508385, 37.995197436 ], [ 23.737335641, 37.995361517 ], [ 23.737835675, 37.995466281 ], [ 23.73799614, 37.995480158 ], [ 23.738280269, 37.995548386 ], [ 23.739508211, 37.995835017 ], [ 23.740186418, 37.995980722 ], [ 23.740810205, 37.996117291 ], [ 23.741555994, 37.996276657 ], [ 23.74209092, 37.996381479 ], [ 23.742151084, 37.996377104 ], [ 23.742513369, 37.996386911 ], [ 23.742807755, 37.996374036 ], [ 23.743473611, 37.996307172 ], [ 23.743820138, 37.996321596 ], [ 23.744146871, 37.996357908 ], [ 23.744295498, 37.996371833 ], [ 23.745052206, 37.996563356 ], [ 23.745198996, 37.996610517 ], [ 23.745351415, 37.99668692 ], [ 23.74569309, 37.996814337 ], [ 23.745840552, 37.99690651 ], [ 23.745942503, 37.996901149 ], [ 23.746327638, 37.996775889 ], [ 23.746508074, 37.99670124 ], [ 23.746655072, 37.996632372 ], [ 23.747240513, 37.99641519 ], [ 23.747676734, 37.996244883 ], [ 23.748196873, 37.996041247 ] ] ] } },
{ "type": "Feature", "properties": { "zone_id": 52, "year": 2050, "kwh_per_user_cap": 1135.8391, "ac_share_cap": 0.8869494779749032, "kwh_pc_overall": 1007.431892057449, "kwh_cap": 9730197.4625244141 }, "geometry": { "type": "Polygon", "coordinates": [ [ [ 23.734861688, 37.977965669 ], [ 23.735512744, 37.977201041 ], [ 23.735787547, 37.976872689 ], [ 23.735615767, 37.976056638 ], [ 23.735628, 37.975918914 ], [ 23.735449525, 37.974992504 ], [ 23.735411678, 37.974893353 ], [ 23.735378933, 37.9748635 ], [ 23.735373807, 37.974858827 ], [ 23.735361886, 37.974801108 ], [ 23.735366398, 37.974800478 ], [ 23.735450726, 37.974788715 ], [ 23.735310481, 37.973993525 ], [ 23.735158951, 37.973583898 ], [ 23.735082196, 37.973409709 ], [ 23.734816047, 37.973086135 ], [ 23.734124157, 37.972318901 ], [ 23.733931587, 37.972076235 ], [ 23.733876644, 37.971987912 ], [ 23.732898272, 37.970875658 ], [ 23.732855338, 37.970826848 ], [ 23.732614749, 37.970634491 ], [ 23.732354005, 37.9705164 ], [ 23.732044628, 37.970428702 ], [ 23.731806706, 37.970265705 ], [ 23.731732356, 37.970157088 ], [ 23.731701871, 37.970053643 ], [ 23.731692482, 37.969936441 ], [ 23.731699564, 37.969692082 ], [ 23.731575084, 37.969676824 ], [ 23.731563144, 37.96967536 ], [ 23.73153556, 37.969672426 ], [ 23.731499932, 37.969668637 ], [ 23.731482699, 37.969666804 ], [ 23.731216744, 37.969638517 ], [ 23.730748006, 37.969587875 ], [ 23.730630166, 37.969577425 ], [ 23.730591512, 37.969573997 ], [ 23.73000291, 37.969514064 ], [ 23.729921113, 37.969504863 ], [ 23.729679653, 37.969472764 ], [ 23.72939584, 37.969445072 ], [ 23.729359345, 37.969542933 ], [ 23.72935823, 37.969545921 ], [ 23.729308525, 37.969679206 ], [ 23.729307483, 37.969682901 ], [ 23.729306975, 37.9696847 ], [ 23.729162365, 37.970197329 ], [ 23.729158543, 37.97021687 ], [ 23.729157163, 37.970223924 ], [ 23.729112967, 37.970449904 ], [ 23.728991551, 37.970798973 ], [ 23.728985659, 37.970815912 ], [ 23.728987851, 37.970824416 ], [ 23.72902705, 37.970976479 ], [ 23.728951538, 37.971070874 ], [ 23.728951439, 37.971097912 ], [ 23.728957882, 37.971377326 ], [ 23.728921493, 37.971598058 ], [ 23.728839411, 37.971859242 ], [ 23.728772364, 37.971998787 ], [ 23.728768328, 37.972060922 ], [ 23.728764972, 37.972112593 ], [ 23.728764451, 37.972120622 ], [ 23.728764329, 37.97212249 ], [ 23.728766513, 37.972138473 ], [ 23.728738763, 37.9722407 ], [ 23.728679627, 37.972357029 ], [ 23.728587181, 37.972490639 ], [ 23.728491442, 37.972590827 ], [ 23.728436914, 37.972640357 ], [ 23.728251588, 37.972759999 ], [ 23.728279701, 37.972794929 ], [ 23.728288294, 37.972805606 ], [ 23.728304687, 37.972825974 ], [ 23.728096931, 37.972903021 ], [ 23.727931413, 37.972953388 ], [ 23.727707088, 37.973015622 ], [ 23.727702036, 37.973017024 ], [ 23.727693262, 37.973019458 ], [ 23.72750498, 37.97306839 ], [ 23.727504709, 37.973067753 ], [ 23.727481453, 37.973012963 ], [ 23.72746477, 37.972973662 ], [ 23.727416837, 37.972946512 ], [ 23.727383712, 37.972936411 ], [ 23.727267925, 37.972901102 ], [ 23.72726587, 37.972901493 ], [ 23.727092001, 37.972934558 ], [ 23.727060521, 37.972939789 ], [ 23.726998759, 37.972950049 ], [ 23.72693402, 37.972958177 ], [ 23.726893037, 37.972963323 ], [ 23.726839704, 37.972996443 ], [ 23.726658923, 37.972984678 ], [ 23.726572575, 37.972987852 ], [ 23.726342589, 37.972870609 ], [ 23.726083036, 37.972816905 ], [ 23.725876719, 37.972799563 ], [ 23.725873619, 37.972799302 ], [ 23.725844928, 37.97279689 ], [ 23.7255393, 37.972807729 ], [ 23.725219079, 37.972752842 ], [ 23.725219094, 37.972753626 ], [ 23.725220466, 37.972826861 ], [ 23.725220507, 37.972829062 ], [ 23.725223989, 37.973014957 ], [ 23.72522404, 37.973040117 ], [ 23.725224065, 37.973052564 ], [ 23.725224668, 37.973351498 ], [ 23.725221622, 37.973351385 ], [ 23.725094462, 37.973346687 ], [ 23.725053673, 37.973345997 ], [ 23.725033806, 37.973345357 ], [ 23.724718482, 37.973335213 ], [ 23.723401775, 37.973288642 ], [ 23.723400449, 37.973289112 ], [ 23.722159552, 37.973729324 ], [ 23.721597222, 37.973928806 ], [ 23.72062439, 37.974643496 ], [ 23.720529546, 37.974713173 ], [ 23.720443419, 37.974776445 ], [ 23.720443257, 37.974776565 ], [ 23.720435486, 37.974782273 ], [ 23.720453116, 37.974822498 ], [ 23.720935702, 37.975923588 ], [ 23.720939564, 37.975937117 ], [ 23.720943444, 37.975946139 ], [ 23.720948391, 37.975955163 ], [ 23.720953322, 37.975968694 ], [ 23.720958607, 37.975982226 ], [ 23.720969925, 37.976000279 ], [ 23.720991545, 37.976022862 ], [ 23.721012486, 37.976036431 ], [ 23.721030599, 37.976045487 ], [ 23.721060113, 37.976050063 ], [ 23.721075735, 37.976059113 ], [ 23.721085308, 37.976068149 ], [ 23.721089188, 37.976077171 ], [ 23.721066094, 37.976221957 ], [ 23.72106404, 37.976234836 ], [ 23.721063505, 37.976236092 ], [ 23.721033282, 37.97630693 ], [ 23.721025627, 37.976324874 ], [ 23.721011399, 37.976343033 ], [ 23.721002125, 37.97635487 ], [ 23.72100081, 37.976356651 ], [ 23.720966898, 37.976423876 ], [ 23.721070046, 37.976433812 ], [ 23.721302667, 37.976456217 ], [ 23.721430758, 37.976596359 ], [ 23.721463175, 37.976631825 ], [ 23.721463745, 37.976632449 ], [ 23.721523683, 37.976698025 ], [ 23.721537368, 37.976712997 ], [ 23.721537956, 37.976713641 ], [ 23.721839663, 37.976530895 ], [ 23.721841808, 37.976529596 ], [ 23.721865715, 37.976556562 ], [ 23.721873041, 37.976564825 ], [ 23.722041993, 37.976755391 ], [ 23.72235773, 37.977061726 ], [ 23.722358529, 37.977062502 ], [ 23.722391197, 37.977094198 ], [ 23.722400568, 37.977140855 ], [ 23.722402035, 37.977148159 ], [ 23.722415646, 37.977215929 ], [ 23.722412958, 37.977216284 ], [ 23.722179621, 37.977246917 ], [ 23.722179676, 37.977247181 ], [ 23.722180526, 37.97725127 ], [ 23.722180708, 37.977252147 ], [ 23.722197332, 37.97733217 ], [ 23.722623901, 37.977637841 ], [ 23.722050755, 37.978111848 ], [ 23.722447393, 37.978329093 ], [ 23.721985494, 37.978636506 ], [ 23.721975093, 37.978643428 ], [ 23.721974422, 37.978642903 ], [ 23.721467408, 37.978245661 ], [ 23.721466215, 37.97824742 ], [ 23.721131771, 37.978740573 ], [ 23.721811726, 37.9793145 ], [ 23.721722802, 37.979399912 ], [ 23.721566862, 37.979611345 ], [ 23.721542799, 37.979669871 ], [ 23.721525905, 37.979714896 ], [ 23.721232608, 37.980115273 ], [ 23.720741456, 37.980799086 ], [ 23.72070908, 37.980844063 ], [ 23.720709209, 37.98084412 ], [ 23.721807206, 37.981331877 ], [ 23.722516723, 37.981647052 ], [ 23.722962568, 37.981845097 ], [ 23.724951678, 37.982719731 ], [ 23.725715874, 37.983050485 ], [ 23.725801838, 37.983091243 ], [ 23.726592307, 37.983440078 ], [ 23.727361806, 37.983784352 ], [ 23.727617822, 37.98390325 ], [ 23.728073715, 37.98411497 ], [ 23.728152389, 37.98410313 ], [ 23.728181395, 37.984098765 ], [ 23.728226729, 37.984091943 ], [ 23.728295976, 37.984081522 ], [ 23.72847593, 37.984054441 ], [ 23.728502345, 37.984050466 ], [ 23.728781543, 37.984008449 ], [ 23.729350167, 37.983919631 ], [ 23.729490456, 37.983897847 ], [ 23.729979317, 37.983821935 ], [ 23.730473517, 37.983240167 ], [ 23.73104324, 37.982569477 ], [ 23.731320165, 37.982243473 ], [ 23.731515953, 37.982012981 ], [ 23.731957532, 37.981493126 ], [ 23.732294313, 37.981096641 ], [ 23.732715616, 37.980600641 ], [ 23.732944884, 37.980330719 ], [ 23.733215416, 37.980012217 ], [ 23.733800382, 37.97932351 ], [ 23.734347325, 37.978679554 ], [ 23.734854151, 37.978082819 ], [ 23.734861688, 37.977965669 ] ] ] } },
{ "type": "Feature", "properties": { "zone_id": 53, "year": 2050, "kwh_per_user_cap": 720.02948, "ac_share_cap": 0.98000000896635353, "kwh_pc_overall": 705.6289117911341, "kwh_cap": 708488.1484375 }, "geometry": { "type": "Polygon", "coordinates": [ [ [ 23.7456293, 37.973790946 ], [ 23.744189918, 37.97283484 ], [ 23.744148768, 37.972839196 ], [ 23.743683504, 37.972888443 ], [ 23.743500206, 37.972906069 ], [ 23.742613245, 37.972994261 ], [ 23.742792848, 37.974035641 ], [ 23.74297233, 37.975113071 ], [ 23.74300492, 37.975313292 ], [ 23.743006616, 37.975323712 ], [ 23.743006817, 37.975324949 ], [ 23.743122131, 37.975316188 ], [ 23.743433909, 37.975393478 ], [ 23.74436892, 37.975616329 ], [ 23.745783355, 37.975949587 ], [ 23.745797417, 37.9759529 ], [ 23.745808377, 37.975923343 ], [ 23.745817985, 37.975897432 ], [ 23.746393354, 37.974345708 ], [ 23.7456293, 37.973790946 ] ] ] } }
]
}
