"URAU_CODE","LABEL","CNTR_CODE","cntr_name","region","lon","lat","pop","inmcc","pls1","pls2","pls3","pls4","pls5","death","excess_total_est","excess_total_low","excess_total_hi","excess_cold_est","excess_cold_low","excess_cold_hi","excess_heat_est","excess_heat_low","excess_heat_hi","rawrate_total_est","af_total_est","rawrate_total_low","af_total_low","rawrate_total_hi","af_total_hi","rawrate_cold_est","af_cold_est","rawrate_cold_low","af_cold_low","rawrate_cold_hi","af_cold_hi","rawrate_heat_est","af_heat_est","rawrate_heat_low","af_heat_low","rawrate_heat_hi","af_heat_hi","stdrate_total_est","stdrate_total_low","stdrate_total_hi","stdrate_cold_est","stdrate_cold_low","stdrate_cold_hi","stdrate_heat_est","stdrate_heat_low","stdrate_heat_hi","age","mmp","mmp_low","mmp_hi","mmt","mmt_low","mmt_hi","rr_cold","rr_cold_low","rr_cold_hi","rr_heat","rr_heat_low","rr_heat_hi"
"AT001C","Vienna","AT","Austria","Western",16.3725042,48.2083537,1315748.08133086,FALSE,0.00586277094161725,-3.10106830545235,-0.34607735070358,1.85788671523996,0.489075319945217,14745.5751459427,794.748053328813,391.992448784674,1181.22331088194,686.381596738176,274.697236665097,1067.75957576295,108.366456590637,53.9138506331265,160.886155804895,60.4027522141577,5.38973926390039,29.7923633214179,2.65837340968372,89.775795810939,8.01069676286553,52.1666424201745,4.65483095738747,20.8776467594956,1.86291300235027,81.1522806617301,7.24122026570624,8.23610979398319,0.734908306512913,4.09758155061062,0.365627315988152,12.2277325034866,1.09108091215528,69.7690052155706,40.6518059160009,95.8209331464943,60.3657768582321,29.720510649081,87.6822127456617,9.40322835733849,6.47194720671837,12.1285763717964,79.6,90,76,92,21.3,17.55,21.88,1.23206344052855,1.11914657577148,1.35637310996608,1.45436892098607,1.26585307087414,1.67095929772443
"AT002C","Graz","AT","Austria","Western",15.4382786,47.0708678,198832.512136508,FALSE,-1.22809105463172,-2.52690009879509,-1.41147605181808,-0.442683027635678,0.41369118542623,2175.2774074745,98.3008958425178,41.1821343876387,155.11277579518,86.6670523009492,28.3360204324567,145.076926789674,11.6338435415686,3.58328706336735,18.8607059736317,49.4390453483933,4.51900504757438,20.7119720739459,1.89319000170425,78.0117769113573,7.13071239843687,43.5879682702233,3.98418390239109,14.2512007357241,1.30263939372013,72.9643885855407,6.66935289683852,5.8510770781699,0.534821145183295,1.80216355205895,0.164727820509456,9.48572533282832,0.867048308819104,52.6530102679312,28.2148567697892,76.0719831169514,46.4419150033778,21.3683044968867,70.9081019355861,6.21109526455339,3.55996979479043,8.48756993400911,80.7238095238095,90,71.95,92,19.5,15.23875,20.09,1.12950358369062,1.0169314341069,1.25453723110682,1.34132661553469,1.17837515234398,1.52681180179582
"AT003C","Linz","AT","Austria","Western",14.286198,48.3059078,148206.287450588,FALSE,-0.832735593979361,-2.00465009779155,-1.16005901577946,-0.113842357508985,0.233591825930226,1713.91261492815,85.4862604048081,39.6686104840671,129.200174158169,73.2709488613651,27.5048350287304,117.030917323529,12.2153115434431,5.21712765370192,18.6835189247104,57.6805895858561,4.98778407138288,26.7658080952149,2.31450601031547,87.1759062187182,7.5383174750473,49.4384888264564,4.27506911514486,18.5584805488771,1.60479798031497,78.964880192783,6.82828962831544,8.24210075939972,0.712714956238021,3.52017970589898,0.304398696191441,12.6064280038993,1.09010919004722,59.5018432595232,36.5721245974145,82.5565890928313,51.01400767417,27.5600606756885,74.7156353217946,8.48783558535318,5.76833576655266,11.2173901229782,80.8285714285714,90,77,92.025,20.04,16.6,20.66307,1.17447492570584,1.07612664330196,1.28181135528738,1.34032235274625,1.17847355453604,1.52439908588235
"AT004C","Salzburg","AT","Austria","Western",13.0464806,47.7981346,115307.315314286,FALSE,-0.988058869025328,-2.53480977856709,-1.51373380181941,-0.749875216031326,0.210817928342176,1225.20013216728,58.1741021261009,20.9747341769054,94.9407963339174,51.1616451947666,13.7508888835303,88.7866540859396,7.01245693133426,3.023186227141,10.5018820187858,50.4513542506297,4.74813057873213,18.190289245514,1.71194351242869,82.3371839636916,7.74900310906554,44.3698173488114,4.17577862191918,11.9254262802411,1.12233818153497,77.0000184671194,7.24670621189727,6.08153690181829,0.57235195681295,2.62185119729906,0.24675040001777,9.10773266220056,0.857156454938414,53.5509486163244,25.9900945907953,80.7977559928633,47.1510932405749,19.9151079890453,74.6797656623508,6.39985537574945,4.14389797481658,8.44287993920424,81.3333333333333,91,76,93,18.8896,15.02,19.44,1.15365734158506,1.03563152948749,1.28513397274777,1.34022171575232,1.16925306141265,1.53618947570168
"AT005C","Innsbruck","AT","Austria","Western",11.3927685,47.2654296,93503.3143627569,FALSE,-1.68613750447089,-3.0870514382749,-1.84626262533196,-2.66234912110223,-0.038478297334772,955.445647980437,36.998862127782,5.02884055200798,70.4848234062227,32.3603095378552,0.386933050178242,66.0924055980928,4.63855258992678,1.44201072715073,7.49033101366364,39.5695728861981,3.87241934755661,5.37824844635776,0.526334550022562,75.3821657409583,7.37716724705473,34.6087299240642,3.38693358499842,0.4138174703381,0.0404976516451896,70.6845592036232,6.91744273866284,4.96084296213392,0.485485762558181,1.542202794605,0.150925458732139,8.01076524903068,0.783962021230224,43.7168098365092,12.1410843442214,78.5602602651165,38.3312164915525,6.86338052081188,73.1181935783765,5.38559334495669,2.87166820201372,7.58344435147966,81.7095238095238,91,60,94,15.1,7.28599999999999,16.12,1.06248304776327,0.951849150673199,1.18597597737617,1.29630581459185,1.11976912211814,1.50067431915428
"AT006C","Klagenfurt","AT","Austria","Western",14.3079604,46.6228162,77562.6788008565,FALSE,-1.94896119235624,-1.96090318326274,-1.1420592663015,-1.4401073513999,0.467382879505872,1013.02646655715,42.4572036670428,16.714228219399,67.6055538110054,36.7889616594219,10.918616245375,62.1582367744144,5.66824200762095,1.75866926952411,9.32594320251622,54.7392177828881,4.19112481940744,21.5493178907771,1.64993006315063,87.1624792441527,6.67362167158064,47.4312674964181,3.63158938822716,14.0771520713057,1.07782141985715,80.1393630743553,6.13589465097237,7.30795028646994,0.559535431180287,2.26741687718074,0.17360546121772,12.0237507867163,0.920602127426266,50.5193052682879,25.7531303841948,73.7106316511973,43.6824195225326,18.1269505473124,68.7818866668001,6.83688574575522,3.90463394355595,9.29324616647046,80.8190476190476,90,67,93,19.244,13.77,20.22,1.11490288495231,1.00601712073598,1.23557384586619,1.33357258741471,1.17017544219036,1.51978565075258
"BE001C","Brussels","BE","Belgium","Western",4.351697,50.8465573,808139.152518311,FALSE,2.69897039731654,-2.64782915229836,0.346347637769787,2.13736767833857,0.880702367090523,8425.04185766818,452.291199689764,250.009635962539,651.431179412489,405.91811371131,198.795483450986,606.900158957125,46.3730859784542,28.3865244642714,63.1367319499897,55.9669950750859,5.36841486761403,30.9364587996341,2.96745868075408,80.6087883977047,7.73208240882007,50.2287399943925,4.8179952167461,24.5991649868098,2.35957858500192,75.0984724680041,7.20352692853087,5.73825508069336,0.55041965086793,3.51257878990441,0.336930367158176,7.81260649892336,0.749393688679717,67.5549404441054,43.3814704036052,90.428165419717,60.7400877089723,36.7151512876673,84.2892247983141,6.81485273513313,5.18362329667848,8.30648284382617,79.8714285714286,92,90,93,19.3052,18.644,19.65,1.37389890480274,1.26248179354652,1.49514884909001,1.43337184474594,1.29449139014507,1.58715219039049
"BE002C","Antwerp","BE","Belgium","Western",4.3997081,51.2211097,369735.14782378,FALSE,2.15277097829443,-1.13017911217497,-0.0404937159974788,0.315774521767951,-0.836448056771439,4660.64658579406,225.080302428578,77.4181555935067,365.768408753675,204.053092258947,56.3993578308682,346.312507970643,21.0272101696309,9.52554904380093,31.4391422444406,60.8760902914898,4.82937932077142,20.9388141888001,1.6611033290849,98.9271403886126,7.84801855323165,55.1889895943029,4.37821423492854,15.2539887437882,1.21011874195261,93.6650221135318,7.43056787498596,5.6871006971868,0.451165085842877,2.57631688517233,0.204382565132387,8.50315216973227,0.674566107206435,55.9315117475353,24.2835391439111,87.5546070125693,50.6004947754584,18.5184038186802,83.3766851000949,5.33101697207694,3.27923542053184,7.20709365241587,80.9380952380952,92,63,93,19.41,13.7,19.8008,1.29747271928769,1.17991905688285,1.42673808637615,1.41155540716623,1.22763675085574,1.62302787539663
"BE003C","Ghent","BE","Belgium","Western",3.7250121,51.0538286,188371.369452497,FALSE,1.5524856851521,-0.761151227748918,-0.295980046351018,-0.55210016980507,-0.652054745500337,2252.02420879948,100.67953278509,32.3413050987115,165.694962508187,92.0093480496933,22.3848171994136,157.121730595669,8.67018473539686,3.22570796635306,13.8807838224854,53.4473646805861,4.47062391210976,17.1689069271577,1.43609935329924,87.9618611839904,7.35760130200895,48.8446563387628,4.085628728598,11.8833436654813,0.993986526074985,83.4106218223845,6.97691125973412,4.6027083418233,0.384995183511762,1.71241944873502,0.143235936529858,7.36883947004792,0.616369209897838,49.7685505554317,19.8659947956358,77.9656123908432,45.401042692737,15.3748773319087,73.4866520576189,4.36750786269462,2.44443986615546,6.21804946821855,80.5285714285714,92,61,93,19.25,13.29,19.5608,1.28150659279564,1.16133767373058,1.41410993936262,1.31578315103041,1.16007897779247,1.49238572000503
"BE004C","Charleroi","BE","Belgium","Western",4.4436244,50.4120332,151383.12774262,FALSE,0.0351945309234305,-0.549927134681758,-0.308290409144782,0.270654843919993,-0.0286373878575753,2286.85489753845,98.9749432746383,52.9011985031327,145.760991927137,86.6345531607195,40.3921880726412,133.370505099866,12.3403901139188,4.82201566866337,19.475540781015,65.3804322519444,4.32799402275911,34.9452407887058,2.3132730703673,96.2861542766893,6.3738627266659,57.2286716839504,3.78837123658226,26.682093754408,1.76627682482692,88.1013010423599,5.83204930244699,8.15176056799393,0.539622786176852,3.18530587957048,0.210857963653651,12.8650669803356,0.85162993078303,65.276158353387,42.359037522757,88.117183392272,57.124961881699,33.1581901452181,80.8118884867833,8.15119647168806,5.26791495229114,11.0239739162638,77.7523809523809,91,67,92,18.6,13.68,18.9552,1.24955466178703,1.15150443402864,1.35595383452503,1.29782983240053,1.17788269623801,1.42999152568281
"BE005C","Liège","BE","Belgium","Western",5.5734203,50.6451381,284429.837605714,FALSE,0.293418306517298,-1.14695593319941,-0.34038367026805,-0.108878786425819,-0.0559010605195984,4217.22219181202,178.961334297053,94.5636208178177,263.270198408206,153.534143832035,69.9231027296873,237.492722698489,25.4271904650187,11.7883094453416,38.1721292102742,62.9193251325254,4.24358324407278,33.2467302354209,2.24232009879438,92.560682319539,6.24273956727631,53.9796194114025,3.64064630339208,24.583603224714,1.65803696246897,83.4978231178786,5.63149656092569,8.93970572112293,0.602936940680694,4.14454037050886,0.279527824458225,13.4205783512733,0.905148637517549,60.3808156874031,40.2814356190943,81.7578619671124,51.6749589907574,30.9738283122747,73.8472731939183,8.70585669664574,5.97667759709018,11.1295030215108,78.6904761904762,91,63,92,18.71,12.91,19.06,1.20861266557139,1.11926210802698,1.30509606722464,1.32991960903592,1.21250940315295,1.45869892794155
"BE006C","Bruges","BE","Belgium","Western",3.226772,51.2085526,94177.2580039583,FALSE,1.05182603086693,0.278351471356657,0.387917941690501,-1.10840917688531,-0.232089595109121,1280.1062650277,54.5518108890803,15.5225762982556,88.3104177528415,49.5062490636966,11.3637470157273,83.3627547642534,5.0455618253837,1.06924208168744,8.69009100169892,57.9246115731969,4.26150643735032,16.4822979849373,1.21260060374126,93.7704278342122,6.89867866172269,52.5670954038775,3.86735464204803,12.0663387919509,0.887719037566105,88.5168633395014,6.51217457813546,5.35751616931938,0.394151795302283,1.13535061898117,0.0835276032075583,9.22737737950884,0.678857001103018,44.8760686687666,19.3644455025197,66.5056487273782,40.2575292068674,13.8758936687485,63.7426487477012,4.61853946189922,2.07504804273864,6.97376539018892,81.0285714285714,93,57,94,19.0108,12.56,19.32,1.31222243990387,1.19154781076569,1.44511845536502,1.27798339735053,1.13584182794412,1.43791285346462
"BE007C","Namur","BE","Belgium","Western",4.8661892,50.4665284,82425.4179851514,FALSE,-0.360631202331763,-0.73927345648436,-0.351549552398206,-1.45423388925351,-0.0616345079717931,1107.89992731137,43.4440392605609,16.0370581331649,70.7786895966621,36.701220436126,10.2580153982988,63.9546993536477,6.7428188244349,2.50001642191767,10.4658948243616,52.7070900245688,3.92129633639293,19.4564474468955,1.44751865559584,85.8699795849536,6.38854537777849,44.526580917961,3.31268371189369,12.4452088312694,0.925897289585772,77.5909918529851,5.77260615124792,8.18050910660785,0.608612624499237,3.0330649004025,0.225653631730499,12.697411890889,0.94466066531478,53.5787759523823,28.0389680433823,79.3172266908575,45.3083659504511,19.0158652105335,72.2027712173629,8.27041000193116,5.28795999423688,10.9235860479794,78.4428571428572,92,59,93,18.9752,12.15,19.34,1.17913594005585,1.08099375843121,1.28618833761738,1.3062210223293,1.17523574409986,1.45180519546044
"BE008C","Leuven","BE","Belgium","Western",4.7011675,50.879202,76853.7107572513,FALSE,1.42777709463087,-1.075682522612,-0.303971245749204,-1.11827397918423,-0.235611477733864,938.290327917251,41.9050845861864,15.4487543434182,67.4644743658441,36.7278901618079,10.196064451463,62.0348285040601,5.17719442437841,1.87916459276654,8.26061917001332,54.5257791371284,4.46611068444073,20.1015073848735,1.64647912098915,87.7829758655846,7.19014918501791,47.789351743621,3.91434176278187,13.2668473011903,1.08666413242215,80.7180653904951,6.61147479179078,6.73642739350738,0.551768921658861,2.44511888137976,0.200275387782987,10.7484974877858,0.880390527775091,48.8436526317372,23.9886845624299,73.2443783366976,42.610109622894,16.1172579063279,68.1712101609341,6.23354300884323,3.81583696383141,8.4330169157244,81.447619047619,92,58,93,19.4652,12.57,19.81,1.24870667589161,1.13755591337948,1.37071799643147,1.3259124976951,1.18095276575611,1.48866576422171
"BE009C","Mons","BE","Belgium","Western",3.951958,50.4549568,71610.3244263806,FALSE,-0.525564831622475,-0.0631362332007389,-0.131121131929689,-0.388606485190736,0.263804310216365,1064.61364101626,42.208450900519,20.9980696278321,64.1625277234129,37.2480949312608,16.0528364283796,58.9993274005698,4.96035596925824,1.56522891245995,8.20254707493298,58.94185124648,3.96467312406663,29.3226846771506,1.97236526180405,89.5995489999148,6.02683689663832,52.0149786076641,3.49874297080247,22.4169301800648,1.50785560224983,82.3894150364091,5.54185341306072,6.92687263881588,0.46593015326416,2.18575872263934,0.147023187770335,11.4544196533639,0.770471724099171,59.6592303987291,36.8080578421444,82.5569634647374,52.6707579449534,30.1208560905116,77.04094173349,6.98847245377576,4.19737255701737,9.57176082978762,77.7523809523809,91,65,93,18.9096,13.75,19.5708,1.24475881156178,1.14641800931733,1.35153537921421,1.26148590048596,1.14855992651832,1.38551471314935
"BE010C","Kortrijk","BE","Belgium","Western",3.2659884,50.8276429,58613.2944722183,FALSE,0.50563531423637,-0.701085639695754,-0.371081623932866,-1.47203814987415,-1.04647189689368,776.169326815818,31.8885217981301,6.06573730893107,56.2270389291733,29.4334572832638,3.58495127506949,53.8797689700309,2.45506451486631,0.621838564838223,4.23750801592167,54.40492994852,4.10844910980321,10.3487397587012,0.781496652774897,95.9288151868413,7.24417172730091,50.2163503148842,3.79214383593494,6.11627670368998,0.461877473279769,91.92414358413,6.94175447399718,4.1885796336358,0.316305273868274,1.06091727216078,0.0801163539132979,7.22960218168624,0.545951491449135,45.6967523497412,12.4657011643004,77.4016918077229,42.005614579767,8.76095200257117,74.0153288592315,3.69113776997425,1.82644614176155,5.5338944144725,81.0285714285714,92,59,94,19.12,12.85,19.7864,1.22948321842411,1.10200051501976,1.37171350084117,1.27805722891894,1.1189154226017,1.45983355613591
"BE011C","Ostend","BE","Belgium","Western",2.919496,51.2258565,57325.2133848134,FALSE,0.98518286663911,0.199611477619536,0.882087456005725,-0.836064731647949,-0.0222816087796252,875.212333685336,36.9286695976197,13.2764868759215,59.3534013935067,33.846004704263,10.4551888743324,56.183336856818,3.08266489335677,0.538559006102252,5.48941453029407,64.4195937827994,4.21939547425261,23.1599432291668,1.51694467330196,103.538038306248,6.78160020249966,59.0420910901126,3.86717638698538,18.2383775951233,1.19458884112245,98.0080727823372,6.41939500786532,5.37750269268676,0.352219087267237,0.939480159431778,0.0615346682598145,9.57591643566098,0.627209457524359,47.9530730967555,23.8356318746752,71.7564847294401,43.3098783431957,17.4847295564873,68.6026318532627,4.64319475355976,1.83002561409928,7.20658907608079,81.0285714285714,93,60,93,18.73,13.18,18.73,1.33964053465919,1.22036794776172,1.47057022055808,1.24920593857692,1.13013519558243,1.3808219433177
"BE012C","Mechelen","BE","Belgium","Western",4.4803453,51.0281381,66444.587916012,FALSE,1.26141697518426,0.109476190639264,0.242743805779094,-0.687870198422116,-0.167768520569886,827.562565013694,36.867565570782,14.1133447954275,58.8147970621571,32.6069254137939,10.3110676081488,54.1876158086534,4.26064015698812,1.51532964918986,6.78452687506784,55.4861828887911,4.45495810581668,21.2407740616395,1.70541121506553,88.5170619712487,7.10699100571132,49.0738620502998,3.94011604587918,15.5182956679365,1.24595626289333,81.553091844212,6.5478572979865,6.41232083849132,0.514842059937501,2.28059153757606,0.183107563494584,10.2108043527092,0.819820417439444,50.0352334054153,23.5794743835229,74.163762777334,44.0977108254445,17.4896640745283,69.0603638423217,5.93752257997084,3.65031042889746,8.11335553392591,80.9380952380952,92,57,93,19.55,12.57,19.8908,1.31124367060826,1.19476842380798,1.43907382338601,1.3634727570741,1.19824641614208,1.55148217782177
"BE013C","Mouscron","BE","Belgium","Western",3.2142729,50.7436672,43969.623717674,FALSE,0.3662577951984,0.27406486560862,0.0215337474447487,0.0664649917219181,-0.484294778813621,693.569963761964,30.310313359253,14.086992483312,46.1554910013115,27.9020549699907,11.6642036431296,43.6122710145835,2.40825838926233,0.765050778541278,4.02647523957587,68.9346662456644,4.37018829287937,32.0380100902469,2.03108456526913,104.971312235176,6.6547707387675,63.4575705017354,4.02296183915582,26.527867779867,1.6817630884507,99.1872736837937,6.28808531125368,5.47709574392903,0.347226453723543,1.73995298084336,0.110306215452526,9.15740208610744,0.580543485149793,61.1486630121403,33.9811673914053,87.8277096871258,56.1295225967841,27.7191311697851,83.6310536061026,5.01914041535624,2.9484195448405,7.00029430992857,77.7523809523809,91,64,93,18.78,13.79,19.4308,1.30337169398953,1.19055951594967,1.42687345734084,1.26759091592791,1.13688224263704,1.41332731736222
"BE014C","La Louvière","BE","Belgium","Western",4.1852682,50.479487,60711.0546506644,FALSE,-0.222385789538041,0.00187656189799594,-0.129764768714235,-0.370468298296485,-0.232237818333218,880.976177423424,36.1612270812555,17.3170252463777,54.8646828615535,32.0800080161229,13.4815084271134,50.956385219188,4.08121906513255,1.16147514404245,6.80552957149272,59.5628379202597,4.104677062553,28.5236771886455,1.96566328240844,90.3701692834175,6.2277146950801,52.8404723006601,3.6414160607551,22.206019158598,1.53029205245283,83.9326305767453,5.7840820813361,6.72236561959954,0.463261001797894,1.91311969578795,0.131839563180856,11.2097040821514,0.772498706082692,59.240309937737,36.6422717434086,83.3067110750521,52.5491943698468,28.7572292941079,77.6519359792144,6.69111556789014,4.08519165526551,9.43678597043707,77.7523809523809,91,63,93,18.7796,13.21,19.44,1.24325973439054,1.14301293735171,1.35229857567326,1.27039165029971,1.14833026118923,1.40542751479863
"BE015C","Verviers","BE","Belgium","Western",5.867828,50.59324,41200.6322764924,FALSE,-0.0966680589046972,-0.808771212511017,-0.621611066198451,-1.08943171077581,-0.132633398165075,555.247130863583,21.8590459966603,9.04246516862135,34.542150268934,18.6337152227635,5.950808065172,31.5064048387397,3.22533077389678,1.39204553950612,4.95149967863977,53.055122673766,3.93681385848183,21.9473941757458,1.62854784221172,83.8388839208238,6.2210407490463,45.2267700595343,3.35593183413343,14.4434872388289,1.07174044392028,76.4706828460885,5.67430304227549,7.82835261423168,0.580882024348397,3.37869945821286,0.250707380935234,12.0180186687691,0.891765018387152,52.8542571456021,28.6884573398003,77.2193560267512,45.0772828731283,20.2578623653498,70.5355685178261,7.77697427247387,5.19026330653704,10.3320625005195,78.6904761904762,92,58.975,93,18.52,11.51475,18.9308,1.17087507064619,1.07722563693745,1.27266598941918,1.33068578917422,1.20368029624253,1.47109217874363
"BG001C","Sofia","BG","Bulgaria","Eastern",23.3217359,42.6977028,950740.163034888,FALSE,-2.33274289148337,-1.51303679717781,-1.33394564466452,0.992689600368084,-0.976170783038508,14023.857919821,1157.47690809088,780.958052538746,1522.39895920372,1057.66228908815,696.834793915221,1402.88774809869,99.8146190027244,17.8572347431549,182.337967964017,121.744820834754,8.25362688861049,82.1421123144546,5.56878183595228,160.127763441067,10.8557785447327,111.246198510427,7.54187824160196,73.293926249085,4.96892365780697,147.557429741949,10.0035793012127,10.4986223243271,0.711748647008529,1.87824554357231,0.127334680979019,19.1785279567837,1.30019834061713,152.149090195468,111.726420302251,190.559293214564,139.23470120763,99.5620392023592,176.057414002338,12.9143889878375,5.63234072007345,20.7706019279396,74.4523809523809,82,79,92,18.28,17.58,20.9652,1.21792916835947,1.09360166571158,1.35639100199762,1.30096432341425,1.13544008576259,1.49061865264336
"BG002C","Plovdiv","BG","Bulgaria","Eastern",24.7499297,42.1418541,274894.93466762,FALSE,-1.53912323365651,1.45733899692045,-1.19025815439989,4.15412420332902,-1.7741525236229,5081.82536491754,577.854333190281,437.594903495886,711.382818768591,524.121108354495,392.655600193454,646.806973376254,53.7332248357859,19.6376403452483,87.6917443241508,210.209160051994,11.3709994282666,159.18623747105,8.61097877382464,258.783531107525,13.998568775693,190.662337590257,10.3136387167645,142.838426858691,7.72666457419332,235.292430600193,12.7278473172553,19.5468224617364,1.05736071150209,7.14368941319072,0.386428870240545,31.9000946416784,1.72559539195369,222.951675501871,176.71646752918,265.73147546422,202.393001469916,159.061699253369,242.930061128936,20.558674031955,9.8684442597923,29.9527649421949,74.0476190476191,80,79,88,20.558,20.3,22.4728,1.46885287607892,1.30471997575399,1.65363358548909,1.33514479820723,1.15272212200172,1.54643655930216
"BG003C","Varna","BG","Bulgaria","Eastern",27.9166653,43.2073873,257261.919942857,FALSE,-1.63799463101293,1.58431880097015,-0.54599854403298,2.53971679876953,-1.14584181974737,4200.52071084312,393.213664203283,278.966018093462,504.630228625051,364.573387511235,257.745349752281,469.662308444668,28.6402766920483,4.46320008910959,53.2785871864531,152.845654067506,9.36106952617211,108.436576293696,6.64122467896293,196.154265169575,12.0135160224877,141.71292338649,8.67924270841314,100.187913473371,6.13603330384597,182.561923097281,11.1810497025355,11.1327306810156,0.681826817758974,1.7348856333269,0.106253495610399,20.7098614510407,1.26838053789191,185.357732078047,141.499813047348,227.466030449772,172.1441621872,130.378124774694,214.084320282283,13.2135698908468,4.70133408648339,21.892401561808,73.2285714285714,80,79,91,20.98,20.75,23.19,1.42002522410615,1.2773124457168,1.57868315137736,1.2778303135977,1.13089065074203,1.44386224192215
"BG004C","Burgas","BG","Bulgaria","Eastern",27.4721276,42.4936616,154718.910788754,FALSE,-1.84557917757094,2.73075427828712,-0.500076352237009,2.74970498872812,-1.92050976574351,2661.43054106926,264.795153190354,187.413801586261,342.486630886155,246.799759954056,174.078023854764,319.206126921524,17.995393236298,1.68462474675279,34.0775305136563,171.145952256536,9.94935427035302,121.131800004815,7.0418445529285,221.360549360233,12.868516596663,159.514928521585,9.27319936198302,112.512441412183,6.54076900255402,206.313582027056,11.9937801117018,11.6310237349512,0.676154908369997,1.08882924405595,0.0632977160499545,22.0254462366169,1.28042156230631,202.052698982756,153.587019939751,252.702398439289,188.626938172186,142.487852877962,238.79964417183,13.4257608105704,4.08067603170405,23.2003124448633,72.9428571428572,80,79,90.025,21.508,21.28,23.41575,1.45455444181768,1.29856749037245,1.6292789091807,1.24872990355008,1.10023153008094,1.41727111920294
"BG005C","Pleven","BG","Bulgaria","Eastern",24.6180123,43.409022,88270.4763701962,FALSE,-3.26917602405026,1.39313392198934,-1.73522430830963,2.32943187521457,-2.33984133455944,2066.58293501809,220.96359049812,162.776057193114,275.39838560632,201.863175466779,147.133184257779,253.112472209127,19.1004150313406,7.38134049596785,30.9952286596335,250.325589692554,10.692219835648,184.406002875129,7.8765799540336,311.993768393557,13.3262682537301,228.687080627263,9.76796875877679,166.684479690264,7.11963607966651,286.74646678874,12.2478739139938,21.6385090652911,0.924251076871172,8.36218495639624,0.357176108003778,35.1139247619364,1.49982989477082,225.592996722385,172.603842116566,275.572818676713,206.148741535491,155.124699513081,253.691605267759,19.4442551868939,9.61911509125134,29.3012088399726,72.6,80,79,85,21.018,20.76,22.17,1.28872052417018,1.15193806380914,1.44174469235408,1.30803287933204,1.13725478023433,1.5044562073075
"BG006C","Ruse","BG","Bulgaria","Eastern",25.9542057,43.8480413,125807.325402494,FALSE,-2.88589583454693,1.49942524679952,-1.46287007280872,2.34167906880178,-2.2880220103919,2615.90543689069,276.7538886001,204.978196474286,346.214308845932,250.310726544447,182.867264123864,315.053291278403,26.443162055653,11.0045345918035,42.1908293202382,219.982332280481,10.5796595204548,162.93025530787,7.83584121901314,275.19407772027,13.2349703457725,198.963554581286,9.56879874228065,145.355020893115,6.99059153840146,250.425235788502,12.0437568895029,21.0187776991949,1.01086077817414,8.74713340943928,0.420677843954624,33.536067303917,1.61285758748172,226.444736669623,176.697765106121,277.551794841429,205.035589144562,155.633349567194,252.756222638712,21.4091475250617,12.0926870853133,31.6529109213639,73.1619047619048,80,79,86,21.498,21.19,22.9,1.31325078335079,1.17847529619251,1.46343977302156,1.2856296795704,1.14133076530294,1.44817236443598
"BG007C","Vidin","BG","Bulgaria","Eastern",22.8773117,43.9858809,40973.8409591837,FALSE,-3.14201272593003,1.95556236607258,-1.68860153354937,3.00520788931162,-2.06161285891741,1144.27883355934,132.146017809043,100.843548691422,162.727940489427,119.857414870973,89.9545927924184,148.781691845523,12.2886029380697,5.30853151572274,19.142113529577,322.513132075366,11.5484105738455,246.116903689548,8.81284751005517,397.150808125432,14.2210041571121,292.521794552699,10.4744937471359,219.541518897453,7.86124763949448,363.1138510879,13.0022235387095,29.9913375226673,1.07391682670957,12.9559040388985,0.463919401463565,46.7178889785939,1.67285393805936,266.263656843233,206.133587880539,318.997847546298,241.419597763271,185.636383234946,292.896331582954,24.844059079962,13.1684292900293,36.1367728213053,72.6,80,79,84,21.89,21.61,22.8904,1.3604927497171,1.221143262547,1.51574395797935,1.26809785364927,1.10893036317019,1.45011104379248
"BG008C","Stara Zagora","BG","Bulgaria","Eastern",25.6257479,42.4248111,110663.216449907,FALSE,-3.14920930147579,1.20907763347956,-1.46806890556228,2.07261348979318,-1.55775311574346,2292.09204690032,235.658495653941,174.987747642694,296.433384335047,215.044782210764,157.340885002059,272.468434334681,20.6137134431768,6.55597639989995,34.6062608992935,212.951062886026,10.2813713774117,158.12638856553,7.63441188495619,267.869843155364,12.9328743466444,194.323632648167,9.3820308177229,142.17993119085,6.86450987929725,246.214092699914,11.8873251492299,18.6274302378585,0.899340559688843,5.92425975876779,0.286025877920821,31.2716926269339,1.50981113285101,218.32811246736,171.256423090962,265.480347201286,199.431175786413,154.690596698223,242.07013272527,18.8969366809471,9.18675688364838,28.5734730601029,72.9428571428572,80,79,88,20.858,20.61,22.7828,1.30811951867017,1.16104627502313,1.47382297496436,1.29622481910995,1.13479150752441,1.48062333083725
"BG009C","Sliven","BG","Bulgaria","Eastern",26.3153528,42.6817633,66971.2912831169,FALSE,-3.29110085062286,0.880863438653252,-1.28520877703461,1.27394771561695,-1.031993271223,1361.62800342622,126.669956818469,87.4274488932003,163.30554594587,116.853483891351,80.4391342036942,151.232799248517,9.81647292711788,1.91502791352049,17.7306074628894,189.140681613827,9.30283135333093,130.544666555116,6.42080279439093,243.844105163668,11.9934038911472,174.482948816621,8.58189487858034,120.109874936774,5.90757049658847,225.817355990928,11.1067632912936,14.6577327972061,0.720936474750593,2.85947586918226,0.140642518272374,26.4749374294343,1.30216236874348,208.054924436146,157.333503488888,257.528771006783,192.246848966399,144.704873504783,238.34881277316,15.8080754697466,5.66882247859934,26.4033569394347,72.9428571428572,80,78,90,19.93,19.5,22.33,1.26996614288527,1.138766810332,1.4162811819258,1.29539337388115,1.13598416509399,1.47717199293562
"BG010C","Dobrich","BG","Bulgaria","Eastern",27.8297415,43.5688397,70192.3919085198,FALSE,-2.11168254591881,1.52864120012029,-0.92855279955727,1.47683743105883,-2.44731445667276,1449.50947655251,129.858149023607,89.7823597129179,169.927507154151,121.547004591683,83.7874530224146,158.627806970139,8.31114443192372,0.393592783739412,16.5796283063623,185.003168424361,8.95876509427585,127.908961743217,6.19398225159969,242.088212887251,11.7231042571936,173.162648097378,8.38538875101172,119.36828300653,5.78040049946369,225.990029199852,10.9435508726315,11.8405203269828,0.573376343264125,0.560734252014624,0.027153515731096,23.6202640422486,1.14380958348717,204.35624588222,151.017022325487,261.102259003177,191.566221269872,140.997481388687,245.12416022804,12.7900246123481,2.90368934388199,23.350412449278,73.2285714285714,81,79,91,20.58,20.13,22.76,1.34001246662738,1.19382328341575,1.50410319153699,1.2540125622808,1.10398509597576,1.42442820296244
"BG011C","Shumen","BG","Bulgaria","Eastern",26.9247362,43.2703797,63204.6052103896,FALSE,-2.85912813881021,1.23681297582142,-1.03213383377667,1.25293384002989,-1.64864399026109,1239.06682593387,112.101692020384,79.2947274215501,144.331753386713,102.34468146737,71.5132243345057,132.387701456218,9.7570105530136,2.12911671607363,17.3258921218816,177.363171001908,9.04726764320353,125.457199135413,6.39955212760915,228.356387807937,11.6484236657641,161.925988029978,8.25981935157004,113.145591363887,5.77153893863691,209.45894846671,10.6844682373317,15.4371829719296,0.787448291633493,3.36861010204307,0.171832275024306,27.4123888033297,1.3983016701963,199.884291373735,148.776716414733,245.821106547381,182.858448377154,135.213650330411,227.458360364264,17.0258429965808,6.81205209426589,27.1854154331507,73.2285714285714,80,79,90,20.36,20.08,22.65,1.29304995207952,1.15584372702803,1.4465434552056,1.31691256779765,1.14632069754022,1.51289138802499
"BG012C","Pernik","BG","Bulgaria","Eastern",23.0309457,42.6092185,63602.4450100086,FALSE,-3.43079829229493,-1.00828808252544,-1.91386075603693,-0.49430452869161,-1.08914969641742,1509.57349525363,117.510895980232,71.9788281180466,161.436400756034,106.13033428603,62.3542005040697,147.289092557395,11.3805616942018,1.28262050698547,21.7592694612049,184.758456945704,7.7843772661422,113.169907393843,4.768156591538,253.821061015233,10.6941729742619,166.865179898869,7.03048474418256,98.0374268540424,4.13058394971311,231.577720847394,9.7570004388987,17.8932770468351,0.753892521959636,2.01662138426225,0.0849657543020103,34.2113726253462,1.44141835621916,171.864070707193,114.522863552691,226.224270062057,155.28471657016,101.784163384159,207.544284932565,16.5793541370337,5.58199002897553,28.3479161484843,74.4523809523809,82,78,92,17.74,16.73,20.4252,1.152950224648,1.03102550396063,1.28929324775135,1.2657119938444,1.09206390202293,1.46697171144837
"BG013C","Yambol","BG","Bulgaria","Eastern",26.5105553,42.483935,56967.9588849178,FALSE,-2.25987648177157,2.38966359292461,-0.73572233058298,2.74056837503789,-1.71533662096582,1290.1092696487,135.243073653563,99.1490489489324,169.408417494684,124.91923912147,90.6816438527144,157.311237910991,10.3238345320922,2.7544100405672,18.1270928290198,237.401999827254,10.4830712277875,174.043534101732,7.68532180037205,297.374911811233,13.1313231739521,219.279822494294,9.68284176079797,159.180082326457,7.02898940315397,276.139852980829,12.1936367416248,18.1221773329594,0.800229466989519,4.83501619942438,0.213502073457485,31.8198039456508,1.40508197681238,226.795838715254,177.500222769216,274.82266850067,209.609376886597,162.166644433002,257.007585087002,17.1864618286563,7.52042532361427,27.6618509897452,72.9428571428572,80,79,89.025,21.35,21.15,23.49469,1.41289804398512,1.26553250411379,1.57742363487921,1.26759738780779,1.11856790531756,1.43648242537495
"BG014C","Haskovo","BG","Bulgaria","Eastern",25.5556639,41.9345727,59077.6710276002,FALSE,-3.1733754043124,1.50440625566939,-1.25522865334018,2.04023968649474,-1.74010836195451,1241.50622113774,129.827438779017,95.2086244842747,162.667659510857,117.412898723003,85.6946486147529,148.328673792607,12.4145400560143,4.1163953952714,20.6753217362272,219.757205253342,10.4572523736563,161.158391704024,7.66879962929411,275.345416773219,13.1024441715471,198.743275895472,9.45729443187188,145.054209355541,6.90247436184575,251.074003447613,11.9474772874416,21.0139293578692,0.999957941784401,6.96776857257674,0.331564620876329,34.9968463153668,1.66534177470975,214.997778667353,166.837934305447,261.890927398163,194.556049419166,149.283173678429,238.784765901886,20.4417292481869,10.3406007995978,30.8712938041774,74.0476190476191,80,79,87,21.69,21.45,23.35,1.33727054954194,1.19182559225091,1.50046494579362,1.30431501388307,1.12466273225611,1.51266473641218
"BG015C","Pazardzhik","BG","Bulgaria","Eastern",24.3318993,42.1884549,55735.4382799719,FALSE,-3.00674396133696,1.56601334440435,-1.29741068150956,2.13019288944392,-1.96413800692117,1098.97953065273,114.002387271109,84.4522893440432,143.369327853159,103.297032925565,75.5261404472909,130.07018168829,10.7053543455437,3.50146505999009,17.8877738862948,204.542012746806,10.3734768566069,151.523504524751,7.68460985746326,257.231901780303,13.0456777268641,185.334566504493,9.39935913676321,135.508291991723,6.87238827846345,233.370698611748,11.8355417967645,19.207446242314,0.974117719843728,6.28229573149031,0.318610580299928,32.0940759386162,1.62767125204511,223.976176080884,175.813120263029,272.138316001927,203.286018792901,156.006030577787,246.523290196847,20.6901572879828,10.174262975514,31.5327184457283,74.0476190476191,80,79,88,20.47,20.24,22.4228,1.33773031828548,1.19540130023866,1.49700556968014,1.2913931672723,1.11731718174755,1.4925898748547
"BG016C","Blagoevgrad","BG","Bulgaria","Eastern",23.0906457,42.0111077,56013.1521383501,FALSE,-2.73257119710281,-0.379246700331057,-2.01616779448625,0.391708045308208,-1.13269561104493,937.905785333996,75.050339241625,48.7935178775222,100.511752891504,70.4102559274531,45.1927852606135,95.0388638899925,4.64008331417183,-0.67702216329556,9.91160095122408,133.986994797675,8.00190599260446,87.1108231099088,5.20239011641733,179.443129076621,10.7166150868459,125.703077294316,7.50717790938665,80.6824532013291,4.81847814218568,169.672407750327,10.1330928304433,8.28391750335891,0.494728083217811,-1.20868427761991,-0.0721844532662166,17.6951315411474,1.05678002057472,161.953050300701,116.748556928582,207.771902524125,152.233641729849,108.755471110614,195.453848486133,9.71940857085164,1.5932390384302,18.293836850021,74.4523809523809,82,79,92,18.33,17.59,21.01,1.2165263246658,1.09438009794466,1.35230556676271,1.24643114197622,1.08843770722018,1.42735829655877
"BG017C","Veliko Tarnovo","BG","Bulgaria","Eastern",25.6321312,43.0820584,56251.207725779,FALSE,-3.34808249125701,0.879507833565751,-1.55854642393843,1.75960277603798,-0.799359055453757,1184.27889937391,113.511073197505,81.8436950839466,145.147332550282,102.892006698293,73.4064411929775,132.513851982477,10.6190664992116,3.55546357196492,17.9313128079314,201.793130826389,9.58482611296331,145.496778456614,6.91084634938735,258.034162142555,12.2561782217868,182.91519570546,8.68815671314326,130.49753802768,6.19840826614281,235.57512334397,11.1894125659532,18.8779351209291,0.896669399820058,6.32068841845597,0.300221812095493,31.877205011038,1.51411232754473,208.42763041282,159.80446184887,257.225690448704,189.157894139628,143.573337198731,236.461446063256,19.2697362731925,9.16512989049541,30.1242393908461,73.1619047619048,80,79,88,19.97,19.7124,21.8828,1.27431037577524,1.14452792504397,1.4188093608516,1.32851321677068,1.16065831065621,1.52064337189515
"BG018C","Vratsa","BG","Bulgaria","Eastern",23.548027,43.2028209,45529.6169667545,FALSE,-3.89102644568248,0.529237390715555,-1.76454400723421,1.49904743978541,-1.09570084803012,1104.74678768325,109.631123106845,79.3667939228664,139.526468051196,98.5468896385541,70.4943951050377,126.165961856934,11.0842334682906,3.75688416719027,18.1268584351205,240.790787207581,9.92364262373193,174.319045953801,7.18416154794215,306.452101613499,12.6297238070087,216.445681303474,8.92031465827705,154.831952916521,6.38104549304645,277.107452823641,11.4203510943457,24.3451059041068,1.00332796545488,8.2515171826144,0.340067444329824,39.8133339192303,1.64081567262432,231.079000137367,174.495907373874,285.677167328043,207.895575078444,157.570625019483,258.958179568648,23.1834250589238,10.617635602988,35.2746487464591,72.6,79,78,86,19.52,19.24,21.1516,1.24192704119276,1.10551341794255,1.3951732747996,1.2902184883357,1.12739495297547,1.47655774336208
"CH001C","Bern","CH","Switzerland","Western",7.4514512,46.9482713,176221.188716667,TRUE,-0.413769095589922,-3.49017514084203,-0.745363634692049,-3.03571319622115,1.21265991196654,2054.82916256374,89.1996347339091,26.9506458151074,146.195079109461,74.1882299438848,14.3379048904442,129.987403056989,15.0114047900243,8.56974952795079,20.5201614944038,50.6179962713375,4.34097570537775,15.2936465877775,1.31157598432572,82.9611241270863,7.11470723566422,42.099494665858,3.61043298856644,8.13631152692825,0.697766274280205,73.7637760836957,6.32594696557684,8.51850160547947,0.730542716811311,4.86306419242777,0.41705411253063,11.6445483337402,0.998631023359696,46.3424561446679,16.5577214898543,74.3179528207271,38.3699139855276,8.03760545227757,66.8482494153552,7.97254215914026,5.48506112251321,10.0296699057718,81.9809523809524,92,50,93,18.52,8.4,18.84,1.11223189688888,1.03267357165944,1.19791948434312,1.28591544698828,1.18269825327525,1.3981406772385
"CH002C","Zürich","CH","Switzerland","Western",8.5410422,47.3744489,510165.425479967,TRUE,0.984199743074438,-4.31764746128183,-0.768406611302264,-2.06761712918863,1.01866302429607,4774.53723362215,198.515410027074,76.4991342412587,308.259622158011,157.071241242599,41.162829322539,262.698297596635,41.444168784475,22.2063008020982,58.3131381227854,38.9119685718234,4.15779373609518,14.9949664208012,1.60223138909786,60.4234639907239,6.45632460434608,30.7882959914081,3.28976890443974,8.06852586762671,0.862132334683069,51.4927677330321,5.50206825798155,8.12367258041527,0.868024831655441,4.35276474904318,0.465098494692262,11.4302410963903,1.22133591737742,42.6337463821412,20.7024399187021,62.7473122601799,33.8176215712432,10.4148716981211,55.0861300499314,8.81612481089798,5.70041051934378,11.4837300976077,82.3904761904762,92,51,93,19.87,9.75,20.1708,1.16527744723041,1.0918315583403,1.24366393208851,1.32469225729096,1.21840884243494,1.44024691500081
"CH003C","Geneva","CH","Switzerland","Western",6.1466014,46.2017559,343023.551790307,TRUE,1.61213831370727,-3.62385237975202,-0.60714023704242,-0.65481911181211,0.757265964009862,3087.32303652233,169.237404445543,95.4322067831819,239.072561244605,146.608881128563,73.9470613149363,214.596659156776,22.6285233169804,17.5892971260856,27.1027816922116,49.3369634715342,5.48168761232637,27.8208905146899,3.09109884693764,69.6956695821141,7.74368468788107,42.740179315205,4.74873796470964,21.5574297825884,2.39518380293087,62.5603280115182,6.95089748037851,6.59678415632912,0.732949647616725,5.12772287333731,0.569726488547141,7.90114309957928,0.87787320509036,51.7787992303501,29.7571442917211,72.2512420144078,44.8471261300502,22.6170609054629,64.6384001953292,6.93167310029988,5.63753092941093,8.09190135871198,82.6047619047619,92,91,93,20.5052,20.1596,20.9,1.19144756832825,1.13451130662888,1.25124121706058,1.393052439092,1.3010991704292,1.49150436966309
"CH004C","Basel","CH","Switzerland","Western",7.5878261,47.5581077,267875.83122164,TRUE,0.338700732577758,-3.9357243152944,-0.784144408592808,-1.69126353581009,1.34200565218927,3170.31175867255,164.183229158438,78.7343607642586,244.090455717296,145.739552261014,62.2150688918921,223.866107380001,18.4436768974239,12.9949411106474,23.1911997524973,61.290795966805,5.17877236234912,29.3921106675405,2.48348953533913,91.120745982991,7.69925718029384,54.405636968581,4.5970101161924,23.2253386235563,1.9624274717368,83.5708493592222,7.06132785735043,6.88515899822394,0.581762246156717,4.851106220141,0.409894739061515,8.65744387865621,0.73151164673495,54.6258384040097,26.341947987019,80.8847362262461,48.3417235153439,20.2693401176366,74.1873448504615,6.28411488866583,4.68182036832885,7.62910822804995,82.2349206349206,92,91,93,20.25,19.88,20.6608,1.16992768935133,1.10297987939006,1.24093904511462,1.28754889669526,1.20892506864628,1.37128611555513
"CH005C","Lausanne","CH","Switzerland","Western",6.6327025,46.5218269,183080.31301086,TRUE,0.231003245146484,-3.14092364861296,-0.589936705362069,-1.73048681453977,1.14556610500369,1721.37743503792,90.230914265796,47.8409544347499,130.504336585327,80.6241940242081,40.2312917166805,120.487213474336,9.60672024158791,6.75845485609351,12.1500679965659,49.2848809256972,5.24178558572824,26.1311299112276,2.77922514034211,71.2825614284291,7.58138999204738,44.0376098873207,4.68370227139826,21.9746684146722,2.33715691270196,65.8111249062528,6.99946513889801,5.24727103837651,0.558083314329974,3.69152463470642,0.392618999095027,6.63646887901332,0.705834045994582,53.0955938862904,29.1352769672173,76.0928825475252,47.486605793011,24.1367516340097,70.5852169608699,5.60898809327943,4.23845596137901,6.75248861845103,82.6047619047619,92,92,93,20.37,20.37,20.7224,1.17624515241577,1.11286688090233,1.24323284511782,1.33524862801323,1.24416645514011,1.43299868859623
"CH006C","Lucerne","CH","Switzerland","Western",8.3054682,47.0505452,123102.809653006,TRUE,0.0116251203683222,-2.89726674042793,-0.599610718332907,-2.96976638630268,1.0997996564679,1195.43709839598,54.7935557986713,18.7787761925375,86.9541738086959,46.6613035838312,12.0584302028692,77.5607230847401,8.13225221484012,4.22406005630572,11.5011027370075,44.5104022833596,4.58355825431487,15.2545471914653,1.57087112469025,70.6354095847176,7.27383932834019,37.9043368021875,3.90328388222521,9.79541428571673,1.00870470048562,63.0048357981131,6.48806392145682,6.60606548117202,0.680274372089659,3.43132709010641,0.353348583708293,9.34268094239767,0.962083471597077,47.8780089695496,18.4043914108845,73.8233468463469,40.964754893627,10.6775992325479,67.8117186847661,6.91325407592259,4.60715752499808,8.84509878734816,82.5333333333333,92,50,93,18.89,8.67,19.23,1.16226354494774,1.08238869874009,1.24803275337861,1.35645841875624,1.22784842836863,1.49853955855068
"CH007C","Winterthur","CH","Switzerland","Western",8.7291498,47.4991723,81500.4404665488,FALSE,0.129953683818642,-4.07798272338033,-1.26705305144577,-3.030169538509,1.08372706631697,762.746489921478,36.5359472742633,9.34254684872286,62.6458331431754,31.1787951673665,4.47031206950865,56.7836788121325,5.35715210689679,2.05629636716839,8.27593429670758,44.829140879624,4.7900511843751,11.4631857143857,1.2248560920529,76.8656375162633,8.21319192824139,38.2559836350376,4.08770090447434,5.48501584030512,0.586080975602897,69.6728489896185,7.44463325134124,6.57315724458641,0.702350279900768,2.52304939138628,0.269591062605884,10.1544657296722,1.08501768360279,49.3189039177369,17.7437578789717,80.1588460722966,42.2851138884324,10.0357308711413,73.3580978453304,7.03379002930447,4.15638543046629,9.56497412146644,82.3904761904762,92,49,94,19.53,8.83,20.24,1.11445422207503,1.01485879609783,1.22382366677652,1.30318726747886,1.15910278423465,1.4651824473361
"CH008C","Lugano","CH","Switzerland","Western",8.9520281,46.0050102,68803.9629714286,TRUE,-0.908223586725906,-3.18859028121375,-0.307198670624961,-3.0738761582832,2.35691203529323,789.442647393058,39.7881781879674,11.6696483701947,67.5304431897361,35.903973819181,8.28684479059878,63.5226102377152,3.88420436878639,2.27063273564982,5.28876771967037,57.8283233547024,5.04003404419031,16.9607212524089,1.47821357368149,98.1490604222589,8.55419243091805,52.1830026478133,4.54801548126962,12.0441387860754,1.04970827430771,92.3240573571227,8.04651363179874,5.64532070688913,0.492018562920692,3.30014818563972,0.287624787329141,7.68671961797692,0.66993691525727,48.5306422699048,14.5657964331603,81.6615071973809,43.6203178381058,9.76643821134649,76.7988157819393,4.91032443179899,3.06757083246089,6.43336460201787,83.3571428571429,92,49,93,19.51,9.13,19.84,1.16836726705464,1.07440403165012,1.27054816485395,1.39332208415157,1.24771993586589,1.55591521332649
"CH009C","St. Gallen","CH","Switzerland","Western",9.3765878,47.4250593,58090.1437619047,TRUE,-0.595491597350204,-3.88365021296254,-1.33678450138542,-3.10747389298718,1.01127216156903,591.470797519157,30.0589623645362,10.3199619242834,48.5130571193434,26.8589184455128,7.69112466278965,44.8811150458088,3.20004391902344,1.80356661840066,4.40751101067953,51.7453743749362,5.08207040662268,17.7654267246817,1.74479652546992,83.5134051624746,8.20210521344838,46.2366189961588,4.54103880667801,13.2399821462199,1.30033886627185,77.2611533374128,7.58805256896139,5.50875537877737,0.541031599944677,3.10477217235504,0.304929106553606,7.58736461170536,0.745178126995657,55.7519694368416,20.3744362909675,88.4758883570329,49.8764742621404,15.2027570741091,82.153152914428,5.87549517470118,3.66164740459534,7.66099162948953,82.0571428571429,92,91,94,17.66,17.3796,18.3864,1.08756886882821,1.00009995707227,1.18268782643174,1.3972316405569,1.23523068387299,1.58047908205465
"CH010C","Biel/Bienne","CH","Switzerland","Western",7.2439029,47.1402077,40748.8317,FALSE,-0.191056434724753,-3.50225095467489,-0.87003824541626,-2.31888850217812,1.29136793976044,475.152212553669,21.2443059816466,6.51724448628922,35.0152605488695,18.00173267753,3.55657661801561,31.7771805674748,3.24257330411662,1.47987508299512,4.7721967899417,52.1347609130267,4.47105273223306,15.9936965414624,1.3716119412057,85.9294833448428,7.36927233500245,44.177297670917,3.78862440327934,8.72804561416571,0.748513113071929,77.9830469776998,6.68778966569278,7.95746324210964,0.682428328953719,3.63169941629301,0.31145284477192,11.7112481287205,1.00435116660699,47.7214513685941,20.8167880500801,73.8390624927869,40.2807685755122,12.6067853407246,67.0589491673337,7.44068279308184,4.74233763093274,9.6327523684849,81.9809523809524,92,52.975,93,19.49,10.0345,19.91,1.13297010676224,1.0381173378806,1.23648957201453,1.24299145321554,1.1395342002661,1.3558414941878
"CH011C","Thun","CH","Switzerland","Western",7.628086,46.7582827,66207.5604666667,FALSE,-0.383572825035405,-3.30325931735329,-0.982440804891596,-2.90225307299507,0.685745544147145,772.014007054771,35.3943311731187,9.69123151273744,59.7510515296188,30.1834194445138,4.87952709384187,54.2539707941173,5.21091172860482,2.27425228806221,7.87360061530185,53.4596516223227,4.58467474031305,14.6376508127295,1.25531809321821,90.2480790841123,7.73963308743176,45.5890826240459,3.90969842110293,7.37004514204772,0.632051627205216,81.9452799826878,7.02758891656589,7.87056899827678,0.674976319210116,3.43503411397739,0.294586920351156,11.892298341465,1.0198779482434,48.9264319003797,19.2404140936817,76.8577521681939,41.5678481739095,11.2862167214883,70.2110188384491,7.35858372647014,4.4896306674373,9.74123705424889,81.9809523809524,92,50,93,17.5,7.24,17.8,1.10819669049746,1.00511118579347,1.2218547780463,1.34868528845901,1.19256486102269,1.52524367164893
"CH012C","Zug","CH","Switzerland","Western",8.5173652,47.1679898,58209.328238823,FALSE,0.500370114798947,-4.30673846366171,-0.967649600641704,-3.72147701216485,1.85911675977067,465.277453641974,22.8382112674213,2.02364388912861,41.5345846477763,19.3859425070155,-0.857641438175229,37.8149551351968,3.4522687604058,1.21279875678367,5.43989877214618,39.234624343576,4.90851449788819,3.47649414682462,0.434932720957888,71.3538291961848,8.92684232228814,33.3038416582962,4.16653382949709,-1.47337456748594,-0.184329034528111,64.9637373928254,8.12739900444326,5.9307826852798,0.741980668391097,2.08351271776881,0.260661406928371,9.34540723409003,1.16917308792102,47.8961281938052,8.19466719644815,82.3329275366671,41.3127784951187,1.21920576254855,76.0451080055495,6.58334969868653,3.6528909998352,8.89752053017737,82.5333333333333,92,42,94,19.2452,6.83,19.8964,1.12993580128961,1.0120218810049,1.26158825120286,1.38216962068982,1.18807117432703,1.60797846260345
"CY001C","Nicosia","CY","Cyprus","Southern",33.3638568,35.1748976,171474.188463735,TRUE,0.826749952705464,1.25515736308516,0.979806707147602,1.00574948915561,-1.66575213553658,1522.22965158081,143.208102308843,104.264574711008,182.285408768125,124.749294069807,86.3515531393272,162.123881422285,18.4588082390359,10.4753741769684,25.7575777622976,83.5158361686198,9.40778562289362,60.8048217898746,6.84946417925381,106.304867456292,11.9748954159988,72.7510625286852,8.19516910212971,50.3583390088996,5.67270208208416,94.5471052376915,10.6504219815927,10.7647736399346,1.21261652076392,6.10900933301911,0.688159908466495,15.0212565477428,1.69209539017643,115.94222107052,85.0369269145052,146.29336232025,101.391812036296,70.6382474569665,130.95244663638,14.5504090342239,8.26094181713384,20.2345167309584,80.7904761904762,77,76,81,27.19,26.96,28.0036,1.48345958727341,1.35717237820854,1.62149803695404,1.34384099930171,1.24129043397856,1.45486389161637
"CY002C","Larnaka","CY","Cyprus","Southern",33.6236184,34.9236095,91771.221016562,TRUE,0.830520547173279,2.17975612506994,1.68895045143407,0.982260834128643,-1.08668438042334,814.681644186531,76.3859077293311,59.1530098262016,93.3066461963619,64.0391768259716,47.5376251090775,80.1645864598561,12.3467309033596,8.64816551605645,15.8295898146393,83.2351437446231,9.37616653994989,64.4570369348428,7.2608742627639,101.673100959965,11.4531420785268,69.7813280858652,7.86063823616836,51.8001445142572,5.83511675367921,87.3526423336885,9.83998928070871,13.4538156587579,1.51552830378152,9.42361387400055,1.06153926233256,17.2489693820054,1.94303995034101,115.517070424616,90.9617198387285,140.050017329706,97.3217096167665,72.7899190739036,120.390631518564,18.1953608078496,12.7903810969534,23.2273327172813,80.7904761904762,76,76,79,26.91,26.91,27.4724,1.48118691567626,1.37680538623493,1.59348205716286,1.41512921390165,1.3146577837864,1.52327907439923
"CY003C","Limassol","CY","Cyprus","Southern",33.0332657,34.6852901,193867.257567105,TRUE,1.17598310893224,1.73542441842273,1.66353578336768,1.26853202661996,-1.09179707998753,1721.01988400262,151.003621964638,114.723892372159,186.269398435022,132.407152223802,97.2265375259472,166.327161462934,18.5964697408362,11.3832484176826,25.298206648322,77.8902140875286,8.77407770637985,59.1765178977934,6.66604107474589,96.0808961619253,10.8231985095843,68.2978414640085,7.6935283232091,50.1510872676855,5.64935585170723,85.7943541112721,9.6644532122489,9.59237262352015,1.08054938317075,5.87167145217519,0.661424572922905,13.0492415097817,1.46995434994541,108.240798377162,83.9525525869524,132.230334617916,95.2763746209287,70.8164953035041,118.667050011989,12.9644237562329,8.04700388696327,17.4435244494749,80.7904761904762,78,76,82,26.4,26.06,27.0592,1.49998664853596,1.39967751444389,1.60748452594817,1.34388197934706,1.24666754396026,1.44867714184379
"CZ001C","Prague","CZ","Czechia","Eastern",14.4212535,50.0874654,990604.070655444,TRUE,-0.138226503852249,-2.72220434138553,-1.3327992941907,0.806947040907093,-1.20346210558269,11935.1837869911,949.062704263492,573.004050091902,1293.03723855845,895.110197116844,521.035795334421,1236.27883092222,53.9525071466486,29.7029263512981,77.2247336575671,95.8064611662189,7.95180636680209,57.8439022275335,4.80096545070761,130.530176168457,10.8338276279232,90.3600362276509,7.49976048205036,52.5977846012355,4.36554480126505,124.800499770228,10.358272256098,5.44642493856807,0.452045884751725,2.99846600990089,0.248868613013509,7.79572141334635,0.647034306599776,110.629973359172,68.4508191833521,149.176530963889,104.374554590659,62.0651938418675,142.206303231984,6.25541876851262,3.51355916086021,8.85817257197533,79.0047619047619,91,82,93,20.22,17.7192,20.92,1.23588831313966,1.12392290287821,1.359007738559,1.26843499642805,1.15151645464976,1.39722479315572
"CZ002C","Brno","CZ","Czechia","Eastern",16.6113382,49.1922443,297443.63945753,TRUE,-2.006196154558,-1.15514581948925,-1.36003039549168,0.669410042181456,-0.246250035242135,3897.06142818882,311.459480681284,196.819460383713,421.71803610524,290.764786159369,177.113971919914,399.231818229811,20.6946945219151,10.6331753117285,30.0805783049352,104.712099828161,7.99216246447613,66.1703375949363,5.05045824938885,141.780821695955,10.8214367126678,97.7545819065615,7.46112914864941,59.5453889156715,4.54480831733332,134.220996945142,10.2444322622689,6.95751792159937,0.531033315826717,3.57485382142344,0.272851108653689,10.1130346440742,0.771878474569372,119.021463475402,77.0342267885986,159.274581632462,111.154051922528,69.276718970008,150.649947796341,7.86741155287439,4.11890015516736,11.2086317022696,78.1190476190476,90,82,93,20.36,18.19,21.35,1.31349627562667,1.19402726142999,1.44491882372846,1.24845028969568,1.12515503610306,1.38525632097732
"CZ003C","Ostrava","CZ","Czechia","Eastern",18.2820084,49.8349139,240365.405858823,TRUE,-2.61059189639836,-0.284804717117347,-1.53310234655017,1.89850139202869,-0.0645079663626801,3447.84291521643,293.968599544496,205.456665448876,378.229808578168,275.481409114395,187.240544279967,360.047156331864,18.4871904301005,9.53227790417105,27.9641955379538,122.300710659319,8.52615988527547,85.4768034171896,5.9589914767326,157.356174956524,10.9700417878355,114.609424817229,7.98996404095465,77.8982913996956,5.43065762809595,149.791587123538,10.4426786598328,7.69128584208943,0.536195844320824,3.96574451723297,0.276470771394545,11.6340350384607,0.811063503344044,146.617665521655,104.653286144785,185.827163636653,137.528898323274,95.7314032157696,176.61262369112,9.08876719838075,5.05197639534297,13.4838249202295,76.2571428571429,88,80,92,19.0228,17.03,20.22,1.34116832981224,1.22470470032906,1.46870710009364,1.29146884953989,1.17769913195536,1.41622910646341
"CZ004C","Plzeň","CZ","Czechia","Eastern",13.3775249,49.7477415,133735.535374744,FALSE,-1.94498687621183,-0.868979193768102,-1.4053216165613,0.226109018512337,-0.403392197870961,1821.26934633856,142.115571831947,84.7297751976276,196.976787708131,133.617610956255,75.0045929515886,189.153297842295,8.49796087569145,2.6551190268111,14.5737614869926,106.266125479455,7.80310568108187,63.3562164014253,4.65223748304811,147.288293389021,10.8153573277961,99.911822674386,7.33651017763393,56.0842656676223,4.11825922960688,141.438322516348,10.3857948426225,6.35430280506903,0.466595503447943,1.98535043013894,0.145783984787802,10.8974487941107,0.80019803310759,126.267087701353,81.9188744938117,167.02057965482,118.797361996849,72.4641738801958,160.534451327797,7.46972570450386,3.6038498035594,11.5363582487631,77.6047619047619,90,80,93,19.36,16.7,20.3708,1.30091258383531,1.15378191812594,1.4668054024715,1.21608520443097,1.08374794216442,1.36458226760955
"CZ005C","Ústí Nad Labem","CZ","Czechia","Eastern",14.0381357,50.6603327,73812.2189421171,FALSE,-2.51214045646763,-0.436488650847769,-1.50000540511009,0.648613279770466,0.380500656975296,1066.51606241166,81.961534918286,49.0422721977002,113.788666736911,75.9775589297247,42.6309686204037,107.305348822949,5.98397598856132,1.26881144916984,10.6711542127613,111.040605597509,7.68497895221103,66.4419426763999,4.59836226815031,154.159661324019,10.6691939059602,102.933579316055,7.12390198399078,57.755977575792,3.99721768127939,145.376131974974,10.0612970216599,8.10702628145335,0.561076968220249,1.7189720988673,0.118967870610475,14.457164905352,1.00056197828199,143.013766964091,92.6278486637591,189.568147047597,132.817048201055,81.2357686058567,180.122561454909,10.196718763036,4.15284569322579,16.5095293187132,75.6619047619048,87,79,92,17.83,15.81,19.4,1.28623461052056,1.14329133644005,1.447049776877,1.23671079026804,1.09870113156666,1.39205606950137
"CZ006C","Olomouc","CZ","Czechia","Eastern",17.251143,49.5940567,79433.9738622225,FALSE,-2.33069100669546,-0.00498583546207065,-1.36682163414287,0.99923437378608,-0.45106456205143,1104.79550784381,90.189795640239,59.6327074249714,117.740276622447,83.9668437407328,53.8758584631178,111.185863486688,6.22295189950619,1.45004028873217,10.8168819463802,113.540581258936,8.16348319665592,75.0720435168002,5.39762399481098,148.22407956911,10.6572008834681,105.706462434288,7.60021589014312,67.8247050268,4.87654575716599,139.972681814382,10.0639315327852,7.8341188246478,0.563267306512794,1.82546613020677,0.131249654658911,13.6174503432775,0.979084533706251,129.779235468574,91.6912560125673,163.6240204886,120.919827189835,83.0179167209722,154.316820397209,8.85940827873883,3.71343989668797,13.6081411353279,77.4190476190476,87,80,92,18.97,17.21,20.51,1.33605409861708,1.19332850666536,1.49585009028204,1.26815419760306,1.11853396575378,1.43778831768823
"CZ007C","Liberec","CZ","Czechia","Eastern",15.0583947,50.7702648,79779.7430898621,FALSE,-2.36896077357084,-1.34603348872018,-1.68130421312932,-0.598169224710008,0.282034639350205,1066.3685508088,77.6939257158999,36.4586174801345,116.607845069822,72.4127466409585,30.4858451374629,112.217082917225,5.28117907494141,1.6086611136642,8.58794071518295,97.3855300942587,7.28584180928553,45.6990911077119,3.41895092953388,146.162221829265,10.9350416402827,90.7658308192274,6.79059285704141,38.2125135488645,2.85884698253155,140.65861654985,10.5232926113689,6.61969927503127,0.495248952244121,2.01637790667267,0.150854140666853,10.7645630113269,0.805344522648319,118.986916100677,63.9707475507453,170.680465034625,111.03303945976,55.202218212638,163.259788752623,7.95387664091751,3.59203857569167,11.6760736025005,77.7952380952381,91,79,93,18.28,15.13,18.9208,1.22660787415777,1.08141893834385,1.39128955818919,1.31089384889791,1.12507499052218,1.52740279319585
"CZ008C","České Budějovice","CZ","Czechia","Eastern",14.474285,48.9747357,74415.2517482089,FALSE,-1.52133924575129,-0.623128370936324,-1.3374074341051,0.465838792275413,-0.629220426703259,1003.96368459372,81.6981708964462,47.3422652875914,113.027869169458,76.5010616136226,41.7570607632022,108.78425500563,5.19710928282367,1.55696926147769,8.62631871227586,109.786863548994,8.13756235909142,63.6190353125169,4.71553563282017,151.888042456537,11.258163109276,102.802933291782,7.61990326817253,56.1135785772669,4.15922023913645,146.185428994734,10.8354770869678,6.98393025721204,0.517659090918891,2.09227171164568,0.155082229105504,11.5921380491513,0.859226169696236,128.480693587317,82.9320039459216,171.696667531558,120.371024520823,75.160407923723,163.746181097633,8.1096690664941,3.96346195600051,12.1519743829416,77.6047619047619,90,80,93,19.01,16.36,19.92,1.32507523082287,1.18206200852423,1.48539108327521,1.24701493444112,1.08809846731947,1.42914110572185
"CZ009C","Hradec Králové","CZ","Czechia","Eastern",15.8327512,50.2092113,74157.2558695697,FALSE,-2.01027419711922,-0.0866295865788729,-0.929726301028281,0.278584869231094,-0.054560654314838,1002.2012037105,80.3414118832277,44.1043741313814,113.937471627442,75.8774297808286,39.0922070130256,109.560372036086,4.46398210239904,1.51811322421262,7.21423194856764,108.339246026761,8.01649524923497,59.4741183640258,4.40075046488586,153.64305257983,11.3687222890579,102.319629941923,7.57107749421015,52.7152826174991,3.9006346099259,147.740596319778,10.9319737025315,6.01961608483793,0.445417755024822,2.04715399243296,0.15147788873053,9.72828870752213,0.719838683276177,119.462311539136,71.8396177042553,162.677651844527,112.871650464282,64.9845653279166,156.77210477086,6.59066107485446,3.33066989612104,9.62311420727051,77.7952380952381,91,79,93,19.96,16.8,20.66,1.33651472915188,1.17970937234713,1.51416243958968,1.28901897142265,1.12040686241674,1.48300582977819
"CZ010C","Pardubice","CZ","Czechia","Eastern",15.7791356,50.0385812,70767.5753792441,FALSE,-1.76622880927102,0.262578124573136,-0.846418532146139,0.77698713158015,0.0801890411894327,952.47574465358,77.4832495612008,44.2982061809029,109.407507565566,73.233595561019,39.7973923824416,105.758594451091,4.24965400018176,1.30453631154356,7.00057466195516,109.48976158356,8.13493151884742,62.5967555670918,4.65084874124688,154.60118137332,11.4866450069401,103.48467524648,7.68876225689657,56.2367612132632,4.17831032504834,149.444987883687,11.1035472603615,6.00508633707998,0.446169261950852,1.84340964707713,0.136962680558131,9.89234776582214,0.734987184844408,126.23544186398,81.6922147349271,172.721588930252,119.369003736834,73.7992997060077,165.502722571083,6.86643812714644,3.28752066560938,10.0376338147204,77.7952380952381,91,80,93,19.9896,17.15,20.7108,1.36981897049177,1.21815613012843,1.54036413355431,1.27541689744586,1.11506150931468,1.45883276276856
"CZ011C","Zlín","CZ","Czechia","Eastern",17.6667415,49.226766,60495.8010295826,FALSE,-3.12761095700852,-1.00727288121079,-1.53384072825153,-0.0600273912782422,0.484406159998227,839.020358176193,61.6511621856073,33.0753405720065,89.4807350579168,57.7153031030604,29.1459747931805,86.295280026843,3.93585908254684,0.717635332163539,7.02615655849204,101.909820411271,7.347993595724,54.6737790211796,3.94213802438638,147.912307193288,10.6649063024435,95.4038166629738,6.87889185770392,48.178508751257,3.47381020128476,142.64672681108,10.2852426864142,6.50600374829683,0.469101738020082,1.18625643424841,0.0855325291180643,11.6142879983624,0.83742384675445,115.038826458727,68.2763829381057,162.202756466149,107.77474187684,60.9806799228977,155.177824261141,7.26408458188724,2.5608699298392,11.6793492057025,77.4190476190476,89,78,93,19.62,16.7768,20.94,1.24993080251383,1.10068782928655,1.41940972681196,1.31215594166446,1.11573345165681,1.5431581913123
"CZ012C","Kladno","CZ","Czechia","Eastern",14.1025379,50.1478497,53592.6053953754,FALSE,-1.58794711992897,-1.27484150106936,-1.56042803403054,0.217636976639019,-0.164296292200556,686.641993442827,52.4504829855414,27.3587152087643,75.9705804300533,49.3437438232279,23.7287952548094,73.2891751049687,3.10673916231355,1.08007383267691,4.9060903930788,97.8688806013291,7.63869432490641,51.0494218501367,3.98442208167135,141.755714001187,11.064074314642,92.071925705418,7.18624032529937,44.2762487095972,3.45577396684306,136.752401873884,10.6735643617566,5.79695489591113,0.452453999607035,2.01534115519996,0.157297957740892,9.15441665297758,0.714504856960414,124.458499090704,70.7504717938018,174.075123476839,117.185078042312,63.0236389988889,167.497318828312,7.27342104839269,3.64521750132636,10.5910378258925,77.3190476190476,91,80,93,19.73,16.74,20.44,1.27870713732618,1.14024539784372,1.43398249722471,1.24164072034399,1.10196575483278,1.39901958990574
"CZ013C","Karlovy Vary","CZ","Czechia","Eastern",12.8699868,50.2306147,40017.6690058122,FALSE,-2.96335343892894,-0.910993076464631,-1.40531062718888,-0.264516773979716,0.85859326738285,577.276263859099,41.5729294870881,18.7474136013152,62.79590869011,38.3621464102863,15.5127849987411,59.7108317917992,3.21078307680183,0.756447533994482,5.41240487301633,103.88643446736,7.20156571295216,46.8478401342975,3.24756356271926,156.920456014041,10.8779647841951,95.8630209188709,6.6453704771845,38.7648390926719,2.68723763125786,149.211169154122,10.3435452884606,8.02341354848902,0.556195235767655,1.8902838490783,0.131037352711788,13.5250378332387,0.937576202567959,128.37796716168,65.025570016426,185.1453446038,118.672155443567,55.0203222157971,175.624774695718,9.70581171811391,4.07200538386794,14.915309174709,75.6619047619048,90,77,93,17.93,14.5,18.87,1.25050931621012,1.09225099336839,1.43169798830377,1.26928381761844,1.08794799877578,1.48084413177921
"CZ014C","Jihlava","CZ","Czechia","Eastern",15.5903065,49.396064,40069.0083591837,FALSE,-2.67936250444376,-1.59605354614611,-1.8169370871623,-1.04518385849958,-0.531054440657573,532.231863716776,38.9644733960144,19.1571817395206,57.3906063023619,36.2648707573502,16.1208177812353,54.913908291054,2.69960263866418,0.746661583906624,4.50303720838328,97.2434182716276,7.32095841160482,47.810471294406,3.59940526779791,143.229415082862,10.7830083493276,90.5060350689673,6.81373537166658,40.2326347503443,3.02890880464344,137.048333711678,10.3176664222186,6.73738320266026,0.507223039938239,1.86343913783305,0.140288779159595,11.2382047691759,0.846066820753058,111.383715250252,60.8842868774628,159.232401965174,103.73573597781,53.0254664992569,150.819346515898,7.64797927244116,3.1187291014415,11.5257495054191,78.1190476190476,90,79,93,18.28,15.42,19.2108,1.19367143628029,1.0648089554624,1.33812876993761,1.2803849117786,1.09108485636688,1.50252797730982
"CZ015C","Havířov","CZ","Czechia","Eastern",18.4368451,49.7801136,61472.6857285714,FALSE,-2.81643927286997,-0.525171200115782,-1.59257042714746,1.40735184385626,0.235613824646053,881.774826170566,70.7819452005199,44.6395444431406,96.062063979206,65.618014249792,39.893190477732,90.1706297543129,5.16393095072785,0.62583804663633,9.73023327417456,115.143733125722,8.02721319544999,72.6168767706743,5.06246528232206,156.267881971778,10.8941717463619,106.743366540912,7.44158398519524,64.895798849391,4.5241924915211,146.684057619437,10.2260381083811,8.40036658480947,0.585629210254747,1.01807500228586,0.0709748144380878,15.8285475229401,1.10348276968075,138.087527414011,93.2600276650842,179.817354686513,128.20417602776,83.1324444626207,169.547976348101,9.88335138625048,2.95283606494143,16.7161667500124,76.2571428571429,85,79,92,18.216,16.8324,20.25,1.30906143313405,1.15872303312538,1.47890547329228,1.29587458699316,1.1304968142992,1.48544509278931
"CZ016C","Most","CZ","Czechia","Eastern",13.636112,50.5032737,52540.3282172093,FALSE,-2.344970913468,-0.240317946834297,-1.43230601929599,0.456243172003197,-0.565069998508345,759.157559156656,59.8862925567044,38.5215220627238,79.9010646812177,55.798462530823,34.7382274184487,76.0792307213637,4.08783002588142,0.781843124367652,7.36006285970044,113.981572991181,7.88851956150338,73.3180080327444,5.07424599782911,152.075686225056,10.5249646423832,106.20120662388,7.3500503100844,66.1172638184441,4.57589165772638,144.801590136326,10.0215337124325,7.78036636730122,0.538469251418977,1.48808191896975,0.102988255196484,14.0084067028909,0.969503994385131,146.645177971584,101.192312050577,188.596225820652,136.841961015862,91.9154417080955,179.7909019866,9.80321695572245,4.13917882870258,15.5731324668625,75.6619047619048,87,80,92,18.53,16.698,20.1652,1.27860634581767,1.15408801831932,1.4165593625571,1.23915881031101,1.10037633388468,1.39544491269685
"CZ017C","Karviná","CZ","Czechia","Eastern",18.5416556,49.8542719,45776.1417642857,FALSE,-3.32216485742889,-0.265828570501351,-1.6249148671462,1.28149030578327,0.410071614909831,656.620887286232,53.5656671772936,33.286535176271,73.390839795464,49.2205140285318,29.6391791261175,68.2042519045309,4.34515314876187,0.494311619911705,8.10247382908526,117.016561712689,8.15777691731324,72.7159037292236,5.0693689190793,160.325525408791,11.1770492252818,107.524383077067,7.49603233487693,64.7480936220836,4.51389526285314,148.995195479195,10.387158438778,9.49217863562266,0.66174458243631,1.07984552839131,0.0752811294131474,17.7002113258194,1.2339652889466,140.172597661027,94.3838654069464,184.484336943109,129.0245914753,84.2664740265302,171.832321390055,11.1480061857265,3.62526774300504,18.9314741360048,76.2571428571429,84,78,92,17.95,16.63,20.23,1.30286763332895,1.14377575185794,1.48408817656682,1.29917355621185,1.12526638118751,1.49995766102862
"CZ018C","Chomutov-Jirkov","CZ","Czechia","Eastern",13.4178324,50.4606456,54402.5050090425,FALSE,-2.12167735051756,-0.678732227275527,-1.6985772266492,0.7083177248183,0.00603401452926994,786.064235151559,61.278381879602,37.4539299561693,83.7915014598692,57.0717614938033,33.4220657407854,79.7995741871363,4.20662038579865,0.913274999041139,7.30169999161292,112.638897546017,7.79559470324802,68.845965732541,4.76474164340372,154.021402959187,10.6596252205411,104.906495545228,7.26044500457389,61.434791900171,4.25182373732362,146.683639243951,10.1517879352125,7.73240200078921,0.535149698674127,1.67873703405632,0.1161832529965,13.4216245932044,0.928893551581711,145.057648088413,96.824831701028,190.360931157661,135.312158134313,87.5958002823447,180.557973204443,9.74548995409977,4.27024013098769,15.1647944435488,75.6619047619048,88,79,93,17.73,15.37,19.37,1.28327528251803,1.15033734030395,1.43157610643728,1.24166226758615,1.10251871786636,1.39836645107558
"DE001C","Berlin","DE","Germany","Western",13.3888599,52.5170365,2805373.9134533,TRUE,1.26848639709242,-3.69050045098086,1.53412088056158,2.44031527140316,1.26321234308778,33709.5416926187,1925.82062047733,1118.14575877312,2680.64734350568,1673.73317494043,857.735966883393,2436.10088009951,252.087445536902,197.720379630844,299.80380289889,68.6475557230346,5.7129836947591,39.8572808213195,3.3170007737541,95.5540126273545,7.95219160185927,59.6616788554981,4.96516146734477,30.5747466592628,2.54449014675037,86.8369406451337,7.22673984212882,8.98587686753643,0.747822227414324,7.04791538420839,0.586541286837305,10.6867680440446,0.889373713925447,73.1516385679688,44.132612923037,99.5916994590127,63.6896779238194,34.6352015656389,90.9990079675788,9.46196064414938,7.72351955128303,10.9458675565075,80.0333333333333,92,91,92,20.61,20.18,20.61,1.23072713341894,1.15931799857178,1.30653477199493,1.44702809736853,1.34958522776444,1.55150654549063
"DE002C","Hamburg","DE","Germany","Western",10.000654,53.550341,1421649.56786051,TRUE,1.26843737318534,-2.36508056902472,0.561449260878655,0.500833745465725,0.699665361672215,17144.7591842153,874.059258304199,614.611056806316,1158.95700376748,800.735070573327,544.605290342059,1079.17462355207,73.3241877308727,51.4557173836435,93.1029312315204,61.4820471981432,5.09811335879782,43.2322472922258,3.58483341878706,81.5219889604465,6.75983250225234,56.3243635193714,4.67043638216009,38.3079840949591,3.1765117520196,75.9100307100405,6.29448691554464,5.15768367877189,0.427676976637736,3.61943748634771,0.300125051806019,6.54893676587502,0.543040180565717,62.9773753363847,46.285656481001,81.5554865580541,57.7102669133599,40.6989542292527,75.9681102943592,5.26710842302476,3.89732573215552,6.44109649808848,80.2857142857143,93,92,93,19.49,19.1752,19.49,1.32834627262529,1.27588944684044,1.38295980452463,1.20343798995295,1.14855004808764,1.26094896611025
"DE003C","Munich","DE","Germany","Western",11.5753822,48.1371079,1100989.23032571,TRUE,0.647492609167621,-4.85809795583248,-0.971448823542722,-0.195948253945204,0.45459134586545,10437.0796132249,680.214018393536,433.579654361486,945.195085470647,627.919038957843,385.903708504812,888.854678930931,52.2949794356929,33.1817978196516,69.4966941788971,61.7820773952805,6.51728302936035,39.3809169444116,4.15422388665211,85.8496213619657,9.05612604768275,57.0322598679808,6.01623310568793,35.0506342728391,3.69742995939047,80.732368169303,8.51631597985184,4.74981752729971,0.501049923672418,3.01381674821971,0.317922245008141,6.31220472141561,0.665863409634601,69.7717084915286,45.4259671858177,95.0848371938891,64.4775074249063,40.1581440996209,89.67086049732,5.2942010666223,3.68877091443107,6.76862053755877,81.3428571428571,92,91,93,19.6252,19.3096,19.9116,1.20865410086523,1.13775616800098,1.28396995474438,1.31952907960235,1.21459557742476,1.43352818360158
"DE004C","Cologne","DE","Germany","Western",6.959974,50.938361,820814.981621428,TRUE,0.744084223143102,-2.11139928163169,-0.183491727419794,0.475053209626903,0.562408673720848,9283.97171524743,356.749710568312,254.964978103628,469.319558859549,293.853868413185,193.944550370627,405.388767097678,62.8958421551268,47.9647168427082,76.3781662367632,43.4628653906381,3.84264107550444,31.062417696126,2.74629206037852,57.1772652020143,5.05515929231847,35.8002564515465,3.16517410248652,23.628290749215,2.08902564892679,49.3885682126412,4.36654461615703,7.66260893909162,0.677466973017922,5.84354792695904,0.516640057874518,9.30516230172684,0.822688484835906,48.8160012019888,36.6118600304533,62.0746854844768,40.4520878971686,27.8860687559529,54.4979613977898,8.36391330482016,6.93965724255698,9.62359296243998,80.2523809523809,91,64,92,19.6196,13.72,19.9452,1.18452485206553,1.14429445113702,1.22616964870073,1.42891900381759,1.3643213380976,1.4965752293504
"DE005C","Frankfurt Am Main","DE","Germany","Western",8.6820917,50.1106444,552395.821208226,TRUE,0.455573388363145,-3.67185418388759,-1.14115134085815,0.0737572958643705,0.95919782884854,5451.7192983437,316.779754500703,208.685564864252,430.202246223663,284.502733129695,176.855693844316,397.742205614284,32.2770213710083,25.714560707536,38.0825319165177,57.3465153678802,5.81063949123252,37.7782663901775,3.82788535953518,77.879344793504,7.8911298010953,51.5034187817383,5.21858734025669,32.0161172576376,3.24403521468993,72.0031163060436,7.29572055801044,5.84309658614189,0.592052150975831,4.65509689253115,0.47167800285221,6.89406589521655,0.698541686254604,69.3701742597472,46.9647830434976,92.5304644455039,62.4506803818524,40.0634845503916,86.0696283164012,6.91949387789476,5.84850378089043,7.92817540794795,80.8333333333333,92,91,92,20.83,20.4596,20.83,1.12962865127855,1.06996416693927,1.19262021030077,1.40392671235112,1.33269963991966,1.47896056591704
"DE006C","Essen","DE","Germany","Western",7.0158171,51.4582235,471341.961340471,FALSE,0.295656771592697,-1.92025331472036,-0.36997547915488,-0.216968430032953,0.466476837103424,7403.31844218485,296.211135106976,158.894474948611,435.061939410904,246.095649518756,108.352374458199,384.748899438781,50.1154855882197,27.8840794355775,70.3037347562178,62.8442106585561,4.00105894971551,33.7110819704495,2.14626016953714,92.3028236598352,5.87658011482901,52.2116997219754,3.32412622043216,22.9880603352289,1.46356495812467,81.6283995476608,5.19697892834709,10.6325109365807,0.676932729283353,5.91589158671057,0.37664298318834,14.9156537127053,0.949624621786091,54.4381215760343,35.6083656695164,72.4183911542928,44.8741522344013,25.0574910136345,64.7213969682431,9.56396934163306,7.00865708044488,11.8270946502776,79.5619047619048,91,60,92,19.3,12.67,19.65,1.17892338472177,1.10169530602754,1.26156509829868,1.35279734561256,1.2438148555329,1.47132883174347
"DE007C","Stuttgart","DE","Germany","Western",9.1800132,48.7784485,492853.31953437,TRUE,-0.349375527405219,-4.08547913688086,-1.30910779089487,-0.713484375445145,1.16204136557546,5231.08196716493,212.371094620787,109.872631169513,316.638835796107,174.131308399427,72.6666411627183,277.327159482445,38.2397862213602,22.1787318856409,52.9550736807565,43.0901215845371,4.05979290620608,22.2931705671205,2.10038060690263,64.246059272819,6.05302761041833,35.3312641911269,3.32878187519207,14.7440705545762,1.38913214548808,56.2697152459993,5.301525788034,7.75885739341023,0.731011031014009,4.50006746562945,0.423979819564194,10.744591054147,1.01231588442221,44.3247480395821,27.7535265906317,61.4664896263399,36.2250113246501,17.8397105934224,55.1118483412125,8.09973671493194,5.32659246581445,10.6078970311654,81.352380952381,91,62,92,19.71,12.82,20.1,1.11730579703645,1.05318332838584,1.18533232576381,1.3455783830663,1.25687431961138,1.44054274697501
"DE008C","Leipzig","DE","Germany","Western",12.3747329,51.3406321,430969.651921815,TRUE,-0.839877245080738,-1.44417368866402,-0.290719539178586,0.41041794052841,0.541301161425734,5824.16984358453,308.654387622776,231.005312836205,381.615398931967,257.895701917824,185.817289635846,329.310945127893,50.7586857049521,33.2887831462532,67.7094893489634,71.6185899045095,5.299543040675,53.6012946169382,3.96632170833175,88.5480908528564,6.55227112499691,59.8408033530424,4.42802508930784,43.1160961815374,3.19045107931611,76.4116321553972,5.65421259976882,11.7777865514671,0.871517951367164,7.7241594617647,0.571562712631426,15.7109645765143,1.1625603505287,67.1366710910247,51.9051773387869,81.4631197949718,55.8702806106973,40.6053007531558,70.2439332515332,11.2663904803274,7.74952595294378,14.5575032736748,79.9523809523809,80,73,90,17.26,15.73,19.88,1.26095999614208,1.20485171785175,1.3196811593593,1.36986785866889,1.29617280983685,1.44775290452998
"DE009C","Dresden","DE","Germany","Western",13.7381437,51.0493286,417033.310257216,TRUE,-1.33858749992647,-2.10948075232331,-0.790985741310915,0.0202378769064271,0.496397102557116,5142.26490131371,279.160165299566,164.943535451786,393.978645360203,245.017023742626,131.758101428199,359.182929479436,34.143141556939,25.4740668143955,41.8307134693426,66.9395365869902,5.42873948847419,39.5516452510838,3.20760479316512,94.4717449829621,7.66157817462013,58.7523868516656,4.76476860770108,31.5941432464792,2.56225814804948,86.1281151037793,6.98491688725866,8.18714973532459,0.663970880773108,6.10840098089137,0.495386124660509,10.0305449086411,0.813468661613601,58.6014377232113,35.3401829020449,82.2910834603268,51.2868176452231,28.1388995326033,74.720527641202,7.31462007798818,5.6582778890133,8.75536605583535,80.4190476190476,91,81,92,19.69,17.03,19.98,1.19108307739947,1.12086402867347,1.26570115640735,1.28441390391866,1.21135496369175,1.36187915683431
"DE010C","Dortmund","DE","Germany","Western",7.4652789,51.5142273,470742.867381054,TRUE,-0.283655765797674,-1.37681026308958,-0.430422912881504,0.12277378699689,0.240886549261038,6948.05073084986,352.089060956809,241.908150447927,472.378765109105,313.188874416511,203.84291252606,431.751274970813,38.9001865402983,30.4527624443278,46.3046978955484,74.7943485401346,5.06745092394775,51.3885960277565,3.48166931732144,100.347514076454,6.79872360476166,66.5307742545131,4.50757898220186,43.3023900415372,2.93381439517968,91.71700834743,6.21399140126892,8.26357428562153,0.559871941745885,6.46908632174284,0.438292171775824,9.83651609065505,0.66644156309844,69.7386158212403,49.5911822064221,91.7220859259171,61.9501208209675,41.4941977980658,83.8790171076766,7.78849500027278,6.38212311592758,9.0127455713349,79.3666666666667,92,91,92,19.6,19.2696,19.6,1.22399290595418,1.17786501871287,1.27192726672815,1.32697311822797,1.25954204203819,1.39801419700944
"DE011C","Düsseldorf","DE","Germany","Western",6.7763137,51.2254018,481492.150757143,TRUE,0.841817363199566,-2.09567107488243,-0.254139219541068,0.0988283922336224,1.07710377181699,5981.48544113441,254.630479756294,185.70748210938,327.331364255386,199.114383002882,131.869047428884,270.845173318387,55.5160967534114,42.8172359714269,66.6699517112336,52.8836200872411,4.25697733885986,38.5691608507753,3.10470507597123,67.9826999756195,5.47240927820943,41.3536093350175,3.32884506637066,27.3875798850554,2.20462038613396,56.2512125883019,4.52805872360396,11.5300107522236,0.928132272489199,8.89261349413425,0.715829477356489,13.8465292957311,1.11460526598873,52.5350400872032,41.3998637482056,64.5266545115765,40.9351127297632,28.659862907105,54.0817353137559,11.59992735744,9.55065129394794,13.6408574425103,79.5619047619048,91,61,91,19.5996,13.2116,19.5996,1.21920687973576,1.17528608585703,1.26476900686786,1.50236537250332,1.43161715758534,1.57660985029266
"DE012C","Bremen","DE","Germany","Western",8.8071646,53.0758196,445956.585965739,TRUE,0.388263851034764,0.183027193258836,0.686037120196351,0.883758416491499,1.33232563819484,6164.56608461844,296.053623322855,168.245434768986,418.247475981189,270.862766101134,143.733928858327,388.847533420735,25.1908572217202,9.995638830991,39.0672440217954,66.3861982622675,4.80250546849607,37.7268640185328,2.72923402003564,93.7865902519313,6.78470260907386,60.7374741455088,4.39386588420196,32.2304756520335,2.3316146973745,87.1940331542964,6.30778432874571,5.64872411675865,0.408639584294106,2.24139280493974,0.162146673322745,8.76032449149587,0.633738749581651,60.6599277853102,36.5572122902167,82.3834361664074,55.3628481001294,30.4367517112935,78.2665621612357,5.29707968518088,2.73434864582594,7.54363025635277,79.4380952380952,92,66.975,93,19.2,13.8355,19.5708,1.41850996502479,1.33177736007047,1.51089107023727,1.2163349905527,1.12523162405707,1.31481445918533
"DE013C","Hannover","DE","Germany","Western",9.7385532,52.3744779,419213.968533867,TRUE,0.110898548842203,-1.66324487109693,-0.442849151585299,0.530310908350164,0.582783363767842,5781.52114726957,215.525611891915,158.223892103857,270.20892210158,166.53259601658,112.744154592872,221.003276414219,48.9930158753355,32.2204060159922,64.4491186918134,51.411839315775,3.72783574429545,37.7429914029867,2.73671734606698,64.4560874358726,4.67366485771987,39.7249635070607,2.8804287275716,26.8941788812946,1.95007769963996,52.7184905567776,3.82258009241378,11.6868758087143,0.847407016723849,7.68590944826525,0.557299803896918,15.3738003810354,1.11474328381988,46.6805064920719,35.7933301936176,57.1317673734622,35.904956928298,25.1195781260994,46.6275937975472,10.7755495637739,7.56460141313805,13.7855604090285,79.9761904761905,76,67,84,15.85,14.08,17.5404,1.21101110173426,1.16259674613031,1.26144159047838,1.28640699755842,1.22273840055552,1.35339085009143
"DE014C","Nuremberg","DE","Germany","Western",11.077298,49.453872,407584.779716981,FALSE,-0.792433594082074,-3.13563430182826,-1.30201704523714,-0.100480286422335,0.205385334873233,5625.77328708923,273.357274103035,125.542300686193,418.361749856196,234.066125173871,86.6682303005976,377.61911522643,39.2911489291644,18.3858910791325,58.8183799531801,67.0675863541443,4.85901688804936,30.8015183426051,2.23155634398392,102.644105147081,7.43651989703012,57.427592202143,4.16060358690665,21.2638534640028,1.54055675331772,92.6479922750405,6.71230595255304,9.6399941520013,0.698413301142705,4.51093661836423,0.326815357478533,14.4309559336397,1.04551635751416,63.2915022820941,35.893919968392,89.7713871998218,54.0878560291941,25.7859422983029,81.6727614496901,9.20364625289999,6.29992945498814,12.12383087909,80.1666666666667,90,76,92,19.7,15.94,20.4,1.13303574865085,1.04304389415444,1.23079193015314,1.33880883542749,1.19597408753345,1.49870228502638
"DE015C","Bochum","DE","Germany","Western",7.2196635,51.4818111,308136.736302545,FALSE,-0.0737020904832709,-1.50081524319371,-0.531947272842776,-0.068961869404505,0.236134228018258,4655.12510388571,192.570011189207,103.14498444272,281.110313206753,160.097359926958,69.9000397136463,250.06236883644,32.4726512622488,18.5358289860412,46.0295457207474,62.4949863167668,4.13673117030659,33.4737706644126,2.21572959138355,91.229081147515,6.03872735819937,51.9565962332276,3.43916342427237,22.6847472172272,1.50157166893967,81.1530529715599,5.37176473791669,10.5383900835392,0.697567746034222,6.01545573840365,0.398181113770047,14.9380259793344,0.988792882973774,54.231817778396,35.9543220141988,73.1356807971683,44.796286732194,25.8543765394533,64.2410588883976,9.43553104620204,7.03919737460661,11.7292176429186,79.3666666666667,91,62.975,92,19.33,13.28475,19.65,1.17572846625196,1.09881955751173,1.25802040644915,1.35448859465091,1.24082534534179,1.47856373173458
"DE016C","Bielefeld","DE","Germany","Western",8.531007,52.0191005,259975.232541042,FALSE,-0.960226101478886,-1.61296287817177,-0.690524185110476,-0.770889983313647,0.281394333277741,3545.23178313225,131.269266991523,61.6582420337111,201.078321046408,109.695880658093,40.6626963251888,181.539676932026,21.5733863334303,8.104083260331,33.9085409167205,50.4929895469175,3.70269914695239,23.7169677399854,1.73918789533234,77.3451836473168,5.67179618560096,42.1947427783433,3.09418078614806,15.6409885386945,1.14696862751419,69.8296045964171,5.1206715960228,8.29824676857422,0.608518360804326,3.11725204786637,0.228591069810701,13.0429889744852,0.956454838243662,44.5643124647596,27.7885063100665,60.6072276968944,36.9309381681157,18.9751412547835,54.2235354680799,7.63337429664392,4.58825997982563,10.4115804927585,80.3904761904762,90,62.975,92,18.84,12.97425,19.49,1.15081795534623,1.06702755710458,1.24118815632188,1.28752050880518,1.17232705369184,1.41403293165808
"DE017C","Halle An Der Saale","DE","Germany","Western",11.9705452,51.4825041,193525.23617584,FALSE,-1.26214812623515,-0.658693791954584,-0.272904685491511,0.650318914910918,0.807195863354179,3031.82527380801,146.322774957626,80.3105464056842,209.86110373955,125.178701464759,62.9538554495633,186.288488590235,21.1440734928666,5.90198611761716,35.4077489203124,75.6091442382608,4.82622716492637,41.498746102918,2.64891737328956,108.441207920226,6.92193925397164,64.68339940483,4.12882307388159,32.5300496687484,2.07643415316254,96.2605664622316,6.14443352654865,10.9257448334308,0.697404091044778,3.04972428105166,0.194667752413192,18.2961920729245,1.16786904661692,65.1118482729414,42.0195906711718,85.3852260581705,55.4708155880716,32.9206420323486,75.4845226911353,9.64103268486981,4.68633639651574,14.0653711253209,78.8619047619048,82,68,92,17.82,14.76,20.6752,1.21856483345782,1.12336355943881,1.32183409445993,1.31238708501974,1.17620140220998,1.46434093488619
"DE018C","Magdeburg","DE","Germany","Western",11.6399609,52.1315889,191462.265589707,FALSE,-1.24266040484554,-0.392540848074534,-0.0872959758072382,0.364514804633155,0.445391906198676,2956.66191500355,134.590141851126,75.9565435942154,194.463242347762,114.328439383572,57.7526868188964,171.025723526545,20.2617024675539,4.91751906311363,34.157296262004,70.295909972958,4.55209779542768,39.6718086251972,2.56899658391022,101.567398541332,6.57712135976592,59.7133012248856,3.86680799733693,30.1640047144628,1.95330709019625,89.3260732080984,5.78441933650504,10.5826087480724,0.685289798090751,2.56840116665683,0.166319965030825,17.8402235849445,1.15526554080036,60.6797225072903,41.5367309787463,79.9826327232141,51.3442015125859,31.7165762651193,71.462002089257,9.33552099470442,4.94234342330843,13.4653093493904,78.8619047619048,82,69,92,17.65,14.8364,20.41,1.22947235226663,1.12613574684909,1.34229134384329,1.29575232188157,1.1619068584578,1.44501606771646
"DE019C","Wiesbaden","DE","Germany","Western",8.2416556,50.0820384,217756.111929123,FALSE,-0.791563412494864,-2.66593028820428,-1.20351637717562,-1.24907196572028,0.397180693085886,2775.97219102109,116.833477174466,55.8880360572706,179.65214521051,101.741064060913,41.3228794217495,164.847810670456,15.0924131135532,6.76064612958216,22.5924394856162,53.6533629937762,4.20874090714471,25.6654270514628,2.01327795134408,82.5015397358789,6.47168389480258,46.7224837730517,3.66506063677422,18.976679485901,1.48859126022259,75.7029546542014,5.93838119861783,6.93087922072454,0.543680270370496,3.10468719784209,0.243541565418038,10.3751115343985,0.813856837568173,49.7448513001681,29.9236885001561,69.9486809329928,43.1943798203071,22.5835707805152,64.4113769950363,6.55047147986097,4.41784108857488,8.56560023043206,80.8333333333333,91,62,92,20.09,13.12,20.46,1.09130243943626,1.00263608937032,1.18780984142258,1.33692906894001,1.22433867313633,1.4598732969842
"DE020C","Göttingen","DE","Germany","Western",9.9351811,51.5328328,97574.2967753573,FALSE,-1.41344601383945,-1.63903408721143,-0.935213275346776,-0.719904148537728,0.86249430965925,1452.6362708181,57.4875249288159,24.4319605599909,88.5379079284673,46.5164689716129,13.3788940598334,77.1964760103423,10.971055957203,4.62262760627971,16.6225985027553,58.9166684553904,3.95746175995179,25.0393406536559,1.68190489600203,90.7389659515618,6.09498122187218,47.6728713492105,3.20221034722035,13.7114942172069,0.921007848186158,79.1155853145114,5.31423299563261,11.2437971061799,0.755251412731441,4.7375464226222,0.318223336367357,17.0358373589154,1.14430562121334,50.2709983104283,28.7208945226626,69.4104480247172,40.4101851303667,17.7084297959694,61.1911605393695,9.86081318006164,6.19627122579107,13.0846861684146,79.8095238095238,90,62,92,18.29,12.0372,18.9152,1.13783272479901,1.04187864253426,1.24262390720901,1.29205802951258,1.17132540830953,1.42523498575623
"DE021C","Mülheim A.d.ruhr","DE","Germany","Western",6.8829192,51.4272925,137997.957151636,FALSE,-0.0540700325499525,-1.21231444961416,-0.439620922253288,-0.821313207538492,0.239582880963529,2202.78210663647,83.8698961945846,40.5702096491692,129.207455226696,70.0213087037865,26.4682594790252,116.740912227938,13.8485874907981,7.21178431807204,19.9086028275734,60.776186782552,3.80745312674841,29.3991378470838,1.84177134574231,93.6299767718438,5.86564848322602,50.7408298999999,3.1787669099376,19.1801821022184,1.20158318879033,84.5961162306627,5.2997031288853,10.0353568825522,0.628686216810803,5.22600802716776,0.327394357178798,14.4267373506821,0.903793560315993,47.9954533645202,30.2880198322606,68.1363848574148,39.6603959814869,21.3461658308679,60.8949927263211,8.33505738303332,6.0504094120703,10.6234290072574,79.5619047619048,91,59,92,19.39,12.61,19.74,1.16836789735964,1.08996452147504,1.25241098832577,1.33173840325074,1.21994130239467,1.45378074437803
"DE022C","Moers","DE","Germany","Western",6.62843,51.451283,85691.9474785714,FALSE,0.443027342940517,0.730693237366682,0.286361230801485,0.0987014759044672,0.369746936536526,1285.49760715538,52.8739976838633,24.4135943493748,81.5443187092863,44.87756882038,16.5141662888483,73.7831396041788,7.99642886348338,3.93457012410977,11.6666858876419,61.7024110662035,4.11311521620533,28.4899515855673,1.89915517644553,95.1598383613323,6.34340493948737,52.3708121251443,3.49106591646542,19.2715497485664,1.28465165527548,86.1027690176249,5.73965592728331,9.3315989410592,0.622049299739913,4.59152842231024,0.306073702682061,13.6146816952192,0.907561851745379,53.2129045126672,29.9622470041343,76.8865941031147,45.0575082942187,20.8469864379033,70.6313275235564,8.15539621844853,5.50226669396331,10.387549980661,79.5619047619048,91,59.975,92,19.53,13.02476,19.87,1.27159246239409,1.18169167769254,1.3683327224364,1.32898842447668,1.20845934827016,1.46153880552228
"DE023C","Darmstadt","DE","Germany","Western",8.651177,49.872775,117651.860342759,FALSE,-1.00167872409589,-2.98286144960747,-1.35195445870548,-1.22024249469771,1.0457657684181,1330.33751787234,59.2348527650423,25.0824583876727,92.722591423994,50.055421385704,15.642483480389,83.8291010678729,9.17943137933832,4.82416073236025,13.1210833994156,50.3475700192682,4.45261837460457,21.3192195300603,1.88542065834451,78.8109862044358,6.96985465555303,42.5453717772722,3.76261066934047,13.2955683274512,1.17582818421949,71.251827913006,6.30134082078238,7.80219824199598,0.690007705264099,4.10036927448988,0.362626827218683,11.1524657248848,0.986297328545663,52.8964143840874,28.9746166536263,76.9003873567381,44.6415909279711,19.8530145473396,71.1660298880338,8.25482345611634,5.78258097035296,10.4446339811366,80.8333333333333,91,60,92,20.53,13.08,20.96,1.09750454142763,1.01092047882343,1.19150441967124,1.2943283864268,1.19199706848412,1.40544470804838
"DE024C","Trier","DE","Germany","Western",6.6441878,49.7596208,85786.9852129179,FALSE,-1.26130872047185,-1.86198648321787,-1.03459128441697,-1.04543242753809,1.03099302825462,1075.45257360524,46.4952595254012,19.7965384015114,71.9272720622454,39.4376658674095,12.5254211130243,65.1559159899319,7.05759365799169,3.25681906431824,10.404304975916,54.1985004018999,4.32332030872686,23.076388979491,1.84076349691064,83.8440375118982,6.68809335042301,45.9716188528221,3.66707624634738,14.6006076352223,1.16466512986577,75.9508168147173,6.05846483508887,8.22688154907785,0.656244062379477,3.79640228204199,0.302832420903545,12.1280692521052,0.967435034446714,54.6861937120562,31.6699451072948,76.6116702503679,46.2208086346856,22.5864382204044,69.7901351837059,8.46538507737055,5.58778990743424,10.7403511967808,80.2809523809524,91,63,92,18.9096,12.48,19.26,1.13483629868526,1.04656682500899,1.23055059078774,1.33770322425858,1.21712399378522,1.47022811589366
"DE025C","Freiburg Im Breisgau","DE","Germany","Western",7.8494005,47.9960901,175220.61815688,FALSE,-1.47364376253603,-2.95319910936724,-1.49135472452852,-1.17240106071965,1.23649952027581,1805.39618818741,76.6992421983405,27.877236721366,126.497863650546,64.9257903547584,15.1416270468178,114.578429699656,11.7734518435822,4.79244025513186,17.8934040668874,43.7729549211324,4.24833300857611,15.9097924745402,1.54410632434947,72.1934809848059,7.00665396760077,37.0537389022499,3.59620734659592,8.64146423297121,0.838687217015772,65.3909516499202,6.34644242905439,6.7192160188826,0.652125661980184,2.73508922953408,0.265450890308093,10.2119283992406,0.991106782210064,47.4195867724134,21.8310630933386,71.5360374365159,40.1157964695247,13.7290175014528,65.400955429398,7.30379030288875,4.73470931192001,9.58440181411055,81.2761904761905,90,65,92.025,19.9,13.72,20.5995,1.11456894382278,1.02152719580958,1.21608502997289,1.30776353248394,1.17425079000814,1.45645672240341
"DE026C","Regensburg","DE","Germany","Western",12.0974869,49.0195333,112565.032281103,FALSE,-0.718314065284545,-1.98196951656872,-0.964282222822752,0.632290419257066,1.09271879757469,1281.02985812971,64.6253567294642,30.448342871514,96.5600472709665,55.8207303607261,21.8373089460292,87.8675031760108,8.80462636873807,4.0458893653956,13.4459672936563,57.4115739318394,5.04479706849429,27.0495572687946,2.37686441719386,85.7815658328353,7.53768904433993,49.5897608960196,4.3574886257705,19.3997269875924,1.704668225135,78.059323926265,6.85912998970191,7.82181303581981,0.687308442723789,3.59426838282426,0.315830996422094,11.945065906505,1.04962169369629,60.8460926415022,34.8250799659916,84.499074955023,52.5220915821372,25.9568282663146,76.5230021824877,8.32400105936498,5.52904186871376,11.1459595232789,79.8904761904762,90,75,92,19.74,15.87,20.3452,1.21764469930271,1.11388519455872,1.33106950427449,1.3135178438496,1.17301611304517,1.47084861573838
"DE027C","Frankfurt","DE","Germany","Western",14.549452,52.3412273,51639.9916599943,FALSE,-1.86134542013138,-1.01352455570247,-0.667118332770081,-0.729262070679126,0.25949502811473,825.429474255657,32.9768798949417,14.5379787413149,51.4250210279968,27.07820446237,8.81433112087483,45.6228855146351,5.89867543257164,2.28860091079928,9.18593846215751,63.8591890410567,3.99511780514974,28.1525582673119,1.76126237246674,99.583712883974,6.23009265260004,52.4365004561913,3.28049885628184,17.0688081805082,1.06784787747291,88.3479722750989,5.52716942362353,11.4226885848655,0.714618948867904,4.43183826571426,0.277261835466084,17.7884197244631,1.11286775535137,52.2016404311893,30.3120649361005,72.3876321589572,42.6190371851822,20.1377814379714,64.5476527155835,9.5826032460071,5.61584080288472,12.8657453542344,79.6095238095238,90,64,92,20.03,13.77,20.6952,1.12330568826724,1.03053425842772,1.22442864851353,1.31500192426057,1.1885863288534,1.45486282218737
"DE028C","Weimar","DE","Germany","Western",11.3296637,50.9810486,52024.2875071428,FALSE,-2.14162553738233,-1.70045447100698,-1.10930186403148,-0.968143734189759,0.249816244638966,787.98471252396,33.8106019637782,16.0414571479832,51.3027402654296,28.3221954632487,11.1228000987176,44.9835591643874,5.48840650052949,1.22737083936117,9.40910156860162,64.9900336629042,4.29076877081547,30.8345542373467,2.03575740658743,98.6130569464999,6.5106263421157,54.4403331989123,3.59425697137335,21.380014281196,1.41155023973633,86.4664588788673,5.7086842484929,10.5497004639918,0.696511799442124,2.35922661928364,0.155760742544082,18.0859787215918,1.19407158781846,55.3236181724323,31.8170680933821,77.4852946453036,46.0756646612169,23.4201185047827,68.6587936472031,9.24795351121537,4.263094092183,13.5677151435774,79.5285714285714,83,66,92,16.75,13.13,19.35,1.10926470423632,1.01914461043301,1.20735386467058,1.31557236719252,1.168295780046,1.48141479484963
"DE029C","Schwerin","DE","Germany","Western",11.4148038,53.6288297,78685.3933400057,FALSE,-1.84278480032389,-0.630025939235271,-0.407067680321445,-0.228249674209992,0.253892223919526,1260.73762407745,57.3182877285392,29.8653409941666,85.0279247307641,48.2206679025782,23.1542285013426,73.80234059733,9.09761982596099,2.36375596070043,15.6928737821062,72.8448893695713,4.54640891442279,37.9553812041279,2.3688783791172,108.060621065147,6.74429977395049,61.2828707536771,3.82479803740798,29.4263363484648,1.83656202996923,93.7942068592379,5.85390165153001,11.5620186158941,0.721610877014813,3.00405940717162,0.187489919834044,19.9438207219681,1.24473748402563,57.6743394861945,35.9193317228501,79.5677138650175,48.1731244665465,27.3652254775704,69.2715471047095,9.501215019648,4.62034120094859,14.201449891386,79.1571428571429,80,68.975,91,16.098,13.955,18.7096,1.18642027062313,1.08807266656879,1.29365721775207,1.26916751873853,1.12948004437098,1.42613072151972
"DE030C","Erfurt","DE","Germany","Western",11.0287364,50.9777974,167864.106882504,FALSE,-1.69286422374564,-1.63184037581928,-1.08127461545203,-0.650109245612937,-0.536135205477447,2330.36459551885,105.762999545835,46.769153822265,162.618917805217,89.3867161976391,34.1434650915133,143.901438518071,16.3762833481961,3.82485109071135,27.7068948524933,63.0051304653612,4.53847435500912,27.861318712404,2.00694577630467,96.8753361426106,6.97826074589029,53.2494515103249,3.8357395391916,20.3399438543535,1.46515550215486,85.7249600230463,6.17506113827786,9.7556789550363,0.702734815817521,2.2785401606959,0.164131016153708,16.5055504521206,1.18895107253912,59.5845820322061,31.9444981458879,86.2265381017972,50.3365426053287,23.4754491666778,76.1470886579325,9.24803942687746,4.24303709381603,13.596119771846,79.5285714285714,83,68,92,16.87,13.6308,19.4852,1.11660393559812,1.02159105083664,1.22045347595022,1.31812980836097,1.16579611026027,1.49036883585229
"DE031C","Augsburg","DE","Germany","Western",10.8986971,48.3668041,220942.344857143,FALSE,-1.41763882039666,-2.95095838171271,-1.33143020768892,-1.23288978994035,0.326063527089292,2864.52513207895,123.651815364725,46.9126405621758,200.762954151279,107.724114165234,31.8035566793621,186.060402645545,15.9277011994913,5.44231747766869,25.217279109978,55.9656481624996,4.3166601675086,21.2329784915194,1.63771090840905,90.8666712490486,7.00859461496761,48.7566628456334,3.76062730114894,14.3945049102858,1.11025580900665,84.2121969719512,6.4953314796198,7.20898531686622,0.556032866359657,2.46322970872224,0.189990215715751,11.4135111249421,0.880330175063829,52.8567642729081,27.8015984575878,80.5968603597237,45.923452465502,19.9966049392962,73.8968642586082,6.93331180740609,4.04520069728016,9.37310085049122,80.7333333333333,91,74.975,93,19.61,15.37511,20.24,1.11592767308829,1.0292895677308,1.20985834366286,1.27436210013712,1.14234366055895,1.42163765453144
"DE032C","Bonn","DE","Germany","Western",7.10066,50.735851,249339.6025,FALSE,-0.144667781232089,-2.44612683358634,-0.808342592998959,-0.434068565007558,1.13394556726528,2859.04507127335,113.257343015652,53.6421575683993,170.603049404285,96.2540711376797,37.5046155738216,152.989250102494,17.0032718779725,8.63653571701365,24.8275599174121,45.4229259532297,3.96136962490103,21.5136933846677,1.87622637038417,68.4219625337236,5.96713396086138,38.603603347639,3.36665105789363,15.0415799166206,1.31178818937324,61.3577821447332,5.3510611511401,6.81932260559072,0.5947185670074,3.46376413149758,0.302077634374863,9.9573271427719,0.868386447169736,43.8783126043151,26.3283766418055,61.4631197140679,37.1574649386301,19.6447607950617,55.3648664563273,6.72084766568496,4.767431185906,8.52901095410737,80.2523809523809,91,59,92,19.4496,12.49,19.8,1.15411230676307,1.06849789679079,1.2465866527417,1.39742373952963,1.27654840941308,1.52974465629455
"DE033C","Karlsruhe","DE","Germany","Western",8.4034195,49.0068705,240147.798134552,FALSE,-0.629836704258576,-2.38122366182203,-0.941679568414536,-0.367381764111277,1.1357516041198,2833.51165656323,138.893745733735,71.838573312805,206.717949829848,119.293494747365,53.3886628966803,187.229768392939,19.6002509863696,10.849035424912,27.6097589763592,57.8367766902922,4.9018236932965,29.9143168793722,2.53531949114824,86.0794691584166,7.29546848169937,49.6750316571823,4.21009366490683,22.2315854283899,1.88418716305672,77.9643910322408,6.60769360024548,8.1617450331099,0.691730028389674,4.51764934310721,0.382883034900616,11.4969861022376,0.974400755063314,57.4890463896425,35.662992540615,79.5273436043094,49.2655387908904,27.1718561578218,71.474668026708,8.22350759875211,5.98771952254299,10.1658882768091,80.8952380952381,91,67,92,21.2696,15.17,21.57,1.16797410739778,1.08153355112955,1.26132334417818,1.3532354171035,1.23036381602296,1.48837772230869
"DE034C","Mönchengladbach","DE","Germany","Western",6.4353641,51.1946983,208661.916712329,FALSE,0.0555070006415638,-0.703816174147573,-0.303573340482201,-0.430546770317599,-0.1401487671822,3164.89462886912,122.680959557198,61.3063334690826,186.914775579648,104.213634951382,42.7066572087553,167.933659927157,18.467324605816,8.61158321623499,27.5403009893828,58.7941304719884,3.87630470974115,29.3807008173909,1.9370734466123,89.5778101364503,5.90587673518964,49.9437734462376,3.29279951379045,20.4669150373198,1.34938638459553,80.4812217644288,5.30613747438293,8.85035702575088,0.583505195950703,4.12705075843204,0.272096996142714,13.1985277540372,0.870180660618817,54.981337598664,33.9448436554532,76.7145788855282,46.6718034526884,24.0251968954766,69.2227469610912,8.30953414597559,5.82674681355329,10.5759493321273,79.5619047619048,91,62,92,19.47,13.38,19.84,1.1908291225584,1.11074885113049,1.27668284121107,1.35260815898302,1.23011950145944,1.48729357560532
"DE035C","Mainz","DE","Germany","Western",8.2762513,50.0012314,163111.047052271,FALSE,-0.231045697528512,-1.93989033972713,-1.16044143953544,-0.147633273971337,-0.318636582469733,1756.80418758681,85.9503462099707,44.2753092154721,126.760183756626,76.5218778309618,34.14842929082,117.99288242695,9.42846837900898,4.6899188576082,13.9980289127243,52.6943746381733,4.89242607783366,27.1442738034068,2.5202187886568,77.7140396358343,7.21538488195131,46.9139762228609,4.35574313697841,20.9356937546215,1.94378118700452,72.3389890257632,6.7163365878031,5.78039841531243,0.536682940855245,2.87529198197425,0.266957404288203,8.58190120515779,0.796789363984405,56.2832297746296,35.991212701499,76.6508274954616,50.0953955374151,28.6699610671901,71.750642246421,6.18783423721449,4.21580606905095,8.02695808428412,80.2047619047619,91,69.975,92,20.6296,15.26645,20.98,1.14397920862876,1.05095277593852,1.24523999530445,1.35198978353812,1.23106726572646,1.48479000756536
"DE036C","Kiel","DE","Germany","Western",10.135555,54.3227085,195190.678920301,FALSE,0.0343605247329774,-0.591581655964303,-0.204275148223716,0.675248294736544,0.742753749614532,2446.94866764067,109.8498881376,59.9005151298317,158.773741890829,96.1638903102685,47.7016619682061,144.752392584106,13.6859978273314,3.83042472284945,22.7879450886939,56.2782448143711,4.48926001555711,30.6882047140632,2.44796778624651,81.3428913558209,6.4886421194899,49.2666406214682,3.92995127286381,24.438493801071,1.94943451814213,74.1594800452591,5.91562849267597,7.01160419290288,0.559308742693297,1.96240145484276,0.156538826233029,11.6747096811926,0.931280062800251,60.5680127207101,42.1002914186332,79.2597548953669,53.077226731399,34.5094829864104,72.3683317732723,7.49078598931109,4.23780298900611,10.4501417312314,79.9333333333333,90,67,92,17.81,13.28,18.3952,1.29284389387355,1.19246032407058,1.40167794281028,1.23646073225066,1.12106974189982,1.36372884331621
"DE037C","Saarbrücken","DE","Germany","Western",6.996379,49.234362,146815.385098369,FALSE,-2.16709156189383,-2.38868034307409,-1.1008849680811,-0.990542806425306,1.63480976760846,2361.6178748959,98.7309546988428,26.5965710122647,165.219637910178,82.637453543772,10.7178639839494,148.846658529925,16.0935011550708,7.31016888641011,24.4730292672979,67.2483708929355,4.18064902659982,18.1156566080895,1.12620129170716,112.535643181726,6.9960360508137,56.2866442698791,3.49918818036617,7.30023217714425,0.453835656389661,101.383556246639,6.30274101971241,10.9617266230565,0.681460846233652,4.97915724670964,0.309540716307982,16.6692538734279,1.0362823523419,58.3517915522009,23.2657889373971,92.109495024064,48.638713562797,12.383242783639,83.6764907432687,9.71307798940389,5.99095261521523,12.896144003417,79.2142857142857,91,59,92,19.9296,12.28,20.31,1.10036033179744,0.995384076636925,1.21640770453576,1.33270053608839,1.19455657419924,1.48682009479616
"DE038C","Potsdam","DE","Germany","Western",13.0591397,52.4009309,127516.670821436,FALSE,-1.18402617221394,-0.36950162163532,-0.202978078809199,0.0581759790744942,1.1846841593756,1562.62095403824,66.5051349808414,31.9463135269134,98.7625715535191,55.1621195466383,20.2281459235139,87.0672679484536,11.3430154342031,4.94025632841869,17.3103387380965,52.1540709559223,4.25599917938985,25.0526565045354,2.04440580707403,77.4507136339989,6.32031532012222,43.2587513391743,3.53010238369607,15.8631383592501,1.29450113101573,68.2791256920249,5.57187382669148,8.89531961674798,0.725896795693776,3.8742042876391,0.316151931512995,13.5749613180668,1.1077759256563,50.9572569435256,30.6376720497046,67.9928919796889,42.1913629081085,21.3030531215984,61.1425470383857,8.76589403541712,5.61971512092423,11.670586306206,79.6095238095238,90,62,92,19.92,13.38,20.6352,1.20699937159853,1.11235451741018,1.30969709767631,1.30900023888309,1.18601982461402,1.44473270162548
"DE039C","Koblenz","DE","Germany","Western",7.5943951,50.3533278,89500.3184808183,FALSE,-0.910305215992234,-1.61662302366056,-0.608402068729818,-0.686694834332674,1.136743459345,1290.53687938782,55.9469834134371,26.824963650406,83.8819807125514,47.9694301722217,18.3519348107502,75.935630749976,7.97755324121534,4.15533244833221,11.4739327560481,62.5103735529474,4.33517122269114,29.9719197716096,2.07858946759667,93.7225499711814,6.49977401283888,53.5969379622963,3.71701351107273,20.5048821303171,1.42203877346423,84.8439782549495,5.88403415375443,8.9134355906511,0.618157711618405,4.64281303001484,0.321984789020778,12.819990979705,0.889082128477484,52.7450070174901,31.7406619728611,73.0437717135444,44.8328235212959,22.3266850797503,66.159799159088,7.91218349619416,5.67614174462595,10.0198389993841,79.9619047619048,91,60,92,19.29,12.24,19.6052,1.14985220680883,1.05259293856675,1.25609820193496,1.39545046232223,1.26971793749999,1.53363352228403
"DE040C","Rostock","DE","Germany","Western",12.1286127,54.0924445,168763.845595481,FALSE,-1.3955987999731,0.103218386797529,0.275507438468454,0.817667598463202,1.52737671717485,2321.90628526198,115.30760330365,59.3191664427088,170.75370106186,97.0979740872388,44.0372814520885,149.013369430757,18.2096292164112,3.86014288917384,31.8909877278114,68.3248256738809,4.96607481686712,35.1492147108889,2.55476143973725,101.179076868839,7.35403070079523,57.5348195845086,4.181821406986,26.0940258244908,1.89660029483575,88.2969743341445,6.41771678627177,10.7900060893723,0.784253409881123,2.2873044137821,0.166248866876137,18.8968126527838,1.37348298379808,60.611538962906,37.0590745447772,84.4851769496058,50.8389088837649,27.7162948442548,73.5442817768297,9.77263007914111,4.4726422910519,14.8612668850526,79.1571428571429,79,63,92,15.92,12.75,18.98,1.26574357170088,1.15501271623103,1.38709017380345,1.32397679622123,1.16372922825345,1.50629073703256
"DE041C","Kaiserslautern","DE","Germany","Western",7.7689951,49.4432174,80219.224701851,FALSE,-1.99355063553245,-2.64447758606037,-1.09990666940782,-1.58420213257288,1.82046995579407,1157.48539270283,45.7270849822659,10.1326109070291,78.4520027553638,37.8089293393097,2.6163483099391,70.6671695103267,7.91815564295617,3.53634435733438,12.1369918096435,57.0026513622124,3.95055395692634,12.6311503815809,0.875398598626685,97.7970094412463,6.77779635492174,47.1320054261722,3.26647140237534,3.2614978761802,0.226037263747208,88.0925610699602,6.10523207945742,9.87064593604014,0.684082554551,4.40835020592362,0.305519566780598,15.1297794945697,1.04856544075278,53.9724153017009,20.4420234841437,85.6107436675381,44.4475837125068,8.40835255636813,78.3417212400401,9.52483158919417,5.93793723792062,12.7797158205695,80.2047619047619,91,56,92,19.91,11.47,20.29,1.08900033697111,0.988293495423583,1.19996917860408,1.35763992872875,1.21607206453897,1.51568828018212
"DE042C","Iserlohn","DE","Germany","Western",7.6999713,51.3746778,75709.9038454434,FALSE,-1.75428169268279,-1.45392858288522,-0.741120384003127,-1.42222158941424,0.699921764105169,1168.99308683721,42.337898830465,17.0404721455084,67.6876236071908,33.9806529645425,9.20102528731065,58.645607364489,8.35724586592243,3.69286675698869,12.6389300182984,55.9212159572873,3.62174073629581,22.5075865639658,1.45770512566611,89.4039222997436,5.79025011947029,44.8827052190051,2.90683095966629,12.1530008888849,0.787089794705687,77.4609455114486,5.01676254760059,11.0385107382822,0.714909776629522,4.87765347652194,0.315901505198803,16.693892577251,1.08118090351534,49.6767828514937,29.3515167267986,70.8543566881249,39.747439447405,18.338493283846,63.0506782960644,9.92934340408866,6.24877697778827,13.2085239903212,79.3666666666667,91,58,92,18.47,11.29,18.8052,1.10576103317068,1.02158784151292,1.19686963058205,1.34019439474018,1.21714760759461,1.47568052098675
"DE043C","Esslingen Am Neckar","DE","Germany","Western",9.3071685,48.7427584,72813.749965981,FALSE,-1.25215872669702,-2.74413550493181,-1.33558815156683,-1.38395473392016,0.573396261284662,870.978581643586,37.6602516199559,15.2254658741013,59.3098682120177,32.6780172021014,10.0364767333628,54.3058322678122,4.98223441785454,2.05674514481657,7.63540314484533,51.7213460885492,4.3239010021221,20.9101521089282,1.74808728882517,81.4542146774855,6.80956678637224,44.8789098451442,3.75187379928862,13.7837657558523,1.15232187620772,74.5818369376446,6.23503647648074,6.84243624340494,0.572027202833481,2.8246658711816,0.236141873998253,10.4862105693123,0.876646487728422,48.9686043718787,25.3704315377759,71.7839705372633,42.4719591796348,18.7924285827258,66.1890744552149,6.49664519224396,4.19720485913011,8.4730244739039,81.352380952381,91,66,93,19.87,13.8196,20.62,1.10969056249611,1.02126928430866,1.20576733620901,1.28499818286068,1.16817436866167,1.41350501624769
"DE044C","Hanau","DE","Germany","Western",8.9169797,50.132881,72657.6078711685,FALSE,-0.85880221988794,-1.67832267616241,-1.2102218106083,-0.702894151174215,0.212524213015596,979.9159063695,45.1023403926318,22.1241390095205,67.4909769149587,38.6504009061957,15.8354799399728,60.7487677708799,6.45193948643614,3.52851507075078,9.08047989293616,62.075179343372,4.60267458661141,30.4498588072834,2.2577589429575,92.8890709347727,6.88742538785871,53.1952565445424,3.94425691581964,21.7946618447048,1.6160039690183,83.6096446756071,6.1993858223966,8.87992279882966,0.658417670791772,4.85636008965131,0.360083456939036,12.4976312309057,0.926659097368724,58.252066548677,36.1556854824171,81.2256298299965,49.9286246316683,27.6625810219036,73.8288075436687,8.32344191700865,5.96133467828545,10.3346685478905,80.8333333333333,91,67,92,20.4396,14.49,20.87,1.13178632194072,1.04164215722808,1.22973160182074,1.28782752889024,1.18782144040187,1.39625341634382
"DE045C","Wilhelmshaven","DE","Germany","Western",8.106301,53.5278793,65308.7107401898,FALSE,0.189229908104243,2.27397242941077,1.87753416027627,1.04376687527139,2.59569626791491,1151.94595274688,51.6494000433669,10.2713746329312,88.9034821889242,44.5598621613487,3.80864815773501,81.071433129024,7.08953788201827,-0.459938405685085,14.4650671960674,79.085009423686,4.48366522059531,15.727419078586,0.891654214196293,136.128061909841,7.71767824496707,68.2295847771611,3.86822507211327,5.83176136011399,0.330627330965753,124.135712082177,7.03778097711138,10.855424646525,0.615440148482044,-0.704252771907878,-0.0399270820465438,22.1487563176865,1.25570710688072,62.6093354226486,25.6958557245205,94.8013655500969,53.3914603348164,10.2685274534683,89.9736199995838,9.21787508783217,1.56292064035062,16.8545902646915,79.8428571428571,91,51.975,94,18.1996,10.374,19.2064,1.57218601193659,1.36359976456141,1.81267914557325,1.3224150426202,1.11145749461942,1.57341288660525
"DE046C","Ludwigsburg","DE","Germany","Western",9.1895147,48.8953937,70899.2013432409,FALSE,-0.715700444764169,-2.32120232365856,-1.39058985999471,-0.868012262035453,-0.348911566813822,829.486638689964,39.3103114091557,15.1212042736124,63.2731180027816,34.3828695425243,9.84274656492648,58.3159240714778,4.9274418666314,2.72592152362796,6.99197426921503,55.4453515193275,4.73911327507816,21.3277498013086,1.82295935441393,89.2437669311118,7.62798519608597,48.4954257468546,4.14507816507163,13.8827326379535,1.18660700556569,82.251877266086,7.03036328150843,6.94992577247296,0.59403511000653,3.84478452786949,0.328627538586167,9.86185194860676,0.842927895771497,54.6953970820181,27.2180443468304,81.3730611694244,47.8577661073553,20.4602034536294,75.3047170647199,6.83763097466285,4.74546321496008,8.74097283171562,81.352380952381,91,74.975,92,20.37,16.10425,20.7652,1.12830393731936,1.03619831412537,1.22859664758761,1.28605199033379,1.16524828233178,1.41937966948283
"DE047C","Tübingen","DE","Germany","Western",9.0535531,48.5236164,67762.7539799803,FALSE,-1.95644323412194,-2.56531572675668,-1.61622051651318,-1.37742111646758,1.20643656752744,672.269839478476,26.354628036407,8.6949590151246,44.0556003944112,22.5903092133972,4.76356070601366,40.320636639359,3.76431882300979,1.31308257957771,6.1091509675191,38.8924984427185,3.92024548607626,12.831472312494,1.29337336059429,65.0144774331735,6.5532614743788,33.3373540574683,3.36030383735823,7.0297625557264,0.708578672770605,59.5026534064292,5.99768638596644,5.55514438525021,0.559941648718024,1.93776448337039,0.19532076295381,9.01549982653298,0.908734946708061,42.6156844465591,18.5427867890113,66.6383401225228,36.6301392958208,12.1169486721263,61.663571682253,5.9855451507383,3.57001276561408,8.30429717688845,81.347619047619,90,64,92,19.01,12.8284,19.6252,1.09912265177416,1.00340250339102,1.20397407776078,1.29502675835437,1.1616592059623,1.44370594770481
"DE048C","Villingen-Schwenningen","DE","Germany","Western",8.4945022,48.0632359,65817.8247662099,FALSE,-2.73453961520939,-3.47440025683523,-1.57705374579784,-3.24359624891297,0.749619708981138,933.998830876475,30.2318249142933,-1.26490032194911,61.3854089027428,24.4084393216273,-6.24493895865937,55.2217750360363,5.823385592666,1.66415322421656,9.55417893281256,45.932579846993,3.23681614097133,-1.92182030694898,-0.135428469515547,93.2656299730181,6.57232181384403,37.0848465568833,2.61332653904096,-9.48821839804322,-0.668623851787807,83.9009420809461,5.91240301491765,8.84773329010967,0.623489601930365,2.52842331105254,0.178175086435055,14.5160964628499,1.02293264370008,38.7171965801233,4.40214420208381,70.9481395417401,30.9706911654511,-3.4255220499545,64.6945328902326,7.74650541467213,4.10770296296567,10.9872111364391,81.2761904761905,91,53,93,17.9396,8.85,18.6908,1.01513002728018,0.918496029842399,1.12193078555023,1.26774563050166,1.12560999917941,1.42782934127071
"DE049C","Flensburg","DE","Germany","Western",9.4333264,54.7833021,69789.599193738,FALSE,-0.337377994798005,-1.07572975936871,-0.743782196803021,-0.348295801159508,-0.013065730477747,1051.66806851439,42.4980348054273,19.5308744756421,64.4341234426427,36.6301548712825,13.8108255136602,58.3522304026109,5.86787993414476,1.45238842180254,9.69030634256904,60.8945104949686,4.0410121860466,27.9853655863874,1.85713297383193,92.3262551827697,6.12684984661215,52.4865528595402,3.48305287266421,19.7892317382723,1.31323046949307,83.6116428189011,5.54854066122219,8.40795763542839,0.557959313382394,2.08109580593903,0.138103310853036,13.8850293661502,0.921422512738055,59.8085183618014,36.3851670066704,81.3177872832153,51.5202072443114,27.2153750017034,73.5286424825164,8.28831111749003,4.75149185074381,11.2751680674702,79.9333333333333,90,65,93,17.32,12.584,18.24,1.22656863168283,1.11496705790616,1.3493408594991,1.23826997082257,1.10960304730182,1.381856803989
"DE050C","Marburg","DE","Germany","Western",8.7704695,50.8090106,61216.842102521,FALSE,-1.81703787850937,-2.05242119470813,-1.33691947177229,-1.26055986400118,0.879136732022734,809.061441868592,32.0356311330882,13.6097708907945,49.3802829668164,26.7898529468117,8.52568169361124,44.1782870724286,5.24577818627646,1.90062194028038,8.29135939083612,52.3314010210417,3.95960423711447,22.2320695144679,1.68216777941631,80.6645381741815,6.10340332778296,43.7622262545759,3.31122601578174,13.9270197559899,1.05377431829164,72.1668834181979,5.46043659804073,8.56917476646583,0.648378221332723,3.10473698904196,0.234916885408696,13.5442455149033,1.02481207999315,50.7159705584034,30.0772249833435,70.3906119368662,42.3571406672741,18.8268555445537,63.8043336284096,8.35882989112929,4.78600083154627,11.5451043785185,80.1380952380952,90,61,92,18.52,11.99,19.26,1.06280256743891,0.961433284135651,1.17485978069733,1.35066191186323,1.22023264580258,1.49503261237381
"DE051C","Konstanz","DE","Germany","Western",9.1750718,47.659216,65471.7495035032,FALSE,-1.59961918920022,-2.38758172815019,-1.10876480797441,-1.59547683161347,1.11386054650163,839.105375416805,36.6548144417049,12.8143616683051,59.6763891798453,30.9807650324306,7.49350044872392,54.0234267663179,5.67404940927434,2.41750664035832,8.37733739255307,55.9856956926798,4.36832077538504,19.5723526031933,1.52714570109146,91.1483038598993,7.11190643370655,47.3192869708986,3.69211852766902,11.4453951598207,0.89303449462491,82.5141029161398,6.43821721908087,8.66640872178119,0.676202247716014,3.69244240254946,0.288105250089416,12.7953467809881,0.998365358867095,50.9599239996781,25.0868346223097,77.5824775942296,42.9801599533556,15.9477069140774,70.550071979359,7.97976404632252,5.12196141272648,10.4455482606782,81.2761904761905,91,62,93,20.44,13.18,21.1008,1.13478604400221,1.04810859374666,1.22863162590712,1.31113111385832,1.17036025278829,1.46883388566197
"DE052C","Neumünster","DE","Germany","Western",9.984369,54.0740365,62472.373548734,FALSE,-0.434512113794515,-0.187713330659621,-0.373902851796343,-0.173930255936092,-0.268392638908238,1036.12710575176,43.7576284146473,22.2797964737543,65.7847999478107,38.4993213972346,17.3938142972155,59.8032775289574,5.25830701741262,0.902900334829907,9.39286977846333,70.0431661693027,4.22319116754495,35.6634384259053,2.15029568766945,105.30222594551,6.34910519979891,61.6261544268072,3.71569483932202,27.8424098672141,1.6787336419112,95.72755784972,5.77180899881656,8.41701174249556,0.507496328222925,1.4452793827748,0.0871418506298812,15.0352375696692,0.906536440010262,60.6785465822843,39.0127736986832,83.7529441850571,53.2174062706918,30.9282033777525,76.5202901623526,7.46114031159253,3.62609409891423,10.9237800876477,79.9333333333333,88,70,92,17.37,13.87,18.55,1.24969890741726,1.14961396910353,1.35849720094977,1.22124592576529,1.0910519813171,1.36697575985141
"DE053C","Brandenburg An Der Havel","DE","Germany","Western",12.5497933,52.4108261,61103.2858929276,FALSE,-1.80277721581469,-0.351085988904527,0.00393571911516238,-0.852440526561487,0.750657708336915,1028.49456606168,40.1556289521321,17.4286765594599,62.4969488370802,32.8803735601627,10.8050223800331,54.7500060262784,7.2752553919694,2.7589542255002,11.3409266512984,65.7176260905142,3.90431124064141,28.5233049332249,1.69458129722533,102.280831421398,6.07654633280119,53.8111381076617,3.19694188429878,17.6832100305816,1.0505667931147,89.6023924510669,5.32331505026107,11.9064879828525,0.707369356342631,4.51523053986779,0.268251706575837,18.5602565976096,1.10267249099091,50.4397033826308,30.5598198862895,69.6229656338021,40.840142255363,19.7687878470389,62.2758063479286,9.59956112726777,5.79573330613231,13.1549840825396,79.6095238095238,90,61,92,20.014,13.27,20.66,1.17290171595992,1.07878674517128,1.27522741770739,1.30346513517893,1.1742426392562,1.44690824692182
"DE054C","Gießen","DE","Germany","Western",8.6742306,50.5862066,63574.8449106175,FALSE,-1.16894427359795,-1.73368655987207,-1.29372002902706,-0.402415655366365,0.654912289539424,798.87787640426,35.3839253217962,18.2297421903747,52.251515490951,30.2876813551141,13.0167062566792,47.4342441613758,5.09624396668215,2.45510343501985,7.53137564228939,55.6571162250478,4.42920330715113,28.6744579809902,2.28191851706128,82.1889783048839,6.54061365751351,47.6409834702653,3.79127802254815,20.4746173977772,1.62937373047144,74.6116553301319,5.93760893403091,8.01613275478246,0.637925284602984,3.86175292833444,0.307318991742548,11.8464711205793,0.942744299815639,55.3355943366638,33.6157033486538,76.2412537451919,47.36081662705,25.0574248645259,69.2940242058379,7.97477770961374,5.40368020935251,10.3176420507427,80.1380952380952,90,65,92,18.99,13.22,19.71,1.11837643872629,1.02133907819105,1.22463331268338,1.34016075759907,1.22231626153824,1.46936673651734
"DE055C","Lüneburg","DE","Germany","Western",10.407855,53.248706,57829.7169262564,FALSE,-0.681259684755158,-0.677488049023,-0.813995071518321,-0.326163790080576,-0.105662069373837,770.055096340222,29.1323250241533,14.1425455935759,44.3187101748361,25.2492488811132,10.8347917445373,39.7096231053814,3.88307614304017,0.321857622912668,7.14340327651957,50.3760463868471,3.78314813610197,24.4554985659194,1.83656282008781,76.6365677206247,5.75526483565474,43.6613738111681,3.2788886147385,18.7356817920337,1.40701513385612,68.6664663360164,5.15672492710016,6.71467257567906,0.504259521363465,0.556560951738872,0.0417967005792618,12.3524783730633,0.927648334576245,49.1055020729689,30.7931274947309,67.4856375743732,42.5751414131563,24.4789778087147,61.6723313535305,6.53036065981255,2.82366469334784,9.82779807295896,79.847619047619,85,67.975,92,17.44,14.01525,19.44,1.20734789831378,1.11318464066826,1.30947633870301,1.20397317430698,1.088805365497,1.33132279687946
"DE056C","Bayreuth","DE","Germany","Western",11.5763079,49.9427202,60125.4354857964,FALSE,-2.10755846166453,-2.77427849744939,-1.52546194858131,-1.2247981477445,0.961338099133879,842.373289845262,34.4564044078128,9.57491471454404,57.575931164107,28.3237064603039,3.2913183966436,51.6938461691628,6.13269794750894,2.54829431929108,9.32507088183458,57.3075340401526,4.09039612523115,15.9248987340906,1.13665934449357,95.759690884415,6.83496638107831,47.1076944914517,3.36236996136318,5.47408658257638,0.390719700674293,85.9766681962321,6.13669103618641,10.199839548701,0.728026163867977,4.23829665215991,0.302513665854621,15.5093610657298,1.10699982943993,50.7670351398419,22.9761154839424,78.421523098013,41.4369748616247,12.2721211390386,70.5253747751167,9.33006027821724,5.71378910324157,12.3888227810713,79.7047619047619,90,62,92,18.81,12,19.48,1.07928399626515,0.980919650442038,1.18751209038288,1.35512114991951,1.18783532076896,1.54596626220072
"DE057C","Celle","DE","Germany","Western",10.081052,52.624056,55836.9249419837,FALSE,-1.49626485294981,-0.674386721769121,-0.422717457832749,-1.18847834292472,0.579644635071187,848.774254748138,28.3871149240668,11.3775066530939,45.234968505295,23.6547630336509,7.10835335319675,40.360382770779,4.73235189041589,1.18629459186569,7.9827729248252,50.8393235364624,3.34448350256456,20.3763131026923,1.34046321379882,81.0126427132145,5.32944634598016,42.3640145982769,2.7869322026821,12.7305602172443,0.837484562406533,72.2826029777153,4.75513748738236,8.47530893818552,0.557551299882458,2.12457006380328,0.139765619094763,14.2965840850289,0.940506015606468,42.5341541818681,25.5333605072758,61.252633058293,35.1979474216878,17.3425718857148,55.4188397862652,7.33620676018032,4.03542129881433,10.4468347841848,79.847619047619,90,61,92,19.37,12.91,20.07,1.17670978408668,1.08369811799787,1.27770445751393,1.22484325267704,1.10993535834731,1.35164717687913
"DE058C","Aschaffenburg","DE","Germany","Western",9.1493636,49.9740542,55837.8212521549,FALSE,-1.03083650534173,-2.33422087019267,-1.36924585216083,-0.956725485364308,0.857637221228383,757.05363275208,31.8354980536233,13.5852528022653,49.9165584265048,26.8186602100352,8.31808308314861,44.7711216315674,5.01683784358803,2.54958132507463,7.27868617687421,57.0142196448875,4.20518397592166,24.3298404157218,1.79449014105903,89.3956055360566,6.59353000461085,48.0295606250938,3.54250465882354,14.8968618341777,1.09874422673468,80.180638548535,5.91386391857247,8.98465901979371,0.662679317098125,4.56604729178296,0.336776843115627,13.0354050599589,0.961449210726902,52.9270909542704,28.7328219681776,77.1568744226457,44.4786740359144,19.3920330272893,69.4602370340871,8.44841691835593,5.88142697456444,10.6998558079142,80.7238095238095,91,63,92,20.05,13.31,20.44,1.10372115088343,1.0079101998432,1.20863979657807,1.27960907177054,1.18098810149747,1.38646559984921
"DE059C","Bamberg","DE","Germany","Western",10.8868478,49.8916044,59156.7617844454,FALSE,-1.59754009233676,-2.68597302918214,-1.38750614654015,-0.879796971507134,0.972154235840732,816.211471635583,35.7085170508832,14.6301017031083,56.6865488634295,30.1749984666642,8.80713809928333,51.5135527695282,5.533518584219,2.42566190879702,8.3809328992035,60.3625282617691,4.3749099702468,24.7310725972751,1.79244009812695,95.8242932058777,6.9450811258309,51.008536566987,3.69695838827129,14.8877961430253,1.07902650297661,87.0797373210396,6.3112997745917,9.35399169478201,0.677951581975506,4.10039670128601,0.297185471301488,14.1673287150873,1.02680900605442,55.8656442442117,30.0434534865892,82.7013005674653,46.9803222594176,20.3633393418142,75.5616183102898,8.88532198479407,5.60732553570247,11.8149192186703,79.7047619047619,90,65,92,19.754,13.57,20.52,1.10686205361009,1.01488678038056,1.20717269098977,1.33402458735718,1.19126512216464,1.49389213749475
"DE060C","Plauen","DE","Germany","Western",12.1346523,50.4950632,55646.3105667134,FALSE,-2.72105090539853,-1.95037907582557,-0.721365221022022,-1.81757788044458,0.795217558228936,1056.77952270278,40.8101016148485,12.9902680677226,67.4051359552551,33.6714401812213,5.96173855041013,60.0123710455156,7.13866143362714,2.26184969760488,11.3776551059498,73.3383780509975,3.86174227813139,23.3443474247026,1.22923162198479,121.131365707425,6.37835371590681,60.5097442010162,3.18623132430731,10.71362771349,0.564142133939405,107.846091563551,5.67879768260745,12.8286338499813,0.675510953824081,4.06468941888463,0.2140323169605,20.4463781876595,1.0766347058704,51.3427193908299,25.9821965842675,76.987231047538,41.8402897269763,14.3882108337857,69.0034309117592,9.50242966385363,5.10102769691184,13.1996405876725,79.8952380952381,90,60,92,18.24,11.126,18.92,1.08248884191871,0.982122517542665,1.1931119304854,1.32340155458605,1.17129911545712,1.49525569648984
"DE061C","Neubrandenburg","DE","Germany","Western",13.2602781,53.5574458,54327.1366342624,FALSE,-1.99988340040437,-0.310121152112357,-0.530004091630773,0.176747238884621,-0.0157234546120423,880.050847411457,45.5033869508017,24.2355367285155,66.07992291027,38.3923309911217,19.0232091440953,57.5438746249852,7.11105595968007,2.28298049658148,11.6617812535725,83.7581175263049,5.17054066644483,44.6103701206865,2.75387914230193,121.633362264477,7.50864829056577,70.6687916383005,4.36251281435012,35.0160349369453,2.16160341189936,105.921051964101,6.5386988483952,13.0893258880045,0.808027852094707,4.20228386404904,0.259414612609776,21.4658492533505,1.32512584788413,70.3606409896418,43.31443019245,95.3792157782855,59.291083132119,34.000806984921,83.1691943149897,11.0695578575228,5.47742921641686,15.9389785809646,79.1571428571429,80,70,91,16.29,14.27,19.0296,1.17326357134612,1.07396028864649,1.28174888997311,1.31882088344149,1.17183949878448,1.4842378366709
"DE062C","Fulda","DE","Germany","Western",9.6770448,50.5542328,51807.505917642,FALSE,-1.83333174283546,-1.72558162213326,-1.28434569221693,-1.28694331344806,-0.1857760305359,698.306162211717,30.7289357420669,13.5263051596336,48.4016661467999,26.1071168549972,8.66695226255229,43.6030127567955,4.62181888706967,1.86416198445331,7.12505557347863,59.3136751090014,4.40049614408962,26.1087750125171,1.93701643943572,93.4259723364094,6.93129586505426,50.3925375147367,3.73863475188435,16.729143989927,1.24113930701997,84.1635048521944,6.24411112436606,8.92113759426471,0.661861392205272,3.59824691699452,0.266954823733622,13.7529407125008,1.02033405389288,50.6585316947825,27.6506459678198,72.7747577270337,42.8473778593608,18.9137480364959,66.2478171789907,7.81115383542167,4.79057803192112,10.5354698561714,80.152380952381,90,65,92,18.67,12.784,19.41,1.07209654914438,0.97068572652702,1.18410210357131,1.30168274630973,1.17625128929781,1.44048978943261
"DE063C","Kempten","DE","Germany","Western",10.3168835,47.7267063,52152.755985803,FALSE,-1.89461104944181,-3.04570099130415,-1.46581127497789,-2.93409110638258,0.415725234827283,704.414130821629,27.2782771764804,4.77878476827518,50.0212444117463,22.8762976584636,0.900730915920086,45.0992866239877,4.4019795180168,1.20837076439171,7.31025971955995,52.3045746305451,3.87247728046894,9.16305318471771,0.678405579783188,95.9129454737983,7.10111314112928,43.8640244912291,3.2475637068468,1.72710127948997,0.127869512621712,86.4753660118454,6.4023824410484,8.44055013931594,0.624913573622142,2.31698352570409,0.171542663827919,14.0170151727935,1.03777868723804,44.2182404152139,14.3107507397045,73.3875136862442,36.7386159288586,5.48285246804649,68.4420050052281,7.4796244863553,3.86377520118189,10.7752104641429,80.7333333333333,91,58,93,17.37,9.54,17.99,1.06068895313074,0.958630829650914,1.17361242774058,1.30271852216672,1.13283842283359,1.49807378862673
"DE064C","Landshut","DE","Germany","Western",12.1516551,48.536217,53424.2934133448,FALSE,-1.85870627354601,-2.26895382255865,-1.22220201541045,-1.45948738316779,0.516568704608686,759.586982566724,32.9708828486026,12.9083465180633,53.0925645980219,28.5108899927694,8.53586622601722,48.7512680115501,4.45999285583316,1.3599933735823,7.10531358317183,61.7151500601164,4.34063294992109,24.1619414939028,1.69939017049037,99.3790674726266,6.98966225284911,53.3669014060329,3.75347269596803,15.9774995243738,1.12375098861932,91.2529954011009,6.41812842116047,8.34824865408348,0.58716025395306,2.54564597244179,0.17904379679951,13.2997801734089,0.935418029303534,55.1428387665299,29.5350272175368,82.9325946818113,47.5156125007962,20.5590036922624,76.3014427702746,7.62722626573366,4.38110956272479,10.4474595474844,80.0190476190476,90,71,93,19.89,15.1,20.88,1.11733904877385,1.01651210648436,1.22816692683832,1.30813845332241,1.14730103582098,1.49152328781454
"DE065C","Sindelfingen","DE","Germany","Western",9.0035455,48.7084162,48908.5612,FALSE,-1.57029292024808,-3.34978651886966,-1.59278960444324,-2.15086695387196,0.430661380324331,561.97348659719,22.2394749676831,6.29551110333249,38.5567356315898,19.0171222830544,3.11596046615537,35.3259489515496,3.22235268462872,1.19089500292105,5.08472545744096,45.4715379516891,3.95738864876803,12.872002260685,1.12025055513784,78.8343281535541,6.86095279424213,38.8830131503733,3.38398923376352,6.37099188711234,0.554467522128642,72.2285589369363,6.28605259750811,6.58852480131581,0.573399415004508,2.43494180507818,0.211913022824626,10.3963914142724,0.904798105019069,44.4453516936757,17.878907997627,70.8421849226126,38.0374208280192,10.0677357356626,65.2287959679067,6.40793086565644,3.73284634735091,8.56097716585816,81.352380952381,91,62.975,93,19.04,12.38823,19.76,1.06238678217559,0.973351547149224,1.15956632343892,1.3180085535602,1.17746684411383,1.47532523394766
"DE066C","Rosenheim","DE","Germany","Western",12.127262,47.8539273,49127.5922364373,FALSE,-0.796394031717328,-2.43929361938767,-1.22998520044229,-1.54666487477792,0.354170241389867,575.464504079663,26.3441260650042,9.68202476336446,42.6943468507967,23.2951455804788,6.67259709211076,39.9514603866992,3.04898048452546,1.24480252632409,4.64150995645388,53.6238900905572,4.57788897112537,19.707916310589,1.68247123753512,86.9050260906759,7.41911039657911,47.4176415330224,4.04805950937574,13.5821781372827,1.15951497352251,81.3218368089853,6.94247170824087,6.20624855753479,0.529829461749631,2.53381545819141,0.216312651345003,9.44786777686071,0.80656755083044,52.6830258969509,26.5854494280648,78.1479759620448,46.5751428569691,20.1857133353516,72.1631558492303,6.10788303998181,3.84680589606081,8.14113366779536,81.3428571428571,91,72,93,18.93,14.26,19.5208,1.16130245194358,1.05661622834494,1.27636065840349,1.31627344193834,1.16008948399363,1.49348459567773
"DE067C","Frankenthal","DE","Germany","Western",8.3540061,49.5445804,38150.0456660331,FALSE,-0.519366086445123,0.681219952954564,0.342133337548174,0.485236118853043,0.891673966981397,581.543045017468,29.5949540340051,15.0250295215209,43.2519001166371,25.9110783938582,11.4593294163798,39.7225491150466,3.6838756401469,1.88743142977496,5.38419134526089,77.575147073428,5.08903928738691,39.3840407244872,2.58364873421702,113.373128030477,7.43743743257008,67.9188659973955,4.45557360127656,30.0375247691581,1.9705040778255,104.121891393733,6.830543234139,9.65628107603247,0.633465686110345,4.9473896998646,0.324555756610977,14.1131976417389,0.925845711919599,63.0287885802308,38.450956520887,86.1451976079435,54.894783283032,30.3786785361384,78.8231147899643,8.13400529719882,5.57796957912202,10.3995857568047,80.2047619047619,91,67.975,92,21.34,15.47603,21.7252,1.27890136616211,1.18474328209149,1.38054271258152,1.32638283109927,1.2077026141213,1.45672568235264
"DE068C","Stralsund","DE","Germany","Western",13.0820846,54.3096314,48743.3928967813,FALSE,-1.41521596589378,-0.408879131797799,-0.371698419497587,0.335755418465686,-0.140734922465814,799.943658812492,41.3399523182857,22.3293139420882,59.7933941021992,35.3346741190463,18.3049081704087,52.3453076144915,6.00527819923936,1.74378144214901,10.0051958987124,84.811396707297,5.16785799385601,45.809929541369,2.79136082849082,122.669741576704,7.47470067966559,72.491207565035,4.41714534889873,37.553619234449,2.28827467644186,107.389544518039,6.54362429626577,12.320189142262,0.750712644957288,3.57747242963088,0.217988032399386,20.5262606973203,1.25073757238917,71.0890178527676,45.60576668003,95.2779991534572,60.6768740074396,36.6205950234146,83.9063364382859,10.412143845328,5.13320527094538,15.4860779157093,79.1571428571429,80,69,91,16.16,13.98,18.7396,1.19904232328165,1.09611850747579,1.31163052463322,1.32816246789204,1.17622679452357,1.49972398973584
"DE069C","Friedrichshafen","DE","Germany","Western",9.4800858,47.6500279,46858.0152919331,FALSE,-1.4356131914482,-2.22852856104729,-1.07178929255463,-2.15456545070225,0.366252240970361,585.843336898942,25.5584013510914,8.59773665176555,41.9138303339694,21.5743799141101,4.5465511664337,37.8657924545513,3.9840214369813,1.59745052956402,6.06853024256262,54.544353173856,4.36266826663598,18.3484865891145,1.46758290318298,89.448582217662,7.1544434653525,46.042026704926,3.68261932077444,9.70282488088313,0.776069450665782,80.8096378360059,6.46346729058783,8.50232646893002,0.680048945861537,3.40912972863159,0.272675377349147,12.9508904821399,1.03586229634109,48.8546390976933,23.0358318610456,74.1079088283242,41.1507334876488,15.1579848874787,67.2300225230427,7.70390561004449,4.70493988610223,10.3072808783144,81.347619047619,91,63,93,20.19,13.23,20.8408,1.1239032779362,1.03444758339233,1.22109481276314,1.28026390068948,1.14477357462662,1.43179026118177
"DE070C","Offenburg","DE","Germany","Western",7.944378,48.4716556,46453.9966105682,FALSE,-1.40638229594965,-1.60452411708459,-1.04390405870348,-1.14781211686734,0.35940916742469,616.70551833767,27.842973927704,13.9220156193063,42.3985549645073,24.1008521053666,9.96986472812921,38.7753177582666,3.74212182233737,1.69237748101577,5.62734540212826,59.9366598338489,4.51479240898553,29.96946793624,2.25748192700352,91.2699833341395,6.87500820144964,51.8811165106162,3.90800007276252,21.4618019020157,1.61663296852005,83.4703590378386,6.28749323709403,8.05554332323271,0.606792336223011,3.64312568238911,0.274422302167423,12.1138024986381,0.912485008614286,53.4717091220687,32.3671277540646,74.8059856246705,46.1752593111391,25.0006585368719,69.1000595709496,7.29644981092966,4.84750064819949,9.4631841645902,81.2761904761905,90,73.975,92,20.314,16.165,21.02,1.14586638125269,1.058933617101,1.23993585856657,1.30388712877184,1.1786480629235,1.44243366451552
"DE071C","Görlitz","DE","Germany","Western",14.991018,51.1563185,46717.7317398462,FALSE,-2.34506563398104,-1.25870032244692,-0.370778490477262,-0.98298078013481,0.841373139124238,887.118035964335,35.6825621904927,14.0426470727381,56.6721119647376,30.0943658837674,8.81045492919112,51.0280992109527,5.5881963067253,1.92379183247883,9.01315235346124,76.3790553642367,4.02230151387963,30.0584950291174,1.58295136649692,121.307499003427,6.38833950694426,64.4174380112284,3.392374482732,18.858909885123,0.993154751905565,109.226405714878,5.752120590749,11.9616173530083,0.62992703114763,4.11790504554398,0.216858608943463,19.2927867381322,1.01600373209226,52.4273616343417,29.5915430844199,73.7856830938136,43.6496499740489,19.8326222930969,66.8415703517632,8.77771166029272,4.87616686911516,12.3304171661906,80.4190476190476,90,63.975,92,19.05,12.90307,19.6452,1.1307543724423,1.03055441613102,1.24069668790281,1.3093600550059,1.17942209960448,1.45361338762433
"DE072C","Sankt Augustin","DE","Germany","Western",7.1895507,50.7752776,43814.9733427505,FALSE,-0.393367070729635,-0.665991540705161,-0.517880050917897,-0.348380946205834,0.0546339677814197,579.196489440276,24.3670304524667,12.7006133151203,35.8514582504201,21.1308824086145,9.53006383964386,32.6620437345742,3.23614804385215,1.58199106853327,4.750561536269,55.6134777530303,4.20704042526475,28.9869246656102,2.19279873871368,81.8246720589457,6.18986111001229,48.2275368361277,3.64830982125514,21.7507009877496,1.64539392302835,74.5453922317137,5.63919918888634,7.38594091690255,0.558730604009618,3.61061743928922,0.273135472568571,10.8423243787161,0.820198606669707,52.2392188679816,33.9189029896507,71.7076171797647,45.3259779541318,26.970606670436,65.5102715304371,6.91324091384974,4.99814987954902,8.74062938757457,80.2523809523809,91,64.975,92,19.45,13.6994,19.81,1.19016068923626,1.10399064575655,1.28305658353893,1.35760948424768,1.2392916795433,1.4872233406735
"DE073C","Neu-Ulm","DE","Germany","Western",10.00589,48.3954965,44015.2897670129,FALSE,-1.7965918832584,-1.96811347072907,-1.39275353945791,-1.64563370304862,-0.267094172241125,523.710413162308,21.3631035753415,7.2400944035312,35.9343876636109,18.4187848221092,4.30715948237396,32.9341729188749,2.94431875323234,0.959188752581616,4.79811359581253,48.5356422470993,4.07918250972807,16.4490440523176,1.38246141790718,81.6406931632693,6.86149955404346,41.846333216493,3.51697891796565,9.78559837995647,0.822431514463527,74.8243919174588,6.28862288989239,6.68930903060634,0.562203591762427,2.17921717125778,0.183152507277785,10.9010155816547,0.916176855609993,47.4291527373073,22.2274239691839,73.1322103640584,40.9021509792076,14.7782746686,67.1981581980604,6.52700175809969,3.66161144199028,9.17605777415876,80.7333333333333,90,72,92.025,18.99,14.5,19.62357,1.10468745246897,1.01474560048817,1.20260128948114,1.23849888121645,1.113210913874,1.37788756798697
"DE074C","Schweinfurt","DE","Germany","Western",10.233302,50.0499945,43113.1071122536,FALSE,-1.03365595465275,-3.03025188075405,-1.32411092177979,-1.18271060082884,0.447132655244915,719.934521356305,34.1952865958276,14.0860374663091,53.8670994660191,28.8195054282238,8.57210715178338,48.9956180944583,5.37578116760375,2.69981067264144,7.80304456973992,79.3152915348766,4.74977731744355,32.6722855525892,1.95657202821335,124.943672757719,7.48222204493505,66.8462733460301,4.00307313697501,19.8828331473864,1.19067872111955,113.644367980458,6.80556587315109,12.4690181888464,0.746704180468546,6.26215750493682,0.375007808703935,18.0990076855819,1.08385475876883,57.8507004580649,32.2946725509565,83.2344237769216,48.0801872395348,21.9366396168747,74.013909772831,9.77051321853011,6.56254839001723,12.6789678556684,80.7238095238095,91,65,92,19.7896,13.444,20.21,1.09792134884737,1.00916234534762,1.19448698597607,1.33227181727704,1.20449628703664,1.47360204777175
"DE075C","Greifswald","DE","Germany","Western",13.3815238,54.095791,46338.328017006,FALSE,-1.40902187078443,0.289603708232511,-0.129450152182737,1.04474528191275,0.763978616225181,775.619476431543,42.6616284037591,24.1006680096678,60.5729682201513,36.5632482864781,18.9772026109706,53.4665980951386,6.09838011728102,1.81725419202551,10.2798474623856,92.0655324208126,5.50032969775798,52.0102235903353,3.10727988943106,130.718933574645,7.80962444352666,78.9049796381508,4.7140704169392,40.9535764950476,2.44671558510632,115.383097282916,6.89340581558456,13.1605527826618,0.786259280818778,3.92170859371228,0.234297132452927,22.1843296948759,1.32537252799285,78.0759667387703,50.1126684775669,104.40909389612,66.8124790029071,40.7683635626359,91.4946082761615,11.2634877358631,5.34234824299944,17.0047404332855,79.1571428571429,79,68,91,15.97,13.82,18.74,1.26001394150347,1.14454533157836,1.38713171857833,1.35456978030605,1.19288656600396,1.53816745196903
"DE076C","Wetzlar","DE","Germany","Western",8.5074406,50.5525346,41641.0656298077,FALSE,-1.59090976439554,-1.57925381097619,-1.03931152377991,-1.39417936351681,0.20514792165594,627.007314932472,25.7645740733646,10.7567797043308,40.7694839628178,22.1277643695701,7.11035399058928,37.3675527755566,3.63680970379456,1.75833174373172,5.30740745178353,61.8729940833255,4.10913452838097,25.8321432020002,1.7155748343206,97.9069179575317,6.5022341832182,53.1392845857683,3.52910784971515,17.0753410918944,1.134014519648,89.7372634690886,5.95966775596248,8.73370949755725,0.580026678665822,4.22259064972886,0.280432413124413,12.7456091036834,0.846466592236669,54.2066639842168,31.1720049764333,78.4145394074651,46.4247931837965,22.2039444816512,72.0885976420829,7.78187080042025,5.34284149973727,9.88604536500544,80.1380952380952,91,62,92,19.13,12.42,19.46,1.07786347217772,0.978764250857967,1.18699642292472,1.34431292369824,1.22121118638662,1.47982368403394
"DE077C","Speyer","DE","Germany","Western",8.433615,49.3165553,40495.4749411765,FALSE,-0.659473410783045,-0.683807938447124,-0.596235939230265,0.097642104922476,0.320774181113315,624.227855323287,32.1197543243786,18.4649958045241,45.2883690074358,27.7129901985117,13.9327383444422,40.9370942814163,4.40676412586689,2.41480978975299,6.26302865291878,79.31689743369,5.14551762637119,45.5976768548738,2.95805380151788,111.835628729436,7.25510222288637,68.4347825004335,4.43956320791855,34.4056672126475,2.2319956127601,101.090539969913,6.5580370905132,10.8821149332565,0.705954418452638,5.96315957094152,0.386847489928555,15.4659962922189,1.00332412267555,67.5088961595538,46.8330194247065,87.6637063416353,58.0686880120734,36.6683796189966,79.0349880012209,9.44020814748037,6.73551643700003,11.8261075865812,80.2047619047619,90,73.975,92,21.01,16.83854,21.79,1.20035226915927,1.12169834632697,1.28452143554807,1.32064810381791,1.20594778644195,1.44625781789749
"DE078C","Passau","DE","Germany","Western",13.4609744,48.5748229,41851.5389444515,FALSE,-2.320957592457,-2.77746568721847,-1.43084561740466,-1.5898251956987,1.27908497847148,606.944758812877,24.608673884963,5.670972129186,42.4729231880157,20.6434771877854,1.45314261809966,38.5491194710907,3.96519669717766,1.35446947810965,6.40538926786296,58.7999258943035,4.05451625170882,13.5502117059851,0.934347326810738,101.484734514516,6.99782353687154,49.3254912685169,3.40121187110371,3.47213664001312,0.239419254717985,92.1092042093267,6.35133904879398,9.47443462578657,0.653304380605112,3.23636719764929,0.223161903689366,15.3050268387136,1.05534963023509,52.3473355969332,20.3498525047411,84.6592335753737,43.6540275126684,9.9863176120934,76.2306080364369,8.69330808426477,4.77881320250516,12.2285984585096,80.0190476190476,90,62,93,19.65,12.67,20.61,1.08353426913041,0.976146010668397,1.2027365778774,1.35309353710393,1.15897499841613,1.57972529403525
"DE079C","Dessau-Roßlau","DE","Germany","Western",12.2430723,51.8309956,73695.2990118992,FALSE,-2.53896063485095,-0.543390331326031,0.178608273671578,-0.752282778320672,1.67597129798327,1416.57837470432,57.3495548165624,22.296754347058,91.744283635041,46.5090490583146,13.0198925669106,79.7559070513608,10.8405057582479,2.19459353319589,18.7706909295348,77.8198278390899,4.04845618432746,30.2553278784551,1.57398663887637,124.491364937983,6.47647071798556,63.1099265243567,3.28319631930159,17.66719552194,0.91910852229607,108.223873328044,5.63017962687791,14.7099013147331,0.765259865025866,2.97792879955821,0.154922140023065,25.470676123458,1.32507253144061,55.5187790246864,30.3432877082331,78.7333217637962,44.5065994623099,17.6773232619886,69.4151312837879,11.0121795623765,4.92366567627099,16.6776566352365,78.8619047619048,76,58,92,16.68,12.58,20.8652,1.17491955661282,1.06670948053465,1.29410677387002,1.30786731024203,1.15612797161776,1.47952211449932
"DE080C","Duisburg","DE","Germany","Western",6.759562,51.434999,396376.779897608,FALSE,0.547482851114762,-0.80383540301626,-0.0446880797769584,0.19409719596206,0.365412383745542,6266.18310550675,256.498231967134,139.234088792626,376.039843333294,215.878787306694,98.2510201265002,337.322268439611,40.6194446604405,21.4068399061926,58.3312594260466,64.7107108628797,4.09337275416868,35.1267016268189,2.22199202366535,94.8692916447911,6.00109886675395,54.4630256501049,3.44514010637478,24.7872794546341,1.56795641736285,85.1014200495669,5.3832175466301,10.2476852127749,0.6482326477939,5.40062914677354,0.341624870287946,14.7161141581287,0.930889800759011,58.0817369920017,39.5301838499335,77.5060763122902,48.665577168474,29.7493683107976,69.3332695254657,9.41615982352768,6.87710794148188,11.8384376040129,79.5619047619048,91,62,92,19.52,13.42,19.8752,1.22624705318102,1.14835977318044,1.30941702291662,1.34441544379643,1.23413668036845,1.46454838776751
"DE081C","Mannheim","DE","Germany","Western",8.4673098,49.4892913,247755.857461778,FALSE,0.212274114480715,-1.61541841376844,-0.656503212018505,0.51021702420103,0.671150922471141,3225.46349258821,165.810648307644,98.4348042573649,234.082831401275,143.968685535085,76.576285291932,213.314777541336,21.8419627725588,11.8795207083222,30.7491762075481,66.9250164280069,5.14067664038548,39.7305659150968,3.05180339146787,94.4812501304385,7.25733935414781,58.1090945780347,4.46350379924965,30.9079616023794,2.37411725378063,86.0987827802395,6.61346122910743,8.81592184997218,0.677172841135837,4.79484958701931,0.368304299075781,12.4110794079982,0.953325817458686,67.9664959198483,47.641627083867,88.3592201365562,58.9834970558869,38.1708561313609,80.2526702226457,8.98299886396138,6.63089943750466,11.2298534654416,80.8952380952381,91,71.975,92,21.2,16.21837,21.59,1.21548441531637,1.13745632534528,1.29886513526442,1.32279776174032,1.22061183320588,1.4335383869493
"DE082C","Gelsenkirchen","DE","Germany","Western",7.0960124,51.5110321,209547.877576496,FALSE,0.183202772143409,-1.4320736088122,-0.712577843472214,-0.0925009656490066,-0.00836156374207223,3449.68162250042,136.968290817441,69.6255879788137,203.494836493016,114.313913510947,47.5378951471141,180.386259246049,22.6543773064946,11.7325365580033,32.9266986117088,65.3637213612153,3.97046179346148,33.2265775173012,2.0183192421203,97.1113803902548,5.8989454321155,54.5526467903337,3.31375257256607,22.6859349266185,1.3780371741279,86.0835534734532,5.22906978051211,10.8110745708816,0.656709220895409,5.5989765650193,0.340104909435071,15.7132102660829,0.954485144279565,58.3646686583242,36.8297277399181,80.756376372703,48.4897885019025,26.0930243251052,71.6896434854462,9.87488015642171,7.06366154466877,12.5254969861924,79.8380952380952,91,63,92,19.4296,13.43,19.75,1.17749065247767,1.0987879647129,1.26183056349235,1.35003897159394,1.23365963402935,1.47739714792279
"DE083C","Münster","DE","Germany","Western",7.6251879,51.9625101,232417.389439088,FALSE,-0.492583386073324,-1.20365994547769,-0.599721302137847,-0.52460789540607,0.593506826679568,2471.44946912315,94.2939883669276,47.3283250238116,140.596916647853,77.0996563096203,30.2706404420985,123.213072607128,17.1943320573073,7.96333071374419,25.3620001785641,40.5709695795547,3.8153314297938,20.3635042704992,1.91500273888275,60.4932862326555,5.68884447788186,33.1729293129448,3.11961289408739,13.0242580020166,1.22481324503221,53.0137064633969,4.98545789207833,7.39804026660992,0.695718535706405,3.42630589430625,0.322212969078809,10.9122644565333,1.02619942246128,42.0899777273189,27.9300582187965,56.867108817885,34.2611220297588,19.0813518737983,50.5713788883899,7.82885569756006,5.27266436650061,10.0324695479187,79.8380952380952,91,61,92,19.43,12.98,19.7652,1.17473752776757,1.09327854738498,1.26226592705611,1.32089092220365,1.20618388322119,1.4465065008998
"DE084C","Chemnitz","DE","Germany","Western",12.9252977,50.8322608,204571.404877168,FALSE,-2.0680103661933,-2.01934054200537,-0.789410991352585,-1.18816429271722,0.462530895457227,3424.89471802128,138.543447850614,52.1846498622305,219.608272192795,116.335922516352,29.4804781707552,200.175531596692,22.2075253342621,9.82555492953884,34.1384369462306,67.7237602849726,4.04518851693804,25.5092591721526,1.52368624902958,107.350424818491,6.41211745976452,56.868125135184,3.396773684873,14.4108499369481,0.860770347644071,97.8511790134524,5.84472073092931,10.8556351497886,0.648414832065041,4.80299528442816,0.286886334865661,16.6877853562811,0.996773324639713,50.0938401467172,25.8927442990769,73.1383724412528,41.610972029611,15.6740838062725,65.701696153498,8.48286811710619,5.28649827462354,11.3187047217384,79.8952380952381,90,64,92,18.4,12.21,19.0652,1.1003260109628,1.00372623383655,1.20622266270114,1.29981553190792,1.17220898078722,1.4413133192807
"DE085C","Braunschweig","DE","Germany","Western",10.5236066,52.2646577,202880.521173036,FALSE,-0.550485565652341,-1.50966110983265,-0.442507506976952,-0.45534632908034,0.71885057706863,2829.30163032759,105.671465743228,49.3445283033593,161.660367556909,86.2829353306473,29.9627065693687,141.827993495225,19.3885304125811,8.23240276700368,29.8467279028816,52.0855650075453,3.73489572870296,24.3219644833589,1.74405329479296,79.6825474531534,5.71379049246832,42.5289401031541,3.04961953882085,14.7686462929645,1.05901421920502,69.9071515960176,5.01282691018006,9.55662490439124,0.685276189882101,4.05775907879411,0.290969427888481,14.7114802990009,1.05491502153575,46.8743861596452,30.6040342390068,63.1003906262311,37.9548556356002,21.1228652453294,55.6967916738689,8.91953052404509,5.50282791145062,11.9596294964477,79.8095238095238,91,62,92,19.3496,12.79,19.6552,1.19469305654239,1.10263867748318,1.29443264461615,1.27312807556458,1.15897178431341,1.39852852220297
"DE086C","Aachen","DE","Germany","Western",6.083862,50.776351,200744.013884819,FALSE,-0.55790214713732,-1.9062618935631,-0.806850203211522,-1.14376685852736,0.548913967751411,2702.96824224615,92.7539346746932,39.6078143213462,146.782190589374,77.9900098922112,23.822056353049,132.092125488717,14.763924782482,6.7135501828936,22.4341708643676,46.2050812274346,3.43155843361353,19.7305083000243,1.46534516026841,73.1190872140242,5.43040751627176,38.8504784690415,2.88534688174516,11.8668825495924,0.881329494765095,65.8012774241468,4.88692850415992,7.35460275839311,0.546211551868372,3.34433393702372,0.248376953822982,11.1755117526143,0.829982776480011,44.2885407420635,25.2208897764904,64.1328106168866,37.1900363686845,16.7907794722378,57.9169273887774,7.098504373379,4.75218683614127,9.15637962294295,80.2523809523809,91,60.975,92,18.5,12.22575,18.81,1.13564149076712,1.0532113378549,1.22452308401702,1.3589631682816,1.23877169929969,1.49081618008386
"DE087C","Krefeld","DE","Germany","Western",6.5623343,51.3331205,186074.572710052,FALSE,0.443634753360505,0.0733803343217422,0.299691869669736,0.074991492948735,0.82242127158313,2825.31362936343,113.512215440516,55.2077053647851,171.443641468524,94.9736472033036,37.609660088286,152.738609440432,18.5385682372126,9.61184933485357,26.8509057890168,61.0036147267659,4.01768547961493,29.6696666077055,1.95403812132616,92.1370604116195,6.06812778895459,51.0406369984225,3.36152582199174,20.2121437338409,1.33116761613329,82.0846218888993,5.40607626187133,9.96297772834334,0.656159657623195,5.16558990025525,0.340204685064264,14.4301853810283,0.95036903195298,53.4060572919433,32.3503258989321,75.2290383603245,44.4651775042127,23.183528324227,66.9633066322445,8.94087978773065,6.43722917962041,11.2024691877454,79.5619047619048,91,59,92,19.61,12.89,19.94,1.25825077584752,1.17342641140292,1.34920690342061,1.34104597412178,1.22582217917838,1.46710047774924
"DE088C","Oberhausen","DE","Germany","Western",6.8514435,51.4696137,173742.146682609,FALSE,0.577440044328799,-1.12258650997216,-0.685001628834183,0.166430824273784,-0.248597665245672,2787.55956631456,115.11651342566,57.8105629821088,171.275785149684,97.779989540511,41.3680402991276,154.00243560707,17.3365238851493,8.85669867096619,25.4484848233821,66.2571031978523,4.12965214507886,33.273770403975,2.07387722510771,98.5804471856616,6.14429148777359,56.2787967154192,3.507727358443,23.8100202449429,1.48402354514778,88.6385016805397,5.52463299683591,9.97830648243315,0.621924786635858,5.0976109367093,0.317722310869778,14.6472720115927,0.912930619704303,59.3160874380992,36.8374857508062,81.5221115314357,50.2510369493987,26.8149664977859,73.1446216054456,9.06505048870054,6.34280465948331,11.5946730430681,79.5619047619048,91,63,92,19.48,13.57,19.8152,1.19570433365471,1.11415364553416,1.28322413991224,1.33326667973986,1.21816280218152,1.45924669192095
"DE089C","Lübeck","DE","Germany","Western",10.684738,53.866444,174023.055690662,FALSE,-0.703011496261941,-0.397710338677651,-0.132141032492087,-0.403832849547217,0.362697554601559,2734.01276168094,104.52928338109,47.9429211012405,159.986892541244,88.7008562435146,34.1865608287999,142.184420116666,15.8284271375749,4.56500082432824,26.5117408216502,60.0663417650231,3.82329171414775,27.5497524801899,1.75357342047533,91.9343083054648,5.85172442439077,50.970749761564,3.24434682554221,19.6448457321476,1.25041701735807,81.704357823373,5.20057631440051,9.09559200345904,0.578944888605539,2.62321610559629,0.16697072114329,15.2346140092934,0.969700697569168,50.1384486085651,32.9746500181204,67.7605735945088,42.2359964302686,23.8569088298562,61.2474883205124,7.90245217829648,4.35882572867481,10.9997874094131,79.9333333333333,90,64.975,92,18.24,13.135,18.87,1.24018977031769,1.14285805959179,1.34581075356813,1.23325883919656,1.11365568819577,1.36570699595715
"DE090C","Hagen","DE","Germany","Western",7.473296,51.3582945,153385.980606807,FALSE,-1.33941270600074,-1.49283911193731,-0.669653921044492,-1.0939055974785,0.832108882003828,2558.22032679674,95.7263531247669,44.7641150534938,144.978578129507,76.61051621174,27.5719636875576,126.172666089519,19.1158369130269,8.98201544548867,28.291887991869,62.4088021252436,3.74191198944268,29.1839677110016,1.74981468893045,94.5187934099064,5.66716543570903,49.9462310105934,2.99468014577413,17.9755435134819,1.07777908723295,82.258277836325,4.93204845446231,12.4625711146502,0.747231843668551,5.85582555195402,0.35110406056133,18.4448982103475,1.10592069398864,51.9761842157699,33.8577085792592,70.0677934483228,41.124393351232,21.6634487286961,61.6961633416531,10.8517908645379,6.98379834660054,14.6380172863565,79.3666666666667,91,58.975,92,18.49,11.564,18.8452,1.12586589897282,1.04348097558692,1.21475527788795,1.35862222268387,1.23578528050699,1.49366914551141
"DE091C","Kassel","DE","Germany","Western",9.4924096,51.3154546,157979.56325031,FALSE,-0.920531343285375,-2.1832118240537,-1.14664795592851,-0.403741396015794,0.811839794625731,2095.10460557824,87.5754072924928,46.6398789789848,130.398975914532,71.4285038802782,31.0280072571177,113.778275862511,16.1469034122146,7.04246813319262,24.3941370895787,55.4346432479588,4.18000166002796,29.522729408415,2.22613605329326,82.5416738922881,6.22398402291432,45.2137620909254,3.40930489533071,19.6405197094738,1.48097651900078,72.0208826519135,5.43067279598236,10.2208811570334,0.770696764697251,4.45783491756729,0.33613921302268,15.4413245534345,1.16433981504451,51.961281364964,34.8249050907305,69.7363986939461,42.1361619617077,23.7388805973329,60.9394214191824,9.82511940325628,6.21418500982333,12.850760502561,80.152380952381,90,63,92,18.14,12.17,18.75,1.13115669723561,1.03363707994053,1.23787690915132,1.34060419718678,1.21233294925536,1.48244722262042
"DE092C","Hamm","DE","Germany","Western",7.815197,51.6804093,142650.198146044,FALSE,-0.746829281564732,0.239269364193567,-0.252903481338473,-0.121421936687744,-0.186403451232501,2149.56563092186,90.5635085078569,47.0176429067342,134.225437974304,76.1033289690601,32.3152723779637,119.223530871076,14.4601795387968,6.15157500582387,22.1338648856086,63.4864232120721,4.21310739272557,32.9600964581893,2.18730901863975,94.0941125345547,6.24430517698314,53.349613220408,3.54040499505114,22.6535068285567,1.50333964746659,83.5775431233654,5.54640105684729,10.1368099916641,0.67270239767443,4.31234942942452,0.286177584779569,15.5161823630614,1.02969011818989,57.5257061256195,37.5996133289137,78.7178624418168,48.2053430761437,27.4610155304866,70.5997457677965,9.32036304947581,5.83586992831254,12.4871614103153,79.3666666666667,90,65,92,18.97,13.62,19.6252,1.21007978586429,1.12090299775176,1.30635129988444,1.30087291681015,1.18063117708028,1.43336071293253
"DE093C","Herne","DE","Germany","Western",7.219985,51.5380394,131564.344052076,FALSE,0.263310186151375,-1.07311568717533,-0.669758924318194,0.390736261345215,-0.1812155767983,2265.5100063754,96.7504119794357,48.3356347264511,143.498257246908,81.6599341986421,33.050036797672,128.225855967197,15.0904777807936,8.49951291249621,21.6923870212787,73.5384747870138,4.27057976822742,36.7391598952669,2.13354320177043,109.070780750527,6.3340376711243,62.0684386693097,3.60448349240753,25.1208160051254,1.45883428917398,97.4624674269214,5.65991126087966,11.4700361177041,0.666096275819894,6.46034681640791,0.375169956812269,16.4880440651096,0.957505681291799,62.356733507931,38.694283237117,87.1736823691276,52.3291720397673,27.7965952008597,77.237029955029,10.0275614681636,7.00653289259977,12.6275079274949,79.3666666666667,91,65,92,19.43,13.79,19.7252,1.19549023485553,1.11469339653126,1.28214350787612,1.34619215741968,1.22783783509836,1.47595494526611
"DE094C","Solingen","DE","Germany","Western",7.0845893,51.1721629,128152.210825735,FALSE,-0.611237317964142,-1.62526364238752,-0.713480050352672,-1.14724684211469,0.39339871272254,2036.11906919253,78.0419732488599,36.9075788102028,119.033813279259,64.7486604886759,23.6938090933782,105.592741337495,13.293312760184,7.38778397257856,19.0692377555193,60.8978750705937,3.83287865772059,28.7997987489976,1.81264344353099,92.8847130394999,5.84611259136549,50.5248095772012,3.18000363870436,18.48880244883,1.16367502529086,82.3963477938614,5.1859806695573,10.3730654933926,0.652875019016236,5.7648509728987,0.362836539589423,14.8801473128312,0.93654826203664,52.3459155126125,31.8513913419035,73.3902237304389,43.2076085540184,22.2464766737332,65.4920664468151,9.1383069585941,6.62903178031354,11.4460683755694,79.5619047619048,91,59,92,19.15,12.24,19.52,1.13382006454283,1.05521091197729,1.21828529649205,1.35237324636178,1.23572846771195,1.48002853803432
"DE095C","Osnabrück","DE","Germany","Western",8.047635,52.2719595,131216.212765957,FALSE,-0.439139159085975,-1.34581678540135,-0.928232458908779,-0.430155572401765,0.484589775850832,1635.32490481253,58.7039827791722,26.6140822501059,89.6907532677837,48.645536080054,16.6770290207779,78.5966745422942,10.0584466991182,3.90384541836126,15.4875419882856,44.7383608638965,3.58974431358653,20.2826172841735,1.62744921035473,68.3534079952147,5.48458309439526,37.072809109969,2.97467102328699,12.7095796085227,1.01979912197874,59.8986000933304,4.80618098036636,7.66555175392758,0.615073290299534,2.9751242899567,0.238719865812157,11.8030704147131,0.947062075720118,43.3544645216042,27.5008871840916,59.1833373897619,35.7490512486488,18.149361316656,52.9201128215385,7.60541327295544,4.65047424442042,10.391518901283,79.8428571428571,91,62,92,19.14,12.85,19.4,1.17323070852435,1.08930639414432,1.26362087179871,1.25564663345053,1.1543966894916,1.36577701794173
"DE096C","Ludwigshafen Am Rhein","DE","Germany","Western",8.4381568,49.4704113,129366.163747537,FALSE,0.30735328787972,-1.34639480527771,-0.684115793618892,0.662511251807949,0.464717173998479,1758.91212123092,90.6890521196476,49.4538244280467,129.744436753319,79.869063045309,37.9507304181514,120.321958248321,10.8199890743387,6.87185354411258,14.4997701711234,70.1026060389571,5.1559740265012,38.2277892421374,2.81161428311938,100.292404903125,7.37640244712858,61.7387582128328,4.54082168638505,29.3359015362114,2.15762515705405,93.0088322655483,6.84070322763578,8.36384782612424,0.615152340116151,5.31194042170354,0.390687713227169,11.208317345964,0.824360125563073,66.9948339176784,44.9530757331839,88.6479040886299,58.935386169584,36.591915969116,81.1347597636617,8.0594477480944,6.29649179103212,9.6912898686443,80.2047619047619,91,75,92,21.4896,17.16,21.85,1.22216719393642,1.14229126578377,1.30762853107307,1.32950662525413,1.22329468050121,1.44494036863662
"DE097C","Leverkusen","DE","Germany","Western",6.9881194,51.0324743,129231.644654547,FALSE,0.210198236747449,-1.52985249702288,-0.662595233797355,-0.73005911395718,0.0503996205494185,1802.43401684103,75.4943344719297,36.9227874713371,113.566981181452,64.607901781025,26.4969449508095,103.620436967682,10.8864326909047,5.90852013740293,15.3899831077647,58.4178392790217,4.18846591700715,28.5710110476707,2.04849592974551,87.878616328865,6.30075665019296,49.9938710473974,3.58448082855524,20.5034494621184,1.47006462945303,80.1819378254243,5.74891707543827,8.42396823162434,0.603985088451913,4.57203818244144,0.327807846622772,11.9088348282684,0.853844466092434,50.5469505345142,31.8112477756564,69.5471977845484,43.0790588706745,23.7089270276107,62.930698260192,7.46789166383965,5.31634853328095,9.3348535566485,80.2523809523809,92,62,92,19.94,13.3172,19.94,1.16743956125365,1.0826900715064,1.25882296794671,1.35426714601907,1.23894510873949,1.48032345408152
"DE098C","Oldenburg","DE","Germany","Western",8.2146017,53.1389753,130103.342168439,FALSE,0.39045177954817,0.0437793781014639,-0.111356292267199,0.327535241888105,0.705095481472169,1596.82502187774,63.3880604484966,29.9871935005787,97.7191421955039,55.5283244977623,21.9967946368112,90.3451655361817,7.85973595073432,2.74035341300152,12.6688234320488,48.7213159877407,3.96963096018855,23.0487495561457,1.87792607766855,75.1088638975864,6.11958986467995,42.680167605435,3.47742074034293,16.9071710766146,1.37753318838558,69.441079706635,5.65779996545537,6.04114838230572,0.49221021984562,2.10628979035274,0.17161262977825,9.73750806158923,0.79337580877529,50.073690655665,30.1103848127915,70.83052995738,43.9181708616412,23.7062292458348,65.6162844310107,6.15551979402381,3.72997838114483,8.26390436584423,79.8428571428571,91,62,93,18.68,12.83,19.3308,1.31347677722023,1.21225941563081,1.4231452625172,1.28234719930243,1.15004978930557,1.42986360664588
"DE099C","Neuss","DE","Germany","Western",6.6916476,51.1981778,121480.256964175,FALSE,0.573550106593685,0.426825554642318,0.155164300212409,0.316556656236251,0.273901180123309,1707.19147499964,73.1814367315645,36.4992388223707,108.447710194907,63.4420568299576,27.0750813273504,98.8507669779919,9.73937990160693,4.52068140890138,14.4325695338104,60.2414240473213,4.28665664064308,30.0454079819195,2.13796983858407,89.2718808019055,6.35240462379477,52.2241707544845,3.71616527841266,22.2876391637325,1.58594286135105,81.3718784009018,5.7902565954421,8.01725329283677,0.570491362230413,3.72133013369779,0.264802248318533,11.8805885783289,0.845398406983814,54.607989448925,32.7201007814259,75.1831186395356,47.3073595932294,24.8118829983565,68.5315477766789,7.30062985569558,5.01837804352655,9.26679111974862,79.5619047619048,91,62,92,19.73,13.53,20.06,1.26383840850241,1.17840850646482,1.35546163664221,1.34862134085585,1.22653520056559,1.48285961966125
"DE100C","Heidelberg","DE","Germany","Western",8.694724,49.4093582,121839.7872,FALSE,-0.955146467077644,-1.98276889557583,-0.842023549998175,-0.470880332644126,1.86179982723071,1140.89903958633,53.9867230240539,21.6800517512553,84.2899628805127,45.2753250373981,13.0523709806258,75.4574735120865,8.71139798665589,4.49836098230838,12.4484461921225,44.3096005539102,4.73194569816,17.7939015238656,1.90026032094094,69.1809833368726,7.38802996197411,37.1597210384805,3.96839014377768,10.7127329098174,1.14404259515885,61.9317180751664,6.61386072683926,7.14987951542969,0.763555554382315,3.69202957891279,0.394282125431486,10.2170616661439,1.09110848201223,49.7446533520923,25.812179161215,71.8919538193454,41.705166176014,16.1696891551565,65.1815413844858,8.03948717607828,5.6360012540499,10.2875802735802,80.8952380952381,91,61,92,20.7396,13.3916,21.15,1.17418325810652,1.07976340299105,1.27685965258545,1.31585323497592,1.19934383097825,1.44368086221306
"DE101C","Paderborn","DE","Germany","Western",8.752653,51.7177044,113606.805297754,FALSE,-0.8503215386021,-0.909129044912963,-1.03009592599871,-0.551823624671046,-0.57197883395014,1335.9631944665,54.4690713103509,24.1843217021708,83.9654218043209,46.7268631895796,16.8346180478527,75.5857166731321,7.7422081207713,2.29543268720168,12.9654035236593,47.9452539551588,4.07713861698882,21.2877403239935,1.81025359099272,73.9087958544864,6.28501010747168,41.1303381580992,3.49761605582551,14.8183183249723,1.26011091604776,66.5327367273714,5.65776938962128,6.81491579705953,0.579522561163302,2.02050632546663,0.171818557330716,11.4125236509187,0.970491071712267,49.9687019378497,28.2541551331941,71.2248534422415,42.9383368933562,20.5093465959538,65.1929424906543,7.03036504449349,3.82090653052859,9.86820873354948,80.3904761904762,88,66.975,92,17.77,13.27082,19.0252,1.15472484159143,1.05643349372151,1.26216128863087,1.27951901897192,1.1533103744538,1.4195388823119
"DE102C","Würzburg","DE","Germany","Western",9.932966,49.79245,108065.351284211,FALSE,-1.39740964828564,-2.71090766943205,-1.43260430452996,-0.82539805114325,0.584987001560667,1424.27043945529,65.3174529766901,28.515131027959,101.246206291081,55.1730873562729,18.2827090836356,91.3150631146398,10.1443656204172,4.99356077864369,14.8667792612077,60.4425490691331,4.58602883042849,26.3869322489542,2.00208683955166,93.6897951914339,7.10863635769918,51.0552982067011,3.87377887147428,16.9181970598072,1.28365432414843,84.4998531254317,6.41135704182438,9.38725086243199,0.712249958954209,4.62087127770555,0.350604817758731,13.7572118024289,1.0438171606576,53.9921232098407,27.8542001304371,79.3862899490994,45.2833692144143,19.1923301036881,71.7851504074883,8.70875399542642,5.71817180235565,11.2769191147683,80.7238095238095,90,66,92,19.534,13.7696,20.22,1.10299054493076,1.01298632815385,1.20099167026652,1.31982265745194,1.19515544322658,1.45749396615789
"DE103C","Recklinghausen","DE","Germany","Western",7.1978546,51.6143815,95482.9607622708,FALSE,-0.143514357570802,-0.974836516598548,-0.79119133716992,-0.607354101964315,-0.602332099271649,1516.07329610649,59.4442493789694,23.9855030097908,95.0951813410666,49.9293234533275,14.6974714583093,85.8894734098009,9.51492592564189,4.50424783667121,14.3027424204354,62.2563951771154,3.92093505845868,25.1201919361391,1.58208069961982,99.5938757888231,6.2724659543365,52.2913439787852,3.29333176578954,15.3927688678427,0.96944333074494,89.9526708473617,5.66525864088356,9.96505119833028,0.627603292669141,4.71733155393629,0.297099609117766,14.9793662725287,0.943407054076285,53.0110255929433,26.7119893518825,79.7083399275198,44.3237458680898,17.4936055290924,72.2344646873912,8.68727972485356,5.7347071365304,11.4427155071221,79.8380952380952,91,62,92,19.4496,13.21,19.76,1.15844289574479,1.07438812491857,1.24907369280843,1.32863592771864,1.19984790576604,1.47124766392599
"DE104C","Wolfsburg","DE","Germany","Western",10.7861682,52.4205588,99130.0453168345,FALSE,-0.694679475481793,-2.68406646817758,-0.740201387448386,-1.71689665901377,1.1318943133598,1450.80270534969,49.5720815703433,15.0959020011384,83.5849160237112,38.9506069947634,5.78679190506375,71.8130674020564,10.6214745755799,3.92292720388798,16.7490545507894,50.0071208601827,3.41687270002677,15.2283820237241,1.04052066800494,84.3184483135878,5.76128757656023,39.2924333588988,2.68476250086501,5.83757617235854,0.398868287447049,72.443291206547,4.94988513167594,10.7146875012838,0.732110199161765,3.957354393766,0.270397014661097,16.89604246347,1.15446810851875,43.0854118412019,23.8245624581306,63.3295538158651,33.3164450015367,12.4850498791271,55.6332676414627,9.76896683966524,5.72310225596538,13.5343419390796,79.8095238095238,92,54,93,19.96,11.0624,20.4,1.12145283825418,1.03084603388601,1.22002357974577,1.28316741190064,1.15847099676602,1.42128599814773
"DE105C","Bremerhaven","DE","Germany","Western",8.5851945,53.5505392,90725.8812571427,FALSE,0.326097872076821,1.28114090175645,1.02426025838316,1.08038316029562,1.50907958918251,1527.18111919557,66.9793160300408,24.0340846873272,108.539081139431,58.1989815550891,15.1658036046169,99.6089362125915,8.7803344749517,2.19250601995246,15.061015450661,73.8260296862838,4.38581352192997,26.4908803907981,1.57375470304314,119.634088570383,7.10715184827604,64.1481578890777,3.81087618381145,16.716071968078,0.993058610664686,109.791092500134,6.52240490407973,9.67787179720609,0.574937338118525,2.41662686498275,0.14356555305682,16.6005722313943,0.986197069971262,66.6213845883812,31.7114867157131,99.1819117133674,57.7150134342872,20.7188347114775,92.5169042278275,8.90637115409398,4.53726191478908,13.2874689213372,79.4380952380952,91,58,93,18.42,11.9,19.1108,1.46224092221353,1.31712824108209,1.62334118114365,1.28607038658623,1.12539193511565,1.46968979219144
"DE106C","Bottrop","DE","Germany","Western",6.929204,51.521581,95855.146291114,FALSE,-0.399385319019974,-0.855528320186058,-0.656780905456194,-0.917101572446736,-0.205990965821188,1572.9953129281,58.6825916220877,24.2315550141173,93.5646759608889,48.7583466433285,14.2849710913186,83.23446242733,9.92424497875924,4.8322400564042,14.6079367504323,61.2200741354747,3.73062723962294,25.2793469643513,1.54047216892279,97.6104878883926,5.94818529921238,50.86669681276,3.09971340935313,14.9026647436694,0.908138185404215,86.8335876036799,5.29146283801639,10.3533773227147,0.63091383026981,5.04119000739782,0.307199901785409,15.2395956979375,0.928670074880258,52.8660452790003,28.9926162648491,77.6311402117269,43.7125112064757,19.0437954222759,70.0189794889547,9.15353407252456,6.45436563366602,11.6486139389435,79.8380952380952,91,61,92,19.46,13.09,19.77,1.15613785965472,1.07536809117894,1.24297416065379,1.3223635361212,1.20376904504195,1.45264187417448
"DE107C","Heilbronn","DE","Germany","Western",9.218655,49.142291,96444.1144360901,FALSE,-0.856693298221437,-2.08583837407599,-1.29772760709319,-0.984449714736285,-0.438749470942358,1294.17485941232,61.3811289427964,25.6566710968401,96.643877799488,53.2632930667691,17.2582309381938,88.8278844160743,8.1178358760273,3.58873478272845,12.1281513774752,63.644245480082,4.74287755602587,26.6026301831428,1.98247330414768,100.207128620099,7.46760587231415,55.2271057474064,4.11561796919434,17.8945403139454,1.33353161766955,92.1029602847742,6.86366944698728,8.41713973267564,0.627259586831532,3.72105110167876,0.277299064854194,12.5753151951145,0.93713390344969,59.365094960939,30.9562208481014,85.83730127004,51.4061111966654,22.9215340371202,78.739952418139,7.95898376427364,4.98492834500637,10.4211350667625,81.352380952381,91,70,92,20.73,15.25,21.0852,1.12381606526616,1.03002984252085,1.22614170620473,1.29926100222689,1.17419997375131,1.43764196018041
"DE108C","Remscheid","DE","Germany","Western",7.1943544,51.1798706,90422.7403639101,FALSE,-1.02634030633869,-1.89183092912162,-0.831966421412057,-1.45237431014944,0.729477135194199,1412.37822852466,52.4157707262657,24.30967986897,80.4251631053049,41.9849369919237,14.0213021651672,69.24928831981,10.430833734342,4.72539585316722,15.5895119109682,57.9674653912459,3.71117096452402,26.8844759306505,1.72118766616528,88.9435144097939,5.69430776268164,46.4318343183956,2.97264119086432,15.5063893316414,0.992744144733354,76.5839301497757,4.90302717227145,11.5356310728503,0.738529773659696,5.2258932146379,0.334570142595817,17.2406983555548,1.10377741571765,49.9230243033335,32.5062922975413,67.4521146267008,39.6784657180037,20.7032254856835,59.145235161879,10.2445585853298,6.41015227913761,13.4759903102699,79.5619047619048,91,57,92,18.57,11.17,18.8852,1.11090326750525,1.03098228963125,1.19701965995482,1.35178281659748,1.23386850733972,1.48096557483909
"DE109C","Offenbach Am Main","DE","Germany","Western",8.7610698,50.1055002,94757.7923622594,FALSE,-0.33456940581262,-2.2611885136112,-1.29044987913429,-0.111197883207312,0.646649763254246,1083.45843334201,50.498249156493,25.8743861199834,74.7161551990699,43.6054675654135,18.7408039241749,67.9851034592986,6.89278159107954,3.56909728111422,10.0718705892955,53.2919223818955,4.66083862587394,27.3058135641927,2.38812909879449,78.8496157798081,6.8960795264293,46.0178170874956,4.02465532811528,19.7775860506846,1.72972061940277,71.7461875846487,6.27482341427658,7.27410529439986,0.636183297758663,3.76654752304649,0.3294170935663,10.6290684261519,0.929603783527534,59.9417067071637,38.406763326232,80.9174555445383,51.9318981890638,29.3964921656812,73.3429900804176,8.00980851809991,5.75239445094234,10.1233252675473,80.8333333333333,91,67,92,20.64,14.67,21.0152,1.1484896871946,1.05776093383215,1.2470006401292,1.31861562711132,1.2155363680855,1.43043615782614
"DE110C","Ulm","DE","Germany","Western",9.9934336,48.3974003,97002.841428765,FALSE,-1.39613846628557,-3.46875596528254,-1.65944921060962,-2.09266623181864,0.293738501062845,1113.0762734043,44.9699574628948,12.383308260076,77.6689141171086,38.3352744686312,6.10495250317006,70.8635209648544,6.63468299426357,2.13282250732169,10.740933669814,46.3594228792967,4.04015057524818,12.7659232221252,1.112530071475,80.0687000227158,6.97786090431713,39.5197438590323,3.44408333773789,6.29358110881039,0.548475665957582,73.0530363039867,6.36645687793894,6.83967902026439,0.596067237510298,2.1987216826921,0.191615126320009,11.0728031381449,0.964977326932259,46.4276212714415,19.6587464605417,73.9804293805873,39.5178365702928,11.1060493225492,68.452649478943,6.90978470114868,4.02777514051922,9.58291815227005,81.347619047619,91,63,93,19.1596,12.41,19.79,1.07500219574752,0.985244375548955,1.17293714081657,1.26664480801907,1.13619141862609,1.41207638376793
"DE111C","Pforzheim","DE","Germany","Western",8.7029532,48.8908846,94888.999410442,FALSE,-1.76431974189176,-2.85953392972195,-1.35094344587559,-1.76359569046936,1.12114598405069,1344.64734375509,56.0553524087694,17.8588249509493,94.0008184203302,46.689256028399,8.78684503596648,84.2852927803471,9.36609638037044,4.40475707180905,13.8041021909541,59.0746585558377,4.16877723881327,18.820753788014,1.32814191273947,99.063978969501,6.99074139081118,49.2040766774711,3.47223056255133,9.26013035289689,0.653468366763597,88.8251465438806,6.26820803029069,9.87058187836656,0.696546676261932,4.64201024267976,0.327577122155184,14.5476317346804,1.02659647193475,51.523181461252,23.0185613197441,79.0649684873815,42.6164532571023,13.5446500533263,71.1119013495708,8.90672820414968,5.77718197403591,11.5348834987654,80.8952380952381,91,60,92,19.89,12.5,20.23,1.08441059008418,0.992754313944939,1.18452905353171,1.35502365171093,1.20930211024131,1.51830471570883
"DE112C","Ingolstadt","DE","Germany","Western",11.4250395,48.7630165,101605.302951697,FALSE,-0.739432729538263,-3.46580886305101,-1.63666725448173,-1.72184938471776,0.037205702423446,1165.16605913721,51.1166505822417,15.4448070947905,87.0893902147534,45.227145292375,8.5853390067927,81.6682585891884,5.88950528986675,2.41892138054586,9.00522846872454,50.3090381085153,4.38706999585046,15.2007883900832,1.32554557126622,85.7134299930737,7.47441873472027,44.5125834759587,3.88160511007891,8.44969579085271,0.73683394220649,80.377949001356,7.00915186713066,5.79645463255653,0.505464885771549,2.380703871033,0.207603144768656,8.86295125068974,0.772870819408591,51.1414539546011,20.0445310982377,82.493640329059,45.2452640152144,14.5438649112169,75.7885471649973,5.89618993938667,3.51038043563429,8.00975094869553,81.3428571428571,91,67,93,20.2096,14.18,20.86,1.1000579219618,1.00854017569267,1.19988024358058,1.27907800440895,1.13960987229766,1.43561457401578
"DE113C","Gera","DE","Germany","Western",12.0796208,50.8772301,83849.8093415227,FALSE,-2.42730508616879,-1.59446764717318,-0.950857510955081,-1.20027680045671,0.0316294576651055,1466.72764645708,62.0043361306459,27.6474948752351,98.0886992044868,51.6898548778438,19.0053951355775,86.2960631567463,10.314481252802,2.48752830836786,17.9190676303931,73.9469017491745,4.22739260969268,32.9726389270917,1.88497809678698,116.981421871776,6.68758780414501,61.6457631612609,3.52416176259458,22.6659968398592,1.29576852127152,102.917423229026,5.88357786567921,12.3011385879136,0.703230847098093,2.96664754267488,0.169597151480478,21.3704333630721,1.22170381622499,53.0761203567035,29.5637231018446,77.4103867759423,43.79679408514,20.4000976896471,68.4834941379178,9.27932627156357,4.36320944635771,13.5800960876008,79.5285714285714,83,67.975,92,17.18,13.9145,19.7552,1.1025597041556,1.01213435531791,1.2010637667228,1.31452330629326,1.16336692757128,1.48531944809156
"DE114C","Salzgitter","DE","Germany","Western",10.3593147,52.1503721,82978.5813520093,FALSE,-1.21565998351915,-1.01438890047529,-0.543955862119382,-1.32138853297774,-0.293422988030269,1423.15649919774,48.3929401533183,18.853822169758,79.2507497148566,40.0623276593534,10.3334501612408,70.7190207382176,8.33061249396495,1.96358290677001,14.1581708736064,58.3197969461869,3.40039483926035,22.7213117681259,1.32478909946912,95.5074772592958,5.568660211265,48.2803236770247,2.81503318025369,12.4531535642969,0.726093733687471,85.2256324294283,4.96916683288753,10.0394732691622,0.585361659006655,2.36637319507808,0.137973786289625,17.0624402621985,0.994842863844392,47.8260641568809,26.7359942322054,70.2875580695401,39.2642981676685,17.192087048158,63.4638048486021,8.56176598921237,4.25478409781614,12.2729926391739,79.8095238095238,90,62.975,93,18.96,12.984,19.97,1.14709717502432,1.05006991033013,1.25308983335699,1.24251324345663,1.11896278068632,1.37970555125898
"DE115C","Reutlingen","DE","Germany","Western",9.2114144,48.4919508,89385.4107791277,FALSE,-1.47957613562591,-2.68775884150879,-1.64816037126452,-1.71390224000635,-0.159096291936284,1113.37564894553,44.7450125754035,13.2283930140095,74.8884464437429,39.0178096759917,6.90972267023439,69.8864327755203,5.72720289941181,2.00560851933732,9.17339512979418,50.0585187061107,4.01886035659046,14.7992752941495,1.18813385460137,83.7815095226144,6.72625151400333,43.6512058689366,3.50446048581585,7.7302577792123,0.620610184601986,78.1855027194655,6.27698592489511,6.40731283717406,0.514399870774614,2.24377613959084,0.180137631107419,10.2627431589051,0.823926330567968,45.7917109092004,18.8062524756655,71.8437574026342,39.8729657018468,11.36864006331,67.4632430935947,5.9187452073536,3.49066194336031,8.22905165354006,81.347619047619,91,68.975,93,19.04,13.62475,19.7508,1.08084793780924,0.986602730600822,1.1840959166564,1.2624884497486,1.13713505439319,1.40166032134078
"DE116C","Fürth","DE","Germany","Western",10.9893626,49.4772475,95047.8434357104,FALSE,-1.10868639710937,-2.08299011544533,-1.46957808687887,-0.399466503478337,-0.23747063347313,1216.42620887012,57.5636382580878,24.4004435125611,89.478104613981,49.5066810059455,16.5800880265787,81.7359916128779,8.05695725214228,3.33510269404127,12.4284876140868,60.5628030866617,4.73219319333443,25.671748701027,2.00591234672801,94.1400681799827,7.35581854135591,52.0860644665036,4.06984662488734,17.4439392070935,1.3630163429296,85.9945777393292,6.71935469795563,8.47673862015811,0.662346568447091,3.50886729618132,0.274172216096781,13.0760332531829,1.02172145942424,65.1511370327492,34.4886448506898,94.109130709096,56.1484144766704,25.3011839913594,85.7177265105886,9.00272255607877,5.81682248464203,12.0757457883375,80.1666666666667,90,77,92,19.67,16.15,20.3552,1.13315573130771,1.04301594906386,1.23108559610042,1.28605672181991,1.15452140489761,1.43257793638296
"DE117C","Cottbus","DE","Germany","Western",14.3357307,51.7567447,85473.2979186565,FALSE,-1.58657395869876,-0.676431275911766,-0.469087464436345,-0.162850989217721,0.451332410614083,1357.21301877822,58.3490396762193,28.6462816054954,87.7459752069801,49.0329528062346,19.4487392365192,77.9456127940544,9.31608686998467,4.04746126905679,14.2944858978891,68.2658106064295,4.29918066426639,33.5148897995694,2.11066952712281,102.658932489637,6.46515867391033,57.3663986300125,3.61276764426964,22.754169676509,1.43299091354334,91.1929394232968,5.74306403752465,10.8994119764171,0.686413019996754,4.73535170353283,0.298218570928562,16.7239199211582,1.05322345866953,57.1737299936921,36.748561176941,77.7333371994392,47.8154601956493,25.4887676740756,68.9608162132864,9.35826979804286,5.83618281190308,12.4472812428159,79.6095238095238,90,68,92,20.29,15,20.89,1.1698086033633,1.07324748550477,1.27505741870821,1.32275027086812,1.19605008489296,1.46287208301839
"DE118C","Siegen","DE","Germany","Western",8.0227233,50.8749804,83166.4455233471,FALSE,-2.06725622477937,-2.06597302837237,-1.12262621837826,-1.36995817039972,1.17939684055768,1221.48474867557,45.8920054989099,18.2952819079827,72.7698171677585,37.4378576979813,10.3439966008647,63.8397342532202,8.45414780092861,3.13449303197271,13.2780224276478,55.1809148631063,3.75706741722887,21.9983934540604,1.49779044951809,87.4990108208123,5.95748880587017,45.0155798560267,3.06494679844135,12.4377043358921,0.846837966014756,76.7614076223789,5.22640453124284,10.1653350070796,0.692120618787525,3.76893951911504,0.25661335807683,15.9656004823727,1.08703955919587,50.2939498442296,28.3019810743269,71.2618592295962,40.9095931324541,17.3173791161912,63.8789760806426,9.38435671177545,5.25929824757299,13.0648649001122,79.3666666666667,90,59,92,17.74,10.82,18.4,1.0667414869132,0.970738050141274,1.17223941076192,1.42081594440479,1.26559327400669,1.59507638775917
"DE119C","Bergisch Gladbach","DE","Germany","Western",7.1277379,50.9929303,86359.5483428571,FALSE,-0.91291549376051,-1.49762888748632,-0.66523587826623,-1.52645367372766,0.468805454371106,1239.16527743286,47.5718573290376,20.904836452016,74.4982085046022,39.8053239868791,12.8364846709577,66.9573550503663,7.76653334215853,4.11848376522721,11.1583207404807,55.0858107087035,3.83902439774546,24.2067459281068,1.68700954043224,86.2651668913736,6.01196707665486,46.0925569328448,3.21226915503496,14.8640016272381,1.03589770507052,77.5332390398084,5.40342408472581,8.99325377585871,0.626755242710499,4.76899641586402,0.332359519769579,12.9207724618717,0.900470739754509,45.7213655456981,26.4362130266077,65.3593614323876,38.0926745138885,18.4391991973796,58.6230275453681,7.62869103180962,5.40209550693585,9.59569213027451,80.2523809523809,91,58,92,19.41,12.17,19.7252,1.12426659541176,1.04088028202638,1.21433309803703,1.35128213419408,1.23305798622333,1.48084147428034
"DE120C","Hildesheim","DE","Germany","Western",9.9513046,52.1521636,82770.0036271183,FALSE,-0.993962683305694,-0.988036337296944,-0.560688005622807,-0.766714025148904,-0.0052891688747739,1303.35612285834,46.9441927744916,20.1066593401476,72.8963616823719,38.9892824823635,12.7200929165763,64.567979197972,7.95491029212812,2.67052529986137,12.7472531215516,56.7164319407026,3.60179324370227,24.2922054597566,1.54268346060725,88.0709900784499,5.59297343250329,47.1055705857058,2.99145274254419,15.3679985008588,0.975949143406818,78.0089118865488,4.95397827697087,9.61086135499675,0.610340501158081,3.22644096029303,0.204896056651404,15.4008125684981,0.978033010164258,46.5282418919955,28.2245966739457,64.7751416246823,38.3655154866401,19.540304976006,57.4668322615624,8.16272640535542,4.89079529710519,11.1888914025254,79.9761904761905,90,65,92,18.744,13.25,19.37,1.17500145963868,1.08163375284032,1.27642876022273,1.26590977830085,1.14160127312887,1.40375418678848
"DE121C","Witten","DE","Germany","Western",7.335124,51.4370171,80454.065340418,FALSE,-0.934963429666919,-1.1885203726905,-0.624434272270108,-0.986302146474205,0.518095918504313,1321.22761604532,50.5160881229298,25.2470842874968,76.7413844927673,40.8361183860427,16.2671499704676,66.2965661407286,9.67996973688711,4.73575722410786,14.3496938964793,62.7887328119289,3.82342054536627,31.380744006746,1.91088075823498,95.3853408998767,5.80833942318497,50.7570602097688,3.09077087778961,20.2191771188166,1.23121480151605,82.4030033289354,5.01780051639902,12.0316726021602,0.732649667576663,5.88628704350721,0.35843613671071,17.835884160437,1.08608794746741,52.184045314139,34.1165254275926,70.7737005646772,41.881191971187,23.0431340029172,61.7689908317482,10.3028533429519,6.81123927271847,13.5121649159483,79.3666666666667,91,59,92,19.0996,12.19,19.43,1.14304434542043,1.06331979670014,1.22874640315387,1.33776050940296,1.22251461139918,1.46387058594731
"DE122C","Zwickau","DE","Germany","Western",12.4939267,50.7185043,78937.9356382378,FALSE,-2.09976059363922,-1.57762633113048,-0.81493584956924,-1.03703681790921,0.0933980861286121,1491.36442591703,63.6026569179506,29.968135015153,98.4627036847637,54.3692966188746,20.9841743800798,88.8407343972416,9.23336029907594,2.78172433411171,15.2979461293971,80.5729924448914,4.26472938556528,37.9641737180626,2.00944413681624,124.734328163844,6.60218937596151,68.8760051542797,3.64560771827739,26.5831304181142,1.40704538846545,112.545044000627,5.95701042973544,11.6969872906117,0.619121667287886,3.52393853680186,0.186522105916617,19.3797139559179,1.02576847506541,56.7108268063279,34.6340096512447,79.9726306210618,48.0713098100348,25.2943058947635,72.1326102851631,8.63951699629311,4.46886029885658,12.3997517105634,79.8952380952381,87,69.975,92,17.92,13.98466,19.48,1.11490075314646,1.01991285998868,1.21873518623967,1.29928403835454,1.16293031987283,1.45162524656462
"DE123C","Erlangen","DE","Germany","Western",11.0038064,49.5978157,85194.4712758763,FALSE,-1.32634630656404,-3.14120345716051,-1.58266217568145,-1.04370834927622,0.865239716667353,1040.38840585689,46.7202709800191,17.7606227687492,76.7935204710805,39.4004899810946,10.5541331126729,69.5555033746915,7.31978099892453,3.12917505024218,10.9871018697354,54.8395574035899,4.49065663525338,20.8471541671253,1.70711463802994,90.1390892167264,7.3812357037785,46.2477076165049,3.78709429663852,12.3882840689234,1.01444163095804,81.6432126792092,6.68553234379848,8.59184978708495,0.703562338614856,3.67297901305039,0.300769888690265,12.8964963397179,1.05605769997851,54.2064568974461,27.6519443146055,82.8333919168151,45.57735511388,17.6483446751725,75.2961022550624,8.62910178356618,5.59880861486437,11.2833017976708,80.1666666666667,91,64.975,93,20.03,13.53475,20.78,1.10192663773089,1.01305757882636,1.19859161050611,1.30402953284267,1.17259902345965,1.45019140260643
"DE124C","Wuppertal","DE","Germany","Western",7.1780374,51.264018,282929.342787706,FALSE,-0.585611076217053,-2.07089349268027,-0.665252409246096,-1.06479165309348,0.677683195393275,4236.55600003308,160.059652173235,74.1572487436451,245.765822189789,130.447058404888,43.5889438087889,215.07344379483,29.6125937683468,16.4316511624656,41.7405805649133,56.5723055078577,3.77806057967804,26.2105188571016,1.75041351378493,86.8647344132835,5.80107573670382,46.1058782802772,3.07908259453833,15.4063001664326,1.02887684733658,76.0166625616521,5.076610430575,10.4664272275804,0.698977985139711,5.80768717749967,0.387853982393656,14.7530051685848,0.985247936403706,50.2182459398228,29.7576610795031,69.8301595834395,40.6826953471091,19.2053868608271,61.141256650624,9.53555059271365,7.10450314616092,11.7549078920904,79.5619047619048,91,58,92,18.6996,11.57,19.03,1.13095088345474,1.05359611034818,1.21398502540445,1.36835182276336,1.25014698835063,1.49773324921586
"DE125C","Jena","DE","Germany","Western",11.5879359,50.9281717,86747.7406283362,FALSE,-2.14216693346174,-1.99202393817368,-1.18830825917359,-0.833338514865649,0.761360496912715,1007.93234563424,43.1680837794252,19.2563581465574,65.7546525082942,36.1238487290794,13.4312698966822,57.9319315320904,7.04423505034579,1.8085655873695,12.0615376199345,49.7627759141019,4.28283544688325,22.1981091462195,1.91048121731229,75.799844505478,6.52371687376675,41.6424087445104,3.58395569757694,15.4831351219018,1.33255668943043,66.7820638468213,5.74760119397067,8.12036716959149,0.698879749306307,2.08485612912751,0.179433232319918,13.9041518921066,1.19666142992412,48.6918950092688,27.341093066186,68.0758792087197,40.6607117003241,19.2897375320337,60.4664198216623,8.0311833089446,3.73600979676095,11.8836207787171,79.5285714285714,83,64,92,16.96,12.85,19.5652,1.11069484232808,1.01965758774173,1.2098601016704,1.34732371623245,1.18785945737049,1.52819526338648
"DE126C","Stadt Düren","DE","Germany","Western",6.4820806,50.8031684,72222.0044825125,FALSE,-0.403699916993835,-0.692437147000179,-0.538362037351234,-0.900080073618275,-0.608790761069682,1090.80779633229,40.3387490023329,15.2278245259349,64.7671603018237,35.1821753563766,10.1102984090241,59.7058517067301,5.15657364595633,1.76056912726644,8.27921853667793,55.8538208560805,3.69806203604038,21.084743680331,1.396013539428,89.6778769377775,5.93754101497952,48.7139281282278,3.22533222394198,13.9989169249271,0.926863416544948,82.6698900626429,5.47354464347285,7.13989272785266,0.472729812098401,2.43771844866578,0.161400489910885,11.4635679195011,0.758998841456381,52.1649038123961,26.2874991167901,78.8881103268101,45.5030378632618,19.4812456184576,72.9730390539281,6.66186594913431,3.96095285576886,9.05505793710533,80.2523809523809,91,61,92,19,12.7,19.3452,1.16586274906219,1.07498414412417,1.26442418437554,1.32876166003395,1.20174131842699,1.4692076590054
"DE127C","Stadt Bocholt","DE","Germany","Western",6.6148669,51.8382715,55231.11444,FALSE,-0.3809691041186,0.47691366147329,-0.00192095459359284,-0.566730196401547,0.129612053879886,716.144406893535,26.5437205491574,12.5488993557373,40.5578170135787,21.9547468368134,8.30210744954253,35.7390599175157,4.588973712344,1.79542338259424,7.12923506115065,48.0593607756964,3.70647599752929,22.7207064043035,1.75228616392767,73.4329144446984,5.6633573652427,39.7506859302355,3.06568711917305,15.0315769176837,1.15927840385644,64.7081998614036,4.99048230684972,8.30867484546089,0.640788878356235,3.25074625199657,0.250706891698332,12.9080050863277,0.995502442318245,48.6447162151644,30.593291592233,67.2723544314852,40.3611408380188,21.0199283601755,60.4041919568064,8.28357537714557,5.10456192935431,11.2079940800178,79.8380952380952,91,60,92,19.35,12.9,19.68,1.22019537104845,1.13201544395719,1.31524419695494,1.32336464423937,1.19940761938818,1.46013244647899
"DK001C","Copenhagen","DK","Denmark","Northern",12.5700724,55.6867243,415428.483261108,FALSE,2.67665917063755,-0.650870303060722,-0.0558769923780796,0.407385490146785,-0.534088881910097,4599.4156442963,387.796527395816,270.395582919965,508.29850713493,373.534760938494,252.651343870024,496.627702683338,14.2617664573225,2.5828225332292,25.3027186174081,93.3485649206378,8.43143036826252,65.0883590834609,5.87891166686099,122.355237451413,11.0513714446588,89.915539253893,8.12135257664114,60.8170489145845,5.49311833087612,119.545896031206,10.7976260701553,3.43302566674481,0.310077791621385,0.621724950815621,0.0561554495826473,6.09075199148168,0.550128985380692,113.894111886792,88.9168367338109,139.361133049974,109.679724562483,84.5551612430007,136.014975386613,4.214387324309,2.23661084541592,6.17251200184627,79.1253968253968,92,87,95,18.17,16.86,19.19,1.40859499217111,1.29860416368914,1.52790196385393,1.14478424905754,1.04281474544785,1.25672463168654
"DK002C","Aarhus","DK","Denmark","Northern",10.2134046,56.1496278,224208.589131056,FALSE,1.44583441712987,-0.220075133216447,-0.0699407257426558,-1.23618519676224,-0.936829393714943,2462.7463110469,206.603903333691,128.976195287833,284.137010320641,201.820589551881,122.590522918583,280.38178333474,4.78331378181011,-1.29883123238027,10.5871069033587,92.1480769913437,8.38916710206603,57.5250911607327,5.23708815273814,126.728869496857,11.5374047682506,90.0146556980969,8.19494028461617,54.6769967170727,4.97779744380046,125.053988529783,11.3849234928121,2.13342129324677,0.194226817449856,-0.579295930371813,-0.0527391403066662,4.72198988646695,0.429890275578495,106.718537818612,78.9021972888236,137.488180019765,104.206810495546,75.8442832406669,134.042496793185,2.51172732306606,0.543568168316727,4.52569208302082,79.7333333333333,93,86,98.025,17.81,16.01,20.29169,1.34955111863808,1.22625246762216,1.48524734498514,1.11808519455209,0.996487645274646,1.25452082442229
"DK003C","Odense","DK","Denmark","Northern",10.3852104,55.3997225,142834.044636481,FALSE,1.10774695762092,0.111803192340231,0.0736141641356701,-1.24102491494404,-0.82373888620298,1882.49328201405,160.416368548838,95.9938990150962,219.56199138743,156.74439020604,91.7112732349697,216.952281893975,3.67197834279738,-1.40899003324128,8.36481555369071,112.309617050406,8.521484250781,67.2065957800224,5.09929570172989,153.718248297334,11.6633612180822,109.738816544026,8.3264249441752,64.2082729424762,4.87179816848267,151.891156233886,11.5247307369863,2.57080050637979,0.195059306605801,-0.986452520354809,-0.0748470152166397,5.85631778122615,0.444347697471798,109.224662407365,78.5046776732145,137.019113253853,106.711090259959,76.242455894521,134.502482045891,2.51357214740549,0.154671962603232,4.54368490304794,79.4666666666667,93,85,99,18.4308,16.32,22.1588,1.41310696185919,1.26607783401578,1.577210525297,1.09104223394076,0.982844298550718,1.21115130646607
"DK004C","Aalborg","DK","Denmark","Northern",9.9215263,57.0462626,135191.8198,FALSE,1.30368065176115,1.95962471935042,1.32360970116997,-0.746470747804122,0.885172144517256,1785.7530715311,157.6820179722,92.4327141868853,220.563924081054,152.261970952288,86.5611129248111,215.566069151214,5.42004701991122,-0.253074114952897,10.7928965164657,116.635768499508,8.83000121830971,68.3715289309874,5.17611956885134,163.148868331939,12.3513114773446,112.626615410268,8.52648517758051,64.0283658085732,4.847317039785,159.452006393669,12.0714376801484,4.00915308923981,0.303516040729196,-0.187196322475198,-0.0141718426241267,7.98339465541073,0.604389077556612,114.700734587624,78.7538181675207,150.661168506857,110.74402853794,74.6666791577209,146.813269482044,3.95670604968341,1.01771043695959,6.86873916895137,79.3333333333333,93,87,96.025,17.75,16.13,18.98475,1.57311978579844,1.3999227968086,1.76774452570679,1.15833634029971,1.00943077526584,1.32920761892323
"EE001C","Tallinn","EE","Estonia","Northern",24.7453688,59.4372155,316477.535979063,TRUE,0.474233780846664,-0.385704344512597,-0.962640986504299,0.507472021858169,-1.62720746669974,3972.69020893743,364.590407302046,240.178989805318,480.0498231062,350.733131177322,226.695593711762,464.643114087584,13.8572761247234,3.69743525277605,23.4490856760159,115.202618149228,9.1774185281757,75.8913232379336,6.04575179974979,151.685275740379,12.0837467272485,110.824021076973,8.82860511973151,71.6308641023924,5.70634964694104,146.817091661862,11.6959312116074,4.3785970722548,0.348813408444193,1.16830891056377,0.0930713209013344,7.40939972357698,0.590257091359958,129.379918087805,86.1513493897414,168.530840678517,124.45227422914,81.86915154032,163.890962661636,4.92764385866423,1.47013093358226,8.23455498564181,75.3238095238095,89,82,93,17.0784,15.47,18.29,1.31121993832092,1.20189332092777,1.43049112322476,1.14482408527212,1.02788273034567,1.27506975993107
"EE002C","Tartu","EE","Estonia","Northern",26.72245,58.3801207,76434.5604313902,TRUE,-1.11277041441753,-0.216755201465575,-1.44359942167913,-0.37511141242164,-1.30311648957093,1229.28552867562,102.604845254263,63.1188504718322,140.500415797146,98.2824051651838,59.3877585945755,135.482297375159,4.32244008907963,-0.578603665983009,9.03555487901757,134.238811180663,8.34670569699177,82.5789408817095,5.13459639761918,183.817915618503,11.429437060771,128.583725229119,7.99508355646789,77.6975209373823,4.83107929030591,177.252667655192,11.0212228334878,5.65508595154357,0.35162214052389,-0.756992207082005,-0.0470682890578214,11.8212950110809,0.735024912296176,124.750164128712,79.5974899799743,167.091630647951,119.490374342912,74.9458682896179,163.009895455302,5.25978978580073,-0.635998017020366,10.937742653716,75.3238095238095,84,81,99,16.2204,15.55,23.0788,1.19662562196384,1.07879611939383,1.32732483311576,1.0990814971027,0.975206680605983,1.23869140900768
"EE003C","Narva","EE","Estonia","Northern",28.1921457,59.3766729,47243.3823892841,TRUE,-1.03554850218199,-0.0374438991548954,-1.02163505340643,-0.769178082603254,-1.05348201830072,882.700538705717,69.7790272260843,43.613994664746,96.6020894127464,67.068565434714,40.6026853203042,93.7840859479692,2.71046179137036,0.887833174862661,4.47312298434229,147.701167226147,7.90517555686549,92.3176801892971,4.94097292935792,204.477504630697,10.9439255077823,141.963936625178,7.59811085343338,85.9436460026068,4.59982559655384,198.512640723289,10.62467754755,5.73723060096806,0.307064703432112,1.87927521265718,0.100581469698033,9.46825302956484,0.506754305475006,131.771370660678,82.399550684351,181.047763577572,126.642853032125,76.6492861408969,177.595589984794,5.12851762855356,1.71409715785605,8.27021984089692,75.3238095238095,90,82,93,17.63,15.56,18.64,1.15146752366206,1.03717946098396,1.27834912657314,1.19219479414798,1.06440860706613,1.33532218525667
"EL001C","Athens","EL","Greece","Southern",23.7283052,37.9839412,2269492.0967168,TRUE,1.85853281175351,-1.14668093648091,2.64454879288555,3.55932059279518,-0.200773865195127,29608.0200578233,2226.89550986505,1635.86244933573,2769.37935345261,1942.55353405307,1363.84174216902,2484.25075471883,284.341975811971,159.351617456346,402.563504978214,98.1230784229928,7.52125777244141,72.0805528118948,5.52506532399314,122.026393370525,9.35347702427965,85.5941969070219,6.56090319534823,60.0945799345169,4.60632537908813,109.462851107202,8.39046565716717,12.5288815159709,0.960354577093175,7.0214660666532,0.538204233667562,17.7380439244794,1.35964344860623,95.3167953359841,71.0950508551218,117.688211217179,83.0700501175063,58.8378484151441,105.222548412422,12.2467452184778,7.25839171834603,16.9517902418424,80.1571428571429,77,67,90,23.98,21.2352,26.63,1.38997871998967,1.28648187768278,1.5018018329991,1.3897067861259,1.30573797542962,1.47907542535013
"EL002C","Thessaloniki","EL","Greece","Southern",22.9352716,40.6403167,293974.969312983,FALSE,1.34094531177718,0.926423197673006,1.28477374447528,3.52206011426357,-0.326051662927126,3708.43116162281,350.8582580067,247.310228159065,446.746491523569,299.59279546348,200.855970476529,389.341279449803,51.2654625432197,26.4717135157483,74.2271866377074,119.349704781551,9.46109669332959,84.1262876009571,6.66886393142166,151.96752722438,12.0467785986372,101.910987919695,8.07869372266784,68.3241743152243,5.41619789400741,132.440282368152,10.4988137161329,17.4387168618562,1.38240297066175,9.00475083902976,0.713825128795548,25.249492094914,2.00157919623417,115.572876565231,86.4913262762386,140.418566605056,98.6564845942967,71.3030256832759,123.477741938651,16.9163919709346,10.3811380583514,22.863109964688,80.0714285714286,77,76,81.025,22.86,22.58,23.89675,1.47796034396532,1.33160737931757,1.64039852306432,1.42157220876356,1.25387115052958,1.61170272071049
"EL003C","Pátra","EL","Greece","Southern",21.7350847,38.246242,140154.474253678,FALSE,0.383868459401462,1.83231195071215,1.16140059335353,1.73707939000224,-0.299934479603338,1918.16564343199,166.729430425212,114.547930139902,213.959065204406,140.336919238367,92.8582046658644,183.608972105336,26.3925111868454,13.5222973998381,38.2690524785419,118.961190010555,8.69212890951897,81.7297704906454,5.9717433962039,152.659461172208,11.1543581200626,100.130174213603,7.31620440178856,66.2541850057474,4.84098987925372,131.004716819104,9.57211243638072,18.8310157969522,1.37592450773041,9.64813822166171,0.704959837339386,27.3049095880274,1.99508590978988,110.828287209825,82.6077898925657,134.421710835678,93.1274962631179,65.6635043978953,116.818957206671,17.7007909467068,11.2695747971893,23.4136222844797,80.3619047619048,77,75,81,21.49,20.97,22.56,1.41953497058371,1.2875415399125,1.56505982156275,1.44566579809302,1.26711322840956,1.64937872395127
"EL004C","Irakleio","EL","Greece","Southern",25.1343475,35.3400127,115725.909645613,FALSE,0.546928355898469,1.95186677507689,1.24300698609348,2.01465011896688,-0.6342555788801,1397.65308053909,127.488346518336,87.1360764340729,163.297888954165,111.714739518652,73.1062907988313,145.300504641277,15.773606999684,8.58339946475074,22.7686492392804,110.164047885856,9.12160165447942,75.2952184181653,6.2344567222979,141.107457659423,11.6837211771593,96.5339048625806,7.99302352451887,63.1719301431325,5.23064641839687,125.555724803746,10.3960350865633,13.6301430232758,1.12857812996055,7.41700755780244,0.614129470629439,19.6746340633699,1.62906300256558,107.136333694025,78.1007413055044,131.744020995644,93.7955342729714,66.0326180983526,118.171151364554,13.3407994210537,9.02731287718803,17.8153126183956,81.2333333333333,78,76,82,23.76,23.41,24.44,1.51625931928804,1.34814629416582,1.7053359366688,1.36348867291741,1.21127773411601,1.53482666180672
"EL005C","Larisa","EL","Greece","Southern",22.4160706,39.6383092,110375.414790744,FALSE,-0.230962155356925,2.377489859181,1.09527747104346,1.99868889443999,-0.891650639219249,1553.74354500764,147.746209507192,101.606489066616,192.015132713149,124.629903935633,81.5923683054418,164.080745477317,23.1163055715593,12.5929149672874,33.0939124875367,133.857897419726,9.50904735739163,92.0553632883259,6.53946331060166,173.965491388804,12.3582256113061,112.91455091871,8.02126607934001,73.9225926898024,5.25134077419711,148.656968391367,10.560349293455,20.9433465010161,1.48778127805163,11.4091666075835,0.810488642591623,29.9830469949109,2.12994690107459,112.100399980234,82.7924646010589,140.990992573916,94.3682415895689,66.1474962756301,121.246477902336,17.7321583906647,11.2165360385684,24.0131754683585,80.6761904761905,77,76,81,24.24,23.92,25.35,1.42238860789623,1.28134721117715,1.57895481741776,1.42262242705529,1.24131076054005,1.63041732521531
"EL006C","Volos","EL","Greece","Southern",22.9401864,39.3624833,69489.7068743747,FALSE,0.436359908087345,2.13402627489135,1.39130824685178,2.20218821198254,-0.573731487622937,988.202372609494,88.4207847183944,61.5567112578057,113.234430529719,77.5092680890626,51.6698892692397,100.740918190286,10.9115166293318,5.3643959470118,16.0854133106575,127.24299568315,8.94763938735609,88.5839270686369,6.22916043960268,162.951371682178,11.4586276726605,111.540646198416,7.84346103970465,74.3561767538463,5.22867488496287,144.972432208424,10.1943610926843,15.7023494847344,1.10417834765144,7.71969862631554,0.542843864343933,23.1479078473264,1.62774485839187,111.055949352748,81.4162892063181,136.865628168082,97.1968282123463,69.4039711011126,122.805561678604,13.859121140402,8.44591223010412,18.9172261971727,80.6761904761905,77,75,81,22.91,22.45,23.9,1.45261573868412,1.31292673407242,1.60716697246902,1.3903145311787,1.23812441729531,1.56121183671448
"EL007C","Ioannina","EL","Greece","Southern",20.8522784,39.6639818,67190.8499357235,FALSE,-0.0634075288116687,0.696467999031983,0.748967838963254,1.50235162194875,-0.690129649251688,881.823678973882,78.4800434449483,53.8859450587074,102.078212148785,65.508000941645,42.3252666002469,87.5800726306731,12.9720425033034,6.97219676860539,18.4368347420833,116.801682848222,8.89974326117781,80.1983381818449,6.11073918103569,151.922787472455,11.575807565926,97.495419397599,7.42869606516715,62.9926048572631,4.7997425800017,130.345237058996,9.93169890069,19.3062634506228,1.47104719601066,10.3767057200127,0.790656560358922,27.4395021937072,2.0907620402683,87.1723195201987,63.8174392250296,108.883307096754,72.3884901077229,50.2257625634352,92.9917797123021,14.7838294124759,9.82796704556682,19.4198924761353,82.1238095238095,77,76,81,20.1012,19.7456,21.2636,1.35655228379345,1.2286672422005,1.4977481578897,1.44511429724678,1.25600048006411,1.66270265438153
"EL008C","Kavala","EL","Greece","Southern",24.4122766,40.9369224,51270.6418392857,FALSE,-0.912072154975759,1.70652073124562,1.17357590893336,0.70643822216359,0.588734537718466,865.186230558976,75.5446220402771,51.4332504180909,98.0788682947292,60.8254604201114,38.6862895095351,81.3391708288357,14.7191616201658,8.51994419874951,20.5317012895866,147.344794857613,8.73160244257119,100.317157291135,5.94476063088304,191.296353578271,11.3361568677951,118.636042456376,7.03033153692397,75.4550520955094,4.47144073068995,158.646679485316,9.40134828270261,28.7087524012374,1.70127090564722,16.6175883373107,0.9847526344987,40.0457270535949,2.37309616870827,111.210379369151,82.8085218460333,138.706653754979,89.1646638173851,62.660251611462,114.193323860594,22.0457155517656,15.4363312298529,28.3865404048791,79.2095238095238,77,74,80,21.52,20.79,22.318,1.3730857108618,1.23753257925314,1.52348665480039,1.4463529909858,1.25551689714248,1.66619579497079
"EL009C","Kalamata","EL","Greece","Southern",22.1109392,37.0377582,53880.5475418036,FALSE,-0.0135928223124255,2.45897940583254,1.57277383100278,1.00232935630976,0.290004621439661,861.61623602644,71.4303659372174,49.0402792811499,92.1155880710592,61.2033566983737,40.3304984022797,80.8051336556523,10.2270092388437,5.20086329917746,15.2749377355863,132.571715017925,8.29027622165484,91.0166683868637,5.69166146488969,170.962605752272,10.6910227801502,113.590821717037,7.10331980054465,74.8516862620763,4.68079601056196,149.970884377073,9.37832068117767,18.9808933008875,1.18695642111019,9.65258063708861,0.603617142030952,28.3496334623087,1.77282380448523,92.3471610157422,69.2467066197133,113.72097649995,78.5827552423603,56.3092071881051,98.5778822699792,13.7644057733818,8.75836204167773,18.590119315013,81.0428571428571,77,71,81,23.06,21.4776,23.99,1.4493648420317,1.31116579126039,1.60213030214758,1.37476435546267,1.22785208552362,1.53925465072995
"EL010C","Trikala","EL","Greece","Southern",21.7678844,39.5560869,50485.2481851958,FALSE,-1.68328391074986,1.87863498548156,1.52509439541502,0.290400616859664,0.0756055931607,864.418888649705,75.5246621451086,51.4088814496909,98.8881673112115,59.8145437199072,37.9662125624154,80.9290111850142,15.7101184252014,8.99779558207899,21.6642883219939,149.597486117252,8.73704440483531,101.829511189302,5.94721866038766,195.875371253913,11.4398434150002,118.479250612949,6.91962479132571,75.2025867499816,4.39210816201874,160.302294421018,9.36224465333377,31.1182355043037,1.8174196135096,17.822623252385,1.04090686821227,42.9121161146371,2.5062256975707,102.006556974039,76.0135347174882,127.815754116973,80.2312175491539,55.5039124755003,105.167273986477,21.7753394248851,14.8487079196882,27.8018037638574,80.6761904761905,77,75,80,23.4512,22.84,24.408,1.32535352863961,1.20850786546923,1.45349651919347,1.48418732695032,1.27176760918062,1.73208690454002
"EL011C","Serres","EL","Greece","Southern",23.5498031,41.0910711,48679.5009425878,FALSE,-1.71367772049836,1.7899546133168,1.57279565696805,-0.15877128112428,0.150803410907023,976.868207281427,78.4113896877543,50.4048043386673,105.184286502421,63.0769091450151,37.6816830253505,87.4440408216912,15.3344805427392,8.58200537974061,21.6836254656512,161.076815023704,8.02681355614685,103.544209292766,5.15983670703556,216.07511265671,10.7675002337463,129.575915783129,6.45705415273518,77.4077020012838,3.857396805882,179.632163700326,8.95146757463255,31.5008992405747,1.56975940341167,17.6296083845686,0.878522334514692,44.5436478307874,2.2197083807237,109.336638687589,78.2866935100304,140.876692113397,87.4440872911064,57.851825482929,116.912368896377,21.8925513964823,14.6239230901049,28.6069105458322,80.0714285714286,77,75,80.025,22.3212,21.78,23.1048,1.32103956818557,1.19936869793131,1.45505343246156,1.44837979008729,1.24827052144405,1.68056841870019
"EL012C","Katerini","EL","Greece","Southern",22.5087618,40.2713616,45947.0919382504,FALSE,-0.922369206803943,2.25951508545808,1.64745579182775,0.707066662542544,-0.0193735545801619,682.922729862213,56.2163756053375,38.4611249084059,73.1481382837662,46.542912051266,30.2317940541649,62.3111738745028,9.67346355407154,5.10257838504153,13.8412147950653,122.350236399919,8.23173298341964,83.7074193076134,5.6318413821379,159.200800742889,10.7110416867403,101.296752608013,6.81525303172389,65.7969694682621,4.4268249879843,135.615054720426,9.12419094427781,21.0534837919056,1.41647995169575,11.1053347878883,0.747167748549097,30.124245542388,2.0267614753221,104.9037237541,77.656300457636,131.156641180428,86.7112938058745,60.3277200369285,111.347707831847,18.1924299482252,11.7259565255709,24.1562786237465,80.0714285714286,77,75,81,22.98,22.45,24.0172,1.3885791687106,1.25896511425187,1.53153736028881,1.38928309390357,1.22770776177799,1.57212292297562
"EL013C","Xanthi","EL","Greece","Southern",24.8862688,41.1380289,42461.7374946436,FALSE,-0.969199031026847,1.52562256354235,0.728343221376871,1.17164824828542,-0.414223472621823,542.080529161516,50.5195414399688,34.5911121182643,65.3711569549934,40.2866770473039,25.5010436486207,54.0419300050695,10.2328643926648,6.27544656400865,13.967078356422,118.97662323955,9.31956392495997,81.4641937877079,6.38117590605393,153.95309003368,12.0593073239706,94.8775990440475,7.43186203526235,60.0565241868341,4.70429064996402,127.272064672075,9.9693545696358,24.0990241955022,1.88770188969762,14.7790621257556,1.15765946689054,32.893327453178,2.57656890536654,137.322305394963,103.801803101503,169.756763366725,109.853915520238,76.0160557750118,139.560712257729,27.4683898747244,19.0840084572589,35.0019688551568,79.2095238095238,77,76,81,20.82,20.59,21.8336,1.35815071759141,1.21538117704283,1.51769124496574,1.44993989771189,1.24992388502088,1.68196298364332
"EL014C","Chania","EL","Greece","Southern",24.0191544,35.5120831,41935.4711003282,FALSE,0.901092594892831,1.743786983625,1.66923216822311,2.21797721096479,-0.0317249150986053,538.154400623517,44.3324854538636,30.1286090167843,57.4521561363028,38.287525517383,24.5476313911229,50.7545540679742,6.04495993648065,3.2242859308452,8.70639550842007,105.715959045269,8.23787474421821,71.8451664575398,5.59850648473313,137.001337123057,10.6757755896333,91.3010501915722,7.11459861203815,58.5366772973506,4.56144767425138,121.030127327166,9.43122531547988,14.4149088536967,1.12327613218006,7.68868417653227,0.599137706039285,20.7614109964104,1.61782482840104,101.263895563501,75.1133707133655,125.192808524083,87.3686622082224,62.2576649185553,111.295406914899,13.8952333552789,9.18072038799177,18.0648547162613,81.2333333333333,78,75,82,22.95,22.46,23.52,1.54286108822546,1.37945953815552,1.72561809296929,1.32702395085024,1.19998583651669,1.46751112599959
"ES001C","Madrid","ES","Spain","Southern",-3.7035825,40.4167047,2871465.6380898,TRUE,2.03030726513527,-3.91311047275976,2.85396613343891,0.0336231614383428,-0.14854537562578,27224.2445158278,1237.08505054392,296.703066996533,2129.18790255959,1017.19728401972,80.3272589359075,1898.0867282433,219.8877665242,128.547060507614,304.521785228048,43.0820078128072,4.54405649282461,10.3328092476813,1.08984867081999,74.1498652923461,7.82092557727988,35.4243237504454,3.73636551577524,2.79743061767384,0.295057807349645,66.1016695817394,6.97204554983989,7.65768406236187,0.807690977049373,4.47670551242005,0.472178614296819,10.6050994024998,1.11856835935706,42.3943387219405,10.6102533374118,71.9275791794574,34.7352832985269,2.75076484540258,64.6159072307286,7.65905542341361,5.36936709314495,9.81454791397356,83.2142857142857,90,54,92,25.88,14.2124,26.4852,1.26384675336783,1.15123112677596,1.38747865554302,1.34247951142033,1.2116445804009,1.48744216557882
"ES002C","Barcelona","ES","Spain","Southern",2.1774322,41.3828939,2711734.97226234,TRUE,3.27814017364593,-1.66698661648535,3.75707329280637,2.48105126138788,0.644867341404361,30400.8381953853,2078.01853380668,1287.06320350907,2844.40337028784,1891.64289161424,1101.37859230881,2652.42608633511,186.375642192433,126.83643926853,244.38844055595,76.6305909339301,6.83539881516197,47.4627209765747,4.23364380691464,104.892380685522,9.35633205902726,69.757661090165,6.22233794823915,40.6152741169229,3.62285600558209,97.8128804424515,8.7248452469897,6.87292984376509,0.61306086692282,4.67731694158567,0.417213625668331,9.01225389117074,0.803887178982608,70.2928602417941,44.9414177364133,94.6046532359554,63.8640192525368,37.774229383996,88.2478217360082,6.42884098925736,4.77697375905836,7.97913127926438,82.1380952380952,91,60,92,23.71,16.92,23.9,1.53259762039004,1.41709272334081,1.65751713161561,1.35732500009898,1.26052424905227,1.46155947200448
"ES003C","Valencia","ES","Spain","Southern",-0.3763353,39.4697065,1101844.16335714,TRUE,1.78657166395613,1.08205353507803,3.31534807633017,1.51213500048008,0.554548448051665,12703.5835598247,878.170604705514,630.294502899637,1113.95896941085,786.64322004721,545.004980026769,1018.29308179364,91.5273846583039,43.1990222077066,137.447135613195,79.7000731963646,6.91277859172546,57.2035977373816,4.96154884117075,101.099502675297,8.76885615909019,71.3933282226076,6.19229382278388,49.4629819852407,4.29016723871805,92.4171598541721,8.01579394505664,8.30674497375696,0.720484768941586,3.9206108853076,0.340053828152274,12.4742808633133,1.08195561485402,78.3615089662894,56.6478876750227,98.9903561318391,70.1431550667594,49.4472381400991,90.5515336684531,8.21835389953002,4.13599036370395,12.1767059912514,81.3571428571429,79,77,86.025,23.61,23.19,25.07468,1.73831600293544,1.62238308360271,1.86253330461957,1.2396486127329,1.17558013478159,1.30720878788591
"ES004C","Seville","ES","Spain","Southern",-5.9953403,37.3886303,676017.02537868,TRUE,1.34903876340503,1.99692079300514,3.21829684556172,2.70450218670472,0.944215859713301,7194.9121293149,577.720267090814,409.051125922344,732.783097771732,486.88109537068,321.731620350954,641.336554798629,90.8391717201345,58.3747699703882,121.553656325094,85.459425636092,8.0295666813908,60.5089976385149,5.68528313578298,108.397136501297,10.184740057993,72.0220167676912,6.76701934116659,47.592236330251,4.47165461604588,94.8698820772118,8.91375104062177,13.4374088684009,1.26254734022421,8.63510352238375,0.811334022170285,17.980857250896,1.68943906666819,100.235461436296,71.9077703261192,126.963136128697,84.6653116414163,57.4570868933107,110.371498982437,15.5701497948801,10.253040700514,20.7442667315456,80.5190476190476,78,75,81,25.2968,24.57,26.06,1.61924439904947,1.4971705878327,1.75127166213478,1.38187654899813,1.25482349020895,1.52179395075957
"ES005C","Zaragoza","ES","Spain","Southern",-0.8809428,41.6521342,525480.772244898,TRUE,0.108313402082707,0.0439826688328109,1.34339612042236,-0.915273796848953,-1.14367274256767,6735.21745122368,334.729040254007,174.077942759702,496.818183195938,265.620771988738,110.681018680646,422.55758963547,69.1082682652692,37.150412430689,100.063930686567,63.6995791157146,4.96983271406021,33.1273667761479,2.58459276215462,94.5454542653367,7.37642380211012,50.5481429613463,3.94375940958638,21.0628103874871,1.64331767284717,80.4135207136636,6.27385222074305,13.1514361543683,1.02607330447384,7.06979482274477,0.551584454395595,19.0423581550063,1.48568225764391,51.4705641767223,26.2096590519608,76.32680709399,40.3681864627527,16.8915963842874,65.0360769515938,11.1023777139696,6.25432436096694,15.804392060823,82.1809523809524,79,75,86,21.94,20.89,24.08,1.20531895743738,1.09825477688184,1.32282036895183,1.43116775195703,1.28306883222992,1.59636107026463
"ES006C","Málaga","ES","Spain","Southern",-4.4216366,36.7213028,436939.104522449,TRUE,0.475340932143867,1.87624908886957,2.809290310085,0.78405822591413,1.26945603790678,4381.13512358184,274.157032236001,179.819097772625,366.905164808943,239.390416281507,145.389619880999,333.539959874979,34.7666159544936,18.3766048914884,50.7946991544542,62.7449064179412,6.25767123137396,41.1542697624094,4.10439515560095,83.971693311806,8.37465986461005,54.7880502806331,5.46411853386963,33.2745726752705,3.31853767984526,76.3355708891106,7.61309456263221,7.95685613730811,0.793552697504336,4.20575881199121,0.419448484767674,11.6251208987051,1.15939585796036,72.9383885008862,49.1960741615775,97.1229098495583,63.8942372303998,39.0077324653538,87.8867594476837,9.04415127048648,5.11771917964863,12.8724968850152,80.5190476190476,79,68,90,22.41,20.12,24.47,1.42778713457653,1.33883665715479,1.52264736013019,1.37914339256912,1.27194667749052,1.49537439809952
"ES007C","Murcia","ES","Spain","Southern",-1.1305431,37.9923795,321765.551138953,TRUE,0.233619736403452,1.8124722831676,2.0059353089009,0.403353837253363,-0.668699302294527,3221.06274375389,230.95827164506,165.585890002381,296.637587084047,206.544093602939,144.983304478198,268.853705362958,24.4141780421209,10.714900746496,37.6739580350686,71.7784333430155,7.17025062901745,51.4616587811395,5.1407222763194,92.1905984136708,9.20930794220852,64.1908659493956,6.41229650069556,45.0586782721149,4.50110153114347,83.5557766862541,8.34673915881659,7.58756739362,0.757954128321888,3.33003353173403,0.332651103033423,11.7085119590068,1.16961267234312,81.5707601255133,59.0440850123014,103.714647539207,73.0081181040397,51.7789689476883,94.5424860896242,8.56264202147359,3.95648097006641,12.9175310952582,81.1809523809524,78,77,86,23.68,23.42,25.3,1.45901935092524,1.3681033510204,1.55597708666278,1.23284856935,1.16062696738586,1.30956425936898
"ES009C","Valladolid","ES","Spain","Southern",-4.728562,41.6521328,254355.560873911,TRUE,-0.516843397525529,-1.05250394004897,1.0343365193745,-2.00911418432216,-0.322915823138888,3042.0857974796,190.998992758396,119.873431679873,257.124861706737,152.552622973047,83.4236809804314,217.576182472002,38.4463697853492,24.3261641648768,52.499668378007,75.091337536386,6.27855377769558,47.1282920915957,3.94050134217745,101.088751833579,8.45225542027011,59.9761304407535,5.01473768752474,32.7980566628091,2.74231847929959,85.5401712958256,7.15220401253198,15.1152070956325,1.26381609017084,9.56384208047085,0.799654111827852,20.640267583547,1.72577868847432,61.1836858513284,38.226043035917,82.3001397582648,48.5245399557749,26.6474594688287,69.1894651464744,12.6591458955535,8.14959475382129,17.1681258151872,82.8333333333333,78,67,88,19.3568,16.1152,22.2,1.23856614086356,1.13318463879545,1.35374768839463,1.42768068946254,1.28467429390247,1.58660616215223
"ES010C","Palma De Mallorca","ES","Spain","Southern",2.6500745,39.5695818,306223.670401013,TRUE,1.19401795388523,1.48398007170603,2.18347743187957,0.416566760696717,0.346540511517669,2879.89694911301,173.835473642112,121.879795067749,223.57097200851,148.054539756575,97.1254927238673,196.983853252412,25.7809338855368,13.9569534112201,37.4510990140658,56.7674841773226,6.03616992947097,39.8009059548344,4.23208875947063,73.0090432642697,7.76315875043267,48.3484962356734,5.14096658223046,31.717173462351,3.37253361630808,64.3267886491115,6.83996187131214,8.41898794164917,0.895203347240503,4.55776439259018,0.484633778841244,12.2299817532139,1.30043191391277,65.8805268834252,46.9948370869481,84.2121111648363,56.2267393151256,37.4419356764845,74.3639159528657,9.65378756829968,5.61345701759754,13.8629092013176,81.7047619047619,78,69.975,90,23.37,21.63806,25.744,1.38275619244069,1.31184782935159,1.45749731405824,1.33246901306984,1.25496760418383,1.41475657608389
"ES011C","Santiago De Compostela","ES","Spain","Southern",-8.5458608,42.8804219,78748.4020448979,FALSE,0.153034395113657,0.320620385978084,1.46152872445903,-2.36773947829309,1.10234960859674,1057.77082188837,42.2493799708025,18.0657705256585,65.1640862393994,33.7541392323853,10.4512713399876,55.7007475945936,8.49524073841726,1.14147251944324,15.3840543546074,53.6510949729675,3.99419033844944,22.9411264946791,1.70790970518612,82.7497251337829,6.1605108489442,42.863268784985,3.19106355875143,13.2717249729447,0.988046855114572,70.73254332556,5.26586160650136,10.7878261879825,0.803126779698011,1.44951832647022,0.107913027644821,19.5357035255601,1.4543844504184,41.7132971815697,23.5599767892797,57.5142173436489,32.7387248019786,14.4187817943913,50.7711746587611,8.97457237959115,3.24938031061751,14.1221634334149,81.9285714285714,69,54,92,15.43,12.98,19.35,1.32661309251501,1.18342629827762,1.48712454657601,1.30523390673553,1.16483816530109,1.46255128140632
"ES012C","Vitoria/Gasteiz","ES","Spain","Southern",-2.6724025,42.8465088,188274.803591836,TRUE,0.410391533123484,-1.36092665271827,0.680490249540623,-2.95146717201323,-0.325914713169157,2015.96894888808,65.0811568285874,14.992043469773,111.555685212715,49.1174729394305,-0.129793165866584,94.3004291719466,15.9636838891569,4.51206344625332,27.0908656211444,34.5671091335609,3.22828170862866,7.96285173786421,0.743664404059492,59.2515212256218,5.53360136197751,26.0881817441239,2.43642011284556,-0.0689381496570114,-0.00643825223291124,50.0865901187617,4.6776727004629,8.47892738943699,0.791861595783097,2.39653068821417,0.223816118236442,14.3890021948317,1.34381363542759,30.1879236265026,10.2645448764479,48.7916061433474,22.496734138059,0.919138451618524,42.6526365203435,7.69118948844361,2.97343306608714,12.3076538318245,82.3761904761905,77,52,92,15.96,11.04,19.4652,1.14381135776636,1.0358657034075,1.26300582966656,1.38320601454748,1.22880053452258,1.55701338413209
"ES013C","Oviedo","ES","Spain","Southern",-5.8450534,43.3604218,183621.890660676,TRUE,0.425060964498351,-0.000474950408310582,1.51025880964493,-2.21308607848679,1.48948674708416,2791.64485112598,96.1100821518425,51.8488542554097,139.791348274919,77.8872780213561,32.7582022859932,122.710203177587,18.2228041304864,1.37814123343404,33.9425984691812,52.3412986360375,3.44277611505911,28.2367500241155,1.85728690504801,76.1300015874725,5.00749041263384,42.417207306338,2.79001385115092,17.8400310377638,1.17343731143955,66.8276547725727,4.39562371725378,9.9240913296995,0.652762263908193,0.750532100761762,0.0493666389146234,18.4850500923691,1.21586377491717,38.3705866131134,24.3362127129882,52.4605477999186,30.306031776148,13.9135019951641,47.0576258909638,8.06455483696539,1.28764969986099,14.181476933306,81.2428571428571,66,54,92,14.22,12.3,18.38,1.33727740595267,1.23388778659268,1.44933022265326,1.26488519443079,1.17440159728551,1.36234024101149
"ES014C","Pamplona/Iruña","ES","Spain","Southern",-1.6440304,42.8182536,255187.239609245,TRUE,0.467384563445614,-1.20168377299983,0.578373638774823,-2.25471583748238,-1.04158013217813,2930.77786202988,136.662179717595,53.9078983961716,213.247905055761,110.642007199155,28.0300758476229,187.166971887699,26.0201725184402,11.3070423873177,40.4772866215783,53.5536886275579,4.66300027334525,21.1248409123896,1.83937169358972,83.5652697142287,7.27615380948946,43.3571864206751,3.7751754792676,10.9841212634863,0.9564039707946,73.3449572848151,6.38625582349889,10.1965022068829,0.887824794077651,4.43088079350345,0.385803459682418,15.8617988436879,1.38111069917607,45.1627396643736,19.3715316094378,69.7257364257323,36.2252637465159,9.8810292188156,61.3312228683546,8.93747591785769,4.14515780897265,13.492555267361,83,81,59,91,17.55,12.9304,20.2796,1.18417405415439,1.07312799651475,1.30671103082452,1.38458651525118,1.22712566773563,1.56225223595308
"ES015C","Santander","ES","Spain","Southern",-3.8099719,43.4620412,145814.148262401,TRUE,2.37536974576232,0.866475270916632,2.0582564711595,0.192453549640872,0.346415439696396,1853.18139580767,89.4501961735001,54.7616137198118,122.312953831185,76.0180578336133,42.1910824144851,108.445682385799,13.4321383398868,6.44369598018621,20.7023422982128,61.345347649344,4.82684514186561,37.5557614760846,2.95500558357079,83.8827749492971,6.60016089670902,52.1335266429799,4.1020300552112,28.9348344569141,2.27668389667256,74.3725376982243,5.85186548014827,9.21182100636411,0.724815086654411,4.41911574217777,0.347709943277185,14.1977596446661,1.11712444043774,49.8859751962496,32.222100427876,66.6239630208592,42.0096287958578,23.5083948944602,59.5410473877441,7.87634640039182,4.49143206923561,11.6221741095721,82.1190476190476,78,60,91,18.23,15.47,20.35,1.49833349986356,1.38336077174204,1.62286174559242,1.26121796159019,1.19189535318308,1.33457248775211
"ES016C","Toledo","ES","Spain","Southern",-4.0239568,39.8560679,61566.4025742964,TRUE,-0.947692543204279,0.729829709652525,1.32995009694609,-0.845668295716087,0.075096308078195,722.874909321985,56.6397312204806,42.4767309386399,70.4622639346572,45.5990939356289,31.8718315362424,59.4787883221313,11.0406372848517,7.89796311284914,14.1072820406907,91.9977923870565,7.83534336163437,68.9933619028338,5.87608317716832,114.449214162912,9.74750444731118,74.064899082907,6.30802001115217,51.7682213083353,4.40903828936825,96.6091664205232,8.22808864370724,17.9328933041494,1.5273233504822,12.8283654438281,1.09257673921163,22.9139294336168,1.95155231683481,81.7440403242668,61.3584860611531,101.247541229071,65.4140525377709,45.6808653239015,85.2639119440669,16.3299877864958,11.9164360540043,20.6398007322525,82.2142857142857,78,76,80,23.0568,22.4312,23.75,1.3635833928999,1.26469416999081,1.47020498197277,1.39109775030399,1.28034511020657,1.51143073494348
"ES017C","Badajoz","ES","Spain","Southern",-6.9702048,38.8780585,115489.844410913,TRUE,-0.710326471721801,1.87299075485726,1.99891400592894,-0.0715534125379593,0.259358298376096,1480.1072404672,113.591854694528,85.4710398256936,141.994479592597,94.0189791888084,66.5059916689427,121.875621444795,19.5728755057197,14.4378812080864,24.4910357174389,98.3565743584932,7.67456921963792,74.0074075445,5.77465182851982,122.949753995147,9.59352644932507,81.4088716357505,6.35217345191359,57.586008543153,4.49332250060136,105.52929746027,8.2342426354407,16.9477027227427,1.32239576772433,12.5014292656905,0.975461832314866,21.2062245320027,1.65467981291059,90.2851504538236,68.3752223617691,111.985666500837,74.5072970970532,53.3506414457672,95.961267688228,15.7778533567704,11.7651432285094,19.3973724244419,81.2,78,76,80,23.85,23.2756,24.36,1.4146768318532,1.32456613887684,1.51091778646795,1.39904551858941,1.29363078462626,1.51305023531162
"ES018C","Logroño","ES","Spain","Southern",-2.4396676,42.4661196,117351.909545566,TRUE,0.565677256446,-0.399039781209558,0.715504159172018,-1.60329585705276,-1.10030962197089,1471.90623947053,71.8284240232025,34.3627353385974,107.658286502099,56.6237712393373,18.9036352525913,91.7366609140302,15.2046527838652,7.93147014162363,22.1717349301126,61.2077164328651,4.8799592050809,29.2817862714495,2.33457365809918,91.7396972226487,7.31420817543549,48.2512568040924,3.84696862618815,16.1085024741342,1.28429615594205,78.1722779537815,6.23250710228861,12.9564596287728,1.03299057889275,6.75870565066855,0.538857022881885,18.8933737984925,1.50632793961714,48.3499595689429,23.2759961358803,72.5770212415047,37.6462944531241,12.1655683568525,61.0783510132047,10.7036651158188,5.66366377698873,15.4300600065956,82.5857142857143,79,63,91,17.82,14.43,20.9596,1.23902697017475,1.12754683890657,1.36152910003203,1.35113706103429,1.21886141928903,1.49776777639352
"ES019C","Bilbao","ES","Spain","Southern",-2.9350039,43.2630018,645513.642115797,TRUE,2.23041302247676,-0.689055505442604,2.22810201545519,-1.1239781585512,1.12392778754225,8302.87684042529,349.659757037477,232.33156289209,462.398589617026,289.384713431105,166.624567177615,408.228250919068,60.2750436063722,7.68001303436973,112.449480503772,54.1676789186669,4.2113084868975,35.9917355318128,2.79820557810646,71.6326595517678,5.56913704134073,44.8301468087631,3.48535476308814,25.8127104225823,2.00682932410063,63.2408402061063,4.91670849471684,9.33753210990382,0.725953723809358,1.18975224275617,0.0924982169671246,17.4201555423674,1.35434359276865,43.1308803609508,30.9796036833853,55.1063756655224,35.1421574893861,20.6697602908267,49.0375145404002,7.98872287156475,1.72331162204583,14.3929346806798,82.3761904761905,64,54,92,15.5584,13.86,19.91,1.43929567400064,1.31792864681443,1.57183929661454,1.3953705075094,1.27561449310851,1.52636934100858
"ES020C","Córdoba","ES","Spain","Southern",-4.7760138,37.8845813,254535.765745106,TRUE,-0.723347645516726,1.96661842325416,2.32756835180424,0.48227036040359,0.284437576081212,3162.91606214887,277.690005539622,216.040365541932,339.183539067575,238.133927258072,177.277912593082,298.162945315328,39.5560782815506,27.228236096327,51.574558249687,109.096654737984,8.77955658902186,84.8762314048535,6.83041728888484,133.255748195024,10.7237603655259,93.5561753221512,7.5289360381029,69.6475452375559,5.60488830907009,117.139901515416,9.42683711665612,15.5404794158328,1.25062055091896,10.6972142074499,0.860858636818463,20.2622048413165,1.63060154731541,99.2498966823298,77.5330829431372,120.383450287546,84.9014412741683,63.4424670773875,105.794313452395,14.3484554081615,9.9716111983517,18.3743027534255,80.5190476190476,77,76,81,25.16,24.8456,26.29,1.47114645998981,1.37658994428139,1.57219796333057,1.33774188162492,1.2516682081155,1.42973459759574
"ES021C","Alicante/Alacant","ES","Spain","Southern",-0.4881708,38.3436365,257474.950679612,TRUE,0.952768002073367,1.71353108433175,2.39497477698234,0.287759237362388,-0.47520120739004,2781.45145765232,164.348892292698,109.097679106255,216.176290922319,149.249079217753,96.8470333769698,200.802851433972,15.0998130749452,4.44791526252878,25.6203192552979,63.8310219533571,5.90874566013158,42.3721526378736,3.92232907053278,83.9601251895443,7.77206772124589,57.9664463761645,5.36587035546277,37.6141574632171,3.48188831807668,77.9892765894109,7.21935487608541,5.86457557719259,0.542875304668813,1.7275137836859,0.159913459941632,9.95060652994494,0.921113298052044,63.5093570006173,42.8899447838559,82.2973154460325,57.6793229257391,38.2108883421953,76.6599401241401,5.83003407487816,1.91478767771105,9.69893347246557,81.3571428571429,78,73,90,23.15,22.1,25.36,1.40709585386259,1.32535362403142,1.49387960017406,1.29460628977161,1.20739452992721,1.38811747442426
"ES022C","Vigo","ES","Spain","Southern",-8.7247205,42.2376602,240014.580147143,FALSE,1.54170977461012,0.963102345855938,1.96536345281168,-0.411238953875923,0.72313532659418,2893.68220123487,152.811387761758,87.1805997134689,215.133704938416,132.329686477937,67.9790835462955,192.133689831564,20.4817012838216,5.33547197808994,34.5995350777105,63.6675437250837,5.28086282925425,36.3230432334661,3.01279109628089,89.6335984282817,7.43460027665128,55.1340199402931,4.5730552726718,28.3228975109014,2.34922423468914,80.0508409588178,6.63976471740993,8.53352378479054,0.707807556582444,2.22297827691092,0.184383481220331,14.4155971926785,1.19569229347111,53.7176825570562,36.6652448988285,69.9978936648035,46.2089253513451,28.2473363088865,63.9971597324726,7.50875720571113,3.6748762603635,11.1141519688184,81.9285714285714,74,60,92,17.24,15.15,20.36,1.49383121984163,1.35214790087784,1.65036066832983,1.33736406595756,1.1973113097739,1.49379917345997
"ES023C","Gijón","ES","Spain","Southern",-5.66275,43.5449422,231521.882571837,FALSE,1.08045342894622,0.843212008939435,2.15844726367936,-1.51931275232901,1.51913532413347,3519.87918803778,137.414927890395,65.5101924416454,209.778289176374,110.57792146289,40.9267170988989,179.27958753676,26.8370064275056,-1.3403913616116,52.8400658300745,59.3528898279228,3.9039671690266,28.2954646506551,1.8611488901176,90.6084067933765,5.95981503823483,47.7613261582646,3.14152604551559,17.6772565272313,1.16273073342935,77.435266828885,5.09334491212189,11.5915636696581,0.762441123511014,-0.578948022848639,-0.0380806070323915,22.8229250916181,1.50118975701354,43.6784285484667,26.4067109140621,60.4047667428893,34.3402664333606,17.3950962187666,52.2730550912438,9.33816211510613,1.8732471014687,16.5145389351675,81.2428571428571,65,52,92,15.16,13.14,19.12,1.37851089068801,1.25179947257065,1.5180484713283,1.26500099168052,1.13748966676091,1.40680619412524
"ES025C","A Coruña","ES","Spain","Southern",-8.3959425,43.3709703,203136.985941429,TRUE,2.87655061236886,0.912756325148468,2.45195877845925,0.731637604090279,0.920008202045456,2728.59348247706,126.168003336475,63.7798121711148,186.508524831232,112.910550319702,50.0404340831747,174.306367649011,13.2574530167728,6.12757092284226,20.3332744735512,62.1098136076773,4.62392086423727,31.3974394547257,2.3374611344895,91.8141637116782,6.83533571523146,55.5834526127399,4.13804954988019,24.6338370392101,1.83392778750418,85.8073023192684,6.3881398518468,6.52636099493738,0.485871314357077,3.0164723053482,0.224568846997302,10.0096367873717,0.745192517834955,47.8648003048288,27.632543347769,67.287427835855,42.3779564577878,20.4854083470353,63.5738598823701,5.48684384704102,2.96550210324744,8.06214231712302,81.9285714285714,91,58,92,19.16,14.6,19.3452,1.57133492654179,1.44608233792246,1.7074362825822,1.27830500714183,1.19824605955267,1.36371296884875
"ES026C","Reus","ES","Spain","Southern",1.1076133,41.1555564,81904.0853560615,FALSE,0.945698632431082,0.59900775236554,1.27393295958695,-0.403654301288353,-0.455151319244405,929.997223874667,53.2437513310135,29.4996079930889,75.5222155330097,45.7716660101607,23.6892104136871,66.0781440679394,7.47208532085273,1.54456881768648,12.956076324441,65.0074426685152,5.72515164176328,36.0172607567074,3.1720103281797,92.2081178303769,8.1206925778079,55.8844724425865,4.9216992088924,28.9231120898342,2.54723452990432,80.6774702149203,7.10519799109041,9.12297022592871,0.803452432870887,1.88582634305942,0.166083164340138,15.8185959444112,1.39313064510686,60.8820572153788,37.3805529160376,81.7144800334133,52.1618751271874,29.9811119144309,72.1452229688511,8.7201820881914,3.52910350121395,13.5690757153647,82.1380952380952,78,68,91,21.75,19.42,24.46,1.38152416511292,1.25177982806578,1.5247162288436,1.2646230254503,1.14833843294945,1.3926829849206
"ES028C","Lugo","ES","Spain","Southern",-7.5565749,43.0118437,84364.5103940605,TRUE,-0.300126389652001,-0.117362393756095,1.39680126582415,-2.99634494753332,1.2787390353813,1484.10793243819,44.2592653256721,19.9976621198113,69.4529609881854,31.8136364433188,6.84765291010611,58.2639636290191,12.4456288823533,3.34999829977951,20.8969985862683,52.4619477063759,2.98221337938407,23.7038797788356,1.34745335448466,82.3248551598008,4.67977830117001,37.7097387215544,2.14362013354738,8.11674586638531,0.461398578933294,69.06217241927,3.92585757110664,14.7522089848215,0.838593245836692,3.97086201784603,0.225724708193959,24.769892563425,1.40805113492907,31.1231377765241,17.2738473635336,44.9971038632269,20.9933254783452,5.3634897973045,37.8003702181538,10.129812298179,3.22133338440567,16.2057084151096,81.9285714285714,67,52,91,14.1052,11.45,18.69,1.24779485726696,1.13805596448634,1.36811550082655,1.29663591583042,1.19562367774085,1.406182170462
"ES029C","San Fernando","ES","Spain","Southern",-6.198203,36.4643934,73965.393255509,FALSE,1.73790195782986,4.66218763768745,4.05478004871938,3.06041487760187,1.72335634362174,774.923052181872,61.7006713045341,32.1588200302655,87.0122002038912,52.4991310710393,24.8906197647168,76.5329815612023,9.20154023349484,3.18672677014525,14.7342142450833,83.418296839703,7.96216748628265,43.4781978636615,4.14993720211564,117.639069264883,11.2284955208004,70.9779651812088,6.77475407696582,33.6517101703681,3.21201178551017,103.471337327747,9.87620401092937,12.4403316584942,1.18741340931683,4.30840238912392,0.411231381125224,19.920416287364,1.90137771790343,103.039804756762,58.1937581025072,141.708883135253,88.0056654008795,43.8204995958328,124.755440158952,15.0341393558824,6.96366025239487,22.6922828333431,80.5190476190476,78,61.975,90,22.77,19.8055,25.06,1.87751854527265,1.63953437330068,2.15004695555489,1.4045081389686,1.20271790721349,1.64015443737705
"ES030C","Girona","ES","Spain","Southern",2.8199439,41.9793006,76395.7689896104,TRUE,0.83618978711116,0.278262624948837,1.02155555638267,-0.154016896364674,0.569880671498324,843.477904789554,53.8895354966877,40.0048987360362,67.3189603925949,44.2410347668426,30.2284701964942,57.6791736466064,9.6485007298451,6.54338896659026,12.7602152969012,70.5399477083822,6.38896824572222,52.3653328778937,4.74285082144711,88.1187024922154,7.98111723025997,57.9103206263415,5.24507334639437,39.5682517452048,3.58378921662875,75.5004817798884,6.83825543254713,12.6296270820407,1.14389489932785,8.56511957812761,0.775762936934646,16.7027774779472,1.51280966868775,66.7670422923791,50.0490733034157,82.6769990544394,54.6052278603531,37.5892481384252,70.7398968771222,12.1618144320261,8.53287280156288,15.9400548827543,82.1380952380952,78,72,81,20.87,19.37,21.61,1.40378197487495,1.31517910010079,1.49835397538845,1.34657320856769,1.27089911275319,1.42675322363248
"ES031C","Cáceres","ES","Spain","Southern",-6.3716761,39.4745175,77941.7587362623,TRUE,-1.39797288756342,0.808743090966821,1.74537202061583,-1.06795189343052,1.03549534942036,1113.97419670851,77.6471081281331,55.2262215179687,100.43688401118,62.3413297942249,40.543416482972,84.9494538233759,15.3057783339082,10.5063406581448,19.8592022437992,99.6219605344983,6.97027887697573,70.8557548782573,4.95758534453916,128.861454552285,9.0160871147594,79.984504846977,5.59629926603567,52.0175797163649,3.63952922812458,108.990937849922,7.62580085556547,19.6374556875212,1.37397961094006,13.4797325958424,0.943140396715489,25.4795408338145,1.78273449263706,74.8755289303084,53.4775325346271,96.9504309850476,59.5689096160751,38.7248774905751,81.3679227179732,15.3066193142333,10.780748386932,19.788059389987,81.2,77,70,80,23.33,21.13,24.18,1.31166410556757,1.21042872844369,1.42136640134647,1.44322882899793,1.31770099349537,1.58071479275851
"ES032C","Torrevieja","ES","Spain","Southern",-0.6828446,37.9775416,72056.414298323,FALSE,0.649292425509293,2.75418119901774,3.37068689242616,0.412750537106165,0.902837214682838,778.411329157468,52.6129394827025,28.6505071563218,73.6168068221705,45.7917820791873,24.0498192404925,65.1594931176841,6.82115740351519,0.940676741853787,12.2866021931338,73.0163164446097,6.75901512631494,39.7612168678072,3.68063851117537,102.165515088479,9.45731441265781,63.5499039538705,5.88272297228139,33.3763752674718,3.08960293094955,90.4284424255629,8.37083052069797,9.46641249073913,0.876292154033552,1.30547259534628,0.120845715705596,17.0513649794808,1.57842026868141,72.6283722214683,45.1447002828345,96.5965004082531,63.2204970265264,37.488186242549,86.7076970753857,9.40787519494186,3.14861537235484,15.3806878598504,81.3571428571429,77,62,91,24.0012,20.55,26.46,1.56223631941039,1.41730217272936,1.72199151644915,1.29080096734309,1.15794704102742,1.43889753007661
"ES033C","El Puerto De Santa María","ES","Spain","Southern",-6.2381494,36.601468,68292.7655789432,FALSE,0.557050450031643,3.87646286884251,3.24073930770358,1.58122692206524,1.01490513021885,715.491880933576,55.2255632613957,34.0940815145778,75.2595035057214,46.7377696570439,26.8169514205616,66.3173322530099,8.48779360435182,3.91105210179333,12.8150462041514,80.8659054780225,7.71854506431816,49.9234160830208,4.76512486348437,110.201282475118,10.518568485714,68.4373655991676,6.53225716496745,39.2676313416572,3.74804412673009,97.1074047021132,9.26877495332005,12.4285398788549,1.18628789935071,5.72689078943851,0.546624246342275,18.7648663742249,1.79108198788087,100.008770431894,66.1644742379594,131.610135350072,84.9775777174632,52.3964035788319,115.66968914699,15.031192714431,8.5621102930362,20.9345892123589,80.5190476190476,78,67,84,23.57,21.37,24.81,1.65932825411096,1.48857227530818,1.84967186381385,1.37808474113392,1.20656737992429,1.57398383658053
"ES034C","Avilés","ES","Spain","Southern",-5.9222466,43.5554436,68433.3077133017,FALSE,1.73082808165058,1.12593641799788,2.26325199726486,-0.545251260536284,1.08840842445736,1040.40694949816,45.8563039927011,22.4137248934813,69.2833857955982,38.6384386107802,16.373498661941,60.7521277998209,7.21786538192096,0.378489004599431,13.7732511359968,67.0087498690171,4.40753534132196,32.7526545806943,2.1543228737844,101.242199318873,6.65925826706724,56.4614511586291,3.71378128812168,23.9262125550573,1.57375906320491,88.7756705467742,5.83926585929907,10.5472987103881,0.693754053200289,0.553077174327294,0.0363789385280438,20.1265313576529,1.32383305807793,48.8401664597378,29.7550768281713,66.6442240449478,40.4682024829603,20.8019799608068,59.5143376279888,8.37196397677754,2.58973106295799,14.3222471625154,81.2428571428571,70,55,92,16.19,13.97,19.16,1.45064554672848,1.31831449764005,1.59625984999046,1.27670065565998,1.15092317931551,1.41622359637592
"ES035C","Talavera De La Reina","ES","Spain","Southern",-4.8311717,39.9603798,66342.0187734343,FALSE,-0.841425887651577,0.961140467755887,1.50357091032098,-0.896382082895238,0.58849598639641,778.947263439841,58.5432853012546,37.9283934808758,78.883075323255,47.1327881081246,28.5583388735154,65.7768849944095,11.41049719313,6.18067582992773,16.4468559112425,88.2446545698084,7.51569304483164,57.1709968766637,4.8691863058076,118.903640229354,10.1268826563311,71.0451520462296,6.05083172126257,43.0471357391842,3.66627372787746,99.1481510670412,8.44433096843269,17.1995025235788,1.46486132356908,9.31638190124339,0.793465247266391,24.791009099995,2.11142097587107,78.3761709948891,56.0539366141737,99.8941109848135,62.6973254721405,42.0681206840299,82.8519981938487,15.6788455227486,10.3434510684031,21.0232103167839,82.2142857142857,77,71,82,22.3924,20.4276,24.07,1.34355309502279,1.22030656445634,1.47924707751575,1.45268741117628,1.26360133682642,1.67006844096109
"ES036C","Palencia","ES","Spain","Southern",-4.5328735,42.0108856,66889.218436291,TRUE,-0.853659254614573,-0.619413948248455,1.25988508623755,-2.57465726531028,0.252220239254114,1074.4267847708,53.1242451611231,30.4447789374199,74.7591645450422,40.9862295408684,18.4014300647013,62.6281775388654,12.1380156202547,6.92465462574469,17.3670954991314,79.4212376867904,4.94442673192067,45.51522599478,2.83358339246117,111.765642195755,6.95805108404759,61.2747921100408,3.81470660651966,27.5103080808574,1.71267417431582,93.6297044620367,5.82898513203257,18.1464455767496,1.12972012540101,10.3524226887777,0.644497579909262,25.9639683421817,1.61640567280126,52.7067129721761,31.4392671355582,72.723004300971,39.747962472041,17.6205509543818,60.638164487154,12.958750500135,7.69258335625612,18.1141812417621,82.8333333333333,76,57,90,17.9,12.8492,21.84,1.17844646860508,1.08272701878301,1.28262808194141,1.40993946115256,1.27112259432811,1.56391625244138
"ES037C","Ferrol","ES","Spain","Southern",-8.233162,43.4846862,57654.1012909091,FALSE,0.706365834064992,1.35478098037231,2.68340293599585,-2.13133312626083,1.87069959517519,774.426204520952,30.1195425457547,14.7020271301957,45.8571255070365,24.3188048822514,9.01288168738852,39.4961981754452,5.80073766350334,-1.49360448339056,12.6903575633362,52.2418039156981,3.88927213076244,25.5004011874415,1.89844132912446,79.5383580357141,5.92143257024767,42.1805289437162,3.14023527874997,15.6326809118256,1.16381414197674,68.5054441767406,5.10005962412867,10.0612749719819,0.749036852012464,-2.59063006784925,-0.192865953485455,22.0111965657112,1.63867873907834,41.140599571984,24.7320043888964,57.4178234283193,32.5340903893829,15.2700381035627,49.35405798827,8.60650918260113,-0.342030313357609,17.3012306228234,81.9285714285714,64,49,92,15.52,13.44,19.27,1.40139312187487,1.25857135118457,1.56042220426341,1.23012169709133,1.10893514344725,1.36455174912293
"ES038C","Pontevedra","ES","Spain","Southern",-8.6431592,42.4318876,67573.6711090909,TRUE,0.463720388121878,0.870256009431527,1.60856744975434,-1.66130891302326,0.960959381519598,814.686879607896,35.4922484959483,21.0612290808465,50.0193209205775,28.9020005765145,14.2797490426014,43.5962420458922,6.59024791943386,3.04505690595607,10.001946701482,52.5237831738484,4.35655088897842,31.1678035766996,2.58519311014105,74.021908384741,6.13969884290409,42.7710972367553,3.54762072397985,21.132119667656,1.75278986320169,64.5166102867349,5.35128810063503,9.7526859370931,0.80893016499857,4.5062771579187,0.373770215548536,14.8015440589794,1.22770440421182,44.1826806877587,28.7335748818731,60.0172140551649,35.6049309132287,18.557047717746,52.8630249604449,8.57774977453003,4.68962107210248,12.3891813784818,81.9285714285714,76,58,91,17.38,14.53,20.2196,1.38060656806001,1.2737995603574,1.49636925234581,1.29875842201419,1.21053154441393,1.3934155177835
"ES040C","Gandia","ES","Spain","Southern",-0.1803423,38.9675925,60269.5826727273,FALSE,0.496622665195048,1.47973741709215,2.05005799932483,-0.362559958990203,0.775603929532692,694.871112504666,40.4012711228707,22.8485455079385,56.7077442325871,35.0757671101463,18.5100159465151,50.4296158869414,5.32550401272448,1.18210143152983,9.36224124040648,67.0342639375082,5.81421077892332,37.9105752764366,3.28817029471563,94.0901557930449,8.16090109548284,58.1981250817893,5.04780907983287,30.7120360315538,2.66380564876206,83.6734114466689,7.25740572307972,8.83613885571889,0.76640169909045,1.96135659002122,0.17011808524734,15.5339407130871,1.34733493333177,65.8426168444925,44.8390944452682,88.1373997027832,57.1010307167543,35.5035854514483,79.0262608000981,8.74158612773815,4.10705917200522,13.6218188262642,81.3571428571429,78,65,91,22.82,19.814,25.46,1.45852835055158,1.33273789486915,1.5961915374002,1.23983562146426,1.12968571997809,1.36072567889189
"ES041C","Guadalajara","ES","Spain","Southern",-3.1646067,40.6326979,65346.4144987013,TRUE,-1.32456293024809,-0.435041550345256,0.960988006136475,-2.0324357537653,-0.0215363302880472,695.997683372123,45.1755648723402,29.157509353599,60.1745355157291,35.9689994024499,20.3586832978915,50.5885258247075,9.20656546989029,5.66878675116188,12.6372105736613,69.132430935806,6.49076368379039,44.619906963952,4.18931126499304,92.0854433672486,8.64579537451651,55.0435699929102,5.16797688581079,31.1550120294605,2.92510791117196,77.415916715236,7.26849054721059,14.0888609428957,1.3227867979796,8.67497749440337,0.814483566051038,19.3387971943165,1.81569721790362,64.2515257448507,41.5528403365917,85.1763990193862,50.7314136447613,28.1204972302862,71.5423342372299,13.5201121000894,8.58006617924381,18.3873194350528,82.2142857142857,77,66,81,20.68,16.88,21.96,1.17918204468468,1.08867187373501,1.2772170642531,1.39846296749892,1.27568044742642,1.53306313929272
"ES042C","Manresa","ES","Spain","Southern",1.8286765,41.7288939,59828.5024025974,FALSE,0.231050123513917,-0.0695314047951447,0.972142823183419,-1.1357681398006,-0.409326695423255,670.728017161711,34.7628437752722,17.6349232414203,51.1170822847437,27.969123171855,12.2313103419276,43.1431421242141,6.79372060341718,2.43815195087494,10.9134182351053,58.1041516656165,5.18285249546851,29.4757891861499,2.6292212029617,85.4393478559218,7.6211341969959,46.7488271453721,4.16996494200595,20.4439520475053,1.82358721105557,72.1113522680139,6.43228566875453,11.3553245202444,1.01288755346256,4.07523480107884,0.363508290766257,18.2411690028054,1.62710039775692,53.3341713765435,31.364653583282,73.6853618192919,42.676107888598,21.6101172764386,62.8374311260736,10.6580634879454,5.5339344381064,15.363482605022,82.1380952380952,77,63.975,90.025,19.68,16.50432,22.8665,1.23401644062371,1.14079358398563,1.33485724070201,1.32996291045086,1.18321957949821,1.49490540371641
"ES043C","Ciudad Real","ES","Spain","Southern",-3.9285138,38.9854201,59287.5971940035,TRUE,-1.05937934805529,1.11472756062253,1.83447405405862,-0.90252823589465,0.62582946215239,812.493550524548,60.6429689188714,44.7327654891755,76.4830708994439,48.0354833455064,32.9156279792281,63.637469625592,12.607485573365,9.01469829481001,16.050648357016,102.28609656828,7.46380926712835,75.4504611526066,5.50561483968653,129.003492331073,9.41337575542183,81.0211336248332,5.91210641789028,55.5185730862395,4.05118637039982,107.336901202717,7.83236612579971,21.264962943447,1.55170284923807,15.2050322857776,1.10951013567924,27.0725229502797,1.97548009416858,85.2527579648529,63.6972837552022,107.548694143291,67.0587844985729,46.4519325083262,89.1318363667724,18.19397346628,13.2232872262819,22.9542023955051,82.2142857142857,77,73,81,23.08,21.74,24.35,1.35182571866499,1.25508440748817,1.45602380424868,1.44992380892675,1.32535396028595,1.58620196165489
"ES044C","Benidorm","ES","Spain","Southern",-0.1290929,38.5406255,55177.745984113,FALSE,0.831964120436683,1.68461562836849,2.36380905056421,0.126361240648991,0.345273217332109,596.074381575301,36.5021093129306,21.6282178752034,50.4607290533938,33.1424699515777,18.936697581235,46.3127562183272,3.35963936135284,0.277693791402196,6.3358925106605,66.1536796436746,6.1237507333335,39.1973566325646,3.62844278226561,91.4512330168809,8.46550877090819,60.0649217550863,5.56012319536181,34.3194475299649,3.17690177041147,83.9337587868519,7.76962702136808,6.08875788858821,0.56362753797169,0.503271357771937,0.0465871038893349,11.4826954194264,1.062936557333,65.8133235074062,44.7195919147051,85.2810752623373,59.7617789993024,39.2656727552816,78.8815794080724,6.05154450810373,2.08012691427876,10.0645082402152,81.3571428571429,78,67.95,91,22.77,20.4485,25.34,1.47145629169793,1.35017076449605,1.60363686973002,1.27025134236589,1.14894209957565,1.40436883057753
"ES046C","Ponferrada","ES","Spain","Southern",-6.5938719,42.5454124,56507.7015365831,FALSE,-0.775636712960245,-0.910520058216929,0.91349780487998,-3.47260099396974,0.601827287051736,899.556678442548,36.625551846687,12.7154136854231,60.0679337091958,27.2274169666956,5.15493832247417,49.1482105359467,9.39813487999135,2.00979954756068,16.6273983952943,64.8151505914209,4.07151130377897,22.5020896969082,1.41352001381814,106.300437065747,6.67750405824286,48.1835506069356,3.02675947154725,9.12254114447897,0.573053198982325,86.9761275002985,5.46360354091748,16.6315999844853,1.04475183223172,3.55668252806131,0.223421113502304,29.4250127737539,1.84839919415442,40.2199139566333,19.7932445597716,59.5778976100469,28.803521043899,8.87511729410038,48.848891423543,11.4163929127343,4.24519356817785,18.1207366040863,82.8333333333333,72,51.975,92,14.75,10.0345,20.12,1.16772783394364,1.04299152756397,1.3073819471492,1.39019080537345,1.19919601800706,1.61160514738592
"ES047C","Zamora","ES","Spain","Southern",-5.7448039,41.5056574,54560.0689318117,TRUE,-0.912293771057596,-0.215631314268278,1.42971722335988,-2.70118378960215,0.151820887063352,994.368638251684,57.9701720917864,36.1832328596155,78.404792017667,45.4823478858485,24.1898890320851,66.088521167071,12.4878242059379,7.4804877234367,17.5307597136539,106.25018117964,5.82984718762958,66.3181582575286,3.63881476825672,143.703616129327,7.88488182365844,83.3619692502435,4.57399259552437,44.3362508619944,2.43268825076947,121.129834439299,6.64627972210275,22.8882119293965,1.25585459210522,13.710554018518,0.752285162230078,32.1311172380731,1.76300408513253,57.4615159859731,36.8333389004077,76.6009466021861,43.9573145890581,23.1893510940599,64.2626389974968,13.5042013969149,8.54901100028544,18.4452860858907,82.8333333333333,76,58,90,19.06,14.02,22.9,1.20574422658461,1.10273138175562,1.31838012774021,1.48653452006363,1.32426705954853,1.66868522735448
"ES048C","Fuengirola","ES","Spain","Southern",-4.6233348,36.5387779,59660.5481558441,FALSE,2.32762218421263,2.28743501980589,3.34796939621695,2.85195877097329,1.89896486601823,598.209041745966,42.8916563137827,22.3733904148572,60.9039262836715,37.516558758536,18.134946751876,54.8322946725853,5.37509755524672,1.15427327099946,9.26138639437218,71.8928297503099,7.17001137070693,37.5011479217621,3.74006222800595,102.08408766976,10.1810440888546,62.8833624869419,6.27147972371633,30.3968825504323,3.03154006147189,91.9071251731605,9.16607587751412,9.00946726336806,0.898531646990601,1.93473460549556,0.192954835258012,15.5234684907349,1.54818562543645,83.2950849223475,48.7699632487007,113.451600488231,73.0708660101131,37.9637427547752,104.222705315257,10.2242189122343,3.54475187195402,16.5750952031618,80.5190476190476,77,61,91,22.05,18.74,24.4496,1.58315092356664,1.43052939685093,1.75205546443663,1.40671951439025,1.22766947541869,1.61188319151737
"ES049C","Sanlúcar De Barrameda","ES","Spain","Southern",-6.3534794,36.7761393,52147.9070522393,FALSE,0.429208722367992,4.34807501305487,3.5193567272721,1.82879050514141,1.27519015763188,546.344898866714,43.618886658514,25.3143289526586,60.4403382216868,37.0509321928899,19.6392232498373,53.2475786703883,6.5679544656241,2.88682409516971,10.0683831172315,83.6445585722524,7.98376387314915,48.5433268247946,4.6333971462291,115.901752607522,11.0626709148486,71.0497012963033,6.78160119546184,37.6606164273547,3.59465665197478,102.108755039867,9.74614731112892,12.594857275949,1.20216267768731,5.535838844458,0.528388587714073,19.3073580252137,1.84286210745563,103.374212019056,63.9229186954421,137.328601681316,88.1439197722013,50.3083526642749,122.115428538022,15.2302922468551,8.52561968456499,21.69787786637,80.5190476190476,78,65.975,84,23.95,21.3945,25.26,1.71121899409421,1.52118494041027,1.92499305505814,1.37505879433005,1.19938486450487,1.57646368886351
"ES050C","Vilanova I La Geltrú","ES","Spain","Southern",1.7256327,41.2241992,52176.9990935065,FALSE,1.1460583374955,1.02402259179903,1.4839955355313,-0.170453914978603,-0.394099938450687,584.948205922611,34.5877851288752,19.9360283581592,48.6737719775626,30.1853366639979,16.4874032485025,43.4047747859525,4.4024484648773,0.707103886737632,7.83982049635075,66.2893338631652,5.91296541790764,38.2084610163796,3.40816984415142,93.2858784966423,8.32103962107068,57.851806712576,5.16034348996557,31.598987168571,2.81860908052496,83.1875645208471,7.42027658970116,8.43752715058923,0.752621927942069,1.35520229032419,0.120883161889923,15.0254338742268,1.34025891813539,60.9527236710132,39.9139625608061,81.0411451120113,53.0093841823408,31.9679035171176,71.6951239415325,7.94333948867233,2.84071502806541,12.8151020736161,82.1380952380952,77,67,91,21.29,19.14,24.0996,1.42082378411093,1.28899078276273,1.56614015591987,1.28871733787285,1.16280958749417,1.42825824175827
"ES051C","La Línea De La Concepción","ES","Spain","Southern",-5.3482396,36.1677899,49044.2636116918,FALSE,1.38409413196341,2.50661477531246,2.89245528539603,1.34557666447699,1.3423534502417,513.828545718628,31.3271666294344,17.0716830463157,44.6840668508643,27.9511047098635,14.0197239510316,40.8297380725794,3.37606191957089,0.662068793288176,6.04386740826703,63.8752920779224,6.09681320558417,34.8087254025889,3.32244737832532,91.109670245333,8.69629903266084,56.9915881114384,5.43977265232934,28.5858588112013,2.72848288944787,83.2507923777774,7.94617940415824,6.88370396648397,0.657040553254824,1.34994134794256,0.128850138592869,12.3232911724792,1.17624204778546,79.2033197074202,47.0225383845627,107.906997270546,71.0005583071459,39.0543369588032,99.1107308970011,8.2027614002743,3.16393951121625,13.1907853839031,80.5190476190476,77,62,91,21.87,19.1,23.9996,1.49859250334289,1.36854621682182,1.64099645556062,1.313084302705,1.17853855381083,1.46299022669651
"ES052C","Torremolinos","ES","Spain","Southern",-4.4995448,36.6242841,53032.086774026,FALSE,1.00750440575058,2.20388707456477,2.8029645909575,1.41592636473327,1.38115148319251,531.746267701219,36.9787170340318,22.0376590204133,51.3078093989194,31.7590740589905,17.7105778795984,45.2468957203048,5.21964297504128,2.02239524928764,8.19083787586992,69.7289495538826,6.9542034011623,41.5553306705005,4.14439373795397,96.7486148858259,9.6489270382145,59.8865252923546,5.97259933695209,33.3959663987288,3.33064451136867,85.3198477991361,8.50911392681901,9.84242426152793,0.981604064210211,3.81353133981928,0.38033087811422,15.4450604796521,1.54036584239313,80.87477450396,54.422532953379,107.308456662974,69.6822845233007,42.9909616783721,95.3130115250189,11.1924899806593,5.62659086712632,16.026345066078,80.5190476190476,77,65,90,22.1,19.624,24.354,1.47647194405772,1.35177652339681,1.61266996715673,1.37841393933621,1.22015247332885,1.55720291495428
"ES053C","Irun","ES","Spain","Southern",-1.7888095,43.3383176,49181.413025974,FALSE,0.765522270236837,-0.506037179362962,1.18631217242162,-2.24491168279526,1.30419840687756,603.538102362574,20.6469705221425,7.6548226426839,33.1466712378698,16.2219112671065,4.23933821954467,28.1523373581851,4.42505925503596,-0.0519093218015708,8.7022330346226,41.9812470846217,3.42098873978612,15.5644626124125,1.26832466959729,67.3967444171727,5.49205942559646,32.983825126251,2.68780234480726,8.61979751843601,0.702414346824105,57.2418229287497,4.66455013328597,8.99742195837065,0.733186394978856,-0.105546625458191,-0.00860083590387577,17.6941500847621,1.44186970144177,34.400375754325,19.6418323360361,49.1605388839043,26.5535771929595,10.2257258728139,42.8721395606676,7.84679856136558,1.92336033281721,13.9136513787396,82.3761904761905,66,51,92,15.95,13.32,20.3,1.25903120138479,1.13122707168682,1.40127442644804,1.41591336410259,1.22911247556754,1.63110430859357
"ES054C","Granollers","ES","Spain","Southern",2.2876008,41.6079555,47482.9633662338,FALSE,2.09995598714642,0.511883473532231,1.23368570294826,0.590789991355662,-0.740827847063866,532.324102871301,35.2614787515595,20.7042914085743,49.0655424973775,30.1451311447454,16.8694814794778,42.4679891604723,5.1163476068141,1.3891331950747,8.73197171193687,74.2613271197702,6.62406202562739,43.6036210480022,3.88941460604498,103.332940951763,9.21723105016718,63.486204330251,5.66292808876128,35.5274403355247,3.16902454510054,89.438371470034,7.97784449950779,10.7751227895192,0.961133936866103,2.92554022873506,0.260956283508836,18.3896940984656,1.6403487395813,68.3819184921179,43.8799064839112,89.9547741314656,58.2739674409627,34.8803118175108,79.2660482506402,10.1079510511552,4.67850204404368,15.7501527972971,82.1380952380952,78,68,91,20.85,18.6408,23.72,1.46809308884735,1.31328095545932,1.64115477998958,1.29996336783691,1.16676260459474,1.44837068917276
"ES056C","Elda","ES","Spain","Southern",-0.7956759,38.4789671,69238.2731391586,FALSE,-0.248291823894564,0.82548844688164,1.73112589514142,-1.42215203822151,-0.503963584086095,747.967502236295,39.8397051911578,19.8936851450905,58.5615054830582,34.636346460387,16.1801951677673,52.0888694269157,5.20335873077076,0.642008728102463,9.41471721467325,57.5400040828371,5.32639520728426,28.7322087093467,2.65969912938889,84.5796736804199,7.82941843167909,50.0248560370261,4.63072878926294,23.3688600743226,2.16322168000498,75.2313237538794,6.96405515897134,7.515148045811,0.695666418021319,0.927245436656286,0.0858337730159355,13.5975621398747,1.2587067200814,57.2539468092433,34.1397945224103,79.647380603865,49.783344741538,26.5744877741407,71.2092435428537,7.47060206770531,2.55190245475278,12.5211201587096,81.3571428571429,78,67,91,22.25,19.4552,25.16,1.3250790289906,1.20729329340424,1.45435615576037,1.25689254026969,1.13131702586153,1.39640686180122
"ES058C","Mollet Del Vallès","ES","Spain","Southern",2.2130934,41.5393484,40641.1535324675,FALSE,2.26868777549172,0.787533010907574,1.26634380529849,0.926094458585527,-0.67395114678747,455.621639006849,30.5263077235803,17.847290398193,41.8924071651633,26.1426992719891,14.4312461267666,36.6252002116802,4.38360845159126,1.1580274005287,7.26488572288876,75.1118141840964,6.69992491799132,43.9143302956082,3.91712966862066,103.078784738962,9.19456048147301,64.3256822203733,5.73780896995458,35.5089481287428,3.16737505229634,90.1185055744567,8.03851201876953,10.7861319637231,0.962115948036736,2.8493959936535,0.254164267319026,17.8756877978007,1.59449971224469,69.1828334302237,45.0901663205754,91.9697800392816,59.0650809195009,36.6098313231045,80.4143469628709,10.1177525107228,4.36586752287702,15.3183743100517,82.1380952380952,78,69,91,21.02,19.0264,23.82,1.50880788248483,1.35000326144911,1.6862931307327,1.30335002953641,1.17013209108366,1.45173464811087
"ES059C","Granada","ES","Spain","Southern",-3.5995337,37.1734995,311679.685750999,TRUE,-0.945263527649355,0.218522420654175,1.93635311328454,-0.7890118351855,0.918890844864967,3618.37740328748,237.575683849115,166.951650905387,309.207009967685,191.894683856495,122.165804669465,262.382010953844,45.6809999926198,29.5448509004865,60.7569541101739,76.2243080670051,6.5658071939446,53.5651370743374,4.61399219312233,99.2066612306298,8.54546045105066,61.5679149554199,5.30333523756116,39.1959470746716,3.37625932989938,84.1832249418592,7.25137214032611,14.6563931115852,1.26247195638344,9.47923533396071,0.816522092848675,19.4933955877742,1.67912153262324,77.1647167844277,55.1693748417134,99.504605275164,62.2634152924886,40.018898286675,84.9272939802671,14.9013014919391,9.81584939771576,19.6481428305815,80.5190476190476,77,70,80,21.12,18.92,21.98,1.31389545371888,1.2337674402298,1.39922744515092,1.31061267977163,1.21871897670073,1.40943534089236
"ES060C","Elche/Elx","ES","Spain","Southern",-0.6988391,38.2653307,176960.666666666,FALSE,0.685494637456687,2.20288434789954,2.33511716811486,0.197606041761719,-0.365009000663443,1911.67141870668,128.168549504581,77.7241728952511,175.242042099056,113.889026039551,67.4230249779549,157.335844191619,14.2795234650298,3.10559689935062,25.1834977564545,72.4277049351349,6.70452820763998,43.9217224704838,4.06577051551226,99.0288098479829,9.16695413156378,64.3583843714146,5.9575628387331,38.1005713009416,3.52691494564318,88.9100652451689,8.23027653455543,8.06932056372025,0.746965368906881,1.75496451152081,0.162454534234324,14.23112730689,1.3173549340133,72.0517723678153,49.142083126743,94.4840335216668,64.0307541155211,42.6511816276086,84.671383342854,8.02101825229417,3.25779245419288,12.5261666994743,81.3571428571429,78,72,90,23.6968,22.39,25.89,1.47293051690134,1.3478060389183,1.60967100975482,1.29405409503505,1.1579340050713,1.44617568319351
"ES061C","Cartagena","ES","Spain","Southern",-0.9841152,37.6019353,158779.579595296,FALSE,0.485581149295356,2.38876088439372,2.53629987893907,0.213300652598048,-0.103177711489314,1589.47714102077,111.758436423529,67.7877251902659,152.541481020238,96.4357655265771,57.3243227490605,133.49266912324,15.3226708969521,4.61970761466254,25.5043654484151,70.3859001947125,7.0311446160061,42.6929743503831,4.26478138255782,96.0712211287133,9.59695972238241,60.7356221576959,6.06713761637653,36.1030825847827,3.60648928315173,84.0742049220003,8.39852714317808,9.65027803701659,0.964006999629569,2.90950991710485,0.29064322445655,16.062749072281,1.60457579352391,79.9469370014042,54.5877904264016,103.127217243998,69.06311638695,45.7152934821857,90.8834882296643,10.8838206144542,5.27831594964922,16.7240398790602,81.1809523809524,77,70.975,90,23.23,22.02375,25.33,1.45992774726725,1.33833131774122,1.59257203278939,1.3164679939453,1.1753009350648,1.47459082808168
"ES062C","Jerez De La Frontera","ES","Spain","Southern",-6.1377402,36.6816936,158633.498071704,FALSE,-0.113854074013927,2.72609787246992,2.69952162374001,0.650295681872982,0.517161535647422,1661.97662303183,124.829916082745,80.4623130714233,167.440296096584,105.090440226929,62.6397312920354,145.312303227942,19.7394758558157,10.2580136678136,28.4669875234088,78.6907668305469,7.51093092121995,50.7221451014423,4.84136250512607,105.551663508611,10.0747684279178,66.2473194529361,6.32322012058267,39.487076849129,3.76898991381516,91.6025335091957,8.74334218750074,12.4434473776108,1.18771080063728,6.46648645620667,0.617217686798785,17.9451300446905,1.71283922582969,97.4224168907423,69.6558187162196,123.209953289562,82.3720798541192,55.5883184535974,107.284922864262,15.0503370366231,9.54142891242242,20.0942289426271,80.5190476190476,78,71.975,82,23.63,22.32425,24.5,1.49469748615871,1.36363058989857,1.63836202537475,1.36508768857795,1.21174648329066,1.53783355116212
"ES063C","San Sebastián/Donostia","ES","Spain","Southern",-1.9838889,43.3224219,147785.252323809,TRUE,1.55808081434413,-0.161178132085594,1.65061228900807,-1.4191885941512,1.20067933841057,1813.57194226161,75.1966887621841,51.4303238368877,98.3322374249364,59.8346971141199,34.4160484877678,84.5322237417141,15.3619916480642,4.59774059674394,26.2102211335818,50.8824037444698,4.14633062024606,34.8007145694076,2.8358579352938,66.5372463616888,5.42202022062117,40.4875968158293,3.29927342388763,23.2878774753245,1.89769414081525,57.1993635444065,4.66109018185948,10.3948069286405,0.847057196358424,3.11109567730745,0.25351851170626,17.735342817667,1.44522643534595,41.8374090000742,30.6811666111625,52.9223998489056,32.8223179021523,19.6088169460154,46.1186663842589,9.01509109792192,3.24326598074988,14.9639745196484,82.3761904761905,65,54,91,15.73,13.8724,19.91,1.3547994667795,1.25108253287129,1.4671147162238,1.46781542461107,1.33027097973398,1.61958138871602
"ES064C","Alcalá De Henares","ES","Spain","Southern",-3.3644973,40.4818396,153375.461001095,FALSE,0.719651957592882,-1.16457173137037,0.449830106895837,-1.37267283376296,-0.967293487153103,1454.14627207566,85.2283545232804,36.631710758585,130.152680070776,68.5498497142778,23.5637137790468,111.693779177295,16.6785048090026,4.7188374898109,27.3863782559746,55.5684422833923,5.86105787017044,23.8836842083386,2.51912145717615,84.858868049203,8.95045309884785,44.6941442045859,4.71409589466054,15.363418388603,1.62045003529197,72.8237610164365,7.68105529149162,10.8742980788064,1.1469619755099,3.07665741247696,0.324509135045624,17.8557756744275,1.88333036241829,55.3762391981651,27.5019261431134,81.3216401619787,44.396832127692,17.8334595479609,69.0274461415506,10.9794070704731,4.74755177157957,16.8631524804564,83.2142857142857,78,61,91,22,16.15,25.97,1.21983720551755,1.08453439729515,1.37201993009718,1.35386765596042,1.18288535800353,1.54956489862164
"ES065C","Almería","ES","Spain","Southern",-2.4628135,36.8414197,143867.912878355,TRUE,0.318830113282154,2.48889773510221,2.66117620461742,0.824427493705535,-0.0207448739517977,1402.81684135083,106.283560288614,79.2757989005309,132.743176989274,92.1020300944084,66.2353118842351,118.298204396241,14.1815301942057,9.07673206134377,19.1283675371899,73.87579215004,7.57643885899384,55.1031827142451,5.65118670974844,92.2673960673309,9.46261643547497,64.0184654463457,6.56550644243191,46.0389746115517,4.72159371999373,82.2269552879842,8.43290448967856,9.85732670369428,1.01093241656193,6.30907328795299,0.647036148539778,13.295784413974,1.36356842699226,92.006151969154,69.4400772828514,114.49721319449,79.9703629184094,58.7225824966088,101.188335644884,12.0357890507446,7.9051537146763,15.9337438842961,80.5190476190476,77,76,80.025,23.22,23,23.89305,1.487744901813,1.39748341847129,1.58383624708177,1.3381035699602,1.2562494574785,1.42529109428164
"ES066C","Burgos","ES","Spain","Southern",-3.696977,42.343926,143322.613081869,TRUE,-0.391111076240313,-1.57170935750013,0.66335802668883,-2.64429292842871,-0.592422248351783,1962.79457217854,84.1540720786525,34.5928865717525,132.064786118141,64.6574853165433,15.2204807361247,111.499073550182,19.4965867621092,9.02399537153619,29.5592092813899,58.7165348643078,4.2874620335458,24.1363772456425,1.76243031553513,92.145114632192,6.72840591624218,45.1132476070678,3.29415447918113,10.6197343244297,0.775449502045,77.7958698579489,5.6806287897173,13.6032872572399,0.993307554364673,6.29628163867031,0.459752411151225,20.6242466877889,1.50597569915743,40.2722604317975,17.0096485829828,61.7163041159998,30.2209047168793,6.64888443289893,52.3693119231082,10.0513557149182,5.13749285522671,14.8567603133436,82.8333333333333,78,57,91,16.22,11.3592,19.79,1.15103477505005,1.04597834552653,1.26664290808773,1.3815816151559,1.22748814162155,1.55501930700139
"ES067C","Salamanca","ES","Spain","Southern",-5.6640182,40.9651572,124898.284059463,TRUE,-0.0749563801506832,-1.25562657475164,1.27176959978728,-1.65744374942065,0.233496191314701,1830.27205558062,118.172417942932,79.610135887826,154.817028041284,95.8514175768292,57.9035075532791,131.945595435533,22.3210003661023,14.4363254420952,30.1880853980736,94.6149251231273,6.45654931913623,63.7399756828721,4.34963401452201,123.954487611357,8.45868938277434,76.7435824267973,5.23700382599252,46.3605308826435,3.1636557732894,105.642440510003,7.20907009606697,17.87134269633,1.21954549314371,11.5584657954326,0.788752983365388,24.17013622357,1.64937694951022,58.3214402996479,39.5861871919273,75.7749899507439,46.5638064686896,27.9614158474382,64.6381230006749,11.7576338309583,7.88127478797806,15.7280616539398,82.8333333333333,77,62,90,19.0024,14.5672,22.71,1.25345311649618,1.1558555970266,1.35929152334919,1.57869753817354,1.41627034573685,1.7597529486777
"ES068C","Albacete","ES","Spain","Southern",-1.8559154,38.9950921,132057.452650844,TRUE,-0.752220757705535,1.31944630026887,1.97108168921457,-1.02085985715341,0.239105889063986,1642.58275832778,114.59568151004,83.1355119076197,146.22734556488,94.9955159221642,64.732167708719,125.737030148651,19.6001655878755,12.6984099300306,26.5028758930751,86.7771407139192,6.97655451020948,62.9540478320658,5.06126778003292,110.730097112733,8.90228177688571,71.9349904267272,5.78330165956898,49.0181859556758,3.94087709617866,95.2138842789105,7.65483684223358,14.8421502871919,1.1932528506405,9.61582226154615,0.773075807940304,20.069201215889,1.6134880120169,75.9509091202372,55.5756364869331,97.0207433824239,62.6376564142158,42.8445597390922,82.862254327315,13.3132527060214,8.7835540068383,17.6487804489755,82.2142857142857,77,71,81,21.6612,19.6676,22.92,1.37237388626259,1.28483175735992,1.46588070609768,1.41591102045218,1.30038766447166,1.54169719739112
"ES069C","Castelló De La Plana","ES","Spain","Southern",-0.0377354,39.9860347,133714.620218985,TRUE,0.9906167985859,1.56955285022477,2.28851846751999,0.0765036350004825,0.715628856858033,1568.09783938579,103.234218160499,73.3707527626105,132.299561388606,92.8547227249546,63.7054789751059,121.622909975897,10.3794954355445,4.1437315407786,16.4725761111031,77.2048845454833,6.58340414530096,54.8711521914737,4.67896523544405,98.9417321545974,8.43694558245332,69.4424607966472,5.9214878302061,47.6428672278133,4.06259592832924,90.9570769274997,7.75607917574422,7.76242374883611,0.661916315094858,3.09893677594296,0.264252104473383,12.3192034529402,1.05048139837724,72.7956375557687,52.3083878217782,93.2361061101915,65.3741618377318,45.3943036759627,85.6385673855267,7.42147571803687,3.42988582711557,11.5981158026843,81.3571428571429,79,69,91,22.7124,20.56,24.94,1.56429517643494,1.46532382771517,1.66995127816436,1.32264995389726,1.23549781421553,1.41594981424972
"ES070C","Huelva","ES","Spain","Southern",-6.9484945,37.2575874,113073.525379047,TRUE,0.600975769363299,4.23846368758747,3.77055853270294,1.70909675745986,1.4083480150058,1234.8120394483,97.5945261747562,62.7432647869083,130.19959308706,85.5856993906072,50.8731026473021,118.716880955897,12.008826784149,5.52460076278666,18.3938624710453,86.3106778068499,7.9035936690705,55.4889082803238,5.08119963058842,115.145957155402,10.5440819272569,75.6903077919478,6.93107101780818,44.9911705474507,4.11990659485566,104.990872583066,9.61416613729632,10.620370014902,0.972522651262326,4.88584816319026,0.447404186733957,16.2671698873676,1.48960828720649,99.0355699451757,64.0964877998104,131.819088217488,86.9857400909404,52.753658313108,120.452827120116,12.0498298542353,5.71515230735574,18.1463781147862,80.5190476190476,77,63,82,24.3,20.89,25.41,1.7082843369475,1.55007921162419,1.88263628979477,1.36245488800175,1.23575621293364,1.50214362866371
"ES071C","Cádiz","ES","Spain","Southern",-6.2928976,36.5297438,95669.3297624151,TRUE,3.69775578794632,5.24086936493989,5.55966951926586,6.56146539963137,3.92482933091039,1002.31156432286,96.0048530820137,43.9692779539237,143.815966326954,83.3919643250886,31.3502340767371,130.038049548763,12.6128887569251,1.10080380514963,23.0890147520054,100.35071147716,9.57834434913185,45.9596383324905,4.38678745402168,150.326093727327,14.3484293154008,87.1668742032414,8.31996429986582,32.7693673140516,3.12779331224385,135.924491027269,12.9738151466519,13.1838372739183,1.25838004926603,1.15063396794288,0.109826509473959,24.1341867966929,2.3035766096946,123.445664095859,58.0692439077278,185.181117451131,107.545558486806,41.379007980088,167.022026778256,15.9001056090531,2.25483076703841,28.5468131549861,80.5190476190476,77,56,92,23.1712,18.87,26.2352,2.29562600008525,1.87973872363491,2.80352724876404,1.52536018197673,1.23720818221636,1.88062422978155
"ES072C","León","ES","Spain","Southern",-5.5682413,42.5989995,109857.732251274,TRUE,0.139201342478396,-1.49522516536811,1.10622584032181,-2.47309742613951,0.0507086137227185,1748.84580398672,65.0854052242624,27.7056274796631,99.7123009984955,47.4431132781466,10.780235489821,82.0021831676437,17.6422919461157,7.65805679115607,27.4975971899533,59.2451745457429,3.72162057260234,25.2195516072486,1.58422357285615,90.7649365730821,5.70160621200501,43.1859572429835,2.71282426215016,9.8129055360106,0.616420010571892,74.6439795244295,4.68893157879954,16.0592173027594,1.00879631045218,6.97088555736798,0.437892052786961,25.0301882502534,1.57232828230305,36.5275794261093,17.8569147694725,53.5902911120628,25.5138801270149,6.05240320857105,43.7065673374233,11.0136992990945,5.47698317975984,16.7310844167297,82.8333333333333,73,55,91,15.9888,11.17,21.04,1.18347308817973,1.09743724560008,1.2762538870091,1.44719881569531,1.28758528737295,1.62659858938204
"ES073C","Tarragona","ES","Spain","Southern",1.2546057,41.1172364,101036.664681054,TRUE,1.17189558892993,0.790176182406443,1.47384153071537,0.255651863117754,0.203387328782445,1147.24213394786,68.956459181437,49.3669192676387,87.6418719494504,59.0280454290066,39.3351004020083,77.3901573266091,9.92841375243037,5.89200220757748,13.9932107805138,68.2489464583126,6.01062819617216,48.8604007500418,4.30309503171389,86.7426416203594,7.63935261406934,58.4224010316877,5.14521247802162,38.9315111758479,3.42866594924033,76.5961124814539,6.7457561953636,9.82654542662487,0.865415718150535,5.83154860285323,0.513579656223233,13.8496364905619,1.21972601654376,63.9695529848769,46.6753265111693,80.8637316911561,54.5797688464135,36.9781490751569,71.5387767879035,9.38978413846345,5.80041981922951,13.1709177055883,82.1380952380952,78,76,82,22.26,21.83,23.11,1.46461354317051,1.37350060556308,1.56177057523691,1.28562137278467,1.22475350683742,1.34951425322202
"ES074C","Jaén","ES","Spain","Southern",-3.7883289,37.7728858,90404.3310539846,TRUE,-1.35237825862935,0.989009220454401,1.84470457500759,-0.611883645596915,0.420357924582213,1189.21743915052,96.7494404659789,73.6484834039859,120.23616848388,77.6714991383274,55.4462154958492,100.515968861619,19.0779413276515,13.8069459041472,24.0333802219954,107.018590080829,8.13555513742625,81.4656582769326,6.19302080337759,132.998239223828,10.1105285312472,85.9156837208896,6.5313118174427,61.3313707976443,4.66241190807422,111.184904185172,8.45227841036533,21.1029063599389,1.60424331998354,15.2724385471117,1.16101105227735,26.5843239386883,2.02094078263458,96.0892272437228,73.5336410054817,118.905988992649,76.8378288319915,55.2792425458406,100.223691316643,19.2513984117313,14.0098217392374,24.1929930501709,80.5190476190476,77,75,79,23.15,22.56,23.73,1.32035870828093,1.23431909831434,1.41239580665494,1.46371105196333,1.34970316516912,1.58734905490953
"ES075C","Lleida","ES","Spain","Southern",0.6267842,41.6147605,104773.55069506,TRUE,-0.144779340042638,0.331959557079886,0.983711748331946,-0.978835552936048,-0.266025441837715,1323.21138399962,80.4465739373194,54.6135095992199,105.040872849046,66.9332442852807,41.5368413274208,90.846604576549,13.5133296520387,7.71558093181343,19.0603850578415,76.7813760282464,6.07964645030159,52.1252827998267,4.12734580881112,100.255142783854,7.93832898652542,63.8837224101412,5.05839392667287,39.6443959872204,3.13909340787781,86.7075745489957,6.86561540167154,12.8976536181052,1.02125252362873,7.36405407722544,0.583095114288683,18.1919815940152,1.44046410787583,63.3216859434062,42.9426427199957,82.1891127550871,52.2487395166082,32.2045645518956,71.6009866830356,11.0729464267979,6.64516123483954,15.2651635481548,82.1380952380952,77,73.975,83,22.32,21.47729,24,1.32305219396932,1.22692416421298,1.42671173901761,1.34479462920558,1.25119132945578,1.4454005172229
"ES076C","Ourense","ES","Spain","Southern",-7.8674242,42.3436415,92128.4055131689,TRUE,0.156922650996442,0.399346881176691,1.50879855411373,-1.84946097897352,0.770225231094033,1609.91165085305,71.1745809605204,42.3763549934385,99.8531355094955,55.6630047620425,26.791432116697,84.5151080448055,15.5115761984779,9.01425417218211,21.7915642625869,77.255848035215,4.42102403090299,45.9970567789553,2.63221618223486,108.384742960978,6.20239846432479,60.4189386020428,3.45751922054531,29.0805338130675,1.66415542756653,91.7362105357667,5.24967366998202,16.8369094331722,0.963504810357679,9.78444609126944,0.559922289363251,23.6534694605911,1.35358758668776,43.1212901552628,27.8777600975549,58.4601031307119,32.6400048371895,15.9900302944815,49.2366838303986,10.4812853180733,6.46579339136545,14.3568750516648,81.9285714285714,75,59,90,16.84,13.8,20.094,1.31300687798978,1.21664280327307,1.41700345985734,1.39572391929746,1.29365806178149,1.50584247603762
"ES077C","Mataró","ES","Spain","Southern",2.4448926,41.5398348,95459.3214876188,FALSE,2.26072395856392,0.455940861998523,1.55713071381798,0.831367378756517,0.0945465144666375,1070.17957745526,68.0750990183937,41.2291270382725,92.8454357745428,58.2924909567125,33.8472880228322,81.2402671782752,9.78260806168121,2.88199679150051,16.1688915271773,71.3132022703755,6.36109120866114,43.1902577933365,3.85254287288023,97.2617805444857,8.67568749492644,61.0652684811646,5.44698218735624,35.4572895505257,3.1627671407556,85.104593152605,7.59127429542743,10.247933789211,0.914109021304899,3.01908367521166,0.269300298026009,16.9379912565945,1.51085779132738,65.6787771495873,45.6648810410861,84.5921573899152,56.0470118779244,37.1295011490144,74.3542389710953,9.63176527166295,4.55617007815672,14.2426750038257,82.1380952380952,77,64,91,20.82,18.05,23.81,1.49401364363461,1.35328117161701,1.6493813807365,1.29738856519725,1.17602784449017,1.43127315989212
"ES078C","Dos Hermanas","ES","Spain","Southern",-5.9226718,37.283689,95266.7214461275,FALSE,0.35664398371836,3.01796627895863,2.4573219603613,1.53501484355279,0.292299883489274,1013.93258441805,86.3607766710562,57.9437834518336,113.384878935891,72.4952270176248,46.5058010529375,97.3974965782737,13.8655496534314,7.96076181017804,19.697014958595,90.651567892879,8.51740815890865,60.8226908329162,5.71475701070311,119.018348920519,11.1826842019254,76.0971154639979,7.14990603238517,48.8164181017148,4.58667585672176,102.236641609789,9.60591444392484,14.5544524288812,1.36750212652349,8.35628820781849,0.785137190826859,20.6756511188784,1.94263556189983,106.285465422301,77.5339321452895,131.685993782312,89.4100977862948,61.7320790396087,114.933933792123,16.8753676360061,11.5206257491094,22.2757751195031,80.5190476190476,78,76,81,25.17,24.6956,25.9,1.56388400797124,1.42215428874365,1.71973829404176,1.40273519424018,1.22672081229566,1.60400476248364
"ES079C","Algeciras","ES","Spain","Southern",-5.4473991,36.1311725,89236.2231585961,FALSE,0.562693578647382,2.2067793578354,2.86567011944113,0.387764824942123,2.59827809866263,934.912982566905,48.3692336357993,20.6822433216115,74.7719480629023,42.1671758636381,14.6269648104497,68.1484205708052,6.20205777216123,-0.50944878663046,12.516125574312,54.2035867540411,5.17366156398816,23.1769595233246,2.21221051662221,83.7910272491172,7.99774411706294,47.2534295727599,4.51027813817106,16.3912862879167,1.56452686861721,76.3685621809516,7.2892795202925,6.95015718128114,0.663383425817107,-0.5708990907482,-0.0544915725987367,14.0258351724138,1.33874764900019,66.9513174547851,33.4677451362723,97.820812630602,58.8199317892531,24.7325896793327,90.7008802886952,8.13138566553199,0.74652275103389,14.8460000880541,80.5190476190476,74,55,91,21,17.678,23.38,1.48102789281476,1.32783345449057,1.65189663799882,1.25039871272326,1.12852723285683,1.38543129067612
"ES080C","Marbella","ES","Spain","Southern",-4.88562,36.508976,103779.132038095,FALSE,0.598642097522515,2.21702239709676,2.45514839797706,0.696967402524264,1.41128357575233,1040.58070280495,67.1144428111585,38.2020432466578,94.0399730579214,58.0200941313797,30.669667008153,84.5977444609529,9.09434867977879,3.33274018598485,14.8742598271094,64.6704607112362,6.44971049628799,36.8109103404667,3.67122349508132,90.6154938965967,9.03725898476018,55.9072840482821,5.57574188863801,29.5528266674024,2.94736073093426,81.5171054137344,8.12985905205757,8.76317666295418,0.873968607649975,3.21137797217408,0.320276954685132,14.3326115135068,1.42941914904004,75.0447500161379,48.0393055955709,100.898879553339,65.1053580712371,38.1326297853634,90.5008698421449,9.9393919449008,5.29067951267859,14.7067634637396,80.5190476190476,77,64,90,21.97,19.27,24.26,1.46180097423373,1.33553748229224,1.60000158483242,1.35172808264254,1.20156266368693,1.52066044046168
"ES081C","Torrejón De Ardoz","ES","Spain","Southern",-3.4793343,40.4587767,94555.9618269274,FALSE,1.6639281561196,-1.1959903826085,0.153453165525785,-0.333432254360541,-1.3835057398705,896.48108306043,58.4884775587506,26.0978322709412,87.2394307084898,47.9879104087466,17.4022415579954,76.0284649098,10.500567150004,2.56424177149876,17.1883462876713,61.8559384608728,6.52422886148151,27.6004090770182,2.91114143556133,92.2622212528179,9.73131863649254,50.7508035258341,5.3529194665128,18.4041716902504,1.94117219948324,80.4057866271409,8.48076622545699,11.1051349350387,1.1713093949687,2.71187741307341,0.286034119397689,18.177961447986,1.91731277016948,61.7218109403143,31.1597523315482,90.0289658475346,50.5106925567841,21.460475079383,77.2620565580485,11.2111183835302,4.23881982913382,17.5266152991661,83.2142857142857,78,65,91,22.2968,17.774,26.2996,1.27157626324169,1.11915719363146,1.4447534291346,1.35120510232753,1.17584873295538,1.55271267246009
"ES082C","Alcalá De Guadaíra","ES","Spain","Southern",-5.8408396,37.3397709,57686.2668048014,FALSE,-0.182386538866896,2.50002837714071,2.2454586996817,0.657766832086533,-0.173817610955758,613.960307429042,49.9862259658658,33.6518070557766,65.3977853282819,41.6157006146146,26.6698571974384,55.8307169092779,8.37052535125114,4.79421977428528,11.8767758593732,86.6518648797451,8.14160546879375,58.3359071746616,5.48110466565721,113.368031856828,10.6517936969142,72.141434902407,6.77823958830178,46.2325934310913,4.34390576633828,96.7833767059285,9.09353849649808,14.5104299773381,1.36336588049197,8.31085116065483,0.780868032717142,20.5885672920417,1.93445337030129,101.655611080184,75.5761162526437,125.866315519069,84.8303393541363,59.5945875742533,109.121270926237,16.825271726048,11.3207761501374,21.8786571525188,80.5190476190476,78,76,81,25.2368,24.77,25.98,1.4813375282118,1.35078356071926,1.62450960783103,1.38745896393255,1.2161386186802,1.58291361447424
"ES083C","Alcoy","ES","Spain","Southern",-0.4747767,38.6982275,47014.6161812298,FALSE,-1.00269118031495,-0.121277231907539,1.67099516931775,-2.57304320183459,0.691299708356931,507.889689319595,22.3445900130279,8.79053909345192,35.2970693786516,18.8765132578163,6.12848955995826,31.2461248412966,3.46807675521155,-0.104739643247418,6.80292813881806,47.5269008405705,4.39949667869066,18.6974600825551,1.7307969187617,75.076800037227,6.94975112133859,40.1503081191858,3.71665612725958,13.03528574249,1.20665760475831,66.4604486418661,6.15214789714597,7.3765927213847,0.682840551431085,-0.222781023764339,-0.0206225181274569,14.4698153284809,1.33944993999223,47.2796202977863,24.0914284932823,70.5836695743964,39.9528586434248,16.7821951914756,61.4926599609374,7.32676165436147,1.67740733220922,12.6546593572796,81.3571428571429,76,58,91,20.36,15.63,24.05,1.25144196971689,1.13677788052331,1.37767195368715,1.29973621112376,1.14928894836423,1.46987771953322
"ES084C","Ávila","ES","Spain","Southern",-4.7002172,40.656478,47762.1903400972,TRUE,-1.71178783793043,-1.83603421943021,0.468650850437747,-3.74092469332876,0.223530387752356,760.923079904111,37.6862272379244,17.1649543101938,57.9666890778997,27.7228589326839,7.09477929956743,47.127067829022,9.96336830524048,4.85996129436672,14.9054813855765,78.903892324817,4.95269866734407,35.9383734036661,2.2558067646413,121.36522354846,7.61794333866236,58.0435250881074,3.64331949770501,14.854384292362,0.932391129529345,98.6702399815573,6.19340759580598,20.8603672367095,1.30937916963907,10.1753317001601,0.638692848556933,31.2077006507448,1.95886835072144,48.9823650151472,23.9353072116802,73.5890291984366,34.9315038417619,9.59579497391971,60.3570645781034,14.0508611733853,7.22819446582745,20.5365389284048,82.8333333333333,76,54,91,17.28,10.81,21.77,1.08141300335576,0.984365517693557,1.18802829112405,1.45152981227812,1.26869566432026,1.66071253743979
"ES085C","Benalmádena","ES","Spain","Southern",-4.5253759,36.5931193,52995.8339047619,FALSE,0.736294358642788,2.0633760538827,2.66429703204314,1.09666494676299,1.59041960900536,531.382764601543,35.9925929285574,20.6648361184687,50.3204738529769,30.7416803506501,16.1787871935213,44.2512958054217,5.25091257790723,1.96538733514297,8.28956754179108,67.9158912627721,6.77338358076901,38.9933219196157,3.88887963537247,94.9517540254337,9.46972261900696,58.0077302036527,5.78522345821693,30.5284132760247,3.04465787588218,83.4995744853174,8.32757453821512,9.90816105911943,0.988160122552078,3.70856950505759,0.369862830725553,15.6419230173605,1.5599993251582,78.7659553662501,51.4692525833165,103.717069842173,67.5081673712843,39.6453487605313,92.7300487822307,11.2577879949658,5.90763441419405,16.1340559918562,80.5190476190476,77,63,90,22.1,19.14,24.354,1.45540957605298,1.33071879065147,1.59178411618409,1.37754614966117,1.21777515674059,1.55827895153107
"ES086C","Chiclana De La Frontera","ES","Spain","Southern",-6.1460683,36.4191096,64479.0220444698,FALSE,0.534388960846846,3.28021887934719,2.90224001770932,0.864200056783264,0.903075157820825,675.535927887211,46.5682219990067,28.4378340101366,64.2787769424844,38.6874017548158,21.7369406242228,54.867785102654,7.88082024419092,3.688542560711,11.8246818594779,72.2222833449453,6.89352262057361,44.1040095033135,4.20967010578964,99.689441471604,9.51522699074215,59.9999822083746,5.72691993981926,33.711647501774,3.21773272551272,85.0940094358331,8.12211206504695,12.2223011365707,1.16660268075434,5.72053118015204,0.546017229941743,18.3388045980639,1.75041494779714,89.4564953351363,60.2627027433657,117.626478707219,74.6888330589663,45.6386731940966,102.147181668611,14.76766227617,8.74841155642307,20.4882525751435,80.5190476190476,78,66,85,22.5768,20.43,23.766,1.58242198481374,1.43026185458588,1.75076985378099,1.33850662098675,1.19026693258006,1.5052085590094
"ES087C","Collado Villalba","ES","Spain","Southern",-3.9930128,40.6431496,49392.8518550269,FALSE,0.189726020255497,-2.10458536182983,-0.0125311428838975,-2.52863944374325,-0.29965223577556,468.291543662645,22.7577123008646,7.3425057433507,37.5615561467709,17.3149929149557,3.09025223872825,31.0880473832862,5.44271938590889,1.21750800161268,9.17242470420076,46.074910530902,4.85973163702038,14.8655229807376,1.56793472842213,76.0465426394449,8.02097681563733,35.0556654751927,3.69748144062781,6.25647664119184,0.659899218883708,62.9403774346394,6.63860960207343,11.0192450557093,1.16225019639257,2.46494777257687,0.259989320347362,18.570348460791,1.95869962384128,45.7887059330645,20.1599272440432,71.3635560245387,34.6664330525464,9.82336689791395,58.6368050929517,11.122272880518,4.45340611842561,17.4009128938911,83.2142857142857,77,52,91,20.02,11.9612,24.35,1.12618906891154,0.993620163846471,1.27644533100661,1.43202489698816,1.20928238958652,1.69579522802373
"ES088C","Cuenca","ES","Spain","Southern",-2.1348241,40.0681156,44653.4149285714,TRUE,-2.03446513846364,-1.47263659229143,0.818869986270482,-3.55000418352893,1.20566344954235,683.162173597456,32.1197679538509,14.8986490217853,49.8401936873888,23.9364303513115,7.08132744292021,42.0337028541101,8.18333760253938,3.41847687100919,12.5312294525462,71.9312688743523,4.70163150057208,33.3650831534778,2.18083635154017,111.615637386557,7.29551424443422,53.6049267219556,3.50376986261767,15.8584230438986,1.03655145390014,94.1332324108875,6.1528147310565,18.3263421523967,1.1978616379544,7.65557768980819,0.500390244531232,28.0633171563507,1.83429790712184,49.0719524433335,25.3503345120686,73.9057833513765,35.6200435170041,10.7331498911531,62.0032457477763,13.4519089263295,6.32757117309588,20.0218834637398,82.2142857142857,76,53,90,17.5,10.41,21.67,1.09678344791877,1.00172072491323,1.20086756888533,1.47822068137169,1.30740072679195,1.67135931475026
"ES089C","Eivissa","ES","Spain","Southern",1.4339488,38.9094139,40365.5459297344,FALSE,2.13663117958315,1.97328939355494,2.23541164390574,1.93447957211379,0.611648219172425,262.346418125001,18.5941290006506,11.3981416281203,25.4390490593454,16.2509778162343,9.66305837879373,22.5223731602414,2.34315118441634,0.415065482234879,4.15397695296764,46.0643565505544,7.08762449799906,28.2373032882088,4.34469115667111,63.0216895954484,9.69673961670951,40.2595268859311,6.19447291576557,23.9388769710052,3.68332011081224,55.7960325854303,8.58497452384126,5.80482966462323,0.893151582233491,1.02826673757218,0.158212749844791,10.2908974901482,1.58339381290442,73.0193248487623,49.0873815118386,93.9300153938665,64.2819312712074,43.2249098528442,84.3484571017322,8.7373935775549,3.06710706034502,13.9165984270036,81.7047619047619,78,70,91,24.35,22.57,26.7,1.61449743717362,1.4648737199948,1.7794038756115,1.34400289421703,1.19621141367115,1.5100539578703
"ES090C","Linares","ES","Spain","Southern",-3.6343581,38.0928249,45868.4788774636,FALSE,-1.38899752506967,1.14407320135132,1.98326906937763,-0.661672009366017,0.589118183794272,603.37369186233,47.5715685063686,30.5480942946213,64.1258133609006,38.8436580384102,23.4582873395179,54.0198825143758,8.72791046795836,4.73125234770461,12.5653126627673,103.712984756819,7.88426296140582,66.5993184038862,5.06288137958646,139.803662406619,10.6278769236647,84.6848619989776,6.43774472806698,51.1425011546298,3.88785385506505,117.771253454226,8.95297279993132,19.0281227578415,1.44651823333885,10.3148228663611,0.784133019307068,27.3942214136535,2.08250920320773,93.0408512138759,66.3829167956736,119.69841083717,75.6861285206151,50.3411775303646,100.563789442551,17.3547226932608,11.0805511487967,22.9786033840144,80.5190476190476,77,72,81,24.8912,23.3332,26.16,1.34013392784056,1.22003024418416,1.47206100267648,1.40537043374968,1.23507318801921,1.5991490020323
"ES091C","Lorca","ES","Spain","Southern",-1.6988053,37.6715679,70739.8082702471,FALSE,-0.501561007800355,1.19243395603674,1.48485841119995,-0.941266729781833,-0.887608734410402,708.147159051179,46.9100709202549,26.6557721569697,65.9961982897883,39.4239482647554,20.4782301059447,56.9317197787999,7.48612265549946,2.81867869954755,11.9079033812513,66.3135398120454,6.62433935103376,37.6814311612731,3.76415718347086,93.2942849345353,9.31955984660226,55.7309232647963,5.56719712292261,28.9486649832464,2.89180431555818,80.4804553064432,8.03953232758579,10.5826165472491,1.05714222811115,3.98457215035042,0.398035727958607,16.8333837374276,1.68155774249045,75.3667103071289,47.5728218287468,101.148742463653,63.4172857603997,37.8041625883724,87.8453159133135,11.9494245467291,5.82479024113621,17.3745513436475,81.1809523809524,78,73.975,85,22.04,21.01305,23.67,1.31969662920024,1.20010903357839,1.45120080292164,1.30481555710246,1.16093505262275,1.46652789422653
"ES092C","Mérida","ES","Spain","Southern",-6.3443977,38.9174665,46833.7464459035,FALSE,-1.04805462748201,1.43556296765235,1.81962160529935,-0.44601806402847,0.517962818445228,600.216993679113,47.2142331258516,31.4694464333948,63.2271983950474,38.6415870912689,23.9276830564696,53.4484555621094,8.57264603458269,4.92744238861255,12.2717184299083,100.81241990834,7.86619399701521,67.1939548328561,5.24301157161486,135.003503228339,10.5340566929782,82.5079990897221,6.43793619610966,51.0906875325634,3.98650543194413,114.123809471118,8.90485543144815,18.3044208186179,1.42825780090555,10.5211364935413,0.820943498851825,26.2027263697193,2.04454698203179,92.5995462652166,67.9118062333182,117.415957681737,75.5558886615694,50.7252168268679,99.0599746462021,17.0436576036472,11.9392800232073,22.2457883379329,81.2,78,75,82,24.2,23.39,25.2792,1.38307015162059,1.25586768866174,1.52315650890118,1.39821244602123,1.23625856062726,1.58138281624254
"ES093C","Sagunto","ES","Spain","Southern",-0.2786451,39.6792916,51797.7953285715,FALSE,0.0978492265911768,1.46105457016801,2.43067265781762,-0.933859088231041,1.16507314772245,597.196630026453,32.6625683319462,16.6303015493622,48.1965551314631,28.8753621941861,13.9722118840168,43.2510876918603,3.7872061377601,-0.0280230555706445,7.49990541283868,63.0578350386463,5.46931558044784,32.1061957248767,2.78472796281947,93.047502940493,8.07046669525382,55.7463150912498,4.83515156354902,26.9745300845069,2.33963341075751,83.499862141822,7.24235293992608,7.31151994739647,0.634164016898813,-0.0541008654767728,-0.00469243364106111,14.479198130469,1.25585193146627,61.9121613614961,37.5773086347343,85.3817544294112,54.6734431952903,31.0769413421598,78.313530041403,7.2387181662058,1.79892741491017,12.6184119928908,81.3571428571429,77,60,91,22.58,18.706,25.31,1.48945139575078,1.33949775727909,1.65619199304246,1.24740911161192,1.13032884276098,1.37661663833298
"ES094C","Torrelavega","ES","Spain","Southern",-4.0515082,43.3487303,42507.5194325431,FALSE,0.861293563986862,0.761100589946517,1.84921623458908,-1.87663183231504,0.9295234417234,540.236630896496,22.5321789492297,10.7175309417981,34.1801988398771,18.3278656410045,6.83069869444104,29.4127160120453,4.20431330822518,0.331711694893516,7.82565370406702,53.0075131412619,4.17079806525497,25.2132589360011,1.98385861469868,80.4097705445246,6.32689397295343,43.1167611887816,3.39256255367029,16.069389100159,1.26439014013282,69.1941482464569,5.44441349029524,9.89075195248026,0.778235511584678,0.78036003822788,0.0614011853181923,18.410045583784,1.44856036346161,43.5733430757676,26.1249011233915,59.4534489347918,34.9306221405659,16.5744696108539,51.7760593762625,8.6427209352017,2.64360450723782,14.2374757843144,82.1190476190476,68,53,92,15.97,13.44,19.93,1.38790963287714,1.24320339270809,1.54945937272346,1.27887154062989,1.14832393629542,1.42426049456858
"ES095C","Valdemoro","ES","Spain","Southern",-3.67143,40.1888604,58680.8088012573,FALSE,0.494194159776509,-0.952131393598473,-0.0557034613251049,-1.24059424980556,-1.85622985281496,556.35027144351,36.8039076605095,15.042995034225,57.054040823755,29.2984175827388,9.00068371191092,48.0221941715448,7.50549007777073,2.48621360741424,12.1030643312702,62.7188145704647,6.61524035299163,25.6352891882817,2.70387124916724,97.2277683100587,10.2550576052964,49.9284488084817,5.26618195165448,15.3383770533818,1.61780881108545,81.8362854100877,8.63164747757669,12.790365761983,1.34905840133715,4.23684277398878,0.446879193743089,20.6252513871467,2.17543963803011,62.5902605796822,29.0260345893288,94.4241027215784,49.6795180851845,18.6312472665579,79.9943099903999,12.9107424944977,5.60798082955171,19.747312016572,83.2142857142857,78,65,91,23.06,18.39,27.1,1.20726955696062,1.03960941916103,1.4019686204268,1.34586422942389,1.15101352260355,1.57370047221127
"ES097C","Igualada","ES","Spain","Southern",1.617346,41.5790182,48598.840347619,FALSE,-0.0117894204412138,-0.177322284369578,0.854415839858538,-1.44177174347665,-0.444146137636207,544.834025818803,26.5924875969902,12.0799746771949,39.9699115148048,21.6719659202925,8.35536664623035,33.9257352280946,4.92052167669766,1.22089438760201,8.2566712451805,54.7183583122123,4.88084193292181,24.856508078771,2.21718433591598,82.2445787366673,7.33616287175458,44.5935865244453,3.97771888195177,17.1925226743393,1.53356182805828,69.8077052568122,6.22680185531904,10.124771787767,0.903123050970038,2.51218831327902,0.224085561794199,16.9894408716792,1.51544706349277,50.1624634077237,26.8493909756274,70.8660354879435,40.6481453819096,18.481229704628,60.8576678917793,9.51431802581415,4.09879926764624,14.0918120215093,82.1380952380952,78,64,91,19.77,16.36,22.88,1.22152087507827,1.12512583502925,1.32617455025659,1.29544420128435,1.1621541681126,1.4440215633066
"ES098C","San Vicente Del Raspeig/Sant Vicent Del Raspeig","ES","Spain","Southern",-0.5250339,38.3964248,45710.0517799353,FALSE,1.00372185401935,1.84778586673531,1.91029505474266,0.209735008626479,-0.929683563596755,493.79673563224,32.2617873386701,18.0223369717011,45.0441189071738,29.1464592520187,15.9207954488085,41.220327718128,3.11532808665141,0.361482657875515,5.84392484588472,70.5791966589537,6.53341446199786,39.4275137960182,3.64974809900797,98.5431369100882,9.12199608802617,63.7637852443053,5.90252165492763,34.8299659021543,3.22415971997549,90.1778189107672,8.34763066332363,6.81541141464842,0.630892807070233,0.790816557408036,0.0732047483895749,12.7847696914007,1.18346769514431,70.2146183439258,43.9304766679637,93.2720155233534,63.4402638158103,38.9408879730619,85.7583630909479,6.77435452811552,1.93352607575702,11.5321814968367,81.3571428571429,78,74.975,91,22.99,22.38436,25.39,1.4421433497603,1.31441156723552,1.58228784126729,1.28406256858289,1.14217904249181,1.44357112037232
"FI001C","Helsinki","FI","Finland","Northern",24.9427473,60.1674881,453720.985866666,TRUE,1.79003862986393,-1.5736487012379,-0.395577757305928,0.325289487936708,-0.239934695967684,4382.87288831556,479.844457340587,377.639661302956,582.986177085585,466.46485918991,365.87759592224,567.784016940094,13.3795981506771,6.5974923828295,19.7753497256265,105.757607050955,10.94817188561,83.2316937206717,8.61625858029598,128.49001814893,13.301462121792,102.808746723254,10.6429018380495,80.6393372401248,8.34789429777086,125.139465580494,12.9546083449914,2.94886032770124,0.305270047560497,1.4540857902412,0.15052894644556,4.35848249069921,0.451196058602252,129.601573237811,103.742521300618,155.555513193188,125.946178968015,100.891307180727,151.198695809044,3.65539426979522,1.94872942628382,5.26205670024188,80.6285714285714,93,92,94,18.23,17.8452,18.64,1.47040105062152,1.38173387200468,1.56475808654241,1.16656477877123,1.09105752519985,1.24729755456323
"FI002C","Tampere","FI","Finland","Northern",23.7603118,61.4980214,164624.258285878,FALSE,-0.964319158551421,-1.84942913993064,-1.29966979937023,-1.88177905269169,-0.207112863971288,1989.15890797445,168.282173446345,81.1002256396658,251.836860634348,162.052795557891,75.3517489766972,245.835812593246,6.22937788845389,-1.82343319254926,13.1207161250029,102.221978217885,8.45996630896149,49.2638366205006,4.0771114522092,152.976762511526,12.6604696902166,98.4379806750464,8.14679988150913,45.7719595892395,3.78812113374228,149.331462539586,12.3587819760252,3.7839975428386,0.313166427452357,-1.10763335339242,-0.0916685532382152,7.97009885518702,0.659611259432441,97.7607708551088,55.3711049653148,141.696980572606,94.147696136382,52.4856282390624,138.441562818643,3.61307471872679,-0.0710050556871767,6.93283379798979,80.5047619047619,92,82,99,17.26,14.44,21.6588,1.19689578507274,1.03958909315061,1.37800553099623,1.13224821364518,0.979791460947704,1.30842742399766
"FI003C","Turku","FI","Finland","Northern",22.2670522,60.4517531,140224.806782127,FALSE,-0.0682823895478484,0.0848915925425228,0.159480953528847,-0.0106054710424293,0.61441666109792,1810.75884608313,164.65621996192,97.9439367216766,230.276775751637,159.404157014229,91.2211739426792,225.70689211332,5.25206294769062,-0.396582998909452,10.4201782142756,117.423032158463,9.09321637821012,69.8477958139433,5.40899948844872,164.219713356016,12.7171421114275,113.677572943211,8.80316875761993,65.0535208683961,5.03773178521262,160.960743888925,12.4647681606829,3.74545921525209,0.290047620590196,-0.282819429750143,-0.0219014806840405,7.4310519325342,0.575459191422181,105.214016916757,68.5403302427988,141.818454157359,101.867309528967,65.353513756805,138.495981430444,3.34670738778958,0.685267735631139,6.06219989817119,80.0095238095238,92,82,96,17.6752,15.11,19.33,1.40571276501267,1.25727643151819,1.57167376098307,1.14568072696743,1.00833524048592,1.3017340616917
"FI004C","Oulu","FI","Finland","Northern",25.4716809,65.0118734,113105.614478856,FALSE,-1.08981201138446,-1.34880085816652,-1.85293848273366,-1.3476576731815,-0.879412087592698,1265.72514909172,98.2100393661315,52.9132180744034,144.253854862953,94.9902755180085,49.3430315233452,142.290745470589,3.21976384812294,-2.70209205177896,8.56315446609823,86.830383989904,7.75919159357832,46.7821321852195,4.18046667654298,127.539075339111,11.3969336049354,83.9836960841282,7.50481062860868,43.625625262457,3.89840018259521,125.803432593691,11.2418359999164,2.84668790577574,0.25438096496964,-2.38899904680159,-0.213481738410426,7.57093669094473,0.676541385959118,90.7747098431273,53.5831116729522,129.52387977788,87.7956180331421,50.3430591281327,127.760302763937,2.97909180998525,-1.00542875352902,6.51103396170929,79.652380952381,89,81,99,15.34,12.96,20.8844,1.16428944073154,1.00947428864112,1.34284737813751,1.10719304625658,0.959787115801532,1.27723785983017
"FI005C","Espoo","FI","Finland","Northern",24.6568435,60.2047672,189256.982285714,FALSE,0.65951545573682,-1.88203265273575,-1.26384305002012,-1.65997101170395,-0.826782249245061,1828.19248485949,170.439377000901,101.949453873154,238.697829702751,165.571910601885,97.2101344989936,234.350242152732,4.86746639901618,-0.386076083242943,9.43404339752865,90.0571143756243,9.32283544607179,53.8682655941562,5.57651640718727,126.123658329497,13.056493322206,87.485232302778,9.05659070218804,51.3640941142341,5.31728115633651,123.82647092985,12.8186853459659,2.5718820728463,0.266244743883755,-0.203995688074587,-0.0211179121695502,4.9847795751527,0.516031187944291,110.750396069945,75.9587151146215,144.397017295435,107.546880920186,72.6824470207384,140.903547207828,3.2035151497584,0.762688808788391,5.52239782377804,80.6285714285714,93,89.975,96,17.97,16.99346,19.2976,1.25960758087825,1.12886811514967,1.40548859208021,1.14158011575922,1.01896376709545,1.27895142377005
"FI006C","Vantaa","FI","Finland","Northern",25.0364526,60.3091871,153141.626167347,FALSE,0.814320413221897,-1.51508161158073,-1.20478116572123,-1.22460700431616,-1.00984757210654,1479.32386270241,139.517520263703,83.9807417389435,192.365679605735,135.455476042464,79.4316855789985,188.470071016588,4.06204422123982,-0.110339790412923,7.74100162668286,91.1035906796785,9.43116810194857,54.8386117091199,5.67696796193961,125.612927340555,13.0036217528678,88.4511151099069,9.15658020921903,51.868122055984,5.36945881707698,123.069132628012,12.7402846508737,2.65247556977159,0.274587892729542,-0.0720508154277714,-0.00745879879280495,5.0547991557983,0.523279710538954,112.02863309278,76.5529487668673,146.385920217567,108.725263341411,74.1789888008187,143.392774218547,3.30336975136871,0.777769109326244,5.55734638166237,80.6285714285714,93,87,96,18.42,16.54,19.84,1.2867374591267,1.15399810496795,1.43474524056158,1.13963759258802,1.01979761928148,1.27356037892586
"FI007C","Lahti","FI","Finland","Northern",25.6613764,60.9826014,82099.8761904759,FALSE,0.34852408982314,-1.11704625561412,-3.30915618368681,-1.33973033127372,0.587467142473179,1164.29481577691,97.4427988406889,49.2039315421438,144.707164374747,94.9914905192302,46.7277942930739,142.997983820885,2.4513083214587,-1.19360211244202,5.82764622830784,118.688119108263,8.36925472142269,59.9317974950269,4.22607151345176,176.257469669039,12.428739045633,115.702355383393,8.15871454824301,56.9157914253891,4.01339881101277,174.175638814756,12.2819394094326,2.98576372487036,0.210540173179676,-1.45384154986154,-0.102517171447298,7.09823997150423,0.500530119119285,103.290325937296,58.5145806407288,146.848039099577,100.697787004105,55.8297660375396,144.244114023569,2.59253893319077,-0.639713511122791,5.51595201997995,80.0095238095238,92,83,99,17.83,15.16,22.1344,1.22457452096119,1.08030535935267,1.38811007869655,1.10876726641375,0.973899530744643,1.26231178089865
"FI008C","Kuopio","FI","Finland","Northern",27.6781839,62.8924601,77880.7107501649,FALSE,-1.82184081570654,-1.8372918656837,-1.90861854050423,-1.85841993760816,-0.190176584124734,1156.4436953199,87.7771846054326,42.9017038479697,131.626519107874,85.047096501138,40.0172777942305,129.010419874288,2.73008810429462,-1.98910841509904,7.08375601550187,112.707220773851,7.59026876627582,55.0864308180173,3.70979616401488,169.010423556766,11.3820084488819,109.201746725145,7.35419258588389,51.3827845287683,3.4603740723547,165.651312926693,11.1557891141947,3.50547404870575,0.236076180391939,-2.55404502082671,-0.172002184209133,9.0956489062176,0.612546554939911,96.0023834327122,52.7528125442433,139.389621635005,93.0129524252847,48.714149199408,136.41779424978,2.98943100742753,-1.07333766326501,6.83254951786878,79.652380952381,89,80,99,16.2084,13.598,21.9044,1.1181235795284,0.959235198712978,1.30333034147916,1.12706264806078,0.954614167742856,1.33066348224987
"FI009C","Jyväskylä","FI","Finland","Northern",25.7458236,62.2393431,86547.0006179523,FALSE,-1.48259382777794,-2.21858277783614,-1.85167463384385,-2.18265030288449,-0.554873293620426,1176.71139272402,91.0335515084362,39.3165270055823,142.49643931692,88.3471869019224,36.2664011109935,140.140129259887,2.68636460651378,-1.70648388410392,6.48789918391355,105.183947286965,7.7362683892861,45.427948657792,3.34122090163221,164.646305821674,12.1097186785155,102.080010018969,7.5079741258733,41.9037064855496,3.08201325620201,161.923727291848,11.9094733106536,3.1039372679965,0.228294263412799,-1.97174237341501,-0.145021446605825,7.49638824868505,0.551358576455562,95.6662241875348,48.8253642615089,144.795128666963,92.8485022923687,46.0502301240825,141.856779710078,2.81772189516607,-0.986056041967209,5.95075322329507,80.5047619047619,91,81,99,16.91,14.11,21.7044,1.11559276087149,0.955618653197152,1.30234712763828,1.12002056035339,0.958937801809621,1.30816206561786
"FR001C","Paris","FR","France","Western",2.3483915,48.8534951,6869558.93968662,TRUE,4.94727750356661,-8.05924106568374,4.96157156086119,4.3200160211505,-0.268787725789504,59074.1423525374,4393.10743848824,2611.56659353985,6275.51095484446,4120.74249575022,2319.24262921739,6010.125507924,272.364942738015,187.878011722484,356.075970680812,63.9503565957998,7.43659960778007,38.01651046987,4.42082862236878,91.3524581409405,10.6231097142198,59.9855468441211,6.97554349779439,33.7611577334132,3.92598611991151,87.4892487376806,10.1738684110847,3.96480975167876,0.461056109985685,2.73493558133813,0.318037645982708,5.1833891201326,0.60276113456858,72.5062642295999,43.9590208871539,102.829103419292,68.0157424389283,39.3962816857507,99.0310061559643,4.49052179067162,3.08935218420285,5.89136466371771,82.7952380952381,93,91,93,20.64,19.9696,20.64,1.47788834272166,1.30995146369724,1.66735487083466,1.56390972907813,1.39218616628374,1.75681507253733
"FR002C","Lyon","FR","France","Western",4.8320114,45.7578137,896170.541972038,TRUE,1.1956986282731,-2.24392793906168,-0.0205289022152933,1.31065260577949,-0.278566180338208,8708.05925935776,431.081896000369,308.293340502354,550.354604900923,371.903891114668,251.321805444253,486.264631240214,59.1780048857011,36.9423697355324,80.6968405437861,48.1026630323919,4.95037853052188,34.401191075077,3.54032203181276,61.4118160690552,6.3200604004791,41.4992318645386,4.27080110548188,28.0439708374274,2.88608285679936,54.2602784253743,5.58407581709632,6.60343116785327,0.679577425040003,4.12224772019845,0.42423195152047,9.00462989624847,0.926691449154627,45.3197248904519,33.5764534632834,57.2867195254837,38.9383247862669,26.6126619107772,50.5005179849895,6.38140010418506,4.27419620419932,8.43986824396587,82.5,83,79,91,19.5,18.5324,22.01,1.31934685852778,1.25835678838994,1.38329299699992,1.23315631852991,1.17308403385497,1.29630483583774
"FR003C","Lille","FR","France","Western",3.0635282,50.6365654,697497.463418119,TRUE,1.42923602054678,-0.62153817027091,0.294302503768127,1.59670993185256,-0.291063827960222,8420.37861439873,499.23688165333,342.849805613635,651.924785966032,477.230970859966,321.156416511951,629.422418690331,22.0059107933638,11.7281464704913,31.8993909230281,71.5754404620764,5.92891251706475,49.1542727529765,4.07166733604313,93.4662590414657,7.74222651759684,68.4204596990608,5.66757140877142,46.0440981302081,3.81403771990464,90.2401014629955,7.47498951667122,3.15498076301565,0.261341108293325,1.68146080603891,0.139282887475348,4.57340601164392,0.378835589037298,73.182298709474,51.7897960125139,93.5578592972996,69.956145786819,47.934087973969,90.5685343782502,3.22615292265507,1.98062696105118,4.41189958583686,79.0619047619048,92,90,93,19.06,18.484,19.4,1.47885729286237,1.39821727832494,1.56414809526046,1.22845583226219,1.14791737362929,1.31464490954412
"FR004C","Marseille","FR","France","Western",5.3699525,43.2961743,724448.85633662,TRUE,0.94059461741387,-0.313200520341847,1.28004851502617,0.975056426458504,0.434089132634435,8632.08637479753,516.967575774382,332.207929367998,703.682520132891,480.872693541495,298.303198626852,666.048012204608,36.0948822328868,25.5233909822112,45.8321464774743,71.360120352536,5.98890642804194,45.8566434969476,3.84852415677768,97.1334986559659,8.15194020981278,66.3777283013689,5.57075859372149,41.1765711295765,3.45574853719937,91.9385828797726,7.7159562970688,4.98239205116711,0.418147834320453,3.52314601078639,0.295680440093023,6.32648475825298,0.530950971613155,60.0156043984917,39.0216110823673,81.1799125708463,55.6702297788693,34.3793869731767,77.4254652648394,4.34537461962238,3.29708367608532,5.25325096686638,82.0142857142857,91,91,92,23.58,23.58,23.79,1.35270613810091,1.27773860217883,1.43207217261468,1.323217089296,1.24213173516353,1.40959562970547
"FR005C","Bordeaux","FR","France","Western",-0.5800364,44.841225,528853.48282648,TRUE,0.492461795931653,-0.477878744354748,0.539741298863585,0.898505672601346,0.0870624538007796,5867.51397367656,285.582542399842,173.830935398918,397.332672414168,258.835869469055,150.068879521002,369.062935801899,26.7466729307871,18.1731736489445,34.6081114716337,54.0003142030065,4.86718129144731,32.8693940843258,2.96259942760727,75.1309550408189,6.77173798301499,48.9428315921634,4.41133793000359,28.3762676042054,2.55762287391656,69.7854789249806,6.2899370578004,5.05748261084306,0.455843361443718,3.43633430412847,0.309725272585201,6.54398857064704,0.589825804026989,47.4328238977019,29.7678107061133,65.6802213892024,42.8386639301882,25.4647543227389,60.8930291334178,4.59415996751361,3.42416205329566,5.63209613282768,81.9666666666667,92,91,92,22.63,22.2796,22.63,1.2327172009741,1.16206363383307,1.30766651096812,1.29157498674793,1.20923918013369,1.37951695065692
"FR006C","Toulouse","FR","France","Western",1.4442469,43.6044622,520208.894760092,TRUE,0.93664942354909,-1.22308894892508,0.0183268851481726,0.931128509020272,-0.297498737619615,4856.49727129395,331.355804063811,228.525124424828,431.743220429041,316.166057223571,215.656189074629,416.454419464691,15.1897468402409,8.21619008573688,21.7602120169985,63.6966817371751,6.8229381291411,43.9294919265497,4.70555446979465,82.99420190194,8.89001262249261,60.7767495727614,6.51016647517507,41.4556904441407,4.44057058055694,80.0552285167577,8.57520134781693,2.9199321644137,0.312771653966024,1.57940207645354,0.169179341133405,4.18297576919245,0.448063919352327,63.7157873395559,45.9685085854623,81.8547052549947,60.8016800124531,42.999586312604,78.899788329226,2.91410732710276,1.80399239943436,3.99205623548829,82.3904761904762,92,91,93,23.3452,23.0096,23.71,1.43408240739477,1.35090949124372,1.52237612107215,1.17466178469368,1.1078084686442,1.24554952184871
"FR007C","Nantes","FR","France","Western",-1.5541362,47.2186371,351540.167837426,TRUE,1.24713409974043,-0.554798343150305,0.303021050098127,0.80807606181048,0.0175736495374183,3914.45766589038,255.293233272723,179.69821539492,328.915259789562,240.691282700099,166.334455884389,313.110938938331,14.6019505726233,9.63107857240433,19.2931855631914,72.6213550056636,6.52180340324753,51.117406155994,4.59062865747064,93.5640617722162,8.40257547439198,68.4676474329414,6.14877725712616,47.3159175259063,4.24923374018798,89.0683249269918,7.9988331887378,4.15370757272215,0.373026146121367,2.73968082556595,0.246038644288509,5.48818807303799,0.492869950575974,67.257771818918,48.8230791605129,85.3103889418881,63.3606103181506,45.128199417503,81.2030942933618,3.8971615007674,2.77054014211419,4.8926106591638,81.9714285714286,93,91,93,20.64,19.9896,20.64,1.509692829121,1.42508515697766,1.59932368051117,1.24812145753669,1.17579649475701,1.32489523460048
"FR008C","Nice","FR","France","Western",7.2683912,43.7009358,359165.3131342,TRUE,0.593206386882238,-0.347365988387539,1.43493289363371,0.362117959699049,1.15246688250026,5004.54769836852,316.687885815179,207.725344647895,432.637891847961,285.630196601624,178.64693379741,400.975193616731,31.0576892135552,21.0131410066741,40.3124245819928,88.173293532065,6.32800214729533,57.8355807344569,4.15073163785838,120.456479517082,8.64489496201626,79.5261084955883,5.70741281364426,49.739472957028,3.56969189954268,111.640845859441,8.01221644360486,8.64718503647669,0.620589333651071,5.85054854638,0.419880921776895,11.223919211522,0.80551584302283,60.1787689903516,41.4621620288087,81.0673868839115,53.6500368163258,34.0792063994577,74.8870397231393,6.52873217402587,4.76391194500788,8.20584686861565,82.0142857142857,91,62.975,92,23.41,16.9545,23.62,1.31066183109132,1.23411950453214,1.39195145135552,1.33926132606069,1.2547062759457,1.42951456756676
"FR009C","Strasbourg","FR","France","Western",7.7507127,48.584614,314836.450893506,TRUE,0.0229396611406375,-1.55523195840953,-0.846231628633107,1.10937247037096,0.00156444609853756,3476.49406747826,189.617558421018,124.333304786066,251.366521292482,172.113672136087,107.233570383309,234.261799274378,17.5038862849309,12.3091290670092,22.3422814101177,60.2273205287643,5.45427533430426,39.491394479009,3.57639916458288,79.8403490380811,7.23046023992831,54.6676446287042,4.95078285178644,34.0600874133157,3.08453195379945,74.4074577799179,6.73844956232886,5.55967590006012,0.503492482517816,3.90968994602622,0.354067311149989,7.09647226257007,0.642667036861193,58.926974263796,39.9756242244059,77.1964894690468,53.4482020177775,34.32924305857,72.0698694587013,5.47877224601849,4.0992422938007,6.7554346953949,81.3952380952381,90,82,92,20.59,18.26,21.2652,1.22547969244345,1.1661185310049,1.28786262859326,1.30992322100553,1.22839237612849,1.39686543019543
"FR010C","Rouen","FR","France","Western",1.0939658,49.4404591,252657.86761932,TRUE,0.495167200441227,-0.724741324199288,0.204242547121944,0.552092952156893,0.612473659138922,3268.2624359579,132.316447692947,90.8075376019494,176.311629934354,116.801389756279,75.9908696973614,159.992694132147,15.515057936668,9.71333206069216,20.7102818855115,52.3698109778671,4.04852579270203,35.9409103138515,2.77846529712154,69.7827586354853,5.39465949840953,46.2290728790066,3.57380694007964,30.076589505559,2.32511529249606,63.3238519899204,4.89534415510468,6.14073809886045,0.474718852622391,3.84446055538126,0.297201716539793,8.19696694215585,0.633678668446388,45.8076311516151,33.5601180158367,58.8422532647244,40.1242843272618,27.3970409286403,54.1498286235606,5.68334682435329,3.97468559459671,7.18722009130512,80.3619047619048,92,90.975,92,18.89,18.5925,18.89,1.26914674432034,1.21006542550827,1.33111270239156,1.26267403298081,1.20911173909143,1.31860907641347
"FR011C","Montpellier","FR","France","Western",3.8767337,43.6112422,264182.77411535,TRUE,0.66579609555757,0.45904203398506,0.910262694446284,1.47015027043263,0.445772897908166,3208.43668437142,184.606149141405,128.306108374418,239.396127433385,166.335160360063,109.339445481002,221.341445539887,18.2709887813421,10.7132095205128,25.3171406892046,69.8781931409353,5.7537725472545,48.5671742997126,3.99902260809473,90.6176143524247,7.46145712020764,62.96215221339,5.18430552705922,41.3878027616067,3.40787293742165,83.783451165988,6.89873191570401,6.91604092754527,0.569467020195277,4.05522636984463,0.333907462556383,9.58319132425733,0.789080264931722,57.8913196029353,42.7426492637764,72.8743581844206,51.8613914521787,35.4699433732726,68.062644362732,6.02992815075656,3.8546279614502,7.9702623855732,81.5333333333333,90,65,91,23.6,17.78,23.8496,1.40357758214322,1.31786566088461,1.49486407269512,1.37105261056416,1.275595831348,1.47365271564765
"FR012C","Grenoble","FR","France","Western",5.7357819,45.1875602,267515.232513186,TRUE,0.0213938767377047,-1.65341577006852,-0.68605301893403,0.0118378380268103,0.0562384468205221,2767.62476149685,122.022500693043,79.0852272032382,166.025539465118,101.183207689661,59.4101548647159,145.504581770269,20.8392930033822,15.314904819222,25.8406348907424,45.6132907074847,4.40892502446928,29.5628874887863,2.85751263334071,62.0620881679828,5.99884571690721,37.8233443901829,3.65595831838621,22.2081390680389,2.14661162492939,54.3911389281721,5.25738112313947,7.78994631730179,0.752966706083068,5.72487206629145,0.553359148692506,9.65950037610241,0.933675520259714,42.0752358191379,28.8983524092267,56.3790527817465,34.7179278878687,21.2971306668172,49.6693011172434,7.35730793126919,5.84571341267827,8.70371569627264,82.5,90,79,91,19.57,16.3324,19.86,1.16561784980857,1.11531246648096,1.21819222202296,1.39255849959412,1.30540568385937,1.48552989983819
"FR013C","Tours","FR","France","Western",0.6889268,47.3900474,183326.127522149,FALSE,0.060218800613485,-0.403162733675381,-0.0219966553225756,0.33048948372206,0.150148586637109,2263.74346006613,117.99966666291,67.0572589886642,168.875991811406,106.22024304785,53.6871765602447,158.737736601058,11.7794236150596,5.8279463778124,17.2262646422865,64.3659844113891,5.21259006351641,36.5781244032237,2.96222872298017,92.1177979887253,7.46003223379706,57.9405917113571,4.69223853858189,29.285065520057,2.37161045442297,86.5876232409261,7.01217869433054,6.42539270003206,0.520351524934522,3.17900479139739,0.257447298274785,9.39651367490174,0.760963640366886,48.9522180247574,32.783696354897,65.2441291900142,43.7975501781953,27.577305317991,60.043814289816,5.15466784656217,3.66151063783359,6.66302442059896,81.4619047619048,91,77,93,20.8692,17.5712,21.75,1.28215240781597,1.17751237777267,1.39609130901693,1.25460304388318,1.1469429066157,1.37236891970974
"FR014C","Cannes-Antibes","FR","France","Western",7.10905,43.5836,186170.803304273,FALSE,-0.0297082669828889,-0.189746990191337,1.6365169670207,-0.286337393347543,1.56913828192326,2594.07195268795,151.457469484883,64.566289088545,234.058274654447,135.045931720625,49.0399750320778,218.26642050907,16.4115377642584,8.0137285660376,24.0331246560504,81.3540398369258,5.83859940075851,34.6812109861391,2.4889937621677,125.722331590259,9.02281351185801,72.5387275145979,5.20594394387139,26.3413887471539,1.89046317629174,117.239876841666,8.41404650641648,8.81531232232788,0.632655456887113,4.30450340429597,0.308924683362536,12.9091802954576,0.926463301495842,55.5023190060077,30.1638868130235,80.3429001235379,48.8159185432391,22.7306994169359,74.3049904371507,6.68640046276854,4.39592863281341,8.7698347477304,82.0142857142857,91,54,93,23.8396,15.3224,24.28,1.32329938362579,1.19687647302065,1.46307601342097,1.36881392645751,1.2303829884207,1.52281979098964
"FR015C","Toulon","FR","France","Western",5.9304919,43.1257311,190984.975555036,FALSE,0.450560747210945,0.213268039905415,1.36944252368859,0.545033205507931,0.899998035801787,2704.53282108136,159.909209890945,82.8759397276608,235.098552096905,146.913332527104,68.2012419488838,222.700314108758,12.9958773638413,5.5142701895897,20.2057789050596,83.7286856865159,5.91263706043725,43.393957816215,3.06433477462937,123.097930302458,8.69276017892454,76.9240261440189,5.43211498052235,35.7102655592038,2.52173837260421,116.606195571956,8.23433579259411,6.80465954249698,0.480522079914901,2.88727957451326,0.203889934209965,10.5797740614612,0.747107919991177,58.6072722879437,35.7815947170791,80.7635429673725,53.3785522489658,30.0779589114651,75.8677919394584,5.22872003897794,3.18506105547398,7.2458499599445,82.0142857142857,91,61,93,23.93,17.13,24.38,1.36872962739373,1.24227867362788,1.50805196344097,1.32462478434757,1.20578503808083,1.4551771367976
"FR016C","Rennes","FR","France","Western",-1.6800198,48.1113387,199822.928322378,TRUE,0.882739989290143,-0.498868212150639,-0.145737012003273,0.263481536390228,-0.243094280243228,2164.47062438978,104.590464785456,64.43516021052,144.554017008956,96.4716358534915,56.3330977810517,135.766489517814,8.11882893196445,5.30750554624787,10.7235566687398,52.3415734438234,4.83214988491437,32.246129486485,2.97694778041564,72.3410562654477,6.6784929016863,48.2785617563627,4.45705452254356,28.1915084790313,2.60262704174761,67.9433990171435,6.27250321570384,4.06301168746071,0.375095362370804,2.65610437741418,0.245210329326793,5.36652963639854,0.495435537350528,47.0583309119102,29.9720488071728,63.9115344634721,43.3026752088714,26.0368868911723,60.2864546614333,3.75565570303885,2.72755382009674,4.71768656685089,80.8428571428571,92,85,92,19.4,17.84,19.4,1.36386418238056,1.28262258147565,1.45025164443973,1.18984357674006,1.13562455116518,1.24665122434788
"FR017C","Reims","FR","France","Western",4.031926,49.2577886,154883.570739894,FALSE,0.4209977524267,-0.630625010531506,-0.416243919921442,1.2228025013302,-0.478745038832891,1914.47959519868,100.892325162518,55.8619404416764,145.509459976757,93.9363555761556,48.7910349594915,139.180090582238,6.9559695863622,2.49499387373376,11.0973269136038,65.1407535870623,5.26996085074742,36.0670535776121,2.91786554329295,93.9476403350232,7.60047066271588,60.6496577573801,4.90662610412452,31.5017498153044,2.54852729075069,89.8611065830678,7.26986544705347,4.49109582968215,0.363334746622898,1.61088349255826,0.130322301684017,7.16494774790558,0.579652399609522,59.2300784632665,37.4551518779334,81.17829969522,55.0607114202333,33.1479453825035,77.2765614452817,4.16936704303312,2.47796012658807,5.71215107583205,80.3809523809524,91,78,92,19.75,16.65,20.11,1.29779430399448,1.18807780209754,1.41764289553004,1.29252192558763,1.16508443645075,1.43389858782597
"FR018C","Orléans","FR","France","Western",1.9086066,47.9027336,178569.58047061,FALSE,-0.0394460171836995,-0.724962955192474,-0.33519679541717,0.304295320885162,-0.229065640481511,2179.09667439796,104.220163125961,53.1878570820901,153.363096748296,94.832006806824,42.2868147392911,144.583883713674,9.38815631913689,4.02098806542158,14.2526911878224,58.3638953797698,4.78272324263699,29.7855082270543,2.44082135992359,85.8842230261816,7.0379207379896,53.1064734300766,4.35189534824214,23.6808613358706,1.94056625555514,80.967812845072,6.63503760123995,5.25742194969317,0.430827894394848,2.25177662109329,0.184525455555224,7.98158966956196,0.654064198035642,48.8898709789723,28.7728985656787,67.263337063607,44.3083961733371,24.2052217139852,62.9999588626156,4.58147480563521,2.95470555896635,6.03310837184613,81.4619047619048,91,78,92,20.6496,17.4768,20.96,1.24894650282784,1.14319312746166,1.36448280649605,1.2600696023464,1.15059747652144,1.37995731361908
"FR019C","Nancy","FR","France","Western",6.1834097,48.6937223,170878.511147635,TRUE,-0.614150495370489,-1.38664984504918,-0.668709169781298,0.599178249153143,0.464878227105476,2086.37133170634,116.636496957691,78.9406370555079,155.322051054994,107.440276011713,69.1847614026569,145.776080756769,9.19622094597784,6.4130561503649,11.7559935849834,68.2569716779193,5.5903997138563,46.1969363645176,3.78363313643435,90.896187011367,7.44460243939238,62.8752411816649,5.14962386507886,40.4876897264648,3.31603297798739,85.3097793149791,6.98706306693477,5.38173049625446,0.440775848777441,3.75299158875757,0.307378463886386,6.87973783598014,0.563466023824661,61.1586560975731,41.9625440651351,81.4480962308725,56.2327376750736,36.7284659372836,76.5317350504388,4.92591842249943,3.69996225292964,6.07388024824772,80.4333333333333,91,85.975,92,20.09,18.4235,20.45,1.24216661749702,1.18500694261312,1.30208343102319,1.26940875269862,1.20385433789273,1.33853285294342
"FR020C","Dijon","FR","France","Western",5.0414701,47.3215806,151054.925605671,TRUE,-0.24453157437268,-1.49005863356147,-0.800289950444478,0.874458615218146,-0.15253859198991,1846.84309989489,98.8158850737067,69.1385246381234,129.528800053094,89.0106651891924,59.5151584722671,119.157511084809,9.80521988451435,5.6819303130728,13.8501668200887,65.4171882694284,5.35052951056483,45.7704536021616,3.7436057584999,85.7494712825377,7.01352486632271,58.9260262995692,4.81961164942805,39.3996807675318,3.22253463088738,78.8835654362371,6.45195637309905,6.49116196985915,0.530917861136789,3.76149952759931,0.307656363087702,9.16896073700013,0.74993738346679,52.9292607432575,37.8789401074264,69.0342983603154,47.4847797135512,32.6378632648967,63.5129149780036,5.44448102970623,3.34900189579293,7.52185652423899,80.9952380952381,86,80,91,19.18,17.7,20.76,1.2460243765306,1.18113040014685,1.31448377479357,1.20301002694598,1.14531435696638,1.26361213943558
"FR021C","Clermont-Ferrand","FR","France","Western",3.0819427,45.7774551,147987.031254867,TRUE,-0.236148154304487,-1.84828865260606,-0.863786625869277,0.478286137696319,-0.362686488601693,1906.13302068033,105.580891520468,68.1603955062918,141.414712877196,94.5060142979643,57.6187257392386,130.023397520358,11.0748772225042,7.88901313408258,14.0872980272808,71.3446919133301,5.53900962708179,46.0583572278737,3.57584674137612,95.5588551767402,7.41893201276805,63.8610109930535,4.95799680676186,38.9349831878215,3.02280717631519,87.8613459691805,6.82131814042813,7.48368092027653,0.581012820319924,5.33088140709838,0.413875267281549,9.51927875559532,0.739051150913527,57.9057557992935,38.5989806101054,76.2355772274941,51.6292240236755,32.3251791153206,70.0086603443285,6.276531775618,4.67165258986913,7.82596549441198,80.9904761904762,90,80,91,19.06,16.32,19.37,1.23255761195389,1.16651762877074,1.30233631221364,1.27372446592059,1.20868302226472,1.34226590859598
"FR022C","Le Havre","FR","France","Western",0.1079732,49.4938975,151357.608388111,TRUE,1.27486455025159,0.218270254511946,0.484182390489684,0.857717514934644,-0.158298914746924,1957.89029074139,98.4058424001714,56.970064679103,138.543948302512,93.7645587655367,52.6670078337612,133.243941001197,4.64128363463472,2.50375997505654,6.69870026672438,65.0154580586655,5.02611626736799,37.6393795368519,2.90976797568827,91.5341817157006,7.07618547155927,61.9490224271421,4.78906091975312,34.7964059386513,2.68998769148694,88.032535939345,6.80548555919042,3.06643563152343,0.237055347614867,1.65420159694675,0.127880504178222,4.42574399665961,0.342138693797179,56.9580125249813,33.9010067921876,79.1208343804909,54.140516538121,31.0263973227182,76.5362104096648,2.81749598686028,1.78305189694358,3.74024270314055,80.3619047619048,94,92,93,18.86,18.34,18.59,1.38791075737514,1.30005206771436,1.48170701641535,1.17260322047141,1.11250124643853,1.235952154716
"FR023C","Saint-Étienne","FR","France","Western",4.3873058,45.4401467,174760.374660374,FALSE,-0.75132434007165,-2.21403504049165,-0.402486334545882,-1.8534459567836,0.554081789556047,2378.31783088748,93.622979967791,36.76544059281,152.444677357626,80.7200731139982,23.4119471923924,139.191246135038,12.9029068537928,5.0234462570436,20.3712201356179,53.5722014499774,3.93652096250126,21.0376297626159,1.54585901494464,87.2306881087223,6.40976892902242,46.1890020955081,3.3939985676295,13.3965993366006,0.984391021601017,79.6469144710519,5.85250820253483,7.38319935446926,0.542522394871758,2.8744767037757,0.211218458349155,11.6566585389891,0.856539015561949,38.7516542675669,21.5704122920133,57.3094692022194,32.8105158188462,14.6454777629882,52.7827030614186,5.94113844872068,3.59484671016298,8.04850313606686,82.5,91,59,93,19.46,11.6304,20.13,1.14162878620915,1.05430409826296,1.23618630303029,1.24548184408784,1.14003318169449,1.36068410013013
"FR024C","Angers","FR","France","Western",-0.5515588,47.4739884,149968.199774188,FALSE,0.755773030091629,0.492216980557333,0.643469422453395,0.583446590710653,0.4861836548591,1769.45552012542,93.6045632226952,47.6746676623211,138.364499340785,85.2464036383911,39.3249399729803,131.537808889602,8.35815958430411,4.13138019559915,12.4807396892448,62.4162744926184,5.29002069608739,31.7898512712072,2.69431286178598,92.2625593620015,7.81960878739567,56.84298655765,4.81766298552387,26.2221857915166,2.22243167605552,87.7104673441858,7.43380138090608,5.5732879349684,0.472357710563512,2.75483749342855,0.23348313357469,8.32225745727261,0.705343510887473,48.3174726109692,27.3826804314871,67.6478804613941,43.7631357249157,22.9352628852855,62.839809080375,4.55433688605348,3.09063326941148,5.94394263887696,81.9714285714286,92,84.975,93,20.7552,18.91476,21.1816,1.39450206378791,1.27733787072517,1.52241317702789,1.25725957068235,1.14463578017432,1.38096471860389
"FR025C","Mulhouse","FR","France","Western",7.3389937,47.7467233,158069.04945309,FALSE,-0.622000568233636,-1.70900117895532,-0.934954140499912,-0.169249354549626,-0.177711578472013,1889.01777582279,92.7475623172865,50.220507545436,135.769802029364,82.3923222443758,40.1816668047651,124.943292253174,10.3552400729108,4.33749704407244,16.0064497108248,58.6753463996828,4.90983004524077,31.7712466287335,2.65855134812385,85.8927174542515,7.18732262697882,52.1242599543987,4.36164885788268,25.4203254487778,2.12711957076546,79.0434893392925,6.61419356939366,6.55108644528407,0.548181187358089,2.74405208298521,0.229616528737172,10.1262389861938,0.847342461023318,54.004552644851,34.4921293271815,73.6370646817311,47.8836732101333,27.9473136567624,68.1422507576844,6.12087943471772,3.92915029637476,8.10096290809268,81.3952380952381,90,78,92,20.15,16.82,20.8352,1.18559570584493,1.10134850124465,1.27628736601485,1.24243615314001,1.13972571278345,1.35440271050782
"FR026C","Lens","FR","France","Western",2.8319805,50.4291723,154149.211879939,TRUE,0.232290986292324,-0.0143380797909659,0.0383352500888106,0.334408773989275,-0.43633158236394,2114.64567120907,93.5039398343138,57.905863717503,129.131201200404,85.0252100648772,49.5186551109169,120.756318142708,8.47872976943661,4.22139896293363,12.6056929908183,60.6580719382079,4.42173084159541,37.5648133463074,2.7383246520158,83.7702636462257,6.10651717961675,55.1577325812734,4.02077810114936,32.1238457900681,2.34169987838218,78.3372919459109,5.71047527190051,5.50033935693449,0.400952740446054,2.73851478801042,0.199626775322601,8.17759159264236,0.596113720726125,57.5123273485927,37.7298034406518,77.3993217389181,52.2214965008953,31.1568407295049,73.105156567377,5.2908308476973,3.21005733484508,7.21886689759907,79.0619047619048,92,69,92,19.01,14.54,19.01,1.30257738317679,1.2273863694399,1.3823746795705,1.26046217407718,1.18197621377734,1.3441597840637
"FR027C","Metz","FR","France","Western",6.1763552,49.1196964,129920.813165965,FALSE,-0.216488887113798,-0.838132852534487,-0.593432430383089,0.70926386427174,-0.0707396992278793,1641.9630047312,84.0564366840329,46.6721812061504,120.612745539206,75.9040466590614,37.3817270248464,112.455206604783,8.15239002497154,3.72332631874915,12.2871457696306,64.6982070352783,5.11926495553374,35.9235599507294,2.84246241064311,92.8355839222862,7.34564330570598,58.4233155638422,4.6227622936905,28.7727009352181,2.27664855524355,86.5567293372231,6.84882706131331,6.2748914714361,0.496502661843235,2.86584283766209,0.226760670491397,9.45741138021866,0.748320500171201,61.2116967097037,40.600325554952,82.9781195955481,55.216025126684,34.2675434318126,77.6556811329333,5.99567158301977,3.89025723291068,7.952999177536,80.4333333333333,90,78,92,19.62,16.5368,20.3,1.24346563067578,1.14960759271307,1.34498657148121,1.30507699864648,1.18665366253235,1.43531851472264
"FR028C","Nîmes","FR","France","Western",4.3600687,43.8374249,118196.205776623,FALSE,-0.636245112205183,0.249681954083681,0.717617344691817,-0.159446522569551,0.552013530494991,1547.54475043474,75.6925165700389,37.0346167206641,112.994175501679,68.8105012685877,29.7685277745469,106.580755523845,6.88201530145117,2.01190558750847,11.5767837922255,64.0397177495603,4.89113588145191,31.3331688418621,2.39312089102821,95.5988178801821,7.30151263606023,58.2171828752536,4.44643046666388,25.1856881352062,1.92359721850914,90.172738476284,6.88708714199729,5.82253487430668,0.444705414788029,1.70217442623389,0.130006294612371,9.79454773201793,0.7480742504521,50.1529432287134,31.5382841132272,69.5541839376157,45.271771986858,25.3233106879415,65.5965567899948,4.88117124185542,2.51688050518553,7.00240007476343,81.5333333333333,90,65,92,24.53,18.02,25.04,1.28933166963011,1.17834162094149,1.4107760642308,1.30561022027606,1.18122946037834,1.4430879896471
"FR029C","Le Mans","FR","France","Western",0.1967849,48.0073849,114257.46468946,FALSE,0.851192792748006,-0.479695476975152,0.130897571676145,0.583449529355771,-0.429118415425394,1528.69624820616,81.9449196628172,42.7451446639731,121.503445513292,75.3025929440651,35.901149285497,115.003636184152,6.64232671875219,3.22868682748388,9.83408703063759,71.7195326235664,5.36044487313782,37.4112490419334,2.79618300327041,106.341800812337,7.94817450856374,65.9060597473694,4.92593561555662,31.4212724595917,2.34848154612959,100.653061484184,7.52298805724831,5.81347287619705,0.434509257581197,2.82579946637107,0.211205256196093,8.6069536527575,0.643298957669148,53.3867103207756,31.9461999896704,74.5899531073865,48.7788945333885,27.1447036129495,70.0592801741837,4.60781578738713,3.08449671890581,6.03676331773535,81.9714285714286,92,81,93,20.4,17.66,20.7208,1.30606675873872,1.19912112895143,1.42255051395341,1.25770862904724,1.14725706809844,1.37879385498294
"FR031C","Caen","FR","France","Western",-0.3635615,49.1813403,136522.842050484,FALSE,0.719064002177872,0.0444951759783175,0.27067732100398,0.538680111283431,-0.130571539643737,1789.71092263406,86.6787702450054,44.9943504705712,127.575714973647,80.8754227605736,38.5938926895153,121.65243542444,5.80334748443178,2.23919981478393,9.15608672831184,63.490306049264,4.8431715507124,32.9573789959142,2.51405687374078,93.4464248308514,7.12828610253346,59.2394807681101,4.51890982715481,28.2691834639979,2.15643164498955,89.1077519316912,6.79732318141042,4.25082528115391,0.324261723557597,1.64016495785805,0.125115167285693,6.70663354995649,0.511595845592543,51.2137807920442,31.0637095993976,71.027436171535,47.5863764501901,26.7838628089352,67.6911876788274,3.62740434185408,2.27242345582164,4.86869629874112,81.1666666666667,92,80,93,18.92,16.588,19.2508,1.40249638210105,1.26718663356043,1.5522544585874,1.17799392940381,1.09753584068683,1.26435023465277
"FR032C","Limoges","FR","France","Western",1.2644847,45.8354243,115912.688312801,FALSE,-0.991349075002302,-1.30178777509247,-0.393844310731204,-0.756123714473976,0.447538630438036,1659.44222801629,77.8079277824273,39.8002283181263,117.329909199987,67.6990702877837,28.8274468564983,108.041091271792,10.1088574946436,4.64695150417623,15.2600818732842,67.1263249217853,4.68880003586743,34.3363862036584,2.39840999862368,101.222662426189,7.07044253901169,58.4052283431572,4.0796280307216,24.8699665895978,1.73717688810166,93.2090290065855,6.5106871120753,8.72109657862809,0.609172005145834,4.00901020571277,0.280030930015034,13.1651522326041,0.919591029783918,45.179380419644,28.1540094653982,63.2652479212046,38.7741964231658,21.0323522301236,56.9804435400744,6.40518399647825,4.2454651453751,8.51197045997431,81.3190476190476,91,73,93,20.3696,15.96,21.09,1.17827793391658,1.08384605499022,1.28093734637182,1.25596932715101,1.14595851062849,1.37654106681316
"FR033C","Aix-En-Provence","FR","France","Western",5.4474738,43.5298424,133188.355026908,FALSE,-0.656361848141293,-0.421577351811714,0.421812682658159,-0.809598133842414,0.386291387442759,1586.99040609053,74.3870804675026,33.1797216889518,116.475220239968,66.1226424076208,25.1225102360958,108.609446701096,8.26443805988188,3.69122505605849,12.5158148659094,55.8510392687664,4.68730498823565,24.91187888179,2.09073234227599,87.4515044625606,7.33937771727925,49.645963713766,4.16654329817346,18.8623924599266,1.58302848836899,81.5457527643111,6.84373681682484,6.20507555500043,0.520761690062191,2.77143227372449,0.232592776987962,9.39707894386174,0.788650946967064,46.7892961536018,26.3956137952561,67.3623350093314,41.3024216572464,20.5215601923823,62.3781227552022,5.48687449635536,3.56106699653764,7.2457775527131,82.0142857142857,91,64,92,24.2396,17.21,24.51,1.22911735641446,1.11635681695445,1.35326756902038,1.3111949773232,1.19599787776078,1.43748772512576
"FR034C","Brest","FR","France","Western",-4.4860088,48.3905283,111204.643277922,FALSE,1.72669534534287,-0.168294623276142,0.500706581798801,0.636403086291307,0.503649674514368,1644.81054071761,77.8806631826874,32.1374977860351,119.884675590123,74.1853667552522,28.6420151605326,116.696499768745,3.69529642743515,0.889679580666292,6.29688504774417,70.0336432787691,4.73493215508632,28.8994207784268,1.95387231480252,107.80545852794,7.28866168001447,66.7106737349526,4.51026819921071,25.7561324026288,1.74135649374161,104.938513652796,7.09482927546367,3.32296954381653,0.224663955875607,0.800038158876885,0.0540900947946343,5.66242996887014,0.382833456611782,53.4050225686846,28.2160788813161,76.4858422738898,50.5973941834809,25.3036405343702,74.6443536766092,2.80762838520371,1.52014461777595,3.97794245097708,80.8428571428571,94,90,94,17.62,16.96,17.62,1.48546920832494,1.3326812236166,1.65577388634115,1.16275111211867,1.07875100025697,1.25329213916015
"FR035C","Amiens","FR","France","Western",2.2956951,49.8941708,110778.448661497,FALSE,0.0259211874602193,-0.140809927058994,-0.187871699572013,0.525397498303937,-0.0677652156798627,1512.80192620994,67.5652910320977,35.6086599581657,99.2924397950826,62.9299263926834,30.9430234315086,94.6014451761083,4.63536463941423,1.41012641148624,7.74084431698573,60.9913677691546,4.46623512711743,32.144031974102,2.35382169610115,89.631549272267,6.56347920205536,56.8070117906931,4.1598259033384,27.9323494825789,2.04541142468207,85.3969759634202,6.25339269715999,4.18435597846148,0.306409223779039,1.27292485905371,0.0932128910636084,6.9876807362046,0.511689216074641,53.8257856681639,33.5469698170984,74.70621852893,49.9986326165742,29.7049101371765,71.0767972208381,3.82715305158963,2.31862024989695,5.35731949399737,79.7333333333333,91,75,93,18.73,15.61,19.3508,1.30976878414123,1.20014466904606,1.42940623089578,1.26418098436923,1.15181267305333,1.38751170101666
"FR036C","Dunkerque","FR","France","Western",2.3772525,51.0347708,108020.558297175,FALSE,0.991848373180403,1.00107544836709,0.618730760982901,1.02590511010024,-0.0909215186656561,1304.05348650809,61.7544178236913,29.3064314759812,94.4343559951278,57.5224006944606,24.9772197816281,90.7022717867388,4.23201712923077,1.44690553213019,6.7475814817359,57.169134095566,4.73557399773941,27.1304202995843,2.24733354721945,87.4225772239848,7.24160143522931,53.251345485746,4.41104611809216,23.1226538497545,1.91535240233976,83.9676013682577,6.95541039728481,3.91778860982005,0.324527879647252,1.33947236983317,0.110954462152057,6.24657156758311,0.517431344001398,58.2871731995302,33.1729378012892,84.7609285466796,54.2925808674923,29.1398135105941,81.2817442643289,3.99459233203795,2.26588482166252,5.4113676253782,79.0619047619048,92,68.975,93,18.66,14.73575,18.93,1.43271422460025,1.3057775704094,1.571990586979,1.24778368066009,1.13140187377603,1.37613711786185
"FR037C","Perpignan","FR","France","Western",2.8953121,42.6985304,116567.157920297,FALSE,0.134563072499997,0.546838710252841,0.951392667878098,0.678353993104253,-0.332199021315595,1789.03355630452,106.661733592672,56.2812409437836,154.710211608179,98.2897384996803,48.049424345127,146.458045076386,8.37199509299164,2.91294041013514,13.6000642831122,91.5023884048044,5.9619750125311,48.2822451434099,3.14590191701266,132.721955624896,8.64769758303209,84.3202667486206,5.49401313090574,41.2203790522034,2.68577546663682,125.642631843633,8.18643365074234,7.18212165618381,0.467961881625355,2.49893748986045,0.162822010792922,11.6671492431953,0.760190564072197,62.3320737377488,39.0553390763113,84.0329658243623,57.0341120617341,32.9612158767503,79.6202460231893,5.29796167601463,2.81850256803028,7.59126342002434,81.5333333333333,91,66,93,24.74,18.66,25.3108,1.40752680359518,1.26724706390721,1.56333501119395,1.26048137046994,1.14060022895145,1.39296244641504
"FR038C","Annecy","FR","France","Western",6.1288847,45.8992348,92871.8259640102,FALSE,-0.552176638150727,-2.27929101697594,-0.624922060070904,-1.22293408309265,0.644689209438297,868.835749563259,36.4348929817106,15.4917531090683,56.7228068226024,30.2917488234139,9.5217830772836,50.1587094026876,6.14314415829673,2.93043649308952,9.02809383453429,39.2313735662201,4.19353059540028,16.6807887626454,1.78304738460124,61.0764418959348,6.52859954843196,32.6167258035312,3.48647587747635,10.2526067280873,1.09592441172799,54.0085315240008,5.77309456107222,6.61464776268889,0.707054717923926,3.15535574182112,0.33728313948437,9.72102544643934,1.03910248157635,41.0202897469422,22.3826282470533,58.5914943798922,34.1408786229233,14.8178634881955,52.3237512763284,6.87941112401889,4.80446526348951,8.81788185959161,82.5,91,64,92,19.38,12.59,19.74,1.15456098561819,1.07401179030332,1.24115124391249,1.31174189952101,1.1945294262939,1.44045577537378
"FR039C","Besançon","FR","France","Western",6.0243622,47.2380222,93472.5342480113,FALSE,-1.17070966539586,-1.85980422272746,-0.819408515182031,-0.419619042695053,1.27116302958269,1087.48052076568,47.8542641839141,21.9280126638105,73.570199300202,41.0875380350128,15.3657172129688,65.8427393190674,6.76672614890123,2.63585776446981,10.5150726741311,51.1960701278752,4.4004709298352,23.4593111658113,2.01640509830662,78.7078256645933,6.76519697551938,43.9568033172129,3.77823209247774,16.4387510583578,1.41296482277678,70.4407341137947,6.05461321483796,7.23926681066229,0.622238837357462,2.81992757089058,0.242382067001435,11.2493715493274,0.96692055382542,44.8251064512282,25.8564050835378,63.6825502573142,38.2558640489721,18.3009982717532,57.4323322839891,6.56924240225615,4.15737604259189,8.90139071546435,81.3428571428571,90,67,92,20.44,14.7652,21.16,1.18359979525875,1.09326292712445,1.28140124445754,1.27433135634068,1.15662041477768,1.40402191160115
"FR040C","Bayonne","FR","France","Western",-1.4736657,43.4945144,93733.7862096746,FALSE,0.216917900907201,-0.121676778799448,1.09829769829553,-0.522439298820474,0.755525424861825,1276.16346705019,57.0988858810957,29.0190273535426,86.1442286730365,51.5899188878046,23.2680004655727,80.6197299863829,5.50896699329112,1.73255198159707,9.05517328039497,60.9160135208561,4.47426112370054,30.9589834434187,2.27392713416402,91.9030716206631,6.7502503321268,55.0387656083819,4.042579200849,24.8234936477698,1.82327743007374,86.009253702868,6.3173513478436,5.87724791247419,0.431681922851538,1.84837511814737,0.135762543461756,9.66052225836616,0.709562177118711,42.6335359213785,25.9146185985213,59.6563066221161,37.9353262602052,20.339199313594,56.1549195410038,4.69820966117332,2.45954206487153,6.71841411468309,81.9666666666667,92,60,93,21.31,16.04,21.6,1.33182227694541,1.20541528813149,1.47148505152738,1.35968283865064,1.21652105921539,1.51969208236593
"FR041C","La Seyne-Sur-Mer","FR","France","Western",5.8788948,43.1007714,88750.9307197943,FALSE,-0.0198586269157173,0.328339417133694,1.41901357313196,-0.0760446398690526,0.802859993907433,1256.79941228692,70.2049339877114,33.1339458116542,106.559142398908,64.144347661569,26.8231663932891,100.204501242146,6.06058632614235,2.52149819326792,9.63267917791377,79.1033214168349,5.586009453964,37.3336319325655,2.63637502434556,120.06538019904,8.47861173049153,72.2745633666496,5.10378561880845,30.2229691291639,2.1342440274125,112.90529623685,7.972990778203,6.82875805018531,0.482223835155545,2.84109493029299,0.200628530584662,10.853609195746,0.766445232528058,55.3145722698167,33.4680867674119,77.6276778277521,50.0313041752502,28.0695152490028,72.9540446172499,5.28326809456656,3.13683678547649,7.38854092605184,82.0142857142857,91,60,93,23.97,17.03,24.4,1.33717819981353,1.2115447156759,1.47583949227911,1.32059072874346,1.19870445949018,1.45487059719867
"FR042C","Pau","FR","France","Western",-0.3685668,43.2957547,88595.1635999847,FALSE,-0.531695327153683,-1.02570276106927,0.321838713512858,-0.802538598643661,0.896133520915562,1206.20232805624,59.2295018943822,29.0761141377554,88.2772813049652,51.3239855890991,21.2376877928068,80.6965903011791,7.90551630528308,3.90301417750165,11.6076191762138,66.8541029641401,4.9104118369452,32.8190760717332,2.4105503248871,99.6411967853519,7.31861307606838,57.9309112411955,4.25500634473208,23.9716107853211,1.76070691448844,91.0846450552669,6.69013717053749,8.92319172294462,0.655405492213117,4.40544835508642,0.323578730260887,13.1018655020756,0.962327704583289,46.7245221170941,28.0858235949667,64.0552953030008,39.9095117114916,20.7547245490047,57.9347401640385,6.81501040560252,4.56610448224152,8.89608210003681,81.9666666666667,91,64,93,20.8796,15.03,21.42,1.23991905068562,1.13024358116395,1.36023710098833,1.36259832791465,1.22006494469643,1.52178309138926
"FR043C","Avignon","FR","France","Western",4.8059012,43.9492493,105483.862940064,FALSE,-0.153052978919582,0.683364324960974,0.696888957671709,0.635346852803829,0.367271241853241,1375.51283564586,68.3364774583469,32.9319981871417,102.615244539263,61.5620745113682,25.4179000169176,96.5808812678351,6.77440294697877,2.43450999999455,10.8069772730937,64.7838214809933,4.96807268441518,31.2199394952511,2.39416145990951,97.2805144589448,7.46014445521915,58.3616041311908,4.47557252219039,24.0964819721857,1.84788533834239,91.5598638274294,7.02144529407362,6.42221734980257,0.492500162224796,2.30794543557609,0.176989260798242,10.2451474300237,0.785668951465605,51.587736055455,31.0290797283285,71.3693105636585,46.1929562404696,23.9482330433956,67.4286534125904,5.39477981498543,3.28762425075822,7.33083693220303,81.9637275069017,90,65.975,92,25.034,18.3951,25.63,1.33801742973676,1.2209070649219,1.46636111274685,1.28004540642704,1.16736210447153,1.40360581882751
"FR044C","Troyes","FR","France","Western",4.0746257,48.2971626,83545.8385142857,FALSE,0.0570262502580865,-0.547540576257159,-0.480184265714068,1.07427376671129,-0.249059363036281,1155.44471193118,60.9758980835034,34.0598081205567,87.0804334938586,55.8049961658146,28.5801974079071,82.0279206805565,5.17090191768888,1.83275484925902,8.29095355633594,72.9849615107723,5.2772666189791,40.7678092963694,2.94776615175555,104.230725362782,7.53652966642727,66.7956623073121,4.82974179461547,34.2090018080555,2.47352358038308,98.1831317265795,7.09925103585936,6.18929920346025,0.447524824363631,2.19371171784413,0.158619000142015,9.92383786407057,0.717555195045087,57.6341509795669,36.2485322060388,77.3710403458566,52.5424155949686,31.0051014112605,72.8305321362131,5.09173538459823,3.07468783643856,6.997640275271,80.3809523809524,90,78,92,20.154,17.17,20.7952,1.28287066626451,1.17711963452499,1.3981222452602,1.27129928953456,1.15013142231784,1.40523235189415
"FR045C","Valenciennes","FR","France","Western",3.5234846,50.3579317,96161.0978487359,FALSE,-0.278856622963887,-0.230984630171481,-0.0732130399566821,-0.0156042363508634,0.37864278592348,1160.88286241869,48.2221111487056,25.931273858613,71.5271304528688,43.2524275907117,21.0503618235206,66.4862009915495,4.96968355799389,1.23537157007842,8.41492880956739,50.14721361081,4.15391704966988,26.9664910641969,2.23375455854223,74.3826059113665,6.16144253381799,44.979132474911,3.72582187151904,21.8907253499055,1.81330627791873,69.1404346237126,5.72721013841364,5.16808113589899,0.428095178150844,1.28468954464485,0.106416556749277,8.75086599240403,0.724873204867112,50.9836650488626,34.1371331123685,69.1490357797656,45.7326889725333,28.2078804832058,64.8667297156003,5.25097607632925,2.92119055252911,7.46042959673241,79.0619047619048,91,68,93,19.0296,14.51,19.69,1.2864118554109,1.18173544665152,1.40036034835952,1.28057200659274,1.16412530231575,1.40866679970519
"FR047C","Poitiers","FR","France","Western",0.340196,46.5802596,76232.1174545458,FALSE,0.133664688657926,-0.337923013795824,-0.144100771498837,0.449356269789367,0.0627187583989184,988.206928369922,52.2845284634107,30.1435668928,74.8818565421428,47.4321228629479,24.7864382746586,70.7319547554561,4.85240560046279,2.27409451632473,7.23402114281909,68.5859585293376,5.29084819812544,39.541820297427,3.0503294428954,98.2287506139285,7.57754822319074,62.2206550818031,4.79981687045938,32.5144297473276,2.50822348670886,92.7849797660819,7.15760563145724,6.36530344753455,0.491031327666057,2.98311865426102,0.230123312338633,9.4894663619077,0.732035056134633,50.213702340576,32.7824189229917,67.5072425114134,45.2723584511036,27.6845053160103,63.1446779767482,4.94134388947236,3.40729723859584,6.50019194364872,81.6428571428571,91,78.975,92,20.93,18.065,21.32,1.28921760970259,1.18129151389728,1.40700413540073,1.23266868907107,1.13069668498494,1.34383704948815
"FR048C","Valence","FR","France","Western",4.8920811,44.9332277,72767.8749364852,FALSE,0.0843451618040774,-0.171881590492324,0.227080237488045,0.100751952804776,-0.315223192092448,993.99121161542,49.1630199697004,24.9683324386617,72.4413658331687,43.5888540705194,18.9396381580078,67.2656880407192,5.57416589918108,2.30175041377414,8.57664874418965,67.5614342353847,4.9460215940744,34.312301218711,2.51192688093122,99.5513004830752,7.28792820164255,59.9012326642293,4.38523535833676,26.0274718404778,1.9054130395406,92.4387143357306,6.76723166710901,7.66020157115546,0.560786235737641,3.16314089944663,0.231566475324602,11.7863119565821,0.862849554801497,50.6977131064061,30.8908866856011,68.9919813548291,44.6043814906465,23.8355781418395,63.6820783223504,6.09333161575958,3.87561692176697,8.20742601509096,82.5,90,73.975,92,22.42,17.9745,23.15,1.2771887034507,1.1739626913443,1.38949133243254,1.29578906674093,1.16904217139589,1.43627778926096
"FR049C","Fréjus","FR","France","Western",6.7360182,43.4330308,68244.2506115136,FALSE,-1.10616968972891,0.258037799386043,1.81352757202075,-1.66528006131986,1.6901169145131,966.404896995434,53.5020545977751,16.4567938066099,89.7904284051963,46.77799528456,10.0783095877194,83.0825607008217,6.72405931321506,2.94170277481026,10.0612308502047,78.3978930362064,5.53619448371109,24.1145498106377,1.70288808115255,131.572150914714,9.29118102405689,68.5449614662015,4.84041372617145,14.767998032671,1.04286615465764,121.742945312385,8.59707571424012,9.85293157000486,0.695780757539646,4.31055033713559,0.304396509574408,14.7429721332558,1.04109891014473,55.1161054715023,23.9038901601893,86.3392492550851,47.4525530829692,16.0409274988465,80.5774963176275,7.6635523885331,4.59298594124772,10.4580815992125,82.0142857142857,91,51,93,24.37,14.98,24.78,1.26855923474993,1.13469949802733,1.41821031459606,1.36391432381653,1.20555080036943,1.54308079107229
"FR050C","Chambéry","FR","France","Western",5.9203636,45.5662672,85279.5878528214,FALSE,-0.722881790349168,-1.74334566902608,-0.688133711714591,-1.44893476905406,0.486330271256844,995.733609558734,40.6059453322497,16.2685024277684,64.5532535792975,34.122159024069,10.0566721684595,58.3136006266516,6.48378630818068,3.05481984631743,9.66039602400451,47.6150815859112,4.07799284290951,19.0766663364334,1.63382076005026,75.6960196509226,6.48298430017891,40.0121059249938,3.42683612328708,11.7925900226156,1.00997616952151,68.3793180699833,5.85634551920907,7.6029756609174,0.651156719622432,3.58212313547944,0.306790874285261,11.3279112472691,0.970178763804667,39.8288129870685,21.8761386638178,57.2094755757441,33.1368635605284,14.6262167624816,51.3786721730228,6.69194942654006,4.62804907914771,8.56791349103266,82.5,91,61.975,92,20,12.783,20.3352,1.15060512250091,1.06457077541351,1.24359242100283,1.29330475117706,1.17755947827146,1.42042691709502
"FR051C","Mantes-La-Jolie","FR","France","Western",1.7140683,48.9891971,62278.0934964735,FALSE,1.60235245326664,-0.901640866030427,-0.376343083397306,0.0153314844724281,-1.00495245711887,552.605834925928,26.7815164669587,10.0917450785774,42.9301709721535,25.1463971619983,8.47350135449756,41.466880365958,1.63511930496046,0.408002659551968,2.80490078162624,43.0031090602914,4.84640493717345,16.2043256496747,1.82621037288362,68.9330205244391,7.7686785514865,40.377596278573,4.55051242181851,13.6059100058632,1.53337167632936,66.5834132644186,7.50388029679712,2.62551278171842,0.295892515354933,0.655130298063911,0.0738324921246366,4.50383212483064,0.507577119956073,44.0327919720204,20.1520928751226,67.8138274151758,41.347128050097,16.7737463710715,65.0912837393667,2.68566392192345,1.38431782739972,3.98678821055073,82.7952380952381,92,81.975,93,19.74,17.25534,20.06,1.30337073550074,1.16844882730358,1.45387220600836,1.24718246048049,1.12598195516832,1.38142896748079
"FR052C","Douai","FR","France","Western",3.0804641,50.3675677,67025.5649848009,FALSE,0.136821746121657,0.245639863683542,0.0642826148478129,0.213425471541303,-0.212307372919609,809.150805008287,34.4628808349704,16.3558335146345,52.4424686321839,31.9270157199756,13.5177709186133,50.0947185048331,2.53586511499486,0.68560347702151,4.21295942518883,51.417516350344,4.2591418832757,24.4023806712311,2.02135787462597,78.2424864961244,6.48117363383786,47.6340866760549,3.94574355266798,20.1680820171806,1.67061205833872,74.7397183689432,6.19102374919099,3.78342967428907,0.313398330607716,1.02289846743848,0.084731235855903,6.28560076463986,0.520664306222334,52.3638259171355,30.4243164120459,74.4507565597225,48.5076755088709,26.189808453292,71.3480449311248,3.85615040826458,2.1253713678666,5.41928687853052,79.0619047619048,91,70,93,18.89,14.84,19.5508,1.32430016423314,1.21138301100971,1.44774271147002,1.26140913954352,1.1411240138026,1.39437344064093
"FR053C","Melun","FR","France","Western",2.6608169,48.539927,68438.7551077119,FALSE,0.994780835323867,-1.11482797123895,-0.611784010060457,-0.0915384301997878,-0.795351745941253,631.960328638917,29.1701479567053,11.027623896088,46.5784665311767,26.9359738417115,8.70055790935015,44.4526279422138,2.23417411499378,0.735216251406176,3.68170438588834,42.622265572768,4.61581948024022,16.113127538238,1.74498673355632,68.058611612484,7.3704731800958,39.3577787896908,4.26228872621241,12.7129108290425,1.37675697588312,64.9524204118738,7.03408519929621,3.26448678307713,0.353530754027808,1.07426888500391,0.116338988080098,5.37956071832972,0.582584731832424,51.0958712143757,23.3337027467488,76.6125875833078,47.3179687612646,19.0878087057907,72.6169432453135,3.77790245311113,2.21952736271889,5.2774976876491,82.7952380952381,92,81,93,20.71,17.87,21.0908,1.25892061981275,1.14047040465709,1.38967317390955,1.25502232188694,1.13550368222657,1.38712102222863
"FR054C","La Rochelle","FR","France","Western",-1.1520434,46.1591126,75567.151865085,FALSE,0.649392635718971,0.409126791263649,0.68008993536516,0.606923089691422,-0.208042127020502,1158.73078868195,64.4835902645584,31.4685671755124,94.8527035536675,58.5031509706296,24.7885760254326,89.6139751277376,5.98043929392873,2.97652090102279,8.88324920971756,85.3328313599607,5.56501914805495,41.6431827835662,2.71577897842068,125.521077892434,8.18591380156234,77.4187587155318,5.04889932519847,32.8033747648572,2.13928690490995,118.588530751736,7.73380460785661,7.91407264442889,0.516119822856478,3.93890841133853,0.256877691530798,11.7554373699004,0.766636158846028,56.4640360963528,31.7207495735843,79.6408590207681,50.814048298352,25.0300164673586,73.720455748765,5.64998779800072,3.87881582634475,7.38295271811193,81.6428571428571,92,77,93,21.2052,18.18,21.55,1.3987872895108,1.26070019493634,1.55199934858086,1.25701890652866,1.1396394592785,1.38648808489913
"FR055C","Lorient","FR","France","Western",-3.3660907,47.7477336,68289.6784699936,FALSE,1.50395047147087,0.204523478212778,0.701673678807524,0.791408517518519,0.225420860827322,988.755794346981,53.1551709082023,25.6303922906926,79.6976300220294,49.4976124320325,21.9432133092115,76.7391578343823,3.65755847616981,1.39755756602403,5.6925998981654,77.8377817836096,5.37596555308264,37.5318684535242,2.59218630497332,116.705235414234,8.06039574965681,72.4818355291885,5.0060503023118,32.1325474081025,2.21927531900875,112.372996261948,7.76118413395133,5.35594625442106,0.369915250770837,2.04651361279745,0.141345069633401,8.335959438829,0.575733657462413,58.3390472669663,33.6396067048948,82.4191546359125,54.0276329403074,28.8920557087613,78.0775463611905,4.3114143266589,2.66478503214336,5.86178656309236,80.8428571428571,93,88.975,93.025,18.77,18.0055,18.77591,1.53184802505694,1.36886095544481,1.71424158351301,1.26911318800823,1.13753769339003,1.4159076163678
"FR056C","Cherbourg-En-Cotentin","FR","France","Western",-1.6249565,49.6425343,62032.1383822518,FALSE,0.825725389349313,0.510920620623933,0.782920487746474,-0.695645554572634,0.468618131100888,925.453398572581,39.6915055174155,13.7579700363661,64.8809164358674,37.7552349774558,11.8498769959297,63.0666888046559,1.93627053995966,0.38997491643582,3.3978329360265,63.9853897552752,4.28887133362259,22.1787776387577,1.48661942973967,104.5924227794,7.01071675093956,60.863990766854,4.07964734212327,19.1028026841649,1.28044016200134,101.667765209107,6.81468012348649,3.12139898842122,0.209223991499319,0.628665924802936,0.0421387956473354,5.47753636202015,0.367153326279563,43.9518096420264,18.7693548855164,69.8825751990565,41.3954570901058,16.4175511874088,67.6940110136961,2.5563525519207,1.35979087064117,3.64362182992008,81.1666666666667,93,61.975,94,17.56,13.39604,17.77,1.40380730322089,1.27222759161989,1.54899560232547,1.16129532354766,1.07783083791141,1.25122308720258
"FR057C","Béziers","FR","France","Western",3.2131307,43.3426562,59026.2537869047,FALSE,-0.466362102689591,0.577374910100652,1.04869162191176,-0.420016198841651,0.0672607933873356,716.859752211673,38.5272390311338,18.6215695164731,57.1896104739157,34.9902955908404,14.8433584940235,53.8350895955539,3.53694344029342,1.14015198280628,5.81140103829679,65.2713607240331,5.37444582601668,31.5479440448657,2.59765867159111,96.8884298169768,7.97779625616767,59.2792077185884,4.88105176540982,25.1470448177359,2.07060843466638,91.2053300721204,7.50984965043169,5.9921530054447,0.493394060606856,1.93160146487093,0.159048123330771,9.84545124492736,0.810674754771391,53.57028263958,31.0380194629088,75.1791517268294,48.379292656403,26.1163870449941,70.5990070500948,5.19098998317704,2.99477730885447,7.29404697506911,81.5333333333333,91,63,93,23.65,17.2,24.15,1.35801008388565,1.22173907088421,1.50948056903869,1.27247447400866,1.14508575442018,1.41403495830188
"FR058C","Chartres","FR","France","Western",1.4881434,48.4438601,58498.758748052,FALSE,-0.0678124509611246,-0.518845349299382,-0.174221669746248,-0.196703550840693,-0.582512359098567,748.847220129936,33.8697152265499,15.4614555212586,51.6209532670836,31.0537539143947,12.3033089687739,49.0249152801471,2.81596131215522,0.991881985244016,4.52304743256977,57.8981775877044,4.52291392904857,26.430399297615,2.06470093039483,88.2428180902259,6.89338918265953,53.0844663698591,4.14687443307947,21.0317436336777,1.64296650078224,83.8050521572472,6.5467179368898,4.81371121784527,0.376039495969099,1.69556073747812,0.13245451923717,7.73186906759862,0.604001365162971,47.2628070778722,25.0026826768866,69.0515686070992,43.1276050683673,20.4878558665901,65.3283183741121,4.13520200950497,2.37503233726061,5.70104033569712,81.4619047619048,91,75,93,19.6396,16.05,20.39,1.22883984374939,1.1266829919087,1.34025930313182,1.24858851324761,1.13795843378433,1.36997383131951
"FR059C","Creil","FR","France","Western",2.4733771,49.2607914,53367.2739378353,FALSE,0.369775798433063,-0.103870578857028,-0.579125451060917,0.947343328123799,-0.687684089816338,597.624301569467,28.8261167332845,13.8890167280858,43.2291245517753,26.9278099287653,11.6998063245941,41.6630903651515,1.89830680451921,0.584227888778123,3.14865171064832,54.0145947249668,4.82345123141446,26.0253441917689,2.32403814430083,81.0030592945981,7.23349509687742,50.4575331318817,4.50580906065034,21.9231852431185,1.9577193052338,78.0686126364307,6.9714518395147,3.55706159308502,0.317642170764127,1.09473061985264,0.0977583888814156,5.8999672989031,0.526861391409186,57.0532659602764,32.0914295053113,82.343418540687,53.3186570280089,28.1674054371456,79.0402055754275,3.73460893226747,2.06278516533078,5.27539674059328,79.7333333333333,91,78,93,19.53,16.62,20.23,1.29553538079726,1.1769310459711,1.42609197764226,1.26939858065325,1.14435398908215,1.40810690742373
"FR060C","Boulogne-Sur-Mer","FR","France","Western",1.6118771,50.7259985,58640.4693542105,FALSE,0.596482809203804,0.467345566108319,0.411139534294792,0.301759586599343,0.191547236296255,804.440147083797,34.117351916471,15.7435984861684,51.8731444500401,31.794987129559,13.1846209722948,49.7604602644322,2.32236478691204,0.890780434486597,3.68880900500571,58.180557373082,4.24112993864751,26.8476679323134,1.95708761468968,88.459633801201,6.44835350872121,54.2202125591889,3.95243664116218,22.4838257904362,1.6389809757868,84.856858774203,6.1857256185958,3.96034481389309,0.288693297485329,1.5190540667503,0.110732965990794,6.29055163717043,0.458556055211583,55.1670427454559,31.0668725914621,79.0316284300606,51.3327965739088,26.992382364978,75.9577273058063,3.83424617154716,2.42766230086657,5.16214147844237,79.0619047619048,93,67.95,93,18.22,14.24175,18.22,1.36467914239249,1.25303914819811,1.48626574385899,1.22783787453778,1.12772479830272,1.33683842761855
"FR061C","Calais","FR","France","Western",1.8538446,50.9524769,55321.1737451637,FALSE,0.965453607040399,0.879292337031992,0.499870286269487,1.01945493575968,-0.326906619094748,758.905473208195,35.9955554344107,17.1516533704684,54.1495689883321,33.8338762090865,14.8519597670705,52.2318393312213,2.16167922532418,0.663534259206014,3.58908781610977,65.0665070850156,4.74308813220745,31.0037770519426,2.26005134710144,97.8821766106616,7.13521919395578,61.1589992015388,4.45824643562752,26.8467907703583,1.95702367309138,94.4156383445995,6.88252241882201,3.90750788347682,0.284841696579931,1.19942187463805,0.0874330575586695,6.48772897090516,0.472929494227689,61.7692357228673,32.827389467841,89.2086821951396,57.9971296224187,29.0626438104978,85.8738895170659,3.77210610044853,2.04845422260032,5.32927845713127,79.0619047619048,92,73,93,18.03,15.04,18.28,1.41224881384973,1.28869260428959,1.54765124404469,1.25235138401663,1.13236695926598,1.38504923356738
"FR063C","Montbéliard","FR","France","Western",6.7977564,47.5102368,56581.9210310913,FALSE,-1.04727047655022,-1.42497051256659,-0.684202491931587,-0.550219861517531,0.420194853028774,658.286815949068,29.6277818595492,15.6868132648733,44.1405073080513,25.3600039565803,11.4746845413763,39.7191848074695,4.2677779029689,1.87361415567547,6.43336784688399,52.3626298288263,4.50074058020349,27.7240733064781,2.38297545762894,78.0116802393408,6.70536098226619,44.8199769368827,3.85242470943583,20.279771934698,1.7431132241093,70.1976604605632,6.0337202333614,7.54265289194369,0.648315870767659,3.31133005301452,0.284619729619563,11.3700060543171,0.977289487046591,45.8334452348882,29.1455543055726,63.6126767121535,39.0086320811469,21.9444918020868,57.0051300922609,6.82481315374131,4.44503999857606,8.97085847777185,81.3428571428571,90,76,92,19.12,15.48,19.84,1.19082321447097,1.10513076786348,1.28316030044523,1.273340855639,1.1600286865446,1.39772141279467
"FR064C","Arras","FR","France","Western",2.7772211,50.291048,49668.1516709512,FALSE,0.121763328073502,-0.0314121497573659,-0.086697495787713,0.319301223255213,-0.279097068000602,681.356334210368,29.3804472537167,14.9656384546453,43.0472009100956,27.286608632508,12.7802945538461,41.0010428475632,2.09383862120867,0.651971243483017,3.54433168264201,59.153494272065,4.31205314731036,30.1312570554102,2.19644812900861,86.6696252264047,6.31786904277973,54.9378378589167,4.00474865536119,25.7313673327625,1.87571376564031,82.5499670678163,6.01756243964178,4.21565641314829,0.307304491949172,1.31265453122212,0.0956872653482549,7.13602492422714,0.520187676357274,56.0854857078035,33.8582238873699,78.4770580370505,52.018543931769,29.310806458519,74.589304991958,4.06694177603455,2.39047462753908,5.64402211093047,79.0619047619048,91,71,93,18.5996,14.76,19.1808,1.30585971121732,1.19713252447682,1.42446182900747,1.2394064613473,1.13054622361319,1.35874884577476
"FR065C","Colmar","FR","France","Western",7.3579641,48.0777517,53554.2228376939,FALSE,-1.00044526252241,-0.763882706255144,-0.586265923718721,-0.139334087837759,0.112094213857444,640.004347851799,31.4423405278844,17.7808926873482,44.6974956141232,28.1682705508027,14.4994470596683,41.4909772429065,3.27406997708179,1.30523873032789,5.13369647865817,58.7112254866929,4.91283233206492,33.2016631839408,2.7782456083354,83.4621309874803,6.98393624420711,52.5976646812183,4.40126237350584,27.0743300740478,2.26552321219946,77.47470702479,6.48292115235977,6.11356080547462,0.511569958559085,2.4372284036007,0.203942166128867,9.58597885775843,0.802134625473973,54.0429002371664,34.9233769540645,71.8201782468831,48.3283649296046,28.6134927358736,66.518936974356,5.7145353075618,3.60192544972679,7.6311485659744,81.3952380952381,90,77,92,20.42,16.85,21.0652,1.22045910696065,1.12988470179452,1.31829418470529,1.27407557299581,1.15967646973685,1.39975985377452
"FR066C","Martigues","FR","France","Western",5.0548176,43.4057279,49140.6264791074,FALSE,-0.0925244087490728,0.485672306680054,0.686660777262851,0.151711847607828,0.0904530186947482,585.52943878514,30.7466252395011,14.6514135974848,46.3039568191967,27.6365122522724,11.6156284087685,43.4410707809645,3.11011298722875,1.34900265334153,4.78493149645038,62.5686472527438,5.25108102221032,29.8152763756767,2.50225054915832,94.2274450629628,7.90804932289457,56.2396416822693,4.71991849113731,23.6375260980993,1.98378213619262,88.4015404228392,7.41910959611122,6.32900557047445,0.531162531073011,2.74518814674671,0.230390235568761,9.7372211941269,0.817197425013879,52.5565951802095,30.8839485354166,72.9097173793579,47.0043492243598,24.6761821402618,68.1982452417716,5.55224595584964,3.56438477503636,7.5305633658759,82.0142857142857,91,67.975,92,25.22,19.56463,25.4752,1.31800159835318,1.19807988591619,1.44992686521327,1.26591944882623,1.16043946235001,1.38098720606345
"FR067C","Meaux","FR","France","Western",2.8773541,48.9582708,45989.766542442,FALSE,1.21682261643839,-0.896313102659304,-0.762322787326699,0.0812100790588686,-1.17768519824507,424.667396892988,19.8659807640778,6.85009021181602,32.9235009556887,18.6469249178733,5.65139607654491,31.8414266429779,1.21905584620454,0.217564579428583,2.17808124598936,43.1965244827768,4.67800940440074,14.8948140571541,1.61304829660426,71.5887542618965,7.7527733931468,40.5458133836466,4.39094808179308,12.2883773965877,1.3307817171491,69.2358953672721,7.49796826314914,2.65071109913013,0.287061322607662,0.47307171961354,0.0512317594946915,4.73601283446242,0.512891091222199,51.7757761196542,22.8157365636626,79.2717851542436,48.7152267162501,19.2421240359002,77.057109691092,3.06054940340417,1.49100768296799,4.67368512680954,82.7952380952381,92,78.975,93,20.2352,17.04784,20.6308,1.27990381785727,1.14658318868881,1.4287264972365,1.2630818036025,1.12648434923878,1.4162430606957
"FR068C","Bourges","FR","France","Western",2.399125,47.0811658,53318.6059792208,FALSE,-0.804458284959646,-0.522839610104183,-0.189458997498625,-0.543449473774016,-0.128159439003166,855.090767919277,38.9373353803679,18.7492602654843,58.6387742725259,35.2456805617498,15.1534346262429,55.2735037533064,3.69165481861819,1.09825653117674,6.13439798156725,73.0276695447411,4.55359089832247,35.1645732688345,2.19266316149191,109.97807087338,6.85760815956577,66.1039048460599,4.12186423758431,28.4205379115659,1.77214340216961,103.666445771008,6.46405104896705,6.92376469868115,0.431726660738161,2.05979978472196,0.12843742119321,11.5051732296938,0.717397288301253,50.5992049808721,30.5211252350643,69.3799050901132,45.3875611073217,24.4289419213538,65.8498889675801,5.21164387355036,2.7383548770942,7.34967443817648,81.4619047619048,91,76,92,21.08,17.3556,21.47,1.23356064866883,1.12158018746423,1.35672142834887,1.20252115408267,1.10693080679114,1.3063663213135
"FR069C","Saint-Brieuc","FR","France","Western",-2.7603283,48.5141134,58189.1817220642,FALSE,0.359818203117456,-0.144476174331288,0.428596383936349,-1.08269201466007,-0.22114167554283,935.037764806093,42.234951923735,15.9050692256262,66.9911463624594,40.365163627777,13.9340955311822,65.2462227396274,1.869788295958,0.230025255669677,3.43162853293667,72.5821375620415,4.51692471827526,27.3333783959971,1.70100821852095,115.126462307783,7.16453911103279,69.3688456053185,4.31695543721144,23.9461960433423,1.49021740678804,112.127754350062,6.97792380109461,3.21329195672296,0.199969281063824,0.395305877935134,0.0246006379985496,5.89736516544872,0.367004271067952,48.6355119626181,22.1759040961878,71.7735915630086,46.0583159754578,19.0380639861705,69.9265565214476,2.5771959871603,1.16720409643695,3.86944924653532,80.8428571428571,93,80.975,94,18.19,16.1165,18.48,1.37008083666907,1.22383631992345,1.53380110432187,1.14749418731758,1.06086207654487,1.24120084885693
"FR070C","Quimper","FR","France","Western",-4.1024782,47.9960325,49836.4039636364,FALSE,0.264201667045147,0.235092513223376,0.750725323975456,-0.888813858659155,1.08155521291605,737.122480991983,31.7202232836469,11.6817481958309,51.3299840746661,28.5242325792996,9.00821467448771,47.6990614786418,3.19599070434737,0.519762918954762,5.61150359061238,63.6487000683113,4.30325001632828,23.4401908379156,1.58477708889169,102.996966057422,6.96356241985576,57.2357359493926,3.86967340094052,18.0755711849929,1.22207840715493,95.7112826869409,6.47098178506926,6.41296411891869,0.433576615387767,1.04293824918429,0.0705124226105939,11.2598485129603,0.761271530215806,48.5905045956237,26.125337196045,71.5467675553855,43.062925611582,19.807577602641,67.1506238348258,5.52757898404166,2.4604616745572,8.46961502766738,80.8428571428571,93,58,94,18.1,13.21,18.37,1.41899820395826,1.26162251269752,1.59600505109211,1.21220951753609,1.09759265829894,1.3387953201896
"FR071C","Belfort","FR","France","Western",6.8628942,47.6379599,49976.0586297383,FALSE,-1.1808627504654,-1.98617627865406,-0.921483562709988,-0.687870509431915,0.856701959932954,625.063229441376,27.9143627074787,13.8394970410423,41.6070112046335,24.0587135360606,9.90781889173331,37.7226741341063,3.85564917141815,1.60527072610307,5.9162804195068,55.8554705449866,4.46584623645612,27.6922538921609,2.21409553292885,83.253886651788,6.65644837912126,48.1404780523137,3.84900477309504,19.8251305993099,1.58509066364182,75.4814908746312,6.03501731621924,7.71499249267297,0.616841463361071,3.21207948389082,0.256817334709917,11.8382293076355,0.946509111533281,49.310464022931,29.9325545320448,68.07955358245,42.2819719567981,22.0830533369527,61.186394947548,7.02849206613296,4.50535377005674,9.37191979889863,81.3428571428571,90,69.975,92,19.684,14.56491,20.3752,1.16962016230416,1.082418471469,1.26384698721171,1.27104092707853,1.1588453190158,1.3940989464243
"FR073C","Hayange","FR","France","Western",6.0636733,49.3304353,50776.0845340195,FALSE,-0.969625788521796,-0.99554238646169,-0.636117359299624,-0.66104681180393,-0.144562568073309,641.717445406236,29.3755327101425,14.5889034730455,44.1088575780417,26.126879928192,11.3813763393355,40.9070830198286,3.24865278195042,1.30511090543806,5.14458560764863,57.853087688282,4.57764284272284,28.7318402096779,2.27341543813103,86.8693558844405,6.87356373023626,51.4550898675287,4.07139935422085,22.4148365195628,1.77358063440687,80.563681495412,6.37462536084437,6.3979978207533,0.506243488501995,2.57032600566838,0.203377812895809,10.1319068905398,0.801690158881667,54.675467309853,34.1339733783924,75.8190675039251,48.5621269282357,27.3013958878576,70.7350146688244,6.11334038161733,3.95397718146556,8.14168724668971,80.4333333333333,91,75,92,19.5996,15.55,19.8852,1.18040408285022,1.08633842233897,1.28261485569982,1.29527979470842,1.17681107466423,1.4256746751458
"FR075C","Vannes","FR","France","Western",-2.7599079,47.6586772,45893.2787064586,FALSE,0.760614866618037,0.0372833902102197,0.534718711806398,-0.0659610719185388,0.154481139643032,664.48175272242,33.2359956978864,15.6798301580948,49.8156153786696,30.9530109627938,13.2382993716812,47.6467198894385,2.28298473509266,0.869713097714889,3.64136502276468,72.4201814180016,5.00179208258415,34.1658530400187,2.35970816261751,108.546647314738,7.49691246969118,67.4456300252039,4.65821835377383,28.8458348255213,1.99227432769118,103.820692773326,7.17050839909858,4.97455139279768,0.34357372881033,1.89507727978584,0.130885926385732,7.93441899423985,0.548000755151786,54.1375053703457,30.230862465015,76.1423842215072,50.1058881904257,25.9368859227589,72.5412075413056,4.03161717991997,2.47106487727876,5.5453785541326,80.8428571428571,93,85.975,93,19.32,17.91575,19.32,1.4482739512208,1.29895937614142,1.61475214414738,1.23171780622407,1.11822718100077,1.35672677247182
"FR076C","Annemasse-Geneva","FR","France","Western",6.2341093,46.1934005,45961.8752590169,FALSE,0.707420554420245,-2.04612341885068,-1.07641448973122,0.509965242170765,-0.387176558391787,429.983150729436,21.0996472195797,10.6316709562737,31.0299285934914,18.2759688283135,7.91207784958094,28.3446282992766,2.82367839126628,1.2699166466046,4.23881249966264,45.9068458383677,4.90708698324241,23.1314995229399,2.47257850411995,67.5123206323133,7.21654523923817,39.7633228090015,4.25039185775293,17.214436541139,1.8400902072927,61.6698690807135,6.5920323275905,6.14352302936623,0.656695125489479,2.76297831506661,0.295341025444899,9.22245333937079,0.985808977042891,48.2092654724467,29.8372569148727,66.0746425000727,41.7666485025728,22.5841355755224,60.4140686921909,6.44261696987397,4.31908869734983,8.50132887825242,82.5,90,75.975,92,19.85,16.08525,20.57,1.20758338229237,1.1218279796738,1.29989414741886,1.29694459313709,1.17590615779221,1.43044176316385
"FR077C","Saint-Louis-Bâle","FR","France","Western",7.5615765,47.5860467,26500.5958388111,FALSE,-0.616091282458616,-1.21819791061467,-1.06685382820764,-0.41217084523708,-0.75178465696923,316.697650695154,15.2892572631533,6.99686178333665,23.2154994430077,13.5395804344495,5.23149216816396,21.542865571576,1.74967682870378,0.626926075009089,2.81237150053456,57.694013206909,4.8277141398407,26.4026583624565,2.20931913071615,87.6036885518164,7.33049310345356,51.0916075880085,4.2752386715626,19.7410360128667,1.65188853048982,81.2920045368401,6.80234460984766,6.60240561890053,0.552475468278098,2.36570558195123,0.197957286273827,10.6124840273053,0.888030427242319,53.0846844592233,29.4572543159748,76.6903787004188,46.9199935638282,22.0242359488286,70.8401589664734,6.16469089539508,3.59937975088713,8.6429884124846,81.3952380952381,90,77,92,20.15,16.56,20.81,1.17895963926853,1.09009138090434,1.27507276488241,1.21439533301296,1.10984313350163,1.32879681851137
"HR001C","Zagreb","HR","Croatia","Southern",15.9771774,45.8131847,630723.113471488,FALSE,-1.3879311553409,-0.252759476633141,-0.241727753504737,1.04592134818983,0.13500967646848,8882.25718006531,766.495453158256,501.013980987744,1018.59039114432,609.771875708775,362.415516318061,848.039336413647,156.723577449481,91.4016446113084,216.140636803927,121.526456980382,8.6295120442867,79.434853470039,5.64061556461328,161.495649895882,11.4676975738821,96.67821944127,6.86505539467268,57.4603195248916,4.08021867607527,134.455091037659,9.54756566064001,24.8482375391124,1.76445664961402,14.4915641521738,1.02903623210149,34.268703998224,2.43339764231346,134.161189530781,93.7141309076045,170.280890719088,107.011390982651,67.9226079778984,141.762980841663,27.1497985481292,18.0409990346688,35.0848154213269,76.69,78,76,80,19.22,18.72,19.72,1.26144313356686,1.1305040209148,1.40754809340294,1.4863849823153,1.24623593395435,1.77281063357092
"HR002C","Rijeka","HR","Croatia","Southern",14.4412309,45.3271752,103203.654699243,FALSE,-0.257220580693512,0.502508676024114,-0.144084019242376,1.28749749535815,-0.493498539650851,1636.04544122223,138.137788588647,93.1216048233116,181.656335492035,110.378925898063,68.5513622627767,150.974877233082,27.7588626905843,16.6230279772686,37.7774373781447,133.849706186481,8.44339558719401,90.2309177855064,5.69187153834454,176.017347468382,11.1033795831689,106.952535954013,6.74669071634113,66.4233863253679,4.19006468497381,146.288305073163,9.22803691322253,26.8971702324685,1.69670487085289,16.1070148394566,1.016049283133,36.6047476596019,2.30907017777712,132.702031892093,94.9415521940391,169.30896627341,106.266257383899,69.8864442473081,140.096286933253,26.4357745081944,18.0860155854874,33.6822812094173,78.07,78,76,81,17.75,17.2056,18.5236,1.33210675035911,1.19422829130435,1.48590383201705,1.45958538887451,1.25020079056747,1.70403788214608
"HR003C","Slavonski Brod","HR","Croatia","Southern",18.0121385,45.1665803,43646.7352872141,FALSE,-1.85725535581478,1.82073638075714,-0.256151773602286,2.04583720351514,-0.0479685455766137,775.631755765199,78.2826986404926,53.0173980505358,102.043167569873,63.1954765229657,38.695091254738,85.0390831603043,15.0872221175269,9.45209962017571,20.4968162356932,179.355221244748,10.092766065678,121.469332589617,6.83538259702009,233.793356818981,13.1561358610443,144.788553157785,8.14761335559556,88.655178904236,4.9888482475248,194.834923163693,10.9638475382444,34.5666680869635,1.94515271008245,21.6559143724653,1.2186323664444,46.960708746749,2.64259632014061,189.895872173328,136.168301852278,241.113422806421,153.73368496122,100.023355769666,202.236580678763,36.162187212108,24.8992168583742,46.7472951738888,76.69,78,76,80,19.99,19.49,20.47,1.36239608407911,1.19247455342694,1.55653056459775,1.46407455393795,1.21790572940143,1.76000017714187
"HR004C","Osijek","HR","Croatia","Southern",18.6953685,45.5548793,83680.5735879003,FALSE,-1.84857318305521,3.09087240751462,0.703142602048861,2.58029695628248,0.666797414714903,1435.23932119006,146.642009039046,99.2351032505103,189.99123968125,115.980247662877,71.9845310540582,156.440005822905,30.6617613761689,19.590171824486,41.4629841061089,175.240205404435,10.217251358293,118.587981649374,6.91418509689572,227.043424220411,13.2375999511855,138.598772319657,8.08089953713851,86.0229895274842,5.01550716952005,186.949012315955,10.8999247382095,36.641433084778,2.13635182115447,23.4106567205924,1.36494113108903,49.5491155573343,2.88892475937246,197.914133527315,139.597671215275,248.087348142904,157.187530099562,103.832268063844,206.669526434151,40.7266034277531,28.8913169323802,52.5939294788233,76.69,78,76,80,20.45,19.95,20.918,1.47047252138211,1.28482318400428,1.68294708801944,1.48404906549955,1.22726755600333,1.79455703692056
"HR005C","Split","HR","Croatia","Southern",16.4399659,43.5116383,135723.658102547,FALSE,-0.222846460507167,1.81057573889338,0.618338171631312,1.66207427615404,-0.70075359489021,1938.6264225181,174.854563267514,119.987595548463,225.085357514343,140.153709319473,88.4424778237131,186.489299364969,34.7008539480417,19.8652765968727,47.3017216568534,128.831307461077,9.01950789675063,88.4058072306047,6.18930982033196,165.840915770394,11.6105586357364,103.264022852654,7.22953673237496,65.1636413725966,4.56212072611877,137.403678895882,9.61966148809302,25.5672846084233,1.78997116437567,14.6365614326894,1.02470885396628,34.8514933344296,2.43996063952397,137.408351678631,99.9760364295415,169.599750616747,110.421296796742,76.7682353642987,140.24845232663,26.9870548818885,18.0030587009372,34.4089052224031,78.07,78,76,81,20.4868,19.98,21.25,1.37946684839556,1.2455855229384,1.52773836142,1.41595080940519,1.22283416177293,1.63956549246904
"HR006C","Pula/Pola","HR","Croatia","Southern",13.8455311,44.8702281,45823.8692834713,FALSE,-0.390689370805749,2.51433574068629,1.67156260809252,1.58634652068262,1.12016951728558,642.134035009593,55.485378133564,37.6691894447746,72.6216041283778,43.4499368847745,26.9456167157356,59.2211137076951,12.0354412487895,7.49312580781143,16.4028536855863,121.08400927544,8.6407782656677,82.2042966554155,5.86625025166464,158.479860526689,11.3094151951147,94.8194414050647,6.76649025216759,58.8025785187348,4.19626047626226,129.236388444954,9.22254708190484,26.2645678703755,1.87428801350012,16.3520146268273,1.16690992834533,35.7954357457607,2.55442832668748,123.366531326682,91.4625926704567,154.069498644321,96.8432854147342,64.9285184775859,126.563584070615,26.5232459119478,19.4125415170124,33.8504925234514,78.07,77,73,80,21.3812,20.37,22.088,1.43715207456107,1.30815688000026,1.57886727271945,1.50783214321899,1.29019732165234,1.76217833812633
"HR007C","Zadar","HR","Croatia","Southern",15.2353257,44.1168594,58729.0446953456,FALSE,-1.3296975174318,1.39009875942387,0.37102244846264,0.556545774206328,0.220869434299667,891.093916498452,74.7673372920577,50.2048003855543,98.0815591505992,58.609952214616,36.1457557685421,79.9599467857094,16.1573850774417,9.73647014807019,22.0010582838158,127.308962166693,8.39051147222007,85.4854708534584,5.63406386869228,167.006903755021,11.006871142832,99.7972170646613,6.57730359611515,61.5466434981985,4.05633515158274,136.150600099998,8.97323450483328,27.5117451020316,1.81320787610492,16.5786285109484,1.09264242161248,37.4619720071138,2.46899433117766,128.459282537627,93.4690392810735,160.472015257516,100.974782542278,67.1080582675805,131.616746293108,27.484499995349,18.9877350402714,34.6473877094271,78.07,77,76,80,20.9212,20.66,21.73,1.31861790725742,1.1923451666347,1.45826328985543,1.46843900989905,1.24473366293122,1.73234900767077
"HU001C","Budapest","HU","Hungary","Eastern",19.0403594,47.4979937,1414149.08073662,FALSE,-0.836409943078732,-2.17876302661068,-0.949429597257145,2.7068224787344,-0.881418049130293,21323.3886770195,1927.60224115438,1379.03044837591,2446.06973818424,1806.44738537375,1271.36962094472,2315.19421252364,121.154855780624,27.5153709334998,214.441055210775,136.308276645791,9.03984948335993,97.5166244606675,6.46721995862744,172.971136601108,11.4712993100407,127.740944005196,8.47167123732348,89.9035072230487,5.9623244701012,163.716417459867,10.85753417335,8.56733264059514,0.56817824603645,1.94571925324643,0.129038453269641,15.1639638374672,1.00566124108539,143.865053074971,111.159815016472,175.697483781156,134.834307482314,102.00028980664,166.333963396073,9.03074559265737,4.11077042726917,14.3409813510638,76.5142857142857,86,80,92,21.3816,19.828,23.26,1.34046828535468,1.21054718976084,1.48433306792171,1.37368878834753,1.18161194915358,1.59698866331153
"HU002C","Miskolc","HU","Hungary","Eastern",20.7900429,48.1030643,129314.015789173,FALSE,-3.76745363767276,0.337409440587738,-1.68097187427157,2.11447871285059,0.758324777832384,2465.72551017106,242.034415510803,159.610538641637,326.493616547955,217.921537025274,141.290055016859,296.708927373242,24.1128784855284,5.59354728741251,42.640995407927,187.167967860037,9.81595130976324,123.428645895475,6.4731673490519,252.481229165641,13.2412799073204,168.52120452323,8.83802905580337,109.261207421793,5.73016154612669,229.448390077825,12.0333316157587,18.6467633368071,0.977922253959871,4.3255537717829,0.226851985930277,32.9747670024004,1.7293488359525,210.422829554783,149.17386528789,277.752785888238,189.766477029355,128.950534291899,251.304196772975,20.6563525254276,7.24927768790815,34.1165322257433,73.0190476190476,80,77,91,18.72,18,21.68,1.32892440977703,1.16143010671158,1.52057371054512,1.33370935050933,1.10453195386297,1.61043836297804
"HU003C","Nyíregyháza","HU","Hungary","Eastern",21.7167982,47.9557802,89666.8884373661,FALSE,-2.87422010996113,1.14124985492058,-1.57276383334301,2.28404865664056,-1.0278587720382,1454.21623252262,145.928410090434,106.087536456148,183.774113722392,132.624873840175,95.4789405857824,167.89150642765,13.3035362502594,4.20639353448741,22.1669439663016,162.745036248657,10.0348494829612,118.312945062493,7.29516932101074,204.952036281221,12.6373306536127,147.908415415592,9.12002430409621,106.481826513336,6.56566323841372,187.239135151796,11.5451541987267,14.836620833065,0.914825178865035,4.69113360326499,0.289255025519184,24.7214377041595,1.52432241303268,207.932269825432,162.747884361243,252.431223857193,189.385904772247,147.705800181426,231.490500720846,18.5463650531848,9.01441169946346,27.927629645136,73.7952380952381,80,79,87,20.26,20.0224,22,1.36107241950184,1.2269621691876,1.50984127925898,1.27543923193535,1.09753493263494,1.48218082722377
"HU004C","Pécs","HU","Hungary","Eastern",18.2280397,46.0765883,121499.487033014,FALSE,-2.97439487435224,0.141046335432164,-1.2755970233234,1.25844221285704,-0.0787197285637702,2134.36772302494,186.98042736536,125.404430637073,248.301452167653,170.813640541251,112.215893081705,228.63190702345,16.1667868241097,2.02806478447081,29.5447439075449,153.894005589138,8.76045984711394,103.213958922311,5.87548383927691,204.364197932938,11.6334898381871,140.58795202554,8.00300898006291,92.359149673787,5.25757074899289,188.175203539194,10.7119267480029,13.306053563598,0.757450867051027,1.66919617028485,0.0950194646682777,24.3167643164756,1.38423869461783,164.384946631118,118.718092171477,209.290696091408,150.322400073138,107.879559853597,194.052146589261,14.0625465579805,4.92665181828927,23.4296789432237,74.1142857142857,82,78,91,20.31,19.37,22.88,1.30933431130303,1.16608063919158,1.47018677880108,1.32225793968869,1.11493184825334,1.56813715727
"HU005C","Debrecen","HU","Hungary","Eastern",21.6259782,47.531399,159248.534131777,FALSE,-3.24883182416867,0.256855024522476,-1.59905365267176,1.74032599570914,-0.445797767824331,2520.51698883898,240.343608110041,172.255231557049,309.857883055239,216.967846384922,154.139249108509,280.663344467892,23.3757617251188,6.22504966615868,39.640365680509,150.923592119949,9.53548851978776,108.167546091513,6.83412301205694,194.57502999609,12.2934256911305,136.244799720029,8.60806919158532,96.7916282236918,6.11538227240872,176.242340940887,11.1351498803892,14.6787923999197,0.927419328202442,3.90901536400171,0.24697511239653,24.8921385032699,1.57270773639056,175.260907583131,131.266461125965,216.767866863275,158.454474549513,119.373926606236,196.442100434911,16.8064330336182,6.83590955888181,26.2444677751672,73.7952380952381,80,79,89,20.398,20.13,22.7284,1.30403972794923,1.18010130207743,1.44099460705309,1.28462432356327,1.10247347121428,1.49687017037496
"HU006C","Szeged","HU","Hungary","Eastern",20.1486016,46.2546312,131217.269306582,FALSE,-2.35181832244314,2.08129404736369,-0.370757757634373,2.59794795921371,0.23521011703259,2234.40590676655,214.630211324739,145.55477517148,283.898879905836,193.876436755455,128.467491111399,258.991715363195,20.7537745692842,5.06061639129372,35.4505135001726,163.568570249139,9.60569476990571,110.926538816624,6.51424948039611,216.35786311215,12.7057881043946,147.75222634947,8.6768673573736,97.9044083071422,5.74951447820446,197.376242267376,11.5910772782545,15.8163438996693,0.9288274125321,3.85666949025579,0.226485992360136,27.0166523716817,1.5865744622683,174.961752686945,126.096519166956,225.399433045514,158.17069916645,109.769308769341,206.103108195584,16.7910535204957,7.2960623945545,26.6347952476819,74.2619047619048,81,78,91,21.26,20.5068,24.15,1.44951824367953,1.29410329920493,1.62359769892455,1.29729605577772,1.10571190107969,1.52207555575105
"HU007C","Gyõr","HU","Hungary","Eastern",17.6346815,47.687609,102607.774215126,FALSE,-2.01392319852463,0.603855970423472,-1.281947343736,1.47646379809799,-0.91407609219189,1535.4750599218,131.887344214615,91.8897583722656,170.280334141201,122.684723398474,84.5473084203753,158.759778831754,9.20262081614062,0.496943868746447,17.2749412888041,128.535430403258,8.58935111725824,89.5543822825851,5.98445137734411,165.952663376358,11.0897492629983,119.566693982909,7.99001733083977,82.3985405268754,5.50626386759295,154.72490271439,10.3394566916534,8.96873642034818,0.599333786418472,0.484314051783797,0.0323641771668864,16.8358990543793,1.12505515326858,157.519018302766,117.436350209547,194.695209198199,146.680765967232,106.753288095934,182.576212626721,10.8382523355345,3.79519153493284,18.0936248258342,75.0571428571428,84,80,92,20.84,19.71,23.26,1.33852415313054,1.21538840794026,1.47413526145948,1.24698470248141,1.08800910501941,1.42918918697369
"HU008C","Kecskemét","HU","Hungary","Eastern",19.6928069,46.9080791,87668.742640545,FALSE,-2.66915576258046,0.513967726240628,-1.54424041052969,1.43499977891717,-1.22266186539952,1547.80795756089,142.879758702498,102.628010086441,182.164434541998,130.506870017686,92.7754161003147,166.874642157375,12.3728886848124,2.87810076532579,21.7335365355227,162.976854006367,9.23110376869075,117.063399103637,6.63053898806461,207.787210190638,11.7691883965413,148.863626974535,8.43172238391546,105.824964868845,5.9939875387716,190.346795369915,10.7813531609144,14.1132270318317,0.79938138477529,3.28292693454774,0.185946890327483,24.7905192670933,1.40414942495654,175.796959293857,135.506593254464,215.291114477729,160.727259927133,119.971916797566,197.233497352677,15.0696993667233,6.84912770899832,23.4519803510104,74.2619047619048,81,79,91,20.69,20.14,23.47,1.31116536665112,1.18111890246208,1.45553052713129,1.29437929093861,1.10500410762006,1.51620952108424
"HU009C","Székesfehérvár","HU","Hungary","Eastern",18.410811,47.1910169,79319.3430798072,FALSE,-2.18082435599221,0.884205613172045,-1.30000511735132,1.44859789435742,-1.50856961215016,1316.52952955905,116.065381025153,80.3298375952445,149.011647406229,107.72365306973,73.8173942245111,139.089805084592,8.34172795542366,0.622690752993732,15.9057318524223,146.326704834625,8.81601045925854,101.273957241956,6.10163583813798,187.862936858038,11.318519187043,135.81006711231,8.1823955066021,93.0635471227235,5.60696836395571,175.354207037048,10.5648830475665,10.5166377223153,0.633614952656441,0.785042751006159,0.047297894882942,20.0527780927519,1.20815610248785,172.631391032438,127.725486381672,213.13876220719,160.41184322565,118.327387787359,199.188806822303,12.2195478067881,3.85798912698102,20.3760243318055,74.3095238095238,83,79,92,20.67,19.6,23.3152,1.33569914850141,1.20603214139585,1.47930735348603,1.26604297038019,1.08696300739969,1.47462681980649
"HU010C","Szombathely","HU","Hungary","Eastern",16.6187625,47.2291184,63015.1954246497,FALSE,-2.06305711916724,0.187926772212768,-1.30080409125817,0.461646788381561,-1.51307291150024,1068.77744304007,86.5401884423815,57.1169113908859,113.783263345342,81.4518864130809,52.3610570961853,107.864314032116,5.08830202930058,-0.244395871339959,10.3467588636265,137.33225432247,8.09711965816036,90.6399020204314,5.34413518575207,180.564802788556,10.6461138458997,129.257532035232,7.62103344746834,83.0927473021899,4.89915439712569,171.171910687946,10.0923082475714,8.07472228723771,0.476086210692023,-0.387836409445393,-0.0228668627815338,16.4194664380572,0.968092930011301,154.055504367342,109.325702365941,194.070098718782,145.086225998981,101.216198009214,184.468165154344,8.96927836836103,2.28168890939239,15.6526153708787,75.0571428571428,86,80,93,20.53,18.928,22.66,1.28856638587946,1.16116146689474,1.42995042305255,1.24021154365053,1.06690293119907,1.44167255335531
"HU011C","Szolnok","HU","Hungary","Eastern",20.1946279,47.1753833,56448.4059974297,FALSE,-2.59626575173147,2.68880530777971,-0.13971992231939,2.61448377144647,0.192389169234481,1073.7435007322,103.950062248128,69.6731341258547,138.599786394659,94.7730103452073,62.1702684131957,127.114383795621,9.17705190292109,1.36367063132752,16.8100675801957,184.150571502164,9.68108884265597,123.427992154512,6.4888061327816,245.533569895614,12.9080908336252,167.893156007847,8.82641061674232,110.13644639678,5.7900484026959,225.186843719572,11.8384310320799,16.257415494317,0.854678225913653,2.41578235422557,0.127001526006687,29.7795257158566,1.56555709708443,194.686654792237,137.314582915975,251.952909820329,177.637331722612,121.493320542827,231.139368254336,17.0493230696248,6.16205223382274,28.9979043785428,73.7952380952381,81,78,91,20.97,20.18,23.7896,1.48990890965335,1.31738569447699,1.68502555354201,1.30612468991913,1.09385199692724,1.55959097794638
"HU012C","Tatabánya","HU","Hungary","Eastern",18.3980308,47.5837788,52308.3156089194,FALSE,-2.82593451231965,-0.247956091485878,-1.67197670667649,0.665913789103,-0.233755900033794,917.779515052598,71.7092647284128,45.7138632199923,97.0651074584575,66.2687157355286,41.2453342476624,90.1497485108586,5.44054899288414,0.196265680968514,10.650922265371,137.089607825539,7.81334335233045,87.3931088926086,4.98091997808128,185.56343542805,10.5760812773093,126.688682218299,7.2205485793318,78.8504347110528,4.49403517633521,172.343053798289,9.82259322988835,10.4009256072402,0.592794772998648,0.375209330837348,0.0213848400132647,20.361814639573,1.16050991449298,161.999618832463,113.270417439138,210.376696043568,149.932037975344,101.295297887501,197.427560622121,12.0675808571184,3.80308150467871,20.6740950206786,74.3095238095238,83,79,92,19.8648,18.81,22.49,1.26671349302112,1.14004730109533,1.40745306958766,1.26261724823797,1.08881630622785,1.46416094838905
"HU013C","Veszprém","HU","Hungary","Eastern",17.9140147,47.0928058,47947.4522700205,FALSE,-2.79466161134365,-0.0192972644488525,-1.44278967919123,0.384587793018034,-0.819292520323062,816.575735725771,65.8776394754809,43.363691471913,87.5802178826504,60.7171124969461,39.0495494304622,81.6137904702493,5.16052697853487,0.422802233829904,9.86079558477002,137.395495186032,8.0675480048313,90.4400326167621,5.31043105675574,182.658751896627,10.7253025103433,126.63261471123,7.43557637589866,81.4423865746839,4.78210994057459,170.215072139044,9.99463820679305,10.7628804748016,0.631971628932643,0.881803336387623,0.0517774672124097,20.5658384709119,1.20757881398542,151.885877712539,108.436867532703,192.384928122099,140.129555267438,98.1350211737115,179.734061479803,11.7563224451005,3.98836642825853,19.2565694770541,74.3095238095238,83,79,92,19.8,18.71,22.32,1.26849707606957,1.13133077258381,1.42229387813973,1.266748691802,1.08415601186941,1.48009348342326
"HU014C","Békéscsaba","HU","Hungary","Eastern",21.0985425,46.6798003,47868.1024051055,FALSE,-2.67360533239989,1.65615453603598,-0.608242280374681,1.6414024202125,-0.374961926876645,961.658745256477,87.8453596865534,59.3383922137369,114.037794577164,79.2256912632203,52.4856325918438,103.925385627281,8.61966842333307,2.09109301643156,14.9271963463116,183.515441959913,9.13477469215182,123.962282255434,6.17042090101424,238.233372219496,11.8584472027809,165.508318238181,8.23844130301031,109.646361469816,5.45782304281399,217.107803329586,10.8068882168346,18.0071237217327,0.896333389141507,4.36844769557551,0.217446472227927,31.1840152341603,1.55223424317017,184.26404588548,132.818735119949,232.096105409628,166.285785115849,116.625387011261,212.305260646901,17.9782607696318,7.30927746485843,28.4866480314937,74.2619047619048,81,78,91,21.04,20.28,23.7196,1.37165777147772,1.24001538894156,1.51727555870187,1.2734964035755,1.09286580576234,1.48398191376153
"HU015C","Kaposvár","HU","Hungary","Eastern",17.7886886,46.3564692,49812.1641498641,FALSE,-2.84127160013512,0.801656476027035,-1.05503176226255,1.03532446408632,-1.04011920712713,918.280135285952,80.3968096128067,55.7008837711482,105.162251959005,73.7279816415857,50.3208038114247,97.2256142728376,6.66882797122098,1.0859972425637,12.1004051468204,161.39995317394,8.75515069132702,111.821850589682,6.06578337380706,211.117613044507,11.4520883026896,148.01200248953,8.02892045776716,101.021115364573,5.47989680684477,195.184481405638,10.5877945669119,13.3879506844096,0.726230233559861,2.18018482251922,0.118264263903032,24.292068721237,1.31772480769742,172.637231273457,127.132273574894,215.792121129037,158.48115829251,114.095225580727,200.1760404562,14.156072980947,5.59572036754591,22.7128636913063,74.1142857142857,82,79,91,20.5192,19.8,23.11,1.31854505861737,1.18423482316832,1.46808811697744,1.26818842541923,1.08966254806134,1.47596325599031
"HU016C","Eger","HU","Hungary","Eastern",20.3743665,47.8989887,42286.0544861726,FALSE,-3.74805182991303,0.238978097714298,-1.75050641987739,1.53284886549407,-0.366172971910899,796.209218518581,78.2950595307288,55.2760988780161,100.606033596608,70.5565187756081,48.942730889839,91.4151448657889,7.73854075512075,2.29529402306568,13.23082391325,185.1557457467,9.83347814992695,130.719452428675,6.94240880316134,237.917759930772,12.6356278295539,166.855289841902,8.86155512076146,115.742013494882,6.14696862979072,216.182724958843,11.4812969681355,18.3004559047977,0.9719230291655,5.42801651976359,0.28827775033003,31.2888588779936,1.66172704428959,192.424743952409,142.925043263832,237.901401879467,173.558975970074,125.881729728523,217.772282097708,18.8657679823351,9.22528904733304,29.6285004792801,73.0190476190476,80,78,90,19.22,18.68,21.86,1.28610492708,1.14124095868742,1.44935727277249,1.32465338072516,1.10826138546761,1.5832966862111
"HU017C","Dunaújváros","HU","Hungary","Eastern",18.9397061,46.9670241,35405.3373350483,FALSE,-2.45357290729427,0.42951306404778,-1.29345943616987,1.16259051543535,-1.14249766210867,587.652018987246,50.9550159806048,35.197707883154,65.6159747487146,46.9934807468845,32.206181787371,61.0964783363283,3.96153523372033,0.527057586942753,7.49703664519187,143.919024124545,8.67095055138586,99.4135645427425,5.98954938397274,185.327918578424,11.1657873415966,132.729933631687,7.9968211166657,90.964199783205,5.4804851760528,172.562904169389,10.39671035958,11.1890904928584,0.674129434720159,1.48863879464018,0.0896887222222223,21.174877036888,1.27576123334217,169.836859398821,128.051279164332,209.779066384058,156.847769803743,115.426548897553,195.574329773919,12.9890895950781,4.48081300836539,22.0064769085134,74.3095238095238,82,79,91,20.67,19.9524,23.2196,1.30618619504728,1.18032322886152,1.44547047318363,1.27455097018975,1.09644517337345,1.48158814965054
"HU018C","Zalaegerszeg","HU","Hungary","Eastern",16.8456316,46.8415803,47204.7300657331,FALSE,-2.36686569198035,0.327364104115103,-1.02206474283506,0.343617511995033,-0.433897571120473,837.003571142916,64.3672818725562,38.900963274824,87.5701142651289,60.1881833815633,35.2191038949891,83.5992243473399,4.17909849099289,0.0451350547094242,8.03452524774638,136.357695050738,7.69020397184967,82.4090365958115,4.64764603354145,185.511312411249,10.4623346045648,127.504560025554,7.19091118086595,74.6092687024079,4.20776029030532,177.09925304292,9.98791728369646,8.85313502518381,0.499292790983722,0.0956155339657132,0.00539245664720318,17.0205935645818,0.959915288864939,142.970358677869,94.8575604361682,189.1337114213,133.762831692303,86.7610690253679,179.542649139923,9.20752698556614,2.36964343535932,15.4769708548567,75.0571428571428,86,79,93,21.13,19.22,23.2516,1.30255102169654,1.16950726878063,1.45072990088524,1.26999160501558,1.08340775750581,1.48870881312793
"HU019C","Sopron","HU","Hungary","Eastern",16.5983457,47.6803063,49308.5568428571,FALSE,-2.45216697265367,0.398989960409633,-1.02775346945489,0.451071997839599,0.0111737835826985,737.87839032749,58.1456564165973,35.3651106732262,80.1446799863616,54.3713662703828,31.912465287136,76.542578499651,3.77429014621456,0.300781550375559,7.19197089608653,117.922040594097,7.88011373944571,71.7220558410019,4.79281018888901,162.537062769403,10.8615025235786,110.267608203705,7.36860802309868,64.7199336797439,4.32489495633181,155.231836826186,10.3733324492237,7.65443239039211,0.511505716347031,0.609998689140565,0.0407630246824364,14.5856446762513,0.974682412490024,145.150702703469,96.0642732034112,193.939724165239,135.848783293239,87.2550375982296,182.023773979346,9.30191941022948,2.56847266243631,15.1622670434095,75.0571428571428,87,79,93,20.6644,18.53,22.46,1.33118345563871,1.17904046300843,1.50295892987818,1.26569831644752,1.07888321924708,1.48486156766446
"IE001C","Dublin","IE","Ireland","Northern",-6.2602732,53.3497645,893652.628167454,TRUE,3.32895365238113,0.0823343562281014,1.31389046057484,-0.304368347688868,0.126074225423323,7184.25314948368,956.79403309952,820.574503578647,1097.16144073205,952.073266299565,815.680439392798,1091.94183414021,4.72076679995491,-0.77396828726521,9.97069057249281,107.065542353022,13.3179331684364,91.8225357051025,11.4218484023996,122.772697819053,15.2717536242567,106.537287117021,13.2522232511808,91.2748884390854,11.3537263014099,122.188622259118,15.1991001906535,0.528255236000977,0.0657099172555492,-0.086607285971097,-0.0107731210351466,1.11572329764631,0.138785345742019,157.791370622496,138.199224280269,178.022978700271,156.968049574849,137.331944147683,176.965238640544,0.823321047647131,-0.0287338371557833,1.64682127582252,80.3333333333333,96,95,97,16.7976,16.53,17.2132,1.64650905219364,1.58306816064477,1.71249231482961,1.05777356777598,1.0104865138652,1.10727348196433
"IE002C","Cork","IE","Ireland","Northern",-8.4654674,51.897077,82779.7770325901,FALSE,2.39980727279652,0.433991403609941,0.855097451349309,-1.57926336110294,0.182149089551784,793.458768071564,75.9402352838557,52.0080803541178,99.8142088202524,75.5660013366778,51.1264414203183,99.7719813073793,0.374233947177965,-0.576312977329379,1.24971781249581,91.7376658962954,9.57078531861488,62.8270360448572,6.5546040256785,120.578011198262,12.5796339818441,91.2855821137665,9.52362042962039,61.761994599466,6.44349063588734,120.526999327504,12.5743120275634,0.452083782528952,0.0471648889944855,-0.696200204915371,-0.0726330088619551,1.50968975430292,0.157502552468246,121.414300443629,96.0248353033151,147.497048494613,120.787752047437,95.1854701618815,147.040057424958,0.626548396192811,-0.353214203582463,1.50570695664618,80.052380952381,95,93,97,16.47,16.08,17.04,1.49275770272867,1.35898935103935,1.63969317151129,1.10719899743336,1.01317167280931,1.20995252119346
"IE003C","Limerick","IE","Ireland","Northern",-8.6301239,52.661252,36988.0153556127,FALSE,2.35329072651475,2.49433556250566,1.42910260689172,-0.601967041843836,1.11250639796529,376.238543029522,36.784593609428,21.2521108467429,51.2628526990921,36.4253725109549,20.7902311590085,51.0393538148463,0.359221098473151,-0.211104127930174,0.875924514108626,99.4500333574837,9.77693388700522,57.456748199165,5.64857355538806,138.59314214682,13.6250933480437,98.4788509487507,9.68145693358607,56.2080202441943,5.5258110962271,137.988895387169,13.5656898423725,0.971182408732946,0.095476953419141,-0.570736563993938,-0.0561091179628583,2.3681306111919,0.23281094676148,125.906783679623,83.2602378169413,165.655245702703,124.638778162289,82.045903410538,164.03857108247,1.26800551733415,-0.205639407044269,2.5765394767495,80.052380952381,96,92,97,16.9076,15.92,17.3332,1.68682418432721,1.50350821227901,1.8924910456712,1.05652482066718,0.982720530805549,1.13587196124906
"IE004C","Galway","IE","Ireland","Northern",-9.0490601,53.2744122,46181.7076263925,FALSE,2.76798727448971,1.84933621834796,0.699260593157651,0.148369383463323,-0.215186933898746,445.776556176909,42.0286753194318,26.8349487539802,56.0842370166056,41.7041672882233,26.2697696692899,55.9082032996285,0.324508031208541,-0.185999809651726,0.813198382154435,91.0071919805165,9.42819328137851,58.1073116028396,6.01982055407386,121.442536231713,12.5812441770375,90.3045154276402,9.35539716262529,56.8834956944662,5.8930352673963,121.061359947802,12.541754949859,0.70267655287629,0.0727961187532164,-0.40275645750576,-0.0417248971652764,1.76086685389195,0.182422868786243,109.010864404707,83.4092803691537,131.86157531044,108.15081269797,82.6750036605386,131.09388673623,0.860051706736852,-0.0391360446829351,1.72250166681835,80.3190476190476,96,92,97,16.8076,15.77,17.2232,1.58223513823166,1.44437488092507,1.73325364883912,1.04074935124682,0.984344515093693,1.10038629312378
"IE005C","Waterford","IE","Ireland","Northern",-7.1119081,52.2609997,30713.8505212052,FALSE,2.18349792858326,2.11978364124948,1.33626321812434,-1.18743006465943,0.511918365447174,292.177028600332,28.0255032440447,18.5458884781328,37.0878726016258,27.9892578294377,18.3517716839292,37.2414351737843,0.0362454146069938,-0.25832732950304,0.320695618113764,91.2471174029306,9.59195983965622,60.3828180557448,6.34748343049981,120.752924079057,12.6936305633932,91.1291074042104,9.5795545472961,59.7508009334712,6.28104535522283,121.252902328454,12.7461886213946,0.118009998720185,0.0124052923601238,-0.841077641257282,-0.0884146610500326,1.04414006277836,0.109760722685849,118.906952461086,87.8481459774192,148.464932928,118.736069548839,87.4699320503844,148.304334419287,0.170882912246827,-0.689295433107732,1.01697446992998,80.052380952381,95,93,98,16.45,16.13,17.29,1.65722494592728,1.49298038499516,1.83953824779325,1.07039127691233,0.987861550494791,1.15981585184294
"IT001C","Rome","IT","Italy","Southern",12.4829321,41.8933203,2158892.1512216,TRUE,1.03613643243798,-1.02408580212827,2.92218658433003,1.09079998758735,0.958902572836567,25574.7568212731,2181.04510179568,1807.12086185053,2553.24115911463,1722.11497161501,1334.36535154683,2102.9408318993,458.930130180669,349.91843574458,565.730347592965,101.026125856335,8.52811667785435,83.7059350476574,7.06603341130252,118.266267153266,9.98344256783255,79.7684576619801,6.73365140341259,61.8078745059953,5.21750944054687,97.4083318941783,8.22272073433783,21.2576681943554,1.79446527444175,16.2082406731888,1.3682180369884,26.2046599814099,2.21206540318847,90.3212348981118,75.4360142136217,105.052900652878,71.148170745628,56.1454616728617,86.2884764589082,19.1730641524838,14.9072678542411,23.3196559889353,81.7428571428571,75,66,78,21.29,19.05,22.06,1.51888396661521,1.43035014883607,1.61289772711811,1.54786873229188,1.43969096607737,1.66417492980096
"IT002C","Milan","IT","Italy","Southern",9.1896346,45.4641943,3144159.42585118,TRUE,2.14308634284895,-3.05084599604489,2.49415143342919,1.79677344562229,-0.000755591383297401,38435.5951550398,3013.23316058476,2306.00197022188,3692.84576466926,2476.8871959403,1791.51276067058,3144.67260904383,536.345964644464,398.201068978793,668.768648341491,95.8358897392435,7.83969429491105,73.3423996016872,5.99965204368511,117.450970657111,9.60787975253984,78.7774047198566,6.44425352579853,56.9790687438056,4.66107719535514,100.016321792987,8.18166753073288,17.0584850193869,1.39544076911252,12.664786197061,1.03602160282037,21.2701888728319,1.73997214208299,80.4735189290022,61.9177180851602,98.1985218428836,65.9827672343019,48.2224656003082,83.0166476440435,14.4907516947003,10.8915636946616,17.9416891635424,82.2761904761905,78,76,83,20.11,19.6,21.47,1.40801353480383,1.32303683373812,1.4984481638273,1.73965348406702,1.58440397495143,1.91011528150155
"IT003C","Naples","IT","Italy","Southern",14.2487679,40.8358846,2368875.05699457,TRUE,1.60665092108528,0.202839354997339,3.47838054531242,3.42116260480634,0.556543171224894,28007.8243539402,2423.32527862733,1853.85309968465,2976.05642479646,2037.58907530791,1464.32483629731,2585.22619812033,385.736203319422,254.324949775735,509.977085169871,102.298568743505,8.65231532447256,78.2587960564144,6.61905429089083,125.631633294001,10.6258036582473,86.015050447322,7.27507088575858,61.8151992429321,5.22827056394085,109.133075232775,9.23037136141079,16.2835182961828,1.37724443871398,10.7361065339766,0.908049645562549,21.5282390544011,1.82083791559527,110.71174239251,85.4861419940723,135.052021406228,93.2122925651321,68.3352266007546,117.909928564294,17.4994498273784,11.7738996753543,22.9768855336114,80.3142857142857,78,76,84,22.1,21.6,23.39,1.59073488081841,1.47640291537323,1.71392066129364,1.45915510819615,1.33976788113849,1.58918097660743
"IT004C","Turin","IT","Italy","Southern",7.6824892,45.0677551,720649.713295238,TRUE,1.39830823030187,-1.18417307831334,1.19914168966068,1.83442083027041,0.772353408744382,10182.2115161849,911.715390815736,735.015614057293,1084.68938122667,743.991778827764,562.452690354411,915.667080556663,167.723611987972,129.356296129923,203.426067770606,126.512974888567,8.95400168584731,101.993465132507,7.21862448927686,150.515480852247,10.6527877514872,103.239030711022,7.30677984488113,78.048000294421,5.52387552999048,127.061325865196,8.99281142511314,23.2739441775451,1.64722184096619,17.949954567862,1.27041454525186,28.228148019434,1.99785741483817,97.4266834751345,78.9096994663498,115.498228601282,79.2263791303833,59.6869460407154,96.9709513306259,18.2003043447512,14.1572727549103,22.0510198267502,81.7333333333333,77,76,79,18.9612,18.73,19.5124,1.44945225667608,1.36595314521102,1.53805557075592,1.5149755402652,1.42637102856713,1.60908406132411
"IT005C","Palermo","IT","Italy","Southern",13.3524434,38.1112268,528260.606517938,TRUE,0.736775831805236,1.78579998503269,2.36465889803307,2.32978724767201,0.638629056386927,6724.46573437578,653.079980346027,520.667274566972,777.251213725179,539.988154846908,407.60579816733,666.272264635598,113.091825499119,89.8458438938936,135.874787588215,123.628370597392,9.71199804034174,98.5625784210908,7.74287943658181,147.134047879981,11.5585571319344,102.220030830289,8.03020159782306,77.1599837538688,6.06153431764296,126.125676685864,9.90818142219958,21.4083397671031,1.68179644251868,17.007863691771,1.33610382509048,25.7211660138435,2.02060346435579,116.015232924044,93.2034145335863,137.508364944655,95.8248079221748,73.0160290788462,117.609186193193,20.1904250018696,16.1579055135952,24.0212486624536,81.0190476190476,77,76,79,22.26,22.03,22.68,1.6001496535329,1.48380851793278,1.72561276118612,1.55662834721915,1.4362186395832,1.68713296470613
"IT006C","Genoa","IT","Italy","Southern",8.9338624,44.40726,498065.66945296,TRUE,-0.0132256440250243,-0.435901506630652,1.7977117283296,-1.09300944690421,1.99814498419122,8543.83713221817,394.510986978579,225.155274505839,559.571100981054,304.77852135327,142.879235184156,467.998093928932,89.732465625309,41.3052452136274,135.845937528023,79.2086287360223,4.6174918935534,45.2059413677586,2.63529455233639,112.348859859313,6.54941207705088,61.1924370712033,3.56723234112192,28.6868266469929,1.67230757062735,93.963130292226,5.47761019652571,18.016191664819,1.05025955243148,8.29313236123945,0.483450756076194,27.2747040921785,1.58998744271187,49.9394691149902,30.9439870963081,68.4081013599437,37.7955811857248,18.2449037617103,56.8871881325088,12.1438879292654,6.21999046375329,17.6546494036244,81.8666666666667,74,56,91,18.09,14.01,21.93,1.23687458272512,1.15715661924064,1.32208441619196,1.4060745081876,1.28572386169657,1.53769062041534
"IT007C","Florence","IT","Italy","Southern",11.2555757,43.7698712,299104.065408805,TRUE,0.196168402334719,-0.490668021616989,1.26243292176367,-0.00267191016968654,1.31784293848139,4165.58632848063,332.891114770786,261.054568140571,403.13869876045,250.271360248104,179.463641391068,320.607621960112,82.6197545226824,65.2262218131325,99.4301762581835,111.296084964877,7.99145878924098,87.2788431624193,6.26693453345831,134.782086030644,9.67783805137202,83.6736738787023,6.00807042545169,60.0004019155619,4.30824444002163,107.18932272683,7.69657850488124,27.6224110861752,1.98338836378929,21.8072000204957,1.56583531511933,33.242669611423,2.3869431195884,77.9195273671424,61.8941463869756,93.9843957067729,58.059775098111,41.7218411935491,74.2858310233988,19.8597522690314,15.8623250704779,23.8253028116123,82.6095238095238,76,68,78,19.8156,17.74,20.3468,1.34657109947433,1.27165536780284,1.4259002650006,1.58391598732519,1.44322010730578,1.73832795302983
"IT008C","Bari","IT","Italy","Southern",16.8620293,41.1257843,255848.079129672,TRUE,0.150349097732572,1.7523604159939,1.99159066038605,1.5515102164976,0.377763360206814,2928.56440216321,244.296327783749,188.765225310382,294.710099021616,209.879658107096,155.601710292055,260.826145087173,34.4166696766532,24.4509446962113,44.0241986750006,95.4849176959942,8.34184584103041,73.7802003253306,6.44565730468311,115.18949058525,10.0632958183855,82.0329231397991,7.16663966659112,60.8180099773941,5.31324187977967,101.945711679539,8.906279981226,13.4519945561951,1.17520617443929,9.55682168081425,0.834912309872727,17.207164042333,1.5032689273448,87.6418568932911,69.084997812785,105.199963215266,75.2019539891953,56.2316060039254,92.5761211407155,12.4399029040958,8.90456654504025,15.7601498577587,82.1380952380952,77,76,80,22.67,22.43,23.36,1.4663260807651,1.37933797638844,1.55880009971279,1.44686458516159,1.35342163220168,1.5467590276279
"IT009C","Bologna","IT","Italy","Southern",11.3426327,44.4938203,309669.351870821,TRUE,-0.0205020694205891,-0.616339671568942,0.927631524143584,-0.268640608965654,0.682976010967827,4414.49355048724,331.891231372995,258.619220458224,405.602381025386,240.092957894128,167.205453909025,312.869369485714,91.7982734788672,75.5008641692805,107.708981359095,107.176002199741,7.5182176070087,83.5146322669049,5.85841201262327,130.979181044233,9.18797085977436,77.5320374598397,5.43874297579681,53.9948344577461,3.78764748428662,101.033365941951,7.08732192962842,29.6439647399014,2.07947463121189,24.3811225467271,1.71029503850894,34.7819313433465,2.43989440979491,76.5746154783694,60.2345858714919,92.7292294736729,54.7951856086691,38.3669093461513,71.3746546503698,21.7794298697003,18.0800512777756,25.3248199752075,82.4523809523809,76,72,78,21.1756,20.0932,21.74,1.26460165716232,1.19884852863347,1.3339611411298,1.81504969990709,1.64800638899983,1.99902466102221
"IT010C","Catania","IT","Italy","Southern",15.0873718,37.5023612,239437.028075184,FALSE,-0.0840717381282643,3.5484864632712,3.08528390498345,2.32834153896619,1.549342431648,2928.12030700152,293.307104414274,194.873704251401,390.461455279015,248.661527086093,155.416628712358,338.419981471925,44.6455773281816,23.3016893387341,64.6531962279796,122.498640570403,10.0169075605582,81.3882906156895,6.65524923226112,163.074800258717,13.3348843059956,103.852578310491,8.49218956241348,64.9091871719843,5.30772688337757,141.339868855063,11.5575845931849,18.6460622599119,1.52471799814469,9.73186542033811,0.795790025533332,27.0021711962104,2.20801024033696,119.960673544001,84.6695308452082,155.199516161304,101.659109318308,67.7981947401917,136.284022506044,18.3015642256929,11.0651034523638,25.0269817363728,81.0190476190476,77,67.975,81,24.42,22.03288,25.43,1.74424585051968,1.51209584915771,2.01203752311723,1.44867080133296,1.25283785218352,1.67511469020275
"IT011C","Venise","IT","Italy","Southern",12.3345898,45.4371908,217473.890904143,TRUE,0.444653532074706,1.77832677979817,1.99475504393567,0.744399507279214,1.10858226245533,2869.05308116905,204.150117910274,150.544063995927,254.398842161348,164.709115084921,111.928921376724,215.066681978679,39.4410028253531,28.2487831929751,50.7039230781463,93.8733919099552,7.1155922227514,69.2239713788369,5.24716900443629,116.979027277109,8.8669967046301,75.7374204324698,5.74088768750864,51.4677513293124,3.9012495834032,98.8931044018866,7.49608584763604,18.1359714774854,1.37470453524276,12.9895055795119,0.984603016876379,23.3149473103856,1.76727030290726,74.4164741567806,55.4198614531596,92.2478824408223,59.8018725168408,40.6856707068515,78.214085659183,14.6146016399398,10.585618046564,18.4953313596933,82.6,77,72.975,82,20.97,20.07483,22.27,1.53659138940214,1.43465637644793,1.64576907526154,1.45859844712345,1.3244892601895,1.60628665999642
"IT012C","Verona","IT","Italy","Southern",10.9924122,45.4384958,205694.073414228,FALSE,-0.185855557323777,-0.0964473037750455,0.797971811763582,-0.729680089664384,0.600688869788572,2535.48942971382,175.929949915635,113.008451878783,234.05134730318,139.437251373233,80.8428299038016,193.397940371897,36.4926985424019,21.0931008961864,51.21938001438,85.5299071069229,6.93869782511742,54.9400622016009,4.45706657477718,113.786140464945,9.23101254378321,67.7886577181218,5.49942152150763,39.3024595030504,3.18845067766369,94.0221257529532,7.62763741411953,17.7412493888012,1.43927630360979,10.2545982711466,0.831914369233524,24.9007563340117,2.02009834527928,71.0957767339638,49.6879220325448,90.117381009547,56.0782692057967,36.3607672927455,73.6617263937567,15.0175075281672,10.0359383939627,19.3884160859574,82.6,77,70,82,20.46,18.74,21.84,1.30323043728322,1.19347491470689,1.42307940597021,1.45460314792634,1.28597985758665,1.64533705988832
"IT013C","Cremona","IT","Italy","Southern",10.0248716,45.1334796,58127.2226787159,FALSE,-0.634641674966986,0.644900097063149,0.845270540630077,-0.296058103351875,0.276362123368879,863.233084678922,66.0039584515174,44.7728576854566,86.3480662167943,51.2210064450704,31.9433266386464,69.7925420767202,14.7829520064471,9.4019585768346,19.9854858270202,113.550855192821,7.64613400748739,77.0256269303071,5.18664755557994,148.550132343433,10.0028680259528,88.1187919955887,5.93362411081845,54.9541594567581,3.70042891144837,120.068599290356,8.08501704990599,25.4320631972324,1.71250989666893,16.1747940871038,1.08915642179443,34.3823167631544,2.31518997380108,88.1054214144096,65.0820528920079,109.547453893481,67.9940941677786,46.1495026262321,88.2083044113445,20.111327246631,14.7226932467042,24.9485633398766,82.2761904761905,77,75,80,21.3712,20.73,22.19,1.32302649206208,1.21153049574591,1.4447833586066,1.46757262036285,1.29819564952662,1.65904838521378
"IT014C","Trento","IT","Italy","Southern",11.1257601,46.0664228,89233.8841553493,FALSE,-1.00712103364021,-1.46522732180151,-0.1814624107448,-2.27309284260077,1.05883277214553,1078.91787347507,53.9461736788946,23.8753420284917,83.5820541817047,42.2728516458274,14.0041075218581,70.2634484246515,11.6733220330672,3.87390562118158,18.846045657899,60.4548083830785,5.00002595240544,26.7559148125017,2.21289707172909,93.6662737174983,7.74684118564987,47.3730938039564,3.91807872360769,15.6937105836143,1.29797715527248,78.7407710532114,6.51240007715701,13.081714579122,1.08194722879775,4.34129440609961,0.359054726631246,21.1198311451842,1.74675442137204,48.8338997207374,24.9068117226693,72.5567788006246,37.9208290176896,15.0297523796311,61.8087510957719,10.9130707030479,5.05113134432903,16.2397548886121,82.9333333333333,77,60,90,15.7512,11.826,18.68,1.18521499879154,1.05859930298736,1.32697479527549,1.37269296755196,1.20472309122979,1.56408223340611
"IT015C","Trieste","IT","Italy","Southern",13.7772781,45.6496485,172844.433851849,TRUE,-0.531335523675083,-0.491733970426227,1.08792991277079,-0.873696651691952,1.63132931269503,2900.08102058825,185.047840281316,126.294494242235,242.394035019709,145.3049249192,89.3666538196954,202.681586827511,39.7429153621162,26.4306246170828,52.4759727325813,107.060341000004,6.38078174256597,73.0683027666869,4.35486089339039,140.238264905582,8.3581814886862,84.0668812301738,5.01037467186783,51.703518492412,3.08152266041065,117.262432067229,6.98882498070343,22.9934597698305,1.37040707069814,15.2915682779449,0.911375386737355,30.3602329349873,1.80946574802717,69.2602142981002,48.008086502677,89.9639518893004,53.7608827708351,33.2480564483067,75.0234832482892,15.499331527265,10.5381368071348,20.2660928008311,82.0047619047619,77,66.975,81,18.9312,16.564,19.91,1.30061494620627,1.21373530519727,1.39371346540851,1.51964356973047,1.37882738705357,1.67484095595024
"IT016C","Perugia","IT","Italy","Southern",12.3890104,43.1119613,130566.262840549,FALSE,-1.10324987388418,-0.0770386846722749,0.975517483438906,-1.86546703116291,0.403560834081888,1810.09219225185,114.608473880587,67.8796260668927,160.526574068828,88.1248279489114,43.6025537880343,130.324276330512,26.4836459316751,14.6466502335503,38.1167284745223,87.7780150761838,6.33163738129865,51.9886413152449,3.75006457447047,122.946441581826,8.8684197830346,67.494332786818,4.86852704664061,33.3949619445592,2.40885817720645,99.8146638306312,7.19986953638982,20.2836822893658,1.46311033465804,11.2177908097417,0.809165980398436,29.1933977777028,2.10578934253636,62.302225401081,42.1848521654707,82.9292939155977,47.3711737121532,27.2787034744789,68.2845243089365,14.9310516889278,9.97851753465206,19.7033311282559,82.7476190476191,76,63,80,19.73,16.26,20.83,1.24313754969402,1.1378858497973,1.35812477827591,1.44928296270011,1.26015251299599,1.66679912495598
"IT017C","Ancona","IT","Italy","Southern",13.5170982,43.6170137,82164.3426243571,FALSE,-0.204832739973295,1.06737890073627,1.5306770329263,-0.894283873573944,0.0543390091144843,1164.3063910973,85.46148666363,56.1839389195008,112.791605530312,67.9557767218598,41.7667861313415,93.0562272862422,17.5057099417702,9.22579840402556,25.114795561896,104.012864868094,7.34012003344642,68.3799530611049,4.82552868807585,137.275613639335,9.6874505192754,82.7071385850956,5.83658882588585,50.8332261870492,3.58726761707272,113.256218347272,7.99241745968099,21.305726282998,1.50353120756058,11.2284698074011,0.792385790765153,30.5665386708162,2.15706069759066,73.3136324073415,53.943676378812,92.9213768744141,57.7870145072509,39.392126757466,76.0403109946052,15.5266179000907,10.3515845201433,20.6935226438679,82.9142857142857,76,68,80.025,21.53,19.47,22.587,1.33062752575908,1.22178583242842,1.44916528356574,1.51518278613461,1.28860823047501,1.78159569456761
"IT018C","Pescara","IT","Italy","Southern",14.2059269,42.469613,96870.3844952378,FALSE,0.732569986380034,1.00897704252019,1.47622947810304,1.17603442771287,0.124360721590207,1302.23681430363,109.820615143677,77.7225984309807,139.209421867628,92.033940111154,63.2859335550926,119.413367607211,17.7866750325232,9.79303441273753,25.3839173507476,113.368616957514,8.43322918976173,80.2336016688378,5.96839204492484,143.70689513932,10.6900235301726,95.0073034093081,7.06737354529244,65.3305278851286,4.85978685750292,123.271284850822,9.16986574911623,18.3613135482058,1.36585564446929,10.1094204010504,0.752016400179435,26.2040018556915,1.94925508724169,88.909172271784,68.3454933741187,107.464334741606,74.1892725699072,55.5317399036548,91.5332510069351,14.7198997018768,9.72596432696703,19.2313357001973,82.1190476190476,77,72,81,21.3912,20.12,22.43,1.47763613021095,1.34338145111089,1.62530793580576,1.43267576728568,1.2613452142749,1.62727842539724
"IT019C","Campobasso","IT","Italy","Southern",14.6602725,41.5597935,41107.0589512788,FALSE,-1.71468799410611,-0.419433562398995,0.704882370375122,-1.82255770018696,0.160642012152007,593.716386060603,39.7335934556168,23.9015919080354,55.480189633681,31.6531435795145,16.9671457326172,46.6665275378163,8.08044987610233,4.1154477764272,11.8710340900346,96.658808655492,6.69235250845192,58.1447384410648,4.02575917882712,134.965115600797,9.34456096147192,77.0017227869079,5.33135758464372,41.2755039292087,2.85778633215714,113.524364740194,7.86007067237199,19.657085868584,1.3609949238082,10.0115354428663,0.693167288801614,28.8783347504974,1.99944525176418,71.5145887266377,45.976632298684,95.9908443047772,56.4518528427857,32.679239279608,79.4687235338939,15.062735883852,9.47652015365067,20.2853600059464,81.9523809523809,77,66,81,19.47,16.7,20.58,1.21773843552879,1.09490450695587,1.35435272020838,1.38052504534682,1.2138995941448,1.57002227368938
"IT020C","Caserta","IT","Italy","Southern",14.334708,41.0820827,58946.9532653061,FALSE,-0.873820054590785,1.52551447861361,1.45201875639096,0.698107195139385,1.19352511473518,672.731924861939,57.0270712823126,39.1181829641893,74.5660557127887,45.6605049861012,29.3462472814873,61.7316636392229,11.3665662962114,6.58972671265351,15.8065484480401,96.7430344120543,8.47693846163403,66.3616706161687,5.81482482375388,126.496878264742,11.0840667667276,77.4603307834999,6.78732542616762,49.7841629734566,4.36224983488183,104.724095512424,9.17626492185453,19.2827036285543,1.68961303546641,11.1790794055033,0.979547196902523,26.8148692552414,2.34960581828846,109.949560191227,81.9135321345435,138.143229683581,88.278380371551,61.829536285509,113.745444416388,21.6711798196762,14.7208148907673,28.2814040761563,80.3142857142857,77,72,80,21.11,19.81,21.868,1.45625871054606,1.30412674953762,1.62613751523244,1.39544795562016,1.23785967551065,1.57309833688636
"IT021C","Taranto","IT","Italy","Southern",17.2432278,40.4712427,160145.99023534,TRUE,-0.151801802580182,3.07770755297442,2.62453086105361,1.16974774940994,0.487847666780944,1954.59061192393,171.847213238437,131.448185442369,209.865187294325,143.630095780341,104.180942033999,181.718279261655,28.2171174580966,19.6870397571632,36.365802081713,107.306597552584,8.79197987497166,82.0802227075445,6.72510062416514,131.046170426072,10.7370405860976,89.6869759706575,7.34834675374623,65.0537312116911,5.3300645873589,113.470389732902,9.29699949202086,17.619621581927,1.44363312122543,12.2931830689188,1.00722062395383,22.7079067220305,1.86053293512536,96.9333120498459,74.4748688039284,117.346081897888,80.9268704218834,59.2646304160782,101.818194025234,16.0064416279626,11.4107017113555,20.4008797481627,82.1380952380952,77,73,80,23.3412,22.3288,24.15,1.52859233693623,1.42901957022087,1.63510324227331,1.49942184505322,1.38074825289446,1.62829528461091
"IT022C","Potenza","IT","Italy","Southern",15.8022077,40.6384046,55463.3091767716,FALSE,-1.81706089466798,-0.27528068086711,0.582255720476277,-2.18322338715204,-0.201978302148119,783.798459791658,49.415595130538,26.6979774728787,70.629716922013,38.7404931758447,17.5424970392692,58.5755866340663,10.6751019546934,5.19332407654451,16.0564951895471,89.0960093510497,6.3046302928017,48.136286617496,3.40622989741206,127.344938429302,9.01120894531831,69.8488672076376,4.94266002846476,31.6290125844422,2.2381387485671,105.611416814989,7.47329698116992,19.2471421434121,1.36197026433695,9.36353087045789,0.66258411351369,28.9497605315474,2.04854895910552,68.9825667685232,42.3897871113401,94.6578289210859,53.605819723743,27.1032498880215,78.531355293158,15.3767470447802,9.22553796473554,21.370413686809,81.9095238095238,77,67,82,18.07,15.63,19.4792,1.1836645741342,1.06475335277732,1.31585575232589,1.39863539236327,1.22249499172473,1.60015458060185
"IT023C","Catanzaro","IT","Italy","Southern",16.5960465,38.9076353,74068.9906122449,FALSE,-1.04718555679131,1.56299230023437,1.99124435206533,-0.18110431161098,1.27860185583725,935.557358464726,69.1928074725172,43.5732994292024,94.5923866224784,58.9942326270583,35.5452142041374,82.9987729393768,10.1985748454589,4.49475914470665,15.8020864172442,93.4167009710517,7.39589153422559,58.8279914023818,4.65746958590624,127.708486156743,10.1108056888898,79.6476800067335,6.30578468474337,47.9893325267769,3.79936236752688,112.056033507841,8.87158571181354,13.7690209643183,1.09010684948222,6.06834129580211,0.480436512421073,21.3342807653056,1.68905586325309,81.3863254440141,57.2320150728774,106.553815732772,69.1673116040903,45.6885761376471,92.7487067141803,12.2190138399238,6.89264431322398,17.2460352988237,81.652380952381,77,66,82,22.22,19.45,23.3792,1.42213350004906,1.26692093106078,1.59636141638959,1.41402168655852,1.24557563043429,1.60524763105766
"IT024C","Reggio Di Calabria","IT","Italy","Southern",15.6397556,38.1035389,143927.561185573,FALSE,-0.810286437670621,1.57405157063061,1.87408271497048,-0.121754271716012,1.18643513741121,1874.19493821377,136.974408409749,87.2697585549268,187.694214837061,115.986210481954,68.2296764441532,164.215991100186,20.9881979277944,10.1858476514272,31.0969246046011,95.1689914575438,7.30843977949774,60.6345010198609,4.65638641827196,130.408806548913,10.014658081189,80.5865183336274,6.18858839691971,47.4055669964292,3.64047917604453,114.096278535877,8.76194827719972,14.5824731239164,1.11985138257803,7.07706541229728,0.543478559446698,21.6059553489594,1.65921505658522,82.2655486705572,57.3966396526715,107.511259166898,69.4037969341856,44.8745358166251,92.6536787713162,12.8617517363716,8.0175765520304,16.8697103235192,81.652380952381,77,66.975,81,20.84,18.444,21.68,1.4098905917088,1.26682130499736,1.56911750121942,1.35472063088527,1.21201522114855,1.51422849789545
"IT025C","Sassari","IT","Italy","Southern",8.5610074,40.7232643,103459.221417348,FALSE,-0.643453099234567,1.67190290419748,2.20016372175149,-0.841531697479105,1.14785183894057,1293.04673534437,85.9749490957082,51.5742708543777,120.844091192824,70.364877051826,37.8514972362683,102.68013309628,15.6100720438822,6.82363678019953,24.0739272335451,83.1003248602563,6.64902100950056,49.8498540273469,3.98858521077679,116.803596177615,9.34568626869009,68.0121849825047,5.4417891579987,36.5859096151301,2.92731083893789,99.2469609664609,7.94094523342451,15.0881398777516,1.20723185150186,6.59548437221791,0.527717722312815,23.2690009684418,1.86179869416194,72.715392606816,49.5986451336968,95.4497956116623,59.3462015227564,37.0095204409784,81.8961324556253,13.3691910840597,8.13726345727606,18.3409379509248,81.9523809523809,76,63.975,84.025,21.71,19.144,23.20465,1.37341715710406,1.24739602773898,1.51216986865578,1.36428511125104,1.20492074412122,1.54472721451795
"IT026C","Cagliari","IT","Italy","Southern",9.113311,39.2171994,129969.464307146,TRUE,0.209054179117185,2.99257884508086,3.14507189988106,1.47376537026597,1.13998331824495,1441.92410397795,116.810780863349,82.4888578301922,149.502357574903,98.1688943528076,64.5543293154808,130.654884936981,18.6418865105415,11.8791498959656,25.2160127042771,89.8755576827643,8.10103531393184,63.46787552748,5.72074893558014,115.028832635331,10.3682542765225,75.5322758896759,6.80818734370146,49.668843108351,4.47695749987046,100.527370512365,9.06114854287637,14.3432817930884,1.29284797023037,9.13995449569027,0.823840163514405,19.4014900643786,1.74877530895778,83.1636527769514,59.7727926212943,105.849571295247,69.832394102348,46.2203841534437,92.837440775611,13.3312586746034,8.70837378846233,17.8267493208031,81.9523809523809,78,73,81,23.17,22.03,23.88,1.60139266645446,1.4735355628959,1.74034379403389,1.39929023204252,1.27860962155011,1.53136119147597
"IT027C","Padova","IT","Italy","Southern",11.8734455,45.4077172,168258.339083275,TRUE,0.392234351261912,0.364103757619644,0.818283477076322,0.559056161562098,0.284094110111392,2012.48506005268,145.718387274536,112.253114877254,178.020309846959,115.02293306028,81.724926693314,146.496467487098,30.6954542142556,23.5793768616965,37.4978621550204,86.6039615441683,7.24071895821782,66.7147408496037,5.57783593555303,105.801775303899,8.84579534927325,68.3609107797936,5.71546767444173,48.5711003321305,4.06089606902098,87.0663934312305,7.27938161604356,18.2430507643747,1.52525128377609,14.0137939017849,1.17165475310804,22.2858863098975,1.86326164101009,72.7604937318373,56.5175681709772,88.0260623455922,57.2256011842557,41.2652315850255,72.6986376891672,15.5348925475815,12.0535716826625,18.8434695367226,82.6,78,76,80,21.09,20.56,21.67,1.38319505108313,1.29908018253152,1.47275632025466,1.53155267888719,1.40991963594139,1.66367894198477
"IT028C","Brescia","IT","Italy","Southern",10.2200214,45.5398022,152170.234288981,FALSE,0.170529420074885,-0.544569455838674,0.50057212840944,-0.238981886747077,0.543293193756742,1835.85237413468,131.289256820885,85.447317551455,175.552099397806,104.545148949933,62.0836751738938,144.216009302494,26.7441078709525,15.0987882372681,37.4323560267923,86.2778830789983,7.15140599923062,56.1524518580847,4.65436757090723,115.365597101218,9.56243006633642,68.7027587480706,5.69463811049674,40.7988299840511,3.38173570209623,94.7728115004529,7.85553410145353,17.5751243309277,1.45676788873387,9.92230071000249,0.822440216326479,24.599000061803,2.03896329324605,76.231234328401,55.7939421783384,96.4314445754925,60.5368595788768,40.144289563841,79.9901917732556,15.6943747495242,10.7755005484076,20.0261192199014,82.2761904761905,77,71,82,19.41,17.9576,20.6992,1.28297912740139,1.1827508706523,1.39170089170157,1.4612394543494,1.29180574692812,1.65289614791142
"IT029C","Modena","IT","Italy","Southern",10.9255707,44.6458885,145386.030570857,FALSE,-0.221706097404164,0.473529531621109,0.821303428174262,-0.480788475854828,0.425717186074693,1898.5006642898,132.070740015682,87.1214193152964,175.66352701827,102.458413620903,61.7212937544936,142.663166280982,29.6123263947793,17.7940694702779,40.4770319816596,90.8414236891313,6.95658118534753,59.9242024651302,4.58895911674001,120.825588489161,9.25275035834568,70.4733551212594,5.39680683542088,42.4533866920677,3.25105463039606,98.1271486131206,7.5145175856101,20.3680685678719,1.55977434992665,12.2391879057497,0.937269594105432,27.8410737419042,2.13205255826452,70.7709714384951,51.3035526352541,89.9120865568028,54.5311874499892,35.984683184571,72.2425018282201,16.2397839885059,11.3410137343568,20.5724671823333,82.4523809523809,77,72,80,21.11,19.74,21.96,1.28154088123462,1.18696125774763,1.38365681234795,1.54634761424235,1.3457640470637,1.77682777994426
"IT030C","Foggia","IT","Italy","Southern",15.5432595,41.4620482,119791.993525224,FALSE,-0.994184624416622,2.47392207007343,1.7773757027436,0.502595314623111,-0.473742400224279,1524.19893951952,137.995666787237,96.7014423086273,178.6518850772,114.481642665923,75.8835403418919,152.113761333115,23.5140241213132,13.3631559181933,33.0783790819595,115.196068390146,9.05365193540535,80.7244620136198,6.34441081156448,149.135079749367,11.7210346002155,95.5670235522189,7.51093834916407,63.3460869201692,4.97858503731889,126.981576027521,9.97991517964621,19.6290448379273,1.54271358624128,11.1552997199095,0.876733054440117,27.6131802372872,2.17021402025033,101.530456845725,74.9491933108935,126.540881241027,84.0329708728438,59.3268124132317,107.762970316026,17.4974859728816,11.8625959786793,22.8596492689878,82.1380952380952,78,76,81,23.47,22.89,24.4,1.45555370537885,1.31325505437462,1.61327122418807,1.39320380829618,1.23110353449787,1.57664793988482
"IT031C","Salerno","IT","Italy","Southern",14.7594542,40.6803601,107602.887374387,FALSE,-0.635982599621835,1.42385696527627,2.09657118544637,0.44381138519577,1.96314988853213,1357.98231276879,101.695131756148,63.4121527341998,139.170663602745,82.5062201038427,46.4705625231176,117.524445434368,19.1889116523051,9.12926173712682,28.9261054186578,94.5096681302945,7.48869339459962,58.9316460566409,4.66958605704581,129.337294749836,10.2483414028412,76.6765856540406,6.0756476228045,43.1870962360245,3.42203002838591,109.220531439328,8.65434286804124,17.8330824762539,1.41304577179513,8.48421632531384,0.672266615793629,26.8822762329918,2.13007968856975,86.9224115913198,59.3217588808573,114.607117148296,70.3524830047694,44.1706627898948,97.9399526517994,16.5699285865505,9.74866503464342,23.0800918867947,80.3142857142857,76,63.975,82,21.15,18.51475,22.49,1.44719661062909,1.29664091716141,1.61523364109266,1.42380839804755,1.24806161901289,1.62430309807467
"IT032C","Piacenza","IT","Italy","Southern",9.6947461,45.0534751,83219.2906031721,FALSE,-0.523274656831949,0.544326426911317,0.835399515436282,-0.516952690004399,-0.203353382901969,1325.17071362958,97.5193045703707,65.1901048820041,129.899199365272,76.6799855638739,47.2260201944532,106.048491880931,20.8393190064967,12.417547662337,28.5301250411986,117.183532644357,7.35899937776847,78.3353287555171,4.9193741011263,156.092654027407,9.80245020730081,92.142080289436,5.78642319628776,56.7488858077974,3.56376878154087,127.432583373751,8.00262870211414,25.0414523549212,1.57257618148071,14.9214774270902,0.937052678165961,34.2830668639599,2.15293959848056,82.8234545379149,59.0299211627171,105.531741133469,64.5959308909835,42.1353990566438,86.1455559157546,18.2275236469315,12.6464800537278,23.0208837300484,82.4523809523809,78,76,81,21.29,20.72,22.13,1.28402802541222,1.18346047609203,1.39314155677457,1.423818722187,1.26997237145591,1.59630224973017
"IT033C","Bolzano","IT","Italy","Southern",11.3547801,46.4981125,80756.3149361354,FALSE,-1.22892184054474,-2.36136968014428,-0.306026571267766,-2.6383023838991,1.24383981165902,886.491825680198,38.8440006701841,12.5379223169149,64.4398789740855,29.6887391275747,4.56990765986832,54.5360843404199,9.15526154260945,2.16710760967752,15.5015809821025,48.1002639866655,4.38176636771348,15.5256246236969,1.41433027961591,79.7954674195406,7.26908890836544,36.7633653802225,3.3490144260264,5.65888582643022,0.515504771446919,67.5316653360777,6.15189929118351,11.336898606443,1.03275194168708,2.68351473366676,0.244458837284226,19.1955031558357,1.7486434203957,43.3492936860868,17.0606613934488,68.2322184855119,32.9244819441713,7.75053318789917,58.1448593339843,10.4248117419155,4.41257686753198,16.1877468651728,82.8142857142857,77,56,91,15.6,10.67,18.84,1.14432521227195,1.01220767567159,1.29368727674625,1.33528591233421,1.17064645427002,1.52308022731765
"IT034C","Udine","IT","Italy","Southern",13.2358377,46.0634632,81958.0130153846,FALSE,-0.103976751347555,0.04934029255657,0.780710976193367,-0.71025977101969,-0.0595589223928521,1172.23118620854,82.2081755076925,51.7916911320748,111.531947095824,65.4743696684218,37.7704896277176,92.0966206092744,16.7338058392707,8.96549414341712,23.9775906010635,100.305232500282,7.01296608338722,63.1929560351259,4.41821474649464,136.08424971807,9.51450092848688,79.8876976875115,5.58544853939536,46.0851700011659,3.22210243782051,112.370489743311,7.85652366980197,20.41753481277,1.42751754399186,10.9391306762576,0.76482303566885,29.255944255948,2.0454660209661,74.1984634294576,51.7652003189238,95.4711487277441,58.7481490390218,37.0462247357666,79.8421772986793,15.4503143904358,10.358290942884,20.1689419880416,82.0047619047619,78,73,84,18.9368,17.7888,20.5104,1.31758295359929,1.19959762781368,1.44717261802144,1.43150218450616,1.24914347094945,1.64048290040562
"IT035C","La Spezia","IT","Italy","Southern",9.8217022,44.1033871,77955.8995078329,FALSE,-0.330755725659341,0.199043767637943,1.70999113402909,-1.12284199472013,2.22604688453222,1275.60490540333,71.5597366246786,39.3728242467936,104.967665849564,55.6815857690115,24.8997968590765,87.5567160220295,15.8781508556672,6.11868526554368,25.3164494366024,91.7951522289707,5.60986684212009,50.5065357405535,3.08660025373173,134.65006049865,8.22885404445622,71.427032617867,4.36511223288262,31.9408755671847,1.95199914594273,112.315702307087,6.86393691739099,20.3681196111037,1.24475460923747,7.84890598937785,0.479669311369497,32.4753477240791,1.98466228291884,58.5730089810729,36.7866773809101,81.4273322514671,44.8326366792525,23.2324563965693,67.806697127459,13.7403723018204,6.98004487087288,20.2800335216151,81.8666666666667,75,57,84,19.69,15.78,21.63,1.29662013531717,1.17853557355098,1.42653629898019,1.50068234712117,1.30480076257997,1.72597040984874
"IT036C","Lecce","IT","Italy","Southern",18.1718482,40.3570373,74504.6265998153,FALSE,-1.32226100365348,2.22226410920659,2.47897383869029,0.179877582661833,1.59002615501726,964.745368888251,75.9520804171335,48.6672636775717,103.575713798038,63.2309271208754,37.0831730060575,88.6109672663314,12.7211532962581,6.03238792372868,19.2327840426525,101.94277038001,7.87275926544834,65.3211295708881,5.04457085227107,139.019170385715,10.7360674783437,84.8684571771711,6.55415710300234,49.7729801469127,3.8438301133066,118.933509649387,9.184907243291,17.0743132028389,1.318602162446,8.09666217929027,0.625282910731176,25.8142143922914,1.99356064956455,82.4550904376916,56.9792857159216,108.351475411832,68.3766961338669,43.4903436231796,93.594141339074,14.0783943038246,8.39004350891117,20.0725100026225,82.1380952380952,77,66,82,23.66,20.84,24.8992,1.43610967660987,1.29203193159058,1.59625389498969,1.44460756424036,1.26863812524853,1.64498525870145
"IT037C","Barletta","IT","Italy","Southern",16.2868696,41.3214976,73603.0901688662,FALSE,-0.81541828486569,2.25756340412259,1.66635462876146,0.672553329551734,0.115109753897056,814.988630600103,67.9078464140981,46.4173769585564,87.638877997639,58.230485149634,38.2040467008829,76.971575834332,9.67736126446412,5.26626811792266,13.8861707506887,92.262221950598,8.33236733181116,63.0644404359407,5.69546312865466,119.069563243297,10.753386575848,79.1141853093897,7.14494447692564,51.9054928444336,4.68767848610992,104.576554676899,9.44449688551548,13.1480366412083,1.18742285488552,7.15495518712646,0.646176881516118,18.8662877045379,1.70384840098492,95.2637282736019,70.4672915160914,117.182735007409,81.7390514178332,58.6406233805046,102.60524883711,13.5246768557687,8.63882934171644,17.9311398868067,82.1380952380952,77,75.975,81,22.83,22.54375,23.85,1.43420994912565,1.30623346635498,1.57472475721428,1.36577234637517,1.22912391865962,1.51761272708558
"IT038C","Pesaro","IT","Italy","Southern",12.9131228,43.9098114,76782.8436809655,FALSE,-0.28694592544145,1.10555874460965,1.45072835042022,-0.945426378269267,0.0974880838170526,1057.7630706549,75.9106229762603,48.7101323341575,100.996427489849,59.0763166161193,34.5142205502925,82.1467767263717,16.834306360141,9.45249353093201,23.4457891161469,98.864042196289,7.17652422193761,63.438823048218,4.60501351252498,131.535148541114,9.54811434542882,76.9394747368081,5.58502355159201,44.9504327994153,3.26294436890516,106.985848385212,7.76608476939087,21.9245674594809,1.5915006703456,12.3106843635635,0.893630510760749,30.5351924885261,2.21654449532168,72.9771876552971,53.5985281072542,92.5197023866711,56.3396993599398,37.384246038204,75.8153103020257,16.6374882953573,11.2834396660925,21.1691992764712,82.9142857142857,77,67,80,21.2312,18.71,22.02,1.31151488671294,1.20924705120697,1.42243166634381,1.47694348923422,1.28157728931855,1.70209170260129
"IT039C","Como","IT","Italy","Southern",9.0830353,45.8115623,67118.7083601534,FALSE,-0.258526906507642,-1.13055940559529,0.534039867792495,-1.60133428601336,1.20002714503997,850.774149463072,47.6053084583051,26.3255009362336,69.4100163064288,37.378267448484,17.0826323374475,57.9081551076545,10.2270410098211,4.59710952122955,15.7221124359045,70.9270330454796,5.59552831833796,39.2222996827846,3.09429958031138,103.413814124641,8.15845384468179,55.6897895709127,4.39344184024323,25.451372284734,2.00789273489662,86.2772191576217,6.80652499187953,15.2372434745669,1.20208647809473,6.84922227132537,0.540344288097001,23.4243369993668,1.84797721531934,59.2363703747184,38.6026730644385,81.7420817542516,46.2608797306739,25.005661341402,67.1347978947294,12.9754906440445,7.44841519005575,18.3803997572501,82.2761904761905,76,60,90,18.19,14.38,21.72,1.23216803514409,1.12962007725228,1.34402539172626,1.49962412913157,1.29628414214345,1.73486078827983
"IT040C","Pisa","IT","Italy","Southern",10.4018624,43.7159395,71992.2264684865,TRUE,-0.251608601465852,2.22702902566852,2.8712171667413,-0.427165361434308,2.97116147409814,993.714771083556,63.8795906365833,37.2715112322207,90.7106788508336,50.4167400782394,23.7558743469952,76.2325293388123,13.4628505583438,5.67412113905456,20.7676966989258,88.7312335930402,6.42836279538527,51.7715773779212,3.75072529027414,126.00065771065,9.1284422341757,70.030811035284,5.07356250961879,32.9978325609835,2.39061298455809,105.889945454294,7.67146987819127,18.7004225577563,1.35480028576649,7.8815747440987,0.571000985812805,28.8471376948129,2.08990520250399,68.1058838884818,40.188441842054,95.4912540091717,53.3327278225848,25.8579228753169,80.3425648375769,14.773156065897,6.57571842241933,22.2066256257539,82.6095238095238,74,56,90,20.5444,16.4336,24.17,1.44542785071681,1.3118532976338,1.59260313283218,1.52640123874608,1.34300297140849,1.73484407052507
"IT041C","Treviso","IT","Italy","Southern",12.2455414,45.6658505,65881.5707742879,FALSE,-0.112877107220804,0.523348331428428,0.949822413595033,-0.429131268110382,0.356510309221531,769.324250428375,52.6367540850639,34.6153570821534,70.3923807966799,41.4669171019024,24.9568369508552,57.1034522479913,11.1698369831615,6.4228103646896,15.736523230752,79.8960217044595,6.84194655969245,52.5417907850841,4.49944962255888,106.846846499526,9.1498975571723,62.9416035691821,5.39004419512485,37.8813629631844,3.24399457536387,86.6759119080954,7.42254676310996,16.9544181352774,1.45190236456759,9.74902433139357,0.834863890110477,23.8860777692533,2.04549943953926,67.1842159650056,49.4127777591332,85.9067103727076,52.7073902060977,35.1717111713604,69.6697549718135,14.4768257589079,9.86923129605902,18.8282423290561,82.6,77,73,82,20.09,19.1988,21.37,1.35122123210075,1.236885185228,1.47612635342812,1.46941569280545,1.28754282926404,1.67697914911079
"IT042C","Varese","IT","Italy","Southern",8.8263532,45.817549,65004.932157738,FALSE,-0.771322624606161,-0.89541620715277,0.681603165545592,-2.01560464003525,1.48896206959358,837.985053175403,46.1525632210489,23.434981915018,67.9338795891656,35.9802012185118,15.0275098346708,56.3169219703877,10.1723620025372,4.11611458900902,15.7212418770082,70.9985560927242,5.50756401276629,36.0510827980741,2.79658710214641,104.505731079482,8.10681280432648,55.3499558021288,4.29365668064972,23.1174917592495,1.79329091583753,86.6348446202999,6.72051628570035,15.6486002905955,1.21390733211657,6.33200351478107,0.49119188622896,24.1846908460112,1.87607664569138,57.5848188169413,33.6763903452936,79.6996528892544,44.6026475218916,22.4940389892936,66.1183691433345,12.9821712950497,6.88852956378063,18.2212370682209,82.2761904761905,76,58,90,18.2356,13.91,21.75,1.22401628544681,1.11914897359434,1.33870995049678,1.48436121875358,1.28136260854458,1.71951968400439
"IT043C","Asti","IT","Italy","Southern",8.2068876,44.900542,61497.7848262531,FALSE,-1.38137519716851,0.266288601754767,0.775500331507089,-1.03289576980699,0.924095228484649,1056.75601028879,70.9146682751837,43.3407000527449,96.54165260984,55.6090408585136,30.3064353953377,79.8566766606422,15.3056274166701,8.64082273122858,21.4338283131827,115.31255715232,6.71059994783509,70.475221465608,4.10129676394278,156.983951344906,9.13566155951714,90.4244616543886,5.26224032010159,49.2805317800651,2.86787442893801,129.852931916585,7.55677525210564,24.8880954979311,1.4483596277335,14.0506243527976,0.817674339875978,34.8530087282634,2.02826651606412,79.2828339617301,52.2084434399423,103.440628088957,61.5664105470939,35.911449630741,86.3632811853204,17.7164234146362,11.74152823065,23.1006061973081,81.7333333333333,77,70.975,80,20.37,18.72325,21.19,1.25756749851998,1.15081529263169,1.37422227829217,1.4467160652765,1.28327369979766,1.63097503974338
"IT044C","Pavia","IT","Italy","Southern",9.1546375,45.1860043,58054.9600764508,FALSE,-0.740119217730042,0.914572571647792,1.16082981782234,-0.298355889669151,0.621230980332405,922.581426604512,70.0023298736501,46.900003220042,91.6017528251196,54.713382883815,34.2676285486952,74.0778017515648,15.2889469898351,9.27583013813933,20.728739210114,120.579412648749,7.58765869927472,80.7855231633626,5.08356247671859,157.78454193146,9.92885291027943,94.2441142182592,5.93046654810549,59.0261857101775,3.71432022805992,127.599436213571,8.02940527690898,26.3352984304899,1.65719215116923,15.9776703419041,1.00542129622946,35.7053715700036,2.24681947981594,91.1642813446199,67.2312811347467,113.92153020564,70.7955319547814,48.8841969785295,92.3728443959384,20.3687493898386,14.5223221974199,25.7353488489891,82.2761904761905,77,74,80,21.1212,20.32,21.968,1.35299595289705,1.23593478484615,1.48114453205853,1.44463060643967,1.28748206596949,1.62096051216896
"IT045C","Massa","IT","Italy","Southern",10.1395519,44.0359323,57705.5643931575,FALSE,1.45283777557794,1.13593826367918,-1.0363673049653,-0.540472995360432,1.97079479359455,913.122065092206,53.056083185841,27.2038763409389,75.5373011896598,42.0154635940545,17.8278079152905,62.8570712754107,11.0406195917866,3.83933448388885,17.7127322463705,91.9427506580843,5.81040423992859,47.1425531090805,2.97921574572748,130.901243205962,8.27242096948256,72.8100730594995,4.60129759210362,30.8944347096697,1.95240139263202,108.927227272495,6.88375340804665,19.1326775985848,1.20910664782498,6.65331762069049,0.420462348974248,30.6950160398585,1.93979895169677,64.1419795153197,38.2538348131624,85.6573896142544,50.2128767768588,24.5681457389854,72.6490460650704,13.9291027384609,7.09951406210882,20.7575631328467,82.6095238095238,76,57,90,18.26,14.07,21.41,1.30746473835663,1.18778725536749,1.43920052544855,1.41124085405536,1.23099108001559,1.61788398022322
"IT046C","Cosenza","IT","Italy","Southern",16.2501929,39.3099931,55371.6561829879,FALSE,-1.1614290572831,0.89492146617998,1.90243299837145,-0.60147022722938,1.87226114542897,713.646515930532,46.599250031897,26.7900339348119,66.3206898278926,38.8761597658044,20.3859750663645,57.8718366389806,7.72309026609265,3.10701257284266,12.1176515769885,84.1572263576504,6.52973832165855,48.3822153454798,3.75396408961375,119.773715289861,9.29321286483355,70.2094942533947,5.44753724679974,36.8166250960501,2.85659281048727,104.515271220587,8.10931397367237,13.9477321042556,1.08220107485881,5.61119675123108,0.435371364321927,21.8842137156654,1.69799071479921,73.1962952160635,45.5976593454025,100.006259661786,60.8342471350217,35.7625962039424,87.5257331276762,12.3620480810418,6.77368243292886,17.6727394580682,81.652380952381,76,61,83,20,16.5716,21.54,1.35675164654568,1.21513354993157,1.51487466584071,1.36837387685057,1.21770287046278,1.53768797977411
"IT047C","Savona","IT","Italy","Southern",8.4810315,44.3080251,51007.4233458849,FALSE,-1.35339547484068,-0.365006434190696,1.55149209857042,-1.98257540516772,2.98493689070218,868.998452117374,48.0102380858381,21.563984534217,73.2358677446822,35.5409933161067,11.0563968024069,59.8434182615969,12.4692447697314,4.40380235728323,20.1164089967464,94.1240214395408,5.52477832024417,42.2761690744307,2.48147559776141,143.578841942406,8.42761774387952,69.6780801396313,4.08987993356129,21.6760543410176,1.2723149017662,117.322958769735,6.88648157149007,24.4459412999095,1.43489838668288,8.63364990507507,0.506767572088658,39.4381987506712,2.31489583758537,60.0182030140156,33.288693290308,85.8468208531008,43.6569606065961,16.3778922596802,69.8789733580713,16.3612424074195,7.12797417411137,24.8217335096071,81.8666666666667,71,52,90.025,17.76,13.28,22.05575,1.24111464302087,1.11199876161563,1.38522236740878,1.44231994336831,1.24994894613044,1.66429743028951
"IT048C","Matera","IT","Italy","Southern",16.6063265,40.667029,48607.3636759467,FALSE,-1.32823315006778,1.32609374947822,1.46312992940101,-0.821635081101584,-0.229964506983881,621.902344925478,46.1028682341557,30.2399679013098,61.9837073217353,37.9994189953286,23.3676523577739,52.997798699022,8.10344923882714,4.39464522279753,11.9386445219519,94.8474978842962,7.41320057889156,62.2127299536593,4.86249459389535,127.519171241142,9.96679106092818,78.1762599771124,6.11019066022046,48.074305188737,3.75744721795092,109.03244835977,8.52188436520088,16.6712379071839,1.3030099186711,9.04111000978276,0.706645546307457,24.5613907422421,1.91969762123706,80.1219699359058,56.6827633866047,103.37348317294,65.7949445617924,43.5157294590729,88.2239234168865,14.3270253741134,9.35457349802686,19.3559415252839,81.9095238095238,77,73,81,22.1412,21.06,23.27,1.31224105377196,1.19796965305424,1.43741252444445,1.41910675984077,1.25411577550555,1.60580389399374
"IT049C","Acireale","IT","Italy","Southern",15.1658804,37.6127773,40608.9340031845,FALSE,-1.03791416054931,1.6347313201965,1.79581052626158,0.570248070570166,1.70360727144355,496.614267460218,41.6722866989269,25.9828239091518,56.506128787461,34.3641685404306,19.4955602090329,48.2279788389893,7.30811815849631,3.82144202729275,10.5333911147356,102.618519106311,8.39127858972863,63.9830238023836,5.23199303999723,139.147037898187,11.3782733380666,84.6221881562708,6.91969014828665,48.008057063266,3.92569474669686,118.761991721347,9.71135587498051,17.9963309500398,1.47158844144198,9.41034804556326,0.76949904134578,25.9386053175136,2.12104077649751,100.460687217947,68.0463397491255,130.788379164262,82.7948958420495,52.1974204687176,112.389812524382,17.6657913758978,10.8436958941778,23.850039427276,81.0190476190476,77,67,80,21.81,19.3752,22.49,1.48500049048106,1.29383743941443,1.7044076709722,1.42080690023131,1.24539196601712,1.62092923579785
"IT050C","Avellino","IT","Italy","Southern",14.7888764,40.9141958,44172.7968651212,FALSE,-1.44904737335869,0.461912918036999,1.29510008524305,-0.433517296016974,1.80660094764044,608.828178206717,43.3487390933867,26.3159960542445,59.9350025725707,34.2257825940906,18.4894270474779,49.4844235208037,9.12295649929612,4.67760761585353,13.350155577045,98.1344677488937,7.12002838322448,59.5751184481225,4.32240112994728,135.683060222739,9.84432138951047,77.4815837416788,5.62158320183233,41.8570440625125,3.03688753400638,112.024655517968,8.12781426552208,20.6528840072148,1.49844518139214,10.5893399282285,0.768296833702946,30.2225725434793,2.19276243362576,81.3682498444878,54.4702265911522,107.470138737684,63.8490792214554,37.9216969315084,89.372543222659,17.5191706230324,10.6624384449842,23.8632220527703,80.3142857142857,77,64,81,19.19,16.04,20.24,1.33881608258615,1.19411062885071,1.50105732223192,1.39025491100614,1.22858491802801,1.57319912463114
"IT051C","Pordenone","IT","Italy","Southern",12.6597197,45.9562503,41338.2629870202,FALSE,0.075066334176006,1.23555531854427,1.16452642134239,0.0889213964085963,0.55527150208121,518.720304332869,38.1738638859938,25.7936381471386,50.2389849524187,30.5298599308535,19.4085064604765,41.2634663548138,7.64400395514029,4.5201266033511,10.698925761697,92.3451086901741,7.35923841174669,62.3965214872177,4.97255224668949,121.531436790639,9.68517803000435,73.8537561204243,5.8856111233429,46.9504644318766,3.74161302311811,99.819061985672,7.95485852590311,18.4913525697498,1.47362728840378,10.9344860590063,0.871399589642916,25.8814110429758,2.06256159096317,72.5832959256819,54.3115437133643,90.7658162358724,57.7575624754633,40.2304151158619,75.4401938158861,14.8257334502186,10.6133023795079,19.0385963393827,82.0047619047619,78,75,82,19.98,19.25,21.03,1.43390770163296,1.30617580679879,1.57413059260487,1.44315431490551,1.26751394441384,1.64313330500954
"IT052C","Lecco","IT","Italy","Southern",9.389605,45.8553764,38121.1051263744,FALSE,-0.804404572364651,-1.28881457087157,0.28524398361257,-2.62547504987907,1.56286463729867,481.146841888499,23.1281934150107,10.3018253853132,35.5101512412685,17.4904709952375,5.67781464489216,29.7475849530753,5.63772241977318,1.93730384237089,9.16964866239285,60.6703119921075,4.80688875026854,27.0239421212,2.14109799513151,93.1508966582936,7.38031472926047,45.8813324987699,3.635162796993,14.8941501723777,1.18005859138694,78.034424381087,6.18264163104889,14.7889794933376,1.17172595327554,5.08197187869705,0.402642950906002,24.0539948461482,1.90579005494498,49.8493385837039,27.453354459273,71.9319280900494,37.4254893817667,14.3617210480715,60.8721543831284,12.4238492019372,6.08111067328393,18.6317305152573,82.2761904761905,75,56,91,16.05,11.51,19.8296,1.18918692785957,1.07779021408734,1.31209722533024,1.46212697580143,1.2534240032371,1.70558030470545
"IT053C","Altamura","IT","Italy","Southern",16.5527314,40.8285595,55839.5869739633,FALSE,-1.27562025923026,1.21475638468724,0.98940268947938,-0.656475353631827,-0.948788961244132,639.167693577107,49.6998814721636,31.4427106964229,66.609487059316,40.864395854897,23.8514587603538,56.7537126191983,8.83548561726657,4.74869321291442,12.5756821230602,89.0047440632708,7.77571863715729,56.3089958224151,4.9193210189416,119.287213013188,10.4212850130981,73.1817659646213,6.3933763025786,42.7142463848724,3.73164335432364,101.637056602265,8.8793149574841,15.8229780986495,1.38234233457869,8.50416965857685,0.742949504587492,22.5210872869169,1.96750903548961,81.64620928247,55.194593619826,106.704384461541,67.0248321950406,43.0892762948236,90.8552345167868,14.6213770874293,8.97647463732348,19.484705616473,82.1380952380952,78,75,81,21.3268,20.53,22.11,1.29617023295598,1.17362296833898,1.43151362756554,1.39369914757699,1.22906576739291,1.5803851718017
"IT054C","Bitonto","IT","Italy","Southern",16.691548,41.1084971,44389.7854946311,FALSE,-1.23099732991231,1.37801914888319,1.22344089839993,-0.0133280026889698,0.21035461526006,508.107569388279,40.1139905742412,27.0442808416968,52.3683693425653,33.8400841029991,21.8032236611206,45.2241885006835,6.27390647124213,3.48645476225695,8.93882689642179,90.3676152683661,7.89478311109108,60.9245585225182,5.32255027695336,117.973918456757,10.3065517023517,76.233943746117,6.66002361345254,49.1176594303608,4.29106452544487,101.879718490988,8.90051462038438,14.1336715222491,1.23475949763854,7.85418249583258,0.68616469667129,20.1371256851487,1.75923907356535,82.9198615546009,61.006205657742,103.466503167025,69.8506016362071,47.8041749709634,89.8314216081141,13.0692599183938,8.23906602786684,17.4334755559199,82.1380952380952,78,76,81,22.31,21.82,23.01,1.34064644685309,1.22637940089533,1.46556024517997,1.39553904262804,1.2493495792068,1.55883449429394
"IT055C","Molfetta","IT","Italy","Southern",16.5968279,41.1992456,47852.6865244486,FALSE,-1.14116934167996,1.5880424717986,1.85623288136841,0.323604295310435,0.912431621685971,547.745657423318,43.2396994487811,28.8595348587245,56.7812491639185,36.8778067984375,23.3584398896604,49.7674211878134,6.36189265034362,3.2137557791683,9.24465217156669,90.3600248790407,7.89411999214881,60.3091215035122,5.2687838721505,118.658435477616,10.3663531411689,77.0652798763892,6.73265160547625,48.8132257270995,4.26446829346711,104.0013106942,9.08586321285087,13.2947450026515,1.16146838667256,6.71593595382853,0.586724100066135,19.3189825754997,1.68776366298457,82.9255070335035,60.1660682490545,104.735339609406,70.6263539982608,48.4281491977747,91.2570629098895,12.2991530352428,7.29740715621701,16.6093255300883,82.1380952380952,77,73,81,22.77,21.71,23.75,1.39535715017862,1.27061173428084,1.53234975250454,1.40093780573453,1.25377841171129,1.56536969946506
"IT056C","Battipaglia","IT","Italy","Southern",14.9821443,40.6092539,40403.1036719532,FALSE,-0.157458836712242,3.01928579939054,2.04984192603901,1.47174323515011,0.505109998202206,509.899887505587,45.4349348898425,32.0790074737569,58.488426856148,37.9832698528203,25.4715186020636,49.9365567420948,7.45166503702222,4.11325653949755,10.5596905619483,112.454071000942,8.91055989678851,79.3973842559657,6.29123642891672,144.762212653354,11.4705706530494,94.0107724426808,7.44916223430313,63.0434701474315,4.99539600345264,123.595843397445,9.79340414966215,18.4432985582614,1.46139766248538,10.1805459622471,0.806679240432756,26.1358400772527,2.0709340834739,103.490971106157,78.2843052061792,127.716545697536,86.3752386621113,60.6795603630374,110.001875644361,17.1157324440454,11.0536440028412,22.2753603138658,80.3142857142857,77,75,81,22.09,21.61,23,1.53988295248179,1.39357308396209,1.70155375030804,1.41811396725739,1.24820933784019,1.61114579354955
"IT057C","Bisceglie","IT","Italy","Southern",16.5010109,41.2402745,42894.3237225235,FALSE,-1.09020592464191,1.6437479361952,1.46470549995986,0.433560639825039,0.436427471716535,474.958131118307,38.6682498941401,26.3771343773415,50.1652267152305,32.9487652449381,21.3428535518418,44.0737132404257,5.71948464920204,3.04736263856671,8.27590720517296,90.1477084573679,8.14140181221748,61.4932981528533,5.55357044109036,116.950734646713,10.5620313515034,76.8138121446519,6.93719363585985,49.7568249120915,4.49362841764372,102.749523516285,9.27949441283433,13.333896312716,1.20420817635763,7.10434941993633,0.641606583593291,19.2937118176952,1.7424498419865,93.0865382773045,68.2924982435445,116.236883888955,79.370237965287,56.6383204768717,101.451649775926,13.7163003120175,8.98866090364756,18.4208177707781,82.1380952380952,78,76,81,22.92,22.4256,23.6636,1.38213195839323,1.26190842531556,1.51380933203153,1.38941426970252,1.24685180464804,1.54827703312978
"IT058C","Carpi","IT","Italy","Southern",10.8854523,44.7835699,55364.3121152198,FALSE,-0.495471988031029,1.17838809152085,1.0674875607497,-0.394065786170047,0.610396417424971,722.966181248518,52.8090338544142,36.2726127467781,68.9851967995871,40.313317604953,24.704673007492,55.214841361119,12.4957162494612,8.03657782297956,16.9644123424888,95.3846111995617,7.3044957321816,65.5162348469001,5.01719356832675,124.602282885807,9.54196732694384,72.8146274463885,5.57610005150371,44.6220174398241,3.41712705908714,99.7300232796359,7.63726475639101,22.5699837531732,1.72839568067789,14.5158090400446,1.1116118611663,30.641421692703,2.34650150760749,74.3892684683632,55.1518019359833,92.5483864545763,56.4125637466054,38.1448575541645,74.5601450231269,17.9767047217578,13.230543449575,22.6004420815977,82.4523809523809,77,74,80,21.58,20.72,22.42,1.32529424071429,1.22202101792661,1.43729510270661,1.5694481130932,1.35401384182263,1.81915967445069
"IT059C","Cerignola","IT","Italy","Southern",15.8996651,41.2648121,45039.1988510419,FALSE,-0.985227836371047,2.47055012643259,1.5152964659239,0.409045734856347,-0.418464635756308,573.065837752434,50.1744242229489,34.4594399653449,65.564907898512,41.9367711716901,27.604134725172,55.9065082967966,8.23765305125881,4.636273554666,11.685416596837,111.401680098464,8.75543801733726,76.5098865974783,6.01317295417485,145.572988798835,11.441077722528,93.1117165524803,7.31796739728304,61.2891335311427,4.81692205444237,124.128558506771,9.75568680137384,18.289963545984,1.43747062005422,10.2938632856227,0.809029826808291,25.9449921289323,2.03910542681574,98.1509481043528,72.9700258732047,123.734594977087,81.8412470817081,57.4673994132786,105.474525301866,16.3097010226447,10.569055458698,21.0782327503424,82.1380952380952,78,76,81,23.12,22.57,24.01,1.44364440077054,1.30266767543009,1.59987784696358,1.38511792340365,1.22969656775911,1.56018298500276
"IT060C","Gela","IT","Italy","Southern",14.2502445,37.0664363,59035.5455022909,FALSE,-0.376498880719647,3.3376259582794,2.37787884707855,1.06970042146006,-0.231971685494347,807.49937068211,73.4407078402842,51.0508255736836,95.6210859583324,62.9698898268153,41.5414056954935,83.9103676066397,10.4708180134689,5.89547117576528,14.9318564137391,124.400828713329,9.09483158832031,86.4747249124727,6.32208858943878,161.972054538942,11.8416297807835,106.664365156703,7.79813484852916,70.3667686002519,5.14445053503913,142.135330321261,10.3913848918246,17.7364635566256,1.29669673979115,9.98630761451422,0.7300898786813,25.2929930378295,1.84914774622374,114.124160705009,85.6464030233195,143.351545523149,97.7466788012173,70.3130509792267,125.782280918663,16.377481903792,10.9211783942739,21.4866377630838,81.0190476190476,77,76,80,23.3912,23.23,23.93,1.57563257733205,1.40389482755729,1.76837891985803,1.35647326744893,1.2099635545724,1.52072326339932
"IT061C","Bagheria","IT","Italy","Southern",13.509349,38.079351,42879.9284645059,FALSE,-0.367670138399523,2.15616350311695,1.91355928537217,0.886885479122449,0.694349776995564,545.837804474378,44.8033278184822,29.7775816994306,57.9830624716532,37.4908534252531,23.9663148174915,50.2047878275666,7.31247439322918,4.32312904304754,10.2401321673838,104.485547021303,8.2081760279734,69.4441030238172,5.45539012786139,135.221919783866,10.6227641244983,87.4321734381771,6.86849703665274,55.8916856340602,4.39073926742217,117.082256490059,9.1977483816666,17.0533735831255,1.33967899132066,10.0819408936888,0.79201715374232,23.8809450810072,1.87603938082755,97.9729712460104,71.5849583665212,121.375905966054,81.8839012903058,56.8023309461466,105.006065918328,16.0890699557045,11.1733842539725,20.7532897312447,81.0190476190476,77,75,80,22.56,22.11,23.19,1.47480749368335,1.33462482951724,1.62971428023808,1.42741024124138,1.26345007686533,1.61264780786265
"IT062C","Anzio","IT","Italy","Southern",12.6285618,41.4471008,41302.8370206733,FALSE,0.383007717435108,1.05384381586574,1.45783253608986,0.16835194790231,0.532047699442483,489.283363337388,37.9372758388925,25.9374290655456,48.7351275198705,30.2065016733249,19.3704418990867,40.2806115845748,7.73077416556763,4.30673584309762,10.9568980225061,91.8515011932565,7.75364107623104,62.7981778892409,5.30110586401858,117.994624668221,9.96051187750377,73.1342054256603,6.17362124624209,46.8985747622886,3.95894145408122,97.525047890568,8.23257331085649,18.7172957675962,1.58001982998895,10.4272155468206,0.880213014749059,26.5281971236549,2.23937677908552,81.9496807462559,61.8514441732612,100.292230747781,65.0899215295958,46.4205860485591,82.6443963909554,16.8597592166601,11.6879232804353,21.8804412769856,81.7428571428571,76,68,80,22.12,20.4008,22.98,1.44279095394879,1.31710715756322,1.58046801647309,1.46645359186677,1.27498337699367,1.68667778412114
"IT063C","Sassuolo","IT","Italy","Southern",10.7829023,44.5409769,32587.0361742799,FALSE,-0.0877595972032754,0.0047470575485586,0.208257039018941,-0.802280621995309,-0.375087270402322,425.532697888428,28.9229080385516,17.4660697461202,39.0150102102206,22.6277083023739,12.1711183154514,31.9547150393512,6.29519973617772,3.51533885730522,8.85912219567567,88.7558717640597,6.79687088256025,53.598215108331,4.10451883786841,119.725555897637,9.16851052899585,69.4377610205415,5.31750166665377,37.3495713152881,2.86020754124107,98.0595929879999,7.50934421677028,19.3181107435182,1.47936921590648,10.787537837147,0.826103111405772,27.18603234825,2.08188988522769,69.0673573327249,46.6238688584443,89.7707744985561,53.6671849113122,32.5112471450123,73.6599357336204,15.4001724214127,10.1111198954219,20.0873808565151,82.4523809523809,77,74,80,19.94,19.14,20.74,1.24340949499828,1.14320130591904,1.35240150990641,1.48538371149721,1.29369338856272,1.70547734871898
"IT064C","Messina","IT","Italy","Southern",15.5542082,38.1937571,197385.867133267,FALSE,-0.762916921303174,1.85616229383473,2.30010882661551,0.341509852164049,1.87199496049792,2813.87961900874,209.336694101239,127.875682737382,290.575765976931,179.2136672107,101.079184786708,256.509076973191,30.1230268905386,12.0413477390047,47.4112294394971,106.054550481015,7.43943318282333,64.7846193826256,4.54446174148805,147.212042177643,10.3265173113303,90.7935658279439,6.36891734813563,51.2089270902378,3.59216450141943,129.953111992566,9.1158511274037,15.2609846530708,1.0705158346877,6.10041028463039,0.427926897002315,24.0195664097304,1.68490610327527,87.2964240980845,59.0849134678572,116.504966514389,74.4570183543549,46.3826040733238,103.206593951794,12.8394057437296,6.89092486503592,18.7506110025728,81.0190476190476,76,64,82,21.97,19.34,23.11,1.45994436685116,1.29842089284164,1.64156135044602,1.37926239051394,1.22098343349488,1.55805942136414
"IT065C","Prato","IT","Italy","Southern",11.0969262,43.880598,148965.592394568,FALSE,0.131603613808183,0.328151090178204,0.800704955440774,-0.118016752406413,0.0236902526562601,1826.38572193763,138.968998582665,93.7063355737371,181.400071209806,107.620203785852,65.447825346549,145.785780864422,31.3487947968136,19.2740550956976,42.0624905589341,93.28932698403,7.60896216573746,62.9046842746986,5.13069799266296,121.773134516412,9.93218842169641,72.2450077604475,5.89252327660974,43.9348605906231,3.58346128971676,97.8654053737972,7.98220108235166,21.0443192235825,1.71643888912772,12.9385952728239,1.05531131043061,28.2363798799407,2.3030453016414,76.1843922876162,56.6097605975912,95.3196310970395,58.6999614191778,39.6626297698978,76.6469387416848,17.4844308684384,12.368950297299,22.0442516982304,82.6095238095238,77,75,80,19.8612,19.31,20.588,1.29463730308293,1.19763465390271,1.39949670049378,1.49965879194567,1.31969290505638,1.70416654029361
"IT066C","Parma","IT","Italy","Southern",10.3280833,44.8013678,146464.741789489,FALSE,-0.387629145564863,0.195710570360958,0.613863632060488,-0.948975015968933,-0.151124530610298,2087.08028353712,142.263153698074,89.2723262632883,191.605995050199,109.190330445403,59.8937131028927,155.396125574399,33.0728232526709,19.2531347272976,46.2939948504746,97.1313313770396,6.8163718866133,60.9514106757501,4.27737864074841,130.820559753276,9.18057616477843,74.5505908871503,5.23172641257241,40.8929223314215,2.86973690352661,106.097975305038,7.44562280618349,22.5807404898893,1.5846454740409,13.1452351549356,0.922491332948052,31.6076034988763,2.21812237965359,72.8541026917905,49.607741546903,93.6916233472836,55.4241888027121,33.3330491450505,75.6605822426913,17.4299138890784,11.9734673311771,22.5412400413707,82.4523809523809,77,74,80.025,20.99,20.05,21.8153,1.25346030719174,1.15500225011324,1.36031141199177,1.45661093095252,1.28463473360677,1.65160986906636
"IT067C","Livorno","IT","Italy","Southern",10.3091256,43.5507317,131254.386873304,FALSE,-0.0709876540556135,0.409822612235656,1.69169899766018,-1.03950405745496,1.97404821000146,1990.563702884,121.468660220845,72.1853684326096,168.922869693999,93.4501274169317,47.2653405837816,139.112489354344,28.0185328039132,13.1764966761905,42.1158786650346,92.5444574573307,6.1022242114059,54.9965377555632,3.62637821276581,128.698837210718,8.48618255468327,71.1977173815428,4.69465645744158,36.0104844567256,2.37447013201848,105.986925594057,6.98859770992474,21.3467400757879,1.40756775396432,10.0389000246593,0.661948002824525,32.087216030111,2.11577648100464,65.627551173549,44.1504857344752,86.4762478505947,49.9272710342204,29.8748416832288,70.4021876906971,15.7002801393286,9.26018810969493,22.0401884261814,82.6095238095238,75,58,83.025,20.69,16.72,22.46575,1.31070960294511,1.19759430660152,1.43450887648896,1.46968508471955,1.28865487850264,1.67614640993477
"IT068C","Reggio Nell'emilia","IT","Italy","Southern",10.6304971,44.6978389,127858.583432409,FALSE,-0.295948848992604,0.274422511015026,0.470891136007607,-0.784018573716749,0.1760224088389,1668.18405337724,113.661393898612,73.7476144925842,154.742849141582,87.9565236581808,51.4724085401294,124.924612959812,25.7048702404314,14.8971301948288,35.4712456270438,88.8961779861246,6.81348042312867,57.6790486119924,4.42083200251688,121.026563088261,9.27612566660766,68.7920367150617,5.27259108370644,40.2572961144526,3.08553534221381,97.7053003452455,7.48865886272573,20.1041412710629,1.54088933942222,11.6512554690581,0.893014782431804,27.7425610974294,2.12633885063416,72.4993998481319,50.7444119810198,93.7212718150002,55.7373215484256,34.840256876223,75.8497635216873,16.7620782997063,11.5496695728575,21.4415211816844,82.4523809523809,77,74,80.025,20.6612,19.8,21.5065,1.25821216042971,1.16265620968067,1.36162162767617,1.50724337595553,1.31585963503483,1.72646271218867
"IT069C","Ravenna","IT","Italy","Southern",12.2017617,44.4161414,124098.466636208,FALSE,-0.256755490135174,2.42687762805318,2.17012396647603,-0.0160691488443561,1.19459961717475,1817.72843939001,139.354626474075,92.0603317117072,184.967328541412,111.828196858615,68.5171637235874,153.99153676661,27.5264296154603,15.7076820660404,38.7169174969254,112.293592540986,7.66641614084223,74.1832950938711,5.06458113966686,149.048842870589,10.1757404754851,90.1124726918964,6.15208490087453,55.211934184847,3.76938393210045,124.088186534998,8.47164699795786,22.18111984909,1.5143312399677,12.6574344484748,0.864137993643956,31.1985462402394,2.12996158600665,76.7840972053151,55.0252174207666,98.2310976684246,61.0848146812981,40.555765564936,81.6035202862857,15.699282524017,10.9526874005507,20.4491361163006,82.4523809523809,76,67,80,21.75,19.34,22.748,1.4057096275269,1.2911935226161,1.53038217920903,1.58839093444242,1.34890991736169,1.87038862131989
"IT070C","Ferrara","IT","Italy","Southern",11.6186451,44.8372737,111861.150497001,FALSE,-0.778047794493675,1.62033997975605,1.72084185744578,-0.479859953980966,0.859238162303774,1837.48606242917,129.6693792975,84.8106708415062,172.389245917151,97.0122003105518,55.8830767216509,137.066696746799,32.657178986948,21.4989087011088,44.0135424288964,115.919940677685,7.05689049559787,75.8178066868534,4.61558172198519,154.110024035353,9.38179883058545,86.7255520612162,5.27961557337207,49.9575379596594,3.04127894432968,122.532886652613,7.45946864846395,29.1943886164693,1.7772749222258,19.219280872393,1.17001751146276,39.3465847913628,2.39531299468526,79.3722655655737,57.6270915748227,101.398281332644,58.8101195772517,37.9593778408112,80.2858279104725,20.562145988322,15.3858140785403,25.9262292297183,82.4523809523809,77,70,80,21.9412,20.092,22.75,1.35499519568026,1.24588000573868,1.47366678320519,1.5356153072237,1.33291430084028,1.76914177475113
"IT071C","Rimini","IT","Italy","Southern",12.5684371,44.0593886,113425.327813973,FALSE,0.0904500090961508,1.28562977686243,1.29344915170396,-0.198290792834511,0.0107538194308111,1427.86073111453,105.251397391884,71.15246529151,138.663027759868,83.3920345181135,51.5360623920053,113.33670641416,21.8593628737706,12.8448880100422,30.2646736894595,92.7935580353841,7.37126493490226,62.7306675350374,4.98315162963908,122.25049769068,9.71124317226889,73.5215283264449,5.84034792055814,45.4361150064548,3.60931996160287,99.9218680681629,7.93751827082562,19.2720297089392,1.53091701434412,11.324532410529,0.899589695979388,26.6824652595194,2.11958162515165,74.0003490221288,54.6305611523697,93.0092684088548,58.315318973156,39.3921132637363,76.2639087232586,15.6850300489728,11.3294787462298,20.0862278086766,82.4523809523809,77,71,80,21.44,19.87,22.14,1.34268331244469,1.2389702835778,1.45507806071948,1.49926116993397,1.30321397452113,1.72480045458208
"IT072C","Siracusa","IT","Italy","Southern",15.2907196,37.0646139,97110.3874557143,FALSE,-0.730791811225008,2.68370293589194,2.48824671116845,0.725915067535688,1.26609308928027,1264.03478337751,106.423497478666,68.0919718620101,142.554527168193,89.3362392325272,53.5035764230666,123.860338680201,17.0872582461389,8.83491597749492,25.3217108863339,109.590230527294,8.41934880892297,70.1181136704479,5.38687485166097,146.796373594126,11.2777376890917,91.9945245540984,7.06754595738421,55.0956265594822,4.23276140234882,127.545921631386,9.79880777878957,17.5957059731961,1.35180285153876,9.0978073602311,0.698945637705316,26.0751826346914,2.00324478561217,105.601541628615,73.6567807423531,134.472414135878,88.6449461927131,58.7668515792828,116.636791286568,16.9565954359014,10.9226394167314,23.0629243236406,81.0190476190476,77,68,81,23.65,21.54,24.4736,1.55192903201132,1.36947249299729,1.75869448471235,1.3840409398388,1.22310174031079,1.56615697616709
"IT073C","Bergamo","IT","Italy","Southern",9.6698727,45.6944947,91936.8165267067,FALSE,0.40413027895165,-1.11829765549969,0.263502440793016,-0.878966903215393,0.403282150972254,1118.51941634778,65.7478596445054,36.849798118373,92.8775709406472,50.3786424821021,25.2833641994695,75.3351732534479,15.3692171624034,7.74928085255398,22.1309524790549,71.5141791160523,5.87811518365835,40.0816555440208,3.29451573033002,101.023261898205,8.30361722677232,54.7970273339491,4.50404720255997,27.5008045249478,2.26043140869432,81.9423339849535,6.73525842755905,16.7171517821033,1.37406798109839,8.42892014898395,0.692815943942857,24.0719151642869,1.97859350097986,66.984795893526,42.9404783676373,89.8919478041991,51.2605202718528,29.4997029187615,72.9402268200765,15.7242756216732,10.2290288975283,20.9237844760517,82.2761904761905,77,66,87,18.6212,15.98,21.0672,1.24619798931335,1.14606597429108,1.35507855865739,1.4632740124442,1.28199161755919,1.67019097954101
"IT074C","Forlì","IT","Italy","Southern",12.041273,44.2227278,93468.006,FALSE,-0.568542538978885,0.744089778646888,0.98948364580981,-1.00509465907025,-0.0966894598950002,1274.17245125401,87.9466934680485,56.8117970400493,119.403545452828,70.233543851685,40.2732745221903,98.8391695038267,17.7131496163636,10.1922267586063,24.9344962869337,94.092831581374,6.90225984571349,60.7820787789667,4.45872118677002,127.748039744025,9.37106632114941,75.1418018393213,5.51209090908872,43.0877647290243,3.16073970070177,105.746526253943,7.75712654959318,18.9510297420527,1.39016893662477,10.9045086065133,0.799909521554592,26.6770388649712,1.9569169198717,69.3750862982403,48.644400517961,89.0439510266233,54.9820795424698,35.5501831418812,73.8462239292376,14.3930067557705,9.65984072316571,18.5605131683417,82.4523809523809,77,71,80,21.2212,19.6,21.99,1.27406708943639,1.17528770048115,1.38114858831617,1.52987591263883,1.31553422512911,1.77914056766011
"IT075C","Latina","IT","Italy","Southern",12.9037789,41.4672827,94883.5733967391,FALSE,0.153481977352599,2.63091990299744,1.98049199179548,0.333376977730193,0.621911377381043,1079.69869926467,88.4059797786492,61.4714965944344,114.653554304196,72.1232710058753,47.5841738905935,95.1864361553459,16.2827087727739,8.86760042375132,23.4350167369171,93.1731137580528,8.18802318080573,64.7862368519807,5.69339359548174,120.836041687419,10.6190323635919,76.0123891037539,6.67994423397887,50.1500651663155,4.40717154915539,100.31919408994,8.81601841515347,17.1607246542988,1.50807894682686,9.34576988018041,0.821303242264772,24.6987080038898,2.17051449194831,89.1330721101948,66.7117328546865,110.755033244877,72.6766648795575,52.4358881968656,92.8523145365565,16.4564072306373,10.8786773419674,21.6106635883971,81.7428571428571,76,67,80,22.04,19.9,22.97,1.51021740208424,1.37745546305565,1.65577520488292,1.38390067539064,1.22152829320103,1.56785650402573
"IT076C","Vicenza","IT","Italy","Southern",11.5478825,45.5488306,89037.7055701629,FALSE,0.0598292880438464,0.534772882373979,0.742949292434116,-0.197789290260726,0.272222829148514,1062.20887166533,74.9914195533063,50.1102531851534,98.9594157681553,59.2596448584939,36.560389644348,80.5535379442691,15.7317746948124,9.48425636557701,21.8516211665631,84.224339646996,7.05995040652735,56.2798118665197,4.7175517472934,111.14326805083,9.31638008379712,66.5556737777756,5.57890697764429,41.0616933693759,3.44192094602152,90.471264312614,7.58358738032164,17.6686658692204,1.48104342888306,10.6519550395459,0.892880545302504,24.5419859222942,2.05718684426954,73.2150759667959,54.2212445282979,91.4812703785532,57.6934365132749,39.3026341212796,75.6752325633599,15.521639453521,10.9857089308696,20.1892257222274,82.6,77,75,82,19.9712,19.48,21.29,1.32061602201928,1.21869525771006,1.43106052688764,1.46569857735997,1.28875044911299,1.66694205317532
"IT077C","Terni","IT","Italy","Southern",12.6405466,42.5641417,90881.7691703556,FALSE,-1.28999379871143,0.0553710354806347,1.13244185710143,-1.72710563620591,1.37743968905862,1419.61312439484,85.8211428927138,50.621687632513,121.729708924526,65.8654445997323,33.281878864278,99.2786852891022,19.9556982929815,9.89027027223364,29.6169112345605,94.4316375838197,6.04538950915223,55.7005966043905,3.56587909498881,133.942934909582,8.5748509106252,72.4737702632848,4.63967566007181,36.6210728159263,2.34443302138853,109.239384527173,6.99336203526741,21.9578673205349,1.40571384908042,10.8825679369144,0.696687717398338,32.5883964462051,2.08626637255032,63.4973609593206,42.4717555616042,84.5425281531709,48.1133472577817,27.260811039411,69.0426354733169,15.3840137015389,9.27925327945956,21.268976302282,82.7476190476191,76,61,80,19.11,15.24,20.2,1.28066489132666,1.16184079628303,1.41164139624272,1.48836869589395,1.27157689582168,1.7421214416495
"IT078C","Novara","IT","Italy","Southern",8.619655,45.4464036,83658.0067385406,FALSE,-0.597877013037929,0.965621317494708,1.04884575538185,-0.0916961437912907,0.136311536717859,1182.67377564538,93.9841029886647,65.9385727173313,120.526948280596,75.9573333164608,50.0646999746529,100.462964429966,18.0267696722039,10.9448803058653,24.2605639174886,112.343225296291,7.9467478626875,78.8192012790975,5.57538131606486,144.071025571148,10.1910561274452,90.7950551031571,6.42250930735412,59.844481032308,4.2331791746488,120.08768598079,8.49456261724788,21.5481701931335,1.52423855533338,13.0828843915344,0.925435274819784,28.9996915576903,2.05133185643266,88.0196026026275,66.8049209391146,108.573457713347,70.8152415399279,50.6366773127189,90.1349237732446,17.2043610626996,12.5616740437632,21.7085675740262,81.7333333333333,77,75.975,80,20.15,19.88425,20.99,1.34971872650905,1.23691266294102,1.47281266921275,1.46908796102632,1.29696041427372,1.66405960697038
"IT079C","Alessandria","IT","Italy","Southern",8.6153899,44.9129069,76817.8313117778,FALSE,-1.05123326370748,0.825007114318091,0.933068653111276,-0.686377256659625,-0.153739586063613,1373.60633945664,99.807116549937,65.0464922268824,132.826261923664,80.2022591683928,48.220364845542,111.316874681153,19.6048573815442,11.665947796554,27.1180530929528,129.927016742836,7.26606405947559,84.6762934023488,4.73545370012001,172.910715722456,9.66989290222747,104.405784176435,5.83880962577085,62.7723589980453,3.51049376087014,144.910202202084,8.10398667242515,25.5212325664007,1.42725443370474,15.1865102116796,0.84929338642749,35.3017686517206,1.97422305896462,86.4942250268184,61.1443823168653,110.420178103303,68.9298797467118,44.29506766641,92.2452323492553,17.5643452801066,11.9919953191816,22.8856357514277,81.7333333333333,77,76,80,20.32,20.04,21.13,1.27041497302651,1.17131250189427,1.37790231136423,1.4294025467468,1.27227077888422,1.60594086931565
"IT080C","Arezzo","IT","Italy","Southern",11.8781675,43.4628957,80895.4823544921,FALSE,-1.31059033819693,-0.116707691611957,0.963440873697144,-2.1094348111704,1.11286257191131,1158.23364892981,69.6711344976793,41.100715890701,98.3856180123083,50.9977690525596,25.5754572231661,77.7399546587409,18.6733654451198,10.3375872423811,26.6653408682852,86.1248767791179,6.01529186810055,50.8071831633237,3.54856862677728,121.620658099512,8.4944534380619,63.0415538275453,4.40306401905009,31.615433246435,2.20814317100849,96.0992535010505,6.71194061151403,23.0833229515725,1.61222784905046,12.7789425830737,0.892530384688168,32.9627070538191,2.30224194340438,61.8245580343841,41.1104944996696,82.3612536336211,44.6935417528649,24.7819058906349,65.8252610082204,17.1310162815193,11.3675554062147,22.8954008775041,82.6095238095238,76,60,79,19.12,14.89,19.9,1.22723956992341,1.12511127223706,1.33863822996919,1.53776961415763,1.3072700904278,1.80891110684913
"IT081C","Grosseto","IT","Italy","Southern",11.1137389,42.7597261,66964.7505864781,FALSE,-0.164667880547081,2.62175212631925,2.61375067080419,-0.503837233556834,1.38674579223692,1024.82266133458,70.0357070906621,43.3878501606319,95.9571332829342,56.4851621323751,32.0928320815359,80.8844673881691,13.550544958287,6.21426320137854,20.3223645687682,104.58592987697,6.83393427302418,64.7920731140497,4.23369347669675,143.29499093559,9.36329151406293,84.3505898815083,5.51170112288669,47.9249632089518,3.13154980782168,120.78663278782,7.89253306350947,20.2353399954621,1.32223315013749,9.27990195879765,0.606374491493583,30.3478537451192,1.98301280167863,71.8796090516231,48.8560548407605,92.7968513756192,57.4378715655602,35.4288257923962,77.8650536414162,14.4417374860629,8.69068629704666,19.8278895733726,82.6095238095238,76,61,80,21.34,17.62,22.26,1.4476358949218,1.31791342452929,1.59012697288103,1.35003424723528,1.20836355510711,1.50831466325263
"IT082C","Brindisi","IT","Italy","Southern",17.945526,40.6395295,71054.1516662455,TRUE,-0.86618701654148,2.80157041657903,2.32540726742922,0.561831213413844,0.707073317123074,910.004447378715,73.799128051086,55.0958243952093,92.1376188008021,61.8005878788712,43.6943110534849,79.814238675258,11.9985401722148,8.34438253033188,15.508565295413,103.863217448199,8.10975465709709,77.5406124810336,6.05445660775767,129.672393013134,10.124963572014,86.9767443979347,6.79124020293406,61.4943814384347,4.801549176968,112.328747586996,8.77075259414,16.8864730502648,1.31851445416303,11.7436945409284,0.916960631826364,21.8264027248677,1.70422961558987,90.1591614667789,66.9996644970739,112.144505667311,75.3283040970578,53.475085153288,96.9661456329279,14.8308573697211,10.3700892860256,18.9717969473909,82.1380952380952,77,76,80,23.54,23.27,24.3,1.45962788193663,1.35987890680954,1.56669358062571,1.41966855450178,1.31378644503266,1.53408403037
"IT083C","Trapani","IT","Italy","Southern",12.515992,38.0174321,54788.0393921748,FALSE,-0.788200937968564,2.83239439343134,2.45404127767363,0.330565171584676,0.123519430396933,749.493306445904,63.2129983815537,43.1166356766905,82.2291303857856,51.8521973360938,33.175653922619,69.4674863830095,11.3608010454599,6.57789780611581,15.8310291674989,115.377369007627,8.43409778818568,78.6971684970511,5.75277127972624,150.085915280134,10.9712961648338,94.6414544330266,6.9183002556723,60.5527306519339,4.42641096822304,126.793159882504,9.2685932997086,20.7359145746007,1.51579753251337,12.0060835888486,0.877645970890413,28.8950459682995,2.11223089403822,96.6438011774004,71.3887556677493,120.297966942856,79.0236696354801,55.2342181254448,102.122716975081,17.6201315419204,12.0912307912039,22.7207784503493,81.0190476190476,77,74.975,80,23.4612,22.965,24.11,1.5252435733659,1.36196567416051,1.70809588099781,1.37998622895472,1.22763054843865,1.55125008458508
"IT084C","Ragusa","IT","Italy","Southern",14.7213455,36.9219828,56234.6242662739,FALSE,-1.58291697705052,1.56701628042314,2.2433752360886,-1.01911807479592,1.1203042581283,700.483979067604,50.1709174638246,30.914388859075,69.4032407157739,41.600082119952,23.3092012362712,59.5718443779296,8.57083534387264,4.19940452921662,12.5972941093337,89.2171293370126,7.16232190357955,54.9739404547166,4.41328992280799,123.417274715211,9.90789836594903,73.9759225970346,5.93876282157441,41.4499101583766,3.3275852029189,105.934457916628,8.50438356309363,15.241206739978,1.22355908200514,7.46764930682602,0.599500438940279,22.4013128454186,1.79837005353094,82.7551430343593,57.2235827195659,107.415346141667,68.4741745272752,43.2535645908881,93.4077940310792,14.2809685070842,8.55620578051477,19.4884517161769,81.0190476190476,77,65,80,22.4712,19.84,23.01,1.37351470819052,1.22174863169034,1.54413322403773,1.35835081655019,1.20755374207721,1.52797915035121
"IT085C","Andria","IT","Italy","Southern",16.2954806,41.2275731,77944.2220162937,FALSE,-1.22591016097091,1.50749697309406,1.11470974919038,-0.0981739136072969,-0.251799290551572,863.056899085466,69.3392906233598,46.1517032600282,90.8820406744713,57.9019646106309,36.1533550748906,77.6970646013702,11.4373260127289,6.36017004503819,16.1074552568954,88.9601420473027,8.03415055216347,59.211192396507,5.34746936255682,116.598816850687,10.5302490219097,74.2864103493481,6.70893943052729,46.3836242631724,4.1889885954449,99.6829047637785,9.00254255353286,14.6737316979545,1.32521112163618,8.15989932352989,0.736935195324632,20.6653615113744,1.86632599472452,91.8661725204842,66.8030542436852,115.58448561563,76.7688372970837,53.1296899125758,99.2426725159871,15.0973352234006,9.8218338918878,20.0659234929102,82.1380952380952,78,76,81,21.8068,21.24,22.54,1.35115058258639,1.22701812444963,1.4878410191719,1.39287485989114,1.23990483226314,1.56471716605506
"IT086C","Trani","IT","Italy","Southern",16.4162585,41.275088,43549.9055490898,FALSE,-1.03603255685885,1.87694964905782,1.46808847152027,0.435339017083934,0.144220554845178,482.217224912518,39.5956586064755,27.59972847569,51.4703135684865,33.797714942288,22.2268236613852,44.7174295748236,5.79794366418743,3.20591218673249,8.43553870092441,90.9201939872015,8.21116637085263,63.3749445095337,5.72350531043288,118.186969453857,10.6736779420984,77.6068616364529,7.0088153629144,51.0375932648832,4.60929691290425,102.6808876185,9.27329578136411,13.3133323507486,1.20235100793823,7.36146759978334,0.664827389215326,19.3698208861,1.7493233889467,93.8836487888877,69.6649832472,117.623979497288,80.1881962717314,56.7845098102482,101.955139203043,13.6954525171562,9.11077096343381,18.272028181492,82.1380952380952,78,76,81,22.8668,22.3356,23.59,1.39936152907658,1.27428231618152,1.53671809158231,1.37172122358223,1.2345303775586,1.52415780885603
"IT087C","L'aquila","IT","Italy","Southern",13.3979672,42.3489203,57180.6290696013,FALSE,-1.97886286848934,-1.03366900727449,0.10950176319888,-2.80339013509241,0.0706767288825324,818.890560363415,48.1709879841019,25.3755091039372,70.9214042424424,37.0099187290806,15.6524934161311,58.7573151591988,11.1610692550213,4.644889216415,16.9950412961521,84.2435432556492,5.88246956500807,44.3778068146989,3.09876683554343,124.030472200849,8.66066940751744,64.7245742680296,4.51951952073498,27.3737691781575,1.91142677346099,102.757378005895,7.17523415254939,19.5189689876197,1.36295004427309,8.12318663154467,0.567217335409709,29.7216759813283,2.07537394112956,63.444870567666,37.1248314123733,88.2477482138384,48.1845606127044,22.7996617096133,72.714304388986,15.2603099549617,7.88183572029772,21.5525928718682,82.1190476190476,77,61,81,15.65,11.8,16.73,1.14573466022511,1.02527536700151,1.28034667942941,1.39110577455849,1.19678037424791,1.61698446736821
"LT001C","Vilnius","LT","Lithuania","Northern",25.2829111,54.6870458,429750.293079655,FALSE,-1.77942264257739,-1.4244842329485,-2.37274948453472,0.936530587365871,-1.68515471183236,6659.44484597004,663.099966628045,341.929295085034,951.688367497717,615.769521995314,308.691068753469,891.59564130984,47.3304446327314,-16.3121158663101,102.512928275735,154.298898059189,9.95728595949436,79.564645002268,5.13450149364857,221.451476083419,14.2908063586356,143.285422234995,9.2465593790141,71.8303335039848,4.635387421825,207.468303260606,13.3884379543948,11.0134758241942,0.710726580480255,-3.79571954434632,-0.244947082581236,23.8540682639475,1.53936147301785,176.424018049379,98.844216261493,248.36175714372,163.910847372341,87.2598277709323,233.159598336504,12.5131706770382,-1.38611623762259,25.3451412858164,73.5809523809524,82,79,99,16.36,15.63,23.5344,1.16288623477198,0.9877227110256,1.36911339582138,1.14138456387644,0.925102389021912,1.40823192990863
"LT002C","Kaunas","LT","Lithuania","Northern",23.9044817,54.8982139,262202.472171428,FALSE,-1.36099345688784,-0.257724755368109,-1.72385103301158,1.46767270627571,-1.73612005742463,4694.7634916064,488.894563768711,279.703753587458,673.359705775292,457.94517912267,258.826623305878,636.321996568351,30.9493846460412,-7.71541407728362,66.1976357380015,186.456885673096,10.4136143310049,106.674720215676,5.95778155997698,256.809060646479,14.3427822717623,174.653265215312,9.7543823015028,98.7125030372165,5.51309184730231,242.683446612327,13.5538669350652,11.8036204577837,0.659232029502115,-2.9425405540186,-0.164340846798305,25.2467626219487,1.4100313222669,181.108825102077,107.992106104792,245.364014864947,169.635079319916,97.0954954526302,233.384789599754,11.4737457821607,-0.415209808008446,22.386277018904,73.2333333333333,82,79,99,16.78,16.1,23.82,1.24083190044644,1.06522480154093,1.44538861932081,1.13709973293291,0.932571434449217,1.38648446099976
"LT003C","Panevėžys","LT","Lithuania","Northern",24.3578055,55.7344985,83426.0960761901,FALSE,-1.13269335822312,0.302288773837939,-1.84458017259622,1.5055948645931,-2.50059960095367,1679.36262613017,179.508160097789,103.314203868945,251.661537133251,168.326379918101,94.8009586925356,238.154750767145,11.1817801796875,-3.31856234096459,24.3316731566305,215.170274698998,10.6890648454787,123.839192684495,6.15198899043125,301.658053019066,14.985538752471,201.767058312755,10.023230081402,113.634657680682,5.64505588117021,285.467931460735,14.1812582381886,13.4032163862439,0.665834764076784,-3.9778468573357,-0.197608443187265,29.1655420797938,1.44886356157032,189.911480667144,112.842762165072,263.475822295243,178.044737028108,103.355176572242,248.066924669424,11.866743639036,-1.38714473953384,23.831170017121,73.2333333333333,82,79,99,16.6592,15.9924,23.7788,1.25242328557041,1.0698863576041,1.46610345583957,1.11445504520294,0.913560625951414,1.35952668328367
"LT004C","Alytus","LT","Lithuania","Northern",24.0459268,54.3961344,44507.058000623,FALSE,-1.83683785343742,-0.143052553704445,-1.98616135848491,0.961042452942965,-1.70018699743574,899.834858881416,91.9987985690997,52.7148376735427,129.093266278228,85.9618912295932,48.2949184853931,121.279978129615,6.03690733950652,-1.45295612923153,13.2848714629467,206.70608820698,10.2239647265347,118.44152375294,5.85827912235724,290.051223508012,14.346328662873,193.142155629316,9.55307414256571,108.510696179282,5.36708686140793,272.496056980261,13.478026210318,13.5639325776645,0.67089058396904,-3.26455217330067,-0.161469197919015,29.8489094982659,1.47636772812526,180.173575618196,108.413072446744,249.528994659184,168.28166261114,96.5983668700083,232.492254251557,11.8919130070561,-1.02289080213088,24.151481806676,73.2333333333333,82,79,99,16.71,16,23.7032,1.21154518413172,1.03554592706916,1.4174569131348,1.12665170739074,0.925057393514042,1.37217871957606
"LT005C","Klaipėda","LT","Lithuania","Northern",21.1350469,55.7127529,126820.371326546,FALSE,-0.753273603514681,0.622156655281796,-1.09269613167502,1.32035444436777,-1.46062607159232,2192.29792125336,216.200182304493,133.575440979751,293.886286752118,205.295719560929,125.609165242923,281.442580573834,10.9044627435642,-3.60844803549655,24.5642038616855,170.477487207325,9.86180665540609,105.326486259697,6.09294200778077,231.734289750185,13.4053991432013,161.879134569256,9.36440789231599,99.0449435915117,5.72956640724772,221.92221772412,12.837788963141,8.59835263806843,0.4973987630901,-2.84532208646928,-0.164596608905854,19.3692887071241,1.12047745078561,174.760843977446,115.031700138231,232.499130966407,165.964507806566,106.747144539586,221.938200555803,8.79633617088047,-0.482842966771675,17.6539929197201,73.2333333333333,83,80,99,16.74,16.07,23.4188,1.29626110569205,1.13420340605164,1.48147399766623,1.12547184691208,0.943975493643451,1.34186415507744
"LT006C","Šiauliai","LT","Lithuania","Northern",23.3157775,55.9340823,87042.1692653059,FALSE,-1.50963293324286,0.221470188240451,-1.76959674338261,1.00054468483147,-2.21818264099968,1685.61096408326,173.204884155169,97.7703539778631,242.557902385732,162.885346019194,90.2026432048656,229.511389830586,10.3195381359756,-3.74947181606081,22.9398610727548,198.989622635941,10.2754958199604,112.32527268462,5.80029176726651,278.667115529269,14.389910101092,187.133831100552,9.66328230475061,103.630968720376,5.3513322544104,263.678389185168,13.6159170010744,11.8557915353896,0.612213515209782,-4.30764978367251,-0.222439928070829,26.3548820834574,1.36092263052115,187.66070611681,110.824847013422,260.577358336777,176.477204664582,101.633367622134,244.676809587665,11.1835014522279,-1.66967852911242,22.7257939513143,73.2333333333333,82,79,99,15.94,15.2924,22.8632,1.2280699815656,1.06016855257202,1.42256236139401,1.11463418108667,0.908600794999355,1.36738748687495
"LU001C","Luxembourg","LU","Luxembourg","Western",6.129799,49.6112768,70073.9188196429,FALSE,0.614503983120852,-2.85474485415689,-1.06757508622658,-1.30768609594318,0.574381558710621,643.289907716323,30.0504348293631,12.9360749792912,47.8257119371398,26.5222492491989,9.28275324748091,44.5122124534758,3.52818558016421,1.90128672595681,4.95857457545129,42.883907929721,4.67136736779255,18.4606130172144,2.01092459622354,68.2503743799946,7.43455032691573,37.8489596356987,4.12290771719904,13.247087366946,1.44301241728394,63.5217969870386,6.91946382487081,5.03494829402235,0.548459650593503,2.71325873874753,0.295556747144747,7.07620561112577,0.770814918122097,54.899408720831,29.5477980757294,78.9235609457442,48.7101721161185,23.0606612005608,73.347583830846,6.18923660471255,4.39219454165384,7.75193744386076,80.6285714285714,92,63.95,93,19.13,12.67968,19.51,1.15565075952518,1.06329155889399,1.25603242762531,1.31890498541288,1.20297790495007,1.44600358276667
"LV001C","Riga","LV","Latvia","Northern",24.1051846,56.9493977,550510.557224466,FALSE,-1.06671165465955,0.208371418400359,-1.09859858596894,1.91344165333697,-1.39104174894289,9474.05234410773,993.047465889921,611.579054165052,1350.20467127109,928.928779951633,557.003612281685,1276.77368017474,64.1186859382889,-11.715614205692,133.916375604869,180.386634344782,10.48176038955,111.093065544188,6.4553058390628,245.264083231841,14.2516066222795,168.739503313988,9.80497833674488,101.179460588359,5.87925411482561,231.925376074875,13.4765318345408,11.6471310307942,0.676782052805173,-2.12813615505561,-0.123660011367558,24.3258505849627,1.41350681567805,178.539210050729,117.543444981907,237.689529119233,167.006422132477,104.122868297261,224.890681625666,11.5327879182523,0.65681497278118,21.3467605182836,73.1263157894737,82,79,99,16.49,15.85,23.5144,1.29605552949801,1.12683523639477,1.49068815146095,1.13943450255157,0.946746266919371,1.37133995767369
"LV002C","Liepāja","LV","Latvia","Northern",21.0070903,56.5048435,61452.9363960622,FALSE,-1.17490978083518,1.08537381397115,-0.971831506530085,1.19994610799671,-1.35267480654243,1204.10036871848,120.000709685065,74.6477127578394,162.30390334476,113.90034776432,69.3633934677387,154.516330766367,6.10036192074573,-2.33211499234269,14.284795777876,195.27253980455,9.96600555921945,121.471352120161,6.19945933886615,264.110899923018,13.4792669748536,185.345655462638,9.45937321533617,112.872382567196,5.76059897245627,251.43848256577,12.8325125363775,9.92688434191182,0.506632343883288,-3.79496103703212,-0.193681112715277,23.2450987952975,1.18634593502195,188.909399167096,124.534600127455,252.530943945223,179.313718793979,115.467447641738,242.202895318401,9.59568037311745,-1.25773461187247,19.7873341275684,73.1263157894737,83,79,99,16.3248,15.52,22.6732,1.29899808019645,1.13805154479422,1.48270613934203,1.12113793058258,0.937571003488996,1.34064540681557
"LV003C","Jelgava","LV","Latvia","Northern",23.7339143,56.6514394,45459.6988239776,FALSE,-1.63539178395847,1.50461733728956,-1.15427331338442,1.67188924215641,-0.622322445024517,847.589772573037,86.8760292813395,53.0063587685458,118.586508809306,81.1324050608075,49.0831349915914,111.302627657169,5.743624220532,-1.02299939812357,12.3775049056162,191.105597988513,10.2497731912938,116.60076978026,6.25377517329331,260.860744521162,13.9910263958603,178.471057133389,9.57213119909565,107.970655902592,5.79090694341312,244.838022548585,13.1316624219387,12.6345408551245,0.677641992198186,-2.25034354513583,-0.120695108792788,27.2274239069259,1.46031786910803,197.061274290243,127.278048776379,261.966888556528,184.075416475384,116.229989897161,247.698302758704,12.9858578148592,0.471356372570542,25.3168123982247,73.1263157894737,82,79,99,16.52,15.89,23.5944,1.32925353907449,1.15394696593026,1.53119252730792,1.12973046188326,0.935088038308671,1.36488850698533
"LV004C","Daugavpils","LV","Latvia","Northern",26.5159337,55.8712267,77856.5957041482,FALSE,-2.19758163581906,0.225955084531765,-1.77218450015979,1.20070636988651,-1.33059656102495,1727.88877467066,179.673989440074,102.401684391525,251.296498721864,166.670026061565,92.7981255665248,234.342786673789,13.0039633785094,-2.47159835658566,27.3602879390867,230.775553201462,10.3984696280187,131.526023537745,5.92640486428547,322.768413451804,14.5435575718559,214.073097538073,9.64587700926132,119.191090654867,5.37060758347783,300.992850450695,13.5623768213006,16.702455663389,0.752592618757416,-3.17455230893684,-0.143041519385803,35.1419011987818,1.58345191774868,218.874951696323,129.567724992474,300.235774870302,203.040010446858,117.160820860949,282.01982980319,15.8349412494645,0.143847305298954,30.6926318665741,73.1263157894737,82,79,99,16.3,15.62,23.4444,1.23323938132452,1.05706378512918,1.43877729333411,1.13220611907595,0.925527358057702,1.38503814599624
"LV005C","Jūrmala","LV","Latvia","Northern",23.7886979,56.9727164,38522.72312,FALSE,-2.08436118572936,0.613431425958381,-1.37163870391661,0.651654727503427,-0.697456775426616,613.409589572354,59.3276814113532,34.3377738869375,81.7748173531165,55.4486224341766,31.7984350391888,76.8190689255554,3.87905897717659,-1.12766412138555,8.46949040304139,154.006977197704,9.671789032955,89.1364137991329,5.59785410444536,212.276834891408,13.3311931771603,143.937442484145,9.03941238884662,82.5446190294887,5.1838829356022,199.41235381066,12.5232911632684,10.0695347135589,0.632376644108372,-2.92727001119008,-0.183835424250819,21.9857001714509,1.38072350791679,169.614456203515,106.081420310606,227.795623512449,158.583996765283,94.9811217539675,215.328255462048,11.0304594382318,-0.661483885262067,21.5643780357145,73.1263157894737,82,79,99,16.44,15.83,23.26,1.24895650316928,1.0865588009198,1.43562625924005,1.11974714582977,0.93611521104573,1.33940102222381
"LV006C","Ventspils","LV","Latvia","Northern",21.5635991,57.3903918,28409.1624140391,FALSE,-1.22275191863938,1.688379874793,-0.40501445344235,0.842948426167634,-0.484734574487435,556.645214107613,51.9992085742847,33.3707763926047,70.1538061319218,49.7251749033589,31.2687151914639,67.5862494351148,2.2740336709258,-1.12507550600974,5.6035784419104,183.0367534827,9.34153519268954,117.464837246007,5.99498128194691,246.940776040808,12.6029658306483,175.032175108359,8.93301040647155,110.065600441679,5.6173509443699,237.902999215899,12.1417103250346,8.00457837434176,0.40852478621799,-3.96025581329266,-0.2021171614335,19.7245464693505,1.00666965239139,177.112029177488,117.438142034386,231.435735462183,169.371082946029,112.287439760955,224.273192120649,7.74094623145855,-1.4259631215473,16.5545723263424,73.1263157894737,83,79,99,16.04,15.24,22.45,1.32796062186847,1.17803225310133,1.4969704000809,1.12093619621424,0.940550745862366,1.33591723945868
"LV007C","Rēzekne","LV","Latvia","Northern",27.3306623,56.506281,23836.9978568367,FALSE,-1.96429974182986,0.272459782715786,-1.8436184551458,0.915916218780354,-1.94909743371138,529.019804246107,54.0788904919943,29.9649965983746,75.8778601854108,50.4496884602982,27.2159356787035,71.4595529933814,3.62920203169611,-0.98915902604214,7.80265027041211,226.869553023364,10.2224699449694,125.707930077195,5.66424855135187,318.319700497218,14.3431039020444,211.644472862294,9.53644609433721,114.175181967798,5.14459675427241,299.78419859146,13.5079164182174,15.2250801610708,0.686023850632207,-4.14967955269769,-0.186979583392301,32.7333597849623,1.47492593052003,215.189990659174,126.043896158721,296.647616141313,200.752234464125,114.033280727245,278.72058848987,14.4377561950488,-1.20416937839729,28.2520025389368,73.1263157894737,82,79,99,15.9,15.25,23.06,1.21894266595928,1.03641820017796,1.43361166625673,1.11766935445685,0.917173423847007,1.36199409338791
"LV008C","Valmiera","LV","Latvia","Northern",25.4261688,57.5389148,18165.2418916988,FALSE,-1.98834176115016,0.19596437571986,-1.83109318359108,0.766868926719495,-1.87240868142756,358.532337774974,36.7098958663769,21.2566612660628,51.050629574587,34.1948586398984,19.4709682728968,47.8525603367996,2.51503722647854,-0.476045852276758,5.38376952934572,202.088670689008,10.2389357942427,117.018322094443,5.92879889105126,281.034680842407,14.2387796569212,188.2433432143,9.53745451584905,107.188048411261,5.43074256390157,263.429249233765,13.3467905946139,13.845327474708,0.701481278393655,-2.62064141570447,-0.132776266495531,29.6377530310015,1.50161337266173,190.08814452336,113.870130632733,260.28360461524,177.052936212816,101.923783415206,244.118086772443,13.0352083105439,-0.25394384436707,25.0345325235265,73.1263157894737,82,79,99,15.7,15.07,23.0688,1.21339789848775,1.04420910722313,1.40999963500593,1.117314166236,0.90190460048065,1.38417183525436
"LV009C","Jēkabpils","LV","Latvia","Northern",25.9421273,56.4627701,3701.91035566348,FALSE,-2.94924781515163,-0.0441992783505346,-1.83311426303459,0.000350494499681553,-0.822997048796229,69.0216045775386,6.59684677432096,3.55919467164297,9.37310317016873,6.13006565488801,3.25882322735748,8.81447193435909,0.466781119432958,-0.141729520977225,1.00893940184695,178.201148610435,9.55765490341519,96.1448098330591,5.15663855314257,253.196384289236,13.5799554755917,165.591952963144,8.88137227815606,88.0308520267617,4.7214538799899,238.1060341149,12.7705984065568,12.6091956472916,0.676282625259136,-3.828550865917,-0.205340808642034,27.2545606163423,1.46177332158877,183.864172372161,107.754445701935,254.406753691884,170.911080243036,96.4273042539808,240.160650000571,12.9530921291249,-1.68378275469662,25.5661848347712,73.1263157894737,82,79,99,16.2,15.54,23.4288,1.17313799940535,1.00283766113175,1.37235847733882,1.1208305838331,0.919379206149124,1.36642333136681
"LV010C","Ogre","LV","Latvia","Northern",24.6074393,56.8192045,26518.11456,FALSE,-2.6377301210519,0.300998143935617,-1.71642205139452,0.367636769795029,-0.727172543119141,422.256384051862,40.9810114251556,23.209953037741,57.5135031368588,38.0874053177872,21.2861852962977,53.7978363264168,2.89360610736839,-0.798518780200129,6.29293967292068,154.539687700767,9.7052437743895,87.5248991975883,5.49664940883175,216.883832395884,13.6205171334473,143.627878338071,9.01997145722472,80.2703572613939,5.04105706870338,202.872026232082,12.7405619804221,10.9118093626955,0.685272317164776,-3.01122004127932,-0.189107568377712,23.7307205935861,1.49031249984554,170.166368465319,102.919394800623,235.596101374031,158.230634491471,92.3238581063519,220.159861638646,11.9357339738482,-0.917396194714127,23.2943265454469,73.1263157894737,82,79,99,15.87,15.23,23.2444,1.20938920471058,1.04255988555894,1.40291437329411,1.12433899608848,0.910288023187513,1.38872328968877
"MT001C","Valletta","MT","Malta","Southern",14.5136759,35.8989818,170360.592541387,FALSE,2.13812792797252,1.71213999018467,1.70317038961436,2.51503510920447,-0.349709634656125,1607.56293945532,144.366446420151,97.8555029647141,186.984426288476,119.65811563415,77.1989162096971,159.080744944526,24.7083307860005,12.8781387934821,35.7131319193468,84.741690708242,8.98045375872282,57.440222239742,6.08719575221544,109.758027663029,11.6315462181425,70.2381424301989,7.44344825930691,45.315008041512,4.80223289023158,93.378839889794,9.8957708616016,14.5035482780432,1.53700549941591,7.55934139543069,0.801097019432749,20.9632588068574,2.22156974652869,105.753778185091,79.8883239235059,129.732457529101,88.0308202214586,63.9639182382388,110.204238071431,17.7229579636323,11.5051962752619,23.6110690591249,80.7238095238095,77,74,83,24.09,23.59,24.93,1.60441698301345,1.43229449744312,1.79722386700309,1.47838380425431,1.26659225791549,1.72558979341818
"NL001C","Amsterdam","NL","Netherlands","Western",4.8936041,52.3727598,616727.189124213,TRUE,2.91472783501197,-1.50741355831958,0.403973358170719,0.126028783222855,0.696007821725822,5475.18309974729,188.628218595764,72.7019715841627,291.341781442388,154.012842437697,43.4346479632669,253.047394035151,34.6153761580668,20.1563803860729,47.9916448536285,30.5853579868314,3.44514905089603,11.788351943329,1.32784548497599,47.2399768617481,5.32113312257694,24.9726046060015,2.8129258808679,7.04276521762345,0.793300373192481,41.0306856090603,4.62171564722339,5.61275338082995,0.632223170028131,3.26828146083458,0.368140754726599,7.7816651673456,0.876530409655955,43.3546827345651,20.0264680069952,64.1894716058353,36.3613114222248,11.8347391017057,58.19258310061,6.99337131234027,5.10256644921772,8.65616679099121,80.6952380952381,92,54,92,18.54,11.43,18.54,1.29298830334214,1.20770990630488,1.38428834925657,1.54708456187056,1.40785677133452,1.70008106670499
"NL002C","Alkmaar","NL","Netherlands","Western",4.7503798,52.6312592,96124.4366338048,FALSE,1.99058221266107,1.43475374387551,1.25278152542103,-0.680287524187032,0.697303215621946,1072.88486105729,40.9762537410783,3.88129286281409,75.4635152511073,36.3089522995227,-0.22862689050833,70.6400875670254,4.66730144155551,0.807918692065324,8.12791770663948,42.6283421531834,3.81925919811166,4.03777956858176,0.361762291900474,78.5060676491585,7.03370119108031,37.7728635620983,3.38423568245165,-0.237844713076765,-0.0213095457683153,73.4881680879292,6.58412567192082,4.85547859108506,0.435023515660015,0.840492511954237,0.0753033919473097,8.45562064265049,0.757575952617103,45.0790477593773,9.84159992610155,78.037031998064,40.2188603000813,3.15078585032977,75.2124812406143,4.86018745929602,2.27812290421372,7.12698061051834,80.6952380952381,93,49.975,94,18.47,10.54425,18.74,1.40487386150767,1.25232747537653,1.57600196877742,1.36213282445553,1.18463211492904,1.56622955605956
"NL003C","Almelo","NL","Netherlands","Western",6.6636219,52.3563585,54878.5757269841,FALSE,0.953114817319137,0.539045512066241,0.196753212979496,-0.590459198866882,0.0929752480370007,685.930354378593,24.4845885538954,6.48812188833241,41.4860812143199,20.936112386501,3.3866271734521,37.8250864015298,3.54847616739439,1.3064821733543,5.61530605173992,44.6159329566131,3.56954440018575,11.8226863623616,0.945886393117886,75.5961332172856,6.04814773825011,38.1498829172539,3.05222130101936,6.17112803783441,0.493727555842045,68.9250511706173,5.5144208388032,6.46605003935914,0.517323099166398,2.3806779896292,0.190468633588594,10.2322372207245,0.818640845370813,46.814287401862,19.8275003444551,71.9990183549076,40.2599049603988,12.3720196771511,66.47525615354,6.55438244146322,4.11343060516066,9.00680475826698,80.3333333333333,92,57,93,19.18,11.97,19.5308,1.28076375343743,1.17407543569426,1.39714684614719,1.31708678276053,1.17840703723334,1.47208692625874
"NL004C","Almere","NL","Netherlands","Western",5.2210432,52.3657098,134886.72534112,FALSE,1.72672566081228,1.0751038270748,0.0448481143501015,-0.16739989341664,-0.659143000175704,1075.29400214643,39.5664100052464,7.62792518768592,69.4450480146617,34.4383233095314,3.05046917733885,63.4099856058084,5.12808669571498,0.730509922400388,9.31746346032267,29.3330643954662,3.67958994714624,5.65505995374665,0.709380427349134,51.4839750457574,6.4582382005331,25.5312916986004,3.20268905441563,2.26150436199293,0.283686988976943,47.0098042972342,5.89699054205026,3.80177269686573,0.476900892730607,0.541572879431222,0.0679358315904484,6.90762077347447,0.866503806561164,47.796975082663,16.3079808447214,76.6756351376739,42.7716325070905,9.18684462379982,72.6400202355509,5.02534257557248,2.6765754483849,7.42913330973115,80.6904761904762,92,56,93,18.6852,11.86,18.97,1.32589113459569,1.19202398556627,1.47479188513502,1.38323689404992,1.19043284069362,1.60726774300517
"NL005C","Alphen Aan Den Rijn","NL","Netherlands","Western",4.6561357,52.1343369,70547.8832319439,FALSE,1.61456284876473,0.484425157434155,0.327348062331105,-1.43580241048503,-0.479701442776569,752.296601145479,26.5744347789071,2.27177259674285,49.837352095522,23.0364619956054,-1.25321756196442,45.7549654832443,3.53797278330174,0.578566650391273,6.20656275362049,37.6686493789431,3.53244115930389,3.22018534457487,0.30197831457483,70.6432990082342,6.62469457121533,32.6536544262671,3.06215154508595,-1.77640703668479,-0.166585567455205,64.8566099890104,6.08203804371519,5.01499495267599,0.470289614217939,0.820104904478976,0.07690672129986,8.79765978692069,0.82501539209005,41.7559229550749,10.5489139290421,72.4471033017754,36.5965389701271,4.0036503922488,68.6700529534205,5.15938398494787,2.67224576827298,7.71688230280337,80.6285714285714,92,51,94,18.66,10.8156,19.27,1.28866834939732,1.14909921821622,1.44518949139684,1.33198469952382,1.15693511641971,1.53352008646433
"NL006C","Amersfoort","NL","Netherlands","Western",5.3896944,52.1562499,107451.4706875,FALSE,2.57399827579549,-0.58857024557137,-0.181023145838101,-0.378582663775288,-0.133774983342437,1086.83543640256,41.6926331659762,9.99770914113134,71.0641968594948,36.0336128604052,4.72888151205651,65.1512905901981,5.65902030557094,1.7541299605257,9.33098938304366,38.8013611160618,3.8361495926172,9.30439488372158,0.919891715550229,66.1360858113986,6.5386345052125,33.5347786585457,3.31546172065174,4.40094628933415,0.435105569221147,60.6332236993544,5.99458652230274,5.26658245751611,0.520687871965453,1.6324857624585,0.161397935857879,8.68391034886891,0.858546664058852,46.6647610793982,16.8058471673485,74.1328690356002,40.8455254688795,10.3245596118556,69.0234092540513,5.81923561051873,3.32776909669076,8.12319519465003,81.0142857142857,92,53,93,18.9252,11.2,19.28,1.29504120064476,1.17172617546518,1.43133416875457,1.39950782689609,1.22353371700314,1.60079132297289
"NL007C","Apeldoorn","NL","Netherlands","Western",5.9639485,52.2156457,117459.590323618,FALSE,0.261536842779822,-0.826854880944699,-0.14887908369949,-1.94124227173979,0.508201593757624,1393.85813671226,44.9593676355991,13.4199490770812,74.9523857139964,35.4904445357047,5.58095867807948,65.1271053174369,9.46892309989445,3.07928501460822,15.3423343116916,38.2764553424116,3.225533965863,11.4251625091722,0.962791601499368,63.8112098871553,5.37733243720118,30.2150249612854,2.54620205607273,4.75138612581838,0.400396462960246,55.4463923618349,4.67243427448466,8.06143038112617,0.679331909790268,2.62156968717868,0.220918107338486,13.0617979080476,1.10070988629302,38.9739631281912,19.8392050488957,58.3192388920358,31.0458424409917,10.1754141843998,51.6828878984195,7.92812068719944,4.46715066433745,11.1873163247975,80.5095238095238,92,51,93,18.94,10.5156,19.3,1.17425629116453,1.0780629709873,1.27903274154448,1.3610371500783,1.21748170500158,1.52151947440627
"NL008C","Arnhem","NL","Netherlands","Western",5.9108573,51.984257,114783.822274588,FALSE,1.00135605766453,-1.02012658917532,-0.420217555030036,-0.94812447441958,0.392394036347755,1316.001405842,46.9339152759322,16.4826148889186,76.7465030534142,38.9402138833502,9.02184023283789,69.1195277897343,7.99370139258195,3.9250761013988,11.9219385324756,40.8889635715875,3.56640312598322,14.3597020575674,1.25247699704187,66.8617768014551,5.83179491395076,33.924827655762,2.95897965689753,7.85985346546105,0.685549437317324,60.217133756345,5.25223814221616,6.96413591582552,0.607423469085693,3.41953772197021,0.298257743796821,10.3864275437315,0.905921413119449,46.163687839805,24.7372467754586,68.914998092289,38.7661331932439,16.843879376734,61.7633570388157,7.39755464656116,5.24334768174423,9.49420174496054,80.5095238095238,92,55,93,19.1352,11.61,19.51,1.20701063736624,1.11441243351925,1.30730296512803,1.38534289428263,1.24578174340917,1.54053865766842
"NL009C","Assen","NL","Netherlands","Western",6.560498,52.9952273,52039.4666381116,FALSE,0.549990724177212,0.264854553963455,0.14644850228924,-1.32579732008106,-0.292548767457896,692.207154183945,24.2708972936644,4.90713113326267,43.0505790417917,20.8664342577344,1.90387333334977,39.4366785382874,3.40446303592999,0.938177614491609,5.75749872401425,46.6394044013691,3.50630546751251,9.42963379580236,0.708910779613043,82.7267876151967,6.21932015316206,40.0973253681518,3.0144782716576,3.65851815236602,0.27504386827586,75.7822496770279,5.6972364847601,6.54207903321725,0.491827195854912,1.80281942744687,0.135534226830932,11.0637158602192,0.831759494136097,42.782238257074,15.683537224141,68.472724388306,36.7574117871428,8.53268842953406,63.5973075457447,6.02482646993116,3.43811686688242,8.49412716675461,80.552380952381,92,53.975,93,18.45,10.964,18.8,1.25318035376727,1.13190995085584,1.38744340738488,1.30040148847776,1.1472004094013,1.47406156533512
"NL010C","Bergen Op Zoom","NL","Netherlands","Western",4.2871541,51.4944756,51439.2433166547,FALSE,1.26276826399408,0.363229096802141,0.519776678098399,-1.52070457378763,0.0754449431046164,634.911525082172,24.4322726156636,3.855700119863,43.040417966875,21.0044388296959,0.836640648062642,39.0588789577207,3.42783378596769,1.03071992087274,5.70122253652857,47.4973406301119,3.84813815003618,7.49563926539063,0.607281482150444,83.6723388443382,6.77896309431532,40.8334910768316,3.30824658238445,1.6264637543604,0.131772792745314,75.9320636139187,6.15186170272553,6.66384955328035,0.539891567651738,2.00376182543692,0.162340716801343,11.0834105809691,0.897955433363839,50.5080301947081,15.6506537491696,82.8121020738641,43.767007713835,8.21281386042759,76.3843264714817,6.74102248087303,3.76189567802858,9.48712179770118,80.4952380952381,93,52,94,19.5108,11.32,19.85,1.29730198241966,1.17031054262456,1.4380733765037,1.34766056590015,1.17710125013607,1.54293354175978
"NL011C","Breda","NL","Netherlands","Western",4.7760237,51.5887845,134394.67119371,FALSE,1.61715477877757,-0.211892328909753,0.132979224942828,-0.915239037535295,0.112093648787988,1658.82544432546,64.1572710849688,17.1047293866058,106.258965401651,54.8695076392502,7.76821638923343,96.812632993941,9.28776344571854,3.39735882879263,14.8561430323289,47.7379575507839,3.8676324446577,12.7272377949806,1.03113497837388,79.064865041036,6.4056749168602,40.8271452669162,3.30773245774285,5.78015208507539,0.468296192092247,72.036065220473,5.83621581915803,6.91081228386773,0.559899986914855,2.52789697583757,0.204805083043209,11.0541161344977,0.895582056758841,50.8485015172111,20.2529093672202,78.6995838227438,43.820177450773,11.4348433766368,73.5278209249156,7.02832406643804,4.29750156197617,9.67190793315882,80.4952380952381,92,54,93,19.26,11.72,19.62,1.28140020468896,1.16854764462162,1.40515150762945,1.38531869233537,1.21888181610984,1.57448232795758
"NL012C","Deventer","NL","Netherlands","Western",6.1584725,52.2532272,74187.1716906281,FALSE,0.774492661236252,0.790789985633482,0.499798265224169,-0.803020470087117,0.86309928017109,893.16594099648,32.2509389183243,11.4500928418597,52.4978209328781,26.5104868374638,6.76977208396533,46.2660333593642,5.74045208086041,1.52080350189293,9.49481204611403,43.4723931151003,3.61085633005025,15.4340603380978,1.28196702497245,70.7640145007847,5.87772311092693,35.734597010945,2.96814798019356,9.12525970419295,0.757952332621694,62.363926680344,5.18000421150705,7.73779610415529,0.642708349856686,2.04995481999895,0.170271103284146,12.7984553525087,1.0630512887136,44.9380245997271,24.0028301614322,66.5882786277059,37.1982323285115,14.3717919487562,61.0636230569988,7.7397922712155,3.90525259357352,10.9752892272131,80.3333333333333,92,53,93,19.06,11.05,19.4408,1.29699795999248,1.18584195521201,1.41857327684438,1.34365705466871,1.20075281847243,1.50356863859607
"NL013C","Ede","NL","Netherlands","Western",5.6702011,52.0458265,86773.9032736819,FALSE,0.511300069492643,-0.646413908558279,-0.246975773684482,-1.85541906709814,0.0802508517467092,1029.72018546181,33.8316988418089,6.83245766428432,60.3912897142261,27.9681390332076,1.74795996524453,54.5426107781488,5.86355980860132,2.45857369973319,9.03006733894776,38.988333548976,3.28552351594777,7.87386230942612,0.663525660732781,69.5961428907422,5.86482527650378,32.2310487117274,2.71609117001667,2.01438439357916,0.169750966323011,62.8560070717612,5.29683806807062,6.75728483724865,0.569432345931103,2.83331002407363,0.23876133870587,10.4064321164247,0.876943801475341,39.901828233992,14.5372048625373,65.2871117737532,33.1642993985031,6.85034068729306,60.1887335471853,6.73752883548891,4.37043931151557,8.96507399868372,80.5095238095238,92,52,93,19.03,10.85,19.3808,1.1802468771188,1.07953924579551,1.29034928222751,1.36068404199616,1.21017172573323,1.52991598033018
"NL014C","Eindhoven","NL","Netherlands","Western",5.478633,51.4392648,171106.369503512,TRUE,1.93262641921799,-0.836527080039186,-0.159119903696742,-0.233994293194351,-0.0855369731675448,1965.66349514364,77.4456906605689,41.5719168329602,111.768497144715,64.7814841066354,29.3369716754332,98.6708182008838,12.6642065539335,6.38196168225071,18.4911299187578,45.2617228016045,3.93992618023918,24.295949328822,2.11490506567719,65.3210616700164,5.68604430111512,37.8603580302752,3.29565483953302,17.1454585592333,1.49247171491524,57.6663618585271,5.01972074287686,7.4013647713293,0.644271340706159,3.72982122218408,0.324672137322484,10.8068039620105,0.940706787527056,48.7249600857777,29.2111102818765,67.0886763519511,41.1115958531502,20.2600359466309,60.9711421984879,7.61336423262755,4.78517023670156,10.3510559563791,80.4952380952381,92,57,92,19.63,12.44,19.63,1.28897110022235,1.22039867327377,1.36139651213443,1.31728437135839,1.20895445751552,1.43532132599197
"NL015C","Enschede","NL","Netherlands","Western",6.8940537,52.2209855,117484.223466667,FALSE,0.610753708529805,-0.550516575101177,-0.299290998094995,-0.957995813135507,0.261002871040744,1468.44180937371,50.3238612226551,16.510284787664,83.4552792864799,41.7668901781142,8.5472569001459,74.6937960497798,8.5569710445409,4.0093124879014,12.787866730662,42.834569389594,3.42702454407221,14.0531931015813,1.12434041868541,71.0353074003662,5.68325409653609,35.5510628965126,2.84429998597818,7.27523802595585,0.582063030729921,63.5777246048464,5.0866023817203,7.28350649308136,0.582724558094028,3.4126390502457,0.273031758038228,10.8847523125437,0.870845998052589,44.9833396857482,21.4262754179859,68.0205420427631,37.5930811334461,13.2804178620521,61.1116552740182,7.39025855230211,5.06247091804526,9.54399922907058,80.3333333333333,92,56,93,19.36,11.81,19.76,1.21591286682743,1.12297107761737,1.31654690773812,1.33095246657892,1.20050487019131,1.47557457889381
"NL016C","Gouda","NL","Netherlands","Western",4.7106094,52.0114922,53931.5098313804,FALSE,2.63569812282888,-0.290098022331569,0.0125598585516001,0.167795271515413,-0.544398030611325,575.105725105872,24.6543690145583,7.02880144601298,41.4626868036332,21.8493800918232,4.43833736662538,38.3511952270913,2.80498892273513,0.79256933429302,4.71253236993995,45.7142199275367,4.2869281139602,13.0328289862251,1.2221755303721,76.880263380848,7.20957642979476,40.5131993525425,3.79919363310127,8.2295811493171,0.771742859247023,71.1109244799529,6.66854693891826,5.20102057499423,0.487734480858933,1.46958491755752,0.137812805488437,8.73799451317778,0.81942018036291,50.7125437286063,20.4599481762447,78.4869467548159,45.2475558029889,13.5463911696701,74.2708866722984,5.46498792561742,2.96068310371396,7.97369964915214,80.6285714285714,92,55.975,93,18.81,11.96475,19.06,1.3224699608953,1.19548743495359,1.46294034243724,1.39012493716829,1.21103810376863,1.59569491242559
"NL017C","The Hague","NL","Netherlands","Western",4.3113461,52.0799838,401069.576942353,TRUE,3.11199605291863,-0.955907106212158,0.437978111677584,0.743010547186254,0.438879885246658,4075.58707493465,177.00520207346,102.207730781539,245.459867874865,149.784202364232,76.51932774237,216.745338720411,27.2209997092273,13.5272516875855,40.1834868984373,44.1332906432095,4.34306024675716,25.4837905085554,2.50780387959635,61.2013181718207,6.02268736655075,37.3461890343683,3.67515647709806,19.0788162806396,1.87750442661311,54.0418299420314,5.31813784702138,6.78710160884126,0.667903769659092,3.37279426445496,0.331909279298182,10.0190812788109,0.985955793843064,50.8693532696981,32.095830655302,68.0335072124045,43.5500748254688,22.879529076642,62.032248622225,7.31927844422932,4.38438633069724,10.0001139824699,80.6285714285714,92,55,93,18.54,11.82,18.81,1.37686944183925,1.28182558604873,1.47896053917484,1.38962332668756,1.27115766857233,1.51912940291901
"NL018C","Groningen","NL","Netherlands","Western",6.5680077,53.2190652,146037.472821001,FALSE,1.83272042572803,1.19408852745574,1.20762377443088,0.431625300496763,2.41639633410833,1582.03061406347,61.0163730365179,2.32599374355286,116.04419866995,51.5859058139862,-5.84152366553046,105.994413941615,9.43046722253161,1.96445214730262,16.2037062146548,41.7813126027633,3.85683895710439,1.59273760263152,0.147025836470921,79.4619329055265,7.3351424200249,35.3237458972024,3.26074004860671,-4.00001694954723,-0.369242138148414,72.5802849735242,6.69989651270824,6.45756670556098,0.596098908497686,1.34516991382784,0.124172827620376,11.0955810872705,1.02423468108719,50.13701854952,10.4159268869198,89.6954764100113,42.9385640414898,0.773660492943852,85.1733910936255,7.19845450803021,3.57893522571348,10.4202993489281,79.8857142857143,92,49,93,18.36,9.8,18.6808,1.50161583347045,1.31564835152039,1.71386990203224,1.37796669370244,1.18229862071843,1.6060174440527
"NL019C","Haarlem","NL","Netherlands","Western",4.6388048,52.3885317,133432.728051389,FALSE,1.92485275767655,-0.601703653923418,0.164521454620022,-1.07778639174181,-0.103566016284408,1734.49864949281,62.8290549157943,9.72229364537778,113.068602123683,55.750783639588,3.00015276505449,105.708967532256,7.07827127620639,1.9734805621863,11.9274915599255,47.0866899248264,3.62231789192609,7.28628859452939,0.560524716938852,84.7382825599851,6.51880600522494,41.7819409478884,3.21423044381673,2.24843845199585,0.17296944946782,79.2226682883559,6.09449696390175,5.3047489769379,0.408087448109353,1.47900787985557,0.113778155016919,8.93895503307993,0.68766219929968,45.2982644992479,13.7115206957283,74.8277366780059,40.2061983405792,7.86021418336204,71.4648037756249,5.09206615866873,2.73224717275599,7.30738346207807,80.6952380952381,93,52,93,18.5408,11.0412,18.5408,1.26529996531617,1.14242793797033,1.40138729894287,1.36609688401249,1.20298916502757,1.55131962179049
"NL020C","Haarlemmermeer","NL","Netherlands","Western",4.6926655,52.3055506,113650.679235833,FALSE,2.27404590128324,-0.227982643632267,0.217502632176713,-1.2807257864141,-0.639657431930325,1008.96845347531,36.1471548609279,1.52991878023494,68.8210190567728,31.3187480340921,-2.56719268688092,63.1944717316923,4.82840682683578,0.548655142429083,8.75000743723082,31.8054895087077,3.58258523707277,1.34615894117118,0.151631973721801,60.5548682326522,6.82092872375983,27.5570267108599,3.10403639739352,-2.25884500131655,-0.254437359070884,55.6041302670611,6.26327528021555,4.24846279784787,0.478548839679251,0.482755709088712,0.0543778292115363,7.69903664110441,0.867223093754034,45.2002300556333,9.36226101500462,80.1026013646885,40.1953344048968,2.71283642036941,76.4264545604921,5.00489565073644,2.07550611362746,7.79110691846543,80.6952380952381,93,48,94,18.6808,10.2,18.97,1.28178003759169,1.13742199600564,1.44445955022695,1.36465248122458,1.17269771140839,1.58802765315867
"NL021C","Heemskerk","NL","Netherlands","Western",4.6723536,52.5104331,72082.4077977721,FALSE,1.85700212301216,0.235214756649757,0.699272023837709,-1.32458644406642,-0.0578265284798207,919.641582161828,32.9511184214949,3.08313027916642,61.5642204252748,29.1760542150503,0.00703042908559434,57.186919819768,3.77506420644459,0.750820207625129,6.61801489036347,45.7131211736706,3.58303920360319,4.27722987253169,0.33525346602084,85.4081076175949,6.69437111364125,40.4759706375293,3.17254621593614,0.00975332165001797,0.000764474902175227,79.3354738928901,6.21839213548142,5.23715053614132,0.410492987667048,1.04161366214564,0.0816426988718968,9.18117900407874,0.719629801297839,43.4807987989596,9.69410570003155,75.8306219268485,38.5695677437663,3.6873471743101,71.7576970195436,4.91123105519326,2.39775514897136,7.28205420011963,80.6952380952381,93,48,94,18.43,10.16,18.72,1.30041536959852,1.16539194464175,1.45108273766891,1.35930900193451,1.18383802994714,1.56078865182485
"NL022C","Heerlen","NL","Netherlands","Western",5.9773285,50.8876735,88199.7260443431,FALSE,0.92109793953076,-1.06862383207741,-0.374804897463573,-1.08722423343585,-0.411298910995903,1259.51776527548,47.7128916716351,14.393585860616,78.766268376115,41.1354944391873,7.82875297874608,71.848677414731,6.57739723244772,2.47101929561577,10.5600735786793,54.0964170882425,3.78818727191192,16.3193090343382,1.14278545785084,89.3044365427106,6.25368458847325,46.6390274483462,3.26597175310111,8.87616473412867,0.62156749151004,81.4613385291112,5.70445922999876,7.45738963989625,0.522215518810816,2.80161788073292,0.196187728648299,11.9729097269193,0.838421963533772,50.2291713574269,21.6750906878878,75.595604989656,43.2894841714056,14.2653601558709,70.2954704184705,6.93968718602128,4.24014436175666,9.51103208776468,80.147619047619,92,56,93,19.4552,11.85,19.87,1.19197293939119,1.10074310160877,1.29076392680937,1.3375807563851,1.20193727548165,1.48853215250754
"NL023C","Helmond","NL","Netherlands","Western",5.6557686,51.4790956,68873.1746983175,FALSE,1.72850866546724,-0.29947386791344,-0.139605128369139,-0.528571228991406,-0.110154154041763,791.212423546598,32.3573852931878,10.2837189894962,53.1991213012958,27.547857712043,5.65239494211574,48.1920547489911,4.80952758114485,2.08935206269792,7.33531537419734,46.981114831604,4.08959519975007,14.9313851648941,1.29974184978031,77.2421505677963,6.7237469632784,39.9979496120366,3.48172714333277,8.20696151567675,0.7143966365921,69.9721698035336,6.09091229040249,6.98316521956747,0.607868056417291,3.03362241082951,0.264069673392189,10.6504679163229,0.927098103606222,50.7940724156993,23.8547964730159,76.8150932763671,43.549827971717,14.8629630418236,70.9896813887739,7.24424444398234,4.6341239366772,9.68447713940092,80.4952380952381,92,56,93,19.63,12.18,20.01,1.25092720554859,1.15388560657937,1.35612998780739,1.3638800254611,1.21474123447806,1.5313292008656
"NL024C","Hengelo","NL","Netherlands","Western",6.7924049,52.2658726,61173.6755111111,FALSE,0.803337677026252,-0.382668386083561,-0.257655410843355,-0.851217540962263,-0.132496935128756,764.613154880859,27.1039892011633,8.83499870668157,45.3253530668162,22.985284078215,4.81954776381491,41.331268056121,4.11870512294835,1.58914696978209,6.34340240998703,44.3066220473223,3.54479765723971,14.4424846682244,1.15548609781089,74.0929046491308,5.92788036374796,37.5738156750776,3.00613243853965,7.87846687900832,0.630324986308388,67.5638135371053,5.40551359759971,6.73280637224465,0.538665218700052,2.59776277378242,0.207836728891973,10.3694969396352,0.829622452804314,46.5238946686671,22.5783478761228,71.6448501516321,39.6869502685426,15.0484130679089,65.3255421766693,6.83694440012444,4.39473680581423,9.0016509165379,80.3333333333333,92,55.975,93,19.31,11.78395,19.6708,1.22498286871331,1.12564486146256,1.33308744170997,1.32256250570715,1.18693061150625,1.4736932088074
"NL025C","S-Hertogenbosch","NL","Netherlands","Western",5.303116,51.6889387,107594.652868004,FALSE,1.80582073834132,0.808046393639307,0.530539544291536,-0.229719209620307,0.52640378647476,1238.22182091105,50.3970511794808,14.7836165468191,83.7139633554157,43.097555379157,8.02807414892738,76.0052993780586,7.2994958003238,2.97508511331391,11.4902362209356,46.8397358382739,4.07011492838982,13.7401033905983,1.19393926816294,77.8049476660472,6.76082119872686,40.0554806678252,3.48060053952588,7.46140624550937,0.648355085764888,70.6404057749051,6.13826198945001,6.78425517044862,0.589514388863948,2.76508639975234,0.24027077079977,10.6791888952249,0.927962666049727,51.3796657798151,20.9958460137082,78.0512010789291,44.3566257810474,12.6490030096974,72.1226808220803,7.02303999876771,4.46683034771593,9.57525648230609,80.4952380952381,92,55,93,19.31,11.86,19.6908,1.3574245758826,1.23505170615713,1.49192254059006,1.3803503676542,1.21976879514879,1.56207237392942
"NL026C","Hilversum","NL","Netherlands","Western",5.1719396,52.2241375,66482.6804734694,FALSE,1.26972331709658,-1.18061989853701,0.0137727012783384,-1.68835225890027,0.626156820100581,925.344652593717,30.4681832104328,4.85818361931056,54.0639521689787,25.674651706972,0.402693909814933,48.9736479781099,4.79353150346079,1.86959194297056,7.38618238686669,45.8287526818229,3.29263081869348,7.30744245676025,0.525013421290457,81.3203555932939,5.84257465771687,38.6185567791867,2.77460421206376,0.605712505794095,0.0435182619455565,73.6637687128956,5.29247646710207,7.21019590263618,0.518026606629719,2.81214886291572,0.202042767279213,11.1099346991796,0.798208793465594,40.1527816262555,12.579830384263,65.6517804595767,33.6296385573784,5.14947491449049,59.6932107175288,6.52314306887709,4.15660277776794,8.67790503694204,80.6952380952381,92,50,93,18.78,10.48,19.09,1.21299347794241,1.10464677133769,1.33196711899955,1.41376701848777,1.24831070961117,1.60115359675667
"NL027C","Hoorn","NL","Netherlands","Western",5.0735802,52.653272,54774.293925,FALSE,1.78978271048304,0.49199404611342,0.391575571330019,-0.921365821029962,-0.88217358190886,632.865984363764,23.3281381182048,2.32689754682407,42.6630962157183,20.7932630211345,0.00646243659523115,39.8154802858879,2.5348750970703,0.080573616632473,4.79673358059901,42.5895734049023,3.68611028157204,4.24815616977224,0.367676191218171,77.8889021812585,6.74125285128233,37.9617180453404,3.2855712796823,0.0117983019627416,0.00102113824330881,72.6900840390667,6.29129725243733,4.62785535956189,0.40053900188974,0.147101150665308,0.0127315448488633,8.7572714075821,0.757938283793413,48.0468088018379,11.9703514477499,81.4041488690451,43.2452520566508,5.86464261038876,78.5417728449737,4.80155674518708,1.87063600856955,7.43526009958484,80.6952380952381,92,51,94,18.37,10.76,18.91,1.29479073882438,1.15270427972096,1.45439128390434,1.36031840154597,1.16613485842385,1.58683718286723
"NL028C","Leeuwarden","NL","Netherlands","Western",5.7918548,53.2005936,74835.7732566448,FALSE,1.36619030041974,2.55835050754573,1.74054984480013,-0.173745021846183,1.97531822595564,918.859533279502,36.2476609648202,5.20602907035906,67.0636230928465,30.2170285063578,0.0567711996182872,60.3802980775635,6.03063245846247,0.0177729088887737,11.7549759351915,48.436275042567,3.94485333742457,6.95660490138226,0.56657507288173,89.6143918535536,7.29857183431397,40.3777861728378,3.28853621385525,0.0758610449892644,0.00617844159658061,80.6837364671744,6.57122181255062,8.05848886972916,0.656317123569316,0.023749215268776,0.00193423567423199,15.7076962308902,1.27930064492413,50.3238004206365,16.3908443789683,83.2584059801852,42.4759821921769,4.19911614392461,78.6793818418598,7.84781822845966,1.97059749744394,13.5536402720536,80.5,93,48,94,18.41,9.71,18.77,1.52580392004339,1.32486805339901,1.75721468749058,1.3267990689542,1.14706080159132,1.5347013575353
"NL029C","Leiden","NL","Netherlands","Western",4.4908843,52.1594747,111352.936401315,FALSE,2.49391101799812,-0.336641008007505,0.149247987408331,0.220431039595731,0.0418191962704753,1226.76695439653,48.9438681421398,17.0879756685367,79.739245095133,43.6590389328497,12.1761849243609,74.5649271065198,5.28482920929008,1.60081426119415,8.75465870607963,43.9538190225595,3.98966307062094,15.3457791242718,1.39292761410764,71.6094677627122,6.49995052518821,39.2078020964826,3.55886982253498,10.9347677015702,0.992542624393611,66.9626949376428,6.07816560751748,4.74601692607693,0.430793248085963,1.43760399404721,0.130490494177161,7.8620815840257,0.713636658919149,48.5227732821811,21.3740087503701,73.2663432806574,43.5593940181633,15.274568751849,69.2960408815263,4.96337926401777,2.79307478342779,7.06941188592109,80.6285714285714,92,55,93,18.5,11.768,18.78,1.34466667299229,1.2205530886699,1.48140091425812,1.3603556172943,1.2107921286235,1.52839398419942
"NL030C","Lelystad","NL","Netherlands","Western",5.4768915,52.5150949,54636.7153847376,FALSE,1.2333668699746,1.71193216324062,0.53487930139147,-0.776831711407536,0.00287929903084908,435.554589983656,15.0453803498094,2.27650534621164,27.2101024989383,12.7296218621515,0.265265696976146,24.4870232897134,2.31575848765791,0.381230616352698,4.02059373535586,27.5371245212377,3.4543041666428,4.16662189551674,0.522668202462764,49.8018636503527,6.24723125979669,23.2986587361865,2.92262374335882,0.485508133327954,0.0609029736056967,44.8178905288909,5.62203311659102,4.2384657850512,0.531680423283981,0.697755371398466,0.0875276314656686,7.35877643274103,0.923097546855546,44.3886382699332,11.6359434741028,74.5144870601455,39.0163907204163,5.7719120609928,70.2911134768579,5.3722475495169,2.86953035848817,7.85694943605124,80.6904761904762,92,53,93,18.6852,11.19,18.94,1.34423321824914,1.20772664963287,1.49616881071038,1.3453914769463,1.17146758954351,1.54513726405788
"NL031C","Maastricht","NL","Netherlands","Western",5.6909768,50.8512438,97500.8263916643,FALSE,1.077399258667,-0.604992537195379,-0.0539924128693789,-0.615371138641948,0.130667980323343,1392.34018604094,57.4396089158693,24.3083611817117,90.259714033263,49.2354532233471,16.5738899685762,81.8314736862096,8.2041556925222,3.85261965029143,12.133934427251,58.911920074536,4.12540049419935,24.9314411798564,1.74586364923011,92.5732810414207,6.48259060093011,50.4974727348121,3.536165494393,16.9987174282998,1.1903621065268,83.9290052347758,5.8772614987788,8.41444733972389,0.589234999806358,3.9513712784498,0.276701031035108,12.4449554699245,0.871477714203833,54.6345956160478,30.5625735483095,78.0862330681079,46.8195986381304,21.3951571237227,71.2015075490113,7.81499697791737,5.21785187625568,10.1308415796499,80.147619047619,92,59,93,19.45,12.5304,19.84,1.23830799035233,1.14887909256207,1.3346980451623,1.33468318720973,1.20955576335862,1.47275492720891
"NL032C","Middelburg       ","NL","Netherlands","Western",3.6136962,51.4997302,71010.7142,FALSE,1.38626379177619,1.3655274717285,1.41518163909774,-0.899619186047193,0.557388018490468,899.374996382487,38.3710379229184,8.60063891184376,66.7839970389038,34.0155477592491,4.72801572997022,62.1795485359132,4.35549016366937,1.04474293600133,7.32429600157294,54.0355611898893,4.26641146098751,12.1117482181918,0.956290640326637,94.0477754537269,7.42560081251156,47.901993582891,3.78213180220355,6.65817233812615,0.525700152771368,87.5636152042999,6.91363989281612,6.13356760699834,0.484279658783961,1.4712469065708,0.116163217812765,10.3143533818632,0.81437620914892,48.6086648635778,17.698991929859,78.8916276405118,42.9216482219099,11.0939276113728,74.3909410033382,5.68701664166793,2.69860393062112,8.30288461270658,81.1761904761905,93,51.975,94,19.09,11.38425,19.38,1.41694926755552,1.27041297166573,1.58038785151385,1.31152537161239,1.15144758436672,1.49385766554807
"NL033C","Nijmegen","NL","Netherlands","Western",5.8637771,51.8474946,126365.35166024,FALSE,1.92433741095601,-0.837646944623085,-0.280970604249207,0.20000876907526,0.151472562529303,1448.78413298326,60.4785827197475,25.2948373374179,93.4736087095963,51.5744464457033,16.650763380374,84.1760925796112,8.9041362740442,4.38362364997799,13.1201530491923,47.8600992480573,4.17443712578582,20.0172254538795,1.7459355580691,73.9709164589039,6.45186584954657,40.8137561191395,3.55984340741667,13.176684242642,1.1492922238241,66.6132697560455,5.81011971785474,7.04634312891785,0.614593718369159,3.46900759771894,0.302572588295225,10.3827139930482,0.905597511078204,54.0291977116026,28.9720469614551,77.6494660534527,46.4687428870609,20.4882289538276,70.4329461804755,7.56045482454171,5.33234633263151,9.65530091479629,80.5095238095238,92,58,93,19.3552,12.49,19.68,1.271121444326,1.17342292753888,1.37695428332413,1.38154641994117,1.24478810160297,1.53332965505886
"NL034C","Nissewaard","NL","Netherlands","Western",4.3287681,51.8464881,70291.4940501704,FALSE,1.81594167749934,0.819648155482112,0.678749966964298,-1.07285563399551,-0.0513147225578992,806.78911137966,31.8214945132495,5.30688884021355,56.473554790617,27.787438587853,1.83238577719917,52.1443678879832,4.03405592539652,1.02216400732243,6.75506128890572,45.2707613392553,3.94421467325368,7.54983076106728,0.657778936944059,80.3419468510786,6.99979139456204,39.5317228113259,3.44420099328494,2.60683856839251,0.227120786752522,74.183041052969,6.46319678246687,5.73903852792945,0.500013679968738,1.45417880375806,0.126695315157944,9.61006929812062,0.837277200897535,50.3465995173726,14.3586527127436,82.3878273369512,44.3239304918405,7.09654631300313,77.5692657823474,6.02266902553208,3.08118475072773,8.66663570387045,80.6285714285714,93,51,94,19.1,10.99,19.43,1.34826843637703,1.2063081513499,1.50693483625751,1.32588607147852,1.16014610563569,1.51530386216095
"NL035C","Oss","NL","Netherlands","Western",5.5223672,51.7689067,69841.7842375785,FALSE,1.49026440820558,2.22207393711394,1.6214140473798,-0.495938615715512,1.4413906834351,803.753894354055,31.6025913488073,2.97156273574195,59.693965920253,26.533148094123,-1.16844643617372,54.1047896705634,5.06944325468437,1.60833824904986,8.3424091803196,45.2488316181984,3.9318741185329,4.25470621660191,0.369710524156163,85.470276242076,7.42689601127553,37.9903640546553,3.30115328591305,-1.6729905298511,-0.14537365783002,77.4676510074784,6.73151197781072,7.25846756354307,0.630720832619851,2.30283098664666,0.200103322714526,11.9447251690213,1.03793079435392,49.4763539342377,12.3945464669173,87.8985375423577,42.0438713683077,3.11528264236839,81.7540688285911,7.43248256592998,4.16304420049456,10.490506805696,80.4952380952381,92,49,93,19.28,10.5044,19.65,1.44381015907416,1.284725998285,1.62259328310355,1.36892058957334,1.1883451250326,1.57693547192901
"NL036C","Purmerend","NL","Netherlands","Western",4.9614827,52.5024789,61852.1492068035,FALSE,2.70848710303343,-0.911896713804256,0.0862952692991016,-0.614853757077274,0.0714525319852104,549.111256957947,20.6672380919814,3.84648475790504,35.9726175084078,17.8069627253645,1.38225102836857,32.9183221722902,2.86027536661686,0.819853454347163,4.697586492042,33.4139368753059,3.76376150189981,6.21883767538015,0.700492788877504,58.1590421185412,6.551061747977,28.7895618078309,3.24286972807921,2.23476636801575,0.251725130536602,53.2209835784806,5.99483652086397,4.62437506747501,0.520891773820603,1.32550520048377,0.149305526695831,7.59486380390043,0.85548901657315,47.3702233594202,16.7801125706179,77.5567768840879,41.8653612327952,10.6368446266146,73.2013301430112,5.50486212662496,2.99178331000276,7.735288076887,80.6952380952381,93,51,93,18.71,10.71,18.71,1.295696354892,1.16624025138806,1.43952246724657,1.40998576890733,1.23024312478808,1.61598941580239
"NL037C","Rotterdam","NL","Netherlands","Western",4.47775,51.9244424,532193.091939721,TRUE,2.39719761583149,-0.652612187805122,0.439346114159463,-0.00440453584974854,-0.369397982980612,6234.93727419808,271.013611472525,106.591268515748,424.828268039768,246.976204548491,83.2771864547009,399.768824463483,24.0374069240343,14.6425925900552,32.8363037197418,50.9239250898096,4.34669347186628,20.0286832223333,1.70958044689322,79.8259643866041,6.81367348790865,46.4072548646431,3.96116582552559,15.6479269866459,1.33565395756787,75.1172517114828,6.41175374959808,4.5166702251665,0.385527646340692,2.75136840590815,0.234847472333849,6.16999811103542,0.52665010529661,54.4737522080304,23.1427616467533,83.0468488485423,49.7053072213348,17.6451240290706,79.1317444392127,4.76844498669556,3.2083927373395,6.27224262444785,80.6285714285714,92,90,93,18.81,18.28,19.11,1.33034060180253,1.23608874519282,1.43177916932512,1.39954554351093,1.26483541072789,1.54860285516049
"NL038C","Roosendaal","NL","Netherlands","Western",4.4561276,51.5331484,59796.0643316655,FALSE,1.39363272485816,0.508884172122984,0.548887656178813,-1.47084593013684,-0.0128363202870276,738.059270526578,28.674304642845,4.78403824858743,51.5387381994397,24.6283158986651,1.01632982236228,46.9251197386455,4.04598874417995,1.18463084350595,6.75785457425398,47.9534982165378,3.88509511199378,8.00059051052629,0.648191607318229,86.1908534875713,6.98300803981077,41.1871854342476,3.33690218145945,1.69966005910539,0.137703008816239,78.4752646568345,6.3579066902264,6.7663127822902,0.548192930534331,1.98111841765248,0.160506193853612,11.3015039531211,0.915624915791993,50.9783442295853,16.4860093705144,84.0111454824806,44.1319741289988,6.75274774068247,78.226722828747,6.84637010058643,3.60753004487387,9.68745272290131,80.4952380952381,93,50,94,19.5508,10.84,19.88,1.30393349893829,1.17330793165105,1.44910174370074,1.36040268673544,1.18074330885113,1.56739865151363
"NL039C","Sittard-Geleen","NL","Netherlands","Western",5.8666627,50.9974235,84326.1892622649,FALSE,0.970260746432543,-0.341838845642542,0.0295316060084074,-1.22592640167874,-0.44201148320906,1204.20253233447,47.1120322613402,13.2233479341126,79.7465547574989,40.3505124514691,6.93329612109764,72.8159734390679,6.76151980987108,2.47463214813707,10.7565309868655,55.8688026501659,3.91230137757713,15.6811875999594,1.09809999390034,94.5691432936418,6.62235401572374,47.850510979423,3.35080780583026,8.22199625259269,0.575758307670781,86.3503664473693,6.04682115207868,8.0182916707429,0.56149357174687,2.93459501702449,0.205499663195338,12.755860404662,0.893249324597657,51.8550241926741,21.8483904612048,80.2981373932027,44.3986786905944,14.0137233566075,73.7566894112107,7.45634550207966,4.53756905842669,10.2833623831797,80.147619047619,92,54,93,19.83,11.76,20.2108,1.21630054016361,1.11900343409089,1.32205760852217,1.32487272787751,1.18423774753479,1.48220891347837
"NL040C","Soest","NL","Netherlands","Western",5.29095,52.17461,53012.8576,FALSE,0.954208086557823,-1.23515099164949,0.214436603088307,-2.61870907924709,0.775610140928061,536.207199920116,17.8355954470139,3.04571477915748,32.4155451802692,13.3276670845225,-0.728895373220305,27.0576118860953,4.50792836249133,1.47291197347234,7.36864245184366,33.6439049967641,3.32625064521159,5.74523788575676,0.568010795008204,61.1465720728648,6.04533941079091,25.1404426923828,2.48554422367101,-1.37494073366138,-0.13593539462523,51.0397158558291,5.04611125888021,8.50346230438129,0.840706421540575,2.77840516462244,0.27469082356443,13.8997269444378,1.37421549970635,39.8366751497014,14.5858524013038,64.8892670754542,30.6878188508114,2.69352572772175,57.8237868894558,9.14885629889002,4.69892014792728,13.4534278941491,81.0142857142857,93,46,94,19.21,9.65,19.59,1.18760379790778,1.06984686201051,1.31832211776037,1.40969925749418,1.23282119515331,1.61195476229017
"NL041C","Tilburg","NL","Netherlands","Western",5.0886014,51.5562404,156644.573481566,FALSE,1.65738204390756,-0.578908233301431,-0.206770309448974,-0.589351586274843,-0.14800251533718,1825.29992589567,72.5320773424915,24.1046554827215,119.76327212671,62.13333831839,14.1415461563077,109.074503817157,10.3987390241015,4.2300724414465,15.9961054910413,46.303600393171,3.97370735151375,15.388120345936,1.3205860111397,76.455423552099,6.56129277318316,39.6651712455918,3.40400705861538,9.02779192537551,0.774751916420995,69.6318432186182,5.97570307595529,6.63842914757926,0.569700292898376,2.70042705433667,0.231746705373409,10.211720160816,0.876354908259364,53.0995755491015,25.5864114594931,80.7501809799266,45.9420378224658,17.6032198291156,74.4006958016202,7.15753772663567,4.55256510850121,9.54777131191308,80.4952380952381,92,57,93,19.35,12.3692,19.71,1.2610056767761,1.15344589904703,1.37859549214688,1.38614083983717,1.22672902581953,1.56626800819431
"NL042C","Utrecht","NL","Netherlands","Western",5.1215634,52.0907006,234983.585322222,TRUE,2.72452723674173,-1.2586294194219,-0.318164435091217,-0.233509869179692,-0.0947855133967062,2376.77982318045,84.8551962243346,26.2939591317014,139.990073990379,70.3708653436758,13.7523175283379,123.187897348481,14.4843308806588,7.69565586601046,20.7634566244764,36.1111164884034,3.57017488101976,11.1897003765798,1.10628501955711,59.5744055051408,5.88990501455257,29.9471408810021,2.96076500891488,5.85245880450756,0.578611337668437,52.4240436537553,5.18297471844233,6.16397560740129,0.609409872104888,3.27497593308816,0.323784971201608,8.83613065823487,0.873596132968347,43.2911159645129,15.7245068503273,67.7701185320362,36.5438861343769,7.43759357069517,61.8353768423231,6.74722983013591,4.6457967673445,8.90316949223748,81.0142857142857,92,50,93,18.8452,10.56,19.15,1.21208908326786,1.12509106407746,1.30581425156176,1.42139133980724,1.28793162299665,1.56868059204744
"NL043C","Veenendaal","NL","Netherlands","Western",5.5539239,52.0259814,48881.5837333333,FALSE,2.74114785260301,-1.31411671158948,-0.570507984297284,-0.413820324446293,-0.95673512378391,494.420756169752,20.5088313969529,4.59903064410617,36.560102811685,17.8836260361456,2.22759751741541,33.5959791338753,2.62520536080733,0.574932877698249,4.52510399648251,41.9561516436047,4.14805226945439,9.40851399004489,0.930185593285887,74.7932043510161,7.39453236043608,36.5856109198655,3.61708642142959,4.55713041043793,0.450546925795041,68.7293180130036,6.79501795073114,5.37054072373918,0.530965848024796,1.1761748163372,0.116284130575791,9.25727779437054,0.9152334201214,50.6343048376326,15.9339197779795,83.6036860196218,44.613067466736,8.85041586884802,78.522763263745,6.02123737089658,3.17569810495362,8.79039490494491,81.0142857142857,92,53.975,93,19.1052,11.43525,19.46,1.24536811406043,1.11630401733982,1.38935425782518,1.37978274090657,1.19429902707057,1.59407348490719
"NL044C","Venlo","NL","Netherlands","Western",6.1688954,51.3702109,77631.3069289638,FALSE,1.21491766454095,1.08768206206734,1.03011557930925,-0.0538162205565909,1.2190792073488,906.471565220299,37.3056977161593,11.577035361869,62.7948825553677,31.2586683953033,5.92274422679238,56.5707866877274,6.04702932085603,2.70402666685316,9.13346118460076,48.0549654410633,4.11548460508995,14.9128435676892,1.27715372506533,80.8886067225789,6.92739683898488,40.2655444457561,3.44838929257605,7.62932438096393,0.653384447349209,72.8710992067829,6.24076792458228,7.78942099530713,0.667095312513903,3.48316519948256,0.298302425647076,11.7651776659619,1.00758385977403,49.9514573978492,20.6049798829484,77.1221777317923,42.1954870829252,12.4094618244305,70.2141188444765,7.75597031492399,5.22560515982654,10.0811226945975,80.147619047619,92,54,93,19.8,11.76,20.22,1.34886299588839,1.23454673443394,1.47376468701384,1.36369179983002,1.22009452161152,1.52418955415632
"NL045C","Zaanstad","NL","Netherlands","Western",4.8298607,52.4424926,110994.15306523,FALSE,2.38875983284025,0.971024666705735,0.795893035541531,-0.474196445018099,-0.0116980401962488,1268.27650530135,49.2006984966334,5.60754393478438,87.9000594458175,43.8024450507427,0.923361989166582,81.9788926324433,5.39825344589062,0.909788204101662,9.48954318198811,44.3272885443964,3.87933532561522,5.05210750289603,0.442138911455432,79.1934142640467,6.93067001386516,39.4637409639052,3.45369837473533,0.831901468380893,0.0728044701062397,73.8587487435175,6.46380282925487,4.86354758049114,0.425636950879885,0.819672189008903,0.0717342157091755,8.54958835211007,0.748223525573656,50.8938513990001,13.3936944230029,84.0972260418315,45.8069837870441,5.5934457444267,81.0492372680364,5.08686761195602,2.44967735427959,7.60838552366871,80.6952380952381,93,51.975,94,18.56,11.00414,18.83,1.37905176090845,1.23217389934786,1.54343778931793,1.36476694879565,1.18401969258055,1.57310628885363
"NL046C","Zoetermeer","NL","Netherlands","Western",4.4901218,52.0622531,93481.3813767495,FALSE,2.64215917024245,-0.340286207400239,0.0778881439231076,-0.210805554734307,-0.54907651031746,1012.91015872691,41.6412479517679,9.8208763217411,71.8264436042482,36.9697460282031,5.56167443655482,66.7184973134414,4.67150192356472,0.895517587440677,8.06905322813899,44.5449642896749,4.11105048093361,10.5057030363735,0.969570325376601,76.8350259125639,7.09109717040695,39.5477104464335,3.64985440314561,5.94949962724674,0.549078749841458,71.3708936804773,6.58681293090176,4.99725384324135,0.461196077788003,0.957963579754511,0.0884103668746124,8.63172228448253,0.796620821562371,51.5271683509752,17.868191627818,82.9457849485063,46.1158207228564,10.5212794971564,78.727831512477,5.41134762811881,2.68670162482649,8.10861136625015,80.6285714285714,93,54,93,18.92,11.57,18.92,1.32854665439172,1.18799675071167,1.48572478151819,1.33708037053977,1.17653226044046,1.5195366734895
"NL047C","Zwolle","NL","Netherlands","Western",6.0943765,52.5089759,87104.9420892857,FALSE,1.51380615288032,1.69723874111497,0.85834744902094,0.148641166978694,1.11891276372194,950.72177033987,35.9034369571969,7.66946699386479,63.7824365392657,30.8996396514945,3.11380102307451,58.1441610678648,5.00379730570238,1.55467704704455,8.27366418236516,41.2185991931372,3.7764399719554,8.80485861066678,0.806699418603095,73.2248194067868,6.70884358906227,35.4740373052786,3.25012433873775,3.57476963807949,0.327519692955108,66.7518508975816,6.11579148409309,5.74456188785857,0.526315633217654,1.7848321917842,0.163525975269166,9.49850144425142,0.870250838939708,46.4806088512504,16.3551475841709,76.0895209131185,40.3760046262656,9.52393523786007,71.3130633109305,6.1046042249847,3.66990177055405,8.6427724423001,80.3333333333333,92,53,93,18.79,10.94,19.14,1.41861978287704,1.27695138538992,1.57600525078374,1.3572880475485,1.19451201428228,1.54224555466268
"NO001C","Oslo","NO","Norway","Northern",10.7389701,59.9133301,435269.572499837,TRUE,2.46633822425276,-3.31717698097578,-3.72596797538761,-1.26735734943761,1.60525446381395,3499.28339179622,372.745668352566,218.819713508722,515.392111535104,363.964831769912,211.304598507492,505.627479329022,8.78083658265414,-0.174204220089608,16.2652983952031,85.6355904254496,10.6520571962373,50.2722283691916,6.25327214199704,118.407567194533,14.7285044916167,83.6182574581521,10.4011247738093,48.5456856756444,6.03851059913804,116.164214379863,14.449457866557,2.01733296729751,0.250932422427977,-0.0400221451476884,-0.00497828271062626,3.73683331499336,0.464817980542408,126.686716432541,76.3933811776193,173.319492038884,123.682202906087,73.8265113574962,170.313075691988,3.00451352645359,0.028170143294706,5.45995257693368,81.1714285714286,94,93,96,17.2264,16.7708,18.34,1.22379972081153,1.08664955248974,1.37826013292588,1.20664189734856,1.04925113805892,1.38764173382785
"NO002C","Bergen","NO","Norway","Northern",5.3259192,60.3943055,184466.682047888,FALSE,0.877576034779709,-1.13601261894897,-0.0955392574959348,-2.13310949552113,0.980194663699026,1802.83438541213,154.99888119765,90.3234371026054,218.22137657305,150.585266643346,85.7136933268043,214.753600910785,4.41361455430325,0.151204187811459,8.19855939886937,84.0254074485989,8.59751081141136,48.9646347513082,5.01007956324048,118.298531827226,12.104349591888,81.6327723638754,8.35269550335996,46.4656773652777,4.75438531793978,116.418639142126,11.9119982760752,2.39263508472357,0.244815308051398,0.081968291581352,0.00838702595396154,4.44446623523103,0.454759431327086,92.4578869267929,63.1085492274535,122.725760408789,89.8259642147723,60.5495002774913,120.351762624921,2.6319227120206,0.787458429802771,4.21450257638364,81.1714285714286,94,91,96,15.0664,14.0796,16.0576,1.30276079071875,1.17975089635209,1.43859664195383,1.15171325669758,1.0355558997723,1.28089987797337
"NO003C","Trondheim","NO","Norway","Northern",10.3951929,63.4305658,123596.673709933,FALSE,0.27498563541628,-2.02553953379714,-1.55370232059331,-2.4364788641861,-0.705087824697742,1214.33586587343,100.553221398207,50.5379607055942,148.108493301163,98.1365145394443,47.6932990306994,145.876856085819,2.41670685876271,-1.15687762764614,5.47504843954813,81.3559284242501,8.2805115309579,40.8894181280323,4.16177781830102,119.832102964806,12.1966662983007,79.4006113544441,8.08149683274469,38.5878499793854,3.92752123782453,118.026522645888,12.012892000097,1.95531706980597,0.199014698213204,-0.936010325294997,-0.0952683405108878,4.42977005384257,0.450867720654047,93.3050318661219,56.5108715000211,130.048086937426,91.0545606032126,54.1751214206168,127.368690856784,2.25047126290929,-0.0551204514207864,4.49853610923359,81.4619047619048,93,87,98,14.83,12.86,17.9252,1.18558679971515,1.06296275000668,1.32235683672826,1.14047939770475,0.994709277781664,1.30761146562311
"NO004C","Stavanger","NO","Norway","Northern",5.7318061,58.9699509,86218.2513147473,FALSE,1.78396984214979,-0.409672630672891,0.0511426462669408,-1.46787702039164,0.83214494489283,755.172624652156,68.9029704440948,44.3034993026951,93.3444905944934,66.8063260749342,41.9455595005451,91.8023855414793,2.09664436916065,0.234048005634461,3.81189528541773,79.9169194380416,9.12413509107703,51.3852909646257,5.86667178555393,108.265348892001,12.3606825177871,77.4851322732722,8.84649732976035,48.6504410155794,5.55443326879942,106.476742617229,12.1564768828538,2.4317871647694,0.277637761316678,0.271459931122991,0.0309926496266025,4.42121618948414,0.504771380871168,102.116787965925,75.8251980945423,127.393290267552,98.9948796706436,72.3804093031964,123.607097098167,3.12190829528147,1.16946626960356,4.86025687835318,81.1714285714286,94,92,96,15.5164,14.82,16.63,1.40643902923656,1.26987839758405,1.55768516633023,1.17887568325155,1.05377959716114,1.31882215247455
"PL001C","Warsaw","PL","Poland","Eastern",21.0067249,52.2319581,1381256.09202629,FALSE,-0.193598135048106,-2.00607093831378,-0.498446599391061,2.12319911259605,-0.563245891926663,18736.4245073537,1641.97251814941,968.209732406235,2273.78878873497,1526.87732629293,850.300701307023,2166.48177634478,115.095191856477,54.643080947236,171.384203396478,118.87531411649,8.76353179073714,70.0963230493976,5.16752666457909,164.617466801492,12.1356600766734,110.542667294449,8.14924600845619,61.559960257597,4.538222866232,156.848667589699,11.5629413471843,8.33264682204099,0.614285782280945,3.95604271088318,0.291640920741252,12.407851403215,0.914711359839292,118.226401526744,75.2993635762399,155.373027197379,109.903104885327,67.7455370716571,148.016342351586,8.32329664141728,5.13823292144081,11.2657613818395,76.7142857142857,91,81,93,20.2996,17.63,20.99,1.37597679286246,1.22123801902349,1.55032197246034,1.32208444256944,1.15662119568093,1.51121843505134
"PL002C","Łódź","PL","Poland","Eastern",19.4569911,51.7687323,619638.968152593,FALSE,-1.86387844678388,-0.669206268266048,-1.00506469775965,1.74319926664692,-0.298734247980265,10748.1288076887,864.587097581035,556.348942765983,1151.27587047355,803.928181639111,502.808027697175,1094.70285664508,60.6589159419237,13.4661405561211,107.244816318509,139.5307819582,8.04407086154895,89.7859836712168,5.17624000158984,185.797848367411,10.7114074558725,129.741385380581,7.47970363980026,81.1453206689468,4.67809826895161,176.667852234803,10.1850552429366,9.789396577619,0.564367221748693,2.17322364283662,0.125288231998932,17.3076294149562,0.99779987975015,137.285760553961,96.3138622471525,177.505265706633,127.649909855418,86.8071987108311,166.25100822246,9.63585069854283,4.35286204789651,15.0594688486509,75.6380952380952,86,79,92,18.4016,16.78,20.2052,1.33371939303941,1.19295875283025,1.491088786724,1.28841427019078,1.13034410116798,1.46858937018909
"PL003C","Kraków","PL","Poland","Eastern",19.9368564,50.0619474,615389.582726884,FALSE,-2.01696768775065,-0.715747492103332,-1.32073712751213,2.49656892311415,0.223418910002045,7701.8927128318,680.384991256057,460.779857511271,899.075282613317,618.702517446504,401.689268179999,829.523396667803,61.6824738095527,18.548457801091,103.132764355948,110.561668632928,8.83399726047204,74.8761224506736,5.98268340902211,146.098554127189,11.6734329616849,100.538347546434,8.03312303241657,65.2739791921816,5.21546174631544,134.796463890737,10.770383691346,10.0233210864943,0.800874228055478,3.01410006306899,0.240829864718684,16.7589389308398,1.33905740058055,120.663619933197,85.2677011081782,155.360215612278,109.75190951494,75.6472149675314,143.800391618625,10.911710418257,5.14011560799865,16.4225652614675,77.3904761904762,84,79,92,17.95,16.77,20.1252,1.36812170169322,1.22254148328492,1.53103760995874,1.37754047077567,1.17639648958415,1.61307668411664
"PL004C","Wrocław","PL","Poland","Eastern",17.0326689,51.1089776,520246.62633986,FALSE,-1.66206606314372,0.122917599215743,-0.785583316092176,2.66240729559928,0.109486693808494,6906.10006540828,598.400900888489,391.955789434829,795.086199384081,553.820881374383,352.741350675079,747.92037607873,44.5800195141055,11.4696990466007,76.5659902772162,115.022543269233,8.66481654220155,75.3403808098464,5.67550116161916,152.828708371994,11.5128102960245,106.453526718805,8.01929998304538,67.8027175604682,5.10767795621603,143.762657595811,10.8298514211365,8.56901655042793,0.64551655915617,2.20466572311955,0.166080695877126,14.7172487817726,1.10867189226992,121.897142220241,84.7990062380923,157.871459031024,112.812525036076,76.1559422831081,147.746180637794,9.08461718416428,4.25495412254272,14.1004839340999,75.8,86,79,92,19.09,17.4,20.91,1.41811984409459,1.25970908898094,1.59645104556778,1.34566408235794,1.16479433427483,1.5546193600569
"PL005C","Poznań","PL","Poland","Eastern",16.9335199,52.4082663,455824.49311312,FALSE,-0.8715791148783,-0.106549393131054,-0.799858937332491,2.11160751856525,-0.371697563562573,6028.01579208168,494.493121274807,302.750674819526,673.706396175986,462.058886358092,268.325499316159,643.509844297944,32.4342349167146,12.8495571291926,51.6109133140497,108.483227370604,8.20324860336907,66.4182551384737,5.02239352486793,147.799516339021,11.1762546651082,101.367717913181,7.66519037599482,58.865967794664,4.45130717256296,141.174915788969,10.6753178242043,7.11550945742303,0.538058227374252,2.81897031057604,0.213163959292734,11.3225406036357,0.856184109236163,118.497953287058,80.3599432532711,155.853430659177,110.749491175278,72.8038083538195,148.264983901694,7.74846211178013,4.48103059806354,10.9479534291799,76.2428571428571,90,80,92,19.83,17.24,20.56,1.41435156533626,1.24399298377226,1.60803989770359,1.30941604492212,1.15160771702444,1.4888493306815
"PL006C","Gdańsk","PL","Poland","Eastern",18.6540231,54.3482908,372923.843310463,FALSE,-0.294128819163036,0.659398531931674,-0.31942142265352,1.40755879386755,-0.950242683221835,5005.14889898272,413.342628878938,230.435472324327,587.644593663395,392.58884687499,207.594730236752,570.587302630581,20.7537820039485,5.65265803141986,34.9533890707958,110.838348443928,8.25834829734934,61.7915631992688,4.60396837287223,157.577640637521,11.7408014331568,105.273195564531,7.84369965406589,55.6667893353032,4.1476234658862,153.003706484801,11.4000065561796,5.56515287939654,0.414648643283452,1.5157673966998,0.112936860531137,9.37279546421942,0.698348636099518,117.379381681536,72.1083201980692,159.90022452841,111.497494473747,66.1507059375057,153.633064663219,5.88188720778943,2.5721567093691,8.97407831301651,76.7142857142857,91,80,93,18.74,16.178,19.45,1.43046633156617,1.26736679195608,1.61455542210173,1.21766317403368,1.0789048635636,1.37426723659438
"PL007C","Szczecin","PL","Poland","Eastern",14.5509623,53.4301818,334176.105923121,FALSE,-1.60751868515465,0.573207162796334,-0.816615763440219,1.83276940987003,-0.727515254345192,4686.5359193871,394.843866828749,268.746617437751,513.912753494467,365.229867451756,242.60328087106,480.135592261491,29.6139993769925,6.68729007398819,51.8311828911773,118.154428108509,8.42506861401344,80.4206562570866,5.73444057744248,153.785008678237,10.9657274015234,109.292633727613,7.79317333173285,72.597434876709,5.17660133292625,143.677415515743,10.2449997294437,8.86179438089609,0.631895282280593,2.00112753588871,0.14269153568896,15.5101403040172,1.10595936492802,128.31404002314,93.2608378747337,160.457262957227,118.75289222886,84.8198801759707,151.160237316513,9.56114779428031,3.81888673634493,14.9009972653484,75.852380952381,85,79,92,17.816,16.4724,19.84,1.34428167951432,1.21908846989158,1.48233149480821,1.28402356313733,1.14034192342605,1.44580890768137
"PL008C","Bydgoszcz","PL","Poland","Eastern",18.0002529,53.1219648,288413.130357653,FALSE,-1.69955440250488,0.470495455442584,-0.905221269203444,2.20682990623171,-0.527951832881176,3648.35523996951,311.882561693519,207.053993762486,408.901385888551,291.469931354764,189.544662390136,384.6590549594,20.4126303387543,2.62527157935848,37.1623243316389,108.137435111488,8.54857987173762,71.7907653877353,5.67526954322068,141.776272592542,11.207828157983,101.059868873973,7.98907760301323,65.7198450552814,5.19534557143947,133.370853983796,10.5433552836432,7.07756623751533,0.559502268724383,0.910246900376191,0.0719576742581793,12.8851014118376,1.01860487499977,130.62799016131,94.7215685093652,163.537608625209,122.204486451864,86.2460094728951,155.086471566239,8.42350370944582,3.00415266351085,13.4822400198087,75.8809523809524,84,79,92,17.73,16.6524,20.01,1.38052701817555,1.24160545016527,1.53499233404538,1.27004108217992,1.11869530008164,1.4418620962357
"PL009C","Lublin","PL","Poland","Eastern",22.5701022,51.250559,276527.603259317,FALSE,-1.94011607415883,-0.440896118671574,-1.66829810385256,1.98214331317711,-0.82535852755356,3580.52347243297,321.00788860127,227.711232142243,411.301454211498,291.018362224876,203.309165783464,377.168263675579,29.9895263763942,7.27661721581359,51.3249900295141,116.085296663943,8.96538986750851,82.3466552554986,6.35971901582068,148.737937682769,11.4871877639729,105.240257679436,8.12781607118268,73.5221957544715,5.67819670360419,136.394435575346,10.5338860806097,10.8450389845064,0.837573796325827,2.63142526461991,0.203227747893218,18.5605304586477,1.43344933847448,137.545666328908,105.096534493225,167.378929486791,124.831649405515,92.7997108669721,154.631806753471,12.7140169233935,6.09031456977736,19.1293152827864,76.2190476190476,83,79,91,17.91,16.93,20.06,1.32265275169969,1.19495233728302,1.4640000667779,1.31224700521558,1.13169125321889,1.5216095359926
"PL010C","Katowice","PL","Poland","Eastern",19.0215852,50.2598987,253413.243251643,FALSE,-2.80817634407175,-1.13349124015781,-1.68841398416169,1.58552264870906,0.689569214196926,3840.97102710166,303.279990882688,178.475980021069,423.202148278243,276.210218290594,155.268992866967,392.334400992868,27.0697725920945,4.39730714185084,49.3328906941324,119.678035366734,7.89591977504552,70.4288291057622,4.64663697699758,167.000801871273,11.0181031122639,108.995968303169,7.19115599523328,61.2710649509279,4.04244113718637,154.82000702042,10.2144587455771,10.6820670635646,0.704763779812237,1.73523178403279,0.11448425699709,19.4673688166897,1.28438591038679,137.152486494677,88.5760594455611,184.852977749072,125.113217352452,78.066983740625,171.430117531364,12.0392691422258,4.25719115296945,19.8197688914133,75.6,84,78,92,17.95,16.58,20.14,1.28843005639418,1.13724528195109,1.45971325321471,1.33988755259289,1.14485310921757,1.56814759827165
"PL011C","Białystok","PL","Poland","Eastern",23.1591679,53.132398,232926.335000714,FALSE,-1.32165191848005,-0.499994891344872,-1.76844882374632,1.8550213773955,-1.51201600084055,2941.79987792464,259.906673730432,183.366622026223,333.050139077172,240.903906282476,167.029110648476,313.773005928847,19.0027674479563,2.95858478682025,34.3903555674773,111.583206651852,8.83495426323114,78.7230100132992,6.2331439810781,142.985179875067,11.3213050818443,103.424933158261,8.18899708611132,71.7089850093436,5.67778630701113,134.709115621419,10.6660214477337,8.15827349359105,0.64595717711982,1.27018045718668,0.100570565966148,14.7644771757439,1.16902430466272,128.822572010177,97.8158257648621,158.487962434538,119.469571858997,89.2587321936264,148.963154778425,9.35300015118008,4.0907593594144,14.9904668538851,76.4095238095238,84,80,92,17.5804,16.59,19.8652,1.31468022837463,1.19078241753983,1.45146928391001,1.28693683827755,1.11217839433163,1.48915536766126
"PL012C","Kielce","PL","Poland","Eastern",20.6310488,50.8719903,164025.244658425,FALSE,-2.19897066800694,1.12387198156341,-0.467429575063452,3.23755843053737,0.819890728563909,2341.43923856142,216.903633373419,137.136645720255,295.575059358253,196.302083114393,119.037561318893,270.554678071228,20.601550259026,4.59113936765849,36.3083341330104,132.237957532154,9.26368832473673,83.6070362253295,5.85693805167933,180.200956245348,12.6236485017589,119.677970011984,8.38382136429049,72.5727076748355,5.08394834076621,164.946974250607,11.5550586842243,12.5599875201697,0.87986696044624,2.79904436492037,0.196081935078498,22.1358207443134,1.55068444805419,148.631086801545,99.9174239809598,196.242253063919,134.640461921796,87.3941751816218,181.776169213244,13.9906248797491,5.55313956081046,22.5509216669331,76.1619047619048,83,78,92,17.65,16.41,20.13,1.49583684086203,1.30602633368769,1.71323333746437,1.3330361368369,1.13366088145331,1.56747522225077
"PL013C","Toruń","PL","Poland","Eastern",18.6048094,53.0102721,163910.962564249,FALSE,-1.7104259018446,0.593954874700726,-1.25574091033164,2.34985872750016,-0.792472354970352,2073.4334058167,182.91476203872,127.181696859188,238.086532476565,170.743644141661,116.438861936048,223.937799535688,12.1711178970589,1.66880134653568,21.90590713057,111.593977106334,8.8218296052133,77.5919406911761,6.13386938314001,145.253574716359,11.4827190402474,104.168532397419,8.23482652795436,71.0378733151583,5.61575122737948,136.621612143794,10.8003372043425,7.42544470891513,0.587003077258939,1.01811454244957,0.0804849262027956,13.3645161909067,1.05650401257722,134.658304857238,100.62279630366,169.422373923194,125.830123661588,91.9124023324522,159.783984567219,8.82818119565039,3.43672811895507,13.8685334536446,75.8809523809524,84,79,91,17.94,16.82,19.84,1.38043937694556,1.24441629120095,1.53133070251178,1.26544109072605,1.11486124752254,1.43635915021394
"PL014C","Olsztyn","PL","Poland","Eastern",20.476507,53.7766839,136772.935172217,FALSE,-1.57284374836592,0.228312687295743,-1.159280331882,1.41640737040433,-0.655614828827741,1761.27336763847,139.490772447902,90.0628232560803,186.664428763107,130.300565901301,81.6288636712475,176.612064415322,9.19020654660104,0.385856538474389,17.7918881938593,101.987116290415,7.91988200190259,65.8484247213664,5.11350622287769,136.477606865766,10.5982655613188,95.2677996836394,7.39808869511323,59.6820296124121,4.63465042798532,129.127933236895,10.0275214319584,6.71931660677549,0.521793306789358,0.282114687374765,0.0219078165584114,13.00833982356,1.01017187455204,131.086690128581,93.4176705714407,167.930120225597,122.614458439531,85.0733226431657,158.658654075933,8.47223168904965,2.83904413102181,13.9231946434665,75.6809523809524,86,79,93,17.53,15.99,19.6708,1.33606649606837,1.20656031218763,1.47947322971354,1.25406898743238,1.09682155116746,1.43386043387433
"PL015C","Rzeszów","PL","Poland","Eastern",22.0047174,50.0374531,131978.014530892,FALSE,-2.31123520000505,0.199550264276129,-1.58254272356856,2.04847954318401,-0.539111025856314,1543.94660288739,139.12437161815,98.4278019159164,180.031319283273,126.803784997327,87.9310042467837,166.578538999672,12.3205866208231,3.04697336025226,21.0424687117612,105.414808756337,9.01095746173924,74.5789382161656,6.37507811033382,136.410083090871,11.6604628001118,96.0794761521783,8.21296440953251,66.625494071364,5.69521018941595,126.216885131788,10.7891386067463,9.33533260415821,0.797993052206724,2.30869768050575,0.197349659279279,15.9439197403865,1.36290132524071,129.797879908785,98.5524854238634,162.380276536725,118.419608148712,88.4271018875313,149.337323714133,11.3782717600722,5.11017232084735,17.3724282488488,76.6952380952381,82,79,91,17.81,17.0724,20.22,1.35288157141376,1.21679701157979,1.50418560273637,1.30442639908856,1.12714105660655,1.50959653245343
"PL016C","Opole","PL","Poland","Eastern",17.9236408,50.6668184,101551.133471547,FALSE,-2.04080614129911,1.30364844911866,-0.635425194501729,1.93743956292695,0.0284455242921062,1373.38320744259,112.041600185545,69.293063256269,151.571195963607,104.343014530003,61.1975334332828,143.323898865087,7.69858565554268,1.42432338171358,13.7722224855679,110.330231042608,8.15807267617469,68.2346527187545,5.04542817188667,149.256035636545,11.036336773467,102.749236727365,7.59751640798801,60.2627773233367,4.45596925181868,141.134711120919,10.4358272395054,7.58099431524287,0.560556268186679,1.40256768489212,0.103709101290517,13.5618599367251,1.00279531677204,126.701364533968,83.4930905322667,166.44023293405,118.092549309046,72.7002179352694,157.216417518331,8.60881522492122,3.51151424729783,14.1142117588771,76.6095238095238,87,79,92,19.32,17.34,20.8852,1.44094006714471,1.28006762672052,1.62203014415919,1.2731486874982,1.11882012915258,1.44876512161621
"PL017C","Gorzów Wielkopolski","PL","Poland","Eastern",15.2400451,52.7309926,97913.7871857143,FALSE,-0.885005323048838,1.21866610820579,-0.823525715288423,1.79928929134023,-1.170036880439,1301.42083918399,103.732879860794,64.915693419331,140.875452012417,96.7058207339417,58.5658458289345,133.294050705951,7.02705912685255,2.21380527499325,11.7607338869242,105.943077928385,7.97074065033691,66.2988280661687,4.98806315872688,143.877033114057,10.8247422947944,98.7662958542484,7.43078778380231,59.8136866239807,4.50014661403885,136.134097696712,10.2421942766437,7.17678207413655,0.539952866534595,2.26097400440072,0.170106794692279,12.0113154898374,0.903684152952267,139.629084550352,97.4177640472325,180.584452511288,130.362066271771,85.9295891355193,170.410531662369,9.2670182785814,4.71409340559608,13.7633067363131,75.6047619047619,89,80,92,19.58,17.298,20.6152,1.3869594793657,1.24620239366485,1.54361491133497,1.24855456310384,1.11614658011665,1.39667004748112
"PL018C","Zielona Góra","PL","Poland","Eastern",15.5050408,51.9383777,94982.1660538341,FALSE,-2.32108210956667,0.177460642591464,-1.04268391102444,0.693725566906814,0.193468225295891,1276.82240582563,92.0624533358973,48.6973682947024,132.633170558168,84.8822336092129,41.4301983196038,125.429695905226,7.18021972668438,2.22270713119166,11.9281741383648,96.926041130414,7.21027865080164,51.2700123801153,3.81395001156901,139.640077783649,10.3877540018891,89.3664959810491,6.64792795160308,43.6189234683508,3.244789418683,132.056049168362,9.82358199017661,7.55954514936496,0.562350699198566,2.34013101989259,0.174081150287647,12.5583302991892,0.93420777109967,124.396076680446,73.7691006596103,172.365211208838,114.904552058488,65.0515573375158,163.179848613807,9.49152462195802,4.80817119560467,14.0296753395594,75.6047619047619,90,78,93,20.25,17.1368,21.4,1.30340142808046,1.15464958417493,1.47131675792021,1.27354839985865,1.12437103885265,1.44251805741777
"PL019C","Jelenia Góra","PL","Poland","Eastern",15.7344306,50.9031028,68364.7682721166,FALSE,-2.88901055633345,-0.407499802506355,-1.43581827414162,0.394586611526754,0.120454953441149,1021.32128809133,76.6399074593164,46.4486998573715,106.953469705293,70.432527155034,40.591014445801,100.751094090136,6.20738030428241,1.11029912792402,10.9870460724869,112.104391481679,7.50399588777226,67.9424519841694,4.54790283909344,156.445304223923,10.4720689710845,103.024597223364,6.89621649683419,59.3741710411919,3.9743629080383,147.37283053328,9.86477960117934,9.0797942583156,0.607779390938075,1.62408087672386,0.108712032234144,16.0712108739322,1.07576785097858,132.890615564919,88.4053029795917,178.987295122232,122.302130340005,77.0478155809287,168.960268195219,10.5884852249137,4.24661223103521,16.5554655836298,75.8,87,78,93,16.6972,14.58,18.56,1.26107252116976,1.10582909860958,1.43811001686339,1.31086229852737,1.13148216354717,1.51868055994224
"PL020C","Nowy Sącz","PL","Poland","Eastern",20.691346,49.6249173,62261.5286020277,FALSE,-2.50486341799293,-0.2724718088583,-2.11867363112688,1.6098484651842,-0.813804635329509,724.407948180439,64.6609265039746,46.2495573132529,83.0646174419514,58.6499374569398,41.1142173118318,76.1575851530442,6.01098904703485,1.71147155165483,10.3385343822024,103.853740754236,8.92603769276542,74.282720568712,6.38446298517598,133.412428681114,11.4665524654433,94.1993214330264,8.09625813800858,66.0347059170867,5.67556132081406,122.318848995564,10.5130797286717,9.65441932121,0.829779554756846,2.74884280884664,0.236257975351277,16.6050121388534,1.42717020266973,137.757697731887,104.433886887511,169.446982624582,125.147795235274,93.6100495490653,155.294939186249,12.6099024966128,6.2257506048752,18.9901071733156,77.3904761904762,83,79,91,16.73,15.8,18.82,1.30665666640262,1.17277702724151,1.45581948161987,1.34943628047622,1.1480222738033,1.58618723400963
"PL021C","Suwałki","PL","Poland","Eastern",22.9279363,54.0990636,53810.2723928571,FALSE,-1.53069339680741,-0.00560886658062043,-2.11791199182714,0.77621118684274,-2.73181923751369,734.097560330222,62.5748471921538,38.914344640386,84.4408750446716,58.5014977761492,35.7015186864037,79.9793628248445,4.07334941600453,-0.363225139967612,8.38110246468241,116.287921264008,8.52405055862132,72.317687515649,5.30097724652306,156.923336920109,11.5026775196865,108.718085180916,7.96917207432665,66.3470320792184,4.86332071044399,148.632146369623,10.8949228477026,7.56983608309189,0.554878484294676,-0.675010781056421,-0.0494791373239575,15.5752834765336,1.14168782428759,132.278619803067,89.5810108442338,173.565924296095,123.719106640495,82.0496872976528,164.115194331023,8.55951316257258,1.23984412770885,15.1645593590937,76.4095238095238,84,79,93,16.91,15.77,19.53,1.26822058971646,1.12787956261535,1.42602412304661,1.2391420028141,1.04704446254884,1.46648299863056
"PL022C","Konin","PL","Poland","Eastern",18.2521112,52.2301933,61362.6714609833,FALSE,-1.371230100859,1.21848414610482,-1.05709392174776,1.4544257190184,-1.51775573109604,795.084005846367,63.6831702958391,41.5568230066952,85.6206133420366,59.8979045166896,38.019167140488,81.3567480884094,3.78526577914949,0.254563853600842,7.16159949663334,103.781613120171,8.00961531455388,67.7232949890694,5.22672103842134,139.532082459085,10.7687505612559,97.6129348520541,7.53353156097364,61.9581355167401,4.78177989507117,132.583452042402,10.2324719765687,6.16867826811665,0.476083753580237,0.41485132172367,0.0320172273280556,11.6709382530501,0.900734946744378,135.945315250898,96.2729480801742,173.758582994997,128.012009034961,89.1156429208684,165.925039398526,7.93330621593747,2.61731649125902,13.0364058972752,76.2428571428571,87,80,92,19.08,17.39,20.65,1.39508828830459,1.23987933688722,1.5697264034183,1.23145366689071,1.08617010992791,1.39617001042243
"PL023C","Żory","PL","Poland","Eastern",18.6943479,50.0454961,49226.8195125876,FALSE,-2.63988597471255,0.0499965215136755,-2.34712716889254,2.10609235140112,-1.12027731480134,635.204343841073,58.3451109935463,42.1712287100714,73.9829550830364,53.4015858725132,38.0113293975925,68.1676627021264,4.94352512103313,1.37265048670209,8.34580749359707,118.523015647247,9.1852506298578,85.6671812796842,6.63900193992101,150.289935071102,11.647111012444,108.480674561675,8.40699318105957,77.2167078311301,5.98411043094234,138.476674660437,10.7316115456512,10.0423410855723,0.778257448798239,2.78842001228841,0.216095891032748,16.9537816503928,1.31387758514529,155.227447319359,119.524323274848,189.43109460648,142.397733016905,108.866842452314,174.96327228031,12.829714302454,6.29622952369991,19.3142042250139,75.6,82,79,91,17.39,16.73,19.75,1.31352175880325,1.17741884883795,1.46535738964295,1.28944608754619,1.13085057033718,1.47028374597046
"PL024C","Częstochowa","PL","Poland","Eastern",19.113213,50.8120466,193797.194581668,FALSE,-2.48142186896382,-0.354215037589143,-1.79687786864707,1.50637426152377,-0.882096210670075,2961.85829520419,253.323277666202,176.459048141276,325.309019906891,232.773333791709,158.613366213438,303.528297714727,20.5499438744927,5.38871140633734,35.3015214421676,130.715657784948,8.55284934044213,91.0534584993255,5.95771406170905,167.860541329871,10.9832742651338,120.111818075683,7.8590300612495,81.8450269911398,5.35519766324617,156.621615895899,10.2479007252372,10.6038397092652,0.693819279192627,2.7805930926758,0.181936840633554,18.2157030282971,1.19187070830929,146.810754009544,110.52652400537,181.063962692887,135.028571817793,100.267697398663,168.948561526102,11.7821821917507,5.48356388939097,18.1936250504547,75.6,84,79,92,17.92,16.77,20.3,1.29234516881471,1.16624914934767,1.43207481548252,1.28720564237391,1.12982889314989,1.46650380053559
"PL025C","Radom","PL","Poland","Eastern",21.1541546,51.4022557,173884.00112841,FALSE,-1.66457716515924,-0.0474702182431294,-1.69563508926935,1.6683070057179,-1.42627368883161,2541.57664220844,219.783561628047,154.576977684504,284.305108044423,202.349853258708,138.903257695666,264.239066647153,17.4337083693385,2.89179775006649,30.8955556997444,126.396655357465,8.64752838761812,88.8966073252202,6.08193257356143,163.50274102243,11.1861709508545,116.370598758696,7.96158769711076,79.8827130697827,5.4652397802558,151.962840130425,10.396659390824,10.026056598769,0.685940690507363,1.66306142675596,0.113779679197623,17.7679116533146,1.21560590330648,149.078028220077,113.961185708998,182.641014195552,137.372174243097,103.385951591972,171.897001766987,11.7058539769796,5.1884543233769,18.3112747280803,75.8857142857143,84,80,92,18.2,17.17,20.36,1.32932407414153,1.19166911032395,1.48288017099969,1.29199975635036,1.11676853860417,1.49472635797546
"PL026C","Płock","PL","Poland","Eastern",19.7008606,52.5464521,98340.0062651851,FALSE,-1.25254236516591,0.522676333387137,-1.48709023466642,1.50400827799881,-1.6047482337437,1415.59924174226,115.356121493214,76.8374834285562,151.600777867649,108.311425124938,70.4763103863064,144.077334455736,7.04469636827594,0.194105288982669,13.8032067672541,117.303349749789,8.14892506944541,78.1345114229047,5.42791216347276,154.159821241866,10.7093005843282,110.139737873174,7.65127741885713,71.6659608463508,4.97854959992542,146.509381001273,10.1778335426637,7.16361187661419,0.497647650588286,0.197381814741035,0.0137118813898044,14.0362069227779,0.975078705910135,144.507706803605,103.463967342736,183.176171006267,135.824544459519,95.9757973535331,174.379844314315,8.68316234408603,2.61401612945632,14.6502306420291,75.8857142857143,85,80,92,18.38,17.17,20.34,1.3531960688931,1.21048870583928,1.51272753891424,1.24242185504477,1.08624956327408,1.42104735236004
"PL027C","Kalisz","PL","Poland","Eastern",18.0895358,51.7624752,82572.1496611983,FALSE,-1.60078172477918,0.671572281267286,-1.27320187368806,1.74898826895513,-1.35710163570135,1107.29157725153,92.7206654121255,62.6496921187889,121.409839245955,86.6707650212066,57.4635290509776,115.067139444618,6.04990039091885,0.866696650744908,10.8766941474633,112.290482677958,8.37364496551783,75.8726669656134,5.65792185237201,147.034853451328,10.964577148443,104.963677676826,7.82727574216153,69.5919014907037,5.18955713486154,139.353450184778,10.3917650787368,7.32680500113197,0.546369223356296,1.04962345573059,0.0782717640547927,13.1723519274857,0.982279136852187,144.18298195742,107.704212840611,179.606173583577,134.94135769631,98.653832586931,170.381021877103,9.24162426110978,3.68337536057191,14.2799569192748,76.2428571428571,86,80,92,18.94,17.48,20.78,1.37061176261222,1.22793661893492,1.52986446925933,1.28143671505331,1.12048073794083,1.46551386300881
"PL028C","Koszalin","PL","Poland","Eastern",16.17707,54.19092,85589.9232897743,FALSE,-1.99765446413779,0.615869513222468,-1.04375198300685,1.37662418083039,-0.461698284574528,1137.69950770715,93.3064305103029,61.7078150854852,124.853746112914,86.642233461735,55.618598070917,117.248274996234,6.66419704856782,0.847068740006508,12.0906815670704,109.015672551082,8.20132468004203,72.0970561879889,5.4239115572659,145.874352159667,10.9742287191929,101.229479045562,7.61556394063568,64.9826474112075,4.88868964908032,136.988409954846,10.3057331221431,7.78619350551983,0.585760739406353,0.989682789104345,0.0744545228567112,14.1262909257858,1.06273066703152,134.074980892353,95.4207800793478,170.56952854442,124.700637070881,87.2474557417222,160.705706932203,9.37434382147218,3.35603214250019,15.1374661829082,75.852380952381,84,79,92,16.87,15.94,18.98,1.3447102029642,1.20243972482684,1.50381386494564,1.2590478850436,1.11106407151127,1.42674182117739
"PL029C","Słupsk","PL","Poland","Eastern",17.028073,54.4649331,72094.3445936295,FALSE,-0.366588968188405,0.585305540912261,-0.63754197959502,0.975202585359999,-1.11330212116235,930.334124483535,70.0218519399051,35.1258539215036,101.714195895457,66.2116897785179,30.9245518532207,98.2331574617501,3.81016216138721,0.855625364568822,6.47720149269277,97.1253048135657,7.52652730853842,48.7220656758803,3.7756170602689,141.084847180156,10.9330823430692,91.8403380344602,7.11697959217336,42.8945599374424,3.32402639432238,136.256398494855,10.5589115648406,5.28496677910556,0.409547716365062,1.18681343091706,0.0919696850896245,8.98434062921645,0.69622314416216,129.817358274125,76.1087331740979,177.861156010494,122.876850249581,67.9441775792426,172.009826455324,6.94050802454398,3.06007283360119,10.5672440959005,76.7142857142857,91,79,93,18.3,15.62,18.9608,1.40599195830058,1.23486662808238,1.60083149212291,1.2330477245817,1.08329374303136,1.40350362113381
"PL030C","Jastrzębie-Zdrój","PL","Poland","Eastern",18.6023614,49.9519085,71412.9892004005,FALSE,-2.92189672961276,0.0162321389298639,-1.87976586375733,1.46659572560743,-0.958336353559484,921.486323835541,78.9076369688766,55.9324670450523,103.065001471287,72.4997452941014,50.0922859060028,95.1119045547013,6.40789167477524,1.38890802916548,11.3814862745789,110.49479632822,8.56308280739708,78.3225400187262,6.06980978428874,144.32248618254,11.1846479763579,101.521790511599,7.86769628792022,70.1445023753772,5.43603139952219,133.185721000694,10.3215752740435,8.97300581662153,0.695386519476861,1.94489552211279,0.150724757735348,15.9375575816326,1.2351226469868,145.150644947982,109.558889135931,182.200366574114,133.669943080452,100.080401000876,168.368809312336,11.4807018675298,4.97314202400969,18.185598679157,75.6,83,79,91.025,17.74,16.85,19.9175,1.29699099055293,1.16055765552322,1.44946321414518,1.28042125033423,1.12585419495727,1.45620861533467
"PL031C","Siedlce","PL","Poland","Eastern",22.2765138,52.1663751,58771.5801000714,FALSE,-1.3797777153254,0.0749863406663782,-1.7673757511108,1.96016949637896,-1.51794096460445,843.767218668831,76.519946371567,53.630974831502,97.6544550830298,70.1473294194952,48.03382951769,90.6746300945888,6.37261695207186,1.4368243956759,11.0337525815571,130.198892460055,9.06884561031996,91.2532464503823,6.35613397212953,166.159315296189,11.5736251566035,119.355867751138,8.31358790285348,81.7296887983987,5.69278213883097,154.283124496901,10.7464035208243,10.8430247089173,0.755257707466476,2.44476053430824,0.170286823650569,18.7739593912052,1.30767732348792,148.316815465835,111.357485474217,181.866863151578,136.029104495488,100.316803589679,170.053442087405,12.2877109703467,5.24801042984482,18.1800054890676,75.8857142857143,83,79.975,92,17.79,17.0223,20.3252,1.33696615861803,1.20747241169771,1.48034728741889,1.27736706688099,1.10514211714771,1.47643149078724
"PL032C","Piotrków Trybunalski","PL","Poland","Eastern",19.696167,51.4082625,58944.8438598999,FALSE,-2.47388767226292,0.0322221277825913,-1.64070847351407,1.34803248020738,-0.782138390809665,890.437934922571,73.1695678678365,49.0720841547361,95.8714327140622,67.5834916917768,43.9694005972611,89.2477412380688,5.58607617605966,0.728954163466512,10.1586206370205,124.132261749214,8.21725636320729,83.2508510351994,5.51100556593013,162.64600334158,10.7667731746401,114.655476656125,7.58991604481155,74.594142113206,4.93795231231749,151.408902617832,10.0229042067743,9.47678509308913,0.627340318395735,1.23667163356831,0.0818646797128987,17.2341123867687,1.14085667721511,149.09404186634,107.85968549072,188.047646206825,137.903687681515,97.1297235474049,175.236282614417,11.1903541848249,4.21923356047847,17.5958307458371,75.6380952380952,84,79,92,18.06,16.8524,20.31,1.30589827919348,1.17300839248116,1.45384323465349,1.29779674528805,1.12539348488366,1.49661110953951
"PL033C","Lubin","PL","Poland","Eastern",16.2051275,51.3974465,58167.6242199038,FALSE,-1.85816346523343,0.191872805305174,-1.30872461122245,1.86497933060615,-0.811706709719356,762.451956054927,63.1862575145836,42.5486031919998,82.0153098379651,58.6611510018341,38.650493085093,77.4458245051487,4.52510651274944,1.17836311969521,7.97145651856271,108.627880821996,8.28724446344415,73.1482568914006,5.58049629935432,140.998211527266,10.7567839765706,100.848456144718,7.69375047647044,66.4467452529505,5.06923653066327,133.142492140238,10.1574694497301,7.77942467727784,0.593493986973712,2.02580582497299,0.15454916343743,13.70428417091,1.04550279598056,142.970243792262,105.514247324687,177.935808894766,132.985903836627,97.0198727764843,167.866422569242,9.9843399556351,4.66321668826267,15.0864132038115,75.8,86,80,92,18.9,17.488,20.75,1.33669082755684,1.20995082225536,1.4767066029544,1.29028963801551,1.14014337246491,1.46020876863136
"PL034C","Piła","PL","Poland","Eastern",16.7380343,53.1511324,56978.0300890858,FALSE,-1.49717544670771,0.623974307865522,-1.07269096300082,0.831065251053506,-0.542141043416096,739.20599261645,54.2547297718254,30.2089040550605,77.0529178088728,50.7207965613328,26.3321242236996,73.8783422362998,3.5339332104926,0.914060949392263,5.95230009654063,95.2204379249291,7.33959550027301,53.0185125877966,4.08666925820431,135.232681242928,10.4237409569883,89.0181645136384,6.86152399574095,46.2145219526351,3.56221736386307,129.661102921231,9.99428345741683,6.20227341129073,0.478071504532058,1.60423403189461,0.123654429011987,10.4466582772941,0.805228874764964,133.121684132103,85.6003762858494,178.64659575038,124.664150903604,77.9298506957267,170.824656021713,8.45753322849857,4.15830573355328,12.4101637659098,76.2428571428571,90,79,93,19.204,16.5,20.28,1.33771341578061,1.19004876176026,1.50370072240782,1.25072149803651,1.10519040476135,1.41541607573808
"PL035C","Inowrocław","PL","Poland","Eastern",18.2595624,52.7952408,58308.4337001572,FALSE,-0.993644236250371,1.92850933340561,-0.647626299095952,2.98650295439322,-0.763580668446423,783.418698414865,68.7282739065988,45.4903929526325,91.6191711713631,64.52243091717,41.7671007176998,86.7673369162299,4.20584298942879,0.397694134319304,8.02916925591217,117.870211125931,8.77286616283994,78.0168323274817,5.80665141701056,157.128506731122,11.6947899452414,110.65711565666,8.23600854150173,71.6313199776231,5.33138930717502,148.807524761201,11.0754743398123,7.21309546927076,0.536857621338207,0.682052507814546,0.0507639318698904,13.7701679609523,1.02488864156013,155.383676232716,109.380670046235,198.340649439736,146.090973676658,101.040737993417,189.252040739679,9.29270255605833,3.24511699492272,15.4052193051688,75.8809523809524,85,79,92,18.12,16.78,20.16,1.52255589060755,1.34982197800137,1.71739420294237,1.26651898290171,1.10907536028389,1.44631320061045
"PL036C","Ostrowiec Świętokrzyski","PL","Poland","Eastern",21.38743,50.9398768,57149.210051927,FALSE,-2.45318693142745,0.184460357787642,-1.43591154101216,1.6283629908141,-0.692641665939159,815.79761180681,71.6224181591553,49.3845174681683,93.0145180339995,64.9409331477295,43.8860060262375,85.5115912547039,6.6814850114258,1.75163559319241,11.5325645498958,125.325298624561,8.77943464440005,86.4132984923088,6.05352562368901,162.757311867451,11.4016658896553,113.633999645354,7.96042207133946,76.7919731285204,5.37952126741825,149.628649594642,10.4819614592049,11.691298979207,0.81901257306059,3.06502153153269,0.214714479160208,20.1797444608894,1.41365510060194,140.999911358686,104.569137392893,175.571550321506,127.963430496321,93.9090470175323,161.373077598887,13.0364808623648,6.00579833314331,19.5815029789944,76.1619047619048,83,79,91,17.91,16.91,20.02,1.33625574124906,1.19702095373456,1.49168600637298,1.3013481469309,1.12510780949034,1.5051953112721
"PL037C","Gniezno","PL","Poland","Eastern",17.595889,52.5359736,53773.5838454575,FALSE,-1.32841253864769,0.520588044234866,-1.19333681001952,1.32186600599646,-1.35298700436845,696.75122406864,54.3075563628689,34.6936324854912,72.9170213344049,51.1874616454981,31.5554907312445,69.7568513156511,3.12009471737083,0.25958737706914,5.90672765885135,100.993001543185,7.79439697941871,64.5179844906728,4.97934288265756,135.600077435725,10.4652878696947,95.1907200245536,7.34659084581033,58.682141815084,4.52894657966699,129.723269916561,10.011729998594,5.80228151863156,0.447806133608379,0.482741447576157,0.0372568239713013,10.9844411260127,0.84775274944755,132.490910822837,93.1866433767415,169.090432552214,125.024959497294,85.2655969764369,160.762232954814,7.46595132554245,2.48481174177406,11.9860921424847,76.2428571428571,88,80,93,19.03,17.05,20.69,1.36563418195074,1.2058552275201,1.54658426347551,1.26292248836445,1.10836637013551,1.43903068028096
"PL038C","Stargard","PL","Poland","Eastern",15.0350493,53.3379935,54061.8402267639,FALSE,-1.51852904186203,1.06893278585248,-1.1802512264965,1.95505684214663,-1.77954060313504,682.447263031405,59.1520370038815,40.8271167582817,77.1689485018133,54.7822376363101,37.1626435304668,71.9692169438744,4.36979936757135,0.815287608745082,7.69803128236096,109.415507788426,8.6676348793796,75.5192878877804,5.98245739559849,142.741993572779,11.3076793888852,101.332543262539,8.02732175860293,68.7409887909605,5.44549675023851,133.12387562465,10.5457550850435,8.08296452588759,0.64031312077667,1.50806484819114,0.119465291006312,14.239306782883,1.12800383258431,151.492219506565,114.06654814799,187.86952926495,140.629605385615,102.90139891559,175.301811011366,10.8626141209501,4.44920422638984,17.0810077032821,75.852380952381,84,79,91,17.64,16.52,19.54,1.35162621148243,1.22015727903965,1.49726059660459,1.26765705175073,1.1233454771539,1.43050774097093
"PL039C","Ostrów Wielkopolski","PL","Poland","Eastern",17.8167085,51.6495023,56252.1912601046,FALSE,-1.55658461235722,0.449416905828078,-1.38706378275701,1.73322370375565,-1.53205512544027,754.341237812361,63.6779412532699,43.7706864236326,82.7298135460035,59.5059838193937,39.9525556081145,78.1327712319665,4.17195743387612,0.608273997907955,7.55855964100051,113.20081907357,8.44152991528609,77.8115224369505,5.80250478557562,147.069494881486,10.9671604042125,105.784294773947,7.88847020904823,71.0239987334499,5.29635045857755,138.897293566198,10.3577488960509,7.41652429962309,0.553059706237865,1.08133387212483,0.0806364503778144,13.4369159168404,1.00200801203986,145.330786930895,108.028946045556,180.244382810023,135.972898666411,100.075574543421,170.915963887683,9.35788826448452,3.5154254857146,14.6616541758198,76.2428571428571,86,80,92,18.9016,17.458,20.7652,1.35134240674812,1.21526652566797,1.5026549828418,1.30525212850692,1.13190612273011,1.50514524549318
"PL040C","Przemyśl","PL","Poland","Eastern",22.7698454,49.7845132,49162.0793333333,FALSE,-2.81889983089602,0.00896517219747078,-1.75411119110886,1.56193535280639,-0.325728784441351,643.243725084294,56.2945157799024,39.1044393464147,73.462813392728,50.7667309709595,34.2380791193018,67.3984029213295,5.52778480894287,1.28293916790366,9.72785642819806,114.508004021166,8.75166186386431,79.541874299651,6.07925702521082,149.429833702982,11.4206809220099,103.264002783011,7.89230100368359,69.6432689251356,5.32272259862544,137.0942885966,10.4778951263764,11.2440012381553,0.859360860180716,2.60961128028162,0.199448376699756,19.7873168916236,1.51231268162364,139.254706126533,101.89754141325,174.392946750147,125.7492667352,89.9320749269719,160.947325651718,13.5054393913328,6.1040787863064,20.8393038117585,76.6952380952381,82,79,91,17.57,16.87,19.92,1.31955447895542,1.17860951821489,1.47735445541671,1.30150708966645,1.1173561835979,1.5160078131913
"PL041C","Zamość","PL","Poland","Eastern",23.2525711,50.7170854,51401.8041678575,FALSE,-1.79858709549096,0.45521341001446,-1.63887278700819,2.09315793294794,-1.32807233526807,752.989922554363,69.6761277833723,50.5367138566144,88.8070319978779,63.4344734553198,45.2570367831753,81.5251991341451,6.24165432805253,1.20623456938305,10.8091103282334,135.551910893708,9.25326165681082,98.3170039938326,6.7114728023423,172.770262514269,11.793920388286,123.409040756952,8.42434560613128,88.0456192459396,6.01031108486155,158.603769758581,10.8268645691283,12.1428701367559,0.828916050679537,2.3466774929611,0.160192657730551,21.0286594084038,1.43549203043326,148.766913133086,114.000799857192,181.117157554637,135.501713092869,103.352136358862,167.594601758531,13.2652000402171,5.4279802262228,19.9597208487337,76.2190476190476,82,80,91,17.5992,17.12,19.99,1.35884988406443,1.22530444523061,1.50695038658282,1.30667721142682,1.11794953054111,1.52726512979145
"PL042C","Chełm","PL","Poland","Eastern",23.4711548,51.1339221,51209.1823759169,FALSE,-2.15260346935549,-0.0842592575060673,-1.86830461224087,1.72318409913694,-1.42876590319688,750.168187587202,69.564069172476,49.9169473976604,88.4052374108341,62.5413701287625,44.1675575910784,80.1997549678778,7.0226990437135,2.13307640388886,11.5539785566834,135.842960080517,9.27312972257833,97.476556120794,6.65410080347587,172.635518298004,11.7847222627736,122.129210479594,8.33697978181626,86.2492926890587,5.88768736423447,156.612059101328,10.6909032260922,13.7137496009235,0.936149940762073,4.16541781165408,0.284346422466883,22.5623179684219,1.5401850875395,149.091470902456,114.633460716762,181.682229282878,134.106385255116,100.898771396262,165.086942065611,14.9850856473396,7.02254984494935,21.8715890899684,76.2190476190476,82,79,91,17.71,16.9524,20.15,1.30945410146621,1.18197280871915,1.45068484756834,1.31139531809915,1.11794303784003,1.53832317222094
"PL043C","Pabianice","PL","Poland","Eastern",19.3535024,51.6639859,53450.8623035153,FALSE,-2.15112919958474,0.221191607492756,-1.28455326626674,1.39987352468412,-0.871963305878541,806.662760550795,65.5146061556474,43.6032519212559,86.747700030097,60.9812864482897,39.8051780946281,81.3973850636953,4.53331970735768,0.54242551424616,8.44151816428654,122.569783408974,8.12168471876817,81.5763301883874,5.40538798288932,162.294294781456,10.7538991846934,114.08849889458,7.55970021557104,74.470600434093,4.93455010461235,152.284512458356,10.0906337870508,8.48128451439321,0.561984503197135,1.01481153132021,0.0672431579555983,15.7930439294922,1.04647426125418,143.133125212117,103.608975230841,181.126572974595,133.377130296016,95.0793915858873,170.284343075618,9.75599491610135,3.89939375289049,15.5707932120951,75.6380952380952,85,79,92,18.33,16.8824,20.3552,1.33172786701953,1.19351512332794,1.48594607402313,1.26560784300531,1.11215492840225,1.44023388412052
"PL044C","Głogów","PL","Poland","Eastern",16.0935567,51.6636791,54106.5261397742,FALSE,-1.39490080529769,0.565911901392908,-1.37045022116397,2.52399860261303,-1.2329148837529,709.219729082415,62.6656729728377,44.6749798913263,79.9607017232817,58.0013276644403,40.3231246966566,74.4457499968116,4.66434530839742,1.1657411257991,8.02274841654398,115.819065542949,8.83586149724208,82.5685607239259,6.29917331108747,147.783839451674,11.2744609948647,107.198395096748,8.17818868906567,74.5254363447568,5.68556161696552,137.591073218219,10.4968526599125,8.62067044620079,0.657672808176407,2.15452960847573,0.164369528651907,14.8276908331145,1.13120773260549,151.957429444929,114.947445071087,186.078707037641,140.909503713587,104.623181548707,175.066189302927,11.0479257313418,5.16279426498323,16.6329284070092,75.8,85,80,92,18.82,17.6,20.98,1.38548192068345,1.24754385462286,1.53867148271192,1.27658142081623,1.13458083274994,1.43635435830809
"PL045C","Stalowa Wola","PL","Poland","Eastern",22.0644075,50.5653105,49255.0808754882,FALSE,-3.10721082481716,-0.122961948797671,-1.53283301662675,1.24435033871227,0.482729619899566,594.886804078886,49.5640305926102,30.687971689548,67.6540152561432,44.9318516045027,26.7517916590346,62.6587982303637,4.6321789881075,0.769223303199553,8.32064530418764,100.627244360644,8.33167423663976,62.3041748060957,5.15862370439782,137.354388732333,11.3725863126007,91.222775002818,7.55300862221587,54.3127555239638,4.49695496279442,127.21286234157,10.5328942919458,9.40446935782559,0.77866561442389,1.56171361314799,0.129305827247355,16.8929685147028,1.39869387707653,125.007949228746,84.6324048270422,165.265163622434,113.509392752909,74.0632491678065,153.707265890201,11.4985564758366,4.22723022416485,18.8708131642308,76.6952380952381,83,78,92,18.53,17.29,21.0052,1.31007536293539,1.16238579482031,1.47652996467978,1.33305745015034,1.12213941583686,1.58361977159146
"PL046C","Tomaszów Mazowiecki","PL","Poland","Eastern",20.0084195,51.5316918,50368.8239313796,FALSE,-2.11098459235932,0.246074499594636,-1.59208782893183,1.62060004377066,-1.00631947535418,760.886086534327,63.9384472617198,43.7229303749272,83.8124602518504,59.0730448974154,39.4655711344782,78.5511124802616,4.86540236430439,0.586341456416516,8.78575586627419,126.940520487091,8.40315631909446,86.8055415280165,5.74631750385604,166.397492953246,11.0151127396215,117.280969231869,7.76371732153501,78.3531717719764,5.18679101023327,155.951849475931,10.3236363327453,9.6595512552225,0.639438997559445,1.16409598368889,0.0770603467185444,17.4428449595002,1.15467427013831,152.383446603834,112.5588983199,192.217864302372,140.973200831379,103.837418061594,181.324780592241,11.4102457724544,4.21709198047856,18.3056935201416,75.6380952380952,84,79.975,92,18.11,17.15375,20.37,1.33156024139813,1.19630426383562,1.48210846527239,1.28342192453522,1.1183024051214,1.47292166129148
"PL047C","Łomża","PL","Poland","Eastern",22.0727551,53.1750699,49447.6581606897,FALSE,-0.978895431537988,1.13437817123524,-1.44689665372032,1.94632564551512,-1.93321512804266,767.61488560618,69.4653104403147,48.1239986486037,90.4479319270127,65.2476418848941,44.459179492076,85.9669653482453,4.2176685554206,0.0389671898951598,8.23363135289654,140.482508220256,9.04950017813405,97.3231098067688,6.26928939901947,182.916512715496,11.782983058697,131.952946432487,8.50004906215029,89.9115977294564,5.79185999721291,173.854472680747,11.1992311457532,8.52956178776854,0.549451115983757,0.0788049249340149,0.00507639841616512,16.6512058592133,1.07262528479949,141.874732860199,104.315374618201,179.688258900973,133.243106190921,98.2315253898847,170.394155204573,8.63162666927831,2.61619391256809,15.1083903983901,76.4095238095238,84,80,92,17.57,16.62,19.81,1.38419387977126,1.24567205341098,1.53811967728561,1.22835179583418,1.07063063688825,1.40930782507258
"PL048C","Leszno","PL","Poland","Eastern",16.5744141,51.8436498,49118.8697233728,FALSE,-0.861671894667784,0.527989498689058,-1.37052787730804,2.24575869955746,-1.71389567062588,614.434353802653,53.3163882383855,36.5531227490982,68.8074452580475,50.1386649185165,33.8115818315671,65.6815289989367,3.17772331986907,0.598952705723332,5.61147360476556,108.545633355678,8.67731237819264,74.4176788980644,5.94906885054127,140.08352725858,11.1985023025173,102.076178057205,8.16013372432952,68.8362375233528,5.50287945690402,133.719544787658,10.689755315998,6.46945529847356,0.517178653863111,1.21939431647452,0.0974803413931029,11.4242726601166,0.913274716824815,150.94937032456,111.788220105688,187.346120911305,142.128995145827,103.777268238655,178.944224897907,8.82037517873255,3.76249179307248,13.5843042729584,76.2428571428571,87,80,92,19.27,17.53,20.8752,1.39679482596385,1.2434957263994,1.56899275519722,1.2756770290637,1.12486978745861,1.44670245447468
"PL049C","Świdnica","PL","Poland","Eastern",16.4870549,50.8424835,47704.3956070136,FALSE,-1.79801299553291,0.0418827200285892,-1.38232115083691,2.16095253353342,-0.868101881936013,763.635087554729,66.5087212141264,47.3506288627479,84.8121839930042,61.4883908188417,42.6803717797478,79.37756537777,5.02033039528466,1.25800708149821,8.76215765255121,139.418433810632,8.70948995116202,99.2584189784524,6.20068795088654,177.786937479898,11.106375987068,128.894601925953,8.0520646341352,89.468425784799,5.58910564421766,166.394656860719,10.3946985505798,10.5238318846798,0.657425317026814,2.63708839718169,0.164739297866279,18.3676106594734,1.14742732430079,154.398990964484,114.776408379671,188.600039814442,142.851842232037,104.497183608636,177.676026028727,11.5471487324472,5.55651050280849,17.8268774638176,75.8,85,80,91,17.59,16.41,19.23,1.3575643440138,1.22225398483697,1.50785431751606,1.31890399006533,1.15469989956968,1.50645872200951
"PL050C","Zgierz","PL","Poland","Eastern",19.4056443,51.8559434,45608.281337525,FALSE,-2.34456986260389,0.0167608665045405,-1.47609151773484,1.05647131391767,-0.73741665801444,688.305118798535,54.1283739641564,35.1220566411973,72.0209872467934,50.3236679215297,31.7813570632318,67.817715829062,3.80470604262672,0.317341909824774,7.13802404005652,118.681021026814,7.86400863306664,77.008068734877,5.10268711970417,157.912083364424,10.4635263170073,110.338882425997,7.31124417749089,69.6833034071888,4.61733556750348,148.696056593704,9.85285652784926,8.34213860081663,0.552764455575746,0.695798878006998,0.0461048307150043,15.6507191911737,1.03704357923652,138.706261255645,101.561433467643,176.593569826108,129.109187888007,91.1758343309287,165.868626667759,9.59707336763784,3.52079132539279,15.7288949875901,75.6380952380952,85,79,92,18.3,16.87,20.33,1.30164035847707,1.16691373863646,1.45192190880885,1.25292224134667,1.1027927982919,1.42348965761531
"PL051C","Tczew","PL","Poland","Eastern",18.8000293,54.0869532,45999.6230065733,FALSE,-0.0365961175194566,1.19889790939518,-0.894877118285128,1.80021537086859,-1.97381220622685,578.259707811747,46.1157802212713,26.6999167553914,64.2231599114847,43.8739146868498,24.5806013212271,62.3766359082299,2.24186553442158,0.106894703416743,4.32075399390591,100.252517753638,7.97492538357598,58.0437729926092,4.61728811374899,139.616709255003,11.1062830496211,95.3788570845031,7.58723357241638,53.4365277683135,4.25078921964753,135.602493740691,10.7869587082724,4.87366066913466,0.387691811159601,0.232381694522731,0.0184855873533459,9.39302044559904,0.747199560255811,141.059065048671,91.8595365654199,188.553657797803,134.312563064452,84.7541931726309,182.017119908848,6.74650198421862,2.2243622536201,11.2154006642907,76.7142857142857,90,80,93,18.72,16.46,19.7008,1.40942130272198,1.25910264101236,1.57768584058353,1.2153119651372,1.06304676103095,1.38938683296797
"PL052C","Ełk","PL","Poland","Eastern",22.3615813,53.8248304,46517.8928799352,FALSE,-0.866150808701954,0.801198416919446,-1.45465478401211,2.16443637399697,-2.13192198357912,612.529621477772,54.8761039624556,37.2482955168777,71.5955818831307,51.1081801648879,34.3220530761311,67.4583978087695,3.76792379756771,0.118058121863093,7.21196949727924,117.967733629065,8.95893064405,80.0730497682197,6.08106028031974,153.909769876985,11.6885093181945,109.867788501944,8.34378916101815,73.7824758415389,5.60332951626514,145.016022077532,11.0130833584866,8.09994512712108,0.615141483031845,0.253790777169993,0.0192738632914223,15.50364612579,1.17740746641441,151.031600384201,112.915312758698,190.24463262436,140.827353901815,103.30559834268,179.301191365982,10.2042464823866,3.34169223283985,17.083794483352,75.6809523809524,84,80,92,17.26,16.36,19.47,1.37512025563026,1.23746145719009,1.52809261771955,1.27190514337298,1.08497438366045,1.49104229381044
"PL053C","Gdynia","PL","Poland","Eastern",18.5402738,54.5164982,202737.117895941,FALSE,-0.751820132786223,0.0211112727144202,-0.665221884741295,0.663623446379427,-0.300580144641035,2721.00988076277,210.358133592315,108.8730289777,307.343584971943,199.397054748551,97.153142359225,297.832488294368,10.9610788437642,2.4440892637159,18.8834504761038,103.759062857097,7.73088459103082,53.7015767549687,4.00119932483229,151.597096852138,11.2952028268926,98.352515226588,7.328053314259,47.9207475017431,3.57048105727534,146.905752328607,10.9456599331009,5.40654763050851,0.402831276771827,1.20554602387629,0.0898228735218983,9.31425417904785,0.69398683957775,109.93034033505,64.4029613792968,154.035754315472,104.215696172938,58.865125708777,149.028902993958,5.71464416211193,2.32894051766723,8.68021829408977,76.7142857142857,91,79,93,18.12,15.47,18.83,1.38527794647907,1.2130262306807,1.581989688652,1.2036597733158,1.07209281354716,1.3513725972149
"PL054C","Sosnowiec","PL","Poland","Eastern",19.1342944,50.2780834,179794.072233343,FALSE,-2.34468018067514,-0.530352769715425,-1.74924178691008,1.91419243350801,-0.0925522957399503,2804.74110017086,234.608381368623,158.216836170122,308.48635387066,214.648669400832,140.120207769176,286.707976731985,19.9597119677914,4.75069767446401,34.4223721996145,130.487272719503,8.36470722215077,87.9989168746246,5.64104958423733,171.577599883435,10.9987461534994,119.385843334286,7.65306535379524,77.9337194094605,4.99583393849223,159.464643728568,10.2222617522351,11.1014293852174,0.71164186835553,2.64229939032605,0.169380969750634,19.1454433241492,1.22729232289988,150.95901647755,109.764126120443,191.048782801148,138.328477369756,97.7858366431761,177.221159035924,12.6305391077946,5.77974508802462,19.6693176745879,75.6,84,79,92,17.99,16.8424,20.21,1.31952879968558,1.18175000875094,1.47337105166599,1.3071087409155,1.14164084622385,1.49655933057137
"PL055C","Gliwice","PL","Poland","Eastern",18.6657306,50.294113,155414.87632757,FALSE,-2.54803245544164,-0.319009085115504,-1.75426393961583,1.78321063719006,-0.560160550554937,2113.51376500977,180.143750826954,123.61829776773,233.701779778951,164.845884433725,111.281309660913,216.289627528504,15.2978663932289,3.65860802158101,26.6756343438988,115.911523454976,8.52342453639623,79.5408397759672,5.84894689659894,150.372850592742,11.057499773505,106.068278873302,7.79961252975154,71.6027398988265,5.26522757993008,139.169191932841,10.2336512356476,9.84324458167398,0.723812006644687,2.35409126078105,0.173105474028654,17.1641447551482,1.262146231812,131.970824305215,98.0629330575672,165.628501476645,120.898885705777,87.6762283051565,153.090998738386,11.0719385994386,5.13510048847307,16.9849941765917,75.6,84,79,91,18.2104,17.1,20.21,1.31059696574568,1.17897152084952,1.4569176407112,1.30160147912829,1.14111294785195,1.48466145586909
"PL056C","Zabrze","PL","Poland","Eastern",18.7863749,50.3086154,149373.389822355,FALSE,-2.39887828690061,-0.597974823723225,-1.83236599093254,1.8353151357383,-0.147131735535142,2031.35454581778,169.035208724781,114.156763793498,223.708125134563,154.623138869092,101.14875974398,205.540534947345,14.4120698556884,3.653199599024,24.9766405965698,113.162865839631,8.32130506576491,76.423761909173,5.61973605388225,149.764375971256,11.0127562711857,103.514514233747,7.61182429662195,67.7153808079689,4.97937496692678,137.601841393429,10.1183978626734,9.64835160588385,0.709480769142955,2.44568299840328,0.179840570251281,16.7209438215694,1.22955594571084,128.930635217451,92.3271329021153,163.301248098426,118.072811851321,83.1471868634148,151.826548156856,10.8578233661293,4.83238130835909,16.6997669912041,75.6,84,79,92,18.11,16.9824,20.36,1.30955162371796,1.17359654194463,1.46125639765498,1.31120710152695,1.14388665151217,1.50300212072754
"PL057C","Bytom","PL","Poland","Eastern",18.9231857,50.3470387,145476.068571429,FALSE,-2.38275620149027,-0.624993704163315,-1.73615055630131,1.75136719232958,-0.117656072538687,2132.12510259646,175.329637847544,116.104678450081,232.797191278532,160.460768250629,102.964410457675,217.116318741818,14.8688695969151,3.6648183648683,26.1820619591395,120.52129231239,8.22323406980344,79.8101568115126,5.44549090054287,160.024389966401,10.9185521522652,110.300456856134,7.52586084443275,70.7775591331155,4.8291917923712,149.245385082162,10.18309471979,10.2208354562555,0.697373225370692,2.51918985772487,0.171885709727133,17.9975044804597,1.22797963061621,140.193355692428,100.040696524079,178.964376551832,128.482742101892,90.2906441849986,167.399419447643,11.710613590536,5.13383504108147,18.665706000266,75.6,85,79,92,18.16,16.82,20.19,1.30685393681217,1.17602906732926,1.45223214256089,1.3126204714543,1.14474911474019,1.5051092679569
"PL058C","Bielsko-Biała","PL","Poland","Eastern",19.0448936,49.822118,136939.364848138,FALSE,-2.96818292984878,-0.667029297455484,-2.03158486991225,1.43128709682062,0.0585073960976639,1850.66175140603,155.774450609481,103.488208224738,206.982581230724,141.89397444046,90.4350730613877,191.640643399166,13.8804761690208,3.02677261235822,24.5544301778539,113.754325341168,8.4172297012748,75.5722858357809,5.59195693897673,151.149073504365,11.1842469902168,103.618104697518,7.6672019796517,66.0402311356398,4.88663436161038,139.945620174075,10.355249588617,10.1362206436504,0.750027721623096,2.21030133717563,0.163550827700342,17.9308778049935,1.32679189804397,138.457086767764,99.7445431857434,178.387954767794,126.315069273107,88.0137421660706,164.948526331089,12.1420174946566,5.08057128586172,19.6852013332716,75.6,83,78,92,16.55,15.44,18.97,1.2787535637914,1.12400101725278,1.45481245284448,1.32621396190464,1.14052620791075,1.54213332455788
"PL059C","Ruda Śląska","PL","Poland","Eastern",18.8747933,50.2858001,117343.794269792,FALSE,-2.50362489296485,-0.718870746733776,-2.02762326069533,1.72180217328713,-0.158086827816204,1778.57363813019,146.986686251158,98.4043834304454,195.040318770765,134.396719051743,88.2266371772776,180.016449667942,12.5899671994151,2.68263041353105,22.5377978445198,125.261576179489,8.26430140984686,83.8598956534492,5.532769704936,166.212725593598,10.9661087170847,114.532447061277,7.55643264751375,75.1864533836624,4.96052765462271,153.409433185752,10.1213942346066,10.7291291182121,0.707868762333108,2.28612891736163,0.150830438280379,19.2066380542476,1.26718384672639,143.339936936737,104.574175495178,182.494730337989,131.251443376652,93.1501979117987,169.988550350714,12.0884935600849,5.02348540845179,19.5692781368951,75.6,84,79,92,18.03,16.91,20.2552,1.29311593572084,1.1593918415593,1.44226374835127,1.31144910790833,1.14232479071686,1.50561274395019
"PL060C","Rybnik","PL","Poland","Eastern",18.5419933,50.0955793,111055.312201402,FALSE,-2.84908842970534,-0.194775686200758,-2.02649161703964,1.74358118746928,-0.376716646987437,1433.01593349777,123.247512428081,84.3398828229796,161.679322846419,112.881628335777,75.4661925153351,149.848496017651,10.3658840923034,2.40262810757367,18.1428075498718,110.978493495717,8.60056818260579,75.9440328887887,5.88548116259384,145.584501669951,11.2824511624086,101.644510377913,7.87720678445288,67.953698944608,5.26624936619747,134.931407644775,10.4568618195259,9.33398311780406,0.72336139815291,2.16345176106158,0.167662344249671,16.3367309408571,1.26605762893285,145.785148446188,106.3945770461,184.335063007727,133.844307305811,95.7084424204835,171.837936979212,11.9408411403777,4.62971839156153,18.7081703401378,75.6,83,79,91,17.83,16.95,20.0096,1.30517358849636,1.16342966925668,1.46418656934959,1.29279583574411,1.13237159004201,1.47594754903318
"PL061C","Tychy","PL","Poland","Eastern",18.9965933,50.114397,101575.873304782,FALSE,-2.61902395315971,-0.364438099918783,-1.95591396304398,1.97426464586713,-0.295668203436435,1240.78140564075,107.287626074787,73.5290501042504,139.809841558754,98.100935817377,66.1185026112252,129.514012590764,9.18669025741008,1.83344842336353,16.0240184239963,105.623139220144,8.64677900450827,72.3883021744973,5.92602772494638,137.640796982615,11.2678865852728,96.5789735550897,7.90638345895559,65.0927237542266,5.32877929268136,127.504700060173,10.4381007002504,9.04416566505421,0.740395545552682,1.80500384954821,0.147765626969299,15.7754178257622,1.29144572534284,145.767751577229,106.616036682308,181.716521057283,133.628970568395,96.179970243798,169.160613382663,12.1387810088339,4.6478487613486,19.1169814333497,75.6,83,79,91,17.62,16.7324,19.74,1.31541628258779,1.17451242148418,1.47322409269248,1.31754575482317,1.14558251216066,1.51532237758979
"PL062C","Wałbrzych","PL","Poland","Eastern",16.2825424,50.7659054,99443.3517962648,FALSE,-3.00133739200283,-0.946128620511171,-1.59409574350119,0.465707848383427,0.172132765835677,1591.85399352406,119.081842058569,70.9033390585403,166.993847357382,109.288148428648,61.243985929443,155.825604538282,9.79369362992063,1.59462346739589,17.7772376654592,119.748419484631,7.48070127932675,71.3002305109385,4.45413582822214,167.928618998596,10.4905253896866,109.899904271683,6.86546309355324,61.5868077887368,3.84733689010387,156.697860363286,9.78893825515452,9.8485152129481,0.615238185773511,1.60354959742597,0.100173977882588,17.8767482635546,1.11676307863536,133.039402727148,86.0525917392055,179.77976148467,122.220718987662,75.9353903241079,167.49338559495,10.8186837394852,3.58782972023234,17.6101226350578,75.8,86,78,92,16.8516,14.95,18.5752,1.23837736764302,1.09532795395442,1.40010898028652,1.34193254660263,1.14415812012365,1.57389344004027
"PL063C","Elbląg","PL","Poland","Eastern",19.4044583,54.1558708,96688.8005331813,FALSE,-1.10759990556021,1.18501630237834,-0.620207939708546,1.30777498745249,-0.638938773269501,1305.5952283821,99.6477627065048,58.2675102648866,139.284694792638,94.2698032160792,52.2962045737606,134.934097555419,5.37795949042561,0.434183602896753,9.92353009119847,103.060294632891,7.63236266036213,60.2629362900108,4.46290772195087,144.054630965082,10.6682907355016,97.498161830778,7.22044636551706,54.0871375850958,4.00554501402141,139.555043408686,10.3350636263147,5.56213280211292,0.411916294845074,0.4490526312277,0.0332556058308207,10.2633707693922,0.760077080206228,134.804521361603,88.9656259226444,179.289484715907,127.655212672776,80.0970081150808,173.338396417581,7.14930868882716,2.44263479411598,11.1890541596486,75.6809523809524,90,79,93,18.61,16.13,19.5408,1.39546862336181,1.24642750650632,1.56233127768947,1.21399321996957,1.07383928566414,1.37243957993266
"PL064C","Włocławek","PL","Poland","Eastern",19.0722963,52.66017,92251.8581904765,FALSE,-2.15608018218669,0.778661668951581,-1.20317016845125,2.09687417269957,-0.698489529104513,1355.9078421945,117.831152442179,80.0033265069101,153.240062416293,109.350120375092,73.2777675598637,143.668130848569,8.48103206708744,1.09141266433722,15.7107538598386,127.727673733019,8.69020362412482,86.7227263235433,5.90035133784806,166.110542835778,11.3016576530952,118.534328218421,8.06471627143268,79.4322943702271,5.40433245383886,155.734674256567,10.5957150167408,9.19334551459796,0.625487352692135,1.18307932842256,0.0804931301651592,17.0302844495554,1.15868891461024,154.204864159317,113.735438985566,193.229116968572,143.30755521718,104.859459666435,181.366055532397,10.8973089421369,3.96712710275748,17.479562331882,75.8809523809524,83,79,91,17.92,16.95,20.08,1.38534238007635,1.23839141671591,1.54973095269432,1.2753330383846,1.1152455856712,1.45840017633105
"PL065C","Tarnów","PL","Poland","Eastern",20.9880739,50.0123784,88876.9685097868,FALSE,-2.33604177091772,0.113511552704544,-1.60828264564047,1.83289673990408,-0.588047070551892,1092.13359127066,96.4502002948094,66.2088806122026,123.983642945007,88.460978944543,60.0068269655002,114.874128424926,7.98922135026635,2.09870776037573,14.1337342588876,108.521028464409,8.83135552882255,74.4949807833644,6.06234266040394,139.500305899109,11.3524246425528,99.5319489714616,8.09983134404116,67.5167346182521,5.49445850261638,129.250727551847,10.5183220572196,8.98907949294715,0.731524184781386,2.36136289925845,0.192165846481652,15.9025836455383,1.29413968875763,130.447604469476,95.9497779896755,161.479030173109,119.749505712219,87.1606078899063,149.231385443742,10.6980987572574,4.95354891398917,16.6340292037939,77.3904761904762,83,79,91.025,18,17.05,20.14725,1.34181603921688,1.21129855417538,1.48639679036468,1.29637389381619,1.12909789370534,1.488431855145
"PL066C","Chorzów","PL","Poland","Eastern",18.9544466,50.2978791,91808.6049228348,FALSE,-2.02547913584233,-0.915618551574057,-1.79347894062964,2.19071100000199,0.0402474303731113,1391.53813361309,115.561573344511,76.7642969782318,153.530613976315,105.826822512314,68.2931050080645,142.770327332522,9.73475083219645,2.41160227893261,17.2152539194044,125.872268118702,8.3045926340846,83.6134009908463,5.51650688716058,167.229002232805,11.0331589388554,115.268958286929,7.60502496884783,74.3863879267798,4.90774225717721,155.508655700106,10.2598932708961,10.6033098317729,0.699567665236773,2.62677151118848,0.173304792781421,18.7512422543332,1.23713849470338,144.088407410115,102.75395368833,183.21579151128,132.130145786955,92.7968030696919,170.726884437355,11.95826162316,5.33638567307309,19.2309625247524,75.6,85,79,92,18.22,16.86,20.2052,1.32281899318189,1.18595685819286,1.47547533169893,1.3197851960562,1.15109012707767,1.51320293933124
"PL067C","Legnica","PL","Poland","Eastern",16.1603187,51.2081617,81913.145290839,FALSE,-1.62772401368158,0.258181530872974,-1.42091218368716,2.04507366353613,-1.0411891212529,1073.70446517637,90.7305317821868,63.0823579732838,117.360905026503,84.4459401993228,57.5635987139101,110.226383769614,6.28459158286398,1.62567254189404,10.9218641765219,110.764311955109,8.45023325550607,77.0112754788075,5.87520682080073,143.274812131562,10.9304663278294,103.09204938901,7.86491468911344,70.2739450542719,5.36121442919163,134.564950934611,10.2659891380361,7.6722625660998,0.585318566392632,1.98462961728787,0.151407821669719,13.333469417812,1.0172132584666,145.663961615729,108.381738447653,180.045502967346,135.816783029343,98.5313577422515,170.698222966396,9.84717858638627,4.72580926705062,15.1540513557626,75.8,85,80,92,18.42,17.23,20.4552,1.34505278653063,1.22021438024408,1.4826632334819,1.30545255681943,1.1464561648335,1.48649937989902
"PL068C","Grudziądz","PL","Poland","Eastern",18.7557746,53.4876477,75861.4327575541,FALSE,-1.73252901605539,0.706176696632757,-1.28586049548625,1.77581308413396,-1.3960446710813,1038.14133540703,88.0818578012675,59.6081234203074,114.814728603223,82.5732225732637,55.1014020470297,108.469384220636,5.50863522800376,0.358490722939552,10.5872484046093,116.108877198205,8.48457284159024,78.5750034682435,5.74181196599172,151.347956965379,11.0596432958915,108.847433500445,7.95394805668617,72.6342754731888,5.30769753286295,142.983569223236,10.4484216667962,7.26144369775987,0.530624784904064,0.472559916031713,0.0345319765924738,13.9560353921143,1.01982726662726,146.662558487855,109.25354872347,184.182426022479,137.668395776781,101.647897501507,173.241132308304,8.99416271107374,2.59327079882462,15.105502968828,75.8809523809524,84,79,92,17.5,16.41,19.71,1.33967570699375,1.2169678229703,1.47475632965277,1.25683081399734,1.10024497358978,1.43570180544371
"PT001C","Lisbon","PT","Portugal","Southern",-9.1365919,38.7077507,1425615.72387344,TRUE,2.12391927069072,0.306999641998319,2.82109764208366,1.21381243076429,-0.13674165145679,17982.2762005722,1340.89888990706,1060.88207244552,1606.08964662378,1201.45993818277,910.936814896716,1471.86404172709,139.438951724285,92.2308553735764,187.127387151891,94.0575266849466,7.45678063750566,74.4157106771432,5.89959836348061,112.659366737341,8.93151472432991,84.2765633166817,6.68135626870497,63.8977811230695,5.06574809960781,103.244094259005,8.18508194018427,9.78096336826483,0.775424368800696,6.46954532200179,0.512898669472341,13.1260748614261,1.04062124874901,88.3947513849948,70.5639213547771,104.683889400994,79.141983684857,60.539707305355,96.3949038729232,9.25276770013778,6.64385573282297,11.9596198847838,79.9285714285714,76,66,90,19.82,18.58,21.534,1.4930391997346,1.41214703778785,1.578565115596,1.50319822437754,1.41645526843794,1.5952532721091
"PT002C","Porto","PT","Portugal","Southern",-8.6107884,41.1494512,767323.715640106,TRUE,1.17098044821545,0.953110104193708,1.93966085782239,0.45243425872071,-0.0982259592422089,8947.08600420453,782.854514134533,615.571502918614,944.614117758117,713.916773525468,545.679321583893,875.220853535062,68.9377406090644,51.6449565514684,85.562557939035,102.024021697475,8.74982663368435,80.223182259537,6.88013396349757,123.105033573752,10.5577851527772,93.0398421127796,7.97932168294767,71.1146170073324,6.09896139734725,114.06148874272,9.78218889506333,8.98417958469538,0.770504950736679,6.73053047870231,0.577226557643446,11.1507772006836,0.956317597694113,109.039686279478,87.6325487412433,129.913303819296,99.5342561010284,77.5909722182056,120.590272853586,9.50543017844944,7.64315951724985,11.3989315399711,80.1333333333333,90,71,91,21.52,18.16,21.88,1.65362461291748,1.5444300393794,1.77053948105365,1.38607364834339,1.28882736923105,1.49065748020095
"PT003C","Braga","PT","Portugal","Southern",-8.4280045,41.5510583,138333.016807123,FALSE,0.541311470375146,1.36151607459132,0.853958666012787,-0.486533176364799,-0.64206600015833,1370.7798114398,94.6313150191056,58.565085823378,127.936080164471,81.7140090696437,47.4712350974837,112.658923054924,12.9173059494619,5.27447714435615,20.0870215929987,68.4083360598213,6.90346576666528,42.3363034907531,4.27239191404957,92.4841249886513,9.33308756787813,59.0705031638089,5.96113310013045,34.3166340134638,3.46308245141298,81.4403716879851,8.2186009827933,9.3378328960124,0.942332666534836,3.81288376852963,0.384779313230189,14.5207717265401,1.465371858074,80.7213723691397,55.9814930637707,103.04752144639,69.9054790963543,45.8948030177676,91.7805969995657,10.8158932727853,6.05194481610376,15.1971141836633,80.1333333333333,80,68.975,91,19.04,17.0555,21.71,1.41810367144535,1.26768707759556,1.58636784937581,1.37446420506078,1.20677161150652,1.56545930727934
"PT005C","Coimbra","PT","Portugal","Southern",-8.4294632,40.2111931,114206.150363058,FALSE,-0.327152130177685,1.41184789530754,1.41834395108699,-0.851209232296359,0.600930589259326,1739.7987736698,117.769459932791,76.9998445778428,155.975613790255,99.5836361619734,61.6286881739446,136.090246324406,18.1858237708176,8.87150731362743,26.682918938449,103.120068015957,6.76914259942701,67.4218020072148,4.42579025477902,136.573742565014,8.96515253090173,87.1963863989813,5.72385942955457,53.9626701171776,3.54228828682008,119.161924197409,7.82218313887807,15.9236816169755,1.04528316987244,7.76797684312552,0.509915712546145,23.3638195960768,1.53367845421377,80.4397635141107,58.1455521246319,101.036384820552,67.7068910696052,46.0431085693944,88.2890041000987,12.7328724445055,8.38422332032809,16.8351341199292,80.1142857142857,78,64,91,19.5568,17.31,22.23,1.40355192910777,1.26498712590185,1.55729491420532,1.44610128495781,1.26998937014327,1.64663498413434
"PT006C","Setúbal","PT","Portugal","Southern",-8.8932341,38.5241783,92986.6054344053,FALSE,0.847747798547803,1.90378533057817,1.81482774557139,-0.184819693383307,0.0417433039002582,1172.90430645078,69.4603911632014,41.9978605747285,94.4725012701896,61.9893411302492,35.6692400846272,86.2777596826378,7.47105003295215,2.4284122342935,12.5471346134828,74.6993514159415,5.92208509945617,45.1654949425535,3.58067238254197,101.597967609251,8.05457877088578,66.6648070877023,5.28511497394273,38.3595464292855,3.04110402600215,92.7851482259989,7.35590782710272,8.03454432823917,0.636970125513447,2.61157208927962,0.207042656501271,13.4934860293763,1.06974921521522,70.1759489380766,48.3675541844798,89.651796635062,62.5657483893556,42.0979739832402,82.0146156851307,7.61020054872107,4.19515440816655,11.1280632105058,79.9285714285714,77,63.975,91,20.3412,18.596,22.3,1.39700374965082,1.28110779003817,1.52338428640756,1.34500592318018,1.21208166731881,1.49250746229952
"PT008C","Aveiro","PT","Portugal","Southern",-8.6537841,40.640496,60620.2604661919,FALSE,0.471776977706662,2.65465266455655,1.77760038445363,0.0858581393184116,0.217847190011239,780.743058217176,57.3550797096388,38.8366717144085,74.8068393839316,49.9408088505402,32.1546915323471,66.7994176292633,7.41427085909853,3.63477841390691,10.9582050835689,94.6137137461259,7.34621705642941,64.0654979304615,4.97432174460724,123.402372092498,9.58149273267351,82.3830324490149,6.39657417698723,53.0428132196493,4.118472933435,110.193221070895,8.55587724107334,12.230681297111,0.949642879442181,5.99597953877819,0.465553728035305,18.0768030346558,1.40356100105352,90.8424082800829,66.7711941775296,113.001287532486,79.0903465711845,54.8199032266239,101.647190524681,11.7520617088983,7.79373770241426,15.75644853825,80.1142857142857,80,67,91,20.07,18.3052,22.29,1.55492141677481,1.39823941293631,1.7291606787622,1.381081975098,1.22430193515944,1.55793874628827
"PT009C","Faro","PT","Portugal","Southern",-7.9351771,37.0162727,47343.2921333334,FALSE,0.823263481727664,3.91708828110857,3.1391817532924,0.773828364557437,1.04199515218144,695.826639282021,46.6317307794531,26.9530799655805,66.1201801969808,40.8926079543328,21.7668301061244,59.510727679551,5.73912282512027,1.56278431852494,9.7640658631079,98.4970175883073,6.70163057102404,56.9311485345639,3.87353378614416,139.661137233055,9.50239276053099,86.3746607210301,5.87683851778473,45.9765874431002,3.12819729474344,125.700442444836,8.5525221829616,12.1223568672773,0.824792053239311,3.30096249775714,0.22459391898785,20.623968936527,1.40323254556376,87.1411284730762,56.064371879117,117.98599626846,76.1886322632389,44.2064613740888,107.003215796541,10.9524962098372,4.86224295038412,16.8307067406618,79.2190476190476,77,61,90,21.86,19.14,24.16,1.57221484747545,1.41740039946408,1.74393878226424,1.39278432329147,1.21132309549985,1.60142919623438
"PT010C","Viseu","PT","Portugal","Southern",-7.9138664,40.6574713,79622.1079787441,FALSE,-0.980060719421023,0.202109823952074,0.812880110560037,-2.28422758748803,0.349561387569646,1245.60009783834,79.2557531702373,45.9145689316483,111.416265908588,66.1204244908666,34.6980827767622,96.3477878532475,13.1353286793707,5.07558087618978,20.5800785568359,99.5398830578503,6.36285701227712,57.6656033069429,3.68614044036527,139.931318997899,8.94478622006727,83.0427957377341,5.30831882605136,43.5784528412953,2.78565189878988,121.006326382326,7.73504979812166,16.4970873201163,1.05453818622576,6.37458741678223,0.407480770513598,25.8471912880401,1.65222197658392,77.2616114633758,51.4249578099813,100.224104001484,64.0660168970606,37.9638175118049,87.4863218193633,13.1955945663152,7.40590766580066,18.5540235808494,80.1142857142857,77,61,91,18.66,15.15,22.2896,1.24621351632563,1.11608988946589,1.39150810605042,1.42011605858215,1.23554399028307,1.63226047449825
"PT011C","Viana Do Castelo","PT","Portugal","Southern",-8.831088,41.694867,71080.4229719731,FALSE,0.0950669056431241,2.00203851480304,1.78537112948521,-1.26324605399071,0.327199719740785,1107.25111792222,66.6368729552581,39.5355322604423,91.9826359499166,57.7351548654488,32.3096865565124,81.788066109668,8.90171808980929,2.91825398825293,14.6625517635475,93.748559967817,6.01822584566938,55.6208455259631,3.57060215343305,129.406427401516,8.30729673342069,81.2251143865783,5.21427830877155,45.4551129630336,2.91800893523975,115.06412411462,7.38658690750704,12.5234455812386,0.803947536897822,4.1055664362093,0.263558459415159,20.6281155211034,1.32423002571107,71.2959852477296,48.7917463182419,92.0915418222007,61.3565440407592,38.1860173318533,82.041119690436,9.93944120697039,5.33926421176093,14.567479761601,80.1333333333333,77,61,91,18.03,15.7,20.45,1.44444695927109,1.30034910012868,1.60451298650573,1.30287640463401,1.16790202749914,1.45344976357898
"PT012C","Paredes","PT","Portugal","Southern",-8.3332321,41.2078862,69092.972212693,FALSE,0.345881831245313,1.45206830993827,0.829807369300169,-0.627989161738431,-0.538316318109335,805.632293219802,55.8068883749138,35.0632233691138,74.9588766550235,47.8817598674694,28.4893239612993,65.8737420077563,7.92512850744441,3.35152122244593,12.0294714904919,80.7707160188741,6.92709178176997,50.7478868634811,4.35226140563205,108.489871334921,9.30435352280154,69.3004777968911,5.94337643493714,41.2333165717622,3.5362688662142,95.3407269917023,8.17665113006882,11.470238221983,0.983715346832823,4.85074113200507,0.416011280909705,17.4105572611074,1.49317146193517,86.4338584299361,60.2216677273722,109.929000563819,74.3276999791301,48.2194865532092,96.6270409493454,12.106158450806,7.57291665977454,16.6961275305331,80.1333333333333,80,68,91,19.27,17.19,21.8796,1.39501048023993,1.25666486899135,1.54858649111535,1.38967623120086,1.21632478117109,1.58773384992227
"PT013C","Póvoa De Varzim","PT","Portugal","Southern",-8.7598689,41.3794188,50211.2056759707,FALSE,0.646152631570492,2.15276044450668,1.39497435561477,-0.290500221913446,-0.447775799738809,585.468644329533,40.5006143666598,25.6733063040338,54.0704009455758,35.4125192356974,21.5251587668445,48.2363217396407,5.08809513096241,2.09904904429785,7.90122730417952,80.6605095843017,6.91764021163598,51.1306310183268,4.38508646922233,107.685924322371,9.2354050843314,70.5271238938692,6.04857656830642,42.8692330268933,3.67656901446784,96.0668462154153,8.23892486930363,10.1333856904324,0.869063643329558,4.18043943784919,0.35852458788833,15.7359840254957,1.34955601477648,86.308046484818,60.8316820900191,108.832643437615,75.6181695916671,51.5124372686305,98.1759515948814,10.6898768931509,6.1947806028859,14.5637409057386,80.1333333333333,80,67,91,19.36,17.51,21.5496,1.47658795537761,1.33112669633333,1.63794475459927,1.33809997108288,1.18815675700183,1.50696574510096
"PT014C","Sintra","PT","Portugal","Southern",-9.3006871,38.7702862,309009.679729096,FALSE,1.21744750338251,1.03484244453483,1.74838144240606,-0.596540895719924,0.224744799935093,3897.75261066933,206.490975069875,117.843623733629,287.909506054579,181.148414074265,96.8808373787573,257.972506170345,25.3425609956105,5.28185730764651,43.5396967714532,66.8234649642376,5.297693201581,38.1359004148158,3.02337360793642,93.1716787341371,7.38655155451589,58.6222458251388,4.64750927440614,31.3520396719259,2.48555634633057,83.4836327446134,6.61849357663684,8.20121913909879,0.65018392717486,1.70928538946645,0.135510326981463,14.0900753690382,1.11704618328705,62.8309406163546,41.4311939964512,81.0706878345784,55.0402320659771,33.7291166707281,74.4468481447748,7.79070855037752,3.60265520473287,11.6753268138019,79.9285714285714,73,60,91,18.61,17.026,20.3596,1.37189125069434,1.25448796236193,1.50028191596843,1.30299795068062,1.18324284940478,1.43487337390794
"PT015C","Guimarães","PT","Portugal","Southern",-8.2955712,41.4417677,125616.445119371,FALSE,0.354892394409631,1.29367929884794,0.799093911701212,-0.888373789248702,-0.679183216327707,1323.77069860714,87.9300388041676,51.6786900536904,120.759500650179,75.3183090021627,41.119709204686,106.022942422729,12.6117298020049,4.80154895588925,20.046493216298,69.9988275584535,6.64239198651905,41.1400672934035,3.90390043442315,96.1335122446939,9.12238809766994,59.9589559556388,5.68967941966175,32.7343359904914,3.10625618530097,84.4021197399569,8.00916220114898,10.0398716028146,0.952712566857305,3.82238882124585,0.362717573439374,15.9584942857189,1.51434785778163,84.0916031367277,54.8787157035705,108.818836353351,72.3442616920332,43.8590442400606,97.4728197422135,11.7473414446945,6.32525251393693,16.4620937796393,80.1333333333333,79,66,91,18.7524,16.28,21.6892,1.37851298704183,1.23468034543718,1.53910124386901,1.37450188494807,1.20153172185258,1.57237249534523
"PT016C","Vila Franca De Xira","PT","Portugal","Southern",-8.9897039,38.954278,106719.321039283,FALSE,1.0392384987391,3.72744460609407,2.60435331726778,0.822143420068301,0.656093345863118,1346.12453743971,95.9499078136015,62.3171771884415,128.410312232923,84.9838534318913,51.7712979952681,117.175558087285,10.9660543817102,4.54817027955361,17.1230603970842,89.9086565386626,7.12786262674442,58.3935285396942,4.6293768113734,120.325270984113,9.53925945642112,79.6330529507484,6.31322370763168,48.5116448372187,3.84595158585665,109.797885655731,8.7046595488222,10.2756035879142,0.814638919112736,4.2618058616391,0.337871434109959,16.0449487780954,1.27202646715375,84.4710210115713,59.372718335428,108.855932928116,74.7599932020601,48.7751277559444,100.024499160439,9.71102780951119,5.5080506384472,13.5178507332668,79.9285714285714,78,62,91,20.67,18.24,22.8596,1.5969317553707,1.43948523784936,1.77159929414867,1.42575909298958,1.25375517531968,1.62136039895042
"RO001C","Bucharest","RO","Romania","Eastern",26.1027202,44.4361414,1665376.67845882,TRUE,0.677205623580748,-1.68242322323498,-1.02809060367951,5.79306612438865,-1.95385560318437,24466.4717340443,2619.52888402907,2026.02292324797,3159.30846822327,2399.44661906406,1808.96821937597,2939.46532823602,220.08226496501,128.411180702529,313.469090074152,157.293477080107,10.7066066268316,121.655535918932,8.2808136182089,189.705338683317,12.9128077908642,144.078312738507,9.80708066592743,108.622165950471,7.39366198379494,176.504532953847,12.0142591877923,13.2151643415999,0.899525960904171,7.71063882204499,0.524845519608978,18.8227140519492,1.2812190228392,197.042818439093,154.077870052811,236.163121959702,180.658489901166,137.135907771604,219.989650204986,16.3843285379275,9.99548823144998,23.1505108120269,74.8571428571429,84,81,91,22.3104,21.62,24.14,1.33904609673058,1.2296331644144,1.45819460718865,1.4686826112408,1.32957803521634,1.62234073926327
"RO002C","Cluj-Napoca","RO","Romania","Eastern",23.5899542,46.769379,254703.827000991,TRUE,-2.40375352139909,-0.177863367692662,-2.16964789586866,1.56572206567248,-1.48839767346225,3646.00284490561,354.122298022983,277.725406698057,427.142438695977,314.940536554546,243.137270843063,384.809039700135,39.1817614684375,22.7795950015357,55.7732356163493,139.032971036436,9.71261716149733,109.038568429903,7.61725699380925,167.701617885119,11.7153621888366,123.649707294473,8.63796738377748,95.4588212143813,6.66859794645492,151.080980694741,10.5542715151145,15.3832637419637,1.07464977771985,8.94356212458755,0.62478269959017,21.8972899909086,1.52970905369091,171.641209404326,135.970655852728,205.626319828874,152.904708848883,120.27469083397,185.427771969889,18.7365005554437,10.9620152107629,26.6231488225164,73.247619047619,80,79,83,17.32,17.07,17.9548,1.30724392466667,1.21046907060515,1.41175575657096,1.21649970176255,1.11765614777813,1.32408480670044
"RO003C","Timişoara","RO","Romania","Eastern",21.2257474,45.7538355,257382.625751802,TRUE,-1.82561700508196,0.789789139783781,-1.74737095041346,3.43695367832938,-1.3296440380061,3572.54267413966,382.293738154774,308.517685204018,450.392396276481,341.176124834469,270.311961970148,407.69057688308,41.117613320305,26.6606166168435,56.144618003192,148.531291511271,10.7008865400562,119.867331488617,8.63580125822613,174.989432546547,12.6070543407839,132.556004445875,9.54995239956456,105.023391217873,7.56637461399239,158.39863926022,11.4117762632817,15.9752870653963,1.1509341404916,10.3583590924093,0.746264468996549,21.8136783083925,1.57155905819131,206.502159383247,168.873125926958,241.065318463966,184.705561994628,148.061034529621,217.810954797975,21.796597388619,14.3528553011747,29.391976288912,73.2428571428571,80,79,84,20.92,20.68,21.87,1.37316709358788,1.28282248368637,1.46987435197899,1.29985339040393,1.18916989558017,1.42083889175504
"RO004C","Craiova","RO","Romania","Eastern",23.7965614,44.3190159,240934.675653782,TRUE,-1.36765128492905,0.929631715543854,-1.91787672725894,4.18349277490371,-2.36129472358956,4585.44220026837,509.618943552634,401.219399354824,614.829712164092,464.119361755331,359.634335603952,564.111930480424,45.4995817973031,24.4166777593672,65.9962438504594,211.517475502342,11.1138451057743,166.526216397082,8.74985185357568,255.185232468402,13.4082970695413,192.632862204634,10.1215835133233,149.266324836006,7.84295864819545,234.134803946212,12.3022362041203,18.8846132977077,0.992261592450999,10.1341484753542,0.532482510802081,27.3917582313036,1.43925582240677,231.681980152469,185.527786683669,278.831709384268,211.206404633032,164.027558292511,256.280291587154,20.4755755194377,11.1459767982556,29.4772266410612,73.6,80,79,84,21.728,21.48,22.7004,1.38389085932148,1.26708620626376,1.51146299363539,1.26996020990856,1.15777019494803,1.39302163917201
"RO005C","Brăila","RO","Romania","Eastern",27.9742932,45.2716092,171793.046543004,FALSE,-0.660231093791777,1.62553356311307,-1.16407310680128,3.97466338557189,-2.5059878353878,3555.05664603903,392.85941257407,293.626128662255,485.288020427067,369.767056797132,274.188475693826,457.428916211814,23.0923557769386,3.42599757722057,42.0781348982157,228.681789210675,11.0507215971308,170.918517699581,8.25939381273732,282.484087797807,13.6506410092724,215.239827360864,10.4011579452361,159.603942773778,7.71263310246606,266.267422003782,12.866993743165,13.4419618498109,0.649563651894761,1.99425858389615,0.0963697042925529,24.4935029356281,1.18361362666607,220.804688164567,171.905758912597,264.799819537358,207.850448999089,161.482783247172,251.868381970549,12.9542391654773,4.22488102626259,21.4815358202362,73.1809523809524,82,80,91,22.2692,21.82,24.57,1.50516817622956,1.35195364018182,1.67574624706033,1.29616579976515,1.12518244005853,1.49313188747724
"RO006C","Oradea","RO","Romania","Eastern",21.9285231,47.0549163,166078.86102521,FALSE,-1.99917774399549,0.816609063805663,-2.0363025277756,2.95046123080102,-1.71212232818285,2839.59947183056,295.741736098898,221.251822485271,365.675518515222,266.659747387475,197.768515935671,331.753743080923,29.0819887114227,11.2230167912382,46.8146282300581,178.073075810657,10.4149102376134,133.22094161742,7.79165599515484,220.18185593151,12.8777146968367,160.56212436753,9.39075211250027,119.081088776043,6.96466237219641,199.756754732659,11.683117509071,17.5109514431269,1.02415812511314,6.7576431593751,0.39523238761568,28.1881920077425,1.64863491117213,220.58294349262,176.159005837529,261.185380923152,199.251753262085,156.812875872953,239.429081429949,21.3311902305355,11.6640839473357,31.5844294502615,73.247619047619,80,79,86,19.96,19.71,21.45,1.36623099767336,1.23880508499796,1.50676418882041,1.24407617582676,1.08778844193598,1.42281851101965
"RO007C","Bacău","RO","Romania","Eastern",26.9153557,46.5560493,141469.208577696,FALSE,-1.08481557645513,0.873229924053528,-2.12981837140219,3.54463527161857,-2.7577632150691,2794.37189255109,303.945509971491,221.567392313084,379.919836301037,285.246164649326,208.489574544628,357.588072829758,18.6993453221651,1.32041196135006,35.0026159837264,214.849233290622,10.8770600928858,156.618810934676,7.92905886663521,268.553023036375,13.5958938505567,201.631271933402,10.2078812562387,147.374525270016,7.46105323705821,252.767422978385,12.796724508394,13.2179613572202,0.669178836647034,0.933356434679479,0.0472525494859814,24.742215168683,1.25261122462018,228.624305393381,177.378185786966,279.590958417758,214.671996234689,165.041085789251,263.275210586675,13.9523091586914,4.11988411401216,23.6537619542088,73.1904761904762,82,80,91,19.48,19.07,21.83,1.48663058014551,1.31003722373817,1.68702876664631,1.22262866105623,1.05995502119393,1.4102681839767
"RO008C","Arad","RO","Romania","Eastern",21.3196342,46.1753793,136950.013002034,FALSE,-2.48577423491485,1.09748270631919,-1.73259916645727,2.34961930071797,-1.69938945361288,2515.50405954725,257.153036087852,192.237388239877,318.551253005139,230.364984513238,170.679445019338,286.623925492989,26.7880515746135,10.0295388782341,42.6787955595924,187.771457958192,10.2227239551399,140.370478268609,7.64210208726427,232.604032684837,12.663515759242,168.210998643583,9.15780611201641,124.62900972255,6.78509916815869,209.290907835644,11.3942938952989,19.5604593146082,1.06491784312346,7.32350341440654,0.398708912441164,31.1637762012907,1.69662996160197,217.601525615277,172.685268097926,261.123712079869,195.222146509049,152.55600060763,235.570361053229,22.3793791062279,12.2282685409369,32.2305746261442,73.2428571428571,80,79,86,20.6,20.3424,22.0916,1.33447989912582,1.21674756571743,1.46360399753159,1.26643307728814,1.09307898173429,1.46727982703028
"RO009C","Sibiu","RO","Romania","Eastern",24.1519202,45.7973912,124850.752033872,FALSE,-2.52992661164095,0.0332770073250371,-1.90384557053326,1.22826841991246,-1.28265419739414,1932.38232546646,169.800217505435,120.030482214573,216.613829652065,154.585485998184,109.636225021148,197.920808333669,15.2147315072509,2.98103891005558,27.9547701287429,136.002558846716,8.78709224710213,96.1391743815918,6.21152867280543,173.498217770684,11.209677650088,123.816223354622,7.99973607504761,87.8138282990907,5.67363008739396,158.525924040868,10.2423213939246,12.1863354920947,0.787356172054523,2.38768198148043,0.154267552066126,22.3905500554443,1.4466479930153,173.019088682713,130.5560599134,212.828519493512,157.815624535509,118.974243412456,194.875321751341,15.2034641472038,6.39464130442339,24.6879273048128,73.8904761904762,81,79,90,17.67,17.27,19.89,1.3047602722119,1.17375360496233,1.4503890431051,1.20731598065057,1.05405480149493,1.38286156949996
"RO010C","Târgu Mureş","RO","Romania","Eastern",24.561196,46.5446253,114994.136532419,FALSE,-2.1551060236393,-0.15419498729039,-2.0749936165315,2.0913249849754,-1.46507276117681,1993.79204696611,192.11814247626,140.634796041282,241.470607628143,176.363786347857,129.54089277764,221.678274614297,15.754356128403,3.39447307661365,27.888870007869,167.067772557341,9.63581647186324,122.297362528248,7.05363411672149,209.985147860185,12.1111230228639,153.367633921175,8.84564599483802,112.649998238058,6.49721183183363,192.773545937972,11.1184250610096,13.7001386361656,0.790170477025218,2.95186622463718,0.170252112389499,24.2524278618385,1.39878529710792,185.742101679777,144.305136068065,224.997911729265,170.658199964044,130.662500396902,207.979816403833,15.0839017157332,6.79025561990215,24.0924643940224,73.8904761904762,81,79,90,18.5136,18.04,20.75,1.34835145698724,1.21655818209478,1.49442227944177,1.18976601271787,1.05135200682545,1.34640268514139
"RO011C","Piatra Neamţ","RO","Romania","Eastern",26.3695046,46.9319894,87014.4910949114,FALSE,-2.94462399502977,-0.237466378568948,-2.55454555831208,1.25440816960991,-1.32819503626099,1767.28388468849,164.172897998998,117.365131919481,208.876517988848,151.964299793624,108.36166768096,194.233688174907,12.2085982053735,1.81141915949394,22.5943871731307,188.673054261647,9.28956006566743,134.879984290736,6.64098920022508,240.047968287277,11.8190699184509,174.642519747508,8.59874868492961,124.532898276408,6.13153713558934,223.219932370858,10.9905199644337,14.0305345141385,0.690811380737818,2.08174424363193,0.102497350606081,25.9662349211303,1.27848091463321,182.722669484021,140.163389396789,227.087805661907,169.16774149112,126.04180031962,211.263584588071,13.5549279929007,4.17622441788894,22.6389776408419,73.1904761904762,81,79,91,17.22,16.77,19.65,1.28903283789984,1.14576207044824,1.45021876709017,1.18848263185021,1.05051763802683,1.34456663560895
"RO012C","Cǎlǎraşi","RO","Romania","Eastern",27.3313233,44.1961646,57879.9163630252,FALSE,-1.59799521846072,3.73471665909805,-0.528417081263792,3.64668482696558,-1.73702065670159,1166.46153501917,124.669377374171,88.6136738367556,157.197187168302,114.743691410342,81.3847306276275,146.019287615718,9.92568596382928,2.79545195473792,17.1676057053713,215.393153978039,10.6878258417773,153.099173953478,7.59679347980381,271.591939045584,13.4764141335976,198.244397401449,9.83690314387061,140.609620299344,6.97706081034984,252.279714261989,12.5181399670688,17.1487565765904,0.850922697906723,4.8297442885106,0.239652304925081,29.6607299804916,1.47176783716997,215.222674702342,161.044381650625,263.348756309025,198.160043108921,147.279957877381,246.087462312404,17.0626315934212,6.86684594945366,27.7433948763219,73.4428571428571,80,79,90,21.73,21.48,24.15,1.54383881447529,1.37922499538426,1.72809968863451,1.32068838099242,1.13762329360391,1.53321210060918
"RO013C","Giurgiu","RO","Romania","Eastern",25.9658111,43.8959058,54341.8492501071,FALSE,-1.93596267147627,2.56206095319773,-1.16511425587346,3.59083568405024,-1.8115027720623,1124.88282892633,125.433957670156,95.3714080299602,153.835558881317,113.935502873928,85.808967534348,140.285385567732,11.4984547962283,4.37474086345836,18.4092944567856,230.823866690383,11.150846509932,175.502691472672,8.47834152833408,283.088560665818,13.6756962525732,209.664382876523,10.1286551758174,157.90586577099,7.62825827968681,258.153499565449,12.4711109424286,21.1594838138594,1.02219133411462,8.05040852276431,0.388906359930299,33.8768273638558,1.63655217978185,224.894133743259,178.420440193031,268.69604899348,204.288205439645,159.431297982087,246.34249274334,20.6059283036143,10.7098900969096,30.3999529131081,73.4428571428571,80,79,87,21.88,21.6124,23.56,1.44554272757305,1.2962184653404,1.61206913272183,1.30132222893741,1.15046775233864,1.47195741913171
"RO014C","Alba Iulia","RO","Romania","Eastern",23.5704398,46.0687385,55481.0805347135,FALSE,-2.49369730596719,0.881809924979476,-1.94213375192658,1.99120404964961,-1.49725378450917,960.077517719586,94.2955743862461,69.8478834091532,117.755434033998,86.344533791712,63.1697924638185,107.865014021396,7.95104059453407,2.47237062674666,13.7409213799778,169.95987366765,9.82166258931057,125.894958670552,7.27523373061153,212.244305444484,12.26520065939,155.628789056637,8.99349606652606,113.858259166914,6.57965542343517,194.417651894697,11.2350317584356,14.331084611013,0.828166522784503,4.45624094361274,0.257517813001093,24.7668597070318,1.43123040862532,179.876418594215,141.195600365429,217.672801506179,164.851324908492,127.777690008485,199.362728434529,15.0250936857235,7.09489769247719,23.3327536956957,73.8904761904762,80,79,87,18.55,18.33,20.18,1.38781886301928,1.23545589278841,1.55897204246205,1.19926748988663,1.05213743833274,1.36697208929098
"RO015C","Focşani","RO","Romania","Eastern",27.1856921,45.697274,73614.7357054485,FALSE,-1.02094773011241,4.40349215644436,0.0105507489589043,4.75853833815775,-0.582650386360262,1427.3896175537,162.580431212043,112.91441133114,208.694223711463,152.951775306557,105.032390768448,196.811635715187,9.62865590548612,0.422284561501104,18.7066941260765,220.853107267232,11.3900528077735,153.385609890579,7.91055293821288,283.495174860781,14.6206908853049,207.77331310209,10.7154888494068,142.678486531161,7.35835468303708,267.353585975885,13.7882210501494,13.0797941651422,0.674563958366739,0.57364134701342,0.0295843935186264,25.4116162298358,1.31055276681475,211.312529679597,151.219638868852,266.750092983786,198.792759872861,141.493024536542,252.925721341318,12.5197698067352,2.78517215619509,22.7297227081654,73.1809523809524,82,79,92,21.08,20.4324,23.7552,1.71790273123443,1.51640804553547,1.94617128461661,1.26750474960962,1.08522942324136,1.48039507211706
"RO016C","Târgu Jiu","RO","Romania","Eastern",23.2728118,45.0422947,76191.9834881395,FALSE,-2.40325792730629,0.997872005847574,-1.96806796468504,2.41953699802261,-1.4495462872689,1257.14313300214,131.116849354305,98.5013003324021,162.470286763113,119.130261900451,88.8690732305834,148.434219803531,11.9865874538536,4.05506946655091,19.6694660332648,172.087460322798,10.4297470918199,129.280399095707,7.83532898892544,213.238032828485,12.9237699747938,156.355375521882,9.47626875357942,116.638351125768,7.06912927395612,194.816059391126,11.8072648934621,15.7320848009155,0.95347833824052,5.32217338479205,0.322562273149211,25.8156634501144,1.56461627295317,204.279525165336,162.833265301904,243.617622281359,185.932241911015,145.983403499232,223.524294502988,18.3472832543209,9.55041892130742,27.6651532339633,73.6,80,79,86,18.808,18.59,20.11,1.36370083201309,1.22209657007721,1.52171277194216,1.24074573750048,1.09111724680349,1.41089327442633
"RO017C","Tulcea","RO","Romania","Eastern",28.8016348,45.177518,70486.3525003572,FALSE,-1.77046880594502,2.56740718189297,-1.10625149352833,2.56022806323356,-2.58883265982731,1417.11163446941,145.352634114712,103.73707653654,184.906256351552,136.25102910056,97.3477525449481,173.183687427891,9.10160501415228,0.526951328337494,17.7571145178936,206.213868300215,10.2569642771393,147.173279445854,7.32031789262538,262.32915989037,13.0481079862691,193.301290629089,9.61469977286398,138.108653791462,6.86944840315256,245.698183101492,12.2208923570607,12.912577671126,0.64226450427528,0.74759341297285,0.0371848847698433,25.1922732387147,1.25304980115714,232.966270890889,176.261746823926,287.788479561104,218.64432695199,162.674596648394,271.529617662429,14.3219439388988,3.60675279660066,25.1567509344065,73.1809523809524,81,80,91,21.63,21.39,24.1096,1.47091502949134,1.31065110508716,1.65077572176587,1.25618314871124,1.08663670658712,1.45218369077759
"RO018C","Târgovişte","RO","Romania","Eastern",25.462816,44.9267709,72384.4572163476,FALSE,-2.01545534583148,0.971312600991794,-1.72426364921823,2.36061836136882,-1.67820550298821,1220.49740910115,123.239496400741,90.9314597062895,153.895018183746,113.031862488438,83.6426293995687,141.220087462038,10.207633912303,2.93360022311147,17.3989793329696,170.256849522813,10.0974811975638,125.622907462727,7.45036073229005,212.607822317123,12.6092048238828,156.154880253645,9.26113088365195,115.553300551211,6.85315911167466,195.097252770646,11.5706994876819,14.1019692691674,0.836350313911809,4.05280406309234,0.240361036511495,24.0368996357414,1.42556462662082,193.709100599452,150.471090667757,234.50657443005,177.842227512701,139.058019327293,215.880203808453,15.8668730867518,7.52513523421021,24.0809316929841,73.4428571428571,81,80,90,18.85,18.63,20.884,1.34504095494601,1.22275995898787,1.47955055052634,1.25899343705809,1.11177904859454,1.42570097589005
"RO019C","Slatina","RO","Romania","Eastern",24.3631837,44.4299971,66063.6854285715,FALSE,-2.00192811516377,1.09142808402097,-2.26825431476697,3.16924118868555,-2.60977866671995,1323.91434287363,146.886626129495,109.170317667627,182.508902301958,133.839085087196,98.5909653674266,166.994442795593,13.0475410422991,5.03449543794157,20.5752937117419,222.340950518586,11.0948738428703,165.250117306372,8.24602575349901,276.262066092707,13.7855521608605,202.591006267586,10.1093462585117,149.23624791418,7.44692931971937,252.777969791208,12.6136893745801,19.7499442510003,0.985527584358563,7.62066997213605,0.380273502212681,31.1446350264368,1.5541257500906,224.705247250483,175.843749675176,271.310594428617,204.894423575939,157.823349442046,249.505609330966,19.8108236745449,9.74493807377115,29.1812393789129,73.6,80,79,85.025,21.37,21.12,22.5826,1.34707957729811,1.20505309780487,1.50584517053994,1.24839906348773,1.10667035075245,1.40827864472684
"RO020C","Bârlad","RO","Romania","Eastern",27.66897,46.227535,52709.5427492735,FALSE,-1.15826127551773,1.60897083254226,-1.71800548153055,3.6358561702791,-2.42844168330476,1057.9025644749,115.59178167772,86.241922170045,143.137707892068,108.630201074199,80.7074462961273,135.027219301918,6.96158060352095,1.04010957128436,12.565079563218,219.299534104407,10.9265054797457,163.617283838482,8.1521611787426,271.559380761353,13.53032998489,206.092095298429,10.268450490818,153.117333383128,7.62900563873644,256.172245591675,12.7636725570223,13.2074388059777,0.658054988927682,1.97328513402574,0.0983180877154437,23.8383391466457,1.1877350509548,222.764757926134,173.582974503105,270.420192454008,209.401084042417,161.301982060896,255.293270794552,13.363673883717,3.90434278843942,22.0508488474765,73.1904761904762,82,80,91,20.84,20.398,23.26,1.51826065235907,1.35076375882549,1.70652743193682,1.20853679123032,1.07574694249148,1.3577181752193
"RO021C","Roman","RO","Romania","Eastern",26.9281768,46.9248758,54122.4337478559,FALSE,-1.74627477836768,1.79203042484089,-1.76073111349436,3.17646089345883,-2.09091541778049,1099.23880217119,117.329847445512,88.1485142348127,145.869642273161,109.932189294509,82.679252293656,136.806948059059,7.39765815100295,0.813125650825376,13.7072631734172,216.785978236169,10.6737359719985,162.868718442109,8.01905046116493,269.517891513775,13.2700594252171,203.117601486027,10.0007558937488,152.763367365998,7.52150052657802,252.773089799345,12.4456076139999,13.668376750142,0.672980078249719,1.50238190435697,0.0739717019831642,25.3263983605693,1.24697774008186,209.82201117737,165.647157218417,252.203715881159,196.622849358827,154.134610111178,237.033218013031,13.1991618185431,4.08994584410559,22.2421427989932,73.1904761904762,81,80,91,19.44,19.198,22.05,1.50914753650465,1.34187842938411,1.69726723156535,1.2033333897815,1.0600607838231,1.36597001705959
"RO022C","Bistriţa","RO","Romania","Eastern",24.4963949,47.1327012,69757.7160040017,FALSE,-2.79497242257689,-0.217423589750565,-2.59464408084428,0.8605865363094,-1.47541244123753,1137.58627204229,100.023202979746,69.5326390348586,130.024299532567,91.988960565713,63.8833884493689,119.553697641299,8.03424241403338,0.738144770258916,15.3438653641844,143.386579592154,8.79258175295811,99.6773446981404,6.11229589735011,186.394146742287,11.4298407714728,131.869226567619,8.08632829232082,91.5789565783721,5.61569614713092,171.384191584542,10.5094181056411,11.5173530245349,0.70625346063729,1.0581550150188,0.0648869266797445,21.9959400094237,1.34880894234402,170.889434187563,128.298398256802,213.164826022689,157.419595746849,118.716545307369,198.138561404494,13.4698384407149,3.82064000856705,23.1901629169088,73.247619047619,80,79,91,17.158,16.94,19.78,1.25771081273049,1.13258090473085,1.39666533476927,1.1838508871963,1.02529298103376,1.36692920856864
"RO023C","Constanţa","RO","Romania","Eastern",28.6507598,44.1767161,244430.350442984,TRUE,-0.915629328585508,2.21448637236937,-0.458705474884915,3.48571982200838,-2.17382947872814,3825.18716018,433.232985862975,341.304689845982,521.927455105851,390.435038768224,303.598313307924,474.87866824638,42.7979470947514,24.6751099195526,60.9961808354252,177.24189532021,11.32579839159,139.632696687393,8.92256183956033,213.528088537269,13.6444945894175,159.732634699674,10.2069525599331,124.206471396743,7.93682245063371,194.279747742354,12.4145211295762,17.509260620536,1.11884583165697,10.0949451959765,0.645069349192092,24.9544218730944,1.59459336971514,223.896812164062,177.559689737689,267.906640569727,202.317878523127,159.137057300356,243.679031498537,21.5789336409351,12.6130995717624,30.5399541163207,73.1809523809524,79,79,83,21.23,21.23,22.18,1.59476290840068,1.45935312495623,1.74273703226343,1.36322956228279,1.23429429215581,1.50563350352684
"RO024C","Iaşi","RO","Romania","Eastern",27.5837224,47.1615416,252112.683883412,TRUE,-1.50429588308078,0.786831764329015,-2.04465179417119,3.60113035351403,-2.30641363862555,3877.54386655066,415.536808781398,325.637548165032,504.287726766751,390.163195214182,301.815669290132,475.436738492431,25.3736135672159,9.42787270195925,40.8090059421217,164.821857583952,10.7164953662032,129.163492748195,8.39803647288479,200.024734574622,13.0053390528203,154.757463688186,10.0621220195571,119.714591364909,7.78368162108293,188.58104684344,12.2612858772211,10.0643938957668,0.654373346646043,3.73954715674643,0.243140323525108,16.1868119102621,1.05244472652282,203.819899612298,160.40697466983,246.376093687676,191.534626635138,149.166284643857,232.497166812545,12.2852729771592,4.6873978149825,19.5454010405769,73.1904761904762,82,80,89,20.4892,20.008,22.3984,1.41552065317171,1.30212965751277,1.53878587128027,1.22205784656893,1.12639827595961,1.32584132294451
"RO025C","Galaţi","RO","Romania","Eastern",28.0549395,45.4338215,234750.006897044,TRUE,-1.31765619126351,3.5459823630302,-0.186413104065422,3.70728757273209,-1.73914024670749,4213.0536218827,487.426581116302,377.191338940024,595.455672052637,460.089832847178,352.337358939474,564.260316953191,27.336748269124,10.0379533835778,44.5298725266546,207.636450179137,11.5694369182627,160.67788194164,8.95292044185915,253.655230908594,14.1335887338301,195.991403335278,10.9205786144629,150.090457332341,8.36299251235317,240.366475133124,13.3931434915143,11.6450468438594,0.648858303799796,4.27601835512628,0.238258381793207,18.9690612218744,1.05695005388408,232.623943646163,181.511292205433,282.386280688518,219.717909970663,170.520636387035,267.994884000419,12.9060336755,4.99381980894775,20.6582089174463,73.1809523809524,83,80,91,22.4,21.7,24.48,1.6966930793949,1.54192516848753,1.86699553551636,1.34987041487734,1.21039689882426,1.50541540442735
"RO026C","Braşov","RO","Romania","Eastern",25.6102746,45.6523093,224764.086689518,TRUE,-2.95634311366065,-1.09050918955637,-2.05584926061374,0.358068334262165,-0.60973582868502,3357.13139970634,270.419909723604,192.103298434453,348.520007387058,258.992376517417,181.764640032957,334.656846479403,11.4275332061873,-1.30037944812326,24.0927577291692,120.312774921713,8.05508863153996,85.4688581542917,5.72224543999847,155.060362409451,10.3814824590287,115.228540436347,7.71469286367735,80.8690759765553,5.41428435148103,148.892490525716,9.96853583117646,5.08423448536641,0.340395767862613,-0.578553036330741,-0.0387348391617024,10.7191313719305,0.717659062474487,146.583435512607,106.783180245473,185.769709760446,140.374441692698,101.298136023834,179.342174530329,6.20899381990863,-0.325101727998287,12.678615522904,73.8904761904762,85,81,94,17.17,16.26,19.66,1.28561060991776,1.18152833896725,1.39886161492985,1.11244401308101,1.00512955022388,1.23121609743157
"RO027C","Ploieşti","RO","Romania","Eastern",26.0236504,44.9417468,186010.384375893,FALSE,-1.26775887544697,1.03819316112549,-1.2941209562539,3.57943987460873,-1.83988405654634,3370.65402416505,364.72433252622,279.549276524436,447.4552726343,334.844298481147,254.01781885634,411.933754343602,29.8800340450726,9.75802653170512,49.6179200582497,196.077403823423,10.8205805137941,150.286919443981,8.29362119399614,240.553920758572,13.2750282119251,180.01376622312,9.93410465982465,136.561095612284,7.53615817687677,221.457396438233,12.2211817466387,16.0636376003022,0.886475853969446,5.24595794178133,0.289499499555499,26.6748118524292,1.47205615594263,206.075096632178,166.394551348153,246.952402627311,189.309682348418,150.02000024027,227.114298903814,16.76541428376,7.7864267202353,25.1982209769529,73.4428571428571,81,80,90.025,20.14,19.9,22.34675,1.43067971089458,1.29547918981813,1.57999020845155,1.30011014133031,1.14133597367536,1.48097178970607
"RO028C","Piteşti","RO","Romania","Eastern",24.8719422,44.8572343,138958.051834119,FALSE,-1.45858151237056,0.540198326543004,-1.54790553691264,3.1706203693096,-1.2285598964557,2286.33900488774,233.754323496255,176.074008600593,288.164833739684,214.600369694366,160.40030999803,265.684497817717,19.1539538018884,5.85197004397627,32.5190277401594,168.219344191223,10.22395729577,126.710187913962,7.70113304388291,207.37541289344,12.6037666821781,154.435361507907,9.38620078805431,115.430741782065,7.0155960973034,191.197627133458,11.6205207211064,13.7839826833161,0.837756507715653,4.21132130649187,0.255953733521841,23.4020463808595,1.4223187231045,190.036055961777,151.821998103417,225.37206311938,174.673435493834,138.090569110423,209.520419328219,15.3626204679431,7.08658001972794,23.5087189512717,73.4428571428571,81,80,90,19.19,18.98,21.23,1.38640619540696,1.25762865987298,1.52837017793229,1.28184739252756,1.13188760045209,1.45167482802481
"RO029C","Baia Mare","RO","Romania","Eastern",23.5719843,47.6565584,112168.715702243,FALSE,-3.55083914294017,-0.977805757051794,-2.82204732202664,1.01652756779217,0.275287771332616,1806.65688523042,154.31260495822,98.2916424704577,209.932871740922,136.363506989264,83.5230003432935,187.40966822405,17.9490979689557,4.26834445493462,31.491234022391,137.571874646269,8.54133434077821,87.6283925113108,5.44052627114759,187.158130880449,11.6199635612685,121.569999384897,7.54783645439529,74.4619387147207,4.62306932910734,167.078375686798,10.3732850302756,16.0018752613718,0.993497886382921,3.80528958383115,0.236256507244332,28.0748815079474,1.74306667081252,176.071032630275,121.987233129055,229.903744117034,156.115276735365,104.699244106782,206.85547975379,19.9557558949094,7.7865994831636,32.5342871777913,73.247619047619,80,78,90.025,16.16,15.71,18.5865,1.22694480918261,1.08811707156264,1.3834849246674,1.2696299300358,1.05923336297754,1.52181777461336
"RO030C","Buzău","RO","Romania","Eastern",26.8306557,45.1490064,106894.890206726,FALSE,-1.93220278161745,1.58874930137487,-1.59616224700348,2.90032363839603,-2.72948945000262,2180.84065315967,243.087844636083,179.880836288748,302.088623855101,224.91269671001,166.181090804993,279.217143872589,18.1751479260734,4.88859808247097,31.1146659444277,227.408292544172,11.1465202321816,168.278236631211,8.24823381883178,282.603427788631,13.8519347306474,210.405470528149,10.3131192269435,155.462146491392,7.6200473686248,261.207194593311,12.8031886909321,17.0028220160236,0.833401005238082,4.57327574126024,0.224161177268418,29.1077205694814,1.4267280784292,212.554296111865,164.468572132902,258.241600753613,196.653758116032,150.789376342639,240.399058126972,15.9005379958332,6.66275059592847,24.9035947027014,73.1809523809524,81,80,90,21.27,21.03,23.56,1.3926993759187,1.25422201457769,1.54646588015553,1.26079181773256,1.0997927023903,1.44535966114935
"RO031C","Satu Mare","RO","Romania","Eastern",22.8725598,47.7891763,91869.4043565205,FALSE,-2.74240567384021,0.589825943958041,-2.35187135507259,2.14147819949766,-1.90312930972158,1590.17746082245,156.604917344193,113.45987265563,196.411006480917,141.272467480637,100.87586768017,178.80217492349,15.3324498635552,5.16726309570841,25.2560580808839,170.464713950306,9.848266699944,123.501260784628,7.13504470104538,213.793708424078,12.3515149296187,153.775316679312,8.88406929171101,109.803550362314,6.34368617122747,194.626465879333,11.2441648387478,16.6893972709936,0.964197408232989,5.6245745054095,0.324948832631288,27.4912613810708,1.58825405988469,229.000106242632,176.393748528472,277.823132598986,207.206636471126,157.773237108995,254.423859429646,21.7934697715059,10.4380956177327,32.233912437428,73.247619047619,80,79,86,19.76,19.54,21.22,1.30292290600275,1.18391301024949,1.43389597402,1.22519100249446,1.06815444946913,1.40531455290892
"RO032C","Botoşani","RO","Romania","Eastern",26.6599858,47.7450706,90169.5098572451,FALSE,-1.85181318146847,0.7242855052297,-2.57518483501486,3.09333287487089,-2.71264494671827,1831.24218378008,201.032305925294,146.903576563378,252.785160250461,184.166213286193,132.775299991537,231.371656552326,16.8660926391007,4.16027103978304,28.7960004873719,222.949316507947,10.9779202175389,162.919346901135,8.02207255078286,280.344387643524,13.8040267141869,204.244443135781,10.0569009887067,147.250772685518,7.25055927433152,256.596333859006,12.6346836372415,18.7048733721663,0.921019228832172,4.61383348580858,0.227183005974412,31.9354075817438,1.57248455405996,218.171770764298,167.197820681555,268.105660733267,199.854326440474,151.369511490483,247.96560870184,18.3174443238244,7.8589468143348,28.3811866990014,73.1904761904762,81,80,88,19.64,19.35,21.34,1.37654221965763,1.22513897022523,1.54665595377445,1.21809051132248,1.05614301602571,1.40487080940726
"RO033C","Râmnicu Vâlcea","RO","Romania","Eastern",24.3647209,45.1031731,92918.0123631346,FALSE,-2.43952249852117,0.397657275339071,-1.9657185598168,1.97580286639734,-0.885831969577169,1269.63446713341,121.475635306418,89.4001579048587,153.241311319319,111.178764802649,81.7899361875022,139.879991136317,10.296870503769,2.67541292213861,17.6914245252264,130.734216345133,9.5677644590641,96.2140231276928,7.04140917871481,164.920995856469,12.0697189062068,119.652543113115,8.75675382802654,88.0237685970482,6.44200660148808,150.541307953994,11.0173435549634,11.0816732320184,0.811010631037559,2.87932646652275,0.210723085375839,19.0398223931934,1.39342661082368,116.565754764385,90.2944308544814,141.17658493599,106.628870764549,81.7726567199355,130.339849021383,9.93688399983644,4.26713596724008,15.7303667062665,73.6,81,79,90,18.96,18.54,21.07,1.3229792113174,1.19392963566491,1.46597750930546,1.21868569585407,1.0884551451682,1.36449796013397
"RO034C","Suceava","RO","Romania","Eastern",26.2522599,47.647001,84171.4842666664,FALSE,-2.25708870627921,0.289137228466841,-2.61299765247213,2.28742416978012,-2.44330875653956,1462.55928709456,151.611264001562,111.97894724035,190.671226704495,139.277731311339,101.797158599794,175.560165508328,12.3335326902234,2.55271524334067,21.528521334569,180.121884890657,10.36616192857,133.036678889476,7.6563697778571,226.527105189714,13.0368203454693,165.469021396948,9.52287763923881,120.940196655304,6.96020732274167,208.574396706764,12.0036272756563,14.652863493709,0.843284289331238,3.03275541067249,0.174537556587654,25.5769771938009,1.47197597557473,192.41592181877,149.051350754821,235.898537705414,176.84218810433,136.658585365279,218.084251292086,15.5737337144405,6.0065323303244,24.9296540625606,73.1904761904762,81,79,90,17.9436,17.49,20.25,1.3300499712443,1.1829841363113,1.49539868854289,1.20347809468317,1.04863459384612,1.38118609941145
"RO035C","Drobeta-Turnu Severin","RO","Romania","Eastern",22.6531975,44.6257835,86999.1370999997,FALSE,-2.10276929418574,1.13039022484716,-1.8282305822033,3.22216183969724,-1.53587845940865,1695.34582845182,186.998590378972,141.939855211935,228.322100689532,169.527343072573,127.524376814844,207.49389979967,17.4712473063986,7.2846725620004,27.7472571417305,214.943040370652,11.0301147553911,163.150877058452,8.37232456233154,262.441799195193,13.4675826523273,194.860947732979,9.99957296190031,146.581197314938,7.52202734537641,238.501100949047,12.239030899622,20.0820926376736,1.03054179349078,8.37326990223725,0.42968652411483,31.8937153478165,1.63667239309334,229.310286315467,185.091618788697,270.981338487824,208.12028897346,164.107062096831,247.823417798854,21.1899973420072,11.5392859491196,30.6300284347919,73.6,80,79,85,20.05,19.83,21.186,1.3977978472405,1.25408645418878,1.55797777356112,1.27955777924978,1.11606171689979,1.46700499232844
"SE001C","Stockholm","SE","Sweden","Northern",18.0710935,59.3251172,1142160.28540763,TRUE,1.96941498727193,-2.13752232043965,0.682958082389286,-1.37006013455894,0.225794768754067,10770.9527358606,1119.04853264476,891.08597905437,1348.20748946195,1087.71822380268,865.133877942902,1312.68712219958,31.33030884208,17.1748238255475,44.2346613744703,97.9764877961391,10.3895036965394,78.0175944163866,8.27304697092953,118.040130329061,12.5170681045999,95.2334131819751,10.0986259106053,75.7454000980379,8.03210170129648,114.930201913918,12.1872888535583,2.74307461416401,0.290877785934102,1.50371397473498,0.159455010589415,3.87289436864662,0.410684759828127,117.009191066972,94.1729819238959,138.733754472512,113.721238659419,91.8630257272603,135.050992261546,3.28795240755252,1.86328438993948,4.56245011764652,81.8904761904762,94,93,95,18.2964,17.9408,18.67,1.34525723185025,1.27814621676985,1.41589201305851,1.18576348100642,1.11379082908762,1.26238697264211
"SE002C","Gothenburg","SE","Sweden","Northern",11.9670171,57.7072326,378631.058244898,TRUE,1.28875157855114,-0.448918318387253,0.573143140458614,-0.878536898413789,0.727252761842852,4507.63795756875,334.505352187682,239.83456987736,429.887123931494,324.490598773843,229.876562255491,419.367204414202,10.0147534138391,3.60858311420664,16.0327078892279,88.3459887675999,7.4208566734162,63.3425506584394,5.32062628221184,113.537205828858,9.53686005793063,85.7009988240223,7.19868369705675,60.7125478086922,5.09971218672313,110.758796797635,9.30348018988626,2.64498994357762,0.222172976359456,0.953060515144696,0.0800548568490841,4.23438794576064,0.355678695586177,86.1461662397105,62.5035622347062,109.950492332921,83.5719749687232,60.2202614372232,107.397615485614,2.57419127098728,0.997224127425341,4.06317211379088,81.6333333333333,93,90,94,17.8608,16.88,18.26,1.39071938119543,1.30977604583495,1.47666496374168,1.12828449470025,1.0531232636695,1.20880997020734
"SE003C","Malmö","SE","Sweden","Northern",13.0001566,55.6052931,214974.167105263,TRUE,1.9458880466985,-0.0740422196334677,0.583009293373001,-0.428985858460561,-0.479616566973754,2566.70105993028,186.140586103419,155.343642132623,218.929979163875,173.590854358114,143.110643518131,206.327310637715,12.5497317453047,9.38483697784093,15.9323451655889,86.5874205305207,7.2521334490147,72.261539246508,6.05226859324408,101.840133682981,8.52962515119786,80.7496345703315,6.76318941337209,66.5710887243749,5.57566464409448,95.9777230055209,8.03861867121057,5.8377859601892,0.488944035642608,4.36556499053469,0.365638099596057,7.41128358822178,0.62073240293989,83.0349252015487,70.6490698758264,96.4672024437153,77.420981619078,65.1684149904318,91.156393144958,5.61394358247066,4.27526532665931,6.92982530415202,81.5380952380952,88,82,91,17.2328,16.02,17.97,1.42892670633836,1.37578007222593,1.48412640458111,1.21150006790759,1.15932368721276,1.2660246924384
"SE004C","Jönköping","SE","Sweden","Northern",14.165719,57.7825634,92920.67979831,FALSE,-0.285176998141145,-0.896774927481038,-0.173947990547578,-2.60257503014397,0.491647232101037,1185.3295943862,91.2049118439034,49.039920675923,133.585908376117,87.9856975512118,45.4593546666671,131.008575191386,3.21921429269165,-0.486130993816603,6.56312160104049,98.1535133426373,7.69447690126493,52.7761105303654,4.13723920403062,143.763378255598,11.2699378306919,94.6890377278665,7.42288878704437,48.922753003249,3.83516575321882,140.989686553895,11.0525018367761,3.46447561477075,0.271588114220557,-0.523167711290726,-0.0410123054481177,7.06314419490489,0.553695919862617,84.9682945723429,52.8595051622866,118.695578624904,81.9830246637995,49.5530601416408,115.629176227194,2.98526990854343,0.404779393915053,5.44933086824333,81.6666666666667,93,84,97,17.41,14.9,19.5296,1.25316474604281,1.11807069193675,1.40458192138479,1.13397469276008,1.00391291482545,1.28088660363921
"SE005C","Umeå","SE","Sweden","Northern",20.2630745,63.8256568,85733.2699681812,FALSE,-0.0394642438591938,-0.52220101265913,-0.682291929907604,-1.87680829269554,0.0570363833765413,1106.34941105389,90.3671108093387,53.6878047241059,126.364459003955,88.5547193677989,51.359489722713,125.101671772422,1.81239144153975,-0.680386613318552,4.03413379225721,105.404950543561,8.1680443724606,62.6219024936661,4.85269881175817,147.392557231111,11.4217495613417,103.290962074192,8.00422709887311,59.9061364879404,4.64224857080085,145.919631688902,11.3076095600983,2.1139884693683,0.16381727358749,-0.793608611418961,-0.0614983482180755,4.70544724790554,0.364634694243145,97.70977626567,65.838402264035,131.205204081243,95.7558786652523,63.7204512630334,128.863826849279,1.95389760041773,0.151905808811207,3.66290946119717,80.847619047619,93,86,97,16.18,14.27,18.2132,1.28442816284042,1.14865790412761,1.43624633545754,1.11310728841329,1.00114356915674,1.23759256283531
"SE006C","Uppsala","SE","Sweden","Northern",17.6387436,59.8586126,147059.041327512,FALSE,0.193114689300085,-0.511997501257535,-0.204819500452131,-1.9394269678269,0.24794829178757,1503.42647967176,128.296004748787,79.4399536904668,177.22308138544,124.643579872168,75.2516994716323,174.829411149791,3.65242487661873,-0.111885875306643,6.98082169951618,87.2411540226635,8.53357357233705,54.0190885057845,5.28392673433626,120.511516861279,11.7879446572028,84.7575087849086,8.29063353329928,51.171079854955,5.00534615354531,118.883823511696,11.6287303379119,2.48364523775488,0.242940039037768,-0.0760822825285964,-0.00744205831275968,4.74695172530695,0.46432744094279,93.1605138535149,65.42826146157,120.952733670077,90.5039907210669,63.0299659913899,118.408083484326,2.656523132448,0.684651044495891,4.36524060270406,81.4523809523809,93,89.975,96,18.1908,17.2045,19.55,1.2923158475172,1.17795538678973,1.41777886367627,1.11937506653856,1.01821865492937,1.23058100882578
"SE007C","Linköping","SE","Sweden","Northern",15.6245252,58.4098135,108938.033708332,FALSE,0.125686404787422,-0.268236527593931,0.114626797235882,-2.08337759338173,0.434821529705857,1350.6079094025,109.920391060755,68.0864928303377,152.854283105648,107.153275382634,64.179218080607,150.965171391608,2.76711567812081,-0.519048237784137,5.86236415774314,100.901757925109,8.1385863577078,62.5002035676821,5.04117385633101,140.31305495645,11.3174432077233,98.3616756563857,7.93370708380032,58.9135088048667,4.7518763686938,138.57893910202,11.1775719911483,2.54008226872298,0.204879273907477,-0.476461911524695,-0.0384307121386368,5.38137504247495,0.434053741054767,92.8234477450172,65.3496117487837,122.291412578258,90.4957533701585,63.0303888554454,119.916711009516,2.32769437485877,0.304954710033827,4.23513598341331,81.4523809523809,93,87,96,18.18,16.45,19.56,1.30285084675754,1.18080625262468,1.43750960424188,1.15473283854337,1.02114018635748,1.30580300944462
"SE008C","Örebro","SE","Sweden","Northern",15.2151181,59.2747287,101365.296876217,FALSE,0.0813948006210797,0.00229498503721215,0.150695742341789,-1.81673480353991,0.539314789812853,1321.19929649423,111.879215701197,68.4470742781963,156.206136701381,108.384967794259,64.6849692528099,153.808220270182,3.4942479069381,-0.119322417694831,6.79474454584388,110.372306054427,8.46800448638338,67.5251554403088,5.18067746931285,154.102184391698,11.8230563031535,106.925122437725,8.20352902713889,63.8137224930148,4.89592822403478,151.736565678888,11.6415608665784,3.4471836167018,0.264475459244492,-0.117715254995546,-0.00903137157364907,6.70322561590414,0.514286115945836,100.374536139582,69.7631008462056,132.052854632091,97.2475323916711,66.7254735695173,128.803727721512,3.12700374791068,0.727841609076779,5.26675735757391,81.4523809523809,93,87,96,18.24,16.44,19.66,1.32249912552687,1.19810763737373,1.4598053484186,1.16817598016287,1.02812210838519,1.32730840967211
"SE009C","Södertälje","SE","Sweden","Northern",17.6271663,59.1964289,69577.5127327327,FALSE,0.81339393540899,-1.17542486249788,-0.250990493570435,-2.68275738976965,0.0750061333325205,656.1391695173,58.7413123498486,36.140046461096,81.5202246571391,57.1176855639223,34.2938835806227,80.0990803096581,1.62362678592627,0.14232531661983,3.03013721609675,84.4257146349725,8.95256907053158,51.9421362472676,5.50798491235983,117.164614622373,12.4242277316123,82.0921635749294,8.70511748383226,49.2887460814465,5.22661733574778,115.122080631628,12.2076358234465,2.33355106004305,0.247451586699316,0.204556488195465,0.0216913306249548,4.35505251206144,0.461813187943942,100.968571335245,71.7691033774717,130.897520108821,98.1654925576065,69.0431155311249,127.298493843423,2.80307877763833,0.964091382348237,4.57777097944985,81.8904761904762,94,92,96,18.74,18.08,19.6576,1.27305164802209,1.16254142284229,1.39406688371534,1.1458107782838,1.03661969251772,1.26650337544971
"SE010C","Västerås","SE","Sweden","Northern",16.5463679,59.6110992,104720.631356755,FALSE,0.115751987676796,0.0866327325404212,0.15514227572831,-1.80111261542316,0.0272751045652143,1380.63929696498,116.485342997763,75.0166996387085,158.279194886237,113.547587724877,71.3405317120837,155.378219580076,2.93775527288508,-0.219736931748218,5.9928365953069,111.234378067229,8.43705834346662,71.63507196891,5.43347562275069,151.144232837006,11.4641959876253,108.429051901006,8.22427609981014,68.1246195594883,5.16720999242233,148.374028657967,11.2540777248366,2.8053261662231,0.212782243656477,-0.209831557450826,-0.0159155930322467,5.72268951940417,0.43406243821111,97.3567872862677,70.0088493613539,125.888973705565,94.9139067376837,67.1974300680826,123.717105667318,2.442880548584,0.565832756702164,4.16568342500597,81.4523809523809,93,88,96,18.36,16.88,19.8376,1.32392211253756,1.20358843823321,1.4562866378468,1.12866912663971,1.01871953990947,1.2504854844964
"SE011C","Norrköping","SE","Sweden","Northern",16.1903511,58.5909124,99242.366619034,FALSE,0.224944910600252,0.0394920590276583,0.456335182787521,-2.03868744932625,0.689517553726769,1230.40154793283,105.559148707603,65.3354737190022,145.170262357431,102.631135727587,61.801748609694,143.028658133722,2.92801298001584,-0.282540157198349,5.83781882219368,106.365005494899,8.57924381556175,65.8342560187105,5.31009358926531,146.278517233171,11.7986085600533,103.414639557682,8.34127166858785,62.2735538411081,5.0228926250561,144.120563632639,11.6245512185857,2.95036593721684,0.2379721469739,-0.284697117595904,-0.022963247865954,5.8823857401583,0.474464521927958,97.8934155346256,68.2153815406451,127.594957678901,95.1870778457925,65.22194339672,124.215177748453,2.70633768883308,0.524513102681088,4.64011049624353,81.4523809523809,93,90,96,18.2108,17.35,19.4476,1.33755765109267,1.21149259279595,1.47674074165625,1.16715458593662,1.02882461516476,1.32408362649326
"SE012C","Helsingborg","SE","Sweden","Northern",12.7040684,56.0441984,97957.0273684211,FALSE,1.10240609086379,0.571900836638701,0.782888090490917,-1.61973699728931,-0.359636360080031,1169.56567088842,89.2799689155174,55.1265043612292,123.801200706377,86.5666234796667,51.6252275923621,121.543263354691,2.71334543585073,-0.133979927072781,5.30854265341723,91.1419745106507,7.63360033025758,56.2762119698629,4.71341676088649,126.38317436967,10.5852286697451,88.372040072312,7.40160434205542,52.7019132565111,4.41405120527751,124.078145917557,10.3921709041242,2.76993443833867,0.231995988202154,-0.136774186265245,-0.011455528356181,5.41925658222717,0.453890088051644,87.4250046988409,63.0479366953181,112.905808552115,84.7759964942014,59.7426624699072,110.339163632511,2.64900820463958,0.619954602433444,4.47814158709613,81.5380952380952,93,86.975,96,18.1608,16.52379,19.4276,1.38587208353251,1.27059211098727,1.51161133089547,1.10958514214885,1.01503529113853,1.21294224784687
"SE013C","Lund","SE","Sweden","Northern",13.1929449,55.7029296,82642.4052631579,FALSE,0.750063837297459,-0.267877615731578,0.123264822388988,-2.01086032424849,-0.321954840769787,986.715529779307,72.9025230520371,44.2960716608538,100.97938806442,70.5130178538073,41.5610385131093,98.7619016377442,2.38950519822973,-0.118507438467139,4.69106656465957,88.2144255360112,7.38840332920905,53.599688343777,4.48924439962561,122.188345974287,10.2338906216471,85.3230464787091,7.14623574127576,50.2902092222106,4.21205882129017,119.505115228988,10.0091565053034,2.89137905730216,0.24216758793329,-0.143397857419294,-0.0120102942429258,5.67634321595775,0.475422391062275,84.6079145627661,58.7289699197572,109.528422280259,81.8404366618693,56.5102572537649,106.173391819607,2.76747790089681,0.685371934563438,4.69608905319396,81.5380952380952,93,85,96,18.27,16.18,19.51,1.29558804248477,1.19198382846605,1.4081972722647,1.11647829572104,1.01927062145815,1.22295665015137
"SE014C","Borås","SE","Sweden","Northern",12.9407407,57.7210839,81562.3585904759,FALSE,-0.307996840590345,-1.60488806803275,-0.252053935851685,-3.14316192462597,0.743052066242812,971.007463559592,68.0449955311458,33.0299278928523,102.657539897124,66.1107632860704,30.76638174351,101.394836466683,1.93423224507544,-0.744646265909892,4.34605703910853,83.4269590863591,7.00766967142573,40.49653352804,3.40161421332115,125.863868665896,10.5722709402041,81.0554824904122,6.80847117731892,37.7212997210978,3.16850105669881,124.315723844851,10.4422303918223,2.37147659594693,0.19919849410681,-0.912977847598494,-0.0766880064114144,5.32850829011708,0.447582248562377,81.3244386351688,46.6097680576036,115.748585277383,79.0156460253978,44.2304340119407,112.721328019327,2.30879260977101,-0.205027735619813,4.61085375496263,81.6333333333333,93,85,98,17.44,15.076,20.2888,1.21176284920783,1.07841157950214,1.36160370551488,1.15604361103125,1.00772506901647,1.3261919065986
"SI001C","Ljubljana","SI","Slovenia","Southern",14.5069289,46.0500268,217684.91248,FALSE,-0.938788908147058,-0.757033555836544,-0.221532802189998,-0.676936621947546,1.00595811062256,2287.87102946444,143.225183536083,79.9302101377806,202.636516843962,111.905238129145,53.1097239731494,168.431513741489,31.3199454069383,16.9517355702915,45.2672658061231,65.7947222452736,6.26019481393627,36.7183050157986,3.49365017120267,93.0870745865675,8.85699037377104,51.4069794062674,4.89123891547944,24.3975217979468,2.32136004561331,77.373995203716,7.36193218814945,14.3877428390063,1.36895589845682,7.7872808809609,0.740939299111615,20.7948567911348,1.97857594344903,70.4430402868126,44.7638131441559,96.8327351003651,55.1136524779422,29.6238137477931,80.0689601215571,15.3293878088704,9.85751430848832,20.5043669392748,80.0238095238095,78,68,82,17.4,15.0608,18.39,1.23700925529197,1.11250820086459,1.37544325200371,1.4383408169953,1.24073836543773,1.66741382668925
"SI002C","Maribor","SI","Slovenia","Southern",15.6455854,46.5576439,90635.0468894602,FALSE,-1.5193537761589,-0.685889535247319,-0.480933484316063,-1.0913822818851,0.623947640840691,1220.03131282998,76.8710773966729,41.8348602182426,111.183564566763,59.8530185063361,27.2461060992214,92.1235256699907,17.0180588903368,8.31440475484716,24.7014396024556,84.813855164025,6.30074626677928,46.15748725685,3.42899889357781,122.671712965917,9.11317303068742,66.0373890238438,4.90585920844125,30.0613361324247,2.23323006653178,101.642277277515,7.55091485777538,18.7764661401812,1.39488705833802,9.17349859705764,0.681491095139282,27.2537395303407,2.02465619879529,89.5963898496397,54.1559194617789,123.343156728242,70.0226476332425,37.5167200538606,103.855085506498,19.5737422163972,12.2663108774575,26.2180630692011,78.647619047619,77,68,82,17.32,15.2508,18.53,1.1917259687462,1.06037764127297,1.33934433291062,1.4035012834872,1.20413689560729,1.63587367842987
"SK001C","Bratislava","SK","Slovakia","Eastern",17.108279,48.1435149,337865.376630947,FALSE,-1.52106292066972,-1.20142340128565,-1.5779114103702,0.899306846517247,-0.793727973119498,4014.84165980193,321.652625407635,198.530912433023,437.349859487401,300.388561206665,176.708741329787,417.101220925356,21.2640642009701,6.36061319833886,35.8070530390929,95.2014167935823,8.01158931442152,58.76036023954,4.9449250868543,129.445006720863,10.893327721148,88.9077668158881,7.48195288034061,52.3015240838978,4.40138755904274,123.451898233703,10.3889830849751,6.29364997769422,0.529636434080919,1.88258804786813,0.158427498200581,10.5980238034882,0.891867128848599,127.547150354692,87.2453319776615,165.832078922895,119.224709966275,78.2043534815308,158.56092585973,8.32244038841625,4.4957648836905,12.5793327359563,77.1571428571429,90,80,93,21.9,19.04,22.87,1.29158570751459,1.16493474157108,1.43200608611445,1.28352276048017,1.11535046706166,1.47705203460461
"SK002C","Košice","SK","Slovakia","Eastern",21.2496774,48.7172272,179738.558834286,FALSE,-3.2016545951714,0.00142931178851985,-1.50186019885239,2.15338776902882,0.2162864620359,2187.62321448158,210.43613652668,142.763041067068,275.46188722743,190.160739183091,127.78862300364,251.879332129857,20.2753973435895,5.35342333702716,35.7331405013456,117.079016262001,9.61939584173543,79.4281661058003,6.5259428644754,153.256980034762,12.5918341606513,105.798522262779,8.69257273941274,71.0969442686237,5.84143659464332,140.136503688161,11.5138352190849,11.2804939992219,0.926823102322686,2.97845012875778,0.244714140057972,19.8806203482974,1.63342298915097,169.212182707164,124.352529651972,214.130993727058,153.383016857305,110.277497239286,195.38561217333,15.8291658498588,6.45070210626861,24.9550092567739,75.2619047619048,81,78,91,18.09,17.34,20.77,1.34934782108142,1.18111561695543,1.54154217937658,1.31683487158656,1.12332653990425,1.54367765509589
"SK003C","Banská Bystrica","SK","Slovakia","Eastern",19.1573494,48.7384028,63360.335773682,FALSE,-3.27265145187225,-0.579175814046411,-1.65983606563491,0.69303343249138,1.03096691738299,859.83365120951,66.8163761299276,37.3852882501828,95.9393676475197,60.4791710456976,31.5458045097737,89.0896304416588,6.33720508423003,0.328772753623645,11.9932801023058,105.454580241794,7.77084916785223,59.0042457851235,4.34796756298078,151.418654077541,11.1578986833748,95.4527312824294,7.03382229348931,49.7879377130399,3.66882646025762,140.607888758481,10.3612635207215,10.0018489593648,0.737026874362921,0.51889364159621,0.0382367860528797,18.9286877284629,1.39483725548949,140.551210523572,85.476687018395,193.707887428611,127.557177871066,71.8057741036799,179.799990830618,12.9940326525059,3.52472646876294,22.1512674478829,75.1904761904762,84,77,92,16.44,14.84,18.7052,1.27392116110012,1.11503617782823,1.45544616127127,1.34515762426191,1.11247590924021,1.62650626326439
"SK004C","Nitra","SK","Slovakia","Eastern",18.0894593,48.31295,65674.2498343094,FALSE,-1.96592586602977,1.03889038371694,-0.89670883123772,1.63851112485493,-0.61011284842424,925.296121880478,79.8802672044623,55.4716198529413,103.60477976369,73.9838290843439,50.4629315830479,96.8211437170682,5.89643812011835,0.844068564830962,10.7698358000425,121.631031044882,8.63294088406225,84.4647940294584,5.99501268201648,157.755558723665,11.1969322375559,112.652720466543,7.9956921178905,76.8382306769574,5.45370615846656,147.426341315416,10.4638008770964,8.97831057833864,0.637248766171744,1.28523518267887,0.0912214527729309,16.3988714408065,1.16393396074707,161.542147289134,119.51135430692,201.289562265554,149.831672941983,108.673450207583,190.321183029402,11.7104743471507,4.52257856421913,18.8913161168874,75.6857142857143,85,79,92,20.32,18.79,22.4604,1.38382002548495,1.25137012579085,1.53028893967157,1.26694693885955,1.10142878139841,1.45733847979499
"SK005C","Prešov","SK","Slovakia","Eastern",21.2392122,49.0000074,67516.3954552667,FALSE,-3.09489802389708,0.041374000898261,-1.68077566569945,2.06778382114053,0.193020765675538,764.072521453737,72.1345061126744,49.0826209743734,94.3133926284178,65.5661495221396,43.9463675892981,86.5978110461928,6.56835659053482,1.43997894414218,11.5460561801526,106.83998401613,9.44079312987596,72.6973361705799,6.42381705875092,139.689614637241,12.3435132111512,97.1114483823129,8.58114219281075,65.0899197046366,5.75159639371469,128.26189914651,11.3337161872319,9.72853563381759,0.859650937065209,2.13278409552572,0.188461030034486,17.1011146289682,1.51112045728132,159.373875786514,112.639871702683,201.066976117584,145.280557186725,102.049213114036,185.45623846666,14.0933185997893,5.97847582401166,22.0885743024134,75.2619047619048,81,78,91,17.01,16.31,19.63,1.34107553193209,1.17975568449726,1.52445426284455,1.30493475489882,1.11947072941854,1.52112482246618
"SK006C","Žilina","SK","Slovakia","Eastern",18.7393139,49.2234674,64323.6190625893,FALSE,-2.99772877525153,-0.31474162748028,-1.74349147054813,1.26184052573888,0.163719667703571,802.167498488423,67.6580704190629,44.3393866165043,91.2008816944704,61.8601266330469,38.8947158030481,84.4558445555329,5.797943786016,1.10372286494044,10.438442459082,105.183867769052,8.43440684726761,68.9317349718156,5.52744740968139,141.784437852802,11.3693065184424,96.1701588538646,7.71162216739197,60.4672379599818,4.84870253112223,131.298340774878,10.5284550564163,9.01370891518772,0.722784679875643,1.7158904940757,0.137592568512219,16.228008640069,1.30127965527797,150.833065761816,107.533564660512,194.189002122751,138.257489849481,95.2694056892151,180.137455722147,12.5755759123353,4.57251585691009,20.4653964140367,75.1904761904762,83,78,92,16.37,15.19,18.91,1.29450819947937,1.15390015876286,1.45224997656293,1.34010901121316,1.13679746942534,1.5797819842461
"SK007C","Trnava","SK","Slovakia","Eastern",17.5858175,48.3767652,53524.3317299297,FALSE,-1.70848401958396,0.826019010253627,-1.16369642383196,1.67335709394976,-1.37603553563327,675.765535996907,59.2699808767309,41.4935151931245,76.466842419722,54.9210963658227,37.6888249935756,71.324803848183,4.34888451090812,0.789416723346482,7.97211050420126,110.734649011205,8.77079071357113,77.5227150943059,6.14022364012871,142.86370319494,11.3155877810365,102.609588183073,8.12724139368867,70.4143774904915,5.57720436837254,133.256785358984,10.5546672697599,8.12506082813233,0.643549319882455,1.47487450628936,0.116818139028341,14.8943671906574,1.17971546039864,157.225297639057,117.026277132501,194.716453200219,145.910871526353,106.682701610408,182.802741684314,11.3144261127045,4.81854291590981,17.8469318030652,75.6857142857143,85,80,92,20.336,19.04,22.5252,1.37439574117931,1.24397456926459,1.51849057050141,1.26227665125113,1.09720211303393,1.45218672600613
"SK008C","Trenčín","SK","Slovakia","Eastern",18.0393715,48.8923583,45318.9247086469,FALSE,-2.69040897031487,0.048914427592722,-1.23990514521588,0.717525432975509,0.445918267814912,581.466904405581,45.5534264734348,26.6591704778658,63.636350097562,42.0514567324215,23.5854999968489,60.096773849881,3.5019697410133,0.541247182708372,6.27960667872802,100.517447768886,7.83422515164521,58.8256907004221,4.58481304367939,140.418932061334,10.9441052647039,92.7900584640263,7.23196048026322,52.0433795560661,4.05620677946577,132.608560852315,10.3353730701692,7.72738930485948,0.60226467138199,1.19430720430377,0.0930830591745673,13.8564776615935,1.07995943211033,133.912194977513,86.2925194874239,180.976415426238,123.820719740753,76.0713560686865,170.4991194246,10.0914752367595,4.12334999292865,16.104401477874,75.6857142857143,87,78,93,18.7272,16.47,20.57,1.33005521508588,1.16404734924014,1.51973790098137,1.31514767355718,1.11495561283341,1.55128453846465
"UK001C","London","UK","United Kingdom","Northern",-0.1276474,51.5073219,5894655.60690651,TRUE,6.6903820679349,-6.70560871098253,4.60844696796768,3.29767903510353,-0.212739883489429,44527.80950743,5229.24645539261,3898.83303237498,6550.87622954015,5081.73007657457,3750.90710037505,6394.3559066627,147.516378818041,76.2357008112715,213.922399418906,88.7116534724392,11.7437765595005,66.1418290121459,8.75595066432452,111.132467550178,14.711876245444,86.2091089871396,11.4124861132606,63.6323366539052,8.42374044864966,108.47717548029,14.3603648537791,2.50254448529957,0.331290446239953,1.29330203314931,0.171209187369863,3.62909071682258,0.480424260221492,130.864781217236,98.9071843827179,161.155309254002,127.184451548163,95.3938335076619,157.906587298045,3.6803296690729,1.92673478244096,5.31474713699555,80.8944862155388,93,92,94,18.24,17.98,18.51,1.91516299250071,1.69075108648576,2.16936089360612,1.4477673066107,1.26938770769575,1.65121354286281
"UK002C","Birmingham","UK","United Kingdom","Northern",-1.9026911,52.4796992,728283.372360314,TRUE,3.63658843603846,-0.578377907300321,-0.297055369659697,1.08720500579089,0.081880623422621,7818.24961909463,652.968733102547,532.478492058905,776.050675801316,632.632718013067,512.143411436812,755.968849131546,20.33601508948,14.6425310012541,25.7026241497073,89.658607883127,8.35185322693959,73.1141904741256,6.81071234612956,106.558889747296,9.92614349260422,86.866286121946,8.09174366175235,70.3219970239047,6.5506147333285,103.80147039215,9.66928514645057,2.79232176118102,0.260109565187239,2.01055407235219,0.18728656303698,3.52920650466136,0.328751643934896,110.709428480587,92.2058419780038,129.152323359715,107.26492513326,88.6415648391966,125.984341278288,3.44450334732644,2.58656429620498,4.27117780165111,79.1473684210526,93,92,93,17.12,16.87,17.12,1.5104182156887,1.43809133359719,1.58638268167414,1.23370938342377,1.17825630787142,1.29177228467166
"UK003C","Leeds","UK","United Kingdom","Northern",-1.5437941,53.7974185,556783.296037926,TRUE,1.94771121056969,-0.342150267199498,0.616970206846002,-0.983856935906365,-0.334721308780482,6410.18669783806,653.643934976594,557.306564479617,751.234724023947,649.911430180452,554.315036476904,747.539566501807,3.73250479614183,0.264854028730846,7.04668548572285,117.396469978164,10.1969562789341,100.093980628624,8.69407695516228,134.924077171449,11.7193891447392,116.726100586211,10.1387285708799,99.5566929578192,8.64740861079531,134.260415465281,11.6617440604956,0.670369391952373,0.05822770805413,0.0475686017550364,0.00413176778174297,1.2656064820671,0.109929489075559,136.950171236751,118.865656074773,154.723458031357,136.159807874219,118.203799847106,153.828510487969,0.790363362532147,0.147199781446757,1.42620817156943,79.178947368421,95,94,95,17.122,16.78,17.122,1.44503139863208,1.38948282185033,1.5028006897213,1.1012698764577,1.05566490637093,1.14884499188516
"UK004C","Glasgow","UK","United Kingdom","Northern",-4.2488787,55.8609825,459316.239093484,FALSE,2.96034159070589,-0.791232902085076,0.0856140231224408,0.416582973092176,-0.241406057550209,5374.40762679408,459.819733188005,320.44176785664,593.416593902198,449.003765361793,305.643638414552,587.339316745567,10.8159678262115,1.26221854443354,19.6217272769045,100.109618178429,8.55572865176018,69.7649550751941,5.96236441499301,129.195648530385,11.0415255989092,97.7548205671883,8.35447916386706,66.5431814511449,5.68702003344085,127.872534597242,10.9284475151715,2.35479761124017,0.201249487893114,0.274803814235847,0.0234857240478142,4.27194285915741,0.365095628010806,136.538978484714,107.853618196858,162.712577441695,133.296028089555,104.132935612367,159.766688434015,3.24295039515846,1.65863179616306,4.70066604216152,77.8789473684211,94,91,95,15.0764,14.38,15.38,1.35048352147361,1.25671416237617,1.45124945383232,1.13879878175658,1.05099605242631,1.23393676154764
"UK005C","Bradford","UK","United Kingdom","Northern",-1.7519186,53.7944229,352268.751458576,TRUE,1.95630609458635,0.670825350947395,0.809223940094384,-0.941659897734327,-0.0462216298820392,4213.18184707683,406.64166467478,336.889831061581,477.372538326275,405.67235388321,335.98415023192,476.452973896639,0.96931079157001,-1.49879821851556,3.38011220237222,115.435065696594,9.65165234813955,95.6343217122385,7.9960904439793,135.513733860782,11.3304517975526,115.159903398617,9.62864572685539,95.3772223169867,7.97459408178716,135.252693270089,11.3086259076904,0.275162297977484,0.0230066212841616,-0.425470102672959,-0.0355740215570198,0.959526551355122,0.080227066503607,133.868459579815,113.473633185327,154.916408451095,133.536994604834,113.507904896135,154.520338090201,0.331464974980462,-0.423775221368523,1.09509818191313,79.178947368421,96,95,97,16.65,16.26,17.19,1.50430352513605,1.44151742058423,1.56982431389529,1.05552407283655,1.01025218726061,1.10282470296701
"UK006C","Liverpool","UK","United Kingdom","Northern",-2.99168,53.4071991,345572.518743304,TRUE,3.49174764966056,0.169684790759628,0.797571610044091,1.08157974889951,-0.10884687898987,4157.3170960187,472.700991175709,406.19958103603,541.379482946264,469.00099853548,403.241008659067,537.28374087803,3.69999264022906,1.32392405286759,6.00408141126715,136.787784194969,11.3703376542625,117.543947798048,9.77071442120764,156.661613288876,13.0223283536568,135.71709933447,11.2813381251246,116.687811324082,9.69954899628018,155.476408492173,12.9238094778136,1.07068486049884,0.0889995291379721,0.383110340394577,0.0318456355935768,1.73743023117155,0.144422022005899,173.273194028715,152.158282426487,196.726178249825,171.888048237507,150.717811657844,195.113101905187,1.3851457912078,0.567434491656632,2.14590339134315,78.4578947368421,96,94,95,17.68,17.08,17.35,1.57860198722325,1.50529450726309,1.65547952380168,1.08203737594983,1.04759837068218,1.11760853750659
"UK007C","Edinburgh","UK","United Kingdom","Northern",-3.1883749,55.9533456,374008.60069965,FALSE,2.44446096756018,-0.414659703346026,0.41143905412731,-0.902182870305972,-0.0428369780853668,4234.74244896004,356.986607154831,254.194503645089,464.783203613432,350.017566196805,243.767152009001,460.277300536411,6.969040958026,0.551160458519878,13.3606853736797,95.4487694900661,8.42994849055104,67.9648818689124,6.00259653825025,124.270726059233,10.9754774750841,93.5854324050394,8.26538025430004,65.1768840483858,5.7563631070141,123.065966845516,10.8690742373115,1.8633370850267,0.164568236251001,0.147365717656983,0.0130152061232255,3.57229361803076,0.315501722589076,117.060288314761,95.7343812039747,140.262785122042,114.771275259049,93.3088188956141,138.884736826704,2.28901305571236,1.04244004503507,3.55322009617699,78.0894736842105,94,92,95,15.1564,14.66,15.43,1.31008687103519,1.22478668039933,1.40132778803505,1.15294998288707,1.06043759761993,1.253533132004
"UK008C","Manchester","UK","United Kingdom","Northern",-2.2451148,53.4794892,344666.29704895,TRUE,6.19942044129702,0.104125484818415,-3.11178640898301,1.96223616378984,0.600652233097971,3103.42466211703,294.28226380254,181.785621827245,404.896188800445,289.971106096295,178.716568374143,399.454219849165,4.31115770624546,-0.29681267925172,8.81781556185426,85.3817928594119,9.48250065145105,52.7425000308132,5.85758127291669,117.474842265457,13.0467542435601,84.1309720674871,9.34358451281005,51.8520580353585,5.75868879807862,115.895932752727,12.8714005764417,1.25082079192477,0.138916138640999,-0.0861159567364271,-0.0095640368807679,2.55836315803223,0.284131774471338,153.802522243228,96.6105893026464,208.453633928342,151.492096634745,95.4186822024555,204.947513329347,2.31042560848294,0.0423912292678379,4.56553786348504,78.4526315789474,95,92.975,96,17.192,16.513,17.61,1.54955125161655,1.39051044776475,1.72678248138746,1.14457805371583,1.03168310802837,1.26982685948164
"UK009C","Cardiff","UK","United Kingdom","Northern",-3.1791934,51.4816546,248408.346322807,TRUE,2.41650630124284,0.0919280964528683,0.328940468251564,0.0293728038442631,-0.161073505420865,2816.3687200166,243.627939071042,205.399033598222,283.073989844047,238.632149656076,200.502125896691,277.980997258338,4.99578941496559,3.38811489174642,6.541412789184,98.0755850910288,8.65042767090545,82.6860436208152,7.29304483956244,113.955104180031,10.0510273328976,96.0644653002011,8.4730436025674,80.7147299455624,7.1191717359902,111.904853992749,9.87019189932984,2.01111979082762,0.177384068338046,1.36392957076553,0.120300828072201,2.63333051647284,0.232264076173429,110.065828126317,94.9656588223088,126.031460301641,107.8071691181,92.5986069529501,123.83620648765,2.25865900821703,1.59695534971415,2.88006079237574,80.0473684210526,94,92,93,17.25,16.74,17,1.54174118820487,1.48521882407324,1.60041460078488,1.1219887581928,1.08731594045703,1.15776723827105
"UK010C","Sheffield","UK","United Kingdom","Northern",-1.4702278,53.3806626,402490.797253929,TRUE,2.35602840945291,1.10518361226466,0.501301795359608,-0.316939613880217,0.870563030228207,4659.2606280626,413.103726756173,325.679011997511,499.246506765318,405.313598351157,317.54841037166,490.82399746883,7.79012840501517,4.03596830468337,11.4997991308351,102.636812959365,8.86629359748756,80.9158903059446,6.98992904659497,124.039235225134,10.7151444535721,100.701333078045,8.69909693203177,78.8958188704427,6.81542492942067,121.946638486537,10.5343752292501,1.93547988132023,0.16719666545579,1.00274797143675,0.0866225057335244,2.85715827772827,0.246815966069212,113.055223171246,90.2458264047382,135.177704573856,110.922975169979,88.0432867965227,133.11300782845,2.13224800126669,1.15557276416118,3.09193263782279,79.2263157894737,93,93,94,16.1808,16.1808,16.4864,1.48981239357925,1.41135895659829,1.57262683436109,1.24869293228847,1.16403270733751,1.33951050457475
"UK011C","Bristol","UK","United Kingdom","Northern",-2.5972985,51.4538022,313661.334140755,TRUE,4.60434729688404,-0.0430375540738718,-1.1024023053103,1.00418470809838,-0.0929727985110287,3077.83733806407,303.289618496115,234.144426921659,371.071338790109,300.995541656024,232.419835615413,368.613266589371,2.29407684009153,-0.156199535750782,4.70554363111135,96.6933394346956,9.85398463867106,74.6488015690791,7.60743344120107,118.303181935581,12.0562361824979,95.9619528752474,9.77944928841975,74.0989756522283,7.551400872978,117.51951116294,11.9763725662392,0.731386559448243,0.0745353502513061,-0.0497987857440814,-0.0050749769592772,1.50019881921428,0.152884740623463,125.148371047017,99.3452999484513,151.136529025269,124.196922325989,98.9986536339113,149.868524066292,0.951448721028157,0.00832196677740044,1.86660796870552,81.1473684210526,96,94,96,18.33,17.66,18.33,1.5636905527564,1.46996240470444,1.66339502082113,1.0572033712459,1.01161184949225,1.10484962066694
"UK012C","Belfast","UK","United Kingdom","Northern",-5.9301829,54.596391,247142.622912848,FALSE,2.74587354259124,0.543263161300737,0.841784442358804,-0.0676121223796011,-0.00905574715820656,2888.85832509073,291.700434491271,207.915949084661,376.562818383565,286.733374319832,201.141918629296,372.093615990736,4.96706017143835,-0.309142416446551,9.85805045913015,118.02918940216,10.0974295609359,84.1279204024555,7.19716668965174,152.366602711162,13.0350046976339,116.019394364422,9.9254910436228,81.3869806262541,6.96267853921076,150.55825320829,12.88029990114,2.00979503773816,0.171938517313145,-0.125086645436941,-0.0107011968624956,3.98881032455761,0.341243818483917,136.073103780287,112.440648505598,163.187814238899,133.747399573093,109.904345283271,161.239400950492,2.3257042071936,0.770920265147744,3.68560959756953,79.5631578947368,95,92,96,15.71,15.0752,16.0076,1.50503323689427,1.38832001857372,1.63155829625182,1.1071479699323,1.02711517898408,1.19341691409684
"UK013C","Newcastle Upon Tyne","UK","United Kingdom","Northern",-1.6131572,54.9738474,211415.993418859,TRUE,2.37332063332026,0.45337239729691,0.683453834911279,-0.261119853221344,-0.240896733203755,2836.17239517855,262.02449930713,222.716000321517,303.386586395819,260.76752012704,221.45750273781,301.869863640028,1.25697918008943,0.0438172035749737,2.50502231252284,123.93787956619,9.23866615980634,105.344915831542,7.85269614428694,143.50219275736,10.6970432020131,123.343327016138,9.19434659791277,104.749645074891,7.8083230453228,142.784781207144,10.6435653965606,0.594552550051919,0.0443195618935672,0.0207255860194846,0.00154494147286188,1.18487833962489,0.0883240495810954,129.480768027365,112.439392681722,148.283972191392,128.858658779807,112.041565612201,147.628359623998,0.622109247557194,0.0807545841993636,1.2001175630907,78.9526315789474,94,93,95,16.3664,16.08,16.642,1.42772305552441,1.38190237277198,1.47506304601469,1.10923810188591,1.06098731317135,1.15968320393737
"UK014C","Leicester","UK","United Kingdom","Northern",-1.1330789,52.6361398,221551.624502359,TRUE,3.1563793953661,-0.611054656906522,-0.095823436946513,0.712159550657795,-0.695391318011891,2262.39307579654,226.755222091365,187.123719451207,266.495249332916,222.850561795759,183.499042262584,262.375594373424,3.90466029560617,2.24477522070408,5.55069812306159,102.348706582808,10.0228039290444,84.4605494866119,8.2710525174908,120.285847567811,11.7793522347609,100.586291026445,9.85021410204313,82.8245076851738,8.11083821930358,118.426391574769,11.5972594320749,1.76241555636375,0.172589827001279,1.0132063918494,0.0992212734700727,2.50537459859722,0.245346318570538,143.473553102955,120.629517561113,166.938043852666,140.983095519407,118.232349421999,164.231422452015,2.49045758354731,1.55099192104617,3.4592387457877,80.4526315789474,94,93,94,17.71,17.42,17.71,1.56078000345761,1.48296618961157,1.64267684338185,1.17067457588703,1.11234845095525,1.23205903820098
"UK015C","Aberdeen","UK","United Kingdom","Northern",-2.0928095,57.1482429,168249.151449911,FALSE,2.22048363122127,-0.499742078687334,0.299936741729934,-1.78714314002625,-0.139288246113839,2014.53662843529,180.74419567702,120.549846789524,239.566171273469,177.104101048369,115.833752613421,237.359646213734,3.64009462865127,-0.298570686271664,7.46598574364697,107.426512478329,8.97199847974002,71.6496016477163,5.98399875623786,142.38774413361,11.8918746818489,105.262998072887,8.79130707024808,68.846559768776,5.74989558285621,141.076281317471,11.7823445284335,2.16351440544112,0.180691409491946,-0.177457469294014,-0.0148208119950426,4.43745818585578,0.370605609164121,124.433790353919,96.2339116436802,153.225932334951,121.909005508828,93.6005605158395,150.95133342814,2.52478484509116,0.868730106429087,4.2606291358238,79.2789473684211,94,92,96,14.53,14.11,15.04,1.3585787774932,1.23992035427174,1.48859262475694,1.15878602916276,1.05076092437971,1.27791682220717
"UK016C","Cambridge","UK","United Kingdom","Northern",0.1186637,52.2055314,89319.2891299394,TRUE,2.55000565039624,0.409892156156484,0.293349643224791,-0.0217941331601847,-0.0906570651767873,981.911023750707,89.1636287936861,75.8445642216419,103.057763242545,87.3579587859673,74.1025503597342,101.06552920775,1.80567000771881,1.2283188825067,2.37760119714207,99.8257259571034,9.08062203570122,84.9139810229626,7.72417891103112,115.381307046252,10.495631554159,97.8041357437151,8.89672859077161,82.963658893357,7.54676834940472,113.15084366684,10.2927380142551,2.02159021338825,0.183893444929614,1.37520002059105,0.125094723737266,2.66191235991947,0.242140187820695,99.828191995162,86.6616293293217,113.565643220616,97.8071541216033,84.7525792709248,111.501134862476,2.02103787355859,1.41237091020849,2.58838480773883,81.3105263157895,93,93,94,18.3,18.3,18.58,1.50726694000831,1.44993112875099,1.56687002809509,1.16553749491453,1.12218706229556,1.21056256812721
"UK017C","Exeter","UK","United Kingdom","Northern",-3.5269497,50.7255794,92379.4557022662,TRUE,2.46281893932226,0.61083171764462,0.851299608155325,-0.470832125380133,0.0378133044642466,1347.1691137481,113.607107261082,93.7486339356365,134.126102917297,111.783520572048,91.9938472078695,132.140719221612,1.82358668903436,1.0228647797965,2.66719262739488,122.978757990555,8.43302493367027,101.482124161657,6.95893581428754,145.190401802732,9.95614444753199,121.004740417956,8.29766058554022,99.5825819805222,6.82867846872794,143.041240302924,9.80876995123271,1.97401757259935,0.135364348130041,1.10724270025268,0.0759269767513215,2.88721405329675,0.197984989425285,93.710327491343,78.8090251808684,110.510254114018,92.2292037594643,77.3519643159456,108.688003304242,1.48112373187867,0.870197981074316,2.12239119008893,81.0473684210526,94,92,94,17.39,16.9552,17.39,1.59329827028674,1.52768270661275,1.66173209077389,1.09044680647959,1.0535396570848,1.1286468713022
"UK018C","Lincoln","UK","United Kingdom","Northern",-0.5392172,53.2336301,70347.2077811593,TRUE,2.29763625725037,0.189117216058533,0.215196551655272,-0.281052357940105,-0.285357448199168,1008.53050061026,100.943166600736,86.1652738390944,115.8407146714,99.6304316813959,84.9286437213353,114.453538783321,1.31273491934035,0.701580174034636,1.9054705780263,143.492783558314,10.0089354302776,122.485705626218,8.54364580812933,164.669953968557,11.4860893747194,141.626703921686,9.87877229504804,120.727810527373,8.42102878097836,162.698054966689,11.3485451073681,1.86607963662764,0.130163135229526,0.997310619942667,0.0695645965699708,2.7086655435621,0.188935344729118,124.688992259157,108.299305405797,141.67669532602,123.077287159871,106.712188102682,139.995371299205,1.61170509928568,0.952269261016684,2.2815114108907,80.2526315789474,94,93.975,95,18.04,18.0315,18.412,1.48641559947345,1.42928463209449,1.54583018997433,1.12593838129397,1.08450605137769,1.1689535866217
"UK019C","Gravesham","UK","United Kingdom","Northern",0.3694468,51.4424747,73787.1561473685,FALSE,1.66160371616622,0.421787164155596,0.620040270563418,-1.70333533316067,-0.406412486779839,874.400338466802,79.5599628668403,58.9518442286842,100.433200880198,78.7295671771975,57.8868395227088,100.065821054801,0.830395689642753,-0.19790157626616,1.88355716109298,107.823592913572,9.09880284428331,79.8944522417221,6.74197408615509,136.112036462839,11.4859517387997,106.698199643252,9.00383539595194,78.45110523991,6.62017579089793,135.614145170399,11.4439366789656,1.12539327031967,0.0949674483313664,-0.268205994917204,-0.0226328339045667,2.55268973550237,0.215411302835914,115.896676415751,93.07947233918,138.69111693511,114.678218566538,91.8470013116826,137.497713446291,1.21845784921326,0.158953232067829,2.22962003550515,80.5947368421053,95,92,96,18.802,17.97,19.26,1.50330440165116,1.37134123040844,1.64796629307986,1.12931275847588,1.04647331645002,1.21870981936051
"UK020C","Stevenage","UK","United Kingdom","Northern",-0.2027155,51.9016663,61131.1636628213,TRUE,2.61121733509024,-0.859949833495631,-0.0579286310924825,-0.953929156747858,-0.797693492294194,679.411687507886,67.5709949638487,55.7844157312672,79.8177562881809,66.7557630177384,54.9901641185266,78.813307076636,0.815231946110303,0.338352042659139,1.29596720216985,110.534449068477,9.94551554032022,91.2536460764186,8.21069415745364,130.568030290456,11.7480693599717,109.200870747268,9.82552467747525,89.954387948238,8.0937913093949,128.924925282534,11.6002283336819,1.3335783212092,0.119990862844973,0.553485362270173,0.0498007392101584,2.11997796953117,0.190748441040736,112.234147669056,93.8433851253497,130.621548506435,110.887397620271,92.3918036588016,129.395404037736,1.34675004878432,0.626929945922529,2.1028313878676,81.0789473684211,94,93,95,18.2,17.86,18.522,1.49027370768749,1.41272793827173,1.57207602657141,1.13751457891254,1.08158833786576,1.19633262669217
"UK021C","Wrexham","UK","United Kingdom","Northern",-2.9937869,53.0465084,100490.600289377,FALSE,2.02210431118625,1.50645895805899,0.110758795745343,-1.38531714644329,0.620015032113834,1330.88301968711,120.319070263986,83.7452000603717,156.171250021315,119.130274822355,81.8438848620165,155.372107581471,1.18879544163118,-0.400871627005295,2.71089500260531,119.731666362336,9.04054439677744,83.3363516778837,6.29245386871491,155.408813930455,11.7344084875341,118.548674681315,8.95122058513916,81.4443187983108,6.14959268781246,154.613572945186,11.6743624558377,1.18299168102079,0.0893238116382807,-0.398914551063411,-0.0301207259447595,2.69766027349712,0.203691456161386,119.19758147087,93.3244037881613,145.350994958122,118.010750727024,91.9897157128082,144.260185790677,1.18683074384566,0.0987050761421329,2.24863578372728,80.0473684210526,95,92,96,16.83,15.97,17.23,1.45666855028446,1.34861957250398,1.57337421808889,1.10044744763031,1.02613024122411,1.18014705769849
"UK022C","Portsmouth","UK","United Kingdom","Northern",-1.075614,50.8036831,147779.245514653,TRUE,3.97806138126685,-0.0319051672216135,0.548506237614185,0.790496568859341,-0.761366099622931,1643.41179800545,158.121593417599,130.31363961956,187.127386756325,155.022499354525,127.478121312453,183.876765459108,3.09909406307405,1.82933921280034,4.35404250638469,106.998511778111,9.62154425382038,88.181286327273,7.9294574724191,126.626297288661,11.3865183993102,104.901401285848,9.43296741222564,86.2625335976645,7.75691895769329,124.426650588682,11.1887212737716,2.09711049226243,0.188576841594743,1.23788642067397,0.111313501279505,2.94631529022996,0.264939226532817,130.82225255596,109.712458741065,153.321713559911,128.25451388325,107.053035805658,150.468751628358,2.56773867271016,1.59387372570573,3.53208151769878,81.3842105263158,94,92,94,18.08,17.63,18.08,1.66578464897836,1.58143430046996,1.75463406601675,1.11878407330293,1.07581594723035,1.16346834781423
"UK023C","Worcester","UK","United Kingdom","Northern",-2.2206585,52.1911849,74283.3922,TRUE,3.15965530085133,0.860031879916423,0.190160923892302,0.190208436525766,-0.210828457411502,991.954810146658,97.2953708132023,81.8105004817451,113.771468802896,96.402890685697,81.2821255589456,112.688531942971,0.892480127505253,0.309331213716216,1.47820899902819,130.97863187406,9.80844790689783,110.132962508604,8.24740196276175,153.158687875452,11.4694205460907,129.777178761765,9.71847605350531,109.421666339768,8.19413593517715,151.700842685763,11.3602485506683,1.20145311229507,0.0899718533925251,0.416420419901362,0.0311840025928683,1.98995893328118,0.149019792424782,115.005509882505,98.4715529848234,132.626396839831,113.963446694674,97.4778476233404,131.197864564198,1.04206318783059,0.414386094000954,1.68143401061207,80.8526315789474,95,94,95,18.21,17.83,18.21,1.55177391370853,1.48286699370882,1.62388284956266,1.08750002747162,1.04603114436364,1.13061290394968
"UK024C","Coventry","UK","United Kingdom","Northern",-1.510477,52.4081812,233247.646643967,TRUE,5.97000406509258,1.24104586338854,-4.10755378588019,1.93672613648202,1.23507824929318,2516.95172243413,298.37733531987,188.386986624668,406.237790473506,297.016765307487,186.605690516847,404.307390809745,1.36057001238267,-3.00131850778218,5.36421044779487,127.922977836221,11.8547103093146,80.7669399178226,7.48472785336065,174.165868903104,16.1400708187059,127.339662192116,11.8006540475176,80.0032468501964,7.41395589170783,173.338250836411,16.0633748834381,0.583315644105711,0.0540562617969831,-1.28675189266259,-0.119244182597179,2.29979188428122,0.213123295134449,154.808472771649,100.844782446454,208.050972181707,154.101221377936,99.3594786555475,207.416542732789,0.707251393713253,-1.55584119268997,2.7595424712676,79.1473684210526,96,93,99,18.54,17.4208,20.9544,1.78303858757789,1.55971773999636,2.0383345802037,1.07025439194056,0.949716601973038,1.20609080760344
"UK025C","Kingston-Upon-Hull","UK","United Kingdom","Northern",-0.3394758,53.7435722,190897.395705882,TRUE,3.26263773286932,0.356873534887654,0.504348520431983,0.743049819375099,-0.505272160704642,2482.39432790954,202.937259397606,163.761281924862,242.733650443581,199.484154041575,160.853631022283,239.763442121486,3.45310535603103,1.78277280688652,5.07827630329928,106.306981636499,8.17506135572353,85.784974341489,6.59690847999831,127.153987379463,9.77820677861402,104.498101351221,8.03595753498048,84.2618257978294,6.47977757658431,125.598068656155,9.65855583159481,1.80888028527706,0.139103820743054,0.933890585722426,0.0718166645340273,2.66021245838442,0.204571701047019,132.374844204831,110.158065532103,156.58173853509,130.095762661706,107.92632006297,154.437901705872,2.27908154312487,1.30016811051546,3.20431209473029,79.4894736842105,93,92,94,17.1,16.84,17.38,1.50968004160303,1.45065936579431,1.57110199799839,1.12450182415365,1.07718218479929,1.17390017247686
"UK026C","Stoke-On-Trent","UK","United Kingdom","Northern",-2.1812607,53.0162014,181111.826316151,TRUE,2.27007654697085,-0.439032694816132,0.124285120221442,-0.649621123745217,-0.615562687513102,2451.61469172437,239.15908357653,200.830746174277,279.161992404982,236.975560367396,198.621484400681,276.920051486223,2.18352320913405,0.810527546682913,3.48765687563389,132.050506276189,9.75516602930436,110.887704165549,8.1917744599997,154.137914725499,11.3868624359006,130.844884725379,9.66610133180093,109.667871193549,8.10165990076437,152.900038124969,11.2954149125061,1.20562155081053,0.0890646975034339,0.447528779963847,0.0330609679171412,1.92569251085006,0.142259584567134,148.286255903402,126.828840416791,170.589665746933,146.910054771161,125.597849863432,168.944244997754,1.37620113224109,0.628487225643238,2.1070701181268,79.9052631578947,95,93,95,17.05,16.48,17.05,1.46374566414098,1.40367176706057,1.52639058472925,1.1060948370732,1.06394667356032,1.14991269675758
"UK027C","Wolverhampton","UK","United Kingdom","Northern",-2.127567,52.5847651,180525.960784314,TRUE,2.84194862385142,-0.111417942274515,-0.214221154585231,0.410049177522371,0.0372126742643102,2494.84554661169,207.471499697421,173.314333576028,241.178431154274,201.673162496985,167.627825859221,235.558924270508,5.7983372004367,4.3039852913945,7.29842989455425,114.926129624814,8.31600577355152,96.0052132242068,6.94689632436006,133.597644408843,9.66706862802885,111.714216404552,8.08359310141991,92.8552464869567,6.71896607334592,130.484791908653,9.44182394739532,3.21191322026219,0.23241267213161,2.38413648247344,0.172515100072622,4.04286999102261,0.292540350021524,117.304525011502,99.8087736226891,134.682042822771,114.023126078365,96.7510784720817,131.572253085344,3.2813989331368,2.50933507449162,4.02605674224285,79.1473684210526,93,91,93,17.04,16.54,17.04,1.48587294917172,1.42298594030814,1.55153916742295,1.21067543578077,1.16425433714156,1.25894743445971
"UK028C","Nottingham","UK","United Kingdom","Northern",-1.1496461,52.9534193,215276.603456054,TRUE,3.01265510793462,-0.790766538719832,-0.013080829616605,0.585125557249375,-0.129448237875313,2158.61955041482,206.753923233401,173.909820676494,239.98057266567,204.064279717101,171.474114223524,237.582521659561,2.68964351629972,1.24557684254301,4.05865435378771,96.0410559782949,9.57806220154308,80.784357373046,8.05652949094591,111.475454746599,11.1173167415978,94.791666368314,9.4534620367858,79.6529262681945,7.94369318996358,110.361515299576,11.0062248631958,1.2493896099809,0.12460016475728,0.578593689489009,0.0577024720406913,1.88532069376328,0.188020828080046,136.717524355701,116.646886262414,156.388533782096,134.922859948992,115.300300333997,154.721379792614,1.79466440670955,0.942172139437337,2.60059975890641,79.8789473684211,94,93,94,17.6564,17.38,17.6564,1.50737131980782,1.43766028589308,1.58046258777169,1.17744652114145,1.1193845210423,1.23852017254732
"UK029C","Wirral","UK","United Kingdom","Northern",-3.0394101,53.4241208,239862.907928815,TRUE,2.19346672561612,1.23860861540107,1.36690072275747,-0.361668101596189,0.422490264657662,3598.37695431947,337.249654671967,269.280926249902,405.102557696161,331.674822956295,263.484545019139,398.642150252297,5.57483171567145,3.07898661787164,8.06342490484482,140.60100312469,9.37227141439794,112.264513331847,7.48339959010294,168.889204752068,11.2579244153362,138.27682896879,9.2173451299524,109.847974117505,7.32231637663347,166.195829815673,11.078387709597,2.32417415589988,0.154926284445532,1.28364433019606,0.0855659831351367,3.36168062601735,0.224085052989391,124.430290034951,100.96169867742,148.973709437678,122.380663478824,98.818247719022,146.519933186706,2.04962655612716,1.19078275006474,2.93010292196675,78.4578947368421,94,93,94,17.09,16.8008,17.09,1.5379046608939,1.45475073074952,1.62581169131333,1.11738640873677,1.07242872879613,1.16422877614556
"UK030C","Bath And North East Somerset","UK","United Kingdom","Northern",-2.3596963,51.3813864,137489.059886315,TRUE,1.76273401927868,0.116212345035997,0.262978818738062,-2.45809009930473,-0.282418634631772,1688.06066221208,143.300412179792,110.453378552892,177.170241536945,140.30886218723,107.955499784817,173.902976536322,2.99154999256207,1.52740972989888,4.38431116248381,104.22677433265,8.48905583712896,80.3361217570486,6.54321145118983,128.861337537285,10.4954902097402,102.050928490781,8.31183768025053,78.5193381015783,6.39523816895002,126.484955734017,10.3019388123431,2.17584584186965,0.17721815687843,1.11093183062117,0.0904831066851187,3.18884365498537,0.259724739793325,94.1718072955831,73.0726158306187,115.459881349556,92.2115117633253,71.5032698404653,113.188179807718,1.96029553225781,1.05141329139547,2.85425126266305,81.1473684210526,94,93,94,17.4064,17.13,17.4064,1.38094546549057,1.30587917105756,1.46032682113659,1.12341928963796,1.0723638094407,1.17690553263721
"UK031C","Thurrock","UK","United Kingdom","Northern",0.3233131,51.4780898,116878.539310115,FALSE,2.36323252644133,1.43554065637,1.09281031053209,-0.643540212523878,-0.150665355045239,1193.64157566704,112.964026975584,84.579939304002,141.289060207713,111.766115871207,83.0524441071738,140.666506902475,1.19791110437698,-0.343207195705742,2.6568457649817,96.6507860573573,9.46381470605663,72.3656710660843,7.08587410393578,120.88537471608,11.8368078900701,95.6258664173209,9.36345701671362,71.0587628810194,6.9579047680843,120.352724916628,11.7846520907138,1.02491964003635,0.100357689343013,-0.293644323185034,-0.0287529525363548,2.27316818011582,0.222583212510587,126.305309818396,103.67176754303,151.088976162107,124.943756867487,101.661263258476,150.342063941446,1.36155295090975,0.252468879196797,2.522418582152,80.8947368421053,94,92,95,18.69,18.1752,19.01,1.69013836120478,1.53887444690456,1.85627078658818,1.13283344627706,1.04764774789721,1.22494571250669
"UK032C","Guildford","UK","United Kingdom","Northern",-0.5732063,51.2356068,105915.968759957,TRUE,1.63818766999837,-0.849212682332465,0.143676254344575,-2.8557116057495,-0.39162704770486,1185.85069482067,114.917976565584,88.8160170687408,141.845723332808,113.323207618955,87.5354887479163,140.283191276543,1.59476894662854,0.480433196199902,2.60669995416397,108.499197912289,9.69076267927322,83.8551713292916,7.48964582612754,133.922887165655,11.961516230697,106.993505271888,9.55627956486482,82.6461673086357,7.38166188460629,132.447630814268,11.8297515774326,1.50569264040142,0.134483114408404,0.453598453401049,0.0405138014674398,2.46110193267615,0.219816876234842,101.251309601553,78.4946466969053,124.619284018325,99.8609085673081,77.2414844535705,122.883819562861,1.39040103424525,0.426561094240887,2.26458643632678,81.6052631578947,95,93,95,18.56,17.99,18.56,1.42138933327206,1.32397708814304,1.52596873075293,1.15230632981248,1.07625381011647,1.23373303327234
"UK033C","Thanet","UK","United Kingdom","Northern",1.3819699,51.3878174,104580.937662145,FALSE,1.73330773273659,1.14282526929243,1.45411517194204,-1.54217166736755,-0.322596882111885,1556.19550008466,151.87618015708,109.065514431206,193.410243033351,150.557843681543,107.490829455373,192.364607301797,1.31833647553622,-0.394505858889829,2.93427838932161,145.223578552838,9.75945375428838,104.288139759799,7.00847126375011,184.938333272718,12.4284026668133,143.962988903321,9.67473840358441,102.7824303915,6.90728314337913,183.938499311645,12.361210869157,1.26058964951642,0.0847153507039764,-0.377225398537068,-0.0253506618460449,2.80574878645759,0.188554612139797,122.078611218217,93.3786166736727,147.330428861681,121.036086510985,92.2496272282748,146.243594749878,1.04252470723154,0.104339912218275,1.92290965819734,80.5947368421053,95,92,96,18.77,18.08,19.09,1.53383120448954,1.40439086103357,1.67520184668134,1.10528544996925,1.02877901143009,1.18748138554608
"UK034C","Nuneaton And Bedworth","UK","United Kingdom","Northern",-1.4684488,52.5246182,96564.9790819159,TRUE,1.81027918357491,-0.576458982725826,0.0904272071645036,-1.8417060637842,-0.78943457315469,1229.41890350753,109.635213169121,85.2374219281111,134.224528218326,108.201927654907,84.2017633300767,132.435359658898,1.43328551421455,0.396406720792554,2.40955136837344,113.535170008288,8.91764498303482,88.2694976362024,6.93314717098693,138.999179096248,10.9177211961996,112.050899491335,8.80106262773465,87.1969984673724,6.84890748709402,137.14636602008,10.7721915842566,1.48427051695284,0.116582355300166,0.410507747799834,0.0322434216410375,2.49526421616001,0.195991078508635,105.097154259677,82.764131836768,127.185299914088,103.729458049427,81.5137845420842,125.620846003945,1.36769621024998,0.414760247507857,2.24510823366409,80.8526315789474,95,93,95,18.012,17.36,18.012,1.39960599210126,1.32098683721393,1.48290420308596,1.11669585909285,1.05602812847057,1.18084888848666
"UK035C","Tunbridge Wells","UK","United Kingdom","Northern",0.2673446,51.1371483,86194.4101134619,FALSE,0.838940741508943,-0.0183525357761154,0.612810963090914,-2.48849455118425,0.213940523233918,1004.58170071762,90.1378820454494,63.7061997195528,116.313676803063,88.9356256595488,62.388262928377,115.475845527873,1.20225638590064,-0.137221829362342,2.39788211545595,104.575090109436,8.97267807895165,73.9098969825227,6.34156481986926,134.943410657319,11.5783192865224,103.1802706724,8.85300076599225,72.3808688362183,6.21037222595337,133.971385587379,11.4949182774664,1.39481943703548,0.119677312959396,-0.15920038107078,-0.0136595987428716,2.7819461984826,0.238694584396972,95.5137803590124,73.2386579153182,118.500002861989,94.2477238178008,72.2920663823033,116.983597634465,1.26605654121158,0.257306745856204,2.20777601744726,80.5947368421053,95,92,96,18.74,17.89,19.15,1.40113047380499,1.27966876630769,1.5341209040285,1.13073942636132,1.04079868380338,1.22845240892855
"UK036C","Ashford","UK","United Kingdom","Northern",0.8722566,51.148555,91144.7289925923,FALSE,1.1053810217823,0.821651007751313,0.929617361579979,-2.15641442323134,-0.305711806570018,1096.79520351261,102.517353761955,72.6903562593133,130.888129217599,101.426284916236,70.9995434576865,130.278693005668,1.09106884571852,-0.292344266287821,2.34369309271837,112.47754521305,9.34699143774801,79.7526714520388,6.62752317173837,143.604715998702,11.9336890604932,111.280472318349,9.2475135368396,77.8975857873876,6.47336378116009,142.936069310444,11.8781238820552,1.19707289470047,0.0994779009084145,-0.320747309821483,-0.0266544078011606,2.57139729156345,0.21368557094455,110.502001115543,86.0496208131082,134.911659995709,109.326872469714,84.9853304520619,133.412973143611,1.17512864582816,0.12227538693194,2.19276753319273,80.5947368421053,95,92,96,18.822,18.03,19.21,1.45418458285982,1.33216840624785,1.58737648416634,1.11507331956979,1.02801283513688,1.20950679361005
"UK037C","East Staffordshire","UK","United Kingdom","Northern",-1.8649214,52.8980321,88876.6000852281,TRUE,1.16349525531779,0.386928038114319,0.389276409060905,-2.41544844773079,-0.528655766328973,1149.41774926023,92.2153968200425,69.1606244518742,114.697615090051,91.1696009715349,68.5601515008595,113.595010949497,1.04579584850757,0.0925266660926836,1.95865915877143,103.756665682095,8.0227921379666,77.8164605594192,6.01701378775351,129.05265838259,9.978757954962,102.579982677227,7.93180730245482,77.1408350849536,5.96477229840804,127.812057212546,9.8828307656296,1.17668300486822,0.0909848355117755,0.104106892032273,0.00804987274228487,2.20379622633311,0.170404464350061,98.6989998144865,75.9324781491056,121.794992513664,97.5765096918358,74.8794392524438,120.627962377783,1.12249012265069,0.188151357135994,2.07931602909072,79.9052631578947,94,93,95,17.13,16.87,17.51,1.38642471248889,1.3047770898787,1.47318150993792,1.11100861743094,1.044933424105,1.18126200151272
"UK038C","Darlington","UK","United Kingdom","Northern",-1.5555812,54.5242081,79811.5734370374,TRUE,1.17464554354957,1.14156898622628,0.99339788466191,-1.61570377082516,-0.000405957007535651,1124.84655600853,78.0157375288657,59.6457088123424,96.4499136912463,75.7484538952114,57.4941804825439,94.1671413924449,2.2672836336543,1.48334959773672,3.08979577780597,97.7499053948756,6.93567821425362,74.7331574153169,5.30256402473176,120.847026988304,8.57449517679059,94.9091098360173,6.73411439903427,72.0373975935966,5.11129097346039,117.986824889165,8.37155440352621,2.84079555885831,0.201563815219354,1.85856453376016,0.131871284115438,3.87136306771785,0.274685979283253,91.959356853598,71.7645636185338,112.187522171874,89.2833980740689,69.0897003502613,109.65273444534,2.67595877952905,1.8237323529773,3.58884227421701,78.7157894736842,92,91,93,15.94,15.73,16.2,1.31947483199488,1.25840444950558,1.38350896085273,1.22651359149781,1.15730068659833,1.29986580631053
"UK039C","Worthing","UK","United Kingdom","Northern",-0.3699697,50.8115402,83394.4942646352,TRUE,2.80155118988406,-0.203676496203684,0.927357751871809,-1.30162348707838,-0.603689824978624,1357.26216789696,162.357620698587,137.819262880683,187.976106370148,160.514950954863,135.980307834203,185.731055290447,1.84266974372349,0.877194059823933,2.79799250921869,194.686258523708,11.9621414741233,165.261824651568,10.1542108916386,225.405895230499,13.8496534285202,192.476676512363,11.8263777442185,163.056697007715,10.0187208522065,222.713809740326,13.6842431538656,2.20958201134496,0.135763729904788,1.05186087829772,0.064629669976223,3.3551285776011,0.206149745819123,139.03304278596,118.957128612875,159.539945983258,137.48505823525,117.527057130651,157.844831067717,1.54798455071054,0.775364660793655,2.32411059287347,81.6052631578947,96,94,95,18.34,17.83,18.062,1.61029923158582,1.52441918074561,1.70101744192013,1.10908957087382,1.0656962954664,1.1542497439974
"UK040C","Mansfield","UK","United Kingdom","Northern",-1.1973365,53.1447678,80847.1406962515,TRUE,1.77562793081006,-0.0154387322411041,-0.142557241301575,-1.55789829975064,-0.536890356054204,1096.78484956849,105.587221141368,86.4697136857869,124.826743348534,104.648285067093,85.5803518539016,123.643375207689,0.938936074275331,0.186815474102466,1.66048849680636,130.60105803626,9.62697662927327,106.954572469866,7.88392670812395,154.398463907978,11.381151316746,129.439686012229,9.54136858366206,105.854518931514,7.802838623051,152.934753341773,11.2732570345346,1.1613720240311,0.085608045611201,0.231072456605911,0.0170330100909003,2.05386174762189,0.151396009660387,129.462306567087,107.204986020016,151.175567385085,128.301196947767,106.27179909628,150.207956245372,1.16110961931989,0.312769192706564,1.98514228277968,79.8789473684211,95,94,95,17.61,17.2664,17.61,1.41745547143209,1.35135553035079,1.48678861215096,1.14414965093641,1.08265681331386,1.20913516419944
"UK041C","Chesterfield","UK","United Kingdom","Northern",-1.4264097,53.2352134,80816.0798666668,TRUE,1.48547856569958,-0.0560244363770926,0.394026286580959,-1.65622636645388,-0.675975707402625,1181.76834069925,99.5518161356741,78.8709251271315,119.762601624334,98.0419762397341,77.5450135873722,118.077756780196,1.50983989593999,0.63124427491163,2.31394188723515,123.183178768282,8.42397047773078,97.5931092639675,6.67397512785487,148.191550273067,10.1341859905868,121.314936831243,8.29620940612798,95.9524561390613,6.56177788122914,146.106761148282,9.99161618345006,1.86824193703899,0.1277610716028,0.781087471643117,0.0534152298019865,2.86321966006365,0.195803340430154,114.986521047252,92.2176242508196,136.828602095648,113.241952466818,90.5929865588155,135.509039904947,1.74456858043322,0.834388507113792,2.62973663230757,79.8789473684211,94,93,94,17.01,16.73,17.01,1.37902190358941,1.30897354367737,1.4528188287418,1.18325713391294,1.11328240568283,1.25763008362386
"UK042C","Burnley","UK","United Kingdom","Northern",-2.2439196,53.7907262,64483.31801967,TRUE,2.01923358009335,1.62022535336562,0.67731730139752,-1.3919911095446,0.349748010132093,872.672205211985,82.9622396556797,66.1889545940128,99.7929883370106,81.5611666197002,65.0355490987595,98.1369900574946,1.40107303597947,0.560350389633422,2.21201043494974,128.656902596689,9.50668981551062,102.645081901373,7.5846296236666,154.757837223218,11.4353347959294,126.48413438468,9.34614006640533,100.856393709333,7.45246023768587,152.189733827839,11.2455730194427,2.17276821200808,0.160549749105293,0.868985044259808,0.0642108670686154,3.43036075512584,0.253475522852526,135.304153118854,110.270139184431,160.665606327169,133.007259807053,107.910724185529,158.065315705781,2.29689331180071,0.977457344316191,3.55482749956007,78.8578947368421,94,93,95,15.49,15.1908,15.83,1.47743254782237,1.40309171679422,1.55571222268502,1.15985474879069,1.08853826567776,1.23584359016971
"UK043C","Great Yarmouth","UK","United Kingdom","Northern",1.7314845,52.6071742,75260.7671111112,FALSE,1.92162506773571,1.8694588013411,1.68247381068693,-1.80543005642848,0.210439738365281,1001.38616050761,102.648552005709,69.8372191905388,134.82154143092,100.937246245789,67.8223842724205,133.5485949673,1.71130575992024,-0.163574862938893,3.48184427801029,136.390520514047,10.2506461596869,92.7936584640902,6.97405475976796,179.139207061065,13.4634915827654,134.116685386385,10.0797524697788,90.1165200353206,6.77285016981267,177.447825864086,13.3363731429645,2.27383512766188,0.170893689908074,-0.217344134557385,-0.0163348435788223,4.62637362288624,0.347702456387585,122.360546353828,89.1900249631952,154.834894440848,120.337340135406,87.490862152306,152.864830003168,2.02320621842201,0.329669850944903,3.67412011614191,81.3105263157895,94,92,96,17.95,17.48,18.51,1.60496295895312,1.44657205112745,1.7806967151093,1.15903845507614,1.04786012524059,1.28201284502247
"UK044C","Woking","UK","United Kingdom","Northern",-0.5564726,51.3201891,74204.9017487311,TRUE,2.21161792477229,-0.805899247650691,0.0798772660716482,-2.30342577016505,-0.473208098487679,830.808945318362,64.0867642148205,48.4779910388217,80.3896661122762,61.9476882690171,46.2894924913227,78.2059797777243,2.13907594580342,1.41490223317231,2.82957623308149,86.3645968184526,7.71377879065358,65.3299039502477,5.83503479494255,108.334711343582,9.67607132365086,83.4819355718322,7.45630973499918,62.3806398235873,5.57161700679388,105.391932250704,9.41323275566756,2.8826612466204,0.257469055654394,1.90675036261537,0.170304164530887,3.8131931535505,0.340580857852609,80.3503333503032,61.5451563199266,99.8447013814059,77.6613936900139,58.7467875868379,97.0716366977866,2.68893966028922,1.84059585965221,3.53227101884154,81.6052631578947,93,92,93,18.0308,17.76,18.0308,1.33749276503005,1.25601213935597,1.4242592411766,1.25950892636112,1.1821672161561,1.34191061459267
"UK045C","Hartlepool","UK","United Kingdom","Northern",-1.2093696,54.6857276,68998.0967285391,TRUE,1.64518778375361,1.05620920661962,0.93618153215031,-1.16875137903967,-0.363253810044743,928.14878569022,98.9294691586371,83.0510844722223,114.939818901401,98.7740281926487,82.9141771422469,114.803805542332,0.155440965988405,-0.292887532064664,0.612135294352099,143.379997201746,10.6587942239312,120.367210705785,8.94803567624787,166.584042678179,12.3837708644876,143.154714225318,10.6420468049414,120.168788812332,8.93328509615918,166.386916430473,12.3691166020281,0.225282976427539,0.0167474189898133,-0.424486393033388,-0.0315560971021319,0.88717707208713,0.0659522809047133,149.596467302248,127.415888353499,172.514498083679,149.349282297092,127.55266832112,172.213329952662,0.247185005156697,-0.407530837144027,0.906440347144813,78.7157894736842,95,94,96,17.062,16.71,17.39,1.52869453267658,1.45949841897002,1.60117129546769,1.09415312437545,1.03744521882002,1.15396074690305
"UK046C","Cannock Chase","UK","United Kingdom","Northern",-2.0324197,52.688227,75692.4306634798,FALSE,1.26832988790654,-0.290465055625202,0.126529091603809,-1.91211914285985,-0.357569819096374,978.910345420757,83.2510060336096,59.9931335158201,106.61094687238,82.1499311812013,58.4253617606242,105.907887775545,1.10107485240835,-0.19928481077994,2.35556528806866,109.985906521795,8.50445665663351,79.2590923424602,6.12856262031165,140.847566841077,10.8907774211495,108.531236823971,8.39197701459488,77.187852534921,5.96840783570549,139.918730112393,10.8189568402225,1.45466969782435,0.112479642038626,-0.263282350735885,-0.0203578204799013,3.11202225562188,0.240631361093255,104.587048842143,81.9462670463792,125.853877550332,103.201772940651,80.5811037056315,124.637186968274,1.38527590149195,0.294702951760695,2.48618638084415,79.9052631578947,94,92,95,17.1964,16.7,17.58,1.35789982757417,1.25169114230932,1.47312054819216,1.12017941814184,1.03786454244034,1.20902283247693
"UK047C","Eastbourne","UK","United Kingdom","Northern",0.2781546,50.7664372,78426.8679762566,TRUE,2.20010737658049,0.280346692060817,1.53988382756145,-1.90873678577231,0.442948538410879,1198.8042577662,136.633912598944,110.988915332856,163.453531584155,135.204902282675,109.663589360839,161.937508961091,1.4290103162683,0.616103377431095,2.21334775586422,174.21824449283,11.3975164597381,141.51899495267,9.25830172973093,208.415222744378,13.6347139681275,172.39615169078,11.2783134866914,139.829107282519,9.14774773699767,206.482182879108,13.5082527370097,1.82209280204959,0.119202973046748,0.785576924501968,0.0513931589281404,2.82218047587251,0.184629620851404,127.207359073932,104.029287086256,152.579757294481,125.902667707859,103.000084168168,150.661250254358,1.3046913660733,0.56258275815118,2.03062108829149,81.6052631578947,96,94,95,18.21,17.72,17.982,1.55790271200523,1.46522457505226,1.65644291079863,1.11453175892535,1.06381553288546,1.1676658248108
"UK048C","Hastings","UK","United Kingdom","Northern",0.5824703,50.8553888,70703.8240178074,TRUE,2.22145020565889,-0.395750144950728,0.708854284236752,-1.49837848295926,0.040203842417466,1080.7526484235,99.9862990865535,83.2881991905743,117.719604574406,98.8974606253228,82.2301588713028,116.642575753229,1.08883846123074,0.445560644082257,1.68871484329689,141.415687871947,9.25154328628332,117.798719302081,7.70649966133021,166.496800151513,10.8923725281751,139.8756884782,9.15079512130598,116.302279280669,7.60860119022169,164.973503729942,10.7927170868724,1.53999939374779,0.100748164977345,0.630178989993579,0.0412268843136492,2.38843494924909,0.15625359287902,102.842126714367,86.1363842890386,120.171444509234,101.746944209678,85.1297633470895,118.834507086986,1.09518250468863,0.481856100490601,1.6748262890094,81.6052631578947,96,94,95,18.71,18.06,18.362,1.41662618106304,1.35482021537985,1.48125169235875,1.09816790071676,1.05941831046783,1.13833480717556
"UK049C","Hyndburn","UK","United Kingdom","Northern",-2.3892947,53.7734032,59403.0514196811,FALSE,1.6344846589589,0.390385516517893,0.448049340485591,-1.9202788987852,-0.236004247861848,803.919423980648,71.7534779449729,50.4660375719121,92.9679565739039,70.2882916893274,48.6437468190359,92.0221660314286,1.46518625564552,0.0820928563787684,2.7589541696327,120.790895804386,8.92545643314375,84.9552949988559,6.27749946904218,156.503671700444,11.5643376438858,118.324378983063,8.74320107123315,81.8876230370205,6.05082367312061,154.91151352023,11.4466902137749,2.46651682132289,0.182255361910598,0.138196362672995,0.0102115776693492,4.64446539983402,0.34318789760939,127.127653402506,99.295686029377,154.93243318671,124.517996897363,96.4712849428745,152.271467168096,2.60965650514233,0.964432599664421,4.27174035513742,78.8578947368421,94,92,96,15.7664,15.21,16.5052,1.38025324418082,1.27808290266495,1.49059111431608,1.14005160097327,1.04595140041999,1.24261763248258
"UK050C","Redditch","UK","United Kingdom","Northern",-1.9417444,52.3057655,64926.045137037,TRUE,4.73403283350433,1.05253474582491,-3.43330058491136,-0.452776810453014,0.139462345716298,867.000023424925,86.136426508626,57.5164754198061,114.818415699383,85.450579503101,56.6799298230622,113.734137483224,0.685847005525004,-0.445132888557248,1.70862483897413,132.668525130125,9.93499702207156,88.5876774080543,6.63396469040425,176.844924801811,13.243184843965,131.61217400928,9.85589125655892,87.2992182157868,6.53747731161049,175.174904374923,13.1181239227582,1.05635112084436,0.0791057655126341,-0.68559988155404,-0.0513417389308517,2.63164780076748,0.197073217163769,116.554150787381,77.5150804130293,154.335029345371,115.638668167481,76.5800590091829,153.44020691335,0.915482619899735,-0.603097167160233,2.26852485033092,80.8526315789474,95,93,98,17.99,17.3,19.6088,1.50912298207701,1.36701452364842,1.66600437349759,1.08185914138871,0.992680963672635,1.17904870208864
"UK051C","Tamworth","UK","United Kingdom","Northern",-1.6948438,52.6345819,59263.9708002149,FALSE,2.64138882892125,0.308108825606572,-0.438820906214377,-0.330105282875294,-0.200654822266503,766.445384545363,69.8154532296886,52.5766422879667,86.8141531000965,68.7858255252036,51.2811946082717,86.0837208380884,1.02962770448504,0.0450075528203989,2.01655030321598,117.804211035815,9.10899258283113,88.7160302930226,6.85980284415881,146.487236558543,11.3268544439853,116.066852417108,8.97465454319432,86.530136127979,6.6907826235643,145.254730109607,11.2315531639807,1.73735861870617,0.134338039636809,0.0759442072690743,0.00587224526729928,3.40265810067635,0.263104239894685,112.01177494331,92.8650364159221,130.785408386062,110.357587681251,90.6191054847861,129.314121254589,1.65418726205889,0.653621694572991,2.68817715293763,79.9052631578947,94,92,95,17.57,17.07,17.962,1.4840305691565,1.37378087903979,1.60312809982499,1.13140592406335,1.05202067367483,1.21678156811707
"UK052C","Harlow","UK","United Kingdom","Northern",0.0974893,51.7676194,62639.3579781815,TRUE,2.16984815400165,-0.0253219329351834,0.237971093509996,-0.813401308452962,-0.627681175883893,764.703765918858,79.003775047036,67.3033269604078,91.2398392348541,77.9875217138366,66.411636952822,90.1369328597254,1.01625333319942,0.524228617300382,1.48552009950885,126.124816085367,10.331291484109,107.445748380516,8.80122865349525,145.658962958456,11.9313966141152,124.502428235298,10.1983964496536,106.022218452422,8.68462271439484,143.898238693829,11.7871699966611,1.62238785006927,0.132895034455375,0.836899729213349,0.068553162762377,2.37154426139917,0.194260858350013,120.345209202644,104.303647951783,137.390871191446,118.807535674883,102.652742850916,135.58049707432,1.53767352776107,0.858523698236132,2.20455638415161,80.8947368421053,94,93,94,18.3964,18.12,18.3964,1.48018115725337,1.41418278133844,1.54925960575926,1.15836607167139,1.10577302389053,1.21346056289056
"UK053C","Halton","UK","United Kingdom","Northern",-2.7283328,53.3646888,94714.2504,FALSE,2.32418874681336,1.32780286729136,0.930660802163182,-0.316389790893505,0.0351611747275752,1312.27278126536,122.478141797182,90.0044206183078,154.17324574486,120.754053945631,88.2064467577846,153.078046243097,1.7240878515516,-0.0456263903278071,3.38889898785903,129.313320096954,9.33328371553075,95.0273271848729,6.85866703198104,162.777243227657,11.748566909709,127.493015502587,9.20190189643296,93.1290132005147,6.72165482794907,161.620923563892,11.6651086899396,1.82030459436714,0.13138181909779,-0.048172677432505,-0.00347689832321385,3.57802439817338,0.258246535037577,137.609008680373,111.092054417855,163.321530916796,135.652326817113,108.967318712919,161.102181249809,1.95668186326026,0.777562396236806,3.2241800785228,78.4578947368421,94,92,95,17.09,16.51,17.41,1.53149403625131,1.41782973915822,1.65427055047235,1.12121870723995,1.04112785456488,1.20747070972394
"UK054C","Kirklees","UK","United Kingdom","Northern",-1.7822482,53.6466645,310664.781875729,TRUE,1.68162607578703,0.586650766964931,0.744980021707019,-1.39304041806345,-0.177149069853884,3772.93128657998,381.616889615107,321.125082100282,444.079875006892,378.792490093207,318.540773625232,441.027908625155,2.82439952189984,0.346689321002872,5.22437194476442,122.838799850754,10.1145995150372,103.36706985626,8.51128890797717,142.945033011348,11.7701553851895,121.929652858022,10.0397399613542,102.535205858208,8.4427928692541,141.962634439063,11.6892642649988,0.909146992731751,0.0748595536829947,0.111595952045042,0.00918885860010275,1.68167499168099,0.138469840766703,132.883693897554,114.011514799235,152.830288815581,131.883957266743,113.19542171366,151.918893979787,0.999736630811734,0.222965178964024,1.78109932555568,79.178947368421,95,94,95,16.402,16.08,16.402,1.43463580689992,1.37015275945966,1.50215359873526,1.13545824635032,1.07600393211513,1.19819769307963
"UK055C","North Lanarkshire","UK","United Kingdom","Northern",-4.0273166,55.8622848,252955.510149367,FALSE,1.71951800308998,0.820551263381836,0.60668139872451,-1.19234965639557,-0.206321456361955,3257.80076065425,258.421572875254,170.000278249669,344.307444821946,253.872324894833,163.574359185442,341.520362978912,4.54924798042162,-1.0484300979258,9.73311020580498,102.160879090027,7.93239341080382,67.2056039219255,5.21825276434428,136.113834649673,10.5687078528645,100.362441104732,7.79275172260223,64.6652682477062,5.0210056170713,135.012027521065,10.4831568309391,1.79843798529447,0.139641688201583,-0.414472132789961,-0.0321821429532496,3.84775575754713,0.29876321239026,123.377607257183,96.7036888609369,149.85794543501,121.158418379757,94.2017390932293,147.777031698207,2.21918887742629,0.538031852654168,3.74489889625675,77.8789473684211,94,91,96,14.9264,14.22,15.67,1.31418746680638,1.225566129513,1.40921706003514,1.12119490887348,1.02738930644799,1.22356541555793
"UK056C","Wakefield","UK","United Kingdom","Northern",-1.4967286,53.6829541,249330.989383581,TRUE,1.5792975323488,0.310355038095565,0.522583472220912,-1.3949085165271,-0.789571169780318,3257.37940668114,287.875616851745,228.847756758083,346.76164680005,285.972558127017,227.222384431439,344.51376046266,1.90305872472784,-0.143556703395079,3.89372106569412,115.459220517857,8.83764464960052,91.7847225183929,7.02551739256099,139.076834234423,10.64541778857,114.695954495678,8.77922165101385,91.1328290932463,6.97561923444927,138.175267067443,10.5764087461238,0.763266022179094,0.0584229985866712,-0.0575767592107154,-0.00440712258144179,1.56166751486469,0.119535386565894,120.649562969517,97.5677851657869,143.765029128229,119.842195175659,96.784015429539,142.689577776691,0.807367793858101,0.0158421876658702,1.61517796602976,79.178947368421,95,94,95,17.512,17.14,17.512,1.34623589685828,1.28164099006369,1.41408639708047,1.12907672118484,1.06604783193692,1.19583212322217
"UK057C","Dudley","UK","United Kingdom","Northern",-2.0816813,52.5110832,235214.322552448,TRUE,2.58794412914919,0.0243090686393557,-0.0825155167389336,-0.0211620090703676,-0.173171440532864,3140.4377664462,265.436893499484,223.177555661357,308.917159251664,260.62801981006,218.610892938855,303.559720649207,4.80887368942432,3.06365513153598,6.47433680429799,112.848950106045,8.45222587549824,94.8826386248623,7.10657469623767,131.334331982604,9.83675468917962,110.804485450475,8.29909838031893,92.9411485519168,6.96115985085229,129.056648147572,9.66615940912986,2.04446465557047,0.153127495179316,1.30249514497692,0.0975550340232629,2.75252660383993,0.206160328138727,106.043719120253,90.6528563583436,121.167961987043,104.124181191142,88.7556091333855,119.180379517593,1.9195379291107,1.29236026237318,2.53677471202786,79.1473684210526,93,92,93,17.13,16.88,17.13,1.49824280792115,1.4389222112866,1.56000893855155,1.14747008749917,1.10503285525219,1.19153706194994
"UK058C","Wigan","UK","United Kingdom","Northern",-2.6264624,53.5457188,235417.759137634,TRUE,2.31800705432214,1.06288257080642,1.02327574959039,-0.715151913258527,-0.0204293898128637,2990.44525730958,298.122347903843,246.545618571069,350.463279114198,294.841180811934,243.525319545813,346.5574240155,3.28116709190899,1.18444193865186,5.39099719556466,126.635453924931,9.96916252438124,104.726856408029,8.24444513633663,148.868666662188,11.7194346981459,125.24169030067,9.85944083381062,103.443903483696,8.14344683122225,147.209550071747,11.5888235428623,1.39376362426027,0.10972169057062,0.50312344446342,0.0396075445874395,2.28997048281854,0.180274063950423,141.631771816354,119.930976404085,164.578252715793,140.035973481083,118.166973430688,162.464268225134,1.59579833527171,0.686855841005912,2.55422015479954,78.4526315789474,95,94,95,16.98,16.64,16.98,1.5779418545857,1.50478647787255,1.65465368879016,1.09463913044045,1.04846304922611,1.14284888416035
"UK059C","Doncaster","UK","United Kingdom","Northern",-1.1335312,53.5227681,226804.416344659,TRUE,1.62105275643178,1.86807986790268,1.42215383637307,-0.86893006425598,0.0776724664336974,3060.17581856154,259.588627553974,200.83930699972,316.868030466765,255.013741362376,195.765358285347,312.54855481524,4.5748861915984,2.18463465526855,7.06413240642695,114.454838110161,8.48280108546169,88.5517620144214,6.56299895520795,139.709814991099,10.3545694513628,112.437731800976,8.33330359045341,86.3146147859201,6.39719316445576,137.805321365648,10.2134182264781,2.01710630918503,0.149497495008273,0.963224037026121,0.0713891875760087,3.11463617872946,0.23084073678314,117.42578096619,92.7412196138726,142.354766369844,115.35158639222,90.4659240145453,140.249108807401,2.0741945739705,1.07239484158252,3.1435775847892,79.2263157894737,93,92,94,17.28,16.99,17.5764,1.53903938274126,1.45366330432391,1.62942974111205,1.18748341172992,1.11176656980368,1.26835694779232
"UK060C","Stockport","UK","United Kingdom","Northern",-2.160243,53.407901,214448.076222222,TRUE,3.91894617895216,0.620737717534815,-1.71421144938312,-0.393794441649597,0.108316713551177,2799.99673321691,243.427053167647,188.965098186235,301.369354634924,238.696487039013,184.574948857283,296.321128449675,4.73056612863443,2.17882793585767,7.18785368709116,113.513283707612,8.69383347058318,88.1169472420075,6.74876138048682,140.532552188824,10.7632037944802,111.307357586954,8.52488448316063,86.0697620182973,6.59197015009462,138.178496944226,10.5829097917994,2.20592612065793,0.168948987422549,1.01601654546896,0.0778153742113269,3.35179210451053,0.256709359758183,114.230959030751,90.0269576496089,139.637743168882,112.007625482547,87.7387343435689,137.200754703292,2.22333354820427,1.08511351949899,3.33577331483097,78.4526315789474,94,92,94,16.55,15.96,16.55,1.51024095285803,1.42120455956328,1.60485534636226,1.16668053767389,1.09519158396847,1.2428359539204
"UK061C","Sefton","UK","United Kingdom","Northern",-2.9948834,53.4506931,213059.541112777,TRUE,2.26914185422204,2.153795761697,2.01927940945784,-0.273947741965646,0.67983942202067,3264.13459951247,308.927587255718,227.756455836389,387.859357099966,302.636824604385,221.00404213243,381.504966734673,6.29076265133253,3.13881712201587,9.44207014534793,144.995894406905,9.46430295190213,106.898031717731,6.97754485585266,182.042707439543,11.882455985666,142.043310064295,9.27157920048967,103.728770360698,6.77067796669411,179.060259278759,11.6877829361465,2.95258434260998,0.19272375141246,1.47321124678215,0.0961607748186819,4.43165797505874,0.289267181162143,118.011439789936,88.4983978850827,148.246196541197,115.616914898827,85.6497176244095,145.883166866614,2.39452489110912,1.22546131957447,3.56619436727841,78.4578947368421,94,92,94,16.9,16.48,16.9,1.61550758677247,1.49267979469009,1.74844248056649,1.14543864759584,1.07980400364133,1.21506281786486
"UK062C","Sandwell","UK","United Kingdom","Northern",-2.0693747,52.5290396,220641.835905985,TRUE,2.67288662817131,-0.199540564369944,0.156101828325964,0.476418602443341,-0.726906455549747,2772.55355721579,312.249502269188,264.015744563585,361.181780512237,309.744243611941,262.134609601337,358.266284680463,2.50525865724651,0.809177606213239,4.16428877337873,141.518720140743,11.2621630502514,119.658061889986,9.52247590949012,163.695964108156,13.0270443134356,140.383278783051,11.171803798192,118.805487873584,9.45462744692924,162.374593743464,12.9218886952804,1.13544135769157,0.0903592520594012,0.366738068005394,0.0291852831519626,1.88735230391807,0.150196874016765,160.239289967487,137.656403859519,183.377524039808,158.944155263158,136.39996502729,181.967887119328,1.29513470432871,0.478055700382651,2.08794340686556,79.1473684210526,95,94,95,17.662,17.2864,17.662,1.55187034572673,1.477217158457,1.63029623380597,1.112075862826,1.06542593271278,1.16076837132291
"UK063C","Sunderland","UK","United Kingdom","Northern",-1.3828727,54.9058512,212973.909279324,TRUE,2.12154697739538,0.380730899493796,0.642663860206164,-0.689197390235045,-0.615961899035395,3007.90268888088,239.060241077707,197.447330000916,281.468380388972,234.657325035099,193.146356123042,277.032521669707,4.40291604260752,2.80522675267395,6.05551165294079,112.248604482425,7.9477385342759,92.7096331513337,6.56428583048269,132.160968139912,9.35762920221649,110.181254515705,7.80136026017536,90.6901492190398,6.42129670075542,130.07815023312,9.21015572391339,2.06734996671959,0.146378274100538,1.31716920732989,0.0932618852014011,2.84331149924977,0.201320065151237,118.416717946669,100.03677728357,137.136233657743,116.235371568531,97.6309132711343,134.916001745555,2.18134637813776,1.42960394339985,2.94604975880141,78.9526315789474,92,91.975,93,16.12,16.11424,16.3308,1.34603490901998,1.29827672747206,1.39554991471524,1.23427141734896,1.17560059915578,1.29587032600921
"UK064C","Bolton","UK","United Kingdom","Northern",-2.4300367,53.5782863,205290.009257099,TRUE,2.50482484834247,0.584562997489365,0.349589253005431,-0.896565850342843,-0.213634765269476,2607.74096569757,209.010551862602,170.165957088375,250.093381819301,204.514836916079,166.097356427032,244.683263263432,4.49571494652304,2.61293437876299,6.44226744824169,101.812334959196,8.01500435096673,82.8905204418714,6.52541641699662,121.824429120704,9.590422711038,99.6224013317427,7.8426055197308,80.9086409163816,6.3693962940296,119.189075079147,9.38295890895665,2.18993362745323,0.172398831235926,1.27280153000073,0.100199153717096,3.13813003933065,0.247043994514171,114.337122592768,95.7146141096328,134.474960199393,111.857119840159,93.4837934872332,131.481679590015,2.48000275260865,1.60036757224325,3.44319064590645,78.4526315789474,94,93,94,16.28,15.9908,16.28,1.42380417010295,1.36984516772284,1.47988864914749,1.13861128814881,1.09081715554557,1.18849951974902
"UK065C","Walsall","UK","United Kingdom","Northern",-1.9822687,52.5847949,195533.89859421,TRUE,1.99720360117682,-0.0602896280703287,0.350740596595237,-0.560696649313342,-0.481684253383242,2601.32394376297,253.166245418985,214.137457955911,292.601298196345,249.873773144717,211.402115653303,289.401965852866,3.29247227426743,1.76690262962851,4.77037372911138,129.474350605763,9.73220755630935,109.51423742658,8.23186433467213,149.642236103305,11.2481684143144,127.790513533041,9.605638457441,108.115327916631,8.12671240581813,148.00603267951,11.1251797972623,1.68383707272173,0.12656909886835,0.903629827018049,0.0679232063297958,2.43966583973826,0.183382532596488,131.350419523852,112.494615240427,149.861918731486,129.639233742954,110.733981469039,147.984402013859,1.7111857808986,1.01303948481937,2.39998093778887,79.1473684210526,94,93,94,17.2964,17.06,17.2964,1.53341427271737,1.46828659845156,1.6014307658008,1.12765097881976,1.08397251216209,1.17308946100197
"UK066C","Medway","UK","United Kingdom","Northern",0.5461611,51.3871701,194968.449344116,TRUE,2.08215940861777,0.814632815352053,0.824162412603397,-0.923207114727306,-0.595649818287029,2147.61898500049,202.297505946151,165.943696397267,238.578414873775,200.348708908512,164.362798272575,236.306478747535,1.94879703763915,0.666922535233173,3.2628588959434,103.759098780695,9.41961806815117,85.1131026355854,7.7268685719515,122.36770394203,11.1089730785612,102.759553959882,9.32887585310977,84.3022544547589,7.65325690546253,121.202419951783,11.0031844753635,0.999544820813317,0.0907422150414032,0.342066902350988,0.0310540435659736,1.67353174676202,0.151929132622314,126.291208970557,105.966482484715,146.742604653787,125.053841135732,104.887092228887,145.188504868668,1.23736783482556,0.491324166761041,1.9952887036263,80.5947368421053,95,93,95,18.94,18.37,18.94,1.54643706529728,1.46507406178894,1.63231856961902,1.12381006045055,1.07342233242183,1.17656304869345
"UK067C","Rotherham","UK","United Kingdom","Northern",-1.355187,53.4310417,194460.913846324,TRUE,1.60647562798876,0.490590558551928,0.0578025858431248,-1.33437499359779,-0.631554000908848,2623.77865386709,179.080191791938,136.6124049016,221.073007809003,175.595908018646,133.147098482833,217.309976983535,3.48428377329248,1.72892920328082,5.22770713021501,92.0905842978086,6.82527817382761,70.2518579181212,5.20670463951873,113.685060630595,8.42574915697144,90.2988186908415,6.69248176708205,68.4698512669003,5.07463151613772,111.749951537956,8.2823288718829,1.79176560696716,0.132796406745558,0.889088284675622,0.0658946287535581,2.68830739649115,0.19924345075794,94.6825960141447,73.7808520139235,115.537993401544,92.8360846051847,71.8224592287409,113.532310805837,1.84651140896001,0.980824544027716,2.69938166514858,79.2263157894737,93,92,94,17.0008,16.76,17.3264,1.28869860815102,1.2315275238334,1.34852374024166,1.17987727891072,1.11678139260731,1.24653795497045
"UK068C","Brighton And Hove","UK","United Kingdom","Northern",-0.1400561,50.8214626,209470.128256881,TRUE,3.04123061937286,-0.394979411406804,0.583664597153857,-1.00351619721821,-0.49477860148839,2026.01181510932,253.404564096592,219.199053847007,289.181828992604,250.984397048758,216.899711598475,286.300686564624,2.42016704783419,1.19769606331902,3.63384360994395,120.974081700964,12.5075560866321,104.644540809272,10.8192386743401,138.05397046302,14.2734522491914,119.818705959337,12.3881013514827,103.546846227393,10.7057476161249,136.678527361918,14.1312446664669,1.15537574162663,0.11945473514939,0.571774158580857,0.0591159466290869,1.73477891104723,0.179359448096203,153.990024748389,135.817160493103,173.230370945769,152.517709984834,134.200507616699,171.656124645776,1.47231476355456,0.797482844864003,2.15176829605082,81.6052631578947,96,94,95,18.26,17.74,17.972,1.61382727662681,1.54091702873686,1.69018735610941,1.10509989286346,1.0656404153004,1.14602051092682
"UK069C","Plymouth","UK","United Kingdom","Northern",-4.1425658,50.3712659,192729.7967827,TRUE,2.77842313734337,0.246716553879746,0.933853870906886,-0.422219345637823,-0.24745563732106,2417.46728193248,259.853345748782,224.89528866254,296.766172447237,257.899485560391,222.904637092347,294.774570872697,1.95386018839118,0.802944419584173,3.10640817407393,134.827800416228,10.7489912145185,116.689423439857,9.3029299855824,153.98043136103,12.2759126737801,133.814018312471,10.6681686030609,115.656551718191,9.2205854763073,152.947066719035,12.1935288669992,1.01378210375748,0.0808226114576118,0.416616648275451,0.0332142827985789,1.61179445313085,0.128498457757439,139.592413511262,122.701142492762,157.00217713876,138.543476830564,121.991510465305,156.026755016122,1.04893668069727,0.490968126640171,1.60834313265012,81.0473684210526,95,93.975,95,17.34,17.12477,17.34,1.59061459543072,1.53671964134524,1.64639972258207,1.07544726292423,1.04452904250151,1.10728066743012
"UK070C","Swansea","UK","United Kingdom","Northern",-3.9459248,51.6195955,180505.197075975,TRUE,1.27637994211032,1.7435089072669,1.6071060935999,-0.872597262823091,1.25113722978932,2539.36433251288,222.285120003331,154.80826103877,285.434137023096,217.904133506406,149.651811665247,281.591657577201,4.38098649692502,1.98466144921212,6.82658041687703,123.146105266859,8.75357337099256,85.7638802353214,6.0963391135598,158.130702964168,11.2403774979638,120.719035815179,8.58105041157185,82.9072038309561,5.89327847718315,156.001966779205,11.0890609107101,2.42706945167959,0.172522959420703,1.09950377128298,0.078155837025881,3.78193012027445,0.268830286756121,117.493384028224,83.0073988897916,150.297686023396,115.179322552425,80.1830818462566,148.127933084088,2.31406147579983,1.09484608647576,3.55739641008176,79.1684210526316,94,92,94,16.74,16.37,16.74,1.59627608238823,1.46697956545209,1.73696852445211,1.1330551463513,1.06753769015209,1.20259357258878
"UK071C","Derby","UK","United Kingdom","Northern",-1.4761491,52.9212617,179697.362962963,TRUE,2.64565343134235,-0.43519311308864,0.0777137298642006,-0.113173600278164,-0.479456889873648,2195.94806629006,191.189788472958,159.160799646117,223.824100638642,187.32413663806,155.719228457821,219.849945544687,3.86565183489756,2.50303988333805,5.17494310452808,106.395433589286,8.7064804221879,88.5715833675987,7.24793095471566,124.556140918314,10.192595356628,104.244232385686,8.53044475475847,86.6563793092035,7.09120724885361,122.344558606573,10.0116186224801,2.15120120360047,0.176035667429439,1.3929196522789,0.113984475396397,2.87981026499242,0.235658719983797,111.647387775675,94.3113611292998,128.558325282226,109.390589731159,92.3309029700984,126.137738844105,2.25679804451549,1.5325527184982,2.95492391779512,79.8789473684211,94,93,94,17.48,17.21,17.48,1.40621365654665,1.34540897078921,1.4697663615981,1.20159675183797,1.15023550977119,1.25525141743778
"UK072C","Barnsley","UK","United Kingdom","Northern",-1.4827755,53.5527719,175797.562519432,TRUE,2.12881327607602,1.11446559166758,-0.393291632587852,-1.14206206165789,0.274049235458179,2371.96196817661,187.391740678478,153.564597355338,222.809042126377,184.655633660559,151.009923555077,220.178017709161,2.7361070179193,1.25937089336753,4.21489063827244,106.595187096388,7.90028437186669,87.3530867860376,6.47415934216631,126.741826754139,9.39344918323694,105.038790648845,7.78493231080381,85.8998961025899,6.36645635895936,125.245205083445,9.2825273197115,1.55639644754282,0.115352061062877,0.716375628489347,0.0530940592751427,2.39758195612442,0.177696383619192,109.424669221755,92.1723523205826,128.454465584362,107.820271694185,90.2538518343656,126.678771722196,1.60439752757015,0.859074579664407,2.40493702307025,79.2263157894737,93,92,94,16.32,16.06,16.62,1.45911699467223,1.39858681347229,1.52226689371936,1.17029807809297,1.10942095570331,1.23451570348233
"UK073C","Southampton","UK","United Kingdom","Northern",-1.404189,50.9025349,175544.500983006,TRUE,3.66201270360693,-0.667629310477208,0.34251869255752,0.249918545125377,-0.572173478727753,1777.04763398202,149.322943539823,123.002007653605,177.377886295274,145.302412974482,118.955022565351,173.096330020492,4.02053056534141,2.90201840915307,5.14562306476823,85.0627292245848,8.40286668091271,70.0688469105123,6.92170571578779,101.044399170582,9.98160560827537,82.7724093667554,8.17661891532344,67.7634570717012,6.69396927187574,98.605384418877,9.74066911378266,2.29031985782946,0.226247765589275,1.65315255841253,0.163305606088353,2.93123569006948,0.28956022148027,109.578726774018,92.2625062189411,128.42594301449,106.629065398446,89.3415749481628,125.576652760324,2.94966137557246,2.20150300369924,3.70075607627343,81.3842105263158,94,92,93,18.15,17.72,17.95,1.44647930636268,1.38162605592413,1.51437675539201,1.16270339139602,1.12255212031853,1.20429078694378
"UK074C","Oldham","UK","United Kingdom","Northern",-2.1147831,53.5415797,163800.768476571,TRUE,2.97059938145325,1.53828761761237,0.0253113055289828,-0.494444443060624,0.376799292425425,2118.57137159819,209.082722119313,173.847590461025,246.370676923152,205.751619191117,170.830575448669,242.926920162664,3.33110292819608,1.66594824920452,4.93966014630512,127.644530647741,9.86904311661623,106.133562179161,8.20588783515371,150.408743020269,11.6290949753228,125.610899817326,9.7118096633159,104.291681313512,8.06347984018112,148.306337279126,11.4665440786829,2.0336308304149,0.157233453300334,1.01705765162073,0.0786354555498303,3.015651386893,0.233159959231337,141.849106266578,120.215078544181,164.859108079932,139.570070288887,117.848053542321,162.03559818135,2.27903597769029,1.25089487602823,3.30898560233701,78.4526315789474,94,93,94,16,15.67,16,1.58395627310909,1.50755012858902,1.66423485862446,1.18362077658144,1.11612740028179,1.25519554703302
"UK075C","Salford","UK","United Kingdom","Northern",-2.2891921,53.4877463,173944.607513889,TRUE,4.6494083725096,1.05082583810749,-1.72696185118276,0.616982655111527,0.788962892316341,2033.66315370262,162.035887460777,111.461754894395,213.681922746899,158.219465527751,108.589568211591,209.587316191452,3.81642193302592,1.29250421439619,6.24663060057787,93.1537285212129,7.96768565953333,64.0788791831302,5.4808366219086,122.844810081185,10.5072426747692,90.9596841138741,7.78002321769396,62.427671523488,5.33960444795813,120.490838541642,10.3059012408158,2.19404440733881,0.187662441839372,0.743055063832885,0.0635554719100343,3.59116082404515,0.307161517343953,103.68383564342,72.3209614208247,135.905302969312,101.237421715616,70.1634351535595,133.430650131961,2.44641392780436,0.911047487710868,3.92307832022141,78.4526315789474,94,92,94,16.79,16.1952,16.79,1.53360148286082,1.42503574009496,1.65043826064052,1.15318930020641,1.06782768032071,1.2453746860272
"UK076C","Tameside","UK","United Kingdom","Northern",-2.098691,53.4865407,164620.887222222,FALSE,3.48182542083349,0.85377381248541,-0.902865529176677,-0.372557202564829,0.305496149336197,2149.41516175619,200.817214321099,147.644070519584,256.943342634294,198.250094047187,144.767476026518,255.116990197012,2.56712027391234,-0.478293243024965,5.51121342865852,121.987688020425,9.34287697854613,89.6873252300476,6.86903457026659,156.081859944933,11.9541048749446,120.428274560062,9.22344354755578,87.9399196962751,6.73520307301799,154.972430596021,11.8691351366745,1.55941346036301,0.119433430990357,-0.29054225809105,-0.0222522503579147,3.34782148344209,0.256405255099976,122.700351213608,98.0965582515243,149.68128529937,121.127211907906,96.6096514133206,147.61772620193,1.57313930570275,0.334376518843349,2.76473068558649,78.4526315789474,94,93,96,16.2364,15.88,16.97,1.4969834153349,1.38242305922389,1.62103730174021,1.14829932426545,1.05063304475751,1.25504460828453
"UK077C","Trafford","UK","United Kingdom","Northern",-2.3525463,53.3839662,166904.158388889,FALSE,3.86534745997496,0.858984760391499,-0.856977984856163,-0.0941336668294665,0.191733757389212,1951.35015661884,189.406246656787,135.478147182196,242.202543580935,186.682265362357,132.065550501311,239.758445441031,2.72398129442996,0.17323179340209,5.15996254567075,113.482041720895,9.70642024519969,81.1712233475518,6.94279018671581,145.114744844523,12.4120493064457,111.849978553192,9.56682555046023,79.1265788558707,6.76790631621672,143.650372618273,12.2867976630328,1.63206316770314,0.139594694739455,0.103791178766474,0.00887753501412854,3.09157219057897,0.264430375459193,126.105074757,100.238425459083,152.544662375108,124.289034714201,98.6043277725426,150.235097798793,1.81604004279857,0.638882629871541,2.99299503968707,78.4526315789474,95,93,96,17.284,16.62,17.69,1.52993141739419,1.4077354835668,1.66273434835865,1.11950814353901,1.03894161395826,1.20632234440512
"UK078C","Milton Keynes","UK","United Kingdom","Northern",-0.7594092,52.0406502,177595.979989995,TRUE,2.20772687864978,-1.01287146314707,-0.257289546968359,-2.22077702289165,-1.23685726396885,1648.67286798183,122.471767923244,81.2215596120348,165.201286382971,119.812506868462,78.4241100767251,161.847985767978,2.65926105478144,0.992117140679039,4.3121392630472,68.9608897285532,7.42850630356788,45.7338953373891,4.92648124375695,93.0208478774565,10.0202586935998,67.4635241604073,7.2672092320611,44.1587191788594,4.75680237115355,91.1326854228886,9.81686475899243,1.49736556814588,0.161297071506774,0.558637161007209,0.0601767130366805,2.42806130143831,0.261552145776849,96.7129807873108,67.1479302730374,127.746335440512,94.5979493534256,64.379573099702,125.865001298403,2.11503143388527,0.913213442915656,3.36587498763328,81.5263157894737,94,92,94,18.1264,17.5552,18.1264,1.31763533757402,1.21641460301349,1.42727888872982,1.16333486674016,1.07922883130337,1.25399542054387
"UK079C","Rochdale","UK","United Kingdom","Northern",-2.1557561,53.6153659,153475.123914613,TRUE,3.38035124780658,1.68745350940563,-0.687660689677853,-0.363281816228471,0.638107591509354,1985.0212352605,193.799224622999,152.143991870103,238.531393625328,192.519148376591,151.142895024808,236.933684360871,1.28007624640744,-0.490973086746644,2.99993297791651,126.274030396497,9.76308067543499,99.1326724419192,7.66460273409298,155.420231983678,12.0165663413684,125.439969335813,9.69859389697292,98.4803863777286,7.61417018317053,154.379210335541,11.9360780707103,0.834061060683436,0.0644867784620676,-0.319904017161635,-0.0247338959415319,1.95467050385674,0.151128508079805,139.924057495057,112.751200101928,168.81054978544,138.974530538371,111.933416233521,168.031879098845,0.949526956686302,-0.306169238734947,2.13903891655368,78.4526315789474,95,94,97,16.26,15.92,17.26,1.57505351788436,1.48843027033998,1.66671804090173,1.07276301030204,1.00550454026089,1.14452041755446
"UK080C","Solihull","UK","United Kingdom","Northern",-1.7768935,52.4130189,155709.524958333,TRUE,1.72387189755321,-0.052960383060335,-0.0960189248968209,-1.62179440314381,0.19189814946661,1968.32430343042,176.320548019071,146.381726394959,208.155718851711,174.322178313878,144.421234096148,206.029306420987,1.99836970519293,0.614435989773124,3.30464483447099,113.236841526717,8.95790128241456,94.0094874954691,7.43687034396937,133.682071734155,10.5752755523536,111.953445597195,8.85637483671097,92.7504172495512,7.33726824611418,132.31644401723,10.4672439425717,1.28339592952177,0.101526445703594,0.394603984526664,0.0312161968788516,2.12231386317265,0.167891278317887,96.6931555417437,81.7861793482716,112.738290809796,95.613084081741,80.8240283014143,111.559205937002,1.08007146000272,0.375612130870759,1.76261829826091,79.1473684210526,95,93,95,17.88,17.24,17.88,1.46497028307742,1.39718617667654,1.53604291691813,1.10683705383223,1.05780112575883,1.15814611452334
"UK081C","Northampton","UK","United Kingdom","Northern",-0.8963907,52.2381355,158369.403636364,TRUE,2.52820243347674,-0.279376611642946,-0.0973527769940728,-0.43941032406577,-1.17102180095601,1736.42138133011,154.488921871246,118.787156941154,191.634434273363,153.022250492908,117.61459725583,189.910184097114,1.46667137833813,0.0541476361853885,2.88925949396816,97.5497276140361,8.89697187170704,75.0063801552882,6.84091766079052,121.004707900132,11.0361710777006,96.6236198276446,8.81250669556329,74.2659848147741,6.77339029111338,119.915955820085,10.936872013845,0.92610778639149,0.0844651761437455,0.0341907179935578,0.00311834654696035,1.82437985344837,0.16639161006846,107.923485230473,85.7567353162419,131.611951289787,106.880041094448,84.36118184729,130.465526677262,1.04344413602486,0.134490677456588,1.98279284205843,80.4526315789474,95,93,95,18.29,17.62,18.29,1.46415831664594,1.38055830696599,1.55282074316349,1.0807240968385,1.02375879639289,1.14085913361878
"UK082C","North Tyneside","UK","United Kingdom","Northern",-1.4256042,55.0177847,151576.241608314,FALSE,2.47919332313592,0.601971517705306,0.770946958916922,-0.366201985759429,-0.565756707165051,2033.41452679362,173.083044821196,128.517543597982,214.905773290308,171.590633175109,126.136757331092,213.837812702897,1.49241164608692,-0.951685538881099,3.8980169037158,114.188769285135,8.51194100074225,84.7873929544198,6.32028255451847,141.780645178974,10.5687143697739,113.204174581999,8.43854663739814,83.2167073102661,6.20319938059998,141.076075270076,10.5161938151433,0.984594703135232,0.0733943633441144,-0.627859306170381,-0.0468023379562336,2.57165427929571,0.191698094626203,119.346963294036,97.4940339382975,140.685778863474,118.31689568697,96.5542531677054,139.578321164192,1.03006760706659,0.0225028347738728,2.10614585230585,78.9526315789474,93,91,95,16.27,15.82,16.85,1.40284217039019,1.30970851734268,1.50259857744373,1.1532381001441,1.06204823360099,1.25225773514505
"UK083C","Gateshead","UK","United Kingdom","Northern",-1.6019294,54.9625789,150271.782488607,TRUE,1.52111171352105,0.197200165638747,0.61474281065049,-1.42675491589172,-0.161292929787752,2015.91504207573,155.152485190571,124.966385506628,186.679936413012,153.679704242398,123.381950113733,184.936861385492,1.47278094817329,0.352329303090385,2.58263525124637,103.247916954957,7.69638015254922,83.1602470118448,6.19899067660873,124.228203939196,9.26030772709511,102.26783877675,7.62332246324021,82.1058671631095,6.1203943389742,123.068255611803,9.17384202833602,0.980078178206845,0.0730576893090102,0.234461385401545,0.0174773884680974,1.71864285395175,0.128112306190597,107.949574549324,88.6206854344101,127.231060720395,106.922040316045,87.7419566562033,126.260473639187,1.02753423327843,0.326771065469107,1.76308553941746,78.9526315789474,94,93,94,16.23,15.93,16.23,1.31214384584044,1.26397006942425,1.36215367264289,1.14744499816909,1.08835330113155,1.2097450547119
"UK084C","Warrington","UK","United Kingdom","Northern",-2.5943178,53.3899497,152907.294971648,TRUE,3.23283195622957,1.43143823717358,0.613322148839089,-0.850294509451213,0.473911145825215,1890.64908126409,192.802882743302,156.299231346675,232.798885033359,189.5684873693,153.16429236727,228.728521082319,3.23439537400242,1.71270460234377,4.72101367060466,126.091356713263,10.197708535864,102.218295978394,8.26696148405146,152.248383621281,12.3131726209979,123.976091137084,10.0266352570596,100.168073992591,8.1011486417598,149.586402090711,12.0978833856038,2.11526557617944,0.17107327880433,1.12009345444333,0.0905881804992948,3.08750061367578,0.249703327676661,137.417176239977,113.487283192256,164.874749509283,135.093794255687,111.123533253758,161.759389604958,2.32338198429079,1.29971828132601,3.3183696383365,80.2947368421053,95,94,95,17.27,16.9464,17.27,1.51952350796477,1.43964189380952,1.60383752458586,1.15500615628074,1.09514400002053,1.2181404646525
"UK085C","Luton","UK","United Kingdom","Northern",-0.4152837,51.8784385,142050.70084901,TRUE,7.42829186716701,0.694487584935894,-5.11329773362254,2.12905798915102,0.758990493691986,1390.26338981371,148.692231015974,75.7342781106307,218.612703032334,147.711466659523,74.979760501439,217.166071457555,0.980764356451292,-1.6130436814087,3.40282346538468,104.675464554043,10.6952561727097,53.3149626562781,5.44747697922036,153.897658882166,15.7245529612649,103.985031947523,10.6247109534629,52.7838018772872,5.39320542069987,152.879267866752,15.6204984644423,0.690432606519682,0.0705452192467434,-1.13554081167348,-0.116024322673478,2.39549924431676,0.244761064005335,138.966333339219,71.4281415734392,203.438281893855,138.026777329272,71.144972652012,202.369895717934,0.939556009946469,-1.44416872261967,3.15691020959173,81.0789473684211,96,93,99,18.8176,17.7108,21.3144,1.64088029067148,1.37502750543178,1.95813401381279,1.10196305506749,0.961407034321134,1.26306811931236
"UK086C","York","UK","United Kingdom","Northern",-1.0815361,53.9590555,151603.571088152,TRUE,2.10966693742513,0.986745337372093,1.06608419672612,-1.60064259433106,-0.162644295005303,1752.58912007322,149.304887661505,116.625452335194,182.291135558929,147.291097920004,114.759484999269,179.979095860215,2.013789741501,0.698372716095622,3.35281674967255,98.4837537729828,8.51910387617074,76.9279057861903,6.65446629785771,120.241979955032,10.4012477009621,97.1554277137437,8.40420017635679,75.6970856132015,6.54799711380581,118.716923729695,10.2693263240557,1.3283260592391,0.114903699813956,0.460657167296899,0.0398480572597896,2.21156845159208,0.191306491137664,98.9742845817991,78.4167926195032,120.180370408607,97.6478908319071,77.1888254622216,118.456170287822,1.32639374989202,0.483558827021009,2.20835629897809,81.2368421052632,94,93,94,17.19,16.9008,17.19,1.46510261081825,1.39048594304053,1.54372338028294,1.14873759507706,1.08458798760468,1.21668142873108
"UK087C","Bury","UK","United Kingdom","Northern",-2.2972827,53.5927543,134584.194709083,TRUE,5.81250096082983,1.7667051812431,-4.16372575092304,0.555722510377806,1.19356893894373,1740.68915934935,199.348894308336,121.358669189096,275.010444571163,198.074223198088,120.82757609907,273.413656516296,1.27467111024814,-1.99164103343748,4.36755881801012,148.122069414799,11.4522971110391,90.1730470293521,6.97187481965241,204.340818151511,15.7989404997478,147.174951431886,11.3790691539738,89.7784293023786,6.94136431252516,203.154357840686,15.7072074039052,0.947117982912824,0.0732279570652693,-1.47984764313715,-0.114416811453111,3.24522417171721,0.25090975000055,163.916824000459,103.540538416544,222.305656080846,162.84314925765,101.137984408347,221.398839574318,1.07367474280889,-1.56920088674866,3.56817619528267,78.4526315789474,96,94,99,16.92,16.17,19.21,1.6034616071522,1.42243027291655,1.80753262537034,1.0799782411222,0.953599862934484,1.22310525266668
"UK088C","Swindon","UK","United Kingdom","Northern",-1.7856853,51.5613683,153776.168294173,TRUE,2.39566127838339,-0.700990939008775,-0.325439278928004,-2.08974542261644,-0.586367595613147,1633.51601952218,152.132786585304,116.544672799349,188.652112594485,150.38194579057,114.896002225519,186.36542206431,1.75084079473405,0.408580787246285,3.0479870679904,98.9313157382586,9.31321056954219,75.7885139759756,7.13459013603306,122.679680920124,11.5488376201948,97.7927512817787,9.20602822337541,74.7163903874388,7.03366240994244,121.192655618648,11.408851816392,1.13856445647982,0.107182346166779,0.265698379520468,0.0250123526407656,1.98209326048469,0.18659058323052,115.056033607274,89.3940306077291,140.909628958735,113.718104233708,87.6657148956536,138.936550711395,1.33792937356643,0.405365760038751,2.27156238647424,81.1473684210526,96,94,96,18.41,17.68,18.41,1.31599535860953,1.24323705697879,1.3930117141862,1.08544994179969,1.03623179333037,1.13700581639778
"UK089C","Stockton-On-Tees","UK","United Kingdom","Northern",-1.3129164,54.564094,142868.844970545,TRUE,1.78909595796591,1.19211799466679,0.78803107834612,-0.800339143225095,-0.34163783541952,1921.84351829416,179.649520760476,148.586335016074,211.118501146024,178.680203111273,147.830072323108,209.966675839331,0.969317649203336,0.0108231947795895,1.98790068846949,125.744364208665,9.34777046363974,104.00191521581,7.73144814349717,147.770846183819,10.9852076475724,125.065897430689,9.29733359716355,103.472574691554,7.69209724495798,146.964634509797,10.925274292139,0.678466777976105,0.05043686647619,0.0075756157907071,0.000563167327441739,1.39141650433257,0.10343717735323,131.2628668358,111.08092165364,152.546243060821,130.546860762693,110.2831686388,151.917256131642,0.716006073106621,0.0582918806856615,1.42324054083603,78.7157894736842,95,93,95,17.14,16.55,17.14,1.44333776532486,1.38080457530101,1.50870292731962,1.10983855975312,1.06030298389145,1.16168835458166
"UK090C","St. Helens","UK","United Kingdom","Northern",-2.7343231,53.4535471,132753.266433334,TRUE,1.96939652793074,1.16079326864191,1.11461862890256,-1.04621294197854,-0.022593388348861,1839.30609627178,194.882446679932,161.918280757398,227.860639029844,192.936121695739,160.190182386184,225.506082590492,1.94632498419291,0.651451926802122,3.2455756611562,146.800490802084,10.5954330861488,121.969338388152,8.80322644967043,171.642209003024,12.3884023160534,145.334368697156,10.4896146479814,120.6676014007,8.70927262791576,169.868575477755,12.260389015596,1.46612210492788,0.105818438167418,0.490723840026392,0.0354183530475213,2.44481793055244,0.176456527150912,155.906006204191,132.001749354733,180.549260229423,154.324569853457,130.364882919844,178.769973359395,1.58143635073445,0.597657621100002,2.55295495989791,78.4578947368421,95,94,95,17.23,16.8864,17.23,1.54634938479537,1.46900281018157,1.62776844488232,1.0928321258484,1.04628428017862,1.14145082547015
"UK091C","Basildon","UK","United Kingdom","Northern",0.4757363,51.5754602,133412.37260913,TRUE,2.02464460655821,0.425300278327415,0.557690391129107,-1.34447109937793,-0.846776359443191,1699.55141575171,159.256129774466,128.343280238677,190.619603388213,157.553588284931,126.579105000382,188.262749716007,1.70254148953476,0.51290622545264,2.9223887921018,119.371334652036,9.37048025134487,96.2004330847897,7.55159738323718,142.880004050815,11.2158774145648,118.09518502945,9.27030431822773,94.8780855365133,7.44779497855889,141.113411023411,11.0772023706466,1.27614962258623,0.100175933117135,0.384451768169468,0.0301789178426109,2.19049308167524,0.171950596199482,112.565229186023,92.043083978823,133.095726271751,111.363123292977,90.8269213971639,131.529464757762,1.20210589304614,0.399221975111107,2.04759920628722,80.8947368421053,94,93,95,18.59,18.33,18.92,1.53985834060326,1.45192018558241,1.63312262800057,1.10857999064071,1.05506126882195,1.16481348710787
"UK092C","Bournemouth","UK","United Kingdom","Northern",-1.8799272,50.720097,140561.184982784,TRUE,2.99047146651096,-0.15571207949932,0.887503091830273,-0.336688701477038,-0.173554291170861,1936.71715493388,232.345146347304,204.638412366873,262.423130648148,231.042009425683,203.452336785686,260.910763804606,1.30313692162171,0.336461322804751,2.25313012564539,165.298226801206,11.9968548714196,145.586715416448,10.5662518579725,186.696726183896,13.5498944685656,164.371130944849,11.9295690048024,144.742900972701,10.5050103091916,185.620777056314,13.4718052731615,0.927095856357013,0.0672858666172239,0.23937001018166,0.0173727651426848,1.60295328039626,0.116337593226013,143.89190967757,128.881344232011,160.310922946948,143.117450823094,128.300584363947,159.672441064295,0.77445885447675,0.232669506064464,1.3064208334669,81.6263157894737,96,94,96,18.69,18.09,18.69,1.6757453820663,1.60705906010855,1.74736738382648,1.06277334644668,1.0304623657224,1.09609746409871
"UK093C","Southend-On-Sea","UK","United Kingdom","Northern",0.7128137,51.5388241,130260.482209645,TRUE,2.89334695326607,0.202386530659687,0.791036018533911,0.125249316089733,-0.265282689728264,1853.33861400444,206.362865233162,180.812339218924,233.537588526927,203.791148185924,178.697440436358,231.041109162038,2.57171704723805,1.64760383563818,3.49683127276478,158.423231460971,11.1346552472288,138.808283334865,9.75603367094641,179.285063716458,12.6009131176699,156.448943477683,10.9958939314171,137.184691323926,9.64192075242277,177.368535140377,12.4662113774685,1.97428798328803,0.138761315811655,1.26485316781377,0.0888992342353602,2.68449126968292,0.188677408776873,144.05841350906,128.296045915861,161.252369217232,142.283029789198,126.695542178294,159.796840170111,1.77538371986234,1.20019591013963,2.34675337132478,80.8947368421053,94,93,94,18.71,18.49,18.71,1.67528634094381,1.60618042905522,1.74736553464531,1.14241344518309,1.10413482705306,1.18201912280807
"UK094C","Telford And Wrekin","UK","United Kingdom","Northern",-2.4514273,52.6780419,122833.766622185,TRUE,1.44852057525015,1.15266990974388,0.888595560565626,-1.33177432600491,0.133401294784083,1421.24998939545,110.521157666114,85.4779353844778,135.648293141569,109.566585103499,84.4892165368087,134.632160325979,0.954572562614571,0.0386628651053113,1.86079877049033,89.976201744311,7.77633481025568,69.5883043686127,6.01427869989551,110.432413555141,9.54429510316257,89.1990762120861,7.70917051335246,68.7833800592326,5.94471184993621,109.60517130447,9.47279939001067,0.777125532224917,0.0671642969032218,0.0314757628692047,0.00272034233201698,1.51489189142413,0.130926915347373,106.360487016918,84.7913147161128,128.107590335217,105.415459017376,83.9947123160853,127.03946552822,0.945027999541773,0.146961045347596,1.76213447204291,79.9052631578947,95,93,95,17.492,16.92,17.492,1.42800399070309,1.35897340136001,1.50054106682529,1.08973793963896,1.03885095805973,1.14311756453161
"UK095C","North East Lincolnshire","UK","United Kingdom","Northern",-0.0788045,53.5671407,120406.219825671,TRUE,1.74140409834736,1.13437258046572,1.05138300018034,-1.22032876873852,-0.424833696408066,1663.17302781614,161.418404313804,130.859744433849,192.257181335466,159.491735685295,129.486727730914,189.930239441886,1.92666862850813,0.563436468709981,3.33845220651674,134.061516545832,9.70544865832495,108.681880905581,7.8680775989782,159.67379560111,11.5596620507918,132.4613760952,9.58960571256494,107.541560492796,7.78552354837904,157.741219446033,11.4197522606098,1.60014045063256,0.115842945760008,0.467946315004112,0.0338772009458218,2.77265760136833,0.200727894854113,127.603784256544,105.21897331504,150.730961989614,126.08104531079,103.67933143147,148.866340768044,1.52273894575459,0.450683724900152,2.57331970175206,79.4894736842105,94,93,95,17.68,17.38,18.04,1.45881718858354,1.39120773570652,1.52971230326433,1.13003970742157,1.06840284687425,1.19523243885528
"UK096C","Chelmsford","UK","United Kingdom","Northern",0.4730532,51.7345329,128814.686490761,TRUE,1.38048942029698,0.394361381041781,0.548896245645399,-2.1228006086219,-0.936557870923177,1557.62048736506,136.560327546723,102.68429945715,170.389510235738,134.679898879959,101.150632748239,167.967366467688,1.88042866676324,0.478519331555166,3.24417173462062,106.013010835156,8.76724007256313,79.7147454646135,6.59238243783346,132.274909699803,10.9390902095784,104.553217143931,8.64651562896363,78.5241462009022,6.49392028217027,130.394577701926,10.7835873905221,1.45979369122488,0.120724443599497,0.371478862070194,0.0307211760141041,2.51847970367362,0.20827741808331,98.0677530583658,74.3255440154876,120.894545088831,96.7236583558865,73.4052553139978,119.167657020795,1.34409470247926,0.379005366415739,2.30548344541138,80.8947368421053,94,93,95,18.5,18.23,18.81,1.37275696326664,1.29192315794338,1.45864842549687,1.10783023038763,1.04731034221648,1.17184732155258
"UK097C","Peterborough","UK","United Kingdom","Northern",-0.2427336,52.5725769,131617.11299322,TRUE,3.13805953158261,1.68156711183131,-0.731933190487851,-0.528001830975194,-0.0211172691777433,1450.95613205983,129.629709376664,104.652297706528,156.300953781123,127.046791801258,102.121534499284,153.518969042243,2.58291757540631,1.36183785749155,3.85984941859625,98.4900112368684,8.93408880616103,79.5126829076695,7.21264381425233,118.754279156066,10.7722728708023,96.5275631048088,8.75607394283504,77.5898606015952,7.03822343369597,116.640583850332,10.5805382843864,1.96244813205966,0.178014863325985,1.03469664887855,0.0938579621672113,2.93263492171802,0.266021096938104,116.392653112621,95.7688853275914,137.957405892213,114.064182073373,93.8373441210401,135.75628898244,2.3284710392477,1.3698849173112,3.37821539265921,81.3105263157895,93,92,94,18.09,17.8352,18.4564,1.59002312487725,1.50995597147728,1.67433593124635,1.16722542548284,1.1036993804322,1.23440786327169
"UK098C","Colchester","UK","United Kingdom","Northern",0.8994651,51.8896903,133955.51426549,TRUE,1.39633468522878,0.862971221488965,0.737974872182091,-1.72556004079521,-0.986994497337436,1902.32127315039,159.41026926265,118.208528264,201.178263901276,156.594672536569,115.778430980801,197.565931898228,2.81559672608102,0.937042993027011,4.72439918158983,119.002394292415,8.37977640856924,88.2446153203668,6.21390981283819,150.182890942851,10.5754094611006,116.90050491405,8.23176793251313,86.4305076320615,6.08616602331652,147.486225544002,10.3855187179316,2.10188937836536,0.148008476056107,0.69951804385586,0.0492578728026942,3.52684188291527,0.248349174677833,104.856647999686,78.471832469806,131.380975535265,103.014029551604,76.9210035226958,129.38018886773,1.84261844808221,0.633725766527409,3.08785540137719,80.8947368421053,94,92,95,18.58,18.04,18.89,1.35253950388583,1.27234928433155,1.43778373761008,1.11280044202532,1.05151427013265,1.17765860050147
"UK099C","South Tyneside","UK","United Kingdom","Northern",-1.4321848,54.9987414,113396.392447483,TRUE,2.27685620810854,0.687408606238588,0.846549971684382,-0.508265804144709,-0.281913743634838,1521.22700260998,120.355966960141,98.9133675085876,142.243140519995,119.144602923459,97.8076086233017,141.108703405511,1.21136403668222,0.524453154215881,1.94079133727797,106.137386174681,7.91176903602457,87.2279667577586,6.50220955445052,125.438858723722,9.35055322288831,105.069129936068,7.8321383146001,86.25283971763,6.42952093642121,124.438441435307,9.27597940106304,1.06825623861292,0.0796307214244734,0.46249544883782,0.0344756669002109,1.71151065337181,0.127580652588216,110.947393770601,93.5530987821083,129.501625025134,109.829948268267,92.5843988501951,128.88104362069,1.11744550233366,0.523064441430533,1.74087395839227,78.9526315789474,93,92,94,16.4,16.2,16.65,1.40212493024479,1.35232894707869,1.45375452049653,1.15640659876225,1.10532805602917,1.20984554256676
"UK100C","Basingstoke And Deane","UK","United Kingdom","Northern",-1.0861976,51.262826,125171.233630655,TRUE,4.13409953030321,0.641497110555685,-3.1164576855721,-1.29138670519349,0.0706115091744997,1264.52932784497,127.406766397464,89.0771997889782,166.664218996958,126.20606076321,87.8487581926045,164.534945070314,1.20070563425476,-0.322485803612795,2.61746795342864,101.785979655203,10.0754299320675,71.1642740949729,7.04429686425579,133.148978533468,13.1799409730567,100.82672919531,9.98047716127641,70.1828652195132,6.9471507111913,131.447889661142,13.011556272144,0.959250459892167,0.0949527707910906,-0.257635715698352,-0.0255024376668574,2.09110981613559,0.206991478630975,114.911120534671,81.8399503389321,148.69577152019,113.814552670906,80.8822899342503,147.132370955163,1.09656786376525,-0.217182785127363,2.3778060032404,81.3842105263158,96,94,97,18.67,17.9,19.1664,1.43599493729465,1.30839669013478,1.57603689728338,1.08443268042654,1.00978112119261,1.16460311417604
"UK101C","Bedford","UK","United Kingdom","Northern",-0.4675041,52.1363806,118004.951567712,TRUE,1.51424958050688,0.205753603162204,0.324640023429985,-2.22535716371065,-1.34536786769413,1372.96167460337,116.545405393097,84.5745053972219,148.421862099995,114.329223169501,82.7049455800439,145.788060576179,2.21618222359592,0.785719521012415,3.58571699426025,98.7631483635013,8.48861316006988,71.6703021980333,6.16000482472715,125.775961201789,10.8103426953176,96.8851066422399,8.32719698476141,70.0859959529642,6.0238349773264,123.544019669823,10.6185091159442,1.87804172126139,0.161416175308473,0.665836060753404,0.0572280738454991,3.03861570775083,0.261166575920346,99.1709244077262,72.8521633337577,125.601041504005,97.2854490518385,71.285061860287,123.253107295759,1.88547535588772,0.678860869746478,3.00388012373748,81.0789473684211,94,92,94,18.31,17.75,18.31,1.39920043783141,1.29560014082498,1.51108494321481,1.17870912987916,1.08929936912495,1.27545764942155
"UK102C","Dundee City","UK","United Kingdom","Northern",-2.97019,56.4605938,113520.266723241,FALSE,2.30881139609944,-0.17808791201713,0.0407327319198408,-0.568702874805992,-0.530479028029737,1690.92369405357,144.462136861226,99.3484420479828,188.130402935626,141.210794305215,95.2477900077327,185.837694724596,3.25134255601071,0.110085379746326,6.39710175879687,127.256692598705,8.54338592387417,87.5160400126534,5.87539475597621,165.724067046355,11.1258954852439,124.392585025793,8.35110388492441,83.9037757371937,5.6328851705543,163.70442044297,10.9903063856829,2.8641075729124,0.192282038949754,0.0969742081514924,0.00651036945862548,5.63520677271908,0.378319955021826,123.080344617568,98.0249776045273,147.248323864666,120.314650687232,94.9115586906457,144.134651973223,2.76569393033566,1.28754582114856,4.36244793800438,78.0894736842105,93,91,95,14.82,14.41,15.312,1.29170452454635,1.20764617833257,1.3816137612734,1.13930750805367,1.04082841724399,1.24710430307475
"UK103C","Falkirk","UK","United Kingdom","Northern",-3.784376,55.9991959,119698.533763422,FALSE,1.7605151146874,0.630771513423763,0.475921972224499,-1.66774651426512,-0.312943906600208,1600.86677032657,128.034796863161,84.4615988705767,170.997505050661,126.008494257308,81.3956285012661,170.266675859217,2.02630260585228,-0.64559622019387,4.46223545925489,106.964381966629,7.99784212130544,70.561932728024,5.27599175872373,142.856808412231,10.6815575299734,105.271543681862,7.8712667782843,68.0005225979966,5.08447236272271,142.246250230384,10.6359054366831,1.69283828476727,0.126575343021138,-0.539351819855923,-0.0403279168610746,3.72789483626782,0.278738714674214,117.500319173828,90.7873646584831,144.502810156831,115.614669338485,89.1205101002078,142.424770092749,1.88564983534262,0.392769733588688,3.29068622279881,78.0894736842105,94,92,96,15.15,14.65,15.84,1.2928628450747,1.20523276649539,1.38686433246838,1.12967245180544,1.02867623034674,1.2405845597676
"UK104C","Reading","UK","United Kingdom","Northern",-0.9696512,51.456659,113526.151750292,TRUE,5.77511901588152,-0.268049400844443,-2.86343062109601,0.750334116175473,0.533007751717209,1076.30227227544,108.03966087946,73.1914844512147,142.454015415385,105.807824440691,71.3285014238468,139.962071853694,2.23183643876868,0.778317809943826,3.65392040812582,95.1672008728879,10.0380407681431,64.4710344909816,6.80027222245647,125.481233371428,13.2355026171429,93.2012781278998,9.83067927720708,62.8300178629666,6.627181161018,123.286194146305,13.003974390744,1.96592274498809,0.207361490936026,0.685584596979722,0.0723140543314436,3.21857153773948,0.339488311253024,111.243432925727,77.2448232066033,145.703485836716,108.937755592263,74.9434106582726,142.51613991296,2.30567733346366,0.817450565430416,3.73809191828329,81.5263157894737,95,92,95,18.49,17.65,18.49,1.56825915549381,1.40982682005468,1.74449566698892,1.18006712852013,1.0792533224234,1.29029802260588
"UK105C","Blackpool","UK","United Kingdom","Northern",-3.0509812,53.8179442,107365.833938385,TRUE,3.33420741063986,0.832102286438819,0.964877047779953,0.701195090178686,-0.526497963015432,1886.77806272165,183.687629632989,152.411682128253,216.064756226361,181.061367997664,150.017331393168,213.181262685322,2.62626163532481,1.38777770357486,3.88024809101443,171.085738260463,9.73551862098833,141.955477396766,8.07788076083533,201.24163181218,11.4515194179591,168.63965132667,9.59632569272541,139.725391113956,7.95097920402842,198.555960369722,11.2986930947147,2.44608693379308,0.139192928262928,1.29256920257451,0.0735527792586804,3.61404363816633,0.205654717302428,158.94841171631,133.421097401704,185.088032795833,156.682760091834,131.673871471509,182.829414725844,2.26565162447568,1.25165368901041,3.29191699674044,78.8578947368421,95,93,94,16.942,16.47,16.67,1.66756706901384,1.58135487655821,1.75847937163335,1.10843013208416,1.06620517521161,1.15232732524324
"UK106C","Maidstone","UK","United Kingdom","Northern",0.5231646,51.2748258,116451.503875,TRUE,1.29107368264839,0.766784857932137,0.842068847326077,-1.96653308976955,-0.453279112250817,1401.32569709337,110.594159559206,86.2430955810448,134.936930776157,108.191204889211,83.9709428955002,132.421674866996,2.40295466999462,1.31869815727717,3.48282962153474,94.9701428312326,7.89210957799465,74.059237288699,6.15439335480185,115.873927159412,9.62923402147295,92.9066618197946,7.720632335054,72.1080794161622,5.99225027198695,113.714010090534,9.44974285005018,2.06348101143801,0.171477242940655,1.13240113987079,0.0941036163122122,2.99079832002276,0.248538196991523,93.3026047741161,74.1797632430996,112.388991255831,91.2759888207035,71.947322532261,110.628291944865,2.02661595341261,1.16972303692829,2.90867635480791,80.5947368421053,93,91,93,18.2208,17.79,18.2208,1.45179032262513,1.36864472220633,1.53998704460736,1.16757491836364,1.1039212340658,1.23489896554575
"UK107C","Dacorum","UK","United Kingdom","Northern",-0.472528,51.7511784,108336.556337442,TRUE,1.97305145544253,-0.460051325226261,-0.39264681574713,-2.41699652473133,-0.692952608875946,1204.0523711604,126.675157810919,99.6974208223226,154.009803793004,125.760455854673,98.6992012759696,152.949016611076,0.914701956245731,-0.0118779820719407,1.81638037885121,116.92743621678,10.520734882058,92.02565061399,8.28015651231513,142.158666473855,12.7909555665405,116.083121068534,10.4447662632375,91.1042445991599,8.19725151829141,141.179507436693,12.7028541510758,0.844315148246598,0.0759686188204746,-0.0109639649565228,-0.000986500451013886,1.6766089307783,0.150855595849264,118.874190619431,95.3997300801514,143.300098128496,118.019211538937,94.6155038577247,142.458912419142,0.854979080494253,0.0423936540039883,1.63487375351475,81.0789473684211,96,94,96,18.7376,17.96,18.7376,1.42456131756326,1.33427169699299,1.5209607998664,1.10281312829204,1.04132019234524,1.16793739800068
"UK108C","Blackburn With Darwen","UK","United Kingdom","Northern",-2.4840566,53.749326,102160.940888889,TRUE,2.04654333659951,1.36223229737921,0.819053967604825,-1.08161992764718,0.154089543004331,1237.87635568563,111.604995422264,89.0285919542755,134.138037416129,109.325773441528,87.0981618689358,131.380800769476,2.27922198073608,1.16379641374618,3.40246926301486,109.244290872034,9.01584353797992,87.1454307092805,7.19204236718496,131.300706756429,10.8361418165898,107.013279723443,8.83171998070641,85.2558336983845,7.03609544433817,128.601792060986,10.6134025555975,2.23101114859052,0.184123557273511,1.13917941986452,0.0940155620875064,3.33049914518253,0.274863418093993,138.341837208188,113.735021368797,164.022580269068,135.47410124144,110.835120549287,160.463782302355,2.86773596674752,1.6357820706889,4.17731231498313,78.8578947368421,94,93,94,15.9864,15.69,15.9864,1.49078512002356,1.4216538041639,1.56327811143215,1.15652319439222,1.09428981083023,1.22229585428781
"UK109C","Newport","UK","United Kingdom","Northern",-2.9974967,51.5882332,109440.942722222,TRUE,1.90464917263278,1.53869528925971,0.815916207823906,-0.596816881139057,0.699766900308791,1469.72071283238,96.5736093346456,70.4262865343983,122.784470580334,92.0142283770314,65.7134658764997,117.817343283337,4.55938095761416,3.08351985519609,6.06859577033833,88.2426694548528,6.5708816982332,64.3509501861207,4.79181424875449,112.192446013535,8.3542723123027,84.0766043203569,6.26066078906281,60.0446818548432,4.47115328121487,107.653808851387,8.01630828596575,4.16606513449592,0.31022090917039,2.81751945706693,0.209803116216118,5.54508725837764,0.41290809317392,82.3015629395669,61.0034762067633,103.489275541499,78.3992601400089,56.8745270741898,99.2674959525719,3.90230279955796,2.80622051765521,5.06810409167494,80.0473684210526,92,88,92,17.07,16.27,17.07,1.48592181155029,1.4036265583141,1.57304207231081,1.18078511433454,1.12551200163047,1.23877265121496
"UK110C","Middlesbrough","UK","United Kingdom","Northern",-1.2344047,54.5760419,103258.599525079,TRUE,2.59715425088303,0.668384638636937,0.206373396337471,0.0494022154806433,-0.473386572397562,1516.73291571746,105.471310455805,85.0169671339531,126.60264677378,102.514115971219,81.7793320477542,123.97867724976,2.95719448458561,2.1337394752942,3.80926515795361,102.14288295687,6.95384858882117,82.33403079741,5.60526947447024,122.607363799303,8.34706265432982,99.2790106031996,6.75887724917784,79.1985678906014,5.39180835335602,120.066200606999,8.17406123154613,2.86387235367004,0.194971339643326,2.06640365558702,0.140679974251425,3.68905367250155,0.251149369706381,102.370810667244,84.4041284697757,120.32228686848,99.5028686645941,81.6678054501199,118.11754959135,2.86794200264944,2.1367427630174,3.632712771941,78.7157894736842,92,91,92,16.0752,15.8596,16.0752,1.33436346293094,1.28567368208944,1.38489717570589,1.22252432869108,1.17124225810272,1.27605175095253
"UK111C","Oxford","UK","United Kingdom","Northern",-1.2578499,51.7520131,113202.358934822,TRUE,6.49296822956354,1.12108861904541,-3.89920514026354,1.23761176184033,0.738143852104464,1217.34397379584,129.093604424179,76.0643746839373,179.872359161113,127.666495646695,75.4785895305492,177.198431759639,1.42710877748425,-0.780145252192598,3.54934181975146,114.037910198061,10.604529796262,67.1932770656592,6.24838799232384,158.894532634851,14.7758039660924,112.777239668831,10.487298446027,66.6758097982806,6.20026805531363,156.532455177602,14.5561513897432,1.2606705292298,0.117231350234916,-0.689159889893969,-0.0640858515740625,3.13539563410956,0.291564413686966,114.629232144445,67.0454005345704,158.80037005936,113.369470942172,66.2950161201096,156.157828816882,1.25976120227372,-0.658591868689312,3.10763809555058,81.5263157894737,95,92,98,18.412,17.52,20.14,1.68554545727616,1.48715003309873,1.91040811304321,1.09206916780657,0.977973970756995,1.21947526512448
"UK112C","Torbay","UK","United Kingdom","Northern",-3.5211361,50.4652392,103582.047857262,FALSE,1.87345584575636,0.430470523168181,1.42143331381847,-1.77825210695418,0.316632287802754,1777.14967216301,173.135012180769,122.067871863165,225.139662951037,171.113714075897,119.162845048721,223.521730052875,2.02129810487239,-0.165513647644691,4.05860017126947,167.147701520009,9.74228647663892,117.846551973347,6.86874458438798,217.353940772907,12.6685819701959,165.196303428655,9.62854827346258,115.04198605238,6.70527907217211,215.791958815964,12.5775410790708,1.95139809135438,0.113738203176338,-0.1597898970609,-0.00931343320358833,3.91824669933375,0.22837694735805,123.479241579361,96.2348000603747,151.814865217803,122.06580321415,94.5656609007875,150.323326573947,1.4134383652106,0.251853718859225,2.49986235918881,81.0473684210526,95,92,96,17.31,16.7252,17.57,1.50428228022246,1.38232965930952,1.63699386998728,1.08187708228161,1.014382814486,1.15386223470204
"UK113C","Preston","UK","United Kingdom","Northern",-2.6992717,53.7593363,105037.264856159,TRUE,2.21441952516739,1.40547212888505,0.914616927897429,-1.11890251298184,0.46278451766223,1394.49864597024,134.041518254708,107.827606343664,160.616144196117,130.937840851667,105.037080387305,157.24562274618,3.10367740304078,1.83004316449139,4.34548615077524,127.613298421535,9.61216553648551,102.656525273508,7.73235647487074,152.913486862086,11.517841531095,124.658463861352,9.38959971241607,99.999824377706,7.53224685379484,149.704605276534,11.2761402243438,2.95483456018305,0.222565824069436,1.74227991084641,0.131233054243528,4.13708997156969,0.311616376490048,120.097945995396,98.2454246494103,142.306754299503,117.320656160121,95.5152888394211,139.573686888106,2.77728983527593,1.72427325125361,3.83516852754413,78.8578947368421,94,93,94,16.43,16.1308,16.43,1.55918954664376,1.47754127781832,1.64534966221235,1.14996036068867,1.0919209408601,1.21108477882433
"UK114C","St Albans","UK","United Kingdom","Northern",-0.3379675,51.753051,104281.310570731,TRUE,1.98680611724161,-0.424369263872478,-0.17054827374236,-2.31339524942179,-0.862548767171675,1158.9823740503,106.466385929963,80.3063281553587,133.186988943526,105.314351210699,79.1876480628133,131.612768316991,1.15203471926444,0.202090438837898,2.07358114078956,102.095366223606,9.18619543435287,77.0093199978431,6.92903791752343,127.71894428119,11.4917182457294,100.990628746718,9.08679489599624,75.9365677602438,6.8325153027199,126.209353906923,11.3558904141953,1.10473747688762,0.0994005383566287,0.193793535708228,0.0174368863032533,1.98844944452737,0.178913949617975,103.646111443086,78.8496128287878,128.528134101016,102.531157084928,77.9175311434959,127.059541374472,1.11495435815861,0.244438796991535,1.96000585726835,81.0789473684211,95,94,95,18.44,18.1364,18.44,1.31963043797934,1.23572380475314,1.40923439861178,1.12539373466152,1.05656830606596,1.19870248874977
"UK115C","Warwick","UK","United Kingdom","Northern",-1.5815742,52.2814519,105276.784697677,FALSE,3.86944071867473,0.817915009491403,-2.79123531664345,-1.18848015874214,0.05420196048167,1340.3334256203,124.987508465704,79.7773331540573,171.255082562483,123.710007394592,78.0092309470862,170.047249851235,1.27750107111164,-0.814883585522045,3.28006728554398,118.722763831199,9.3251056846441,75.7786565985592,5.95205130522927,162.67126988564,12.7770507911661,117.509294902812,9.2297934998778,74.0991769183537,5.82013620312303,161.523977332285,12.6869364443805,1.21346892838743,0.0953121847662959,-0.774039203288875,-0.0607970800358814,3.11566058458504,0.244720248174515,109.940619470653,75.0806730312322,143.186766127788,108.825383173925,74.2870212387706,142.06799552193,1.11523629672788,-0.420220609431599,2.62720669036385,80.8526315789474,95,92,97,18.15,17.24,19.12,1.44984645347291,1.30736169733592,1.60786012236051,1.10185573400663,0.998923886057979,1.21539396094972
"UK116C","Newcastle-Under-Lyme","UK","United Kingdom","Northern",-2.2273919,53.0117627,96524.2996526038,TRUE,1.03527702549923,0.0953224813360072,0.479071235016106,-2.36312737661654,-0.00698302911196907,1248.32344114451,110.891865317739,89.3358156874942,133.317673989432,109.188674557423,87.6560849160698,131.679610586679,1.7031907603162,0.793849340334807,2.56365268058213,114.884920913019,8.88326387719432,92.552669129969,7.15646384126121,138.118250501946,10.6797380867255,113.12040071816,8.74682561895296,90.8124536842523,7.02190490276331,136.421202806548,10.5485170146249,1.76452019485879,0.136438258241363,0.822434706278019,0.0635932414765022,2.65596610367427,0.205367663226102,109.237934622073,89.5699297488343,129.853488861218,107.558754611768,88.2540642781611,128.331861288053,1.67918001030488,0.825649758552698,2.50807622719726,79.9052631578947,94,93,94,16.84,16.58,16.84,1.372178928893,1.30079046282131,1.44748525355431,1.17242625572892,1.10980829725874,1.23857726466616
"UK117C","Norwich","UK","United Kingdom","Northern",1.2923049,52.6285694,102934.531916666,TRUE,2.4028860513903,-0.203130111682445,0.342428780158684,-0.438666667432662,-0.401912981489405,1369.60091766672,140.899699379724,120.898075239321,161.721932657721,138.220753774938,118.71464628406,158.794768519663,2.67894560478564,1.66532349270208,3.67885162495383,136.882829072165,10.2876463911665,117.451425666556,8.82724841082072,157.111447097897,11.807960302278,134.280256781892,10.0920459377622,115.330243479583,8.66782759508554,154.26773266742,11.5942364283889,2.60257229027326,0.195600453404307,1.61784724882248,0.121591879154051,3.57397226805495,0.268607561334086,122.726243071725,107.305113157917,138.603237252457,120.413771696779,105.026385531394,136.028773586946,2.31247137494593,1.53522540824125,3.08156714372936,81.3105263157895,93,93,94,18.04,18.04,18.37,1.54919699495376,1.49388439305691,1.60655760266874,1.14673495175895,1.10173366447873,1.19357435647369
"UK118C","Slough","UK","United Kingdom","Northern",-0.5940682,51.5111014,100533.208459744,TRUE,4.26171247156301,-1.20077334417719,-0.347149666016301,-0.0103994022030001,-1.26740548832951,953.120660183786,84.336354990347,63.8444775369165,106.535637704831,82.4456880720979,61.7500604979411,104.573225404077,1.89066691824912,0.949543874825733,2.85392417561468,83.8890514711044,8.84844474718287,63.5058589246972,6.6984674872755,105.97059353526,11.1775604239119,82.0084122801189,8.65007879025518,61.4225502637446,6.47872437116556,104.018589485236,10.9716670483161,1.88063919098553,0.198365956927693,0.944507679973189,0.0996247290078295,2.83878752040176,0.299429473605616,98.1979029912055,75.3936689592113,123.203422131849,95.9917358044057,73.4895260202309,121.155674290367,2.20616718679976,1.15283908085374,3.29061412852909,81.5263157894737,93,92,94,18.2,17.91,18.4664,1.51232769143302,1.40350181151758,1.62959180209543,1.19976856177726,1.11431540741937,1.29177483524407
"UK119C","Cheshire West And Chester","UK","United Kingdom","Northern",-2.8908955,53.1908873,254916.316925926,TRUE,3.04533282606765,1.92409116613241,0.657481435040457,-1.22961097484776,1.23776229996405,3382.67572975849,370.33226296274,280.216059055591,463.701590943297,367.622981346761,277.565794105561,459.952275477088,2.70928161597883,-0.641455709297309,5.74829607396897,145.27601348891,10.9479090681027,109.924724487925,8.28385814786914,181.903456214629,13.7081301309483,144.213201328178,10.8678162116653,108.885063715328,8.2055099654905,180.432653752306,13.5972913818117,1.06281216073199,0.0800928564374174,-0.251633836951954,-0.0189629677965942,2.25497376679867,0.169933405776952,133.986292763735,102.925678533745,166.389271728082,133.008711744523,101.846150556102,165.243673339403,0.977581019211184,-0.200673990849714,2.04376439396994,80.2947368421053,96,94,96.025,17.8676,17.15,17.87974,1.61035197416419,1.4929125959197,1.73702967459857,1.08317800488184,1.02025590204532,1.14998069396877
"UK120C","Ipswich","UK","United Kingdom","Northern",1.1526345,52.0579495,100647.081884904,TRUE,2.4841963666223,-0.244477615566555,0.3987640155421,-0.513300330108682,-0.477751104110231,1350.2066331329,144.103502797169,123.640031986681,165.933666120056,142.305036007512,122.049917522171,163.979110319365,1.7984667896576,0.90694762230512,2.66418875115324,143.177030171585,10.6726999602131,122.845123446371,9.15711928475703,164.866842647073,12.2895016250245,141.390126114382,10.5395005857229,121.265232172098,9.03935105391812,162.924853108891,12.1447418710189,1.78690405720282,0.133199374490155,0.901116659638743,0.0671710240528681,2.64706010473298,0.197317113231142,118.794855576963,103.782693147113,134.843300469071,117.335048963352,102.406816388522,133.424539022366,1.45980661361118,0.805639099234839,2.13215418464786,81.3105263157895,94,94,95,18.4964,18.4964,18.802,1.45845369669531,1.40609639544955,1.51276057053269,1.11709549916253,1.07411732424097,1.16179334052824
"UK121C","Cheltenham","UK","United Kingdom","Northern",-2.0711559,51.8995685,87834.0997332444,TRUE,2.40232779232574,-0.133797754941476,0.357133938649644,-1.14054520450932,-0.467417837295774,1144.10195573014,101.718746277941,83.6247720054838,120.294820665995,98.7993841837102,80.7025747252177,117.235650232106,2.91936209423054,2.09088079292558,3.74875841024765,115.80780879734,8.8907064417197,95.2076383311897,7.30920628066895,136.956855061229,10.5143444658501,112.484085888929,8.63554018843177,91.8806875351538,7.05379221851911,133.473958961445,10.2469582929161,3.32372290841115,0.25516625328793,2.38048867043172,0.182753012741004,4.26799889978127,0.327659470510674,103.848961780534,86.7280850463141,121.276590557633,100.87116065277,84.0050149053871,118.230841078441,2.97780112776347,2.22553909374899,3.771858014814,81.1473684210526,94,93,94,17.5,17.24,17.5,1.43392005635018,1.37221722371491,1.49839740565046,1.17873854665114,1.13116914541734,1.22830839843022
"UK122C","Gloucester","UK","United Kingdom","Northern",-2.2458192,51.8653705,93110.4497888182,TRUE,3.10214529587249,0.288095457707982,0.356507100289243,-0.091646645876682,-0.817006531638404,1212.83018811406,111.552156101075,92.0891512575806,131.936976427192,109.191888803464,89.7278536652225,129.186342379988,2.36026729761063,1.43056128314812,3.30575624432133,119.80626917181,9.19767311156207,98.90313221174,7.59291384400468,141.699429791646,10.8784377005286,117.271357888529,9.00306488687063,96.3671143987945,7.39822066968405,138.745267231544,10.6516430450063,2.5349112832812,0.19460822469144,1.53641324512206,0.117952314938057,3.55036008505925,0.272565465200182,107.472000823471,89.7205835992485,125.995242791437,105.205757629451,87.3873481878895,123.552872417693,2.26624319402075,1.43098976925841,3.17066876424971,81.1473684210526,93,92,93,17.48,17.22,17.48,1.56061598110859,1.48968102624135,1.63492868445579,1.12638208021413,1.08074822313205,1.17394279580739
"UK123C","Bracknell Forest","UK","United Kingdom","Northern",-0.7449925,51.4143513,84168.1296966161,TRUE,2.17240740819812,-1.33582778544898,-0.211618482163524,-2.50278745761329,-0.366073741630442,797.968995239983,67.5360294905256,50.8042887808786,85.6024241592688,66.1353841362143,49.3126392401009,83.9119794114318,1.40064535431132,0.669374504413501,2.09272035514766,80.2394323527909,8.463490422985,60.3604820066724,6.36669959408631,101.704082611581,10.7275376198701,78.575328184907,8.28796413528881,58.5882559323205,6.17976882989928,99.6956683175597,10.5156942076673,1.6641041678839,0.175526287696189,0.795282616860159,0.0838847760259397,2.48635720276887,0.262255847987964,93.9380955233211,72.4457036426281,117.439526592478,91.9834048754213,69.9713920378402,114.852886771752,1.95469064789981,1.00480777327328,2.86385006464175,81.5263157894737,95,93,94,18.68,18.09,18.36,1.34475499021103,1.25830225190395,1.43714753824942,1.15759032296556,1.09367572634018,1.22524009955646
"UK124C","Carlisle","UK","United Kingdom","Northern",-2.9362311,54.8948478,84019.0180706141,TRUE,2.0341087900344,2.02209766448866,0.557738714239718,-1.4707048953599,0.975837289382326,1175.66500270692,87.9626349455969,60.8528049765957,115.548305096126,85.5498874584262,58.4959822933633,113.223918166405,2.41274748717074,1.13245528889011,3.60117435354813,104.693719309679,7.48194721651717,72.4274174752337,5.17603269949217,137.526369326303,9.82833586353945,101.822051034357,7.27672315340263,69.6223112774302,4.97556550196516,134.75986838033,9.63062759423066,2.87166827532182,0.205224063114534,1.34785589607621,0.096324657643349,4.28614191910873,0.306309564821321,83.0354491053478,57.500136186231,108.873965531846,80.7628775553793,55.3667979985735,106.211044475561,2.27257154996853,1.07547532053789,3.37216445494856,80.0736842105263,94,92,94,15.45,14.94,15.45,1.3578910018893,1.2897755483501,1.42960375963914,1.13968786549977,1.07185130018462,1.21181774985363
"UK125C","Crawley","UK","United Kingdom","Northern",-0.1801094,51.1103444,80288.5169360665,TRUE,2.76318197383094,-0.385962706873814,0.162504652882373,-0.875145527203126,-0.604760458802343,919.001442954588,100.904826330681,85.1382348803433,117.150400706786,100.216378712031,84.4866269986495,116.368587102983,0.68844761864966,0.147723698213846,1.22472548535158,125.677780810213,10.9798332858186,106.040363092195,9.2642112298131,145.91177565289,12.747575273674,124.820313709161,10.9049207137081,105.228780182758,9.19330732789985,144.938020458949,12.6625031979121,0.857467101052407,0.0749125721104749,0.18399106603436,0.0160743706493991,1.52540554003112,0.133266981759473,116.267468516815,99.7751075005262,133.584961910351,115.490067984273,99.370585981498,132.856472985457,0.777400532542312,0.229865557316212,1.3798128342622,81.6052631578947,96,94,96,18.91,18.19,18.91,1.56677584818754,1.49254125457457,1.64470265122654,1.06516882208144,1.02672039905157,1.10505705407474
"UK126C","Watford","UK","United Kingdom","Northern",-0.3957425,51.6553875,71454.3797051966,TRUE,3.20582766737334,-0.96456139016401,-0.0294132765617407,-0.400751563416538,-0.383996350399765,794.143899551876,79.0401453575393,67.3113830744311,91.4197285900332,78.0923731946909,66.470690220256,90.3943734362449,0.947772162848402,0.489550364007495,1.42022006181554,110.616236098668,9.9528744604272,94.201899662612,8.47596803456073,127.941392770057,11.5117334077136,109.289834320697,9.83352931864833,93.0253547711112,8.37010650812333,126.506414035347,11.3826188789277,1.32640177797174,0.119345141778866,0.685122963808882,0.0616450449702808,1.98758993874837,0.178836614197622,112.384194699804,96.9517886743857,128.614005088738,111.039976384227,95.6009958094287,127.131439559199,1.34421831557682,0.781603731621112,1.95486466081013,81.0789473684211,95,93,94,18.49,17.91,18.1964,1.5429883554976,1.47742234733235,1.61146409454278,1.14247581779551,1.09659112179529,1.19028046854021
"UK127C","Gosport","UK","United Kingdom","Northern",-1.1210853,50.7952074,64913.5252293578,FALSE,2.83817029063482,0.147344393781199,0.735102580788608,-0.675738724680141,-0.839010973287078,825.599792723557,82.4799674265553,61.724085172024,103.495505429222,81.2019723466289,60.4162866018004,102.526315521302,1.27799507992635,0.21909123161401,2.27771625444318,127.06129752641,9.99030864027515,95.0866324913574,7.47627188330601,159.435965099019,12.5357959560288,125.092532041234,9.83551268572308,93.0719544013864,7.31786600896472,157.942917379771,12.4184037380968,1.9687654851756,0.154795954552071,0.337512453436937,0.0265372197940183,3.50884695661708,0.275886243494473,111.640664766853,89.5330322233541,132.876146827779,109.921852635653,87.8231389054371,131.194955607237,1.7188121312002,0.745906863700749,2.70363921369302,81.3842105263158,95,92,95,18.432,17.7,18.432,1.54684935290206,1.42022333198088,1.68476525254391,1.10228169957759,1.03354902128199,1.17558521192983
"UK128C","Eastleigh","UK","United Kingdom","Northern",-1.3517331,50.9691736,99062.0880733945,FALSE,2.31325460807565,0.29448021143594,0.354477734357315,-1.7192929164777,-0.560369646717161,1259.91677529738,119.251085101872,85.1453797365645,152.411904035963,117.625184708189,82.8707463087474,150.946099081012,1.62590039368312,0.0247174626001649,3.13966871975754,120.380144837569,9.46499700932435,85.9515293817356,6.75801619646408,153.854927753029,12.0969818819969,118.738850549003,9.33594877172949,83.6553599065557,6.57747780913446,152.375244674003,11.980640470906,1.64129428856628,0.12904823759485,0.0249514855590888,0.00196183296268366,3.16939485207639,0.249196516890292,105.747914247748,83.3798979511442,126.972971797954,104.317065245745,81.9497048322959,125.321912534541,1.43084900200372,0.426120133576644,2.42474010055534,81.3842105263158,95,92,96,18.522,17.7452,19,1.48643395483448,1.36155858292799,1.62276227390338,1.08536531463654,1.01925377104234,1.15576503093177
"UK129C","Rushmoor","UK","United Kingdom","Northern",-0.7539836,51.2918693,71334.9932977659,FALSE,2.50084629242153,-0.863259385890509,-0.131303113825118,-1.23687283728772,-0.875395947558288,720.654326958379,68.1608993489286,49.2278875218579,87.5433791133134,66.9895714539925,47.7358939543647,86.4467720760469,1.17132789493609,0.146838950297261,2.12668191736903,95.5504391293793,9.45819608641096,69.0094513871632,6.83099867444508,122.721507448512,12.1477629202342,93.9084288889819,9.29565936788742,66.9179202906853,6.62396549478037,121.184243636502,11.9955946758701,1.64201024039737,0.162536718523546,0.205844205640179,0.0203757813981379,2.98126041519602,0.29510430144019,108.065063044938,84.5964060547211,131.809738698853,106.197330058117,82.9731673619707,130.078308578822,1.86773298682109,0.629815241838744,2.91735768991497,81.3842105263158,95,92,95,18.562,17.68,18.562,1.4434674296281,1.31587424519846,1.58343263271552,1.13312272902855,1.05020911731581,1.2225823389562
"UK130C","Rugby","UK","United Kingdom","Northern",-1.2620038,52.3726682,80089.2571357119,FALSE,4.77816949536804,1.24356935877165,-4.05446404439848,-1.01847032512898,0.385892306614521,1019.65793009693,98.8146985967655,54.5642663923971,143.040820763928,98.0127145714502,53.5895716987792,142.02002884751,0.801984025315325,-1.11509172703045,2.56632348568489,123.380715629967,9.69096553658656,68.1293201408242,5.35123248511489,178.601757438635,14.028314451527,122.379352833011,9.61231327472075,66.9123096097286,5.25564212438232,177.327189596547,13.9282032391009,1.00136279695585,0.0786522618658089,-1.39231123737471,-0.109359393392296,3.20432924148146,0.251684747397682,114.295301967598,70.1896932109048,159.217559538158,113.377216353599,69.3519430141838,158.900718258657,0.918085613999145,-1.00676005192246,2.69777003271865,80.8526315789474,95,93,99,18.052,17.41,20.9588,1.47814607546841,1.30010043068457,1.68057464550811,1.08629730196903,0.962087364405594,1.22654331812607
"UK131C","Corby","UK","United Kingdom","Northern",-0.7032713,52.4877341,50530.4956279147,FALSE,5.52247883550912,1.77167303390093,-4.93410153011186,0.486012710579426,0.557710663640932,615.123305371149,60.1622188592743,28.5520455639122,89.7166497125413,59.7050365004631,27.7688542330135,89.0113291750763,0.457182358811143,-0.852731416777482,1.63922251422148,119.061208705103,9.78051365213256,56.5045824488986,4.64167839433179,177.549514600405,14.5851488521328,118.156443467537,9.70618995884715,54.9546444932811,4.51435573819765,176.153683174846,14.4704855754684,0.904765237565928,0.0743236932854124,-1.68755799083515,-0.138627720545065,3.24402619418583,0.266486816530617,125.827250931476,67.0175756497108,181.221666430069,124.856632665948,67.2077784606976,180.233114621467,0.970618265527792,-1.46905937595071,3.24503523206442,80.4526315789474,95,91,99,18.34,17.15,21.2388,1.56024479601012,1.34107542878507,1.8152325896255,1.0859552088673,0.939379123042719,1.25540230428603
"UK132C","Kettering","UK","United Kingdom","Northern",-0.728004,52.3994233,73356.4443287808,FALSE,2.36615241029278,0.737420382554428,-1.27464737296605,-1.71514905097101,-0.659900448565629,892.990617746222,79.7415870281655,54.2336515786609,105.843416055704,78.8065587983047,52.9447368182536,105.102699131786,0.935028229860781,-0.464108685887329,2.21310683007121,108.704269621857,8.92972282613917,73.9316798611281,6.07326107362009,144.286459116417,11.8526907172706,107.429632828299,8.82501531731666,72.1746225607082,5.92892419764481,143.27670880655,11.7697428218283,1.27463679355834,0.104707508822507,-0.63267609292404,-0.0519724033673133,3.01692216726338,0.24783091625943,115.02677499671,88.1021314190728,146.177144938122,113.663926909232,86.4671855491461,144.693785570809,1.3628480874778,0.0574990197064977,2.74807840539612,80.4526315789474,95,92,96,18.26,17.3452,18.78,1.41053703563331,1.28884700912298,1.54371675987134,1.11481103668959,1.01935556142638,1.2192052455042
"UK133C","Inverclyde","UK","United Kingdom","Northern",-4.7564721,55.9473423,60382.3301132578,FALSE,1.90749676804552,2.17201758191222,0.904013793189856,-1.11423774194705,1.03635805942765,881.956854118861,72.1909814021396,39.6544853445145,103.395060705801,70.5857731627645,37.8043233952654,102.238448950448,1.60520823937513,-0.113800482706207,3.27366915378059,119.556468368697,8.18531893765525,65.6723337276575,4.49619334090126,171.233969460711,11.7233694849053,116.898061122133,8.00331363525541,62.6082553030938,4.28641415038773,169.318488966361,11.5922279500386,2.65840724656414,0.182005302399837,-0.188466530676695,-0.0129031802604337,5.42156811047245,0.371182460739672,118.808243298812,77.3027636495563,158.529631528337,116.159977635742,74.1157971213079,155.783257195869,2.64826566306915,0.67010321537791,4.66826394176943,77.8789473684211,95,92,97,14.98,14.22,15.86,1.38302545050769,1.27122834373056,1.50465445974781,1.11241421423119,1.00886600286771,1.22659042975588
"UK134C","Renfrewshire","UK","United Kingdom","Northern",-4.4239646,55.8455828,134906.028758606,FALSE,1.61579502659615,1.25536290033499,0.884074240946705,-1.31321140850631,0.194871696169566,1970.46547396296,158.926414557057,103.106797129703,214.054078705502,155.433195150366,99.1223155514977,211.476733828714,3.49321940669082,-0.308190307179088,7.04024348523594,117.805272321396,8.06542497988698,76.4286059551847,5.23261120238441,158.66902367167,10.8631225227713,115.215899971743,7.88814608549126,73.4750822210195,5.03040103271361,156.758549469365,10.7323237388878,2.58937234965341,0.177278894395715,-0.228448135353942,-0.0156404824774352,5.21862777373234,0.357288345229249,117.082618158016,90.6952475544964,146.675436805821,114.502529074375,88.0986263197804,144.18468952318,2.58008908364123,0.653661714866373,4.27001635894711,77.8789473684211,95,91,96,15.15,14.21,15.5576,1.32952983834066,1.23449923098702,1.43187581382685,1.11584252287024,1.02392999550167,1.21600552900629
"UK135C","Derry & Strabane Local Government District","UK","United Kingdom","Northern",-7.3213056,54.9978678,108861.690181051,FALSE,1.20569364626182,1.69477320662205,1.19009367331743,-1.19792727286814,1.17376775300628,1238.78804921965,106.270750495202,58.651567541349,150.715447030485,104.80669999266,56.7964894446083,149.846384753281,1.46405050254137,-0.959491896271786,3.61916023874891,97.6199711013673,8.57860636951935,53.8771421275971,4.73459261883381,138.446727016479,12.1663626901652,96.2750989979612,8.46042226986941,52.1730733283202,4.58484318446453,137.648409191578,12.0962084553264,1.34487210340614,0.118184099649946,-0.881386183400268,-0.0774540807748507,3.32454900592651,0.292153305888665,111.100036934967,73.4670481061148,147.226242307151,109.551260094809,71.6971664495375,145.270198698599,1.54877684015795,-0.233837241780659,3.16729880829012,79.5631578947368,95,92,97.025,15.49,14.6852,16.3045,1.41816465163341,1.29527685417281,1.5527112776418,1.10602110896077,0.99379016124133,1.230926548859
