"city","URAU_CODE","agegroup","mmt","tmax","log_rr_slope_at_tmax","temperature","rr","log_rr","af_heat","baseline_daily_per100k","baseline_daily_per_person","mdd_heat_per_person_day","excess_heat_only_per100k_day"
"Rome","IT001C","20-44",18.04,30.31,0.142862557326244,-3.87,1.0839638390362,0.0806245436383432,0,0.136727803767992,1.36727803767992e-06,0,0
"Rome","IT001C","20-44",18.04,30.31,0.142862557326244,-3.5,1.09988777500183,0.0952081518740461,0,0.136727803767992,1.36727803767992e-06,0,0
"Rome","IT001C","20-44",18.04,30.31,0.142862557326244,-3,1.120237602727,0.113540808099335,0,0.136727803767992,1.36727803767992e-06,0,0
"Rome","IT001C","20-44",18.04,30.31,0.142862557326244,-2.5,1.13916221563194,0.130293093667604,0,0.136727803767992,1.36727803767992e-06,0,0
"Rome","IT001C","20-44",18.04,30.31,0.142862557326244,-2,1.15657726359201,0.145465008578854,0,0.136727803767992,1.36727803767992e-06,0,0
"Rome","IT001C","20-44",18.04,30.31,0.142862557326244,-1.5,1.17240424758767,0.159056552833084,0,0.136727803767992,1.36727803767992e-06,0,0
"Rome","IT001C","20-44",18.04,30.31,0.142862557326244,-1,1.18657110852592,0.171067726430295,0,0.136727803767992,1.36727803767992e-06,0,0
"Rome","IT001C","20-44",18.04,30.31,0.142862557326244,-0.5,1.19901277340485,0.181498529370487,0,0.136727803767992,1.36727803767992e-06,0,0
"Rome","IT001C","20-44",18.04,30.31,0.142862557326244,0,1.20967165303282,0.190348961653659,0,0.136727803767992,1.36727803767992e-06,0,0
"Rome","IT001C","20-44",18.04,30.31,0.142862557326244,0.5,1.21849808597767,0.197619023279811,0,0.136727803767992,1.36727803767992e-06,0,0
"Rome","IT001C","20-44",18.04,30.31,0.142862557326244,1,1.2254507239579,0.203308714248944,0,0.136727803767992,1.36727803767992e-06,0,0
"Rome","IT001C","20-44",18.04,30.31,0.142862557326244,1.5,1.23049685449174,0.207418034561057,0,0.136727803767992,1.36727803767992e-06,0,0
"Rome","IT001C","20-44",18.04,30.31,0.142862557326244,2,1.23361265728108,0.209946984216151,0,0.136727803767992,1.36727803767992e-06,0,0
"Rome","IT001C","20-44",18.04,30.31,0.142862557326244,2.5,1.2347833915187,0.210895563214225,0,0.136727803767992,1.36727803767992e-06,0,0
"Rome","IT001C","20-44",18.04,30.31,0.142862557326244,3,1.23400351205795,0.21026377155528,0,0.136727803767992,1.36727803767992e-06,0,0
"Rome","IT001C","20-44",18.04,30.31,0.142862557326244,3.5,1.23127671316369,0.208051609239315,0,0.136727803767992,1.36727803767992e-06,0,0
"Rome","IT001C","20-44",18.04,30.31,0.142862557326244,4,1.22661589936165,0.204259076266331,0,0.136727803767992,1.36727803767992e-06,0,0
"Rome","IT001C","20-44",18.04,30.31,0.142862557326244,4.5,1.22004308370794,0.198886172636328,0,0.136727803767992,1.36727803767992e-06,0,0
"Rome","IT001C","20-44",18.04,30.31,0.142862557326244,5,1.2115892146009,0.191932898349304,0,0.136727803767992,1.36727803767992e-06,0,0
"Rome","IT001C","20-44",18.04,30.31,0.142862557326244,5.5,1.20129393304196,0.183399253405262,0,0.136727803767992,1.36727803767992e-06,0,0
"Rome","IT001C","20-44",18.04,30.31,0.142862557326244,6,1.18920526300937,0.1732852378042,0,0.136727803767992,1.36727803767992e-06,0,0
"Rome","IT001C","20-44",18.04,30.31,0.142862557326244,6.5,1.17537923832881,0.161590851546118,0,0.136727803767992,1.36727803767992e-06,0,0
"Rome","IT001C","20-44",18.04,30.31,0.142862557326244,7,1.15987947009705,0.148316094631017,0,0.136727803767992,1.36727803767992e-06,0,0
"Rome","IT001C","20-44",18.04,30.31,0.142862557326244,7.5,1.14391733617953,0.134458631762502,0,0.136727803767992,1.36727803767992e-06,0,0
"Rome","IT001C","20-44",18.04,30.31,0.142862557326244,8,1.12893523124857,0.121274915274405,0,0.136727803767992,1.36727803767992e-06,0,0
"Rome","IT001C","20-44",18.04,30.31,0.142862557326244,8.5,1.11490478862007,0.1087690098939,0,0.136727803767992,1.36727803767992e-06,0,0
"Rome","IT001C","20-44",18.04,30.31,0.142862557326244,9,1.10179527280832,0.0969409156209892,0,0.136727803767992,1.36727803767992e-06,0,0
"Rome","IT001C","20-44",18.04,30.31,0.142862557326244,9.5,1.08957818211442,0.0857906324556714,0,0.136727803767992,1.36727803767992e-06,0,0
"Rome","IT001C","20-44",18.04,30.31,0.142862557326244,10,1.07822714549578,0.0753181603979471,0,0.136727803767992,1.36727803767992e-06,0,0
"Rome","IT001C","20-44",18.04,30.31,0.142862557326244,10.5,1.06771782779807,0.0655234994478161,0,0.136727803767992,1.36727803767992e-06,0,0
"Rome","IT001C","20-44",18.04,30.31,0.142862557326244,11,1.05802784287334,0.0564066496052784,0,0.136727803767992,1.36727803767992e-06,0,0
"Rome","IT001C","20-44",18.04,30.31,0.142862557326244,11.5,1.04913667415039,0.047967610870334,0,0.136727803767992,1.36727803767992e-06,0,0
"Rome","IT001C","20-44",18.04,30.31,0.142862557326244,12,1.04102560226299,0.040206383242983,0,0.136727803767992,1.36727803767992e-06,0,0
"Rome","IT001C","20-44",18.04,30.31,0.142862557326244,12.5,1.03367763937879,0.0331229667232253,0,0.136727803767992,1.36727803767992e-06,0,0
"Rome","IT001C","20-44",18.04,30.31,0.142862557326244,13,1.02707746990624,0.0267173613110609,0,0.136727803767992,1.36727803767992e-06,0,0
"Rome","IT001C","20-44",18.04,30.31,0.142862557326244,13.5,1.02121139729007,0.0209895670064899,0,0.136727803767992,1.36727803767992e-06,0,0
"Rome","IT001C","20-44",18.04,30.31,0.142862557326244,14,1.01606729663633,0.0159395838095122,0,0.136727803767992,1.36727803767992e-06,0,0
"Rome","IT001C","20-44",18.04,30.31,0.142862557326244,14.5,1.01163457293775,0.0115674117201278,0,0.136727803767992,1.36727803767992e-06,0,0
"Rome","IT001C","20-44",18.04,30.31,0.142862557326244,15,1.00790412469772,0.00787305073833675,0,0.136727803767992,1.36727803767992e-06,0,0
"Rome","IT001C","20-44",18.04,30.31,0.142862557326244,15.5,1.00486831277824,0.00485650086413907,0,0.136727803767992,1.36727803767992e-06,0,0
"Rome","IT001C","20-44",18.04,30.31,0.142862557326244,16,1.00252093432227,0.00251776209753467,0,0.136727803767992,1.36727803767992e-06,0,0
"Rome","IT001C","20-44",18.04,30.31,0.142862557326244,16.5,1.00085720162602,0.000856834438523621,0,0.136727803767992,1.36727803767992e-06,0,0
"Rome","IT001C","20-44",18.04,30.31,0.142862557326244,17,0.999873725860356,-0.000126282112894088,0,0.136727803767992,1.36727803767992e-06,0,0
"Rome","IT001C","20-44",18.04,30.31,0.142862557326244,17.5,0.999568505563794,-0.000431587556718488,0,0.136727803767992,1.36727803767992e-06,0,0
"Rome","IT001C","20-44",18.04,30.31,0.142862557326244,18,0.999940919852351,-5.90818929495501e-05,0,0.136727803767992,1.36727803767992e-06,0,0
"Rome","IT001C","20-44",18.04,30.31,0.142862557326244,18.5,1.00099172631407,0.000991234878412725,0.000990743767402889,0.136727803767992,1.36727803767992e-06,1.35462219413823e-09,0.000135462219413823
"Rome","IT001C","20-44",18.04,30.31,0.142862557326244,19,1.00272306357814,0.00271936275736834,0.00271566863977265,0.136727803767992,1.36727803767992e-06,3.71307408877724e-09,0.000371307408877724
"Rome","IT001C","20-44",18.04,30.31,0.142862557326244,19.5,1.00513845857087,0.00512530174391727,0.00511218979539599,0.136727803767992,1.36727803767992e-06,6.98978483169633e-09,0.000698978483169633
"Rome","IT001C","20-44",18.04,30.31,0.142862557326244,20,1.00824283849295,0.00820905183805953,0.00817544958243806,0.136727803767992,1.36727803767992e-06,1.1178112662227e-08,0.0011178112662227
"Rome","IT001C","20-44",18.04,30.31,0.142862557326244,20.5,1.01204254757501,0.0119706130397951,0.0118992502873138,0.136727803767992,1.36727803767992e-06,1.62695835827006e-08,0.00162695835827006
"Rome","IT001C","20-44",18.04,30.31,0.142862557326244,21,1.01654536869112,0.0164099853491241,0.0162760750289225,0.136727803767992,1.36727803767992e-06,2.22539199266762e-08,0.00222539199266762
"Rome","IT001C","20-44",18.04,30.31,0.142862557326244,21.5,1.02185789644534,0.0216224375398911,0.0213903484245493,0.136727803767992,1.36727803767992e-06,2.92465536192074e-08,0.00292465536192074
"Rome","IT001C","20-44",18.04,30.31,0.142862557326244,22,1.02881861198865,0.0284111653063256,0.0280113633762344,0.136727803767992,1.36727803767992e-06,3.82993219497969e-08,0.00382993219497969
"Rome","IT001C","20-44",18.04,30.31,0.142862557326244,22.5,1.03764928197031,0.036957849008526,0.036283243890285,0.136727803767992,1.36727803767992e-06,4.96092825069708e-08,0.00496092825069708
"Rome","IT001C","20-44",18.04,30.31,0.142862557326244,23,1.04839716531829,0.0472624886464923,0.0461630066536844,0.136727803767992,1.36727803767992e-06,6.31176651508546e-08,0.00631176651508546
"Rome","IT001C","20-44",18.04,30.31,0.142862557326244,23.5,1.06112013808943,0.0593250842202246,0.0575996401307415,0.136727803767992,1.36727803767992e-06,7.87547229290297e-08,0.00787547229290297
"Rome","IT001C","20-44",18.04,30.31,0.142862557326244,24,1.07588721312498,0.0731456357297229,0.0705345432116097,0.136727803767992,1.36727803767992e-06,9.6440331831019e-08,0.0096440331831019
"Rome","IT001C","20-44",18.04,30.31,0.142862557326244,24.5,1.09277916415324,0.0887241431749872,0.0849020252185475,0.136727803767992,1.36727803767992e-06,1.16084674435867e-07,0.0116084674435867
"Rome","IT001C","20-44",18.04,30.31,0.142862557326244,25,1.11198576478443,0.106147394293599,0.100707912215169,0.136727803767992,1.36727803767992e-06,1.37695716592398e-07,0.0137695716592398
"Rome","IT001C","20-44",18.04,30.31,0.142862557326244,25.5,1.13635290528597,0.127823928116948,0.119991689774977,0.136727803767992,1.36727803767992e-06,1.64062002133428e-07,0.0164062002133428
"Rome","IT001C","20-44",18.04,30.31,0.142862557326244,26,1.16747662392224,0.154844688024054,0.143451800653264,0.136727803767992,1.36727803767992e-06,1.96138496498846e-07,0.0196138496498846
"Rome","IT001C","20-44",18.04,30.31,0.142862557326244,26.5,1.20588010026674,0.187209674014916,0.170730158181728,0.136727803767992,1.36727803767992e-06,2.33435595651495e-07,0.0233435595651495
"Rome","IT001C","20-44",18.04,30.31,0.142862557326244,27,1.25222113951889,0.224918886089535,0.201419007840573,0.136727803767992,1.36727803767992e-06,2.75395785791695e-07,0.0275395785791695
"Rome","IT001C","20-44",18.04,30.31,0.142862557326244,27.5,1.30731095870027,0.26797232424791,0.235071049206072,0.136727803767992,1.36727803767992e-06,3.21407482873838e-07,0.0321407482873838
"Rome","IT001C","20-44",18.04,30.31,0.142862557326244,28,1.37213783692705,0.316369988490041,0.271210243542633,0.136727803767992,1.36727803767992e-06,3.70819809589664e-07,0.0370819809589664
"Rome","IT001C","20-44",18.04,30.31,0.142862557326244,28.5,1.44789659455868,0.370111878815929,0.309342943578924,0.136727803767992,1.36727803767992e-06,4.22957812866721e-07,0.0422957812866721
"Rome","IT001C","20-44",18.04,30.31,0.142862557326244,29,1.53602512993371,0.429197995225573,0.348968984613451,0.136727803767992,1.36727803767992e-06,4.77137628493433e-07,0.0477137628493433
"Rome","IT001C","20-44",18.04,30.31,0.142862557326244,29.5,1.63824957205886,0.493628337718974,0.389592393579411,0.136727803767992,1.36727803767992e-06,5.3268112338828e-07,0.053268112338828
"Rome","IT001C","20-44",18.04,30.31,0.142862557326244,30,1.75664002247067,0.563402906296131,0.430731403584028,0.136727803767992,1.36727803767992e-06,5.88929588259486e-07,0.0588929588259486
"Rome","IT001C","20-44",18.04,30.31,0.142862557326244,30.31,1.83923000621599,0.609347009153231,0.456294211914589,0.136727803767992,1.36727803767992e-06,6.23881054671284e-07,0.0623881054671284
"Rome","IT001C","45-64",19.28,30.31,0.193238604152114,-3.87,1.38514659303551,0.325805977385225,0,0.894248726140725,8.94248726140725e-06,0,0
"Rome","IT001C","45-64",19.28,30.31,0.193238604152114,-3.5,1.38462351759893,0.325428274238826,0,0.894248726140725,8.94248726140725e-06,0,0
"Rome","IT001C","45-64",19.28,30.31,0.193238604152114,-3,1.38315397437382,0.324366380089125,0,0.894248726140725,8.94248726140725e-06,0,0
"Rome","IT001C","45-64",19.28,30.31,0.193238604152114,-2.5,1.38081043111521,0.32267059571827,0,0.894248726140725,8.94248726140725e-06,0,0
"Rome","IT001C","45-64",19.28,30.31,0.193238604152114,-2,1.37759733632334,0.32034092112626,0,0.894248726140725,8.94248726140725e-06,0,0
"Rome","IT001C","45-64",19.28,30.31,0.193238604152114,-1.5,1.37352078088243,0.317377356313095,0,0.894248726140725,8.94248726140725e-06,0,0
"Rome","IT001C","45-64",19.28,30.31,0.193238604152114,-1,1.3685884788213,0.313779901278775,0,0.894248726140725,8.94248726140725e-06,0,0
"Rome","IT001C","45-64",19.28,30.31,0.193238604152114,-0.5,1.36280974298997,0.3095485560233,0,0.894248726140725,8.94248726140725e-06,0,0
"Rome","IT001C","45-64",19.28,30.31,0.193238604152114,0,1.35619545575988,0.304683320546671,0,0.894248726140725,8.94248726140725e-06,0,0
"Rome","IT001C","45-64",19.28,30.31,0.193238604152114,0.5,1.34875803487658,0.299184194848887,0,0.894248726140725,8.94248726140725e-06,0,0
"Rome","IT001C","45-64",19.28,30.31,0.193238604152114,1,1.34051139461488,0.293051178929948,0,0.894248726140725,8.94248726140725e-06,0,0
"Rome","IT001C","45-64",19.28,30.31,0.193238604152114,1.5,1.33147090240667,0.286284272789854,0,0.894248726140725,8.94248726140725e-06,0,0
"Rome","IT001C","45-64",19.28,30.31,0.193238604152114,2,1.32165333113037,0.278883476428605,0,0.894248726140725,8.94248726140725e-06,0,0
"Rome","IT001C","45-64",19.28,30.31,0.193238604152114,2.5,1.3110768072696,0.270848789846202,0,0.894248726140725,8.94248726140725e-06,0,0
"Rome","IT001C","45-64",19.28,30.31,0.193238604152114,3,1.29976075516505,0.262180213042644,0,0.894248726140725,8.94248726140725e-06,0,0
"Rome","IT001C","45-64",19.28,30.31,0.193238604152114,3.5,1.28772583759958,0.252877746017931,0,0.894248726140725,8.94248726140725e-06,0,0
"Rome","IT001C","45-64",19.28,30.31,0.193238604152114,4,1.27499389297076,0.242941388772063,0,0.894248726140725,8.94248726140725e-06,0,0
"Rome","IT001C","45-64",19.28,30.31,0.193238604152114,4.5,1.26158786931806,0.232371141305041,0,0.894248726140725,8.94248726140725e-06,0,0
"Rome","IT001C","45-64",19.28,30.31,0.193238604152114,5,1.24753175548339,0.221167003616863,0,0.894248726140725,8.94248726140725e-06,0,0
"Rome","IT001C","45-64",19.28,30.31,0.193238604152114,5.5,1.23285050969364,0.209328975707531,0,0.894248726140725,8.94248726140725e-06,0,0
"Rome","IT001C","45-64",19.28,30.31,0.193238604152114,6,1.2175699858624,0.196857057577045,0,0.894248726140725,8.94248726140725e-06,0,0
"Rome","IT001C","45-64",19.28,30.31,0.193238604152114,6.5,1.20171685791468,0.183751249225403,0,0.894248726140725,8.94248726140725e-06,0,0
"Rome","IT001C","45-64",19.28,30.31,0.193238604152114,7,1.18531854244401,0.170011550652607,0,0.894248726140725,8.94248726140725e-06,0,0
"Rome","IT001C","45-64",19.28,30.31,0.193238604152114,7.5,1.16903347836438,0.156177320543831,0,0.894248726140725,8.94248726140725e-06,0,0
"Rome","IT001C","45-64",19.28,30.31,0.193238604152114,8,1.1536465326794,0.14292782366239,0,0.894248726140725,8.94248726140725e-06,0,0
"Rome","IT001C","45-64",19.28,30.31,0.193238604152114,8.5,1.13913050614691,0.130265257485951,0,0.894248726140725,8.94248726140725e-06,0,0
"Rome","IT001C","45-64",19.28,30.31,0.193238604152114,9,1.12545750265376,0.118189622014513,0,0.894248726140725,8.94248726140725e-06,0,0
"Rome","IT001C","45-64",19.28,30.31,0.193238604152114,9.5,1.11260144481108,0.106700917248076,0,0.894248726140725,8.94248726140725e-06,0,0
"Rome","IT001C","45-64",19.28,30.31,0.193238604152114,10,1.10053799123884,0.0957991431866403,0,0.894248726140725,8.94248726140725e-06,0,0
"Rome","IT001C","45-64",19.28,30.31,0.193238604152114,10.5,1.08924445988685,0.0854842998302064,0,0.894248726140725,8.94248726140725e-06,0,0
"Rome","IT001C","45-64",19.28,30.31,0.193238604152114,11,1.0786997570547,0.0757563871787739,0,0.894248726140725,8.94248726140725e-06,0,0
"Rome","IT001C","45-64",19.28,30.31,0.193238604152114,11.5,1.0688843117999,0.0666154052323427,0,0.894248726140725,8.94248726140725e-06,0,0
"Rome","IT001C","45-64",19.28,30.31,0.193238604152114,12,1.05978001544909,0.058061353990913,0,0.894248726140725,8.94248726140725e-06,0,0
"Rome","IT001C","45-64",19.28,30.31,0.193238604152114,12.5,1.0513701659508,0.0500942334544847,0,0.894248726140725,8.94248726140725e-06,0,0
"Rome","IT001C","45-64",19.28,30.31,0.193238604152114,13,1.04363941683033,0.0427140436230577,0,0.894248726140725,8.94248726140725e-06,0,0
"Rome","IT001C","45-64",19.28,30.31,0.193238604152114,13.5,1.0365737305287,0.0359207844966322,0,0.894248726140725,8.94248726140725e-06,0,0
"Rome","IT001C","45-64",19.28,30.31,0.193238604152114,14,1.0301603359268,0.0297144560752082,0,0.894248726140725,8.94248726140725e-06,0,0
"Rome","IT001C","45-64",19.28,30.31,0.193238604152114,14.5,1.0243876898751,0.0240950583587855,0,0.894248726140725,8.94248726140725e-06,0,0
"Rome","IT001C","45-64",19.28,30.31,0.193238604152114,15,1.01924544256646,0.0190625913473642,0,0.894248726140725,8.94248726140725e-06,0,0
"Rome","IT001C","45-64",19.28,30.31,0.193238604152114,15.5,1.01472440660682,0.0146170550409445,0,0.894248726140725,8.94248726140725e-06,0,0
"Rome","IT001C","45-64",19.28,30.31,0.193238604152114,16,1.01081652965418,0.010758449439526,0,0.894248726140725,8.94248726140725e-06,0,0
"Rome","IT001C","45-64",19.28,30.31,0.193238604152114,16.5,1.00751487051193,0.00748677454310898,0,0.894248726140725,8.94248726140725e-06,0,0
"Rome","IT001C","45-64",19.28,30.31,0.193238604152114,17,1.00481357857702,0.00480203035169341,0,0.894248726140725,8.94248726140725e-06,0,0
"Rome","IT001C","45-64",19.28,30.31,0.193238604152114,17.5,1.00270787655783,0.00270421686527911,0,0.894248726140725,8.94248726140725e-06,0,0
"Rome","IT001C","45-64",19.28,30.31,0.193238604152114,18,1.0011940463903,0.00119333408386635,0,0.894248726140725,8.94248726140725e-06,0,0
"Rome","IT001C","45-64",19.28,30.31,0.193238604152114,18.5,1.00026941829405,0.000269382007454966,0,0.894248726140725,8.94248726140725e-06,0,0
"Rome","IT001C","45-64",19.28,30.31,0.193238604152114,19,0.999932362923535,-6.76393639549855e-05,0,0.894248726140725,8.94248726140725e-06,0,0
"Rome","IT001C","45-64",19.28,30.31,0.193238604152114,19.5,1.00018228658182,0.000182269969636439,0.000182253359474703,0.894248726140725,8.94248726140725e-06,1.62979834545121e-09,0.000162979834545121
"Rome","IT001C","45-64",19.28,30.31,0.193238604152114,20,1.00101962947728,0.00101911000822924,0.0010185908919852,0.894248726140725,8.94248726140725e-06,9.10873607616306e-09,0.000910873607616306
"Rome","IT001C","45-64",19.28,30.31,0.193238604152114,20.5,1.00244586701621,0.00244288075182358,0.00243989934687281,0.894248726140725,8.94248726140725e-06,2.1818768828526e-08,0.0021818768828526
"Rome","IT001C","45-64",19.28,30.31,0.193238604152114,21,1.00446351413638,0.00445358220041925,0.00444367970918517,0.894248726140725,8.94248726140725e-06,3.97375491931623e-08,0.00397375491931623
"Rome","IT001C","45-64",19.28,30.31,0.193238604152114,21.5,1.0071994330049,0.0071736408059247,0.00714797166180093,0.894248726140725,8.94248726140725e-06,6.39206455305549e-08,0.00639206455305549
"Rome","IT001C","45-64",19.28,30.31,0.193238604152114,22,1.01170316667077,0.0116352142739992,0.0115677869322852,0.894248726140725,8.94248726140725e-06,1.03444787284634e-07,0.0103444787284634
"Rome","IT001C","45-64",19.28,30.31,0.193238604152114,22.5,1.01823605608934,0.0180717734573751,0.0179094582049848,0.894248726140725,8.94248726140725e-06,1.60155101856783e-07,0.0160155101856783
"Rome","IT001C","45-64",19.28,30.31,0.193238604152114,23,1.02683711778762,0.0264833183560523,0.0261357106426379,0.894248726140725,8.94248726140725e-06,2.33718259489615e-07,0.0233718259489615
"Rome","IT001C","45-64",19.28,30.31,0.193238604152114,23.5,1.03755797281121,0.0368698489700308,0.036198433047025,0.894248726140725,8.94248726140725e-06,3.23704026405924e-07,0.0323704026405924
"Rome","IT001C","45-64",19.28,30.31,0.193238604152114,24,1.05046336339708,0.0492313652993108,0.0480391464904502,0.894248726140725,8.94248726140725e-06,4.29589455539727e-07,0.0429589455539727
"Rome","IT001C","45-64",19.28,30.31,0.193238604152114,24.5,1.06563180494755,0.0635678673438921,0.0615895702838785,0.894248726140725,8.94248726140725e-06,5.50763947699131e-07,0.0550763947699131
"Rome","IT001C","45-64",19.28,30.31,0.193238604152114,25,1.08331305585026,0.0800239898216724,0.0769057987442669,0.894248726140725,8.94248726140725e-06,6.87729125598957e-07,0.0687729125598957
"Rome","IT001C","45-64",19.28,30.31,0.193238604152114,25.5,1.10806322058426,0.10261364498637,0.0975244179003407,0.894248726140725,8.94248726140725e-06,8.72110864749954e-07,0.0872110864749954
"Rome","IT001C","45-64",19.28,30.31,0.193238604152114,26,1.14242697752175,0.133154927101804,0.124670530654588,0.894248726140725,8.94248726140725e-06,1.11486463225154e-06,0.111486463225154
"Rome","IT001C","45-64",19.28,30.31,0.193238604152114,26.5,1.18725964967583,0.171647836167975,0.157724260002402,0.894248726140725,8.94248726140725e-06,1.41044718588636e-06,0.141044718588636
"Rome","IT001C","45-64",19.28,30.31,0.193238604152114,27,1.24370194577928,0.218092372184883,0.195948833726864,0.894248726140725,8.94248726140725e-06,1.75226994949009e-06,0.175226994949009
"Rome","IT001C","45-64",19.28,30.31,0.193238604152114,27.5,1.31322840286285,0.272488535152528,0.23851784059803,0.894248726140725,8.94248726140725e-06,2.13294275116625e-06,0.213294275116625
"Rome","IT001C","45-64",19.28,30.31,0.193238604152114,28,1.39771159615307,0.33483632507091,0.284544821154589,0.894248726140725,8.94248726140725e-06,2.54453843847432e-06,0.254453843847432
"Rome","IT001C","45-64",19.28,30.31,0.193238604152114,28.5,1.49950603210042,0.405135741940028,0.333113719723248,0.894248726140725,8.94248726140725e-06,2.97886519522513e-06,0.297886519522513
"Rome","IT001C","45-64",19.28,30.31,0.193238604152114,29,1.62155697888091,0.483386785759883,0.383308750155585,0.894248726140725,8.94248726140725e-06,3.42773361545225e-06,0.342773361545225
"Rome","IT001C","45-64",19.28,30.31,0.193238604152114,29.5,1.76754124994012,0.569589456530475,0.434242340859723,0.894248726140725,8.94248726140725e-06,3.88320660150174e-06,0.388320660150174
"Rome","IT001C","45-64",19.28,30.31,0.193238604152114,30,1.94204929709683,0.663743754251804,0.485080012389542,0.894248726140725,8.94248726140725e-06,4.33782183155675e-06,0.433782183155675
"Rome","IT001C","45-64",19.28,30.31,0.193238604152114,30.31,2.06702985843177,0.726112725893687,0.516214051809252,0.894248726140725,8.94248726140725e-06,4.61623758246366e-06,0.461623758246366
"Rome","IT001C","65-74",20.32,30.31,0.221974782729558,-3.87,1.59799836972473,0.468751827146269,0,3.6139107054271,3.6139107054271e-05,0,0
"Rome","IT001C","65-74",20.32,30.31,0.221974782729558,-3.5,1.58382006657197,0.459839692604034,0,3.6139107054271,3.6139107054271e-05,0,0
"Rome","IT001C","65-74",20.32,30.31,0.221974782729558,-3,1.56473190023491,0.44771449956287,0,3.6139107054271,3.6139107054271e-05,0,0
"Rome","IT001C","65-74",20.32,30.31,0.221974782729558,-2.5,1.54572850012196,0.435495320333099,0,3.6139107054271,3.6139107054271e-05,0,0
"Rome","IT001C","65-74",20.32,30.31,0.221974782729558,-2,1.52681238701801,0.42318215491472,0,3.6139107054271,3.6139107054271e-05,0,0
"Rome","IT001C","65-74",20.32,30.31,0.221974782729558,-1.5,1.50798602651747,0.410775003307733,0,3.6139107054271,3.6139107054271e-05,0,0
"Rome","IT001C","65-74",20.32,30.31,0.221974782729558,-1,1.4892518287785,0.398273865512139,0,3.6139107054271,3.6139107054271e-05,0,0
"Rome","IT001C","65-74",20.32,30.31,0.221974782729558,-0.5,1.47061214830611,0.385678741527936,0,3.6139107054271,3.6139107054271e-05,0,0
"Rome","IT001C","65-74",20.32,30.31,0.221974782729558,0,1.45206928376398,0.372989631355126,0,3.6139107054271,3.6139107054271e-05,0,0
"Rome","IT001C","65-74",20.32,30.31,0.221974782729558,0.5,1.43362547781462,0.360206534993709,0,3.6139107054271,3.6139107054271e-05,0,0
"Rome","IT001C","65-74",20.32,30.31,0.221974782729558,1,1.41528291698773,0.347329452443683,0,3.6139107054271,3.6139107054271e-05,0,0
"Rome","IT001C","65-74",20.32,30.31,0.221974782729558,1.5,1.3970437315765,0.33435838370505,0,3.6139107054271,3.6139107054271e-05,0,0
"Rome","IT001C","65-74",20.32,30.31,0.221974782729558,2,1.37890999556133,0.321293328777809,0,3.6139107054271,3.6139107054271e-05,0,0
"Rome","IT001C","65-74",20.32,30.31,0.221974782729558,2.5,1.36088372656101,0.30813428766196,0,3.6139107054271,3.6139107054271e-05,0,0
"Rome","IT001C","65-74",20.32,30.31,0.221974782729558,3,1.34296688581068,0.294881260357503,0,3.6139107054271,3.6139107054271e-05,0,0
"Rome","IT001C","65-74",20.32,30.31,0.221974782729558,3.5,1.3251613781665,0.281534246864439,0,3.6139107054271,3.6139107054271e-05,0,0
"Rome","IT001C","65-74",20.32,30.31,0.221974782729558,4,1.30746905213653,0.268093247182767,0,3.6139107054271,3.6139107054271e-05,0,0
"Rome","IT001C","65-74",20.32,30.31,0.221974782729558,4.5,1.28989169993753,0.254558261312487,0,3.6139107054271,3.6139107054271e-05,0,0
"Rome","IT001C","65-74",20.32,30.31,0.221974782729558,5,1.27243105757725,0.2409292892536,0,3.6139107054271,3.6139107054271e-05,0,0
"Rome","IT001C","65-74",20.32,30.31,0.221974782729558,5.5,1.25508880496187,0.227206331006104,0,3.6139107054271,3.6139107054271e-05,0,0
"Rome","IT001C","65-74",20.32,30.31,0.221974782729558,6,1.2378665660282,0.213389386570001,0,3.6139107054271,3.6139107054271e-05,0,0
"Rome","IT001C","65-74",20.32,30.31,0.221974782729558,6.5,1.22076590890015,0.19947845594529,0,3.6139107054271,3.6139107054271e-05,0,0
"Rome","IT001C","65-74",20.32,30.31,0.221974782729558,7,1.20378834606914,0.185473539131972,0,3.6139107054271,3.6139107054271e-05,0,0
"Rome","IT001C","65-74",20.32,30.31,0.221974782729558,7.5,1.18726526019954,0.171652561764822,0,3.6139107054271,3.6139107054271e-05,0,0
"Rome","IT001C","65-74",20.32,30.31,0.221974782729558,8,1.17159438287092,0.158365541551379,0,3.6139107054271,3.6139107054271e-05,0,0
"Rome","IT001C","65-74",20.32,30.31,0.221974782729558,8.5,1.15674914634529,0.145613610827863,0,3.6139107054271,3.6139107054271e-05,0,0
"Rome","IT001C","65-74",20.32,30.31,0.221974782729558,9,1.14270329832117,0.133396769594275,0,3.6139107054271,3.6139107054271e-05,0,0
"Rome","IT001C","65-74",20.32,30.31,0.221974782729558,9.5,1.12943218790015,0.121715017850614,0,3.6139107054271,3.6139107054271e-05,0,0
"Rome","IT001C","65-74",20.32,30.31,0.221974782729558,10,1.11691269367664,0.110568355596881,0,3.6139107054271,3.6139107054271e-05,0,0
"Rome","IT001C","65-74",20.32,30.31,0.221974782729558,10.5,1.10512315675166,0.0999567828330755,0,3.6139107054271,3.6139107054271e-05,0,0
"Rome","IT001C","65-74",20.32,30.31,0.221974782729558,11,1.09404331839959,0.0898802995591974,0,3.6139107054271,3.6139107054271e-05,0,0
"Rome","IT001C","65-74",20.32,30.31,0.221974782729558,11.5,1.08365426213709,0.0803389057752469,0,3.6139107054271,3.6139107054271e-05,0,0
"Rome","IT001C","65-74",20.32,30.31,0.221974782729558,12,1.07393835996267,0.071332601481224,0,3.6139107054271,3.6139107054271e-05,0,0
"Rome","IT001C","65-74",20.32,30.31,0.221974782729558,12.5,1.06487922255323,0.0628613866771286,0,3.6139107054271,3.6139107054271e-05,0,0
"Rome","IT001C","65-74",20.32,30.31,0.221974782729558,13,1.05646165322075,0.0549252613629607,0,3.6139107054271,3.6139107054271e-05,0,0
"Rome","IT001C","65-74",20.32,30.31,0.221974782729558,13.5,1.04867160544815,0.0475242255387203,0,3.6139107054271,3.6139107054271e-05,0,0
"Rome","IT001C","65-74",20.32,30.31,0.221974782729558,14,1.04149614383831,0.0406582792044076,0,3.6139107054271,3.6139107054271e-05,0,0
"Rome","IT001C","65-74",20.32,30.31,0.221974782729558,14.5,1.03492340832428,0.0343274223600225,0,3.6139107054271,3.6139107054271e-05,0,0
"Rome","IT001C","65-74",20.32,30.31,0.221974782729558,15,1.02894258150215,0.0285316550055647,0,3.6139107054271,3.6139107054271e-05,0,0
"Rome","IT001C","65-74",20.32,30.31,0.221974782729558,15.5,1.02354385896053,0.0232709771410347,0,3.6139107054271,3.6139107054271e-05,0,0
"Rome","IT001C","65-74",20.32,30.31,0.221974782729558,16,1.01871842249278,0.018545388766432,0,3.6139107054271,3.6139107054271e-05,0,0
"Rome","IT001C","65-74",20.32,30.31,0.221974782729558,16.5,1.01445841608947,0.0143548898817569,0,3.6139107054271,3.6139107054271e-05,0,0
"Rome","IT001C","65-74",20.32,30.31,0.221974782729558,17,1.01075692461968,0.0106994804870095,0,3.6139107054271,3.6139107054271e-05,0,0
"Rome","IT001C","65-74",20.32,30.31,0.221974782729558,17.5,1.00760795511993,0.00757916058218938,0,3.6139107054271,3.6139107054271e-05,0,0
"Rome","IT001C","65-74",20.32,30.31,0.221974782729558,18,1.00500642062005,0.00499393016729693,0,3.6139107054271,3.6139107054271e-05,0,0
"Rome","IT001C","65-74",20.32,30.31,0.221974782729558,18.5,1.00294812644478,0.00294378924233207,0,3.6139107054271,3.6139107054271e-05,0,0
"Rome","IT001C","65-74",20.32,30.31,0.221974782729558,19,1.00142975893941,0.00142873780729474,0,3.6139107054271,3.6139107054271e-05,0,0
"Rome","IT001C","65-74",20.32,30.31,0.221974782729558,19.5,1.00044887657714,0.000448775862184891,0,3.6139107054271,3.6139107054271e-05,0,0
"Rome","IT001C","65-74",20.32,30.31,0.221974782729558,20,1.00000390341462,3.90340700262559e-06,0,3.6139107054271,3.6139107054271e-05,0,0
"Rome","IT001C","65-74",20.32,30.31,0.221974782729558,20.5,1.00009412487122,9.41204417479469e-05,9.4116012558067e-05,3.6139107054271,3.6139107054271e-05,3.4012686533571e-09,0.00034012686533571
"Rome","IT001C","65-74",20.32,30.31,0.221974782729558,21,1.00071968581607,0.0007194269664208,0.000719168240889287,3.6139107054271,3.6139107054271e-05,2.59900980475297e-08,0.00259900980475297
"Rome","IT001C","65-74",20.32,30.31,0.221974782729558,21.5,1.00201977808833,0.00201774107897479,0.0020157068078847,3.6139107054271,3.6139107054271e-05,7.28458441201683e-08,0.00728458441201682
"Rome","IT001C","65-74",20.32,30.31,0.221974782729558,22,1.00516512154371,0.00515182805875669,0.00513858015265839,3.6139107054271,3.6139107054271e-05,1.85703698243874e-07,0.0185703698243874
"Rome","IT001C","65-74",20.32,30.31,0.221974782729558,22.5,1.01043880993656,0.0103847017841771,0.0103309669362516,3.6139107054271,3.6139107054271e-05,3.7335192008333e-07,0.037335192008333
"Rome","IT001C","65-74",20.32,30.31,0.221974782729558,23,1.01787422789129,0.017716362255236,0.0175603501901412,3.6139107054271,3.6139107054271e-05,6.34615375432002e-07,0.0634615375432002
"Rome","IT001C","65-74",20.32,30.31,0.221974782729558,23.5,1.02751864116008,0.0271468094719332,0.0267816466366073,3.6139107054271,3.6139107054271e-05,9.6786479489001e-07,0.096786479489001
"Rome","IT001C","65-74",20.32,30.31,0.221974782729558,24,1.03943369773008,0.0386760434342689,0.037937674924521,3.6139107054271,3.6139107054271e-05,1.3710336954874e-06,0.13710336954874
"Rome","IT001C","65-74",20.32,30.31,0.221974782729558,24.5,1.05369608500484,0.0523040641422431,0.0509597461440599,3.6139107054271,3.6139107054271e-05,1.84163972135866e-06,0.184163972135866
"Rome","IT001C","65-74",20.32,30.31,0.221974782729558,25,1.07058850736876,0.0682085041621608,0.0659343033134678,3.6139107054271,3.6139107054271e-05,2.38280684599419e-06,0.238280684599419
"Rome","IT001C","65-74",20.32,30.31,0.221974782729558,25.5,1.09561848929524,0.0913190342184224,0.0872735265327132,3.6139107054271,3.6139107054271e-05,3.15398731836949e-06,0.315398731836949
"Rome","IT001C","65-74",20.32,30.31,0.221974782729558,26,1.1318670656464,0.123868539710615,0.116504022114195,3.6139107054271,3.6139107054271e-05,4.21035132743806e-06,0.421035132743806
"Rome","IT001C","65-74",20.32,30.31,0.221974782729558,26.5,1.18040431620198,0.165857020638739,0.15283264702254,3.6139107054271,3.6139107054271e-05,5.52323539213519e-06,0.552323539213519
"Rome","IT001C","65-74",20.32,30.31,0.221974782729558,27,1.24269757073884,0.217284477002793,0.195298982192863,3.6139107054271,3.6139107054271e-05,7.05793082505805e-06,0.705793082505805
"Rome","IT001C","65-74",20.32,30.31,0.221974782729558,27.5,1.32068548523698,0.278150908802779,0.242817452619644,3.6139107054271,3.6139107054271e-05,8.77520591486671e-06,0.87752059148667
"Rome","IT001C","65-74",20.32,30.31,0.221974782729558,28,1.41687864669953,0.348456316038695,0.294223254525436,3.6139107054271,3.6139107054271e-05,1.06329656931508e-05,1.06329656931508
"Rome","IT001C","65-74",20.32,30.31,0.221974782729558,28.5,1.53449402103632,0.428200698710543,0.348319389785141,3.6139107054271,3.6139107054271e-05,1.25879517165236e-05,1.25879517165236
"Rome","IT001C","65-74",20.32,30.31,0.221974782729558,29,1.67763331111322,0.517384056818321,0.403922184081792,3.6139107054271,3.6139107054271e-05,1.45973870521269e-05,1.45973870521269
"Rome","IT001C","65-74",20.32,30.31,0.221974782729558,29.5,1.85151901313353,0.616006390362031,0.459902926782487,3.6139107054271,3.6139107054271e-05,1.66204811055649e-05,1.66204811055649
"Rome","IT001C","65-74",20.32,30.31,0.221974782729558,30,2.06280704684008,0.724067699341671,0.515223684381021,3.6139107054271,3.6139107054271e-05,1.86197238867417e-05,1.86197238867417
"Rome","IT001C","65-74",20.32,30.31,0.221974782729558,30.31,2.21622647677352,0.795805964372972,0.548782576834907,3.6139107054271,3.6139107054271e-05,1.98325122937554e-05,1.98325122937554
"Rome","IT001C","75-84",21.29,30.31,0.245006915967417,-3.87,1.79616184055056,0.58565207748532,0,10.5358132718173,0.000105358132718173,0,0
"Rome","IT001C","75-84",21.29,30.31,0.245006915967417,-3.5,1.76808947436224,0.569899570605875,0,10.5358132718173,0.000105358132718173,0,0
"Rome","IT001C","75-84",21.29,30.31,0.245006915967417,-3,1.73135979831527,0.548907110351999,0,10.5358132718173,0.000105358132718173,0,0
"Rome","IT001C","75-84",21.29,30.31,0.245006915967417,-2.5,1.69596754097317,0.528253398609425,0,10.5358132718173,0.000105358132718173,0,0
"Rome","IT001C","75-84",21.29,30.31,0.245006915967417,-2,1.66186162588709,0.507938435378154,0,10.5358132718173,0.000105358132718173,0,0
"Rome","IT001C","75-84",21.29,30.31,0.245006915967417,-1.5,1.62899330651511,0.487962220658185,0,10.5358132718173,0.000105358132718173,0,0
"Rome","IT001C","75-84",21.29,30.31,0.245006915967417,-1,1.59731605396115,0.46832475444952,0,10.5358132718173,0.000105358132718173,0,0
"Rome","IT001C","75-84",21.29,30.31,0.245006915967417,-0.5,1.56678545067285,0.449026036752156,0,10.5358132718173,0.000105358132718173,0,0
"Rome","IT001C","75-84",21.29,30.31,0.245006915967417,0,1.5373590897664,0.430066067566095,0,10.5358132718173,0.000105358132718173,0,0
"Rome","IT001C","75-84",21.29,30.31,0.245006915967417,0.5,1.5089964796665,0.411444846891337,0,10.5358132718173,0.000105358132718173,0,0
"Rome","IT001C","75-84",21.29,30.31,0.245006915967417,1,1.48165895376737,0.393162374727882,0,10.5358132718173,0.000105358132718173,0,0
"Rome","IT001C","75-84",21.29,30.31,0.245006915967417,1.5,1.45530958483905,0.375218651075729,0,10.5358132718173,0.000105358132718173,0,0
"Rome","IT001C","75-84",21.29,30.31,0.245006915967417,2,1.42991310391847,0.357613675934878,0,10.5358132718173,0.000105358132718173,0,0
"Rome","IT001C","75-84",21.29,30.31,0.245006915967417,2.5,1.40543582344114,0.340347449305331,0,10.5358132718173,0.000105358132718173,0,0
"Rome","IT001C","75-84",21.29,30.31,0.245006915967417,3,1.38184556438267,0.323419971187086,0,10.5358132718173,0.000105358132718173,0,0
"Rome","IT001C","75-84",21.29,30.31,0.245006915967417,3.5,1.35911158719368,0.306831241580143,0,10.5358132718173,0.000105358132718173,0,0
"Rome","IT001C","75-84",21.29,30.31,0.245006915967417,4,1.33720452632362,0.290581260484503,0,10.5358132718173,0.000105358132718173,0,0
"Rome","IT001C","75-84",21.29,30.31,0.245006915967417,4.5,1.31609632814143,0.274670027900166,0,10.5358132718173,0.000105358132718173,0,0
"Rome","IT001C","75-84",21.29,30.31,0.245006915967417,5,1.29576019207198,0.259097543827131,0,10.5358132718173,0.000105358132718173,0,0
"Rome","IT001C","75-84",21.29,30.31,0.245006915967417,5.5,1.27617051477754,0.243863808265399,0,10.5358132718173,0.000105358132718173,0,0
"Rome","IT001C","75-84",21.29,30.31,0.245006915967417,6,1.25730283722383,0.228968821214969,0,10.5358132718173,0.000105358132718173,0,0
"Rome","IT001C","75-84",21.29,30.31,0.245006915967417,6.5,1.23913379447916,0.214412582675843,0,10.5358132718173,0.000105358132718173,0,0
"Rome","IT001C","75-84",21.29,30.31,0.245006915967417,7,1.22164106810406,0.200195092648018,0,10.5358132718173,0.000105358132718173,0,0
"Rome","IT001C","75-84",21.29,30.31,0.245006915967417,7.5,1.2048857358106,0.186384737392994,0,10.5358132718173,0.000105358132718173,0,0
"Rome","IT001C","75-84",21.29,30.31,0.245006915967417,8,1.18894652522349,0.173067642116512,0,10.5358132718173,0.000105358132718173,0,0
"Rome","IT001C","75-84",21.29,30.31,0.245006915967417,8.5,1.17379734287035,0.160244085440733,0,10.5358132718173,0.000105358132718173,0,0
"Rome","IT001C","75-84",21.29,30.31,0.245006915967417,9,1.15941326064628,0.147914067365659,0,10.5358132718173,0.000105358132718173,0,0
"Rome","IT001C","75-84",21.29,30.31,0.245006915967417,9.5,1.1457707880856,0.136077587891287,0,10.5358132718173,0.000105358132718173,0,0
"Rome","IT001C","75-84",21.29,30.31,0.245006915967417,10,1.13284780863554,0.124734647017619,0,10.5358132718173,0.000105358132718173,0,0
"Rome","IT001C","75-84",21.29,30.31,0.245006915967417,10.5,1.12062352006706,0.113885244744655,0,10.5358132718173,0.000105358132718173,0,0
"Rome","IT001C","75-84",21.29,30.31,0.245006915967417,11,1.10907837879851,0.103529381072394,0,10.5358132718173,0.000105358132718173,0,0
"Rome","IT001C","75-84",21.29,30.31,0.245006915967417,11.5,1.0981940479239,0.0936670560008366,0,10.5358132718173,0.000105358132718173,0,0
"Rome","IT001C","75-84",21.29,30.31,0.245006915967417,12,1.08795334875288,0.0842982695299828,0,10.5358132718173,0.000105358132718173,0,0
"Rome","IT001C","75-84",21.29,30.31,0.245006915967417,12.5,1.07834021568309,0.0754230216598322,0,10.5358132718173,0.000105358132718173,0,0
"Rome","IT001C","75-84",21.29,30.31,0.245006915967417,13,1.06933965423933,0.0670413123903852,0,10.5358132718173,0.000105358132718173,0,0
"Rome","IT001C","75-84",21.29,30.31,0.245006915967417,13.5,1.06093770212629,0.0591531417216418,0,10.5358132718173,0.000105358132718173,0,0
"Rome","IT001C","75-84",21.29,30.31,0.245006915967417,14,1.05312139315311,0.0517585096536018,0,10.5358132718173,0.000105358132718173,0,0
"Rome","IT001C","75-84",21.29,30.31,0.245006915967417,14.5,1.04587872389962,0.0448574161862654,0,10.5358132718173,0.000105358132718173,0,0
"Rome","IT001C","75-84",21.29,30.31,0.245006915967417,15,1.03919862300415,0.0384498613196324,0,10.5358132718173,0.000105358132718173,0,0
"Rome","IT001C","75-84",21.29,30.31,0.245006915967417,15.5,1.03307092296301,0.032535845053703,0,10.5358132718173,0.000105358132718173,0,0
"Rome","IT001C","75-84",21.29,30.31,0.245006915967417,16,1.02748633434111,0.0271153673884769,0,10.5358132718173,0.000105358132718173,0,0
"Rome","IT001C","75-84",21.29,30.31,0.245006915967417,16.5,1.02243642230206,0.0221884283239543,0,10.5358132718173,0.000105358132718173,0,0
"Rome","IT001C","75-84",21.29,30.31,0.245006915967417,17,1.01791358537491,0.0177550278601353,0,10.5358132718173,0.000105358132718173,0,0
"Rome","IT001C","75-84",21.29,30.31,0.245006915967417,17.5,1.01391103638247,0.0138151659970197,0,10.5358132718173,0.000105358132718173,0,0
"Rome","IT001C","75-84",21.29,30.31,0.245006915967417,18,1.01042278546445,0.0103688427346076,0,10.5358132718173,0.000105358132718173,0,0
"Rome","IT001C","75-84",21.29,30.31,0.245006915967417,18.5,1.00744362513575,0.00741605807289913,0,10.5358132718173,0.000105358132718173,0,0
"Rome","IT001C","75-84",21.29,30.31,0.245006915967417,19,1.00496911732787,0.00495681201189402,0,10.5358132718173,0.000105358132718173,0,0
"Rome","IT001C","75-84",21.29,30.31,0.245006915967417,19.5,1.00299558236824,0.00299110455159235,0,10.5358132718173,0.000105358132718173,0,0
"Rome","IT001C","75-84",21.29,30.31,0.245006915967417,20,1.00152008985911,0.00151893569199424,0,10.5358132718173,0.000105358132718173,0,0
"Rome","IT001C","75-84",21.29,30.31,0.245006915967417,20.5,1.00054045142437,0.000540305433099686,0,10.5358132718173,0.000105358132718173,0,0
"Rome","IT001C","75-84",21.29,30.31,0.245006915967417,21,1.00005521529922,5.52137749085801e-05,0,10.5358132718173,0.000105358132718173,0,0
"Rome","IT001C","75-84",21.29,30.31,0.245006915967417,21.5,1.00021401831475,0.000213995416100565,0.000213972520714697,10.5358132718173,0.000105358132718173,2.2543745235501e-08,0.0022543745235501
"Rome","IT001C","75-84",21.29,30.31,0.245006915967417,22,1.00228670853673,0.00228409799769913,0.00228149143079669,10.5358132718173,0.000105358132718173,2.40373676961252e-07,0.0240373676961252
"Rome","IT001C","75-84",21.29,30.31,0.245006915967417,22.5,1.00657372693697,0.00655221422172148,0.00653079527216501,10.5358132718173,0.000105358132718173,6.88072395039977e-07,0.0688072395039977
"Rome","IT001C","75-84",21.29,30.31,0.245006915967417,23,1.01310345164839,0.0130183440881675,0.0129339719720353,10.5358132718173,0.000105358132718173,1.36269913560282e-06,0.136269913560282
"Rome","IT001C","75-84",21.29,30.31,0.245006915967417,23.5,1.02191926091287,0.0216824875970372,0.0214491122256475,10.5358132718173,0.000105358132718173,2.25983841255675e-06,0.225983841255675
"Rome","IT001C","75-84",21.29,30.31,0.245006915967417,24,1.03308001371166,0.0325446447483307,0.0320207663226508,10.5358132718173,0.000105358132718173,3.37364814795944e-06,0.337364814795944
"Rome","IT001C","75-84",21.29,30.31,0.245006915967417,24.5,1.04666070517384,0.0456048155420482,0.0445805454844988,10.5358132718173,0.000105358132718173,4.69692302780436e-06,0.469692302780436
"Rome","IT001C","75-84",21.29,30.31,0.245006915967417,25,1.06297021628304,0.0610670804188711,0.0592398689242954,10.5358132718173,0.000105358132718173,6.24140197233307e-06,0.624140197233307
"Rome","IT001C","75-84",21.29,30.31,0.245006915967417,25.5,1.08827632705705,0.0845950932615246,0.081115728480253,10.5358132718173,0.000105358132718173,8.54620168675376e-06,0.854620168675376
"Rome","IT001C","75-84",21.29,30.31,0.245006915967417,26,1.12609308586519,0.118754195807836,0.111973945536048,10.5358132718173,0.000105358132718173,1.17973658147644e-05,1.17973658147644
"Rome","IT001C","75-84",21.29,30.31,0.245006915967417,26.5,1.17767762884992,0.163544388057805,0.150871193013516,10.5358132718173,0.000105358132718173,1.58955071768671e-05,1.58955071768671
"Rome","IT001C","75-84",21.29,30.31,0.245006915967417,27,1.24478854237757,0.218965670011432,0.196650703347591,10.5358132718173,0.000105358132718173,2.07187509024175e-05,2.07187509024175
"Rome","IT001C","75-84",21.29,30.31,0.245006915967417,27.5,1.32978601946388,0.285018041668717,0.247999313150274,10.5358132718173,0.000105358132718173,2.61287445489023e-05,2.61287445489023
"Rome","IT001C","75-84",21.29,30.31,0.245006915967417,28,1.43577030490399,0.36170150302966,0.303509762958307,10.5358132718173,0.000105358132718173,3.19772218870225e-05,3.19772218870225
"Rome","IT001C","75-84",21.29,30.31,0.245006915967417,28.5,1.56676981006776,0.449016054094261,0.361744148008092,10.5358132718173,0.000105358132718173,3.81126879558589e-05,3.81126879558589
"Rome","IT001C","75-84",21.29,30.31,0.245006915967417,29,1.72799485831022,0.546961694862519,0.421294574349669,10.5358132718173,0.000105358132718173,4.43868096777786e-05,4.43868096777786
"Rome","IT001C","75-84",21.29,30.31,0.245006915967417,29.5,1.92617934198139,0.655538425334436,0.480837542899127,10.5358132718173,0.000105358132718173,5.06601456606463e-05,5.06601456606463
"Rome","IT001C","75-84",21.29,30.31,0.245006915967417,30,2.17004139956299,0.77474624551001,0.539179298514129,10.5358132718173,0.000105358132718173,5.68069240917428e-05,5.68069240917428
"Rome","IT001C","75-84",21.29,30.31,0.245006915967417,30.31,2.34901015143982,0.853994027268043,0.574288770362678,10.5358132718173,0.000105358132718173,6.05059924864272e-05,6.05059924864272
"Rome","IT001C","85+",21.5,30.31,0.270956851084728,-3.87,2.05274920541977,0.71917997052583,0,37.6923555382048,0.000376923555382048,0,0
"Rome","IT001C","85+",21.5,30.31,0.270956851084728,-3.5,2.0051533183573,0.695720525843634,0,37.6923555382048,0.000376923555382048,0,0
"Rome","IT001C","85+",21.5,30.31,0.270956851084728,-3,1.94398007760316,0.664737457839212,0,37.6923555382048,0.000376923555382048,0,0
"Rome","IT001C","85+",21.5,30.31,0.270956851084728,-2.5,1.8862310668458,0.634580693592048,0,37.6923555382048,0.000376923555382048,0,0
"Rome","IT001C","85+",21.5,30.31,0.270956851084728,-2,1.83171050614499,0.605250233102144,0,37.6923555382048,0.000376923555382048,0,0
"Rome","IT001C","85+",21.5,30.31,0.270956851084728,-1.5,1.78023624315241,0.576746076369499,0,37.6923555382048,0.000376923555382048,0,0
"Rome","IT001C","85+",21.5,30.31,0.270956851084728,-1,1.73163876543138,0.549068223394112,0,37.6923555382048,0.000376923555382048,0,0
"Rome","IT001C","85+",21.5,30.31,0.270956851084728,-0.5,1.68576029245126,0.522216674175984,0,37.6923555382048,0.000376923555382048,0,0
"Rome","IT001C","85+",21.5,30.31,0.270956851084728,0,1.64245394057428,0.496191428715116,0,37.6923555382048,0.000376923555382048,0,0
"Rome","IT001C","85+",21.5,30.31,0.270956851084728,0.5,1.60158295495489,0.470992487011506,0,37.6923555382048,0.000376923555382048,0,0
"Rome","IT001C","85+",21.5,30.31,0.270956851084728,1,1.56302000281714,0.446619849065155,0,37.6923555382048,0.000376923555382048,0,0
"Rome","IT001C","85+",21.5,30.31,0.270956851084728,1.5,1.52664652307116,0.423073514876063,0,37.6923555382048,0.000376923555382048,0,0
"Rome","IT001C","85+",21.5,30.31,0.270956851084728,2,1.49235212767907,0.40035348444423,0,37.6923555382048,0.000376923555382048,0,0
"Rome","IT001C","85+",21.5,30.31,0.270956851084728,2.5,1.4600340505892,0.378459757769656,0,37.6923555382048,0.000376923555382048,0,0
"Rome","IT001C","85+",21.5,30.31,0.270956851084728,3,1.42959664042859,0.35739233485234,0,37.6923555382048,0.000376923555382048,0,0
"Rome","IT001C","85+",21.5,30.31,0.270956851084728,3.5,1.40095089348135,0.337151215692284,0,37.6923555382048,0.000376923555382048,0,0
"Rome","IT001C","85+",21.5,30.31,0.270956851084728,4,1.3740140237879,0.317736400289487,0,37.6923555382048,0.000376923555382048,0,0
"Rome","IT001C","85+",21.5,30.31,0.270956851084728,4.5,1.34870906747987,0.299147888643948,0,37.6923555382048,0.000376923555382048,0,0
"Rome","IT001C","85+",21.5,30.31,0.270956851084728,5,1.32496451872074,0.281385680755669,0,37.6923555382048,0.000376923555382048,0,0
"Rome","IT001C","85+",21.5,30.31,0.270956851084728,5.5,1.30271399485526,0.264449776624648,0,37.6923555382048,0.000376923555382048,0,0
"Rome","IT001C","85+",21.5,30.31,0.270956851084728,6,1.28189592858302,0.248340176250886,0,37.6923555382048,0.000376923555382048,0,0
"Rome","IT001C","85+",21.5,30.31,0.270956851084728,6.5,1.26245328516638,0.233056879634383,0,37.6923555382048,0.000376923555382048,0,0
"Rome","IT001C","85+",21.5,30.31,0.270956851084728,7,1.24433330286061,0.218599886775139,0,37.6923555382048,0.000376923555382048,0,0
"Rome","IT001C","85+",21.5,30.31,0.270956851084728,7.5,1.22728142454044,0.204801499283483,0,37.6923555382048,0.000376923555382048,0,0
"Rome","IT001C","85+",21.5,30.31,0.270956851084728,8,1.2110049098216,0.191450518915835,0,37.6923555382048,0.000376923555382048,0,0
"Rome","IT001C","85+",21.5,30.31,0.270956851084728,8.5,1.19547818771829,0.178546262428418,0,37.6923555382048,0.000376923555382048,0,0
"Rome","IT001C","85+",21.5,30.31,0.270956851084728,9,1.180677858411,0.166088729821232,0,37.6923555382048,0.000376923555382048,0,0
"Rome","IT001C","85+",21.5,30.31,0.270956851084728,9.5,1.16658178456618,0.154077921094275,0,37.6923555382048,0.000376923555382048,0,0
"Rome","IT001C","85+",21.5,30.31,0.270956851084728,10,1.15316903637924,0.142513836247549,0,37.6923555382048,0.000376923555382048,0,0
"Rome","IT001C","85+",21.5,30.31,0.270956851084728,10.5,1.1404198399676,0.131396475281054,0,37.6923555382048,0.000376923555382048,0,0
"Rome","IT001C","85+",21.5,30.31,0.270956851084728,11,1.12831552893646,0.120725838194789,0,37.6923555382048,0.000376923555382048,0,0
"Rome","IT001C","85+",21.5,30.31,0.270956851084728,11.5,1.1168384989516,0.110501924988754,0,37.6923555382048,0.000376923555382048,0,0
"Rome","IT001C","85+",21.5,30.31,0.270956851084728,12,1.10597216516473,0.100724735662949,0,37.6923555382048,0.000376923555382048,0,0
"Rome","IT001C","85+",21.5,30.31,0.270956851084728,12.5,1.09570092234768,0.0913942702173748,0,37.6923555382048,0.000376923555382048,0,0
"Rome","IT001C","85+",21.5,30.31,0.270956851084728,13,1.08601010760139,0.0825105286520309,0,37.6923555382048,0.000376923555382048,0,0
"Rome","IT001C","85+",21.5,30.31,0.270956851084728,13.5,1.0768859655152,0.0740735109669172,0,37.6923555382048,0.000376923555382048,0,0
"Rome","IT001C","85+",21.5,30.31,0.270956851084728,14,1.06831561566069,0.066083217162034,0,37.6923555382048,0.000376923555382048,0,0
"Rome","IT001C","85+",21.5,30.31,0.270956851084728,14.5,1.06028702231254,0.0585396472373813,0,37.6923555382048,0.000376923555382048,0,0
"Rome","IT001C","85+",21.5,30.31,0.270956851084728,15,1.05278896629696,0.0514428011929585,0,37.6923555382048,0.000376923555382048,0,0
"Rome","IT001C","85+",21.5,30.31,0.270956851084728,15.5,1.04581101887549,0.0447926790287666,0,37.6923555382048,0.000376923555382048,0,0
"Rome","IT001C","85+",21.5,30.31,0.270956851084728,16,1.03934351757913,0.0385892807448046,0,37.6923555382048,0.000376923555382048,0,0
"Rome","IT001C","85+",21.5,30.31,0.270956851084728,16.5,1.03337754391442,0.0328326063410731,0,37.6923555382048,0.000376923555382048,0,0
"Rome","IT001C","85+",21.5,30.31,0.270956851084728,17,1.02790490286941,0.027522655817572,0,37.6923555382048,0.000376923555382048,0,0
"Rome","IT001C","85+",21.5,30.31,0.270956851084728,17.5,1.02291810415377,0.022659429174301,0,37.6923555382048,0.000376923555382048,0,0
"Rome","IT001C","85+",21.5,30.31,0.270956851084728,18,1.01841034511271,0.0182429264112605,0,37.6923555382048,0.000376923555382048,0,0
"Rome","IT001C","85+",21.5,30.31,0.270956851084728,18.5,1.01437549526033,0.0142731475284504,0,37.6923555382048,0.000376923555382048,0,0
"Rome","IT001C","85+",21.5,30.31,0.270956851084728,19,1.01080808238302,0.0107500925258706,0,37.6923555382048,0.000376923555382048,0,0
"Rome","IT001C","85+",21.5,30.31,0.270956851084728,19.5,1.0077032801689,0.00767376140352105,0,37.6923555382048,0.000376923555382048,0,0
"Rome","IT001C","85+",21.5,30.31,0.270956851084728,20,1.00505689732415,0.00504415416140191,0,37.6923555382048,0.000376923555382048,0,0
"Rome","IT001C","85+",21.5,30.31,0.270956851084728,20.5,1.00286536814174,0.00286127079951315,0,37.6923555382048,0.000376923555382048,0,0
"Rome","IT001C","85+",21.5,30.31,0.270956851084728,21,1.00112574449304,0.00112511131785475,0,37.6923555382048,0.000376923555382048,0,0
"Rome","IT001C","85+",21.5,30.31,0.270956851084728,21.5,1,0,0,37.6923555382048,0.000376923555382048,0,0
"Rome","IT001C","85+",21.5,30.31,0.270956851084728,22,1.00087170814181,0.000871328424921436,0.000870948928539368,37.6923555382048,0.000376923555382048,3.28281166701244e-07,0.0328281166701244
"Rome","IT001C","85+",21.5,30.31,0.270956851084728,22.5,1.00406069019643,0.00405246784542013,0.00404426767831204,37.6923555382048,0.000376923555382048,1.52437975222607e-06,0.152437975222607
"Rome","IT001C","85+",21.5,30.31,0.270956851084728,23,1.00958910188789,0.00954341826149596,0.00949802436452358,37.6923555382048,0.000376923555382048,3.58002911258154e-06,0.358002911258154
"Rome","IT001C","85+",21.5,30.31,0.270956851084728,23.5,1.01749546332207,0.0173441796731488,0.0171946352123795,37.6923555382048,0.000376923555382048,6.48106303774742e-06,0.648106303774742
"Rome","IT001C","85+",21.5,30.31,0.270956851084728,24,1.02783510665477,0.0274547520803792,0.0270812958951743,37.6923555382048,0.000376923555382048,1.02075783331624e-05,1.02075783331624
"Rome","IT001C","85+",21.5,30.31,0.270956851084728,24.5,1.04068082197135,0.0398751354831868,0.039090584848381,37.6923555382048,0.000376923555382048,1.47341622230154e-05,1.47341622230154
"Rome","IT001C","85+",21.5,30.31,0.270956851084728,25,1.05637074581279,0.0548392087181284,0.0533626532505125,37.6923555382048,0.000376923555382048,2.01136409878026e-05,2.01136409878026
"Rome","IT001C","85+",21.5,30.31,0.270956851084728,25.5,1.0820285784818,0.0788375927203949,0.0758099925575818,37.6923555382048,0.000376923555382048,2.85745719282903e-05,2.85745719282903
"Rome","IT001C","85+",21.5,30.31,0.270956851084728,26,1.12166052894972,0.114810202451995,0.108464660928775,37.6923555382048,0.000376923555382048,4.08828856305822e-05,4.08828856305822
"Rome","IT001C","85+",21.5,30.31,0.270956851084728,26.5,1.17675074913555,0.16275703791293,0.150202368059157,37.6923555382048,0.000376923555382048,5.66148105956602e-05,5.66148105956602
"Rome","IT001C","85+",21.5,30.31,0.270956851084728,27,1.24941832011883,0.222678099103198,0.199627551559439,37.6923555382048,0.000376923555382048,7.5244326485997e-05,7.5244326485997
"Rome","IT001C","85+",21.5,30.31,0.270956851084728,27.5,1.34255348441529,0.294573386022799,0.255150717190592,37.6923555382048,0.000376923555382048,9.61723154817572e-05,9.61723154817572
"Rome","IT001C","85+",21.5,30.31,0.270956851084728,28,1.46000943593967,0.378442898671735,0.315072919815483,37.6923555382048,0.000376923555382048,0.000118758405141455,11.8758405141455
"Rome","IT001C","85+",21.5,30.31,0.270956851084728,28.5,1.60686750878547,0.474286637050004,0.377671155504392,37.6923555382048,0.000376923555382048,0.000142353154697962,14.2353154697962
"Rome","IT001C","85+",21.5,30.31,0.270956851084728,29,1.78980128756645,0.582104601157607,0.441278757062648,37.6923555382048,0.000376923555382048,0.000166328358026624,16.6328358026624
"Rome","IT001C","85+",21.5,30.31,0.270956851084728,29.5,2.01757600031868,0.701896790994544,0.504355721994091,37.6923555382048,0.000376923555382048,0.000190103551911292,19.0103551911292
"Rome","IT001C","85+",21.5,30.31,0.270956851084728,30,2.30173504644197,0.833663206560815,0.565545130163525,37.6923555382048,0.000376923555382048,0.000213167281190239,21.3167281190239
"Rome","IT001C","85+",21.5,30.31,0.270956851084728,30.31,2.51273509805583,0.921371840373173,0.602027288601284,37.6923555382048,0.000376923555382048,0.00022691826605661,22.691826605661
"Athens","EL001C","20-44",19.56,34.09,0.163813149993497,-3.62,0.918697912435421,-0.0847979240100947,0,0.205688129439202,2.05688129439202e-06,0,0
"Athens","EL001C","20-44",19.56,34.09,0.163813149993497,-3.5,0.92521748067362,-0.0777264548629819,0,0.205688129439202,2.05688129439202e-06,0,0
"Athens","EL001C","20-44",19.56,34.09,0.163813149993497,-3,0.951793885576122,-0.0494067743795123,0,0.205688129439202,2.05688129439202e-06,0,0
"Athens","EL001C","20-44",19.56,34.09,0.163813149993497,-2.5,0.977327469930044,-0.0229335040511509,0,0.205688129439202,2.05688129439202e-06,0,0
"Athens","EL001C","20-44",19.56,34.09,0.163813149993497,-2,1.00169479065919,0.0016933561221022,0,0.205688129439202,2.05688129439202e-06,0,0
"Athens","EL001C","20-44",19.56,34.09,0.163813149993497,-1.5,1.02477574792342,0.0244738061402471,0,0.205688129439202,2.05688129439202e-06,0,0
"Athens","EL001C","20-44",19.56,34.09,0.163813149993497,-1,1.04645456519981,0.0454078460032838,0,0.205688129439202,2.05688129439202e-06,0,0
"Athens","EL001C","20-44",19.56,34.09,0.163813149993497,-0.5,1.06662075253342,0.0644954757112123,0,0.205688129439202,2.05688129439202e-06,0,0
"Athens","EL001C","20-44",19.56,34.09,0.163813149993497,0,1.08517004179783,0.0817366952640325,0,0.205688129439202,2.05688129439202e-06,0,0
"Athens","EL001C","20-44",19.56,34.09,0.163813149993497,0.5,1.10200528292465,0.0971315046617445,0,0.205688129439202,2.05688129439202e-06,0,0
"Athens","EL001C","20-44",19.56,34.09,0.163813149993497,1,1.11703729034635,0.110679903904348,0,0.205688129439202,2.05688129439202e-06,0,0
"Athens","EL001C","20-44",19.56,34.09,0.163813149993497,1.5,1.13018562934773,0.122381892991844,0,0.205688129439202,2.05688129439202e-06,0,0
"Athens","EL001C","20-44",19.56,34.09,0.163813149993497,2,1.14137933263333,0.132237471924231,0,0.205688129439202,2.05688129439202e-06,0,0
"Athens","EL001C","20-44",19.56,34.09,0.163813149993497,2.5,1.1505575381833,0.14024664070151,0,0.205688129439202,2.05688129439202e-06,0,0
"Athens","EL001C","20-44",19.56,34.09,0.163813149993497,3,1.15767004037834,0.146409399323681,0,0.205688129439202,2.05688129439202e-06,0,0
"Athens","EL001C","20-44",19.56,34.09,0.163813149993497,3.5,1.16267774741196,0.150725747790744,0,0.205688129439202,2.05688129439202e-06,0,0
"Athens","EL001C","20-44",19.56,34.09,0.163813149993497,4,1.16555303915962,0.153195686102698,0,0.205688129439202,2.05688129439202e-06,0,0
"Athens","EL001C","20-44",19.56,34.09,0.163813149993497,4.5,1.16628002092108,0.153819214259545,0,0.205688129439202,2.05688129439202e-06,0,0
"Athens","EL001C","20-44",19.56,34.09,0.163813149993497,5,1.16485466977432,0.152596332261283,0,0.205688129439202,2.05688129439202e-06,0,0
"Athens","EL001C","20-44",19.56,34.09,0.163813149993497,5.5,1.1612848716557,0.149527040107912,0,0.205688129439202,2.05688129439202e-06,0,0
"Athens","EL001C","20-44",19.56,34.09,0.163813149993497,6,1.15559034868808,0.144611337799434,0,0.205688129439202,2.05688129439202e-06,0,0
"Athens","EL001C","20-44",19.56,34.09,0.163813149993497,6.5,1.14780247769394,0.137849225335847,0,0.205688129439202,2.05688129439202e-06,0,0
"Athens","EL001C","20-44",19.56,34.09,0.163813149993497,7,1.13796400223017,0.129240702717152,0,0.205688129439202,2.05688129439202e-06,0,0
"Athens","EL001C","20-44",19.56,34.09,0.163813149993497,7.5,1.12650278628558,0.11911795428753,0,0.205688129439202,2.05688129439202e-06,0,0
"Athens","EL001C","20-44",19.56,34.09,0.163813149993497,8,1.11536990346323,0.109186101879521,0,0.205688129439202,2.05688129439202e-06,0,0
"Athens","EL001C","20-44",19.56,34.09,0.163813149993497,8.5,1.10482416497306,0.0996861955865023,0,0.205688129439202,2.05688129439202e-06,0,0
"Athens","EL001C","20-44",19.56,34.09,0.163813149993497,9,1.09485095013846,0.0906182354084743,0,0.205688129439202,2.05688129439202e-06,0,0
"Athens","EL001C","20-44",19.56,34.09,0.163813149993497,9.5,1.08543651205721,0.0819822213454365,0,0.205688129439202,2.05688129439202e-06,0,0
"Athens","EL001C","20-44",19.56,34.09,0.163813149993497,10,1.07656794606081,0.0737781533973892,0,0.205688129439202,2.05688129439202e-06,0,0
"Athens","EL001C","20-44",19.56,34.09,0.163813149993497,10.5,1.06823316026359,0.0660060315643323,0,0.205688129439202,2.05688129439202e-06,0,0
"Athens","EL001C","20-44",19.56,34.09,0.163813149993497,11,1.06042084810745,0.0586658558462657,0,0.205688129439202,2.05688129439202e-06,0,0
"Athens","EL001C","20-44",19.56,34.09,0.163813149993497,11.5,1.05312046281512,0.0517576262431895,0,0.205688129439202,2.05688129439202e-06,0,0
"Athens","EL001C","20-44",19.56,34.09,0.163813149993497,12,1.04632219367113,0.0452813427551036,0,0.205688129439202,2.05688129439202e-06,0,0
"Athens","EL001C","20-44",19.56,34.09,0.163813149993497,12.5,1.0400169440559,0.0392370053820081,0,0.205688129439202,2.05688129439202e-06,0,0
"Athens","EL001C","20-44",19.56,34.09,0.163813149993497,13,1.03419631116402,0.033624614123903,0,0.205688129439202,2.05688129439202e-06,0,0
"Athens","EL001C","20-44",19.56,34.09,0.163813149993497,13.5,1.02885256734352,0.0284441689807883,0,0.205688129439202,2.05688129439202e-06,0,0
"Athens","EL001C","20-44",19.56,34.09,0.163813149993497,14,1.02397864299811,0.0236956699526639,0,0.205688129439202,2.05688129439202e-06,0,0
"Athens","EL001C","20-44",19.56,34.09,0.163813149993497,14.5,1.01956811099938,0.0193791170395299,0,0.205688129439202,2.05688129439202e-06,0,0
"Athens","EL001C","20-44",19.56,34.09,0.163813149993497,15,1.01561517256086,0.0154945102413863,0,0.205688129439202,2.05688129439202e-06,0,0
"Athens","EL001C","20-44",19.56,34.09,0.163813149993497,15.5,1.01211464453054,0.012041849558233,0,0.205688129439202,2.05688129439202e-06,0,0
"Athens","EL001C","20-44",19.56,34.09,0.163813149993497,16,1.00906194806275,0.00902113499007014,0,0.205688129439202,2.05688129439202e-06,0,0
"Athens","EL001C","20-44",19.56,34.09,0.163813149993497,16.5,1.00645309863484,0.00643236653689762,0,0.205688129439202,2.05688129439202e-06,0,0
"Athens","EL001C","20-44",19.56,34.09,0.163813149993497,17,1.0042846973781,0.00427554419871547,0,0.205688129439202,2.05688129439202e-06,0,0
"Athens","EL001C","20-44",19.56,34.09,0.163813149993497,17.5,1.00255392369658,0.00255066797552368,0,0.205688129439202,2.05688129439202e-06,0,0
"Athens","EL001C","20-44",19.56,34.09,0.163813149993497,18,1.0012585291513,0.00125773786732229,0,0.205688129439202,2.05688129439202e-06,0,0
"Athens","EL001C","20-44",19.56,34.09,0.163813149993497,18.5,1.00039683259134,0.000396753874111241,0,0.205688129439202,2.05688129439202e-06,0,0
"Athens","EL001C","20-44",19.56,34.09,0.163813149993497,19,0.999967716517013,-3.22840041094147e-05,0,0.205688129439202,2.05688129439202e-06,0,0
"Athens","EL001C","20-44",19.56,34.09,0.163813149993497,19.5,0.999970624664124,-2.93757673397038e-05,0,0.205688129439202,2.05688129439202e-06,0,0
"Athens","EL001C","20-44",19.56,34.09,0.163813149993497,20,1.00040556080197,0.000405478584420374,0.00040539638908906,0.205688129439202,2.05688129439202e-06,8.33852249531359e-10,8.33852249531358e-05
"Athens","EL001C","20-44",19.56,34.09,0.163813149993497,20.5,1.00127308874151,0.00127227905117082,0.00127147004730805,0.205688129439202,2.05688129439202e-06,2.61526295668766e-09,0.000261526295668766
"Athens","EL001C","20-44",19.56,34.09,0.163813149993497,21,1.00257433355362,0.00257102563291163,0.00256772337717673,0.205688129439202,2.05688129439202e-06,5.28150218368793e-09,0.000528150218368793
"Athens","EL001C","20-44",19.56,34.09,0.163813149993497,21.5,1.00431098400128,0.00430171832964282,0.00429247919215243,0.205688129439202,2.05688129439202e-06,8.82912015690531e-09,0.000882912015690531
"Athens","EL001C","20-44",19.56,34.09,0.163813149993497,22,1.00648529619284,0.00646435714136438,0.00644350813407254,0.205688129439202,2.05688129439202e-06,1.32535313512366e-08,0.00132535313512366
"Athens","EL001C","20-44",19.56,34.09,0.163813149993497,22.5,1.00910009846771,0.0090589420680763,0.009018033475102,0.205688129439202,2.05688129439202e-06,1.85490243671384e-08,0.00185490243671384
"Athens","EL001C","20-44",19.56,34.09,0.163813149993497,23,1.01215879752896,0.0120854731097786,0.0120127370909006,0.205688129439202,2.05688129439202e-06,2.47087742167226e-08,0.00247087742167226
"Athens","EL001C","20-44",19.56,34.09,0.163813149993497,23.5,1.01566699839139,0.0155455379432718,0.0154253297746204,0.205688129439202,2.05688129439202e-06,3.1728072273245e-08,0.0031728072273245
"Athens","EL001C","20-44",19.56,34.09,0.163813149993497,24,1.01973179458102,0.0195396462304975,0.019349984658594,0.205688129439202,2.05688129439202e-06,3.98006214910347e-08,0.00398006214910347
"Athens","EL001C","20-44",19.56,34.09,0.163813149993497,24.5,1.02442113679261,0.0241277084694991,0.0238389622348737,0.205688129439202,2.05688129439202e-06,4.90339154986295e-08,0.00490339154986295
"Athens","EL001C","20-44",19.56,34.09,0.163813149993497,25,1.02974348203906,0.0293097246602766,0.0288843605789668,0.205688129439202,2.05688129439202e-06,5.94117009753512e-08,0.00594117009753512
"Athens","EL001C","20-44",19.56,34.09,0.163813149993497,25.5,1.03570845982907,0.0350856948028299,0.0344773275627828,0.205688129439202,2.05688129439202e-06,7.09157701445145e-08,0.00709157701445145
"Athens","EL001C","20-44",19.56,34.09,0.163813149993497,26,1.04232690120754,0.0414556188971591,0.0406080867321949,0.205688129439202,2.05688129439202e-06,8.35260140005006e-08,0.00835260140005006
"Athens","EL001C","20-44",19.56,34.09,0.163813149993497,26.5,1.04961087153556,0.0484194969432641,0.0472659657792831,0.205688129439202,2.05688129439202e-06,9.72204808727808e-08,0.00972204808727808
"Athens","EL001C","20-44",19.56,34.09,0.163813149993497,27,1.05890779226604,0.0572379922580929,0.0556307099600956,0.205688129439202,2.05688129439202e-06,1.14425766710669e-07,0.0114425766710669
"Athens","EL001C","20-44",19.56,34.09,0.163813149993497,27.5,1.07368766306302,0.071099137276469,0.0686304458903827,0.205688129439202,2.05688129439202e-06,1.41164680377712e-07,0.0141164680377712
"Athens","EL001C","20-44",19.56,34.09,0.163813149993497,28,1.09434778762956,0.0901585580762334,0.0862137144115072,0.205688129439202,2.05688129439202e-06,1.77331376493085e-07,0.0177331376493085
"Athens","EL001C","20-44",19.56,34.09,0.163813149993497,28.5,1.12121874028459,0.114416254657386,0.108113373358193,0.205688129439202,2.05688129439202e-06,2.22376375334088e-07,0.0222376375334088
"Athens","EL001C","20-44",19.56,34.09,0.163813149993497,29,1.15473655496761,0.143872227019927,0.134001607814302,0.205688129439202,2.05688129439202e-06,2.75625400531694e-07,0.0275625400531694
"Athens","EL001C","20-44",19.56,34.09,0.163813149993497,29.5,1.19545453270915,0.178526475163856,0.163498089940911,0.205688129439202,2.05688129439202e-06,3.36296162868285e-07,0.0336296162868285
"Athens","EL001C","20-44",19.56,34.09,0.163813149993497,30,1.2440584753109,0.218378999089173,0.196179263398295,0.205688129439202,2.05688129439202e-06,4.03517457231558e-07,0.0403517457231558
"Athens","EL001C","20-44",19.56,34.09,0.163813149993497,30.5,1.3013859328753,0.263429798795879,0.231588436037123,0.205688129439202,2.05688129439202e-06,4.76349922082261e-07,0.0476349922082261
"Athens","EL001C","20-44",19.56,34.09,0.163813149993497,31,1.36845022142415,0.313678874283973,0.269246345724362,0.205688129439202,2.05688129439202e-06,5.53807772103848e-07,0.0553807772103848
"Athens","EL001C","20-44",19.56,34.09,0.163813149993497,31.5,1.44647017365022,0.369126225553455,0.308661859596827,0.205688129439202,2.05688129439202e-06,6.34880805296971e-07,0.0634880805296971
"Athens","EL001C","20-44",19.56,34.09,0.163813149993497,32,1.53690684225284,0.429771852604325,0.349342476389671,0.205688129439202,2.05688129439202e-06,7.18556005022502e-07,0.0718556005022502
"Athens","EL001C","20-44",19.56,34.09,0.163813149993497,32.5,1.64150869583165,0.495615755436584,0.390804323766702,0.205688129439202,2.05688129439202e-06,8.03838103323254e-07,0.0803838103323254
"Athens","EL001C","20-44",19.56,34.09,0.163813149993497,33,1.76236725058424,0.566657934050231,0.432581376175431,0.205688129439202,2.05688129439202e-06,8.89768540957602e-07,0.0889768540957603
"Athens","EL001C","20-44",19.56,34.09,0.163813149993497,33.5,1.90198559111515,0.642898388445266,0.474233661563287,0.205688129439202,2.05688129439202e-06,9.75442347640562e-07,0.0975442347640562
"Athens","EL001C","20-44",19.56,34.09,0.163813149993497,34,2.0633628817024,0.724337118621689,0.515354274874356,0.205688129439202,2.05688129439202e-06,1.06002256797403e-06,0.106002256797403
"Athens","EL001C","20-44",19.56,34.09,0.163813149993497,34.09,2.09498867355417,0.739548146941429,0.522670450383157,0.205688129439202,2.05688129439202e-06,1.07507107252457e-06,0.107507107252457
"Athens","EL001C","45-64",21.76,34.09,0.201464081230448,-3.62,1.17368884222247,0.160151645580046,0,1.30681403834662,1.30681403834662e-05,0,0
"Athens","EL001C","45-64",21.76,34.09,0.201464081230448,-3.5,1.17626178392427,0.162341430081311,0,1.30681403834662,1.30681403834662e-05,0,0
"Athens","EL001C","45-64",21.76,34.09,0.201464081230448,-3,1.18638024933545,0.170906864143545,0,1.30681403834662,1.30681403834662e-05,0,0
"Athens","EL001C","45-64",21.76,34.09,0.201464081230448,-2.5,1.19550802521239,0.178571220743888,0,1.30681403834662,1.30681403834662e-05,0,0
"Athens","EL001C","45-64",21.76,34.09,0.201464081230448,-2,1.20362098387601,0.185334499882341,0,1.30681403834662,1.30681403834662e-05,0,0
"Athens","EL001C","45-64",21.76,34.09,0.201464081230448,-1.5,1.2106975747613,0.191196701558903,0,1.30681403834662,1.30681403834662e-05,0,0
"Athens","EL001C","45-64",21.76,34.09,0.201464081230448,-1,1.21671891978624,0.196157825773575,0,1.30681403834662,1.30681403834662e-05,0,0
"Athens","EL001C","45-64",21.76,34.09,0.201464081230448,-0.5,1.22166889725593,0.200217872526355,0,1.30681403834662,1.30681403834662e-05,0,0
"Athens","EL001C","45-64",21.76,34.09,0.201464081230448,0,1.22553421377974,0.203376841817246,0,1.30681403834662,1.30681403834662e-05,0,0
"Athens","EL001C","45-64",21.76,34.09,0.201464081230448,0.5,1.22830446375267,0.205634733646245,0,1.30681403834662,1.30681403834662e-05,0,0
"Athens","EL001C","45-64",21.76,34.09,0.201464081230448,1,1.22997217602841,0.206991548013354,0,1.30681403834662,1.30681403834662e-05,0,0
"Athens","EL001C","45-64",21.76,34.09,0.201464081230448,1.5,1.23053284749106,0.207447284918573,0,1.30681403834662,1.30681403834662e-05,0,0
"Athens","EL001C","45-64",21.76,34.09,0.201464081230448,2,1.22998496331433,0.207001944361901,0,1.30681403834662,1.30681403834662e-05,0,0
"Athens","EL001C","45-64",21.76,34.09,0.201464081230448,2.5,1.22833000378084,0.205655526343338,0,1.30681403834662,1.30681403834662e-05,0,0
"Athens","EL001C","45-64",21.76,34.09,0.201464081230448,3,1.22557243761834,0.203408030862884,0,1.30681403834662,1.30681403834662e-05,0,0
"Athens","EL001C","45-64",21.76,34.09,0.201464081230448,3.5,1.22171970189495,0.20025945792054,0,1.30681403834662,1.30681403834662e-05,0,0
"Athens","EL001C","45-64",21.76,34.09,0.201464081230448,4,1.21678216859998,0.196209807516306,0,1.30681403834662,1.30681403834662e-05,0,0
"Athens","EL001C","45-64",21.76,34.09,0.201464081230448,4.5,1.2107730981206,0.191259079650181,0,1.30681403834662,1.30681403834662e-05,0,0
"Athens","EL001C","45-64",21.76,34.09,0.201464081230448,5,1.20370857990621,0.185407274322165,0,1.30681403834662,1.30681403834662e-05,0,0
"Athens","EL001C","45-64",21.76,34.09,0.201464081230448,5.5,1.19560746069235,0.178654391532258,0,1.30681403834662,1.30681403834662e-05,0,0
"Athens","EL001C","45-64",21.76,34.09,0.201464081230448,6,1.1864912607321,0.171000431280461,0,1.30681403834662,1.30681403834662e-05,0,0
"Athens","EL001C","45-64",21.76,34.09,0.201464081230448,6.5,1.17638407855612,0.162445393566774,0,1.30681403834662,1.30681403834662e-05,0,0
"Athens","EL001C","45-64",21.76,34.09,0.201464081230448,7,1.16531248485116,0.152989278391196,0,1.30681403834662,1.30681403834662e-05,0,0
"Athens","EL001C","45-64",21.76,34.09,0.201464081230448,7.5,1.1535173143786,0.142815808816895,0,1.30681403834662,1.30681403834662e-05,0,0
"Athens","EL001C","45-64",21.76,34.09,0.201464081230448,8,1.14209928400583,0.132868046164005,0,1.30681403834662,1.30681403834662e-05,0,0
"Athens","EL001C","45-64",21.76,34.09,0.201464081230448,8.5,1.13120033167124,0.123279309363137,0,1.30681403834662,1.30681403834662e-05,0,0
"Athens","EL001C","45-64",21.76,34.09,0.201464081230448,9,1.12080771379091,0.114049598414292,0,1.30681403834662,1.30681403834662e-05,0,0
"Athens","EL001C","45-64",21.76,34.09,0.201464081230448,9.5,1.11090934905372,0.105178913317469,0,1.30681403834662,1.30681403834662e-05,0,0
"Athens","EL001C","45-64",21.76,34.09,0.201464081230448,10,1.10149379506134,0.0966672540726677,0,1.30681403834662,1.30681403834662e-05,0,0
"Athens","EL001C","45-64",21.76,34.09,0.201464081230448,10.5,1.09255022632083,0.088514620679889,0,1.30681403834662,1.30681403834662e-05,0,0
"Athens","EL001C","45-64",21.76,34.09,0.201464081230448,11,1.08406841353067,0.0807210131391326,0,1.30681403834662,1.30681403834662e-05,0,0
"Athens","EL001C","45-64",21.76,34.09,0.201464081230448,11.5,1.07603870410491,0.0732864314503984,0,1.30681403834662,1.30681403834662e-05,0,0
"Athens","EL001C","45-64",21.76,34.09,0.201464081230448,12,1.06845200388343,0.0662108756136865,0,1.30681403834662,1.30681403834662e-05,0,0
"Athens","EL001C","45-64",21.76,34.09,0.201464081230448,12.5,1.06129975997998,0.0594943456289969,0,1.30681403834662,1.30681403834662e-05,0,0
"Athens","EL001C","45-64",21.76,34.09,0.201464081230448,13,1.05457394472263,0.0531368414963295,0,1.30681403834662,1.30681403834662e-05,0,0
"Athens","EL001C","45-64",21.76,34.09,0.201464081230448,13.5,1.04826704064455,0.0471383632156844,0,1.30681403834662,1.30681403834662e-05,0,0
"Athens","EL001C","45-64",21.76,34.09,0.201464081230448,14,1.04237202648576,0.0414989107870615,0,1.30681403834662,1.30681403834662e-05,0,0
"Athens","EL001C","45-64",21.76,34.09,0.201464081230448,14.5,1.03688236416943,0.036218484210461,0,1.30681403834662,1.30681403834662e-05,0,0
"Athens","EL001C","45-64",21.76,34.09,0.201464081230448,15,1.03179198671889,0.0312970834858827,0,1.30681403834662,1.30681403834662e-05,0,0
"Athens","EL001C","45-64",21.76,34.09,0.201464081230448,15.5,1.0270952870841,0.0267347086133266,0,1.30681403834662,1.30681403834662e-05,0,0
"Athens","EL001C","45-64",21.76,34.09,0.201464081230448,16,1.02278710784875,0.0225313595927929,0,1.30681403834662,1.30681403834662e-05,0,0
"Athens","EL001C","45-64",21.76,34.09,0.201464081230448,16.5,1.01886273179163,0.0186870364242814,0,1.30681403834662,1.30681403834662e-05,0,0
"Athens","EL001C","45-64",21.76,34.09,0.201464081230448,17,1.01531787327795,0.0152017391077921,0,1.30681403834662,1.30681403834662e-05,0,0
"Athens","EL001C","45-64",21.76,34.09,0.201464081230448,17.5,1.01214867045873,0.0120754676433251,0,1.30681403834662,1.30681403834662e-05,0,0
"Athens","EL001C","45-64",21.76,34.09,0.201464081230448,18,1.00935167825832,0.00930822203088044,0,1.30681403834662,1.30681403834662e-05,0,0
"Athens","EL001C","45-64",21.76,34.09,0.201464081230448,18.5,1.00692386213226,0.00690000227045803,0,1.30681403834662,1.30681403834662e-05,0,0
"Athens","EL001C","45-64",21.76,34.09,0.201464081230448,19,1.00486259257956,0.00485080836205784,0,1.30681403834662,1.30681403834662e-05,0,0
"Athens","EL001C","45-64",21.76,34.09,0.201464081230448,19.5,1.00316564039569,0.00316064030567995,0,1.30681403834662,1.30681403834662e-05,0,0
"Athens","EL001C","45-64",21.76,34.09,0.201464081230448,20,1.00183117265402,0.0018294981013243,0,1.30681403834662,1.30681403834662e-05,0,0
"Athens","EL001C","45-64",21.76,34.09,0.201464081230448,20.5,1.00085774940579,0.000857381748990915,0,1.30681403834662,1.30681403834662e-05,0,0
"Athens","EL001C","45-64",21.76,34.09,0.201464081230448,21,1.00024432109022,0.000244291248679834,0,1.30681403834662,1.30681403834662e-05,0,0
"Athens","EL001C","45-64",21.76,34.09,0.201464081230448,21.5,0.99999022664815,-9.77339960903101e-06,0,1.30681403834662,1.30681403834662e-05,0,0
"Athens","EL001C","45-64",21.76,34.09,0.201464081230448,22,1.00009519233463,9.51878041244025e-05,9.51832739090091e-05,1.30681403834662,1.30681403834662e-05,1.24386838560085e-09,0.000124386838560085
"Athens","EL001C","45-64",21.76,34.09,0.201464081230448,22.5,1.00055933122729,0.000559174859880135,0.000559018550754173,1.30681403834662,1.30681403834662e-05,7.30533289821737e-09,0.000730533289821737
"Athens","EL001C","45-64",21.76,34.09,0.201464081230448,23,1.00138314342942,0.00138218776765808,0.00138123298609193,1.30681403834662,1.30681403834662e-05,1.80501465645236e-08,0.00180501465645236
"Athens","EL001C","45-64",21.76,34.09,0.201464081230448,23.5,1.00257212040644,0.00256881816604104,0.00256552157604017,1.30681403834662,1.30681403834662e-05,3.35265961125044e-08,0.00335265961125044
"Athens","EL001C","45-64",21.76,34.09,0.201464081230448,24,1.00441948212203,0.00440974488938931,0.00440003624052542,1.30681403834662,1.30681403834662e-05,5.75002912835252e-08,0.00575002912835252
"Athens","EL001C","45-64",21.76,34.09,0.201464081230448,24.5,1.00710334190783,0.00707823201401883,0.0070532403302068,1.30681403834662,1.30681403834662e-05,9.21727347934681e-08,0.00921727347934681
"Athens","EL001C","45-64",21.76,34.09,0.201464081230448,25,1.01063038481707,0.0105742795399296,0.0105185683873847,1.30681403834662,1.30681403834662e-05,1.37458128319433e-07,0.0137458128319433
"Athens","EL001C","45-64",21.76,34.09,0.201464081230448,25.5,1.01500941414163,0.0148978874671216,0.014787462985575,1.30681403834662,1.30681403834662e-05,1.93244642210804e-07,0.0193244642210804
"Athens","EL001C","45-64",21.76,34.09,0.201464081230448,26,1.02025138804272,0.0200490557955949,0.0198494099396143,1.30681403834662,1.30681403834662e-05,2.59394875619849e-07,0.0259394875619849
"Athens","EL001C","45-64",21.76,34.09,0.201464081230448,26.5,1.0263694652657,0.0260277845253495,0.0256919814531668,1.30681403834662,1.30681403834662e-05,3.35746420359394e-07,0.0335746420359394
"Athens","EL001C","45-64",21.76,34.09,0.201464081230448,27,1.03500463000084,0.034405900138086,0.0338207472567613,1.30681403834662,1.30681403834662e-05,4.41974273025086e-07,0.0441974273025086
"Athens","EL001C","45-64",21.76,34.09,0.201464081230448,27.5,1.05038663586691,0.0491583210265348,0.0479696086625551,1.30681403834662,1.30681403834662e-05,6.26873580142208e-07,0.0626873580142208
"Athens","EL001C","45-64",21.76,34.09,0.201464081230448,28,1.073022127655,0.070479085667984,0.0680527696242219,1.30681403834662,1.30681403834662e-05,8.89323146933018e-07,0.0889323146933018
"Athens","EL001C","45-64",21.76,34.09,0.201464081230448,28.5,1.10336896422885,0.0983681940624336,0.093684857540919,1.30681403834662,1.30681403834662e-05,1.22428687014976e-06,0.122428687014976
"Athens","EL001C","45-64",21.76,34.09,0.201464081230448,29,1.14205086007518,0.132825646209884,0.124382253926793,1.30681403834662,1.30681403834662e-05,1.62544475552728e-06,0.162544475552728
"Athens","EL001C","45-64",21.76,34.09,0.201464081230448,29.5,1.1898787868082,0.173851442110334,0.159578260334857,1.30681403834662,1.30681403834662e-05,2.08539110820522e-06,0.208539110820523
"Athens","EL001C","45-64",21.76,34.09,0.201464081230448,30,1.24787933898039,0.221445581763785,0.198640470466423,1.30681403834662,1.30681403834662e-05,2.59586155389299e-06,0.259586155389299
"Athens","EL001C","45-64",21.76,34.09,0.201464081230448,30.5,1.31733145475506,0.275608065170236,0.240889605732571,1.30681403834662,1.30681403834662e-05,3.14797918463107e-06,0.314797918463107
"Athens","EL001C","45-64",21.76,34.09,0.201464081230448,31,1.3998133304378,0.336338892329687,0.285619033441235,1.30681403834662,1.30681403834662e-05,3.7325096252e-06,0.37325096252
"Athens","EL001C","45-64",21.76,34.09,0.201464081230448,31.5,1.49726193474665,0.403638063242139,0.332114190047043,1.30681403834662,1.30681403834662e-05,4.34011485887594e-06,0.434011485887594
"Athens","EL001C","45-64",21.76,34.09,0.201464081230448,32,1.61204825404514,0.477505577907592,0.379671174550337,1.30681403834662,1.30681403834662e-05,4.96159620857931e-06,0.496159620857931
"Athens","EL001C","45-64",21.76,34.09,0.201464081230448,32.5,1.74707233633674,0.557941436326044,0.42761385478932,1.30681403834662,1.30681403834662e-05,5.58811788430198e-06,0.558811788430198
"Athens","EL001C","45-64",21.76,34.09,0.201464081230448,33,1.90588341976947,0.644945638497497,0.475308935674063,1.30681403834662,1.30681403834662e-05,6.21140389690457e-06,0.621140389690457
"Athens","EL001C","45-64",21.76,34.09,0.201464081230448,33.5,2.09283202456614,0.738518184421951,0.522178565569635,1.30681403834662,1.30681403834662e-05,6.82390280010101e-06,0.682390280010101
"Athens","EL001C","45-64",21.76,34.09,0.201464081230448,34,2.31326298188532,0.838659074099405,0.567710196449435,1.30681403834662,1.30681403834662e-05,7.4189165443264e-06,0.74189165443264
"Athens","EL001C","45-64",21.76,34.09,0.201464081230448,34.09,2.35698201237311,0.857381992347916,0.575728624677472,1.30681403834662,1.30681403834662e-05,7.52370249006514e-06,0.752370249006514
"Athens","EL001C","65-74",23.43,34.09,0.223355549597369,-3.62,1.36009573419756,0.307555090062828,0,4.4602984386832,4.4602984386832e-05,0,0
"Athens","EL001C","65-74",23.43,34.09,0.223355549597369,-3.5,1.35921388287254,0.306906505326177,0,4.4602984386832,4.4602984386832e-05,0,0
"Athens","EL001C","65-74",23.43,34.09,0.223355549597369,-3,1.35525032914697,0.303986182026361,0,4.4602984386832,4.4602984386832e-05,0,0
"Athens","EL001C","65-74",23.43,34.09,0.223355549597369,-2.5,1.35082352940929,0.300714428247343,0,4.4602984386832,4.4602984386832e-05,0,0
"Athens","EL001C","65-74",23.43,34.09,0.223355549597369,-2,1.34593810260708,0.297091243989122,0,4.4602984386832,4.4602984386832e-05,0,0
"Athens","EL001C","65-74",23.43,34.09,0.223355549597369,-1.5,1.34059913438824,0.293116629251698,0,4.4602984386832,4.4602984386832e-05,0,0
"Athens","EL001C","65-74",23.43,34.09,0.223355549597369,-1,1.33481216827912,0.288790584035072,0,4.4602984386832,4.4602984386832e-05,0,0
"Athens","EL001C","65-74",23.43,34.09,0.223355549597369,-0.5,1.32858319609336,0.284113108339244,0,4.4602984386832,4.4602984386832e-05,0,0
"Athens","EL001C","65-74",23.43,34.09,0.223355549597369,0,1.32191864759451,0.279084202164213,0,4.4602984386832,4.4602984386832e-05,0,0
"Athens","EL001C","65-74",23.43,34.09,0.223355549597369,0.5,1.3148253794376,0.27370386550998,0,4.4602984386832,4.4602984386832e-05,0,0
"Athens","EL001C","65-74",23.43,34.09,0.223355549597369,1,1.30731066341619,0.267972098376544,0,4.4602984386832,4.4602984386832e-05,0,0
"Athens","EL001C","65-74",23.43,34.09,0.223355549597369,1.5,1.29938217404299,0.261888900763906,0,4.4602984386832,4.4602984386832e-05,0,0
"Athens","EL001C","65-74",23.43,34.09,0.223355549597369,2,1.29104797549396,0.255454272672066,0,4.4602984386832,4.4602984386832e-05,0,0
"Athens","EL001C","65-74",23.43,34.09,0.223355549597369,2.5,1.28231650794673,0.248668214101023,0,4.4602984386832,4.4602984386832e-05,0,0
"Athens","EL001C","65-74",23.43,34.09,0.223355549597369,3,1.27319657334593,0.241530725050778,0,4.4602984386832,4.4602984386832e-05,0,0
"Athens","EL001C","65-74",23.43,34.09,0.223355549597369,3.5,1.2636973206288,0.23404180552133,0,4.4602984386832,4.4602984386832e-05,0,0
"Athens","EL001C","65-74",23.43,34.09,0.223355549597369,4,1.25382823044599,0.22620145551268,0,4.4602984386832,4.4602984386832e-05,0,0
"Athens","EL001C","65-74",23.43,34.09,0.223355549597369,4.5,1.24359909941302,0.218009675024827,0,4.4602984386832,4.4602984386832e-05,0,0
"Athens","EL001C","65-74",23.43,34.09,0.223355549597369,5,1.23302002392916,0.209466464057772,0,4.4602984386832,4.4602984386832e-05,0,0
"Athens","EL001C","65-74",23.43,34.09,0.223355549597369,5.5,1.22210138360093,0.200571822611515,0,4.4602984386832,4.4602984386832e-05,0,0
"Athens","EL001C","65-74",23.43,34.09,0.223355549597369,6,1.21085382430828,0.191325750686055,0,4.4602984386832,4.4602984386832e-05,0,0
"Athens","EL001C","65-74",23.43,34.09,0.223355549597369,6.5,1.19928824095216,0.181728248281392,0,4.4602984386832,4.4602984386832e-05,0,0
"Athens","EL001C","65-74",23.43,34.09,0.223355549597369,7,1.18741575992225,0.171779315397528,0,4.4602984386832,4.4602984386832e-05,0,0
"Athens","EL001C","65-74",23.43,34.09,0.223355549597369,7.5,1.17536219940756,0.161576354910313,0,4.4602984386832,4.4602984386832e-05,0,0
"Athens","EL001C","65-74",23.43,34.09,0.223355549597369,8,1.16371717330717,0.151619341526801,0,4.4602984386832,4.4602984386832e-05,0,0
"Athens","EL001C","65-74",23.43,34.09,0.223355549597369,8.5,1.15255239373584,0.141978955797508,0,4.4602984386832,4.4602984386832e-05,0,0
"Athens","EL001C","65-74",23.43,34.09,0.223355549597369,9,1.14185621582237,0.132655197722434,0,4.4602984386832,4.4602984386832e-05,0,0
"Athens","EL001C","65-74",23.43,34.09,0.223355549597369,9.5,1.13161754769465,0.123648067301578,0,4.4602984386832,4.4602984386832e-05,0,0
"Athens","EL001C","65-74",23.43,34.09,0.223355549597369,10,1.12182583136098,0.114957564534941,0,4.4602984386832,4.4602984386832e-05,0,0
"Athens","EL001C","65-74",23.43,34.09,0.223355549597369,10.5,1.11247102460759,0.106583689422523,0,4.4602984386832,4.4602984386832e-05,0,0
"Athens","EL001C","65-74",23.43,34.09,0.223355549597369,11,1.10354358386868,0.0985264419643235,0,4.4602984386832,4.4602984386832e-05,0,0
"Athens","EL001C","65-74",23.43,34.09,0.223355549597369,11.5,1.09503444802845,0.0907858221603424,0,4.4602984386832,4.4602984386832e-05,0,0
"Athens","EL001C","65-74",23.43,34.09,0.223355549597369,12,1.08693502311645,0.0833618300105802,0,4.4602984386832,4.4602984386832e-05,0,0
"Athens","EL001C","65-74",23.43,34.09,0.223355549597369,12.5,1.07923716786025,0.0762544655150365,0,4.4602984386832,4.4602984386832e-05,0,0
"Athens","EL001C","65-74",23.43,34.09,0.223355549597369,13,1.07193318006151,0.0694637286737116,0,4.4602984386832,4.4602984386832e-05,0,0
"Athens","EL001C","65-74",23.43,34.09,0.223355549597369,13.5,1.06501578376332,0.0629896194866053,0,4.4602984386832,4.4602984386832e-05,0,0
"Athens","EL001C","65-74",23.43,34.09,0.223355549597369,14,1.05847811717925,0.0568321379537177,0,4.4602984386832,4.4602984386832e-05,0,0
"Athens","EL001C","65-74",23.43,34.09,0.223355549597369,14.5,1.05231372135581,0.0509912840750488,0,4.4602984386832,4.4602984386832e-05,0,0
"Athens","EL001C","65-74",23.43,34.09,0.223355549597369,15,1.04651652954224,0.0454670578505986,0,4.4602984386832,4.4602984386832e-05,0,0
"Athens","EL001C","65-74",23.43,34.09,0.223355549597369,15.5,1.04108085724312,0.040259459280367,0,4.4602984386832,4.4602984386832e-05,0,0
"Athens","EL001C","65-74",23.43,34.09,0.223355549597369,16,1.03600139293097,0.0353684883643541,0,4.4602984386832,4.4602984386832e-05,0,0
"Athens","EL001C","65-74",23.43,34.09,0.223355549597369,16.5,1.03127318939765,0.0307941451025598,0,4.4602984386832,4.4602984386832e-05,0,0
"Athens","EL001C","65-74",23.43,34.09,0.223355549597369,17,1.02689165572471,0.0265364294949842,0,4.4602984386832,4.4602984386832e-05,0,0
"Athens","EL001C","65-74",23.43,34.09,0.223355549597369,17.5,1.02285254985468,0.0225953415416274,0,4.4602984386832,4.4602984386832e-05,0,0
"Athens","EL001C","65-74",23.43,34.09,0.223355549597369,18,1.0191519717462,0.0189708812424892,0,4.4602984386832,4.4602984386832e-05,0,0
"Athens","EL001C","65-74",23.43,34.09,0.223355549597369,18.5,1.01578635709774,0.0156630485975697,0,4.4602984386832,4.4602984386832e-05,0,0
"Athens","EL001C","65-74",23.43,34.09,0.223355549597369,19,1.01275247162568,0.0126718436068687,0,4.4602984386832,4.4602984386832e-05,0,0
"Athens","EL001C","65-74",23.43,34.09,0.223355549597369,19.5,1.01004740588389,0.00999726627038661,0,4.4602984386832,4.4602984386832e-05,0,0
"Athens","EL001C","65-74",23.43,34.09,0.223355549597369,20,1.00766857061323,0.00763931658812311,0,4.4602984386832,4.4602984386832e-05,0,0
"Athens","EL001C","65-74",23.43,34.09,0.223355549597369,20.5,1.00561369261049,0.0055979945600782,0,4.4602984386832,4.4602984386832e-05,0,0
"Athens","EL001C","65-74",23.43,34.09,0.223355549597369,21,1.00388081110764,0.00387330018625209,0,4.4602984386832,4.4602984386832e-05,0,0
"Athens","EL001C","65-74",23.43,34.09,0.223355549597369,21.5,1.00246827465323,0.00246523346664457,0,4.4602984386832,4.4602984386832e-05,0,0
"Athens","EL001C","65-74",23.43,34.09,0.223355549597369,22,1.00137473848906,0.00137379440125573,0,4.4602984386832,4.4602984386832e-05,0,0
"Athens","EL001C","65-74",23.43,34.09,0.223355549597369,22.5,1.00059916241622,0.00059898299008565,0,4.4602984386832,4.4602984386832e-05,0,0
"Athens","EL001C","65-74",23.43,34.09,0.223355549597369,23,1.00014080914581,0.000140799233134148,0,4.4602984386832,4.4602984386832e-05,0,0
"Athens","EL001C","65-74",23.43,34.09,0.223355549597369,23.5,1.00000558138503,5.58136945771892e-06,5.5813538817968e-06,4.4602984386832,4.4602984386832e-05,2.48945040047167e-10,2.48945040047167e-05
"Athens","EL001C","65-74",23.43,34.09,0.223355549597369,24,1.00059475553385,0.000594578736870133,0.000594402009960717,4.4602984386832,4.4602984386832e-05,2.65121035697794e-08,0.00265121035697794
"Athens","EL001C","65-74",23.43,34.09,0.223355549597369,24.5,1.00214926922089,0.00214696284588656,0.00214465976965689,4.4602984386832,4.4602984386832e-05,9.56582262210731e-08,0.00956582262210731
"Athens","EL001C","65-74",23.43,34.09,0.223355549597369,25,1.00467362115446,0.00466273369650688,0.0046518800295501,4.4602984386832,4.4602984386832e-05,2.07487732327439e-07,0.0207487732327439
"Athens","EL001C","65-74",23.43,34.09,0.223355549597369,25.5,1.00817512662387,0.00814189128873105,0.00810883586391264,4.4602984386832,4.4602984386832e-05,3.61678279433479e-07,0.0361678279433479
"Athens","EL001C","65-74",23.43,34.09,0.223355549597369,26,1.01266395284221,0.0125844356225592,0.012505582732222,4.4602984386832,4.4602984386832e-05,5.57786311353536e-07,0.0557786311353536
"Athens","EL001C","65-74",23.43,34.09,0.223355549597369,26.5,1.01815316816559,0.0179903666979913,0.0178295061422806,4.4602984386832,4.4602984386832e-05,7.95249184089068e-07,0.0795249184089068
"Athens","EL001C","65-74",23.43,34.09,0.223355549597369,27,1.0264563478262,0.0261124313180678,0.0257744500116577,4.4602984386832,4.4602984386832e-05,1.14961739144915e-06,0.114961739144915
"Athens","EL001C","65-74",23.43,34.09,0.223355549597369,27.5,1.04225128303789,0.0413830688050146,0.0405384802355363,4.4602984386832,4.4602984386832e-05,1.80813720101153e-06,0.180813720101153
"Athens","EL001C","65-74",23.43,34.09,0.223355549597369,28,1.06611228353896,0.064018651846716,0.0620124958315797,4.4602984386832,4.4602984386832e-05,2.76594238336444e-06,0.276594238336443
"Athens","EL001C","65-74",23.43,34.09,0.223355549597369,28.5,1.09858081698203,0.094019180443172,0.089734697218584,4.4602984386832,4.4602984386832e-05,4.0024352989976e-06,0.40024352989976
"Athens","EL001C","65-74",23.43,34.09,0.223355549597369,29,1.14040635950167,0.131384654594383,0.123119586568269,4.4602984386832,4.4602984386832e-05,5.49150099741771e-06,0.549150099741771
"Athens","EL001C","65-74",23.43,34.09,0.223355549597369,29.5,1.19257528552147,0.176115074300348,0.161478514488301,4.4602984386832,4.4602984386832e-05,7.20242366053053e-06,0.720242366053053
"Athens","EL001C","65-74",23.43,34.09,0.223355549597369,30,1.25634968329159,0.228210439561068,0.204043258577472,4.4602984386832,4.4602984386832e-05,9.10093827656933e-06,0.910093827656933
"Athens","EL001C","65-74",23.43,34.09,0.223355549597369,30.5,1.33331823731847,0.287670750376542,0.2499915083955,4.4602984386832,4.4602984386832e-05,1.11503673458051e-05,1.11503673458051
"Athens","EL001C","65-74",23.43,34.09,0.223355549597369,31,1.42546204995491,0.354496006746771,0.298473081039492,4.4602984386832,4.4602984386832e-05,1.33127901734941e-05,1.33127901734941
"Athens","EL001C","65-74",23.43,34.09,0.223355549597369,31.5,1.53523921405363,0.428686208671755,0.348635710418306,4.4602984386832,4.4602984386832e-05,1.55501931484798e-05,1.55501931484798
"Athens","EL001C","65-74",23.43,34.09,0.223355549597369,32,1.66569317172765,0.510241356151493,0.39964933700076,4.4602984386832,4.4602984386832e-05,1.78255531384527e-05,1.78255531384527
"Athens","EL001C","65-74",23.43,34.09,0.223355549597369,32.5,1.82059150163551,0.599161449185986,0.450727964454597,4.4602984386832,4.4602984386832e-05,2.0103812361277e-05,2.0103812361277
"Athens","EL001C","65-74",23.43,34.09,0.223355549597369,33,2.00460390529858,0.695446487775233,0.501148332916645,4.4602984386832,4.4602984386832e-05,2.2352711268568e-05,2.2352711268568
"Athens","EL001C","65-74",23.43,34.09,0.223355549597369,33.5,2.22353099791978,0.799096471919235,0.550264871083178,4.4602984386832,4.4602984386832e-05,2.45434554535451e-05,2.45434554535451
"Athens","EL001C","65-74",23.43,34.09,0.223355549597369,34,2.48459930635084,0.910111401617992,0.597520615318568,4.4602984386832,4.4602984386832e-05,2.66512026758643e-05,2.66512026758643
"Athens","EL001C","65-74",23.43,34.09,0.223355549597369,34.09,2.53673100489886,0.930876246181684,0.60579186438419,4.4602984386832,4.4602984386832e-05,2.70201250687979e-05,2.70201250687979
"Athens","EL001C","75-84",23.98,34.09,0.240937096360318,-3.62,1.53481771785382,0.42841162340392,0,12.617897383614,0.00012617897383614,0,0
"Athens","EL001C","75-84",23.98,34.09,0.240937096360318,-3.5,1.53033012239249,0.425483478399748,0,12.617897383614,0.00012617897383614,0,0
"Athens","EL001C","75-84",23.98,34.09,0.240937096360318,-3,1.51185696975442,0.413338676559521,0,12.617897383614,0.00012617897383614,0,0
"Athens","EL001C","75-84",23.98,34.09,0.240937096360318,-2.5,1.49374124934232,0.401283878499651,0,12.617897383614,0.00012617897383614,0,0
"Athens","EL001C","75-84",23.98,34.09,0.240937096360318,-2,1.47597543667418,0.38931908422014,0,12.617897383614,0.00012617897383614,0,0
"Athens","EL001C","75-84",23.98,34.09,0.240937096360318,-1.5,1.4585521910159,0.377444293720987,0,12.617897383614,0.00012617897383614,0,0
"Athens","EL001C","75-84",23.98,34.09,0.240937096360318,-1,1.44146435056864,0.365659507002192,0,12.617897383614,0.00012617897383614,0,0
"Athens","EL001C","75-84",23.98,34.09,0.240937096360318,-0.5,1.42470492779323,0.353964724063755,0,12.617897383614,0.00012617897383614,0,0
"Athens","EL001C","75-84",23.98,34.09,0.240937096360318,0,1.4082671048675,0.342359944905677,0,12.617897383614,0.00012617897383614,0,0
"Athens","EL001C","75-84",23.98,34.09,0.240937096360318,0.5,1.39214422927259,0.330845169527956,0,12.617897383614,0.00012617897383614,0,0
"Athens","EL001C","75-84",23.98,34.09,0.240937096360318,1,1.37632980950439,0.319420397930594,0,12.617897383614,0.00012617897383614,0,0
"Athens","EL001C","75-84",23.98,34.09,0.240937096360318,1.5,1.36081751090622,0.30808563011359,0,12.617897383614,0.00012617897383614,0,0
"Athens","EL001C","75-84",23.98,34.09,0.240937096360318,2,1.34560115161933,0.296840866076943,0,12.617897383614,0.00012617897383614,0,0
"Athens","EL001C","75-84",23.98,34.09,0.240937096360318,2.5,1.33067469864753,0.285686105820655,0,12.617897383614,0.00012617897383614,0,0
"Athens","EL001C","75-84",23.98,34.09,0.240937096360318,3,1.31603226403264,0.274621349344726,0,12.617897383614,0.00012617897383614,0,0
"Athens","EL001C","75-84",23.98,34.09,0.240937096360318,3.5,1.30166810113746,0.263646596649154,0,12.617897383614,0.00012617897383614,0,0
"Athens","EL001C","75-84",23.98,34.09,0.240937096360318,4,1.28757660103305,0.25276184773394,0,12.617897383614,0.00012617897383614,0,0
"Athens","EL001C","75-84",23.98,34.09,0.240937096360318,4.5,1.27375228898722,0.241967102599085,0,12.617897383614,0.00012617897383614,0,0
"Athens","EL001C","75-84",23.98,34.09,0.240937096360318,5,1.2601898210513,0.231262361244587,0,12.617897383614,0.00012617897383614,0,0
"Athens","EL001C","75-84",23.98,34.09,0.240937096360318,5.5,1.24688398074224,0.220647623670448,0,12.617897383614,0.00012617897383614,0,0
"Athens","EL001C","75-84",23.98,34.09,0.240937096360318,6,1.23382967581721,0.210122889876667,0,12.617897383614,0.00012617897383614,0,0
"Athens","EL001C","75-84",23.98,34.09,0.240937096360318,6.5,1.22102193513807,0.199688159863244,0,12.617897383614,0.00012617897383614,0,0
"Athens","EL001C","75-84",23.98,34.09,0.240937096360318,7,1.20845590562297,0.18934343363018,0,12.617897383614,0.00012617897383614,0,0
"Athens","EL001C","75-84",23.98,34.09,0.240937096360318,7.5,1.19616043356113,0.179116788305759,0,12.617897383614,0.00012617897383614,0,0
"Athens","EL001C","75-84",23.98,34.09,0.240937096360318,8,1.18430054797608,0.169152345445599,0,12.617897383614,0.00012617897383614,0,0
"Athens","EL001C","75-84",23.98,34.09,0.240937096360318,8.5,1.17288963714213,0.159470479262134,0,12.617897383614,0.00012617897383614,0,0
"Athens","EL001C","75-84",23.98,34.09,0.240937096360318,9,1.16191695636794,0.150071189755362,0,12.617897383614,0.00012617897383614,0,0
"Athens","EL001C","75-84",23.98,34.09,0.240937096360318,9.5,1.15137223278752,0.140954476925284,0,12.617897383614,0.00012617897383614,0,0
"Athens","EL001C","75-84",23.98,34.09,0.240937096360318,10,1.14124564938624,0.1321203407719,0,12.617897383614,0.00012617897383614,0,0
"Athens","EL001C","75-84",23.98,34.09,0.240937096360318,10.5,1.13152782981529,0.123568781295209,0,12.617897383614,0.00012617897383614,0,0
"Athens","EL001C","75-84",23.98,34.09,0.240937096360318,11,1.12220982396189,0.115299798495213,0,12.617897383614,0.00012617897383614,0,0
"Athens","EL001C","75-84",23.98,34.09,0.240937096360318,11.5,1.11328309424412,0.10731339237191,0,12.617897383614,0.00012617897383614,0,0
"Athens","EL001C","75-84",23.98,34.09,0.240937096360318,12,1.10473950260113,0.099609562925301,0,12.617897383614,0.00012617897383614,0,0
"Athens","EL001C","75-84",23.98,34.09,0.240937096360318,12.5,1.09657129815098,0.0921883101553858,0,12.617897383614,0.00012617897383614,0,0
"Athens","EL001C","75-84",23.98,34.09,0.240937096360318,13,1.08877110549004,0.0850496340621644,0,12.617897383614,0.00012617897383614,0,0
"Athens","EL001C","75-84",23.98,34.09,0.240937096360318,13.5,1.08133191360911,0.0781935346456367,0,12.617897383614,0.00012617897383614,0,0
"Athens","EL001C","75-84",23.98,34.09,0.240937096360318,14,1.07424706540313,0.0716200119058029,0,12.617897383614,0.00012617897383614,0,0
"Athens","EL001C","75-84",23.98,34.09,0.240937096360318,14.5,1.06751024775244,0.0653290658426627,0,12.617897383614,0.00012617897383614,0,0
"Athens","EL001C","75-84",23.98,34.09,0.240937096360318,15,1.0611154821549,0.0593206964562166,0,12.617897383614,0.00012617897383614,0,0
"Athens","EL001C","75-84",23.98,34.09,0.240937096360318,15.5,1.05505711588947,0.053594903746464,0,12.617897383614,0.00012617897383614,0,0
"Athens","EL001C","75-84",23.98,34.09,0.240937096360318,16,1.04932981369303,0.0481516877134054,0,12.617897383614,0.00012617897383614,0,0
"Athens","EL001C","75-84",23.98,34.09,0.240937096360318,16.5,1.04392854993313,0.0429910483570405,0,12.617897383614,0.00012617897383614,0,0
"Athens","EL001C","75-84",23.98,34.09,0.240937096360318,17,1.0388486012608,0.0381129856773694,0,12.617897383614,0.00012617897383614,0,0
"Athens","EL001C","75-84",23.98,34.09,0.240937096360318,17.5,1.03408553972818,0.033517499674392,0,12.617897383614,0.00012617897383614,0,0
"Athens","EL001C","75-84",23.98,34.09,0.240937096360318,18,1.02963522635716,0.0292045903481086,0,12.617897383614,0.00012617897383614,0,0
"Athens","EL001C","75-84",23.98,34.09,0.240937096360318,18.5,1.02549380514572,0.0251742576985189,0,12.617897383614,0.00012617897383614,0,0
"Athens","EL001C","75-84",23.98,34.09,0.240937096360318,19,1.02165769750005,0.0214265017256229,0,12.617897383614,0.00012617897383614,0,0
"Athens","EL001C","75-84",23.98,34.09,0.240937096360318,19.5,1.01812359708097,0.0179613224294208,0,12.617897383614,0.00012617897383614,0,0
"Athens","EL001C","75-84",23.98,34.09,0.240937096360318,20,1.01488846505445,0.0147787198099125,0,12.617897383614,0.00012617897383614,0,0
"Athens","EL001C","75-84",23.98,34.09,0.240937096360318,20.5,1.01194952573661,0.0118786938670979,0,12.617897383614,0.00012617897383614,0,0
"Athens","EL001C","75-84",23.98,34.09,0.240937096360318,21,1.00930426262435,0.00926124460097721,0,12.617897383614,0.00012617897383614,0,0
"Athens","EL001C","75-84",23.98,34.09,0.240937096360318,21.5,1.00695041480389,0.00692637201155022,0,12.617897383614,0.00012617897383614,0,0
"Athens","EL001C","75-84",23.98,34.09,0.240937096360318,22,1.00488597372986,0.00487407609881707,0,12.617897383614,0.00012617897383614,0,0
"Athens","EL001C","75-84",23.98,34.09,0.240937096360318,22.5,1.00310918036855,0.00310435686277771,0,12.617897383614,0.00012617897383614,0,0
"Athens","EL001C","75-84",23.98,34.09,0.240937096360318,23,1.00161852269971,0.00161721430343215,0,12.617897383614,0.00012617897383614,0,0
"Athens","EL001C","75-84",23.98,34.09,0.240937096360318,23.5,1.00042047777125,0.000420389395248966,0,12.617897383614,0.00012617897383614,0,0
"Athens","EL001C","75-84",23.98,34.09,0.240937096360318,24,1.00000393322355,3.93321581049211e-06,3.93320807534033e-06,12.617897383614,0.00012617897383614,4.96288158830463e-10,4.96288158830463e-05
"Athens","EL001C","75-84",23.98,34.09,0.240937096360318,24.5,1.0006601668813,0.00065994906700273,0.00065973134851426,12.617897383614,0.00012617897383614,8.32442245630623e-08,0.00832442245630623
"Athens","EL001C","75-84",23.98,34.09,0.240937096360318,25,1.00239129153657,0.00238843694882546,0.00238558690279939,12.617897383614,0.00012617897383614,3.01010907392163e-07,0.0301010907392163
"Athens","EL001C","75-84",23.98,34.09,0.240937096360318,25.5,1.00520288510302,0.00518939686127873,0.0051759552028051,12.617897383614,0.00012617897383614,6.53096716111778e-07,0.0653096716111778
"Athens","EL001C","75-84",23.98,34.09,0.240937096360318,26,1.0091040205813,0.0090628288043626,0.00902188515318525,12.617897383614,0.00012617897383614,1.13837221069642e-06,0.113837221069642
"Athens","EL001C","75-84",23.98,34.09,0.240937096360318,26.5,1.01410731487395,0.0140087327780771,0.013911067070554,12.617897383614,0.00012617897383614,1.75528416792823e-06,0.175528416792823
"Athens","EL001C","75-84",23.98,34.09,0.240937096360318,27,1.02216727943772,0.0219251568981336,0.0216865476753584,12.617897383614,0.00012617897383614,2.73638633172525e-06,0.273638633172525
"Athens","EL001C","75-84",23.98,34.09,0.240937096360318,27.5,1.03832826898044,0.0376119861730007,0.0369134406964361,12.617897383614,0.00012617897383614,4.65770006783752e-06,0.465770006783752
"Athens","EL001C","75-84",23.98,34.09,0.240937096360318,28,1.06322158530232,0.0613035304138945,0.059462285356388,12.617897383614,0.00012617897383614,7.50289014822079e-06,0.750289014822079
"Athens","EL001C","75-84",23.98,34.09,0.240937096360318,28.5,1.097461504385,0.0929997896208154,0.0888063080076937,12.617897383614,0.00012617897383614,1.1205488814587e-05,1.1205488814587
"Athens","EL001C","75-84",23.98,34.09,0.240937096360318,29,1.14190824690957,0.132700763793763,0.124272897838881,12.617897383614,0.00012617897383614,1.56806267249535e-05,1.56806267249535
"Athens","EL001C","75-84",23.98,34.09,0.240937096360318,29.5,1.19770407453612,0.180406452932738,0.165069217630147,12.617897383614,0.00012617897383614,2.08282644925064e-05,2.08282644925064
"Athens","EL001C","75-84",23.98,34.09,0.240937096360318,30,1.26632228019153,0.236116857037739,0.210311612104975,12.617897383614,0.00012617897383614,2.65369034012301e-05,2.65369034012301
"Athens","EL001C","75-84",23.98,34.09,0.240937096360318,30.5,1.3496320181001,0.299831976108767,0.259057293700161,12.617897383614,0.00012617897383614,3.26875834838539e-05,3.26875834838539
"Athens","EL001C","75-84",23.98,34.09,0.240937096360318,31,1.44998296798437,0.371551810145822,0.310336726651277,12.617897383614,0.00012617897383614,3.91579697125248e-05,3.91579697125248
"Athens","EL001C","75-84",23.98,34.09,0.240937096360318,31.5,1.57031519310308,0.451276359148904,0.363185171746372,12.617897383614,0.00012617897383614,4.58263322834596e-05,4.58263322834596
"Athens","EL001C","75-84",23.98,34.09,0.240937096360318,32,1.71430135273189,0.539005623118013,0.416671988033835,12.617897383614,0.00012617897383614,5.25752438763738e-05,5.25752438763738
"Athens","EL001C","75-84",23.98,34.09,0.240937096360318,32.5,1.88653082873863,0.634739602053149,0.469926499601059,12.617897383614,0.00012617897383614,5.92948434980709e-05,5.92948434980709
"Athens","EL001C","75-84",23.98,34.09,0.240937096360318,33,2.09274854636858,0.738478295954312,0.522159505624677,12.617897383614,0.00012617897383614,6.5885550598508e-05,6.5885550598508
"Athens","EL001C","75-84",23.98,34.09,0.240937096360318,33.5,2.34016562041829,0.850221704821501,0.572679817498875,12.617897383614,0.00012617897383614,7.22601517086761e-05,7.22601517086761
"Athens","EL001C","75-84",23.98,34.09,0.240937096360318,34,2.63786487022169,0.969969828654717,0.620905524278825,12.617897383614,0.00012617897383614,7.83452219026927e-05,7.83452219026927
"Athens","EL001C","75-84",23.98,34.09,0.240937096360318,34.09,2.6976326488422,0.992374591674089,0.629304605121386,12.617897383614,0.00012617897383614,7.94050093045739e-05,7.94050093045739
"Athens","EL001C","85+",24.36,34.09,0.260315413786028,-3.62,1.75527504800299,0.562625567146963,0,41.3833925869829,0.000413833925869829,0,0
"Athens","EL001C","85+",24.36,34.09,0.260315413786028,-3.5,1.74575111081107,0.557184899038274,0,41.3833925869829,0.000413833925869829,0,0
"Athens","EL001C","85+",24.36,34.09,0.260315413786028,-3,1.70723125682712,0.534872910223379,0,41.3833925869829,0.000413833925869829,0,0
"Athens","EL001C","85+",24.36,34.09,0.260315413786028,-2.5,1.67052420509026,0.513137472437483,0,41.3833925869829,0.000413833925869829,0,0
"Athens","EL001C","85+",24.36,34.09,0.260315413786028,-2,1.6355490946595,0.491978585680585,0,41.3833925869829,0.000413833925869829,0,0
"Athens","EL001C","85+",24.36,34.09,0.260315413786028,-1.5,1.60222974536554,0.471396249952685,0,41.3833925869829,0.000413833925869829,0,0
"Athens","EL001C","85+",24.36,34.09,0.260315413786028,-1,1.5704943858765,0.451390465253783,0,41.3833925869829,0.000413833925869829,0,0
"Athens","EL001C","85+",24.36,34.09,0.260315413786028,-0.5,1.54027539996596,0.43196123158388,0,41.3833925869829,0.000413833925869829,0,0
"Athens","EL001C","85+",24.36,34.09,0.260315413786028,0,1.51150908974334,0.413108548942974,0,41.3833925869829,0.000413833925869829,0,0
"Athens","EL001C","85+",24.36,34.09,0.260315413786028,0.5,1.484135454699,0.394832417331067,0,41.3833925869829,0.000413833925869829,0,0
"Athens","EL001C","85+",24.36,34.09,0.260315413786028,1,1.45809798550218,0.377132836748158,0,41.3833925869829,0.000413833925869829,0,0
"Athens","EL001C","85+",24.36,34.09,0.260315413786028,1.5,1.43334347156926,0.360009807194246,0,41.3833925869829,0.000413833925869829,0,0
"Athens","EL001C","85+",24.36,34.09,0.260315413786028,2,1.40982182149271,0.343463328669333,0,41.3833925869829,0.000413833925869829,0,0
"Athens","EL001C","85+",24.36,34.09,0.260315413786028,2.5,1.38748589548896,0.327493401173419,0,41.3833925869829,0.000413833925869829,0,0
"Athens","EL001C","85+",24.36,34.09,0.260315413786028,3,1.36629134908606,0.312100024706502,0,41.3833925869829,0.000413833925869829,0,0
"Athens","EL001C","85+",24.36,34.09,0.260315413786028,3.5,1.34619648733007,0.297283199268584,0,41.3833925869829,0.000413833925869829,0,0
"Athens","EL001C","85+",24.36,34.09,0.260315413786028,4,1.32716212884263,0.283042924859663,0,41.3833925869829,0.000413833925869829,0,0
"Athens","EL001C","85+",24.36,34.09,0.260315413786028,4.5,1.30915147911254,0.269379201479741,0,41.3833925869829,0.000413833925869829,0,0
"Athens","EL001C","85+",24.36,34.09,0.260315413786028,5,1.29213001244984,0.256292029128817,0,41.3833925869829,0.000413833925869829,0,0
"Athens","EL001C","85+",24.36,34.09,0.260315413786028,5.5,1.27606536207436,0.243781407806891,0,41.3833925869829,0.000413833925869829,0,0
"Athens","EL001C","85+",24.36,34.09,0.260315413786028,6,1.26092721785031,0.231847337513963,0,41.3833925869829,0.000413833925869829,0,0
"Athens","EL001C","85+",24.36,34.09,0.260315413786028,6.5,1.24668723121593,0.220489818250034,0,41.3833925869829,0.000413833925869829,0,0
"Athens","EL001C","85+",24.36,34.09,0.260315413786028,7,1.23331892689155,0.209708850015102,0,41.3833925869829,0.000413833925869829,0,0
"Athens","EL001C","85+",24.36,34.09,0.260315413786028,7.5,1.22073861703408,0.199456099348543,0,41.3833925869829,0.000413833925869829,0,0
"Athens","EL001C","85+",24.36,34.09,0.260315413786028,8,1.20862514252644,0.189483467746021,0,41.3833925869829,0.000413833925869829,0,0
"Athens","EL001C","85+",24.36,34.09,0.260315413786028,8.5,1.19692513643074,0.179755881955586,0,41.3833925869829,0.000413833925869829,0,0
"Athens","EL001C","85+",24.36,34.09,0.260315413786028,9,1.18562888917661,0.170273341977238,0,41.3833925869829,0.000413833925869829,0,0
"Athens","EL001C","85+",24.36,34.09,0.260315413786028,9.5,1.17472707945337,0.161035847810977,0,41.3833925869829,0.000413833925869829,0,0
"Athens","EL001C","85+",24.36,34.09,0.260315413786028,10,1.16421076145038,0.152043399456804,0,41.3833925869829,0.000413833925869829,0,0
"Athens","EL001C","85+",24.36,34.09,0.260315413786028,10.5,1.15407135267425,0.143295996914718,0,41.3833925869829,0.000413833925869829,0,0
"Athens","EL001C","85+",24.36,34.09,0.260315413786028,11,1.14430062231993,0.134793640184719,0,41.3833925869829,0.000413833925869829,0,0
"Athens","EL001C","85+",24.36,34.09,0.260315413786028,11.5,1.13489068017348,0.126536329266808,0,41.3833925869829,0.000413833925869829,0,0
"Athens","EL001C","85+",24.36,34.09,0.260315413786028,12,1.12583396602581,0.118524064160984,0,41.3833925869829,0.000413833925869829,0,0
"Athens","EL001C","85+",24.36,34.09,0.260315413786028,12.5,1.11712323957753,0.110756844867247,0,41.3833925869829,0.000413833925869829,0,0
"Athens","EL001C","85+",24.36,34.09,0.260315413786028,13,1.10875157081596,0.103234671385598,0,41.3833925869829,0.000413833925869829,0,0
"Athens","EL001C","85+",24.36,34.09,0.260315413786028,13.5,1.10071233084665,0.0959575437160359,0,41.3833925869829,0.000413833925869829,0,0
"Athens","EL001C","85+",24.36,34.09,0.260315413786028,14,1.09299918316223,0.0889254618585612,0,41.3833925869829,0.000413833925869829,0,0
"Athens","EL001C","85+",24.36,34.09,0.260315413786028,14.5,1.08560607533276,0.0821384258131737,0,41.3833925869829,0.000413833925869829,0,0
"Athens","EL001C","85+",24.36,34.09,0.260315413786028,15,1.0785272311021,0.0755964355798736,0,41.3833925869829,0.000413833925869829,0,0
"Athens","EL001C","85+",24.36,34.09,0.260315413786028,15.5,1.07175714287606,0.0692994911586606,0,41.3833925869829,0.000413833925869829,0,0
"Athens","EL001C","85+",24.36,34.09,0.260315413786028,16,1.06529056458862,0.0632475925495351,0,41.3833925869829,0.000413833925869829,0,0
"Athens","EL001C","85+",24.36,34.09,0.260315413786028,16.5,1.05912250493322,0.0574407397524969,0,41.3833925869829,0.000413833925869829,0,0
"Athens","EL001C","85+",24.36,34.09,0.260315413786028,17,1.05324822094698,0.051878932767546,0,41.3833925869829,0.000413833925869829,0,0
"Athens","EL001C","85+",24.36,34.09,0.260315413786028,17.5,1.04766321193638,0.0465621715946823,0,41.3833925869829,0.000413833925869829,0,0
"Athens","EL001C","85+",24.36,34.09,0.260315413786028,18,1.04236321373331,0.041490456233906,0,41.3833925869829,0.000413833925869829,0,0
"Athens","EL001C","85+",24.36,34.09,0.260315413786028,18.5,1.03734419327142,0.0366637866852171,0,41.3833925869829,0.000413833925869829,0,0
"Athens","EL001C","85+",24.36,34.09,0.260315413786028,19,1.03260234347308,0.0320821629486153,0,41.3833925869829,0.000413833925869829,0,0
"Athens","EL001C","85+",24.36,34.09,0.260315413786028,19.5,1.02813407843781,0.027745585024101,0,41.3833925869829,0.000413833925869829,0,0
"Athens","EL001C","85+",24.36,34.09,0.260315413786028,20,1.0239360289237,0.0236540529116739,0,41.3833925869829,0.000413833925869829,0,0
"Athens","EL001C","85+",24.36,34.09,0.260315413786028,20.5,1.0200050381139,0.0198075666113341,0,41.3833925869829,0.000413833925869829,0,0
"Athens","EL001C","85+",24.36,34.09,0.260315413786028,21,1.01633815766068,0.0162061261230817,0,41.3833925869829,0.000413833925869829,0,0
"Athens","EL001C","85+",24.36,34.09,0.260315413786028,21.5,1.01293264400012,0.0128497314469165,0,41.3833925869829,0.000413833925869829,0,0
"Athens","EL001C","85+",24.36,34.09,0.260315413786028,22,1.00978595493101,0.00973838258283866,0,41.3833925869829,0.000413833925869829,0,0
"Athens","EL001C","85+",24.36,34.09,0.260315413786028,22.5,1.00689574645198,0.00687207953084812,0,41.3833925869829,0.000413833925869829,0,0
"Athens","EL001C","85+",24.36,34.09,0.260315413786028,23,1.00425986985133,0.00425082229094487,0,41.3833925869829,0.000413833925869829,0,0
"Athens","EL001C","85+",24.36,34.09,0.260315413786028,23.5,1.00188567357808,0.0018838979275092,0,41.3833925869829,0.000413833925869829,0,0
"Athens","EL001C","85+",24.36,34.09,0.260315413786028,24,1.00035929900782,0.000359234475389658,0,41.3833925869829,0.000413833925869829,0,0
"Athens","EL001C","85+",24.36,34.09,0.260315413786028,24.5,1.000027276838,2.72764659967617e-05,2.7276093997368e-05,41.3833925869829,0.000413833925869829,1.12877730613253e-08,0.00112877730613253
"Athens","EL001C","85+",24.36,34.09,0.260315413786028,25,1.00088841830929,0.000888023899330403,0.0008876297227956,41.3833925869829,0.000413833925869829,3.67331292903251e-07,0.0367331292903251
"Athens","EL001C","85+",24.36,34.09,0.260315413786028,25.5,1.00294580716307,0.00294147677539047,0.00293715487121258,41.3833925869829,0.000413833925869829,1.21549433124159e-06,0.121549433124159
"Athens","EL001C","85+",24.36,34.09,0.260315413786028,26,1.00620681805351,0.00618763509417719,0.00616853110329836,41.3833925869829,0.000413833925869829,2.55274744332811e-06,0.255274744332811
"Athens","EL001C","85+",24.36,34.09,0.260315413786028,26.5,1.0106831606222,0.0106264988556903,0.0105702370816377,41.3833925869829,0.000413833925869829,4.37432270886898e-06,0.437432270886898
"Athens","EL001C","85+",24.36,34.09,0.260315413786028,27,1.0184850384199,0.0183162667583674,0.0181495434126131,41.3833925869829,0.000413833925869829,7.51089680318658e-06,0.751089680318658
"Athens","EL001C","85+",24.36,34.09,0.260315413786028,27.5,1.03506251009508,0.0344618211206819,0.0338747754392698,41.3833925869829,0.000413833925869829,1.40185313079919e-05,1.40185313079919
"Athens","EL001C","85+",24.36,34.09,0.260315413786028,28,1.06111181656992,0.0593172419864875,0.0575922495778663,41.3833925869829,0.000413833925869829,2.38336267424834e-05,2.38336267424834
"Athens","EL001C","85+",24.36,34.09,0.260315413786028,28.5,1.09733282330287,0.0928825293557842,0.0886994549291881,41.3833925869829,0.000413833925869829,3.67068436558599e-05,3.67068436558599
"Athens","EL001C","85+",24.36,34.09,0.260315413786028,29,1.14471727283632,0.135157683228572,0.12642184779631,41.3833925869829,0.000413833925869829,5.23176495892649e-05,5.23176495892649
"Athens","EL001C","85+",24.36,34.09,0.260315413786028,29.5,1.20459414804015,0.186142703604851,0.169844879599508,41.3833925869829,0.000413833925869829,7.02875733135528e-05,7.02875733135528
"Athens","EL001C","85+",24.36,34.09,0.260315413786028,30,1.27869188494754,0.245837590484622,0.217950773152028,41.3833925869829,0.000413833925869829,9.01954240998682e-05,9.01954240998682
"Athens","EL001C","85+",24.36,34.09,0.260315413786028,30.5,1.36922151878191,0.314242343867883,0.269657987197262,41.3833925869829,0.000413833925869829,0.000111593623483999,11.1593623483999
"Athens","EL001C","85+",24.36,34.09,0.260315413786028,31,1.47898636372128,0.391356963754635,0.323861244072663,41.3833925869829,0.000413833925869829,0.000134024770071677,13.4024770071677
"Athens","EL001C","85+",24.36,34.09,0.260315413786028,31.5,1.61152582912195,0.477181450144879,0.379470076166974,41.3833925869829,0.000413833925869829,0.000157037591370302,15.7037591370302
"Athens","EL001C","85+",24.36,34.09,0.260315413786028,32,1.77130365377445,0.571715803038614,0.435444059594689,41.3833925869829,0.000413833925869829,0.000180201524678766,18.0201524678766
"Athens","EL001C","85+",24.36,34.09,0.260315413786028,32.5,1.96395446028498,0.67496002243584,0.490823224152105,41.3833925869829,0.000413833925869829,0.000203119301758953,20.3119301758953
"Athens","EL001C","85+",24.36,34.09,0.260315413786028,33,2.19660746398139,0.786914108336558,0.544752525702757,41.3833925869829,0.000413833925869829,0.000225437076339077,22.5437076339077
"Athens","EL001C","85+",24.36,34.09,0.260315413786028,33.5,2.47831293548674,0.907578060740766,0.596499705230485,41.3833925869829,0.000413833925869829,0.000246851814795727,24.6851814795727
"Athens","EL001C","85+",24.36,34.09,0.260315413786028,34,2.82060635022832,1.03695187964847,0.645466301981822,41.3833925869829,0.000413833925869829,0.000267115853765818,26.7115853765818
"Athens","EL001C","85+",24.36,34.09,0.260315413786028,34.09,2.88973312877063,1.06116415487452,0.653947283213164,41.3833925869829,0.000413833925869829,0.000270625571524012,27.0625571524012
"Lisbon","PT001C","20-44",17.5,31.26,0.156036713430926,5.07,1.11011286542079,0.104461690714398,0,0.208294220759306,2.08294220759306e-06,0,0
"Lisbon","PT001C","20-44",17.5,31.26,0.156036713430926,5.5,1.13643596468824,0.127897018410027,0,0.208294220759306,2.08294220759306e-06,0,0
"Lisbon","PT001C","20-44",17.5,31.26,0.156036713430926,6,1.16311260593538,0.151099692525585,0,0.208294220759306,2.08294220759306e-06,0,0
"Lisbon","PT001C","20-44",17.5,31.26,0.156036713430926,6.5,1.18524557997688,0.169949993602571,0,0.208294220759306,2.08294220759306e-06,0,0
"Lisbon","PT001C","20-44",17.5,31.26,0.156036713430926,7,1.20255435259678,0.184447921640986,0,0.208294220759306,2.08294220759306e-06,0,0
"Lisbon","PT001C","20-44",17.5,31.26,0.156036713430926,7.5,1.21481703459336,0.194593476640829,0,0.208294220759306,2.08294220759306e-06,0,0
"Lisbon","PT001C","20-44",17.5,31.26,0.156036713430926,8,1.22187511535784,0.200386658602101,0,0.208294220759306,2.08294220759306e-06,0,0
"Lisbon","PT001C","20-44",17.5,31.26,0.156036713430926,8.5,1.22363687279962,0.201827467524801,0,0.208294220759306,2.08294220759306e-06,0,0
"Lisbon","PT001C","20-44",17.5,31.26,0.156036713430926,9,1.22007935707064,0.19891590340893,0,0.208294220759306,2.08294220759306e-06,0,0
"Lisbon","PT001C","20-44",17.5,31.26,0.156036713430926,9.5,1.21124888811134,0.191651966254487,0,0.208294220759306,2.08294220759306e-06,0,0
"Lisbon","PT001C","20-44",17.5,31.26,0.156036713430926,10,1.19726005193876,0.180035656061473,0,0.208294220759306,2.08294220759306e-06,0,0
"Lisbon","PT001C","20-44",17.5,31.26,0.156036713430926,10.5,1.17829322608203,0.164066972829886,0,0.208294220759306,2.08294220759306e-06,0,0
"Lisbon","PT001C","20-44",17.5,31.26,0.156036713430926,11,1.15459093442789,0.143746111914489,0,0.208294220759306,2.08294220759306e-06,0,0
"Lisbon","PT001C","20-44",17.5,31.26,0.156036713430926,11.5,1.12995062764577,0.122173939420835,0,0.208294220759306,2.08294220759306e-06,0,0
"Lisbon","PT001C","20-44",17.5,31.26,0.156036713430926,12,1.10777580981367,0.102354230138759,0,0.208294220759306,2.08294220759306e-06,0,0
"Lisbon","PT001C","20-44",17.5,31.26,0.156036713430926,12.5,1.08794107076629,0.0842869840682591,0,0.208294220759306,2.08294220759306e-06,0,0
"Lisbon","PT001C","20-44",17.5,31.26,0.156036713430926,13,1.0703355540312,0.0679722012093366,0,0.208294220759306,2.08294220759306e-06,0,0
"Lisbon","PT001C","20-44",17.5,31.26,0.156036713430926,13.5,1.05486192497503,0.0534098815619911,0,0.208294220759306,2.08294220759306e-06,0,0
"Lisbon","PT001C","20-44",17.5,31.26,0.156036713430926,14,1.04143547420766,0.0406000251262226,0,0.208294220759306,2.08294220759306e-06,0,0
"Lisbon","PT001C","20-44",17.5,31.26,0.156036713430926,14.5,1.02998334468496,0.0295426319020311,0,0.208294220759306,2.08294220759306e-06,0,0
"Lisbon","PT001C","20-44",17.5,31.26,0.156036713430926,15,1.02044387263695,0.0202377018894167,0,0.208294220759306,2.08294220759306e-06,0,0
"Lisbon","PT001C","20-44",17.5,31.26,0.156036713430926,15.5,1.01276603397248,0.0126852350883793,0,0.208294220759306,2.08294220759306e-06,0,0
"Lisbon","PT001C","20-44",17.5,31.26,0.156036713430926,16,1.00690898919977,0.00688523149891894,0,0.208294220759306,2.08294220759306e-06,0,0
"Lisbon","PT001C","20-44",17.5,31.26,0.156036713430926,16.5,1.0028417211776,0.00283769112103559,0,0.208294220759306,2.08294220759306e-06,0,0
"Lisbon","PT001C","20-44",17.5,31.26,0.156036713430926,17,1.00054276119631,0.000542613954729293,0,0.208294220759306,2.08294220759306e-06,0,0
"Lisbon","PT001C","20-44",17.5,31.26,0.156036713430926,17.5,1,0,0,0.208294220759306,2.08294220759306e-06,0,0
"Lisbon","PT001C","20-44",17.5,31.26,0.156036713430926,18,1.0012105814197,0.00120984925684776,0.00120911768429615,0.208294220759306,2.08294220759306e-06,2.51852225856763e-09,0.000251852225856763
"Lisbon","PT001C","20-44",17.5,31.26,0.156036713430926,18.5,1.00418087730873,0.00417216172527256,0.00416347035001734,0.208294220759306,2.08294220759306e-06,8.67226812211338e-09,0.000867226812211338
"Lisbon","PT001C","20-44",17.5,31.26,0.156036713430926,19,1.0089265434721,0.00888693740527435,0.0088475652958666,0.208294220759306,2.08294220759306e-06,1.84289671891962e-08,0.00184289671891962
"Lisbon","PT001C","20-44",17.5,31.26,0.156036713430926,19.5,1.01547265727767,0.0153541762968532,0.0152369019163464,0.208294220759306,2.08294220759306e-06,3.17375861145136e-08,0.00317375861145136
"Lisbon","PT001C","20-44",17.5,31.26,0.156036713430926,20,1.02340269406585,0.0231330498515278,0.0228675322055976,0.208294220759306,2.08294220759306e-06,4.76317480145329e-08,0.00476317480145329
"Lisbon","PT001C","20-44",17.5,31.26,0.156036713430926,20.5,1.03073762532896,0.0302746870309468,0.0298209986456534,0.208294220759306,2.08294220759306e-06,6.2115416751607e-08,0.0062115416751607
"Lisbon","PT001C","20-44",17.5,31.26,0.156036713430926,21,1.03722401493784,0.0365479280373929,0.0358881152014884,0.208294220759306,2.08294220759306e-06,7.47528699041426e-08,0.00747528699041426
"Lisbon","PT001C","20-44",17.5,31.26,0.156036713430926,21.5,1.04284522700156,0.0419527728708662,0.0410849336912167,0.208294220759306,2.08294220759306e-06,8.55775424815975e-08,0.00855775424815975
"Lisbon","PT001C","20-44",17.5,31.26,0.156036713430926,22,1.04976363071138,0.0485650252193505,0.0474046054326124,0.208294220759306,2.08294220759306e-06,9.87410534898838e-08,0.00987410534898838
"Lisbon","PT001C","20-44",17.5,31.26,0.156036713430926,22.5,1.06085729803679,0.0590773529771742,0.0573661491978345,0.208294220759306,2.08294220759306e-06,1.19490373451251e-07,0.0119490373451251
"Lisbon","PT001C","20-44",17.5,31.26,0.156036713430926,23,1.07626940457392,0.073500806398824,0.0708646034624739,0.208294220759306,2.08294220759306e-06,1.47606873576333e-07,0.0147606873576333
"Lisbon","PT001C","20-44",17.5,31.26,0.156036713430926,23.5,1.0961843593704,0.0918353854843,0.0877446923486868,0.208294220759306,2.08294220759306e-06,1.82767123185348e-07,0.0182767123185348
"Lisbon","PT001C","20-44",17.5,31.26,0.156036713430926,24,1.12084301062069,0.114081090233602,0.10781439459017,0.208294220759306,2.08294220759306e-06,2.24571153077958e-07,0.0224571153077958
"Lisbon","PT001C","20-44",17.5,31.26,0.156036713430926,24.5,1.15054750530228,0.14023792064673,0.130848578271204,0.208294220759306,2.08294220759306e-06,2.72550026484636e-07,0.0272550026484636
"Lisbon","PT001C","20-44",17.5,31.26,0.156036713430926,25,1.18566746393941,0.170305876723685,0.156593201370748,0.208294220759306,2.08294220759306e-06,3.26174588557252e-07,0.0326174588557252
"Lisbon","PT001C","20-44",17.5,31.26,0.156036713430926,25.5,1.22664764728824,0.204284958464465,0.184769968612662,0.208294220759306,2.08294220759306e-06,3.84865166318959e-07,0.0384865166318959
"Lisbon","PT001C","20-44",17.5,31.26,0.156036713430926,26,1.27401733762611,0.242175165869072,0.215081325452514,0.208294220759306,2.08294220759306e-06,4.48001970850101e-07,0.0448001970850101
"Lisbon","PT001C","20-44",17.5,31.26,0.156036713430926,26.5,1.32840171153431,0.283976498937505,0.247215664269964,0.208294220759306,2.08294220759306e-06,5.14935941486065e-07,0.0514935941486065
"Lisbon","PT001C","20-44",17.5,31.26,0.156036713430926,27,1.39053554577507,0.329688957669764,0.280852616074183,0.208294220759306,2.08294220759306e-06,5.84999768133846e-07,0.0584999768133846
"Lisbon","PT001C","20-44",17.5,31.26,0.156036713430926,27.5,1.46127967574875,0.379312542065849,0.315668303203077,0.208294220759306,2.08294220759306e-06,6.57518832340975e-07,0.0657518832340975
"Lisbon","PT001C","20-44",17.5,31.26,0.156036713430926,28,1.54164072037212,0.43284725212576,0.351340434392121,0.208294220759306,2.08294220759306e-06,7.31821820029431e-07,0.0731821820029431
"Lisbon","PT001C","20-44",17.5,31.26,0.156036713430926,28.5,1.63279470212122,0.490293087849498,0.387553132858119,0.208294220759306,2.08294220759306e-06,8.07250778115098e-07,0.0807250778115098
"Lisbon","PT001C","20-44",17.5,31.26,0.156036713430926,29,1.73611533151696,0.551650049237061,0.424001400225968,0.208294220759306,2.08294220759306e-06,8.83170412609228e-07,0.0883170412609228
"Lisbon","PT001C","20-44",17.5,31.26,0.156036713430926,29.5,1.85320789785133,0.616918136288451,0.460395133670955,0.208294220759306,2.08294220759306e-06,9.58976456093683e-07,0.0958976456093683
"Lisbon","PT001C","20-44",17.5,31.26,0.156036713430926,30,1.98594992042546,0.686097349003667,0.496462629940959,0.208294220759306,2.08294220759306e-06,1.03410296639668e-06,0.103410296639668
"Lisbon","PT001C","20-44",17.5,31.26,0.156036713430926,30.5,2.13653997702537,0.759187687382709,0.531953527313696,0.208294220759306,2.08294220759306e-06,1.10802845451971e-06,0.110802845451971
"Lisbon","PT001C","20-44",17.5,31.26,0.156036713430926,31,2.30755645144137,0.836189151425577,0.566641154379833,0.208294220759306,2.08294220759306e-06,1.18028077701701e-06,0.118028077701701
"Lisbon","PT001C","20-44",17.5,31.26,0.156036713430926,31.26,2.4055428361611,0.877775589590213,0.584293413957302,0.208294220759306,2.08294220759306e-06,1.21704941355031e-06,0.121704941355031
"Lisbon","PT001C","45-64",18.45,31.26,0.184019510148348,5.07,1.40536967448556,0.34030038169027,0,1.33258937713536,1.33258937713536e-05,0,0
"Lisbon","PT001C","45-64",18.45,31.26,0.184019510148348,5.5,1.3960817283412,0.333669547283528,0,1.33258937713536,1.33258937713536e-05,0,0
"Lisbon","PT001C","45-64",18.45,31.26,0.184019510148348,6,1.38370801340278,0.32476686196268,0,1.33258937713536,1.33258937713536e-05,0,0
"Lisbon","PT001C","45-64",18.45,31.26,0.184019510148348,6.5,1.36968667922637,0.314582012389284,0,1.33258937713536,1.33258937713536e-05,0,0
"Lisbon","PT001C","45-64",18.45,31.26,0.184019510148348,7,1.35407017161346,0.303114998563339,0,1.33258937713536,1.33258937713536e-05,0,0
"Lisbon","PT001C","45-64",18.45,31.26,0.184019510148348,7.5,1.33691647001146,0.290365820484847,0,1.33258937713536,1.33258937713536e-05,0,0
"Lisbon","PT001C","45-64",18.45,31.26,0.184019510148348,8,1.31828872907361,0.276334478153806,0,1.33258937713536,1.33258937713536e-05,0,0
"Lisbon","PT001C","45-64",18.45,31.26,0.184019510148348,8.5,1.29825489159182,0.261020971570218,0,1.33258937713536,1.33258937713536e-05,0,0
"Lisbon","PT001C","45-64",18.45,31.26,0.184019510148348,9,1.27688727611956,0.244425300734081,0,1.33258937713536,1.33258937713536e-05,0,0
"Lisbon","PT001C","45-64",18.45,31.26,0.184019510148348,9.5,1.25426214278311,0.226547465645396,0,1.33258937713536,1.33258937713536e-05,0,0
"Lisbon","PT001C","45-64",18.45,31.26,0.184019510148348,10,1.23045924092268,0.207387466304164,0,1.33258937713536,1.33258937713536e-05,0,0
"Lisbon","PT001C","45-64",18.45,31.26,0.184019510148348,10.5,1.20556134230861,0.186945302710383,0,1.33258937713536,1.33258937713536e-05,0,0
"Lisbon","PT001C","45-64",18.45,31.26,0.184019510148348,11,1.17965386916845,0.16522106423438,0,1.33258937713536,1.33258937713536e-05,0,0
"Lisbon","PT001C","45-64",18.45,31.26,0.184019510148348,11.5,1.15446072024863,0.143633326062222,0,1.33258937713536,1.33258937713536e-05,0,0
"Lisbon","PT001C","45-64",18.45,31.26,0.184019510148348,12,1.13151364623983,0.123556246327906,0,1.33258937713536,1.33258937713536e-05,0,0
"Lisbon","PT001C","45-64",18.45,31.26,0.184019510148348,12.5,1.11069930896765,0.104989825031433,0,1.33258937713536,1.33258937713536e-05,0,0
"Lisbon","PT001C","45-64",18.45,31.26,0.184019510148348,13,1.09191612107792,0.0879340621728018,0,1.33258937713536,1.33258937713536e-05,0,0
"Lisbon","PT001C","45-64",18.45,31.26,0.184019510148348,13.5,1.07507342089247,0.0723889577520133,0,1.33258937713536,1.33258937713536e-05,0,0
"Lisbon","PT001C","45-64",18.45,31.26,0.184019510148348,14,1.06009074374774,0.0583545117690675,0,1.33258937713536,1.33258937713536e-05,0,0
"Lisbon","PT001C","45-64",18.45,31.26,0.184019510148348,14.5,1.04689718162419,0.0458307242239641,0,1.33258937713536,1.33258937713536e-05,0,0
"Lisbon","PT001C","45-64",18.45,31.26,0.184019510148348,15,1.03543082393478,0.0348175951167032,0,1.33258937713536,1.33258937713536e-05,0,0
"Lisbon","PT001C","45-64",18.45,31.26,0.184019510148348,15.5,1.02563827329907,0.0253151244472847,0,1.33258937713536,1.33258937713536e-05,0,0
"Lisbon","PT001C","45-64",18.45,31.26,0.184019510148348,16,1.01747423100033,0.0173233122157088,0,1.33258937713536,1.33258937713536e-05,0,0
"Lisbon","PT001C","45-64",18.45,31.26,0.184019510148348,16.5,1.01090114761891,0.0108421584219753,0,1.33258937713536,1.33258937713536e-05,0,0
"Lisbon","PT001C","45-64",18.45,31.26,0.184019510148348,17,1.00588893506824,0.00587166306608444,0,1.33258937713536,1.33258937713536e-05,0,0
"Lisbon","PT001C","45-64",18.45,31.26,0.184019510148348,17.5,1.00241473694036,0.00241182614803598,0,1.33258937713536,1.33258937713536e-05,0,0
"Lisbon","PT001C","45-64",18.45,31.26,0.184019510148348,18,1.00046275470577,0.000462647667830052,0,1.33258937713536,1.33258937713536e-05,0,0
"Lisbon","PT001C","45-64",18.45,31.26,0.184019510148348,18.5,1.00002412791654,2.41276254666078e-05,2.41273343977403e-05,1.33258937713536,1.33258937713536e-05,3.21518295170213e-10,3.21518295170213e-05
"Lisbon","PT001C","45-64",18.45,31.26,0.184019510148348,19,1.00109686714018,0.00109626602094565,0.00109566534087305,1.33258937713536,1.33258937713536e-05,1.46007199414282e-08,0.00146007199414282
"Lisbon","PT001C","45-64",18.45,31.26,0.184019510148348,19.5,1.00368583891331,0.00367906285426717,0.00367230339455761,1.33258937713536,1.33258937713536e-05,4.8936724932056e-08,0.0048936724932056
"Lisbon","PT001C","45-64",18.45,31.26,0.184019510148348,20,1.00755683452409,0.00752842468593978,0.00750015707814725,1.33258937713536,1.33258937713536e-05,9.9946296491856e-08,0.0099946296491856
"Lisbon","PT001C","45-64",18.45,31.26,0.184019510148348,20.5,1.01163236798609,0.0115652321247279,0.0114986119011252,1.33258937713536,1.33258937713536e-05,1.53229280712417e-07,0.0153229280712417
"Lisbon","PT001C","45-64",18.45,31.26,0.184019510148348,21,1.01578477236492,0.0156614884918969,0.0155394851294794,1.33258937713536,1.33258937713536e-05,2.07077528096972e-07,0.0207077528096972
"Lisbon","PT001C","45-64",18.45,31.26,0.184019510148348,21.5,1.02001485792931,0.0198171937874468,0.0196221239070355,1.33258937713536,1.33258937713536e-05,2.61482338753492e-07,0.0261482338753492
"Lisbon","PT001C","45-64",18.45,31.26,0.184019510148348,22,1.02638923769803,0.0260470487791502,0.0257107505893288,1.33258937713536,1.33258937713536e-05,3.42618731135163e-07,0.0342618731135163
"Lisbon","PT001C","45-64",18.45,31.26,0.184019510148348,22.5,1.03765614246074,0.0369644605562525,0.0362896155285497,1.33258937713536,1.33258937713536e-05,4.83591561536718e-07,0.0483591561536718
"Lisbon","PT001C","45-64",18.45,31.26,0.184019510148348,23,1.05398704007576,0.0525801541002768,0.0512217304606355,1.33258937713536,1.33258937713536e-05,6.82575338903335e-07,0.0682575338903336
"Lisbon","PT001C","45-64",18.45,31.26,0.184019510148348,23.5,1.07561665471789,0.0728941294112231,0.0703007473770677,1.33258937713536,1.33258937713536e-05,9.36820291593568e-07,0.0936820291593568
"Lisbon","PT001C","45-64",18.45,31.26,0.184019510148348,24,1.10285953772254,0.0979063864890911,0.0932662176862089,1.33258937713536,1.33258937713536e-05,1.24285570934236e-06,0.124285570934236
"Lisbon","PT001C","45-64",18.45,31.26,0.184019510148348,24.5,1.1361177014168,0.127616925333881,0.119809506750093,1.33258937713536,1.33258937713536e-05,1.59656875975e-06,0.159656875975
"Lisbon","PT001C","45-64",18.45,31.26,0.184019510148348,25,1.17589051534451,0.162025745945593,0.149580690590892,1.33258937713536,1.33258937713536e-05,1.99329639305994e-06,0.199329639305994
"Lisbon","PT001C","45-64",18.45,31.26,0.184019510148348,25.5,1.22278720626475,0.201132848324226,0.18219621952482,1.33258937713536,1.33258937713536e-05,2.42792746692997e-06,0.242792746692997
"Lisbon","PT001C","45-64",18.45,31.26,0.184019510148348,26,1.27754240012897,0.244938232469782,0.217247114538785,1.33258937713536,1.33258937713536e-05,2.89501197047694e-06,0.289501197047694
"Lisbon","PT001C","45-64",18.45,31.26,0.184019510148348,26.5,1.3410352608285,0.293441898382259,0.254307452451179,1.33258937713536,1.33258937713536e-05,3.38887409662797e-06,0.338887409662797
"Lisbon","PT001C","45-64",18.45,31.26,0.184019510148348,27,1.41431292254266,0.346643846061659,0.292942895408046,1.33258937713536,1.33258937713536e-05,3.90372590528037e-06,0.390372590528037
"Lisbon","PT001C","45-64",18.45,31.26,0.184019510148348,27.5,1.49861908713023,0.40454407550798,0.332719028746028,1.33258937713536,1.33258937713536e-05,4.43377843277751e-06,0.443377843277751
"Lisbon","PT001C","45-64",18.45,31.26,0.184019510148348,28,1.59542887417157,0.467142586721223,0.373209287992077,1.33258937713536,1.33258937713536e-05,4.97334732626492e-06,0.497334732626492
"Lisbon","PT001C","45-64",18.45,31.26,0.184019510148348,28.5,1.70649128038196,0.534439379701388,0.414002279709176,1.33258937713536,1.33258937713536e-05,5.5169504005027e-06,0.55169504005027
"Lisbon","PT001C","45-64",18.45,31.26,0.184019510148348,29,1.83388094171108,0.606434454448475,0.454708330701686,1.33258937713536,1.33258937713536e-05,6.05939491188019e-06,0.605939491188019
"Lisbon","PT001C","45-64",18.45,31.26,0.184019510148348,29.5,1.98006131413629,0.683127810962483,0.494965134230601,1.33258937713536,1.33258937713536e-05,6.59585279928076e-06,0.659585279928076
"Lisbon","PT001C","45-64",18.45,31.26,0.184019510148348,30,2.14796192187543,0.764519449243414,0.534442398714928,1.33258937713536,1.33258937713536e-05,7.12192263218253e-06,0.712192263218253
"Lisbon","PT001C","45-64",18.45,31.26,0.184019510148348,30.5,2.34107299534984,0.850609369291266,0.572845442245355,1.33258937713536,1.33258937713536e-05,7.63367751076568e-06,0.763367751076568
"Lisbon","PT001C","45-64",18.45,31.26,0.184019510148348,31,2.56356167564087,0.941397571106041,0.609917713506928,1.33258937713536,1.33258937713536e-05,8.1276986594602e-06,0.81276986594602
"Lisbon","PT001C","45-64",18.45,31.26,0.184019510148348,31.26,2.69248402532535,0.990464197004011,0.62859575373742,1.33258937713536,1.33258937713536e-05,8.3766002394288e-06,0.837660023942881
"Lisbon","PT001C","65-74",19.23,31.26,0.201241994939408,5.07,1.63106099021029,0.489230717305325,0,3.79992213052323,3.79992213052323e-05,0,0
"Lisbon","PT001C","65-74",19.23,31.26,0.201241994939408,5.5,1.59057431545026,0.464095155699131,0,3.79992213052323,3.79992213052323e-05,0,0
"Lisbon","PT001C","65-74",19.23,31.26,0.201241994939408,6,1.54563168553766,0.435432684743247,0,3.79992213052323,3.79992213052323e-05,0,0
"Lisbon","PT001C","65-74",19.23,31.26,0.201241994939408,6.5,1.50287157505171,0.40737766137943,0,3.79992213052323,3.79992213052323e-05,0,0
"Lisbon","PT001C","65-74",19.23,31.26,0.201241994939408,7,1.46218235826951,0.379930085607678,0,3.79992213052323,3.79992213052323e-05,0,0
"Lisbon","PT001C","65-74",19.23,31.26,0.201241994939408,7.5,1.42345918840166,0.353089957427993,0,3.79992213052323,3.79992213052323e-05,0,0
"Lisbon","PT001C","65-74",19.23,31.26,0.201241994939408,8,1.38660356261554,0.326857276840374,0,3.79992213052323,3.79992213052323e-05,0,0
"Lisbon","PT001C","65-74",19.23,31.26,0.201241994939408,8.5,1.35152291772909,0.30123204384482,0,3.79992213052323,3.79992213052323e-05,0,0
"Lisbon","PT001C","65-74",19.23,31.26,0.201241994939408,9,1.31813025430773,0.276214258441333,0,3.79992213052323,3.79992213052323e-05,0,0
"Lisbon","PT001C","65-74",19.23,31.26,0.201241994939408,9.5,1.28634378707563,0.251803920629912,0,3.79992213052323,3.79992213052323e-05,0,0
"Lisbon","PT001C","65-74",19.23,31.26,0.201241994939408,10,1.25608661971659,0.228001030410557,0,3.79992213052323,3.79992213052323e-05,0,0
"Lisbon","PT001C","65-74",19.23,31.26,0.201241994939408,10.5,1.22728644229054,0.204805587783268,0,3.79992213052323,3.79992213052323e-05,0,0
"Lisbon","PT001C","65-74",19.23,31.26,0.201241994939408,11,1.19987527859529,0.182217616888461,0,3.79992213052323,3.79992213052323e-05,0,0
"Lisbon","PT001C","65-74",19.23,31.26,0.201241994939408,11.5,1.174239023904,0.160620298556606,0,3.79992213052323,3.79992213052323e-05,0,0
"Lisbon","PT001C","65-74",19.23,31.26,0.201241994939408,12,1.15071652760428,0.140384815831191,0,3.79992213052323,3.79992213052323e-05,0,0
"Lisbon","PT001C","65-74",19.23,31.26,0.201241994939408,12.5,1.12920197758665,0.121511168712216,0,3.79992213052323,3.79992213052323e-05,0,0
"Lisbon","PT001C","65-74",19.23,31.26,0.201241994939408,13,1.10959974166429,0.103999357199681,0,3.79992213052323,3.79992213052323e-05,0,0
"Lisbon","PT001C","65-74",19.23,31.26,0.201241994939408,13.5,1.09182366057563,0.0878493812935854,0,3.79992213052323,3.79992213052323e-05,0,0
"Lisbon","PT001C","65-74",19.23,31.26,0.201241994939408,14,1.07579641773927,0.0730612409939302,0,3.79992213052323,3.79992213052323e-05,0,0
"Lisbon","PT001C","65-74",19.23,31.26,0.201241994939408,14.5,1.06144897931531,0.0596349363007149,0,3.79992213052323,3.79992213052323e-05,0,0
"Lisbon","PT001C","65-74",19.23,31.26,0.201241994939408,15,1.04872009890114,0.0475704672139395,0,3.79992213052323,3.79992213052323e-05,0,0
"Lisbon","PT001C","65-74",19.23,31.26,0.201241994939408,15.5,1.0375558818887,0.0368678337336041,0,3.79992213052323,3.79992213052323e-05,0,0
"Lisbon","PT001C","65-74",19.23,31.26,0.201241994939408,16,1.02790940514606,0.0275270358597087,0,3.79992213052323,3.79992213052323e-05,0,0
"Lisbon","PT001C","65-74",19.23,31.26,0.201241994939408,16.5,1.01974038826596,0.0195480735922531,0,3.79992213052323,3.79992213052323e-05,0,0
"Lisbon","PT001C","65-74",19.23,31.26,0.201241994939408,17,1.01301491315611,0.0129309469312376,0,3.79992213052323,3.79992213052323e-05,0,0
"Lisbon","PT001C","65-74",19.23,31.26,0.201241994939408,17.5,1.00770518923751,0.00767565587666197,0,3.79992213052323,3.79992213052323e-05,0,0
"Lisbon","PT001C","65-74",19.23,31.26,0.201241994939408,18,1.00378936197452,0.00378220042852639,0,3.79992213052323,3.79992213052323e-05,0,0
"Lisbon","PT001C","65-74",19.23,31.26,0.201241994939408,18.5,1.00125136288881,0.00125058058683081,0,3.79992213052323,3.79992213052323e-05,0,0
"Lisbon","PT001C","65-74",19.23,31.26,0.201241994939408,19,1.00008079961569,8.0796351575041e-05,0,3.79992213052323,3.79992213052323e-05,0,0
"Lisbon","PT001C","65-74",19.23,31.26,0.201241994939408,19.5,1.00027288494908,0.000272847722759317,0.000272810503204674,3.79992213052323,3.79992213052323e-05,1.03665866856662e-08,0.00103665866856662
"Lisbon","PT001C","65-74",19.23,31.26,0.201241994939408,20,1.00170517737039,0.00170372520602674,0.0017022746901151,3.79992213052323,3.79992213052323e-05,6.46851126719796e-08,0.00646851126719796
"Lisbon","PT001C","65-74",19.23,31.26,0.201241994939408,20.5,1.00383695508572,0.00382961274903637,0.00382228913398518,3.79992213052323,3.79992213052323e-05,1.45244010694888e-07,0.0145244010694888
"Lisbon","PT001C","65-74",19.23,31.26,0.201241994939408,21,1.00660774259228,0.00658600715676877,0.00656436694522592,3.79992213052323,3.79992213052323e-05,2.49440832280392e-07,0.0249440832280391
"Lisbon","PT001C","65-74",19.23,31.26,0.201241994939408,21.5,1.01002280360924,0.00997290842922405,0.00992334388236082,3.79992213052323,3.79992213052323e-05,3.77079340273752e-07,0.0377079340273752
"Lisbon","PT001C","65-74",19.23,31.26,0.201241994939408,22,1.01609557083013,0.0159674105100727,0.0158406072147166,3.79992213052323,3.79992213052323e-05,6.01930739161274e-07,0.0601930739161274
"Lisbon","PT001C","65-74",19.23,31.26,0.201241994939408,22.5,1.02750562115893,0.0271341380875784,0.0267693145346584,3.79992213052323,3.79992213052323e-05,1.01721310719186e-06,0.101721310719186
"Lisbon","PT001C","65-74",19.23,31.26,0.201241994939408,23,1.0444428819659,0.0434836159485255,0.0425517591562776,3.79992213052323,3.79992213052323e-05,1.61693371310634e-06,0.161693371310634
"Lisbon","PT001C","65-74",19.23,31.26,0.201241994939408,23.5,1.06717593268488,0.0650158440929142,0.0629473834889352,3.79992213052323,3.79992213052323e-05,2.39195155578138e-06,0.239195155578138
"Lisbon","PT001C","65-74",19.23,31.26,0.201241994939408,24,1.09606974507749,0.091730822520744,0.0876492992429933,3.79992213052323,3.79992213052323e-05,3.33060511918303e-06,0.333060511918303
"Lisbon","PT001C","65-74",19.23,31.26,0.201241994939408,24.5,1.13159546318337,0.123628551232015,0.116291967814337,3.79992213052323,3.79992213052323e-05,4.41900422099794e-06,0.441900422099794
"Lisbon","PT001C","65-74",19.23,31.26,0.201241994939408,25,1.17434322071642,0.160709030226728,0.148460192591791,3.79992213052323,3.79992213052323e-05,5.64137171331287e-06,0.564137171331287
"Lisbon","PT001C","65-74",19.23,31.26,0.201241994939408,25.5,1.22503848460204,0.202972259504882,0.183699114297739,3.79992213052323,3.79992213052323e-05,6.98042329777494e-06,0.698042329777494
"Lisbon","PT001C","65-74",19.23,31.26,0.201241994939408,26,1.28456255859839,0.250418239066478,0.221524873735132,3.79992213052323,3.79992213052323e-05,8.41777270167494e-06,0.841777270167494
"Lisbon","PT001C","65-74",19.23,31.26,0.201241994939408,26.5,1.35397805782441,0.303046968911514,0.261435594010428,3.79992213052323,3.79992213052323e-05,9.93434899386714e-06,0.993434899386714
"Lisbon","PT001C","65-74",19.23,31.26,0.201241994939408,27,1.43456038310655,0.360858449039993,0.302922336503889,3.79992213052323,3.79992213052323e-05,1.15108129031093e-05,1.15108129031093
"Lisbon","PT001C","65-74",19.23,31.26,0.201241994939408,27.5,1.52783649549376,0.423852679451912,0.345479700904235,3.79992213052323,3.79992213052323e-05,1.31279596111255e-05,1.31279596111255
"Lisbon","PT001C","65-74",19.23,31.26,0.201241994939408,28,1.63563263159053,0.492029660147273,0.388615768182875,3.79992213052323,3.79992213052323e-05,1.47670965778839e-05,1.47670965778839
"Lisbon","PT001C","65-74",19.23,31.26,0.201241994939408,28.5,1.76013302948105,0.565389391126076,0.431861124556683,3.79992213052323,3.79992213052323e-05,1.64103864451559e-05,1.64103864451559
"Lisbon","PT001C","65-74",19.23,31.26,0.201241994939408,29,1.9039522787785,0.643931872388319,0.474776751945925,3.79992213052323,3.79992213052323e-05,1.80411468677726e-05,1.80411468677726
"Lisbon","PT001C","65-74",19.23,31.26,0.201241994939408,29.5,2.07022460026339,0.727657103934004,0.516960623560955,3.79992213052323,3.79992213052323e-05,1.96441011407836e-05,1.96441011407836
"Lisbon","PT001C","65-74",19.23,31.26,0.201241994939408,30,2.26271424439296,0.816565085763131,0.55805289930975,3.79992213052323,3.79992213052323e-05,2.12055756208977e-05,2.12055756208977
"Lisbon","PT001C","65-74",19.23,31.26,0.201241994939408,30.5,2.48595233087796,0.910655817875699,0.597739672004559,3.79992213052323,3.79992213052323e-05,2.27136420794182e-05,2.27136420794182
"Lisbon","PT001C","65-74",19.23,31.26,0.201241994939408,31,2.74540690863287,1.00992930027171,0.635755269335295,3.79992213052323,3.79992213052323e-05,2.41582051754395e-05,2.41582051754395
"Lisbon","PT001C","65-74",19.23,31.26,0.201241994939408,31.26,2.8967798805203,1.06359973402965,0.654789096429244,3.79992213052323,3.79992213052323e-05,2.4881475783468e-05,2.4881475783468
"Lisbon","PT001C","75-84",19.93,31.26,0.214677227089498,5.07,1.83722118197789,0.60825420289242,0,11.2614813092821,0.000112614813092821,0,0
"Lisbon","PT001C","75-84",19.93,31.26,0.214677227089498,5.5,1.76594001309596,0.568683133935522,0,11.2614813092821,0.000112614813092821,0,0
"Lisbon","PT001C","75-84",19.93,31.26,0.214677227089498,6,1.6897930851233,0.524606086600943,0,11.2614813092821,0.000112614813092821,0,0
"Lisbon","PT001C","75-84",19.93,31.26,0.214677227089498,6.5,1.62029878911084,0.482610569960489,0,11.2614813092821,0.000112614813092821,0,0
"Lisbon","PT001C","75-84",19.93,31.26,0.214677227089498,7,1.55689987435921,0.442696584014158,0,11.2614813092821,0.000112614813092821,0,0
"Lisbon","PT001C","75-84",19.93,31.26,0.214677227089498,7.5,1.49909880180855,0.404864128761951,0,11.2614813092821,0.000112614813092821,0,0
"Lisbon","PT001C","75-84",19.93,31.26,0.214677227089498,8,1.44645133877905,0.369113204203868,0,11.2614813092821,0.000112614813092821,0,0
"Lisbon","PT001C","75-84",19.93,31.26,0.214677227089498,8.5,1.39856094331487,0.335443810339908,0,11.2614813092821,0.000112614813092821,0,0
"Lisbon","PT001C","75-84",19.93,31.26,0.214677227089498,9,1.3550738398079,0.303855947170073,0,11.2614813092821,0.000112614813092821,0,0
"Lisbon","PT001C","75-84",19.93,31.26,0.214677227089498,9.5,1.31567470104884,0.274349614694362,0,11.2614813092821,0.000112614813092821,0,0
"Lisbon","PT001C","75-84",19.93,31.26,0.214677227089498,10,1.28008286345805,0.246924812912774,0,11.2614813092821,0.000112614813092821,0,0
"Lisbon","PT001C","75-84",19.93,31.26,0.214677227089498,10.5,1.24804901226623,0.221581541825311,0,11.2614813092821,0.000112614813092821,0,0
"Lisbon","PT001C","75-84",19.93,31.26,0.214677227089498,11,1.21935224946882,0.198319774686642,0,11.2614813092821,0.000112614813092821,0,0
"Lisbon","PT001C","75-84",19.93,31.26,0.214677227089498,11.5,1.19329093631764,0.176714982887914,0,11.2614813092821,0.000112614813092821,0,0
"Lisbon","PT001C","75-84",19.93,31.26,0.214677227089498,12,1.16924229773712,0.156355930248836,0,11.2614813092821,0.000112614813092821,0,0
"Lisbon","PT001C","75-84",19.93,31.26,0.214677227089498,12.5,1.1471064220164,0.137242616769409,0,11.2614813092821,0.000112614813092821,0,0
"Lisbon","PT001C","75-84",19.93,31.26,0.214677227089498,13,1.12679243404742,0.119375042449632,0,11.2614813092821,0.000112614813092821,0,0
"Lisbon","PT001C","75-84",19.93,31.26,0.214677227089498,13.5,1.10821787523107,0.102753207289506,0,11.2614813092821,0.000112614813092821,0,0
"Lisbon","PT001C","75-84",19.93,31.26,0.214677227089498,14,1.09130814675092,0.0873771112890309,0,11.2614813092821,0.000112614813092821,0,0
"Lisbon","PT001C","75-84",19.93,31.26,0.214677227089498,14.5,1.07599601096186,0.0732467544482059,0,11.2614813092821,0.000112614813092821,0,0
"Lisbon","PT001C","75-84",19.93,31.26,0.214677227089498,15,1.06222114623408,0.0603621367670315,0,11.2614813092821,0.000112614813092821,0,0
"Lisbon","PT001C","75-84",19.93,31.26,0.214677227089498,15.5,1.04992975112994,0.0487232582455075,0,11.2614813092821,0.000112614813092821,0,0
"Lisbon","PT001C","75-84",19.93,31.26,0.214677227089498,16,1.03907419427939,0.0383301188836341,0,11.2614813092821,0.000112614813092821,0,0
"Lisbon","PT001C","75-84",19.93,31.26,0.214677227089498,16.5,1.02961270676494,0.0291827186814112,0,11.2614813092821,0.000112614813092821,0,0
"Lisbon","PT001C","75-84",19.93,31.26,0.214677227089498,17,1.02150911423477,0.0212810576388389,0,11.2614813092821,0.000112614813092821,0,0
"Lisbon","PT001C","75-84",19.93,31.26,0.214677227089498,17.5,1.01473260633865,0.0146251357559171,0,11.2614813092821,0.000112614813092821,0,0
"Lisbon","PT001C","75-84",19.93,31.26,0.214677227089498,18,1.00925754142851,0.00921495303264586,0,11.2614813092821,0.000112614813092821,0,0
"Lisbon","PT001C","75-84",19.93,31.26,0.214677227089498,18.5,1.00506328479021,0.00505050946902519,0,11.2614813092821,0.000112614813092821,0,0
"Lisbon","PT001C","75-84",19.93,31.26,0.214677227089498,19,1.00213407897703,0.00213180506505495,0,11.2614813092821,0.000112614813092821,0,0
"Lisbon","PT001C","75-84",19.93,31.26,0.214677227089498,19.5,1.00045894510383,0.000458839820735246,0,11.2614813092821,0.000112614813092821,0,0
"Lisbon","PT001C","75-84",19.93,31.26,0.214677227089498,20,1.00000306163348,3.06162879759597e-06,3.06162411072055e-06,11.2614813092821,0.000112614813092821,3.4478422698927e-10,3.4478422698927e-05
"Lisbon","PT001C","75-84",19.93,31.26,0.214677227089498,20.5,1.00063844741481,0.000638243693969587,0.000638040059788171,11.2614813092821,0.000112614813092821,7.18527620787773e-08,0.00718527620787773
"Lisbon","PT001C","75-84",19.93,31.26,0.214677227089498,21,1.00235217601945,0.00234941398378319,0.0023466562708421,11.2614813092821,0.000112614813092821,2.64268257333979e-07,0.0264268257333979
"Lisbon","PT001C","75-84",19.93,31.26,0.214677227089498,21.5,1.00514978730333,0.00513657249823851,0.00512340286829205,11.2614813092821,0.000112614813092821,5.76971056411933e-07,0.0576971056411933
"Lisbon","PT001C","75-84",19.93,31.26,0.214677227089498,22,1.01100761904688,0.0109474761591789,0.0108877706156757,11.2614813092821,0.000112614813092821,1.22612425288182e-06,0.122612425288182
"Lisbon","PT001C","75-84",19.93,31.26,0.214677227089498,22.5,1.02255939430108,0.0223086945838384,0.0220616958064352,11.2614813092821,0.000112614813092821,2.48447374975237e-06,0.248447374975237
"Lisbon","PT001C","75-84",19.93,31.26,0.214677227089498,23,1.04001027861429,0.0392305963874139,0.0384710415243208,11.2614813092821,0.000112614813092821,4.33240915074755e-06,0.433240915074755
"Lisbon","PT001C","75-84",19.93,31.26,0.214677227089498,23.5,1.06365722447779,0.0617131815699054,0.059847498811508,11.2614813092821,0.000112614813092821,6.73971489273081e-06,0.673971489273081
"Lisbon","PT001C","75-84",19.93,31.26,0.214677227089498,24,1.09390783015077,0.0897564501313127,0.0858461998007919,11.2614813092821,0.000112614813092821,9.66755374529515e-06,0.966755374529516
"Lisbon","PT001C","75-84",19.93,31.26,0.214677227089498,24.5,1.1312920674895,0.123360402071636,0.116054970473587,11.2614813092821,0.000112614813092821,1.30695088083759e-05,1.30695088083759
"Lisbon","PT001C","75-84",19.93,31.26,0.214677227089498,25,1.17647777401383,0.162525037390876,0.15000519169328,11.2614813092821,0.000112614813092821,1.68928066254916e-05,1.68928066254916
"Lisbon","PT001C","75-84",19.93,31.26,0.214677227089498,25.5,1.23029054395675,0.207250356089031,0.187183868955139,11.2614813092821,0.000112614813092821,2.10796764163741e-05,2.10796764163741
"Lisbon","PT001C","75-84",19.93,31.26,0.214677227089498,26,1.29373884809715,0.257536358166102,0.227046477369978,11.2614813092821,0.000112614813092821,2.55687966124035e-05,2.55687966124035
"Lisbon","PT001C","75-84",19.93,31.26,0.214677227089498,26.5,1.36804545176398,0.313383043622089,0.269030134407753,11.2614813092821,0.000112614813092821,3.02967783026656e-05,3.02967783026656
"Lisbon","PT001C","75-84",19.93,31.26,0.214677227089498,27,1.45468649849694,0.374790412456993,0.312566658841439,11.2614813092821,0.000112614813092821,3.51996358644762e-05,3.51996358644762
"Lisbon","PT001C","75-84",19.93,31.26,0.214677227089498,27.5,1.55544000134604,0.441758464670812,0.357095099049387,11.2614813092821,0.000112614813092821,4.02141978358092e-05,4.02141978358092
"Lisbon","PT001C","75-84",19.93,31.26,0.214677227089498,28,1.67244595778755,0.514287200263547,0.40207335528923,11.2614813092821,0.000112614813092821,4.52794157555001e-05,4.52794157555001
"Lisbon","PT001C","75-84",19.93,31.26,0.214677227089498,28.5,1.80828090775547,0.592376619235198,0.446988575883793,11.2614813092821,0.000112614813092821,5.03375349277797e-05,5.03375349277797
"Lisbon","PT001C","75-84",19.93,31.26,0.214677227089498,29,1.96605052657557,0.676026721585765,0.491366073006384,11.2614813092821,0.000112614813092821,5.53350984717675e-05,5.53350984717675
"Lisbon","PT001C","75-84",19.93,31.26,0.214677227089498,29.5,2.14950483715652,0.765237507315248,0.534776576114686,11.2614813092821,0.000112614813092821,6.02237641655741e-05,6.02237641655741
"Lisbon","PT001C","75-84",19.93,31.26,0.214677227089498,30,2.36318190653254,0.860008976423647,0.576841716147325,11.2614813092821,0.000112614813092821,6.49609220480732e-05,6.49609220480732
"Lisbon","PT001C","75-84",19.93,31.26,0.214677227089498,30.5,2.61258755057431,0.960341128910962,0.61723770758221,11.2614813092821,0.000112614813092821,6.9510109073212e-05,6.9510109073212
"Lisbon","PT001C","75-84",19.93,31.26,0.214677227089498,31,2.90442072660786,1.06623396477719,0.655697264917978,11.2614813092821,0.000112614813092821,7.38412249342121e-05,7.38412249342121
"Lisbon","PT001C","75-84",19.93,31.26,0.214677227089498,31.26,3.07558713578581,1.12349582149898,0.67485882992403,11.2614813092821,0.000112614813092821,7.59991009959345e-05,7.59991009959345
"Lisbon","PT001C","85+",20.48,31.26,0.229532635648249,5.07,2.10168451815406,0.742739174679739,0,39.9517787089722,0.000399517787089722,0,0
"Lisbon","PT001C","85+",20.48,31.26,0.229532635648249,5.5,1.98815423353614,0.687206687486676,0,39.9517787089722,0.000399517787089722,0,0
"Lisbon","PT001C","85+",20.48,31.26,0.229532635648249,6,1.87027533878142,0.626085660017817,0,39.9517787089722,0.000399517787089722,0,0
"Lisbon","PT001C","85+",20.48,31.26,0.229532635648249,6.5,1.76592752959326,0.568676064869342,0,39.9517787089722,0.000399517787089722,0,0
"Lisbon","PT001C","85+",20.48,31.26,0.229532635648249,7,1.67360151821159,0.514977902041251,0,39.9517787089722,0.000399517787089722,0,0
"Lisbon","PT001C","85+",20.48,31.26,0.229532635648249,7.5,1.59200013390528,0.464991171533545,0,39.9517787089722,0.000399517787089722,0,0
"Lisbon","PT001C","85+",20.48,31.26,0.229532635648249,8,1.52000841852513,0.418715873346224,0,39.9517787089722,0.000399517787089722,0,0
"Lisbon","PT001C","85+",20.48,31.26,0.229532635648249,8.5,1.45666854145599,0.376152007479287,0,39.9517787089722,0.000399517787089722,0,0
"Lisbon","PT001C","85+",20.48,31.26,0.229532635648249,9,1.40115875150921,0.337299573932734,0,39.9517787089722,0.000399517787089722,0,0
"Lisbon","PT001C","85+",20.48,31.26,0.229532635648249,9.5,1.35277572301018,0.302158572706566,0,39.9517787089722,0.000399517787089722,0,0
"Lisbon","PT001C","85+",20.48,31.26,0.229532635648249,10,1.31091976796936,0.270729003800782,0,39.9517787089722,0.000399517787089722,0,0
"Lisbon","PT001C","85+",20.48,31.26,0.229532635648249,10.5,1.27508248063912,0.243010867215383,0,39.9517787089722,0.000399517787089722,0,0
"Lisbon","PT001C","85+",20.48,31.26,0.229532635648249,11,1.2448363555353,0.219004079940397,0,39.9517787089722,0.000399517787089722,0,0
"Lisbon","PT001C","85+",20.48,31.26,0.229532635648249,11.5,1.21822030179967,0.19739102468909,0,39.9517787089722,0.000399517787089722,0,0
"Lisbon","PT001C","85+",20.48,31.26,0.229532635648249,12,1.19350617439022,0.176895340130852,0,39.9517787089722,0.000399517787089722,0,0
"Lisbon","PT001C","85+",20.48,31.26,0.229532635648249,12.5,1.17060068877036,0.157517026265683,0,39.9517787089722,0.000399517787089722,0,0
"Lisbon","PT001C","85+",20.48,31.26,0.229532635648249,13,1.14941840894021,0.139256083093584,0,39.9517787089722,0.000399517787089722,0,0
"Lisbon","PT001C","85+",20.48,31.26,0.229532635648249,13.5,1.12988121825945,0.122112510614552,0,39.9517787089722,0.000399517787089722,0,0
"Lisbon","PT001C","85+",20.48,31.26,0.229532635648249,14,1.11191784069151,0.10608630882859,0,39.9517787089722,0.000399517787089722,0,0
"Lisbon","PT001C","85+",20.48,31.26,0.229532635648249,14.5,1.0954634083721,0.0911774777356966,0,39.9517787089722,0.000399517787089722,0,0
"Lisbon","PT001C","85+",20.48,31.26,0.229532635648249,15,1.08045907183612,0.077386017335872,0,39.9517787089722,0.000399517787089722,0,0
"Lisbon","PT001C","85+",20.48,31.26,0.229532635648249,15.5,1.06685164962914,0.0647119276291163,0,39.9517787089722,0.000399517787089722,0,0
"Lisbon","PT001C","85+",20.48,31.26,0.229532635648249,16,1.05459331438575,0.0531552086154293,0,39.9517787089722,0.000399517787089722,0,0
"Lisbon","PT001C","85+",20.48,31.26,0.229532635648249,16.5,1.0436413127823,0.0427158602948112,0,39.9517787089722,0.000399517787089722,0,0
"Lisbon","PT001C","85+",20.48,31.26,0.229532635648249,17,1.03395771706933,0.0333938826672621,0,39.9517787089722,0.000399517787089722,0,0
"Lisbon","PT001C","85+",20.48,31.26,0.229532635648249,17.5,1.02550920616247,0.0251892757327816,0,39.9517787089722,0.000399517787089722,0,0
"Lisbon","PT001C","85+",20.48,31.26,0.229532635648249,18,1.0182668745228,0.0181020394913701,0,39.9517787089722,0.000399517787089722,0,0
"Lisbon","PT001C","85+",20.48,31.26,0.229532635648249,18.5,1.01220606729194,0.0121321739430276,0,39.9517787089722,0.000399517787089722,0,0
"Lisbon","PT001C","85+",20.48,31.26,0.229532635648249,19,1.00730624036497,0.00727967908775362,0,39.9517787089722,0.000399517787089722,0,0
"Lisbon","PT001C","85+",20.48,31.26,0.229532635648249,19.5,1.00355084428916,0.00354455492554873,0,39.9517787089722,0.000399517787089722,0,0
"Lisbon","PT001C","85+",20.48,31.26,0.229532635648249,20,1.00100319425392,0.00100269139085318,0,39.9517787089722,0.000399517787089722,0,0
"Lisbon","PT001C","85+",20.48,31.26,0.229532635648249,20.5,0.999989592433486,-1.04076206735026e-05,0,39.9517787089722,0.000399517787089722,0,0
"Lisbon","PT001C","85+",20.48,31.26,0.229532635648249,21,1.00054520129997,0.000545052731739548,0.000544904217483201,39.9517787089722,0.000399517787089722,2.17698927144745e-07,0.0217698927144745
"Lisbon","PT001C","85+",20.48,31.26,0.229532635648249,21.5,1.00267263759313,0.00266907244809234,0.00266551364116769,39.9517787089722,0.000399517787089722,1.06492011137678e-06,0.106492011137678
"Lisbon","PT001C","85+",20.48,31.26,0.229532635648249,22,1.00831131916889,0.00827697034716646,0.00824281053964429,39.9517787089722,0.000399517787089722,3.29314942619852e-06,0.329314942619852
"Lisbon","PT001C","85+",20.48,31.26,0.229532635648249,22.5,1.02005162458043,0.0198532383491706,0.0196574605610522,39.9517787089722,0.000399517787089722,7.85350514315507e-06,0.785350514315507
"Lisbon","PT001C","85+",20.48,31.26,0.229532635648249,23,1.03811656112045,0.0374080723895364,0.0367170340479939,39.9517787089722,0.000399517787089722,1.46691081913525e-05,1.46691081913525
"Lisbon","PT001C","85+",20.48,31.26,0.229532635648249,23.5,1.06283670715769,0.0609414724682639,0.0591216945505529,39.9517787089722,0.000399517787089722,2.36201685758314e-05,2.36201685758314
"Lisbon","PT001C","85+",20.48,31.26,0.229532635648249,24,1.09467053704625,0.0904534385853527,0.0864831324516109,39.9517787089722,0.000399517787089722,3.45515496976549e-05,3.45515496976549
"Lisbon","PT001C","85+",20.48,31.26,0.229532635648249,24.5,1.1342186170738,0.125943970740803,0.118335755605979,39.9517787089722,0.000399517787089722,4.72772392132909e-05,4.72772392132909
"Lisbon","PT001C","85+",20.48,31.26,0.229532635648249,25,1.18224251211656,0.167413068934615,0.154149855252874,39.9517787089722,0.000399517787089722,6.1585609050829e-05,6.1585609050829
"Lisbon","PT001C","85+",20.48,31.26,0.229532635648249,25.5,1.23968923734921,0.214860733166789,0.193346227528546,39.9517787089722,0.000399517787089722,7.72452569643506e-05,7.72452569643506
"Lisbon","PT001C","85+",20.48,31.26,0.229532635648249,26,1.30772235467788,0.268286963437324,0.235311687971931,39.9517787089722,0.000399517787089722,9.40112048548929e-05,9.4011204854893
"Lisbon","PT001C","85+",20.48,31.26,0.229532635648249,26.5,1.38776114250887,0.32769175974622,0.27941490118959,39.9517787089722,0.000399517787089722,0.000111631223003158,11.1631223003158
"Lisbon","PT001C","85+",20.48,31.26,0.229532635648249,27,1.48152968076016,0.393075122093478,0.325021960081887,39.9517787089722,0.000399517787089722,0.000129852054247479,12.9852054247479
"Lisbon","PT001C","85+",20.48,31.26,0.229532635648249,27.5,1.5911182174792,0.464437050479098,0.371511186903324,39.9517787089722,0.000399517787089722,0.000148425327270692,14.8425327270692
"Lisbon","PT001C","85+",20.48,31.26,0.229532635648249,28,1.71905985404758,0.541777544903079,0.418286688712164,39.9517787089722,0.000399517787089722,0.000167112972243371,16.7112972243371
"Lisbon","PT001C","85+",20.48,31.26,0.229532635648249,28.5,1.86842644873371,0.625096605365422,0.464790278109299,39.9517787089722,0.000399517787089722,0.000185691983371044,18.5691983371044
"Lisbon","PT001C","85+",20.48,31.26,0.229532635648249,29,2.04294875409333,0.714394231866126,0.51051146143712,39.9517787089722,0.000399517787089722,0.000203958409357298,20.3958409357298
"Lisbon","PT001C","85+",20.48,31.26,0.229532635648249,29.5,2.24716725313524,0.809670424405192,0.554995295252366,39.9517787089722,0.000399517787089722,0.000221730492204432,22.1730492204432
"Lisbon","PT001C","85+",20.48,31.26,0.229532635648249,30,2.48662204988879,0.91092518298262,0.597848012308616,39.9517787089722,0.000399517787089722,0.000238850914893527,23.8850914893527
"Lisbon","PT001C","85+",20.48,31.26,0.229532635648249,30.5,2.7680926460758,1.01815850759841,0.638740415203351,39.9517787089722,0.000399517787089722,0.000255188157206813,25.5188157206813
"Lisbon","PT001C","85+",20.48,31.26,0.229532635648249,31,3.09990169051939,1.13137039825256,0.677409124599545,39.9517787089722,0.000399517787089722,0.000270636994414396,27.0636994414396
"Lisbon","PT001C","85+",20.48,31.26,0.229532635648249,31.26,3.29564964935184,1.19260331069108,0.696569688408272,39.9517787089722,0.000399517787089722,0.00027829198046665,27.829198046665
"Copenhagen","DK001C","20-44",19.19,25.09,0.0308594380497709,-14.3,1.07217604911109,0.0696902740822408,0,0.127823063351343,1.27823063351343e-06,0,0
"Copenhagen","DK001C","20-44",19.19,25.09,0.0308594380497709,-14,1.07471690615226,0.0720572837845607,0,0.127823063351343,1.27823063351343e-06,0,0
"Copenhagen","DK001C","20-44",19.19,25.09,0.0308594380497709,-13.5,1.07872491680965,0.0757797110567814,0,0.127823063351343,1.27823063351343e-06,0,0
"Copenhagen","DK001C","20-44",19.19,25.09,0.0308594380497709,-13,1.08244665713416,0.0792239022061116,0,0.127823063351343,1.27823063351343e-06,0,0
"Copenhagen","DK001C","20-44",19.19,25.09,0.0308594380497709,-12.5,1.08587906512683,0.0823898572325512,0,0.127823063351343,1.27823063351343e-06,0,0
"Copenhagen","DK001C","20-44",19.19,25.09,0.0308594380497709,-12,1.08901931052097,0.0852775761361003,0,0.127823063351343,1.27823063351343e-06,0,0
"Copenhagen","DK001C","20-44",19.19,25.09,0.0308594380497709,-11.5,1.09186479867108,0.0878870589167589,0,0.127823063351343,1.27823063351343e-06,0,0
"Copenhagen","DK001C","20-44",19.19,25.09,0.0308594380497709,-11,1.09441317412545,0.0902183055745269,0,0.127823063351343,1.27823063351343e-06,0,0
"Copenhagen","DK001C","20-44",19.19,25.09,0.0308594380497709,-10.5,1.09666232387552,0.0922713161094044,0,0.127823063351343,1.27823063351343e-06,0,0
"Copenhagen","DK001C","20-44",19.19,25.09,0.0308594380497709,-10,1.09861038027552,0.0940460905213913,0,0.127823063351343,1.27823063351343e-06,0,0
"Copenhagen","DK001C","20-44",19.19,25.09,0.0308594380497709,-9.5,1.10025572362698,0.0955426288104877,0,0.127823063351343,1.27823063351343e-06,0,0
"Copenhagen","DK001C","20-44",19.19,25.09,0.0308594380497709,-9,1.10159698442302,0.0967609309766936,0,0.127823063351343,1.27823063351343e-06,0,0
"Copenhagen","DK001C","20-44",19.19,25.09,0.0308594380497709,-8.5,1.102633045248,0.0977009970200089,0,0.127823063351343,1.27823063351343e-06,0,0
"Copenhagen","DK001C","20-44",19.19,25.09,0.0308594380497709,-8,1.1033630423289,0.0983628269404337,0,0.127823063351343,1.27823063351343e-06,0,0
"Copenhagen","DK001C","20-44",19.19,25.09,0.0308594380497709,-7.5,1.10378636673548,0.0987464207379679,0,0.127823063351343,1.27823063351343e-06,0,0
"Copenhagen","DK001C","20-44",19.19,25.09,0.0308594380497709,-7,1.10390266522675,0.0988517784126116,0,0.127823063351343,1.27823063351343e-06,0,0
"Copenhagen","DK001C","20-44",19.19,25.09,0.0308594380497709,-6.5,1.10371184074216,0.0986788999643648,0,0.127823063351343,1.27823063351343e-06,0,0
"Copenhagen","DK001C","20-44",19.19,25.09,0.0308594380497709,-6,1.10321405253667,0.0982277853932274,0,0.127823063351343,1.27823063351343e-06,0,0
"Copenhagen","DK001C","20-44",19.19,25.09,0.0308594380497709,-5.5,1.10240971595916,0.0974984346991994,0,0.127823063351343,1.27823063351343e-06,0,0
"Copenhagen","DK001C","20-44",19.19,25.09,0.0308594380497709,-5,1.10129950187499,0.096490847882281,0,0.127823063351343,1.27823063351343e-06,0,0
"Copenhagen","DK001C","20-44",19.19,25.09,0.0308594380497709,-4.5,1.0998843357334,0.095205024942472,0,0.127823063351343,1.27823063351343e-06,0,0
"Copenhagen","DK001C","20-44",19.19,25.09,0.0308594380497709,-4,1.098165396282,0.0936409658797724,0,0.127823063351343,1.27823063351343e-06,0,0
"Copenhagen","DK001C","20-44",19.19,25.09,0.0308594380497709,-3.5,1.09614411393052,0.0917986706941823,0,0.127823063351343,1.27823063351343e-06,0,0
"Copenhagen","DK001C","20-44",19.19,25.09,0.0308594380497709,-3,1.09382216876711,0.0896781393857017,0,0.127823063351343,1.27823063351343e-06,0,0
"Copenhagen","DK001C","20-44",19.19,25.09,0.0308594380497709,-2.5,1.09120148823116,0.0872793719543305,0,0.127823063351343,1.27823063351343e-06,0,0
"Copenhagen","DK001C","20-44",19.19,25.09,0.0308594380497709,-2,1.0882842444469,0.0846023684000688,0,0.127823063351343,1.27823063351343e-06,0,0
"Copenhagen","DK001C","20-44",19.19,25.09,0.0308594380497709,-1.5,1.08507285122324,0.0816471287229166,0,0.127823063351343,1.27823063351343e-06,0,0
"Copenhagen","DK001C","20-44",19.19,25.09,0.0308594380497709,-1,1.08156996072535,0.0784136529228738,0,0.127823063351343,1.27823063351343e-06,0,0
"Copenhagen","DK001C","20-44",19.19,25.09,0.0308594380497709,-0.5,1.07777845982468,0.0749019409999404,0,0.127823063351343,1.27823063351343e-06,0,0
"Copenhagen","DK001C","20-44",19.19,25.09,0.0308594380497709,0,1.07370146613423,0.0711119929541165,0,0.127823063351343,1.27823063351343e-06,0,0
"Copenhagen","DK001C","20-44",19.19,25.09,0.0308594380497709,0.5,1.0694973528687,0.0671887744261837,0,0.127823063351343,1.27823063351343e-06,0,0
"Copenhagen","DK001C","20-44",19.19,25.09,0.0308594380497709,1,1.06546521269764,0.0634115232179568,0,0.127823063351343,1.27823063351343e-06,0,0
"Copenhagen","DK001C","20-44",19.19,25.09,0.0308594380497709,1.5,1.06161063786972,0.0597872245863681,0,0.127823063351343,1.27823063351343e-06,0,0
"Copenhagen","DK001C","20-44",19.19,25.09,0.0308594380497709,2,1.05793180890849,0.0563158785314178,0,0.127823063351343,1.27823063351343e-06,0,0
"Copenhagen","DK001C","20-44",19.19,25.09,0.0308594380497709,2.5,1.05442699328813,0.0529974850531056,0,0.127823063351343,1.27823063351343e-06,0,0
"Copenhagen","DK001C","20-44",19.19,25.09,0.0308594380497709,3,1.05109454407387,0.0498320441514318,0,0.127823063351343,1.27823063351343e-06,0,0
"Copenhagen","DK001C","20-44",19.19,25.09,0.0308594380497709,3.5,1.04793289863234,0.0468195558263962,0,0.127823063351343,1.27823063351343e-06,0,0
"Copenhagen","DK001C","20-44",19.19,25.09,0.0308594380497709,4,1.04494057741054,0.0439600200779989,0,0.127823063351343,1.27823063351343e-06,0,0
"Copenhagen","DK001C","20-44",19.19,25.09,0.0308594380497709,4.5,1.04211618278191,0.0412534369062399,0,0.127823063351343,1.27823063351343e-06,0,0
"Copenhagen","DK001C","20-44",19.19,25.09,0.0308594380497709,5,1.0394583979585,0.0386998063111192,0,0.127823063351343,1.27823063351343e-06,0,0
"Copenhagen","DK001C","20-44",19.19,25.09,0.0308594380497709,5.5,1.03696598596777,0.0362991282926367,0,0.127823063351343,1.27823063351343e-06,0,0
"Copenhagen","DK001C","20-44",19.19,25.09,0.0308594380497709,6,1.03463778869313,0.0340514028507924,0,0.127823063351343,1.27823063351343e-06,0,0
"Copenhagen","DK001C","20-44",19.19,25.09,0.0308594380497709,6.5,1.03247272597708,0.0319566299855865,0,0.127823063351343,1.27823063351343e-06,0,0
"Copenhagen","DK001C","20-44",19.19,25.09,0.0308594380497709,7,1.03046979478596,0.0300148096970188,0,0.127823063351343,1.27823063351343e-06,0,0
"Copenhagen","DK001C","20-44",19.19,25.09,0.0308594380497709,7.5,1.02862806843548,0.0282259419850894,0,0.127823063351343,1.27823063351343e-06,0,0
"Copenhagen","DK001C","20-44",19.19,25.09,0.0308594380497709,8,1.02694669587613,0.0265900268497983,0,0.127823063351343,1.27823063351343e-06,0,0
"Copenhagen","DK001C","20-44",19.19,25.09,0.0308594380497709,8.5,1.02542490103769,0.0251070642911454,0,0.127823063351343,1.27823063351343e-06,0,0
"Copenhagen","DK001C","20-44",19.19,25.09,0.0308594380497709,9,1.02406198223222,0.0237770543091308,0,0.127823063351343,1.27823063351343e-06,0,0
"Copenhagen","DK001C","20-44",19.19,25.09,0.0308594380497709,9.5,1.02285731161479,0.0225999969037545,0,0.127823063351343,1.27823063351343e-06,0,0
"Copenhagen","DK001C","20-44",19.19,25.09,0.0308594380497709,10,1.02181033470142,0.0215758920750165,0,0.127823063351343,1.27823063351343e-06,0,0
"Copenhagen","DK001C","20-44",19.19,25.09,0.0308594380497709,10.5,1.02092056994368,0.0207047398229167,0,0.127823063351343,1.27823063351343e-06,0,0
"Copenhagen","DK001C","20-44",19.19,25.09,0.0308594380497709,11,1.02018760835957,0.0199865401474552,0,0.127823063351343,1.27823063351343e-06,0,0
"Copenhagen","DK001C","20-44",19.19,25.09,0.0308594380497709,11.5,1.01961111322014,0.019421293048632,0,0.127823063351343,1.27823063351343e-06,0,0
"Copenhagen","DK001C","20-44",19.19,25.09,0.0308594380497709,12,1.01919081979169,0.019008998526447,0,0.127823063351343,1.27823063351343e-06,0,0
"Copenhagen","DK001C","20-44",19.19,25.09,0.0308594380497709,12.5,1.01892653513313,0.0187496565809003,0,0.127823063351343,1.27823063351343e-06,0,0
"Copenhagen","DK001C","20-44",19.19,25.09,0.0308594380497709,13,1.01881813794835,0.0186432672119919,0,0.127823063351343,1.27823063351343e-06,0,0
"Copenhagen","DK001C","20-44",19.19,25.09,0.0308594380497709,13.5,1.01886557849343,0.0186898304197217,0,0.127823063351343,1.27823063351343e-06,0,0
"Copenhagen","DK001C","20-44",19.19,25.09,0.0308594380497709,14,1.0190688785386,0.0188893462040899,0,0.127823063351343,1.27823063351343e-06,0,0
"Copenhagen","DK001C","20-44",19.19,25.09,0.0308594380497709,14.5,1.01942813138488,0.0192418145650962,0,0.127823063351343,1.27823063351343e-06,0,0
"Copenhagen","DK001C","20-44",19.19,25.09,0.0308594380497709,15,1.01962476206528,0.0194346792834509,0,0.127823063351343,1.27823063351343e-06,0,0
"Copenhagen","DK001C","20-44",19.19,25.09,0.0308594380497709,15.5,1.0190015681569,0.0188232931568684,0,0.127823063351343,1.27823063351343e-06,0,0
"Copenhagen","DK001C","20-44",19.19,25.09,0.0308594380497709,16,1.01754017483416,0.017388121421643,0,0.127823063351343,1.27823063351343e-06,0,0
"Copenhagen","DK001C","20-44",19.19,25.09,0.0308594380497709,16.5,1.01524418922666,0.0151291640777747,0,0.127823063351343,1.27823063351343e-06,0,0
"Copenhagen","DK001C","20-44",19.19,25.09,0.0308594380497709,17,1.01211927149106,0.0120464211252635,0,0.127823063351343,1.27823063351343e-06,0,0
"Copenhagen","DK001C","20-44",19.19,25.09,0.0308594380497709,17.5,1.00817311156144,0.00813989256410941,0,0.127823063351343,1.27823063351343e-06,0,0
"Copenhagen","DK001C","20-44",19.19,25.09,0.0308594380497709,18,1.00412448852114,0.00411600613403085,0,0.127823063351343,1.27823063351343e-06,0,0
"Copenhagen","DK001C","20-44",19.19,25.09,0.0308594380497709,18.5,1.00143279451885,0.00143176904819692,0,0.127823063351343,1.27823063351343e-06,0,0
"Copenhagen","DK001C","20-44",19.19,25.09,0.0308594380497709,19,1.0001313416649,0.000131333040340034,0,0.127823063351343,1.27823063351343e-06,0,0
"Copenhagen","DK001C","20-44",19.19,25.09,0.0308594380497709,19.5,1.00021472115975,0.000214698110460182,0.000214675064470153,0.127823063351343,1.27823063351343e-06,2.7440424365722e-10,2.7440424365722e-05
"Copenhagen","DK001C","20-44",19.19,25.09,0.0308594380497709,20,1.00168327938549,0.00168186425855736,0.00168045071743763,0.127823063351343,1.27823063351343e-06,2.1480035851384e-09,0.00021480035851384
"Copenhagen","DK001C","20-44",19.19,25.09,0.0308594380497709,20.5,1.00454312030522,0.00453283148463156,0.00452257370877334,0.127823063351343,1.27823063351343e-06,5.78089225687653e-09,0.000578089225687653
"Copenhagen","DK001C","20-44",19.19,25.09,0.0308594380497709,21,1.0088061477671,0.00876759978868281,0.00872927646861703,0.127823063351343,1.27823063351343e-06,1.11580285905942e-08,0.00111580285905942
"Copenhagen","DK001C","20-44",19.19,25.09,0.0308594380497709,21.5,1.01449014812368,0.0143861691707111,0.014283182690809,0.127823063351343,1.27823063351343e-06,1.82572016594608e-08,0.00182572016594608
"Copenhagen","DK001C","20-44",19.19,25.09,0.0308594380497709,22,1.02161891396973,0.0213885396307164,0.0211614269020584,0.127823063351343,1.27823063351343e-06,2.70491841150662e-08,0.00270491841150662
"Copenhagen","DK001C","20-44",19.19,25.09,0.0308594380497709,22.5,1.03022241020428,0.0297747111686988,0.0293358112820381,0.127823063351343,1.27823063351343e-06,3.749793263967e-08,0.003749793263967
"Copenhagen","DK001C","20-44",19.19,25.09,0.0308594380497709,23,1.04033698404015,0.0395446837846581,0.0387729982293832,0.127823063351343,1.27823063351343e-06,4.95608340899597e-08,0.00495608340899597
"Copenhagen","DK001C","20-44",19.19,25.09,0.0308594380497709,23.5,1.05200562102257,0.0506984574785946,0.0494347368334618,0.127823063351343,1.27823063351343e-06,6.31889949802056e-08,0.00631889949802056
"Copenhagen","DK001C","20-44",19.19,25.09,0.0308594380497709,24,1.06527824958233,0.063236032250508,0.0612781210992744,0.127823063351343,1.27823063351343e-06,7.83275715532383e-08,0.00783275715532383
"Copenhagen","DK001C","20-44",19.19,25.09,0.0308594380497709,24.5,1.08021209714517,0.0771574081003985,0.0742558774866109,0.127823063351343,1.27823063351343e-06,9.49161373218065e-08,0.00949161373218065
"Copenhagen","DK001C","20-44",19.19,25.09,0.0308594380497709,25,1.09687210135388,0.092462585028266,0.088316679067971,0.127823063351343,1.27823063351343e-06,1.12889084634855e-07,0.0112889084634855
"Copenhagen","DK001C","20-44",19.19,25.09,0.0308594380497709,25.09,1.10005972804149,0.0953644765497634,0.0909584502467244,0.127823063351343,1.27823063351343e-06,1.16265877482271e-07,0.0116265877482271
"Copenhagen","DK001C","45-64",18.42,25.09,0.069339051631392,-14.3,1.40749377278219,0.341810656710865,0,1.2027654473061,1.2027654473061e-05,0,0
"Copenhagen","DK001C","45-64",18.42,25.09,0.069339051631392,-14,1.39763756666958,0.334783358890875,0,1.2027654473061,1.2027654473061e-05,0,0
"Copenhagen","DK001C","45-64",18.42,25.09,0.069339051631392,-13.5,1.38166601998681,0.323290031875714,0,1.2027654473061,1.2027654473061e-05,0,0
"Copenhagen","DK001C","45-64",18.42,25.09,0.069339051631392,-13,1.36625066860826,0.312070249883249,0,1.2027654473061,1.2027654473061e-05,0,0
"Copenhagen","DK001C","45-64",18.42,25.09,0.069339051631392,-12.5,1.35137691933587,0.301124012913479,0,1.2027654473061,1.2027654473061e-05,0,0
"Copenhagen","DK001C","45-64",18.42,25.09,0.069339051631392,-12,1.33703078190024,0.290451320966404,0,1.2027654473061,1.2027654473061e-05,0,0
"Copenhagen","DK001C","45-64",18.42,25.09,0.069339051631392,-11.5,1.32319884716877,0.280052174042025,0,1.2027654473061,1.2027654473061e-05,0,0
"Copenhagen","DK001C","45-64",18.42,25.09,0.069339051631392,-11,1.30986826637875,0.269926572140341,0,1.2027654473061,1.2027654473061e-05,0,0
"Copenhagen","DK001C","45-64",18.42,25.09,0.069339051631392,-10.5,1.29702673135084,0.260074515261352,0,1.2027654473061,1.2027654473061e-05,0,0
"Copenhagen","DK001C","45-64",18.42,25.09,0.069339051631392,-10,1.28466245564029,0.250496003405059,0,1.2027654473061,1.2027654473061e-05,0,0
"Copenhagen","DK001C","45-64",18.42,25.09,0.069339051631392,-9.5,1.27276415658571,0.241191036571461,0,1.2027654473061,1.2027654473061e-05,0,0
"Copenhagen","DK001C","45-64",18.42,25.09,0.069339051631392,-9,1.26132103821743,0.232159614760558,0,1.2027654473061,1.2027654473061e-05,0,0
"Copenhagen","DK001C","45-64",18.42,25.09,0.069339051631392,-8.5,1.25032277498898,0.223401737972351,0,1.2027654473061,1.2027654473061e-05,0,0
"Copenhagen","DK001C","45-64",18.42,25.09,0.069339051631392,-8,1.23975949629788,0.214917406206839,0,1.2027654473061,1.2027654473061e-05,0,0
"Copenhagen","DK001C","45-64",18.42,25.09,0.069339051631392,-7.5,1.22962177176304,0.206706619464022,0,1.2027654473061,1.2027654473061e-05,0,0
"Copenhagen","DK001C","45-64",18.42,25.09,0.069339051631392,-7,1.21990059722823,0.198769377743901,0,1.2027654473061,1.2027654473061e-05,0,0
"Copenhagen","DK001C","45-64",18.42,25.09,0.069339051631392,-6.5,1.21058738146265,0.191105681046475,0,1.2027654473061,1.2027654473061e-05,0,0
"Copenhagen","DK001C","45-64",18.42,25.09,0.069339051631392,-6,1.20167393353101,0.183715529371744,0,1.2027654473061,1.2027654473061e-05,0,0
"Copenhagen","DK001C","45-64",18.42,25.09,0.069339051631392,-5.5,1.19315245080733,0.176598922719708,0,1.2027654473061,1.2027654473061e-05,0,0
"Copenhagen","DK001C","45-64",18.42,25.09,0.069339051631392,-5,1.18501550760785,0.169755861090368,0,1.2027654473061,1.2027654473061e-05,0,0
"Copenhagen","DK001C","45-64",18.42,25.09,0.069339051631392,-4.5,1.17725604441987,0.163186344483724,0,1.2027654473061,1.2027654473061e-05,0,0
"Copenhagen","DK001C","45-64",18.42,25.09,0.069339051631392,-4,1.16986735770479,0.156890372899774,0,1.2027654473061,1.2027654473061e-05,0,0
"Copenhagen","DK001C","45-64",18.42,25.09,0.069339051631392,-3.5,1.16284309025465,0.15086794633852,0,1.2027654473061,1.2027654473061e-05,0,0
"Copenhagen","DK001C","45-64",18.42,25.09,0.069339051631392,-3,1.15617722208278,0.145119064799961,0,1.2027654473061,1.2027654473061e-05,0,0
"Copenhagen","DK001C","45-64",18.42,25.09,0.069339051631392,-2.5,1.14986406183034,0.139643728284098,0,1.2027654473061,1.2027654473061e-05,0,0
"Copenhagen","DK001C","45-64",18.42,25.09,0.069339051631392,-2,1.14389823867154,0.13444193679093,0,1.2027654473061,1.2027654473061e-05,0,0
"Copenhagen","DK001C","45-64",18.42,25.09,0.069339051631392,-1.5,1.13827469470145,0.129513690320457,0,1.2027654473061,1.2027654473061e-05,0,0
"Copenhagen","DK001C","45-64",18.42,25.09,0.069339051631392,-1,1.13298867779135,0.124858988872679,0,1.2027654473061,1.2027654473061e-05,0,0
"Copenhagen","DK001C","45-64",18.42,25.09,0.069339051631392,-0.5,1.12803573489734,0.120477832447597,0,1.2027654473061,1.2027654473061e-05,0,0
"Copenhagen","DK001C","45-64",18.42,25.09,0.069339051631392,0,1.12341170580924,0.116370221045211,0,1.2027654473061,1.2027654473061e-05,0,0
"Copenhagen","DK001C","45-64",18.42,25.09,0.069339051631392,0.5,1.11903266548411,0.11246462057853,0,1.2027654473061,1.2027654473061e-05,0,0
"Copenhagen","DK001C","45-64",18.42,25.09,0.069339051631392,1,1.11474228049902,0.108623239629548,0,1.2027654473061,1.2027654473061e-05,0,0
"Copenhagen","DK001C","45-64",18.42,25.09,0.069339051631392,1.5,1.11053583300692,0.104842631285089,0,1.2027654473061,1.2027654473061e-05,0,0
"Copenhagen","DK001C","45-64",18.42,25.09,0.069339051631392,2,1.10641249594771,0.101122795545155,0,1.2027654473061,1.2027654473061e-05,0,0
"Copenhagen","DK001C","45-64",18.42,25.09,0.069339051631392,2.5,1.10237146048188,0.0974637324097448,0,1.2027654473061,1.2027654473061e-05,0,0
"Copenhagen","DK001C","45-64",18.42,25.09,0.069339051631392,3,1.09841193572656,0.0938654418788585,0,1.2027654473061,1.2027654473061e-05,0,0
"Copenhagen","DK001C","45-64",18.42,25.09,0.069339051631392,3.5,1.09453314849801,0.0903279239524963,0,1.2027654473061,1.2027654473061e-05,0,0
"Copenhagen","DK001C","45-64",18.42,25.09,0.069339051631392,4,1.09073434306047,0.0868511786306581,0,1.2027654473061,1.2027654473061e-05,0,0
"Copenhagen","DK001C","45-64",18.42,25.09,0.069339051631392,4.5,1.08701478088113,0.0834352059133439,0,1.2027654473061,1.2027654473061e-05,0,0
"Copenhagen","DK001C","45-64",18.42,25.09,0.069339051631392,5,1.08337374039115,0.0800800058005537,0,1.2027654473061,1.2027654473061e-05,0,0
"Copenhagen","DK001C","45-64",18.42,25.09,0.069339051631392,5.5,1.07981051675277,0.0767855782922874,0,1.2027654473061,1.2027654473061e-05,0,0
"Copenhagen","DK001C","45-64",18.42,25.09,0.069339051631392,6,1.07632442163216,0.0735519233885452,0,1.2027654473061,1.2027654473061e-05,0,0
"Copenhagen","DK001C","45-64",18.42,25.09,0.069339051631392,6.5,1.07291478297806,0.0703790410893271,0,1.2027654473061,1.2027654473061e-05,0,0
"Copenhagen","DK001C","45-64",18.42,25.09,0.069339051631392,7,1.06958094480617,0.0672669313946329,0,1.2027654473061,1.2027654473061e-05,0,0
"Copenhagen","DK001C","45-64",18.42,25.09,0.069339051631392,7.5,1.06632226698896,0.0642155943044628,0,1.2027654473061,1.2027654473061e-05,0,0
"Copenhagen","DK001C","45-64",18.42,25.09,0.069339051631392,8,1.06313812505105,0.0612250298188166,0,1.2027654473061,1.2027654473061e-05,0,0
"Copenhagen","DK001C","45-64",18.42,25.09,0.069339051631392,8.5,1.06002790996997,0.0582952379376945,0,1.2027654473061,1.2027654473061e-05,0,0
"Copenhagen","DK001C","45-64",18.42,25.09,0.069339051631392,9,1.05699102798213,0.0554262186610963,0,1.2027654473061,1.2027654473061e-05,0,0
"Copenhagen","DK001C","45-64",18.42,25.09,0.069339051631392,9.5,1.0540269003941,0.0526179719890222,0,1.2027654473061,1.2027654473061e-05,0,0
"Copenhagen","DK001C","45-64",18.42,25.09,0.069339051631392,10,1.05113496339889,0.0498704979214721,0,1.2027654473061,1.2027654473061e-05,0,0
"Copenhagen","DK001C","45-64",18.42,25.09,0.069339051631392,10.5,1.04831466789741,0.047183796458446,0,1.2027654473061,1.2027654473061e-05,0,0
"Copenhagen","DK001C","45-64",18.42,25.09,0.069339051631392,11,1.04556547932474,0.0445578675999438,0,1.2027654473061,1.2027654473061e-05,0,0
"Copenhagen","DK001C","45-64",18.42,25.09,0.069339051631392,11.5,1.04288687748142,0.0419927113459658,0,1.2027654473061,1.2027654473061e-05,0,0
"Copenhagen","DK001C","45-64",18.42,25.09,0.069339051631392,12,1.0402783563694,0.0394883276965118,0,1.2027654473061,1.2027654473061e-05,0,0
"Copenhagen","DK001C","45-64",18.42,25.09,0.069339051631392,12.5,1.03773942403291,0.0370447166515817,0,1.2027654473061,1.2027654473061e-05,0,0
"Copenhagen","DK001C","45-64",18.42,25.09,0.069339051631392,13,1.03526960240378,0.0346618782111756,0,1.2027654473061,1.2027654473061e-05,0,0
"Copenhagen","DK001C","45-64",18.42,25.09,0.069339051631392,13.5,1.03286842715154,0.0323398123752936,0,1.2027654473061,1.2027654473061e-05,0,0
"Copenhagen","DK001C","45-64",18.42,25.09,0.069339051631392,14,1.03053544753798,0.0300785191439356,0,1.2027654473061,1.2027654473061e-05,0,0
"Copenhagen","DK001C","45-64",18.42,25.09,0.069339051631392,14.5,1.02827022627611,0.0278779985171015,0,1.2027654473061,1.2027654473061e-05,0,0
"Copenhagen","DK001C","45-64",18.42,25.09,0.069339051631392,15,1.02587908108018,0.0255498851054851,0,1.2027654473061,1.2027654473061e-05,0,0
"Copenhagen","DK001C","45-64",18.42,25.09,0.069339051631392,15.5,1.02296541124036,0.0227056752936419,0,1.2027654473061,1.2027654473061e-05,0,0
"Copenhagen","DK001C","45-64",18.42,25.09,0.069339051631392,16,1.01952170050496,0.0193335962447402,0,1.2027654473061,1.2027654473061e-05,0,0
"Copenhagen","DK001C","45-64",18.42,25.09,0.069339051631392,16.5,1.0155533617842,0.0154336479587799,0,1.2027654473061,1.2027654473061e-05,0,0
"Copenhagen","DK001C","45-64",18.42,25.09,0.069339051631392,17,1.0110666173865,0.0110058304357613,0,1.2027654473061,1.2027654473061e-05,0,0
"Copenhagen","DK001C","45-64",18.42,25.09,0.069339051631392,17.5,1.00606848276098,0.00605014367568407,0,1.2027654473061,1.2027654473061e-05,0,0
"Copenhagen","DK001C","45-64",18.42,25.09,0.069339051631392,18,1.00162621590178,0.00162489504450786,0,1.2027654473061,1.2027654473061e-05,0,0
"Copenhagen","DK001C","45-64",18.42,25.09,0.069339051631392,18.5,0.999912847282542,-8.71565154763609e-05,0,1.2027654473061,1.2027654473061e-05,0,0
"Copenhagen","DK001C","45-64",18.42,25.09,0.069339051631392,19,1.00098061369362,0.000980133206104072,0.000979653032444176,1.2027654473061,1.2027654473061e-05,1.17829281777249e-08,0.00117829281777249
"Copenhagen","DK001C","45-64",18.42,25.09,0.069339051631392,19.5,1.0048384318003,0.00482676420924899,0.00481513410233509,1.2027654473061,1.2027654473061e-05,5.7914769224339e-08,0.0057914769224339
"Copenhagen","DK001C","45-64",18.42,25.09,0.069339051631392,20,1.01151857016574,0.0114527364939586,0.0113874035588457,1.2027654473061,1.2027654473061e-05,1.369637553511e-07,0.01369637553511
"Copenhagen","DK001C","45-64",18.42,25.09,0.069339051631392,20.5,1.02107709951703,0.0208580500602326,0.0206420254915078,1.2027654473061,1.2027654473061e-05,2.48275150235973e-07,0.0248275150235973
"Copenhagen","DK001C","45-64",18.42,25.09,0.069339051631392,21,1.03359467786453,0.0330427049080712,0.0325027581739687,1.2027654473061,1.2027654473061e-05,3.90931944737954e-07,0.0390931944737954
"Copenhagen","DK001C","45-64",18.42,25.09,0.069339051631392,21.5,1.0491776858799,0.0480067010374745,0.0468725998863209,1.2027654473061,1.2027654473061e-05,5.63767435686705e-07,0.0563767435686705
"Copenhagen","DK001C","45-64",18.42,25.09,0.069339051631392,22,1.06795973492739,0.0657500384484422,0.0636351097375528,1.2027654473061,1.2027654473061e-05,7.65381112278602e-07,0.0765381112278602
"Copenhagen","DK001C","45-64",18.42,25.09,0.069339051631392,22.5,1.09010357770186,0.0862727171409746,0.0826559783353941,1.2027654473061,1.2027654473061e-05,9.94157547550934e-07,0.0994157547550934
"Copenhagen","DK001C","45-64",18.42,25.09,0.069339051631392,23,1.11580345975056,0.109574737115072,0.103784818678055,1.2027654473061,1.2027654473061e-05,1.24828793860893e-06,0.124828793860893
"Copenhagen","DK001C","45-64",18.42,25.09,0.069339051631392,23.5,1.14528795946621,0.135656098370733,0.126857143887136,1.2027654473061,1.2027654473061e-05,1.52579389411385e-06,0.152579389411385
"Copenhagen","DK001C","45-64",18.42,25.09,0.069339051631392,24,1.17882337468825,0.164516800907959,0.151696495444488,1.2027654473061,1.2027654473061e-05,1.82455303198057e-06,0.182455303198057
"Copenhagen","DK001C","45-64",18.42,25.09,0.069339051631392,24.5,1.21671772612859,0.19615684472675,0.178116683495814,1.2027654473061,1.2027654473061e-05,2.14232592497522e-06,0.214232592497522
"Copenhagen","DK001C","45-64",18.42,25.09,0.069339051631392,25,1.25932546178902,0.230576229827105,0.205924099573606,1.2027654473061,1.2027654473061e-05,2.47678391734754e-06,0.247678391734754
"Copenhagen","DK001C","45-64",18.42,25.09,0.069339051631392,25.09,1.26752589364943,0.237066885189271,0.211061482049235,1.2027654473061,1.2027654473061e-05,2.53857457866036e-06,0.253857457866036
"Copenhagen","DK001C","65-74",18.42,25.09,0.0904670890786816,-14.3,1.63590300355606,0.492194947642993,0,4.97266708514048,4.97266708514048e-05,0,0
"Copenhagen","DK001C","65-74",18.42,25.09,0.0904670890786816,-14,1.6160897688684,0.480009508598385,0,4.97266708514048,4.97266708514048e-05,0,0
"Copenhagen","DK001C","65-74",18.42,25.09,0.0904670890786816,-13.5,1.58433007621748,0.460161653134266,0,4.97266708514048,4.97266708514048e-05,0,0
"Copenhagen","DK001C","65-74",18.42,25.09,0.0904670890786816,-13,1.55409022434313,0.440890309682933,0,4.97266708514048,4.97266708514048e-05,0,0
"Copenhagen","DK001C","65-74",18.42,25.09,0.0904670890786816,-12.5,1.52530665981087,0.422195478244385,0,4.97266708514048,4.97266708514048e-05,0,0
"Copenhagen","DK001C","65-74",18.42,25.09,0.0904670890786816,-12,1.4979195201999,0.404077158818623,0,4.97266708514048,4.97266708514048e-05,0,0
"Copenhagen","DK001C","65-74",18.42,25.09,0.0904670890786816,-11.5,1.47187242890597,0.386535351405646,0,4.97266708514048,4.97266708514048e-05,0,0
"Copenhagen","DK001C","65-74",18.42,25.09,0.0904670890786816,-11,1.44711230364908,0.369570056005453,0,4.97266708514048,4.97266708514048e-05,0,0
"Copenhagen","DK001C","65-74",18.42,25.09,0.0904670890786816,-10.5,1.42358917778289,0.353181272618047,0,4.97266708514048,4.97266708514048e-05,0,0
"Copenhagen","DK001C","65-74",18.42,25.09,0.0904670890786816,-10,1.40125603357016,0.337369001243425,0,4.97266708514048,4.97266708514048e-05,0,0
"Copenhagen","DK001C","65-74",18.42,25.09,0.0904670890786816,-9.5,1.38006864665054,0.322133241881588,0,4.97266708514048,4.97266708514048e-05,0,0
"Copenhagen","DK001C","65-74",18.42,25.09,0.0904670890786816,-9,1.35998544098495,0.307473994532537,0,4.97266708514048,4.97266708514048e-05,0,0
"Copenhagen","DK001C","65-74",18.42,25.09,0.0904670890786816,-8.5,1.34096735361391,0.293391259196271,0,4.97266708514048,4.97266708514048e-05,0,0
"Copenhagen","DK001C","65-74",18.42,25.09,0.0904670890786816,-8,1.32297770861678,0.279885035872791,0,4.97266708514048,4.97266708514048e-05,0,0
"Copenhagen","DK001C","65-74",18.42,25.09,0.0904670890786816,-7.5,1.30598209970513,0.266955324562095,0,4.97266708514048,4.97266708514048e-05,0,0
"Copenhagen","DK001C","65-74",18.42,25.09,0.0904670890786816,-7,1.28994828092568,0.254602125264185,0,4.97266708514048,4.97266708514048e-05,0,0
"Copenhagen","DK001C","65-74",18.42,25.09,0.0904670890786816,-6.5,1.27484606498835,0.24282543797906,0,4.97266708514048,4.97266708514048e-05,0,0
"Copenhagen","DK001C","65-74",18.42,25.09,0.0904670890786816,-6,1.26064722877187,0.23162526270672,0,4.97266708514048,4.97266708514048e-05,0,0
"Copenhagen","DK001C","65-74",18.42,25.09,0.0904670890786816,-5.5,1.24732542559359,0.221001599447166,0,4.97266708514048,4.97266708514048e-05,0,0
"Copenhagen","DK001C","65-74",18.42,25.09,0.0904670890786816,-5,1.23485610386245,0.210954448200397,0,4.97266708514048,4.97266708514048e-05,0,0
"Copenhagen","DK001C","65-74",18.42,25.09,0.0904670890786816,-4.5,1.22321643176414,0.201483808966413,0,4.97266708514048,4.97266708514048e-05,0,0
"Copenhagen","DK001C","65-74",18.42,25.09,0.0904670890786816,-4,1.21238522765518,0.192589681745214,0,4.97266708514048,4.97266708514048e-05,0,0
"Copenhagen","DK001C","65-74",18.42,25.09,0.0904670890786816,-3.5,1.20234289586923,0.1842720665368,0,4.97266708514048,4.97266708514048e-05,0,0
"Copenhagen","DK001C","65-74",18.42,25.09,0.0904670890786816,-3,1.19307136766349,0.176530963341172,0,4.97266708514048,4.97266708514048e-05,0,0
"Copenhagen","DK001C","65-74",18.42,25.09,0.0904670890786816,-2.5,1.18455404705606,0.169366372158329,0,4.97266708514048,4.97266708514048e-05,0,0
"Copenhagen","DK001C","65-74",18.42,25.09,0.0904670890786816,-2,1.17677576132719,0.162778292988271,0,4.97266708514048,4.97266708514048e-05,0,0
"Copenhagen","DK001C","65-74",18.42,25.09,0.0904670890786816,-1.5,1.1697227159776,0.156766725830998,0,4.97266708514048,4.97266708514048e-05,0,0
"Copenhagen","DK001C","65-74",18.42,25.09,0.0904670890786816,-1,1.16338245395687,0.151331670686511,0,4.97266708514048,4.97266708514048e-05,0,0
"Copenhagen","DK001C","65-74",18.42,25.09,0.0904670890786816,-0.5,1.15774381899311,0.146473127554809,0,4.97266708514048,4.97266708514048e-05,0,0
"Copenhagen","DK001C","65-74",18.42,25.09,0.0904670890786816,0,1.15279692287278,0.142191096435892,0,4.97266708514048,4.97266708514048e-05,0,0
"Copenhagen","DK001C","65-74",18.42,25.09,0.0904670890786816,0.5,1.14831444769672,0.138295169534594,0,4.97266708514048,4.97266708514048e-05,0,0
"Copenhagen","DK001C","65-74",18.42,25.09,0.0904670890786816,1,1.14387151754126,0.134418576808828,0,4.97266708514048,4.97266708514048e-05,0,0
"Copenhagen","DK001C","65-74",18.42,25.09,0.0904670890786816,1.5,1.13945735346131,0.130552143344014,0,4.97266708514048,4.97266708514048e-05,0,0
"Copenhagen","DK001C","65-74",18.42,25.09,0.0904670890786816,2,1.13507175493279,0.126695869140152,0,4.97266708514048,4.97266708514048e-05,0,0
"Copenhagen","DK001C","65-74",18.42,25.09,0.0904670890786816,2.5,1.13071452307338,0.122849754197242,0,4.97266708514048,4.97266708514048e-05,0,0
"Copenhagen","DK001C","65-74",18.42,25.09,0.0904670890786816,3,1.12638546062812,0.119013798515285,0,4.97266708514048,4.97266708514048e-05,0,0
"Copenhagen","DK001C","65-74",18.42,25.09,0.0904670890786816,3.5,1.12208437195515,0.115188002094279,0,4.97266708514048,4.97266708514048e-05,0,0
"Copenhagen","DK001C","65-74",18.42,25.09,0.0904670890786816,4,1.11781106301162,0.111372364934226,0,4.97266708514048,4.97266708514048e-05,0,0
"Copenhagen","DK001C","65-74",18.42,25.09,0.0904670890786816,4.5,1.11356534133972,0.107566887035125,0,4.97266708514048,4.97266708514048e-05,0,0
"Copenhagen","DK001C","65-74",18.42,25.09,0.0904670890786816,5,1.10934701605277,0.103771568396976,0,4.97266708514048,4.97266708514048e-05,0,0
"Copenhagen","DK001C","65-74",18.42,25.09,0.0904670890786816,5.5,1.10515589782163,0.0999864090197784,0,4.97266708514048,4.97266708514048e-05,0,0
"Copenhagen","DK001C","65-74",18.42,25.09,0.0904670890786816,6,1.100991798861,0.0962114089035334,0,4.97266708514048,4.97266708514048e-05,0,0
"Copenhagen","DK001C","65-74",18.42,25.09,0.0904670890786816,6.5,1.09685453291604,0.0924465680482406,0,4.97266708514048,4.97266708514048e-05,0,0
"Copenhagen","DK001C","65-74",18.42,25.09,0.0904670890786816,7,1.09274391524904,0.0886918864539,0,4.97266708514048,4.97266708514048e-05,0,0
"Copenhagen","DK001C","65-74",18.42,25.09,0.0904670890786816,7.5,1.08865976262622,0.0849473641205113,0,4.97266708514048,4.97266708514048e-05,0,0
"Copenhagen","DK001C","65-74",18.42,25.09,0.0904670890786816,8,1.08460189330463,0.0812130010480749,0,4.97266708514048,4.97266708514048e-05,0,0
"Copenhagen","DK001C","65-74",18.42,25.09,0.0904670890786816,8.5,1.08057012701927,0.0774887972365905,0,4.97266708514048,4.97266708514048e-05,0,0
"Copenhagen","DK001C","65-74",18.42,25.09,0.0904670890786816,9,1.07656428497022,0.0737747526860583,0,4.97266708514048,4.97266708514048e-05,0,0
"Copenhagen","DK001C","65-74",18.42,25.09,0.0904670890786816,9.5,1.07258418980996,0.0700708673964782,0,4.97266708514048,4.97266708514048e-05,0,0
"Copenhagen","DK001C","65-74",18.42,25.09,0.0904670890786816,10,1.06862966563077,0.0663771413678502,0,4.97266708514048,4.97266708514048e-05,0,0
"Copenhagen","DK001C","65-74",18.42,25.09,0.0904670890786816,10.5,1.06470053795232,0.0626935746001743,0,4.97266708514048,4.97266708514048e-05,0,0
"Copenhagen","DK001C","65-74",18.42,25.09,0.0904670890786816,11,1.06079663370929,0.0590201670934505,0,4.97266708514048,4.97266708514048e-05,0,0
"Copenhagen","DK001C","65-74",18.42,25.09,0.0904670890786816,11.5,1.05691778123913,0.0553569188476788,0,4.97266708514048,4.97266708514048e-05,0,0
"Copenhagen","DK001C","65-74",18.42,25.09,0.0904670890786816,12,1.05306381027003,0.0517038298628594,0,4.97266708514048,4.97266708514048e-05,0,0
"Copenhagen","DK001C","65-74",18.42,25.09,0.0904670890786816,12.5,1.04923455190884,0.0480609001389919,0,4.97266708514048,4.97266708514048e-05,0,0
"Copenhagen","DK001C","65-74",18.42,25.09,0.0904670890786816,13,1.04542983862925,0.0444281296760766,0,4.97266708514048,4.97266708514048e-05,0,0
"Copenhagen","DK001C","65-74",18.42,25.09,0.0904670890786816,13.5,1.04164950425999,0.0408055184741135,0,4.97266708514048,4.97266708514048e-05,0,0
"Copenhagen","DK001C","65-74",18.42,25.09,0.0904670890786816,14,1.0378933839732,0.0371930665331024,0,4.97266708514048,4.97266708514048e-05,0,0
"Copenhagen","DK001C","65-74",18.42,25.09,0.0904670890786816,14.5,1.03416131427288,0.0335907738530434,0,4.97266708514048,4.97266708514048e-05,0,0
"Copenhagen","DK001C","65-74",18.42,25.09,0.0904670890786816,15,1.03032930488009,0.0298784646198955,0,4.97266708514048,4.97266708514048e-05,0,0
"Copenhagen","DK001C","65-74",18.42,25.09,0.0904670890786816,15.5,1.02614419336628,0.0258082762171988,0,4.97266708514048,4.97266708514048e-05,0,0
"Copenhagen","DK001C","65-74",18.42,25.09,0.0904670890786816,16,1.02160272963751,0.0213726976565757,0,4.97266708514048,4.97266708514048e-05,0,0
"Copenhagen","DK001C","65-74",18.42,25.09,0.0904670890786816,16.5,1.01670980168497,0.0165717289380262,0,4.97266708514048,4.97266708514048e-05,0,0
"Copenhagen","DK001C","65-74",18.42,25.09,0.0904670890786816,17,1.01147065927445,0.0114053700615502,0,4.97266708514048,4.97266708514048e-05,0,0
"Copenhagen","DK001C","65-74",18.42,25.09,0.0904670890786816,17.5,1.00589090456154,0.00587362102714811,0,4.97266708514048,4.97266708514048e-05,0,0
"Copenhagen","DK001C","65-74",18.42,25.09,0.0904670890786816,18,1.00122875037244,0.00122799607652851,0,4.97266708514048,4.97266708514048e-05,0,0
"Copenhagen","DK001C","65-74",18.42,25.09,0.0904670890786816,18.5,1.00004974457044,4.97433332162789e-05,4.97420960371831e-05,4.97266708514048,4.97266708514048e-05,2.47350883709997e-09,0.000247350883709997
"Copenhagen","DK001C","65-74",18.42,25.09,0.0904670890786816,19,1.00242000593604,0.00241708243731842,0.00241416364569103,4.97266708514048,4.97266708514048e-05,1.20048320990706e-07,0.0120048320990706
"Copenhagen","DK001C","65-74",18.42,25.09,0.0904670890786816,19.5,1.0083648044867,0.00833001338883482,0.008295414962408,4.97266708514048,4.97266708514048e-05,4.12503369411481e-07,0.0412503369411481
"Copenhagen","DK001C","65-74",18.42,25.09,0.0904670890786816,20,1.01794769452829,0.0177885361877656,0.0176312541644008,4.97266708514048,4.97266708514048e-05,8.76743572530617e-07,0.0876743572530617
"Copenhagen","DK001C","65-74",18.42,25.09,0.0904670890786816,20.5,1.03127164839981,0.0307926508341105,0.0303233861304463,4.97266708514048,4.97266708514048e-05,1.50788104120875e-06,0.150788104120875
"Copenhagen","DK001C","65-74",18.42,25.09,0.0904670890786816,21,1.0484809027614,0.0473423573278697,0.0462391853144069,4.97266708514048,4.97266708514048e-05,2.29932074856662e-06,0.229932074856662
"Copenhagen","DK001C","65-74",18.42,25.09,0.0904670890786816,21.5,1.0697635638252,0.0674376556690433,0.0652140025930091,4.97266708514048,4.97266708514048e-05,3.24287524184522e-06,0.324287524184522
"Copenhagen","DK001C","65-74",18.42,25.09,0.0904670890786816,22,1.09535503748051,0.0910785458576311,0.0870540000435335,4.97266708514048,4.97266708514048e-05,4.32890560646297e-06,0.432890560646297
"Copenhagen","DK001C","65-74",18.42,25.09,0.0904670890786816,22.5,1.12554237196594,0.118265027893633,0.111539445420135,4.97266708514048,4.97266708514048e-05,5.54648528935527e-06,0.554648528935527
"Copenhagen","DK001C","65-74",18.42,25.09,0.0904670890786816,23,1.16066962532486,0.14899710177705,0.138428388078041,4.97266708514048,4.97266708514048e-05,6.88358289044728e-06,0.688358289044728
"Copenhagen","DK001C","65-74",18.42,25.09,0.0904670890786816,23.5,1.20114439819637,0.18327476750788,0.167460630460757,4.97266708514048,4.97266708514048e-05,8.32725965149079e-06,0.832725965149079
"Copenhagen","DK001C","65-74",18.42,25.09,0.0904670890786816,24,1.24744570554368,0.221098025086125,0.198361904204749,4.97266708514048,4.97266708514048e-05,9.86387711984746e-06,0.986387711984746
"Copenhagen","DK001C","65-74",18.42,25.09,0.0904670890786816,24.5,1.30013339990155,0.262466874511785,0.230848157523125,4.97266708514048,4.97266708514048e-05,1.14793103458057e-05,1.14793103458057
"Copenhagen","DK001C","65-74",18.42,25.09,0.0904670890786816,25,1.35985940507794,0.307381315784858,0.264629860803376,4.97266708514048,4.97266708514048e-05,1.31591619856225e-05,1.31591619856225
"Copenhagen","DK001C","65-74",18.42,25.09,0.0904670890786816,25.09,1.37141418199512,0.315842457068207,0.270825682621124,4.97266708514048,4.97266708514048e-05,1.34672595778077e-05,1.34672595778077
"Copenhagen","DK001C","75-84",18.17,25.09,0.107666905286958,-14.3,1.84861160969697,0.614434876093329,0,13.4357170481233,0.000134357170481233,0,0
"Copenhagen","DK001C","75-84",18.17,25.09,0.107666905286958,-14,1.81856971455036,0.598050321003935,0,13.4357170481233,0.000134357170481233,0,0
"Copenhagen","DK001C","75-84",18.17,25.09,0.107666905286958,-13.5,1.77074657100533,0.571401249185132,0,13.4357170481233,0.000134357170481233,0,0
"Copenhagen","DK001C","75-84",18.17,25.09,0.107666905286958,-13,1.72560088224703,0.545575327362398,0,13.4357170481233,0.000134357170481233,0,0
"Copenhagen","DK001C","75-84",18.17,25.09,0.107666905286958,-12.5,1.68299097969462,0.520572555535731,0,13.4357170481233,0.000134357170481233,0,0
"Copenhagen","DK001C","75-84",18.17,25.09,0.107666905286958,-12,1.64278493658674,0.496392933705132,0,13.4357170481233,0.000134357170481233,0,0
"Copenhagen","DK001C","75-84",18.17,25.09,0.107666905286958,-11.5,1.60485989810341,0.473036461870602,0,13.4357170481233,0.000134357170481233,0,0
"Copenhagen","DK001C","75-84",18.17,25.09,0.107666905286958,-11,1.56910146467591,0.450503140032139,0,13.4357170481233,0.000134357170481233,0,0
"Copenhagen","DK001C","75-84",18.17,25.09,0.107666905286958,-10.5,1.53540312420145,0.428792968189744,0,13.4357170481233,0.000134357170481233,0,0
"Copenhagen","DK001C","75-84",18.17,25.09,0.107666905286958,-10,1.50366572925901,0.407905946343417,0,13.4357170481233,0.000134357170481233,0,0
"Copenhagen","DK001C","75-84",18.17,25.09,0.107666905286958,-9.5,1.47379701576788,0.387842074493158,0,13.4357170481233,0.000134357170481233,0,0
"Copenhagen","DK001C","75-84",18.17,25.09,0.107666905286958,-9,1.44571115984478,0.368601352638967,0,13.4357170481233,0.000134357170481233,0,0
"Copenhagen","DK001C","75-84",18.17,25.09,0.107666905286958,-8.5,1.41932836990165,0.350183780780844,0,13.4357170481233,0.000134357170481233,0,0
"Copenhagen","DK001C","75-84",18.17,25.09,0.107666905286958,-8,1.39457451128773,0.332589358918789,0,13.4357170481233,0.000134357170481233,0,0
"Copenhagen","DK001C","75-84",18.17,25.09,0.107666905286958,-7.5,1.37138076101761,0.315818087052801,0,13.4357170481233,0.000134357170481233,0,0
"Copenhagen","DK001C","75-84",18.17,25.09,0.107666905286958,-7,1.34968329034475,0.299869965182882,0,13.4357170481233,0.000134357170481233,0,0
"Copenhagen","DK001C","75-84",18.17,25.09,0.107666905286958,-6.5,1.32942297313939,0.284744993309031,0,13.4357170481233,0.000134357170481233,0,0
"Copenhagen","DK001C","75-84",18.17,25.09,0.107666905286958,-6,1.31054511821188,0.270443171431248,0,13.4357170481233,0.000134357170481233,0,0
"Copenhagen","DK001C","75-84",18.17,25.09,0.107666905286958,-5.5,1.29299922388967,0.256964499549532,0,13.4357170481233,0.000134357170481233,0,0
"Copenhagen","DK001C","75-84",18.17,25.09,0.107666905286958,-5,1.27673875330978,0.244308977663885,0,13.4357170481233,0.000134357170481233,0,0
"Copenhagen","DK001C","75-84",18.17,25.09,0.107666905286958,-4.5,1.26172092902954,0.232476605774305,0,13.4357170481233,0.000134357170481233,0,0
"Copenhagen","DK001C","75-84",18.17,25.09,0.107666905286958,-4,1.24790654568834,0.221467383880794,0,13.4357170481233,0.000134357170481233,0,0
"Copenhagen","DK001C","75-84",18.17,25.09,0.107666905286958,-3.5,1.23525979957312,0.21128131198335,0,13.4357170481233,0.000134357170481233,0,0
"Copenhagen","DK001C","75-84",18.17,25.09,0.107666905286958,-3,1.22374813405115,0.201918390081975,0,13.4357170481233,0.000134357170481233,0,0
"Copenhagen","DK001C","75-84",18.17,25.09,0.107666905286958,-2.5,1.2133420999363,0.193378618176667,0,13.4357170481233,0.000134357170481233,0,0
"Copenhagen","DK001C","75-84",18.17,25.09,0.107666905286958,-2,1.20401522995081,0.185661996267427,0,13.4357170481233,0.000134357170481233,0,0
"Copenhagen","DK001C","75-84",18.17,25.09,0.107666905286958,-1.5,1.19574392653331,0.178768524354256,0,13.4357170481233,0.000134357170481233,0,0
"Copenhagen","DK001C","75-84",18.17,25.09,0.107666905286958,-1,1.18850736232753,0.172698202437152,0,13.4357170481233,0.000134357170481233,0,0
"Copenhagen","DK001C","75-84",18.17,25.09,0.107666905286958,-0.5,1.1822873927639,0.167451030516116,0,13.4357170481233,0.000134357170481233,0,0
"Copenhagen","DK001C","75-84",18.17,25.09,0.107666905286958,0,1.17706848022049,0.163027008591148,0,13.4357170481233,0.000134357170481233,0,0
"Copenhagen","DK001C","75-84",18.17,25.09,0.107666905286958,0.5,1.17250086221398,0.159138956701766,0,13.4357170481233,0.000134357170481233,0,0
"Copenhagen","DK001C","75-84",18.17,25.09,0.107666905286958,1,1.16793087341387,0.15523369893361,0,13.4357170481233,0.000134357170481233,0,0
"Copenhagen","DK001C","75-84",18.17,25.09,0.107666905286958,1.5,1.16334258163819,0.151297397346882,0,13.4357170481233,0.000134357170481233,0,0
"Copenhagen","DK001C","75-84",18.17,25.09,0.107666905286958,2,1.15873634310356,0.147330051941582,0,13.4357170481233,0.000134357170481233,0,0
"Copenhagen","DK001C","75-84",18.17,25.09,0.107666905286958,2.5,1.15411251428978,0.143331662717711,0,13.4357170481233,0.000134357170481233,0,0
"Copenhagen","DK001C","75-84",18.17,25.09,0.107666905286958,3,1.14947145189457,0.139302229675268,0,13.4357170481233,0.000134357170481233,0,0
"Copenhagen","DK001C","75-84",18.17,25.09,0.107666905286958,3.5,1.14481351278854,0.135241752814253,0,13.4357170481233,0.000134357170481233,0,0
"Copenhagen","DK001C","75-84",18.17,25.09,0.107666905286958,4,1.14013905397023,0.131150232134666,0,13.4357170481233,0.000134357170481233,0,0
"Copenhagen","DK001C","75-84",18.17,25.09,0.107666905286958,4.5,1.1354484325214,0.127027667636508,0,13.4357170481233,0.000134357170481233,0,0
"Copenhagen","DK001C","75-84",18.17,25.09,0.107666905286958,5,1.1307420055624,0.122874059319778,0,13.4357170481233,0.000134357170481233,0,0
"Copenhagen","DK001C","75-84",18.17,25.09,0.107666905286958,5.5,1.12602013020775,0.118689407184476,0,13.4357170481233,0.000134357170481233,0,0
"Copenhagen","DK001C","75-84",18.17,25.09,0.107666905286958,6,1.12128316352199,0.114473711230603,0,13.4357170481233,0.000134357170481233,0,0
"Copenhagen","DK001C","75-84",18.17,25.09,0.107666905286958,6.5,1.11653146247552,0.110226971458158,0,13.4357170481233,0.000134357170481233,0,0
"Copenhagen","DK001C","75-84",18.17,25.09,0.107666905286958,7,1.11176538390089,0.105949187867141,0,13.4357170481233,0.000134357170481233,0,0
"Copenhagen","DK001C","75-84",18.17,25.09,0.107666905286958,7.5,1.10698528444908,0.101640360457553,0,13.4357170481233,0.000134357170481233,0,0
"Copenhagen","DK001C","75-84",18.17,25.09,0.107666905286958,8,1.10219152054613,0.0973004892293926,0,13.4357170481233,0.000134357170481233,0,0
"Copenhagen","DK001C","75-84",18.17,25.09,0.107666905286958,8.5,1.09738444834991,0.0929295741826608,0,13.4357170481233,0.000134357170481233,0,0
"Copenhagen","DK001C","75-84",18.17,25.09,0.107666905286958,9,1.09256442370718,0.0885276153173573,0,13.4357170481233,0.000134357170481233,0,0
"Copenhagen","DK001C","75-84",18.17,25.09,0.107666905286958,9.5,1.08773180211086,0.0840946126334821,0,13.4357170481233,0.000134357170481233,0,0
"Copenhagen","DK001C","75-84",18.17,25.09,0.107666905286958,10,1.0828869386575,0.0796305661310351,0,13.4357170481233,0.000134357170481233,0,0
"Copenhagen","DK001C","75-84",18.17,25.09,0.107666905286958,10.5,1.0780301880051,0.0751354758100166,0,13.4357170481233,0.000134357170481233,0,0
"Copenhagen","DK001C","75-84",18.17,25.09,0.107666905286958,11,1.07316190433106,0.0706093416704262,0,13.4357170481233,0.000134357170481233,0,0
"Copenhagen","DK001C","75-84",18.17,25.09,0.107666905286958,11.5,1.06828244129048,0.0660521637122642,0,13.4357170481233,0.000134357170481233,0,0
"Copenhagen","DK001C","75-84",18.17,25.09,0.107666905286958,12,1.06339215197472,0.0614639419355305,0,13.4357170481233,0.000134357170481233,0,0
"Copenhagen","DK001C","75-84",18.17,25.09,0.107666905286958,12.5,1.05849138887019,0.056844676340225,0,13.4357170481233,0.000134357170481233,0,0
"Copenhagen","DK001C","75-84",18.17,25.09,0.107666905286958,13,1.05358050381749,0.0521943669263479,0,13.4357170481233,0.000134357170481233,0,0
"Copenhagen","DK001C","75-84",18.17,25.09,0.107666905286958,13.5,1.04865984797075,0.0475130136938992,0,13.4357170481233,0.000134357170481233,0,0
"Copenhagen","DK001C","75-84",18.17,25.09,0.107666905286958,14,1.04372977175734,0.0428006166428786,0,13.4357170481233,0.000134357170481233,0,0
"Copenhagen","DK001C","75-84",18.17,25.09,0.107666905286958,14.5,1.03879062483785,0.0380571757732864,0,13.4357170481233,0.000134357170481233,0,0
"Copenhagen","DK001C","75-84",18.17,25.09,0.107666905286958,15,1.03377590545168,0.0332180267290106,0,13.4357170481233,0.000134357170481233,0,0
"Copenhagen","DK001C","75-84",18.17,25.09,0.107666905286958,15.5,1.02854974888904,0.0281497992755707,0,13.4357170481233,0.000134357170481233,0,0
"Copenhagen","DK001C","75-84",18.17,25.09,0.107666905286958,16,1.02311147718785,0.0228484518907094,0,13.4357170481233,0.000134357170481233,0,0
"Copenhagen","DK001C","75-84",18.17,25.09,0.107666905286958,16.5,1.01746474040995,0.0173139845744269,0,13.4357170481233,0.000134357170481233,0,0
"Copenhagen","DK001C","75-84",18.17,25.09,0.107666905286958,17,1.01161331427422,0.011546397326723,0,13.4357170481233,0.000134357170481233,0,0
"Copenhagen","DK001C","75-84",18.17,25.09,0.107666905286958,17.5,1.00556109595265,0.00554569014759809,0,13.4357170481233,0.000134357170481233,0,0
"Copenhagen","DK001C","75-84",18.17,25.09,0.107666905286958,18,1.000720921989,0.000720662249566018,0,13.4357170481233,0.000134357170481233,0,0
"Copenhagen","DK001C","75-84",18.17,25.09,0.107666905286958,18.5,0.99997696227381,-2.30379915623358e-05,0,13.4357170481233,0.000134357170481233,0,0
"Copenhagen","DK001C","75-84",18.17,25.09,0.107666905286958,19,1.00340843492388,0.00340263937499508,0.00339685695798952,13.4357170481233,0.000134357170481233,4.5639208940496e-07,0.045639208940496
"Copenhagen","DK001C","75-84",18.17,25.09,0.107666905286958,19.5,1.01105839129448,0.0109976943492384,0.0109374407944173,13.4357170481233,0.000134357170481233,1.46952359744391e-06,0.146952359744391
"Copenhagen","DK001C","75-84",18.17,25.09,0.107666905286958,20,1.02302316094298,0.0227621269311676,0.0225050241499474,13.4357170481233,0.000134357170481233,3.02371136639874e-06,0.302371136639874
"Copenhagen","DK001C","75-84",18.17,25.09,0.107666905286958,20.5,1.03945437610389,0.0386959371207823,0.0379568137004513,13.4357170481233,0.000134357170481233,5.09977008927593e-06,0.509977008927593
"Copenhagen","DK001C","75-84",18.17,25.09,0.107666905286958,21,1.06056217882691,0.0587991249180831,0.0571038455226632,13.4357170481233,0.000134357170481233,7.67231110802245e-06,0.767231110802245
"Copenhagen","DK001C","75-84",18.17,25.09,0.107666905286958,21.5,1.08661970587373,0.0830716903230696,0.07971483068594,13.4357170481233,0.000134357170481233,1.07102590963535e-05,1.07102590963535
"Copenhagen","DK001C","75-84",18.17,25.09,0.107666905286958,22,1.11796898554816,0.111513633335742,0.105520803415061,13.4357170481233,0.000134357170481233,1.4177476573754e-05,1.4177476573754
"Copenhagen","DK001C","75-84",18.17,25.09,0.107666905286958,22.5,1.15502842487937,0.1441249539561,0.13422044128097,13.4357170481233,0.000134357170481233,1.80334787112536e-05,1.80334787112536
"Copenhagen","DK001C","75-84",18.17,25.09,0.107666905286958,23,1.19830211677223,0.180905652184144,0.16548591043666,13.4357170481233,0.000134357170481233,2.22342186807804e-05,2.22342186807804
"Copenhagen","DK001C","75-84",18.17,25.09,0.107666905286958,23.5,1.24839125699278,0.221855728019874,0.198969077684126,13.4357170481233,0.000134357170481233,2.67329222908998e-05,2.67329222908998
"Copenhagen","DK001C","75-84",18.17,25.09,0.107666905286958,24,1.30600803272012,0.26697518146329,0.23430792541358,13.4357170481233,0.000134357170481233,3.14809498798963e-05,3.14809498798963
"Copenhagen","DK001C","75-84",18.17,25.09,0.107666905286958,24.5,1.37199243098596,0.316264012514391,0.271133005244519,13.4357170481233,0.000134357170481233,3.64286634087268e-05,3.64286634087268
"Copenhagen","DK001C","75-84",18.17,25.09,0.107666905286958,25,1.44733252048972,0.369722221173178,0.309073771339266,13.4357170481233,0.000134357170481233,4.15262773871073e-05,4.15262773871073
"Copenhagen","DK001C","75-84",18.17,25.09,0.107666905286958,25.09,1.46197386743109,0.379787486633696,0.315993245654142,13.4357170481233,0.000134357170481233,4.24559583772717e-05,4.24559583772717
"Copenhagen","DK001C","85+",18.17,25.09,0.126339811455479,-14.3,2.11194746780279,0.747610492335234,0,43.6610841081487,0.000436610841081487,0,0
"Copenhagen","DK001C","85+",18.17,25.09,0.126339811455479,-14,2.06817625985166,0.726667185050726,0,43.6610841081487,0.000436610841081487,0,0
"Copenhagen","DK001C","85+",18.17,25.09,0.126339811455479,-13.5,1.99897470592825,0.692634402075654,0,43.6610841081487,0.000436610841081487,0,0
"Copenhagen","DK001C","85+",18.17,25.09,0.126339811455479,-13,1.934197536328,0.6596925305578,0,43.6610841081487,0.000436610841081487,0,0
"Copenhagen","DK001C","85+",18.17,25.09,0.126339811455479,-12.5,1.87356225977303,0.627841570497163,0,43.6610841081487,0.000436610841081487,0,0
"Copenhagen","DK001C","85+",18.17,25.09,0.126339811455479,-12,1.81680873898259,0.597081521893743,0,43.6610841081487,0.000436610841081487,0,0
"Copenhagen","DK001C","85+",18.17,25.09,0.126339811455479,-11.5,1.76369737147759,0.567412384747541,0,43.6610841081487,0.000436610841081487,0,0
"Copenhagen","DK001C","85+",18.17,25.09,0.126339811455479,-11,1.71400743686154,0.538834159058557,0,43.6610841081487,0.000436610841081487,0,0
"Copenhagen","DK001C","85+",18.17,25.09,0.126339811455479,-10.5,1.66753559486683,0.51134684482679,0,43.6610841081487,0.000436610841081487,0,0
"Copenhagen","DK001C","85+",18.17,25.09,0.126339811455479,-10,1.62409452005843,0.48495044205224,0,43.6610841081487,0.000436610841081487,0,0
"Copenhagen","DK001C","85+",18.17,25.09,0.126339811455479,-9.5,1.58351166052261,0.459644950734908,0,43.6610841081487,0.000436610841081487,0,0
"Copenhagen","DK001C","85+",18.17,25.09,0.126339811455479,-9,1.5456281091534,0.435430370874794,0,43.6610841081487,0.000436610841081487,0,0
"Copenhagen","DK001C","85+",18.17,25.09,0.126339811455479,-8.5,1.51029757730213,0.412306702471897,0,43.6610841081487,0.000436610841081487,0,0
"Copenhagen","DK001C","85+",18.17,25.09,0.126339811455479,-8,1.47738546158936,0.390273945526217,0,43.6610841081487,0.000436610841081487,0,0
"Copenhagen","DK001C","85+",18.17,25.09,0.126339811455479,-7.5,1.4467679956072,0.369332100037755,0,43.6610841081487,0.000436610841081487,0,0
"Copenhagen","DK001C","85+",18.17,25.09,0.126339811455479,-7,1.41833147907544,0.34948116600651,0,43.6610841081487,0.000436610841081487,0,0
"Copenhagen","DK001C","85+",18.17,25.09,0.126339811455479,-6.5,1.39197157776637,0.330721143432483,0,43.6610841081487,0.000436610841081487,0,0
"Copenhagen","DK001C","85+",18.17,25.09,0.126339811455479,-6,1.36759268819082,0.313052032315673,0,43.6610841081487,0.000436610841081487,0,0
"Copenhagen","DK001C","85+",18.17,25.09,0.126339811455479,-5.5,1.34510736164979,0.296473832656081,0,43.6610841081487,0.000436610841081487,0,0
"Copenhagen","DK001C","85+",18.17,25.09,0.126339811455479,-5,1.32443578280837,0.280986544453706,0,43.6610841081487,0.000436610841081487,0,0
"Copenhagen","DK001C","85+",18.17,25.09,0.126339811455479,-4.5,1.30550529844974,0.266590167708549,0,43.6610841081487,0.000436610841081487,0,0
"Copenhagen","DK001C","85+",18.17,25.09,0.126339811455479,-4,1.28824999252095,0.253284702420609,0,43.6610841081487,0.000436610841081487,0,0
"Copenhagen","DK001C","85+",18.17,25.09,0.126339811455479,-3.5,1.27261030399546,0.241070148589887,0,43.6610841081487,0.000436610841081487,0,0
"Copenhagen","DK001C","85+",18.17,25.09,0.126339811455479,-3,1.25853268445365,0.229946506216382,0,43.6610841081487,0.000436610841081487,0,0
"Copenhagen","DK001C","85+",18.17,25.09,0.126339811455479,-2.5,1.2459692926272,0.219913775300095,0,43.6610841081487,0.000436610841081487,0,0
"Copenhagen","DK001C","85+",18.17,25.09,0.126339811455479,-2,1.2348777234686,0.210971955841025,0,43.6610841081487,0.000436610841081487,0,0
"Copenhagen","DK001C","85+",18.17,25.09,0.126339811455479,-1.5,1.22522076959821,0.203121047839172,0,43.6610841081487,0.000436610841081487,0,0
"Copenhagen","DK001C","85+",18.17,25.09,0.126339811455479,-1,1.2169662132499,0.196361051294537,0,43.6610841081487,0.000436610841081487,0,0
"Copenhagen","DK001C","85+",18.17,25.09,0.126339811455479,-0.5,1.21008664708636,0.19069196620712,0,43.6610841081487,0.000436610841081487,0,0
"Copenhagen","DK001C","85+",18.17,25.09,0.126339811455479,0,1.20455932248852,0.18611379257692,0,43.6610841081487,0.000436610841081487,0,0
"Copenhagen","DK001C","85+",18.17,25.09,0.126339811455479,0.5,1.19989528460865,0.182234290160207,0,43.6610841081487,0.000436610841081487,0,0
"Copenhagen","DK001C","85+",18.17,25.09,0.126339811455479,1,1.19518132743609,0.178297912312604,0,43.6610841081487,0.000436610841081487,0,0
"Copenhagen","DK001C","85+",18.17,25.09,0.126339811455479,1.5,1.19039568314655,0.174285758701129,0,43.6610841081487,0.000436610841081487,0,0
"Copenhagen","DK001C","85+",18.17,25.09,0.126339811455479,2,1.18553936257579,0.170197829325783,0,43.6610841081487,0.000436610841081487,0,0
"Copenhagen","DK001C","85+",18.17,25.09,0.126339811455479,2.5,1.18061338850742,0.166034124186564,0,43.6610841081487,0.000436610841081487,0,0
"Copenhagen","DK001C","85+",18.17,25.09,0.126339811455479,3,1.17561879531488,0.161794643283473,0,43.6610841081487,0.000436610841081487,0,0
"Copenhagen","DK001C","85+",18.17,25.09,0.126339811455479,3.5,1.17055662860032,0.15747938661651,0,43.6610841081487,0.000436610841081487,0,0
"Copenhagen","DK001C","85+",18.17,25.09,0.126339811455479,4,1.16542794483097,0.153088354185676,0,43.6610841081487,0.000436610841081487,0,0
"Copenhagen","DK001C","85+",18.17,25.09,0.126339811455479,4.5,1.16023381097277,0.14862154599097,0,43.6610841081487,0.000436610841081487,0,0
"Copenhagen","DK001C","85+",18.17,25.09,0.126339811455479,5,1.15497530412175,0.144078962032391,0,43.6610841081487,0.000436610841081487,0,0
"Copenhagen","DK001C","85+",18.17,25.09,0.126339811455479,5.5,1.14965351113311,0.139460602309941,0,43.6610841081487,0.000436610841081487,0,0
"Copenhagen","DK001C","85+",18.17,25.09,0.126339811455479,6,1.14426952824838,0.134766466823619,0,43.6610841081487,0.000436610841081487,0,0
"Copenhagen","DK001C","85+",18.17,25.09,0.126339811455479,6.5,1.13882446072063,0.129996555573425,0,43.6610841081487,0.000436610841081487,0,0
"Copenhagen","DK001C","85+",18.17,25.09,0.126339811455479,7,1.13331942243811,0.125150868559359,0,43.6610841081487,0.000436610841081487,0,0
"Copenhagen","DK001C","85+",18.17,25.09,0.126339811455479,7.5,1.12775553554633,0.120229405781421,0,43.6610841081487,0.000436610841081487,0,0
"Copenhagen","DK001C","85+",18.17,25.09,0.126339811455479,8,1.12213393006887,0.115232167239611,0,43.6610841081487,0.000436610841081487,0,0
"Copenhagen","DK001C","85+",18.17,25.09,0.126339811455479,8.5,1.11645574352709,0.110159152933929,0,43.6610841081487,0.000436610841081487,0,0
"Copenhagen","DK001C","85+",18.17,25.09,0.126339811455479,9,1.11072212055876,0.105010362864376,0,43.6610841081487,0.000436610841081487,0,0
"Copenhagen","DK001C","85+",18.17,25.09,0.126339811455479,9.5,1.10493421253611,0.0997857970309503,0,43.6610841081487,0.000436610841081487,0,0
"Copenhagen","DK001C","85+",18.17,25.09,0.126339811455479,10,1.0990931771831,0.0944854554336527,0,43.6610841081487,0.000436610841081487,0,0
"Copenhagen","DK001C","85+",18.17,25.09,0.126339811455479,10.5,1.09320017819239,0.0891093380724833,0,43.6610841081487,0.000436610841081487,0,0
"Copenhagen","DK001C","85+",18.17,25.09,0.126339811455479,11,1.087256384842,0.083657444947442,0,43.6610841081487,0.000436610841081487,0,0
"Copenhagen","DK001C","85+",18.17,25.09,0.126339811455479,11.5,1.08126297161195,0.0781297760585289,0,43.6610841081487,0.000436610841081487,0,0
"Copenhagen","DK001C","85+",18.17,25.09,0.126339811455479,12,1.07522111780093,0.0725263314057437,0,43.6610841081487,0.000436610841081487,0,0
"Copenhagen","DK001C","85+",18.17,25.09,0.126339811455479,12.5,1.06913200714335,0.0668471109890866,0,43.6610841081487,0.000436610841081487,0,0
"Copenhagen","DK001C","85+",18.17,25.09,0.126339811455479,13,1.06299682742675,0.0610921148085577,0,43.6610841081487,0.000436610841081487,0,0
"Copenhagen","DK001C","85+",18.17,25.09,0.126339811455479,13.5,1.05681677010989,0.0552613428641568,0,43.6610841081487,0.000436610841081487,0,0
"Copenhagen","DK001C","85+",18.17,25.09,0.126339811455479,14,1.05059302994156,0.0493547951558839,0,43.6610841081487,0.000436610841081487,0,0
"Copenhagen","DK001C","85+",18.17,25.09,0.126339811455479,14.5,1.04432680458046,0.0433724716837393,0,43.6610841081487,0.000436610841081487,0,0
"Copenhagen","DK001C","85+",18.17,25.09,0.126339811455479,15,1.03801472841357,0.037309973866119,0,43.6610841081487,0.000436610841081487,0,0
"Copenhagen","DK001C","85+",18.17,25.09,0.126339811455479,15.5,1.0316487283677,0.0311582296284658,0,43.6610841081487,0.000436610841081487,0,0
"Copenhagen","DK001C","85+",18.17,25.09,0.126339811455479,16,1.02522998605367,0.0249169640594293,0,43.6610841081487,0.000436610841081487,0,0
"Copenhagen","DK001C","85+",18.17,25.09,0.126339811455479,16.5,1.01875997522715,0.0185861771590097,0,43.6610841081487,0.000436610841081487,0,0
"Copenhagen","DK001C","85+",18.17,25.09,0.126339811455479,17,1.01224017413398,0.0121658689272066,0,43.6610841081487,0.000436610841081487,0,0
"Copenhagen","DK001C","85+",18.17,25.09,0.126339811455479,17.5,1.00567206495421,0.00565603936402059,0,43.6610841081487,0.000436610841081487,0,0
"Copenhagen","DK001C","85+",18.17,25.09,0.126339811455479,18,1.00063644587688,0.000636243431096806,0,43.6610841081487,0.000436610841081487,0,0
"Copenhagen","DK001C","85+",18.17,25.09,0.126339811455479,18.5,1.00036437960696,0.000364313236829172,0.000364246882820125,43.6610841081487,0.000436610841081487,1.59034137869405e-07,0.0159034137869405
"Copenhagen","DK001C","85+",18.17,25.09,0.126339811455479,19,1.00495118778799,0.00493897096632079,0.0049267943041927,43.6610841081487,0.000436610841081487,2.15109180498905e-06,0.215109180498905
"Copenhagen","DK001C","85+",18.17,25.09,0.126339811455479,19.5,1.01446381985787,0.0143602166195714,0.0142576004927384,43.6610841081487,0.000436610841081487,6.22502294293831e-06,0.622502294293831
"Copenhagen","DK001C","85+",18.17,25.09,0.126339811455479,20,1.02904177139948,0.0286280501965814,0.0282221501659575,43.6610841081487,0.000436610841081487,1.23220967210867e-05,1.23220967210867
"Copenhagen","DK001C","85+",18.17,25.09,0.126339811455479,20.5,1.04890049897436,0.0477424716973504,0.0466207223870874,43.6610841081487,0.000436610841081487,2.03551128132527e-05,2.03551128132527
"Copenhagen","DK001C","85+",18.17,25.09,0.126339811455479,21,1.07433673570586,0.0717034811218785,0.0691931432997264,43.6610841081487,0.000436610841081487,3.02104764931654e-05,3.02104764931654
"Copenhagen","DK001C","85+",18.17,25.09,0.126339811455479,21.5,1.10573589149831,0.100511078470166,0.0956249067352174,43.6610841081487,0.000436610841081487,4.1750870958002e-05,4.1750870958002
"Copenhagen","DK001C","85+",18.17,25.09,0.126339811455479,22,1.14358179663593,0.134165263742212,0.125554461480854,43.6610841081487,0.000436610841081487,5.48184390286889e-05,5.48184390286889
"Copenhagen","DK001C","85+",18.17,25.09,0.126339811455479,22.5,1.18846913400982,0.172666036938018,0.158581429350156,43.6610841081487,0.000436610841081487,6.92383712484759e-05,6.92383712484759
"Copenhagen","DK001C","85+",18.17,25.09,0.126339811455479,23,1.24111900747321,0.216013398057583,0.194275493342174,43.6610841081487,0.000436610841081487,8.48227865496472e-05,8.48227865496472
"Copenhagen","DK001C","85+",18.17,25.09,0.126339811455479,23.5,1.30239821680042,0.264207347100907,0.232185680922781,43.6610841081487,0.000436610841081487,0.000101374785434773,10.1374785434773
"Copenhagen","DK001C","85+",18.17,25.09,0.126339811455479,24,1.37334295957494,0.31724788406799,0.271849764089878,43.6610841081487,0.000436610841081487,0.000118692554147085,11.8692554147085
"Copenhagen","DK001C","85+",18.17,25.09,0.126339811455479,24.5,1.45518786475516,0.375135008958832,0.312803505155501,43.6610841081487,0.000436610841081487,0.00013657340147918,13.657340147918
"Copenhagen","DK001C","85+",18.17,25.09,0.126339811455479,25,1.54940149138772,0.437868721773433,0.354589494357367,43.6610841081487,0.000436610841081487,0.000154817617370029,15.4817617370029
"Copenhagen","DK001C","85+",18.17,25.09,0.126339811455479,25.09,1.56780334717047,0.449675497717565,0.362164903012375,43.6610841081487,0.000436610841081487,0.000158125122914428,15.8125122914428
