"URAU_CODE","0.0%","0.1%","0.2%","0.3%","0.4%","0.5%","0.6%","0.7%","0.8%","0.9%","1.0%","2.0%","3.0%","4.0%","5.0%","6.0%","7.0%","8.0%","9.0%","10.0%","11.0%","12.0%","13.0%","14.0%","15.0%","16.0%","17.0%","18.0%","19.0%","20.0%","21.0%","22.0%","23.0%","24.0%","25.0%","26.0%","27.0%","28.0%","29.0%","30.0%","31.0%","32.0%","33.0%","34.0%","35.0%","36.0%","37.0%","38.0%","39.0%","40.0%","41.0%","42.0%","43.0%","44.0%","45.0%","46.0%","47.0%","48.0%","49.0%","50.0%","51.0%","52.0%","53.0%","54.0%","55.0%","56.0%","57.0%","58.0%","59.0%","60.0%","61.0%","62.0%","63.0%","64.0%","65.0%","66.0%","67.0%","68.0%","69.0%","70.0%","71.0%","72.0%","73.0%","74.0%","75.0%","76.0%","77.0%","78.0%","79.0%","80.0%","81.0%","82.0%","83.0%","84.0%","85.0%","86.0%","87.0%","88.0%","89.0%","90.0%","91.0%","92.0%","93.0%","94.0%","95.0%","96.0%","97.0%","98.0%","99.0%","99.1%","99.2%","99.3%","99.4%","99.5%","99.6%","99.7%","99.8%","99.9%","100.0%"
"AT001C",-18.51,-12.40572,-11.16936,-10.49396,-10.10112,-9.6722,-9.26792,-8.41308,-8.06352,-7.70188,-7.5188,-5.6376,-4.52,-3.74,-3.07,-2.45,-1.9408,-1.52,-1.0996,-0.673999999999999,-0.32,0.04,0.41,0.73,1.03,1.3396,1.65,1.95,2.21,2.5,2.7852,3.0632,3.32,3.5844,3.83,4.07,4.3412,4.5868,4.86,5.128,5.37,5.68,5.95,6.22,6.5,6.75,7.03,7.3528,7.63,7.87,8.18,8.43,8.75,9.05,9.342,9.64,9.95,10.23,10.53,10.8,11.12,11.43,11.73,11.9724,12.27,12.54,12.8192,13.11,13.4,13.65,13.91,14.17,14.4128,14.7,14.954,15.22,15.42,15.7,15.9464,16.162,16.39,16.64,16.86,17.06,17.31,17.55,17.8,18.07,18.3,18.55,18.7736,19.02,19.3,19.5404,19.84,20.14,20.4,20.72,21.0284,21.3,21.59,21.88,22.2608,22.69,23.242,23.71,24.41,25.1176,26.34,26.47792,26.64704,26.90616,26.99,27.18,27.38176,27.7832,28.21,28.5439600000002,30.36
"AT002C",-16.29,-13.55,-12.52088,-11.40924,-10.84176,-10.5966,-10.37,-10.06388,-9.6776,-9.37396,-9.0244,-6.9464,-5.6,-4.73,-4.012,-3.44,-2.9108,-2.4504,-1.9896,-1.59,-1.2284,-0.9028,-0.5872,-0.281599999999999,-0.0560000000000014,0.18,0.44,0.65,0.87,1.09,1.31,1.52,1.78,2.02,2.27,2.5056,2.79,3.03,3.2824,3.528,3.8036,4.09,4.38,4.6904,5.03,5.37,5.66,5.94,6.24,6.48,6.83,7.12,7.4508,7.77,8.112,8.4,8.66,8.95,9.2544,9.53,9.85,10.16,10.44,10.7724,11.04,11.32,11.56,11.82,12.1,12.36,12.6,12.87,13.08,13.3,13.554,13.78,14.05,14.27,14.5464,14.8,15,15.25,15.47,15.71,15.93,16.17,16.41,16.61,16.84,17.058,17.34,17.6,17.81,18.07,18.3,18.5616,18.81,19.01,19.27,19.5,19.76,20.09,20.42,20.7928,21.18,21.68,22.2532,22.86,23.8532,24.00396,24.1146400000001,24.31,24.41,24.5444,24.77176,25.0384799999999,25.66616,26.0344000000002,28.46
"AT003C",-14.88,-12.58156,-11.06352,-10.34584,-9.87176,-9.4144,-8.7032,-8.26308,-8.08,-7.72584,-7.4332,-5.7888,-4.7164,-3.9252,-3.23,-2.64,-2.18,-1.58,-1.12,-0.773999999999999,-0.41,-0.1,0.18,0.44,0.74,0.93,1.21,1.43,1.68,1.96,2.14,2.3632,2.63,2.84,3.1,3.3456,3.6,3.78,4.0424,4.29,4.5736,4.79,5.05,5.33,5.58,5.8016,6.1,6.36,6.6684,6.94,7.2296,7.51,7.78,8.06640000000001,8.342,8.67,8.94,9.2788,9.59,9.91,10.19,10.51,10.81,11.06,11.33,11.6,11.85,12.1,12.36,12.61,12.83,13.08,13.3028,13.56,13.81,14.0396,14.29,14.5208,14.72,14.94,15.18,15.4,15.63,15.86,16.09,16.33,16.6,16.8,17.05,17.31,17.54,17.8,18.0148,18.3,18.57,18.85,19.1772,19.44,19.73,20.04,20.38,20.6552,20.97,21.3364,21.84,22.27,22.86,23.6476,24.84,24.96792,25.14,25.36,25.48528,25.7066,25.95176,26.23132,26.46352,27.03,27.81
"AT004C",-17.78,-14.1544,-12.96,-12.51,-12.04056,-11.6544,-11.24,-11.03924,-10.70408,-10.34356,-10.0632,-8.24,-6.8532,-5.89,-5.082,-4.4864,-3.93,-3.36,-2.79,-2.334,-1.9568,-1.66,-1.31,-1.03,-0.71,-0.47,-0.224799999999998,0.05,0.28,0.48,0.7,0.933200000000002,1.14,1.3744,1.58,1.77,1.99,2.1768,2.39,2.618,2.8236,3.06,3.3048,3.6,3.88,4.1416,4.37,4.6628,5,5.28,5.55,5.89,6.2208,6.5264,6.81,7.1,7.44,7.8188,8.0944,8.4,8.6856,9.0312,9.4,9.72240000000001,10.02,10.31,10.58,10.83,11.13,11.37,11.62,11.8172,12.08,12.3484,12.59,12.82,13.05,13.27,13.47,13.682,13.8876,14.1432,14.4,14.59,14.81,15.02,15.21,15.43,15.72,15.95,16.19,16.47,16.7,16.96,17.246,17.52,17.77,18.01,18.2884,18.6,18.8896,19.14,19.44,19.8,20.22,20.65,21.27,21.88,23.0844,23.18,23.24352,23.43308,23.64264,23.7644,23.89352,24.19132,24.54088,24.97088,26.27
"AT005C",-22.99,-18.35276,-17.29528,-16.54584,-16.14352,-15.4798,-14.88904,-14.59308,-14.35,-14.02,-13.7744,-11.86,-10.67,-9.8,-9.17,-8.46,-7.92,-7.39,-6.94,-6.514,-6.1584,-5.76,-5.34,-5.0016,-4.696,-4.35,-4,-3.6192,-3.2936,-3,-2.6824,-2.36,-2.11,-1.86,-1.58,-1.3444,-1.1488,-0.93,-0.65,-0.42,-0.2,0.01,0.25,0.49,0.77,0.97,1.2,1.43,1.67,1.93,2.17,2.44,2.72,2.9964,3.252,3.5176,3.75,4.0388,4.29,4.55,4.82,5.13,5.37,5.71240000000001,5.97,6.25,6.53,6.76,7.02,7.28599999999999,7.58,7.82,8.08,8.36,8.59,8.83,9.0852,9.37,9.59,9.82,10.03,10.27,10.51,10.74,10.96,11.18,11.4312,11.6668,11.9024,12.188,12.4236,12.7092,12.99,13.3004,13.546,13.79,14.02,14.3,14.5884,14.83,15.1,15.4,15.7208,16.12,16.52,16.89,17.3432,18.0788,19.0544,19.21,19.36704,19.55616,19.71264,19.8222,19.95176,20.21132,20.43176,20.9617600000001,22.6
"AT006C",-16.74,-13.35484,-12.17264,-11.68,-11.0988,-10.7422,-10.30056,-9.97232,-9.47352,-9.22396,-9.0144,-7.27,-5.9932,-5.1076,-4.412,-3.82,-3.3,-2.8252,-2.3396,-1.88,-1.46,-1.0928,-0.7372,-0.44,-0.156000000000001,0.0796000000000004,0.32,0.6,0.806399999999999,1.03,1.27,1.5,1.78,1.98,2.19,2.4,2.63,2.87,3.12,3.34,3.62,3.88,4.1348,4.43,4.71,5.0716,5.41,5.72,6.02,6.344,6.69,7.01519999999999,7.3,7.56,7.88,8.19,8.48,8.82,9.0744,9.35,9.64560000000001,9.92,10.18,10.5,10.77,11.06,11.2692,11.55,11.82,12.08,12.29,12.56,12.8128,13.0784,13.32,13.54,13.77,14,14.24,14.46,14.73,14.99,15.2,15.42,15.65,15.86,16.1212,16.39,16.6,16.788,17.03,17.25,17.51,17.78,18.04,18.27,18.5172,18.78,18.98,19.244,19.57,19.9,20.22,20.6064,20.96,21.45,21.96,22.5876,23.5588,23.67396,23.76352,24.00232,24.10528,24.3088,24.51056,24.82264,25.13088,25.6230800000001,27.75
"BE001C",-12.05,-6.92352,-6.09816,-5.3664,-4.87232,-4.5622,-4.20584,-3.96156,-3.62352,-3.53396,-3.3064,-2.0788,-1.1732,-0.4776,0.04,0.55,1.0192,1.4548,1.81,2.12,2.46,2.8272,3.2,3.5,3.83,4.0996,4.3452,4.56,4.76,4.982,5.19,5.42,5.61,5.84,5.99,6.18,6.38,6.57,6.76,6.97,7.17,7.33,7.52,7.69,7.89,8.06,8.24,8.43,8.6184,8.82,8.98,9.19,9.3708,9.57,9.752,9.96,10.1632,10.37,10.55,10.79,11,11.24,11.4268,11.65,11.89,12.11,12.28,12.49,12.69,12.89,13.0816,13.28,13.4728,13.65,13.8,13.99,14.16,14.3508,14.54,14.72,14.89,15.06,15.24,15.39,15.57,15.73,15.9212,16.09,16.27,16.48,16.66,16.84,17.0548,17.24,17.47,17.68,17.88,18.1328,18.38,18.644,18.95,19.3052,19.65,19.9964,20.452,20.9576,21.5332,22.4,23.7188,23.85792,24.03352,24.11924,24.35528,24.6388,24.86176,25.18396,25.73,26.5540800000005,29.08
"BE002C",-11.48,-7.03352,-6.1644,-5.55132,-4.55584,-4.2744,-3.8732,-3.63308,-3.44352,-3.23,-3.0464,-1.7452,-0.9232,-0.22,0.32,0.8336,1.35,1.7648,2.1304,2.516,2.85,3.21,3.5328,3.87,4.19,4.4196,4.67,4.89,5.1,5.3,5.52,5.73,5.93,6.1,6.27,6.4556,6.65,6.84,7.03,7.2,7.36,7.54,7.73,7.91,8.11,8.25,8.4672,8.65,8.8284,9.01,9.17,9.36,9.57,9.74,9.95,10.15,10.35,10.55,10.74,10.97,11.2156,11.47,11.66,11.9,12.118,12.34,12.55,12.74,12.94,13.12,13.31,13.51,13.7,13.8884,14.12,14.27,14.45,14.63,14.8064,14.98,15.1276,15.31,15.49,15.64,15.82,15.98,16.16,16.32,16.47,16.67,16.85,17.07,17.27,17.46,17.65,17.86,18.05,18.3228,18.5684,18.82,19.0996,19.41,19.8008,20.08,20.512,21,21.67,22.4588,23.9444,24.12792,24.19352,24.3677199999999,24.58264,24.8122,25.09,25.42528,25.9944,26.38132,29.25
"BE003C",-11.1,-6.45528,-5.92528,-5.21528,-4.48528,-4.0832,-3.74792,-3.43924,-3.17408,-2.97396,-2.85,-1.6388,-0.7632,-0.08,0.458000000000001,0.98,1.5592,1.96,2.3404,2.67,2.98,3.3272,3.66,4.03,4.3,4.55,4.79,5.01,5.22,5.4,5.63,5.85,6.04,6.22,6.41,6.57,6.75,6.94,7.11,7.27,7.4536,7.62,7.81,8.03,8.2,8.35,8.54,8.7428,8.9484,9.09,9.25,9.45,9.6308,9.83,10.02,10.18,10.36,10.57,10.7744,11.02,11.2756,11.4612,11.69,11.89,12.09,12.32,12.51,12.7,12.88,13.09,13.29,13.48,13.7028,13.86,14.054,14.2096,14.3752,14.57,14.74,14.91,15.05,15.22,15.3888,15.58,15.75,15.9,16.08,16.24,16.42,16.58,16.78,16.98,17.16,17.35,17.526,17.73,17.92,18.14,18.39,18.66,18.94,19.25,19.5608,19.91,20.34,20.82,21.4032,22.26,23.68,23.85584,24,24.15924,24.38,24.67,24.85528,25.23396,25.62232,26.4130800000001,29.13
"BE004C",-13.47,-7.57176,-6.69264,-5.65132,-5.42,-5.0432,-4.75056,-4.43308,-4.28704,-4.06396,-3.87,-2.5588,-1.71,-0.93,-0.393999999999999,0.1,0.56,0.93,1.24,1.6,1.96,2.28,2.6,2.92,3.19,3.5196,3.77,3.98,4.18,4.402,4.62,4.84,5.04,5.23,5.43,5.61,5.82,6,6.23,6.44,6.62,6.8,6.96,7.15,7.34,7.51,7.7,7.8728,8.07,8.27,8.49,8.68,8.86,9.06,9.26,9.46,9.6632,9.88,10.09,10.27,10.46,10.67,10.9168,11.15,11.34,11.55,11.7692,11.99,12.18,12.39,12.56,12.73,12.93,13.15,13.33,13.51,13.68,13.86,14.05,14.22,14.41,14.57,14.77,14.94,15.11,15.27,15.44,15.62,15.79,16.02,16.19,16.4,16.61,16.83,17.05,17.26,17.51,17.75,17.99,18.26,18.6,18.9552,19.29,19.72,20.184,20.69,21.27,22.0688,23.4744,23.61188,23.78,23.94616,24.26,24.4366,24.68,25.00792,25.66088,26.66132,28.76
"BE005C",-14.53,-8.51308,-7.88704,-7.13,-6.55176,-6.08,-5.36264,-5.06,-4.9,-4.58396,-4.36,-3,-2.1564,-1.3076,-0.73,-0.27,0.19,0.5548,0.8804,1.286,1.6,1.94,2.3028,2.6,2.854,3.18,3.43,3.68,3.91,4.112,4.3552,4.5532,4.78,4.99,5.16,5.3756,5.5812,5.82,6.04,6.25,6.42,6.59,6.8,6.99,7.15,7.33,7.51,7.73,7.94,8.12400000000001,8.32,8.52519999999999,8.74,8.94,9.15,9.3776,9.5832,9.78,9.97,10.16,10.38,10.59,10.81,11.03,11.28,11.49,11.71,11.94,12.17,12.35,12.53,12.7072,12.91,13.09,13.29,13.5,13.6752,13.8508,14.04,14.24,14.43,14.6,14.78,14.95,15.13,15.29,15.49,15.68,15.88,16.08,16.28,16.49,16.7,16.9004,17.16,17.41,17.65,17.8828,18.12,18.43,18.71,19.06,19.47,19.88,20.33,20.8676,21.4232,22.2388,23.7544,23.92396,24.11352,24.31,24.43,24.6122,24.90528,25.45,26.02616,27.1745200000006,29.18
"BE006C",-9.84,-5.62264,-4.66176,-3.93924,-3.62176,-3.3066,-2.77,-2.50616,-2.25352,-2,-1.79,-0.5976,0.22,0.83,1.47,2.07,2.4892,2.91,3.2604,3.66,3.96,4.26,4.52,4.78,5.05,5.28,5.51,5.68,5.85,6.04,6.21,6.38,6.54,6.71,6.89,7.05,7.21,7.35,7.51,7.66,7.83,7.9992,8.15,8.29,8.44,8.59,8.75,8.91,9.07,9.23,9.38,9.56,9.74,9.93,10.09,10.28,10.45,10.67,10.87,11.03,11.25,11.4712,11.6868,11.91,12.11,12.35,12.56,12.78,12.97,13.16,13.35,13.54,13.72,13.8884,14.054,14.23,14.43,14.6,14.78,14.93,15.08,15.22,15.38,15.54,15.69,15.84,15.99,16.15,16.31,16.47,16.62,16.77,16.94,17.1,17.29,17.48,17.64,17.81,18.02,18.24,18.46,18.7352,19.0108,19.32,19.62,20.0376,20.54,21.4276,22.6844,22.82188,23.01352,23.19232,23.42264,23.68,23.91,24.18132,24.43704,25.3170400000003,28.35
"BE007C",-13.75,-8.13396,-7.1044,-6.14264,-5.87352,-5.501,-5.12904,-4.93924,-4.53168,-4.31792,-4.21,-2.8052,-1.9432,-1.14,-0.56,-0.06,0.37,0.77,1.07,1.44,1.8,2.13,2.48,2.78,3.064,3.36,3.62,3.84,4.07,4.3,4.4876,4.71,4.92,5.1144,5.31,5.49,5.7,5.91,6.13,6.34,6.5136,6.7,6.88,7.05,7.25,7.42,7.62,7.79,8,8.184,8.4,8.61519999999999,8.78,8.98,9.19,9.4,9.6,9.8,10.01,10.21,10.41,10.62,10.86,11.08,11.29,11.52,11.71,11.92,12.15,12.35,12.52,12.68,12.8828,13.0984,13.29,13.47,13.63,13.83,14.04,14.202,14.3876,14.55,14.75,14.91,15.08,15.25,15.42,15.61,15.82,16.02,16.2,16.38,16.6,16.83,17.06,17.29,17.5,17.75,18.01,18.294,18.6,18.9752,19.34,19.7,20.2,20.73,21.3132,22.09,23.5288,23.63792,23.85352,24.04308,24.27792,24.5122,24.65528,25.1066,25.75792,26.5639600000002,28.44
"BE008C",-12.46,-7.2166,-6.6432,-5.51848,-5.09176,-4.6866,-4.29904,-4.05616,-3.73704,-3.5398,-3.3832,-2.08,-1.24,-0.5376,-0.03,0.4236,0.949200000000001,1.36,1.71,2.06,2.44,2.8072,3.1628,3.5084,3.8,4.07,4.3152,4.54,4.77,4.98,5.18,5.3932,5.64,5.82,6,6.19,6.39,6.57,6.8124,7,7.18,7.36,7.54,7.73,7.91,8.09,8.2572,8.47,8.65,8.84,9.03,9.21,9.41,9.5864,9.79,10.02,10.23,10.42,10.63,10.82,11.03,11.29,11.5,11.7124,11.97,12.19,12.37,12.57,12.7404,12.986,13.15,13.36,13.54,13.72,13.9,14.09,14.27,14.48,14.64,14.82,15,15.16,15.34,15.52,15.69,15.86,16.0212,16.21,16.38,16.588,16.8,16.9992,17.19,17.39,17.6,17.8,18.02,18.29,18.5284,18.81,19.1,19.4652,19.81,20.1628,20.692,21.18,21.71,22.5488,23.88,24.04,24.16056,24.39,24.61264,24.92,25.12176,25.3966,25.92264,26.8579200000003,29.08
"BE009C",-12.2,-6.75264,-5.9744,-5.01264,-4.6788,-4.1422,-3.89264,-3.66232,-3.49352,-3.33792,-3.1844,-2.0088,-1.1732,-0.46,0.09,0.61,1.03,1.44,1.79,2.086,2.4716,2.8272,3.1328,3.4784,3.764,4.01,4.31,4.53,4.72,4.96,5.13,5.35,5.59,5.75,5.95,6.14,6.33,6.52,6.71,6.938,7.12,7.3192,7.47,7.67,7.82,8.0116,8.19,8.36,8.55,8.75,8.95,9.13,9.33,9.52,9.7,9.9176,10.12,10.29,10.49,10.72,10.93,11.15,11.35,11.55,11.79,11.98,12.19,12.41,12.6,12.79,13.01,13.18,13.36,13.5784,13.75,13.89,14.08,14.2608,14.45,14.64,14.81,15,15.14,15.32,15.49,15.65,15.8212,16.0168,16.18,16.37,16.56,16.76,16.95,17.16,17.35,17.6,17.84,18.07,18.28,18.56,18.9096,19.25,19.5708,19.96,20.422,20.9376,21.5332,22.3688,23.6644,23.76188,24.01,24.26,24.51,24.6822,24.83528,25.2466,25.78616,26.96,29.67
"BE010C",-10.68,-5.79176,-5.06352,-4.4466,-4.06176,-3.6966,-3.31528,-3.0008,-2.80352,-2.65188,-2.5044,-1.3988,-0.5632,0.1248,0.67,1.23,1.7092,2.13,2.53,2.826,3.14,3.4772,3.81,4.1384,4.404,4.63,4.9152,5.11,5.32,5.53,5.73,5.9232,6.12,6.3,6.53,6.68,6.8412,7.02,7.21,7.35,7.53,7.74,7.92,8.0904,8.256,8.4316,8.61,8.79,9,9.17,9.35,9.54,9.71,9.89,10.072,10.23,10.41,10.6,10.81,11.06,11.2556,11.45,11.67,11.86,12.07,12.28,12.47,12.68,12.85,13.04,13.25,13.4572,13.65,13.83,13.97,14.14,14.3352,14.51,14.68,14.83,14.99,15.16,15.34,15.51,15.67,15.8356,16,16.19,16.37,16.52,16.69,16.87,17.0348,17.23,17.41,17.61,17.8,18.03,18.26,18.49,18.7896,19.12,19.41,19.7864,20.13,20.62,21.2732,22.0688,23.4544,23.57188,23.78352,23.94308,24.11264,24.4566,24.67176,25.02132,25.41264,26.18088,29.3
"BE011C",-8.75,-4.70176,-3.8388,-3.12792,-2.76528,-2.3722,-2.00056,-1.74616,-1.48352,-1.28792,-1.0788,0.0312,0.87,1.49,2.048,2.62,3.05,3.41,3.72,4.096,4.43,4.71,4.96,5.22,5.44,5.62,5.82,6.0108,6.18,6.36,6.52,6.68,6.83,6.9944,7.13,7.29,7.46,7.6,7.75,7.888,8.03,8.19,8.33,8.47,8.6,8.75,8.89,9.0128,9.17,9.33,9.48,9.66,9.81,9.99,10.16,10.35,10.54,10.7188,10.8944,11.09,11.3,11.47,11.7,11.9124,12.13,12.37,12.5892,12.76,12.96,13.18,13.3416,13.51,13.71,13.88,14.06,14.23,14.38,14.57,14.73,14.872,15.04,15.18,15.33,15.5,15.64,15.76,15.91,16.07,16.21,16.36,16.53,16.67,16.84,16.98,17.16,17.31,17.48,17.64,17.82,18.01,18.23,18.45,18.73,18.9764,19.29,19.61,20.1164,20.8576,21.8788,22.00396,22.12352,22.41924,22.70264,22.791,23.13176,23.44132,23.77088,24.5322000000001,27.87
"BE012C",-11.72,-6.89264,-6.22088,-5.58132,-4.65056,-4.231,-3.94792,-3.63156,-3.43408,-3.28792,-3.12,-1.8688,-0.9832,-0.31,0.22,0.73,1.23,1.6548,1.9604,2.33,2.7216,3.0972,3.4828,3.8,4.09,4.34,4.6,4.8108,5.03,5.25,5.46,5.68,5.8988,6.09,6.26,6.44,6.66,6.82,7.03,7.24,7.4,7.58,7.75,7.94,8.14,8.33,8.48,8.71,8.8884,9.07,9.2396,9.42,9.6,9.8064,10.02,10.2276,10.4132,10.61,10.82,11.03,11.26,11.5212,11.72,11.95,12.16,12.3736,12.57,12.75,12.9504,13.176,13.4,13.55,13.7428,13.91,14.11,14.2996,14.48,14.66,14.84,15,15.1676,15.36,15.5288,15.69,15.87,16.02,16.21,16.38,16.53,16.75,16.9536,17.14,17.36,17.55,17.73,17.96,18.16,18.42,18.6584,18.93,19.24,19.55,19.8908,20.25,20.72,21.25,21.8264,22.6788,24.08,24.14396,24.26352,24.38308,24.6490400000001,25.0466,25.23176,25.5966,26.0988,26.6845200000006,29.26
"BE013C",-10.62,-5.71396,-5.11088,-4.39132,-3.98176,-3.7322,-3.41528,-3.11308,-2.84704,-2.6,-2.4488,-1.46,-0.63,0.04,0.588000000000001,1.1,1.5892,2.06,2.4104,2.746,3.06,3.4072,3.71,4.04,4.3,4.57,4.82,5.05,5.23,5.45,5.65,5.87,6.04,6.2344,6.46,6.63,6.78,6.97,7.16,7.32,7.47,7.69,7.88,8.05,8.21,8.38,8.58,8.76,8.96,9.13,9.31,9.5,9.67,9.84,10.04,10.2,10.3632,10.57,10.78,11,11.2256,11.4212,11.63,11.84,12.04,12.25,12.45,12.65,12.82,13.01,13.2,13.43,13.63,13.79,13.96,14.13,14.3052,14.48,14.66,14.81,14.98,15.15,15.32,15.5,15.66,15.8156,15.98,16.16,16.35,16.53,16.68,16.85,17.04,17.24,17.42,17.61,17.81,18.03,18.25,18.51,18.78,19.12,19.4308,19.8064,20.192,20.66,21.3332,22.1064,23.4044,23.55396,23.80408,23.98,24.16,24.5344,24.64352,25.12,25.46176,26.2822000000001,29.48
"BE014C",-12.66,-7.11,-6.30264,-5.19396,-4.97352,-4.5622,-4.23264,-3.96156,-3.81704,-3.59792,-3.39,-2.2088,-1.3632,-0.6776,-0.0719999999999993,0.4,0.86,1.24,1.6,1.92,2.29,2.6272,2.95,3.26,3.574,3.84,4.11,4.34,4.52,4.75,4.96,5.1632,5.39,5.5544,5.75,5.96,6.15,6.33,6.5224,6.758,6.95,7.12,7.29,7.47,7.65,7.8216,8.02,8.18,8.38,8.57,8.7996,8.95519999999999,9.16,9.36,9.52,9.7476,9.9332,10.1388,10.35,10.57,10.75,10.97,11.2,11.41,11.63,11.84,12.04,12.2648,12.47,12.666,12.85,13.02,13.21,13.41,13.59,13.74,13.92,14.12,14.29,14.48,14.65,14.84,15.01,15.1744,15.34,15.5056,15.6812,15.87,16.04,16.23,16.4336,16.63,16.8248,17.0204,17.226,17.48,17.73,17.9356,18.1684,18.444,18.7796,19.13,19.44,19.83,20.302,20.8076,21.4,22.1976,23.5444,23.66792,23.86056,24.12,24.31,24.5866,24.71176,25.1766,25.62792,26.7030800000001,29.34
"BE015C",-15.81,-9.4,-8.54616,-7.85508,-7.29408,-6.9344,-6.52168,-6.11,-5.74704,-5.39584,-5.2076,-3.76,-2.83,-1.9652,-1.342,-0.87,-0.43,-0.07,0.28,0.64,0.96,1.33,1.61,1.8984,2.14,2.4796,2.72,2.94,3.16,3.39,3.62,3.87,4.1,4.29,4.52,4.71,4.91,5.15,5.37,5.57,5.73,5.9092,6.1,6.3,6.48,6.66,6.86,7.04,7.25,7.45,7.69,7.88519999999999,8.09,8.33,8.53,8.74,8.95,9.14,9.35,9.54,9.75,9.97,10.1868,10.4224,10.66,10.86,11.09,11.31,11.52,11.736,11.8916,12.07,12.31,12.4684,12.67,12.89,13.07,13.25,13.41,13.61,13.82,13.99,14.18,14.36,14.52,14.71,14.91,15.1,15.28,15.5,15.7,15.9292,16.14,16.34,16.576,16.84,17.1072,17.34,17.61,17.914,18.19,18.52,18.9308,19.36,19.812,20.36,20.8796,21.7788,23.2544,23.39396,23.59704,23.78,23.95264,24.0922,24.41176,24.89396,25.49264,26.5092400000004,28.94
"BG001C",-17.95,-15.12396,-13.70264,-12.7232,-12.03176,-11.59,-10.9932,-10.4954,-10.05224,-9.80188,-9.57,-7.9388,-6.7132,-5.8076,-4.958,-4.1364,-3.4308,-2.97,-2.45,-2,-1.5584,-1.19,-0.85,-0.53,-0.28,0.07,0.36,0.67,0.89,1.172,1.4676,1.73,2,2.3,2.56,2.8112,3.0512,3.2768,3.54,3.8,4.0536,4.3,4.58,4.89,5.116,5.4016,5.72,6.01,6.3184,6.61,6.9,7.26519999999999,7.6116,7.97,8.242,8.62,8.87,9.19,9.5,9.78,10.0856,10.34,10.6168,10.9324,11.22,11.52,11.8192,12.16,12.47,12.72,13,13.31,13.55,13.8384,14.154,14.47,14.7452,14.9908,15.28,15.53,15.76,15.97,16.2188,16.43,16.62,16.8356,17.07,17.32,17.58,17.84,18.08,18.28,18.58,18.8004,19.04,19.27,19.5172,19.8,20.1,20.38,20.69,20.9652,21.29,21.64,21.972,22.34,22.89,23.46,24.3944,24.49584,24.67,24.85308,24.99,25.1988,25.35176,25.66,25.9716799999999,26.6622000000001,28.25
"BG002C",-15.66,-11.57572,-10.44176,-9.46528,-9.14176,-8.5444,-8.03848,-7.72616,-7.48,-7.16396,-6.9108,-4.7888,-3.7132,-2.8776,-2.092,-1.4164,-0.86,-0.3504,0.14,0.526000000000001,0.89,1.2372,1.5428,1.85,2.13,2.4296,2.69,2.97,3.22,3.51,3.76,4.09,4.34,4.6044,4.83,5.14,5.41,5.69,6.01,6.27,6.53,6.8,7.07,7.37,7.66,8.0116,8.3372,8.66,8.93,9.27,9.6196,9.8752,10.16,10.48,10.82,11.06,11.35,11.65,11.92,12.23,12.53,12.8,13.12,13.41,13.69,13.9336,14.2192,14.55,14.83,15.12,15.48,15.7772,16.06,16.37,16.66,16.94,17.1952,17.5008,17.81,18.062,18.3076,18.55,18.83,19.0644,19.29,19.5256,19.76,20.07,20.3,20.558,20.78,21,21.24,21.52,21.79,21.9916,22.23,22.4728,22.73,23.04,23.3296,23.56,23.8608,24.16,24.54,24.86,25.27,25.8488,26.6244,26.78792,26.92704,27.06616,27.21,27.3744,27.66176,27.92132,28.23088,28.54088,30.31
"BG003C",-16.29,-10.25352,-8.85176,-7.9932,-7.30176,-6.7844,-6.49264,-6.16232,-5.86704,-5.52396,-5.2988,-3.2588,-2.1664,-1.3976,-0.731999999999999,-0.1464,0.37,0.8448,1.23,1.57,2,2.28,2.6128,2.9084,3.224,3.51,3.7852,4.0708,4.37,4.63,4.8976,5.17,5.4688,5.75,5.98,6.24,6.5,6.76,7.03,7.338,7.61,7.86,8.08,8.31,8.57,8.8316,9.12,9.35,9.6,9.86,10.15,10.43,10.7008,10.97,11.29,11.58,11.88,12.15,12.4,12.72,12.96,13.2112,13.4968,13.7724,14.09,14.4,14.65,14.96,15.2404,15.556,15.9,16.16,16.45,16.81,17.11,17.36,17.64,17.93,18.19,18.49,18.78,19.06,19.35,19.58,19.81,20.05,20.32,20.57,20.75,20.98,21.2,21.4,21.62,21.83,22.03,22.2116,22.39,22.58,22.7584,22.96,23.19,23.4252,23.67,23.89,24.162,24.4552,24.97,25.52,26.2444,26.42396,26.5,26.58,26.7858400000001,27.0122,27.3888,27.64396,27.90176,28.3826400000001,30.68
"BG004C",-14.95,-9.48176,-7.93672,-7.26848,-6.52352,-6.1566,-5.86696,-5.41,-5.18,-5.01792,-4.6744,-2.7264,-1.6632,-0.8976,-0.251999999999999,0.3472,0.858400000000001,1.27,1.6404,2,2.37,2.72,3.0828,3.44,3.74,4.0296,4.28,4.6,4.88,5.212,5.46,5.75,6.0888,6.32,6.58,6.8556,7.13,7.4268,7.68,7.98,8.27,8.56,8.82,9.1204,9.36,9.6116,9.86,10.11,10.36,10.624,10.92,11.21,11.52,11.77,12.04,12.34,12.63,12.93,13.16,13.41,13.65,13.9,14.16,14.45,14.69,15,15.25,15.54,15.89,16.15,16.47,16.76,17.04,17.32,17.63,17.92,18.2,18.5,18.82,19.05,19.3,19.5532,19.8,20.06,20.36,20.57,20.78,21.04,21.28,21.508,21.7,21.89,22.12,22.27,22.44,22.63,22.8272,23.0028,23.1984,23.41,23.64,23.85,24.09,24.34,24.57,24.89,25.32,25.88,26.69,26.80188,26.97352,27.12,27.24264,27.4222,27.59232,27.85,28.39968,28.9654000000006,31.77
"BG005C",-20.47,-15.27132,-14.18264,-13.32132,-12.0688,-11.2822,-10.65904,-10.19,-9.90408,-9.68396,-9.28,-6.97,-5.7332,-4.79,-3.852,-3.1264,-2.3708,-1.72,-1.22,-0.663999999999999,-0.22,0.18,0.57,0.93,1.244,1.63,1.95,2.3108,2.67,2.992,3.35,3.66,3.9688,4.3,4.68,4.99,5.3,5.57,5.8524,6.16,6.46,6.83,7.11,7.43,7.706,8.06,8.4072,8.69,9.07,9.45,9.7996,10.11,10.51,10.82,11.142,11.4476,11.77,12.0888,12.37,12.66,12.9,13.19,13.5068,13.77,14.05,14.37,14.69,14.9448,15.2904,15.59,15.92,16.26,16.63,16.9,17.184,17.48,17.75,17.9808,18.28,18.56,18.8,19.0632,19.29,19.56,19.8,20.04,20.2612,20.49,20.76,21.018,21.2236,21.48,21.72,21.91,22.17,22.42,22.67,22.9228,23.21,23.45,23.69,24.03,24.38,24.7864,25.16,25.52,26.0332,26.8,27.85,27.96,28.09112,28.22924,28.48264,28.6622,28.93176,29.30452,29.75088,30.2896800000004,34.03
"BG006C",-18.71,-14.7,-13.43616,-11.95056,-11.62352,-10.6666,-10.16528,-9.59924,-9.35056,-9.15188,-8.84,-6.6,-5.43,-4.52,-3.602,-2.8764,-2.06,-1.4852,-0.93,-0.463999999999999,-0.05,0.3672,0.7228,1.08,1.444,1.81,2.1352,2.45,2.7764,3.12,3.42,3.86,4.17,4.5,4.82,5.12,5.4412,5.8268,6.11,6.45,6.79,7.0892,7.39,7.7004,8.02,8.37,8.7472,9.08,9.4,9.72,10.07,10.43,10.7408,11.06,11.36,11.6876,11.9832,12.32,12.6044,12.88,13.18,13.48,13.8,14.0724,14.36,14.64,14.97,15.28,15.58,15.92,16.26,16.5772,16.93,17.25,17.55,17.87,18.16,18.43,18.6864,18.952,19.24,19.5,19.76,19.99,20.23,20.47,20.71,20.95,21.19,21.498,21.71,21.92,22.16,22.43,22.66,22.9,23.16,23.42,23.65,23.92,24.1896,24.5652,24.8708,25.2264,25.652,26.0876,26.65,27.2276,28.1396,28.30792,28.49,28.63232,28.88056,29.1266,29.37528,29.71132,30.12352,31.0317600000001,32.94
"BG007C",-17.1,-14.07308,-12.94528,-11.99584,-11.23,-10.5496,-9.58584,-9.23924,-8.73704,-8.43792,-8.1044,-6.27,-4.96,-3.88,-2.96,-2.31,-1.71,-1.17,-0.67,-0.193999999999999,0.15,0.57,0.91,1.23,1.54,1.8796,2.21,2.4508,2.81,3.142,3.4876,3.8,4.1,4.3844,4.7,4.99,5.32,5.62,5.94,6.24,6.55,6.81,7.09,7.45,7.856,8.18,8.5272,8.87,9.21,9.54,9.92,10.28,10.67,11.01,11.312,11.7,12.0232,12.38,12.69,12.97,13.2656,13.57,13.86,14.14,14.45,14.7236,15.0792,15.36,15.73,16.03,16.38,16.75,17.11,17.44,17.734,18.07,18.41,18.71,19,19.29,19.54,19.8032,20.1088,20.34,20.61,20.87,21.14,21.38,21.61,21.89,22.15,22.38,22.66,22.8904,23.166,23.43,23.73,24.05,24.32,24.64,24.97,25.3652,25.7008,26.09,26.54,27.0176,27.5532,28.16,29.09,29.16792,29.31,29.52924,29.76264,30.01,30.20176,30.53584,31.01088,31.75132,34.61
"BG008C",-15.79,-11.33704,-10.72352,-9.90508,-9.20576,-8.4184,-7.98056,-7.67616,-7.38,-7.01376,-6.8532,-4.4088,-3.3432,-2.4676,-1.842,-1.24,-0.64,-0.1952,0.19,0.62,0.97,1.28,1.5828,1.88,2.164,2.4496,2.7552,3.03,3.2864,3.54,3.84,4.12,4.35,4.67,5.01,5.24,5.57,5.8468,6.1624,6.488,6.77,7.08,7.32,7.5804,7.87,8.17,8.5,8.8228,9.15,9.47,9.7896,10.08,10.3408,10.71,11.002,11.2876,11.56,11.84,12.1644,12.43,12.71,12.98,13.27,13.54,13.87,14.16,14.47,14.73,15.03,15.36,15.71,16.01,16.3,16.6384,16.98,17.27,17.56,17.85,18.12,18.42,18.66,18.9,19.12,19.39,19.62,19.8656,20.0912,20.34,20.61,20.858,21.1,21.34,21.57,21.8,22.026,22.2816,22.52,22.7828,23.05,23.32,23.55,23.84,24.1008,24.37,24.7,25.01,25.4932,26.12,27.1,27.20396,27.29,27.47232,27.66,27.9488,28.19176,28.40264,28.84704,29.4001200000004,31.81
"BG009C",-13.36,-11.78352,-10.43528,-9.60244,-8.99528,-8.4744,-8.09264,-7.76308,-7.37704,-7.01396,-6.84,-5.0292,-3.8032,-3.01,-2.4,-1.8,-1.3,-0.81,-0.4,0,0.37,0.74,1.12,1.43,1.71,1.99,2.28,2.58,2.85,3.15,3.37,3.67,3.98,4.26,4.55,4.8856,5.17,5.5,5.82,6.11,6.4,6.63,6.85,7.1,7.39,7.67,7.97,8.2828,8.5884,8.91,9.21,9.51,9.79,10.11,10.392,10.71,11,11.25,11.5244,11.79,12.05,12.32,12.63,12.91,13.18,13.49,13.76,14.0848,14.4304,14.73,15.0016,15.28,15.58,15.91,16.24,16.52,16.79,17.05,17.3,17.592,17.84,18.07,18.32,18.56,18.84,19.05,19.32,19.5,19.73,19.93,20.19,20.43,20.67,20.89,21.11,21.3616,21.57,21.8228,22.07,22.33,22.58,22.87,23.09,23.36,23.68,24.0376,24.48,25.14,26.18,26.27188,26.49,26.57616,26.75528,26.9544,27.09176,27.40396,28.0944,28.5474800000003,31.63
"BG010C",-19.82,-13.031,-12.00264,-10.77508,-9.9976,-9.6788,-9.25528,-8.89004,-8.51408,-8.10396,-7.8932,-5.7488,-4.32,-3.47,-2.782,-2.0964,-1.5208,-0.9552,-0.49,-0.0639999999999986,0.29,0.62,1.01,1.38,1.704,2.08,2.38,2.69,3.03,3.36,3.72,4,4.2888,4.61,4.95,5.24,5.58,5.88,6.19,6.46,6.7536,7.01,7.28,7.55,7.8,8.0516,8.3672,8.65,8.93,9.22400000000001,9.5396,9.79519999999999,10.13,10.4664,10.75,11.0476,11.3,11.53,11.82,12.08,12.35,12.65,12.92,13.18,13.468,13.76,14.04,14.41,14.6804,14.97,15.29,15.6272,15.9428,16.23,16.49,16.76,17.0752,17.4008,17.67,17.94,18.2,18.46,18.71,18.93,19.2,19.4,19.6512,19.86,20.13,20.37,20.58,20.8,21.02,21.2304,21.43,21.62,21.82,22.07,22.3,22.544,22.76,22.9752,23.24,23.52,23.832,24.17,24.65,25.3288,26.2288,26.29,26.44352,26.56308,26.73056,27.0166,27.26352,27.67264,28.0644,28.58,31.88
"BG011C",-19.31,-13.21924,-12.0388,-11.13396,-10.53352,-9.6566,-9.19528,-8.96616,-8.72352,-8.40772,-8.0908,-5.8376,-4.5932,-3.72,-2.96,-2.2,-1.6108,-1.06,-0.56,-0.16,0.21,0.5572,0.92,1.23,1.514,1.89,2.17,2.47,2.74,3.07,3.42,3.7232,4.01,4.31,4.6,4.91,5.2612,5.59,5.91,6.208,6.53,6.7692,7.07,7.37,7.64,7.9,8.1772,8.4728,8.7984,9.12,9.43,9.74,10.08,10.3864,10.65,10.97,11.23,11.4888,11.74,12.02,12.28,12.59,12.86,13.17,13.42,13.71,14,14.29,14.61,14.936,15.27,15.59,15.9,16.2284,16.5,16.81,17.0852,17.34,17.62,17.89,18.14,18.4032,18.66,18.9044,19.15,19.3956,19.61,19.82,20.08,20.36,20.63,20.87,21.1048,21.32,21.53,21.74,21.97,22.1828,22.43,22.65,22.88,23.16,23.45,23.75,24.092,24.51,24.9,25.51,26.6444,26.77792,26.85352,26.94308,27.1032000000001,27.2922,27.48352,27.7866,28.49088,28.7544000000002,31.02
"BG012C",-18.33,-15.0422,-13.64056,-12.50924,-11.88056,-11.2222,-10.61904,-10.24848,-9.97352,-9.59188,-9.3588,-7.7076,-6.62,-5.7576,-4.83,-4.02,-3.4908,-2.9652,-2.4396,-2,-1.63,-1.2828,-0.95,-0.62,-0.386000000000001,-0.07,0.22,0.51,0.76,1.02,1.31,1.58,1.7976,2.04,2.27,2.49,2.76,2.99,3.22,3.45,3.73,3.97,4.22,4.4604,4.7,4.9616,5.2472,5.5,5.8,6.09,6.36,6.7,7.03,7.35,7.68,7.9476,8.23,8.61,8.9144,9.23,9.48,9.73,10.03,10.35,10.63,10.93,11.25,11.55,11.86,12.13,12.41,12.6972,12.97,13.21,13.534,13.87,14.13,14.3808,14.68,14.95,15.16,15.3732,15.5988,15.79,16.04,16.2856,16.52,16.73,16.97,17.21,17.45,17.74,17.9548,18.23,18.486,18.73,18.9872,19.24,19.53,19.82,20.11,20.4252,20.8,21.12,21.49,21.8976,22.41,22.94,23.9488,24.08584,24.21352,24.36,24.45792,24.6666,24.90176,25.1,25.50056,26.1713200000001,27.26
"BG013C",-13.1,-10.14044,-8.9944,-8.14264,-7.28176,-6.96,-6.63792,-6.3954,-6.02872,-5.55,-5.3644,-3.42,-2.39,-1.68,-1.112,-0.5564,-0.06,0.3548,0.8,1.16,1.51,1.88,2.22,2.61,2.91,3.2096,3.46,3.76,4.0264,4.302,4.62,4.9,5.18,5.4444,5.72,6.02,6.3012,6.64,6.95,7.26,7.56,7.84,8.09,8.35,8.6,8.88,9.1772,9.46,9.74,10.03,10.3096,10.61,10.91,11.21,11.54,11.86,12.1232,12.38,12.65,12.93,13.21,13.4412,13.75,14.07,14.35,14.64,14.9,15.22,15.5404,15.86,16.18,16.4972,16.82,17.0884,17.39,17.6896,17.97,18.25,18.55,18.822,19.12,19.36,19.63,19.9,20.14,20.37,20.65,20.8868,21.15,21.35,21.61,21.8084,22.05,22.2604,22.49,22.72,22.9672,23.2,23.4884,23.74,24,24.22,24.54,24.76,25.06,25.3876,25.8432,26.4988,27.5044,27.58396,27.76704,27.90308,28.10792,28.2922,28.44352,28.7066,29.44528,30.1122000000001,32.44
"BG014C",-14.59,-10.6222,-9.73024,-9.12508,-8.73704,-8.09,-7.65056,-7.10848,-6.78352,-6.35792,-6,-4.1988,-3.0532,-2.23,-1.6,-0.9964,-0.360799999999999,0.1848,0.57,0.926000000000001,1.2916,1.69,2.05,2.36,2.654,2.95,3.25,3.54,3.79,4.13,4.3976,4.71,5.03,5.35,5.61,5.9456,6.3,6.62,6.92,7.24,7.52,7.84,8.1248,8.38,8.636,8.88,9.2472,9.5528,9.84,10.13,10.45,10.7752,11.1108,11.4364,11.682,11.9776,12.23,12.5,12.76,13.07,13.36,13.59,13.8768,14.17,14.48,14.78,15.08,15.38,15.72,16.066,16.34,16.67,16.94,17.29,17.62,17.91,18.1952,18.51,18.78,19.082,19.36,19.6032,19.85,20.12,20.41,20.65,20.89,21.18,21.45,21.69,21.97,22.2,22.44,22.6504,22.91,23.1416,23.35,23.6328,23.9,24.21,24.48,24.78,25.07,25.39,25.71,26.03,26.43,26.9788,28.0444,28.13792,28.23,28.38232,28.45264,28.69,28.9388,29.16924,29.61352,30.0479200000003,31.74
"BG015C",-15.65,-12.21396,-10.67704,-9.98264,-9.30176,-8.9742,-8.43584,-8.02232,-7.76,-7.29188,-7.04,-4.9988,-3.8632,-2.8576,-2.172,-1.5564,-1,-0.4052,0.03,0.42,0.83,1.19,1.52,1.7884,2.064,2.31,2.5652,2.86,3.1364,3.4,3.6976,3.98,4.2,4.47,4.7,4.96,5.3012,5.57,5.88,6.15,6.41,6.68,6.96,7.25,7.52,7.8316,8.21,8.5,8.82,9.14,9.4796,9.78519999999999,10.1,10.3964,10.67,10.98,11.27,11.59,11.86,12.2,12.48,12.76,13.05,13.33,13.59,13.8936,14.1592,14.5,14.78,15.076,15.4116,15.72,16.02,16.28,16.57,16.87,17.19,17.48,17.72,17.982,18.23,18.5032,18.73,18.9844,19.23,19.4856,19.74,20.01,20.24,20.47,20.74,20.98,21.21,21.45,21.7,21.92,22.1672,22.4228,22.6684,22.99,23.26,23.52,23.7608,24.1264,24.43,24.77,25.2432,25.7688,26.55,26.64,26.78,26.92308,27.15528,27.2844,27.52176,27.77132,28.14528,28.48044,30.43
"BG016C",-17.87,-13.61496,-12.42264,-11.4766,-10.73176,-10.0644,-9.59112,-9.02924,-8.78352,-8.54,-8.2088,-6.5588,-5.4532,-4.63,-3.842,-3.33,-2.7108,-2.24,-1.7696,-1.32,-0.96,-0.63,-0.3072,0.02,0.323999999999999,0.62,0.88,1.17,1.48,1.74,2,2.2632,2.5,2.7444,3.01,3.2356,3.47,3.71,3.9424,4.17,4.3836,4.63,4.89,5.13,5.34,5.64,5.92,6.19,6.5,6.76,7.02,7.3352,7.6408,7.94,8.22,8.53,8.82,9.17,9.47,9.77,10.08,10.38,10.69,10.99,11.24,11.55,11.81,12.05,12.37,12.706,12.96,13.26,13.53,13.85,14.09,14.35,14.61,14.91,15.1664,15.44,15.71,15.94,16.18,16.37,16.6,16.84,17.08,17.34,17.59,17.868,18.11,18.33,18.59,18.87,19.12,19.37,19.6672,20,20.2384,20.48,20.74,21.01,21.3608,21.68,22.012,22.4,22.81,23.4188,24.2744,24.39792,24.49704,24.59616,24.80056,25.0144,25.12,25.48132,25.89528,26.5148400000002,29.99
"BG017C",-18.45,-14.29044,-13.15352,-12.0466,-10.87056,-10.3422,-10.01264,-9.67232,-9.13,-8.65772,-8.4744,-6.4088,-5.2932,-4.4752,-3.662,-2.8764,-2.2408,-1.68,-1.0996,-0.643999999999999,-0.24,0.06,0.42,0.74,1.08,1.41,1.72,2.0608,2.36,2.702,3.03,3.34,3.6588,3.98,4.27,4.5956,4.94,5.29,5.61,5.9,6.17,6.45,6.71,7.0404,7.316,7.64,7.95,8.25,8.6,8.94,9.28,9.56,9.92,10.25,10.5,10.79,11.06,11.32,11.59,11.92,12.1956,12.5,12.7268,13.0124,13.27,13.5936,13.8792,14.1548,14.41,14.76,15.1,15.38,15.7,16.01,16.29,16.51,16.77,17.09,17.3264,17.592,17.8,18.02,18.2688,18.52,18.73,18.94,19.16,19.45,19.7124,19.97,20.19,20.41,20.61,20.85,21.09,21.32,21.6,21.8828,22.11,22.38,22.66,22.97,23.29,23.6064,23.922,24.3,24.7832,25.3888,26.3988,26.57584,26.78408,26.93308,27.11528,27.3144,27.51,27.75132,28.18,28.7230800000001,31.47
"BG018C",-17.63,-15.49264,-14.36088,-13.25,-12.52176,-11.891,-11.52528,-11.02308,-10.61576,-10.31188,-9.93,-7.8176,-6.4264,-5.4752,-4.654,-3.8264,-3.0808,-2.4352,-1.83,-1.31,-0.86,-0.52,-0.2,0.118400000000001,0.463999999999999,0.76,1.08,1.3608,1.71,2.02,2.3576,2.66,2.96,3.2444,3.56,3.88,4.1912,4.5,4.82,5.09,5.35,5.66,5.9,6.27,6.61,6.92,7.24,7.54,7.8384,8.21,8.59,8.94,9.29,9.63,9.94,10.28,10.5832,10.9,11.19,11.45,11.78,12.0412,12.3468,12.63,12.92,13.2,13.5,13.75,14.0604,14.41,14.68,15.03,15.38,15.67,15.9,16.1996,16.48,16.77,17.12,17.37,17.6,17.84,18.09,18.33,18.54,18.78,19.02,19.24,19.52,19.78,20,20.2,20.45,20.6604,20.896,21.1516,21.39,21.6728,21.9,22.21,22.4996,22.83,23.16,23.53,23.89,24.2776,24.78,25.34,26.1888,26.36,26.46,26.62,26.71,26.8422,27.17176,27.52528,27.79,28.5539600000002,30.84
"CH001C",-14.43,-10.6122,-9.8076,-9.11452,-8.26704,-7.9622,-7.70528,-7.37308,-6.97,-6.85792,-6.61,-5.1776,-4.3032,-3.6676,-3.092,-2.6064,-2.1208,-1.6852,-1.41,-1.05,-0.77,-0.54,-0.26,-0.03,0.243999999999999,0.47,0.67,0.88,1.08,1.272,1.48,1.69,1.87,2.07,2.27,2.52,2.73,2.91,3.1524,3.41,3.6,3.81,4.05,4.33,4.55,4.78,5,5.26,5.5,5.77,6.08,6.34,6.61,6.84,7.08,7.4076,7.6532,7.88,8.1444,8.4,8.69,8.88,9.1268,9.38240000000001,9.61,9.85360000000001,10.09,10.31,10.54,10.776,11.04,11.31,11.52,11.76,11.96,12.17,12.4,12.5708,12.8164,13.03,13.24,13.4732,13.69,13.8744,14.12,14.33,14.53,14.7568,14.93,15.15,15.41,15.6692,15.91,16.1604,16.456,16.7516,17.01,17.29,17.53,17.87,18.17,18.52,18.84,19.16,19.55,19.9376,20.58,21.2688,22.37,22.51792,22.64056,22.85616,23.12056,23.31,23.52176,23.87528,24.27352,25.20088,25.96
"CH002C",-13.02,-9.63056,-8.43704,-7.39528,-6.77408,-6.2844,-5.97792,-5.82,-5.47704,-5.17396,-5.0544,-3.4788,-2.7732,-2.14,-1.6,-1.1264,-0.7,-0.4,-0.06,0.2,0.46,0.73,0.99,1.23,1.45,1.63,1.8252,2.04,2.23,2.44,2.67,2.86,3.03,3.24,3.44,3.61,3.83,4.06,4.28,4.5,4.7336,4.9692,5.18,5.43,5.65,5.9,6.15,6.39,6.66,6.9,7.14,7.45,7.7,7.99,8.242,8.47,8.73,9,9.24,9.49,9.75,9.96,10.2168,10.46,10.74,11.01,11.26,11.51,11.74,11.97,12.2,12.45,12.71,12.93,13.13,13.37,13.58,13.79,14.02,14.21,14.41,14.65,14.88,15.06,15.3,15.49,15.73,15.93,16.16,16.39,16.6172,16.89,17.17,17.46,17.706,17.99,18.3072,18.58,18.86,19.18,19.52,19.87,20.1708,20.56,20.99,21.4176,21.95,22.69,23.8988,24.06792,24.23056,24.4,24.51056,24.7422,25.2134399999999,25.65,26.00264,26.7648400000002,27.64
"CH003C",-13.81,-9.53408,-8.34232,-7.5732,-6.58,-6.1854,-5.73264,-5.44308,-5.17352,-4.94792,-4.76,-3.3688,-2.46,-1.8376,-1.36,-0.8628,-0.480799999999999,-0.17,0.16,0.446000000000001,0.68,0.92,1.14,1.3884,1.59,1.8096,2.07,2.31,2.54,2.712,2.91,3.13,3.33,3.55,3.73,3.96,4.1612,4.39,4.61,4.81,5.05,5.28,5.5,5.7404,5.976,6.2,6.48,6.71,6.99,7.22400000000001,7.4896,7.77,8.1008,8.38,8.67,8.99,9.25,9.5188,9.78439999999999,10.04,10.34,10.54,10.8,11.02,11.29,11.4936,11.76,11.97,12.22,12.426,12.66,12.9,13.17,13.42,13.65,13.88,14.08,14.3,14.49,14.73,14.98,15.21,15.4088,15.62,15.82,16.01,16.21,16.41,16.65,16.9,17.17,17.44,17.66,17.9904,18.31,18.58,18.88,19.18,19.4784,19.79,20.1596,20.5052,20.9,21.27,21.692,22.14,22.73,23.52,24.6776,24.88396,25,25.09924,25.2832000000001,25.51,25.75352,26.1866,26.6228799999999,27.5922000000001,28.54
"CH004C",-12.97,-9.83144,-8.36408,-7.64168,-7.1688,-6.7654,-6.41,-6.07308,-5.73464,-5.46,-5.34,-3.9188,-2.98,-2.3576,-1.882,-1.36,-0.990799999999999,-0.64,-0.3,0,0.27,0.56,0.8428,1.1284,1.36,1.64,1.95,2.19,2.44,2.642,2.92,3.1432,3.35,3.57,3.8,4.03,4.28,4.4968,4.73,4.97,5.21,5.43,5.68,5.9,6.17,6.37,6.63,6.88,7.13,7.4,7.67,7.97,8.2,8.42,8.65,8.8976,9.14,9.37,9.62,9.85,10.1,10.39,10.6668,10.92,11.13,11.38,11.61,11.9,12.1404,12.4,12.61,12.83,13.06,13.29,13.49,13.67,13.92,14.13,14.36,14.542,14.7676,15.02,15.26,15.48,15.74,15.9,16.1,16.28,16.52,16.75,17.01,17.25,17.5248,17.81,18.09,18.35,18.63,18.94,19.23,19.574,19.88,20.25,20.6608,20.99,21.44,21.88,22.52,23.1788,24.2744,24.48792,24.6516800000001,24.90616,25.18,25.3322,25.67056,26.05132,26.37352,27.67,28.78
"CH005C",-11.28,-7.46,-6.17264,-5.61396,-4.9676,-4.7322,-4.4,-4.10924,-3.93352,-3.75,-3.5844,-2.2088,-1.41,-0.83,-0.341999999999999,0.0236000000000001,0.38,0.67,0.9504,1.29,1.57,1.77,1.9928,2.23,2.44,2.69,2.88,3.08,3.2964,3.47,3.67,3.8832,4.1088,4.29,4.45,4.66,4.8612,5.06,5.25,5.46,5.63,5.85,6.03,6.25,6.426,6.62,6.85,7.07,7.28,7.54,7.82,8.08,8.3308,8.57,8.83,9.1,9.3632,9.6088,9.9,10.15,10.38,10.6312,10.94,11.2,11.4,11.63,11.85,12.1,12.3304,12.576,12.8,13.03,13.2628,13.48,13.674,13.9096,14.14,14.36,14.58,14.81,14.9876,15.25,15.47,15.67,15.89,16.0856,16.3012,16.55,16.75,16.988,17.21,17.43,17.6848,17.92,18.216,18.48,18.77,19.06,19.36,19.71,20.05,20.37,20.7224,21.1064,21.48,21.9,22.5,23.21,24.32,24.44396,24.59056,24.75,24.9032000000001,25.1322,25.47,25.68,26.0388,27.0417600000001,28.45
"CH006C",-14.15,-10.63836,-9.31088,-8.3998,-7.99176,-7.5322,-7.23792,-6.88616,-6.72352,-6.56188,-6.2544,-4.7264,-3.7732,-3.12,-2.572,-2.13,-1.64,-1.2352,-0.8796,-0.56,-0.27,-0.01,0.25,0.5,0.72,0.94,1.15,1.36,1.55,1.72,1.97,2.18,2.38,2.58,2.78,3,3.18,3.41,3.59,3.79,4.02,4.26,4.47,4.67,4.87,5.14,5.38,5.6,5.8184,6.07,6.32,6.55519999999999,6.83,7.0564,7.34,7.6176,7.83,8.13,8.37,8.67,8.95,9.16,9.43,9.69,9.93,10.2036,10.4592,10.69,10.92,11.17,11.3816,11.63,11.84,12.1,12.33,12.52,12.75,12.94,13.14,13.37,13.63,13.86,14.05,14.27,14.52,14.7056,14.9312,15.1168,15.35,15.57,15.83,16.08,16.34,16.6,16.89,17.1816,17.46,17.71,17.97,18.26,18.55,18.89,19.23,19.5664,19.932,20.4076,20.9364,21.6088,22.68,22.80396,22.92352,23.14616,23.31264,23.4988,23.69584,24.05396,24.40088,24.9517600000001,26.42
"CH007C",-13.99,-10.41308,-9.42936,-8.36396,-7.62168,-6.8988,-6.64528,-6.41308,-6.1976,-5.92396,-5.7844,-4.12,-3.4632,-2.82,-2.262,-1.76,-1.3408,-1,-0.71,-0.413999999999999,-0.12,0.12,0.3528,0.638400000000001,0.89,1.07,1.31,1.52,1.71,1.95,2.13,2.35,2.54,2.75,2.93,3.17,3.4,3.6368,3.86,4.09,4.3236,4.54,4.77,4.9804,5.216,5.4716,5.72,6,6.2084,6.46400000000001,6.77,7.04,7.32,7.5664,7.84,8.05,8.3,8.5888,8.83,9.08,9.34,9.6,9.82,10.06,10.32,10.5836,10.85,11.11,11.35,11.56,11.8,12.05,12.31,12.51,12.75,12.97,13.2,13.38,13.6,13.812,14.03,14.24,14.48,14.68,14.89,15.09,15.29,15.5268,15.78,16.03,16.2836,16.51,16.79,17.04,17.28,17.61,17.93,18.23,18.53,18.82,19.19,19.53,19.89,20.24,20.64,21.12,21.6532,22.43,23.5744,23.68188,23.87056,24.09,24.33,24.6132,25.09176,25.49396,25.75616,26.3835200000001,27.51
"CH008C",-13.19,-8.02144,-7.14176,-6.23792,-5.92,-5.4044,-5.12792,-4.84616,-4.56352,-4.40188,-4.24,-3.17,-2.4832,-1.9676,-1.6,-1.29,-0.98,-0.6452,-0.2996,-0.02,0.241600000000001,0.5072,0.75,0.948400000000001,1.2,1.4396,1.63,1.84,2.04,2.24,2.46,2.66,2.8788,3.06,3.25,3.49,3.6812,3.88,4.09,4.27,4.46,4.69,4.9248,5.1404,5.396,5.66,5.93,6.2,6.4484,6.69400000000001,6.9696,7.19,7.46,7.7164,8,8.25,8.5532,8.82,9.13,9.35,9.6256,9.89,10.1368,10.42,10.67,10.9536,11.1792,11.46,11.6704,11.91,12.16,12.37,12.64,12.87,13.124,13.36,13.57,13.82,14.0564,14.26,14.49,14.7,14.93,15.15,15.4,15.65,15.89,16.1668,16.3824,16.62,16.86,17.06,17.35,17.57,17.82,18.06,18.3,18.54,18.79,19.014,19.24,19.51,19.84,20.1364,20.45,20.86,21.33,21.8388,22.7444,22.85792,23.06352,23.15308,23.31,23.53,23.73,23.93132,24.20088,24.8526400000001,26.7
"CH009C",-15.23,-12.68528,-11.80144,-10.97036,-10.59176,-10.06,-9.80792,-9.44308,-9.19112,-9.02188,-8.8176,-7.2988,-6.23,-5.5276,-4.862,-4.3,-3.76,-3.27,-2.86,-2.464,-2.13,-1.8128,-1.54,-1.26,-1,-0.7504,-0.52,-0.31,-0.0936000000000013,0.17,0.36,0.57,0.79,1,1.18,1.3756,1.61,1.79,2.0524,2.268,2.49,2.68,2.88,3.14,3.37,3.6516,3.91,4.19,4.45,4.71400000000001,4.9696,5.1952,5.54,5.81,6.09,6.37,6.6732,6.9788,7.24,7.53,7.81,8.06,8.29,8.56,8.82,9.05,9.31,9.59,9.8504,10.076,10.33,10.56,10.81,11.04,11.26,11.5296,11.77,11.96,12.15,12.34,12.52,12.77,13,13.1744,13.39,13.58,13.81,14.0068,14.25,14.46,14.71,14.97,15.23,15.49,15.75,16.06,16.2972,16.59,16.84,17.08,17.3796,17.66,18.03,18.3864,18.734,19.1176,19.62,20.3376,21.3544,21.45792,21.60352,21.82924,22.06056,22.2122,22.41176,22.54,22.70176,23.0722000000001,24.6
"CH010C",-14.43,-9.89088,-8.81176,-8.08132,-7.56936,-6.9822,-6.63528,-6.29924,-6.06056,-5.95396,-5.6232,-4.08,-3.2832,-2.5676,-2.03,-1.5564,-1.16,-0.76,-0.45,-0.15,0.09,0.36,0.61,0.87,1.12,1.3496,1.57,1.82,2.04,2.22,2.39,2.6,2.83,3,3.22,3.42,3.68,3.9,4.13,4.35,4.59,4.83,5.05,5.31,5.526,5.76,5.9872,6.25,6.5,6.76,7.03,7.26,7.51,7.76,8.02,8.27,8.52,8.78,9.02,9.32,9.58,9.82,10.04,10.27,10.54,10.74,10.96,11.22,11.44,11.68,11.93,12.17,12.39,12.6084,12.844,13.03,13.27,13.4708,13.6864,13.9,14.13,14.38,14.59,14.8,15.01,15.23,15.4,15.64,15.82,16.06,16.3,16.56,16.81,17.07,17.39,17.68,17.91,18.18,18.49,18.814,19.13,19.49,19.91,20.28,20.63,21.06,21.7,22.5076,23.5288,23.91396,24.14352,24.28232,24.48056,24.6551999999999,25.00704,25.30396,25.89,27.0852800000002,27.84
"CH011C",-16,-13.24132,-11.9444,-11.38924,-10.74936,-10.3598,-10.02264,-9.70924,-9.59464,-9.28396,-9.0632,-7.69,-6.63,-5.8176,-5.232,-4.5964,-4.1408,-3.63,-3.2496,-2.834,-2.49,-2.19,-1.9172,-1.6,-1.26,-1.04,-0.804799999999998,-0.56,-0.34,-0.13,0.11,0.3,0.52,0.74,0.99,1.16,1.39,1.6,1.81,2.03,2.24,2.47,2.7,2.93,3.16,3.4,3.67,3.93,4.1884,4.41,4.7,5,5.2708,5.55,5.772,6.0776,6.37,6.67,6.98,7.24,7.51,7.8,8.09,8.35240000000001,8.58,8.86,9.12,9.34,9.5704,9.84,10.07,10.33,10.5528,10.83,11.07,11.31,11.5152,11.72,11.93,12.192,12.41,12.6232,12.85,13.06,13.29,13.49,13.7,13.89,14.14,14.34,14.62,14.81,15.12,15.34,15.606,15.8916,16.1572,16.36,16.6484,16.95,17.18,17.5,17.8,18.12,18.48,18.8976,19.4732,20.1676,21.14,21.26,21.41056,21.66308,21.80792,21.9922,22.24176,22.42264,22.81264,23.2839600000002,24.58
"CH012C",-13.73,-9.941,-8.72408,-7.90584,-7.24352,-6.7822,-6.50264,-6.24464,-6.01,-5.73188,-5.5232,-3.9976,-3.23,-2.55,-2.012,-1.6064,-1.16,-0.7452,-0.46,-0.17,0.14,0.41,0.6628,0.9,1.11,1.3,1.49,1.66,1.88,2.08,2.27,2.47,2.6488,2.86,3.04,3.23,3.42,3.62,3.82,4.02,4.23,4.45,4.67,4.92,5.11,5.35,5.5572,5.8,6.0384,6.29,6.57,6.83,7.0808,7.35,7.612,7.8776,8.16,8.43,8.69,8.96,9.23,9.49,9.73,9.98,10.258,10.52,10.76,10.98,11.22,11.45,11.68,11.94,12.18,12.42,12.63,12.84,13.08,13.26,13.49,13.68,13.9376,14.17,14.36,14.58,14.81,15.0356,15.22,15.42,15.63,15.88,16.12,16.36,16.64,16.9404,17.23,17.5,17.79,18.05,18.3184,18.6,18.9,19.2452,19.5908,19.8964,20.312,20.7476,21.2732,22.0176,23.0744,23.14792,23.31352,23.51,23.74264,23.8644,24.13176,24.4866,24.9744,25.3417600000001,26.84
"CY001C",3.51,4.75956,5.1856,5.54736,6.04296,6.3134,6.4868,6.62692,6.88648,7.02,7.1412,8.0812,8.72,9.13,9.47,9.7372,10,10.2848,10.53,10.72,10.9116,11.08,11.25,11.44,11.6,11.76,11.8952,12.04,12.2,12.35,12.51,12.66,12.84,13,13.18,13.37,13.55,13.73,13.94,14.16,14.37,14.58,14.78,15.04,15.28,15.57,15.83,16.14,16.3684,16.604,16.82,17.0752,17.34,17.63,17.942,18.27,18.56,18.89,19.18,19.54,19.8956,20.23,20.55,20.85,21.17,21.47,21.8,22.08,22.42,22.69,22.99,23.27,23.58,23.8684,24.094,24.39,24.66,24.9,25.16,25.41,25.63,25.91,26.21,26.47,26.71,26.96,27.19,27.4068,27.61,27.798,28.0036,28.2092,28.44,28.64,28.81,28.9516,29.1772,29.37,29.58,29.78,29.9796,30.16,30.37,30.64,30.842,31.0876,31.4132,31.82,32.3944,32.51,32.65,32.75616,32.94792,33.1622,33.37352,33.66132,34.09352,34.43044,36.63
"CY002C",4.84,5.90472,6.17648,6.68,7.19824,7.4712,7.69736,7.84384,8.00648,8.13,8.3856,9.3,9.9268,10.34,10.648,10.96,11.25,11.51,11.71,11.89,12.07,12.23,12.41,12.59,12.74,12.9096,13.0552,13.19,13.35,13.49,13.63,13.78,13.93,14.08,14.25,14.44,14.6,14.77,14.9724,15.18,15.3436,15.54,15.73,15.9404,16.166,16.44,16.65,16.8728,17.11,17.36,17.64,17.88,18.16,18.4,18.69,18.97,19.25,19.51,19.84,20.12,20.44,20.7712,21.09,21.37,21.678,21.9536,22.26,22.56,22.83,23.126,23.39,23.64,23.9028,24.1484,24.41,24.66,24.8852,25.11,25.36,25.602,25.82,26,26.24,26.46,26.68,26.91,27.12,27.3,27.4724,27.65,27.82,27.98,28.1248,28.29,28.45,28.64,28.8,28.94,29.08,29.25,29.39,29.56,29.74,29.9064,30.13,30.35,30.5932,30.97,31.52,31.62396,31.7,31.80308,31.92,32.0022,32.22176,32.50132,32.85,33.1501200000004,34.98
"CY003C",5.12,6.2778,6.76736,7.17284,7.49,7.8556,8.00736,8.23,8.43,8.67416,8.82,9.7912,10.3668,10.7124,11.01,11.24,11.48,11.7,11.9,12.06,12.22,12.38,12.53,12.64,12.8,12.93,13.04,13.2,13.32,13.44,13.5776,13.71,13.8688,14.0044,14.14,14.3,14.46,14.6268,14.81,14.98,15.1736,15.34,15.5448,15.79,16,16.24,16.43,16.67,16.94,17.16,17.42,17.66,17.9608,18.2164,18.532,18.79,19.07,19.29,19.59,19.91,20.16,20.44,20.76,21.01,21.298,21.61,21.8792,22.13,22.49,22.76,22.9916,23.2272,23.46,23.6784,23.86,24.08,24.31,24.51,24.71,24.95,25.14,25.3632,25.5688,25.73,25.9,26.06,26.2112,26.4,26.56,26.7,26.89,27.0592,27.2248,27.4,27.56,27.73,27.89,28.07,28.26,28.44,28.65,28.87,29.04,29.26,29.5,29.75,30.06,30.48,31.0744,31.23792,31.31,31.42,31.54792,31.78,31.93352,32.20528,32.46616,32.88088,34.69
"CZ001C",-18.86,-13.7244,-12.51264,-11.74396,-11.05528,-10.4222,-9.69792,-9.33924,-9.05,-8.81,-8.4144,-6.5052,-5.14,-4.1176,-3.412,-2.6456,-2.09,-1.6052,-1.1396,-0.79,-0.498399999999999,-0.22,0.0427999999999997,0.318400000000001,0.583999999999999,0.87,1.15,1.4208,1.72,1.972,2.25,2.53,2.8,3.02,3.24,3.47,3.6912,3.94,4.17,4.4,4.66,4.91,5.14,5.37,5.61,5.82,6.06,6.29,6.5284,6.82,7.11,7.41,7.67,7.94,8.2,8.5,8.81,9.0788,9.38,9.64,9.9,10.17,10.5,10.74,11.04,11.34,11.61,11.8748,12.21,12.46,12.6916,13,13.23,13.47,13.674,13.92,14.1752,14.44,14.69,14.91,15.15,15.33,15.5788,15.79,16.02,16.29,16.53,16.7568,17.0224,17.22,17.47,17.7192,17.96,18.1804,18.48,18.75,19.01,19.28,19.6,19.874,20.22,20.52,20.92,21.29,21.714,22.1876,22.82,23.6088,24.94,25.19792,25.33352,25.54308,25.74264,25.96,26.20408,26.64,27.23,28.0830800000001,29.83
"CZ002C",-20.31,-13.41244,-12.44176,-11.68,-11.3476,-10.7044,-10.21168,-9.88308,-9.49408,-9.23,-8.91,-7.064,-5.7664,-4.87,-4.14,-3.39,-2.91,-2.43,-2,-1.544,-1.18,-0.84,-0.51,-0.26,0.02,0.32,0.595200000000002,0.88,1.1064,1.382,1.62,1.85,2.09,2.37,2.62,2.9,3.16,3.43,3.68,3.98,4.23,4.51,4.77,5.04,5.33,5.5916,5.9,6.1628,6.42,6.72,6.98,7.32,7.6,7.89280000000001,8.18,8.5,8.85,9.1688,9.47,9.75,10.0356,10.4,10.71,11.01,11.29,11.59,11.89,12.21,12.46,12.676,12.9516,13.21,13.49,13.75,14.08,14.34,14.56,14.76,15.0364,15.26,15.48,15.69,15.93,16.1844,16.44,16.67,16.9012,17.1568,17.4,17.63,17.9336,18.19,18.41,18.66,18.916,19.1816,19.51,19.79,20.06,20.36,20.71,21.04,21.35,21.72,22.23,22.73,23.33,24.1888,25.41,25.49792,25.65704,25.85924,26.29792,26.5044,26.87176,27.04528,27.58,27.9514400000004,28.89
"CZ003C",-24.33,-16.97352,-15.59088,-14.88264,-14.00176,-13.1044,-12.47792,-12.03924,-11.66408,-11.31752,-10.962,-8.1864,-6.8132,-5.6428,-4.882,-4.1,-3.4216,-2.81,-2.3396,-1.924,-1.53,-1.19,-0.85,-0.55,-0.246000000000001,0.05,0.35,0.660799999999999,0.91,1.202,1.52,1.81,2.09,2.2944,2.61,2.85,3.12,3.3468,3.61,3.9,4.1836,4.4592,4.7648,5.02,5.31,5.5616,5.84,6.1028,6.37,6.65400000000001,6.91,7.2152,7.5008,7.78,8.07,8.3676,8.64,8.9,9.19,9.52,9.82,10.1,10.4068,10.66,10.88,11.19,11.4792,11.73,12.0008,12.33,12.59,12.8872,13.13,13.35,13.62,13.88,14.1,14.38,14.6,14.83,15.0176,15.23,15.46,15.67,15.87,16.1156,16.3512,16.58,16.8,17.03,17.23,17.4392,17.6748,17.91,18.18,18.45,18.7372,19.0228,19.3584,19.61,19.9196,20.22,20.58,20.97,21.39,21.91,22.4432,23.2688,24.4776,24.66396,24.87,25.00308,25.1743200000001,25.4866,25.71,26.06264,26.4032,27.3422000000001,29.32
"CZ004C",-18.52,-12.75396,-11.82176,-11.38396,-10.52056,-10.0088,-9.66056,-9.22924,-8.82408,-8.49396,-8.35,-6.6976,-5.5964,-4.608,-3.672,-3.08,-2.48,-1.9752,-1.53,-1.184,-0.81,-0.5028,-0.22,0.0484000000000015,0.32,0.59,0.835200000000002,1.0608,1.33,1.572,1.8376,2.08,2.2988,2.5044,2.72,2.92,3.1612,3.36,3.61,3.85,4.06,4.29,4.55,4.7904,4.99,5.23,5.48,5.68,5.99,6.29,6.59,6.86,7.13,7.4,7.68,7.97,8.27,8.55,8.84,9.11,9.4056,9.7012,9.9568,10.26,10.58,10.83,11.16,11.48,11.78,12.006,12.2316,12.48,12.7,12.98,13.18,13.42,13.67,13.88,14.1264,14.34,14.62,14.82,15.05,15.29,15.48,15.7,15.94,16.21,16.42,16.7,16.93,17.17,17.3948,17.63,17.95,18.2016,18.47,18.76,19.09,19.36,19.67,20.0252,20.3708,20.7564,21.18,21.6652,22.28,22.9888,24.3684000000001,24.6098,24.83704,25.01308,25.20264,25.451,25.73704,26.22528,26.79352,27.6335200000001,28.86
"CZ005C",-18.83,-14.88,-13.18792,-12.2166,-11.63408,-11.0822,-10.68584,-10.2,-9.98408,-9.8198,-9.6088,-7.6164,-6.3232,-5.44,-4.644,-3.9064,-3.25,-2.75,-2.31,-1.914,-1.5984,-1.3,-0.9972,-0.76,-0.49,-0.2,0.0152000000000021,0.3,0.56,0.82,1.06,1.33,1.57,1.7844,2.03,2.24,2.4812,2.73,2.9324,3.15,3.3836,3.63,3.86,4.1,4.36,4.54,4.8072,5.1,5.3184,5.6,5.86,6.13,6.4108,6.7,6.97,7.29,7.63,7.9,8.18,8.5,8.7556,9.05,9.32,9.62,9.908,10.18,10.48,10.75,11.03,11.34,11.57,11.85,12.1,12.3,12.52,12.77,13.03,13.29,13.52,13.742,13.95,14.19,14.4,14.6,14.88,15.12,15.36,15.56,15.81,16.07,16.31,16.52,16.78,17.0404,17.28,17.56,17.83,18.15,18.4584,18.74,19.09,19.4,19.77,20.1264,20.592,21.13,21.73,22.5288,23.6544,23.7498,23.96352,24.30232,24.57,24.9566,25.28,25.65056,26.20176,27.0057200000002,28.28
"CZ006C",-22.04,-14.94696,-14.15,-13.2366,-12.43936,-11.7908,-11.4564,-10.97616,-10.76,-10.46792,-9.9576,-7.7788,-6.31,-5.3876,-4.564,-3.9164,-3.2608,-2.72,-2.2296,-1.82,-1.44,-1.15,-0.85,-0.61,-0.31,-0.05,0.23,0.5,0.76,1.02,1.3,1.54,1.77,2.08,2.35,2.56,2.79,3.08,3.36,3.66,3.9,4.18,4.47,4.76,5.01,5.26,5.55,5.82,6.08,6.36,6.66,6.94,7.25,7.55,7.85,8.1776,8.52,8.8,9.12,9.42,9.71,9.9812,10.26,10.6324,10.928,11.22,11.46,11.7448,12.04,12.32,12.54,12.79,13.07,13.3384,13.61,13.88,14.14,14.41,14.65,14.84,15.07,15.29,15.52,15.76,16,16.2256,16.4812,16.7,16.96,17.21,17.45,17.7,17.91,18.1604,18.406,18.68,18.97,19.26,19.51,19.84,20.17,20.51,20.85,21.2364,21.742,22.2376,22.8132,23.57,24.85,24.98396,25.18,25.44308,25.73264,26,26.18,26.49132,27.00704,27.6030800000001,29.14
"CZ007C",-19.85,-16.58024,-15.0344,-14.0366,-13.3076,-12.562,-12.10056,-11.87924,-11.57352,-11.16792,-10.8632,-8.5128,-7.13,-6.22,-5.42,-4.7264,-4.0516,-3.53,-3.0596,-2.65,-2.26,-1.97,-1.67,-1.3616,-1.08,-0.87,-0.564799999999998,-0.3,-0.06,0.19,0.457599999999998,0.67,0.9,1.1044,1.31,1.5456,1.77,2.02,2.2624,2.49,2.72,2.9792,3.2148,3.46,3.71,3.94,4.19,4.44,4.73,5.02,5.28,5.55,5.85,6.11,6.38,6.6876,6.97,7.3,7.56,7.88,8.17,8.4,8.66,8.95240000000001,9.27,9.56360000000001,9.87,10.16,10.47,10.69,10.93,11.19,11.43,11.68,11.91,12.13,12.37,12.62,12.85,13.04,13.27,13.51,13.72,14,14.18,14.44,14.65,14.8868,15.13,15.358,15.59,15.83,16.0248,16.3,16.536,16.86,17.09,17.37,17.66,17.97,18.28,18.62,18.9208,19.35,19.79,20.3,20.7832,21.58,23.03,23.19,23.31704,23.52308,23.75,23.9722,24.1988,24.56188,25.05088,25.59132,27.31
"CZ008C",-16.65,-13.53088,-12.33264,-11.89132,-11.36056,-10.7286,-10.15528,-9.57232,-9.26704,-8.85,-8.6544,-7.11,-5.9032,-4.9552,-4.14,-3.42,-2.87,-2.35,-1.84,-1.46,-1.09,-0.78,-0.4772,-0.24,0.0139999999999986,0.32,0.6,0.850799999999999,1.13,1.39,1.65,1.84,2.07,2.2844,2.53,2.7756,2.9712,3.18,3.4,3.65,3.89,4.12,4.3148,4.5704,4.88,5.12,5.3772,5.68,5.92,6.15,6.44,6.6952,6.9408,7.2264,7.512,7.84,8.14,8.39,8.69,8.97,9.26,9.53,9.83,10.12,10.408,10.67,10.9492,11.22,11.47,11.746,12.01,12.26,12.45,12.71,12.98,13.25,13.42,13.63,13.87,14.07,14.28,14.48,14.75,14.96,15.18,15.44,15.67,15.9,16.11,16.36,16.61,16.8492,17.12,17.39,17.636,17.8916,18.15,18.4028,18.7084,19.01,19.3,19.62,19.92,20.2764,20.72,21.1976,21.7832,22.5088,23.73,23.90396,24.11,24.33,24.47,24.6888,24.80176,25.19188,25.49088,26.15044,27.07
"CZ009C",-16.8,-13.5422,-12.53264,-11.74188,-11.22176,-10.7488,-10.18584,-9.68308,-9.40704,-9.13396,-8.7732,-6.5688,-5.43,-4.63,-3.772,-2.99,-2.4908,-1.98,-1.54,-1.184,-0.81,-0.54,-0.24,0.01,0.26,0.49,0.775200000000002,1.0308,1.29,1.58,1.88,2.1232,2.32,2.56,2.81,3.06,3.2912,3.53,3.7724,4.03,4.28,4.5592,4.75,4.99,5.236,5.48,5.71,5.9928,6.24,6.53,6.79,7.03,7.32,7.66,7.97,8.29,8.59,8.85,9.12,9.42,9.69,9.95,10.18,10.5124,10.82,11.12,11.43,11.7048,11.98,12.23,12.5,12.74,12.99,13.2784,13.524,13.72,13.9652,14.2,14.4464,14.652,14.88,15.1,15.3588,15.62,15.86,16.07,16.32,16.5568,16.8,17.058,17.29,17.5392,17.7748,17.99,18.27,18.49,18.8272,19.07,19.3484,19.65,19.96,20.31,20.66,21,21.44,21.96,22.56,23.3088,24.6444,24.81,24.93,25.06,25.39792,25.6354,25.93584,26.19132,26.78088,27.24088,29.46
"CZ010C",-16.6,-14.31044,-12.91232,-11.92056,-11.50528,-10.9444,-10.33264,-9.93156,-9.54704,-9.28396,-8.83,-6.56,-5.4632,-4.6876,-3.782,-3.07,-2.45,-2,-1.51,-1.08,-0.79,-0.51,-0.23,0.0684000000000015,0.333999999999999,0.6196,0.89,1.14,1.4064,1.74,1.98,2.24,2.4988,2.75,2.99,3.2056,3.45,3.6868,3.95,4.24,4.52,4.75,4.97,5.22,5.44,5.66,5.9472,6.2,6.44,6.72,6.99,7.23,7.5208,7.82,8.14,8.48,8.74,9.02,9.25,9.55,9.81,10.07,10.36,10.6524,10.94,11.2736,11.54,11.85,12.14,12.38,12.6216,12.87,13.1228,13.3784,13.624,13.85,14.09,14.32,14.55,14.752,15.01,15.2,15.47,15.7,15.91,16.16,16.42,16.6168,16.88,17.15,17.38,17.5992,17.8448,18.09,18.336,18.59,18.91,19.2,19.45,19.704,19.9896,20.37,20.7108,21.03,21.482,22.0176,22.6464,23.3,24.72,24.83,25,25.18616,25.39264,25.68,25.9488,26.30132,27.07176,27.48044,29.61
"CZ011C",-21.1,-14.88924,-13.59144,-12.90056,-12.27176,-11.6822,-11.0064,-10.70924,-10.4152,-10.13792,-9.6788,-7.5776,-6.2164,-5.1576,-4.42,-3.7664,-3.19,-2.6752,-2.3292,-1.894,-1.45,-1.15,-0.8372,-0.53,-0.28,-0.04,0.23,0.47,0.72,1.04,1.29,1.57,1.81,2.0444,2.34,2.64,2.94,3.1468,3.45,3.7,3.99,4.26,4.57,4.82,5.07,5.38,5.62,5.9228,6.19,6.53,6.82,7.1152,7.4,7.67,8,8.3,8.6032,8.89,9.2,9.51,9.7656,10.0512,10.4,10.73,11,11.3036,11.59,11.8948,12.1004,12.38,12.64,12.92,13.18,13.47,13.744,13.9996,14.24,14.4708,14.7364,14.942,15.19,15.4,15.61,15.8144,16.07,16.3,16.51,16.7768,17,17.25,17.51,17.76,17.98,18.23,18.45,18.7916,19.07,19.37,19.62,19.884,20.2,20.54,20.94,21.3064,21.76,22.26,22.9332,23.6576,24.9132,25.03,25.16352,25.42308,25.62264,25.921,26.11704,26.31188,26.72088,27.2626400000001,29.92
"CZ012C",-19.22,-13.7898,-12.0888,-11.18,-10.54168,-9.7476,-9.60264,-9.31,-9.05352,-8.81,-8.5188,-6.5488,-5.32,-4.2876,-3.562,-2.8364,-2.2308,-1.83,-1.42,-1.07,-0.77,-0.49,-0.17,0.06,0.35,0.62,0.895200000000002,1.14,1.38,1.72,1.9476,2.2532,2.5188,2.69,2.91,3.14,3.3612,3.62,3.85,4.06,4.3,4.58,4.8,5.0204,5.26,5.46,5.6772,5.9428,6.17,6.48,6.73,6.99,7.28,7.51,7.82,8.1176,8.3432,8.66,8.94,9.23,9.48,9.74,9.99,10.29,10.598,10.86,11.1392,11.4148,11.72,12,12.27,12.51,12.7528,12.96,13.21,13.48,13.7,13.98,14.19,14.42,14.64,14.85,15.07,15.31,15.53,15.77,16.0112,16.26,16.5,16.74,17,17.2,17.44,17.7,17.94,18.2532,18.51,18.75,19.0484,19.41,19.73,20.07,20.44,20.8164,21.19,21.7652,22.3132,23.0988,24.4644,24.57792,24.7476,24.9,25.22056,25.5622,25.77056,26.2266,26.8232,27.6352800000002,29.17
"CZ013C",-18.22,-15.44572,-14.03728,-13.45,-12.4188,-11.8732,-11.40264,-11.03616,-10.79056,-10.57396,-10.3308,-8.5588,-7.4232,-6.34,-5.446,-4.6364,-4.0516,-3.4652,-3.0596,-2.67,-2.24,-1.96,-1.64,-1.2716,-0.986000000000001,-0.7,-0.43,-0.14,0.11,0.34,0.55,0.77,0.978800000000001,1.2,1.42,1.61,1.85,2.09,2.29,2.548,2.76,3,3.2148,3.4404,3.656,3.8616,4.1,4.33,4.6684,4.93400000000001,5.18,5.44,5.73,6.05,6.28,6.56,6.86,7.1588,7.39,7.69,7.9956,8.2812,8.54,8.83,9.14,9.44,9.74,10.0048,10.2804,10.59,10.81,11.0472,11.25,11.47,11.76,12.01,12.2352,12.45,12.63,12.87,13.11,13.32,13.56,13.8,14.01,14.24,14.5,14.71,14.96,15.178,15.43,15.68,15.91,16.1604,16.4,16.69,16.9872,17.32,17.62,17.93,18.27,18.51,18.87,19.29,19.742,20.25,20.77,21.61,22.9432,23.2298,23.38704,23.64616,24.01792,24.2622,24.56584,24.98132,25.24264,25.6839600000002,26.91
"CZ014C",-18.92,-15.90804,-14.55528,-13.74792,-12.74,-12.0708,-11.38168,-10.93616,-10.50704,-10.23792,-10.11,-8.4488,-7.3432,-6.3876,-5.532,-4.7864,-4.1908,-3.62,-3.19,-2.72,-2.36,-2.03,-1.75,-1.46,-1.14,-0.8,-0.5,-0.219200000000001,0.06,0.29,0.54,0.78,0.99,1.24,1.5,1.7,1.9312,2.18,2.4224,2.7,2.96,3.2,3.42,3.66,3.956,4.22,4.47,4.77,5.03,5.33,5.6,5.84,6.1008,6.36,6.71,7,7.3,7.5888,7.82,8.1,8.39560000000001,8.73,8.98,9.29,9.55,9.9,10.2,10.4648,10.7004,10.97,11.24,11.48,11.7328,11.9684,12.2,12.42,12.64,12.86,13.0464,13.292,13.54,13.77,13.98,14.22,14.45,14.67,14.92,15.18,15.42,15.66,15.9,16.11,16.34,16.6,16.856,17.14,17.45,17.72,18,18.28,18.56,18.93,19.2108,19.58,19.98,20.53,21.1,21.9188,23.16,23.31396,23.56704,23.70308,23.85264,23.9422,24.29704,24.54132,24.8832,25.35044,26.64
"CZ015C",-24.39,-17.27132,-15.87264,-15.1198,-14.4588,-13.4552,-13.00056,-12.37616,-12.04352,-11.71792,-11.3688,-8.4188,-7.0032,-5.7856,-5.03,-4.2964,-3.5908,-2.9352,-2.45,-2,-1.5784,-1.23,-0.8572,-0.57,-0.25,0.05,0.34,0.68,0.93,1.21,1.54,1.85,2.12,2.33,2.65,2.9,3.15,3.39,3.68,3.94,4.24,4.5292,4.8,5.08,5.37,5.6,5.88,6.14,6.43,6.71,6.97,7.2452,7.54,7.84,8.15,8.43,8.7132,8.96,9.25,9.59,9.8556,10.15,10.46,10.73,10.97,11.2336,11.47,11.78,12.08,12.39,12.6216,12.94,13.19,13.4084,13.64,13.9196,14.16,14.42,14.6564,14.87,15.06,15.26,15.49,15.71,15.92,16.17,16.39,16.61,16.8324,17.058,17.26,17.49,17.73,17.96,18.216,18.49,18.7672,19.06,19.39,19.65,19.97,20.25,20.59,20.98,21.412,21.8976,22.48,23.29,24.4844,24.65,24.89,24.98616,25.1784800000001,25.4366,25.68176,25.97132,26.35088,27.2230800000001,29.31
"CZ016C",-17.6,-13.93,-12.16792,-11.16452,-10.42408,-9.8308,-9.53264,-9.34,-9.0576,-8.79396,-8.5488,-6.7276,-5.68,-4.7828,-3.942,-3.28,-2.7208,-2.19,-1.79,-1.45,-1.1,-0.82,-0.52,-0.23,0.0739999999999986,0.31,0.62,0.84,1.14,1.38,1.6376,1.84,2.12,2.35,2.56,2.77,2.99,3.21,3.4524,3.65,3.9,4.1,4.36,4.62,4.816,5.07,5.3,5.56,5.7984,6.03,6.33,6.66,6.9408,7.23,7.46,7.7676,8.1,8.36,8.67,8.96,9.24,9.5312,9.8368,10.13,10.438,10.71,11.03,11.31,11.5904,11.89,12.15,12.42,12.65,12.88,13.12,13.3996,13.63,13.85,14.1,14.32,14.5476,14.76,15.0188,15.24,15.48,15.72,15.96,16.19,16.43,16.698,16.93,17.19,17.43,17.67,17.95,18.23,18.53,18.88,19.14,19.468,19.8196,20.1652,20.54,20.98,21.42,21.98,22.6064,23.39,24.7576,24.95396,25.08352,25.22308,25.7658400000001,26.1322,26.44056,26.92132,27.33088,27.95,29.41
"CZ017C",-24.3,-17.56308,-16.46088,-15.3466,-14.76,-13.8366,-13.14792,-12.49308,-12.2676,-11.91396,-11.7008,-8.39,-7.05,-5.8708,-5.05,-4.34,-3.61,-2.98,-2.43,-2.024,-1.62,-1.2028,-0.8372,-0.54,-0.24,0.07,0.375200000000002,0.68,0.97,1.24,1.57,1.89,2.15,2.38,2.68,2.94,3.19,3.43,3.7224,3.97,4.3036,4.56,4.85,5.1404,5.41,5.66,5.92,6.18,6.4684,6.77,7.02,7.28,7.57,7.8364,8.17,8.45,8.73,8.97,9.26439999999999,9.62,9.89,10.1712,10.49,10.76,10.98,11.24,11.5,11.77,12.0804,12.38,12.66,12.9372,13.19,13.43,13.66,13.92,14.1652,14.43,14.66,14.88,15.08,15.29,15.4988,15.7,15.93,16.18,16.4,16.63,16.84,17.06,17.26,17.51,17.7348,17.95,18.21,18.47,18.74,19.07,19.38,19.63,19.94,20.23,20.57,20.9664,21.412,21.86,22.48,23.3188,24.4444,24.63,24.84704,24.95,25.15,25.38,25.65528,25.89924,26.37264,27.15044,29
"CZ018C",-18.08,-14.3932,-13.0088,-11.89584,-11.43056,-10.7766,-10.46,-10.20232,-9.77112,-9.49396,-9.2488,-7.4776,-6.43,-5.6176,-4.772,-3.97,-3.48,-2.89,-2.4496,-2.09,-1.7884,-1.46,-1.18,-0.89,-0.526000000000001,-0.29,0,0.24,0.51,0.74,0.977599999999998,1.24,1.46,1.65,1.86,2.09,2.3012,2.54,2.7424,2.95,3.19,3.4192,3.64,3.86,4.09,4.35,4.58,4.79,5.04,5.31,5.6,5.8752,6.18,6.45,6.71,6.9876,7.26,7.55,7.82,8.09,8.4156,8.7,8.97,9.24240000000001,9.5,9.84,10.1392,10.4,10.71,11.02,11.26,11.49,11.71,11.92,12.174,12.41,12.63,12.88,13.07,13.31,13.55,13.78,14.01,14.21,14.45,14.6556,14.92,15.14,15.37,15.6,15.86,16.1,16.33,16.5804,16.856,17.1216,17.43,17.73,18.0284,18.34,18.66,19.0152,19.37,19.76,20.24,20.7,21.2964,22.1388,23.4188,23.62396,23.81352,24.07232,24.3632,24.8422,25.16704,25.52264,25.97,26.61044,28.04
"DE001C",-17.77,-12.77276,-10.74352,-9.82188,-9.16352,-8.7388,-8.35528,-8.01308,-7.51056,-7.2,-6.9888,-5.0788,-3.9532,-2.9276,-2.28,-1.71,-1.2,-0.79,-0.4396,-0.16,0.18,0.4372,0.72,1.04,1.3,1.57,1.84,2.1108,2.3764,2.652,2.92,3.22,3.48,3.75,3.95,4.17,4.41,4.64,4.85,5.07,5.3136,5.5592,5.76,5.98,6.22,6.43,6.69,6.9028,7.15,7.38,7.66,7.9,8.17,8.43,8.65,8.9276,9.18,9.43,9.73,10.04,10.33,10.62,10.9,11.17,11.42,11.71,11.97,12.28,12.53,12.79,13.03,13.29,13.5328,13.74,14.02,14.24,14.48,14.72,14.94,15.16,15.4,15.6,15.8,16.01,16.22,16.43,16.65,16.87,17.09,17.29,17.55,17.78,18.04,18.2704,18.51,18.78,19,19.3428,19.63,19.89,20.18,20.61,20.9808,21.4064,21.892,22.42,23.01,23.964,25.0888,25.31792,25.51056,25.63924,25.84,26.1622,26.51,26.81056,27.59088,28.5244000000002,30.1
"DE002C",-15.37,-9.9122,-8.99088,-8.02924,-7.48704,-7.082,-6.72056,-6.27616,-5.98704,-5.8,-5.6288,-3.9288,-2.8932,-2.1028,-1.52,-1.01,-0.570799999999999,-0.22,0.12,0.44,0.82,1.11,1.4328,1.7284,2.02,2.28,2.5452,2.8008,3.06,3.35,3.5776,3.82,4.02,4.23,4.45,4.67,4.87,5.08,5.26,5.45,5.6436,5.82,6.0148,6.21,6.42,6.61,6.8272,7.05,7.25,7.48,7.64,7.86,8.1008,8.3264,8.54,8.76,9,9.24,9.48,9.75,10.01,10.28,10.55,10.7824,11.03,11.3,11.52,11.76,12.04,12.26,12.4716,12.71,12.91,13.13,13.31,13.53,13.72,13.92,14.07,14.27,14.4376,14.61,14.78,14.99,15.17,15.35,15.57,15.77,15.9724,16.2,16.38,16.56,16.74,16.96,17.216,17.47,17.69,17.9328,18.21,18.494,18.81,19.1752,19.49,19.91,20.34,20.9176,21.7432,22.57,23.57,23.76792,23.93352,24.09,24.3790400000001,24.7022,25.07176,25.78528,26.1544,27.00044,28.22
"DE003C",-15.49,-12.49012,-11.21232,-10.63584,-9.72352,-9.4122,-8.93,-8.5654,-8.15704,-7.8,-7.68,-5.78,-4.7864,-4.03,-3.34,-2.83,-2.36,-1.74,-1.3496,-0.95,-0.63,-0.35,-0.08,0.2,0.49,0.7,0.92,1.18,1.4164,1.672,1.92,2.12,2.34,2.57,2.8,3.07,3.3,3.56,3.8,4.02,4.2536,4.5,4.7448,5.04,5.31,5.56,5.81,6.06,6.32,6.56,6.8296,7.09,7.37,7.62,7.89,8.1276,8.4332,8.68,8.95,9.19,9.46560000000001,9.77,10.09,10.36,10.61,10.89,11.15,11.35,11.6,11.816,12.06,12.31,12.51,12.74,12.96,13.22,13.4052,13.67,13.92,14.11,14.3476,14.54,14.75,14.96,15.18,15.37,15.5812,15.82,16.04,16.26,16.5,16.78,17.0448,17.32,17.606,17.89,18.15,18.4,18.67,18.99,19.3096,19.6252,19.9116,20.33,20.76,21.16,21.7432,22.51,23.7544,23.92396,24.03352,24.22308,24.38528,24.65,24.91352,25.25132,25.60176,26.1117600000001,27.43
"DE004C",-14.53,-8.36232,-7.2044,-6.43264,-5.92,-5.39,-4.99528,-4.58308,-4.14,-3.98792,-3.8144,-2.5888,-1.75,-1.06,-0.531999999999999,-0.0263999999999999,0.419200000000001,0.78,1.12,1.47,1.8016,2.13,2.44,2.74,3.07,3.35,3.6252,3.86,4.1,4.32,4.5576,4.7732,4.9988,5.21,5.4,5.6,5.81,6.04,6.22,6.41,6.61,6.8392,7.0448,7.2404,7.44,7.6516,7.84,8.0328,8.22,8.46,8.64,8.79,9.04,9.24,9.47,9.71,9.95,10.16,10.37,10.59,10.8256,11.0512,11.31,11.54,11.758,11.9972,12.22,12.43,12.67,12.87,13.12,13.32,13.55,13.72,13.9,14.1,14.29,14.4908,14.7064,14.9,15.1,15.29,15.4788,15.6544,15.86,16.04,16.23,16.42,16.61,16.82,17.04,17.2492,17.49,17.74,17.986,18.23,18.48,18.77,19.04,19.34,19.6196,19.9452,20.37,20.7964,21.252,21.6776,22.3832,23.26,24.6932,24.86584,25.04,25.2315599999999,25.51264,25.6888,26.0328799999999,26.46792,27.21704,28.1405600000004,31.1
"DE005C",-14.02,-8.80484,-7.6832,-6.96396,-6.55704,-6.2044,-5.82264,-5.52616,-5.29704,-5.16396,-4.9644,-3.45,-2.48,-1.8876,-1.33,-0.7964,-0.4,-0.00519999999999982,0.26,0.62,1,1.3272,1.59,1.85,2.12,2.4196,2.6752,2.99,3.24,3.492,3.75,4,4.21,4.45,4.65,4.8556,5.0912,5.33,5.58,5.8,6.01,6.22,6.46,6.69,6.97,7.1516,7.34,7.55,7.78,8.004,8.23,8.46,8.68,8.89,9.18,9.48,9.69,9.95,10.2,10.44,10.65,10.89,11.13,11.4124,11.69,11.9036,12.2,12.47,12.7,12.97,13.22,13.44,13.66,13.85,14.09,14.31,14.51,14.7108,14.9064,15.16,15.37,15.62,15.84,16.07,16.28,16.51,16.72,16.94,17.17,17.4,17.64,17.83,18.08,18.33,18.55,18.89,19.18,19.53,19.85,20.13,20.4596,20.83,21.2408,21.5764,21.96,22.51,23.0964,23.9288,25.1544,25.34396,25.51704,25.78,26.0058400000001,26.4832,26.87232,27.4232,28.38088,28.8383600000003,31.29
"DE006C",-14.37,-8.87452,-7.8288,-7.01528,-6.23344,-5.5744,-5.22264,-4.82,-4.48,-4.31,-4.16,-2.8388,-1.96,-1.25,-0.711999999999999,-0.19,0.239200000000001,0.61,0.99,1.32,1.63,2.03,2.32,2.6384,2.9,3.2296,3.53,3.76,4,4.22,4.4376,4.65,4.83,5.05,5.24,5.44,5.67,5.87,6.09,6.25,6.47,6.65,6.85,7.03,7.23,7.45,7.66,7.86,8.05,8.23,8.43,8.63,8.84,9.02,9.24,9.4876,9.71,9.94,10.1444,10.4,10.64,10.86,11.08,11.35,11.57,11.79,12.01,12.26,12.49,12.67,12.91,13.0872,13.3,13.5,13.68,13.8896,14.06,14.24,14.45,14.66,14.8576,15.0532,15.22,15.43,15.61,15.7856,15.98,16.17,16.36,16.54,16.74,16.98,17.2,17.44,17.66,17.89,18.19,18.45,18.71,19.02,19.3,19.65,20.0608,20.48,20.95,21.4476,22.09,22.96,24.4,24.59,24.77,24.93308,25.29264,25.5244,25.77,26.1166,26.9002399999999,28.0022000000001,29.94
"DE007C",-13.62,-11.58484,-10.10816,-9.25056,-8.57056,-8.2088,-7.93264,-7.3608,-7.0376,-6.7598,-6.4844,-4.7376,-3.71,-2.93,-2.272,-1.7664,-1.31,-0.92,-0.5,-0.18,0.14,0.46,0.7328,1.0584,1.35,1.61,1.9,2.14,2.37,2.622,2.87,3.11,3.38,3.65,3.88,4.13,4.3712,4.61,4.8524,5.08,5.32,5.5592,5.8048,6.06,6.286,6.54,6.77,6.97,7.1884,7.44,7.65,7.9,8.1208,8.4,8.642,8.8776,9.09,9.34,9.59,9.86,10.08,10.36,10.61,10.84,11.088,11.3336,11.57,11.83,12.08,12.34,12.62,12.82,13.02,13.2684,13.47,13.69,13.89,14.0808,14.3,14.52,14.73,14.91,15.1,15.3244,15.55,15.76,15.93,16.1668,16.4,16.63,16.8436,17.11,17.34,17.63,17.92,18.2232,18.52,18.8,19.11,19.4,19.71,20.1,20.46,20.7864,21.19,21.6776,22.28,22.9488,24.2532,24.46188,24.59352,24.80308,24.97264,25.17,25.4693599999999,25.99264,26.46176,27.4061600000002,28.9
"DE008C",-17.08,-12.57088,-11.29616,-10.50452,-9.68176,-8.8622,-8.17056,-7.66852,-7.38,-7.00188,-6.7244,-5.0288,-3.8,-2.8876,-2.212,-1.6064,-1.0508,-0.65,-0.32,0.04,0.301600000000001,0.6572,0.95,1.2468,1.52,1.82,2.12,2.4,2.67,2.94,3.2,3.4732,3.6888,3.92,4.15,4.38,4.6,4.85,5.09,5.298,5.54,5.7692,6.02,6.1804,6.38,6.6316,6.86,7.12,7.38,7.61400000000001,7.8496,8.1,8.32,8.58,8.81,9.05,9.34,9.62,9.89,10.16,10.41,10.65,10.91,11.16,11.43,11.75,11.99,12.24,12.5,12.786,13.02,13.2672,13.51,13.7284,13.99,14.22,14.45,14.65,14.8564,15.09,15.2976,15.5,15.73,15.9944,16.18,16.4,16.62,16.82,17.02,17.26,17.5036,17.76,17.9948,18.2404,18.49,18.75,19.01,19.25,19.5484,19.88,20.2396,20.56,20.91,21.31,21.81,22.2652,22.8632,23.7188,24.8644,25.06396,25.26704,25.57308,25.72264,25.9688,26.23352,26.5932,27.42968,28.0748400000002,29.77
"DE009C",-18.57,-14.26528,-12.68408,-11.5832,-11.07352,-10.4188,-10.17,-9.8454,-9.36704,-9.04584,-8.7944,-6.46,-5.0764,-4.13,-3.32,-2.69,-2.0608,-1.5052,-1.11,-0.763999999999999,-0.4,-0.0927999999999997,0.2028,0.47,0.77,1.06,1.3252,1.59,1.86,2.14,2.38,2.6,2.84,3.08,3.33,3.61,3.86,4.0668,4.31,4.55,4.79,4.99,5.2,5.42,5.686,5.96,6.2,6.4428,6.72,6.97,7.2,7.43,7.69,7.93,8.2,8.46,8.72,9.03,9.31,9.57,9.82,10.09,10.3668,10.62,10.87,11.13,11.4084,11.6696,11.9104,12.21,12.4416,12.7,12.96,13.19,13.45,13.69,13.9352,14.1608,14.34,14.56,14.79,15.0032,15.26,15.47,15.67,15.89,16.12,16.33,16.5424,16.76,17.03,17.28,17.51,17.76,18,18.26,18.52,18.76,19.0568,19.35,19.69,19.98,20.38,20.8064,21.24,21.75,22.35,23.1176,24.3444,24.49188,24.67352,24.94308,25.12,25.441,25.70528,26.1750799999999,26.8784799999999,27.9226400000001,28.62
"DE010C",-14.64,-10.14572,-8.25112,-7.53264,-7.08584,-6.4488,-5.82792,-5.55,-5.18352,-4.82,-4.6144,-3.1988,-2.35,-1.62,-1.03,-0.4564,0.01,0.34,0.7404,1.09,1.37,1.72,2.0928,2.4,2.664,2.98,3.2952,3.56,3.7964,4.03,4.25,4.47,4.68,4.87,5.08,5.3,5.51,5.74,5.92,6.12,6.3,6.49,6.72,6.93,7.12,7.32,7.53,7.74,7.92,8.1,8.32,8.53,8.73,8.92,9.14,9.39,9.61,9.84,10.05,10.26,10.52,10.77,10.9968,11.24,11.48,11.7,11.94,12.16,12.3804,12.616,12.81,13.02,13.25,13.44,13.614,13.8096,13.97,14.1608,14.36,14.592,14.8,14.97,15.15,15.34,15.55,15.74,15.93,16.11,16.28,16.49,16.7,16.92,17.18,17.39,17.636,17.86,18.14,18.39,18.6584,18.944,19.2696,19.6,20.03,20.44,20.91,21.3976,22.0532,22.9588,24.3232,24.44396,24.66352,24.88308,25.17264,25.45,25.80352,26.04792,26.8337599999999,27.7483600000003,29.45
"DE011C",-14.09,-8.78132,-7.16264,-6.64396,-5.70352,-5.2832,-4.92264,-4.29156,-4.0152,-3.88,-3.7044,-2.5088,-1.6932,-0.98,-0.431999999999999,0.08,0.539200000000001,0.89,1.2704,1.59,1.96,2.26,2.5928,2.93,3.23,3.52,3.7852,4.04,4.2864,4.48,4.73,4.95,5.1488,5.32,5.54,5.74,5.97,6.17,6.38,6.56,6.73,6.95,7.1548,7.34,7.52,7.78,7.9572,8.16,8.3484,8.524,8.71,8.93,9.13,9.32,9.56,9.7976,10.0032,10.23,10.47,10.68,10.9356,11.1712,11.37,11.64,11.878,12.1,12.33,12.52,12.76,12.98,13.2116,13.4,13.5928,13.8,14.01,14.1996,14.3652,14.56,14.77,15,15.18,15.35,15.52,15.73,15.91,16.0856,16.28,16.49,16.67,16.86,17.0636,17.3,17.55,17.73,17.95,18.2,18.49,18.75,19.03,19.304,19.5996,19.94,20.34,20.79,21.22,21.71,22.316,23.2176,24.5988,24.80396,24.98,25.28616,25.44528,25.6744,26.01528,26.35528,27.16056,28.1413200000001,30.55
"DE012C",-13.8,-8.8554,-7.74376,-7.18056,-6.57408,-6.1744,-5.84264,-5.49848,-5.20352,-5.07,-4.89,-3.43,-2.3532,-1.64,-1.07,-0.5664,-0.15,0.2148,0.5604,0.95,1.28,1.6072,1.94,2.23,2.55,2.79,3.09,3.3608,3.58,3.82,4.0876,4.3,4.5288,4.7288,4.96,5.19,5.37,5.55,5.71,5.89,6.09,6.28,6.4648,6.66,6.84,7.01,7.2372,7.44,7.63,7.834,8.06,8.27519999999999,8.48,8.68,8.862,9.07,9.34,9.62,9.86,10.1,10.36,10.6112,10.83,11.07,11.34,11.58,11.81,12.02,12.2304,12.446,12.69,12.91,13.11,13.3,13.47,13.66,13.84,14.05,14.21,14.42,14.59,14.77,14.98,15.1544,15.3,15.48,15.65,15.85,16.04,16.27,16.45,16.63,16.81,17.03,17.29,17.55,17.8,18.05,18.32,18.58,18.8696,19.2,19.5708,19.97,20.45,20.9176,21.5664,22.4076,23.62,23.76792,23.96352,24.18232,24.35,24.581,25.08528,25.41528,26.0344,26.4413200000001,28.63
"DE013C",-19.16,-10.02484,-8.95792,-8.56132,-7.58176,-7.0696,-6.73264,-6.54308,-6.29352,-5.91396,-5.5844,-3.9188,-2.8332,-2,-1.424,-0.7764,-0.42,-0.09,0.3,0.64,0.97,1.34,1.68,1.94,2.25,2.53,2.8,3.06,3.31,3.55,3.81,4.07,4.3,4.48,4.75,4.97,5.1812,5.38,5.56,5.73,5.93,6.14,6.37,6.55,6.76,6.98,7.2,7.41,7.5884,7.82,8.0596,8.27,8.48,8.72,8.95,9.19,9.43,9.71,9.98,10.21,10.43,10.6612,10.93,11.16,11.378,11.63,11.9092,12.15,12.3904,12.6,12.8016,13.05,13.28,13.47,13.69,13.87,14.08,14.27,14.48,14.67,14.86,15.06,15.28,15.44,15.64,15.85,16.05,16.25,16.45,16.64,16.86,17.09,17.32,17.5404,17.75,18.0216,18.3,18.62,18.87,19.18,19.48,19.8152,20.2008,20.5864,21.1,21.6076,22.25,23.14,24.3944,24.54396,24.69408,24.9454,25.2032000000001,25.3944,25.83528,26.37396,26.7344,27.4517600000001,29.08
"DE014C",-16.05,-12.69132,-10.64232,-9.7766,-9.3388,-8.682,-8.18528,-7.62616,-7.35,-7.15,-6.9,-5.3776,-4.21,-3.33,-2.71,-2.1464,-1.56,-1.1352,-0.79,-0.423999999999999,-0.08,0.1972,0.45,0.7,0.96,1.2396,1.49,1.75,1.96,2.19,2.43,2.6832,2.9688,3.2444,3.46,3.66,3.9,4.12,4.3724,4.65,4.88,5.12,5.3448,5.58,5.806,6.0916,6.32,6.55,6.78,7.05,7.3,7.56,7.8108,8.08,8.33,8.59,8.8532,9.12,9.4,9.67,9.9456,10.2112,10.49,10.76,11.04,11.32,11.56,11.82,12.06,12.3,12.57,12.81,13.0628,13.3084,13.494,13.7296,13.97,14.24,14.44,14.66,14.87,15.09,15.3288,15.51,15.72,15.94,16.1612,16.4168,16.6524,16.878,17.16,17.42,17.71,17.96,18.24,18.5116,18.8,19.0528,19.3984,19.7,20.04,20.4,20.78,21.16,21.62,22.0876,22.69,23.4676,24.8488,25.00792,25.19,25.35,25.62056,25.8319999999999,26.32232,26.67528,27.0844,27.7558400000006,28.79
"DE015C",-14.52,-9.541,-8.06672,-7.22,-6.5964,-6.1032,-5.68264,-5.28772,-4.85408,-4.55188,-4.4044,-3.03,-2.1632,-1.4676,-0.881999999999999,-0.35,0.13,0.4748,0.89,1.2,1.5032,1.9,2.2,2.52,2.79,3.1,3.41,3.67,3.9064,4.14,4.35,4.5732,4.7788,4.99,5.16,5.37,5.62,5.81,6.0324,6.198,6.4,6.59,6.81,6.9904,7.18,7.41,7.61,7.83,8,8.18,8.4,8.58,8.79,8.99,9.22,9.44,9.68,9.91,10.1,10.36,10.61,10.8312,11.05,11.31,11.54,11.77,11.9892,12.24,12.4504,12.656,12.88,13.08,13.29,13.5,13.68,13.87,14.0452,14.21,14.43,14.64,14.85,15.03,15.2188,15.4,15.6,15.78,15.98,16.16,16.36,16.54,16.7336,16.98,17.2148,17.45,17.67,17.8916,18.19,18.4728,18.71,19,19.33,19.65,20.1,20.5028,20.966,21.47,22.11,23.0288,24.4444,24.57,24.78352,24.99232,25.28792,25.56,25.81352,26.12132,27.0332,27.95132,29.68
"DE016C",-15.75,-10.00176,-8.72352,-8.02188,-7.45352,-6.7808,-6.50264,-6.06616,-5.88352,-5.48772,-5.2344,-3.73,-2.75,-1.94,-1.354,-0.8164,-0.44,-0.1,0.27,0.646000000000001,0.98,1.3072,1.6328,1.97,2.244,2.52,2.81,3.04,3.34,3.56,3.79,4.01,4.24,4.4244,4.61,4.8256,5.05,5.26,5.46,5.66,5.83,6.03,6.23,6.43,6.63,6.8316,7.04,7.23,7.4884,7.67,7.9,8.11,8.3008,8.52,8.702,9,9.22,9.45,9.68,9.91,10.16,10.41,10.65,10.88,11.11,11.39,11.64,11.85,12.1,12.3,12.5116,12.75,12.98,13.2,13.36,13.55,13.73,13.93,14.13,14.35,14.5276,14.73,14.93,15.11,15.27,15.46,15.68,15.8668,16.0924,16.318,16.5236,16.73,16.98,17.2104,17.45,17.7016,17.9472,18.2728,18.5484,18.84,19.15,19.49,19.86,20.37,20.85,21.33,21.9932,22.9264,24.2744,24.43,24.55056,24.76308,25.12528,25.4819999999999,25.80056,26.32188,27.06176,27.7617600000001,29.86
"DE017C",-15.48,-11.99924,-10.65088,-9.9898,-9.23984,-8.3286,-7.71264,-7.26616,-7.02352,-6.6998,-6.2852,-4.5676,-3.5332,-2.6076,-1.98,-1.4164,-0.9,-0.48,-0.16,0.196000000000001,0.51,0.82,1.1228,1.42,1.7,2,2.26,2.54,2.83,3.11,3.38,3.63,3.83,4.0744,4.33,4.5456,4.7812,5.0068,5.23,5.448,5.66,5.91,6.15,6.34,6.546,6.78,7.02,7.24,7.49,7.74,7.99,8.23,8.49,8.74,8.98,9.2,9.46,9.73,10.01,10.27,10.5456,10.77,11.02,11.33,11.57,11.8736,12.1,12.34,12.65,12.89,13.14,13.4,13.62,13.86,14.08,14.32,14.57,14.76,14.95,15.16,15.38,15.6,15.83,16.05,16.3,16.4856,16.7,16.9,17.16,17.37,17.6,17.82,18.09,18.33,18.55,18.83,19.09,19.38,19.6384,19.978,20.37,20.6752,20.9808,21.42,21.892,22.42,23.01,23.86,25.0676,25.2898,25.49704,25.6454,25.87,26.1144,26.35704,26.93,27.7044,28.3130800000001,30.04
"DE018C",-16.2,-11.23528,-10.10704,-9.27396,-8.50352,-8.1232,-7.72264,-7.23924,-7.02352,-6.81584,-6.5888,-4.4876,-3.37,-2.57,-1.884,-1.2764,-0.790799999999999,-0.41,-0.09,0.23,0.511600000000001,0.83,1.14,1.4184,1.71,2.0096,2.29,2.5508,2.83,3.1,3.38,3.6232,3.89,4.12,4.37,4.58,4.81,5.0068,5.23,5.41,5.61,5.84,6.09,6.3104,6.52,6.74,6.97,7.2128,7.44,7.68,7.91,8.16,8.44,8.69,8.92,9.15,9.37,9.6488,9.94,10.19,10.45,10.73,10.98,11.23,11.5,11.7836,12.02,12.33,12.55,12.806,13.05,13.2572,13.5,13.75,13.96,14.2,14.4252,14.61,14.8364,15.03,15.22,15.41,15.62,15.84,16.07,16.27,16.52,16.72,16.94,17.158,17.37,17.65,17.88,18.11,18.33,18.62,18.8772,19.16,19.4484,19.774,20.09,20.41,20.82,21.26,21.74,22.28,22.87,23.74,24.9088,25.1,25.29704,25.4915599999999,25.72264,25.97,26.16176,26.62056,27.34176,28.08044,29.82
"DE019C",-14.4,-9.36308,-7.98056,-7.30924,-6.9576,-6.5822,-6.2432,-5.95388,-5.6576,-5.47188,-5.3344,-3.6788,-2.7,-2.1376,-1.5,-1.0364,-0.6,-0.24,0.1,0.446000000000001,0.81,1.09,1.36,1.61,1.87,2.15,2.4352,2.7508,2.9864,3.23,3.47,3.7032,3.95,4.17,4.36,4.57,4.82,5.05,5.29,5.51,5.7,5.95,6.18,6.41,6.65,6.85,7.03,7.2528,7.48,7.72,7.9796,8.18,8.41,8.62,8.87,9.15,9.4,9.6588,9.91,10.13,10.36,10.59,10.86,11.12,11.398,11.62,11.88,12.15,12.3804,12.68,12.91,13.12,13.32,13.5484,13.754,13.95,14.2,14.4208,14.5964,14.83,15.04,15.26,15.5088,15.7144,15.94,16.16,16.3612,16.58,16.78,17.048,17.2836,17.5,17.75,17.9604,18.19,18.5016,18.87,19.1928,19.4984,19.794,20.09,20.46,20.83,21.23,21.6,22.1376,22.7532,23.6,24.91,25.1098,25.33704,25.53,25.83056,26.3722,26.75176,27.17056,27.83176,28.5426400000001,31.55
"DE020C",-17.01,-11.01704,-9.9944,-9.45792,-8.76176,-8.4322,-7.86848,-7.5362,-7.30352,-6.89188,-6.644,-5.04,-3.9864,-3.17,-2.432,-1.83,-1.3,-0.92,-0.57,-0.24,0.04,0.3472,0.64,0.93,1.15,1.43,1.6952,1.93,2.19,2.41,2.67,2.88,3.09,3.3,3.53,3.75,3.95,4.16,4.35,4.58,4.79,5.02,5.22,5.43,5.65,5.91,6.11,6.37,6.58,6.78,7.01,7.25,7.46,7.71,7.912,8.12,8.36,8.62,8.89,9.16,9.39560000000001,9.6312,9.87,10.1024,10.308,10.57,10.82,11.07,11.3104,11.53,11.8,12.0372,12.27,12.48,12.7,12.8696,13.09,13.26,13.45,13.66,13.86,14.06,14.26,14.5,14.7,14.9056,15.09,15.31,15.52,15.7,15.9036,16.1492,16.38,16.6,16.87,17.14,17.44,17.69,17.9884,18.29,18.6,18.9152,19.29,19.68,20.16,20.67,21.1832,22.0788,23.2144,23.47,23.77,24.07308,24.2384800000001,24.4322,24.63176,25.17396,25.82176,26.4144000000002,27.36
"DE021C",-14.22,-8.55584,-7.54616,-6.6166,-5.94936,-5.3422,-4.82056,-4.45924,-4.22352,-4.04396,-3.83,-2.5488,-1.7432,-1.0276,-0.491999999999999,-0.01,0.43,0.81,1.1704,1.51,1.82,2.1872,2.5228,2.8284,3.104,3.41,3.7,3.94,4.17,4.38,4.6076,4.82,5.01,5.2,5.41,5.6156,5.83,6.03,6.25,6.42,6.62,6.82,7.01,7.19,7.38,7.6,7.8172,8.0128,8.2,8.38,8.5896,8.78,8.99,9.15,9.4,9.61,9.85,10.08,10.3,10.51,10.77,11.01,11.22,11.48,11.72,11.93,12.15,12.39,12.61,12.81,13.05,13.23,13.4328,13.62,13.814,14.02,14.19,14.37,14.6064,14.79,14.99,15.18,15.36,15.54,15.74,15.91,16.09,16.3,16.4924,16.66,16.87,17.11,17.32,17.55,17.766,18,18.29,18.5428,18.81,19.12,19.39,19.74,20.1408,20.57,21,21.54,22.1432,23.0376,24.4444,24.58584,24.83704,25.0054,25.34264,25.5444,25.78,26.1132,26.94144,28.0022000000001,30.06
"DE022C",-13.95,-8.3544,-6.90024,-6.30792,-5.58056,-4.9922,-4.48792,-4.17616,-3.89704,-3.75,-3.4944,-2.23,-1.49,-0.7876,-0.271999999999999,0.21,0.65,1.08,1.42,1.776,2.14,2.5,2.83,3.14,3.424,3.71,4,4.24,4.4564,4.67,4.94,5.11,5.31,5.51,5.71,5.9,6.11,6.32,6.5124,6.73,6.9,7.11,7.27,7.47,7.65,7.8516,8.05,8.25,8.43,8.65400000000001,8.82,9.02,9.21,9.41,9.61,9.8576,10.11,10.3,10.51,10.75,10.99,11.24,11.46,11.68,11.948,12.16,12.41,12.61,12.8204,13.03,13.26,13.46,13.67,13.83,14.03,14.23,14.4152,14.61,14.81,15.04,15.22,15.38,15.58,15.76,15.94,16.13,16.29,16.4968,16.6724,16.85,17.05,17.27,17.5,17.72,17.94,18.17,18.46,18.7028,18.95,19.22,19.53,19.87,20.2608,20.69,21.08,21.63,22.1896,23.1088,24.46,24.67396,24.80352,24.96308,25.2932000000001,25.5222,25.81,26.14188,26.8002399999999,27.9344000000002,30.04
"DE023C",-13.69,-9.47704,-7.94352,-7.20452,-6.5688,-6.3466,-5.96528,-5.6154,-5.22112,-5.01396,-4.84,-3.4,-2.38,-1.8,-1.272,-0.7664,-0.320799999999999,0.07,0.41,0.75,1.07,1.3572,1.69,1.98,2.29,2.5696,2.8352,3.0908,3.32,3.6,3.87,4.08,4.32,4.55,4.78,4.98,5.22,5.4468,5.6724,5.91,6.13,6.34,6.5748,6.8004,7.07,7.28,7.48,7.7,7.93,8.12,8.34,8.54,8.78,8.9864,9.272,9.56,9.79,10.07,10.3,10.55,10.77,10.9912,11.25,11.53,11.74,11.99,12.29,12.52,12.82,13.08,13.28,13.51,13.71,13.96,14.18,14.39,14.57,14.7808,14.9864,15.22,15.43,15.6532,15.91,16.14,16.35,16.58,16.7812,17.01,17.2424,17.45,17.68,17.94,18.16,18.4104,18.7,18.98,19.28,19.6028,19.93,20.22,20.53,20.96,21.3208,21.75,22.1,22.58,23.1764,24.02,25.2244,25.42,25.61352,25.8854,26.14792,26.621,26.94528,27.45264,28.31264,29.2622000000001,30.59
"DE024C",-13.97,-9.9822,-8.76088,-7.66264,-6.97232,-6.6222,-6.20112,-5.93308,-5.73704,-5.59,-5.39,-3.8752,-2.9432,-2.24,-1.64,-1.1564,-0.75,-0.4,-0.05,0.24,0.59,0.9,1.2428,1.53,1.804,2.07,2.33,2.58,2.82,3.07,3.31,3.49,3.7,3.93,4.15,4.41,4.61,4.8,5.0124,5.21,5.41,5.64,5.82,6.03,6.25,6.43,6.65,6.86,7.11,7.31400000000001,7.56,7.75,7.99,8.21,8.41,8.63,8.86,9.08,9.32,9.51,9.77,10.02,10.27,10.4724,10.71,10.91,11.18,11.44,11.63,11.826,12.06,12.2572,12.48,12.67,12.87,13.09,13.33,13.51,13.69,13.89,14.1,14.29,14.51,14.73,14.95,15.1556,15.34,15.5268,15.73,15.97,16.2,16.42,16.6748,16.8804,17.15,17.4116,17.67,17.9328,18.28,18.614,18.9096,19.26,19.6,20.01,20.46,20.95,21.5,22.4352,23.5844,23.80396,24.0146400000001,24.17616,24.45264,24.8244,25.1588,25.75132,26.31528,26.88088,28.79
"DE025C",-13.02,-10.91352,-8.90352,-8.43,-8.02528,-7.6398,-7.16112,-6.88924,-6.63704,-6.32,-6.1244,-4.5188,-3.4464,-2.7976,-2.11,-1.6664,-1.1708,-0.7,-0.36,-0.00399999999999864,0.271600000000001,0.57,0.86,1.1684,1.454,1.7496,2.01,2.26,2.55,2.782,3.07,3.3332,3.53,3.76,3.99,4.21,4.41,4.61,4.8724,5.138,5.38,5.64,5.89,6.1,6.32,6.5716,6.84,7.07,7.34,7.57400000000001,7.78,8.01519999999999,8.29,8.52,8.77,9.04,9.26,9.5088,9.77,10.06,10.3,10.55,10.79,11.0624,11.28,11.55,11.81,12.11,12.35,12.6,12.82,13.05,13.28,13.51,13.72,13.9396,14.15,14.3508,14.5764,14.792,14.98,15.25,15.47,15.67,15.86,16.07,16.28,16.51,16.75,16.96,17.23,17.48,17.75,18.04,18.3,18.6,18.86,19.17,19.49,19.9,20.25,20.59,20.97,21.3864,21.852,22.25,22.8632,23.59,24.7276,25.01,25.20056,25.46,25.66792,25.8944,26.23176,26.4066,26.9644,27.61132,29.13
"DE026C",-17.52,-12.64,-11.6144,-10.73132,-9.90528,-9.441,-8.87528,-8.34848,-7.92352,-7.67792,-7.4732,-5.85,-4.7632,-3.8876,-3.102,-2.5164,-2.04,-1.52,-1.0896,-0.72,-0.39,-0.12,0.17,0.46,0.71,0.96,1.1852,1.42,1.6864,1.91,2.13,2.3532,2.62,2.87,3.11,3.37,3.59,3.81,4.05,4.31,4.5372,4.82,5.05,5.27,5.516,5.84,6.07,6.32,6.6,6.89,7.12,7.36,7.69,7.93,8.25,8.53,8.8,9.1,9.4,9.68,9.96,10.2212,10.49,10.7724,11.05,11.39,11.67,11.95,12.19,12.426,12.66,12.91,13.1228,13.3384,13.6,13.83,14.04,14.2708,14.53,14.77,15,15.2132,15.4288,15.68,15.87,16.09,16.28,16.48,16.69,16.95,17.27,17.54,17.79,18.0504,18.32,18.62,18.91,19.12,19.44,19.74,20.01,20.3452,20.7608,21.1964,21.55,21.98,22.5064,23.28,24.5044,24.79376,25.03352,25.17,25.34528,25.5922,25.88232,26.19396,26.54056,27.20088,28.2
"DE027C",-20.12,-13.10088,-11.23056,-10.48264,-9.93528,-9.6,-9.08792,-8.5554,-8.1176,-7.74792,-7.4644,-5.4264,-4.2228,-3.28,-2.49,-1.9564,-1.4208,-0.9752,-0.63,-0.34,-0.02,0.26,0.55,0.85,1.14,1.36,1.62,1.91,2.19,2.47,2.7576,3.0132,3.3188,3.54,3.78,4.02,4.2412,4.5,4.73,4.94,5.16,5.42,5.65,5.87,6.11,6.3416,6.5372,6.75,7.03,7.31,7.5596,7.84,8.0808,8.34,8.622,8.8976,9.16,9.41,9.69,10,10.2656,10.56,10.87,11.1724,11.46,11.71,11.97,12.2848,12.54,12.79,13.05,13.3,13.54,13.77,14.03,14.29,14.5452,14.78,15.01,15.22,15.44,15.65,15.8788,16.07,16.33,16.58,16.76,16.96,17.2,17.44,17.6836,17.93,18.17,18.39,18.656,18.88,19.16,19.46,19.76,20.03,20.35,20.6952,21.1408,21.56,22.01,22.5376,23.1632,23.92,25.1444,25.34792,25.53056,25.74616,25.96264,26.1222,26.50232,27.00792,27.68176,28.54044,30.03
"DE028C",-15.2,-12.73792,-11.48088,-10.47132,-9.73408,-8.771,-8.42,-7.90616,-7.65,-7.36396,-7.1108,-5.38,-4.4632,-3.5776,-2.912,-2.2564,-1.6508,-1.3,-0.99,-0.633999999999999,-0.31,0.03,0.35,0.6,0.87,1.16,1.43,1.7,1.97,2.24,2.43,2.64,2.86,3.11,3.34,3.5756,3.8012,4.0468,4.25,4.47,4.68,4.91,5.1148,5.33,5.56,5.79,6.0372,6.28,6.52,6.75,7,7.2,7.4208,7.69,7.96,8.19,8.41,8.67,8.93439999999999,9.22,9.4756,9.68,9.91,10.19,10.43,10.68,10.92,11.19,11.44,11.73,11.92,12.17,12.42,12.6584,12.9,13.13,13.31,13.53,13.71,13.89,14.09,14.35,14.59,14.8,14.99,15.19,15.43,15.63,15.86,16.07,16.28,16.52,16.75,16.98,17.24,17.51,17.7872,18.05,18.33,18.69,18.9696,19.35,19.69,20.0564,20.512,20.9876,21.57,22.33,23.6832,23.9,24.06056,24.18308,24.41264,24.61,24.9488,25.3866,25.8444,26.59,28.01
"DE029C",-16.15,-11.03276,-9.50704,-8.88132,-8.48704,-7.9044,-7.38488,-7.13616,-6.84352,-6.54564,-6.18,-4.55,-3.4832,-2.74,-2.082,-1.5764,-1.07,-0.64,-0.3096,0.03,0.321600000000001,0.62,0.9128,1.1684,1.44,1.71,2.0152,2.26,2.52,2.772,3.0376,3.26,3.5,3.72,3.94,4.15,4.3412,4.56,4.7724,4.97,5.1636,5.35,5.6,5.83,5.99,6.1816,6.43,6.66,6.88,7.1,7.29,7.50519999999999,7.72,7.96,8.2,8.41,8.68,8.91,9.18,9.43,9.7,9.9712,10.23,10.49,10.74,11.0136,11.26,11.5048,11.77,12.036,12.3,12.53,12.72,12.9784,13.174,13.35,13.54,13.76,13.96,14.152,14.3276,14.5132,14.71,14.92,15.14,15.33,15.51,15.7,15.89,16.098,16.3,16.5,16.7148,16.96,17.16,17.42,17.6772,17.9028,18.13,18.414,18.7096,19.11,19.42,19.81,20.292,20.8076,21.5,22.39,23.4576,23.73,23.90704,24.00924,24.18,24.4788,24.68528,25.02132,25.69264,26.4752800000002,28.02
"DE030C",-15.56,-13.0722,-11.27352,-10.64396,-9.9176,-9.0544,-8.5996,-8.2,-7.97056,-7.58396,-7.462,-5.58,-4.54,-3.6676,-2.962,-2.2864,-1.67,-1.3152,-0.93,-0.64,-0.298399999999999,0.06,0.36,0.63,0.94,1.2,1.4752,1.7308,2,2.25,2.49,2.69,2.9388,3.18,3.39,3.6,3.84,4.0868,4.3024,4.53,4.73,4.95,5.17,5.37,5.61,5.84,6.08,6.34,6.58,6.85,7.06,7.26,7.51,7.76,8.02,8.27,8.51,8.74,9,9.27,9.54,9.76,10.0068,10.28,10.53,10.79,11.04,11.28,11.55,11.84,12.06,12.3,12.57,12.78,13.024,13.2596,13.4552,13.6308,13.86,14.03,14.2276,14.46,14.6888,14.93,15.14,15.32,15.55,15.75,15.98,16.208,16.43,16.65,16.87,17.13,17.366,17.68,17.93,18.21,18.4984,18.82,19.16,19.4852,19.85,20.21,20.67,21.13,21.7,22.5576,23.8632,23.99,24.2246400000001,24.39308,24.62792,24.8666,25.1688,25.72056,26.29088,26.7326400000001,28.13
"DE031C",-15.2,-13.131,-10.81496,-10.22924,-9.27224,-8.6844,-8.18,-7.79308,-7.59408,-7.35792,-7.0444,-5.564,-4.52,-3.6576,-2.99,-2.48,-1.9808,-1.4552,-1.09,-0.75,-0.39,-0.11,0.19,0.49,0.76,0.98,1.24,1.4808,1.7464,1.962,2.21,2.43,2.69,2.95,3.19,3.44,3.7,3.94,4.23,4.43,4.67,4.92,5.15,5.41,5.69,5.9516,6.17,6.4028,6.67,6.92,7.1496,7.41,7.63,7.92,8.2,8.4,8.67,8.9488,9.2,9.47,9.7,10.0112,10.2768,10.5924,10.84,11.14,11.3292,11.57,11.79,12.06,12.2816,12.5,12.72,12.98,13.194,13.44,13.66,13.89,14.14,14.382,14.58,14.78,14.96,15.1844,15.38,15.6,15.79,16.01,16.23,16.468,16.69,16.96,17.25,17.5404,17.81,18.09,18.35,18.65,18.92,19.254,19.61,19.92,20.24,20.5864,21.042,21.4976,22.0164,22.8388,24.0632,24.19584,24.38,24.50616,24.79264,25.0288,25.35176,25.6032,26.14088,26.8244000000002,28.07
"DE032C",-15.13,-7.93088,-7.42088,-6.38,-5.97528,-5.6722,-5.10264,-4.77924,-4.45352,-4.20792,-3.9588,-2.7876,-1.9832,-1.29,-0.74,-0.22,0.22,0.5648,0.92,1.26,1.6,1.9172,2.24,2.55,2.84,3.09,3.3752,3.66,3.87,4.13,4.33,4.5732,4.79,5,5.23,5.42,5.6112,5.84,6.04,6.23,6.45,6.65,6.9048,7.09,7.3,7.5,7.69,7.87,8.07,8.26,8.4596,8.65,8.89,9.11,9.34,9.56,9.77,10.03,10.23,10.45,10.65,10.8712,11.12,11.3424,11.59,11.82,12.0392,12.2848,12.49,12.69,12.9516,13.16,13.35,13.54,13.71,13.93,14.12,14.33,14.53,14.73,14.92,15.11,15.2888,15.4944,15.69,15.87,16.07,16.27,16.46,16.66,16.87,17.08,17.32,17.5904,17.82,18.0316,18.3272,18.6,18.89,19.154,19.4496,19.8,20.17,20.62,21.072,21.5,22.11,23,24.3288,24.50396,24.75,24.92,25.08264,25.3488,25.7081599999999,26.29,26.80528,27.6526400000001,30.9
"DE033C",-12.66,-9.52836,-8.48352,-7.27132,-6.68,-6.3942,-5.93584,-5.55616,-5.21704,-4.94792,-4.6188,-3.22,-2.2664,-1.53,-0.963999999999999,-0.5,-0.09,0.29,0.69,1.06,1.42,1.7472,2.07,2.3768,2.64,2.95,3.2152,3.47,3.73,4.03,4.3,4.55,4.8088,5.07,5.29,5.5056,5.74,5.98,6.2124,6.42,6.64,6.88,7.1,7.33,7.58,7.81,8.04,8.26,8.49,8.73,8.94,9.15,9.41,9.61,9.85,10.07,10.3232,10.63,10.86,11.09,11.37,11.62,11.85,12.09,12.328,12.61,12.86,13.09,13.36,13.59,13.87,14.1,14.33,14.5184,14.75,14.9796,15.17,15.38,15.5764,15.81,16.0276,16.23,16.44,16.6544,16.9,17.09,17.32,17.55,17.77,18,18.2272,18.46,18.7348,19.0204,19.3,19.58,19.89,20.19,20.5384,20.88,21.2696,21.57,21.9408,22.34,22.74,23.26,23.8432,24.6188,26.07,26.18396,26.38056,26.52308,26.82,27.0244,27.3288,27.9866,28.6,29.29,30.58
"DE034C",-14.47,-8.6322,-6.96232,-6.56,-5.53528,-5.0522,-4.65792,-4.16308,-3.91464,-3.71,-3.59,-2.33,-1.63,-0.89,-0.341999999999999,0.1236,0.59,0.92,1.31,1.716,2.0216,2.3772,2.75,3.08,3.37,3.64,3.8952,4.1508,4.36,4.58,4.82,5.04,5.24,5.44,5.65,5.83,6.0712,6.27,6.48,6.668,6.85,7.05,7.25,7.43,7.63,7.82,8.04,8.2228,8.4,8.59,8.79,8.97,9.19,9.39,9.61,9.86,10.06,10.31,10.49,10.72,10.94,11.1812,11.3868,11.63,11.87,12.0836,12.32,12.5448,12.74,12.97,13.1816,13.38,13.58,13.77,13.97,14.1496,14.3352,14.54,14.75,14.932,15.1276,15.29,15.5,15.68,15.86,16.03,16.22,16.4,16.58,16.818,17.01,17.24,17.45,17.67,17.88,18.12,18.37,18.6528,18.89,19.16,19.47,19.84,20.2208,20.66,21.052,21.54,22.17,22.9888,24.48,24.61396,24.81352,25.02,25.21792,25.4422,25.8,26.12528,26.92352,27.8083600000003,30.49
"DE035C",-14.07,-9.02044,-7.9888,-7.09264,-6.67176,-6.1144,-5.8732,-5.55924,-5.33,-5.06396,-4.9444,-3.4776,-2.4164,-1.7952,-1.29,-0.76,-0.300799999999999,0.07,0.4,0.76,1.1216,1.43,1.73,1.99,2.26,2.53,2.83,3.12,3.36,3.59,3.85,4.13,4.3288,4.56,4.78,5,5.22,5.47,5.68,5.91,6.13,6.36,6.58,6.8204,7.06,7.27,7.4672,7.67,7.88,8.13,8.36,8.59,8.8,9.03,9.28,9.5652,9.81,10.06,10.3244,10.56,10.7656,11,11.3,11.56,11.81,12.07,12.31,12.58,12.8404,13.09,13.35,13.56,13.79,14,14.214,14.43,14.66,14.85,15.05,15.272,15.52,15.7632,15.98,16.21,16.41,16.64,16.83,17.0568,17.2624,17.51,17.78,17.98,18.21,18.48,18.706,19.03,19.34,19.67,20,20.29,20.6296,20.98,21.38,21.72,22.12,22.64,23.2632,24.1088,25.5144,25.64,25.81056,26.02,26.3884800000001,26.7132,27.22528,27.61264,28.41264,28.9866000000003,31.82
"DE036C",-11.33,-8.99044,-7.89464,-7.17452,-6.67584,-6.24,-5.79792,-5.56,-5.32,-5.10792,-4.9244,-3.59,-2.7332,-2.0052,-1.41,-0.99,-0.550799999999999,-0.2,0.1,0.47,0.801600000000001,1.08,1.3428,1.67,1.97,2.2,2.4852,2.7208,2.96,3.19,3.4,3.61,3.81,4.02,4.18,4.43,4.65,4.8668,5.04,5.26,5.41,5.63,5.81,6,6.17,6.3816,6.52,6.7,6.9,7.11,7.29,7.4852,7.68,7.88,8.12,8.33,8.59,8.82,9.05,9.29,9.56,9.8,10.06,10.35,10.56,10.85,11.13,11.35,11.5804,11.8,12.05,12.2972,12.5028,12.6984,12.9,13.09,13.28,13.43,13.6364,13.81,13.98,14.18,14.38,14.56,14.73,14.95,15.14,15.3268,15.4724,15.66,15.85,16.03,16.22,16.41,16.58,16.8116,17.04,17.28,17.56,17.81,18.07,18.3952,18.77,19.1264,19.55,20.0628,20.73,21.48,22.5032,22.65396,22.80352,23.01308,23.32,23.5122,23.96704,24.32132,24.64616,25.49132,26.88
"DE037C",-12.8,-8.9032,-8.08616,-7.1632,-6.59288,-6.13,-5.92056,-5.56156,-5.27352,-5.05792,-4.8688,-3.37,-2.41,-1.7976,-1.22,-0.78,-0.430799999999999,-0.07,0.25,0.62,0.99,1.3272,1.66,1.94,2.204,2.4496,2.7052,2.99,3.27,3.49,3.75,3.97,4.2,4.37,4.61,4.84,5.09,5.29,5.48,5.71,5.9236,6.1192,6.31,6.5204,6.726,6.95,7.21,7.43,7.63,7.84,8.06,8.28519999999999,8.51,8.75,8.98,9.22,9.46,9.69,9.89,10.12,10.36,10.62,10.88,11.14,11.36,11.6236,11.81,12.0448,12.28,12.47,12.69,12.93,13.14,13.35,13.554,13.78,14.01,14.23,14.44,14.63,14.83,15.0332,15.28,15.4744,15.7,15.92,16.12,16.32,16.53,16.73,16.98,17.23,17.5,17.75,18.02,18.2916,18.5672,18.9128,19.25,19.62,19.9296,20.31,20.71,21.18,21.572,22.03,22.6932,23.61,24.9532,25.14,25.28352,25.6746399999999,25.96264,26.2588,26.63352,27.23132,27.80176,28.50044,30.24
"DE038C",-17.26,-12.46264,-10.65088,-9.85528,-8.94176,-8.4732,-8.06584,-7.67616,-7.27408,-6.94,-6.6844,-4.7976,-3.6864,-2.6276,-2.032,-1.4864,-0.950799999999999,-0.56,-0.22,0.08,0.37,0.6472,0.94,1.23,1.464,1.78,2.05,2.3,2.61,2.872,3.14,3.42,3.69,3.9444,4.14,4.39,4.64,4.82,5.05,5.29,5.4936,5.73,5.98,6.19,6.406,6.6016,6.86,7.1,7.3584,7.60400000000001,7.8596,8.09,8.36,8.6064,8.832,9.09,9.34,9.61,9.92,10.17,10.52,10.75,11.0168,11.3,11.59,11.85,12.14,12.4048,12.65,12.91,13.16,13.38,13.64,13.87,14.09,14.35,14.58,14.82,15,15.23,15.46,15.6532,15.87,16.1,16.3,16.51,16.73,16.92,17.1224,17.36,17.6,17.83,18.0648,18.31,18.56,18.81,19.0472,19.3928,19.63,19.92,20.24,20.6352,20.99,21.44,21.912,22.44,22.9932,23.9076,25.0188,25.30396,25.4576,25.66616,25.77528,26.0622,26.33176,26.79264,27.30704,28.4217600000001,29.9
"DE039C",-14.96,-8.64748,-7.91352,-7.48,-6.97352,-6.3322,-6.01792,-5.85308,-5.63,-5.39396,-5.1744,-3.7376,-2.8432,-2.14,-1.572,-1.03,-0.55,-0.2,0.13,0.47,0.81,1.1,1.38,1.67,1.964,2.2296,2.5152,2.7808,3.0264,3.29,3.54,3.75,3.94,4.1544,4.37,4.58,4.8012,5.03,5.2724,5.5,5.72,5.94,6.16,6.3404,6.57,6.77,6.9672,7.2,7.42,7.63,7.82,8.02,8.25,8.48,8.72,8.97,9.22,9.45,9.6644,9.9,10.09,10.33,10.56,10.8224,11.06,11.29,11.5392,11.82,12.04,12.24,12.4516,12.67,12.91,13.12,13.31,13.5,13.7352,13.93,14.11,14.322,14.54,14.76,14.95,15.13,15.35,15.53,15.75,15.9668,16.19,16.41,16.61,16.84,17.0648,17.3,17.586,17.88,18.17,18.4328,18.72,18.98,19.29,19.6052,19.9808,20.3864,20.84,21.3176,21.91,22.65,23.9632,24.08188,24.28704,24.4977199999999,24.8384800000001,25.2822,25.59352,25.89132,26.31528,27.10044,29.9
"DE040C",-13.37,-10.5888,-8.90672,-8.23132,-7.52704,-7.0866,-6.64528,-6.2454,-5.98,-5.75584,-5.3964,-4,-3.0432,-2.36,-1.71,-1.2,-0.760799999999999,-0.4,0.000399999999999636,0.29,0.57,0.95,1.1928,1.4684,1.73,1.9596,2.24,2.47,2.7164,2.922,3.18,3.4,3.61,3.85,4.05,4.24,4.4512,4.68,4.88,5.058,5.23,5.45,5.6648,5.85,6.07,6.25,6.4372,6.6128,6.79,7,7.21,7.41,7.68,7.87,8.122,8.35,8.6,8.82,9.12,9.39,9.65,9.9512,10.2268,10.5,10.75,11,11.23,11.47,11.77,12.016,12.3,12.55,12.75,12.97,13.17,13.4,13.59,13.78,13.98,14.16,14.3776,14.57,14.7688,14.94,15.13,15.35,15.54,15.7068,15.92,16.12,16.3236,16.55,16.73,16.93,17.14,17.3516,17.57,17.83,18.08,18.33,18.61,18.98,19.27,19.6464,20.042,20.5576,21.16,21.91,23.0688,23.24,23.38704,23.53308,23.77528,24.0332,24.46176,24.62924,25.1544,25.90044,27.52
"DE041C",-14.11,-10.12968,-8.65,-8.07,-7.5588,-6.9632,-6.67528,-6.1154,-5.91704,-5.8,-5.5808,-4.04,-3.03,-2.3376,-1.77,-1.23,-0.82,-0.48,-0.1096,0.236000000000001,0.601600000000001,0.92,1.1928,1.49,1.764,2.05,2.3352,2.5608,2.83,3.09,3.35,3.55,3.7888,4.0744,4.28,4.49,4.71,4.9168,5.16,5.36,5.6,5.7992,6.01,6.25,6.466,6.71,6.94,7.19,7.41,7.59,7.81,8.02,8.23,8.5,8.75,8.9976,9.2632,9.47,9.73,9.97,10.23,10.49,10.7468,10.96,11.23,11.47,11.73,11.95,12.1904,12.41,12.65,12.84,13.0628,13.28,13.48,13.73,13.9452,14.17,14.37,14.54,14.75,14.9732,15.1988,15.4044,15.62,15.8,16.07,16.2768,16.51,16.71,16.9336,17.19,17.45,17.71,18,18.27,18.5372,18.88,19.22,19.54,19.91,20.29,20.6016,20.9664,21.41,21.92,22.4932,23.31,24.7444,24.86396,25.22704,25.43308,25.7032000000001,26.1544,26.39528,26.92264,27.56176,28.14,30.2
"DE042C",-14.5,-10.62968,-8.85616,-8.48264,-7.80528,-7.5222,-7.05528,-6.71,-6.4176,-6.0398,-5.6744,-4.12,-3.2032,-2.4476,-1.714,-1.1764,-0.69,-0.32,-0.02,0.31,0.64,1.02,1.29,1.55,1.82,2.12,2.41,2.7,2.94,3.17,3.37,3.58,3.7988,4.01,4.21,4.41,4.62,4.86,5.07,5.25,5.44,5.65,5.86,6.06,6.256,6.47,6.7072,6.91,7.08,7.27,7.49,7.7252,7.88,8.11,8.32,8.55,8.8,9.01,9.2444,9.45,9.72,9.96,10.1668,10.39,10.63,10.89,11.09,11.29,11.52,11.77,11.9816,12.18,12.3928,12.59,12.79,12.9596,13.1152,13.3008,13.51,13.73,13.93,14.1132,14.3,14.5144,14.7,14.88,15.1,15.28,15.47,15.688,15.87,16.11,16.3448,16.58,16.81,17.05,17.32,17.5728,17.85,18.164,18.47,18.8052,19.2,19.6064,20.05,20.5776,21.14,22.0088,23.3544,23.53584,23.77,23.96,24.17264,24.3644,24.87528,25.18,25.88352,26.6739600000002,28.71
"DE043C",-13.3,-11.90132,-10.71088,-9.5566,-9.03352,-8.5844,-8.10016,-7.63308,-7.17168,-6.98376,-6.7288,-5.03,-3.8896,-2.9776,-2.354,-1.86,-1.33,-0.98,-0.58,-0.21,0.131600000000001,0.45,0.75,1.05,1.36,1.61,1.8952,2.1608,2.39,2.65,2.89,3.16,3.4,3.66,3.93,4.1556,4.42,4.6568,4.92,5.14,5.3436,5.6,5.85,6.1,6.356,6.62,6.84,7.06,7.24,7.51,7.74,7.97,8.19,8.49,8.74,8.97,9.2,9.42,9.69,9.95,10.19,10.48,10.73,10.98,11.22,11.47,11.69,11.96,12.2004,12.456,12.75,12.96,13.14,13.37,13.61,13.8196,14.05,14.2208,14.4364,14.67,14.8976,15.05,15.27,15.48,15.7,15.8856,16.1012,16.32,16.5524,16.8,17.01,17.2892,17.51,17.7708,18.076,18.38,18.68,18.9528,19.2784,19.53,19.87,20.26,20.62,20.93,21.34,21.82,22.4364,23.1188,24.4244,24.55396,24.72056,24.91308,25.12792,25.3444,25.65176,26.16584,26.6444,27.6422000000001,29.16
"DE044C",-14.63,-9.022,-7.82088,-7.12396,-6.57344,-6.22,-5.90528,-5.57308,-5.37352,-5.21584,-5.0188,-3.57,-2.5432,-1.9876,-1.374,-0.88,-0.51,-0.08,0.24,0.546000000000001,0.9,1.21,1.5,1.78,2.05,2.34,2.6,2.89,3.15,3.42,3.65,3.88,4.1488,4.37,4.57,4.77,5.02,5.29,5.5,5.73,5.95,6.15,6.3848,6.63,6.89,7.0916,7.32,7.54,7.73,7.96,8.1896,8.4,8.6,8.88,9.16,9.4276,9.64,9.89,10.14,10.41,10.64,10.86,11.12,11.39,11.668,11.8936,12.17,12.4248,12.71,12.95,13.2,13.43,13.62,13.86,14.08,14.29,14.49,14.68,14.9,15.14,15.35,15.58,15.8088,16.04,16.26,16.5056,16.73,16.9368,17.17,17.41,17.63,17.84,18.06,18.33,18.586,18.8916,19.21,19.5128,19.8184,20.08,20.4396,20.87,21.2308,21.5764,21.972,22.4976,23.0632,23.8388,25.0744,25.25,25.39704,25.77924,25.9832,26.3344,26.76408,27.36528,28.18616,28.9957200000002,30.35
"DE045C",-11.54,-7.75792,-6.77528,-6.12264,-5.69528,-5.3722,-5.15056,-4.80924,-4.63,-4.46,-4.25,-2.89,-1.8832,-1.1776,-0.621999999999999,-0.09,0.32,0.7248,1.12,1.48,1.83,2.13,2.45,2.73,3.02,3.23,3.49,3.7508,3.99,4.2,4.39,4.6032,4.7788,4.96,5.2,5.38,5.56,5.72,5.89,6.06,6.2236,6.38,6.53,6.7,6.86,7.03,7.2,7.38,7.55,7.74,7.95,8.14,8.31,8.54,8.74,8.9576,9.16,9.38,9.6444,9.85,10.14,10.38,10.64,10.88,11.12,11.38,11.61,11.85,12.04,12.26,12.45,12.6272,12.84,13.01,13.21,13.39,13.57,13.7608,13.92,14.09,14.2676,14.45,14.62,14.8,14.99,15.15,15.3,15.47,15.63,15.83,16.01,16.19,16.39,16.58,16.76,16.9616,17.18,17.42,17.65,17.93,18.1996,18.4952,18.85,19.2064,19.55,20.0276,20.5832,21.48,22.8288,22.93396,23.06704,23.22,23.45,23.6366,23.92176,24.13792,24.74176,25.29088,27.3
"DE046C",-13.24,-10.51352,-9.50704,-8.4498,-7.77176,-7.34,-7.09264,-6.78232,-6.35352,-6.00396,-5.7688,-4.3076,-3.25,-2.3152,-1.72,-1.32,-0.87,-0.4952,-0.1,0.24,0.58,0.86,1.16,1.4484,1.754,2,2.2852,2.55,2.81,3.072,3.32,3.55,3.82,4.05,4.34,4.54,4.79,5.07,5.3,5.5,5.72,5.98,6.22,6.49,6.74,6.98,7.21,7.43,7.61,7.87,8.1,8.34,8.5708,8.8464,9.1,9.3376,9.57,9.82,10.07,10.33,10.5856,10.85,11.11,11.33,11.6,11.8436,12.07,12.35,12.6,12.866,13.13,13.35,13.56,13.76,13.99,14.21,14.4552,14.63,14.84,15.06,15.28,15.48,15.69,15.88,16.11,16.31,16.54,16.73,17,17.22,17.45,17.71,17.9748,18.24,18.53,18.8332,19.11,19.4056,19.68,20.03,20.37,20.7652,21.1008,21.45,21.89,22.31,22.9596,23.63,25.0088,25.16396,25.36352,25.49232,25.75264,26.0066,26.26584,26.7524399999999,27.32,28.2488000000003,29.37
"DE047C",-15.2,-13.23264,-12.0044,-10.79132,-10.33112,-9.78,-9.43056,-8.95308,-8.68704,-8.1598,-7.78,-5.8988,-4.7,-3.71,-3.022,-2.47,-1.9808,-1.4904,-1.02,-0.683999999999999,-0.36,-0.06,0.25,0.54,0.8,1.13,1.42,1.67,1.86,2.12,2.35,2.6,2.88,3.1244,3.38,3.62,3.87,4.07,4.33,4.56,4.84,5.07,5.3,5.55,5.79,6.0416,6.29,6.52,6.76,6.98,7.21,7.44,7.67,7.92,8.18,8.41,8.65,8.88,9.15,9.38,9.66,9.9212,10.15,10.39,10.658,10.9,11.15,11.4,11.63,11.88,12.12,12.36,12.5928,12.8284,13.004,13.24,13.45,13.6408,13.87,14.09,14.2876,14.48,14.6788,14.88,15.05,15.28,15.52,15.72,15.97,16.19,16.42,16.64,16.92,17.2,17.46,17.7516,18.0872,18.3728,18.6868,19.01,19.29,19.6252,20.05,20.37,20.762,21.25,21.87,22.6288,23.89,24.08,24.23352,24.44924,24.60528,24.78,25.15176,25.70132,26.27088,26.9226400000001,28.96
"DE048C",-18.02,-14.32088,-12.75088,-11.54056,-10.90352,-10.5644,-10.11264,-9.74232,-9.37704,-8.94,-8.8032,-7.31,-6.13,-5.1252,-4.36,-3.75,-3.14,-2.72,-2.2896,-1.83,-1.4984,-1.2,-0.9,-0.66,-0.36,-0.11,0.15,0.38,0.61,0.83,1.0676,1.29,1.4988,1.7044,1.93,2.15,2.37,2.62,2.88,3.09,3.37,3.6,3.82,4.05,4.33,4.5816,4.84,5.1028,5.35,5.59,5.8396,6.07,6.32,6.5564,6.82,7.0576,7.3,7.57,7.86,8.13,8.3656,8.5712,8.85,9.09,9.36,9.6,9.83,10.0848,10.34,10.58,10.83,11.04,11.26,11.49,11.72,11.94,12.17,12.38,12.57,12.782,12.96,13.15,13.4,13.6,13.8,14,14.22,14.44,14.68,14.9,15.13,15.4,15.61,15.8404,16.13,16.42,16.7072,16.97,17.32,17.65,17.9396,18.29,18.6908,19.04,19.44,19.89,20.47,21.1688,22.46,22.67396,22.8352000000001,23.08616,23.26264,23.56,23.74352,24.1566,24.63088,25.4330800000001,26.59
"DE049C",-12.02,-8.20452,-7.65408,-7.02584,-6.51176,-6.2522,-5.91264,-5.61616,-5.38704,-5.24792,-5.0388,-3.51,-2.7132,-2.02,-1.48,-1.0764,-0.64,-0.26,0.08,0.426000000000001,0.72,1.05,1.37,1.69,1.99,2.2596,2.52,2.79,3.0264,3.26,3.46,3.6632,3.87,4.05,4.26,4.45,4.64,4.86,5.02,5.2,5.3936,5.57,5.76,5.91,6.08,6.26,6.43,6.5928,6.7684,6.93,7.11,7.27519999999999,7.51,7.68,7.882,8.1176,8.3732,8.61,8.83,9.1,9.32,9.56,9.8,10.07,10.3,10.6,10.8692,11.1148,11.3104,11.53,11.76,11.96,12.19,12.3984,12.584,12.7796,12.95,13.14,13.34,13.51,13.66,13.87,14.06,14.23,14.41,14.59,14.7612,14.91,15.0824,15.25,15.45,15.6292,15.8,15.98,16.166,16.36,16.5772,16.8328,17.0884,17.32,17.62,17.89,18.24,18.6,19.04,19.53,20.22,20.9964,22.05,22.16792,22.30352,22.47,22.66,22.951,23.34176,23.50264,24.0188,24.78044,25.88
"DE050C",-14.51,-9.48616,-8.95088,-8.33132,-7.73,-7.3654,-7.08056,-6.78848,-6.5676,-6.25396,-6.112,-4.5276,-3.6232,-2.91,-2.232,-1.64,-1.21,-0.8,-0.48,-0.16,0.14,0.4272,0.74,1.0084,1.234,1.51,1.78,2.02,2.28,2.55,2.79,3.03,3.24,3.45,3.63,3.81,4.03,4.25,4.48,4.678,4.93,5.17,5.39,5.6,5.776,6.0016,6.25,6.4528,6.6484,6.89,7.1,7.34519999999999,7.57,7.81,8.05,8.27,8.5,8.77,9.03439999999999,9.25,9.48560000000001,9.7012,9.99,10.25,10.48,10.74,10.99,11.25,11.52,11.73,11.99,12.19,12.42,12.63,12.81,13.02,13.24,13.4608,13.67,13.862,14.07,14.29,14.47,14.7,14.9,15.1056,15.3,15.53,15.73,15.95,16.1536,16.4,16.6448,16.87,17.09,17.34,17.6972,17.95,18.2384,18.52,18.91,19.26,19.5608,19.93,20.32,20.82,21.5,22.3364,23.4532,23.60792,23.77352,24.0154,24.40264,24.7622,25.07352,25.59132,25.98408,26.64044,29.19
"DE051C",-12.97,-10.02088,-8.49088,-7.64264,-7.05352,-6.3966,-6.00056,-5.72924,-5.49112,-5.29396,-5.1044,-3.69,-2.8164,-2.2076,-1.742,-1.2764,-0.78,-0.4252,-0.12,0.14,0.39,0.66,0.9428,1.15,1.36,1.61,1.84,2.07,2.27,2.47,2.7,2.89,3.12,3.3244,3.51,3.75,3.97,4.15,4.39,4.638,4.8636,5.14,5.35,5.56,5.79,6.06,6.28,6.5728,6.8584,7.09,7.41,7.7,7.95,8.25,8.54,8.82,9.0732,9.35,9.65,9.96,10.25,10.52,10.82,11.1,11.4,11.67,11.92,12.16,12.47,12.69,12.95,13.18,13.44,13.65,13.88,14.11,14.33,14.59,14.81,15,15.21,15.43,15.68,15.88,16.08,16.31,16.51,16.75,16.99,17.25,17.47,17.75,18.01,18.2404,18.54,18.8,19.1672,19.4428,19.7284,20.084,20.44,20.76,21.1008,21.57,22.02,22.44,23,23.78,24.9888,25.15396,25.28,25.54616,25.8458400000001,26.2066,26.39528,26.61132,27.07528,27.5535200000001,28.61
"DE052C",-12.06,-9.74352,-8.73088,-7.71716,-7.1288,-6.5244,-6.25264,-5.96308,-5.77,-5.62792,-5.442,-3.9564,-2.97,-2.0852,-1.55,-1.09,-0.7,-0.35,0.01,0.39,0.7,1.02,1.3,1.6,1.88,2.16,2.41,2.6808,2.93,3.14,3.41,3.61,3.78,4.01,4.21,4.4056,4.66,4.88,5.08,5.27,5.4436,5.61,5.7948,6.02,6.206,6.38,6.58,6.76,6.94,7.16,7.3696,7.57,7.7408,7.9564,8.2,8.3976,8.66,8.89,9.12,9.37,9.6356,9.9,10.1468,10.4,10.65,10.9036,11.2,11.4048,11.6404,11.87,12.1016,12.34,12.55,12.75,12.95,13.14,13.3352,13.5,13.69,13.87,14.04,14.21,14.4188,14.59,14.78,14.9556,15.1512,15.35,15.55,15.74,15.92,16.09,16.29,16.46,16.686,16.91,17.15,17.37,17.64,17.88,18.18,18.55,18.88,19.3,19.73,20.27,21.0032,21.77,22.9088,23.05188,23.24,23.42,23.66264,24.01,24.3028799999999,24.67132,25.21352,25.7317600000001,27.32
"DE053C",-16.06,-12.00672,-10.37528,-9.63092,-8.96352,-8.3322,-7.92,-7.46848,-7.27,-6.88792,-6.6088,-4.76,-3.45,-2.57,-1.852,-1.3664,-0.850799999999999,-0.4352,-0.16,0.196000000000001,0.45,0.75,1.0428,1.34,1.61,1.89,2.19,2.4908,2.7564,3.04,3.31,3.56,3.82,4.0544,4.34,4.5456,4.78,4.99,5.1824,5.41,5.64,5.89,6.12,6.34,6.54,6.78,7.0072,7.24,7.5,7.76,8.01,8.25519999999999,8.48,8.76,9,9.24,9.47,9.74,10.0544,10.33,10.6256,10.89,11.12,11.4324,11.71,11.98,12.2492,12.5348,12.7504,12.996,13.27,13.5,13.74,13.96,14.21,14.43,14.67,14.89,15.0864,15.28,15.49,15.7032,15.95,16.15,16.38,16.5756,16.8,17.01,17.23,17.42,17.65,17.9,18.1548,18.37,18.61,18.88,19.1372,19.41,19.71,20.014,20.3196,20.66,21.06,21.52,21.95,22.49,23.12,23.8888,25.1544,25.33396,25.51,25.59616,25.85528,26.07,26.48,26.77,27.21144,28.3,29.72
"DE054C",-14.12,-8.99144,-8.15792,-7.70396,-7.03936,-6.5766,-6.38,-6.18308,-5.96352,-5.76,-5.5044,-4.0488,-3.1432,-2.45,-1.86,-1.34,-0.9,-0.48,-0.17,0.13,0.46,0.76,1.04,1.29,1.54,1.83,2.12,2.38,2.6264,2.882,3.15,3.36,3.59,3.8,4,4.19,4.41,4.63,4.87,5.09,5.33,5.53,5.7748,5.97,6.196,6.4,6.6472,6.84,7.03,7.28400000000001,7.51,7.73,7.97,8.19,8.46,8.66,8.89,9.16,9.43,9.66,9.89,10.13,10.35,10.62,10.87,11.12,11.3692,11.64,11.92,12.15,12.39,12.5972,12.8,13.0184,13.22,13.42,13.63,13.87,14.0564,14.262,14.49,14.7,14.8888,15.0944,15.32,15.53,15.75,15.94,16.16,16.38,16.59,16.84,17.08,17.32,17.55,17.8,18.1172,18.4028,18.7,18.99,19.34,19.71,20.0308,20.43,20.782,21.28,21.8964,22.7776,23.8644,24.01,24.14704,24.4284799999999,24.8684800000001,25.1244,25.6288,26.16264,26.6444,27.24044,29.59
"DE055C",-17.5,-10.35792,-9.29176,-8.65396,-8.05528,-7.513,-7.05792,-6.71924,-6.26704,-6.07,-5.864,-4.21,-3.12,-2.32,-1.71,-1.1664,-0.7,-0.35,-0.0396000000000004,0.306000000000001,0.63,0.92,1.2528,1.55,1.84,2.11,2.37,2.7,2.94,3.2,3.4276,3.6732,3.91,4.14,4.35,4.58,4.7712,4.97,5.17,5.34,5.56,5.75,5.93,6.18,6.36,6.57,6.78,7,7.21,7.48,7.65,7.89,8.13,8.36,8.57,8.81,9.05,9.29,9.58,9.8,10.08,10.29,10.59,10.83,11.07,11.33,11.58,11.83,12.0804,12.31,12.59,12.7872,12.99,13.21,13.41,13.6,13.83,14.02,14.2,14.39,14.5576,14.75,14.9588,15.1444,15.34,15.5556,15.75,15.95,16.1524,16.36,16.57,16.76,16.94,17.2,17.44,17.69,17.95,18.23,18.54,18.804,19.1396,19.44,19.81,20.24,20.672,21.25,22.0364,22.9788,24.0644,24.25,24.45704,24.59,24.7390400000001,25.0244,25.5488,26.20264,26.59088,27.51044,29.26
"DE056C",-17.21,-13.21308,-11.9376,-11.11056,-10.38056,-9.6986,-9.14264,-8.84616,-8.52168,-8.2198,-7.9232,-6.25,-5.27,-4.35,-3.62,-2.9428,-2.4,-1.94,-1.55,-1.174,-0.86,-0.56,-0.3,-0.04,0.193999999999999,0.48,0.69,0.92,1.15,1.372,1.61,1.87,2.1,2.3244,2.55,2.77,3.02,3.26,3.4724,3.72,3.93,4.17,4.38,4.62,4.88,5.0916,5.38,5.65,5.87,6.15,6.4,6.6552,6.88,7.15,7.43,7.71,8.0032,8.2988,8.54,8.83,9.09,9.38,9.65,9.92,10.18,10.48,10.74,10.9948,11.2604,11.52,11.7416,12,12.22,12.42,12.65,12.92,13.15,13.3708,13.6,13.79,14.01,14.2,14.4388,14.65,14.88,15.1356,15.39,15.64,15.84,16.05,16.31,16.6,16.8448,17.0704,17.366,17.67,17.94,18.1928,18.4984,18.81,19.13,19.48,19.84,20.27,20.71,21.1628,21.73,22.5388,23.9488,24.16,24.41,24.6,24.86056,25.0844,25.34528,25.66,26.01088,26.57,27.86
"DE057C",-16.75,-10.2944,-9.12176,-8.42112,-7.77056,-7.1122,-6.77264,-6.45924,-6.18704,-5.92,-5.7276,-4.08,-2.8628,-2.1076,-1.432,-0.86,-0.440799999999999,-0.1352,0.24,0.576000000000001,0.88,1.1972,1.5,1.8,2.08,2.4,2.66,2.93,3.18,3.43,3.69,3.97,4.24,4.41,4.63,4.86,5.05,5.28,5.45,5.62,5.82,6.04,6.25,6.48,6.686,6.88,7.1,7.33,7.53,7.77400000000001,8,8.23,8.49,8.72,8.922,9.1876,9.4,9.72,9.94,10.19,10.44,10.6812,10.9568,11.18,11.448,11.71,11.93,12.2,12.45,12.7,12.91,13.12,13.33,13.56,13.744,13.95,14.15,14.37,14.56,14.77,14.97,15.15,15.35,15.55,15.78,15.9756,16.1912,16.4,16.57,16.76,16.97,17.24,17.47,17.69,17.926,18.19,18.48,18.78,19.0584,19.37,19.7096,20.07,20.4008,20.88,21.33,21.9452,22.6532,23.55,24.8044,24.91188,25.09408,25.32616,25.63264,25.86,26.35,26.79528,27.19352,28.2057200000002,30.07
"DE058C",-17.47,-9.4176,-8.33176,-7.63,-7.07584,-6.6822,-6.40792,-6.15,-5.86,-5.78,-5.6432,-4.0288,-3.03,-2.3476,-1.74,-1.18,-0.8,-0.4052,-0.05,0.306000000000001,0.59,0.89,1.18,1.5,1.79,2.03,2.31,2.59,2.8464,3.08,3.33,3.56,3.7888,4.03,4.27,4.5156,4.73,4.9668,5.2,5.39,5.64,5.87,6.09,6.33,6.59,6.79,7.04,7.26,7.49,7.7,7.9,8.11519999999999,8.33,8.6,8.87,9.12,9.38,9.61,9.8644,10.1,10.36,10.59,10.85,11.08,11.348,11.6036,11.86,12.13,12.39,12.65,12.87,13.1,13.31,13.5184,13.74,13.97,14.15,14.36,14.58,14.81,15.0376,15.24,15.47,15.69,15.89,16.12,16.3612,16.59,16.8,17.018,17.25,17.47,17.7,17.9504,18.22,18.56,18.82,19.11,19.3984,19.694,20.05,20.44,20.82,21.17,21.57,21.9976,22.6132,23.4188,24.5444,24.72584,24.90352,25.15,25.57528,25.85,26.24176,26.66132,27.49264,28.4922000000001,29.88
"DE059C",-15.22,-11.29924,-10.05376,-9.18132,-8.51232,-7.8822,-7.44792,-6.89848,-6.66,-6.42396,-6.1432,-4.61,-3.7032,-2.9876,-2.35,-1.83,-1.32,-0.92,-0.5596,-0.2,0.09,0.39,0.64,0.86,1.13,1.39,1.65,1.89,2.13,2.412,2.63,2.89,3.1588,3.4044,3.63,3.88,4.12,4.3268,4.57,4.778,5.02,5.2392,5.47,5.7,5.93,6.17,6.46,6.69,6.95,7.174,7.43,7.66,7.93,8.18,8.4,8.71,8.98,9.23,9.4744,9.78,10.0556,10.31,10.58,10.81,11.09,11.39,11.68,11.92,12.14,12.41,12.6816,12.9072,13.12,13.38,13.57,13.8,14.06,14.31,14.47,14.7,14.9176,15.1332,15.38,15.5844,15.8,16.0456,16.28,16.53,16.7824,17.02,17.23,17.52,17.77,18.03,18.33,18.62,18.86,19.12,19.3968,19.754,20.15,20.52,20.81,21.23,21.62,22.17,22.8,23.6476,24.9964,25.24396,25.46,25.6,25.84264,26.07,26.56176,26.86924,27.37176,28.1030800000001,29.6
"DE060C",-16.27,-14.30748,-13.08408,-12.073,-11.25288,-10.5922,-10.04528,-9.85616,-9.61168,-9.29772,-8.9376,-7.1288,-5.94,-4.9776,-4.07,-3.2764,-2.74,-2.2652,-1.88,-1.524,-1.14,-0.835599999999999,-0.53,-0.23,0.02,0.3296,0.61,0.850799999999999,1.09,1.28,1.5,1.7,1.9388,2.16,2.36,2.59,2.8212,3.03,3.2724,3.52,3.76,3.9892,4.19,4.44,4.676,4.91,5.1472,5.41,5.69,5.93400000000001,6.18,6.4,6.69,6.97,7.202,7.45,7.73,7.99,8.26,8.53,8.8,9.07,9.28,9.54,9.798,10.0736,10.3392,10.6,10.86,11.126,11.3716,11.6,11.81,12.0584,12.32,12.5496,12.76,12.96,13.19,13.392,13.62,13.85,14.07,14.32,14.53,14.74,14.94,15.1468,15.39,15.608,15.81,16.07,16.32,16.57,16.82,17.08,17.3572,17.62,17.93,18.24,18.5796,18.92,19.26,19.66,20.17,20.65,21.1832,22.0288,23.2388,23.54188,23.77352,23.96924,24.14264,24.4122,24.59176,24.8066,25.3244,26.0161600000002,27.57
"DE061C",-16.01,-12.97484,-10.76816,-9.96,-9.31464,-8.8808,-8.53376,-8.03924,-7.59056,-7.37396,-7.1344,-5.3664,-4.1332,-3.32,-2.56,-1.98,-1.46,-1.04,-0.69,-0.34,-0.0583999999999992,0.23,0.5,0.77,1.05,1.34,1.57,1.83,2.1,2.32,2.59,2.84,3.0888,3.32,3.52,3.78,4,4.24,4.46,4.65,4.84,5.09,5.3248,5.5204,5.75,5.96,6.1472,6.4328,6.61,6.80400000000001,7.07,7.31,7.5208,7.7564,8.03,8.24,8.52,8.7688,9.03,9.35,9.61,9.83,10.11,10.4024,10.678,10.93,11.21,11.47,11.74,12.01,12.26,12.55,12.76,13.01,13.214,13.41,13.6152,13.8208,14.06,14.27,14.49,14.7,14.89,15.08,15.28,15.47,15.64,15.86,16.06,16.29,16.4936,16.69,16.8948,17.16,17.39,17.6,17.86,18.09,18.39,18.71,19.0296,19.36,19.71,20.12,20.47,20.9876,21.54,22.2188,23.47,23.61584,23.88,24.11,24.26528,24.5688,24.81352,25.06132,25.71264,26.5339600000002,28.3
"DE062C",-14.24,-11.32352,-10.09528,-9.6132,-9.02528,-8.64,-8.26,-7.84232,-7.57056,-7.34792,-7.2088,-5.44,-4.3632,-3.5576,-2.85,-2.2264,-1.7,-1.3252,-0.95,-0.63,-0.26,0.02,0.32,0.578400000000001,0.83,1.1,1.34,1.6,1.8564,2.11,2.33,2.57,2.79,3.01,3.2,3.45,3.6612,3.9,4.1424,4.38,4.5936,4.7992,5.01,5.24,5.486,5.7316,5.9672,6.2,6.44,6.674,6.92,7.14,7.39,7.6164,7.87,8.14,8.4132,8.7,8.96,9.17,9.4056,9.65,9.91,10.15,10.41,10.66,10.94,11.21,11.45,11.68,11.93,12.14,12.35,12.58,12.784,12.98,13.2,13.43,13.67,13.86,14.0576,14.27,14.4688,14.69,14.9,15.14,15.38,15.62,15.84,16.06,16.2536,16.48,16.74,16.94,17.226,17.51,17.81,18.0828,18.3884,18.67,19.01,19.41,19.7508,20.14,20.5,20.99,21.64,22.4088,23.6132,23.79,24.1181600000001,24.36,24.58,24.8022,25.08408,25.55132,26.26264,26.9692400000004,28.49
"DE063C",-17.97,-15.10188,-13.26088,-12.64,-12.20704,-11.8022,-11.4,-11.1754,-10.70352,-10.36,-10.1744,-8.47,-7.3964,-6.3176,-5.63,-4.9964,-4.4,-3.7652,-3.3696,-2.92,-2.5784,-2.1928,-1.84,-1.53,-1.23,-0.92,-0.68,-0.44,-0.23,0.0420000000000027,0.3,0.51,0.718800000000001,0.95,1.2,1.44,1.66,1.87,2.1,2.32,2.5436,2.76,3.0148,3.2704,3.52,3.79,4.03,4.28,4.56,4.81,5.07,5.32,5.5908,5.8164,6.1,6.36,6.65,6.9,7.2044,7.48,7.76,8.03,8.2968,8.57,8.81,9.05,9.3,9.54,9.82,10.07,10.2816,10.53,10.76,11.03,11.23,11.47,11.71,11.92,12.13,12.33,12.53,12.74,12.97,13.15,13.36,13.55,13.76,13.97,14.21,14.42,14.67,14.89,15.1648,15.43,15.71,15.99,16.22,16.5328,16.8384,17.134,17.37,17.69,17.99,18.3764,18.78,19.17,19.76,20.5188,21.6,21.75396,21.93352,22.09924,22.23264,22.4088,22.70528,22.91188,23.17528,23.63,24.64
"DE064C",-15.49,-11.19836,-10.43,-9.74264,-8.91056,-8.5432,-8.15528,-7.71616,-7.34352,-6.98,-6.8544,-5.3488,-4.33,-3.52,-2.872,-2.27,-1.77,-1.37,-0.92,-0.54,-0.23,0.0572000000000003,0.34,0.598400000000001,0.89,1.13,1.36,1.61,1.84,2.072,2.33,2.56,2.85,3.09,3.32,3.59,3.84,4.1068,4.33,4.56,4.82,5.05,5.28,5.59,5.84,6.11,6.35,6.62,6.85,7.12,7.41,7.7052,7.96,8.2,8.48,8.7576,9.0232,9.3488,9.57,9.86,10.17,10.47,10.72,10.9624,11.24,11.53,11.7992,12.07,12.27,12.51,12.78,12.99,13.21,13.4584,13.68,13.95,14.1752,14.41,14.64,14.86,15.1,15.3,15.49,15.71,15.93,16.14,16.3612,16.5868,16.8,17.05,17.3036,17.59,17.8748,18.1704,18.416,18.73,19,19.2928,19.56,19.89,20.1996,20.5,20.88,21.24,21.66,22.12,22.6832,23.4176,24.83,25.06376,25.20704,25.32308,25.48264,25.59,25.96352,26.16528,26.64056,27.0922000000001,28.34
"DE065C",-13.84,-12.85044,-11.34264,-10.33132,-9.8488,-9.4022,-9.06848,-8.58232,-7.98704,-7.54792,-7.2788,-5.4976,-4.34,-3.5176,-2.802,-2.28,-1.8408,-1.43,-1.01,-0.66,-0.338399999999999,-0.0427999999999997,0.2628,0.538400000000002,0.81,1.12,1.41,1.64,1.8764,2.092,2.32,2.62,2.84,3.11,3.34,3.5856,3.83,4.05,4.3,4.53,4.7836,5.04,5.29,5.51,5.76,6,6.21,6.43,6.67,6.89400000000001,7.11,7.34519999999999,7.57,7.85,8.09,8.3,8.5332,8.78,9.04,9.29,9.5,9.79,9.98,10.2424,10.478,10.73,10.98,11.21,11.47,11.74,11.97,12.21,12.3928,12.65,12.86,13.08,13.26,13.46,13.6764,13.89,14.09,14.26,14.46,14.67,14.88,15.1,15.2712,15.5168,15.7424,15.97,16.19,16.4292,16.69,16.95,17.22,17.56,17.83,18.1628,18.43,18.72,19.04,19.4152,19.76,20.09,20.47,20.94,21.5432,22.2288,23.6344,23.79396,23.96,24.07308,24.20264,24.4222,24.70408,25.29528,25.72528,26.4762800000006,28.19
"DE066C",-16.19,-13.60924,-12.69528,-12.13792,-11.38528,-10.8542,-10.38056,-9.86156,-9.58408,-9.34792,-9.0644,-6.89,-5.89,-5.02,-4.312,-3.69,-3.17,-2.6952,-2.1996,-1.78,-1.3484,-1.02,-0.7372,-0.45,-0.166000000000001,0.06,0.38,0.63,0.87,1.1,1.2876,1.5232,1.74,1.95,2.18,2.38,2.61,2.8568,3.11,3.31,3.5,3.78,4.01,4.28,4.53,4.8216,5.08,5.34,5.6584,5.95,6.22,6.52,6.78,7.09,7.33,7.64,7.9532,8.23,8.5,8.8,9.1056,9.38,9.6768,9.99240000000001,10.298,10.56,10.8192,11.05,11.3,11.53,11.77,12.02,12.2428,12.4784,12.7,12.92,13.17,13.43,13.65,13.832,14.0776,14.26,14.47,14.7,14.91,15.1,15.32,15.5268,15.76,16.018,16.27,16.54,16.79,17.0304,17.31,17.6,17.85,18.08,18.39,18.66,18.93,19.2,19.5208,19.8964,20.31,20.7376,21.3,21.99,23.1244,23.36792,23.52056,23.65232,23.84,24.0422,24.22,24.48132,24.67264,25.1226400000001,26.45
"DE067C",-14.59,-9.89352,-8.14816,-7.44584,-6.74168,-6.222,-5.82056,-5.2662,-4.92168,-4.65792,-4.4488,-2.9788,-2.14,-1.5,-0.97,-0.4728,-0.05,0.34,0.7704,1.1,1.4416,1.8,2.09,2.38,2.67,2.9996,3.28,3.54,3.8164,4.04,4.3,4.5732,4.8188,5.06,5.32,5.52,5.74,5.9868,6.1824,6.42,6.68,6.8992,7.1248,7.34,7.596,7.81,8.05,8.25,8.46,8.694,8.91,9.15,9.35,9.59,9.85,10.13,10.38,10.62,10.85,11.12,11.39,11.65,11.91,12.1624,12.4,12.66,12.9292,13.1548,13.4004,13.67,13.9116,14.16,14.37,14.63,14.84,15.09,15.29,15.4808,15.67,15.942,16.1476,16.36,16.58,16.83,17.04,17.27,17.47,17.6968,17.92,18.2,18.39,18.63,18.89,19.16,19.44,19.73,20.02,20.32,20.65,20.974,21.34,21.7252,22.1308,22.5064,22.922,23.35,23.99,24.8388,26.32,26.43396,26.60352,26.8246399999999,27.16528,27.4688,27.94352,28.61792,29.15352,30.0192400000004,31.76
"DE068C",-13.2,-9.88232,-8.51584,-7.7366,-7.33352,-6.8044,-6.47264,-6.28308,-5.93352,-5.80792,-5.58,-4.1488,-3.1332,-2.4076,-1.84,-1.31,-0.900799999999999,-0.56,-0.26,0.0660000000000014,0.36,0.6872,0.9928,1.27,1.504,1.76,2.03,2.25,2.47,2.712,2.94,3.2,3.44,3.6744,3.88,4.1,4.2812,4.52,4.72,4.908,5.09,5.29,5.5,5.72,5.93,6.09,6.3,6.49,6.68,6.87,7.09,7.3,7.5108,7.75,7.952,8.2276,8.48,8.72,9,9.27,9.54,9.8212,10.0968,10.34,10.63,10.89,11.1292,11.3948,11.6304,11.93,12.18,12.45,12.68,12.9,13.14,13.36,13.57,13.8,13.98,14.18,14.3876,14.6,14.7988,14.99,15.19,15.3656,15.5512,15.73,15.93,16.16,16.37,16.6,16.8,17,17.21,17.4116,17.63,17.87,18.13,18.394,18.7396,19.01,19.36,19.6864,20.11,20.59,21.1332,21.82,23.0888,23.28396,23.54056,23.8369599999999,24.08056,24.2488,24.44704,24.85264,25.20704,25.8371600000007,28
"DE069C",-13.85,-10.21352,-8.72792,-8.06396,-7.89528,-7.271,-6.68584,-6.45,-6.23,-5.87584,-5.6388,-4.0388,-3.2,-2.5576,-2.072,-1.5064,-1.1008,-0.6452,-0.3096,-0.04,0.211600000000001,0.49,0.75,0.96,1.224,1.4596,1.6452,1.86,2.1,2.33,2.55,2.79,3,3.23,3.43,3.62,3.85,4.09,4.3,4.57,4.8336,5.0792,5.3,5.57,5.77,6.01,6.29,6.56,6.85,7.1,7.36,7.67,7.97,8.2764,8.512,8.76,9.01,9.25,9.53,9.81,10.08,10.39,10.69,10.93,11.238,11.51,11.75,12.01,12.23,12.46,12.7116,12.97,13.23,13.45,13.65,13.88,14.13,14.37,14.6,14.802,15.0276,15.23,15.44,15.66,15.86,16.08,16.3212,16.55,16.7524,16.99,17.2636,17.52,17.78,18.05,18.286,18.62,18.8872,19.2028,19.49,19.84,20.19,20.51,20.8408,21.29,21.74,22.21,22.72,23.47,24.6888,24.85,24.94056,25.31616,25.51,25.8688,26.10176,26.32132,26.71264,27.2826400000001,27.87
"DE070C",-11.42,-8.98088,-7.70232,-7.0966,-6.66408,-6.2232,-6.01792,-5.65848,-5.3076,-4.98396,-4.6888,-3.3288,-2.4296,-1.68,-1.152,-0.6864,-0.29,0.06,0.41,0.71,1.1,1.4072,1.7,1.97,2.25,2.5596,2.84,3.11,3.37,3.59,3.88,4.14,4.38,4.62,4.86,5.1,5.32,5.5768,5.78,6.03,6.2236,6.44,6.67,6.9,7.17,7.37,7.5972,7.8128,8.06,8.32,8.56,8.75,8.96,9.2064,9.43,9.66,9.88,10.15,10.4144,10.66,10.9256,11.18,11.43,11.65,11.87,12.16,12.42,12.63,12.88,13.14,13.41,13.63,13.87,14.07,14.27,14.48,14.67,14.89,15.14,15.34,15.57,15.77,15.97,16.17,16.36,16.58,16.8,17,17.24,17.468,17.71,18.01,18.23,18.5004,18.766,19.02,19.26,19.66,20.0084,20.314,20.66,21.02,21.33,21.78,22.19,22.7,23.2732,24.0376,25.3488,25.59396,25.79,25.9446399999999,26.19528,26.4188,26.72704,27.1097999999999,27.65176,28.3066000000003,29.8
"DE071C",-19.94,-15.61012,-13.77408,-12.47396,-11.9188,-11.551,-11.11,-10.60308,-10.18408,-9.79584,-9.492,-7.0888,-5.8796,-4.87,-3.98,-3.2364,-2.58,-2.06,-1.5896,-1.194,-0.848399999999999,-0.5628,-0.28,0.04,0.33,0.6,0.835200000000002,1.1,1.3464,1.61,1.92,2.17,2.4,2.6044,2.86,3.12,3.36,3.62,3.87,4.108,4.3236,4.56,4.81,5.02,5.256,5.52,5.77,5.98,6.23,6.54800000000001,6.78,7.05,7.32,7.59,7.84,8.14,8.39,8.66,8.93,9.19,9.49,9.74,9.99,10.28,10.538,10.8272,11.08,11.35,11.6104,11.876,12.14,12.4172,12.6328,12.91,13.15,13.3496,13.59,13.83,14.04,14.25,14.49,14.72,14.94,15.15,15.38,15.6,15.86,16.08,16.29,16.53,16.76,16.95,17.16,17.39,17.63,17.89,18.18,18.45,18.7,19.05,19.31,19.6452,20.03,20.4264,20.87,21.3776,21.9532,22.7288,24.1344,24.31188,24.47704,24.67924,24.81264,25.08,25.55,25.97528,26.43056,27.5,29.12
"DE072C",-14.74,-8.30264,-7.37352,-6.48168,-6.16,-5.6632,-5.29376,-4.92848,-4.54168,-4.28396,-4.1188,-2.8988,-1.93,-1.3,-0.74,-0.23,0.18,0.5348,0.89,1.22,1.5916,1.88,2.18,2.4784,2.78,3.05,3.35,3.61,3.85,4.062,4.3,4.5032,4.7588,4.94,5.15,5.36,5.56,5.7768,5.99,6.17,6.3736,6.6,6.82,7.05,7.25,7.4216,7.63,7.8128,8.02,8.24,8.41,8.59,8.86,9.0564,9.28,9.51,9.7432,9.9888,10.1644,10.4,10.6,10.8512,11.1,11.32,11.56,11.8,12,12.24,12.46,12.65,12.94,13.14,13.34,13.52,13.704,13.89,14.1,14.31,14.4964,14.72,14.89,15.09,15.28,15.48,15.67,15.8456,16.0512,16.24,16.45,16.63,16.82,17.07,17.2948,17.61,17.84,18.03,18.32,18.6,18.8784,19.154,19.45,19.81,20.1508,20.66,21.04,21.49,22.07,23.054,24.3644,24.58376,24.82704,24.97308,25.19056,25.39,25.83176,26.38264,26.88528,27.7339600000002,30.75
"DE073C",-16.27,-13.39792,-11.30264,-10.6632,-9.7276,-9.0566,-8.63,-8.27924,-7.91112,-7.75396,-7.55,-5.8588,-4.7632,-3.8076,-3.23,-2.65,-2.17,-1.69,-1.3,-0.9,-0.58,-0.21,0.0727999999999997,0.39,0.673999999999999,0.9,1.17,1.41,1.66,1.86,2.07,2.3032,2.6,2.85,3.08,3.3,3.5512,3.8,4.0524,4.27,4.5136,4.75,5.01,5.28,5.54,5.76,6.02,6.28,6.5,6.74,7.02,7.23,7.47,7.71,7.992,8.2576,8.52,8.74,8.99,9.27,9.5456,9.81,10.07,10.35,10.57,10.87,11.13,11.33,11.59,11.86,12.07,12.29,12.54,12.77,13,13.19,13.4252,13.68,13.88,14.092,14.32,14.5,14.6988,14.9,15.09,15.3156,15.5212,15.76,15.96,16.19,16.44,16.69,16.9448,17.22,17.56,17.81,18.08,18.34,18.6984,18.99,19.31,19.6152,19.95,20.33,20.732,21.16,21.7932,22.57,23.72,23.89396,24.03352,24.25308,24.55264,24.83,25.22528,25.43132,25.7844,26.70044,27.62
"DE074C",-12.61,-10.33088,-9.0044,-8.46528,-7.68704,-7.2722,-6.9132,-6.58924,-6.34464,-6.03792,-5.6976,-4.45,-3.53,-2.8,-2.19,-1.6464,-1.2,-0.87,-0.46,-0.143999999999999,0.121600000000001,0.41,0.6928,0.92,1.23,1.4796,1.7,1.97,2.21,2.462,2.6976,2.96,3.1688,3.4,3.63,3.89,4.15,4.3968,4.64,4.83,5.04,5.26,5.4848,5.7,5.94,6.18,6.39,6.67,6.91,7.15,7.4,7.62,7.8708,8.1,8.35,8.6,8.85,9.09,9.3744,9.69,9.9756,10.23,10.4568,10.7,10.928,11.2,11.5092,11.8,12.04,12.296,12.56,12.77,13.01,13.2368,13.444,13.64,13.85,14.1108,14.3,14.51,14.73,14.93,15.14,15.38,15.6,15.83,16.07,16.3,16.57,16.788,17.05,17.2892,17.48,17.75,18.01,18.31,18.59,18.86,19.15,19.45,19.7896,20.21,20.5408,20.94,21.322,21.8376,22.4496,23.1976,24.5188,24.68396,24.88056,25.12308,25.28264,25.5697999999999,25.85352,26.42264,26.95584,27.7539600000002,28.59
"DE075C",-13.45,-10.20552,-9.14144,-8.25,-7.67,-7.2488,-6.93792,-6.58924,-6.28112,-6.03396,-5.8376,-4.3288,-3.34,-2.5,-1.952,-1.38,-0.94,-0.57,-0.27,0.02,0.32,0.61,0.94,1.1884,1.42,1.6896,1.93,2.15,2.37,2.6,2.87,3.13,3.3588,3.59,3.8,3.99,4.2212,4.44,4.69,4.89,5.0636,5.28,5.52,5.7,5.92,6.11,6.32,6.51,6.72,6.90400000000001,7.11,7.37,7.54,7.8,8.03,8.2676,8.52,8.8,9.04,9.29,9.57,9.84,10.13,10.38,10.66,10.92,11.1692,11.44,11.71,11.97,12.21,12.46,12.7328,12.95,13.174,13.39,13.63,13.82,14.02,14.232,14.4376,14.65,14.84,15.04,15.21,15.39,15.62,15.78,15.97,16.19,16.41,16.63,16.84,17.0304,17.236,17.45,17.67,17.93,18.2184,18.494,18.74,19.09,19.41,19.7164,20.132,20.5876,21.1,21.63,23.0876,23.24396,23.44352,23.70924,23.90264,24.1022,24.33232,24.74132,24.96264,25.8022000000001,27.86
"DE076C",-14.12,-9.10496,-8.43264,-7.8732,-7.52352,-7.0144,-6.65792,-6.47,-6.18408,-5.95396,-5.8044,-4.2988,-3.39,-2.7276,-2,-1.4864,-1.05,-0.61,-0.31,0,0.32,0.62,0.93,1.1884,1.45,1.7096,1.96,2.24,2.48,2.75,3.01,3.24,3.43,3.65,3.86,4.07,4.27,4.5,4.73,4.95,5.19,5.41,5.64,5.85,6.056,6.27,6.5,6.71,6.9,7.14400000000001,7.36,7.59,7.85,8.06640000000001,8.29,8.5276,8.7432,9.01,9.28439999999999,9.51,9.73,9.96,10.23,10.48,10.71,10.96,11.21,11.47,11.77,11.98,12.2,12.42,12.62,12.85,13.05,13.2396,13.46,13.6808,13.88,14.07,14.29,14.5,14.7088,14.93,15.16,15.34,15.54,15.7468,15.96,16.18,16.4,16.64,16.8548,17.12,17.346,17.6,17.92,18.22,18.5,18.78,19.13,19.46,19.86,20.19,20.542,21.09,21.67,22.5388,23.6644,23.85396,24,24.1854,24.7532,25.0122,25.33352,25.92396,26.21496,26.8539600000002,29.69
"DE077C",-13.2,-10.01616,-8.29,-7.37396,-6.52,-5.991,-5.57264,-5.20848,-4.73168,-4.46188,-4.1988,-2.8688,-2.0064,-1.3576,-0.861999999999999,-0.37,0.0692000000000007,0.4,0.79,1.186,1.51,1.8272,2.15,2.43,2.754,2.99,3.27,3.56,3.84,4.08,4.34,4.56,4.8288,5.06,5.33,5.54,5.7512,5.96,6.21,6.458,6.7036,6.9092,7.12,7.3704,7.61,7.8216,8.06,8.27,8.4884,8.71,8.93,9.18,9.4008,9.64,9.87,10.1476,10.41,10.67,10.92,11.18,11.43,11.6812,11.94,12.19,12.46,12.72,12.95,13.2,13.45,13.696,13.96,14.2,14.41,14.66,14.91,15.1296,15.33,15.5208,15.72,15.952,16.16,16.37,16.61,16.8444,17.08,17.32,17.5312,17.7468,17.97,18.188,18.41,18.66,18.91,19.18,19.5,19.7916,20.05,20.36,20.73,21.01,21.42,21.79,22.17,22.5964,23.03,23.43,24.1,24.7976,26.3788,26.50396,26.67,26.93,27.13264,27.4544,27.9093599999999,28.6432,29.08088,29.9517600000001,30.85
"DE078C",-15.61,-12.42572,-11.38,-10.38924,-10.05352,-9.4266,-8.99,-8.63308,-8.25056,-7.84584,-7.6444,-6.0228,-5.0132,-4.14,-3.37,-2.7864,-2.2608,-1.7352,-1.35,-0.97,-0.638399999999999,-0.3428,-0.04,0.21,0.45,0.68,0.93,1.16,1.3864,1.62,1.84,2.04,2.27,2.51,2.73,2.96,3.23,3.46,3.7124,3.94,4.17,4.41,4.64,4.89,5.15,5.4216,5.71,6.02,6.2884,6.54,6.84,7.08,7.38,7.67,7.94,8.29,8.57,8.93,9.2,9.49,9.8,10.08,10.39,10.6824,10.93,11.1836,11.47,11.7,11.97,12.21,12.45,12.67,12.91,13.12,13.404,13.62,13.85,14.09,14.3,14.542,14.78,14.98,15.22,15.41,15.66,15.87,16.1212,16.33,16.5824,16.808,17.07,17.3392,17.62,17.8804,18.14,18.4116,18.72,19.02,19.3084,19.65,19.95,20.2352,20.61,20.95,21.36,21.8476,22.3732,23.22,24.4276,24.60188,24.74352,24.88308,25.1058400000001,25.3,25.4188,25.65132,26.07616,26.4430800000001,27.84
"DE079C",-15.92,-11.67056,-10.24992,-9.5964,-8.89936,-8.0442,-7.73,-7.51616,-7.19704,-6.65772,-6.3632,-4.5276,-3.44,-2.4976,-1.84,-1.2764,-0.81,-0.39,-0.0692000000000007,0.246000000000001,0.58,0.864400000000001,1.2,1.4484,1.72,2.02,2.32,2.5808,2.8964,3.19,3.44,3.7032,3.93,4.17,4.4,4.6356,4.85,5.07,5.29,5.518,5.76,6,6.21,6.4304,6.616,6.86,7.08,7.29,7.56,7.834,8.08,8.32,8.58,8.82,9.09,9.31,9.57,9.85,10.12,10.39,10.65,10.93,11.22,11.47,11.79,12.0336,12.2792,12.58,12.8,13.05,13.2916,13.55,13.8,14.01,14.26,14.51,14.76,14.98,15.17,15.352,15.56,15.8,15.99,16.22,16.46,16.68,16.9,17.11,17.35,17.56,17.8,18.04,18.28,18.5404,18.776,19.01,19.2972,19.58,19.86,20.17,20.5296,20.8652,21.22,21.67,22.17,22.6876,23.3532,24.09,25.32,25.5598,25.81352,25.97232,26.16264,26.39,26.58704,27.17396,28.01088,28.62088,30.01
"DE080C",-14.05,-8.55012,-7.18088,-6.42056,-5.63176,-5.051,-4.60528,-4.27616,-3.97704,-3.7798,-3.51,-2.33,-1.5732,-0.8576,-0.32,0.15,0.59,1,1.39,1.71,2.0516,2.41,2.75,3.06,3.34,3.62,3.93,4.16,4.38,4.62,4.85,5.05,5.24,5.4244,5.64,5.83,6.0512,6.25,6.48,6.65,6.8336,7.04,7.23,7.4,7.586,7.81,8.01,8.2,8.3884,8.58,8.78,8.96,9.16,9.35,9.56,9.81,10.06,10.2788,10.48,10.7,10.96,11.1812,11.41,11.6524,11.9,12.13,12.35,12.56,12.7904,13.01,13.22,13.42,13.6228,13.8184,14,14.19,14.38,14.58,14.78,14.99,15.19,15.3532,15.5488,15.73,15.93,16.1,16.28,16.47,16.66,16.83,17.05,17.2784,17.48,17.7,17.93,18.16,18.44,18.7,18.9584,19.24,19.52,19.8752,20.2808,20.7,21.12,21.66,22.2232,23.1188,24.5,24.70396,24.89,25.01616,25.38528,25.5744,25.85,26.2366,26.8832,28.04132,30.15
"DE081C",-14.22,-10.33396,-8.36288,-7.52,-6.7788,-6.362,-5.9,-5.5854,-4.96352,-4.76584,-4.51,-3.1176,-2.26,-1.5476,-1.032,-0.56,-0.11,0.24,0.65,0.986000000000001,1.3316,1.66,1.9728,2.2484,2.58,2.86,3.13,3.4108,3.66,3.892,4.1576,4.42,4.66,4.93,5.17,5.4056,5.61,5.83,6.07,6.31,6.52,6.7792,6.98,7.2204,7.48,7.69,7.92,8.14,8.3584,8.57,8.78,9.02,9.25,9.49,9.75,10.03,10.26,10.5,10.7644,11.02,11.2756,11.54,11.8,12.07,12.28,12.54,12.8092,13.0548,13.31,13.55,13.81,14.06,14.2528,14.5084,14.744,14.97,15.16,15.36,15.58,15.8,16.03,16.2232,16.47,16.69,16.93,17.16,17.36,17.5868,17.8,18.058,18.29,18.5092,18.74,19.05,19.35,19.63,19.8872,20.2,20.5484,20.83,21.2,21.59,22.01,22.4,22.83,23.21,23.84,24.6352,26.0444,26.21,26.36056,26.6346399999999,26.96792,27.2454,27.59,28.30528,28.93528,29.8513200000001,31.13
"DE082C",-14.44,-9.17892,-7.71408,-7.05528,-6.13112,-5.6088,-5.19,-4.99308,-4.53056,-4.3,-4.1588,-2.81,-1.9032,-1.2276,-0.67,-0.1464,0.25,0.68,1.0704,1.39,1.71,2.1072,2.41,2.7384,2.994,3.32,3.6052,3.87,4.1,4.36,4.56,4.78,4.98,5.1544,5.37,5.57,5.79,6.01,6.21,6.39,6.6,6.78,6.9848,7.15,7.36,7.56,7.75,7.96,8.16,8.33,8.52,8.7452,8.9408,9.13,9.34,9.59,9.83,10.06,10.25,10.48,10.75,10.99,11.1868,11.44,11.68,11.9236,12.14,12.37,12.6,12.81,13.03,13.24,13.43,13.6284,13.83,14.02,14.19,14.36,14.57,14.78,15.0076,15.18,15.37,15.55,15.74,15.92,16.12,16.29,16.4824,16.67,16.8636,17.11,17.34,17.5404,17.796,18.05,18.29,18.58,18.84,19.11,19.4296,19.75,20.24,20.62,21.072,21.6,22.22,23.1388,24.5464,24.71396,24.97056,25.14616,25.45528,25.6997999999999,26.02176,26.29132,27.0284799999999,28.0249600000006,30.18
"DE083C",-15.59,-9.08088,-8.04352,-7.34792,-6.44352,-5.9922,-5.46528,-5.24,-4.87056,-4.65396,-4.4064,-2.9588,-2.1232,-1.43,-0.82,-0.32,0.09,0.44,0.8,1.176,1.5516,1.8672,2.15,2.4984,2.78,3.11,3.41,3.6408,3.9,4.15,4.36,4.58,4.8,4.98,5.17,5.39,5.6,5.8368,6.04,6.22,6.4036,6.59,6.79,6.98,7.15,7.36,7.57,7.77,7.99,8.17,8.4,8.58,8.81,9,9.2,9.42,9.68,9.92,10.1544,10.37,10.64,10.86,11.11,11.3224,11.578,11.81,12.07,12.31,12.52,12.77,12.98,13.19,13.4,13.6084,13.79,13.95,14.13,14.33,14.51,14.73,14.95,15.14,15.31,15.52,15.7,15.87,16.06,16.25,16.45,16.66,16.83,17.07,17.33,17.54,17.796,18.03,18.27,18.5228,18.81,19.114,19.43,19.7652,20.17,20.65,21.142,21.5276,22.33,23.2388,24.6144,24.75396,24.95,25.13,25.35056,25.6932,25.98176,26.43,27.40088,28.0839600000002,29.85
"DE084C",-17.97,-14.45792,-12.86176,-11.44132,-11.00232,-10.5832,-10.31432,-9.90156,-9.65704,-9.38396,-9.17,-7.01,-5.7896,-4.75,-3.882,-3.16,-2.6108,-2.12,-1.8296,-1.41,-1.07,-0.7228,-0.39,-0.1,0.19,0.48,0.75,0.990799999999999,1.25,1.45,1.6976,1.9432,2.17,2.3688,2.63,2.85,3.1,3.35,3.6,3.76,3.99,4.24,4.44,4.71,4.94,5.2,5.4372,5.68,5.9284,6.17,6.42,6.67519999999999,6.94,7.2,7.51,7.73,7.9732,8.23,8.44,8.73,9.0356,9.2512,9.53,9.78,9.97,10.22,10.5,10.8048,11.1,11.3,11.54,11.74,12,12.21,12.45,12.7196,12.95,13.18,13.3764,13.6,13.83,14.05,14.25,14.48,14.72,14.93,15.16,15.37,15.5524,15.77,15.99,16.24,16.55,16.7504,17,17.25,17.51,17.79,18.11,18.4,18.71,19.0652,19.4508,19.86,20.312,20.8176,21.42,22.24,23.3488,23.50584,23.76704,24.00616,24.32792,24.56,24.85176,25.19132,25.65176,26.46,28
"DE085C",-18.38,-10.75408,-9.6244,-8.87264,-7.9688,-7.6744,-7.33528,-7.08232,-6.87704,-6.59188,-6.2644,-4.5752,-3.3832,-2.53,-1.842,-1.25,-0.841599999999999,-0.47,-0.1396,0.206000000000001,0.56,0.85,1.22,1.4684,1.74,1.9996,2.27,2.56,2.78,3.03,3.31,3.59,3.84,4.06,4.25,4.49,4.7,4.89,5.1,5.29,5.5,5.72,5.92,6.14,6.36,6.6,6.8372,6.99,7.23,7.47,7.71,7.93519999999999,8.1808,8.43,8.652,8.89,9.14,9.38,9.65,9.89,10.13,10.39,10.62,10.87,11.08,11.37,11.6,11.85,12.13,12.33,12.56,12.79,13.05,13.2284,13.44,13.61,13.82,14.0308,14.24,14.44,14.65,14.85,15.06,15.24,15.43,15.63,15.83,16.06,16.29,16.47,16.69,16.92,17.15,17.39,17.63,17.86,18.1472,18.41,18.72,19.02,19.3496,19.6552,20.0508,20.47,20.94,21.4676,22.11,23.0088,24.1544,24.32396,24.49352,24.66232,25.01,25.4466,25.64176,25.97924,26.52,27.2813200000001,28.42
"DE086C",-16.83,-9.2298,-8.41704,-7.31264,-6.86352,-6.3822,-5.84792,-5.56,-5.16704,-4.98396,-4.8088,-3.4088,-2.5132,-1.72,-1.12,-0.63,-0.17,0.17,0.5204,0.84,1.21,1.5544,1.92,2.19,2.454,2.76,3.02,3.25,3.48,3.69,3.94,4.16,4.38,4.59,4.78,5,5.2212,5.43,5.64,5.84,6.04,6.23,6.41,6.6,6.8,6.97,7.1772,7.36,7.55,7.74,7.96,8.18,8.4,8.64,8.84,9.07,9.26,9.43,9.6244,9.85,10.03,10.2612,10.4668,10.7024,10.97,11.2036,11.4,11.61,11.86,12.06,12.23,12.42,12.62,12.82,13.014,13.17,13.38,13.55,13.74,13.95,14.14,14.33,14.52,14.68,14.86,15.04,15.21,15.4,15.62,15.82,16.05,16.2892,16.49,16.7,16.9,17.15,17.4372,17.68,17.92,18.21,18.5,18.81,19.2408,19.66,20.1,20.59,21.14,22,23.4844,23.62,23.79,24.07,24.19,24.3922,24.6988,25.16132,25.95264,26.7930800000001,29.99
"DE087C",-14.03,-8.46396,-6.88144,-6.38264,-5.59176,-4.8454,-4.4232,-3.99924,-3.81352,-3.64188,-3.4244,-2.19,-1.3932,-0.7276,-0.23,0.27,0.69,1.1048,1.48,1.79,2.18,2.49,2.88,3.1984,3.46,3.7396,4.03,4.27,4.5,4.7,4.96,5.16,5.34,5.53,5.74,5.9356,6.17,6.35,6.5724,6.77,6.95,7.15,7.33,7.5104,7.71,7.9116,8.1172,8.31,8.49,8.69,8.89,9.07,9.27,9.47,9.67,9.94,10.18,10.36,10.5744,10.81,11.05,11.29,11.52,11.76,12,12.23,12.45,12.66,12.89,13.09,13.31,13.51,13.71,13.88,14.08,14.2996,14.47,14.6608,14.87,15.082,15.26,15.43,15.63,15.82,15.99,16.17,16.34,16.55,16.7324,16.92,17.12,17.34,17.57,17.78,18.02,18.24,18.53,18.7628,19.03,19.3,19.61,19.94,20.36,20.77,21.182,21.7,22.2932,23.1688,24.5444,24.78396,24.92352,25.04308,25.35792,25.6322,25.88352,26.25792,26.9167199999999,28.0835200000001,30.2
"DE088C",-14.17,-8.71276,-7.36968,-6.6466,-5.81288,-5.26,-4.82264,-4.50616,-4.2,-4.02396,-3.7844,-2.52,-1.68,-1.01,-0.44,0.03,0.469200000000001,0.89,1.27,1.58,1.94,2.3,2.6228,2.94,3.22,3.53,3.8052,4.0508,4.2964,4.52,4.77,4.96,5.15,5.33,5.55,5.75,5.9512,6.1768,6.39,6.56,6.76,6.94,7.14,7.3004,7.49,7.71,7.9072,8.11,8.3,8.49,8.6696,8.89,9.08,9.26,9.47,9.72,9.9832,10.19,10.39,10.61,10.89,11.1,11.34,11.58,11.82,12.05,12.27,12.4848,12.73,12.93,13.14,13.35,13.57,13.74,13.93,14.13,14.31,14.49,14.71,14.92,15.12,15.3,15.48,15.66,15.86,16.01,16.23,16.39,16.6024,16.77,16.97,17.22,17.41,17.64,17.876,18.1116,18.38,18.64,18.89,19.174,19.48,19.8152,20.26,20.66,21.112,21.6052,22.2,23.1352,24.4788,24.71396,24.93352,25.06308,25.41056,25.5988,25.92232,26.27264,26.94528,28.0257200000002,30.21
"DE089C",-15.43,-10.06276,-8.88352,-8.26452,-7.72704,-7.301,-6.78792,-6.48,-6.23352,-5.97792,-5.7288,-4.04,-3.15,-2.3476,-1.712,-1.24,-0.8,-0.3752,-0.08,0.34,0.63,0.9072,1.23,1.48,1.74,2.05,2.31,2.59,2.81,3.06,3.3076,3.56,3.75,3.96,4.15,4.39,4.59,4.8168,5.03,5.218,5.4036,5.59,5.79,5.99,6.18,6.3816,6.58,6.8,7.02,7.23400000000001,7.4196,7.62,7.82,8.06,8.28,8.49,8.74,8.98,9.2344,9.47,9.75,10.01,10.27,10.54,10.78,11.05,11.3,11.57,11.81,12.066,12.31,12.54,12.74,12.94,13.14,13.3396,13.52,13.72,13.9364,14.12,14.2876,14.4632,14.65,14.85,15.06,15.25,15.43,15.63,15.84,16.01,16.23,16.43,16.61,16.83,17.06,17.27,17.49,17.7228,17.96,18.24,18.5696,18.87,19.24,19.62,20.08,20.6,21.3332,22.1676,23.2244,23.35396,23.51352,23.74,23.87,24.2566,24.56408,24.90584,25.50264,26.19044,27.47
"DE090C",-14.57,-10.62396,-8.71616,-8.30264,-7.87528,-7.4666,-6.90528,-6.63156,-6.13352,-5.84584,-5.6088,-3.9788,-3.0632,-2.3576,-1.63,-1.1464,-0.62,-0.27,0.01,0.356000000000001,0.67,1.0272,1.34,1.6,1.88,2.15,2.48,2.76,2.9864,3.23,3.44,3.65,3.87,4.07,4.26,4.47,4.69,4.91,5.1124,5.3,5.49,5.69,5.91,6.11,6.3,6.52,6.75,6.96,7.13,7.33,7.54,7.77,7.93,8.17,8.37,8.6,8.84,9.0688,9.3,9.53,9.76,9.99,10.21,10.46,10.65,10.92,11.13,11.33,11.57,11.81,12.03,12.23,12.4128,12.6184,12.83,12.98,13.1652,13.34,13.56,13.76,13.95,14.15,14.34,14.55,14.72,14.93,15.1212,15.32,15.5,15.69,15.91,16.14,16.3748,16.61,16.83,17.07,17.34,17.6,17.9,18.18,18.49,18.8452,19.2408,19.6064,20.07,20.58,21.18,22.06,23.4388,23.56396,23.86704,23.94616,24.1758400000001,24.4819999999999,24.78176,25.17396,25.96528,26.7361600000002,28.68
"DE091C",-15.49,-10.80112,-10.12264,-9.35528,-8.79176,-8.481,-7.79264,-7.55,-7.31352,-6.99,-6.7732,-5.08,-3.98,-3.23,-2.45,-1.85,-1.39,-0.94,-0.63,-0.323999999999999,-0.01,0.2772,0.57,0.82,1.104,1.37,1.6252,1.89,2.13,2.39,2.6176,2.82,3.02,3.2244,3.45,3.65,3.88,4.08,4.3,4.5,4.6936,4.9092,5.11,5.36,5.59,5.8216,6.07,6.28,6.4784,6.73,6.9,7.14,7.36,7.59,7.81,8.03,8.26,8.5488,8.78,9.02,9.24,9.49,9.74,10,10.24,10.4736,10.72,10.96,11.2,11.46,11.69,11.9472,12.17,12.37,12.58,12.7596,12.9652,13.14,13.35,13.552,13.73,13.9532,14.18,14.38,14.57,14.75,14.96,15.15,15.37,15.57,15.79,16.04,16.29,16.51,16.77,17.05,17.31,17.5728,17.86,18.14,18.4496,18.75,19.18,19.6,20,20.5,21.0732,21.8888,23.1188,23.37396,23.65408,23.86616,24.06,24.25,24.58528,25.01264,25.53,26.1630800000001,27.36
"DE092C",-14.44,-9.51616,-8.25352,-7.61396,-6.76176,-6.0044,-5.75528,-5.27308,-5.0776,-4.75396,-4.6344,-3.14,-2.34,-1.57,-0.99,-0.42,-0.03,0.3648,0.72,1.06,1.39,1.73,2.09,2.36,2.64,2.95,3.23,3.51,3.77,4.02,4.23,4.4232,4.64,4.83,5.04,5.2556,5.46,5.6668,5.9,6.1,6.27,6.47,6.69,6.8904,7.08,7.27,7.46,7.67,7.8784,8.06,8.27,8.48,8.7,8.89,9.12,9.32,9.5732,9.8,10.04,10.25,10.5056,10.7712,10.98,11.2,11.43,11.66,11.92,12.14,12.33,12.57,12.84,13.03,13.23,13.4384,13.62,13.8,13.99,14.15,14.35,14.55,14.7976,15,15.16,15.34,15.54,15.74,15.93,16.09,16.2748,16.498,16.72,16.92,17.2,17.42,17.63,17.88,18.15,18.39,18.65,18.97,19.27,19.6252,20.05,20.45,20.93,21.39,22.04,22.9588,24.2944,24.47376,24.65704,24.91,25.13264,25.4054,25.86,26.07396,27.01088,27.7935200000001,29.31
"DE093C",-14.53,-9.48376,-7.97176,-7.29528,-6.34112,-5.9188,-5.49528,-5.24,-4.76408,-4.46,-4.2744,-2.9988,-2.0496,-1.3676,-0.781999999999999,-0.25,0.18,0.58,0.95,1.29,1.5916,1.99,2.32,2.6384,2.89,3.2,3.52,3.7608,4.01,4.26,4.46,4.69,4.88,5.09,5.27,5.4956,5.72,5.9368,6.13,6.31,6.51,6.71,6.92,7.1,7.286,7.5,7.7,7.92,8.11,8.28,8.4696,8.68519999999999,8.89,9.08,9.3,9.54,9.7832,10,10.21,10.44,10.7,10.9312,11.1568,11.3924,11.64,11.88,12.1,12.35,12.55,12.776,12.99,13.19,13.39,13.6,13.79,13.98,14.15,14.32,14.5364,14.74,14.97,15.13,15.33,15.51,15.69,15.88,16.07,16.27,16.46,16.638,16.84,17.09,17.3,17.54,17.77,18.01,18.27,18.56,18.8,19.08,19.43,19.7252,20.2,20.61,21.072,21.5652,22.21,23.14,24.54,24.66188,24.87,25.15308,25.44264,25.6844,25.9475999999999,26.20056,27.18232,28.0323200000005,29.92
"DE094C",-13.74,-8.77836,-7.41056,-6.93528,-6.56352,-6,-5.58792,-4.97,-4.73,-4.5,-4.2288,-2.9276,-2.0996,-1.3776,-0.85,-0.32,0.09,0.4148,0.7704,1.08,1.43,1.74,2.08,2.36,2.674,2.9396,3.24,3.48,3.71,3.93,4.18,4.3732,4.58,4.77,4.96,5.18,5.4,5.62,5.81,5.99,6.18,6.38,6.6248,6.8,7.01,7.2016,7.39,7.62,7.82,8.004,8.22,8.4052,8.6,8.8364,9.03,9.26,9.5,9.71,9.95,10.19,10.4456,10.6512,10.86,11.0924,11.33,11.59,11.8,11.99,12.24,12.47,12.68,12.89,13.08,13.26,13.46,13.64,13.8252,14.05,14.25,14.452,14.65,14.84,15.02,15.21,15.4,15.58,15.7812,15.96,16.18,16.378,16.57,16.78,17.06,17.28,17.516,17.7616,18.04,18.28,18.58,18.89,19.15,19.52,19.92,20.35,20.782,21.26,21.9,22.8476,24.2044,24.43188,24.67,24.92308,25.10528,25.2732,25.60176,26.02132,26.78408,27.6330800000001,29.8
"DE095C",-17.01,-9.52396,-8.64968,-7.7932,-6.88528,-6.3788,-5.99264,-5.73308,-5.40464,-5.19792,-4.9208,-3.3888,-2.52,-1.8076,-1.18,-0.67,-0.24,0.1248,0.44,0.83,1.1816,1.5472,1.8028,2.17,2.46,2.74,3.04,3.29,3.53,3.76,4.01,4.21,4.42,4.62,4.82,5.04,5.25,5.47,5.6624,5.87,6.02,6.1992,6.4,6.56,6.79,6.99,7.23,7.41,7.6384,7.85,8.03,8.23,8.42,8.62,8.85,9.07,9.3132,9.57,9.81,10.02,10.2556,10.53,10.75,10.97,11.238,11.5,11.76,11.98,12.19,12.396,12.66,12.85,13.06,13.26,13.44,13.62,13.8,13.98,14.1664,14.382,14.5876,14.77,14.96,15.13,15.3,15.5,15.6912,15.9,16.11,16.33,16.52,16.75,16.98,17.19,17.45,17.69,17.93,18.17,18.49,18.79,19.14,19.4,19.8508,20.3,20.782,21.23,21.9764,22.9388,24.1688,24.43188,24.59056,24.8,25.0164000000001,25.4222,25.67056,26.50264,27.05088,27.99088,29.83
"DE096C",-14.5,-9.85144,-8.122,-7.39264,-6.6464,-6.1786,-5.74056,-5.3008,-4.78056,-4.54188,-4.3188,-2.9064,-2.06,-1.47,-0.9,-0.4064,0.03,0.37,0.8,1.16,1.5,1.8572,2.14,2.4184,2.724,3.04,3.32,3.58,3.8564,4.1,4.3576,4.6232,4.86,5.13,5.35,5.5956,5.7912,6.04,6.25,6.48,6.71,6.96,7.1848,7.4,7.66,7.8716,8.12,8.3128,8.54,8.78,8.99,9.23,9.45,9.6664,9.922,10.2176,10.45,10.7,10.95,11.21,11.4656,11.75,12,12.2624,12.5,12.74,13.02,13.26,13.4904,13.77,14.0016,14.26,14.48,14.72,14.95,15.2,15.3852,15.59,15.7864,16.04,16.26,16.46,16.6888,16.93,17.16,17.38,17.6,17.81,18.03,18.308,18.5,18.76,19.0148,19.2704,19.59,19.85,20.14,20.43,20.8,21.11,21.4896,21.85,22.27,22.65,23.07,23.5152,24.1332,25.04,26.43,26.64396,26.73704,26.9731199999999,27.28264,27.6319999999999,28.09176,28.77264,29.36264,30.1566000000002,31.75
"DE097C",-13.59,-8.131,-7.17176,-6.56716,-5.9788,-5.4354,-5.16056,-4.76,-4.31056,-4.07792,-3.95,-2.62,-1.77,-1.0852,-0.56,-0.09,0.389200000000001,0.74,1.08,1.42,1.7616,2.0972,2.39,2.7184,3.004,3.3196,3.59,3.82,4.0664,4.282,4.52,4.74,4.95,5.15,5.34,5.55,5.76,5.97,6.18,6.34,6.54,6.7692,6.99,7.19,7.37,7.5816,7.7872,7.98,8.19,8.39,8.5896,8.77,9,9.18,9.402,9.63,9.89,10.11,10.32,10.55,10.8,11.04,11.26,11.51,11.75,11.97,12.2,12.4,12.6304,12.866,13.08,13.3172,13.5,13.7,13.87,14.06,14.25,14.4608,14.67,14.872,15.06,15.24,15.43,15.62,15.83,16,16.2,16.4068,16.59,16.79,17,17.21,17.49,17.69,17.94,18.21,18.4672,18.74,19.02,19.31,19.6,19.94,20.38,20.7664,21.242,21.7176,22.38,23.31,24.63,24.92376,25.14,25.30924,25.57056,25.7644,26.14,26.45792,27.26968,28.0923200000005,30.66
"DE098C",-13.9,-8.84572,-7.73088,-6.88792,-6.36176,-5.9588,-5.51792,-5.36308,-5.10408,-4.89,-4.6944,-3.3288,-2.3432,-1.59,-0.97,-0.4964,-0.06,0.29,0.66,1.02,1.3716,1.76,2.0328,2.33,2.634,2.94,3.19,3.4508,3.71,3.91,4.17,4.39,4.6088,4.82,5.04,5.26,5.47,5.62,5.78,5.97,6.16,6.32,6.49,6.69,6.86,7.0416,7.27,7.4728,7.66,7.85,8.0696,8.31,8.51,8.67,8.862,9.07,9.31,9.5788,9.82,10.06,10.31,10.55,10.79,11.05,11.29,11.55,11.76,11.98,12.2,12.4,12.6132,12.83,13.03,13.21,13.39,13.58,13.74,13.92,14.09,14.3,14.47,14.6432,14.8588,15.05,15.19,15.35,15.5312,15.71,15.91,16.13,16.2936,16.48,16.6548,16.9,17.08,17.3216,17.62,17.86,18.11,18.384,18.68,18.98,19.3308,19.76,20.212,20.6476,21.36,22.1388,23.5644,23.65188,23.79056,23.94308,24.23264,24.4888,24.71704,25.32132,25.87264,26.2813200000001,28.7
"DE099C",-13.92,-8.8122,-6.98,-6.53396,-5.53,-5.1266,-4.67848,-4.08232,-3.87056,-3.71792,-3.5744,-2.37,-1.57,-0.89,-0.341999999999999,0.1736,0.629200000000001,0.97,1.39,1.732,2.1,2.3844,2.77,3.0984,3.374,3.6796,3.95,4.2,4.43,4.62,4.87,5.1,5.3,5.4844,5.69,5.89,6.12,6.3168,6.52,6.73,6.88,7.12,7.31,7.5,7.69,7.93,8.11,8.3,8.5084,8.674,8.84,9.0652,9.26,9.46,9.7,9.9576,10.1632,10.37,10.6,10.81,11.07,11.31,11.52,11.76,11.998,12.23,12.45,12.66,12.9,13.1,13.35,13.53,13.74,13.94,14.13,14.32,14.49,14.71,14.91,15.13,15.3,15.49,15.68,15.85,16.03,16.24,16.42,16.6,16.79,17,17.21,17.4192,17.66,17.8504,18.1,18.33,18.59,18.88,19.1484,19.404,19.73,20.06,20.4608,20.89,21.31,21.8076,22.4432,23.2764,24.78,24.91188,25.03352,25.34616,25.55,25.7644,26.11056,26.44396,27.19056,28.2530800000001,30.88
"DE100C",-14.47,-10.29364,-8.8388,-7.5866,-7.0488,-6.73,-6.15792,-5.8654,-5.58056,-5.18188,-5.0144,-3.4088,-2.5032,-1.86,-1.23,-0.7864,-0.35,0.03,0.35,0.69,0.991600000000001,1.34,1.6728,1.95,2.22,2.5,2.7452,3.05,3.3,3.542,3.78,4.0432,4.2988,4.51,4.78,5.0256,5.2112,5.44,5.69,5.92,6.14,6.37,6.6,6.86,7.106,7.31,7.53,7.7356,7.9784,8.21,8.41,8.63,8.85,9.09,9.34,9.66,9.89,10.15,10.39,10.63,10.87,11.1612,11.41,11.64,11.878,12.16,12.4192,12.66,12.92,13.16,13.3916,13.6372,13.87,14.0884,14.32,14.51,14.7552,14.9408,15.15,15.38,15.58,15.8,16.02,16.26,16.49,16.7156,16.94,17.1768,17.3924,17.62,17.82,18.07,18.32,18.6004,18.9,19.21,19.43,19.73,20.08,20.39,20.7396,21.15,21.52,21.93,22.36,22.7976,23.37,24.1488,25.4488,25.6216800000001,25.84,26.00616,26.44264,26.57,27.09528,27.48924,28.18792,29.2039600000002,30.08
"DE101C",-15.14,-10.47088,-9.44352,-8.51396,-8.02288,-7.5332,-7.27528,-6.67232,-6.47056,-6.27792,-6.1044,-4.28,-3.29,-2.57,-1.882,-1.2628,-0.850799999999999,-0.4652,-0.12,0.226000000000001,0.561600000000001,0.85,1.19,1.4784,1.74,2.0396,2.33,2.58,2.83,3.07,3.29,3.5232,3.73,3.9144,4.12,4.32,4.53,4.76,4.96,5.16,5.34,5.54,5.72,5.95,6.186,6.39,6.59,6.8,7.02,7.24,7.45,7.64,7.86,8.0564,8.29,8.55,8.7732,9,9.23,9.47,9.71,9.96,10.19,10.45,10.668,10.95,11.17,11.38,11.5804,11.81,12.0816,12.31,12.5,12.69,12.88,13.1,13.2752,13.47,13.6764,13.85,14.04,14.24,14.4588,14.65,14.85,15.0256,15.23,15.44,15.67,15.868,16.0636,16.27,16.55,16.78,17.04,17.27,17.5272,17.77,18.09,18.384,18.6896,19.0252,19.4608,19.93,20.3,20.79,21.46,22.33,23.7044,23.87792,24.02352,24.26924,24.51264,24.7622,25.27352,25.5958399999999,25.99176,27.1335200000001,29.1
"DE102C",-16.38,-10.66352,-9.07056,-8.34132,-7.76352,-7.3522,-6.98056,-6.57616,-6.24056,-6.04376,-5.84,-4.4,-3.4532,-2.66,-2.082,-1.54,-1.0908,-0.73,-0.3496,-0.01,0.29,0.56,0.85,1.1284,1.42,1.66,1.9352,2.1608,2.4164,2.662,2.92,3.16,3.42,3.63,3.87,4.13,4.36,4.59,4.85,5.048,5.2736,5.5,5.7648,5.9704,6.2,6.44,6.7072,6.93,7.13,7.35,7.59,7.79,8.07,8.29,8.532,8.8,9.04,9.28,9.54,9.79,10.09,10.3212,10.6,10.79,11.078,11.3536,11.62,11.87,12.12,12.4,12.62,12.85,13.07,13.2884,13.53,13.7696,13.95,14.18,14.39,14.59,14.78,15.01,15.23,15.43,15.65,15.86,16.09,16.32,16.58,16.81,17.05,17.28,17.5348,17.79,18.07,18.34,18.61,18.89,19.24,19.534,19.8496,20.22,20.6,20.9564,21.31,21.8876,22.44,23.1576,24.342,24.58,24.81,25.09,25.2932000000001,25.54,25.80528,26.43924,26.8644,27.57044,28.71
"DE103C",-14.58,-9.52704,-7.90176,-7.21264,-6.31408,-5.6988,-5.33056,-5.11308,-4.69352,-4.42396,-4.212,-2.85,-1.96,-1.2876,-0.711999999999999,-0.1964,0.229200000000001,0.63,1.04,1.33,1.66,2.0372,2.39,2.71,2.95,3.27,3.57,3.83,4.07,4.31,4.53,4.74,4.95,5.13,5.33,5.55,5.7712,5.98,6.18,6.37,6.58,6.76,6.9548,7.1404,7.34,7.53,7.7472,7.94,8.14,8.32,8.51,8.73,8.91,9.12,9.34,9.5776,9.7932,10.0288,10.25,10.47,10.73,10.98,11.18,11.4324,11.65,11.9,12.14,12.36,12.5704,12.81,13.03,13.21,13.4228,13.62,13.81,14.01,14.16,14.35,14.56,14.77,14.9976,15.19,15.37,15.54,15.71,15.9056,16.11,16.29,16.5,16.668,16.86,17.11,17.33,17.55,17.8,18.05,18.2772,18.58,18.84,19.104,19.4496,19.76,20.2208,20.62,21.1,21.6076,22.2532,23.1488,24.56,24.72,24.92,25.10232,25.53264,25.7844,26.01528,26.30396,27.29352,27.9606800000008,30.02
"DE104C",-16.67,-10.99352,-9.5888,-8.65264,-8.06352,-7.5944,-7.19528,-6.8554,-6.58112,-6.2898,-6.0944,-4.4228,-3.21,-2.3452,-1.702,-1.07,-0.69,-0.37,0.02,0.33,0.65,0.94,1.27,1.53,1.81,2.0896,2.36,2.64,2.9,3.15,3.3976,3.7,3.95,4.18,4.39,4.6,4.82,5.0068,5.21,5.41,5.6236,5.85,6.0648,6.2704,6.5,6.74,6.93,7.15,7.38,7.61,7.85,8.07,8.37,8.6164,8.83,9.03,9.28,9.52,9.8,10.06,10.31,10.57,10.82,11.0624,11.29,11.58,11.83,12.0948,12.35,12.57,12.7916,13.0372,13.26,13.44,13.67,13.87,14.08,14.28,14.4764,14.67,14.88,15.11,15.29,15.5,15.71,15.91,16.11,16.33,16.54,16.768,16.9836,17.22,17.44,17.68,17.91,18.16,18.44,18.71,19.04,19.34,19.64,19.96,20.4,20.83,21.24,21.82,22.5132,23.3552,24.55,24.64188,24.84704,25.10616,25.4132000000001,25.81,25.94704,26.30188,27.04088,27.5983600000003,29.01
"DE105C",-12.3,-8.27572,-7.4144,-6.55396,-6.29056,-5.7964,-5.40264,-5.15924,-4.85,-4.71188,-4.4988,-3.0688,-2.0632,-1.3176,-0.82,-0.27,0.16,0.5448,0.8504,1.25,1.57,1.87,2.22,2.51,2.76,3.01,3.28,3.53,3.81,4.02,4.24,4.43,4.6388,4.85,5.02,5.22,5.42,5.61,5.78,5.94,6.1,6.27,6.45,6.62,6.79,6.96,7.14,7.34,7.54,7.74,7.93,8.10519999999999,8.31,8.51,8.73,8.96,9.19,9.47,9.69439999999999,9.93,10.19,10.45,10.71,10.9424,11.21,11.48,11.68,11.9,12.1304,12.34,12.5516,12.77,12.9528,13.11,13.3,13.5,13.7,13.85,14.03,14.21,14.42,14.5732,14.78,14.9944,15.13,15.28,15.44,15.61,15.8,15.98,16.16,16.34,16.56,16.75,16.97,17.17,17.3972,17.64,17.89,18.15,18.42,18.7352,19.1108,19.5,19.84,20.33,20.9732,21.82,23.08,23.27396,23.38,23.55232,23.71264,23.8822,24.24056,24.50132,25.04528,25.61044,27.23
"DE106C",-14.3,-8.84408,-7.52088,-6.78924,-5.87528,-5.371,-4.91056,-4.64616,-4.32352,-4.09396,-3.8544,-2.5788,-1.7232,-1.06,-0.49,-0.01,0.41,0.82,1.21,1.55,1.8616,2.26,2.56,2.9,3.14,3.48,3.75,4.01,4.23,4.48,4.6976,4.92,5.08,5.28,5.5,5.69,5.89,6.14,6.3224,6.5,6.7,6.8892,7.08,7.2504,7.44,7.66,7.86,8.04,8.27,8.44,8.63,8.8352,9.0208,9.22,9.42,9.67,9.92,10.15,10.3444,10.56,10.84,11.05,11.29,11.53,11.75,12,12.22,12.45,12.68,12.89,13.09,13.3,13.5128,13.68,13.88,14.08,14.26,14.43,14.64,14.86,15.07,15.24,15.43,15.62,15.81,15.96,16.16,16.3568,16.54,16.73,16.91,17.15,17.3548,17.59,17.816,18.07,18.33,18.6028,18.87,19.14,19.46,19.77,20.2408,20.62,21.09,21.6176,22.2132,23.15,24.4788,24.69396,24.97,25.09308,25.41792,25.6844,25.93232,26.27132,26.96056,27.9601200000004,30.12
"DE107C",-12.56,-10.36044,-8.82352,-7.80264,-7.27352,-7.0044,-6.59264,-6.24,-6.04704,-5.82188,-5.6476,-3.9288,-2.8632,-2.0328,-1.412,-0.9864,-0.600799999999999,-0.26,0.15,0.426000000000001,0.73,1.05,1.42,1.67,1.95,2.17,2.44,2.73,2.99,3.25,3.5076,3.7732,3.99,4.2544,4.49,4.71,4.9412,5.2,5.43,5.65,5.86,6.11,6.35,6.61,6.88,7.07,7.3172,7.5428,7.76,7.99,8.21,8.45519999999999,8.72,8.96,9.22,9.4676,9.7332,9.98,10.24,10.49,10.77,11.01,11.24,11.51,11.78,12.02,12.2992,12.53,12.7604,13.04,13.29,13.53,13.73,13.95,14.16,14.4,14.6652,14.85,15.05,15.25,15.46,15.6932,15.92,16.12,16.32,16.55,16.78,17.01,17.27,17.45,17.71,17.96,18.2548,18.51,18.806,19.08,19.38,19.7,19.99,20.32,20.73,21.0852,21.4008,21.7964,22.22,22.7076,23.3032,24.0388,25.45,25.62396,25.77,26.01616,26.26528,26.4763999999999,26.93,27.38924,27.83528,28.73044,29.88
"DE108C",-13.92,-9.89264,-8.18088,-7.89132,-7.40528,-6.8644,-6.38584,-5.89616,-5.5452,-5.32396,-5.1208,-3.64,-2.7232,-1.98,-1.392,-0.9164,-0.5,-0.12,0.18,0.52,0.811600000000001,1.15,1.4728,1.75,2.03,2.32,2.62,2.87,3.1,3.33,3.55,3.76,3.99,4.18,4.36,4.57,4.7712,5.0068,5.2,5.38,5.56,5.77,6,6.19,6.39,6.6,6.81,7.01,7.2084,7.41,7.6,7.8252,8.04,8.21,8.432,8.66,8.9032,9.11,9.32,9.59,9.82,10.06,10.27,10.49,10.72,10.9636,11.17,11.39,11.64,11.83,12.06,12.28,12.46,12.64,12.834,13,13.2,13.41,13.6,13.812,14.01,14.2,14.39,14.6,14.78,14.9656,15.17,15.35,15.55,15.75,15.94,16.16,16.43,16.66,16.876,17.13,17.3972,17.6428,17.97,18.264,18.57,18.8852,19.2808,19.6964,20.132,20.64,21.2532,22.1564,23.5432,23.74188,24.00352,24.18308,24.35792,24.5766,24.94352,25.34056,26.14088,26.9817600000001,28.94
"DE109C",-13.78,-8.86584,-7.6288,-6.95056,-6.48528,-6.1222,-5.74264,-5.55,-5.2176,-5.03396,-4.9044,-3.38,-2.42,-1.8,-1.262,-0.72,-0.340799999999999,0.07,0.3604,0.7,1.08,1.38,1.66,1.91,2.2,2.5,2.77,3.07,3.32,3.57,3.85,4.06,4.31,4.53,4.77,4.9356,5.19,5.42,5.69,5.9,6.11,6.33,6.5548,6.8,7.06,7.26,7.46,7.7,7.92,8.10400000000001,8.33,8.55,8.78,9.05,9.3,9.6,9.8,10.04,10.3144,10.56,10.7956,11.01,11.25,11.54,11.82,12.03,12.33,12.58,12.85,13.11,13.37,13.58,13.78,14.02,14.224,14.46,14.67,14.86,15.06,15.3,15.51,15.7732,15.98,16.21,16.43,16.6556,16.8712,17.1,17.3424,17.57,17.8036,18.01,18.23,18.5104,18.756,19.07,19.37,19.6928,20.02,20.29,20.64,21.0152,21.4208,21.79,22.18,22.71,23.25,24.0788,25.3544,25.47396,25.68704,26.00308,26.30528,26.6754,27.07704,27.6032,28.56352,29.2017600000001,31.16
"DE110C",-16.28,-13.44748,-11.40176,-10.73188,-9.87936,-9.17,-8.79792,-8.37308,-8.08872,-7.93792,-7.6444,-5.9152,-4.8932,-3.96,-3.322,-2.7764,-2.27,-1.79,-1.3792,-1.03,-0.668399999999999,-0.3228,-0.03,0.29,0.57,0.8,1.0652,1.32,1.58,1.77,1.97,2.19,2.49,2.74,2.98,3.2056,3.45,3.7,3.93,4.138,4.3936,4.65,4.8948,5.16,5.41,5.66,5.9,6.18,6.38,6.63,6.91,7.15,7.3508,7.6164,7.87,8.14,8.39,8.6,8.88,9.14,9.43,9.6612,9.95,10.23,10.44,10.7236,10.99,11.2148,11.46,11.716,11.94,12.1644,12.41,12.63,12.87,13.0796,13.29,13.5408,13.75,13.95,14.1676,14.36,14.56,14.75,14.96,15.17,15.38,15.6,15.8224,16.04,16.29,16.53,16.79,17.08,17.41,17.6616,17.93,18.1728,18.55,18.824,19.1596,19.46,19.79,20.18,20.58,20.9976,21.6332,22.4288,23.57,23.72396,23.88,24.09616,24.39792,24.7122,25.05176,25.27396,25.72528,26.49044,27.5
"DE111C",-13.36,-11.3544,-10.52,-9.11264,-8.33528,-8.0922,-7.74056,-7.32924,-6.92112,-6.49396,-6.3076,-4.7888,-3.65,-2.73,-2.092,-1.6228,-1.18,-0.74,-0.36,0.00600000000000136,0.3,0.65,0.98,1.27,1.57,1.85,2.14,2.4008,2.63,2.86,3.15,3.39,3.66,3.92,4.15,4.38,4.61,4.8668,5.09,5.298,5.55,5.8,6.05,6.28,6.49,6.73,6.95,7.1828,7.42,7.68,7.88,8.11,8.31,8.56,8.8,9.0376,9.3032,9.55,9.84,10.08,10.31,10.51,10.76,11,11.22,11.4536,11.7392,11.98,12.24,12.5,12.73,12.95,13.1828,13.42,13.61,13.83,14.03,14.2408,14.44,14.64,14.8476,15.05,15.26,15.43,15.68,15.89,16.08,16.2968,16.52,16.74,16.97,17.21,17.49,17.76,18.03,18.34,18.6272,18.92,19.23,19.57,19.89,20.23,20.5808,20.91,21.36,21.83,22.44,23.1688,24.58,24.68,24.80352,25,25.18264,25.3732,25.87,26.08396,26.67264,27.3840800000005,28.58
"DE112C",-15.14,-12.22088,-9.97264,-9.39132,-8.81528,-8.432,-8.10264,-7.74924,-7.0476,-6.84396,-6.6344,-5.1352,-3.9832,-3.27,-2.57,-2.05,-1.56,-1.12,-0.7496,-0.38,-0.08,0.2272,0.45,0.718400000000001,0.98,1.21,1.4552,1.7308,1.9864,2.21,2.45,2.7,2.94,3.19,3.46,3.7,3.9112,4.17,4.4,4.6,4.8836,5.14,5.38,5.6104,5.87,6.14,6.42,6.67,6.88,7.15,7.4296,7.69,7.95,8.21,8.48,8.76,9.02,9.32,9.59,9.89,10.1756,10.43,10.7268,10.97,11.25,11.52,11.79,12.0548,12.28,12.52,12.81,13.0272,13.22,13.47,13.68,13.91,14.18,14.44,14.65,14.88,15.1076,15.31,15.51,15.76,15.97,16.18,16.38,16.58,16.82,17.04,17.32,17.62,17.89,18.16,18.45,18.71,18.98,19.27,19.59,19.87,20.2096,20.5052,20.86,21.32,21.732,22.17,22.78,23.5088,24.7332,24.99396,25.15704,25.34308,25.54,25.76,26.09,26.42132,26.93088,27.51044,29.02
"DE113C",-16.89,-13.46044,-11.96264,-11.00924,-9.87,-9.0966,-8.58376,-8.14,-7.87408,-7.63792,-7.3776,-5.52,-4.59,-3.66,-2.83,-2.15,-1.6308,-1.19,-0.87,-0.513999999999999,-0.13,0.18,0.46,0.75,1.02,1.3096,1.59,1.87,2.1064,2.372,2.61,2.8,3.04,3.27,3.5,3.73,3.96,4.23,4.44,4.64,4.87,5.1,5.35,5.59,5.84,6.05,6.27,6.5128,6.7384,7.01,7.26,7.48,7.74,7.98,8.25,8.47,8.7,8.99,9.2444,9.51,9.7656,10.03,10.2768,10.51,10.746,11.01,11.27,11.54,11.7904,12.04,12.32,12.55,12.7728,13.03,13.25,13.4596,13.7,13.92,14.0964,14.322,14.5276,14.74,14.98,15.19,15.41,15.6256,15.89,16.08,16.26,16.46,16.7,16.96,17.18,17.41,17.69,17.94,18.22,18.48,18.75,19.03,19.38,19.7552,20.09,20.5364,20.98,21.52,22.08,22.87,24.14,24.30584,24.54704,24.69616,24.93792,25.1766,25.40352,25.77264,26.39264,27.0235200000001,28.51
"DE114C",-18.91,-11.18088,-10.27352,-9.29188,-8.28,-8.031,-7.64056,-7.40616,-7.26352,-6.83792,-6.5644,-4.8188,-3.6796,-2.76,-2.012,-1.45,-1,-0.5452,-0.23,0.15,0.49,0.81,1.1628,1.43,1.69,1.97,2.2452,2.49,2.73,2.99,3.26,3.5532,3.77,4.0144,4.2,4.41,4.63,4.8368,5.02,5.21,5.43,5.67,5.89,6.08,6.326,6.5616,6.76,6.96,7.2,7.43400000000001,7.67,7.91,8.13,8.3564,8.61,8.83,9.1032,9.3488,9.58,9.82,10.08,10.3312,10.56,10.8224,11.04,11.29,11.5492,11.79,12.0604,12.3,12.51,12.75,12.99,13.18,13.39,13.57,13.7552,13.9708,14.18,14.4,14.5976,14.79,15,15.18,15.38,15.59,15.7812,15.99,16.2,16.43,16.64,16.8492,17.09,17.3,17.55,17.79,18.07,18.35,18.65,18.96,19.2796,19.6,19.97,20.3764,20.88,21.3476,21.99,22.8464,24.0344,24.23188,24.36352,24.62308,24.89056,25.2385999999999,25.60704,25.88188,26.40176,27.1352800000002,28.62
"DE115C",-16.07,-13.22088,-12.15176,-10.87188,-10.3488,-9.78,-9.49792,-9.13616,-8.82056,-8.27792,-7.92,-6.0176,-4.83,-3.97,-3.26,-2.6964,-2.2,-1.73,-1.24,-0.91,-0.58,-0.26,0.0627999999999997,0.32,0.64,0.9596,1.24,1.47,1.7,1.94,2.1476,2.41,2.68,2.92,3.18,3.42,3.67,3.91,4.13,4.378,4.63,4.86,5.1,5.35,5.61,5.88,6.0872,6.3128,6.55,6.78400000000001,7.03,7.21,7.4708,7.74,7.98,8.2,8.44,8.67,8.92,9.16,9.43,9.7212,9.94,10.18,10.44,10.6736,10.92,11.16,11.42,11.66,11.9016,12.15,12.37,12.58,12.78,13.01,13.24,13.42,13.63,13.84,14.08,14.27,14.46,14.65,14.85,15.04,15.29,15.51,15.74,15.958,16.17,16.43,16.69,16.96,17.23,17.54,17.86,18.1128,18.4084,18.724,19.04,19.36,19.7508,20.1,20.49,21.0076,21.6,22.3388,23.5944,23.74792,23.90704,24.09,24.33,24.5222,24.88528,25.41396,25.8844,26.70088,28.37
"DE116C",-15.29,-12.62484,-10.45848,-9.80264,-9.19528,-8.341,-7.86056,-7.49924,-7.22352,-6.85396,-6.71,-5.1688,-4.0864,-3.25,-2.62,-2.01,-1.46,-1.0652,-0.68,-0.33,-0.03,0.2472,0.51,0.77,1.024,1.3,1.57,1.81,2.0364,2.262,2.4976,2.75,3.03,3.34,3.55,3.75,3.98,4.2068,4.44,4.718,4.93,5.18,5.41,5.63,5.856,6.15,6.38,6.6028,6.85,7.10400000000001,7.32,7.59039999999999,7.8608,8.12,8.342,8.63,8.87,9.1488,9.4,9.7,9.9556,10.22,10.4868,10.7524,11.05,11.31,11.58,11.81,12.06,12.306,12.5616,12.82,13.07,13.2884,13.5,13.7,13.97,14.1908,14.43,14.64,14.8376,15.05,15.29,15.49,15.69,15.91,16.15,16.39,16.61,16.86,17.12,17.38,17.6748,17.94,18.18,18.44,18.7472,19.01,19.35,19.67,19.98,20.3552,20.71,21.11,21.55,22.01,22.62,23.3888,24.6876,24.89,25.0976,25.2684799999999,25.49528,25.7517999999999,26.22704,26.57264,26.90232,27.7926400000001,28.66
"DE117C",-19.62,-13.14088,-11.59616,-10.90396,-9.86104,-9.4586,-8.86264,-8.43308,-8.11,-7.85584,-7.61,-5.46,-4.1032,-3.1776,-2.35,-1.79,-1.2208,-0.8552,-0.48,-0.16,0.1,0.46,0.7628,1.0184,1.32,1.56,1.86,2.16,2.46,2.67,2.96,3.22,3.47,3.7444,4,4.28,4.51,4.7,4.97,5.208,5.42,5.62,5.88,6.1,6.316,6.56,6.79,7.04,7.3184,7.55,7.8,8.1,8.3108,8.6264,8.86,9.12,9.41,9.64,9.94,10.25,10.52,10.82,11.11,11.3824,11.63,11.8836,12.1692,12.47,12.78,13,13.23,13.51,13.7728,14.0184,14.28,14.53,14.8052,15,15.23,15.452,15.64,15.8732,16.1088,16.32,16.58,16.8,17,17.2268,17.46,17.68,17.93,18.1784,18.41,18.62,18.87,19.13,19.39,19.6528,20.01,20.29,20.58,20.89,21.3308,21.7664,22.21,22.7,23.3032,24.1488,25.34,25.49792,25.71352,25.94308,26.19,26.3654,26.69,27.18,27.77528,28.5817600000001,30.18
"DE118C",-15.16,-11.71704,-10.51432,-9.76528,-9.45352,-9.141,-8.80264,-8.62308,-7.9376,-7.58792,-7.2644,-5.6788,-4.6132,-3.7,-3.012,-2.33,-1.77,-1.39,-1.03,-0.693999999999999,-0.37,-0.06,0.24,0.53,0.783999999999999,1.07,1.33,1.5708,1.79,2.02,2.26,2.49,2.69,2.92,3.13,3.34,3.5312,3.75,3.94,4.2,4.39,4.6192,4.86,5.0604,5.27,5.46,5.65,5.9,6.1,6.35,6.5896,6.7852,7.0008,7.23,7.49,7.71,7.96,8.19,8.43,8.66,8.91,9.1612,9.3968,9.66,9.878,10.1136,10.34,10.57,10.82,11.1,11.2916,11.51,11.7,11.88,12.11,12.3,12.5,12.7008,12.9,13.08,13.26,13.4932,13.73,13.94,14.11,14.32,14.5312,14.73,14.93,15.12,15.35,15.6,15.84,16.09,16.37,16.6,16.85,17.12,17.4584,17.74,18.06,18.4,18.8208,19.16,19.59,20.08,20.7132,21.5088,22.85,23.01,23.1,23.22616,23.63264,23.95,24.26176,24.65528,25.08616,25.6817600000001,28.54
"DE119C",-13.04,-8.501,-7.49176,-6.82396,-6.33,-5.9988,-5.53056,-5.08308,-4.90056,-4.4398,-4.3032,-2.9788,-2.05,-1.3652,-0.8,-0.36,0.1,0.4648,0.8,1.126,1.48,1.8072,2.1,2.41,2.71,3.0196,3.27,3.51,3.76,3.992,4.2,4.44,4.65,4.83,5.06,5.2556,5.4612,5.69,5.87,6.05,6.24,6.47,6.6848,6.91,7.1,7.29,7.4872,7.69,7.91,8.1,8.3,8.49,8.73,8.93,9.13,9.34,9.6332,9.85,10.06,10.27,10.53,10.75,11.0068,11.24,11.468,11.7,11.95,12.17,12.35,12.576,12.83,13.04,13.23,13.42,13.61,13.78,13.98,14.21,14.41,14.62,14.8,15,15.18,15.36,15.57,15.76,15.96,16.18,16.34,16.53,16.75,16.9692,17.22,17.48,17.726,18.0016,18.25,18.5328,18.79,19.074,19.41,19.7252,20.14,20.58,21.022,21.5176,22.1564,23.1388,24.482,24.74396,24.92704,25.15308,25.38,25.5888,25.91352,26.41924,27.0644,27.9923200000005,30.33
"DE120C",-19.16,-10.74836,-9.68176,-8.78396,-8.1288,-7.8622,-7.41584,-7.12,-6.84352,-6.55396,-6.2088,-4.4076,-3.38,-2.5876,-1.812,-1.2664,-0.85,-0.47,-0.1,0.27,0.64,0.91,1.2428,1.53,1.83,2.1,2.35,2.62,2.86,3.09,3.3576,3.63,3.83,4.05,4.26,4.4956,4.7012,4.89,5.1,5.26,5.47,5.7,5.9048,6.11,6.33,6.57,6.7872,6.98,7.19,7.39,7.65,7.86,8.0908,8.32,8.55,8.76,9.01,9.27,9.53,9.76,10.0256,10.2712,10.5,10.72,10.94,11.2,11.4492,11.68,11.95,12.17,12.38,12.64,12.8428,13.0684,13.25,13.44,13.63,13.82,14.0264,14.23,14.44,14.6432,14.83,15.0244,15.22,15.42,15.62,15.82,16.03,16.248,16.46,16.67,16.87,17.1,17.366,17.6316,17.8872,18.1528,18.46,18.744,19.06,19.37,19.73,20.2028,20.67,21.16,21.7864,22.6076,23.8288,24.04792,24.25056,24.48,24.68264,24.98,25.4711199999999,25.87452,26.26176,26.77,28.34
"DE121C",-14.57,-9.6154,-8.23112,-7.5866,-6.94408,-6.4254,-6.08264,-5.65308,-5.26704,-5.04,-4.7432,-3.24,-2.4932,-1.68,-1.132,-0.61,-0.09,0.26,0.61,0.93,1.2416,1.61,1.95,2.24,2.5,2.8096,3.14,3.3808,3.61,3.852,4.08,4.2832,4.49,4.69,4.9,5.0956,5.3312,5.53,5.74,5.93,6.11,6.32,6.54,6.72,6.916,7.1516,7.34,7.56,7.74,7.924,8.1396,8.34,8.53,8.75,8.97,9.2,9.43,9.67,9.87,10.11,10.35,10.6,10.7968,11.0424,11.28,11.5236,11.73,11.9548,12.19,12.406,12.63,12.82,13.02,13.24,13.41,13.6096,13.78,13.95,14.18,14.38,14.58,14.76,14.93,15.15,15.34,15.53,15.72,15.9168,16.11,16.29,16.49,16.73,16.9648,17.2,17.436,17.67,17.94,18.2,18.47,18.774,19.0996,19.43,19.84,20.24,20.704,21.2076,21.87,22.78,24.1588,24.30396,24.50352,24.74616,24.96528,25.271,25.46528,25.8666,26.71264,27.65,29.22
"DE122C",-16.27,-13.82044,-12.58168,-11.23264,-10.3764,-9.9266,-9.61528,-9.19616,-8.98352,-8.75792,-8.3876,-6.4276,-5.35,-4.36,-3.49,-2.72,-2.19,-1.72,-1.33,-1.024,-0.59,-0.31,0.03,0.298400000000001,0.61,0.9196,1.18,1.43,1.67,1.91,2.11,2.38,2.59,2.79,3.01,3.27,3.53,3.76,3.99,4.2,4.43,4.66,4.9,5.1204,5.34,5.61,5.85,6.09,6.4,6.61,6.85,7.05519999999999,7.34,7.6164,7.87,8.1176,8.37,8.64,8.88,9.14,9.42,9.64,9.9168,10.19,10.438,10.67,10.92,11.1848,11.47,11.69,11.95,12.17,12.4128,12.64,12.89,13.15,13.35,13.57,13.7764,13.99,14.23,14.4632,14.67,14.91,15.1,15.36,15.57,15.76,15.95,16.18,16.39,16.66,16.94,17.18,17.39,17.6516,17.92,18.21,18.55,18.834,19.14,19.48,19.86,20.3064,20.75,21.2276,21.85,22.7176,23.88,24.12188,24.34408,24.5254,24.75056,24.9766,25.24176,25.63264,26.15,26.9148400000002,28.69
"DE123C",-14.94,-12.59088,-10.83936,-9.77132,-8.75464,-8.1622,-7.63056,-7.43232,-7.07056,-6.88188,-6.62,-5.09,-4.0532,-3.18,-2.57,-1.9864,-1.4508,-1.01,-0.6696,-0.32,-0.02,0.26,0.5428,0.818400000000001,1.04,1.34,1.59,1.86,2.07,2.32,2.54,2.77,3.0588,3.3544,3.58,3.81,4.03,4.25,4.4824,4.74,4.97,5.21,5.44,5.65,5.89,6.16,6.4172,6.63,6.87,7.12,7.34,7.6152,7.88,8.13,8.352,8.65,8.8832,9.16,9.42,9.74,9.99,10.26,10.51,10.79,11.088,11.35,11.62,11.84,12.09,12.34,12.61,12.8472,13.1,13.33,13.54,13.7596,14.01,14.24,14.46,14.66,14.89,15.1,15.34,15.5444,15.73,15.95,16.2,16.45,16.68,16.93,17.17,17.4692,17.74,18.0004,18.26,18.5016,18.79,19.07,19.38,19.73,20.03,20.43,20.78,21.1864,21.582,22.0976,22.69,23.46,24.7944,24.98188,25.2476,25.44616,25.61264,25.9744,26.3488,26.74132,27.02088,28.0052800000002,28.88
"DE124C",-14.14,-9.65704,-8.01264,-7.6766,-7.10352,-6.6244,-6.15528,-5.59236,-5.23352,-5.05,-4.8044,-3.43,-2.56,-1.7776,-1.24,-0.75,-0.320799999999999,0.05,0.35,0.68,0.97,1.32,1.66,1.9384,2.218,2.51,2.8052,3.05,3.28,3.49,3.73,3.94,4.17,4.35,4.55,4.75,4.97,5.2,5.39,5.56,5.74,5.96,6.17,6.36,6.57,6.77,6.99,7.1928,7.3884,7.58,7.76,7.9952,8.2,8.38,8.61,8.82,9.06,9.2788,9.5044,9.78,10.01,10.22,10.43,10.67,10.89,11.14,11.34,11.57,11.8104,12,12.2316,12.4472,12.63,12.8,13.01,13.19,13.37,13.58,13.77,13.98,14.18,14.37,14.56,14.77,14.94,15.12,15.3212,15.51,15.72,15.92,16.1,16.3392,16.58,16.82,17.03,17.29,17.5572,17.81,18.1,18.4,18.6996,19.03,19.46,19.85,20.29,20.79,21.43,22.3188,23.72,23.88792,24.16,24.33616,24.53264,24.7622,25.10176,25.59264,26.27704,27.0948400000002,29.09
"DE125C",-15.56,-13.20792,-11.97144,-10.85056,-9.694,-8.9498,-8.33264,-8.04616,-7.82,-7.56792,-7.3044,-5.6088,-4.54,-3.66,-2.96,-2.2964,-1.71,-1.2952,-0.9696,-0.61,-0.24,0.0872000000000003,0.3728,0.618400000000001,0.89,1.19,1.46,1.75,2.01,2.282,2.49,2.69,2.94,3.1444,3.38,3.61,3.86,4.09,4.33,4.53,4.73,4.98,5.2,5.43,5.646,5.8916,6.13,6.36,6.59,6.85,7.1096,7.30519999999999,7.56,7.83,8.08,8.3,8.54,8.8088,9.0844,9.36,9.6,9.84,10.09,10.32,10.58,10.85,11.11,11.34,11.6004,11.87,12.1316,12.3572,12.6,12.85,13.08,13.3096,13.52,13.71,13.9,14.1,14.33,14.52,14.78,14.99,15.2,15.42,15.63,15.84,16.06,16.26,16.4936,16.75,16.96,17.21,17.45,17.74,17.99,18.26,18.55,18.88,19.1996,19.5652,19.9008,20.32,20.74,21.2376,21.79,22.5876,23.9032,24.14396,24.32352,24.46232,24.76792,24.9544,25.21056,25.55528,26.24,26.6057200000002,28.39
"DE126C",-16.85,-8.9342,-8.13616,-7.05396,-6.51176,-5.9176,-5.45264,-5.05928,-4.74704,-4.58,-4.3644,-3.2076,-2.24,-1.4476,-0.851999999999999,-0.34,0.09,0.4748,0.7904,1.15,1.57,1.91,2.22,2.53,2.82,3.12,3.4,3.63,3.82,4.07,4.29,4.5332,4.7388,4.94,5.15,5.39,5.59,5.8,5.99,6.21,6.41,6.61,6.8,7,7.18,7.37,7.58,7.78,7.9584,8.13,8.34,8.5652,8.79,9.01,9.222,9.43,9.63,9.82,10.02,10.26,10.45,10.68,10.92,11.1724,11.39,11.61,11.84,12.04,12.29,12.49,12.7,12.89,13.0728,13.27,13.48,13.65,13.85,14.04,14.23,14.42,14.6176,14.82,14.9988,15.16,15.36,15.53,15.71,15.9,16.11,16.36,16.54,16.76,16.9848,17.2,17.396,17.64,17.93,18.19,18.4584,18.72,19,19.3452,19.7408,20.2064,20.61,21.0176,21.6632,22.53,23.8888,24.08188,24.35,24.47924,24.6369600000001,25.0444,25.29352,25.61132,26.4744,27.2552800000002,30.95
"DE127C",-14.78,-8.27308,-7.18264,-6.30396,-5.4788,-5.111,-4.72792,-4.3754,-4.15408,-3.79396,-3.6744,-2.4,-1.5732,-0.94,-0.371999999999999,0.1436,0.529200000000001,0.94,1.3304,1.676,2.02,2.36,2.69,3.0184,3.33,3.56,3.86,4.13,4.3364,4.57,4.79,5.01,5.1788,5.38,5.6,5.79,6.01,6.2168,6.4,6.59,6.76,6.95,7.12,7.27,7.49,7.6816,7.9,8.0928,8.27,8.49,8.6996,8.88,9.05,9.24,9.442,9.66,9.93,10.17,10.4,10.62,10.83,11.0712,11.31,11.5324,11.77,12.0336,12.28,12.48,12.71,12.9,13.1,13.3072,13.4928,13.7,13.87,14.07,14.22,14.42,14.6564,14.88,15.04,15.22,15.4,15.59,15.77,15.9412,16.1112,16.3168,16.5,16.68,16.85,17.06,17.28,17.5304,17.776,17.99,18.27,18.5,18.78,19.054,19.35,19.68,20.0508,20.49,20.96,21.5,22.12,23.0688,24.4144,24.65396,24.82,25.02924,25.22,25.5022,25.77176,26.12396,26.7111199999999,27.78,30.07
"DK001C",-14.3,-9.21044,-8.23968,-7.58848,-7.01,-6.5822,-6.44264,-6.1754,-5.89352,-5.64772,-5.37,-3.9088,-3.0332,-2.2676,-1.782,-1.31,-0.860799999999999,-0.5452,-0.2296,0.09,0.39,0.62,0.86,1.14,1.43,1.68,1.92,2.18,2.41,2.66,2.9076,3.12,3.32,3.57,3.77,3.95,4.11,4.29,4.46,4.64,4.8336,5.01,5.2,5.4,5.56,5.77,5.96,6.14,6.36,6.53,6.72,6.88,7.07,7.25,7.49,7.68,7.95,8.21,8.5,8.77,9.02,9.31,9.53,9.8,10.09,10.33,10.61,10.85,11.1204,11.37,11.5916,11.86,12.1,12.32,12.55,12.79,13,13.22,13.41,13.64,13.85,14.03,14.2088,14.4,14.6,14.77,14.96,15.17,15.34,15.54,15.74,15.95,16.1,16.27,16.47,16.66,16.86,17.09,17.33,17.6,17.9096,18.17,18.42,18.8,19.19,19.74,20.2932,20.96,21.9344,22.03396,22.16704,22.34,22.52056,22.7322,23,23.22396,23.78704,24.3748400000002,25.09
"DK002C",-9.72,-7.92396,-7.03616,-6.45264,-6.10176,-5.7742,-5.42264,-5.15,-4.94352,-4.83396,-4.6344,-3.3088,-2.4832,-1.88,-1.412,-1.03,-0.64,-0.35,-0.06,0.22,0.49,0.81,1.03,1.3,1.574,1.8496,2.0752,2.32,2.55,2.81,3.0476,3.26,3.47,3.7,3.87,4.05,4.22,4.3768,4.57,4.768,4.95,5.12,5.31,5.46,5.63,5.8016,5.98,6.15,6.3084,6.48,6.6696,6.85,7.05,7.24,7.45,7.6576,7.8832,8.11,8.3744,8.61,8.86,9.13,9.37,9.59,9.8,10.1,10.32,10.57,10.81,11.066,11.3,11.5072,11.7,11.92,12.14,12.3296,12.58,12.79,13,13.18,13.36,13.5332,13.69,13.86,14.05,14.2656,14.44,14.6,14.77,14.93,15.0836,15.25,15.43,15.6204,15.82,16.01,16.22,16.45,16.69,16.96,17.2096,17.49,17.81,18.12,18.51,18.9652,19.58,20.2688,21.1844,21.24396,21.37,21.52308,21.65528,21.8044,22.11,22.22396,22.57528,23.2201200000004,24.4
"DK003C",-8.85,-6.90352,-6.4088,-5.98396,-5.67176,-5.37,-5.14528,-4.99,-4.74352,-4.58396,-4.5088,-3.19,-2.41,-1.8876,-1.4,-0.94,-0.6,-0.24,0.09,0.37,0.651600000000001,0.95,1.25,1.49,1.77,2.0696,2.33,2.58,2.82,3.06,3.29,3.52,3.72,3.93,4.1,4.31,4.49,4.68,4.8624,5.04,5.24,5.41,5.5948,5.79,5.94,6.1416,6.3,6.49,6.65,6.83,6.9896,7.1652,7.38,7.5664,7.76,7.9976,8.2532,8.52,8.73,8.99,9.22,9.48,9.76,9.99240000000001,10.238,10.53,10.8,11.0048,11.25,11.5,11.7416,11.97,12.19,12.4084,12.61,12.84,13.04,13.23,13.42,13.58,13.7576,13.96,14.15,14.33,14.52,14.72,14.88,15.06,15.25,15.42,15.59,15.7792,15.95,16.15,16.32,16.53,16.75,17.0028,17.2784,17.52,17.81,18.1,18.4308,18.82,19.22,19.71,20.29,21.1888,22.1588,22.29,22.40704,22.57308,22.7458400000001,22.8788,23.24352,23.54396,24.18264,24.7017600000001,25.41
"DK004C",-9.78,-7.62396,-6.65,-6.2,-5.99176,-5.7122,-5.49264,-5.38,-5.08704,-4.89396,-4.7152,-3.2588,-2.3732,-1.7576,-1.242,-0.7764,-0.450799999999999,-0.11,0.1804,0.44,0.74,1,1.32,1.55,1.78,2.02,2.2452,2.45,2.73,2.97,3.21,3.41,3.62,3.8,4,4.17,4.34,4.53,4.7,4.87,5.04,5.22,5.41,5.56,5.7,5.87,6.03,6.21,6.36,6.504,6.67,6.87,7.08,7.2564,7.45,7.65,7.86,8.07,8.31,8.57,8.8256,9.09,9.31,9.56,9.8,10.0236,10.29,10.5548,10.81,11,11.27,11.49,11.72,11.91,12.104,12.34,12.55,12.76,12.9764,13.15,13.37,13.54,13.74,13.8844,14.06,14.23,14.41,14.6,14.75,14.92,15.07,15.26,15.42,15.61,15.77,15.9316,16.13,16.34,16.6,16.85,17.14,17.4352,17.75,18.1,18.48,18.97,19.56,20.2388,21.25,21.34792,21.45,21.62924,21.80264,21.9344,22.1088,22.36132,22.72088,23.1917600000001,23.88
"EE001C",-25.81,-20.74308,-19.04672,-18.14,-17.54056,-16.8266,-15.99264,-15.44616,-14.93704,-14.52376,-14.0232,-11.4564,-9.7396,-8.6152,-7.762,-6.9064,-6.19,-5.6652,-5.16,-4.584,-4.07,-3.66,-3.2472,-2.8216,-2.45,-2.09,-1.71,-1.42,-1.16,-0.897999999999997,-0.68,-0.456799999999998,-0.23,-0.01,0.16,0.35,0.53,0.716800000000003,0.89,1.11,1.31,1.51,1.7,1.8904,2.12,2.31,2.51,2.75,2.96,3.2,3.4596,3.7152,3.93,4.21,4.48,4.77,5.08,5.44,5.73,6.03,6.3656,6.6912,7.02,7.36,7.66,7.99720000000001,8.29,8.61,8.92,9.22,9.5332,9.8872,10.23,10.54,10.89,11.19,11.4552,11.72,12.03,12.31,12.61,12.91,13.19,13.44,13.69,13.9756,14.2,14.46,14.69,14.988,15.24,15.47,15.68,15.8504,16.12,16.36,16.58,16.84,17.0784,17.344,17.64,17.93,18.29,18.71,19.192,19.77,20.42,21.2152,22.5488,22.72396,22.9376,23.11,23.31264,23.4866,23.87056,24.4066,24.79176,25.2226400000001,26.28
"EE002C",-27.86,-22.85132,-21.72144,-19.99848,-19.2388,-18.8244,-18.12528,-17.82156,-16.98,-16.32396,-16.02,-13.0876,-11.26,-10.0852,-9.102,-8.1464,-7.26,-6.65,-6.1096,-5.55,-4.97,-4.42,-3.8672,-3.42,-3.05,-2.6404,-2.3448,-1.96,-1.6636,-1.4,-1.1524,-0.876799999999998,-0.62,-0.38,-0.19,0,0.2,0.38,0.6,0.79,0.973600000000001,1.19,1.4148,1.66,1.88,2.07,2.31,2.5528,2.87,3.12400000000001,3.3596,3.64,3.97,4.28,4.57,4.83,5.19,5.46,5.78,6.2,6.53,6.9012,7.19,7.57,7.93,8.33,8.65,8.98,9.35,9.69,10.02,10.33,10.6828,10.9984,11.284,11.62,11.98,12.23,12.51,12.772,13.06,13.36,13.59,13.85,14.1,14.3,14.56,14.81,15.08,15.318,15.55,15.7992,16.01,16.2204,16.43,16.71,16.9772,17.2528,17.6,17.9,18.1896,18.49,18.85,19.29,19.722,20.3076,21.01,21.79,23.0788,23.24792,23.41,23.67924,23.92,24.0622,24.24232,24.75,25.11088,25.7726400000001,27.32
"EE003C",-27.61,-21.52088,-20.65,-19.69716,-19.14528,-18.4688,-17.89264,-17.47924,-17.16,-16.4198,-16.0444,-13.0364,-11.43,-10.17,-9.152,-8.3,-7.45,-6.7352,-6.2,-5.67,-5.2,-4.73,-4.35,-3.96,-3.54,-3.1304,-2.76,-2.3992,-2.07,-1.728,-1.48,-1.23,-0.99,-0.76,-0.51,-0.31,-0.0987999999999965,0.08,0.25,0.46,0.64,0.82,1.0148,1.19,1.34,1.52,1.72,1.95,2.15,2.36400000000001,2.64,2.91,3.2308,3.5,3.8,4.1,4.41,4.75,5.0844,5.46,5.8,6.1912,6.5368,6.88,7.248,7.56,7.96919999999999,8.36,8.75,9.08599999999999,9.46,9.7672,10.0828,10.43,10.78,11.1096,11.44,11.77,12.08,12.37,12.66,12.94,13.23,13.5444,13.78,14.06,14.3,14.55,14.8124,15.088,15.3136,15.56,15.8,16.06,16.28,16.5,16.78,17.0728,17.33,17.63,17.92,18.21,18.64,19.04,19.512,19.97,20.82,21.61,22.83,22.95396,23.18408,23.45924,23.6858400000001,23.99,24.25176,24.57132,25.05352,25.5270400000003,28.31
"EL001C",-3.62,-0.56396,0.07824,0.9134,1.2,1.4678,1.77,1.96152,2.19648,2.39228,2.5224,3.6512,4.44,5.02,5.48,5.93,6.28,6.64,6.96,7.23,7.5,7.77,8.06,8.2884,8.52,8.76,8.9652,9.19,9.41,9.59,9.8076,10.01,10.17,10.36,10.56,10.76,10.95,11.13,11.34,11.548,11.7,11.87,12.07,12.3,12.5,12.73,12.95,13.21,13.41,13.61,13.85,14.09,14.33,14.59,14.88,15.1476,15.44,15.72,15.9344,16.3,16.59,16.93,17.18,17.41,17.68,17.95,18.24,18.5748,18.89,19.28,19.56,19.81,20.15,20.45,20.73,20.97,21.2352,21.48,21.76,22.07,22.34,22.59,22.84,23.1444,23.43,23.71,23.98,24.17,24.36,24.58,24.8136,24.99,25.22,25.44,25.65,25.86,26.04,26.2528,26.44,26.63,26.83,27.0952,27.31,27.52,27.812,28.12,28.54,29.12,29.8844,30.06396,30.18,30.30308,30.44528,30.5944,30.70176,31.0066,31.46968,32.5827600000005,34.09
"EL002C",-7.66,-4.82924,-3.38528,-2.6266,-2.12408,-1.76,-1.42264,-1.24924,-1.06352,-0.909799999999999,-0.7444,0.4912,1.11,1.6124,2.098,2.5736,2.93,3.38,3.7504,4.046,4.3832,4.74,5.04,5.31,5.63,5.93,6.16,6.41,6.67,6.96,7.18,7.44,7.69,7.95,8.23,8.47,8.7,8.98,9.2924,9.54,9.82,10.09,10.34,10.5704,10.796,11.06,11.2972,11.58,11.88,12.144,12.39,12.6552,12.93,13.19,13.46,13.83,14.18,14.44,14.76,15.07,15.3856,15.66,15.9468,16.23,16.53,16.78,17.09,17.34,17.64,17.952,18.3,18.62,18.93,19.2384,19.534,19.87,20.15,20.4,20.73,21,21.28,21.56,21.8,22.04,22.32,22.58,22.86,23.1,23.37,23.66,23.89,24.16,24.4,24.61,24.84,25.0616,25.24,25.46,25.67,25.884,26.12,26.3852,26.64,26.92,27.2,27.52,27.88,28.3288,29.11,29.16396,29.29352,29.44,29.56,29.7422,29.93352,30.14396,30.6344,31.4535200000001,33.82
"EL003C",-4.63,-1.39892,-0.46408,0.33548,0.64472,1.0834,1.21736,1.34692,1.51648,1.65208,1.79,2.7212,3.3168,3.84,4.31,4.6936,4.97,5.29,5.55,5.886,6.15,6.41,6.6228,6.8684,7.05,7.23,7.4,7.62,7.8,7.98,8.17,8.33,8.5,8.6744,8.88,9.03,9.18,9.37,9.54,9.71,9.91,10.1,10.32,10.51,10.69,10.89,11.07,11.24,11.47,11.71,11.91,12.1252,12.36,12.62,12.87,13.12,13.38,13.6488,13.9,14.23,14.5456,14.85,15.13,15.4,15.67,15.99,16.23,16.5,16.7104,16.996,17.27,17.5572,17.8128,18.08,18.32,18.61,18.8652,19.14,19.4164,19.63,19.91,20.17,20.42,20.7,20.97,21.26,21.49,21.79,22.09,22.34,22.56,22.8,23.0248,23.2604,23.516,23.75,23.96,24.18,24.3884,24.59,24.85,25.08,25.32,25.59,25.86,26.1976,26.57,27.0488,27.89,28.01396,28.09352,28.22308,28.36264,28.5744,28.70176,28.86,29.23088,29.8422000000001,31.87
"EL004C",1.74,4.02868,4.60648,4.96736,5.34,5.5256,5.68736,5.83384,6.01944,6.11,6.2556,7.1912,7.8368,8.32,8.76,9.07,9.34,9.57,9.7904,10.01,10.17,10.33,10.51,10.64,10.78,10.95,11.0752,11.26,11.38,11.54,11.66,11.82,11.96,12.1,12.25,12.42,12.57,12.72,12.89,13.03,13.18,13.38,13.56,13.71,13.9,14.0916,14.25,14.47,14.69,14.94,15.1596,15.38,15.62,15.88,16.082,16.3,16.6,16.85,17.12,17.39,17.61,17.89,18.12,18.39,18.67,18.92,19.19,19.4448,19.7504,20.04,20.2716,20.54,20.77,21.02,21.23,21.47,21.72,21.95,22.16,22.31,22.51,22.69,22.88,23.03,23.2,23.41,23.59,23.76,23.93,24.09,24.26,24.44,24.62,24.81,24.986,25.13,25.3,25.47,25.68,25.89,26.0996,26.36,26.63,26.9364,27.212,27.56,28.03,28.6088,29.5976,29.78188,29.96056,30.09616,30.26528,30.4444,30.88528,31.38528,31.91352,32.4030800000001,34.76
"EL005C",-7.84,-2.50792,-1.52528,-0.66528,-0.22176,0.1656,0.4468,0.67076,0.87648,1.03208,1.1712,1.9912,2.6368,3.1324,3.61,4.05,4.46,4.83,5.1404,5.48,5.7616,6.0272,6.3028,6.64,6.91,7.14,7.4,7.6508,7.88,8.08,8.32,8.53,8.72,8.94,9.16,9.3956,9.62,9.8868,10.16,10.39,10.6436,10.86,11.12,11.35,11.59,11.82,12.06,12.34,12.5884,12.838,13.11,13.36,13.64,13.92,14.2,14.55,14.84,15.1988,15.49,15.81,16.1256,16.41,16.69,17,17.3,17.59,17.88,18.2,18.5404,18.89,19.26,19.6172,19.9328,20.26,20.55,20.8696,21.21,21.51,21.8,22.12,22.45,22.68,22.94,23.26,23.58,23.92,24.24,24.48,24.7924,25.11,25.35,25.61,25.8748,26.08,26.32,26.54,26.74,27,27.25,27.5,27.76,28.0052,28.28,28.62,28.952,29.36,29.76,30.2988,31.1644,31.25396,31.35,31.47,31.62792,31.7622,32.18176,32.53264,33.23176,33.51044,36.04
"EL006C",-4.11,-2.022,-0.7944,-0.0452799999999999,0.6212,0.8512,1.12208,1.29,1.39592,1.57812,1.6956,2.7912,3.5868,4.19,4.66,5.0936,5.4892,5.81,6.13,6.43,6.71,7.03,7.28,7.5,7.754,7.99,8.2252,8.42,8.61,8.802,9,9.19,9.39,9.53,9.71,9.89,10.07,10.29,10.4824,10.71,10.94,11.14,11.3448,11.54,11.74,11.95,12.16,12.41,12.6384,12.894,13.14,13.3752,13.61,13.83,14.09,14.37,14.6232,14.9,15.21,15.49,15.75,16.0612,16.35,16.6424,16.91,17.2,17.4992,17.73,18.03,18.32,18.62,18.92,19.1828,19.49,19.724,20.0496,20.3452,20.6508,20.9164,21.18,21.41,21.66,21.91,22.18,22.45,22.68,22.91,23.19,23.45,23.69,23.9,24.14,24.37,24.6,24.8,25,25.18,25.37,25.53,25.75,25.97,26.2052,26.41,26.6564,26.942,27.25,27.5932,28.01,28.76,28.83396,28.93352,29.27,29.38,29.52,29.68352,30.01132,30.45496,31.0598000000008,34.84
"EL007C",-10.32,-7.62044,-6.69528,-5.90528,-5.10464,-4.5844,-4.25528,-3.87308,-3.61,-3.24396,-3.05,-1.61,-0.79,-0.21,0.338000000000001,0.8436,1.2592,1.62,1.9704,2.276,2.5616,2.87,3.13,3.42,3.7,3.95,4.22,4.45,4.66,4.882,5.11,5.3332,5.57,5.77,6.01,6.23,6.42,6.68,6.95,7.198,7.44,7.67,7.9,8.14,8.4,8.6216,8.88,9.09,9.3584,9.55,9.82,10.12,10.42,10.69,10.92,11.17,11.46,11.8188,12.16,12.42,12.72,13.02,13.27,13.54,13.84,14.12,14.41,14.63,14.92,15.2,15.46,15.7372,16,16.28,16.55,16.7996,17.0552,17.37,17.68,17.962,18.2776,18.56,18.84,19.15,19.46,19.7456,20.1012,20.43,20.72,20.96,21.2636,21.54,21.79,22.03,22.29,22.51,22.8,23.09,23.38,23.65,23.9096,24.23,24.4508,24.7264,25.09,25.48,25.92,26.45,27.5744,27.70792,27.87704,27.99308,28.09528,28.3022,28.54176,28.76584,29.25352,29.84044,31.84
"EL008C",-5.6,-3.38616,-2.08264,-1.77132,-1.39,-1.0044,-0.79056,-0.6,-0.47352,-0.0679199999999997,0.1312,1.3224,2.01,2.5524,3.078,3.5,3.87,4.2,4.6,4.92,5.2,5.4672,5.72,5.99,6.25,6.45,6.64,6.8208,7.03,7.24,7.43,7.63,7.85,8.06,8.24,8.47,8.68,8.88,9.1,9.3,9.52,9.7392,9.97,10.15,10.37,10.61,10.85,11.06,11.2384,11.484,11.71,11.93,12.17,12.43,12.672,12.9376,13.23,13.5288,13.83,14.13,14.43,14.7512,15.01,15.2624,15.58,15.86,16.1292,16.4,16.65,16.96,17.26,17.58,17.8828,18.15,18.434,18.7396,18.9552,19.22,19.48,19.8,20.04,20.3,20.53,20.79,21.09,21.31,21.52,21.76,22,22.318,22.51,22.74,22.9648,23.1704,23.43,23.63,23.8372,24.03,24.26,24.5,24.71,24.94,25.18,25.45,25.73,26.05,26.39,26.9088,27.54,27.64,27.70704,27.86308,28.01528,28.1344,28.40176,28.67132,28.94,29.2279200000003,30.3
"EL009C",-0.48,1.74648,2.75472,3.10736,3.49648,3.5556,3.80736,4.0946,4.22296,4.29604,4.4656,5.3836,5.9268,6.45,6.858,7.24,7.5692,7.84,8.13,8.38,8.62,8.8872,9.08,9.25,9.43,9.6296,9.81,9.97,10.11,10.26,10.42,10.59,10.76,10.92,11.08,11.24,11.4012,11.5668,11.73,11.908,12.08,12.23,12.42,12.6,12.79,12.98,13.18,13.37,13.55,13.75,13.95,14.16,14.4,14.6064,14.83,15.0876,15.32,15.6,15.88,16.14,16.43,16.76,17.0168,17.32,17.56,17.8,18.0792,18.32,18.55,18.77,19.03,19.28,19.51,19.78,20.03,20.25,20.51,20.7708,21,21.202,21.4776,21.73,22,22.26,22.5,22.79,23.06,23.3068,23.54,23.768,23.99,24.19,24.42,24.64,24.85,25.06,25.2672,25.43,25.6,25.83,26.04,26.29,26.5208,26.77,27.022,27.29,27.62,28.2088,29.1144,29.26,29.41352,29.52308,29.64,29.8766,30.17352,30.44132,30.85352,31.5458400000006,33.57
"EL010C",-9.13,-5.71088,-4.11672,-3.18508,-2.5876,-2.0488,-1.76792,-1.48,-1.28704,-0.94396,-0.82,0.29,0.9036,1.57,2.098,2.4936,2.9692,3.29,3.64,3.96,4.26,4.58,4.91,5.2,5.51,5.79,6.0552,6.3808,6.63,6.89,7.15,7.4232,7.67,7.91,8.14,8.37,8.61,8.89,9.22,9.44,9.72,10.0092,10.23,10.45,10.736,10.99,11.24,11.51,11.76,12.014,12.29,12.55,12.8,13.0464,13.312,13.63,13.99,14.2488,14.5688,14.91,15.24,15.54,15.85,16.17,16.468,16.8036,17.1,17.3648,17.73,18.066,18.41,18.76,19.0528,19.35,19.6,19.89,20.24,20.5708,20.86,21.16,21.53,21.84,22.17,22.49,22.84,23.1556,23.4512,23.81,24.11,24.408,24.68,24.95,25.22,25.46,25.7,25.95,26.18,26.45,26.67,26.95,27.1796,27.45,27.7608,28.0664,28.44,28.87,29.2932,29.79,30.5744,30.68396,30.86352,31.00308,31.13528,31.3044,31.47352,31.71264,31.9844,32.3257200000002,33.62
"EL011C",-10.13,-5.4284,-4.48088,-3.73264,-3.21056,-2.6966,-2.31264,-2.11616,-1.83352,-1.55396,-1.4144,-0.2988,0.44,0.97,1.43,1.8336,2.2,2.53,2.85,3.15,3.41,3.73,3.97,4.31,4.59,4.83,5.09,5.3308,5.61,5.85,6.15,6.4,6.61,6.8444,7.1,7.3556,7.65,7.9368,8.1924,8.42,8.69,8.9892,9.26,9.57,9.81,10.07,10.31,10.59,10.86,11.11,11.41,11.6852,11.99,12.35,12.7,13.02,13.37,13.67,13.96,14.26,14.52,14.81,15.1168,15.39,15.718,16.03,16.27,16.58,16.91,17.31,17.6,17.92,18.2728,18.57,18.87,19.1796,19.49,19.78,20.0964,20.412,20.69,20.9632,21.21,21.5,21.78,22.0656,22.3212,22.57,22.8224,23.098,23.37,23.65,23.96,24.2,24.44,24.7116,24.99,25.2928,25.54,25.82,26.14,26.3952,26.72,27,27.32,27.6376,28.06,28.5488,29.49,29.59,29.71,29.87,30.00264,30.2544,30.40176,30.51264,30.87528,31.3830800000001,33.31
"EL012C",-6.03,-3.90088,-2.72936,-1.61528,-1.28352,-0.86,-0.57056,-0.25848,-0.00352000000000004,0.2,0.4224,1.78,2.6236,3.22,3.828,4.3,4.72,5.15,5.4904,5.77,6.08,6.4,6.76,7.02,7.29,7.53,7.83,8.0608,8.3064,8.552,8.74,8.9732,9.18,9.37,9.58,9.77,10,10.2468,10.49,10.7,10.92,11.1392,11.36,11.58,11.81,12.06,12.32,12.56,12.7884,13.04,13.26,13.4652,13.72,13.9964,14.252,14.5,14.7832,15.06,15.33,15.6,15.9,16.2,16.4768,16.7524,17.01,17.23,17.5092,17.82,18.1004,18.39,18.7116,19.08,19.32,19.59,19.87,20.1296,20.42,20.7,20.95,21.202,21.46,21.68,21.97,22.2144,22.45,22.7356,22.98,23.23,23.5,23.74,24.0172,24.29,24.49,24.72,24.89,25.1016,25.29,25.48,25.69,25.9,26.13,26.3352,26.57,26.83,27.062,27.38,27.73,28.1888,28.9444,29.03396,29.15,29.27,29.38,29.54,29.69,29.89132,30.40088,31.0330800000001,32.94
"EL013C",-7.6,-5.81352,-5.06,-4.55264,-4.15528,-3.6898,-3.3032,-2.84464,-2.45168,-2.22396,-2.06,-0.6876,0.13,0.8,1.26,1.7036,2.12,2.58,2.95,3.24,3.58,3.89,4.19,4.4484,4.68,4.93,5.17,5.4008,5.6764,5.91,6.16,6.38,6.63,6.88,7.11,7.34,7.56,7.8368,8.09,8.32,8.54,8.7392,9,9.2304,9.45,9.6916,9.93,10.15,10.3984,10.64,10.9196,11.2,11.4308,11.67,11.94,12.2076,12.51,12.79,13.03,13.36,13.65,13.9,14.1368,14.46,14.73,15.02,15.29,15.53,15.86,16.156,16.4316,16.72,17.0128,17.32,17.64,17.93,18.21,18.46,18.75,18.992,19.25,19.52,19.81,20.08,20.33,20.59,20.82,21.09,21.32,21.57,21.8336,22.07,22.29,22.51,22.736,22.9916,23.1972,23.47,23.69,23.94,24.1596,24.39,24.69,24.9464,25.27,25.56,25.95,26.43,27.2044,27.32396,27.45,27.56616,27.66528,27.8366,28.04,28.24792,28.62,28.99,29.88
"EL014C",-0.29,3.74076,4.68912,4.89604,5.19824,5.3978,5.51736,5.64768,5.83648,5.98416,6.1856,7.2024,7.9268,8.4424,8.898,9.2,9.4992,9.77,10,10.26,10.4416,10.67,10.8528,11.03,11.2,11.38,11.55,11.71,11.84,11.99,12.14,12.27,12.39,12.53,12.66,12.78,12.94,13.08,13.21,13.35,13.5,13.64,13.79,13.93,14.1,14.26,14.4172,14.5728,14.77,14.95,15.11,15.28,15.4608,15.66,15.87,16.08,16.3,16.53,16.78,16.98,17.2356,17.46,17.69,17.9124,18.148,18.36,18.59,18.82,19.05,19.26,19.5116,19.7572,19.95,20.15,20.38,20.59,20.8252,21.0508,21.27,21.48,21.7,21.91,22.14,22.32,22.46,22.64,22.79,22.95,23.1024,23.25,23.39,23.52,23.66,23.82,23.97,24.12,24.27,24.4328,24.61,24.77,24.95,25.11,25.34,25.57,25.77,26.0776,26.42,26.9088,27.78,27.91584,28.04352,28.13308,28.2758400000001,28.5688,28.81352,29.17528,29.64,30.5615600000008,31.76
"ES001C",-2.1,-0.89044,-0.48616,-0.18528,0.07824,0.2934,0.48208,0.62692,0.70296,0.81604,0.91,1.65,2.17,2.51,2.92,3.2736,3.56,3.85,4.1404,4.43,4.68,4.93,5.16,5.38,5.56,5.76,5.95,6.13,6.32,6.5,6.7,6.8732,7.07,7.25,7.44,7.64,7.83,8.03,8.23,8.4,8.5736,8.78,8.99,9.18,9.41,9.62,9.86,10.12,10.34,10.574,10.7896,11.03,11.26,11.48,11.71,11.9676,12.26,12.5488,12.7744,13.06,13.3356,13.5912,13.92,14.2124,14.488,14.77,15.05,15.3048,15.5904,15.98,16.29,16.6172,16.97,17.32,17.6,17.95,18.33,18.73,19.05,19.412,19.79,20.13,20.46,20.7844,21.12,21.45,21.8412,22.2,22.5324,22.82,23.12,23.45,23.7648,24.04,24.32,24.6316,24.97,25.2628,25.5884,25.88,26.1796,26.4852,26.81,27.15,27.51,27.9,28.32,28.7788,29.39,29.4998,29.62352,29.72308,29.87,30.0244,30.19352,30.45056,30.8144,31.3144000000002,32.3
"ES002C",-0.82,1.5778,2.2124,2.50868,2.74824,2.9978,3.21208,3.40692,3.51,3.59,3.7468,4.7912,5.4336,5.88,6.198,6.48,6.7992,7.04,7.25,7.48,7.65,7.85,8.02,8.23,8.42,8.6296,8.78,8.93,9.09,9.26,9.4076,9.59,9.73,9.8944,10.04,10.19,10.36,10.53,10.69,10.83,10.98,11.12,11.26,11.42,11.59,11.75,11.89,12.0528,12.21,12.39,12.57,12.75,12.99,13.21,13.4,13.59,13.84,14.13,14.38,14.6,14.84,15.09,15.3268,15.59,15.83,16.05,16.27,16.51,16.71,16.92,17.13,17.39,17.62,17.86,18.09,18.36,18.58,18.81,19.02,19.23,19.48,19.71,19.89,20.07,20.26,20.48,20.7212,20.97,21.2,21.4,21.6,21.8392,22.0448,22.2804,22.5,22.71,22.9072,23.0928,23.2884,23.5,23.71,23.9,24.11,24.34,24.572,24.83,25.1032,25.4788,25.9844,26.08396,26.22,26.30616,26.41264,26.6022,26.85,27.10132,27.37528,27.6839600000002,29.25
"ES003C",2.63,3.84,4.45736,4.63472,4.96648,5.19,5.31736,5.47692,5.57648,5.65,5.8256,6.6824,7.1868,7.63,8.04,8.3336,8.6,8.87,9.09,9.3,9.54,9.75,9.95,10.13,10.31,10.52,10.72,10.91,11.08,11.23,11.38,11.56,11.73,11.89,12.06,12.22,12.39,12.58,12.73,12.89,13.0736,13.27,13.46,13.64,13.846,14.0216,14.18,14.37,14.54,14.74,14.97,15.1952,15.41,15.6,15.82,16.06,16.3132,16.51,16.73,16.97,17.1812,17.43,17.6268,17.87,18.1,18.32,18.5692,18.7948,19.0604,19.29,19.5216,19.77,19.9728,20.22,20.46,20.71,20.94,21.18,21.4064,21.62,21.85,22.08,22.32,22.54,22.77,23,23.19,23.41,23.61,23.86,24.06,24.25,24.4448,24.6204,24.87,25.07,25.2572,25.39,25.5884,25.72,25.86,26.02,26.19,26.39,26.602,26.87,27.22,27.55,28.4,28.47396,28.60056,28.69,28.82,28.97,29.26528,29.48,29.90176,30.61044,32.13
"ES004C",2.75,4.58428,5.39648,5.69736,6.02824,6.2778,6.47,6.54692,6.68944,6.8,6.8856,7.66,8.1968,8.59,8.928,9.23,9.5592,9.8148,10.04,10.23,10.42,10.59,10.76,10.94,11.12,11.28,11.46,11.6,11.78,11.97,12.16,12.31,12.5,12.66,12.82,12.9756,13.1212,13.29,13.49,13.658,13.84,14.0092,14.16,14.38,14.53,14.6916,14.89,15.06,15.29,15.48,15.68,15.89,16.1,16.28,16.49,16.69,16.9232,17.1688,17.4,17.66,17.93,18.18,18.44,18.7224,19,19.25,19.49,19.74,20.01,20.3,20.5616,20.88,21.19,21.4884,21.734,22.0396,22.35,22.69,22.95,23.25,23.5176,23.82,24.0888,24.34,24.57,24.83,25.07,25.2968,25.54,25.83,26.06,26.3,26.5048,26.76,26.97,27.2,27.43,27.66,27.9384,28.16,28.42,28.7252,29.04,29.3528,29.68,29.98,30.41,30.9776,31.7788,31.96396,32.06,32.13,32.30264,32.3744,32.58176,32.8084799999999,33.31176,33.5496800000004,35.2
"ES005C",-2.08,-0.90484,-0.44616,-0.0192399999999999,0.17824,0.42,0.64736,0.82768,0.96296,1.09604,1.2112,2.1524,2.93,3.54,3.978,4.41,4.75,5.08,5.3604,5.62,5.91,6.15,6.38,6.61,6.84,7.04,7.24,7.43,7.65,7.82,8.0076,8.2,8.39,8.59,8.77,8.95,9.16,9.34,9.56,9.73,9.92,10.11,10.3348,10.53,10.75,10.94,11.15,11.39,11.59,11.81,12.02,12.29,12.53,12.75,12.97,13.22,13.5032,13.7588,14.0344,14.31,14.58,14.84,15.1,15.36,15.6,15.85,16.15,16.42,16.67,16.92,17.22,17.5,17.76,17.9884,18.32,18.6196,18.85,19.13,19.38,19.652,19.91,20.15,20.3888,20.59,20.89,21.16,21.4312,21.67,21.94,22.24,22.53,22.79,23.1,23.4,23.74,24.08,24.42,24.76,25.07,25.46,25.7796,26.1152,26.44,26.84,27.31,27.74,28.2032,28.79,29.6444,29.74188,29.88112,30.09,30.25528,30.4622,30.71176,30.91,31.21176,31.50132,34.41
"ES006C",2.95,4.71736,5.70912,5.99604,6.22472,6.3756,6.62416,6.80692,6.95592,7.06812,7.2712,7.95,8.4468,8.87,9.17,9.41,9.65,9.8448,10.03,10.2,10.3416,10.4872,10.63,10.77,10.9,11,11.13,11.24,11.35,11.48,11.61,11.72,11.8388,11.98,12.11,12.23,12.37,12.49,12.61,12.75,12.88,12.99,13.11,13.25,13.38,13.5316,13.68,13.8128,13.97,14.14,14.2996,14.48,14.66,14.8364,15.04,15.21,15.39,15.61,15.83,16.04,16.23,16.48,16.6868,16.93,17.17,17.3536,17.56,17.7748,18.0304,18.26,18.47,18.71,18.93,19.15,19.4,19.63,19.89,20.12,20.34,20.54,20.75,20.98,21.27,21.4544,21.69,21.89,22.05,22.2,22.41,22.63,22.85,22.99,23.2,23.4,23.57,23.76,23.91,24.09,24.2784,24.47,24.6996,24.95,25.18,25.45,25.73,26.04,26.46,27.1,27.84,27.94396,28.0576,28.27616,28.38,28.6044,28.78352,28.99,29.30176,29.72132,31.92
"ES007C",1.9,3.51648,4.34208,4.57868,4.78472,4.9678,5.13736,5.44692,5.62944,5.80208,5.9256,6.75,7.2868,7.6524,7.99,8.3,8.57,8.84,9.09,9.31,9.53,9.7,9.85,10.0384,10.19,10.3596,10.54,10.7,10.8764,11.052,11.23,11.39,11.54,11.72,11.89,12.04,12.2,12.3468,12.52,12.68,12.83,12.98,13.15,13.3304,13.54,13.72,13.9,14.09,14.29,14.49,14.6696,14.88,15.11,15.34,15.59,15.8276,16.0632,16.32,16.55,16.77,17.0356,17.3,17.56,17.78,18.018,18.26,18.5292,18.76,19,19.23,19.48,19.73,19.98,20.25,20.514,20.75,21.03,21.27,21.54,21.782,22.02,22.2732,22.54,22.78,22.98,23.2056,23.42,23.68,23.9324,24.148,24.4,24.6292,24.82,25,25.14,25.3,25.46,25.63,25.8,25.95,26.15,26.31,26.51,26.6964,26.902,27.16,27.48,27.85,28.3788,28.43396,28.53352,28.63924,28.77528,28.9022,29.06,29.30132,29.6844,30.2622000000001,32.1
"ES009C",-3.01,-2.01132,-1.66176,-1.39396,-1.15056,-0.9166,-0.76,-0.58,-0.49704,-0.41,-0.2744,0.48,1,1.3724,1.73,2.08,2.37,2.71,2.9504,3.2,3.47,3.71,3.94,4.17,4.39,4.6396,4.83,5.04,5.22,5.432,5.65,5.86,6.05,6.21,6.41,6.5756,6.76,6.95,7.1424,7.34,7.49,7.67,7.85,8.07,8.29,8.49,8.65,8.87,9.07,9.274,9.49,9.67,9.91,10.14,10.37,10.63,10.85,11.06,11.33,11.55,11.75,12.05,12.29,12.56,12.818,13.1036,13.37,13.6248,13.87,14.206,14.4916,14.73,15,15.25,15.51,15.8,16.1152,16.4308,16.74,17.03,17.3176,17.68,17.96,18.2344,18.47,18.7256,19.03,19.3568,19.6224,19.91,20.14,20.42,20.71,20.9904,21.26,21.56,21.85,22.2,22.5284,22.86,23.2496,23.63,24.03,24.46,24.9,25.3676,25.88,26.5688,27.45,27.58396,27.78352,27.97308,28.24056,28.4244,28.6288,28.90132,29.15176,29.4622000000001,30.76
"ES010C",3.15,5.20164,5.91824,6.26736,6.59824,6.8078,6.90736,7.16692,7.41,7.58604,7.75,8.64,9.16,9.52,9.778,10.04,10.25,10.43,10.59,10.79,10.9116,11.06,11.2,11.33,11.48,11.61,11.74,11.89,12.0364,12.17,12.32,12.45,12.57,12.68,12.81,12.9356,13.06,13.18,13.31,13.45,13.57,13.68,13.83,13.9604,14.11,14.2516,14.4,14.55,14.74,14.95,15.1196,15.2952,15.4608,15.62,15.83,16.04,16.23,16.47,16.72,16.94,17.16,17.41,17.63,17.87,18.08,18.3,18.52,18.76,19.01,19.286,19.54,19.77,20.01,20.2,20.51,20.72,20.95,21.17,21.4064,21.644,21.87,22.12,22.33,22.5444,22.75,22.98,23.1912,23.37,23.58,23.81,24.03,24.2192,24.4548,24.6704,24.86,25.03,25.21,25.39,25.57,25.744,25.9,26.08,26.27,26.47,26.7,26.9,27.18,27.5276,28,28.07396,28.15352,28.32232,28.41264,28.4744,28.78176,28.95,29.25264,29.52088,30.85
"ES011C",-1.58,0.81956,1.37944,1.55472,1.75824,1.9578,2.10208,2.25692,2.36296,2.49604,2.63,3.5512,4.1168,4.5948,5.05,5.4136,5.75,6.02,6.3204,6.566,6.8,6.9772,7.16,7.35,7.524,7.7,7.87,8.05,8.2,8.36,8.48,8.6,8.75,8.88,9.03,9.17,9.29,9.42,9.56,9.7,9.81,9.94,10.07,10.2,10.32,10.45,10.59,10.72,10.85,10.97,11.09,11.23,11.35,11.49,11.63,11.78,11.93,12.06,12.2,12.35,12.5,12.67,12.83,12.98,13.14,13.32,13.5,13.6448,13.8,13.99,14.1716,14.32,14.48,14.63,14.79,14.95,15.1,15.2608,15.43,15.58,15.72,15.87,16.05,16.2,16.35,16.5,16.66,16.8,16.94,17.09,17.27,17.44,17.61,17.79,17.96,18.1116,18.3,18.51,18.72,18.9,19.1,19.35,19.63,19.93,20.272,20.7,21.1932,21.8888,23.1788,23.35,23.46,23.57,23.7632000000001,24.06,24.43176,24.81792,25.53088,26.1317600000001,27.74
"ES012C",-8.35,-3.36176,-2.68176,-2.19264,-1.92176,-1.691,-1.52,-1.30308,-1.14352,-1.08,-0.9544,0.1812,0.8504,1.43,1.836,2.18,2.53,2.8148,3.09,3.34,3.6316,3.88,4.1,4.3,4.5,4.69,4.88,5.06,5.2364,5.4,5.57,5.75,5.9,6.0544,6.21,6.39,6.5512,6.7,6.86,7.048,7.23,7.39,7.55,7.76,7.9,8.06,8.25,8.42,8.6,8.77,8.96,9.14,9.33,9.53,9.672,9.85,10.06,10.25,10.43,10.63,10.83,11.04,11.27,11.4924,11.69,11.91,12.14,12.33,12.53,12.72,12.95,13.16,13.33,13.54,13.754,13.95,14.12,14.29,14.4964,14.7,14.87,15.07,15.24,15.4,15.56,15.75,15.96,16.1968,16.3724,16.58,16.7636,17.01,17.24,17.44,17.68,17.91,18.14,18.37,18.6,18.864,19.16,19.4652,19.77,20.15,20.57,21.0376,21.6332,22.4388,23.8544,23.97188,24.03704,24.34308,24.5,24.8088,24.98176,25.1897999999999,25.63264,26.3048400000002,28.12
"ES013C",-5.05,-1.15924,-0.59176,-0.06264,0.13296,0.4356,0.6,0.74692,0.82592,1.01604,1.15,2.2812,2.8668,3.32,3.718,4.02,4.39,4.68,4.92,5.12,5.3016,5.4972,5.71,5.91,6.09,6.28,6.45,6.63,6.76,6.95,7.11,7.27,7.4488,7.59,7.73,7.88,8.04,8.2,8.35,8.49,8.65,8.8,8.93,9.08,9.22,9.39,9.5572,9.71,9.83,9.98,10.13,10.29,10.46,10.6,10.742,10.93,11.09,11.24,11.44,11.62,11.79,11.94,12.12,12.3,12.43,12.61,12.7792,12.97,13.13,13.28,13.44,13.6,13.78,13.92,14.054,14.22,14.38,14.5308,14.67,14.84,15.0076,15.17,15.34,15.4844,15.63,15.78,15.92,16.05,16.21,16.39,16.55,16.7,16.86,17.02,17.18,17.3316,17.5,17.6528,17.83,18.02,18.1996,18.38,18.57,18.7864,19.03,19.35,19.7332,20.3264,21.3244,21.46188,21.63352,21.7854,21.90792,22.1444,22.35408,22.83132,23.31176,23.82132,25.8
"ES014C",-5.85,-4.18352,-3.35176,-2.77132,-2.54936,-2.26,-2.00528,-1.94,-1.75352,-1.60396,-1.3432,-0.13,0.6168,1.1424,1.64,2.03,2.3792,2.72,2.9904,3.23,3.49,3.78,4,4.21,4.42,4.63,4.82,5.01,5.19,5.37,5.56,5.75,5.91,6.07,6.25,6.41,6.55,6.7168,6.87,7.05,7.21,7.38,7.56,7.73,7.9,8.09,8.2472,8.46,8.6384,8.81,9.02,9.21,9.44,9.65,9.88,10.04,10.26,10.46,10.6744,10.9,11.13,11.38,11.59,11.8424,12.1,12.31,12.54,12.73,12.9304,13.15,13.39,13.58,13.76,14,14.21,14.41,14.6,14.84,15.0464,15.25,15.46,15.65,15.84,16.07,16.28,16.47,16.66,16.86,17.09,17.31,17.55,17.78,18.0596,18.29,18.536,18.78,19.01,19.2928,19.62,19.92,20.2796,20.6852,21.12,21.5364,22,22.56,23.19,24.01,25.4,25.5498,25.7776,25.9654,26.11264,26.2822,26.60584,26.96,27.42056,28.13088,29.53
"ES015C",1.03,2.11956,2.46824,2.69736,2.94944,3.0778,3.28736,3.44384,3.54592,3.72812,3.8656,4.7536,5.4068,5.89,6.31,6.61,6.88,7.1348,7.3904,7.61,7.8,7.9972,8.2,8.35,8.51,8.68,8.83,9,9.15,9.3,9.44,9.6,9.7388,9.87,10.01,10.15,10.27,10.38,10.53,10.67,10.8,10.9392,11.07,11.2,11.33,11.48,11.63,11.78,11.93,12.06,12.2,12.32,12.5,12.67,12.81,12.98,13.17,13.34,13.5044,13.71,13.88,14.07,14.24,14.42,14.6,14.79,14.97,15.12,15.31,15.47,15.64,15.79,15.96,16.13,16.29,16.42,16.58,16.7108,16.85,17.05,17.19,17.35,17.5,17.64,17.77,17.93,18.09,18.23,18.37,18.52,18.69,18.83,19.01,19.16,19.31,19.49,19.6372,19.81,20,20.16,20.35,20.54,20.76,20.99,21.272,21.6,22.03,22.6576,23.6052,23.78396,23.9,24.13924,24.50264,24.6844,24.85176,25.2332,25.77352,26.5622000000001,27.61
"ES016C",-1.51,-0.39792,-0.02264,0.32604,0.55824,0.7378,0.94472,1.12768,1.24,1.4,1.5212,2.3024,2.8904,3.3748,3.738,4.12,4.43,4.7548,5.07,5.35,5.58,5.79,6.02,6.26,6.48,6.6996,6.88,7.07,7.25,7.48,7.67,7.8432,8.06,8.27,8.44,8.65,8.84,9.02,9.19,9.41,9.6,9.79,10,10.2204,10.45,10.67,10.88,11.1028,11.3284,11.54,11.7796,12,12.2,12.4564,12.72,12.94,13.21,13.46,13.73,14.02,14.2656,14.52,14.81,15.16,15.41,15.6936,15.96,16.25,16.5304,16.856,17.21,17.57,17.87,18.1784,18.504,18.8896,19.2752,19.68,20.04,20.362,20.71,21.0832,21.46,21.75,22.1,22.4312,22.7112,23.0568,23.4124,23.75,24.07,24.37,24.7048,25.01,25.286,25.5732,25.9,26.25,26.52,26.84,27.1,27.41,27.7608,28.16,28.482,28.8876,29.29,29.8,30.4688,30.6,30.68,30.79616,30.96264,31.1354,31.40176,31.56396,31.80264,32.2039600000002,33.27
"ES017C",1.31,2.48604,3.03384,3.64604,3.78,3.91,4.12472,4.36076,4.46648,4.63,4.71,5.6012,6.0468,6.47,6.81,7.11,7.44,7.6748,7.9404,8.19,8.38,8.63,8.8228,9,9.22,9.4,9.6,9.78,9.97,10.17,10.35,10.53,10.72,10.89,11.05,11.18,11.3312,11.5,11.67,11.83,12.0136,12.2092,12.39,12.57,12.76,12.95,13.13,13.31,13.5,13.704,13.91,14.11,14.33,14.53,14.74,14.99,15.2232,15.46,15.7,15.91,16.1556,16.42,16.72,17.0024,17.288,17.55,17.81,18.1,18.38,18.65,18.9716,19.26,19.54,19.81,20.074,20.36,20.6652,20.9208,21.26,21.54,21.87,22.18,22.49,22.76,23.05,23.2756,23.58,23.85,24.13,24.36,24.61,24.88,25.12,25.42,25.7,26,26.29,26.6528,26.9684,27.27,27.58,27.8952,28.2908,28.74,29.21,29.69,30.1932,30.8088,31.75,31.83,31.96704,32.2454,32.38264,32.5866,32.79056,32.97056,33.2632,34.05132,35.76
"ES018C",-7.74,-2.89132,-2.41,-1.95,-1.52352,-1.37,-1.23264,-1.05616,-0.85352,-0.67792,-0.4244,0.71,1.3668,1.88,2.36,2.7336,3.1392,3.4,3.6504,3.9,4.1916,4.4072,4.59,4.81,5.05,5.2596,5.4652,5.66,5.83,5.972,6.13,6.32,6.5088,6.66,6.82,6.99,7.17,7.34,7.53,7.72,7.8836,8.04,8.22,8.3704,8.52,8.7,8.88,9.09,9.3,9.52,9.71,9.91,10.0808,10.27,10.48,10.66,10.8732,11.08,11.27,11.5,11.74,12,12.21,12.45,12.718,12.9036,13.13,13.39,13.58,13.786,13.98,14.21,14.43,14.64,14.864,15.0996,15.31,15.5008,15.7064,15.91,16.14,16.34,16.53,16.73,16.94,17.13,17.3912,17.58,17.82,18.03,18.29,18.56,18.83,19.05,19.266,19.53,19.7972,20.0928,20.3284,20.63,20.9596,21.28,21.69,22.09,22.52,23.0076,23.58,24.39,25.5044,25.77792,25.94352,26.14308,26.36528,26.6022,26.87704,27.03132,27.58088,28.2088000000003,29.19
"ES019C",-0.21,1.15648,1.51648,1.88472,2.22472,2.4556,2.54736,2.71768,2.83648,2.95208,3.088,4.2,4.94,5.45,5.888,6.2,6.48,6.73,7,7.22,7.43,7.62,7.81,8,8.16,8.32,8.48,8.64,8.8064,8.96,9.1,9.22,9.34,9.49,9.62,9.78,9.91,10.01,10.15,10.27,10.4,10.54,10.68,10.83,10.95,11.09,11.22,11.36,11.4884,11.63,11.77,11.9152,12.07,12.22,12.38,12.5376,12.73,12.91,13.05,13.19,13.3556,13.52,13.68,13.86,14.058,14.23,14.42,14.6048,14.75,14.88,15.03,15.2072,15.39,15.5584,15.71,15.85,15.9852,16.17,16.3064,16.452,16.6,16.75,16.91,17.04,17.17,17.3,17.45,17.59,17.72,17.88,18.03,18.19,18.36,18.52,18.666,18.8,18.97,19.1,19.3,19.49,19.67,19.91,20.11,20.3464,20.62,20.96,21.4,21.96,22.8844,23.01,23.1,23.24616,23.47264,23.6144,23.87176,24.00264,24.32144,24.9213200000001,28.06
"ES020C",0.95,2.45428,3.09296,3.59208,3.80648,4.0902,4.40736,4.6,4.68296,4.76604,4.8756,5.64,6.2068,6.6124,6.978,7.27,7.56,7.85,8.13,8.376,8.6116,8.81,9,9.19,9.37,9.5796,9.75,9.93,10.13,10.34,10.51,10.6732,10.84,11.0044,11.2,11.3756,11.5812,11.78,11.97,12.12,12.3,12.48,12.66,12.85,13.08,13.3,13.5,13.73,13.94,14.12,14.34,14.57,14.8008,15.08,15.35,15.5776,15.81,16.04,16.34,16.63,16.8856,17.18,17.5,17.82,18.178,18.42,18.68,19,19.33,19.66,20.0116,20.2972,20.65,20.9384,21.26,21.57,21.92,22.33,22.7164,23.06,23.3576,23.71,23.9888,24.2744,24.56,24.8456,25.16,25.5,25.76,26.02,26.29,26.51,26.79,27.0504,27.336,27.57,27.8072,28.07,28.3384,28.6,28.86,29.13,29.43,29.6964,30.05,30.3776,30.7332,31.3088,31.9888,32.14,32.22,32.32616,32.4732,32.6922,32.82528,33.18528,33.61792,34.2317600000001,36.01
"ES021C",2.72,4.06956,4.85824,5.19416,5.47296,5.66,5.92568,6.14692,6.30944,6.47624,6.5756,7.36,7.93,8.24,8.6,8.94,9.21,9.45,9.63,9.83,10.04,10.21,10.42,10.59,10.76,10.9,11.09,11.24,11.3964,11.55,11.7,11.87,12.0188,12.17,12.3,12.43,12.56,12.7,12.85,13.01,13.1736,13.33,13.48,13.65,13.83,14,14.18,14.32,14.51,14.66,14.84,15.05,15.26,15.43,15.71,15.93,16.15,16.37,16.59,16.8,17.0256,17.24,17.46,17.68,17.93,18.1736,18.4,18.66,18.93,19.13,19.3516,19.59,19.83,20.0584,20.3,20.52,20.75,20.98,21.18,21.4,21.61,21.86,22.1,22.3,22.53,22.73,22.94,23.15,23.35,23.58,23.81,23.99,24.17,24.37,24.51,24.66,24.87,25.03,25.19,25.36,25.52,25.7152,25.92,26.09,26.33,26.61,26.9532,27.32,27.8744,27.94396,28.08,28.21616,28.30792,28.44,28.53352,28.76264,29.22792,29.4917600000001,32.68
"ES022C",1.45,3.07736,3.70472,3.83868,4.06296,4.2056,4.35416,4.50384,4.6,4.76,4.8412,5.61,6.19,6.6024,6.94,7.25,7.54,7.75,7.97,8.18,8.39,8.58,8.77,8.95,9.08,9.24,9.39,9.54,9.6964,9.83,9.95,10.07,10.19,10.31,10.45,10.59,10.7,10.84,10.94,11.08,11.19,11.31,11.44,11.55,11.68,11.7816,11.8972,12,12.12,12.23,12.37,12.49,12.62,12.75,12.87,13,13.14,13.29,13.43,13.56,13.71,13.86,14.0168,14.17,14.33,14.5,14.65,14.81,14.99,15.15,15.33,15.51,15.66,15.7884,15.95,16.09,16.24,16.4,16.55,16.69,16.81,16.95,17.1,17.24,17.37,17.5,17.65,17.78,17.94,18.08,18.22,18.37,18.5348,18.68,18.86,19.0216,19.21,19.3928,19.62,19.85,20.1,20.36,20.65,20.96,21.304,21.7076,22.2232,22.82,23.8844,23.98,24.10704,24.18308,24.4490400000001,24.75,24.86176,25.17452,25.77352,26.5117600000001,28.46
"ES023C",-0.71,1.38912,2.08912,2.52076,2.87,3.0278,3.20736,3.32,3.51,3.63604,3.77,4.83,5.3768,5.7624,6.09,6.43,6.6792,6.88,7.0604,7.27,7.4416,7.6,7.7828,7.94,8.11,8.26,8.4052,8.55,8.67,8.81,8.94,9.08,9.21,9.37,9.49,9.61,9.74,9.86,9.99,10.1,10.23,10.37,10.51,10.64,10.77,10.9,11.02,11.16,11.29,11.42,11.55,11.7,11.81,11.94,12.09,12.23,12.39,12.54,12.68,12.83,12.99,13.14,13.3,13.47,13.64,13.81,13.96,14.11,14.28,14.45,14.61,14.73,14.88,15.02,15.16,15.3,15.4752,15.63,15.76,15.92,16.0776,16.23,16.3688,16.5,16.65,16.77,16.9212,17.0568,17.2,17.32,17.47,17.63,17.78,17.93,18.07,18.21,18.36,18.49,18.64,18.78,18.95,19.12,19.29,19.4864,19.76,20.01,20.25,20.68,21.6,21.74396,21.91352,22.08616,22.21,22.3588,22.48,22.74396,23.06264,23.8939600000002,25.22
"ES025C",1.59,3.96868,4.34736,4.56,4.77824,5.0078,5.15472,5.26,5.38648,5.48604,5.5856,6.22,6.72,7.13,7.478,7.72,7.9892,8.2,8.3904,8.586,8.73,8.89,9.04,9.22,9.36,9.5,9.64,9.75,9.86,9.98,10.09,10.19,10.3,10.42,10.53,10.64,10.73,10.85,10.96,11.09,11.21,11.31,11.42,11.53,11.63,11.7416,11.88,12,12.08,12.18,12.3,12.4152,12.53,12.66,12.78,12.91,13.05,13.2,13.34,13.48,13.6,13.74,13.9,14.05,14.17,14.3,14.44,14.6,14.75,14.89,15.02,15.16,15.3128,15.46,15.59,15.74,15.89,16.04,16.19,16.31,16.45,16.58,16.7,16.8244,16.96,17.09,17.23,17.36,17.49,17.6,17.74,17.87,18,18.14,18.27,18.4,18.53,18.65,18.82,19,19.16,19.3452,19.55,19.78,20.05,20.34,20.73,21.27,22.3144,22.39792,22.51,22.67,22.81792,23.14,23.40352,23.8866,24.38496,24.97132,27.58
"ES026C",-2.08,0.60956,1.14824,1.60736,1.96,2.2256,2.52888,2.65692,2.76,2.87,3.02,4.15,4.7768,5.2324,5.66,6.1,6.46,6.8,7.06,7.28,7.51,7.7372,7.94,8.17,8.384,8.59,8.78,8.97,9.11,9.3,9.4976,9.69,9.86,10.04,10.21,10.39,10.55,10.75,10.91,11.07,11.24,11.4092,11.57,11.75,11.91,12.1,12.28,12.47,12.6584,12.854,13.07,13.28,13.46,13.6864,13.92,14.1276,14.38,14.59,14.84,15.08,15.31,15.54,15.76,16.04,16.25,16.53,16.77,16.98,17.21,17.44,17.73,17.97,18.21,18.4684,18.73,18.97,19.21,19.42,19.69,19.93,20.14,20.38,20.61,20.83,21.03,21.25,21.5312,21.75,21.9624,22.18,22.3836,22.59,22.83,23.04,23.24,23.46,23.67,23.89,24.07,24.25,24.46,24.62,24.87,25.1,25.32,25.5876,25.89,26.28,26.85,26.93396,27.04,27.14308,27.30528,27.48,27.62056,28.17132,28.31176,28.97044,30.73
"ES028C",-8.56,-0.72132,-0.26352,-0.03,0.16824,0.3256,0.50736,0.65692,0.83,0.99812,1.12,2.0112,2.61,3.04,3.428,3.74,4.07,4.36,4.61,4.84,5.05,5.27,5.46,5.65,5.83,6.01,6.1952,6.3508,6.51,6.64,6.81,6.97,7.11,7.23,7.38,7.54,7.6912,7.84,7.98,8.13,8.27,8.41,8.55,8.68,8.83,8.98,9.12,9.27,9.4084,9.57,9.68,9.83,9.96,10.11,10.27,10.43,10.6,10.74,10.92,11.09,11.27,11.45,11.62,11.8024,11.99,12.17,12.33,12.52,12.69,12.86,13.0416,13.25,13.4,13.6,13.78,13.95,14.1052,14.2908,14.47,14.62,14.8,14.97,15.15,15.3444,15.5,15.69,15.8712,16.05,16.2324,16.38,16.55,16.75,16.95,17.15,17.37,17.59,17.81,17.99,18.23,18.45,18.69,18.91,19.18,19.44,19.792,20.14,20.5932,21.31,22.4344,22.55792,22.7,22.95308,23.09,23.3444,23.92176,24.08924,24.75088,25.30044,26.99
"ES029C",4.34,6.61736,7.23768,7.43868,7.7212,7.9978,8.20472,8.29692,8.43944,8.59,8.65,9.5,9.9868,10.34,10.718,10.95,11.17,11.41,11.6,11.77,11.94,12.1,12.25,12.39,12.54,12.66,12.79,12.92,13.04,13.17,13.28,13.4,13.51,13.65,13.77,13.9,14.02,14.14,14.2624,14.39,14.51,14.62,14.7548,14.88,15.01,15.15,15.2972,15.42,15.56,15.71,15.8396,15.98,16.1308,16.31,16.48,16.68,16.85,17,17.16,17.32,17.5156,17.7,17.9168,18.07,18.32,18.56,18.76,18.99,19.2,19.42,19.63,19.81,19.9928,20.2,20.38,20.56,20.76,20.97,21.16,21.36,21.54,21.73,21.9,22.08,22.26,22.43,22.59,22.77,22.93,23.11,23.3,23.48,23.67,23.84,24,24.21,24.44,24.67,24.88,25.06,25.2896,25.52,25.76,26.07,26.41,26.7976,27.19,27.57,28.2944,28.41396,28.53352,28.73308,28.92,29.08,29.4488,29.68,29.98,30.1861600000002,31.63
"ES030C",-2.01,-0.11,0.43,0.83736,1.01648,1.37,1.48,1.7,1.88,2.03604,2.1056,3.0412,3.69,4.2424,4.62,5.03,5.31,5.63,5.89,6.16,6.42,6.66,6.8756,7.12,7.31,7.4996,7.71,7.92,8.09,8.26,8.43,8.62,8.7688,8.95,9.16,9.3356,9.5112,9.7,9.89,10.07,10.24,10.4292,10.64,10.81,10.99,11.16,11.3372,11.51,11.71,11.91,12.1,12.3352,12.55,12.77,12.98,13.23,13.5,13.73,13.99,14.25,14.49,14.72,14.99,15.24,15.46,15.69,15.9,16.15,16.35,16.6,16.85,17.09,17.34,17.58,17.81,18.0096,18.23,18.47,18.68,18.93,19.1476,19.37,19.6188,19.86,20.12,20.35,20.6,20.87,21.12,21.36,21.61,21.8992,22.1648,22.44,22.67,22.94,23.19,23.47,23.7684,24.05,24.33,24.59,24.89,25.16,25.48,25.8276,26.2532,26.79,27.61,27.69396,27.79,27.87308,28.07,28.2822,28.51528,28.90396,29.30176,30.0274800000003,31.18
"ES031C",0.06,1.89692,2.42736,2.74736,3.03472,3.1578,3.35736,3.43692,3.64296,3.73604,3.8912,4.87,5.33,5.72,6.09,6.4,6.7192,6.95,7.1904,7.45,7.69,7.88,8.05,8.26,8.47,8.64,8.82,9.05,9.2,9.4,9.55,9.7232,9.91,10.09,10.26,10.4,10.5612,10.73,10.8724,11.04,11.22,11.43,11.6,11.8,11.98,12.17,12.36,12.58,12.7784,12.984,13.16,13.38,13.6308,13.85,14.07,14.2976,14.54,14.77,15.0144,15.24,15.48,15.74,16.0568,16.35,16.628,16.8936,17.1684,17.46,17.7204,18.01,18.35,18.62,18.9428,19.22,19.544,19.82,20.1352,20.51,20.8064,21.13,21.47,21.81,22.0988,22.42,22.76,23.08,23.33,23.62,23.92,24.18,24.46,24.7192,25.03,25.28,25.63,25.93,26.23,26.57,26.91,27.22,27.52,27.8552,28.19,28.57,29.07,29.56,30.06,30.6388,31.58,31.70396,31.82352,31.96308,32.07,32.2566,32.56352,32.73264,33.08176,33.68044,35.24
"ES032C",4.16,5.48736,6.1056,6.56604,6.8,6.96,7.12736,7.32692,7.55296,7.71,7.77,8.5036,9.0668,9.39,9.758,10.02,10.3,10.55,10.76,10.92,11.1,11.31,11.49,11.65,11.82,11.98,12.12,12.28,12.45,12.62,12.75,12.91,13.05,13.2,13.33,13.45,13.61,13.74,13.87,14.008,14.15,14.34,14.5,14.67,14.82,15.0016,15.18,15.33,15.48,15.65,15.8496,16.02,16.25,16.46,16.66,16.91,17.1732,17.3788,17.58,17.78,17.99,18.25,18.45,18.6924,18.92,19.1436,19.3992,19.6496,19.89,20.08,20.3,20.55,20.79,21.08,21.33,21.54,21.75,21.9408,22.17,22.42,22.67,22.93,23.14,23.37,23.58,23.77,24.0012,24.2,24.41,24.628,24.8736,25.0792,25.26,25.41,25.55,25.7016,25.86,26,26.18,26.32,26.46,26.6052,26.7308,26.93,27.112,27.37,27.6032,27.93,28.4444,28.5,28.56,28.63,28.72,28.8044,28.99,29.14528,29.39088,30.01088,31.1
"ES033C",4.29,6.30296,6.91824,7.18868,7.42472,7.7478,7.90736,7.99384,8.14,8.24604,8.3912,9.1912,9.6168,9.97,10.31,10.58,10.84,11.07,11.27,11.47,11.6516,11.82,11.98,12.14,12.3,12.45,12.6352,12.8,12.93,13.06,13.2,13.3532,13.46,13.61,13.76,13.9,14.04,14.18,14.31,14.45,14.57,14.71,14.85,14.99,15.126,15.27,15.41,15.58,15.74,15.92,16.08,16.24,16.39,16.58,16.73,16.93,17.14,17.35,17.52,17.69,17.89,18.05,18.27,18.52,18.74,18.97,19.19,19.43,19.66,19.87,20.1016,20.32,20.55,20.77,20.96,21.18,21.37,21.57,21.8,22.01,22.23,22.4432,22.64,22.8144,23.01,23.17,23.4,23.57,23.75,23.97,24.1836,24.3992,24.57,24.81,25,25.2,25.4372,25.66,25.86,26.08,26.29,26.57,26.88,27.2,27.53,27.96,28.3632,28.79,29.65,29.76792,29.86352,30.11232,30.29792,30.5144,30.69528,30.95,31.14408,31.72132,33.43
"ES034C",0.84,2.63912,3.10824,3.52736,3.81824,3.9856,4.1768,4.33692,4.49648,4.64208,4.7756,5.71,6.2668,6.64,7.048,7.33,7.56,7.75,7.92,8.106,8.27,8.44,8.6,8.74,8.9,9.04,9.17,9.32,9.44,9.56,9.68,9.78,9.9,10.02,10.13,10.25,10.36,10.48,10.6,10.73,10.85,10.96,11.09,11.21,11.33,11.44,11.57,11.68,11.79,11.9,12.03,12.18,12.29,12.42,12.55,12.68,12.8,12.95,13.07,13.22,13.38,13.51,13.68,13.84,13.97,14.1436,14.32,14.46,14.62,14.766,14.9,15.04,15.19,15.3484,15.47,15.61,15.76,15.91,16.0464,16.19,16.3176,16.48,16.61,16.75,16.88,16.99,17.12,17.24,17.37,17.518,17.66,17.78,17.92,18.06,18.2,18.34,18.48,18.59,18.73,18.86,19,19.16,19.32,19.4964,19.74,19.98,20.22,20.53,21.33,21.41396,21.53,21.61308,21.78,21.8622,22.01176,22.25132,22.61264,23.2726400000001,24.54
"ES035C",-0.99,-0.0744,0.49296,0.63868,1.03824,1.329,1.45736,1.61076,1.79648,1.92604,2.0112,2.7612,3.2568,3.6824,4.056,4.4236,4.77,5.0248,5.32,5.58,5.8,6.06,6.28,6.49,6.75,6.93,7.12,7.29,7.46,7.632,7.85,8.02,8.2088,8.39,8.57,8.74,8.93,9.0968,9.2724,9.47,9.65,9.83,10,10.24,10.44,10.65,10.85,11.07,11.26,11.5,11.74,11.94,12.1208,12.36,12.602,12.85,13.07,13.31,13.5544,13.81,14.07,14.36,14.6636,14.95,15.23,15.54,15.8292,16.1,16.44,16.73,17.02,17.29,17.5828,17.95,18.3,18.68,19.01,19.37,19.7,20.07,20.4276,20.8,21.12,21.43,21.78,22.1,22.3924,22.7968,23.12,23.42,23.7236,24.07,24.31,24.63,24.96,25.26,25.59,25.89,26.14,26.45,26.7496,27.06,27.41,27.75,28.18,28.6,29.04,29.59,30.27,30.34396,30.49,30.64308,30.72,30.8722,30.98,31.10396,31.42088,31.8396800000004,33.25
"ES036C",-5.16,-2.41088,-1.96176,-1.61528,-1.41176,-1.2122,-1.00528,-0.91,-0.77352,-0.61396,-0.54,0.35,0.82,1.22,1.568,1.92,2.25,2.5248,2.78,3.01,3.29,3.52,3.7128,3.96,4.16,4.35,4.6,4.7908,4.98,5.18,5.37,5.57,5.7588,5.92,6.12,6.31,6.48,6.63,6.81,6.99,7.18,7.35,7.53,7.73,7.94,8.13,8.33,8.5,8.69,8.9,9.11,9.3252,9.54,9.77,10,10.2,10.42,10.63,10.8444,11.09,11.3056,11.56,11.82,12.05,12.3,12.5636,12.8492,13.11,13.3404,13.6,13.89,14.15,14.39,14.6384,14.88,15.15,15.4252,15.7,16.01,16.332,16.5876,16.89,17.17,17.42,17.66,17.9,18.18,18.45,18.77,19.04,19.26,19.5392,19.81,20.07,20.33,20.6116,20.93,21.21,21.54,21.84,22.2696,22.62,23.01,23.41,23.94,24.4252,24.98,25.7176,26.63,26.73,26.94,27.14308,27.36264,27.55,27.76352,28.13264,28.48,28.76044,30.3
"ES037C",2.64,4.42736,4.89296,5.12604,5.52648,5.6856,5.81,5.97384,6.06,6.15604,6.23,6.85,7.3168,7.69,7.978,8.25,8.4692,8.65,8.82,8.97,9.1216,9.2772,9.42,9.55,9.69,9.82,9.94,10.0408,10.15,10.27,10.34,10.44,10.54,10.65,10.76,10.86,10.97,11.07,11.19,11.3,11.4,11.49,11.6,11.7,11.81,11.91,12.02,12.12,12.21,12.35,12.45,12.55,12.66,12.79,12.91,13.05,13.1832,13.31,13.44,13.58,13.72,13.85,13.9868,14.11,14.24,14.39,14.53,14.6648,14.8004,14.95,15.08,15.2,15.36,15.52,15.65,15.7996,15.94,16.09,16.24,16.36,16.4976,16.62,16.76,16.89,17.01,17.14,17.26,17.37,17.5,17.62,17.76,17.88,17.99,18.1304,18.27,18.38,18.49,18.63,18.79,18.94,19.0996,19.27,19.48,19.68,19.89,20.15,20.5,20.94,21.77,21.88,22.03,22.17,22.3037600000001,22.5444,22.88704,23.18264,23.84176,24.46,26.66
"ES038C",-0.09,1.95868,2.40912,2.72868,2.85824,3.02,3.18472,3.36,3.58,3.66604,3.7756,4.52,5.1768,5.6324,6.02,6.35,6.6592,6.92,7.1804,7.44,7.63,7.8372,8.04,8.22,8.38,8.57,8.75,8.93,9.07,9.21,9.33,9.48,9.61,9.73,9.86,10,10.12,10.27,10.39,10.53,10.67,10.8,10.92,11.04,11.17,11.29,11.4,11.5428,11.68,11.79,11.91,12.05,12.18,12.32,12.46,12.58,12.74,12.87,13.02,13.18,13.32,13.47,13.64,13.82,13.98,14.15,14.34,14.53,14.68,14.84,15.0216,15.19,15.37,15.5284,15.69,15.87,16.02,16.16,16.3,16.482,16.65,16.79,16.94,17.09,17.25,17.38,17.56,17.72,17.89,18.05,18.23,18.3792,18.5548,18.74,18.91,19.09,19.28,19.52,19.72,19.954,20.2196,20.46,20.79,21.11,21.512,22.0076,22.5432,23.24,24.2344,24.43,24.60352,24.76308,24.96,25.1222,25.46,25.75792,26.36968,27.1348400000002,28.85
"ES040C",1.23,2.9878,3.72736,4.12,4.28472,4.5456,4.7468,4.95692,5.07,5.25208,5.408,6.38,6.94,7.39,7.76,8.0836,8.35,8.59,8.81,9.02,9.21,9.43,9.61,9.78,9.96,10.16,10.37,10.54,10.73,10.92,11.07,11.22,11.39,11.5544,11.71,11.8756,12.01,12.1568,12.33,12.47,12.63,12.81,12.99,13.17,13.32,13.5,13.6672,13.86,14.03,14.224,14.45,14.63,14.8208,15.05,15.26,15.4576,15.73,15.93,16.15,16.38,16.59,16.76,16.9768,17.2,17.45,17.6736,17.91,18.13,18.3704,18.63,18.87,19.13,19.32,19.57,19.814,20.04,20.24,20.5,20.73,20.96,21.21,21.4332,21.66,21.92,22.11,22.36,22.6,22.82,23.0324,23.28,23.46,23.72,23.95,24.14,24.35,24.55,24.73,24.92,25.12,25.28,25.46,25.66,25.88,26.12,26.4,26.6876,27.07,27.4988,28.2044,28.36396,28.43352,28.57,28.70264,28.8822,29.09,29.25264,29.52616,30.6326400000001,31.95
"ES041C",-3.21,-1.86088,-1.10968,-0.89396,-0.61176,-0.3922,-0.27528,-0.16,-0.0905600000000001,0.10208,0.1868,0.92,1.42,1.77,2.158,2.5136,2.87,3.16,3.46,3.71,3.97,4.2,4.43,4.61,4.8,5,5.17,5.33,5.52,5.72,5.91,6.09,6.27,6.4644,6.63,6.8056,7.0112,7.2,7.39,7.56,7.73,7.93,8.13,8.33,8.516,8.7216,8.9672,9.2128,9.44,9.68,9.8996,10.11,10.33,10.55,10.802,11.08,11.34,11.6,11.8344,12.09,12.3456,12.63,12.9368,13.24,13.568,13.82,14.0992,14.3648,14.6308,14.956,15.3,15.64,15.93,16.2684,16.56,16.88,17.27,17.6,17.93,18.37,18.7176,19.03,19.39,19.7144,20.06,20.35,20.68,21.0368,21.35,21.668,21.96,22.3,22.5948,22.89,23.21,23.48,23.75,24.09,24.4084,24.75,25.02,25.32,25.6608,26,26.34,26.69,27.18,27.6,28.36,28.43,28.50408,28.68308,28.81528,28.9644,29.22176,29.44264,29.70352,30.18088,31.84
"ES042C",-9.87,-4.22132,-1.97112,-1.16396,-0.79352,-0.59,-0.45264,-0.22848,-0.08352,0.0660400000000001,0.2212,1.13,1.7268,2.1924,2.618,2.98,3.31,3.64,3.95,4.22,4.5,4.7272,4.9728,5.2184,5.43,5.6896,5.88,6.08,6.31,6.55,6.77,6.99,7.16,7.34,7.51,7.72,7.92,8.11,8.3324,8.56,8.78,9.0392,9.25,9.44,9.63,9.8416,10.05,10.24,10.46,10.65,10.87,11.0652,11.3108,11.56,11.78,12.03,12.27,12.54,12.8,13.07,13.4,13.6212,13.86,14.13,14.35,14.6,14.83,15.06,15.31,15.55,15.79,16.02,16.2828,16.51,16.78,17.04,17.31,17.5508,17.7964,18.02,18.23,18.47,18.69,18.95,19.18,19.45,19.68,19.94,20.19,20.418,20.7,20.95,21.2,21.4704,21.68,21.92,22.14,22.38,22.6184,22.86,23.12,23.3752,23.67,23.9664,24.282,24.61,25.01,25.55,26.3344,26.42396,26.54,26.6,26.84528,27.1044,27.29704,27.56132,27.81088,28.45088,29.9
"ES043C",-2.26,-0.45176,-0.0661600000000001,0.32736,0.55,0.8256,1.1,1.27692,1.40296,1.5,1.6068,2.4312,3.06,3.51,3.87,4.23,4.54,4.8548,5.14,5.41,5.66,5.8872,6.1,6.3384,6.53,6.75,6.9452,7.14,7.33,7.52,7.71,7.9032,8.08,8.26,8.45,8.6556,8.88,9.04,9.24,9.43,9.6136,9.8,9.98,10.16,10.38,10.6016,10.85,11.04,11.23,11.48,11.7196,11.9552,12.1808,12.43,12.672,12.9252,13.19,13.51,13.76,14.06,14.3256,14.6212,14.9268,15.2124,15.53,15.84,16.1,16.4,16.63,17.006,17.35,17.69,18,18.38,18.71,19.08,19.49,19.8708,20.2564,20.65,21.03,21.41,21.74,22.13,22.39,22.74,23.08,23.41,23.74,24.048,24.35,24.6592,24.98,25.31,25.61,25.86,26.18,26.44,26.74,27.05,27.38,27.6852,28.0008,28.31,28.64,29.03,29.4632,30.0388,30.7444,30.84,30.92,31.04924,31.16792,31.391,31.55352,31.83,32.0844,32.3526400000001,33.22
"ES044C",1.97,3.41692,4.25736,4.61736,4.97824,5.13,5.31472,5.46692,5.61,5.77604,5.91,6.88,7.3568,7.7624,8.1,8.3936,8.6792,8.87,9.08,9.29,9.5,9.68,9.86,10.02,10.19,10.36,10.53,10.71,10.86,11,11.16,11.31,11.46,11.61,11.74,11.87,12.0012,12.15,12.3,12.428,12.59,12.74,12.9,13.07,13.24,13.43,13.62,13.78,13.96,14.1,14.27,14.45,14.65,14.86,15.06,15.26,15.56,15.8088,16.02,16.22,16.45,16.65,16.8568,17.1,17.338,17.5836,17.8392,18.08,18.3204,18.55,18.7716,19.02,19.23,19.51,19.78,20,20.2252,20.46,20.68,20.92,21.14,21.3632,21.61,21.87,22.14,22.3556,22.5712,22.77,22.98,23.21,23.47,23.67,23.9048,24.08,24.23,24.42,24.61,24.7828,24.96,25.16,25.34,25.51,25.68,25.88,26.09,26.36,26.67,27.11,27.7088,27.83,27.93408,28.01616,28.09264,28.2144,28.47,28.61396,29.22,29.5944000000002,32.92
"ES046C",-8.5,-3.47616,-3.05,-2.65132,-2.35,-2.12,-1.94264,-1.77,-1.64704,-1.48792,-1.3888,-0.43,0.2468,0.73,1.07,1.34,1.61,1.9048,2.15,2.38,2.59,2.81,3.0028,3.18,3.38,3.56,3.7152,3.8908,4.06,4.212,4.38,4.54,4.73,4.87,5.04,5.2,5.34,5.49,5.66,5.83,5.9936,6.14,6.2948,6.4604,6.65,6.83,7.0372,7.21,7.39,7.58,7.77,7.9952,8.21,8.39,8.59,8.7676,8.94,9.16,9.41,9.62,9.82,10.04,10.27,10.51,10.71,10.94,11.14,11.39,11.63,11.84,12.09,12.34,12.58,12.79,13.05,13.32,13.5652,13.83,14.1,14.32,14.54,14.75,14.99,15.22,15.49,15.77,16.08,16.3168,16.58,16.82,17.07,17.3592,17.61,17.86,18.09,18.35,18.61,18.9,19.24,19.534,19.82,20.12,20.48,20.89,21.35,21.8176,22.3332,22.94,23.9744,24.11396,24.27352,24.37,24.6,24.8044,25.00176,25.31396,25.67528,26.1783600000003,27.46
"ES047C",-2.56,-1.45044,-0.96352,-0.76,-0.66176,-0.52,-0.27056,-0.0930799999999999,0.02648,0.12,0.25,0.93,1.43,1.77,2.158,2.51,2.8692,3.1948,3.46,3.716,4.01,4.2372,4.45,4.7384,4.97,5.18,5.43,5.6008,5.81,6.02,6.2076,6.43,6.6188,6.79,7,7.1656,7.36,7.53,7.7,7.87,8.03,8.23,8.4,8.62,8.8,8.98,9.1472,9.38,9.56,9.73,9.97,10.17,10.38,10.58,10.79,11.02,11.27,11.5188,11.72,11.98,12.25,12.53,12.74,12.96,13.2,13.4736,13.78,14.02,14.25,14.48,14.76,15.0472,15.33,15.59,15.9,16.18,16.46,16.78,17.02,17.31,17.6076,17.9132,18.16,18.48,18.77,19.06,19.3112,19.55,19.79,20.05,20.32,20.62,20.89,21.18,21.42,21.72,21.99,22.29,22.63,22.9,23.2496,23.5752,23.92,24.31,24.74,25.11,25.68,26.27,27.2144,27.34792,27.46352,27.59924,27.78264,27.9232,28.12176,28.24132,28.54176,28.8830800000001,29.99
"ES048C",3.67,5.80736,6.9156,7.18868,7.38,7.5478,7.77,7.98384,8.17,8.35,8.4456,9.08,9.64,9.98,10.29,10.53,10.71,10.91,11.09,11.25,11.39,11.5,11.64,11.78,11.87,11.97,12.09,12.19,12.29,12.4,12.52,12.62,12.7388,12.87,12.98,13.08,13.21,13.31,13.43,13.55,13.65,13.76,13.88,14,14.1,14.22,14.36,14.5,14.64,14.78,14.93,15.08,15.24,15.39,15.56,15.7376,15.9,16.0988,16.28,16.48,16.68,16.9112,17.11,17.34,17.56,17.77,17.95,18.14,18.34,18.54,18.74,18.93,19.1528,19.35,19.61,19.8096,20.04,20.27,20.5,20.7,20.88,21.1,21.29,21.5,21.72,21.9156,22.05,22.21,22.4,22.59,22.79,22.97,23.13,23.28,23.44,23.6,23.78,23.9328,24.09,24.28,24.4496,24.62,24.84,25.04,25.3,25.58,25.94,26.45,27.14,27.21,27.29,27.46308,27.56264,27.81,28.01352,28.20132,28.43352,28.8648400000002,30.8
"ES049C",3.95,6.06824,6.66736,7,7.28824,7.5034,7.62736,7.71,7.90648,7.97604,8.1312,8.8624,9.3268,9.72,10,10.28,10.54,10.7948,11.03,11.2,11.42,11.57,11.74,11.92,12.08,12.25,12.41,12.61,12.76,12.92,13.06,13.2,13.34,13.48,13.63,13.78,13.94,14.0768,14.22,14.37,14.5,14.6392,14.81,14.94,15.08,15.25,15.4172,15.6,15.78,15.95,16.12,16.28,16.44,16.62,16.82,17.04,17.23,17.42,17.62,17.79,17.99,18.21,18.43,18.6724,18.9,19.13,19.34,19.56,19.82,20.05,20.28,20.53,20.74,20.9784,21.18,21.4,21.6352,21.8708,22.1,22.342,22.58,22.79,22.98,23.18,23.36,23.54,23.74,23.95,24.17,24.41,24.6036,24.81,25.02,25.26,25.446,25.67,25.8872,26.1028,26.3184,26.524,26.76,27.05,27.3308,27.6664,28.042,28.4176,28.8132,29.3,30.1688,30.30396,30.42352,30.60308,30.78,30.9122,31.07408,31.36396,31.81352,32.3744000000002,34.22
"ES050C",-0.16,2.30428,2.72296,3.18472,3.42,3.6778,3.79208,4.0146,4.15648,4.34604,4.4812,5.5712,6.2,6.66,7.038,7.3936,7.66,7.8748,8.1,8.33,8.5116,8.73,8.93,9.0984,9.26,9.43,9.61,9.76,9.93,10.09,10.26,10.44,10.6,10.7544,10.9,11.05,11.2,11.3468,11.5,11.66,11.78,11.91,12.04,12.1804,12.32,12.46,12.62,12.8,12.9784,13.15,13.35,13.5352,13.72,13.94,14.12,14.3176,14.53,14.77,15.01,15.23,15.4756,15.66,15.95,16.2,16.4,16.66,16.83,17.08,17.29,17.48,17.75,17.9572,18.19,18.4184,18.66,18.93,19.14,19.3408,19.59,19.802,20,20.22,20.45,20.61,20.8,21.02,21.29,21.48,21.68,21.87,22.11,22.28,22.55,22.76,22.96,23.15,23.34,23.5328,23.73,23.934,24.0996,24.2952,24.48,24.73,24.91,25.1,25.3532,25.68,26.24,26.37396,26.46408,26.56,26.64,26.7544,27.01176,27.33396,27.59,27.9444000000002,30.08
"ES051C",4.21,6.81692,7.68912,8.05604,8.35824,8.5956,8.7,8.90692,9.11,9.27604,9.33,10.0412,10.46,10.85,11.18,11.39,11.59,11.78,11.93,12.056,12.2,12.3372,12.46,12.5684,12.66,12.78,12.87,12.96,13.06,13.16,13.2376,13.34,13.43,13.55,13.64,13.73,13.83,13.93,14.02,14.13,14.24,14.3492,14.44,14.55,14.64,14.7516,14.87,15.01,15.13,15.26,15.4,15.52,15.67,15.79,15.94,16.1076,16.2732,16.44,16.6,16.81,16.99,17.18,17.3568,17.54,17.72,17.94,18.16,18.33,18.54,18.73,18.92,19.1,19.3,19.4984,19.67,19.8696,20.08,20.31,20.48,20.65,20.83,21,21.19,21.38,21.56,21.7156,21.87,22.07,22.21,22.36,22.49,22.63,22.79,22.92,23.06,23.22,23.37,23.53,23.69,23.84,23.9996,24.1552,24.32,24.52,24.73,24.99,25.3332,25.82,26.7144,26.81396,26.93352,27.12,27.26792,27.4588,27.68176,27.93528,28.5244,28.9035200000001,32.17
"ES052C",3.56,5.58956,6.70592,7.00868,7.22648,7.3434,7.53,7.78384,7.95648,8.20604,8.2656,8.92,9.46,9.84,10.1,10.34,10.56,10.75,10.94,11.09,11.2216,11.35,11.49,11.62,11.73,11.84,11.94,12.04,12.14,12.26,12.38,12.5,12.62,12.75,12.85,12.97,13.1,13.21,13.33,13.43,13.54,13.66,13.78,13.89,14.02,14.15,14.2772,14.42,14.5684,14.71,14.8696,15.02,15.17,15.34,15.5,15.69,15.85,16.0488,16.24,16.45,16.66,16.88,17.09,17.3224,17.55,17.74,17.9292,18.11,18.33,18.53,18.7316,18.94,19.14,19.3684,19.624,19.86,20.06,20.3,20.52,20.73,20.92,21.13,21.33,21.56,21.77,21.97,22.1,22.2968,22.45,22.66,22.84,23.0292,23.2,23.36,23.52,23.6916,23.86,24,24.17,24.354,24.53,24.7252,24.9408,25.19,25.49,25.7276,26.11,26.65,27.3244,27.39396,27.52056,27.63308,27.81528,28.0722,28.22,28.42132,28.67528,29.11132,30.99
"ES053C",-2.15,-0.6822,0.0576799999999999,0.45,0.8324,1.0978,1.27944,1.51384,1.71296,1.84,1.94,3.19,3.98,4.6624,5.18,5.55,5.95,6.29,6.58,6.82,7.08,7.32,7.53,7.72,7.92,8.1,8.2652,8.44,8.62,8.77,8.92,9.04,9.1988,9.32,9.44,9.56,9.71,9.84,9.9724,10.11,10.24,10.38,10.54,10.6704,10.79,10.94,11.09,11.25,11.36,11.53,11.6596,11.82,11.98,12.14,12.302,12.47,12.63,12.79,12.97,13.14,13.32,13.5012,13.71,13.89,14.08,14.26,14.46,14.63,14.81,14.946,15.11,15.29,15.47,15.6484,15.78,15.95,16.11,16.28,16.42,16.592,16.75,16.89,17.03,17.18,17.35,17.5,17.63,17.78,17.93,18.09,18.25,18.42,18.59,18.76,18.91,19.07,19.23,19.43,19.63,19.82,20.0496,20.3,20.54,20.88,21.24,21.62,22.12,22.7988,24.03,24.13,24.26,24.37232,24.53264,24.8066,25.02528,25.37,25.54704,26.1344000000002,29.69
"ES054C",-0.36,1.44604,1.88912,2.25,2.41296,2.59,2.79,2.94384,3.06,3.17604,3.2856,4.3012,4.84,5.33,5.678,6.03,6.27,6.58,6.82,7.03,7.2216,7.43,7.63,7.83,8.05,8.22,8.41,8.5708,8.74,8.91,9.06,9.22,9.36,9.54,9.68,9.85,10.03,10.19,10.37,10.54,10.72,10.88,11.04,11.21,11.37,11.53,11.7,11.8528,12.04,12.194,12.37,12.58,12.8,13,13.24,13.46,13.6832,13.9588,14.2244,14.46,14.73,14.9512,15.18,15.4,15.63,15.89,16.1092,16.37,16.5804,16.756,17.0016,17.21,17.45,17.6884,17.934,18.17,18.4,18.6408,18.8664,19.072,19.28,19.4732,19.66,19.9,20.12,20.37,20.58,20.85,21.07,21.29,21.53,21.76,21.96,22.1704,22.41,22.6516,22.87,23.06,23.2584,23.48,23.72,23.97,24.2,24.45,24.68,25.01,25.35,25.7588,26.3788,26.44396,26.50352,26.64,26.80528,26.9488,27.30176,27.68,27.91088,28.48,29.45
"ES056C",-2.17,1.0012,1.83384,2.25736,2.64824,2.7634,3.05,3.24076,3.43,3.52,3.6556,4.6512,5.2,5.63,6.008,6.3536,6.73,6.99,7.2204,7.43,7.65,7.86,8.05,8.25,8.45,8.6296,8.81,8.99,9.17,9.39,9.55,9.7,9.8888,10.0744,10.23,10.42,10.59,10.75,10.88,11.08,11.25,11.41,11.57,11.74,11.9,12.11,12.29,12.51,12.69,12.88,13.07,13.24,13.47,13.69,13.96,14.19,14.4432,14.6888,14.9,15.15,15.39,15.63,15.87,16.13,16.418,16.69,16.94,17.1748,17.43,17.69,17.93,18.18,18.43,18.69,18.93,19.1996,19.4552,19.68,19.9364,20.18,20.49,20.72,20.95,21.22,21.48,21.72,22.01,22.25,22.5,22.7,22.9736,23.23,23.46,23.67,23.86,24.05,24.3072,24.52,24.72,24.95,25.16,25.39,25.65,25.86,26.134,26.43,26.82,27.2788,28.0544,28.15,28.27,28.3654,28.56,28.6666,28.83,29.10132,29.58088,30.3244000000002,33.08
"ES058C",-1.09,1.49692,2.05504,2.36604,2.55472,2.72,2.93,3.02692,3.09,3.21208,3.3368,4.34,4.97,5.3724,5.71,6.01,6.3092,6.6148,6.87,7.096,7.3,7.48,7.6728,7.88,8.07,8.2396,8.42,8.6,8.7764,8.95,9.1,9.2732,9.45,9.6,9.76,9.92,10.09,10.26,10.47,10.63,10.7936,10.97,11.12,11.29,11.44,11.61,11.75,11.92,12.09,12.29,12.4696,12.66,12.89,13.11,13.302,13.56,13.8,14.05,14.32,14.56,14.8,15.07,15.3368,15.5448,15.76,16.05,16.25,16.5048,16.72,16.92,17.14,17.3772,17.62,17.85,18.12,18.37,18.58,18.83,19.0264,19.26,19.4876,19.6932,19.87,20.09,20.32,20.53,20.7912,21.02,21.2324,21.47,21.6936,21.9092,22.14,22.38,22.59,22.81,23.02,23.19,23.39,23.6,23.82,24.06,24.28,24.5164,24.77,25.03,25.4,25.7288,26.3088,26.40792,26.49704,26.63616,26.80264,26.9522,27.1793599999999,27.55264,27.8044,28.27,29.37
"ES059C",-3.32,-1.62572,-0.86088,-0.48528,-0.0493600000000002,0.2078,0.39736,0.68,0.85,1,1.1656,1.9112,2.5168,2.96,3.3,3.64,3.94,4.22,4.49,4.73,4.92,5.1372,5.3328,5.5184,5.71,5.91,6.07,6.28,6.43,6.61,6.79,6.95,7.13,7.3344,7.5,7.6756,7.85,8.02,8.21,8.37,8.56,8.74,8.94,9.1104,9.296,9.51,9.72,9.93,10.14,10.34,10.5596,10.77,10.98,11.2,11.44,11.7,11.97,12.21,12.47,12.73,12.99,13.29,13.55,13.8324,14.16,14.42,14.76,15.06,15.34,15.67,15.97,16.2472,16.5856,16.9884,17.31,17.6696,17.97,18.28,18.5764,18.92,19.25,19.54,19.9,20.19,20.48,20.7656,21.12,21.39,21.7024,21.98,22.2936,22.62,22.92,23.24,23.46,23.6816,23.9172,24.13,24.37,24.654,24.9,25.18,25.46,25.73,26.07,26.4,26.9,27.41,28.15,28.22396,28.31352,28.46,28.60264,28.8166,29.07528,29.36,29.69,30.2117600000001,31.7
"ES060C",3.21,4.53824,5.2568,5.57,5.9,6.079,6.27736,6.4846,6.67944,6.84208,6.96,7.74,8.2468,8.61,8.95,9.29,9.5592,9.82,10.03,10.23,10.42,10.59,10.77,10.9684,11.14,11.3196,11.46,11.63,11.81,11.97,12.13,12.29,12.45,12.59,12.72,12.85,13,13.13,13.28,13.43,13.64,13.79,13.96,14.11,14.3,14.46,14.62,14.8,14.9784,15.14,15.34,15.54,15.75,15.94,16.21,16.43,16.67,16.8888,17.14,17.33,17.53,17.7212,17.99,18.21,18.458,18.71,18.93,19.17,19.42,19.66,19.87,20.1072,20.35,20.5884,20.81,21.04,21.29,21.49,21.7,21.93,22.2,22.39,22.63,22.83,23.04,23.27,23.5,23.6968,23.91,24.16,24.3636,24.57,24.73,24.89,25.04,25.2,25.36,25.5628,25.73,25.89,26.0796,26.24,26.43,26.6,26.87,27.16,27.4832,27.89,28.42,28.51396,28.61,28.71308,28.77,28.92,29.03176,29.2450799999999,29.6544,30.0770400000003,32.52
"ES061C",4.77,6.2156,6.81296,7.44736,7.67824,7.87,8.02,8.2,8.32,8.47604,8.54,9.33,9.79,10.19,10.48,10.73,10.97,11.15,11.33,11.48,11.64,11.78,11.94,12.09,12.22,12.36,12.49,12.61,12.72,12.86,12.99,13.11,13.2288,13.35,13.47,13.5956,13.72,13.82,13.95,14.08,14.23,14.3792,14.52,14.64,14.78,14.93,15.06,15.24,15.39,15.56,15.73,15.89,16.07,16.23,16.44,16.63,16.8232,17.05,17.2744,17.44,17.62,17.84,18.05,18.27,18.51,18.73,18.97,19.19,19.39,19.636,19.85,20.04,20.2628,20.49,20.7,20.92,21.14,21.36,21.54,21.78,22.03,22.25,22.45,22.66,22.87,23.04,23.23,23.41,23.61,23.85,24.03,24.1992,24.35,24.51,24.67,24.81,24.94,25.07,25.2,25.33,25.46,25.59,25.73,25.87,26.022,26.2,26.42,26.72,27.19,27.24396,27.28,27.34308,27.43528,27.56,27.65352,27.79396,27.99176,28.39,29.57
"ES062C",3.1,4.78824,5.72296,5.97736,6.27,6.46,6.55736,6.85,6.98296,7.09604,7.2068,8.02,8.4768,8.84,9.198,9.5,9.76,10.03,10.26,10.48,10.6816,10.84,10.98,11.1384,11.32,11.47,11.63,11.79,11.94,12.1,12.26,12.41,12.55,12.7,12.86,13,13.1312,13.2768,13.4424,13.57,13.7236,13.86,14.02,14.15,14.326,14.46,14.61,14.78,14.97,15.17,15.33,15.49,15.68,15.85,16.04,16.25,16.44,16.65,16.87,17.04,17.27,17.48,17.7,17.99,18.22,18.45,18.69,18.9196,19.22,19.43,19.67,19.8972,20.18,20.39,20.61,20.83,21.11,21.3408,21.59,21.87,22.1,22.33,22.5488,22.7744,23,23.2256,23.41,23.63,23.85,24.07,24.29,24.5,24.7,24.9404,25.176,25.39,25.62,25.89,26.09,26.324,26.59,26.8252,27.1408,27.48,27.824,28.1576,28.56,29.0988,29.9044,30.03,30.13352,30.38308,30.55,30.7522,30.98528,31.24396,31.60088,32.01044,33.93
"ES063C",-1.45,-0.24264,0.37736,0.76,1.11472,1.3778,1.56472,1.82076,1.93648,2.08,2.24,3.4112,4.21,4.9,5.35,5.72,6.1092,6.4148,6.7004,6.97,7.2,7.4172,7.65,7.84,8.03,8.2,8.35,8.54,8.71,8.87,9.01,9.13,9.26,9.39,9.52,9.66,9.79,9.91,10.03,10.16,10.31,10.46,10.61,10.74,10.88,10.99,11.14,11.27,11.4084,11.57,11.71,11.85,12.01,12.16,12.31,12.4776,12.65,12.8088,12.97,13.13,13.3056,13.5,13.69,13.8724,14.06,14.23,14.43,14.59,14.7404,14.92,15.0716,15.24,15.41,15.6,15.73,15.89,16.06,16.22,16.36,16.53,16.68,16.83,16.96,17.11,17.26,17.41,17.5312,17.69,17.8324,18,18.17,18.31,18.48,18.63,18.78,18.95,19.13,19.29,19.4984,19.69,19.91,20.15,20.41,20.71,21.03,21.42,21.89,22.59,23.6844,23.81396,23.93352,24.06308,24.27528,24.4466,24.75352,24.98528,25.26088,25.6770400000003,29.48
"ES064C",-2.42,-1.1422,-0.63176,-0.2866,-0.0088000000000001,0.1134,0.34736,0.43692,0.55648,0.66208,0.7756,1.49,1.97,2.37,2.75,3.14,3.4,3.7448,4.04,4.28,4.5516,4.8272,5.04,5.25,5.45,5.6,5.79,6.0108,6.2,6.37,6.5576,6.76,6.96,7.14,7.32,7.5,7.72,7.93,8.12,8.28,8.4636,8.6792,8.86,9.08,9.28,9.49,9.74,9.98,10.21,10.48,10.68,10.88,11.12,11.34,11.57,11.84,12.1332,12.4288,12.6644,12.92,13.16,13.44,13.74,14.06,14.35,14.62,14.92,15.2,15.4804,15.816,16.15,16.4772,16.7828,17.12,17.48,17.7596,18.1352,18.51,18.8464,19.26,19.63,19.97,20.25,20.6,20.93,21.3,21.6312,22,22.32,22.6,22.9,23.2592,23.57,23.8704,24.14,24.41,24.72,25.02,25.36,25.684,25.97,26.28,26.6408,26.94,27.29,27.65,28.06,28.5388,29.1944,29.32396,29.42704,29.59924,29.68264,29.8222,30,30.29264,30.56176,31.17088,32.38
"ES065C",3.62,5.49692,5.84736,6.20868,6.50944,6.7234,6.92736,7.15692,7.28648,7.39208,7.55,8.2012,8.5568,8.94,9.23,9.5,9.75,9.98,10.2,10.376,10.57,10.74,10.88,11.03,11.17,11.32,11.4352,11.58,11.71,11.84,11.99,12.1132,12.24,12.37,12.52,12.64,12.7812,12.92,13.06,13.19,13.36,13.47,13.61,13.76,13.91,14.0616,14.24,14.4,14.61,14.8,14.98,15.17,15.3608,15.54,15.77,15.98,16.23,16.45,16.72,16.95,17.18,17.3712,17.61,17.8424,18.07,18.29,18.53,18.74,18.99,19.21,19.47,19.73,19.94,20.18,20.43,20.7096,20.95,21.18,21.39,21.65,21.86,22.1032,22.3,22.53,22.79,23,23.22,23.4268,23.6624,23.888,24.09,24.27,24.43,24.6,24.78,24.94,25.1072,25.28,25.47,25.62,25.78,25.96,26.18,26.4,26.66,26.95,27.3532,27.72,28.3544,28.41396,28.51704,28.6,28.70264,28.8322,29.08176,29.34,29.80088,30.2992400000004,32.59
"ES066C",-11.16,-4.3,-3.77,-3.43264,-3.02,-2.75,-2.6,-2.38616,-2.23704,-2.10396,-1.9444,-0.82,-0.1632,0.32,0.74,1.1,1.3592,1.61,1.86,2.14,2.41,2.66,2.89,3.0784,3.27,3.48,3.68,3.86,4.03,4.2,4.37,4.55,4.72,4.9,5.08,5.25,5.42,5.6,5.77,5.94,6.09,6.2792,6.46,6.66,6.83,6.98,7.17,7.36,7.56,7.74,7.95,8.17,8.4008,8.58,8.81,9.0176,9.2,9.38,9.57,9.78,10.02,10.22,10.43,10.66,10.93,11.1336,11.3592,11.59,11.82,12.04,12.27,12.5572,12.76,12.97,13.2,13.45,13.68,13.92,14.12,14.36,14.59,14.82,15.05,15.27,15.5,15.71,15.96,16.22,16.47,16.71,16.99,17.2292,17.48,17.73,18.016,18.31,18.55,18.85,19.11,19.484,19.79,20.16,20.54,20.95,21.404,21.97,22.54,23.43,24.5344,24.65792,24.76704,25.02616,25.17528,25.38,25.64352,25.95264,26.33088,26.8830800000001,28.59
"ES067C",-3.05,-2.06132,-1.61176,-1.41528,-1.17,-0.9622,-0.79264,-0.65924,-0.52352,-0.405839999999999,-0.2944,0.53,1.0068,1.4224,1.87,2.1936,2.51,2.82,3.09,3.34,3.58,3.83,4.0628,4.2984,4.51,4.69,4.8952,5.1,5.31,5.49,5.7,5.88,6.1,6.29,6.45,6.64,6.8,6.97,7.1224,7.32,7.52,7.71,7.91,8.07,8.24,8.4116,8.61,8.82,9.03,9.26,9.44,9.66,9.86,10.05,10.26,10.5,10.7132,10.96,11.2144,11.5,11.7456,11.98,12.2,12.48,12.73,13.01,13.2792,13.53,13.77,14.03,14.27,14.5672,14.89,15.16,15.444,15.76,16.09,16.36,16.62,16.91,17.21,17.51,17.86,18.15,18.46,18.71,19.0024,19.26,19.52,19.798,20.07,20.37,20.63,20.9004,21.19,21.49,21.8272,22.1,22.38,22.71,23.02,23.3952,23.79,24.1228,24.522,24.9776,25.5,26.04,27.0876,27.20396,27.29,27.45616,27.59528,27.6844,27.84176,28.03264,28.22088,28.67088,30
"ES068C",-3.91,-1.33264,-0.86,-0.25528,-0.0405600000000001,0.1956,0.33736,0.61,0.75,0.94604,1.06,1.86,2.48,2.9124,3.34,3.7736,4.0692,4.35,4.6604,4.92,5.15,5.3872,5.61,5.8284,6.074,6.24,6.46,6.6608,6.8564,7.05,7.2476,7.42,7.5988,7.79,8.02,8.21,8.41,8.58,8.77,8.958,9.1,9.2892,9.45,9.6404,9.82,10.01,10.22,10.43,10.66,10.86,11.08,11.34,11.62,11.85,12.12,12.3676,12.65,12.8788,13.14,13.43,13.6856,13.95,14.23,14.53,14.79,15.06,15.3692,15.64,15.98,16.28,16.58,16.87,17.2,17.4884,17.79,18.11,18.44,18.79,19.12,19.41,19.6676,19.96,20.3388,20.67,21.01,21.34,21.6612,21.9868,22.37,22.638,22.92,23.2292,23.5148,23.8204,24.07,24.3116,24.62,24.89,25.11,25.38,25.6396,25.9552,26.25,26.4964,26.79,27.13,27.5632,28.04,28.82,28.91,29.01,29.12308,29.24,29.43,29.56176,29.68,29.97088,30.4017600000001,32.59
"ES069C",2.68,3.94956,4.43824,4.82,5.0312,5.1902,5.41736,5.55692,5.70296,5.86812,5.96,6.69,7.28,7.69,8.07,8.32,8.6392,8.86,9.07,9.27,9.5,9.6572,9.85,10.0184,10.19,10.35,10.51,10.6908,10.84,10.97,11.13,11.28,11.43,11.56,11.7,11.83,11.97,12.1068,12.27,12.42,12.56,12.7192,12.88,13.06,13.25,13.41,13.6,13.77,13.92,14.15,14.34,14.54,14.75,14.97,15.16,15.3952,15.56,15.7488,15.96,16.2,16.47,16.68,16.8968,17.1,17.32,17.5536,17.76,17.98,18.22,18.42,18.6616,18.92,19.14,19.34,19.61,19.8796,20.12,20.33,20.56,20.78,20.97,21.2,21.39,21.65,21.85,22.05,22.26,22.48,22.7124,22.91,23.1236,23.28,23.5,23.69,23.9,24.12,24.2872,24.47,24.64,24.78,24.94,25.09,25.26,25.45,25.65,25.86,26.1,26.4688,27.07,27.12396,27.22056,27.27616,27.39264,27.5,27.62704,27.81528,28.06176,28.4422000000001,29.6
"ES070C",4.01,5.95824,6.51824,6.86604,7.26472,7.35,7.54,7.72384,7.87648,7.96604,8.0312,8.7712,9.25,9.6224,9.96,10.22,10.45,10.64,10.83,11.01,11.1816,11.34,11.5,11.67,11.85,12.02,12.1952,12.34,12.49,12.64,12.78,12.93,13.08,13.23,13.39,13.5256,13.6812,13.8168,13.98,14.15,14.2936,14.45,14.62,14.78,14.93,15.1,15.26,15.47,15.63,15.814,15.98,16.19,16.3908,16.58,16.74,16.99,17.18,17.4,17.62,17.84,18.09,18.3,18.5268,18.78,19.01,19.23,19.49,19.73,19.96,20.21,20.43,20.63,20.89,21.13,21.39,21.6396,21.9052,22.18,22.45,22.692,22.95,23.2,23.39,23.58,23.81,24.0556,24.3,24.54,24.7548,24.97,25.21,25.41,25.6348,25.87,26.09,26.26,26.48,26.71,26.9,27.16,27.42,27.64,27.94,28.21,28.51,28.8476,29.24,29.7388,30.5744,30.69396,30.81,30.98616,31.08264,31.3075999999999,31.52352,31.79,32.08,32.8240800000005,36.12
"ES071C",4.51,6.44648,7.04824,7.30208,7.55824,7.8334,8.08208,8.2,8.28648,8.37604,8.5412,9.38,9.78,10.1424,10.49,10.75,10.9992,11.2348,11.45,11.64,11.8,11.95,12.1128,12.27,12.41,12.56,12.7152,12.87,13.0064,13.13,13.26,13.41,13.53,13.66,13.79,13.9356,14.06,14.2068,14.34,14.47,14.5936,14.73,14.85,14.99,15.12,15.28,15.41,15.55,15.73,15.874,16.0396,16.2,16.34,16.52,16.71,16.8876,17.07,17.28,17.44,17.6,17.7956,17.96,18.19,18.4,18.63,18.87,19.0992,19.31,19.55,19.77,19.96,20.2072,20.39,20.62,20.79,21,21.2252,21.42,21.59,21.822,22.03,22.24,22.43,22.61,22.8,22.97,23.1712,23.34,23.5124,23.708,23.93,24.13,24.3,24.53,24.716,24.9016,25.1372,25.37,25.57,25.79,26,26.2352,26.56,26.85,27.19,27.6276,28.01,28.43,29.2344,29.35396,29.58352,29.68616,29.89528,30.1322,30.25176,30.64132,30.76616,31.2817600000001,32.9
"ES072C",-14.71,-2.99044,-2.19704,-1.93396,-1.63352,-1.5022,-1.34,-1.20308,-1.01,-0.88792,-0.7888,0.00120000000000005,0.5368,0.8724,1.2,1.5,1.78,2.03,2.25,2.48,2.7,2.9172,3.12,3.2984,3.474,3.6496,3.82,3.99,4.1664,4.34,4.51,4.68,4.85,5,5.15,5.33,5.5112,5.7,5.87,6.05,6.2136,6.4,6.59,6.79,6.96,7.12,7.3,7.48,7.68,7.87,8.07,8.29,8.47,8.6764,8.89,9.1276,9.33,9.54,9.76,9.98,10.24,10.49,10.73,10.98,11.17,11.42,11.69,11.97,12.21,12.44,12.7516,13,13.2728,13.54,13.78,14.01,14.3152,14.5608,14.83,15.12,15.42,15.71,15.9888,16.27,16.52,16.81,17.0712,17.33,17.6,17.87,18.16,18.41,18.67,18.93,19.236,19.52,19.81,20.13,20.3884,20.72,21.04,21.3452,21.7,22.03,22.5,22.9,23.5032,24.0688,25.02,25.14792,25.34,25.49,25.60056,25.8522,26.08704,26.29264,26.52,26.8,28.56
"ES073C",-1.16,1.79956,2.20912,2.64868,2.96,3.2724,3.51944,3.63384,3.75,3.9,4.0268,5.14,5.7868,6.2124,6.69,7.09,7.4292,7.7348,7.96,8.2,8.4016,8.63,8.83,9.06,9.254,9.4496,9.62,9.81,9.97,10.162,10.35,10.52,10.69,10.86,11.03,11.2,11.39,11.54,11.72,11.88,12.04,12.1892,12.3448,12.5,12.68,12.85,13.03,13.23,13.38,13.59,13.81,14.0152,14.21,14.41,14.65,14.86,15.08,15.29,15.54,15.78,15.98,16.23,16.4468,16.71,16.958,17.19,17.4092,17.65,17.88,18.1,18.39,18.6272,18.88,19.1184,19.34,19.57,19.82,20.03,20.26,20.53,20.72,20.9432,21.1688,21.37,21.57,21.83,22.0512,22.26,22.48,22.69,22.8836,23.11,23.29,23.51,23.71,23.9,24.11,24.32,24.49,24.674,24.83,25.0152,25.26,25.49,25.69,25.93,26.2732,26.6188,27.28,27.37,27.47,27.54,27.67264,27.8388,28.12352,28.4377199999999,28.82352,29.46088,31.36
"ES074C",-1.13,0.4978,0.9,1.46,1.74824,2.03,2.29416,2.45692,2.58944,2.78,2.9156,3.6524,4.2,4.6724,5.05,5.3836,5.65,5.92,6.18,6.45,6.6716,6.89,7.1328,7.35,7.55,7.74,7.93,8.1,8.28,8.46,8.63,8.81,8.97,9.16,9.33,9.52,9.6812,9.9068,10.08,10.28,10.45,10.6392,10.8,10.99,11.2,11.41,11.61,11.8,12.02,12.27,12.49,12.74,12.96,13.17,13.41,13.63,13.8932,14.14,14.4244,14.7,15,15.2912,15.59,15.8324,16.1,16.39,16.7,17.02,17.37,17.63,17.91,18.24,18.57,18.87,19.21,19.54,19.93,20.28,20.5764,20.91,21.2676,21.59,21.92,22.25,22.56,22.8156,23.15,23.42,23.73,24.05,24.35,24.62,24.9296,25.25,25.49,25.76,26,26.29,26.55,26.79,27.05,27.33,27.61,27.88,28.2,28.59,28.9532,29.39,30.1188,30.23,30.29408,30.40308,30.51,30.6022,30.74176,30.94264,31.25088,31.8326400000001,33.72
"ES075C",-5.51,-1.32308,-0.40616,-0.0665999999999999,0.23472,0.3656,0.46472,0.59692,0.78592,0.89604,0.99,1.9812,2.6668,3.1924,3.69,4.2,4.6292,4.98,5.3004,5.626,5.87,6.1172,6.41,6.64,6.85,7.0596,7.26,7.44,7.68,7.882,8.11,8.34,8.52,8.75,9.01,9.2,9.42,9.61,9.8024,10.05,10.3,10.5092,10.72,10.97,11.18,11.41,11.64,11.87,12.07,12.34,12.55,12.77,13.01,13.2564,13.55,13.77,14.0332,14.2888,14.57,14.89,15.14,15.43,15.74,15.98,16.27,16.55,16.84,17.11,17.41,17.676,17.95,18.23,18.5,18.74,19.02,19.29,19.58,19.87,20.1664,20.422,20.6876,20.96,21.2,21.4844,21.75,22.08,22.32,22.6,22.9024,23.138,23.4136,23.6992,24,24.2804,24.54,24.8416,25.06,25.3028,25.5484,25.79,26.05,26.3352,26.6,26.92,27.17,27.5076,27.92,28.4688,29.1344,29.20396,29.28352,29.39616,29.56528,29.7544,30.02352,30.25452,30.59,31.1344000000002,33.19
"ES076C",-6.33,-0.83308,-0.41088,0.00812000000000019,0.21296,0.3734,0.65944,0.83692,1.02,1.13604,1.2656,2.22,2.9,3.33,3.748,4.1836,4.5,4.75,5.0404,5.3,5.56,5.76,5.9828,6.18,6.384,6.5896,6.76,6.92,7.09,7.26,7.44,7.59,7.75,7.9,8.05,8.2056,8.39,8.53,8.69,8.84,8.97,9.12,9.27,9.43,9.6,9.75,9.92,10.08,10.2184,10.38,10.51,10.68,10.86,11.03,11.2,11.3576,11.5532,11.7088,11.8744,12.03,12.2156,12.38,12.6,12.8224,13,13.2,13.4,13.6,13.8,13.98,14.19,14.3972,14.56,14.78,14.97,15.18,15.36,15.5508,15.73,15.9,16.12,16.32,16.5,16.67,16.84,17.04,17.2212,17.42,17.6124,17.82,18.02,18.26,18.4948,18.72,18.94,19.17,19.38,19.6,19.8684,20.094,20.34,20.64,20.97,21.4264,21.88,22.34,22.9764,23.78,24.8332,24.94792,25.16,25.37616,25.61792,25.86,26.11176,26.59,27.02352,27.68088,29.88
"ES077C",0.38,2.45208,2.7156,3.09076,3.33824,3.5578,3.72208,3.86692,4.04944,4.21604,4.3656,5.3424,5.99,6.4,6.75,7.09,7.34,7.57,7.78,7.98,8.19,8.35,8.52,8.73,8.92,9.12,9.3,9.4308,9.5664,9.72,9.88,10.01,10.1588,10.3,10.44,10.6,10.75,10.91,11.09,11.23,11.36,11.5192,11.66,11.79,11.94,12.1,12.25,12.4,12.57,12.754,12.93,13.1352,13.3,13.52,13.71,13.9176,14.15,14.39,14.6444,14.89,15.14,15.33,15.5668,15.78,16.02,16.2536,16.48,16.7148,16.91,17.13,17.3216,17.57,17.83,18.05,18.26,18.49,18.72,18.93,19.1464,19.34,19.53,19.75,19.96,20.17,20.35,20.58,20.82,21.0368,21.29,21.5,21.7,21.9192,22.15,22.35,22.58,22.8016,23,23.2,23.37,23.594,23.81,24.03,24.26,24.5,24.71,25.0176,25.33,25.7188,26.2844,26.36188,26.45704,26.53,26.63,26.8622,27.13352,27.55132,27.85352,28.3713200000001,29.37
"ES078C",2.74,4.67384,5.46472,5.77868,6.07944,6.3156,6.50208,6.65692,6.75648,6.87208,7,7.76,8.29,8.6848,8.99,9.3036,9.58,9.89,10.12,10.32,10.51,10.67,10.8428,11.02,11.21,11.38,11.56,11.7,11.9,12.09,12.2576,12.44,12.61,12.79,12.93,13.08,13.24,13.4168,13.59,13.758,13.9336,14.12,14.2748,14.45,14.62,14.8,14.98,15.18,15.38,15.584,15.77,15.9652,16.19,16.3664,16.58,16.78,17.01,17.24,17.48,17.72,17.96,18.23,18.4768,18.7424,19.04,19.2736,19.53,19.78,20.0404,20.31,20.58,20.8872,21.21,21.48,21.73,22,22.33,22.6508,22.9,23.19,23.43,23.74,23.99,24.1988,24.46,24.6956,24.93,25.17,25.42,25.67,25.9,26.14,26.33,26.59,26.786,27.03,27.26,27.48,27.73,27.96,28.2596,28.54,28.8408,29.19,29.51,29.84,30.25,30.78,31.6244,31.73,31.9,32.01308,32.18,32.3366,32.5,32.67792,32.98264,33.4,35.07
"ES079C",4.38,7.41428,8.12912,8.4934,8.79472,9.0078,9.16736,9.30692,9.52648,9.61604,9.6756,10.4,10.8568,11.2124,11.478,11.71,11.9192,12.09,12.23,12.36,12.5,12.64,12.7328,12.8584,12.97,13.07,13.15,13.24,13.31,13.41,13.51,13.59,13.6788,13.75,13.85,13.95,14.05,14.12,14.2124,14.32,14.42,14.51,14.59,14.69,14.79,14.89,14.99,15.12,15.23,15.35,15.48,15.6,15.71,15.86,16,16.14,16.29,16.47,16.62,16.77,16.96,17.12,17.3,17.48,17.678,17.82,18,18.22,18.41,18.59,18.75,18.95,19.12,19.29,19.464,19.64,19.8152,19.99,20.18,20.35,20.5,20.65,20.84,21,21.16,21.31,21.43,21.59,21.73,21.87,21.99,22.12,22.25,22.38,22.51,22.6316,22.81,22.9628,23.11,23.244,23.38,23.52,23.65,23.82,24.01,24.23,24.4632,24.9,25.6276,25.78396,25.92056,26.05308,26.2132000000001,26.4,26.61,26.80264,27.35528,28.0261600000002,31.05
"ES080C",3.62,5.91736,6.72824,7.12868,7.31,7.5678,7.79736,7.94,8.10296,8.26604,8.35,9.01,9.55,9.92,10.24,10.47,10.68,10.87,11.05,11.2,11.31,11.44,11.57,11.68,11.79,11.9,12.0152,12.13,12.22,12.33,12.43,12.54,12.64,12.74,12.88,13,13.12,13.22,13.34,13.44,13.55,13.66,13.7848,13.92,14.04,14.18,14.32,14.44,14.57,14.71,14.87,15.02,15.1708,15.34,15.48,15.65,15.82,16.03,16.18,16.38,16.5956,16.81,17.0168,17.23,17.43,17.6336,17.84,18.0448,18.24,18.44,18.6316,18.84,19.08,19.27,19.48,19.73,19.96,20.19,20.39,20.602,20.82,20.99,21.2,21.42,21.62,21.7856,21.97,22.14,22.3,22.51,22.71,22.9092,23.08,23.23,23.39,23.56,23.71,23.88,24.0884,24.26,24.4396,24.63,24.84,25.05,25.302,25.6076,26.0532,26.6388,27.3844,27.49,27.57,27.71616,27.91,28.22,28.36352,28.57,28.83528,29.35044,31.8
"ES081C",-2,-0.83,-0.36352,-0.06132,0.25296,0.4,0.63736,0.73384,0.82648,0.93208,1.0256,1.7712,2.2668,2.64,3.038,3.3836,3.66,3.9948,4.29,4.54,4.81,5.07,5.3,5.52,5.7,5.8596,6.05,6.27,6.4564,6.64,6.82,7.01,7.21,7.39,7.59,7.7856,7.98,8.19,8.39,8.55,8.73,8.94,9.13,9.34,9.56,9.76,10.0072,10.26,10.49,10.71,10.95,11.1652,11.3908,11.6164,11.83,12.1176,12.41,12.7,12.95,13.2,13.4456,13.73,14.04,14.3524,14.63,14.89,15.21,15.4748,15.75,16.09,16.44,16.7572,17.1028,17.43,17.774,18.0696,18.43,18.81,19.16,19.554,19.91,20.2532,20.5688,20.89,21.24,21.6012,21.9712,22.2968,22.65,22.936,23.21,23.57,23.89,24.1704,24.46,24.7216,25.0572,25.34,25.68,26.024,26.2996,26.61,26.96,27.26,27.62,27.98,28.41,28.88,29.48,29.59396,29.74352,29.84616,30,30.09,30.34,30.53264,30.91176,31.49,32.61
"ES082C",2.51,4.33604,5.17648,5.51736,5.86824,6.0278,6.20736,6.35692,6.46,6.54604,6.6812,7.49,8.0268,8.4324,8.78,9.0736,9.38,9.6696,9.9404,10.13,10.3,10.48,10.6428,10.84,11.004,11.19,11.35,11.53,11.69,11.88,12.06,12.2432,12.41,12.58,12.73,12.91,13.06,13.22,13.42,13.57,13.74,13.92,14.11,14.28,14.44,14.5916,14.81,14.9928,15.19,15.394,15.61,15.82,16.0208,16.23,16.41,16.62,16.8532,17.0888,17.35,17.58,17.85,18.13,18.37,18.6324,18.928,19.19,19.44,19.7248,19.9804,20.23,20.51,20.82,21.18,21.44,21.7,22,22.33,22.6208,22.8964,23.17,23.4576,23.76,24.03,24.27,24.53,24.77,25,25.2368,25.51,25.75,25.98,26.2192,26.44,26.7104,26.91,27.1316,27.38,27.63,27.89,28.12,28.4296,28.67,29.0308,29.33,29.67,30.0376,30.4132,30.93,31.8276,31.94396,32.08352,32.21308,32.41264,32.5044,32.70176,32.88132,33.18352,33.5970400000003,35.21
"ES083C",-3.33,-1.19748,-0.46352,0.3034,0.56648,0.8878,1.04736,1.24,1.43592,1.64604,1.7256,2.7324,3.4,3.92,4.318,4.68,5.0292,5.3,5.6,5.85,6.05,6.26,6.4528,6.66,6.85,7.07,7.2852,7.46,7.65,7.82,7.99,8.19,8.3788,8.56,8.74,8.91,9.06,9.21,9.39,9.56,9.71,9.9,10.06,10.28,10.476,10.62,10.78,10.96,11.14,11.34,11.55,11.77,11.97,12.18,12.41,12.6476,12.88,13.12,13.38,13.59,13.82,14.07,14.34,14.6,14.85,15.1,15.35,15.63,15.8804,16.15,16.3816,16.64,16.93,17.17,17.45,17.73,17.99,18.25,18.5,18.772,19.01,19.31,19.59,19.84,20.1,20.36,20.6412,20.92,21.2024,21.46,21.7,21.9892,22.24,22.49,22.73,22.93,23.1472,23.38,23.5884,23.81,24.05,24.26,24.49,24.74,25.052,25.3476,25.68,26.15,27.0088,27.09396,27.21,27.37616,27.47264,27.67,27.85352,28.0866,28.28232,28.9030800000001,31.9
"ES084C",-7.26,-5.26088,-4.44528,-4.08452,-3.66408,-3.4266,-3.16792,-2.98308,-2.81352,-2.57396,-2.4644,-1.3088,-0.6832,-0.21,0.188000000000001,0.59,0.879200000000001,1.16,1.43,1.73,2,2.2,2.42,2.62,2.804,3.01,3.24,3.41,3.61,3.82,3.98,4.13,4.3,4.5,4.67,4.83,4.99,5.1568,5.34,5.5,5.71,5.9192,6.11,6.3,6.47,6.67,6.88,7.09,7.3,7.51,7.74,7.92519999999999,8.14,8.31,8.54,8.75,8.97,9.24,9.51439999999999,9.72,10.01,10.26,10.51,10.81,11.068,11.31,11.59,11.83,12.12,12.36,12.68,12.97,13.28,13.55,13.88,14.1,14.43,14.7608,15.1164,15.4,15.72,16.04,16.36,16.67,16.97,17.28,17.59,17.9668,18.21,18.538,18.81,19.09,19.36,19.64,19.92,20.22,20.51,20.8228,21.1884,21.5,21.77,22.08,22.46,22.8464,23.2,23.72,24.1232,24.7088,25.44,25.51,25.62,25.69616,25.77,25.98,26.12528,26.58,26.87088,27.0944000000002,28.14
"ES085C",3.56,5.58956,6.70592,7.00868,7.22648,7.3434,7.53,7.78384,7.95648,8.20604,8.2656,8.92,9.46,9.84,10.1,10.34,10.56,10.75,10.94,11.09,11.2216,11.35,11.49,11.62,11.73,11.84,11.94,12.04,12.14,12.26,12.38,12.5,12.62,12.75,12.85,12.97,13.1,13.21,13.33,13.43,13.54,13.66,13.78,13.89,14.02,14.15,14.2772,14.4228,14.5684,14.71,14.8696,15.02,15.17,15.34,15.502,15.69,15.85,16.0488,16.24,16.45,16.66,16.8712,17.09,17.3224,17.55,17.74,17.9292,18.11,18.33,18.53,18.73,18.94,19.14,19.3684,19.624,19.86,20.06,20.3,20.52,20.73,20.92,21.13,21.33,21.56,21.77,21.97,22.1,22.29,22.45,22.66,22.84,23.0292,23.2,23.36,23.52,23.6916,23.86,24,24.17,24.354,24.53,24.7252,24.9408,25.19,25.49,25.7276,26.11,26.6488,27.3244,27.39,27.52056,27.62616,27.80792,28.0722,28.21176,28.42132,28.67528,29.11132,30.99
"ES086C",4.36,6.69,7.33648,7.57472,7.89296,8.1978,8.27736,8.4,8.53648,8.70604,8.7812,9.61,10.11,10.44,10.82,11.08,11.31,11.51,11.7,11.88,12.03,12.18,12.35,12.48,12.61,12.74,12.87,12.9908,13.1,13.21,13.33,13.43,13.55,13.67,13.8,13.92,14.05,14.16,14.27,14.38,14.5,14.63,14.75,14.88,14.99,15.13,15.26,15.41,15.55,15.68,15.79,15.93,16.11,16.28,16.43,16.61,16.78,16.95,17.11,17.26,17.45,17.64,17.83,18.02,18.24,18.47,18.66,18.87,19.11,19.31,19.52,19.7072,19.89,20.06,20.26,20.43,20.63,20.83,21.02,21.21,21.3976,21.58,21.7488,21.91,22.09,22.2556,22.41,22.5768,22.74,22.93,23.11,23.26,23.44,23.6,23.766,23.97,24.19,24.4128,24.6384,24.81,25.03,25.24,25.5,25.81,26.142,26.49,26.85,27.25,27.9544,28.06792,28.19704,28.33924,28.54528,28.8044,29.11352,29.29264,29.54088,30.01088,31.1
"ES087C",-4.46,-2.99308,-2.64352,-2.27528,-2.02408,-1.7044,-1.56,-1.34,-1.21,-1.07396,-0.94,-0.00879999999999996,0.5968,1.09,1.55,1.91,2.2392,2.5648,2.82,3.06,3.2916,3.55,3.79,3.98,4.2,4.37,4.55,4.75,4.93,5.1,5.27,5.45,5.6,5.79,5.95,6.12,6.33,6.51,6.69,6.89,7.07,7.26,7.43,7.65,7.846,8.08,8.29,8.51,8.7284,8.95400000000001,9.21,9.44,9.6308,9.8464,10.132,10.4,10.6632,10.89,11.13,11.44,11.68,11.9612,12.24,12.53,12.78,13.0736,13.3592,13.6,13.91,14.206,14.57,14.9372,15.26,15.52,15.83,16.13,16.5252,16.8708,17.2164,17.57,17.8976,18.2832,18.6088,18.92,19.29,19.65,20.02,20.3668,20.6224,20.908,21.23,21.5692,21.87,22.19,22.48,22.7716,23.1272,23.4428,23.72,24.014,24.35,24.6352,25.01,25.35,25.8,26.17,26.64,27.1488,27.8888,27.93,28.04352,28.16,28.3432000000001,28.5122,28.68176,28.88,29.25088,29.4639600000002,30.82
"ES088C",-7.89,-5.74176,-4.99352,-4.55132,-3.89176,-3.5522,-3.28264,-3.1,-3.00352,-2.85396,-2.7488,-1.6676,-0.87,-0.38,-0.01,0.36,0.66,0.99,1.24,1.47,1.75,1.9772,2.19,2.42,2.59,2.8,2.98,3.16,3.32,3.52,3.69,3.86,4.02,4.2,4.38,4.6,4.76,4.91,5.09,5.26,5.42,5.6392,5.85,6.03,6.2,6.42,6.64,6.86,7.07,7.3,7.4996,7.71,7.9,8.13,8.34,8.59,8.8,9.06,9.32,9.58,9.8656,10.0812,10.41,10.66,10.94,11.19,11.46,11.78,12.1004,12.376,12.67,12.97,13.27,13.5684,13.874,14.2,14.4852,14.78,15.12,15.45,15.78,16.19,16.5,16.86,17.22,17.5,17.81,18.0668,18.37,18.67,18.99,19.31,19.6148,19.9204,20.19,20.47,20.78,21.1228,21.38,21.67,21.9696,22.2552,22.51,22.88,23.21,23.58,24.0132,24.49,25.1844,25.23396,25.33,25.41,25.56528,25.691,25.91176,26.15396,26.40352,26.83088,29.21
"ES089C",4.17,6.29604,6.7856,6.99736,7.34,7.5156,7.67736,7.94688,8.16592,8.35208,8.4912,9.45,9.9768,10.4024,10.71,10.98,11.18,11.38,11.56,11.74,11.9116,12.0472,12.21,12.35,12.48,12.6,12.73,12.8808,13.02,13.16,13.29,13.43,13.56,13.7,13.84,13.9656,14.09,14.21,14.35,14.48,14.62,14.73,14.85,15.01,15.15,15.3,15.45,15.59,15.7784,15.91,16.1,16.27,16.47,16.64,16.82,17.01,17.21,17.42,17.67,17.9,18.1356,18.37,18.5968,18.8,19.04,19.25,19.45,19.7,19.95,20.21,20.47,20.69,20.91,21.15,21.4,21.63,21.9,22.11,22.33,22.57,22.83,23.06,23.27,23.5,23.69,23.94,24.13,24.35,24.58,24.78,24.97,25.17,25.4,25.59,25.76,25.92,26.07,26.2,26.37,26.54,26.7,26.8552,27,27.1664,27.32,27.51,27.7432,28.0488,28.55,28.62396,28.73,28.84,28.97264,29.08,29.24,29.36,29.58088,29.8357200000002,31.29
"ES090C",0.27,1.33,1.67912,2.2,2.53824,2.9112,3.10416,3.41076,3.53296,3.67,3.78,4.4812,5.07,5.51,5.87,6.2436,6.52,6.7948,7.0604,7.33,7.58,7.83,8.0528,8.27,8.48,8.67,8.87,9.07,9.22,9.43,9.63,9.83,9.99,10.17,10.34,10.5256,10.71,10.92,11.13,11.298,11.47,11.69,11.86,12.06,12.31,12.51,12.7,12.8828,13.1284,13.364,13.6296,13.8752,14.1008,14.3464,14.592,14.86,15.1232,15.44,15.71,16,16.3156,16.61,16.9368,17.2224,17.548,17.8436,18.13,18.46,18.7604,19.09,19.4116,19.74,20.08,20.39,20.778,21.1,21.5352,21.9608,22.3,22.65,22.9576,23.3332,23.6488,23.96,24.27,24.57,24.8912,25.19,25.52,25.84,26.16,26.5,26.7848,27.0904,27.35,27.6016,27.86,28.13,28.41,28.674,28.93,29.25,29.55,29.84,30.2,30.53,30.87,31.36,32.1144,32.21188,32.35352,32.46,32.55,32.6988,32.91704,33.15,33.46088,33.83044,35.52
"ES091C",-1.35,1.44472,1.93912,2.6234,2.9312,3.0934,3.31736,3.57692,3.68648,3.77,3.9412,4.7312,5.19,5.5724,5.93,6.33,6.57,6.83,7.11,7.35,7.54,7.75,7.94,8.15,8.3,8.46,8.62,8.78,8.94,9.12,9.3,9.45,9.6488,9.82,9.99,10.14,10.31,10.45,10.63,10.818,10.98,11.14,11.29,11.4604,11.67,11.86,12.05,12.2628,12.43,12.61,12.81,13.03,13.2408,13.47,13.71,13.98,14.2132,14.43,14.65,14.9,15.14,15.4,15.68,15.91,16.17,16.38,16.66,16.9148,17.18,17.466,17.7,17.95,18.19,18.49,18.74,18.9496,19.23,19.49,19.74,20.04,20.3076,20.56,20.7888,21.0188,21.28,21.5356,21.78,22.04,22.3024,22.53,22.8136,23.0792,23.26,23.48,23.67,23.8616,24.06,24.26,24.48,24.66,24.9,25.1,25.34,25.57,25.882,26.21,26.5,27.0088,27.8244,27.92396,28.00352,28.09616,28.21264,28.3922,28.51,28.74,29.11704,29.8639600000002,31.52
"ES092C",0.93,2.2478,2.84944,3.29604,3.56,3.6756,3.87472,4.07692,4.19,4.29604,4.4212,5.36,5.82,6.21,6.58,6.8936,7.2,7.45,7.6904,7.91,8.17,8.39,8.6,8.78,8.97,9.1896,9.3652,9.56,9.75,9.99,10.17,10.35,10.52,10.67,10.8,11.01,11.14,11.32,11.49,11.658,11.82,12,12.2,12.41,12.63,12.81,12.98,13.18,13.35,13.57,13.78,14.02,14.24,14.46,14.68,14.9076,15.16,15.41,15.64,15.89,16.14,16.42,16.6868,16.98,17.268,17.57,17.8192,18.13,18.41,18.7,19.02,19.3272,19.5928,19.9084,20.24,20.51,20.87,21.14,21.45,21.8,22.09,22.4332,22.75,23.07,23.39,23.66,23.9312,24.2,24.46,24.72,25.03,25.2792,25.5,25.8,26.11,26.4,26.73,27.04,27.33,27.664,27.9796,28.3,28.64,29.0464,29.472,29.96,30.4432,31.02,31.8944,31.97396,32.08408,32.19,32.41264,32.5666,32.75528,33.10132,33.38352,34.15044,35.36
"ES093C",2.63,3.71824,4.15824,4.54736,4.71,4.9268,5.07,5.21,5.39,5.52604,5.6156,6.51,7.07,7.4724,7.84,8.17,8.4592,8.72,8.97,9.16,9.39,9.58,9.77,9.93,10.1,10.3196,10.5,10.66,10.83,10.972,11.13,11.32,11.4888,11.62,11.75,11.92,12.09,12.23,12.41,12.57,12.73,12.91,13.1,13.3,13.48,13.63,13.81,13.98,14.16,14.374,14.54,14.7552,14.97,15.1664,15.4,15.62,15.85,16.07,16.3044,16.49,16.6956,16.9012,17.14,17.32,17.558,17.78,18.01,18.23,18.4704,18.706,18.95,19.19,19.4228,19.64,19.91,20.1296,20.4,20.61,20.82,21.05,21.24,21.48,21.69,21.95,22.18,22.38,22.58,22.8,23.0224,23.22,23.46,23.68,23.84,24.0504,24.26,24.49,24.63,24.79,24.9684,25.15,25.31,25.48,25.62,25.79,25.972,26.24,26.49,26.8876,27.5888,27.66792,27.72352,27.84308,27.98,28.0722,28.22176,28.60264,28.86264,29.5622000000001,31.55
"ES094C",-0.65,0.91824,1.36736,1.59,1.76824,1.94,2.2,2.35692,2.47648,2.60604,2.7456,3.71,4.3668,4.86,5.25,5.55,5.8,6.08,6.3504,6.56,6.8,7.0072,7.18,7.34,7.51,7.69,7.89,8.06,8.21,8.36,8.5,8.65,8.79,8.95,9.09,9.24,9.36,9.52,9.65,9.8,9.94,10.08,10.22,10.36,10.49,10.63,10.77,10.91,11.0884,11.23,11.38,11.53,11.6808,11.84,11.98,12.16,12.36,12.5488,12.72,12.89,13.0756,13.26,13.44,13.61,13.79,13.97,14.16,14.33,14.51,14.67,14.82,14.99,15.17,15.33,15.49,15.64,15.8,15.97,16.11,16.27,16.43,16.5932,16.7388,16.89,17.05,17.17,17.37,17.5068,17.67,17.84,18,18.16,18.3148,18.48,18.64,18.82,19,19.2,19.38,19.56,19.73,19.93,20.17,20.41,20.65,21.03,21.47,22.01,23.0844,23.16792,23.34,23.65924,23.79528,23.9922,24.18704,24.61132,25.18352,25.72132,27.13
"ES095C",-1.45,-0.49396,-0.17176,0.17868,0.36,0.5078,0.58736,0.80076,0.97648,1.09604,1.2,1.9712,2.52,2.95,3.308,3.68,4,4.3048,4.5804,4.856,5.11,5.38,5.6128,5.85,6.06,6.23,6.4652,6.67,6.87,7.06,7.25,7.45,7.67,7.8844,8.07,8.28,8.47,8.66,8.86,9.03,9.2336,9.4492,9.63,9.85,10.07,10.32,10.55,10.75,11.01,11.26,11.49,11.6952,11.92,12.17,12.42,12.68,12.93,13.19,13.5144,13.74,13.99,14.3012,14.63,14.9224,15.2,15.5,15.78,16.09,16.35,16.69,17.04,17.35,17.7228,18.0584,18.39,18.76,19.15,19.5416,19.93,20.32,20.64,20.97,21.31,21.67,22,22.36,22.75,23.06,23.4,23.71,24.06,24.39,24.68,24.96,25.256,25.5716,25.88,26.17,26.5,26.84,27.1,27.4052,27.76,28.07,28.46,28.83,29.25,29.7488,30.4144,30.51396,30.59,30.7215599999999,30.87264,31.0522,31.16,31.2866,31.73088,32.35044,33.12
"ES097C",-10.62,-3.9588,-2.34848,-1.26396,-0.94352,-0.6022,-0.3832,-0.25308,-0.0576000000000002,0.15604,0.2912,1.2812,1.95,2.4648,2.88,3.31,3.6292,3.9348,4.25,4.49,4.75,4.97,5.22,5.46,5.68,5.89,6.09,6.31,6.55,6.74,6.91,7.1,7.31,7.51,7.7,7.89,8.0712,8.25,8.44,8.66,8.86,9.11,9.28,9.45,9.64,9.85,10.04,10.24,10.43,10.624,10.83,11.0652,11.27,11.5,11.712,11.96,12.23,12.4288,12.7244,12.97,13.23,13.45,13.74,14,14.21,14.44,14.67,14.92,15.18,15.43,15.6,15.8672,16.1,16.36,16.62,16.87,17.15,17.43,17.64,17.82,18.08,18.31,18.55,18.78,19.02,19.2656,19.48,19.77,19.9624,20.21,20.49,20.72,20.9648,21.2004,21.46,21.71,21.94,22.14,22.39,22.63,22.88,23.13,23.38,23.64,23.95,24.27,24.6132,25.1988,25.87,25.97,26.07352,26.22308,26.41792,26.5566,26.78176,27.08264,27.46968,28.1417600000001,30.04
"ES098C",2.44,4.05736,4.68912,5.21736,5.42,5.6178,5.82736,6.07692,6.22648,6.41,6.51,7.3312,7.88,8.22,8.58,8.9,9.15,9.41,9.58,9.76,9.95,10.16,10.37,10.53,10.68,10.86,11.02,11.18,11.33,11.48,11.63,11.79,11.93,12.09,12.23,12.36,12.48,12.6168,12.77,12.91,13.09,13.25,13.4,13.5604,13.72,13.91,14.07,14.23,14.42,14.57,14.74,14.93,15.14,15.34,15.57,15.81,16.0232,16.24,16.45,16.68,16.91,17.11,17.32,17.55,17.77,18.0236,18.27,18.51,18.79,18.98,19.2116,19.47,19.69,19.89,20.17,20.4,20.61,20.83,21.03,21.27,21.48,21.72,21.96,22.1644,22.39,22.5956,22.81,22.99,23.22,23.43,23.67,23.84,24.04,24.24,24.38,24.5316,24.72,24.89,25.07,25.23,25.39,25.59,25.78,25.97,26.22,26.4676,26.81,27.19,27.73,27.82396,27.92,28.07,28.18,28.3322,28.43352,28.61264,29.07176,29.3513200000001,32.68
"FI001C",-25.35,-21.13364,-20.18,-18.93488,-18.49176,-17.9422,-17.10112,-16.83308,-16.27632,-15.65188,-15.32,-12.1888,-10.85,-9.5804,-8.586,-7.82,-7.04,-6.3052,-5.73,-5.254,-4.79,-4.31,-3.86,-3.46,-3.04,-2.66,-2.35,-2.08,-1.77,-1.48,-1.26,-1,-0.79,-0.57,-0.37,-0.154400000000001,0.06,0.27,0.45,0.64,0.823600000000001,0.97,1.1348,1.33,1.54,1.75,1.9472,2.15,2.34,2.55,2.82,3.0852,3.3308,3.61920000000001,3.912,4.2176,4.5332,4.84,5.16,5.46,5.82,6.16,6.4968,6.92,7.248,7.58,7.89,8.24,8.53,8.85,9.12,9.4672,9.83,10.12,10.46,10.8,11.11,11.43,11.79,12.07,12.35,12.67,12.9388,13.24,13.51,13.7856,14.06,14.35,14.5924,14.848,15.1336,15.35,15.58,15.84,16.09,16.28,16.5072,16.74,16.98,17.264,17.52,17.8452,18.23,18.64,19.1,19.58,20.13,20.9988,22.11,22.28,22.48408,22.67308,22.93,23.36,23.71232,23.96396,24.30264,24.7613200000001,25.72
"FI002C",-26.65,-23.0244,-22.46232,-21.62264,-20.99056,-20.1796,-19.46528,-19.04156,-18.72816,-17.98188,-17.5676,-14.3088,-12.51,-11.4252,-10.304,-9.1764,-8.42,-7.7052,-7.04,-6.58,-6.04,-5.6,-5.11,-4.76,-4.31,-3.95,-3.6148,-3.2792,-2.95,-2.678,-2.3824,-2.11,-1.87,-1.62,-1.41,-1.13,-0.92,-0.74,-0.537600000000002,-0.352000000000003,-0.19,0,0.17,0.34,0.52,0.69,0.84,1.02,1.19,1.39,1.6096,1.81,2.01,2.2864,2.58,2.83,3.1632,3.47,3.7744,4.14,4.47,4.83,5.19,5.58,5.988,6.4,6.76,7.08,7.5,7.85,8.1616,8.4572,8.83,9.18,9.47400000000001,9.81,10.1852,10.51,10.79,11.12,11.4276,11.7532,12.04,12.37,12.67,12.9056,13.16,13.45,13.7524,13.95,14.2,14.44,14.67,14.94,15.25,15.49,15.75,16.04,16.31,16.59,16.92,17.26,17.6208,18.0428,18.532,19.1776,19.84,20.52,21.6588,21.82188,21.95704,22.11616,22.3258400000001,22.6744,23.19352,23.65528,24.08088,24.4,25.1
"FI003C",-26.57,-21.69056,-20.28,-19.09924,-18.17936,-17.63,-16.90056,-16.52308,-15.94408,-15.26356,-14.8032,-12.0752,-10.4932,-9.5076,-8.42,-7.41,-6.5708,-5.8652,-5.2696,-4.704,-4.18,-3.78,-3.37,-2.97,-2.6,-2.28,-1.96,-1.65,-1.4,-1.15,-0.9,-0.69,-0.47,-0.28,-0.1,0.115599999999999,0.27,0.44,0.63,0.81,0.99,1.22,1.4,1.6,1.77,1.96,2.1772,2.4,2.58,2.8,3.04,3.29,3.56,3.77,4.02,4.3,4.65,4.96,5.2744,5.56,5.83,6.2,6.57,6.87,7.226,7.50360000000001,7.84,8.15,8.45,8.74,9.0616,9.4472,9.7228,10.0584,10.338,10.65,10.93,11.2508,11.58,11.84,12.14,12.46,12.7588,13.02,13.33,13.58,13.83,14.11,14.41,14.64,14.88,15.11,15.34,15.59,15.82,16.05,16.28,16.52,16.8084,17.104,17.39,17.6752,18.0308,18.4,18.832,19.33,19.9432,20.82,21.98,22.07396,22.26112,22.4754,22.70528,22.9366,23.46,23.7629999999999,24.20352,24.8226400000001,25.99
"FI004C",-37.49,-27.88596,-26.82088,-25.66924,-24.60872,-23.663,-23.03584,-22.59232,-22.3576,-21.85792,-21.5808,-18.46,-16.6532,-15.3876,-14.282,-13.2664,-12.1916,-11.3452,-10.72,-10.08,-9.51,-8.9556,-8.3444,-7.85,-7.426,-7.06,-6.62,-6.26,-5.95,-5.5,-5.13,-4.8,-4.49,-4.16,-3.84,-3.48,-3.17,-2.9,-2.62,-2.36,-2.06,-1.78,-1.55,-1.31,-1.05,-0.82,-0.6,-0.39,-0.21,-0.01,0.1896,0.38,0.62,0.846400000000003,1.02,1.21,1.42,1.64,1.9,2.13,2.41,2.71,2.96,3.35240000000001,3.668,4.08360000000001,4.53,4.94,5.34,5.72,6.17,6.57,6.91,7.27,7.64,8.05,8.3652,8.76160000000002,9.15,9.534,9.94759999999999,10.2832,10.67,10.97,11.32,11.64,11.91,12.17,12.43,12.69,12.96,13.25,13.55,13.8204,14.11,14.4216,14.75,15.05,15.34,15.724,16.09,16.3952,16.79,17.1864,17.67,18.18,18.7764,19.6264,20.8844,21.13584,21.34,21.49616,21.6932000000001,21.9622,22.30704,22.78132,23.1444,24.07044,25.63
"FI005C",-25.48,-21.07616,-20.17352,-18.88528,-18.44232,-17.8094,-17.07792,-16.67232,-15.90872,-15.59396,-15.25,-12.1176,-10.71,-9.58,-8.542,-7.69,-6.9608,-6.35,-5.73,-5.19,-4.7568,-4.27,-3.86,-3.4216,-3.006,-2.66,-2.3648,-2.08,-1.7836,-1.52,-1.26,-1.02,-0.821199999999999,-0.6,-0.38,-0.2,0.01,0.21,0.402399999999998,0.59,0.74,0.909200000000001,1.0648,1.24,1.44,1.65,1.8472,2.05,2.26,2.46,2.71,2.97,3.24,3.49,3.8,4.0976,4.43,4.72,5.0544,5.37,5.7256,6.0312,6.38,6.77,7.09,7.46,7.76919999999999,8.1,8.39,8.69,8.98,9.31,9.6528,9.96,10.3,10.61,10.93,11.23,11.6,11.882,12.16,12.48,12.73,13.0044,13.31,13.58,13.8512,14.15,14.41,14.65,14.89,15.13,15.35,15.6,15.85,16.06,16.28,16.51,16.7384,17,17.2896,17.5952,17.97,18.38,18.81,19.2976,19.8432,20.6188,21.6888,21.86396,22.10704,22.25616,22.5132000000001,22.9322,23.22704,23.62,23.85704,24.2613200000001,25.25
"FI006C",-26.01,-22.0144,-20.88352,-19.73584,-19.20112,-18.9522,-18.25792,-17.55848,-17.05704,-16.31188,-15.9944,-13.0088,-11.4932,-10.1752,-9.19,-8.3028,-7.51,-6.7952,-6.19,-5.64,-5.16,-4.68,-4.24,-3.79,-3.466,-3.06,-2.7248,-2.39,-2.1036,-1.86,-1.57,-1.32,-1.0912,-0.85,-0.63,-0.43,-0.22,-0.00319999999999709,0.17,0.37,0.56,0.72,0.8748,1.08,1.28,1.48,1.69,1.9,2.1,2.35,2.55,2.83,3.13,3.39,3.71,4.0076,4.3132,4.63,4.9644,5.28,5.67,5.9912,6.37,6.78,7.16,7.47360000000001,7.88,8.2,8.54,8.87,9.17,9.51,9.8328,10.15,10.5,10.86,11.2052,11.53,11.8164,12.14,12.42,12.69,12.99,13.26,13.52,13.8256,14.08,14.36,14.5924,14.87,15.11,15.36,15.59,15.86,16.106,16.32,16.54,16.7928,17.1,17.38,17.68,18.01,18.42,18.82,19.316,19.84,20.4632,21.2688,22.3144,22.49,22.64056,22.9254,23.35264,23.54,23.97176,24.17264,24.63,25.0622000000001,26.08
"FI007C",-27.23,-24.37308,-22.43088,-21.73132,-21.16528,-20.5222,-19.82376,-19.34232,-18.91,-18.52376,-17.8464,-14.5676,-12.78,-11.6628,-10.45,-9.39,-8.59,-7.8952,-7.27,-6.714,-6.2368,-5.76,-5.3172,-4.8616,-4.46,-4.05,-3.67,-3.3692,-3.02,-2.68,-2.4124,-2.0568,-1.8,-1.55,-1.32,-1.12,-0.92,-0.67,-0.47,-0.28,-0.1,0.0792000000000007,0.27,0.42,0.59,0.781599999999999,0.98,1.17,1.36,1.56,1.81,2.03,2.2908,2.56,2.79,3.1,3.41,3.78,4.0844,4.45,4.84,5.22,5.5668,5.99240000000001,6.39,6.8,7.21,7.58,7.9504,8.33,8.7116,9.03,9.37,9.74,10.06,10.38,10.72,11.05,11.36,11.682,12.02,12.31,12.62,12.85,13.13,13.4,13.65,13.9468,14.19,14.408,14.65,14.9,15.16,15.41,15.7,15.96,16.21,16.5,16.8,17.14,17.46,17.83,18.2,18.57,19.1,19.66,20.37,21.18,22.1344,22.29,22.52352,22.7554,23.22264,23.4544,23.70352,24.09396,24.54352,25.12044,26.64
"FI008C",-29.78,-26.46572,-25.2644,-24.54112,-23.85232,-22.64,-22.20264,-21.67696,-21.20464,-20.74396,-20.3276,-17.25,-15.3,-14.0176,-12.842,-11.8464,-10.97,-10.1504,-9.3,-8.754,-8.14,-7.62,-7.2372,-6.7616,-6.25,-5.94,-5.4848,-5.1192,-4.7736,-4.398,-4.06,-3.75,-3.37,-3.08,-2.82,-2.53,-2.24,-1.9432,-1.66,-1.42,-1.19,-0.98,-0.7952,-0.56,-0.374000000000001,-0.188400000000001,0.01,0.2,0.38,0.55,0.73,0.895199999999995,1.0408,1.27,1.482,1.68,1.93,2.2,2.44,2.76,3.06,3.39,3.73,4.16,4.53,4.99,5.38919999999999,5.93,6.3604,6.76,7.1216,7.53,7.85,8.23,8.55,8.9196,9.26,9.71,10.0764,10.45,10.82,11.18,11.5,11.77,12.11,12.4456,12.71,12.9868,13.2724,13.598,13.91,14.19,14.43,14.7,14.97,15.2616,15.53,15.7928,16.2084,16.484,16.84,17.26,17.6108,17.99,18.44,19.0276,19.6732,20.5888,21.9044,22.02396,22.24,22.49924,22.73264,22.9966,23.20176,23.7166,24.16088,24.8822000000001,27.71
"FI009C",-29.12,-24.85936,-23.77264,-23.10188,-22.68,-21.6488,-21.09584,-20.4816,-20.01704,-19.50792,-19.1352,-15.7664,-13.96,-12.5776,-11.482,-10.5828,-9.6716,-8.93,-8.2592,-7.71,-7.1684,-6.67,-6.21,-5.73,-5.28,-4.9,-4.62,-4.28,-3.94,-3.578,-3.2224,-2.94,-2.6412,-2.34,-2.08,-1.82,-1.5788,-1.32,-1.09,-0.9,-0.68,-0.5,-0.32,-0.11,0.05,0.24,0.44,0.61,0.77,0.95,1.1496,1.33,1.51,1.7364,1.99,2.24,2.53,2.7988,3.0844,3.44,3.79,4.1112,4.48,4.91,5.308,5.80360000000001,6.14919999999999,6.57,6.9904,7.36599999999999,7.71,8.06,8.3828,8.7584,9.12,9.5,9.88,10.25,10.62,10.97,11.27,11.57,11.87,12.17,12.45,12.7,13.01,13.27,13.54,13.81,14.11,14.36,14.6248,14.89,15.146,15.42,15.6672,15.98,16.25,16.58,16.91,17.26,17.64,18.05,18.552,19.13,19.88,20.5388,21.7044,21.85792,22.00352,22.20308,22.5437600000001,22.86,23.15528,23.6832,24.23176,24.6426400000001,26.61
"FR001C",-9.27,-5.35352,-4.54968,-3.94132,-3.67528,-3.32,-3.02792,-2.82,-2.62352,-2.51396,-2.3576,-1.16,-0.41,0.1424,0.63,1.16,1.6692,2.07,2.49,2.936,3.29,3.62,3.98,4.26,4.5,4.74,4.9852,5.23,5.48,5.69,5.87,6.12,6.3,6.5,6.72,6.92,7.1112,7.31,7.5224,7.75,7.9136,8.09,8.26,8.42,8.6,8.78,8.93,9.08,9.28,9.46,9.65,9.83,10.01,10.2264,10.41,10.61,10.82,11.03,11.23,11.43,11.6756,11.85,12.0468,12.25,12.468,12.7,12.91,13.15,13.34,13.57,13.77,13.98,14.15,14.33,14.53,14.74,14.94,15.14,15.3,15.51,15.72,15.89,16.06,16.25,16.45,16.61,16.8,16.99,17.1524,17.34,17.5536,17.74,17.96,18.16,18.416,18.65,18.86,19.11,19.35,19.63,19.9696,20.3,20.64,21.1064,21.49,22.03,22.73,23.54,24.89,25.00396,25.27352,25.40308,25.64528,26.0744,26.52528,26.73264,27.54352,28.43,32.32
"FR002C",-8.48,-5.72528,-5.02352,-4.47132,-4.09352,-3.5744,-3.21264,-3.06924,-2.86056,-2.68792,-2.5944,-1.45,-0.68,-0.18,0.25,0.6336,1.0092,1.38,1.6904,2.016,2.41,2.68,3.02,3.33,3.61,3.89,4.17,4.43,4.67,4.94,5.2076,5.43,5.68,5.9,6.15,6.37,6.58,6.84,7.05,7.31,7.49,7.68,7.88,8.09,8.28,8.4916,8.7,8.92,9.13,9.37,9.6592,9.86,10.11,10.32,10.532,10.77,11.06,11.29,11.51,11.78,12,12.25,12.49,12.73,12.97,13.24,13.49,13.72,13.95,14.19,14.45,14.71,14.93,15.17,15.41,15.66,15.86,16.09,16.33,16.55,16.75,16.95,17.2,17.41,17.61,17.84,18.05,18.29,18.5324,18.8,19.0236,19.25,19.5,19.76,19.98,20.31,20.67,20.9728,21.27,21.66,22.01,22.37,22.73,23.1464,23.59,24.0776,24.6732,25.3664,26.5588,26.7398,27.08704,27.19308,27.60264,27.7988,28.14176,28.52396,28.8390399999999,29.94088,31
"FR003C",-10.58,-5.78704,-4.9476,-4.43264,-4.11176,-3.7354,-3.46264,-3.17616,-2.84112,-2.70396,-2.51,-1.5388,-0.6764,-0.04,0.578000000000001,1.1,1.56,2.0248,2.39,2.72,3.0616,3.3972,3.74,4.04,4.29,4.55,4.8,5.04,5.2264,5.46,5.66,5.88,6.04,6.25,6.44,6.63,6.77,6.97,7.14,7.31,7.47,7.6792,7.85,8.05,8.2,8.3816,8.56,8.74,8.94,9.13,9.29,9.4852,9.66,9.83,10.01,10.1876,10.36,10.55,10.77,10.98,11.2,11.4,11.6168,11.82,12.04,12.2336,12.4392,12.62,12.81,12.99,13.1716,13.39,13.6,13.78,13.93,14.1096,14.29,14.45,14.62,14.77,14.97,15.13,15.3,15.49,15.64,15.8,15.96,16.14,16.31,16.48,16.6636,16.84,17.02,17.2,17.396,17.57,17.77,17.9728,18.24,18.484,18.7496,19.06,19.4,19.76,20.15,20.6128,21.2832,22.0876,23.3344,23.52,23.76,23.96,24.16,24.53,24.60352,25.05132,25.39264,26.2722000000001,29.65
"FR004C",-1.74,-0.73396,-0.01264,0.41,0.70824,1.0478,1.23208,1.41384,1.6824,1.85604,1.9556,3.0012,3.7,4.18,4.63,5,5.3992,5.72,6.0604,6.33,6.57,6.81,7.04,7.25,7.43,7.66,7.8752,8.06,8.27,8.46,8.66,8.85,9.04,9.21,9.36,9.54,9.71120000000001,9.89,10.05,10.228,10.41,10.56,10.74,10.89,11.07,11.24,11.39,11.58,11.75,11.94,12.11,12.26,12.4608,12.68,12.9,13.1676,13.43,13.66,13.88,14.14,14.4,14.66,14.8668,15.11,15.368,15.6436,15.87,16.0848,16.32,16.53,16.75,16.98,17.2028,17.42,17.64,17.87,18.11,18.36,18.57,18.79,19.0076,19.2232,19.44,19.7,19.91,20.16,20.36,20.6,20.85,21.12,21.33,21.5692,21.82,22.04,22.26,22.47,22.71,22.91,23.15,23.36,23.58,23.79,24,24.25,24.48,24.81,25.1332,25.5688,26.14,26.24396,26.32352,26.43308,26.60056,26.77,26.97176,27.28528,27.57968,27.9888000000003,29.99
"FR005C",-4.51,-2.65132,-1.94264,-1.66528,-1.26176,-1.1244,-0.90584,-0.67308,-0.48056,-0.22188,-0.0544,1.0012,1.75,2.4972,3.278,3.8136,4.3184,4.79,5.1904,5.62,5.94,6.22,6.52,6.81,7.11,7.34,7.6152,7.84,8.05,8.26,8.46,8.62,8.85,9.04,9.18,9.34,9.4912,9.66,9.8324,9.99,10.14,10.28,10.47,10.62,10.79,10.9416,11.08,11.26,11.43,11.6,11.76,11.93,12.11,12.2864,12.45,12.63,12.86,13.09,13.3,13.57,13.7956,14.02,14.24,14.4424,14.67,14.92,15.11,15.32,15.53,15.76,15.96,16.15,16.3628,16.59,16.8,16.97,17.16,17.3208,17.5,17.69,17.92,18.1032,18.3,18.49,18.68,18.87,19.06,19.26,19.45,19.638,19.8436,20.05,20.24,20.46,20.676,20.93,21.1472,21.39,21.6484,21.95,22.2796,22.63,23,23.4164,23.822,24.3676,25.0132,25.7388,27.0144,27.17,27.3957600000001,27.59616,27.88792,28.0522,28.5288,28.88,29.20176,29.8017600000001,31.98
"FR006C",-5.72,-3.31132,-2.66352,-2.19132,-1.78528,-1.6022,-1.34264,-1.12308,-0.9576,-0.78188,-0.59,0.5612,1.51,2.16,2.77,3.41,3.9192,4.38,4.8,5.14,5.46,5.7372,6.03,6.27,6.51,6.7696,7.02,7.25,7.42,7.62,7.83,8.05,8.23,8.44,8.61,8.8,8.97,9.15,9.33,9.488,9.68,9.87,10.0048,10.19,10.356,10.5216,10.71,10.9,11.08,11.26,11.45,11.64,11.85,12.0564,12.3,12.49,12.67,12.89,13.1044,13.32,13.5756,13.8112,14.05,14.2724,14.54,14.7836,15.0292,15.2948,15.53,15.75,15.9516,16.1672,16.39,16.64,16.854,17.05,17.26,17.43,17.62,17.85,18.0676,18.3,18.53,18.7744,19,19.21,19.43,19.66,19.89,20.11,20.3,20.6192,20.84,21.08,21.33,21.56,21.86,22.12,22.4,22.72,23.0096,23.3452,23.71,24.06,24.412,24.88,25.45,26.15,27.2244,27.37792,27.50352,27.64,27.83264,28.0466,28.31408,28.65528,29.60176,30.1848400000002,31.71
"FR007C",-7.85,-3.65276,-2.73176,-2.39,-1.94,-1.6066,-1.34264,-1.22,-1.10352,-0.94,-0.8188,0.3312,1.26,1.91,2.598,3.18,3.62,4.1196,4.53,4.89,5.2516,5.53,5.8128,6.1,6.42,6.6696,6.89,7.1208,7.33,7.52,7.74,7.93,8.1188,8.28,8.46,8.61,8.79,8.94,9.11,9.25,9.37,9.55,9.67,9.82,10.01,10.17,10.3072,10.44,10.58,10.75,10.92,11.05,11.19,11.31,11.47,11.63,11.7932,12,12.16,12.36,12.57,12.76,12.95,13.1424,13.37,13.54,13.75,13.91,14.11,14.31,14.5,14.68,14.85,15.03,15.21,15.4,15.57,15.7508,15.92,16.08,16.24,16.39,16.57,16.71,16.91,17.1,17.23,17.37,17.54,17.7,17.89,18.07,18.25,18.4504,18.65,18.85,19.04,19.24,19.4884,19.72,19.9896,20.29,20.64,20.98,21.44,21.97,22.6764,23.3988,24.5476,24.72396,24.95352,25.16308,25.3769600000001,25.6422,26.07352,26.3266,26.9,27.6722000000001,29.85
"FR008C",-1.94,0.13472,1.03296,1.31472,1.85592,2.02,2.22,2.51692,2.74,2.82,2.9712,4.2536,4.8768,5.2924,5.62,5.89,6.17,6.41,6.64,6.84,7,7.1872,7.34,7.49,7.63,7.7796,7.93,8.08,8.2164,8.382,8.5076,8.66,8.8388,8.97,9.14,9.3,9.47,9.6068,9.75,9.94,10.1,10.2492,10.39,10.55,10.73,10.9,11.08,11.25,11.4284,11.63,11.82,12.0652,12.27,12.4864,12.71,12.93,13.17,13.43,13.67,13.91,14.2256,14.45,14.6668,14.88,15.118,15.4,15.64,15.89,16.09,16.31,16.5316,16.74,16.96,17.19,17.45,17.72,17.96,18.2108,18.45,18.7,18.97,19.15,19.37,19.5844,19.82,20.03,20.2,20.45,20.7024,20.92,21.1636,21.39,21.62,21.84,22.05,22.27,22.53,22.76,22.99,23.22,23.41,23.62,23.8008,24.06,24.28,24.53,24.84,25.2688,25.9888,26.08396,26.15,26.25,26.36528,26.7122,27.04352,27.16528,27.38,27.92044,29.05
"FR009C",-12.02,-8.36044,-7.11352,-6.56924,-6.11352,-5.5766,-5.26264,-4.89848,-4.57704,-4.2898,-4.132,-2.8988,-2.03,-1.3576,-0.821999999999999,-0.37,-0.02,0.39,0.71,1.11,1.45,1.73,2.04,2.32,2.614,2.8896,3.1752,3.4308,3.69,3.952,4.1976,4.4532,4.68,4.95,5.16,5.37,5.59,5.84,6.08,6.3,6.53,6.75,6.97,7.1804,7.45,7.65,7.86,8.09,8.31,8.55,8.8,9.01,9.24,9.46,9.71,9.9176,10.19,10.44,10.7,10.96,11.22,11.4612,11.72,11.94,12.16,12.44,12.69,12.94,13.17,13.43,13.66,13.92,14.16,14.36,14.564,14.76,14.98,15.16,15.3864,15.6,15.8276,16.04,16.27,16.4444,16.65,16.88,17.0612,17.26,17.4824,17.758,18.01,18.26,18.5,18.75,19.01,19.2616,19.57,19.9,20.28,20.59,20.9596,21.2652,21.6,22.04,22.462,22.93,23.58,24.39,25.6888,26.0396000000001,26.28056,26.54308,26.65,26.8854,27.2888,27.64132,28.04056,28.6666000000003,31.09
"FR010C",-9.38,-5.41176,-4.46376,-3.84452,-3.43528,-3.112,-2.93,-2.76308,-2.61704,-2.39792,-2.2588,-1.1888,-0.2132,0.4248,0.998000000000001,1.52,2.06,2.47,2.8804,3.266,3.59,3.93,4.19,4.44,4.69,4.92,5.1352,5.3508,5.56,5.78,5.98,6.1732,6.34,6.54,6.74,6.91,7.07,7.24,7.43,7.598,7.76,7.91,8.08,8.28,8.44,8.61,8.7572,8.92,9.09,9.25,9.39,9.55,9.74,9.89,10.08,10.2676,10.46,10.63,10.86,11.05,11.21,11.43,11.65,11.82,12,12.19,12.37,12.55,12.75,12.93,13.0816,13.29,13.46,13.6684,13.874,14.06,14.22,14.41,14.57,14.73,14.89,15.07,15.25,15.38,15.54,15.6956,15.85,15.99,16.15,16.29,16.51,16.68,16.85,17.04,17.24,17.42,17.61,17.8428,18.07,18.3,18.6,18.89,19.1708,19.48,19.92,20.4576,21.16,21.9988,23.1844,23.30396,23.49,23.67308,23.89528,24.0922,24.62232,25.07,25.64,26.9539600000002,30.42
"FR011C",-2.31,-0.60176,0.04912,0.66604,0.84472,1.1334,1.33472,1.49,1.58648,1.83,2.0112,3.1412,3.8468,4.3424,4.74,5.1,5.49,5.86,6.15,6.446,6.72,6.96,7.21,7.46,7.67,7.89,8.09,8.2808,8.49,8.68,8.91,9.06,9.2288,9.38,9.55,9.71,9.91,10.08,10.25,10.418,10.5836,10.7292,10.9048,11.0804,11.24,11.42,11.58,11.7628,11.95,12.14,12.32,12.52,12.7,12.9,13.08,13.32,13.58,13.84,14.04,14.27,14.5156,14.79,15.04,15.26,15.478,15.68,15.96,16.19,16.4,16.62,16.86,17.0972,17.28,17.53,17.78,17.98,18.21,18.4408,18.62,18.862,19.14,19.3432,19.5888,19.81,20.01,20.25,20.52,20.72,21,21.228,21.4836,21.7392,21.99,22.23,22.456,22.68,22.93,23.13,23.37,23.6,23.8496,24.0852,24.36,24.61,25.012,25.3476,25.75,26.27,26.9944,27.11,27.17352,27.30308,27.42,27.63,27.87176,28.15452,28.46,29.0422000000001,31.62
"FR012C",-16.07,-10.93044,-9.57616,-8.97132,-8.51584,-8.1144,-7.76264,-7.49924,-7.24816,-6.86188,-6.65,-5.2504,-4.25,-3.6676,-3.11,-2.5764,-2.06,-1.6,-1.2296,-0.86,-0.52,-0.22,0.05,0.33,0.613999999999999,0.87,1.1452,1.4,1.6,1.83,2.0376,2.3,2.54,2.8,3.03,3.28,3.5112,3.74,3.95,4.23,4.46,4.7192,4.92,5.11,5.36,5.6116,5.8772,6.14,6.38,6.63,6.8896,7.1552,7.38,7.7,7.99,8.32,8.59,8.87,9.1144,9.4,9.61,9.84,10.07,10.33,10.568,10.84,11.09,11.38,11.63,11.89,12.16,12.39,12.6228,12.85,13.094,13.34,13.58,13.78,14.0664,14.312,14.54,14.74,14.98,15.2,15.41,15.63,15.86,16.07,16.3324,16.578,16.8,17.0492,17.33,17.65,17.966,18.3016,18.63,18.94,19.23,19.57,19.86,20.1952,20.59,20.95,21.32,21.8776,22.59,23.34,24.3444,24.49792,24.65704,24.8,25.02,25.1366,25.36176,25.66264,26.0788,26.7917600000001,28.22
"FR013C",-7.43,-5.00748,-3.92264,-3.32396,-2.87,-2.69,-2.25792,-2.11616,-1.72408,-1.53396,-1.4244,-0.3688,0.4368,1.0024,1.578,2.14,2.6192,3.0948,3.43,3.74,4.16,4.51,4.8028,5.1,5.394,5.67,5.9,6.15,6.38,6.57,6.77,7.02,7.21,7.4,7.61,7.77,7.9512,8.12,8.31,8.49,8.65,8.82,9.01,9.17,9.33,9.51,9.72,9.9,10.07,10.244,10.44,10.59,10.77,10.97,11.15,11.3,11.4732,11.69,11.91,12.14,12.37,12.57,12.81,13.01,13.22,13.4036,13.64,13.8348,14.03,14.236,14.4516,14.68,14.9,15.11,15.31,15.52,15.77,15.93,16.09,16.27,16.48,16.6532,16.8588,17.03,17.21,17.38,17.5712,17.77,17.96,18.17,18.3636,18.55,18.76,19,19.236,19.45,19.7,19.93,20.23,20.52,20.8692,21.29,21.75,22.11,22.62,23.1,23.6864,24.49,25.8944,26.06584,26.23704,26.58616,26.95792,27.3688,27.64352,28.03528,28.5484799999999,29.8149600000006,31.43
"FR014C",-1.74,0.84648,1.48152,1.95416,2.26,2.5136,2.82,3,3.17648,3.28604,3.4056,4.5812,5.1668,5.55,5.88,6.21,6.44,6.65,6.8504,7.046,7.22,7.39,7.53,7.7,7.87,8.01,8.16,8.31,8.47,8.61,8.77,8.93,9.12,9.29,9.47,9.66,9.8012,9.98,10.11,10.25,10.41,10.58,10.74,10.92,11.11,11.26,11.45,11.67,11.85,12.044,12.23,12.4352,12.66,12.88,13.08,13.33,13.58,13.8,14.07,14.35,14.57,14.8612,15.1,15.3224,15.53,15.78,16.04,16.2648,16.49,16.74,16.96,17.16,17.41,17.68,17.92,18.16,18.4152,18.66,18.9,19.14,19.37,19.6,19.8488,20.04,20.29,20.49,20.71,20.9468,21.19,21.4,21.63,21.87,22.12,22.3104,22.56,22.78,22.98,23.24,23.45,23.65,23.8396,24.06,24.28,24.47,24.7,24.9976,25.2932,25.7188,26.39,26.47,26.60352,26.70308,26.84264,27.0344,27.32352,27.51132,27.72264,28.18,29.52
"FR015C",-0.29,1.12868,1.7956,1.98736,2.33824,2.6056,2.79208,2.94384,3.12,3.43208,3.5856,4.51,5.1268,5.7,6.108,6.43,6.73,7.0248,7.23,7.49,7.69,7.9,8.0628,8.2384,8.424,8.61,8.8,8.9808,9.17,9.33,9.48,9.62,9.7888,9.9344,10.1,10.24,10.3712,10.53,10.68,10.87,10.99,11.16,11.3,11.45,11.61,11.7616,11.91,12.06,12.22,12.384,12.57,12.73,12.9408,13.18,13.38,13.6476,13.87,14.0788,14.31,14.53,14.82,15.06,15.27,15.52,15.768,16,16.23,16.49,16.69,16.92,17.13,17.35,17.58,17.7984,18,18.22,18.48,18.71,18.95,19.2,19.41,19.6,19.83,20.06,20.31,20.5456,20.7712,21,21.23,21.47,21.7,21.92,22.16,22.3904,22.616,22.8616,23.0972,23.32,23.52,23.71,23.93,24.15,24.38,24.6,24.8,25.11,25.4232,25.8288,26.4844,26.60396,26.69,26.76308,26.86528,27.0732,27.45584,27.73396,28.04088,28.44,30.47
"FR016C",-6.7,-3.3466,-2.74792,-2.3566,-1.80056,-1.5244,-1.36,-1.24,-1.08352,-0.95396,-0.78,0.12,0.99,1.6,2.23,2.74,3.29,3.78,4.07,4.456,4.78,5.06,5.3528,5.6,5.89,6.1296,6.34,6.53,6.78,6.96,7.16,7.36,7.51,7.69,7.87,8.02,8.1712,8.36,8.52,8.64,8.7836,8.97,9.15,9.32,9.46,9.61,9.77,9.9028,10.06,10.21,10.3596,10.51,10.67,10.82,10.952,11.11,11.2632,11.43,11.64,11.83,12.0056,12.16,12.36,12.53,12.74,12.95,13.13,13.3,13.48,13.64,13.79,13.98,14.17,14.3784,14.57,14.74,14.8952,15.09,15.22,15.37,15.53,15.69,15.83,15.96,16.12,16.29,16.47,16.65,16.79,16.958,17.13,17.29,17.4448,17.6404,17.84,18.03,18.21,18.43,18.63,18.83,19.13,19.4,19.66,20.0364,20.48,20.9276,21.6332,22.32,23.4232,23.72584,23.89408,24.1515599999999,24.52264,24.7988,25.03528,25.3466,25.87088,27.4183600000003,29.54
"FR017C",-9.79,-6.62352,-5.41352,-4.93528,-4.60176,-3.9562,-3.83792,-3.54616,-3.42,-3.15792,-3.04,-1.92,-1.16,-0.5276,0.05,0.4036,0.899200000000001,1.29,1.6704,2.106,2.5,2.84,3.17,3.4584,3.73,3.9896,4.25,4.52,4.77,4.952,5.19,5.38,5.6,5.86,6.05,6.25,6.47,6.66,6.84,7.05,7.23,7.44,7.64,7.82,7.97,8.14,8.35,8.53,8.7284,8.93,9.09,9.3,9.53,9.7264,9.93,10.11,10.32,10.57,10.77,10.95,11.18,11.38,11.6,11.8324,12.06,12.27,12.5,12.71,12.9304,13.146,13.34,13.5472,13.75,13.98,14.17,14.36,14.54,14.7008,14.95,15.132,15.33,15.52,15.68,15.88,16.08,16.27,16.4212,16.65,16.84,17.03,17.2,17.3892,17.62,17.84,18.07,18.35,18.63,18.8528,19.16,19.4,19.75,20.11,20.4808,20.88,21.32,21.8676,22.5432,23.4388,24.74,24.89396,25.10704,25.35,25.54264,25.9388,26.34352,26.85924,27.33792,28.03044,32.3
"FR018C",-9.04,-5.3566,-4.37176,-3.97056,-3.6188,-3.2866,-2.97376,-2.56616,-2.36704,-2.18,-1.9932,-0.984,-0.1732,0.4324,0.94,1.44,1.9,2.4,2.79,3.136,3.5216,3.8972,4.21,4.5284,4.784,5.05,5.3,5.5508,5.78,5.99,6.2176,6.41,6.66,6.85,7.03,7.27,7.44,7.64,7.86,8.038,8.1836,8.36,8.53,8.71,8.89,9.06,9.24,9.4228,9.63,9.8,9.97,10.16,10.37,10.58,10.74,10.9276,11.13,11.36,11.5644,11.8,12,12.1912,12.42,12.61,12.85,13.0436,13.31,13.5,13.7,13.91,14.14,14.3772,14.59,14.78,14.97,15.17,15.39,15.57,15.78,15.972,16.13,16.32,16.5,16.7,16.89,17.0856,17.26,17.4768,17.65,17.86,18.08,18.29,18.51,18.71,18.93,19.2016,19.48,19.7328,19.98,20.25,20.6496,20.96,21.3308,21.78,22.32,22.8176,23.43,24.17,25.67,25.83396,26.07056,26.32308,26.4632000000001,26.7988,27.33352,27.78528,28.51088,29.5571600000007,32.38
"FR019C",-13.34,-8.9522,-7.61,-6.90132,-6.28176,-5.9622,-5.47056,-4.97616,-4.77112,-4.49396,-4.37,-3.14,-2.2032,-1.5676,-1.01,-0.5564,-0.18,0.23,0.5,0.9,1.29,1.69,1.9828,2.28,2.554,2.84,3.13,3.39,3.68,3.942,4.18,4.3932,4.63,4.86,5.09,5.3,5.51,5.7168,5.94,6.15,6.38,6.6,6.8148,7,7.23,7.41,7.62,7.83,8.0384,8.24,8.45,8.71,8.89,9.1064,9.29,9.5776,9.7932,10.04,10.26,10.47,10.68,10.9212,11.1868,11.4,11.64,11.87,12.08,12.31,12.5304,12.78,12.98,13.1972,13.44,13.64,13.87,14.06,14.28,14.45,14.69,14.91,15.11,15.31,15.49,15.72,15.92,16.1412,16.39,16.58,16.7724,17.018,17.22,17.45,17.67,17.93,18.17,18.43,18.7472,19.1,19.4,19.73,20.09,20.45,20.82,21.26,21.69,22.2352,22.8032,23.7,24.9,25.07188,25.39704,25.6854,26.02264,26.2866,26.55176,27.05396,27.61176,28.5579200000003,31.3
"FR020C",-8.64,-6.77528,-6.18672,-5.44716,-4.98704,-4.4076,-4.12528,-3.90616,-3.71,-3.5,-3.3544,-2.2688,-1.3632,-0.8,-0.311999999999999,0.1,0.42,0.77,1.0804,1.46,1.8,2.06,2.37,2.67,2.97,3.23,3.5152,3.8208,4.13,4.4,4.6376,4.88,5.1088,5.32,5.57,5.8,6,6.2,6.43,6.66,6.85,7.08,7.22,7.44,7.64,7.82,8.06,8.27,8.4684,8.65400000000001,8.89,9.1552,9.36,9.59,9.8,10.06,10.3,10.51,10.72,10.95,11.22,11.45,11.6868,11.94,12.18,12.39,12.64,12.9,13.1404,13.37,13.56,13.79,13.99,14.25,14.46,14.67,14.87,15.07,15.32,15.51,15.7176,15.9332,16.17,16.38,16.62,16.83,17.03,17.26,17.48,17.7,17.9536,18.1692,18.3948,18.65,18.9,19.18,19.47,19.76,20.0784,20.404,20.76,21.14,21.5,21.9364,22.41,22.85,23.49,24.31,25.6144,25.80396,26.00352,26.15,26.51264,26.971,27.40176,27.69,28.50584,29.7222000000001,31.06
"FR021C",-12.04,-7.77396,-7.11352,-6.55132,-5.9088,-5.5688,-5.19848,-4.8008,-4.49704,-4.30396,-4.11,-2.7764,-2.0132,-1.35,-0.85,-0.34,0.0392000000000007,0.4,0.73,1.016,1.34,1.62,1.9,2.14,2.424,2.7,2.94,3.2,3.41,3.65,3.87,4.07,4.2988,4.55,4.79,5,5.2112,5.44,5.6,5.81,5.99,6.16,6.3748,6.58,6.78,6.97,7.18,7.4228,7.63,7.84,8.02,8.23,8.44,8.65,8.87,9.08,9.29,9.4888,9.72,9.93,10.15,10.33,10.56,10.79,11.01,11.24,11.4492,11.65,11.92,12.126,12.34,12.5472,12.75,12.96,13.174,13.3796,13.58,13.7608,13.9764,14.17,14.3676,14.61,14.8388,15,15.2,15.45,15.69,15.91,16.11,16.32,16.5536,16.81,17.0448,17.3,17.52,17.77,18.04,18.35,18.69,19.06,19.37,19.7552,20.13,20.53,21.002,21.42,22.06,22.8876,24.12,24.25792,24.49,24.59232,24.85792,25.0988,25.33352,25.81132,26.42232,27.9922000000001,29.51
"FR022C",-7.58,-3.37176,-2.60616,-2.16,-1.81176,-1.3208,-1.13264,-1.02,-0.89056,-0.66,-0.57,0.55,1.45,2.0924,2.72,3.22,3.65,4.02,4.38,4.74,5.05,5.36,5.59,5.78,5.984,6.18,6.39,6.55,6.72,6.88,7.0676,7.23,7.38,7.56,7.72,7.93,8.04,8.2,8.34,8.47,8.6,8.72,8.87,8.99,9.136,9.28,9.43,9.55,9.6984,9.83,10,10.15,10.32,10.4564,10.62,10.8,10.9532,11.13,11.2944,11.49,11.66,11.85,12.07,12.27,12.45,12.62,12.8,12.97,13.1404,13.33,13.49,13.63,13.79,13.98,14.15,14.33,14.5052,14.66,14.8,14.95,15.1,15.26,15.39,15.53,15.66,15.81,15.92,16.07,16.2,16.33,16.48,16.64,16.78,16.92,17.1,17.24,17.4,17.57,17.74,17.91,18.1496,18.34,18.59,18.86,19.194,19.56,20.1832,20.8652,22.0132,22.25376,22.38352,22.62,22.82264,23.1222,23.41352,23.72924,24.49176,25.4518800000005,28.31
"FR023C",-11.01,-8.8922,-7.43,-6.90132,-6.51352,-6.0388,-5.78792,-5.46308,-5.22872,-4.89396,-4.7488,-3.26,-2.49,-1.84,-1.37,-0.92,-0.470799999999999,-0.15,0.15,0.42,0.69,0.99,1.26,1.52,1.79,2.0696,2.33,2.58,2.81,3.03,3.27,3.47,3.65,3.88,4.12,4.3856,4.59,4.8368,5.05,5.22,5.43,5.64,5.85,6.07,6.276,6.48,6.7,6.87,7.09,7.32,7.54,7.74,7.99,8.16,8.38,8.58,8.83,9.0688,9.29,9.55,9.76,9.9712,10.1968,10.45,10.688,10.93,11.18,11.39,11.6304,11.83,12.08,12.32,12.54,12.7784,13.01,13.19,13.39,13.63,13.8464,14.09,14.3076,14.56,14.7888,15.01,15.2,15.4256,15.64,15.85,16.1,16.3,16.54,16.73,16.9748,17.2504,17.53,17.86,18.2044,18.5228,18.84,19.18,19.46,19.8,20.13,20.46,20.974,21.41,21.9032,22.65,23.8,24.02188,24.20352,24.41308,24.72,24.9066,25.13352,25.35264,26.12,27.04044,28.62
"FR024C",-9.53,-4.91572,-3.54352,-2.78528,-2.46176,-2.0142,-1.76264,-1.60308,-1.39056,-1.27,-1.1244,0.0112,0.7868,1.4324,2.118,2.62,3.16,3.6,3.9804,4.37,4.68,5.06,5.31,5.55,5.874,6.1396,6.3752,6.62,6.8364,7.072,7.27,7.47,7.68,7.86,8.02,8.2,8.37,8.5468,8.7,8.87,9.05,9.22,9.39,9.55,9.7,9.86,10.0472,10.2,10.37,10.524,10.7,10.87,11.02,11.19,11.33,11.48,11.6332,11.81,12.03,12.25,12.49,12.68,12.85,13.07,13.28,13.4836,13.66,13.88,14.06,14.3,14.49,14.69,14.85,15.0384,15.26,15.44,15.66,15.86,16.04,16.22,16.3576,16.56,16.72,16.88,17.06,17.2156,17.41,17.58,17.75,17.92,18.11,18.3292,18.55,18.7104,18.92,19.14,19.38,19.59,19.86,20.124,20.45,20.7552,21.1816,21.6,22.042,22.5076,23.1,23.95,25.2644,25.43,25.65056,25.87308,26.0690400000001,26.471,26.76232,27.32132,27.86264,28.8339600000002,30.55
"FR025C",-11.27,-8.92144,-7.57528,-6.80264,-6.21352,-5.7154,-5.39264,-5.11308,-4.79352,-4.5998,-4.39,-3.0688,-2.22,-1.6,-1.142,-0.6964,-0.36,0.0148000000000002,0.36,0.64,0.94,1.2072,1.48,1.73,1.99,2.2796,2.5952,2.84,3.0464,3.28,3.53,3.76,3.9888,4.21,4.44,4.6356,4.87,5.08,5.3,5.55,5.78,6.0292,6.2748,6.52,6.77,6.96,7.2,7.43,7.6484,7.88400000000001,8.15,8.39,8.6508,8.8864,9.11,9.38,9.62,9.89,10.11,10.37,10.66,10.91,11.12,11.39,11.63,11.86,12.13,12.41,12.63,12.85,13.1116,13.34,13.56,13.77,13.99,14.22,14.42,14.61,14.83,15.09,15.31,15.5232,15.7,15.96,16.15,16.38,16.6112,16.82,17.05,17.29,17.55,17.77,18.04,18.35,18.59,18.85,19.1672,19.51,19.82,20.15,20.53,20.8352,21.2516,21.7164,22.18,22.6776,23.2932,24.0664,25.2408,25.56396,25.75,25.9684799999999,26.2532,26.76,26.97,27.18132,27.6767199999999,28.8988000000003,30.45
"FR026C",-10.87,-6.03396,-5.15176,-4.54528,-4.1888,-3.9544,-3.62056,-3.39,-3.07408,-2.86396,-2.7444,-1.81,-0.8428,-0.19,0.438000000000001,1.03,1.5,1.91,2.26,2.636,2.9916,3.3472,3.69,4,4.24,4.51,4.76,4.9708,5.2,5.422,5.63,5.81,5.99,6.2,6.41,6.57,6.75,6.92,7.12,7.28,7.48,7.65,7.84,8.02,8.18,8.35,8.52,8.71,8.88,9.07,9.2696,9.42,9.58,9.77,9.95,10.1176,10.32,10.5,10.68,10.91,11.1056,11.32,11.53,11.74,11.948,12.16,12.35,12.57,12.74,12.916,13.12,13.33,13.53,13.71,13.86,14.03,14.23,14.37,14.54,14.722,14.89,15.06,15.25,15.42,15.59,15.73,15.8812,16.06,16.2124,16.38,16.57,16.76,16.97,17.1404,17.33,17.51,17.7172,17.95,18.18,18.42,18.71,19.01,19.33,19.7,20.092,20.64,21.2564,22.01,23.2388,23.47396,23.78352,24.01924,24.20528,24.4554,24.68352,25.0166,25.45264,26.4652800000002,30.25
"FR027C",-12.9,-8.67396,-7.5488,-6.8832,-6.2288,-5.8122,-5.61,-5.20924,-4.89352,-4.68396,-4.4,-3.0588,-2.14,-1.5576,-0.951999999999999,-0.51,-0.12,0.21,0.5804,0.936000000000001,1.35,1.74,2.0628,2.35,2.63,2.92,3.2152,3.49,3.73,3.99,4.22,4.4532,4.68,4.87,5.07,5.29,5.5312,5.73,5.9024,6.14,6.37,6.57,6.78,6.99,7.2,7.38,7.58,7.8,7.9984,8.23400000000001,8.43,8.66,8.88,9.07,9.28,9.54,9.77,9.98,10.21,10.42,10.66,10.91,11.17,11.39,11.61,11.83,12.04,12.2548,12.51,12.74,12.96,13.17,13.36,13.61,13.8,13.98,14.23,14.46,14.66,14.85,15.02,15.22,15.43,15.66,15.86,16.08,16.33,16.5368,16.72,16.92,17.1536,17.37,17.61,17.85,18.11,18.35,18.68,19,19.3384,19.62,19.9996,20.3,20.71,21.2,21.67,22.1576,22.73,23.69,24.9444,25.06396,25.29352,25.59616,25.95264,26.2044,26.62176,27.12,27.6688,28.4252800000002,31.17
"FR028C",-3.69,-2.07,-1.03088,-0.76264,-0.4088,-0.14,0.18,0.41076,0.57,0.69,0.8912,2.04,2.78,3.2524,3.64,4.12,4.45,4.8248,5.19,5.48,5.71,5.99,6.25,6.49,6.724,6.9796,7.26,7.46,7.68,7.872,8.07,8.27,8.47,8.6844,8.89,9.0656,9.28,9.45,9.64,9.81,10.02,10.2,10.42,10.62,10.806,11.04,11.2372,11.42,11.6284,11.804,12.01,12.26,12.45,12.6764,12.892,13.1276,13.3932,13.66,13.88,14.17,14.45,14.71,15.0068,15.2524,15.5,15.74,15.98,16.26,16.5004,16.78,17,17.22,17.5228,17.79,18.02,18.23,18.44,18.6908,18.94,19.162,19.4,19.65,19.93,20.21,20.46,20.7,20.96,21.23,21.54,21.85,22.1036,22.4192,22.67,22.96,23.24,23.5116,23.77,24.0328,24.27,24.53,24.7896,25.04,25.37,25.7,26.03,26.4176,26.7932,27.3,28.1,28.14396,28.23,28.32616,28.50792,28.6866,28.90176,29.25396,29.86176,30.31088,33.19
"FR029C",-7.91,-5.34308,-4.23968,-3.32132,-3.00352,-2.6122,-2.24056,-2.03924,-1.88704,-1.69792,-1.5188,-0.54,0.25,0.86,1.488,2.02,2.4892,2.95,3.3604,3.66,4,4.33,4.6028,4.8684,5.154,5.4296,5.66,5.9008,6.08,6.302,6.53,6.74,6.9588,7.1244,7.32,7.5,7.7,7.86,8.07,8.236,8.39,8.5792,8.73,8.9,9.066,9.24,9.4,9.58,9.74,9.93,10.1,10.28,10.44,10.62,10.78,10.9276,11.12,11.31,11.53,11.76,11.92,12.14,12.38,12.5424,12.74,12.9436,13.1592,13.36,13.56,13.75,13.95,14.17,14.35,14.61,14.79,14.99,15.1852,15.37,15.58,15.74,15.91,16.08,16.2288,16.4,16.58,16.76,16.94,17.11,17.27,17.46,17.66,17.84,18.07,18.27,18.47,18.69,18.95,19.16,19.4,19.71,20.0996,20.4,20.7208,21.1428,21.602,22.14,22.82,23.6388,24.8744,25.06396,25.25056,25.57,25.77264,26.0207999999999,26.4093599999999,26.89132,27.3888,28.57132,30.88
"FR031C",-7.76,-3.70132,-3.03528,-2.61264,-2.23528,-2.0332,-1.86264,-1.75308,-1.61352,-1.36396,-1.2344,-0.03,0.7968,1.44,2.06,2.6,3.0692,3.47,3.9004,4.22,4.58,4.85,5.1228,5.4084,5.61,5.81,6.01,6.23,6.41,6.62,6.81,6.98,7.16,7.34,7.52,7.69,7.85,8,8.15,8.308,8.49,8.62,8.79,8.9504,9.1,9.27,9.41,9.55,9.69,9.84,10.03,10.19,10.38,10.53,10.69,10.82,10.9632,11.14,11.32,11.53,11.75,11.95,12.11,12.3,12.48,12.66,12.81,13.01,13.19,13.35,13.54,13.68,13.87,14.07,14.24,14.42,14.61,14.79,14.96,15.11,15.27,15.42,15.57,15.7,15.85,15.98,16.11,16.2768,16.43,16.588,16.76,16.92,17.1,17.26,17.44,17.68,17.85,18.0628,18.2484,18.45,18.71,18.92,19.2508,19.5764,19.902,20.37,20.92,21.68,22.8488,22.94376,23.25056,23.63,23.98264,24.2144,24.56408,24.8832,25.4711199999999,27.0274800000003,29.27
"FR032C",-8.67,-5.78484,-4.45352,-4.07132,-3.5288,-3.1722,-2.91264,-2.57156,-2.38352,-2.14188,-2.0044,-0.7,-0.04,0.5324,1.028,1.4472,1.89,2.2948,2.67,3.016,3.31,3.61,3.9,4.19,4.46,4.7196,4.98,5.22,5.4264,5.602,5.78,6,6.1788,6.38,6.58,6.77,6.96,7.12,7.2824,7.458,7.67,7.84,7.99,8.16,8.35,8.53,8.71,8.9,9.0884,9.26,9.41,9.61519999999999,9.83,10.02,10.22,10.42,10.6232,10.84,11.07,11.29,11.49,11.7,11.94,12.14,12.35,12.56,12.76,12.9448,13.2,13.39,13.57,13.7772,13.99,14.19,14.4,14.59,14.77,14.95,15.14,15.35,15.55,15.76,15.96,16.15,16.37,16.55,16.7612,16.98,17.2,17.39,17.6136,17.8,18.05,18.2704,18.52,18.77,19.04,19.35,19.6284,19.934,20.3696,20.7152,21.09,21.55,22.062,22.59,23.1232,23.9688,25.1876,25.4,25.51704,25.84232,26.0932000000001,26.4222,26.79528,27.34132,27.79176,28.8226400000001,30
"FR033C",-5.61,-2.74264,-1.8244,-1.56132,-1.35176,-1.1622,-0.93264,-0.72,-0.53,-0.37396,-0.2044,0.93,1.55,2.0524,2.5,2.9236,3.33,3.7148,4.1704,4.46,4.7616,4.99,5.25,5.5184,5.76,5.99,6.24,6.49,6.69,6.91,7.14,7.3632,7.56,7.77,8.01,8.24,8.42,8.5968,8.82,9.04,9.24,9.4692,9.65,9.88,10.09,10.29,10.52,10.7228,10.9484,11.14,11.34,11.56,11.7608,11.99,12.222,12.46,12.7,12.96,13.24,13.55,13.84,14.12,14.36,14.6424,14.89,15.17,15.43,15.6548,15.9504,16.186,16.4716,16.73,16.9928,17.21,17.46,17.6896,17.93,18.16,18.3964,18.642,18.9,19.13,19.4,19.67,19.94,20.18,20.5,20.8,21.1,21.38,21.6336,21.93,22.15,22.41,22.66,22.96,23.21,23.5,23.7384,23.974,24.2396,24.51,24.7608,25.01,25.28,25.58,25.95,26.4,27.07,27.16792,27.32352,27.42616,27.56792,27.7722,27.94176,28.21264,28.74528,29.1017600000001,31.26
"FR034C",-2.83,0.49868,1.21,1.72944,1.98,2.1656,2.32,2.45692,2.57,2.73,2.8156,3.9312,4.6468,5.2024,5.61,6.0136,6.38,6.61,6.85,7.146,7.3616,7.56,7.74,7.91,8.08,8.24,8.38,8.5,8.66,8.8,8.93,9.03,9.15,9.28,9.4,9.51,9.61,9.72,9.82,9.91,10.01,10.11,10.19,10.28,10.39,10.49,10.59,10.69,10.8,10.89,11,11.08,11.21,11.31,11.44,11.55,11.68,11.79,11.9,12.04,12.16,12.32,12.44,12.5824,12.71,12.84,12.98,13.12,13.27,13.41,13.57,13.7172,13.82,13.95,14.07,14.21,14.32,14.4508,14.53,14.642,14.75,14.86,14.96,15.07,15.21,15.32,15.4512,15.57,15.68,15.78,15.88,15.97,16.1,16.2,16.31,16.42,16.55,16.6828,16.81,16.96,17.1,17.23,17.4208,17.62,17.85,18.1,18.4932,19.0476,19.93,20.02,20.11056,20.35232,20.52264,20.7044,20.85584,21.1266,21.85616,22.7226400000001,24.94
"FR035C",-10.35,-5.70352,-4.62936,-4.24132,-3.82176,-3.5254,-3.32528,-3.05308,-2.84056,-2.69396,-2.56,-1.55,-0.6064,0.0524000000000001,0.598000000000001,1.1336,1.66,2.06,2.45,2.85,3.1616,3.5,3.82,4.12,4.38,4.64,4.87,5.07,5.3,5.53,5.75,5.94,6.12,6.3,6.48,6.68,6.85,7.0068,7.18,7.4,7.6,7.7592,7.95,8.13,8.28,8.4416,8.59,8.76,8.96,9.12,9.2896,9.47,9.6408,9.82,9.98,10.17,10.3532,10.55,10.75,10.95,11.16,11.38,11.5868,11.8,11.958,12.1436,12.3992,12.58,12.79,12.976,13.16,13.33,13.53,13.73,13.89,14.04,14.2252,14.4,14.58,14.77,14.94,15.11,15.28,15.45,15.61,15.79,15.93,16.0768,16.2224,16.43,16.6,16.8,16.97,17.16,17.35,17.52,17.74,17.96,18.18,18.444,18.73,19.06,19.3508,19.6664,20.14,20.6676,21.33,22.0988,23.3744,23.59188,23.75,23.9154,24.07264,24.3322,24.66176,25.09132,25.5232,26.5852800000002,30.75
"FR036C",-8.77,-4.9322,-4.17176,-3.65396,-3.10056,-2.7722,-2.41264,-2.25616,-2.05408,-1.78396,-1.6388,-0.41,0.4168,0.94,1.6,2.2,2.6892,3.03,3.3504,3.746,4.05,4.36,4.6528,4.93,5.15,5.38,5.6,5.82,6.01,6.19,6.4,6.54,6.71,6.88,7.04,7.2,7.37,7.52,7.68,7.83,7.97,8.12,8.26,8.44,8.61,8.77,8.93,9.11,9.28,9.42,9.58,9.74,9.92,10.06,10.24,10.38,10.55,10.75,10.94,11.16,11.35,11.56,11.76,11.96,12.15,12.35,12.58,12.77,12.95,13.166,13.34,13.52,13.69,13.87,14.04,14.2296,14.3852,14.57,14.74,14.87,15.03,15.21,15.36,15.51,15.66,15.81,15.95,16.09,16.26,16.41,16.56,16.73,16.89,17.07,17.23,17.39,17.57,17.78,17.97,18.164,18.4,18.66,18.93,19.27,19.59,20.02,20.5832,21.41,22.7644,23.00396,23.16,23.32,23.55264,23.8922,24.19528,24.47132,24.94616,25.8839600000002,28.87
"FR037C",-2.51,-0.13,0.18472,0.55868,0.93648,1.1168,1.41736,1.63692,1.86,1.99,2.2256,3.4424,4.17,4.67,5.15,5.6136,5.9592,6.31,6.5604,6.84,7.1,7.37,7.62,7.83,8.03,8.24,8.47,8.6108,8.8,8.982,9.16,9.3332,9.5188,9.7044,9.85,10.05,10.19,10.38,10.54,10.73,10.92,11.0992,11.2548,11.43,11.63,11.82,11.99,12.19,12.38,12.58,12.78,13,13.18,13.3964,13.64,13.87,14.11,14.35,14.6044,14.86,15.07,15.3312,15.6,15.88,16.15,16.44,16.66,16.88,17.07,17.3,17.5,17.75,17.98,18.2184,18.44,18.66,18.89,19.1608,19.39,19.6,19.81,20.04,20.2688,20.51,20.73,20.96,21.18,21.3968,21.66,21.91,22.23,22.53,22.78,23.02,23.296,23.49,23.76,23.97,24.21,24.484,24.74,25.01,25.3108,25.65,26.01,26.4076,26.92,27.53,28.28,28.37396,28.59,28.7054,29.04792,29.2122,29.4,29.61132,29.84088,30.8193600000007,32.81
"FR038C",-14.31,-10.5,-8.95992,-8.44264,-7.88704,-7.5266,-6.94584,-6.5554,-6.34,-6.08584,-5.9044,-4.59,-3.8332,-3.2376,-2.71,-2.25,-1.8308,-1.4852,-1.09,-0.773999999999999,-0.48,-0.24,0.02,0.26,0.53,0.76,1.0452,1.2608,1.51,1.72,1.9576,2.16,2.37,2.6,2.78,3,3.2,3.44,3.62,3.798,4.04,4.2592,4.45,4.7,4.96,5.18,5.4472,5.69,5.9584,6.19400000000001,6.53,6.8,7.08,7.44,7.762,8.0676,8.3532,8.6388,8.89,9.12,9.3856,9.6912,9.94,10.17,10.42,10.68,10.9392,11.1848,11.44,11.65,11.87,12.1,12.35,12.59,12.85,13.07,13.3352,13.56,13.7364,13.972,14.23,14.45,14.62,14.82,15.06,15.27,15.47,15.67,15.9,16.18,16.4636,16.74,16.99,17.3,17.57,17.8516,18.1372,18.4,18.79,19.094,19.38,19.74,20.07,20.4064,20.782,21.26,21.92,22.6588,23.69,23.84396,23.97704,24.1246399999999,24.41264,24.5588,24.77352,25.15792,25.67528,26.4535200000001,27.65
"FR039C",-10.41,-8.16056,-6.61088,-6.04132,-5.51176,-5.1622,-4.76264,-4.51924,-4.21352,-3.97188,-3.8144,-2.48,-1.63,-1.0576,-0.563999999999999,-0.11,0.27,0.56,0.9304,1.26,1.51,1.7972,2.1128,2.44,2.75,3.04,3.34,3.61,3.9,4.14,4.39,4.65,4.88,5.11,5.38,5.6356,5.8812,6.1,6.32,6.54,6.74,6.95,7.17,7.39,7.6,7.83,8.05,8.29,8.49,8.72,8.9196,9.17,9.4,9.63,9.84,10.0776,10.27,10.47,10.7344,10.95,11.18,11.38,11.66,11.92,12.12,12.35,12.55,12.77,12.97,13.216,13.4616,13.7072,13.9,14.09,14.3,14.5196,14.7652,14.97,15.2164,15.432,15.64,15.84,16.05,16.28,16.5,16.69,16.8912,17.1,17.35,17.57,17.8036,18.08,18.35,18.6004,18.89,19.1616,19.4272,19.7828,20.1,20.44,20.82,21.16,21.49,21.9,22.4,22.8676,23.5332,24.42,25.7332,25.86,25.99352,26.1954,26.6,27.0544,27.21704,27.5411199999999,28.2,29.1744000000002,30.5
"FR040C",-2,-0.03044,0.71504,1.12736,1.28,1.6456,1.91472,2.13,2.24648,2.4202,2.5712,3.73,4.7068,5.33,5.868,6.3036,6.77,7.1,7.39,7.68,7.9316,8.1872,8.3728,8.57,8.76,8.93,9.1,9.27,9.45,9.63,9.8,9.9532,10.12,10.2644,10.39,10.51,10.64,10.78,10.9,11.028,11.15,11.29,11.4348,11.58,11.7,11.86,12.01,12.1628,12.31,12.464,12.62,12.77,12.91,13.05,13.24,13.4476,13.6032,13.79,13.98,14.16,14.3556,14.53,14.72,14.93,15.13,15.3,15.48,15.67,15.83,16.04,16.23,16.41,16.55,16.73,16.89,17.06,17.21,17.35,17.51,17.72,17.8876,18.07,18.2,18.35,18.51,18.64,18.78,18.9168,19.0724,19.25,19.41,19.54,19.7,19.8704,20,20.16,20.34,20.54,20.71,20.874,21.0896,21.31,21.6,21.86,22.182,22.54,23.02,23.7488,24.8744,25.00396,25.11352,25.33308,25.52528,25.7544,25.95176,26.28,26.55088,27.0130800000001,29.97
"FR041C",-0.1,1.41912,2.01,2.24472,2.61472,2.8878,3.05736,3.26384,3.39,3.73208,3.8456,4.79,5.4236,5.98,6.39,6.72,7,7.28,7.52,7.746,7.96,8.15,8.31,8.5,8.68,8.85,9.04,9.24,9.4,9.55,9.7076,9.84,10,10.16,10.33,10.46,10.59,10.76,10.9,11.048,11.2,11.3492,11.49,11.6304,11.79,11.94,12.08,12.23,12.39,12.56,12.73,12.89,13.11,13.35,13.542,13.77,14.0332,14.23,14.47,14.69,14.9656,15.21,15.43,15.66,15.91,16.14,16.37,16.63,16.84,17.03,17.26,17.47,17.7028,17.91,18.1,18.3396,18.59,18.83,19.06,19.29,19.51,19.71,19.91,20.15,20.4,20.6556,20.86,21.07,21.29,21.53,21.77,21.98,22.22,22.45,22.67,22.9116,23.12,23.3428,23.54,23.74,23.97,24.1952,24.4,24.63,24.84,25.13,25.47,25.8588,26.54,26.62,26.71352,26.79308,26.90056,27.1132,27.53,27.71396,28.06264,28.4717600000001,30.45
"FR042C",-6.33,-3.37176,-2.74176,-2.1766,-1.78176,-1.47,-1.26056,-1.13616,-0.92056,-0.77396,-0.5876,0.7312,1.4068,1.9424,2.528,2.9536,3.34,3.7796,4.13,4.426,4.76,4.98,5.23,5.46,5.69,5.9,6.1,6.3208,6.52,6.71,6.88,7.05,7.26,7.43,7.6,7.78,7.9512,8.1368,8.28,8.44,8.6036,8.78,8.98,9.14,9.28,9.46,9.6272,9.81,10,10.17,10.35,10.57,10.7708,10.97,11.13,11.34,11.54,11.74,11.9444,12.16,12.37,12.56,12.75,12.99,13.2,13.44,13.64,13.85,14.04,14.246,14.46,14.64,14.83,15.03,15.23,15.44,15.61,15.8,16.0064,16.23,16.41,16.6,16.8,17,17.19,17.39,17.6,17.79,17.97,18.168,18.3936,18.6192,18.8348,19.06,19.31,19.53,19.82,20.03,20.2884,20.594,20.8796,21.0952,21.42,21.76,22.13,22.5676,23.06,23.8,25.0288,25.17,25.28,25.41308,25.58528,25.8444,26.11176,26.32188,26.67,27.25044,28.43
"FR043C",-6.49,-2.35044,-1.4944,-1.01396,-0.78528,-0.5766,-0.1932,0.0307600000000002,0.25648,0.46208,0.56,1.6612,2.2968,2.78,3.328,3.6936,4.09,4.46,4.81,5.136,5.41,5.67,5.9128,6.17,6.414,6.64,6.89,7.15,7.3364,7.59,7.82,8.02,8.2,8.42,8.66,8.8556,9.0412,9.26,9.4924,9.67,9.8736,10.1092,10.31,10.5204,10.73,10.96,11.2072,11.3928,11.6,11.804,12.02,12.28,12.4808,12.7,12.94,13.16,13.46,13.7,13.98,14.21,14.56,14.79,15.0568,15.3924,15.67,15.9336,16.1492,16.44,16.69,16.966,17.2116,17.44,17.6928,17.97,18.204,18.4,18.71,18.93,19.2,19.422,19.6276,19.89,20.1288,20.43,20.68,20.98,21.22,21.52,21.82,22.14,22.42,22.71,23.0048,23.32,23.61,23.91,24.19,24.4828,24.7484,25.034,25.36,25.63,25.98,26.31,26.634,26.9776,27.4132,27.95,28.69,28.77396,28.87,29.06232,29.20264,29.4488,29.68352,30.07264,30.56528,31.2717600000001,33.81
"FR044C",-10,-6.47176,-5.38616,-4.80528,-4.12,-3.9344,-3.60528,-3.35616,-3.14352,-3.00396,-2.8544,-1.76,-0.9332,-0.3852,0.14,0.54,0.94,1.33,1.8604,2.25,2.6316,2.9472,3.2256,3.53,3.86,4.11,4.39,4.6708,4.92,5.19,5.42,5.66,5.87,6.1,6.3,6.5256,6.72,6.9268,7.12,7.32,7.51,7.69,7.8848,8.09,8.26,8.42,8.6,8.81,9.03,9.2,9.4096,9.62,9.83,10.02,10.23,10.43,10.65,10.8688,11.07,11.3,11.52,11.74,11.97,12.17,12.38,12.61,12.84,13.06,13.3,13.53,13.76,13.95,14.17,14.3884,14.6,14.7796,14.95,15.1708,15.36,15.54,15.75,15.9732,16.16,16.3644,16.57,16.76,16.98,17.17,17.38,17.6,17.79,18.02,18.25,18.45,18.68,18.94,19.23,19.51,19.8184,20.154,20.4996,20.7952,21.16,21.5864,22.05,22.55,23.2532,24.1388,25.4688,25.72396,25.93,26.08308,26.30264,26.5332,27.00528,27.6966,28.39704,28.8852800000002,31.79
"FR045C",-11.26,-5.9266,-5.42352,-4.50132,-4.16704,-3.77,-3.55,-3.19232,-2.96352,-2.83792,-2.7388,-1.6688,-0.7632,-0.1676,0.408000000000001,0.91,1.3792,1.83,2.1504,2.526,2.87,3.17,3.52,3.84,4.12,4.4096,4.6752,4.89,5.09,5.29,5.48,5.71,5.91,6.1,6.28,6.49,6.67,6.84,7.04,7.24,7.44,7.6192,7.81,7.97,8.14,8.32,8.5,8.7,8.87,9.06,9.23,9.43,9.62,9.79,9.99,10.19,10.37,10.56,10.76,10.98,11.2,11.42,11.6,11.82,12.05,12.24,12.43,12.63,12.84,13.02,13.23,13.42,13.6128,13.81,13.97,14.13,14.31,14.51,14.7064,14.88,15.0376,15.19,15.3588,15.54,15.71,15.86,16.05,16.24,16.41,16.57,16.74,16.93,17.13,17.34,17.57,17.75,17.97,18.2,18.44,18.68,19.0296,19.32,19.69,20.0464,20.462,20.9852,21.63,22.4276,23.7032,23.90396,24.16704,24.36232,24.55056,24.82,24.94176,25.35,25.89528,26.7748400000002,30.16
"FR047C",-7.49,-5.04936,-3.81112,-3.24132,-2.75,-2.46,-2.2432,-1.94156,-1.79352,-1.58,-1.46,-0.2988,0.4568,1.0148,1.71,2.2336,2.7,3.12,3.5004,3.906,4.24,4.59,4.91,5.21,5.51,5.79,6.03,6.31,6.56,6.74,6.93,7.17,7.35,7.54,7.73,7.89,8.07,8.25,8.44,8.62,8.79,8.95,9.13,9.31,9.46,9.62,9.78,9.9828,10.16,10.34,10.51,10.69,10.86,11.02,11.19,11.3676,11.56,11.79,11.99,12.23,12.4556,12.6712,12.9068,13.1,13.3,13.54,13.76,13.94,14.15,14.366,14.56,14.76,14.99,15.18,15.38,15.61,15.79,15.98,16.1464,16.34,16.53,16.74,16.94,17.13,17.32,17.51,17.7,17.87,18.07,18.26,18.46,18.71,18.92,19.12,19.34,19.6,19.8372,20.0528,20.3484,20.65,20.93,21.32,21.8,22.2164,22.71,23.23,23.8032,24.63,25.8588,26.15188,26.39352,26.64,26.91264,27.2244,27.55352,28.16,28.53968,29.92044,31.67
"FR048C",-7.34,-4.99132,-4.06352,-3.43792,-3.23176,-2.89,-2.61792,-2.45924,-2.11056,-1.97188,-1.7944,-0.79,-0.0763999999999999,0.48,0.94,1.4,1.7284,2.0448,2.47,2.79,3.1,3.3372,3.5928,3.88,4.17,4.42,4.72,4.9708,5.2064,5.42,5.64,5.85,6.05,6.31,6.53,6.76,6.97,7.2,7.39,7.62,7.83,8.03,8.23,8.4204,8.64,8.88,9.09,9.32,9.55,9.774,10,10.26,10.47,10.6764,10.93,11.1676,11.43,11.67,11.9,12.2,12.4456,12.7,12.91,13.15,13.38,13.68,13.9,14.1748,14.41,14.65,14.9116,15.16,15.4228,15.67,15.91,16.2,16.43,16.66,16.89,17.08,17.33,17.5632,17.76,17.98,18.21,18.41,18.6312,18.9,19.13,19.4,19.67,19.96,20.21,20.51,20.79,21.1316,21.4772,21.8028,22.11,22.42,22.75,23.15,23.5316,23.8964,24.282,24.7876,25.2332,25.9864,27.15,27.39,27.55408,27.7146399999999,27.95528,28.1675999999999,28.39056,28.7966,29.39176,29.9962800000006,31.99
"FR049C",0.07,1.41956,2.06472,2.42868,2.78944,2.99,3.20736,3.35692,3.59944,3.72,3.8424,4.67,5.2168,5.6748,6.01,6.35,6.61,6.83,7.06,7.23,7.3916,7.54,7.72,7.88,8.05,8.22,8.4052,8.59,8.77,8.94,9.1076,9.28,9.4588,9.62,9.79,9.96,10.12,10.29,10.45,10.6,10.79,10.95,11.13,11.31,11.48,11.67,11.9,12.06,12.23,12.43,12.63,12.82,13.03,13.25,13.5,13.7176,13.95,14.22,14.46,14.73,14.98,15.26,15.51,15.73,15.97,16.18,16.42,16.6748,16.92,17.166,17.3916,17.62,17.88,18.1,18.33,18.6,18.8552,19.07,19.32,19.57,19.8,20.0332,20.28,20.5,20.74,20.99,21.22,21.41,21.65,21.9,22.14,22.4,22.62,22.8604,23.086,23.3016,23.54,23.75,23.92,24.144,24.37,24.57,24.78,25.02,25.262,25.5476,25.8832,26.2988,27.0144,27.16,27.25,27.33308,27.54,27.7288,27.89352,28.07264,28.37264,28.7935200000001,29.9
"FR050C",-11.98,-8.6622,-7.54616,-7.02792,-6.64528,-6.2144,-5.9,-5.60156,-5.30408,-5.09,-4.92,-3.72,-3.0164,-2.4176,-1.91,-1.43,-1.05,-0.75,-0.38,-0.09,0.19,0.43,0.7,0.96,1.22,1.4496,1.68,1.93,2.18,2.39,2.6276,2.83,3.06,3.29,3.49,3.73,3.91,4.13,4.32,4.56,4.76,4.98,5.1996,5.43,5.69,5.96,6.2072,6.43,6.6884,6.96,7.21,7.49,7.8,8.11,8.41,8.7076,8.97,9.29,9.5744,9.8,10,10.28,10.55,10.79,11.05,11.3436,11.56,11.8,12.06,12.31,12.51,12.79,12.98,13.2184,13.49,13.75,13.9552,14.18,14.39,14.61,14.85,15.0432,15.2688,15.45,15.67,15.9,16.11,16.36,16.5624,16.82,17.05,17.3292,17.63,17.9404,18.23,18.4916,18.76,19.0428,19.3684,19.704,20,20.3352,20.65,21,21.36,21.94,22.6532,23.38,24.3488,24.48188,24.69,24.85924,25.04264,25.4444,25.63176,25.95264,26.48352,27.2144000000002,28.7
"FR051C",-9.25,-5.4122,-4.59496,-4.02396,-3.69352,-3.2888,-2.99112,-2.82308,-2.64352,-2.52,-2.3644,-1.1588,-0.4132,0.1924,0.716000000000001,1.2072,1.73,2.16,2.56,3.006,3.36,3.66,3.9928,4.25,4.504,4.78,5.01,5.24,5.43,5.642,5.87,6.08,6.25,6.45,6.69,6.85,7.05,7.23,7.42,7.618,7.83,8,8.1548,8.3104,8.47,8.63,8.8172,8.99,9.14,9.31400000000001,9.52,9.68,9.8508,10.02,10.21,10.43,10.6132,10.82,11.01,11.21,11.3956,11.6,11.8268,12.02,12.21,12.41,12.62,12.85,13.05,13.22,13.4,13.59,13.76,14.0084,14.21,14.4,14.59,14.76,14.93,15.102,15.32,15.5232,15.69,15.85,16,16.1756,16.35,16.53,16.71,16.86,17.0736,17.26,17.46,17.67,17.87,18.09,18.3372,18.53,18.7684,19.07,19.4,19.74,20.06,20.44,20.82,21.34,22.06,22.8876,24.0632,24.23188,24.41704,24.69308,24.96528,25.2466,25.59352,25.80264,26.59264,27.69088,31.39
"FR052C",-10.89,-5.93352,-5.21176,-4.50132,-4.17176,-3.81,-3.48848,-3.25,-3.08352,-2.85188,-2.7188,-1.75,-0.78,-0.16,0.488000000000001,0.99,1.49,1.89,2.28,2.646,3,3.31,3.6428,3.98,4.24,4.53,4.77,4.98,5.22,5.42,5.6176,5.8332,6.03,6.2,6.42,6.59,6.77,6.94,7.12,7.32,7.4936,7.69,7.87,8.0404,8.21,8.3916,8.57,8.76,8.9384,9.12,9.3,9.48,9.6308,9.85,10.03,10.19,10.39,10.56,10.76,10.99,11.2,11.41,11.63,11.83,12.048,12.23,12.43,12.65,12.83,13.02,13.2116,13.42,13.61,13.8,13.97,14.13,14.31,14.5,14.67,14.84,15,15.16,15.36,15.52,15.7,15.8356,16,16.2,16.36,16.51,16.69,16.88,17.1,17.3,17.48,17.65,17.86,18.0828,18.34,18.61,18.89,19.1952,19.5508,19.88,20.322,20.8,21.4864,22.23,23.5344,23.6998,23.97704,24.2,24.41056,24.6366,24.85176,25.31792,25.57176,26.5944000000002,30.43
"FR053C",-9.37,-5.56176,-4.7044,-4.01528,-3.76528,-3.4032,-2.93264,-2.79308,-2.58056,-2.43396,-2.2944,-1.14,-0.4232,0.11,0.668000000000001,1.12,1.55,2.0148,2.4904,2.936,3.3,3.61,3.94,4.22,4.49,4.71,4.98,5.27,5.5,5.72,5.93,6.16,6.36,6.56,6.77,6.9556,7.19,7.4,7.6,7.78,7.97,8.1492,8.33,8.5,8.66,8.81,9,9.1828,9.38,9.56,9.73,9.93,10.13,10.3164,10.51,10.7276,10.9532,11.1388,11.3444,11.57,11.78,11.97,12.19,12.38,12.61,12.83,13.08,13.3,13.54,13.75,13.97,14.1872,14.39,14.58,14.75,14.96,15.14,15.36,15.56,15.77,15.96,16.13,16.31,16.5144,16.7,16.89,17.1,17.26,17.48,17.69,17.87,18.05,18.28,18.51,18.76,19,19.26,19.4628,19.8,20.064,20.37,20.71,21.0908,21.5764,22.01,22.58,23.3,24.07,25.4644,25.73,25.8776,26.17308,26.3237600000001,26.6688,27.15352,27.54396,28.19056,29.2248400000002,32.66
"FR054C",-5.18,-2.77484,-2.17,-1.56,-1.30176,-1.0622,-0.87528,-0.68308,-0.33,-0.14792,0.1268,1.28,2.12,2.7524,3.39,3.94,4.48,4.8748,5.25,5.66,5.9916,6.3,6.54,6.88,7.14,7.38,7.65,7.87,8.09,8.31,8.48,8.67,8.84,9.02,9.18,9.35,9.51,9.66,9.79,9.91,10.09,10.25,10.39,10.52,10.67,10.81,10.94,11.09,11.2384,11.4,11.5496,11.72,11.87,12.0264,12.18,12.37,12.56,12.72,12.92,13.12,13.33,13.59,13.7968,14.0124,14.21,14.4,14.59,14.8,14.98,15.17,15.36,15.5572,15.7428,15.96,16.14,16.35,16.54,16.72,16.86,17.02,17.18,17.33,17.47,17.65,17.82,17.9956,18.18,18.35,18.49,18.65,18.84,19,19.1648,19.34,19.57,19.7616,19.98,20.18,20.41,20.674,20.9,21.2052,21.55,21.93,22.39,22.94,23.5732,24.2988,25.2788,25.41396,25.57352,25.71232,25.9484800000001,26.1966,26.77528,27.04,27.58176,28.47132,29.88
"FR055C",-4.79,-1.06176,-0.3544,-0.06132,0.22472,0.54,0.83,0.92,1.1,1.19812,1.3312,2.55,3.27,3.91,4.5,5.0036,5.4892,5.81,6.1504,6.43,6.7,6.92,7.18,7.42,7.62,7.82,8.04,8.2108,8.39,8.54,8.7,8.83,8.96,9.09,9.23,9.35,9.47,9.6,9.73,9.84,9.97,10.09,10.2,10.32,10.426,10.54,10.64,10.75,10.87,10.99,11.1,11.21,11.35,11.47,11.6,11.73,11.88,12.02,12.16,12.33,12.47,12.64,12.8068,12.97,13.138,13.3036,13.47,13.63,13.79,13.96,14.12,14.27,14.43,14.56,14.72,14.84,14.98,15.11,15.26,15.41,15.52,15.65,15.78,15.9,16.03,16.18,16.3012,16.43,16.54,16.69,16.83,16.96,17.09,17.24,17.38,17.52,17.67,17.83,18.01,18.18,18.3696,18.55,18.77,19.0064,19.33,19.73,20.2632,20.88,22.04,22.14188,22.34352,22.46308,22.60264,22.74,22.89176,23.38132,23.75264,24.3835200000001,26.12
"FR056C",-4.74,-0.28276,0.5256,0.80604,1.05,1.2768,1.46472,1.69768,1.8524,1.93604,2.0468,2.9212,3.5068,4.0024,4.4,4.7836,5.11,5.42,5.6404,5.9,6.14,6.35,6.57,6.74,6.92,7.08,7.2252,7.36,7.5,7.62,7.76,7.9,8.05,8.17,8.3,8.44,8.53,8.65,8.76,8.88,8.99,9.11,9.2248,9.32,9.43,9.53,9.66,9.78,9.9,10.02,10.1396,10.25,10.38,10.51,10.64,10.79,10.93,11.09,11.23,11.4,11.57,11.74,11.9,12.07,12.24,12.42,12.59,12.74,12.92,13.086,13.2416,13.4,13.5328,13.68,13.85,14.0196,14.16,14.29,14.4164,14.54,14.68,14.8,14.93,15.05,15.18,15.2856,15.41,15.54,15.67,15.82,15.94,16.05,16.19,16.3,16.41,16.52,16.64,16.79,16.92,17.07,17.23,17.38,17.56,17.77,18.01,18.26,18.6032,19.09,19.7544,19.97,20.12,20.21,20.34528,20.4922,20.77352,21.2332,21.78088,22.2670400000003,24.8
"FR057C",-2.63,-0.63528,-0.11264,0.31736,0.64,0.9212,1.12472,1.34076,1.45944,1.6,1.7856,2.8812,3.67,4.3024,4.68,5.1436,5.55,5.9,6.25,6.53,6.82,7.09,7.3628,7.57,7.77,7.97,8.16,8.33,8.5564,8.72,8.91,9.09,9.28,9.47,9.63,9.79,9.96,10.16,10.31,10.48,10.66,10.79,10.93,11.1104,11.27,11.45,11.6272,11.79,11.96,12.134,12.32,12.49,12.7,12.88,13.07,13.2776,13.52,13.74,14.0044,14.25,14.49,14.71,14.99,15.21,15.4,15.62,15.86,16.1,16.32,16.516,16.74,16.9972,17.2,17.4284,17.644,17.87,18.08,18.29,18.51,18.77,18.97,19.17,19.42,19.65,19.88,20.12,20.35,20.56,20.78,21.07,21.33,21.56,21.82,22.04,22.24,22.49,22.71,22.96,23.16,23.404,23.65,23.87,24.15,24.4564,24.852,25.18,25.62,26.16,26.92,27.05792,27.15,27.24308,27.4,27.4822,27.61176,27.90264,28.33,29.1017600000001,30.79
"FR058C",-9.34,-6.75,-5.42352,-4.59528,-4.25176,-3.7344,-3.39,-3.21,-3.02,-2.86396,-2.7544,-1.4376,-0.6232,0.06,0.488000000000001,1.04,1.54,1.9748,2.3804,2.81,3.1516,3.4772,3.8028,4.05,4.31,4.58,4.85,5.0608,5.29,5.48,5.7,5.88,6.0988,6.3044,6.5,6.69,6.91,7.12,7.3124,7.47,7.66,7.84,8,8.16,8.32,8.51,8.67,8.84,9.01,9.20400000000001,9.37,9.56,9.7508,9.89,10.08,10.28,10.45,10.69,10.9,11.13,11.35,11.51,11.71,11.91,12.1,12.34,12.54,12.7348,12.95,13.15,13.37,13.56,13.79,14.01,14.21,14.4,14.59,14.78,14.9664,15.17,15.37,15.57,15.71,15.8944,16.05,16.2456,16.44,16.63,16.85,17.02,17.2136,17.42,17.63,17.84,18.056,18.26,18.52,18.74,19.0284,19.32,19.6396,19.98,20.39,20.81,21.22,21.78,22.43,23.31,24.59,24.74,24.94056,25.23616,25.48,25.7722,26.0388,26.37132,27.0544,28.43132,31.53
"FR059C",-9.54,-5.56132,-4.49288,-3.98396,-3.69352,-3.3566,-3.10056,-2.94924,-2.73352,-2.57396,-2.4,-1.24,-0.56,0.09,0.62,1.0936,1.6,2.0348,2.45,2.85,3.18,3.53,3.8228,4.14,4.374,4.61,4.86,5.12,5.31,5.57,5.76,5.98,6.17,6.3744,6.62,6.81,6.9712,7.16,7.35,7.54,7.77,7.93,8.1,8.24,8.42,8.6,8.76,8.93,9.12,9.28,9.47,9.6652,9.84,10,10.23,10.42,10.61,10.82,11.0144,11.22,11.45,11.6512,11.86,12.06,12.238,12.47,12.67,12.92,13.12,13.32,13.51,13.71,13.87,14.07,14.27,14.48,14.6652,14.85,15.01,15.2,15.37,15.57,15.76,15.94,16.1,16.28,16.45,16.62,16.8,16.968,17.17,17.36,17.5548,17.76,18.01,18.23,18.44,18.66,18.93,19.24,19.53,19.8552,20.23,20.56,21.02,21.58,22.28,23.1088,24.44,24.57396,24.75,24.88308,25.13264,25.5322,25.89704,26.25528,26.83144,27.7648400000002,32.21
"FR060C",-8.89,-4.67308,-3.83144,-3.23528,-2.92176,-2.5322,-2.19264,-1.96924,-1.71352,-1.49584,-1.3144,-0.1276,0.65,1.3324,1.878,2.5,2.9292,3.32,3.7204,4.04,4.34,4.6272,4.89,5.1684,5.374,5.6,5.8052,5.98,6.2,6.37,6.55,6.72,6.88,7.05,7.18,7.3456,7.51,7.66,7.79,7.93,8.0836,8.23,8.37,8.52,8.67,8.81,8.97,9.11,9.25,9.39,9.5,9.63,9.76,9.9364,10.13,10.29,10.4532,10.64,10.81,10.98,11.19,11.37,11.59,11.7724,11.94,12.12,12.32,12.5248,12.7,12.9,13.08,13.26,13.43,13.5784,13.76,13.92,14.0852,14.25,14.3964,14.55,14.71,14.86,14.98,15.16,15.33,15.44,15.5712,15.71,15.84,15.99,16.1,16.24,16.3748,16.53,16.68,16.83,17,17.1728,17.3484,17.54,17.73,17.9452,18.22,18.5364,18.804,19.26,19.8132,20.61,21.9388,22.19792,22.37,22.65308,22.87,23.0422,23.2793599999999,23.79264,24.28352,25.1370400000003,28.38
"FR061C",-7.97,-4.2888,-3.49088,-2.83452,-2.54176,-2.2032,-1.88264,-1.59616,-1.38056,-1.23,-1.02,0.0436000000000001,0.96,1.4624,2.066,2.6936,3.06,3.4296,3.81,4.16,4.39,4.71,4.97,5.21,5.454,5.66,5.85,6.02,6.24,6.41,6.57,6.74,6.9,7.06,7.23,7.38,7.51,7.67,7.79,7.94,8.09,8.24,8.37,8.51,8.65,8.81,8.98,9.11,9.25,9.38,9.5296,9.6652,9.8,9.98,10.14,10.31,10.47,10.65,10.81,10.99,11.22,11.42,11.6,11.79,11.97,12.16,12.37,12.56,12.75,12.93,13.1416,13.3,13.45,13.62,13.78,13.97,14.13,14.29,14.4364,14.572,14.76,14.92,15.04,15.18,15.33,15.48,15.62,15.75,15.88,16.03,16.16,16.34,16.47,16.61,16.766,16.89,17.08,17.25,17.41,17.57,17.81,18.03,18.28,18.5628,18.83,19.23,19.78,20.41,21.82,21.95792,22.13,22.37,22.59264,22.7922,23.18232,23.3824399999999,23.89056,24.6130800000001,27.94
"FR063C",-14.5,-10.19044,-8.34168,-7.91264,-7.51176,-6.93,-6.59,-6.29464,-5.98704,-5.78,-5.5688,-3.8488,-2.96,-2.3,-1.802,-1.3064,-0.86,-0.5052,-0.19,0.09,0.38,0.67,0.92,1.2084,1.45,1.76,2.05,2.2708,2.51,2.74,3.01,3.2432,3.48,3.7644,4.01,4.23,4.4712,4.68,4.89,5.138,5.35,5.59,5.81,6.02,6.25,6.5,6.74,6.97,7.18,7.42,7.63,7.84,8.07,8.35,8.56,8.81,9.0332,9.28,9.5,9.73,9.98,10.19,10.4368,10.68,10.89,11.14,11.36,11.6248,11.88,12.096,12.32,12.54,12.7628,12.98,13.17,13.38,13.56,13.76,13.96,14.17,14.38,14.62,14.85,15.05,15.28,15.48,15.71,15.91,16.11,16.318,16.54,16.7992,17.06,17.3304,17.61,17.85,18.1372,18.46,18.8,19.12,19.45,19.84,20.17,20.5664,21.022,21.44,22.0132,22.8164,23.9032,24.1698,24.33352,24.53616,24.73,25.0866,25.3451999999999,25.78264,26.0788,26.89044,27.97
"FR064C",-10.99,-6.09176,-5.16616,-4.63396,-4.30176,-3.9766,-3.64,-3.37308,-3.09352,-2.94,-2.7844,-1.86,-0.9232,-0.2476,0.37,0.92,1.43,1.8148,2.19,2.57,2.89,3.27,3.57,3.88,4.144,4.42,4.66,4.86,5.09,5.32,5.51,5.7,5.9,6.09,6.27,6.44,6.63,6.8,6.99,7.17,7.36,7.53,7.73,7.9,8.06,8.23,8.4,8.5728,8.75,8.95,9.1396,9.29,9.44,9.64,9.812,9.99,10.1732,10.38,10.5444,10.79,10.98,11.18,11.39,11.62,11.828,12.01,12.2,12.42,12.61,12.8,12.9916,13.19,13.39,13.5584,13.73,13.9,14.08,14.25,14.41,14.59,14.76,14.95,15.11,15.26,15.45,15.59,15.74,15.9,16.0824,16.25,16.44,16.61,16.81,17.02,17.2,17.3616,17.5772,17.7928,18.03,18.29,18.5996,18.89,19.1808,19.5464,19.962,20.4876,21.1332,21.86,23.1276,23.35,23.66,23.91308,24.07056,24.2222,24.52176,24.85188,25.33088,26.4413200000001,30.21
"FR065C",-11.72,-9.13572,-8.09792,-7.41528,-6.94,-6.4798,-6.0232,-5.52308,-5.32352,-5.11188,-4.8,-3.4188,-2.49,-1.7852,-1.21,-0.76,-0.360799999999999,-0.05,0.37,0.69,1.0116,1.33,1.59,1.86,2.12,2.38,2.7052,2.9708,3.19,3.47,3.7,3.94,4.1188,4.37,4.6,4.78,5.02,5.25,5.5024,5.75,5.9836,6.25,6.49,6.75,6.99,7.2,7.41,7.66,7.86,8.11,8.3596,8.57,8.7908,9.04,9.31,9.57,9.8332,10.0788,10.33,10.59,10.87,11.1412,11.39,11.68,11.9,12.14,12.37,12.61,12.87,13.12,13.36,13.59,13.85,14.04,14.24,14.47,14.67,14.88,15.0764,15.312,15.56,15.76,15.9488,16.15,16.39,16.6,16.85,17.07,17.28,17.518,17.76,17.99,18.2748,18.55,18.83,19.0816,19.35,19.69,20.05,20.42,20.73,21.0652,21.4608,21.8764,22.34,22.85,23.5232,24.3688,25.5688,25.83,26.1281600000001,26.48308,26.76264,26.9244,27.16352,27.51264,27.99528,28.84044,31.29
"FR066C",-2.84,-0.74308,-0.19176,0.21736,0.46824,0.69,1.00736,1.37384,1.6,1.76,1.9812,3.1224,3.7768,4.2848,4.798,5.2636,5.67,5.9848,6.38,6.69,6.98,7.23,7.4328,7.71,7.94,8.2,8.4152,8.6408,8.86,9.05,9.27,9.4432,9.63,9.82,10.03,10.2256,10.41,10.61,10.78,10.95,11.16,11.37,11.5548,11.75,11.92,12.08,12.27,12.46,12.62,12.87,13.04,13.22,13.42,13.6464,13.88,14.13,14.39,14.6188,14.8844,15.11,15.41,15.67,15.95,16.21,16.42,16.6736,16.9592,17.19,17.4,17.69,17.9316,18.19,18.4,18.64,18.904,19.11,19.3552,19.57,19.79,19.99,20.24,20.49,20.75,20.99,21.26,21.49,21.76,22.03,22.31,22.58,22.8036,23.08,23.4,23.6,23.82,24.0516,24.31,24.53,24.7784,25.01,25.22,25.4752,25.7508,25.9964,26.32,26.64,26.99,27.5288,28.1944,28.33396,28.45704,28.65308,28.83792,28.9544,29.14,29.42132,29.76264,30.5826400000001,32.16
"FR067C",-9.56,-5.63044,-5.02264,-4.21188,-3.8976,-3.5098,-3.25264,-2.96616,-2.82,-2.68,-2.5388,-1.3076,-0.61,-0.0575999999999999,0.48,0.9736,1.3784,1.84,2.25,2.696,3.0416,3.37,3.7028,3.99,4.23,4.4796,4.74,5.0008,5.23,5.45,5.67,5.87,6.07,6.29,6.48,6.69,6.92,7.12,7.33,7.53,7.74,7.9,8.07,8.21,8.37,8.5416,8.73,8.9,9.0984,9.28,9.4596,9.6352,9.8208,10.03,10.24,10.46,10.65,10.85,11.05,11.29,11.4956,11.71,11.91,12.12,12.33,12.5836,12.7992,13.01,13.21,13.436,13.67,13.83,14.03,14.22,14.424,14.61,14.84,15.01,15.2,15.42,15.59,15.77,15.94,16.14,16.32,16.51,16.73,16.87,17.0524,17.248,17.45,17.64,17.8448,18.09,18.31,18.54,18.7972,19.0328,19.32,19.62,19.95,20.2352,20.6308,21.06,21.47,22.0776,22.78,23.59,25.02,25.14396,25.41056,25.68232,25.95264,26.1822,26.49176,27.01132,27.75528,28.5222000000001,33
"FR068C",-7.65,-5.12264,-4.4744,-4.13528,-3.52704,-3.1522,-2.81264,-2.68308,-2.45704,-2.23,-2.0788,-0.9988,-0.18,0.39,0.898000000000001,1.33,1.77,2.2348,2.6604,3.02,3.4,3.7872,4.0728,4.33,4.6,4.91,5.19,5.45,5.71,5.97,6.1976,6.4,6.61,6.81,7,7.21,7.3712,7.6068,7.8024,8.01,8.15,8.32,8.5048,8.6904,8.88,9.07,9.2872,9.4428,9.64,9.81400000000001,10,10.24,10.44,10.61,10.83,11.05,11.23,11.45,11.66,11.9,12.12,12.32,12.55,12.78,13.02,13.26,13.4692,13.66,13.8804,14.08,14.26,14.51,14.71,14.93,15.14,15.35,15.58,15.7608,15.96,16.172,16.39,16.59,16.77,16.98,17.17,17.3556,17.57,17.82,17.9624,18.19,18.41,18.64,18.87,19.0704,19.336,19.5916,19.86,20.1728,20.45,20.774,21.08,21.47,21.79,22.24,22.76,23.26,23.9532,24.6288,26.13,26.27792,26.5716800000001,26.74308,26.92264,27.2232,27.71528,28.04924,28.76088,30.60044,32.46
"FR069C",-5.51,-2.10088,-1.41,-1.06528,-0.79176,-0.59,-0.36264,-0.12,-0.01,0.0960400000000001,0.2556,1.3324,2.13,2.73,3.228,3.7,4.1392,4.5448,4.88,5.13,5.4,5.66,5.9,6.1384,6.34,6.54,6.72,6.9,7.07,7.26,7.4076,7.5432,7.7,7.84,7.97,8.14,8.26,8.39,8.53,8.67,8.8,8.94,9.07,9.23,9.35,9.47,9.61,9.7528,9.89,10.03,10.15,10.29,10.4108,10.54,10.68,10.83,10.98,11.1388,11.3044,11.47,11.6356,11.79,11.9468,12.1,12.26,12.43,12.62,12.76,12.94,13.09,13.25,13.4,13.5528,13.71,13.86,13.99,14.14,14.28,14.4464,14.6,14.74,14.88,15,15.1444,15.31,15.43,15.5512,15.69,15.84,15.98,16.12,16.23,16.38,16.52,16.67,16.84,16.99,17.18,17.35,17.56,17.7496,17.9652,18.19,18.48,18.76,19.1,19.57,20.04,21.0188,21.18,21.34352,21.59,21.75,21.9819999999999,22.30176,22.59396,23.13496,24.1657200000002,27.1
"FR070C",-4.16,-0.60452,0.19384,0.44868,0.79824,1.02,1.15,1.35692,1.49648,1.62416,1.7256,2.8912,3.6368,4.28,4.78,5.23,5.6292,5.9148,6.23,6.45,6.74,6.97,7.16,7.39,7.59,7.76,7.9,8.08,8.27,8.42,8.5676,8.7,8.83,8.94,9.04,9.16,9.3,9.42,9.52,9.62,9.74,9.85,9.97,10.07,10.17,10.28,10.38,10.5,10.6,10.714,10.82,10.93,11.06,11.17,11.3,11.44,11.56,11.7,11.84,11.97,12.11,12.2512,12.42,12.61,12.738,12.9,13.05,13.21,13.37,13.52,13.68,13.83,13.97,14.11,14.24,14.38,14.52,14.65,14.77,14.89,15,15.14,15.26,15.39,15.51,15.64,15.76,15.88,15.99,16.1,16.22,16.3592,16.49,16.6204,16.766,16.9,17.04,17.2,17.35,17.54,17.7,17.91,18.1,18.37,18.66,19.0252,19.5332,20.28,21.2732,21.47,21.62704,21.90924,22.09,22.2944,22.51056,22.89,23.3144,23.9822000000001,25.93
"FR071C",-12.09,-9.20088,-7.93264,-7.35132,-6.80176,-6.3444,-5.91264,-5.69308,-5.36352,-5.17396,-4.8644,-3.3888,-2.5532,-1.8776,-1.402,-0.9164,-0.49,-0.16,0.1204,0.456000000000001,0.72,0.9872,1.28,1.55,1.804,2.08,2.33,2.57,2.83,3.07,3.3376,3.59,3.85,4.08,4.36,4.5756,4.78,5,5.2,5.44,5.6836,5.8992,6.1048,6.34,6.59,6.8216,7.05,7.2828,7.5,7.74,7.95,8.14,8.3508,8.64,8.91,9.11,9.33,9.5988,9.83,10.05,10.34,10.59,10.78,11.04,11.29,11.51,11.75,12,12.24,12.46,12.7116,12.95,13.12,13.33,13.59,13.77,13.96,14.17,14.3664,14.57,14.82,15.03,15.2588,15.49,15.71,15.94,16.16,16.38,16.58,16.78,17.01,17.29,17.5048,17.81,18.07,18.36,18.6772,19.01,19.32,19.684,20.0196,20.3752,20.79,21.1664,21.62,22.13,22.67,23.6,24.73,25.02188,25.21352,25.3684799999999,25.66,25.8832,26.46056,26.69,27.12176,28.04088,29.37
"FR073C",-12.84,-8.52088,-7.72088,-7.11264,-6.0352,-5.701,-5.49264,-5.23924,-4.98408,-4.75584,-4.51,-3.1776,-2.22,-1.62,-1.082,-0.56,-0.2,0.1648,0.49,0.816000000000001,1.21,1.5972,1.91,2.2384,2.51,2.77,3.04,3.3108,3.57,3.81,4.0276,4.26,4.49,4.7,4.89,5.12,5.3212,5.53,5.73,5.938,6.15,6.35,6.56,6.77,6.95,7.15,7.33,7.5628,7.7684,8.004,8.24,8.43,8.66,8.8964,9.09,9.29,9.5532,9.77,9.9844,10.18,10.4256,10.69,10.9368,11.17,11.36,11.57,11.79,12.02,12.26,12.48,12.71,12.91,13.08,13.31,13.51,13.72,13.91,14.17,14.38,14.54,14.72,14.9332,15.15,15.34,15.55,15.77,15.98,16.2,16.39,16.59,16.82,17.05,17.26,17.4904,17.75,18.01,18.3,18.57,18.94,19.244,19.5996,19.8852,20.3,20.77,21.22,21.65,22.2,23.16,24.37,24.57,24.71352,24.93308,25.25264,25.65,25.99176,26.3566,27.04176,27.7035200000001,30.22
"FR075C",-5.89,-2.33044,-1.65176,-1.18188,-0.84528,-0.5766,-0.41528,-0.24308,-0.0840800000000002,0.0360400000000001,0.1356,1.34,2.1336,2.8124,3.48,4.03,4.45,4.89,5.2604,5.62,5.89,6.16,6.46,6.68,6.904,7.19,7.4052,7.59,7.79,8,8.16,8.34,8.48,8.6144,8.73,8.88,9.04,9.18,9.3,9.448,9.5836,9.7,9.84,9.96,10.08,10.22,10.36,10.47,10.61,10.73,10.85,10.98,11.11,11.24,11.372,11.53,11.71,11.85,12.02,12.19,12.3456,12.5312,12.7368,12.93,13.09,13.28,13.46,13.62,13.7804,13.97,14.16,14.3,14.45,14.6184,14.77,14.92,15.1,15.26,15.39,15.532,15.69,15.83,15.98,16.12,16.24,16.37,16.52,16.68,16.83,16.96,17.11,17.29,17.4448,17.61,17.75,17.92,18.06,18.25,18.4784,18.65,18.86,19.08,19.32,19.6864,20,20.51,21.09,21.8,23.0244,23.21,23.31352,23.45616,23.66264,23.99,24.30176,24.55792,25.10616,25.9626400000001,28.04
"FR076C",-14.55,-9.8986,-8.78528,-7.92792,-6.87,-6.4086,-6.15264,-5.8,-5.49352,-5.28792,-5.0088,-3.61,-2.7032,-2.1352,-1.592,-1.18,-0.8,-0.41,-0.0596000000000004,0.26,0.55,0.79,1,1.23,1.44,1.73,1.97,2.23,2.4264,2.612,2.79,2.99,3.19,3.41,3.63,3.87,4.1,4.32,4.52,4.75,4.96,5.18,5.44,5.64,5.87,6.12,6.38,6.67,6.9,7.16,7.4596,7.7352,8.0608,8.33,8.66,8.99,9.2332,9.5,9.75,10.02,10.31,10.58,10.8268,11.07,11.31,11.56,11.77,12.01,12.3,12.536,12.7516,12.98,13.25,13.48,13.71,13.9296,14.15,14.3708,14.59,14.822,15.0576,15.28,15.5088,15.69,15.9,16.09,16.31,16.52,16.73,16.98,17.27,17.5392,17.7648,18.08,18.416,18.6716,18.9672,19.26,19.5684,19.85,20.2196,20.57,20.9308,21.33,21.74,22.21,22.7432,23.53,24.6376,24.84396,24.98,25.11616,25.29528,25.4644,25.76,26.17264,26.77408,27.5939600000002,28.67
"FR077C",-12.38,-9.34364,-7.43376,-6.81132,-6.40584,-5.8288,-5.49848,-5.16616,-4.97112,-4.80396,-4.5644,-3.28,-2.3964,-1.78,-1.362,-0.8964,-0.53,-0.19,0.14,0.44,0.711600000000001,1.0172,1.31,1.56,1.834,2.1,2.38,2.6408,2.91,3.13,3.38,3.6232,3.84,4.08,4.31,4.53,4.7412,4.97,5.23,5.448,5.6636,5.9092,6.15,6.40080000000001,6.61,6.85,7.1,7.35,7.6,7.85,8.15,8.41,8.64,8.86,9.11,9.35,9.59,9.8088,10.0644,10.3,10.54,10.8112,11.11,11.36,11.59,11.83,12.09,12.3348,12.61,12.85,13.09,13.29,13.5,13.76,13.95,14.14,14.38,14.61,14.83,15.03,15.25,15.5032,15.7388,15.95,16.19,16.38,16.56,16.7968,16.99,17.25,17.53,17.7592,18.0348,18.34,18.6,18.86,19.18,19.4628,19.7784,20.15,20.4496,20.81,21.2208,21.66,22.082,22.55,23.12,23.7976,24.9444,25.18792,25.33056,25.56924,25.97528,26.1354,26.54528,26.8366,27.35176,28.5457200000002,29.53
"HR001C",-14.43,-11.23,-9.8732,-9.47132,-8.87528,-8.3622,-7.93056,-7.40616,-6.82056,-6.53188,-6.0452,-4.2088,-3.0264,-2.34,-1.77,-1.37,-0.93,-0.5352,-0.25,0.0260000000000014,0.3,0.57,0.84,1.16,1.49,1.82,2.12,2.47,2.78,3.11,3.45,3.74,4.07,4.39,4.72,5.04,5.32,5.6,5.88,6.14,6.45,6.75,7.0148,7.34,7.606,7.8816,8.12,8.43,8.7384,9.04,9.3096,9.63,9.94,10.19,10.5,10.76,11.02,11.3,11.59,11.89,12.17,12.44,12.7,13.01,13.26,13.52,13.75,14.0148,14.3,14.57,14.8116,15.06,15.36,15.59,15.86,16.1396,16.4152,16.7,16.96,17.202,17.4776,17.76,17.98,18.2,18.46,18.72,18.96,19.22,19.4724,19.72,19.92,20.18,20.41,20.7104,21.036,21.34,21.61,21.9028,22.1884,22.504,22.85,23.19,23.54,24.0064,24.49,24.93,25.5432,26.1776,27.2932,27.42396,27.58704,27.77616,27.92528,28.1988,28.51528,28.79132,29.05616,29.3713200000001,31.15
"HR002C",-14.02,-11.11176,-10.17352,-9.51792,-8.66,-8.1388,-7.87264,-7.51616,-7.09056,-6.83,-6.5088,-4.5,-3.3932,-2.66,-2.052,-1.43,-0.95,-0.47,-0.1,0.29,0.65,1.02,1.29,1.61,1.93,2.21,2.46,2.78,3.05,3.29,3.54,3.7732,4.04,4.29,4.55,4.7856,5.0212,5.3,5.56,5.82,6.08,6.34,6.56,6.7704,7.02,7.26,7.5344,7.73,7.99,8.24,8.4996,8.74,9,9.24,9.52,9.7676,10.0432,10.2988,10.5244,10.79,11.07,11.33,11.59,11.87,12.12,12.36,12.63,12.85,13.11,13.32,13.59,13.85,14.06,14.32,14.574,14.8296,15.07,15.31,15.5264,15.77,15.9976,16.25,16.5,16.74,16.97,17.2056,17.46,17.75,18.0324,18.268,18.5236,18.7992,19.06,19.36,19.6,19.8616,20.1572,20.42,20.68,20.994,21.3596,21.6752,21.99,22.33,22.75,23.22,23.7632,24.4288,25.3788,25.45792,25.56,25.65308,25.87264,26.0122,26.21176,26.44264,26.86968,27.37,28.84
"HR003C",-15.32,-11.63188,-10.28144,-9.62132,-9.12176,-8.4488,-8.18528,-7.73772,-7.31408,-7.07792,-6.7188,-4.4464,-3.2132,-2.4176,-1.72,-1.23,-0.810799999999999,-0.45,-0.12,0.28,0.61,0.89,1.1628,1.4984,1.81,2.1596,2.5052,2.8108,3.17,3.45,3.8,4.13,4.4,4.68,4.95,5.2656,5.56,5.84,6.1724,6.46,6.72,6.9792,7.2548,7.53,7.82,8.11,8.44,8.78,9.1184,9.434,9.73,10.0652,10.37,10.65,10.97,11.3076,11.5732,11.87,12.17,12.48,12.76,13.0812,13.36,13.6024,13.91,14.24,14.5392,14.8148,15.06,15.33,15.6,15.8572,16.16,16.39,16.624,16.87,17.15,17.4408,17.72,17.98,18.21,18.48,18.73,18.99,19.23,19.49,19.75,19.99,20.23,20.47,20.71,20.9792,21.19,21.45,21.686,21.94,22.25,22.54,22.86,23.2,23.53,23.8752,24.28,24.7264,25.17,25.7376,26.2632,26.86,27.8144,27.91396,28.09352,28.31308,28.49264,28.62,28.80176,29.11264,29.34176,30.0070400000003,32.15
"HR004C",-16.26,-11.39144,-10.16088,-9.48716,-9.03176,-8.5244,-8.09264,-7.6754,-7.25056,-6.9,-6.5288,-4.4188,-3.1164,-2.3776,-1.8,-1.2164,-0.75,-0.37,-0.04,0.28,0.57,0.96,1.33,1.6484,2.07,2.39,2.72,3.01,3.3564,3.66,4.01,4.31,4.63,4.93,5.24,5.5256,5.8512,6.15,6.49,6.778,7.0236,7.2692,7.5648,7.86,8.12,8.44,8.74,9.1,9.42,9.72,10.06,10.39,10.71,11,11.3,11.58,11.89,12.2,12.47,12.8,13.1,13.38,13.74,14.02,14.27,14.5872,14.89,15.15,15.45,15.696,15.9816,16.2872,16.58,16.84,17.12,17.38,17.67,17.93,18.21,18.44,18.7,18.93,19.19,19.46,19.68,19.95,20.19,20.45,20.69,20.918,21.18,21.4392,21.73,21.98,22.206,22.46,22.75,23.06,23.3784,23.724,24.03,24.4052,24.78,25.23,25.74,26.2452,26.82,27.4788,28.3544,28.45,28.62352,28.80616,28.96056,29.1644,29.36176,29.70396,30.01264,30.4926400000001,31.88
"HR005C",-8.06,-5.00264,-4.11264,-3.25132,-2.73056,-2.2622,-2.02264,-1.5208,-1.21408,-0.82,-0.4908,1.03,1.7768,2.35,2.958,3.4436,3.85,4.19,4.54,4.876,5.14,5.47,5.7128,5.98,6.21,6.42,6.63,6.87,7.12,7.33,7.53,7.72,7.92,8.14,8.33,8.5,8.7,8.91,9.09,9.26,9.48,9.6892,9.9,10.08,10.286,10.52,10.72,10.92,11.13,11.334,11.5596,11.76,12,12.21,12.49,12.74,12.97,13.18,13.41,13.64,13.87,14.14,14.3668,14.6524,14.898,15.15,15.38,15.61,15.86,16.09,16.32,16.5572,16.78,17.01,17.244,17.48,17.7252,17.96,18.2,18.49,18.7376,18.97,19.24,19.51,19.73,19.98,20.23,20.4868,20.73,21.018,21.25,21.5,21.73,21.98,22.2,22.42,22.64,22.89,23.11,23.36,23.64,23.93,24.2108,24.55,24.882,25.27,25.61,26.1,26.71,26.80584,26.96352,27.08308,27.25056,27.3722,27.57352,27.70528,28.1,28.5617600000001,29.69
"HR006C",-5.27,-2.9822,-1.78264,-1.19924,-0.54584,0.1156,0.43736,0.72076,0.99648,1.33604,1.616,2.7124,3.7468,4.3524,4.79,5.22,5.65,6.01,6.31,6.626,6.9,7.1872,7.44,7.69,7.88,8.08,8.26,8.46,8.6464,8.822,9.03,9.22,9.4,9.57,9.77,9.94,10.13,10.32,10.5024,10.688,10.85,11.03,11.21,11.42,11.596,11.78,11.96,12.19,12.4,12.59,12.79,12.96,13.22,13.45,13.72,13.96,14.22,14.48,14.71,14.94,15.17,15.38,15.67,15.91,16.14,16.35,16.6192,16.84,17.11,17.33,17.58,17.7872,18.05,18.25,18.474,18.7,18.93,19.13,19.3864,19.63,19.86,20.1,20.37,20.61,20.88,21.1356,21.3812,21.6,21.84,22.088,22.33,22.55,22.81,23.0504,23.26,23.51,23.71,23.9328,24.19,24.42,24.6196,24.9,25.22,25.5364,25.842,26.19,26.5532,26.99,27.7144,27.79396,27.88,27.97616,28.08056,28.25,28.44176,28.5266,28.76528,29.16044,30.11
"HR007C",-9.55,-6.98408,-5.89264,-5.3432,-4.72584,-3.8366,-3.37112,-3.01308,-2.58408,-2.2298,-1.9944,-0.3488,0.66,1.3824,2.02,2.55,3.0484,3.4396,3.79,4.12,4.4516,4.71,5.02,5.3484,5.67,5.9596,6.2052,6.47,6.74,6.98,7.23,7.45,7.67,7.9244,8.16,8.41,8.6612,8.8668,9.0924,9.32,9.55,9.78,10.03,10.2304,10.45,10.68,10.91,11.1328,11.38,11.58,11.83,12.08,12.33,12.55,12.77,13.03,13.2432,13.5,13.7644,14.06,14.28,14.56,14.7968,15.02,15.28,15.5236,15.78,16.0248,16.29,16.52,16.7616,17.01,17.2428,17.52,17.75,17.99,18.3,18.5708,18.8064,19.13,19.39,19.63,19.87,20.1544,20.43,20.66,20.9212,21.16,21.45,21.73,22.0336,22.2892,22.5448,22.81,23.08,23.29,23.5772,23.86,24.12,24.38,24.66,24.98,25.32,25.67,25.98,26.36,26.85,27.34,28.1044,28.23396,28.3,28.43,28.52264,28.65,28.85176,29.00264,29.22088,29.70132,31.31
"HU001C",-18.05,-13.09904,-11.8844,-10.74772,-9.91408,-9.152,-8.7232,-8.38308,-8.07056,-7.87396,-7.6732,-5.97,-4.66,-3.8176,-3.02,-2.4964,-2.0408,-1.67,-1.23,-0.89,-0.56,-0.2,0.11,0.438400000000001,0.8,1.07,1.38,1.72,2.0464,2.36,2.65,2.9932,3.27,3.55,3.88,4.2056,4.49,4.7668,5.08,5.358,5.63,5.9192,6.23,6.53,6.806,7.1,7.4072,7.76,8.0584,8.39400000000001,8.69,9.01,9.32,9.62,9.97,10.25,10.6,10.9,11.21,11.49,11.8,12.1512,12.4668,12.8024,13.1,13.38,13.67,14,14.2604,14.53,14.7916,15.08,15.36,15.6184,15.9,16.22,16.52,16.79,17.04,17.29,17.58,17.81,18.03,18.29,18.54,18.78,19.0512,19.3,19.59,19.828,20.08,20.3,20.6148,20.89,21.14,21.3816,21.66,21.9628,22.24,22.56,22.8996,23.26,23.59,23.99,24.47,24.96,25.56,26.3288,27.3444,27.52396,27.64056,27.78308,27.94264,28.18,28.34176,28.62132,28.86528,29.5032000000005,32.48
"HU002C",-17.67,-14.68264,-12.5052,-11.7998,-11.28176,-10.7444,-10.41264,-10.03464,-9.7,-9.49584,-9.32,-7.16,-5.9732,-5.1,-4.22,-3.57,-3.0008,-2.5752,-2.19,-1.85,-1.4884,-1.1528,-0.8372,-0.54,-0.266000000000001,0.04,0.26,0.51,0.806399999999999,1.09,1.3576,1.63,1.89,2.21,2.49,2.7956,3.11,3.41,3.71,3.99,4.29,4.58,4.85,5.1404,5.44,5.7716,6.09,6.36,6.6484,7.01,7.31,7.68,8.03,8.3564,8.67,9.04,9.36,9.6988,10.01,10.32,10.61,10.95,11.22,11.5624,11.868,12.1536,12.4792,12.8148,13.07,13.35,13.68,13.9672,14.29,14.57,14.89,15.1796,15.4352,15.73,16.0164,16.27,16.46,16.69,16.93,17.21,17.48,17.7256,18,18.21,18.4624,18.72,18.99,19.22,19.46,19.74,19.99,20.26,20.5672,20.83,21.12,21.38,21.68,22.0252,22.39,22.83,23.252,23.7276,24.26,24.9088,26.1444,26.27396,26.47704,26.67,26.75,27.0522,27.23232,27.63132,27.92264,28.3266000000003,30.44
"HU003C",-16.85,-13.93352,-12.84968,-12.17188,-11.29408,-10.8144,-10.04264,-9.22464,-8.97,-8.72584,-8.3188,-6.24,-5.0132,-4.2576,-3.46,-2.92,-2.42,-2.0052,-1.54,-1.134,-0.788399999999999,-0.44,-0.0872000000000003,0.218400000000001,0.53,0.83,1.2,1.55,1.8064,2.07,2.38,2.68,2.96,3.25,3.59,3.92,4.24,4.57,4.9124,5.178,5.56,5.82,6.1448,6.49,6.77,7.0316,7.37,7.6728,7.99,8.284,8.65,8.97,9.3108,9.66280000000001,10.06,10.39,10.7432,11.0588,11.42,11.76,12.07,12.33,12.66,12.9424,13.22,13.5372,13.8492,14.14,14.45,14.786,15.1,15.4072,15.72,16,16.33,16.64,16.96,17.2008,17.46,17.74,17.99,18.25,18.53,18.76,18.99,19.23,19.4912,19.7768,20.0224,20.26,20.54,20.77,21.0348,21.2404,21.5,21.77,22,22.35,22.6784,23,23.3296,23.6852,24.05,24.46,24.9,25.3776,25.9332,26.58,27.81,27.94396,28.15,28.32,28.5332000000001,28.8222,28.99,29.19132,29.53,30.12044,32.29
"HU004C",-14.14,-11.9032,-10.76232,-9.43132,-8.99176,-8.6388,-8.12264,-7.78308,-7.47352,-7.23792,-7.05,-5.0564,-3.6532,-3.0076,-2.33,-1.85,-1.4116,-1.04,-0.7,-0.37,-0.07,0.27,0.5928,0.97,1.29,1.6296,1.9552,2.2916,2.62,2.912,3.28,3.56,3.8988,4.22,4.54,4.85,5.17,5.47,5.6924,6,6.27,6.5692,6.8548,7.1,7.38,7.6416,7.97,8.3028,8.5884,8.89,9.22,9.51,9.81,10.1,10.42,10.7176,10.99,11.2688,11.59,11.9,12.18,12.4812,12.7568,13.05,13.376,13.66,13.9,14.19,14.47,14.79,15.05,15.29,15.54,15.82,16.064,16.3296,16.62,16.92,17.15,17.38,17.61,17.87,18.1088,18.34,18.57,18.8256,19.11,19.37,19.63,19.87,20.11,20.31,20.61,20.84,21.086,21.36,21.63,21.8956,22.2384,22.544,22.88,23.18,23.58,24,24.48,25,25.53,26.24,27.25,27.34584,27.49704,27.64,27.81528,28.0022,28.18176,28.54132,28.86176,29.24044,31.42
"HU005C",-16.68,-13.26176,-12.23088,-10.95772,-10.34408,-9.59,-8.83904,-8.38,-8.01056,-7.63396,-7.36,-5.8788,-4.67,-3.8576,-3.182,-2.6,-2.17,-1.7252,-1.3496,-0.95,-0.58,-0.23,0.09,0.44,0.81,1.11,1.47,1.8,2.11,2.382,2.6876,2.95,3.26,3.53,3.89,4.21,4.55,4.82,5.19,5.568,5.86,6.15,6.4348,6.83,7.13,7.39,7.71,7.97,8.3184,8.64,8.96,9.31,9.6708,9.9864,10.332,10.71,11.06,11.37,11.68,11.97,12.27,12.6412,12.9,13.17,13.43,13.77,14.05,14.33,14.71,15.036,15.31,15.62,15.92,16.19,16.494,16.8096,17.0752,17.37,17.61,17.862,18.12,18.38,18.63,18.8744,19.11,19.34,19.62,19.84,20.13,20.398,20.61,20.87,21.08,21.34,21.59,21.8416,22.1172,22.43,22.7284,23.06,23.3896,23.75,24.1,24.4564,24.932,25.3976,25.98,26.6088,27.7188,27.90792,28.04056,28.21,28.38264,28.5932,28.74704,29.19396,29.5144,29.96088,31.96
"HU006C",-15.29,-12.40012,-10.372,-9.43264,-8.90352,-8.4744,-8.06,-7.46308,-7.25168,-7.00564,-6.7644,-4.77,-3.7732,-2.91,-2.24,-1.59,-1.2,-0.83,-0.44,-0.17,0.17,0.53,0.89,1.26,1.64,2,2.38,2.77,3.12,3.422,3.72,4.02,4.31,4.63,4.91,5.2356,5.53,5.88,6.15,6.44,6.77,7.04,7.32,7.64,7.956,8.27,8.57,8.87,9.1784,9.49,9.75,10.1352,10.52,10.84,11.13,11.43,11.79,12.1088,12.39,12.7,13.0056,13.27,13.6,13.88,14.176,14.47,14.8092,15.12,15.42,15.69,15.97,16.25,16.52,16.84,17.15,17.4396,17.7,17.9508,18.2564,18.48,18.74,18.98,19.2888,19.54,19.77,20.04,20.28,20.5068,20.7224,21,21.26,21.52,21.81,22.08,22.37,22.6216,22.8672,23.15,23.47,23.81,24.15,24.49,24.86,25.2428,25.79,26.28,26.81,27.6364,28.58,28.78,28.90352,29.04,29.2,29.4532,29.66176,29.94132,30.16232,30.9817600000001,32.23
"HU007C",-16.81,-12.33804,-11.48,-10.1566,-9.30232,-8.6666,-7.98376,-7.54924,-7.23352,-6.95188,-6.6788,-4.97,-3.9132,-3.1176,-2.5,-1.93,-1.56,-1.14,-0.71,-0.333999999999999,0.02,0.37,0.7228,1.08,1.41,1.7496,2.08,2.4208,2.6864,3,3.28,3.6,3.88,4.2,4.43,4.7656,5.04,5.3,5.58,5.86,6.14,6.45,6.72,6.99,7.29,7.56,7.87,8.17,8.46,8.74,9.05,9.35,9.6508,9.98,10.29,10.57,10.8932,11.19,11.4944,11.79,12.09,12.37,12.66,12.96,13.27,13.57,13.87,14.15,14.45,14.73,15.05,15.31,15.55,15.78,16.04,16.3296,16.65,16.89,17.11,17.34,17.5876,17.82,18.0688,18.2844,18.54,18.77,19.04,19.26,19.5,19.71,20.02,20.3,20.5648,20.84,21.1,21.38,21.66,21.96,22.26,22.61,22.94,23.26,23.6,24.0564,24.592,25.0876,25.7464,26.48,27.5208,27.66792,27.79704,27.88,28.0184800000001,28.19,28.52704,28.8950799999999,29.46352,30.14,31.89
"HU008C",-15.23,-12.38628,-11.30056,-10.19056,-9.47,-8.8876,-8.6132,-8.04,-7.74872,-7.51396,-7.3776,-5.5188,-4.17,-3.4176,-2.692,-2.1864,-1.68,-1.2752,-0.91,-0.56,-0.21,0.12,0.49,0.8,1.198,1.56,1.91,2.22,2.5464,2.902,3.18,3.44,3.7788,4.1,4.39,4.71,5.06,5.33,5.6724,5.95,6.2,6.47,6.78,7.0704,7.38,7.6816,7.98,8.3,8.63,8.934,9.25,9.6,9.8608,10.2564,10.55,10.86,11.21,11.52,11.85,12.15,12.44,12.73,13.0368,13.32,13.64,13.9236,14.2392,14.54,14.8404,15.156,15.41,15.67,16.01,16.27,16.48,16.78,17.0752,17.38,17.6364,17.94,18.17,18.4,18.64,18.88,19.17,19.41,19.6412,19.89,20.14,20.42,20.69,20.9392,21.24,21.5,21.746,22.0016,22.2872,22.6,22.89,23.18,23.47,23.83,24.22,24.5964,25.072,25.56,26.1764,26.9,27.9932,28.14188,28.27,28.39308,28.57528,28.7444,28.9,29.19264,29.43704,29.9826400000001,32.06
"HU009C",-17.61,-12.52308,-11.8144,-10.31452,-9.60704,-9.1808,-8.54528,-8.18156,-7.75352,-7.46396,-7.27,-5.5464,-4.2632,-3.4876,-2.792,-2.2564,-1.74,-1.37,-1.06,-0.67,-0.27,0.0872000000000003,0.4328,0.77,1.12,1.5,1.79,2.09,2.4,2.69,3.01,3.32,3.63,3.95,4.24,4.51,4.82,5.1568,5.4224,5.66,5.9572,6.23,6.5348,6.84,7.18,7.46,7.7372,8.03,8.36,8.63400000000001,8.93,9.27,9.57,9.88,10.19,10.4776,10.8,11.1188,11.4188,11.77,12.0856,12.36,12.68,12.94,13.258,13.56,13.87,14.15,14.43,14.72,14.96,15.22,15.49,15.75,16.03,16.36,16.6304,16.92,17.14,17.42,17.65,17.89,18.1288,18.3744,18.67,18.88,19.12,19.3668,19.6,19.86,20.11,20.37,20.67,20.95,21.2,21.43,21.7,22.02,22.29,22.6,22.9196,23.3152,23.6808,24.1,24.54,25.08,25.6632,26.43,27.3944,27.51396,27.60352,27.82,27.93264,28.0622,28.20176,28.44264,28.79704,29.5722000000001,32.02
"HU010C",-14.81,-11.97132,-10.75088,-9.87396,-9.36176,-8.8988,-8.25584,-7.71308,-7.44,-7.03792,-6.8364,-4.9988,-4.0432,-3.3176,-2.63,-2.16,-1.7016,-1.29,-0.96,-0.613999999999999,-0.29,-0.00279999999999973,0.2928,0.66,0.957999999999997,1.2496,1.53,1.83,2.08,2.34,2.6,2.8432,3.1288,3.42,3.76,4.0556,4.34,4.58,4.87,5.12,5.3636,5.69,5.98,6.28,6.59,6.88,7.15,7.49,7.8184,8.11,8.4396,8.74,9.07,9.3764,9.662,9.9776,10.33,10.61,10.94,11.2,11.4656,11.71,12.02,12.3124,12.598,12.92,13.2292,13.49,13.76,14.05,14.29,14.55,14.81,15.05,15.3,15.59,15.85,16.1108,16.3764,16.63,16.8676,17.09,17.32,17.5,17.74,17.9956,18.27,18.48,18.71,18.928,19.19,19.4592,19.75,20.02,20.27,20.53,20.83,21.11,21.4,21.7,22,22.32,22.66,23.08,23.66,24.12,24.69,25.45,26.4732,26.61792,26.77352,26.91,27.07056,27.21,27.36,27.56264,28.04,28.7439600000002,30.94
"HU011C",-15.6,-12.76044,-11.74792,-11.01056,-10.31584,-9.682,-9.08264,-8.57156,-8.27,-7.73792,-7.43,-5.64,-4.45,-3.4976,-2.76,-2.26,-1.7908,-1.36,-0.9696,-0.59,-0.27,0.1,0.5,0.83,1.2,1.6,1.9452,2.3008,2.6064,2.912,3.23,3.56,3.86,4.16,4.45,4.78,5.07,5.41,5.73,6,6.3,6.6292,6.91,7.21,7.52,7.8216,8.14,8.45,8.78,9.08,9.3896,9.7,10.06,10.38,10.732,11.05,11.41,11.6988,12.02,12.33,12.63,12.97,13.26,13.52,13.85,14.13,14.48,14.76,15.09,15.35,15.6616,15.96,16.27,16.53,16.784,17.11,17.36,17.62,17.93,18.19,18.45,18.7,18.96,19.21,19.45,19.68,19.93,20.18,20.43,20.72,20.97,21.2592,21.57,21.81,22.02,22.2616,22.57,22.8628,23.1784,23.47,23.7896,24.09,24.4,24.86,25.34,25.81,26.4032,27.08,28.2,28.31396,28.5176,28.7,28.86,28.98,29.23176,29.50396,29.79528,30.3557200000002,32.25
"HU012C",-19.82,-13.30088,-11.6844,-10.64264,-10.11176,-9.7222,-9.1796,-8.72616,-8.38056,-8.06188,-7.73,-6.02,-4.86,-3.9976,-3.26,-2.7964,-2.4008,-1.94,-1.5596,-1.14,-0.77,-0.41,-0.08,0.208400000000001,0.59,0.9096,1.2152,1.5508,1.84,2.15,2.4476,2.77,3.03,3.35,3.65,3.9556,4.25,4.53,4.77,5.09,5.38,5.67,5.99,6.25,6.51,6.8,7.1472,7.46,7.75,8.06,8.36,8.64,8.93,9.27,9.55,9.83,10.12,10.45,10.75,11.06,11.36,11.67,11.94,12.2824,12.548,12.87,13.17,13.46,13.75,14.01,14.2616,14.55,14.81,15.03,15.32,15.61,15.92,16.16,16.43,16.68,16.92,17.15,17.36,17.61,17.88,18.09,18.3212,18.5668,18.81,19.08,19.33,19.61,19.8648,20.14,20.39,20.64,20.92,21.1928,21.52,21.82,22.14,22.49,22.86,23.2564,23.72,24.2576,24.8432,25.58,26.55,26.68,26.81352,27.02308,27.21528,27.3944,27.54352,27.84132,28.38144,28.99088,31.23
"HU013C",-17.1,-12.26364,-11.14992,-10.22132,-9.66,-9.101,-8.8,-8.54616,-8.18352,-8.02,-7.69,-5.7776,-4.58,-3.7676,-3.092,-2.5564,-2.14,-1.76,-1.39,-1.01,-0.658399999999999,-0.3,-0.01,0.34,0.693999999999999,1,1.3352,1.6008,1.94,2.23,2.5,2.8,3.07,3.43,3.74,4.0256,4.2712,4.55,4.81,5.09,5.4,5.6792,6,6.29,6.54,6.7916,7.09,7.3728,7.68,8.014,8.33,8.63,8.8908,9.2,9.51,9.85,10.1232,10.4488,10.77,11.07,11.3556,11.6112,11.92,12.23,12.52,12.85,13.1492,13.43,13.68,13.96,14.2416,14.4572,14.7428,15.01,15.3,15.5396,15.83,16.06,16.32,16.56,16.78,17.03,17.26,17.55,17.78,17.99,18.23,18.48,18.71,18.97,19.2136,19.5092,19.8,20.0204,20.29,20.57,20.8372,21.1,21.39,21.67,21.99,22.32,22.72,23.1464,23.592,24.0976,24.68,25.4588,26.4988,26.68,26.81352,26.97308,27.11264,27.2444,27.3988,27.58132,28.16088,28.72044,30.44
"HU014C",-15.18,-12.70364,-11.26672,-9.48528,-8.91352,-8.2898,-7.8632,-7.36616,-7.09,-6.92792,-6.8,-5.2188,-4.0564,-3.1676,-2.524,-1.87,-1.48,-1.09,-0.76,-0.37,-0.0483999999999992,0.32,0.63,1.06,1.4,1.76,2.1752,2.47,2.82,3.112,3.4176,3.69,4,4.2888,4.61,4.94,5.25,5.5868,5.8724,6.188,6.51,6.83,7.1148,7.4,7.76,8.0916,8.37,8.6528,8.9884,9.264,9.61,9.96,10.34,10.6764,10.98,11.2576,11.62,11.96,12.24,12.58,12.89,13.17,13.4168,13.69,13.98,14.29,14.58,14.86,15.18,15.48,15.81,16.08,16.3928,16.7,16.944,17.2696,17.51,17.8,18.0464,18.33,18.57,18.82,19.05,19.3,19.56,19.7856,20.02,20.28,20.51,20.76,21.04,21.25,21.5048,21.7504,22,22.28,22.56,22.8428,23.11,23.45,23.7196,24.04,24.38,24.8064,25.26,25.83,26.34,27.04,28.0688,28.2,28.29704,28.49616,28.72528,28.9322,29.20176,29.38132,29.67352,30.2435200000001,31.3
"HU015C",-15.25,-12.01012,-10.69584,-9.93188,-9.18176,-8.5822,-8.0464,-7.62616,-7.31056,-7.14792,-6.92,-4.7752,-3.6764,-2.97,-2.242,-1.71,-1.25,-0.89,-0.5696,-0.21,0.111600000000001,0.43,0.77,1.1284,1.46,1.78,2.09,2.4708,2.86,3.2,3.4976,3.7932,4.1,4.42,4.76,5.12,5.41,5.6968,5.96,6.228,6.54,6.8192,7.09,7.37,7.666,7.9,8.1972,8.52,8.8,9.09,9.4296,9.75,10.09,10.39,10.662,10.99,11.25,11.52,11.89,12.16,12.4,12.69,12.9968,13.26,13.548,13.8536,14.0992,14.38,14.6804,14.96,15.23,15.5,15.77,16.0184,16.23,16.53,16.81,17.08,17.32,17.54,17.82,18.0332,18.3,18.52,18.8,19.0356,19.2812,19.57,19.8,20.02,20.27,20.5192,20.75,21.0304,21.296,21.57,21.87,22.15,22.4,22.73,23.11,23.47,23.8,24.2964,24.76,25.3076,25.8332,26.65,27.6,27.80396,28.00056,28.10308,28.29528,28.4422,28.68176,29.0166,29.40528,29.9422000000001,31.83
"HU016C",-16.19,-13.43572,-12.36704,-11.39584,-10.99056,-10.3288,-9.90056,-9.67616,-9.35464,-8.92584,-8.6276,-6.82,-5.74,-4.74,-4.11,-3.4,-2.86,-2.4052,-2.0096,-1.584,-1.24,-0.9228,-0.5972,-0.3,0.01,0.29,0.58,0.91,1.22,1.48,1.75,1.98,2.31,2.62,2.93,3.22,3.57,3.8468,4.16,4.458,4.76,5.06,5.3648,5.6304,5.92,6.22,6.58,6.88,7.2,7.5,7.8,8.18519999999999,8.51,8.87280000000001,9.2,9.52,9.85,10.1864,10.53,10.82,11.15,11.48,11.77,12.09,12.41,12.73,13.0092,13.35,13.63,13.9,14.2,14.53,14.8228,15.12,15.41,15.6496,15.97,16.23,16.52,16.75,16.9876,17.23,17.4388,17.6944,17.95,18.1656,18.39,18.68,18.96,19.22,19.46,19.69,19.95,20.19,20.46,20.72,20.99,21.27,21.5784,21.86,22.1996,22.49,22.8708,23.2564,23.68,24.13,24.66,25.42,26.68,26.83792,26.97,27.1115599999999,27.28792,27.5022,27.76176,28.0266,28.34264,28.5935200000001,30.4
"HU017C",-15.17,-12.44132,-11.4288,-9.72924,-9.21,-8.5244,-8.34264,-7.83232,-7.43352,-7.23396,-7.05,-5.2476,-3.9232,-3.16,-2.55,-1.9564,-1.52,-1.1352,-0.7596,-0.41,-0.08,0.3072,0.62,0.96,1.33,1.65,1.98,2.37,2.64,2.93,3.23,3.5432,3.85,4.18,4.52,4.7856,5.08,5.4,5.71,6.02,6.25,6.52,6.8248,7.1,7.41,7.6916,8.02,8.31,8.63,8.91,9.2196,9.56,9.84,10.1964,10.52,10.8376,11.09,11.44,11.77,12.06,12.3656,12.66,12.97,13.26,13.56,13.85,14.14,14.4396,14.76,15.02,15.2616,15.51,15.78,16.08,16.35,16.64,16.93,17.2,17.47,17.71,17.9776,18.18,18.42,18.68,18.91,19.2056,19.42,19.6968,19.9524,20.21,20.43,20.67,20.94,21.23,21.47,21.76,22.0072,22.29,22.61,22.89,23.2196,23.5752,23.92,24.37,24.772,25.25,25.97,26.6052,27.5888,27.73,27.84704,27.97308,28.14056,28.3222,28.50352,28.7566,29.15144,29.7752800000002,31.91
"HU018C",-16.38,-11.45,-10.16088,-9.3332,-8.6364,-8.1266,-7.61264,-7.3454,-6.98,-6.69584,-6.3532,-4.7676,-3.64,-2.9,-2.27,-1.7864,-1.33,-0.9452,-0.59,-0.28,0.04,0.36,0.67,1.01,1.28,1.6196,1.9452,2.2308,2.57,2.872,3.14,3.46,3.7588,4.14,4.44,4.73,5.0412,5.2668,5.55,5.808,6.1036,6.41,6.7,6.9404,7.22,7.51,7.83,8.15,8.4284,8.73400000000001,9.0796,9.42,9.72,10,10.31,10.58,10.8932,11.17,11.4844,11.78,12.05,12.29,12.59,12.8724,13.188,13.5236,13.78,14.03,14.29,14.58,14.87,15.1172,15.32,15.59,15.854,16.09,16.38,16.6208,16.85,17.08,17.3276,17.57,17.83,18.0544,18.31,18.56,18.79,19,19.22,19.458,19.72,19.99,20.24,20.54,20.8,21.13,21.3572,21.6,21.9084,22.19,22.4896,22.8652,23.2516,23.5764,24.152,24.6676,25.2632,25.9588,27.0088,27.19,27.3,27.49308,27.61264,27.7244,27.89232,28.13396,28.42088,29.21088,31.42
"HU019C",-13.86,-11.22232,-10.52,-9.97132,-9.2676,-8.8344,-8.32528,-7.82772,-7.31352,-6.96792,-6.842,-4.9876,-4.05,-3.33,-2.732,-2.2,-1.7108,-1.31,-0.88,-0.48,-0.19,0.15,0.4828,0.82,1.15,1.44,1.73,1.98,2.25,2.532,2.7676,3.1,3.42,3.6844,3.9,4.18,4.3912,4.64,4.91,5.17,5.4636,5.77,6.06,6.3004,6.57,6.86,7.12,7.43,7.7884,8.1,8.38,8.64,8.9408,9.2464,9.51,9.8376,10.14,10.42,10.73,11.04,11.35,11.6412,11.95,12.2024,12.52,12.82,13.07,13.39,13.67,13.92,14.18,14.43,14.66,14.95,15.18,15.46,15.69,15.95,16.1864,16.48,16.6476,16.87,17.0588,17.2644,17.54,17.79,18.03,18.28,18.53,18.74,18.9736,19.25,19.5248,19.78,20.03,20.3416,20.6644,20.8928,21.19,21.474,21.81,22.14,22.46,22.89,23.432,23.98,24.4932,25.2976,26.3544,26.58396,26.74,26.83308,27.00528,27.12,27.21,27.51264,27.95,28.6044000000002,30.52
"IE001C",-6.51,-2.18616,-1.0244,-0.65264,-0.23704,0.0978,0.22472,0.44768,0.52,0.70604,0.8112,1.5812,2.0268,2.3924,2.68,2.95,3.23,3.51,3.76,4.01,4.23,4.4172,4.5928,4.78,4.96,5.11,5.28,5.4508,5.6,5.75,5.92,6.07,6.23,6.36,6.48,6.63,6.77,6.91,7.0424,7.16,7.32,7.45,7.58,7.73,7.89,8.02,8.17,8.3,8.43,8.56,8.69,8.81,8.94,9.06,9.192,9.32,9.45,9.6,9.74,9.87,10.02,10.14,10.28,10.46,10.58,10.7236,10.88,11,11.13,11.286,11.45,11.61,11.76,11.93,12.09,12.23,12.36,12.54,12.67,12.84,12.94,13.07,13.21,13.3144,13.43,13.54,13.67,13.8068,13.93,14.05,14.1936,14.32,14.43,14.5904,14.72,14.87,15.02,15.16,15.33,15.5,15.68,15.87,16.08,16.2764,16.53,16.7976,17.2132,17.6388,18.44,18.59396,18.72352,18.89308,19.0311200000001,19.21,19.34704,19.6,19.76264,20.13132,21.17
"IE002C",-3.63,-1.30088,-0.47792,-0.10396,0.14,0.4734,0.70624,0.91692,1.08648,1.24604,1.4556,2.3212,2.9068,3.3224,3.64,3.97,4.22,4.45,4.71,4.95,5.15,5.38,5.57,5.74,5.89,6.05,6.2152,6.37,6.5,6.65,6.8,6.95,7.09,7.24,7.37,7.5,7.61,7.72,7.85,7.99,8.1136,8.22,8.33,8.46,8.576,8.67,8.78,8.91,9.03,9.13400000000001,9.24,9.38,9.49,9.6,9.72,9.84,9.95,10.07,10.2,10.32,10.43,10.57,10.71,10.84,10.97,11.1,11.2592,11.4,11.5304,11.68,11.81,11.96,12.11,12.25,12.41,12.5496,12.6952,12.84,12.96,13.05,13.17,13.32,13.43,13.56,13.68,13.8,13.91,14.0268,14.15,14.28,14.4,14.53,14.64,14.76,14.9,15.04,15.17,15.3,15.4384,15.57,15.75,15.92,16.08,16.26,16.47,16.72,17.04,17.47,18.3,18.39,18.48,18.6,18.74,18.871,19.12528,19.41132,19.60528,20.0639600000002,22.36
"IE003C",-5.92,-2.31836,-1.62792,-1.23,-0.83528,-0.5822,-0.37528,-0.17,0.06648,0.16,0.3256,1.1512,1.86,2.3324,2.728,3.0836,3.36,3.64,3.9,4.15,4.42,4.65,4.87,5.0984,5.25,5.43,5.59,5.76,5.93,6.1,6.23,6.4,6.56,6.7,6.84,6.98,7.13,7.27,7.43,7.57,7.71,7.8392,7.9848,8.12,8.23,8.34,8.47,8.5928,8.72,8.84,8.95,9.1,9.21,9.35,9.47,9.61,9.73,9.8588,9.99,10.11,10.2456,10.37,10.51,10.64,10.78,10.92,11.05,11.2,11.36,11.5,11.64,11.77,11.93,12.1,12.25,12.37,12.48,12.62,12.74,12.87,13,13.11,13.2288,13.38,13.49,13.6156,13.74,13.86,13.98,14.11,14.2336,14.37,14.48,14.65,14.79,14.89,15.04,15.22,15.38,15.534,15.72,15.92,16.11,16.3464,16.592,16.9076,17.3332,17.8976,18.84,18.93396,19.1,19.19,19.35528,19.5466,20.02176,20.34396,20.78232,21.7983600000003,22.94
"IE004C",-8.51,-3.03452,-1.80176,-1.30132,-0.92352,-0.6466,-0.38264,-0.14,0.0229599999999999,0.16,0.29,1.29,2.0368,2.5124,2.99,3.3136,3.63,3.92,4.1804,4.48,4.73,4.95,5.17,5.38,5.56,5.71,5.89,6.04,6.19,6.34,6.51,6.65,6.79,6.94,7.07,7.19,7.34,7.48,7.6,7.76,7.87,8.0192,8.14,8.27,8.376,8.48,8.6,8.71,8.84,8.98,9.13,9.25,9.37,9.5064,9.62,9.72,9.84,9.96,10.09,10.2,10.3,10.4212,10.57,10.72,10.86,10.9936,11.1392,11.3,11.41,11.566,11.71,11.84,12,12.14,12.28,12.4,12.54,12.68,12.78,12.9,13.02,13.1332,13.26,13.37,13.5,13.61,13.71,13.85,13.96,14.08,14.21,14.33,14.47,14.59,14.71,14.83,14.97,15.11,15.26,15.4,15.58,15.77,15.99,16.2464,16.49,16.8076,17.2232,17.82,18.7876,18.95792,19.15352,19.29308,19.39792,19.641,19.97528,20.40056,21.05704,22.1922000000001,23.6
"IE005C",-2.79,0.08692,0.70416,1.07736,1.30648,1.4678,1.73472,1.98692,2.08944,2.18604,2.3212,3.24,3.74,4.09,4.37,4.66,4.91,5.17,5.38,5.64,5.84,6.0172,6.22,6.36,6.51,6.67,6.84,7,7.13,7.262,7.4,7.53,7.65,7.8,7.91,8.04,8.15,8.26,8.4,8.5,8.61,8.72,8.84,8.96,9.056,9.15,9.2572,9.35,9.46,9.57,9.68,9.78,9.87,9.97,10.06,10.17,10.31,10.44,10.57,10.69,10.8,10.93,11.06,11.2,11.34,11.49,11.64,11.8,11.92,12.07,12.22,12.35,12.48,12.63,12.76,12.9,13.06,13.1808,13.29,13.41,13.5376,13.6532,13.76,13.87,14,14.11,14.22,14.3268,14.43,14.55,14.6536,14.77,14.88,14.9904,15.1,15.22,15.33,15.46,15.5884,15.7,15.83,15.97,16.13,16.3,16.45,16.6676,16.96,17.29,17.8844,17.98396,18.0476,18.19,18.33264,18.5022,18.72352,18.85264,19.10176,19.5522000000001,21.88
"IT001C",-3.87,-0.0088000000000001,0.84912,1.4202,1.77472,2.0634,2.3,2.54844,2.67648,2.82604,2.94,3.8812,4.5168,5.06,5.5,5.84,6.17,6.4848,6.7904,7.03,7.27,7.47,7.6928,7.92,8.15,8.36,8.57,8.7708,8.97,9.16,9.36,9.55,9.75,9.9344,10.09,10.28,10.47,10.67,10.84,11.018,11.2236,11.41,11.55,11.74,11.91,12.09,12.25,12.3828,12.62,12.84,13.01,13.26,13.51,13.71,13.95,14.1976,14.4632,14.7288,14.94,15.17,15.4156,15.63,15.8668,16.09,16.38,16.61,16.84,17.07,17.2704,17.55,17.7716,18.04,18.2928,18.5784,18.83,19.05,19.28,19.53,19.75,20.06,20.32,20.5232,20.76,21.01,21.29,21.5,21.76,22.06,22.2724,22.51,22.75,22.9592,23.2,23.46,23.71,23.9416,24.2,24.42,24.6684,24.89,25.1,25.3252,25.5608,25.84,26.07,26.36,26.7232,27.17,27.77,27.83396,27.93352,28.05616,28.15528,28.3244,28.5,28.69264,28.94088,29.32132,30.31
"IT002C",-7.36,-3.93132,-3.0144,-2.38056,-2.18176,-2.0822,-1.86,-1.68,-1.55,-1.42396,-1.2744,-0.49,-0.05,0.32,0.66,0.9836,1.3092,1.55,1.81,2.09,2.3516,2.61,2.8628,3.1,3.36,3.59,3.8352,4.09,4.35,4.52,4.8,5.06,5.31,5.55,5.82,6.04,6.34,6.63,6.89,7.168,7.5,7.75,8.07,8.3904,8.716,8.98,9.27,9.5328,9.7984,10.08,10.37,10.6252,10.89,11.14,11.41,11.71,12.02,12.31,12.51,12.77,13.06,13.34,13.6368,13.9024,14.158,14.44,14.7392,15.0148,15.31,15.576,15.86,16.1372,16.37,16.6,16.88,17.1696,17.4,17.61,17.84,18.09,18.3676,18.58,18.85,19.1,19.33,19.6,19.8412,20.11,20.43,20.7,20.97,21.24,21.47,21.77,22.05,22.29,22.5572,22.81,23.1,23.4,23.66,24.0052,24.3,24.67,25.09,25.5776,26.08,26.72,27.7644,27.84188,27.96,28.13308,28.34528,28.5166,28.67176,28.87132,29.26616,29.6388000000003,31.57
"IT003C",-0.98,1.29824,1.98,2.46416,2.92824,3.1856,3.50208,3.76384,3.94,4.09416,4.1856,5.1924,5.8036,6.3224,6.77,7.15,7.45,7.73,7.99,8.246,8.5,8.74,8.93,9.14,9.304,9.46,9.61,9.79,9.95,10.112,10.27,10.41,10.57,10.74,10.91,11.07,11.22,11.4,11.56,11.728,11.8736,12.04,12.18,12.34,12.5,12.69,12.9,13.09,13.2984,13.46,13.63,13.81,14.01,14.21,14.43,14.64,14.8332,15.0588,15.28,15.52,15.7456,16,16.28,16.5,16.73,16.97,17.21,17.46,17.6804,17.93,18.16,18.41,18.65,18.9,19.07,19.31,19.5552,19.78,20,20.22,20.46,20.6932,20.91,21.14,21.35,21.6,21.8212,22.1,22.33,22.508,22.77,22.98,23.19,23.39,23.586,23.79,24,24.21,24.4,24.63,24.83,25.07,25.32,25.54,25.762,26,26.29,26.77,27.3788,27.50396,27.56,27.63308,27.8,27.9075999999999,28.11,28.34396,28.52704,28.89,29.59
"IT004C",-11.54,-6.03308,-4.99088,-4.3432,-3.9988,-3.5798,-3.37056,-3.07924,-2.87704,-2.70396,-2.5044,-1.47,-0.8664,-0.3876,-0.05,0.25,0.519200000000001,0.85,1.11,1.38,1.6516,1.9,2.14,2.3684,2.594,2.8496,3.11,3.37,3.61,3.88,4.17,4.41,4.61,4.84,5.08,5.32,5.55,5.79,6.0624,6.34,6.6636,6.92,7.27,7.57,7.83,8.0716,8.38,8.7,8.96,9.25,9.5196,9.75,10.0208,10.31,10.53,10.7476,11.01,11.29,11.57,11.82,12.08,12.42,12.67,12.96,13.26,13.54,13.81,14.1,14.3804,14.656,14.9316,15.21,15.5,15.72,16.014,16.25,16.5052,16.7908,17.02,17.28,17.5,17.77,18,18.2344,18.47,18.73,18.9612,19.26,19.5124,19.8,20.1236,20.4,20.66,20.92,21.19,21.4616,21.6972,21.92,22.14,22.4,22.64,22.9352,23.1908,23.52,23.82,24.1976,24.6332,25.3164,26.2188,26.36,26.49352,26.62,26.76,26.9322,27.13352,27.43396,27.7544,29.0517600000001,31.15
"IT005C",-0.07,3.48824,4.12472,4.39,4.70824,4.91,5.04472,5.27692,5.35648,5.52604,5.63,6.51,7.08,7.48,7.8,8.1136,8.35,8.6,8.84,9.02,9.2016,9.36,9.49,9.64,9.79,9.93,10.08,10.23,10.36,10.49,10.65,10.79,10.93,11.08,11.22,11.36,11.49,11.63,11.8124,11.97,12.11,12.28,12.46,12.61,12.79,12.95,13.14,13.34,13.5,13.69,13.88,14.07,14.27,14.48,14.712,14.96,15.16,15.41,15.6444,15.87,16.09,16.36,16.5668,16.82,17.04,17.27,17.56,17.82,18.05,18.33,18.55,18.81,19.06,19.3084,19.52,19.71,19.96,20.16,20.38,20.61,20.88,21.14,21.36,21.6,21.82,22.03,22.26,22.45,22.68,22.88,23.07,23.28,23.49,23.72,23.91,24.12,24.33,24.51,24.7,24.884,25.1,25.3,25.5508,25.82,26.13,26.45,26.96,27.63,28.55,28.71792,28.82704,29.05924,29.25264,29.43,29.67,29.82132,30.12616,30.5917600000001,32.61
"IT006C",-6.67,-4.05616,-2.83264,-1.8466,-1.43,-1.0222,-0.74528,-0.57924,-0.42,-0.18792,-0.04,0.9624,1.6136,2.11,2.516,2.87,3.1992,3.47,3.81,4.09,4.41,4.71,4.98,5.22,5.44,5.71,5.94,6.15,6.33,6.53,6.72,6.91,7.07,7.24,7.42,7.6056,7.8,8,8.2,8.39,8.57,8.75,8.92,9.1,9.31,9.46,9.64,9.8428,10.04,10.26,10.45,10.6352,10.86,11.09,11.352,11.56,11.8232,12.07,12.29,12.53,12.79,13.04,13.29,13.5324,13.79,14.01,14.2192,14.44,14.65,14.89,15.09,15.36,15.61,15.8384,16.05,16.2696,16.52,16.75,16.99,17.22,17.48,17.66,17.8688,18.09,18.29,18.46,18.69,18.92,19.15,19.368,19.57,19.78,20.05,20.28,20.55,20.8,21.02,21.23,21.45,21.654,21.93,22.19,22.46,22.74,23.05,23.33,23.68,24.16,25.02,25.13,25.25,25.38,25.57264,25.75,25.88528,26.34,26.53,26.9717600000001,28.47
"IT007C",-6.66,-4.40704,-3.0844,-2.24056,-1.85176,-1.4644,-1.19264,-0.98616,-0.84408,-0.68792,-0.47,0.4112,0.94,1.49,1.908,2.32,2.76,3.09,3.4,3.67,3.95,4.2472,4.52,4.7884,5.07,5.3396,5.59,5.9,6.13,6.38,6.5876,6.84,7.04,7.2644,7.5,7.73,7.98,8.19,8.41,8.64,8.87,9.1,9.31,9.48,9.66,9.86,10.09,10.29,10.52,10.76,11,11.2152,11.4708,11.68,11.93,12.1976,12.4232,12.71,12.9644,13.21,13.43,13.66,13.93,14.18,14.42,14.69,14.93,15.15,15.41,15.67,15.92,16.15,16.43,16.63,16.89,17.2096,17.5,17.74,17.97,18.21,18.47,18.72,18.97,19.3,19.56,19.8156,20.0612,20.3468,20.6124,20.858,21.17,21.4,21.71,21.95,22.27,22.53,22.8672,23.1728,23.46,23.72,24.02,24.33,24.63,24.9664,25.27,25.6276,26.14,26.7588,27.6344,27.77396,27.87,28.06308,28.20264,28.3122,28.53352,28.78132,29.15088,29.3017600000001,30.56
"IT008C",-0.96,2.23956,3.08504,3.58868,3.85648,4.1478,4.35,4.54692,4.82944,5.06604,5.2168,6.1036,6.69,7.2,7.56,7.82,8.1192,8.4348,8.68,8.86,9.07,9.29,9.46,9.64,9.79,9.94,10.12,10.29,10.43,10.6,10.77,10.92,11.06,11.22,11.4,11.57,11.73,11.9,12.09,12.24,12.41,12.59,12.75,12.93,13.1,13.28,13.47,13.66,13.8584,14.064,14.2896,14.48,14.67,14.85,15.04,15.2276,15.45,15.68,15.89,16.11,16.35,16.6112,16.86,17.08,17.358,17.59,17.88,18.11,18.34,18.6,18.85,19.1172,19.34,19.58,19.794,20.02,20.2952,20.5,20.75,20.93,21.19,21.4432,21.6888,21.94,22.17,22.43,22.67,22.92,23.11,23.36,23.6,23.81,24.0048,24.21,24.44,24.6,24.79,25.01,25.23,25.47,25.7396,25.92,26.21,26.48,26.782,27.08,27.53,28.0588,28.83,28.95792,29.04,29.15616,29.37792,29.5522,29.71352,29.97132,30.4132,31.02044,33.72
"IT009C",-11.54,-4.98132,-4.11528,-3.08584,-2.45352,-2.0666,-1.69792,-1.59308,-1.36056,-1.13792,-0.9608,-0.08,0.57,0.9924,1.44,1.8336,2.2,2.5648,2.8704,3.22,3.47,3.83,4.14,4.41,4.674,4.95,5.24,5.5208,5.8164,6.08,6.32,6.61,6.87,7.11,7.35,7.6,7.88,8.1268,8.37,8.62,8.87,9.14,9.3948,9.69,9.97,10.27,10.5472,10.8028,11.0884,11.39,11.65,11.87,12.1408,12.43,12.75,12.99,13.25,13.46,13.7044,14,14.24,14.56,14.82,15.05,15.3,15.5736,15.89,16.14,16.39,16.656,16.98,17.2972,17.61,17.8884,18.17,18.48,18.7552,19.02,19.2664,19.52,19.8176,20.0932,20.34,20.62,20.89,21.1756,21.44,21.74,22.0024,22.32,22.6,22.92,23.19,23.49,23.82,24.11,24.41,24.69,24.9984,25.28,25.57,25.9152,26.29,26.63,27,27.51,28.03,28.6588,29.47,29.61396,29.71352,29.83308,29.96264,30.1022,30.30352,30.54264,30.76088,31.0039600000002,33.32
"IT010C",3.27,4.96824,5.47,5.77868,5.99,6.1246,6.27,6.36692,6.47648,6.58208,6.73,7.56,8.12,8.55,8.92,9.22,9.4292,9.63,9.81,9.996,10.18,10.35,10.51,10.67,10.82,10.9596,11.09,11.2308,11.38,11.53,11.69,11.85,12.03,12.2,12.37,12.53,12.68,12.8468,13.01,13.17,13.33,13.5192,13.69,13.84,14.02,14.22,14.4172,14.58,14.8,14.984,15.18,15.3952,15.61,15.83,16.06,16.3176,16.55,16.84,17.05,17.27,17.51,17.7612,18.04,18.31,18.62,18.8436,19.16,19.43,19.67,19.93,20.17,20.41,20.66,20.94,21.23,21.49,21.7552,22.04,22.3164,22.57,22.81,23.1132,23.34,23.61,23.89,24.17,24.42,24.67,24.95,25.208,25.43,25.65,25.8448,26.04,26.27,26.46,26.69,26.95,27.1584,27.38,27.6196,27.85,28.1008,28.37,28.652,28.9776,29.3832,29.9488,30.8676,30.99792,31.13704,31.30308,31.47792,31.8197999999999,32.03176,32.26396,32.78088,33.05044,34.65
"IT011C",-7.53,-1.43112,-0.97528,-0.31132,-0.07352,0.05,0.23,0.34692,0.57,0.69,0.78,1.54,2.15,2.5624,2.87,3.13,3.38,3.64,3.9,4.13,4.3416,4.5672,4.78,4.96,5.184,5.3696,5.6,5.82,6.0664,6.29,6.58,6.8,7.03,7.26,7.46,7.71,7.99,8.21,8.47,8.758,8.9936,9.24,9.5048,9.8,10.04,10.25,10.4972,10.73,10.98,11.23,11.52,11.77,12.05,12.3464,12.66,12.95,13.23,13.5088,13.82,14.14,14.41,14.65,14.92,15.22,15.518,15.8036,16.05,16.2948,16.55,16.83,17.06,17.35,17.61,17.94,18.18,18.44,18.69,18.94,19.15,19.36,19.59,19.8732,20.08,20.27,20.5,20.74,20.97,21.24,21.48,21.75,22.0336,22.27,22.52,22.78,23.01,23.26,23.47,23.7,23.9384,24.16,24.42,24.71,25.0108,25.36,25.712,26.15,26.56,27.0388,27.8944,27.99188,28.13,28.21308,28.35,28.4888,28.65176,28.80528,29.00088,29.3748400000002,30.34
"IT012C",-6.25,-3.11308,-2.18352,-1.70792,-1.57,-1.3722,-1.24792,-1.06,-0.88352,-0.74396,-0.6144,0.11,0.65,1.07,1.42,1.7736,2.05,2.31,2.5404,2.79,3.0216,3.2372,3.48,3.69,3.92,4.18,4.4,4.6,4.84,5.072,5.31,5.58,5.81,6.03,6.32,6.56,6.83,7.0968,7.42,7.66,7.93,8.16,8.46,8.79,9.08,9.35,9.65,9.9128,10.19,10.48,10.73,11.01,11.29,11.61,11.92,12.1576,12.43,12.7188,13.03,13.28,13.55,13.85,14.12,14.44,14.69,15,15.25,15.53,15.79,16.03,16.37,16.63,16.92,17.2184,17.48,17.76,18,18.26,18.5164,18.74,18.98,19.22,19.43,19.7,19.96,20.2,20.46,20.72,21.03,21.28,21.61,21.84,22.1048,22.42,22.68,22.91,23.2,23.51,23.78,24.064,24.3496,24.64,24.9608,25.31,25.73,26.2,26.6832,27.35,28.12,28.24,28.4,28.52,28.66,28.8522,28.98528,29.41264,29.8232,30.2270400000003,31.54
"IT013C",-9.06,-3.92836,-3.04144,-2.32132,-2.03704,-1.801,-1.60792,-1.45308,-1.31352,-1.21,-1.1044,-0.36,0.1368,0.6,0.998000000000001,1.34,1.72,2.06,2.3604,2.69,2.9316,3.17,3.44,3.66,3.904,4.1896,4.49,4.77,5.02,5.3,5.6,5.89,6.19,6.42,6.67,6.91,7.18,7.5,7.8024,8.11,8.42,8.69,8.98,9.2904,9.62,9.8716,10.1472,10.45,10.75,11.05,11.31,11.59,11.85,12.14,12.47,12.71,13.01,13.27,13.51,13.83,14.1256,14.42,14.65,14.95,15.21,15.48,15.78,16.09,16.38,16.7,16.94,17.2372,17.56,17.88,18.13,18.4096,18.67,18.9008,19.19,19.43,19.71,19.96,20.2088,20.4944,20.73,21.06,21.3712,21.64,21.9024,22.19,22.4836,22.77,23.06,23.33,23.65,23.97,24.23,24.5428,24.84,25.17,25.4796,25.78,26.11,26.5164,26.872,27.3976,27.85,28.4588,29.3144,29.40188,29.49,29.66924,29.78264,29.9344,30.18056,30.4032,30.89088,31.4926400000001,32.46
"IT014C",-15.53,-11.44088,-10.68616,-9.7032,-9.20584,-8.8822,-8.62584,-8.49616,-8.14704,-7.89376,-7.64,-6.14,-5.18,-4.37,-3.712,-3.1864,-2.68,-2.27,-1.91,-1.44,-1.04,-0.68,-0.3372,-0.0115999999999985,0.23,0.4896,0.775200000000002,1.02,1.23,1.46,1.69,1.96,2.22,2.43,2.64,2.88,3.09,3.3,3.54,3.82,4.09,4.34,4.5848,4.83,5.08,5.4,5.69,5.93,6.18,6.41,6.68,6.95,7.25,7.52,7.82,8.11,8.41,8.69,8.9744,9.23,9.46560000000001,9.7912,10.07,10.34,10.63,10.8872,11.14,11.37,11.58,11.826,12.09,12.33,12.57,12.81,13.044,13.33,13.57,13.81,14.03,14.23,14.44,14.66,14.86,15.08,15.31,15.55,15.7512,15.98,16.1924,16.44,16.64,16.86,17.07,17.27,17.51,17.74,17.9872,18.22,18.42,18.68,18.91,19.1452,19.4008,19.69,20.05,20.48,20.91,21.4988,22.2608,22.40792,22.58704,22.72232,23.02792,23.2522,23.43528,23.69132,23.93,24.3966000000003,26.31
"IT015C",-10.14,-7.01352,-6.05496,-5.29848,-4.68696,-4.4366,-3.82432,-3.54308,-3.17704,-2.96168,-2.8032,-1.2988,-0.4764,0.06,0.46,0.88,1.22,1.5948,1.95,2.2,2.4916,2.7572,3.05,3.3184,3.57,3.79,4.0652,4.34,4.6164,4.82,5.06,5.31,5.55,5.77,5.99,6.2556,6.53,6.7668,7.0224,7.28,7.48,7.7392,8,8.23,8.47,8.71,8.94,9.19,9.43,9.69,9.92,10.17,10.45,10.7464,11.01,11.29,11.5264,11.79,12.0144,12.28,12.52,12.8112,13.05,13.33,13.59,13.82,14.0892,14.32,14.56,14.81,15.0316,15.31,15.58,15.83,16.08,16.33,16.57,16.78,17.01,17.242,17.52,17.72,17.93,18.19,18.46,18.71,18.9312,19.15,19.39,19.65,19.91,20.1792,20.4448,20.7,20.98,21.28,21.52,21.77,22.0284,22.31,22.5996,22.88,23.17,23.55,23.97,24.39,24.9032,25.45,26.2732,26.35792,26.49,26.61308,26.78264,27.0188,27.21352,27.34,27.64528,28.1679200000003,29.76
"IT016C",-8.07,-4.1122,-3.22528,-2.39792,-1.9388,-1.6522,-1.40264,-1.16308,-0.97352,-0.69792,-0.55,0.4212,1.0268,1.54,2.008,2.3772,2.72,3.03,3.3604,3.66,3.96,4.2372,4.5,4.7684,5.04,5.3,5.54,5.75,5.96,6.21,6.42,6.65,6.86,7.11,7.35,7.56,7.74,7.95,8.13,8.368,8.6,8.8292,9.04,9.22040000000001,9.49,9.69,9.8972,10.11,10.3584,10.61,10.81,11.04,11.27,11.51,11.752,11.98,12.2032,12.4388,12.6944,12.95,13.21,13.46,13.72,13.96,14.21,14.4636,14.71,14.9248,15.17,15.43,15.71,15.99,16.26,16.5084,16.77,17.0196,17.2952,17.58,17.89,18.112,18.38,18.6332,18.88,19.13,19.41,19.73,20.03,20.26,20.6024,20.83,21.11,21.3992,21.66,21.93,22.26,22.52,22.82,23.14,23.42,23.72,24.0796,24.41,24.7608,25.14,25.532,25.9,26.3632,26.91,27.8444,27.93396,28.05,28.16308,28.27,28.4922,28.77,28.94,29.2832,29.81088,31.91
"IT017C",-2.13,-0.40264,0.39296,0.81208,1.26296,1.829,2.1768,2.38692,2.53944,2.73208,2.8956,3.9312,4.56,4.94,5.33,5.6636,5.97,6.28,6.52,6.746,6.9416,7.18,7.3628,7.57,7.75,7.93,8.12,8.28,8.46,8.66,8.8476,9.0332,9.22,9.39,9.55,9.71,9.89,10.08,10.2424,10.45,10.62,10.81,11.02,11.23,11.43,11.64,11.88,12.1,12.31,12.52,12.7396,12.95,13.2,13.45,13.67,13.92,14.1832,14.3688,14.63,14.88,15.1756,15.39,15.62,15.89,16.14,16.38,16.59,16.8148,17.11,17.37,17.6,17.81,18.12,18.4184,18.66,18.9096,19.16,19.47,19.71,19.97,20.22,20.52,20.78,21.02,21.24,21.53,21.77,22.04,22.3024,22.58,22.86,23.09,23.34,23.5704,23.77,24.03,24.24,24.51,24.7284,25.014,25.2596,25.58,25.86,26.1264,26.43,26.79,27.22,27.6776,28.4344,28.51,28.62352,28.71308,28.81,29.0344,29.15176,29.26264,29.44176,29.6530800000001,31.15
"IT018C",-2.8,-0.90264,-0.1144,0.2534,0.55648,0.98,1.21,1.37768,1.55648,1.68,1.8012,2.92,3.61,4.1,4.55,4.9,5.1592,5.4348,5.6504,5.926,6.1216,6.37,6.58,6.76,6.97,7.15,7.3352,7.53,7.7164,7.92,8.14,8.34,8.51,8.69,8.88,9.1,9.2712,9.47,9.6424,9.87,10.09,10.3092,10.5148,10.74,10.98,11.19,11.4072,11.61,11.83,12.08,12.2996,12.56,12.83,13.11,13.352,13.63,13.89,14.1488,14.37,14.58,14.8456,15.05,15.34,15.61,15.85,16.12,16.4,16.66,16.9304,17.16,17.4016,17.66,17.91,18.15,18.39,18.6596,18.9552,19.18,19.4164,19.63,19.89,20.12,20.37,20.62,20.88,21.11,21.3912,21.64,21.91,22.18,22.43,22.68,22.9,23.13,23.38,23.63,23.89,24.14,24.39,24.634,24.89,25.18,25.46,25.75,26.05,26.43,26.81,27.2488,27.9244,27.98396,28.04,28.14924,28.29264,28.5644,28.70352,28.93924,29.26,29.7057200000002,31.58
"IT019C",-7.03,-4.79792,-4.15088,-3.58792,-3.15528,-2.86,-2.51264,-2.26308,-2,-1.70396,-1.56,-0.1788,0.66,1.2024,1.768,2.2036,2.5792,3,3.2704,3.58,3.85,4.07,4.35,4.6084,4.84,5.03,5.26,5.49,5.7,5.922,6.12,6.33,6.55,6.73,6.97,7.16,7.3212,7.53,7.73,7.93,8.15,8.36,8.61,8.8304,9.07,9.32,9.53,9.7828,9.98,10.17,10.4,10.62,10.84,11.06,11.25,11.49,11.7132,11.97,12.2144,12.46,12.73,12.97,13.2368,13.4924,13.78,14,14.28,14.55,14.8704,15.15,15.42,15.6772,15.9,16.1484,16.404,16.7,16.93,17.17,17.41,17.67,17.8876,18.1532,18.39,18.64,18.92,19.22,19.47,19.75,20,20.27,20.58,20.84,21.09,21.39,21.65,21.95,22.21,22.5128,22.83,23.11,23.3996,23.78,24.09,24.4864,24.84,25.25,25.69,26.1788,27.1244,27.25188,27.38704,27.49,27.7332,27.9222,28.2593599999999,28.69528,29.02,29.48132,31.11
"IT020C",-3.08,-0.73264,-0.29,0.30208,0.51416,0.9156,1.18,1.41,1.59,1.67,1.7956,2.8412,3.4536,3.9824,4.378,4.7336,5.09,5.41,5.72,6.01,6.28,6.5672,6.78,6.99,7.2,7.41,7.6252,7.82,8.03,8.21,8.4,8.59,8.79,9.01,9.2,9.37,9.55,9.73,9.92,10.1,10.3136,10.51,10.72,10.92,11.11,11.28,11.48,11.7028,11.88,12.1,12.3,12.5,12.6808,12.87,13.1,13.3476,13.58,13.7988,14.08,14.34,14.58,14.84,15.07,15.31,15.568,15.84,16.07,16.32,16.56,16.796,17.0516,17.36,17.59,17.8784,18.11,18.35,18.6,18.8508,19.1,19.312,19.55,19.81,20.06,20.32,20.55,20.8,21.11,21.37,21.61,21.868,22.11,22.3492,22.6,22.87,23.08,23.3216,23.5872,23.8,24.0584,24.33,24.5796,24.82,25.09,25.37,25.67,26,26.37,26.85,27.5344,27.61792,27.77,27.83308,28.02528,28.18,28.38176,28.65396,28.98144,29.61088,30.3
"IT021C",-0.51,2.6678,3.42912,3.96548,4.23,4.669,4.95208,5.1,5.35944,5.44,5.5756,6.47,7.07,7.48,7.828,8.1536,8.48,8.77,9.01,9.206,9.43,9.67,9.85,10.01,10.16,10.33,10.5052,10.6608,10.84,11.02,11.1376,11.28,11.44,11.6,11.75,11.9,12.1,12.26,12.41,12.56,12.72,12.8892,13.04,13.23,13.39,13.57,13.7572,13.94,14.12,14.304,14.49,14.7,14.92,15.12,15.35,15.51,15.76,15.97,16.21,16.48,16.73,17,17.22,17.52,17.8,18.0436,18.32,18.57,18.83,19.09,19.33,19.56,19.85,20.12,20.37,20.5796,20.8152,21.0708,21.3064,21.57,21.83,22.06,22.3288,22.5844,22.85,23.09,23.3412,23.62,23.91,24.15,24.41,24.6192,24.85,25.0804,25.28,25.49,25.71,25.9428,26.14,26.36,26.61,26.84,27.08,27.3564,27.63,27.8976,28.2,28.65,29.26,29.33792,29.44352,29.53308,29.66264,29.8266,30.00704,30.23,30.55176,30.9222000000001,32.64
"IT022C",-9.31,-6.0822,-5.18176,-4.81924,-4.1988,-3.7644,-3.51792,-3.27308,-3.05056,-2.82,-2.6788,-1.3976,-0.58,0.0324000000000001,0.67,1.1,1.51,1.87,2.21,2.51,2.8,3.02,3.26,3.52,3.764,3.98,4.21,4.43,4.61,4.8,5.0076,5.19,5.37,5.58,5.75,5.96,6.13,6.32,6.5,6.738,6.96,7.21,7.41,7.6,7.8,8.01,8.2472,8.4828,8.72,8.91,9.13,9.32,9.53,9.72,9.9,10.16,10.3632,10.61,10.86,11.12,11.39,11.63,11.83,12.13,12.41,12.69,12.9792,13.25,13.5504,13.81,14.06,14.32,14.56,14.85,15.14,15.39,15.63,15.84,16.03,16.32,16.59,16.81,17.05,17.3,17.53,17.8056,18.07,18.36,18.63,18.93,19.21,19.4792,19.74,19.98,20.26,20.53,20.78,21.05,21.3484,21.63,21.93,22.24,22.63,22.97,23.342,23.7,24.1732,24.7288,25.4844,25.59792,25.81,25.92924,26.16264,26.4232,26.67056,26.97132,27.14352,27.62,29.27
"IT023C",-0.27,2.08912,2.51912,2.73472,3.01,3.3734,3.72736,3.85692,3.96,4.11,4.3156,5.25,5.9168,6.37,6.85,7.1536,7.45,7.75,7.95,8.15,8.3416,8.56,8.76,8.93,9.11,9.26,9.42,9.6,9.7464,9.91,10.08,10.25,10.39,10.54,10.69,10.86,11.0312,11.18,11.36,11.53,11.6836,11.89,12.05,12.22,12.396,12.55,12.73,12.93,13.14,13.29,13.48,13.6852,13.88,14.0864,14.3,14.5,14.73,14.96,15.18,15.47,15.7,15.93,16.1868,16.47,16.73,16.98,17.23,17.5,17.75,18.05,18.3,18.51,18.75,18.97,19.22,19.45,19.6852,19.92,20.1864,20.41,20.65,20.92,21.19,21.46,21.71,21.96,22.22,22.47,22.7,22.95,23.1636,23.3792,23.5548,23.79,24.01,24.2,24.42,24.66,24.9084,25.14,25.4,25.59,25.8,26.01,26.312,26.6176,26.9632,27.52,28.48,28.64396,28.69,28.87616,29.02264,29.1344,29.38352,29.60132,30.15264,30.6122000000001,33.49
"IT024C",-1.63,1.0956,1.86296,2.2734,2.56648,2.7256,2.96,3.1,3.26648,3.36208,3.5356,4.4224,5.0368,5.51,5.96,6.26,6.54,6.78,7.04,7.26,7.4716,7.64,7.8,7.96,8.12,8.2696,8.42,8.59,8.78,8.93,9.07,9.22,9.36,9.5044,9.66,9.77,9.94,10.1,10.25,10.42,10.58,10.76,10.91,11.07,11.23,11.44,11.63,11.85,12.02,12.204,12.39,12.5852,12.7708,12.98,13.23,13.45,13.6632,13.92,14.17,14.37,14.57,14.8,15.0168,15.2524,15.58,15.85,16.11,16.3648,16.63,16.89,17.14,17.3572,17.55,17.75,17.96,18.21,18.45,18.65,18.94,19.21,19.45,19.67,19.9,20.14,20.41,20.64,20.84,21.0768,21.31,21.48,21.68,21.88,22.08,22.2604,22.48,22.72,22.93,23.15,23.3384,23.554,23.75,23.99,24.19,24.43,24.71,25.07,25.4832,26.1388,27.1188,27.33792,27.45056,27.62,27.95792,28.14,28.39176,28.69264,29.07,29.8944000000002,32.1
"IT025C",2.6,4.23428,4.88648,5.48208,5.77944,6.0378,6.37736,6.48692,6.57296,6.64208,6.72,7.5712,8.0968,8.49,8.79,9.07,9.29,9.5,9.72,9.89,10.06,10.23,10.37,10.5284,10.68,10.8,10.94,11.0808,11.23,11.342,11.4676,11.59,11.72,11.85,11.97,12.11,12.22,12.3568,12.48,12.59,12.74,12.85,12.9948,13.1304,13.27,13.4,13.54,13.68,13.84,13.99,14.1896,14.36,14.56,14.76,14.982,15.2076,15.41,15.61,15.81,16.05,16.26,16.4812,16.6968,16.93,17.128,17.36,17.58,17.81,18.07,18.28,18.49,18.71,18.91,19.15,19.36,19.6096,19.84,20.05,20.25,20.47,20.65,20.85,21.05,21.24,21.48,21.71,21.9,22.08,22.27,22.45,22.65,22.85,23.04,23.2,23.386,23.54,23.74,23.94,24.1,24.29,24.51,24.73,24.9608,25.19,25.47,25.79,26.14,26.61,27.3132,27.39792,27.51,27.63308,27.72,27.8644,27.99528,28.24528,28.71,29.26,30.37
"IT026C",1.85,3.86868,4.47912,4.92604,5.08,5.5078,5.63,5.76692,5.92,6.04,6.14,7.05,7.59,8,8.358,8.68,8.92,9.1348,9.3504,9.516,9.7,9.87,10.04,10.2,10.354,10.5096,10.65,10.82,11,11.16,11.3252,11.46,11.5988,11.73,11.86,12.01,12.14,12.28,12.42,12.57,12.71,12.85,12.98,13.13,13.29,13.4416,13.61,13.8,14,14.17,14.34,14.5452,14.75,14.98,15.19,15.45,15.67,15.91,16.12,16.33,16.59,16.82,17.09,17.3424,17.59,17.8636,18.0992,18.3748,18.62,18.87,19.09,19.35,19.6128,19.87,20.14,20.36,20.6152,20.87,21.1,21.31,21.55,21.79,22.03,22.2744,22.51,22.75,22.97,23.17,23.41,23.66,23.88,24.08,24.29,24.53,24.73,24.9216,25.1472,25.34,25.6,25.81,26.06,26.31,26.5608,26.8764,27.12,27.45,27.82,28.3,29.1388,29.21396,29.29,29.37,29.49264,29.6722,29.84176,30.05132,30.35088,31.0492400000004,32.33
"IT027C",-11.16,-2.63968,-2.07176,-1.52132,-1.29352,-1,-0.85792,-0.72308,-0.6076,-0.5,-0.41,0.2812,0.85,1.28,1.63,1.9336,2.1792,2.45,2.75,3,3.21,3.46,3.68,3.93,4.17,4.4096,4.6652,4.91,5.17,5.51,5.7876,6.0432,6.27,6.55,6.83,7.11,7.35,7.61,7.92,8.188,8.43,8.74,8.99,9.29,9.58,9.83,10.14,10.43,10.69,10.92,11.15,11.45,11.76,12.08,12.35,12.63,12.88,13.22,13.52,13.82,14.0556,14.34,14.64,14.94,15.22,15.51,15.7692,16.03,16.2404,16.53,16.8216,17.08,17.39,17.6684,17.94,18.24,18.4952,18.7508,18.94,19.172,19.45,19.67,19.89,20.12,20.34,20.56,20.8,21.09,21.38,21.67,21.91,22.17,22.42,22.73,23.01,23.28,23.51,23.79,24.04,24.294,24.57,24.8652,25.1808,25.6,25.96,26.46,27.03,27.6476,28.51,28.65792,28.81352,28.94232,29.06264,29.2144,29.42528,29.59132,29.77616,30.3517600000001,31.9
"IT028C",-6.64,-4.12924,-2.9144,-2.38396,-2.07176,-1.7876,-1.59528,-1.4,-1.17,-0.99396,-0.8732,-0.12,0.47,0.84,1.15,1.45,1.75,2.04,2.3,2.55,2.79,2.9972,3.2,3.3684,3.55,3.78,4.01,4.2408,4.46,4.67,4.89,5.1,5.3088,5.55,5.75,5.97,6.23,6.48,6.74,6.998,7.26,7.5,7.8,8.08,8.376,8.64,8.88,9.13,9.3784,9.66400000000001,9.9496,10.21,10.47,10.7364,11.03,11.33,11.59,11.8888,12.1788,12.45,12.7,12.95,13.22,13.51,13.72,14,14.3,14.57,14.8,15.11,15.38,15.6772,15.95,16.27,16.51,16.75,17,17.25,17.51,17.75,17.9576,18.18,18.4388,18.6544,18.88,19.16,19.41,19.67,19.92,20.168,20.42,20.6992,20.9448,21.24,21.43,21.71,21.96,22.24,22.49,22.74,23.06,23.35,23.63,23.96,24.262,24.68,25.1332,25.67,26.52,26.59,26.68352,26.89308,27.0632000000001,27.2666,27.44,27.65528,27.94176,28.5030800000001,29.67
"IT029C",-10.09,-4.95132,-3.76056,-2.73396,-2.16704,-1.8988,-1.63,-1.40616,-1.21352,-1.06396,-0.88,0.09,0.5768,0.97,1.32,1.68,2.0092,2.35,2.6604,2.976,3.2416,3.56,3.83,4.11,4.374,4.64,4.9,5.22,5.5064,5.76,5.9976,6.26,6.5088,6.74,7,7.21,7.44,7.7168,7.98,8.228,8.5,8.77,9.02,9.33,9.66,9.95,10.2272,10.49,10.75,11.024,11.3096,11.58,11.8808,12.1264,12.43,12.7076,12.94,13.1688,13.43,13.68,13.9356,14.22,14.52,14.77,15.06,15.32,15.61,15.86,16.1304,16.4,16.73,17.06,17.35,17.6284,17.9,18.18,18.45,18.7,18.95,19.21,19.4676,19.74,20.0088,20.28,20.56,20.87,21.11,21.4,21.68,21.96,22.23,22.54,22.83,23.1204,23.41,23.73,24.03,24.2728,24.5684,24.84,25.1496,25.47,25.79,26.13,26.552,27,27.4832,28.0588,28.82,28.96,29.03,29.16308,29.25264,29.3822,29.48352,29.78264,30.12528,30.42088,32.55
"IT030C",-2.47,0.0920799999999999,0.63648,0.99736,1.39296,1.719,1.86736,2.06384,2.3124,2.44,2.6556,3.6112,4.17,4.66,5.08,5.4136,5.7492,6.04,6.33,6.6,6.87,7.11,7.3428,7.5584,7.744,7.92,8.16,8.38,8.56,8.76,8.94,9.16,9.34,9.55,9.74,9.93,10.15,10.35,10.58,10.78,10.9836,11.23,11.46,11.7,11.93,12.14,12.39,12.61,12.8684,13.054,13.3,13.51,13.78,13.98,14.25,14.48,14.73,14.9988,15.2844,15.56,15.83,16.11,16.35,16.7,16.97,17.27,17.54,17.8148,18.09,18.37,18.67,18.98,19.3,19.58,19.9,20.16,20.44,20.71,20.99,21.27,21.5476,21.81,22.0488,22.34,22.63,22.89,23.19,23.47,23.76,24.14,24.4,24.65,24.95,25.18,25.41,25.7016,25.98,26.2528,26.58,26.95,27.2496,27.5252,27.8708,28.23,28.55,29.02,29.48,30.1188,30.8844,31.01188,31.12704,31.29308,31.50264,31.6666,31.8988,32.18,32.54088,33.2952800000002,34.67
"IT031C",-1.76,0.8356,1.43912,2.08736,2.47768,2.8668,3.08,3.32,3.48296,3.7,3.8156,4.8224,5.5668,6.0324,6.53,6.87,7.23,7.55,7.81,8.06,8.28,8.49,8.71,8.88,9.07,9.23,9.4,9.55,9.71,9.84,9.98,10.13,10.32,10.46,10.63,10.7756,10.91,11.05,11.21,11.38,11.51,11.67,11.82,12.01,12.16,12.36,12.57,12.72,12.92,13.08,13.32,13.51,13.71,13.9,14.14,14.35,14.55,14.79,14.99,15.2,15.44,15.68,15.92,16.17,16.37,16.5936,16.85,17.0948,17.33,17.56,17.8,18.09,18.31,18.52,18.72,18.9296,19.11,19.33,19.5764,19.792,20.04,20.2632,20.49,20.6944,20.94,21.15,21.3712,21.58,21.85,22.08,22.28,22.49,22.69,22.89,23.09,23.2916,23.53,23.7328,23.94,24.144,24.36,24.59,24.8208,25.08,25.32,25.59,25.94,26.3488,26.97,27.09396,27.23,27.36308,27.46528,27.58,27.68176,27.88132,28.18352,28.6926400000001,29.9
"IT032C",-10.1,-4.79176,-3.25616,-2.52264,-2.27,-2.0144,-1.82,-1.56616,-1.35352,-1.22,-1.1444,-0.24,0.23,0.64,1.048,1.41,1.72,2.0548,2.4,2.7,2.95,3.2372,3.51,3.74,4.03,4.26,4.5352,4.7908,5.08,5.35,5.6,5.87,6.12,6.38,6.65,6.9,7.1412,7.4268,7.74,8.01,8.28,8.5784,8.8648,9.1504,9.44,9.71,10.03,10.31,10.61,10.884,11.11,11.36,11.63,11.92,12.21,12.48,12.7532,13.03,13.31,13.57,13.86,14.14,14.41,14.7124,14.98,15.27,15.5492,15.8,16.1104,16.42,16.66,16.99,17.26,17.58,17.86,18.14,18.35,18.62,18.86,19.122,19.3576,19.63,19.9088,20.15,20.47,20.72,20.99,21.29,21.61,21.85,22.13,22.4492,22.6948,22.98,23.25,23.57,23.8572,24.1228,24.4384,24.744,25.01,25.3052,25.6408,26.02,26.352,26.8,27.3032,27.84,28.7444,28.85,29,29.10308,29.19264,29.3644,29.56,29.82188,30.33176,31.1535200000001,32.21
"IT033C",-17.76,-13.10572,-12.04352,-11.38132,-10.90176,-10.4632,-10.09,-9.69232,-9.36056,-9.13,-8.9432,-7.2688,-6.3732,-5.5852,-4.922,-4.2664,-3.6908,-3.02,-2.5496,-2.12,-1.69,-1.27,-0.9,-0.51,-0.126000000000001,0.19,0.505200000000002,0.79,1.08,1.33,1.6,1.82,2.07,2.33,2.58,2.82,3.04,3.31,3.57,3.79,4.05,4.31,4.59,4.91,5.14,5.4,5.6472,5.91,6.17,6.42,6.7096,6.92,7.18,7.44,7.752,8,8.32,8.55,8.82,9.09,9.3856,9.69,9.96,10.19,10.44,10.67,10.89,11.19,11.44,11.656,11.9116,12.18,12.35,12.5584,12.81,13.05,13.26,13.5308,13.76,14.02,14.26,14.47,14.69,14.91,15.14,15.38,15.6,15.8468,16.07,16.3,16.49,16.71,16.92,17.1404,17.41,17.64,17.87,18.0828,18.33,18.584,18.84,19.13,19.44,19.7264,20.02,20.39,20.84,21.55,22.3732,22.6,22.78352,22.95308,23.12,23.3466,23.66056,23.90792,24.24176,24.8448400000002,26.51
"IT034C",-7.23,-5.44616,-4.50144,-4.03528,-3.76528,-3.5922,-3.36,-3.14616,-3.02352,-2.81,-2.6452,-1.5176,-0.82,-0.32,0.03,0.44,0.78,1.07,1.3504,1.616,1.89,2.14,2.37,2.61,2.85,3.0696,3.3552,3.58,3.8364,4.06,4.32,4.62,4.9,5.14,5.37,5.5956,5.84,6.09,6.37,6.648,6.8936,7.16,7.38,7.62,7.9,8.17,8.4372,8.67,8.94,9.22,9.47,9.75,10.03,10.28,10.56,10.8776,11.18,11.4388,11.74,12.03,12.34,12.62,12.8636,13.1,13.35,13.6236,13.8692,14.15,14.44,14.7,14.94,15.22,15.46,15.7,15.95,16.1796,16.4,16.6108,16.87,17.08,17.3,17.56,17.7888,18,18.22,18.46,18.71,18.9368,19.1824,19.43,19.72,19.9892,20.25,20.5104,20.786,21.07,21.3372,21.58,21.8,22.06,22.34,22.6452,22.97,23.3564,23.772,24.14,24.57,25.1188,25.9344,26.02396,26.18352,26.35232,26.61264,26.73,26.96,27.22132,27.50352,27.69044,28.55
"IT035C",-4.11,-1.45572,-0.2988,0.6868,0.96296,1.4278,1.61944,1.88384,2.06,2.22,2.4824,3.6124,4.47,4.93,5.368,5.7336,6.09,6.41,6.68,6.956,7.2,7.4,7.6,7.77,7.97,8.15,8.36,8.49,8.68,8.84,9.0076,9.14,9.28,9.44,9.58,9.77,9.91,10.05,10.2,10.36,10.51,10.67,10.81,10.94,11.07,11.2616,11.43,11.61,11.79,11.964,12.1896,12.4052,12.63,12.87,13.12,13.37,13.6032,13.8288,14.1,14.35,14.59,14.82,15.0168,15.2,15.39,15.57,15.78,16.0148,16.23,16.42,16.67,16.89,17.12,17.33,17.548,17.7696,17.99,18.2,18.4164,18.66,18.87,19.1,19.29,19.4744,19.69,19.88,20.12,20.3068,20.48,20.71,20.92,21.14,21.4,21.63,21.89,22.1016,22.31,22.56,22.7984,23.024,23.23,23.43,23.68,23.9464,24.252,24.56,24.91,25.3388,26.16,26.26396,26.37352,26.5,26.69264,26.8866,27.08,27.27,27.64176,27.8317600000001,29.81
"IT036C",0.09,2.47648,3.46888,3.90472,4.38648,4.6256,4.85208,4.99,5.24,5.33604,5.3856,6.2024,6.82,7.3272,7.71,8.08,8.3592,8.6748,8.95,9.21,9.4,9.6,9.8028,10.03,10.21,10.37,10.55,10.74,10.9,11.09,11.26,11.42,11.59,11.72,11.89,12.05,12.2112,12.3868,12.56,12.73,12.9,13.08,13.27,13.46,13.66,13.83,14.0172,14.2228,14.42,14.59,14.79,14.98,15.19,15.41,15.61,15.81,16.03,16.24,16.46,16.7,16.9656,17.25,17.52,17.77,18.04,18.3,18.54,18.84,19.08,19.32,19.55,19.81,20.0728,20.32,20.55,20.84,21.1,21.34,21.6064,21.83,22.06,22.33,22.59,22.88,23.12,23.38,23.66,23.94,24.17,24.45,24.71,24.8992,25.1148,25.33,25.586,25.7816,26.03,26.23,26.43,26.64,26.88,27.1552,27.44,27.7,28,28.28,28.6532,29.01,29.72,29.83,29.97704,30.12308,30.25792,30.4566,30.62,30.79,31.11264,31.6166000000003,33.96
"IT037C",-1.57,1.54032,1.91296,2.47944,2.93416,3.1368,3.36736,3.56692,3.76296,4.05208,4.24,5.03,5.62,6.16,6.49,6.8036,7.1,7.38,7.62,7.85,8.1016,8.3,8.5,8.6884,8.85,9.0496,9.21,9.4008,9.58,9.74,9.9276,10.1032,10.2788,10.4744,10.64,10.78,10.99,11.2,11.38,11.58,11.81,12,12.18,12.39,12.62,12.8,13,13.21,13.42,13.64,13.87,14.0652,14.31,14.53,14.75,14.96,15.2032,15.4488,15.69,15.91,16.14,16.4,16.66,16.9,17.218,17.48,17.72,17.96,18.18,18.45,18.77,19.0472,19.34,19.6,19.81,20.06,20.3,20.53,20.78,20.99,21.2576,21.52,21.79,22.04,22.3,22.55,22.83,23.1,23.36,23.62,23.85,24.06,24.28,24.52,24.75,24.95,25.1472,25.38,25.6,25.87,26.1396,26.39,26.6208,26.91,27.23,27.55,27.99,28.4988,29.2444,29.39396,29.51,29.62308,29.83528,29.9822,30.36,30.54,31.03088,31.7861600000002,34.61
"IT038C",-3.73,-1.5144,-0.48176,0.0968000000000002,0.51,1.0768,1.37,1.55768,1.82296,1.97604,2.1456,3.19,3.75,4.21,4.6,4.95,5.22,5.51,5.74,5.99,6.21,6.42,6.66,6.86,7.06,7.28,7.5,7.67,7.88,8.06,8.28,8.4632,8.68,8.86,9.06,9.26,9.45,9.62,9.81,10,10.24,10.45,10.63,10.8304,11.09,11.3,11.5172,11.73,11.9784,12.2,12.4496,12.66,12.87,13.12,13.34,13.5776,13.8,14.04,14.2544,14.49,14.75,15,15.26,15.5124,15.71,15.96,16.17,16.4148,16.65,16.89,17.15,17.4,17.71,18.01,18.25,18.49,18.71,18.98,19.25,19.492,19.76,20.04,20.28,20.51,20.78,21.01,21.2312,21.5168,21.75,22.02,22.25,22.4892,22.7248,22.9704,23.196,23.44,23.6572,23.88,24.1,24.35,24.6196,24.89,25.16,25.43,25.74,26.09,26.5132,27.08,27.76,27.89396,28.00704,28.13,28.2932000000001,28.4122,28.59,28.8466,29.05088,29.2517600000001,30.36
"IT039C",-8.68,-4.85088,-3.70264,-3.30264,-2.85704,-2.591,-2.39528,-2.23924,-2.04704,-1.89,-1.7044,-0.8788,-0.3932,-0.02,0.25,0.56,0.82,1.08,1.3904,1.65,1.9,2.1,2.28,2.4884,2.72,2.94,3.13,3.34,3.5164,3.77,4.03,4.2732,4.51,4.76,4.98,5.22,5.4212,5.65,5.91,6.18,6.47,6.72,7.02,7.3504,7.626,7.9216,8.1972,8.47,8.74,8.98,9.2596,9.5,9.75,10.01,10.282,10.57,10.92,11.2288,11.4744,11.74,12.01,12.24,12.5,12.79,13.038,13.33,13.6192,13.84,14.11,14.38,14.63,14.88,15.13,15.36,15.62,15.9,16.12,16.32,16.55,16.79,17.0076,17.2332,17.48,17.72,17.94,18.19,18.4612,18.7468,18.99,19.278,19.53,19.76,20,20.2304,20.47,20.78,21,21.22,21.45,21.72,21.9996,22.29,22.5708,22.89,23.32,23.74,24.26,24.79,25.9144,26.01396,26.08352,26.24308,26.37528,26.5022,26.80176,27.14132,27.37616,27.73132,29.59
"IT040C",-2.5,-0.5844,0.7968,1.37,1.70648,1.9578,2.33472,2.51384,2.75648,2.86604,2.9556,3.8,4.3868,4.92,5.42,5.78,6.1592,6.49,6.7804,7.02,7.2316,7.51,7.76,8,8.21,8.39,8.64,8.84,9.05,9.232,9.4,9.5732,9.75,9.93,10.12,10.31,10.4912,10.68,10.87,11.05,11.22,11.4,11.57,11.74,11.92,12.07,12.2472,12.4228,12.5984,12.79,12.99,13.17,13.4,13.61,13.862,14.0976,14.34,14.59,14.8344,15.07,15.3,15.5112,15.79,15.99,16.22,16.4336,16.67,16.85,17.1,17.31,17.55,17.76,18,18.26,18.5,18.72,18.97,19.2,19.48,19.69,19.93,20.1,20.34,20.5444,20.8,21,21.23,21.49,21.7,21.91,22.13,22.33,22.57,22.8,23.04,23.29,23.5,23.74,23.95,24.17,24.4096,24.62,24.81,25.05,25.282,25.56,25.9132,26.33,27.0488,27.16,27.24352,27.35308,27.47264,27.6544,27.87,28.04132,28.27088,28.6317600000001,29.95
"IT041C",-9.16,-2.96276,-2.3544,-1.9666,-1.69176,-1.5066,-1.3,-1.1054,-0.97352,-0.82,-0.6444,0.1012,0.61,1.07,1.34,1.6436,1.93,2.21,2.44,2.706,2.94,3.17,3.38,3.6284,3.81,4.0596,4.31,4.55,4.84,5.1,5.36,5.6532,5.8988,6.1544,6.39,6.6456,6.9,7.1668,7.4524,7.74,8,8.27,8.55,8.79,9.086,9.33,9.59,9.83,10.09,10.36,10.62,10.9152,11.2308,11.5,11.76,12.0476,12.32,12.61,12.92,13.22,13.51,13.78,14.0468,14.31,14.58,14.84,15.1192,15.38,15.61,15.906,16.18,16.44,16.73,17.0484,17.284,17.54,17.78,18.01,18.26,18.48,18.73,18.96,19.1988,19.4144,19.6,19.83,20.09,20.35,20.6024,20.87,21.1436,21.37,21.67,21.9304,22.19,22.4516,22.67,22.94,23.2084,23.434,23.69,23.9752,24.29,24.6264,25.05,25.4676,25.9132,26.48,27.3588,27.48396,27.63,27.74924,27.98264,28.08,28.16,28.41,28.62264,29.1057200000002,30.26
"IT042C",-8.18,-4.392,-3.55792,-2.99132,-2.45704,-2.2722,-2.07528,-1.82616,-1.52352,-1.36,-1.24,-0.49,0.03,0.4,0.698000000000001,0.9336,1.2292,1.51,1.7604,2.05,2.29,2.49,2.66,2.89,3.1,3.3,3.49,3.72,3.9064,4.13,4.37,4.59,4.84,5.1,5.29,5.5056,5.69,5.91,6.1224,6.378,6.55,6.85,7.1648,7.4304,7.73,7.9816,8.27,8.53,8.78,9.07,9.31,9.57,9.8108,10.03,10.3,10.59,10.92,11.21,11.46,11.72,12,12.27,12.5068,12.79,13.06,13.38,13.67,13.91,14.17,14.41,14.64,14.9072,15.19,15.45,15.664,15.89,16.14,16.37,16.61,16.83,17.06,17.2932,17.5188,17.7544,18,18.2356,18.52,18.79,19,19.318,19.57,19.81,20.08,20.32,20.58,20.81,21.06,21.28,21.51,21.75,22.05,22.34,22.62,22.9264,23.302,23.7476,24.27,24.81,25.83,25.98584,26.06352,26.16308,26.29056,26.5044,26.71,26.92,27.26352,27.68,29.62
"IT043C",-12.59,-5.21616,-4.21088,-3.60132,-3.14176,-2.9322,-2.66528,-2.38,-2.23704,-2.08396,-1.9076,-0.8976,-0.34,0.05,0.37,0.66,0.98,1.25,1.5404,1.876,2.16,2.41,2.69,2.9684,3.25,3.53,3.76,4.07,4.35,4.59,4.87,5.15,5.4488,5.6944,5.95,6.24,6.48,6.75,7.05,7.37,7.68,7.95,8.2848,8.61,8.866,9.17,9.49,9.8128,10.12,10.374,10.65,10.89,11.17,11.44,11.69,11.9276,12.17,12.4188,12.69,12.97,13.27,13.5412,13.84,14.1,14.4,14.71,15.0292,15.3,15.5804,15.86,16.1416,16.37,16.66,16.9484,17.19,17.44,17.7352,17.93,18.24,18.46,18.73,19.0432,19.29,19.5644,19.84,20.1,20.37,20.6,20.91,21.19,21.45,21.7192,21.98,22.26,22.49,22.76,23.06,23.31,23.57,23.824,24.1,24.4,24.67,25.05,25.37,25.7476,26.23,26.8388,27.6044,27.77,27.87704,27.99308,28.18792,28.3244,28.56176,28.92264,29.15616,29.85044,32.04
"IT044C",-8.87,-3.75396,-3.0244,-2.49792,-2.17704,-1.8944,-1.66264,-1.44,-1.33704,-1.23396,-1.1144,-0.2988,0.2368,0.6424,1.01,1.35,1.7,2.06,2.3704,2.67,2.92,3.19,3.45,3.67,3.96,4.23,4.47,4.71,4.99,5.27600000000001,5.55,5.82,6.04,6.32,6.58,6.8256,7.13,7.45,7.75,7.98,8.28,8.5492,8.85,9.19,9.46,9.7816,10.1,10.3928,10.66,10.93,11.17,11.42,11.6708,11.96,12.26,12.5276,12.7932,13.0788,13.3644,13.65,13.9456,14.24,14.4968,14.77,15.08,15.34,15.67,15.95,16.2804,16.55,16.7816,17.06,17.36,17.67,17.95,18.21,18.4452,18.72,18.97,19.232,19.51,19.78,20.0488,20.32,20.58,20.85,21.1212,21.41,21.68,21.968,22.32,22.61,22.82,23.1404,23.416,23.73,23.99,24.28,24.56,24.87,25.17,25.4852,25.81,26.17,26.49,26.9476,27.4532,28.01,28.8932,29.03,29.20352,29.32308,29.46,29.65,29.89528,30.21132,30.45528,31.2448400000002,32.16
"IT045C",-5.06,-3.44572,-2.23088,-1.21132,-0.81528,-0.3644,-0.03,0.14692,0.36648,0.53604,0.65,1.76,2.4668,2.98,3.38,3.8036,4.17,4.5,4.79,5.07,5.3,5.53,5.73,5.94,6.16,6.32,6.53,6.69,6.86,7.03,7.19,7.35,7.5,7.6544,7.82,7.95,8.11,8.27,8.42,8.56,8.72,8.9,9.05,9.22,9.39,9.54,9.71,9.89,10.0584,10.25,10.44,10.66,10.9,11.14,11.39,11.6576,11.88,12.13,12.4044,12.61,12.8256,13.04,13.28,13.5024,13.66,13.87,14.07,14.3,14.5504,14.75,14.97,15.1772,15.4128,15.65,15.88,16.11,16.35,16.58,16.78,17,17.22,17.43,17.6388,17.85,18.04,18.26,18.46,18.67,18.8624,19.058,19.29,19.52,19.8,20.0204,20.26,20.49,20.73,20.95,21.18,21.41,21.62,21.86,22.09,22.3,22.55,22.85,23.1632,23.6088,24.4244,24.54,24.62704,24.7254,24.87,25.0044,25.21176,25.50132,25.87088,26.1539600000002,27.87
"IT046C",-3.84,-1.26308,-0.392,0.06868,0.46824,0.87,1.12,1.29692,1.45944,1.62604,1.72,2.74,3.3768,3.9248,4.37,4.7836,5.11,5.41,5.71,5.93,6.1816,6.4,6.6228,6.83,7.01,7.19,7.34,7.5,7.65,7.81,7.95,8.14,8.32,8.49,8.65,8.85,9.02,9.19,9.38,9.57,9.74,9.9092,10.13,10.34,10.56,10.74,10.92,11.12,11.33,11.554,11.77,11.9552,12.1608,12.38,12.63,12.8776,13.12,13.35,13.56,13.78,14.07,14.29,14.51,14.77,15.048,15.31,15.56,15.8248,16.1,16.316,16.5716,16.83,17.03,17.25,17.42,17.66,17.9052,18.15,18.36,18.57,18.8,19.04,19.31,19.5144,19.76,20,20.25,20.5,20.67,20.91,21.1,21.34,21.54,21.76,21.97,22.15,22.37,22.63,22.86,23.09,23.31,23.52,23.77,24.07,24.38,24.71,25.1632,25.8088,26.8244,26.99396,27.10352,27.27,27.45,27.7144,27.93176,28.14396,28.7388,29.6901200000004,31.93
"IT047C",-5.8,-3.58264,-2.42616,-1.77,-1.13168,-0.7432,-0.53264,-0.40924,-0.19352,0.00208000000000027,0.1856,1.2212,1.87,2.34,2.76,3.18,3.45,3.76,4.0604,4.376,4.66,4.9472,5.16,5.4484,5.65,5.88,6.11,6.33,6.54,6.72,6.89,7.09,7.29,7.46,7.64,7.83,8,8.16,8.35,8.54,8.75,8.9292,9.12,9.31,9.49,9.7,9.9,10.09,10.28,10.49,10.71,10.9252,11.14,11.36,11.56,11.7876,12.04,12.27,12.51,12.75,12.99,13.28,13.55,13.81,14.07,14.31,14.57,14.78,14.98,15.19,15.4,15.66,15.8728,16.11,16.35,16.6196,16.85,17.08,17.31,17.51,17.76,18,18.24,18.45,18.66,18.83,19.05,19.2768,19.5,19.71,19.9436,20.1892,20.42,20.64,20.83,21.1016,21.35,21.58,21.8084,22.05,22.28,22.51,22.7508,23.03,23.36,23.64,23.94,24.42,25.2144,25.32792,25.43352,25.56308,25.70792,25.85,26.10176,26.40132,26.6888,27.2822000000001,28.26
"IT048C",-4.57,-0.79012,-0.0770400000000001,0.31868,0.66944,1.0678,1.29416,1.50076,1.78944,2.01416,2.1412,2.93,3.47,3.9924,4.39,4.76,5.1792,5.48,5.8004,6.05,6.3116,6.55,6.78,6.97,7.18,7.38,7.58,7.7608,7.98,8.16,8.35,8.5232,8.71,8.88,9.07,9.24,9.43,9.62,9.84,10.06,10.28,10.47,10.7,10.9104,11.14,11.36,11.56,11.7828,12,12.2,12.45,12.6852,12.89,13.1164,13.34,13.56,13.81,14.04,14.29,14.56,14.8256,15.1012,15.3968,15.72,16.02,16.35,16.62,16.86,17.1,17.43,17.71,17.94,18.25,18.57,18.8,19.13,19.41,19.7,19.96,20.2,20.5,20.8,21.06,21.31,21.58,21.87,22.1412,22.41,22.7,23.01,23.27,23.5392,23.81,24.0404,24.35,24.59,24.85,25.1328,25.45,25.73,26,26.26,26.5808,26.9,27.22,27.68,28.19,28.69,29.582,29.77792,29.91352,30.04,30.22528,30.38,30.6,30.9,31.12352,31.74132,33.94
"IT049C",0.22,2.90736,3.32472,3.59868,3.8112,3.96,4.18,4.26692,4.41648,4.57604,4.6356,5.53,6.1,6.55,6.93,7.23,7.52,7.75,7.93,8.15,8.35,8.53,8.71,8.86,9.01,9.15,9.31,9.47,9.6,9.74,9.88,10.02,10.17,10.31,10.46,10.62,10.77,10.92,11.1024,11.27,11.44,11.62,11.74,11.91,12.1,12.26,12.45,12.6328,12.84,13.01,13.19,13.3752,13.5908,13.8,14.01,14.22,14.4632,14.7188,14.99,15.2,15.44,15.67,15.89,16.13,16.41,16.72,16.99,17.26,17.48,17.706,17.9516,18.18,18.42,18.64,18.89,19.15,19.3752,19.62,19.86,20.14,20.38,20.5932,20.8588,21.1,21.34,21.57,21.81,22.06,22.28,22.49,22.73,22.9292,23.12,23.34,23.546,23.73,23.92,24.16,24.3584,24.554,24.8,25,25.24,25.49,25.82,26.11,26.54,27.15,28.0744,28.27188,28.37056,28.5115599999999,28.77528,29.0222,29.29352,29.56528,29.97088,30.3926400000001,31.78
"IT050C",-7.12,-3.13396,-2.71088,-2.2198,-1.6276,-1.3,-1.06264,-0.84308,-0.55704,-0.339799999999999,-0.1288,0.9324,1.73,2.26,2.75,3.2536,3.63,3.95,4.2404,4.54,4.81,5.07,5.2928,5.53,5.74,5.9296,6.11,6.3,6.47,6.67,6.84,7.01,7.18,7.36,7.53,7.7156,7.9,8.09,8.27,8.45,8.64,8.8192,9.01,9.19,9.366,9.58,9.77,9.99,10.22,10.42,10.61,10.7752,10.9908,11.22,11.42,11.64,11.83,12.04,12.3,12.54,12.75,12.99,13.27,13.51,13.78,14.0336,14.31,14.53,14.8004,15.03,15.3,15.5672,15.78,16.04,16.28,16.5696,16.76,17.02,17.25,17.46,17.67,17.92,18.15,18.4244,18.66,18.89,19.19,19.46,19.73,19.97,20.24,20.46,20.7648,20.99,21.21,21.47,21.7072,21.99,22.27,22.54,22.82,23.1152,23.4308,23.73,24.062,24.44,24.8032,25.37,26.12,26.21396,26.40352,26.61616,26.79264,27.0622,27.33528,27.59132,28.08176,28.53088,29.63
"IT051C",-7.84,-4.01276,-3.36088,-2.91396,-2.69,-2.4522,-2.1932,-1.94772,-1.78,-1.67396,-1.52,-0.59,0.12,0.6,0.978000000000001,1.32,1.64,1.88,2.22,2.49,2.7316,2.98,3.26,3.4984,3.76,4.02,4.23,4.46,4.6964,4.98,5.23,5.46,5.6988,5.9644,6.19,6.45,6.69,6.9868,7.25,7.55,7.8,8.08,8.33,8.59,8.82,9.09,9.36,9.6428,9.9,10.154,10.43,10.73,10.98,11.24,11.53,11.79,12.09,12.41,12.7,12.97,13.27,13.58,13.8368,14.1024,14.34,14.62,14.8692,15.0948,15.4,15.676,15.97,16.2272,16.5,16.7584,16.98,17.23,17.47,17.68,17.87,18.07,18.34,18.58,18.82,19.0344,19.25,19.5,19.74,19.98,20.2224,20.498,20.75,21.03,21.29,21.54,21.8,22.04,22.2972,22.5528,22.84,23.08,23.37,23.6452,23.9508,24.3,24.7,25.1,25.61,26.14,27,27.13396,27.22352,27.40616,27.61528,27.81,28.04584,28.31132,28.49088,28.82132,29.7
"IT052C",-11.36,-7.65088,-6.87352,-6.12924,-5.4888,-5.1366,-4.89528,-4.72308,-4.58352,-4.37396,-4.1688,-3.13,-2.4,-1.98,-1.62,-1.2564,-0.92,-0.6,-0.26,0.01,0.31,0.54,0.8028,1.07,1.28,1.5,1.68,1.9,2.11,2.32,2.5176,2.7532,2.96,3.18,3.38,3.59,3.82,4.0568,4.3024,4.54,4.7836,5.04,5.32,5.6204,5.89,6.18,6.48,6.71,6.9884,7.24,7.49,7.75,8.01,8.2464,8.51,8.79,9.1332,9.4,9.7144,9.99,10.23,10.43,10.69,10.98,11.24,11.51,11.78,12,12.24,12.5,12.7316,13,13.27,13.5184,13.76,14.03,14.24,14.47,14.69,14.912,15.16,15.38,15.58,15.7944,16.05,16.3,16.5212,16.7868,17.0224,17.28,17.52,17.75,18,18.22,18.47,18.67,18.91,19.13,19.35,19.58,19.8296,20.17,20.47,20.7664,21.05,21.45,21.88,22.5276,23.3144,23.4798,23.65352,23.76,23.95,24.1144,24.25,24.37528,24.75,25.0252800000002,26.87
"IT053C",-5.68,-1.82452,-1.05616,-0.58396,-0.10232,0.1456,0.46736,0.63384,0.89944,1.11604,1.2256,2.22,2.83,3.3724,3.72,4.0936,4.4492,4.8348,5.1,5.4,5.63,5.8672,6.0728,6.27,6.48,6.66,6.87,7.04,7.25,7.44,7.63,7.79,7.98,8.1744,8.37,8.55,8.74,8.9468,9.1524,9.4,9.62,9.81,10.0148,10.2504,10.46,10.67,10.87,11.1,11.33,11.56,11.78,12,12.23,12.46,12.67,12.86,13.11,13.35,13.61,13.85,14.1,14.36,14.6,14.8724,15.19,15.5036,15.76,16,16.3,16.59,16.89,17.18,17.45,17.69,17.95,18.2,18.4552,18.71,18.95,19.24,19.5,19.75,20.0288,20.26,20.53,20.82,21.0812,21.3268,21.61,21.84,22.11,22.3792,22.6648,22.96,23.176,23.4516,23.66,23.94,24.2384,24.51,24.77,25.0952,25.41,25.72,26.082,26.45,26.8932,27.5788,28.55,28.62792,28.74704,28.92232,29.14,29.3666,29.57176,29.79132,30.14,30.9701200000004,32.6
"IT054C",-2.64,0.41648,1.31912,1.77736,2.08824,2.4034,2.63,2.81076,3.09296,3.24812,3.4868,4.3412,4.9,5.4724,5.84,6.15,6.4392,6.73,6.99,7.22,7.48,7.66,7.88,8.07,8.24,8.4,8.56,8.78,8.9564,9.15,9.3,9.46,9.6288,9.8,9.98,10.2,10.38,10.57,10.7624,10.98,11.1636,11.36,11.53,11.72,11.94,12.13,12.32,12.54,12.78,13.004,13.23,13.46,13.63,13.8564,14.06,14.2676,14.48,14.71,14.97,15.19,15.42,15.66,15.91,16.18,16.44,16.7336,16.9892,17.23,17.48,17.79,18.06,18.33,18.61,18.82,19.074,19.32,19.54,19.79,20.02,20.25,20.5,20.76,21.03,21.27,21.53,21.82,22.05,22.31,22.57,22.78,23.01,23.25,23.5,23.7804,23.996,24.22,24.45,24.7,24.92,25.174,25.4496,25.71,26.0008,26.3264,26.62,27.01,27.46,28.0888,28.9688,29.14396,29.26704,29.41924,29.59528,29.7722,29.96176,30.27,30.68176,31.51088,34.08
"IT055C",-1.31,1.67736,2.38384,3.00208,3.24824,3.5,3.73152,3.92152,4.16648,4.29208,4.4812,5.3612,5.8668,6.41,6.75,7.0336,7.3,7.59,7.78,8.006,8.23,8.45,8.63,8.8184,8.98,9.17,9.32,9.51,9.6864,9.87,10.04,10.21,10.37,10.53,10.71,10.9156,11.12,11.3,11.5,11.66,11.88,12.06,12.23,12.42,12.62,12.82,13.0572,13.25,13.48,13.7,13.91,14.1352,14.37,14.58,14.76,14.9976,15.22,15.4488,15.67,15.89,16.14,16.4,16.67,16.9,17.15,17.43,17.67,17.94,18.16,18.46,18.74,19.05,19.3,19.5384,19.76,19.98,20.21,20.48,20.71,20.962,21.2,21.4432,21.71,21.96,22.25,22.51,22.77,23.01,23.2524,23.52,23.75,23.95,24.2,24.46,24.66,24.87,25.07,25.3256,25.57,25.784,26.09,26.37,26.63,26.9,27.21,27.6,28.1032,28.6388,29.4888,29.58584,29.73352,29.8815599999999,30.07264,30.2588,30.59,30.92132,31.25616,32.07044,35.04
"IT056C",-0.66,1.3678,2.18824,2.55472,2.97824,3.3878,3.66736,3.80692,4.02,4.17,4.2856,5.2312,5.9668,6.4224,6.848,7.2936,7.65,7.95,8.22,8.45,8.6516,8.8472,9.0628,9.25,9.46,9.63,9.79,9.96,10.12,10.26,10.4,10.5832,10.74,10.9,11.08,11.2456,11.41,11.54,11.7,11.848,12.0036,12.18,12.32,12.51,12.71,12.9,13.0972,13.26,13.45,13.65,13.85,14.06,14.25,14.48,14.71,14.95,15.16,15.39,15.5744,15.81,16.06,16.2912,16.5568,16.79,16.99,17.24,17.47,17.7248,17.99,18.24,18.49,18.72,18.94,19.1484,19.38,19.6,19.8,19.99,20.24,20.462,20.7,20.94,21.1888,21.39,21.61,21.83,22.09,22.3,22.53,22.75,23,23.2092,23.39,23.61,23.8,24.01,24.24,24.4228,24.63,24.868,25.1,25.35,25.59,25.84,26.1,26.4076,26.79,27.22,27.84,27.97792,28.08704,28.18308,28.39792,28.5,28.63176,28.8,29.13176,29.5535200000001,31.08
"IT057C",-1.56,1.41956,2.10384,2.75076,3.03296,3.3,3.48736,3.68,3.92,4.08208,4.3,5.12,5.6668,6.19,6.55,6.83,7.11,7.4,7.6,7.83,8.05,8.2772,8.46,8.6484,8.8,9.0096,9.1652,9.3408,9.53,9.71,9.87,10.06,10.23,10.39,10.55,10.76,10.96,11.1668,11.34,11.52,11.75,11.94,12.11,12.31,12.5,12.72,12.94,13.15,13.3784,13.57,13.8,14.02,14.2508,14.47,14.66,14.89,15.0932,15.34,15.57,15.81,16.0356,16.29,16.55,16.79,17.068,17.33,17.57,17.8248,18.05,18.35,18.64,18.9272,19.23,19.46,19.684,19.8996,20.11,20.4,20.6264,20.85,21.11,21.36,21.6088,21.8944,22.16,22.4256,22.67,22.92,23.18,23.438,23.6636,23.88,24.12,24.38,24.59,24.79,25.0072,25.2728,25.5,25.71,26.02,26.31,26.5608,26.8264,27.142,27.55,28.02,28.5788,29.4088,29.57188,29.67,29.83232,30.04264,30.2954,30.48176,30.83264,31.20704,32.03088,34.96
"IT058C",-10.27,-3.88396,-2.69616,-1.9766,-1.70352,-1.2832,-1.12792,-0.94616,-0.87,-0.74,-0.61,0.1112,0.5868,1.04,1.38,1.7436,2.1092,2.43,2.7104,3.01,3.2516,3.54,3.86,4.1184,4.38,4.6496,4.93,5.1708,5.47,5.73,6.02,6.32,6.53,6.8,7.03,7.27,7.51,7.77,8.0724,8.37,8.65,8.95,9.2148,9.48,9.78,10.1016,10.4,10.69,10.95,11.214,11.5,11.79,12.1,12.37,12.672,12.95,13.22,13.46,13.73,14,14.29,14.5612,14.8268,15.13,15.45,15.7,15.99,16.24,16.52,16.84,17.11,17.46,17.7928,18.06,18.334,18.61,18.84,19.13,19.41,19.66,19.88,20.15,20.4488,20.72,21.03,21.31,21.58,21.8768,22.15,22.42,22.69,23.03,23.32,23.62,23.91,24.24,24.51,24.77,25.0884,25.39,25.66,25.98,26.3408,26.64,27.04,27.54,28.02,28.59,29.4244,29.52,29.61352,29.7,29.80528,29.96,30.14528,30.31528,30.55,30.8817600000001,32.38
"IT059C",-2.82,0.08692,0.4956,0.89604,1.42,1.6678,1.90736,2.13076,2.35,2.46812,2.6556,3.6612,4.19,4.7224,5.15,5.48,5.84,6.17,6.44,6.7,6.95,7.19,7.4228,7.64,7.834,8.01,8.22,8.38,8.6,8.802,9.03,9.2132,9.39,9.6,9.79,9.97,10.17,10.37,10.61,10.868,11.07,11.3,11.51,11.79,11.976,12.2,12.43,12.64,12.87,13.1,13.31,13.57,13.78,14.04,14.23,14.4676,14.71,14.99,15.22,15.52,15.72,15.99,16.26,16.54,16.84,17.09,17.3392,17.5948,17.89,18.16,18.4716,18.7572,19.04,19.34,19.63,19.9,20.1952,20.4308,20.68,20.95,21.23,21.47,21.75,22,22.31,22.57,22.8412,23.12,23.44,23.75,24.01,24.26,24.5,24.78,25.026,25.3,25.55,25.81,26.1,26.36,26.67,26.9652,27.32,27.64,27.962,28.38,28.8632,29.4276,30.37,30.48,30.53704,30.67616,30.82528,31.0944,31.33,31.50132,31.80176,32.9330800000001,34.59
"IT060C",3.88,5.66956,6.25912,6.47944,6.63824,6.88,7.07,7.22692,7.29648,7.38604,7.4456,8.3212,8.8968,9.29,9.6,9.86,10.0992,10.3,10.45,10.61,10.76,10.91,11.08,11.2484,11.39,11.56,11.7,11.84,11.9564,12.08,12.23,12.36,12.51,12.66,12.79,12.92,13.04,13.2,13.35,13.48,13.61,13.73,13.8648,14.04,14.2,14.38,14.5572,14.73,14.9484,15.124,15.28,15.5,15.7,15.93,16.17,16.41,16.63,16.87,17.0944,17.35,17.5256,17.7712,17.9968,18.23,18.488,18.7336,18.98,19.25,19.5,19.706,19.95,20.21,20.43,20.69,20.92,21.16,21.37,21.56,21.75,21.96,22.14,22.38,22.61,22.83,23.04,23.23,23.3912,23.5768,23.76,23.93,24.12,24.28,24.47,24.66,24.84,25,25.19,25.35,25.54,25.71,25.9,26.08,26.32,26.52,26.75,27,27.3,27.78,28.5744,28.64396,28.80352,28.95308,29.08264,29.28,29.4688,29.78528,30.24584,30.7526400000001,32.54
"IT061C",0.51,4.14868,4.79736,5.1334,5.33648,5.53,5.67472,5.86076,6.06648,6.19,6.32,7.19,7.74,8.1324,8.438,8.7136,8.98,9.19,9.4,9.61,9.76,9.91,10.05,10.19,10.34,10.46,10.62,10.77,10.91,11.02,11.16,11.2832,11.44,11.59,11.74,11.87,12.01,12.14,12.29,12.46,12.62,12.78,12.93,13.1,13.266,13.4216,13.5872,13.8128,14.0084,14.17,14.3296,14.51,14.71,14.93,15.15,15.4,15.62,15.87,16.08,16.31,16.52,16.8,17.05,17.2524,17.46,17.6936,17.9792,18.2148,18.4604,18.71,18.97,19.21,19.45,19.6984,19.89,20.1096,20.3552,20.56,20.76,20.982,21.2176,21.48,21.7,21.92,22.11,22.36,22.56,22.77,22.98,23.19,23.36,23.54,23.7748,23.97,24.17,24.38,24.58,24.76,24.96,25.174,25.3696,25.58,25.81,26.11,26.38,26.7,27.18,27.7788,28.72,28.89,28.98704,29.19308,29.42264,29.5466,29.80176,29.94528,30.25264,30.8318800000005,32.95
"IT062C",0.93,3.1678,3.82208,4.25944,4.48,4.8334,4.99736,5.15768,5.33648,5.51812,5.67,6.5624,7.33,7.7524,8.13,8.49,8.83,9.11,9.34,9.55,9.76,9.96,10.13,10.28,10.44,10.62,10.77,10.93,11.07,11.24,11.38,11.52,11.64,11.82,11.98,12.1,12.24,12.37,12.5,12.62,12.76,12.91,13.05,13.2,13.34,13.52,13.69,13.87,14.05,14.23,14.42,14.63,14.8108,15.0564,15.24,15.47,15.7,15.93,16.16,16.39,16.64,16.85,17.06,17.29,17.52,17.72,17.97,18.21,18.4,18.626,18.84,19.04,19.24,19.46,19.67,19.94,20.17,20.4008,20.63,20.86,21.0676,21.3032,21.53,21.74,21.92,22.12,22.35,22.57,22.77,22.98,23.22,23.41,23.63,23.79,23.966,24.1516,24.33,24.4928,24.68,24.87,25.04,25.2252,25.42,25.6364,25.83,26.0576,26.33,26.7388,27.39,27.46,27.53704,27.66,27.7,27.7644,27.84,28.01,28.11264,28.4317600000001,29.03
"IT063C",-10.82,-6.20308,-5.5444,-4.26264,-3.81176,-3.23,-3.00264,-2.79232,-2.52352,-2.31792,-2.0832,-0.8388,-0.2432,0.14,0.54,0.8972,1.24,1.63,1.9704,2.286,2.56,2.88,3.14,3.44,3.704,4,4.27,4.57,4.8464,5.1,5.36,5.62,5.87,6.0944,6.33,6.56,6.78,7.06,7.2924,7.57,7.8,8.05,8.3,8.6004,8.92,9.18,9.4272,9.68,9.95,10.21,10.47,10.77,11.0208,11.28,11.55,11.81,12.0432,12.29,12.54,12.76,13,13.2512,13.54,13.82,14.04,14.34,14.6,14.84,15.11,15.37,15.67,15.96,16.28,16.55,16.85,17.0996,17.31,17.59,17.8564,18.09,18.36,18.5932,18.82,19.14,19.41,19.67,19.94,20.17,20.4624,20.74,21.01,21.31,21.61,21.88,22.19,22.43,22.77,23.02,23.25,23.544,23.88,24.15,24.46,24.82,25.19,25.62,26.11,26.6588,27.36,27.48396,27.59352,27.69308,27.79792,28.0122,28.14352,28.3984799999999,28.69264,29.12088,31.35
"IT064C",1.13,3.92956,4.40152,4.85868,5.07296,5.3312,5.59208,5.75,5.89648,5.99604,6.1656,6.9924,7.52,7.97,8.348,8.6,8.89,9.1148,9.33,9.496,9.67,9.8372,9.98,10.1284,10.26,10.4,10.53,10.68,10.8264,10.99,11.11,11.25,11.38,11.51,11.65,11.78,11.92,12.05,12.2,12.33,12.48,12.65,12.81,12.95,13.11,13.29,13.48,13.64,13.78,13.98,14.15,14.34,14.5308,14.73,14.93,15.1476,15.3532,15.58,15.81,16.04,16.26,16.49,16.76,16.9924,17.22,17.44,17.69,17.9348,18.21,18.43,18.6416,18.9,19.1,19.34,19.54,19.7596,19.98,20.2,20.45,20.64,20.8476,21.05,21.28,21.5,21.76,21.97,22.18,22.36,22.55,22.76,22.93,23.11,23.29,23.46,23.626,23.83,24.02,24.19,24.3684,24.58,24.7696,24.98,25.1908,25.43,25.7,26.0476,26.42,26.96,27.7644,27.85792,28.02704,28.10308,28.3184800000001,28.5522,28.80352,28.98264,29.46088,30.1526400000001,32.85
"IT065C",-6.41,-5.08396,-3.54232,-2.54792,-2.22704,-1.8244,-1.66264,-1.25308,-1.09,-0.96396,-0.8544,0.18,0.74,1.22,1.718,2.12,2.51,2.89,3.22,3.48,3.73,4.03,4.31,4.58,4.91,5.16,5.4652,5.69,5.9,6.15,6.38,6.6,6.8176,7.08,7.28,7.5056,7.76,7.96,8.1824,8.44,8.6336,8.87,9.11,9.29,9.47,9.67,9.8772,10.0828,10.33,10.544,10.7896,11.01,11.26,11.47,11.74,12.02,12.3,12.56,12.7944,13.04,13.24,13.4812,13.75,13.97,14.2,14.48,14.7292,14.98,15.27,15.49,15.75,15.9672,16.2228,16.48,16.74,17.02,17.27,17.53,17.74,18.02,18.2576,18.48,18.7488,19.08,19.31,19.57,19.8612,20.11,20.33,20.588,20.8636,21.12,21.42,21.7104,22.006,22.28,22.52,22.8528,23.15,23.4,23.68,23.99,24.31,24.62,24.93,25.34,25.7232,26.3788,27.2544,27.37,27.55352,27.69616,27.82264,27.9944,28.22352,28.41132,28.69176,29.09044,30.15
"IT066C",-10.98,-4.66308,-3.452,-2.69056,-2.42056,-1.931,-1.74792,-1.54924,-1.38,-1.2,-1.0876,-0.24,0.2968,0.67,0.99,1.34,1.67,2,2.35,2.67,2.9716,3.21,3.4628,3.7184,4,4.26,4.51,4.83,5.1164,5.39,5.63,5.88,6.15,6.38,6.59,6.8556,7.1312,7.41,7.67,7.95,8.18,8.47,8.7948,9.06,9.35,9.62,9.9272,10.18,10.43,10.69,10.9996,11.29,11.5508,11.8264,12.1,12.36,12.61,12.86,13.13,13.38,13.67,13.95,14.2,14.4624,14.79,15.06,15.3,15.5848,15.89,16.17,16.49,16.8,17.1,17.4,17.698,17.95,18.2352,18.46,18.73,18.97,19.23,19.48,19.74,20.05,20.33,20.64,20.99,21.25,21.54,21.808,22.1,22.37,22.67,22.96,23.3,23.65,23.92,24.2,24.4984,24.78,25.07,25.41,25.7,26.05,26.412,26.82,27.3064,27.8888,28.75,28.85396,28.95352,29.08924,29.17528,29.2822,29.48584,29.73924,30.2732,30.82044,32.03
"IT067C",-2.4,-0.8966,0.65592,1.05736,1.5412,1.8778,2.20208,2.36692,2.53648,2.71416,2.8956,3.74,4.38,4.9124,5.34,5.74,6.1092,6.43,6.7204,6.98,7.2416,7.48,7.71,7.96,8.15,8.41,8.5652,8.76,8.93,9.1,9.2776,9.4532,9.64,9.82,10.02,10.2,10.37,10.53,10.71,10.888,11.09,11.25,11.42,11.57,11.74,11.89,12.07,12.24,12.4,12.59,12.79,12.97,13.24,13.44,13.7,13.95,14.17,14.42,14.6944,14.89,15.14,15.37,15.6,15.83,16.05,16.26,16.49,16.72,16.94,17.13,17.38,17.65,17.88,18.1,18.36,18.59,18.83,19.0808,19.33,19.55,19.77,19.97,20.22,20.47,20.69,20.8756,21.1,21.36,21.5724,21.79,22,22.22,22.46,22.69,22.94,23.1716,23.4,23.62,23.8,24.05,24.28,24.49,24.72,24.92,25.16,25.42,25.7432,26.2088,26.9344,26.99,27.11352,27.22,27.32,27.5444,27.69176,27.87396,28.32,28.5513200000001,29.73
"IT068C",-10.56,-5.0822,-3.8532,-3.14528,-2.74352,-2.261,-2.01,-1.79924,-1.62056,-1.42396,-1.2,-0.26,0.24,0.6124,0.968000000000001,1.31,1.6,1.93,2.27,2.6,2.9,3.17,3.42,3.6884,3.94,4.17,4.4652,4.7308,5.0664,5.34,5.56,5.83,6.07,6.3,6.53,6.78,7.01,7.2868,7.53,7.78,8.08,8.36,8.62,8.9,9.21,9.49,9.78,10.0428,10.29,10.55,10.83,11.13,11.43,11.71,11.96,12.23,12.49,12.72,12.97,13.17,13.47,13.75,14.03,14.31,14.6,14.87,15.1392,15.39,15.68,15.96,16.2516,16.5672,16.9,17.19,17.46,17.72,17.9652,18.22,18.47,18.76,18.99,19.24,19.51,19.8,20.1,20.4,20.6612,20.93,21.25,21.5,21.76,22.05,22.35,22.6704,22.99,23.29,23.58,23.8428,24.13,24.41,24.68,25.01,25.3408,25.67,26.032,26.5052,26.97,27.5,28.3444,28.45396,28.53352,28.65308,28.73264,28.8322,29.0088,29.24132,29.60176,30.0770400000003,31.94
"IT069C",-5.28,-2.59528,-1.66528,-0.94848,-0.32176,0.1078,0.32,0.46076,0.63648,0.78208,0.9756,1.6612,2.29,2.68,3.068,3.42,3.7592,4.05,4.34,4.65,4.9,5.13,5.38,5.64,5.854,6.1,6.34,6.6308,6.85,7.05,7.29,7.53,7.77,8.06,8.29,8.52,8.76,8.9468,9.18,9.42,9.69,9.95,10.22,10.42,10.646,10.9016,11.16,11.43,11.71,11.97,12.22,12.49,12.76,13.04,13.31,13.6,13.8532,14.13,14.39,14.66,14.91,15.17,15.43,15.7024,15.998,16.2036,16.48,16.74,16.97,17.25,17.5316,17.8,18.17,18.49,18.83,19.07,19.34,19.63,19.85,20.12,20.41,20.67,20.9288,21.2344,21.51,21.75,21.98,22.2468,22.4924,22.748,23.01,23.36,23.64,23.93,24.176,24.42,24.66,24.92,25.18,25.43,25.75,26.02,26.32,26.65,27.04,27.4076,27.9232,28.51,29.1688,29.26,29.35352,29.44308,29.61,29.78,29.94176,30.12132,30.27,30.45044,32.89
"IT070C",-11.75,-3.68088,-2.62968,-1.9,-1.58,-1.3344,-1.03792,-0.731559999999999,-0.49704,-0.45,-0.35,0.31,0.89,1.39,1.82,2.1936,2.51,2.85,3.19,3.43,3.72,3.97,4.2628,4.5584,4.81,5.11,5.34,5.59,5.8764,6.12,6.44,6.75,7.01,7.21,7.49,7.74,7.98,8.27,8.56,8.83,9.0736,9.39,9.69,9.94,10.196,10.5216,10.81,11.04,11.3,11.59,11.8896,12.14,12.41,12.73,13.002,13.33,13.63,13.8788,14.17,14.43,14.71,14.9512,15.2968,15.5424,15.81,16.0536,16.32,16.65,16.9304,17.19,17.5116,17.83,18.1028,18.39,18.684,19.01,19.29,19.56,19.83,20.092,20.3,20.55,20.81,21.11,21.41,21.66,21.9412,22.21,22.48,22.75,23.08,23.34,23.6248,23.9404,24.23,24.55,24.83,25.1328,25.42,25.674,25.97,26.3,26.65,27.02,27.452,27.95,28.5032,29.12,29.93,30.01,30.10704,30.28308,30.42,30.5222,30.72704,30.9,31.11088,31.68132,32.76
"IT071C",-5.67,-2.22188,-1.38352,-0.53396,-0.0658400000000002,0.4478,0.71472,0.9,1.06648,1.25604,1.37,2.32,2.8968,3.35,3.75,4.1,4.4092,4.71,5.02,5.27,5.51,5.76,6.01,6.23,6.43,6.6796,6.9052,7.1408,7.34,7.54,7.7676,7.9932,8.25,8.5044,8.72,8.92,9.11,9.33,9.53,9.77,9.99,10.19,10.42,10.64,10.88,11.1316,11.37,11.5928,11.8,12.074,12.36,12.6,12.82,13.07,13.29,13.52,13.78,14.0188,14.24,14.51,14.7056,14.97,15.2368,15.45,15.7,15.92,16.1692,16.4,16.61,16.9,17.14,17.45,17.7628,18.0284,18.32,18.58,18.83,19.0908,19.33,19.61,19.87,20.14,20.39,20.63,20.88,21.16,21.44,21.67,21.91,22.14,22.41,22.6992,22.9348,23.19,23.45,23.6716,23.89,24.16,24.42,24.68,24.98,25.23,25.48,25.8064,26.14,26.54,26.9632,27.5488,28.2644,28.34,28.41352,28.56,28.69264,28.83,29.01232,29.25396,29.52264,29.78044,31.54
"IT072C",3.63,5.88868,6.4012,6.74736,6.94472,7.1178,7.23472,7.37692,7.46648,7.60812,7.6668,8.51,9.09,9.47,9.828,10.08,10.32,10.5248,10.67,10.86,11.03,11.18,11.34,11.46,11.584,11.72,11.86,12.02,12.16,12.28,12.45,12.6,12.75,12.88,13.02,13.15,13.28,13.42,13.53,13.67,13.82,13.9792,14.12,14.26,14.42,14.59,14.74,14.89,15.0484,15.214,15.38,15.5552,15.79,15.9964,16.2,16.4,16.64,16.88,17.0844,17.32,17.53,17.75,17.96,18.24,18.488,18.7436,18.9792,19.1948,19.47,19.7,19.95,20.21,20.41,20.64,20.89,21.1,21.3,21.54,21.8264,22.04,22.28,22.53,22.76,22.9544,23.18,23.4156,23.65,23.92,24.1,24.298,24.4736,24.63,24.79,25,25.21,25.39,25.58,25.7628,25.9484,26.15,26.3596,26.5952,26.78,26.98,27.23,27.53,27.88,28.39,29.1376,29.23396,29.36352,29.54924,29.70528,29.9344,30.24,30.47528,30.69088,31.27044,32.81
"IT073C",-12.28,-6.9598,-6.00264,-4.98264,-4.28176,-3.9088,-3.71056,-3.63,-3.46352,-3.32396,-3.14,-2.1788,-1.4232,-0.9876,-0.53,-0.15,0.13,0.43,0.74,0.976000000000001,1.26,1.48,1.72,1.96,2.13,2.35,2.56,2.82,3.12,3.33,3.58,3.85,4.07,4.31,4.58,4.8556,5.11,5.38,5.69,6.01,6.3,6.63,6.9548,7.2,7.546,7.84,8.14,8.39,8.66,8.92,9.19,9.48,9.7808,10.09,10.37,10.6,10.9132,11.19,11.49,11.76,12.06,12.33,12.57,12.8324,13.11,13.38,13.6,13.92,14.16,14.4,14.72,14.9972,15.26,15.47,15.7,15.98,16.23,16.46,16.68,16.94,17.17,17.4,17.6488,17.9,18.11,18.35,18.6212,18.87,19.14,19.39,19.6,19.83,20.1,20.34,20.61,20.8216,21.0672,21.32,21.57,21.834,22.1,22.41,22.7608,23.09,23.44,23.78,24.24,24.8688,25.79,25.86792,25.92704,26.05308,26.1332000000001,26.3222,26.61,26.81,27.13528,27.7057200000002,28.63
"IT074C",-7.87,-4.40484,-3.35176,-2.61132,-2.04528,-1.6688,-1.45056,-1.08616,-0.83,-0.65396,-0.52,0.29,0.84,1.36,1.788,2.15,2.54,2.89,3.1804,3.496,3.78,4.0772,4.3828,4.65,4.9,5.1696,5.49,5.76,6.06,6.31,6.54,6.7832,7.0288,7.26,7.55,7.86,8.11,8.3268,8.5324,8.77,9.05,9.3,9.56,9.7804,10.05,10.33,10.5872,10.8756,11.1284,11.38,11.6296,11.92,12.17,12.47,12.75,12.97,13.1932,13.44,13.67,13.9,14.19,14.4512,14.71,14.9024,15.16,15.43,15.7,15.93,16.2,16.46,16.74,17.0672,17.38,17.68,18,18.25,18.47,18.77,19.09,19.32,19.6,19.85,20.15,20.42,20.71,20.9856,21.2212,21.4768,21.7524,21.99,22.3,22.61,22.88,23.17,23.466,23.74,24.01,24.28,24.54,24.87,25.19,25.51,25.81,26.12,26.54,27,27.48,28.0888,28.882,29.02396,29.15704,29.24,29.39792,29.56,29.66176,29.91132,30.04088,30.37088,33.56
"IT075C",0.07,1.58912,2.41,2.91472,3.16472,3.51,3.67,3.88,4.09648,4.22604,4.2912,5.18,5.84,6.32,6.718,7.06,7.32,7.6,7.82,8.07,8.3,8.4872,8.7028,8.91,9.08,9.2496,9.44,9.61,9.78,9.962,10.15,10.35,10.5,10.67,10.83,11,11.16,11.34,11.51,11.65,11.84,12.05,12.22,12.4,12.546,12.7216,12.9172,13.1,13.28,13.504,13.68,13.89,14.14,14.38,14.62,14.89,15.12,15.36,15.65,15.88,16.11,16.35,16.58,16.8324,17.068,17.3,17.53,17.7148,17.97,18.21,18.4516,18.71,18.9328,19.2,19.41,19.67,19.9,20.1308,20.36,20.6,20.84,21.11,21.34,21.6,21.83,22.04,22.29,22.53,22.7324,22.97,23.21,23.41,23.61,23.85,24.07,24.32,24.54,24.74,24.96,25.14,25.35,25.57,25.81,26.06,26.33,26.59,26.88,27.3788,28.0188,28.09,28.15352,28.24,28.32264,28.5022,28.66352,28.92132,29.09704,29.6213200000001,30.35
"IT076C",-9.23,-4.3022,-3.41464,-2.38132,-2.24,-1.9466,-1.77264,-1.62308,-1.42704,-1.29,-1.2044,-0.4164,0.15,0.6,0.908000000000001,1.1736,1.4292,1.69,1.9304,2.17,2.38,2.61,2.83,3.0584,3.27,3.52,3.76,4.04,4.3,4.54,4.79,5.06,5.34,5.58,5.83,6.12,6.4212,6.7,7,7.28,7.56,7.85,8.11,8.42,8.716,9.0316,9.34,9.63,9.8984,10.17,10.43,10.7052,11.05,11.3164,11.6,11.87,12.1532,12.43,12.7244,13.01,13.31,13.56,13.87,14.15,14.45,14.72,14.96,15.22,15.5,15.75,16.03,16.32,16.63,16.86,17.16,17.4,17.63,17.85,18.1164,18.36,18.57,18.79,19.02,19.28,19.48,19.72,19.9712,20.25,20.5,20.788,21.03,21.29,21.53,21.82,22.04,22.31,22.55,22.83,23.11,23.38,23.65,23.9,24.22,24.6064,24.992,25.43,25.92,26.53,27.38,27.45396,27.57056,27.82308,27.97264,28.11,28.22352,28.56132,28.88704,29.26044,30.44
"IT077C",-10.05,-4.53616,-3.7332,-3.0032,-2.41,-2.1222,-1.83264,-1.66,-1.42352,-1.29,-1.1432,0.0212,0.73,1.25,1.7,2.1336,2.42,2.77,3.0504,3.3,3.56,3.86,4.1,4.38,4.6,4.85,5.1152,5.36,5.5564,5.76,5.9876,6.2,6.38,6.58,6.78,6.9956,7.18,7.42,7.64,7.83,8.07,8.28,8.49,8.69,8.91,9.13,9.36,9.59,9.84,10.04,10.3,10.51,10.75,10.96,11.21,11.47,11.7132,11.9688,12.2,12.44,12.67,12.9,13.11,13.39,13.67,13.9,14.17,14.4248,14.7,14.986,15.24,15.49,15.72,15.97,16.21,16.46,16.7652,17.05,17.31,17.59,17.82,18.07,18.3,18.5744,18.85,19.11,19.37,19.6568,19.92,20.2,20.52,20.77,21.07,21.35,21.65,22.01,22.32,22.63,22.92,23.21,23.52,23.84,24.1608,24.5164,24.91,25.35,25.8232,26.3888,27.13,27.19396,27.3211200000001,27.55308,27.71,27.9022,28.0988,28.23132,28.5,28.7530800000001,31.49
"IT078C",-7.07,-3.95484,-3.16088,-2.62528,-2.32528,-2.0854,-1.82528,-1.64616,-1.56352,-1.46,-1.34,-0.56,-0.02,0.35,0.7,1,1.34,1.63,1.89,2.166,2.42,2.7,2.93,3.22,3.47,3.7,3.93,4.16,4.39,4.662,4.93,5.19,5.4488,5.7,5.97,6.2456,6.52,6.86,7.15,7.36,7.64,7.92,8.2548,8.5604,8.86,9.19,9.48,9.7828,10.07,10.34,10.58,10.84,11.09,11.3664,11.66,11.95,12.2332,12.47,12.75,13.04,13.32,13.6312,13.8968,14.1824,14.46,14.8,15.08,15.3548,15.6404,15.93,16.24,16.5,16.7528,16.98,17.21,17.4696,17.75,17.96,18.19,18.41,18.65,18.92,19.17,19.4,19.66,19.89,20.15,20.42,20.72,20.99,21.27,21.53,21.7948,22.06,22.33,22.59,22.85,23.12,23.36,23.584,23.89,24.22,24.52,24.88,25.282,25.7452,26.1832,26.8388,27.82,27.91396,28.02352,28.18,28.33792,28.5,28.73528,29.0366,29.46176,29.9461600000002,31.62
"IT079C",-11.57,-5.7998,-4.34936,-3.56056,-3.20056,-2.9222,-2.73528,-2.53,-2.22,-2.09792,-1.9632,-1.0488,-0.4332,-0.09,0.24,0.59,0.86,1.19,1.53,1.836,2.15,2.44,2.72,3.01,3.28,3.6,3.86,4.12,4.42,4.72,4.98,5.26,5.5288,5.79,6.07,6.3456,6.63,6.85,7.1124,7.4,7.6936,8.0184,8.32,8.59,8.946,9.18,9.42,9.7,9.97,10.26,10.51,10.79,11.0108,11.3,11.55,11.81,12.0332,12.26,12.55,12.82,13.1456,13.43,13.69,13.94,14.21,14.52,14.85,15.15,15.4,15.66,15.95,16.27,16.52,16.78,17.06,17.3,17.57,17.85,18.1464,18.39,18.72,18.94,19.19,19.4844,19.79,20.04,20.32,20.61,20.87,21.13,21.41,21.6992,22.0248,22.29,22.546,22.83,23.1372,23.41,23.69,24,24.3,24.5352,24.8608,25.19,25.534,25.95,26.3532,26.8688,27.82,27.95,28.14704,28.35924,28.43528,28.5922,28.87,29.23528,29.66,30.10044,32.4
"IT080C",-9.58,-4.94408,-3.74176,-2.93452,-2.45704,-2.2444,-1.90264,-1.4854,-1.31408,-1.20792,-0.9544,0.0412,0.63,1.0424,1.48,1.91,2.26,2.54,2.8304,3.16,3.44,3.72,4.02,4.2584,4.49,4.7396,4.94,5.17,5.4064,5.63,5.85,6.08,6.33,6.52,6.78,7,7.21,7.41,7.62,7.82,8.04,8.23,8.4548,8.66,8.89,9.1,9.34,9.56,9.7784,9.99400000000001,10.23,10.5,10.72,10.9664,11.19,11.42,11.65,11.92,12.17,12.42,12.7,12.94,13.18,13.44,13.688,13.92,14.16,14.42,14.67,14.89,15.12,15.3972,15.71,15.98,16.23,16.5,16.78,17.0508,17.32,17.58,17.82,18.04,18.3488,18.58,18.85,19.12,19.37,19.65,19.9,20.23,20.5136,20.78,21.0648,21.34,21.616,21.93,22.2,22.47,22.8,23.09,23.4,23.7252,24.0508,24.38,24.74,25.12,25.58,26.12,27.0144,27.11396,27.22408,27.37308,27.50528,27.7866,27.88352,28,28.18352,28.48132,30.29
"IT081C",-2.71,-0.38044,0.72,1.25868,1.92648,2.2624,2.44208,2.72384,2.83648,2.96604,3.0756,4.0012,4.61,5.18,5.58,6,6.3392,6.67,6.98,7.22,7.49,7.71,7.94,8.1584,8.35,8.56,8.77,8.94,9.12,9.34,9.54,9.7,9.86,10.03,10.23,10.42,10.59,10.75,10.91,11.07,11.25,11.42,11.6,11.77,11.92,12.13,12.3,12.46,12.63,12.83,13.05,13.26,13.45,13.68,13.9,14.18,14.4232,14.65,14.92,15.17,15.43,15.66,15.88,16.0824,16.32,16.57,16.8,17.0048,17.23,17.42,17.62,17.8772,18.13,18.42,18.714,18.94,19.18,19.4008,19.64,19.902,20.15,20.39,20.62,20.87,21.12,21.34,21.5712,21.7968,22.06,22.26,22.49,22.7492,23.0148,23.23,23.53,23.7916,24.04,24.27,24.5,24.73,24.95,25.16,25.37,25.55,25.81,26.09,26.4632,26.9088,27.5432,27.65396,27.78408,27.92308,28.03792,28.2644,28.46176,28.69132,29.29,29.6639600000002,31.01
"IT082C",-0.52,2.38648,3.09504,3.64868,4.06768,4.4056,4.54736,4.83384,4.9824,5.09,5.21,6,6.58,7.0724,7.48,7.81,8.12,8.44,8.7,8.946,9.1716,9.36,9.56,9.76,9.95,10.12,10.3,10.49,10.65,10.82,10.9976,11.16,11.31,11.4744,11.63,11.81,11.96,12.12,12.33,12.5,12.67,12.8592,13.07,13.24,13.42,13.6,13.81,14.01,14.21,14.39,14.6,14.78,15,15.21,15.412,15.6376,15.8332,16.0888,16.29,16.52,16.7856,17.0512,17.2968,17.59,17.868,18.1136,18.37,18.65,18.89,19.14,19.39,19.63,19.88,20.1084,20.4,20.68,20.93,21.16,21.4664,21.712,21.93,22.17,22.43,22.71,23.02,23.27,23.54,23.78,24.0324,24.3,24.53,24.77,25,25.2,25.456,25.6716,25.89,26.11,26.31,26.56,26.8,27.07,27.33,27.59,27.942,28.2976,28.64,29.12,29.94,30.02,30.20352,30.28924,30.40264,30.5944,30.78176,30.96264,31.36352,32.0548400000002,34.53
"IT083C",1.37,4.83736,5.27912,5.6034,5.83472,6.04,6.1868,6.36384,6.49,6.53604,6.62,7.55,8.06,8.51,8.8,9.1136,9.35,9.59,9.82,10.02,10.19,10.36,10.53,10.6884,10.84,11,11.16,11.3,11.48,11.612,11.77,11.93,12.08,12.2,12.34,12.5,12.6412,12.7768,12.9,13.03,13.2,13.34,13.5148,13.66,13.816,13.96,14.1372,14.31,14.48,14.66,14.89,15.1052,15.32,15.5264,15.75,15.95,16.19,16.39,16.65,16.91,17.18,17.41,17.63,17.87,18.13,18.42,18.6592,18.9,19.16,19.42,19.65,19.91,20.1828,20.39,20.64,20.8596,21.09,21.3108,21.5264,21.76,21.97,22.27,22.53,22.77,22.97,23.22,23.4612,23.7,23.93,24.11,24.32,24.5092,24.7,24.89,25.076,25.26,25.5,25.6928,25.8684,26.08,26.26,26.4952,26.71,26.98,27.232,27.5276,27.8664,28.35,29.06,29.16396,29.28056,29.39924,29.47264,29.7822,29.99,30.38132,30.5544,31.0626400000001,32.26
"IT084C",1.7,4.06208,4.71032,5.04868,5.28648,5.3878,5.53736,5.66076,5.79,5.90604,6.0356,6.92,7.5168,7.9324,8.28,8.57,8.83,9.02,9.21,9.406,9.6,9.75,9.9,10.04,10.17,10.3296,10.46,10.6,10.78,10.91,11.0876,11.22,11.35,11.47,11.62,11.76,11.89,12.03,12.19,12.32,12.47,12.62,12.74,12.92,13.1,13.27,13.44,13.62,13.79,13.974,14.16,14.37,14.56,14.8164,15.05,15.2976,15.54,15.7588,16.0044,16.24,16.43,16.66,16.8968,17.14,17.41,17.66,17.8692,18.13,18.37,18.59,18.88,19.14,19.39,19.62,19.84,20.06,20.31,20.5208,20.73,20.942,21.15,21.36,21.57,21.8,22.06,22.2456,22.4712,22.67,22.85,23.01,23.23,23.41,23.58,23.7604,23.98,24.17,24.37,24.56,24.74,24.96,25.17,25.39,25.63,25.85,26.152,26.4576,26.8032,27.28,28.3144,28.36396,28.53704,28.65232,28.78264,28.96,29.23176,29.65132,30.10264,30.7813200000001,32.28
"IT085C",-3.98,-0.85408,-0.29176,0.14208,0.78064,1.0534,1.27736,1.48768,1.60648,1.76812,1.9956,3.0024,3.58,4.1,4.508,4.84,5.14,5.53,5.81,6.04,6.2516,6.5172,6.75,6.92,7.13,7.29,7.49,7.69,7.88,8.072,8.2576,8.46,8.65,8.82,9.04,9.22,9.42,9.63,9.86,10.06,10.27,10.48,10.73,10.93,11.12,11.36,11.57,11.78,12.01,12.24,12.48,12.71,12.94,13.15,13.35,13.6,13.85,14.08,14.29,14.53,14.75,14.9912,15.25,15.53,15.828,16.09,16.32,16.55,16.79,17.14,17.41,17.68,17.96,18.24,18.49,18.7496,18.9752,19.24,19.46,19.7,19.93,20.25,20.52,20.75,21.01,21.24,21.5412,21.8068,22.07,22.318,22.54,22.82,23.0648,23.35,23.57,23.8016,24.0472,24.2828,24.56,24.77,25.07,25.36,25.6508,25.92,26.31,26.64,27.07,27.6776,28.672,28.76396,28.9,29.03308,29.16,29.3066,29.61176,29.90264,30.43792,31.1617600000001,33.29
"IT086C",-1.74,1.38208,1.80912,2.45604,2.82472,3.0678,3.25,3.50692,3.69648,3.93208,4.1012,4.96,5.51,6.0448,6.41,6.7,7,7.26,7.5104,7.736,7.98,8.2,8.41,8.5484,8.73,8.93,9.1,9.27,9.45,9.63,9.82,9.98,10.16,10.32,10.51,10.71,10.88,11.07,11.28,11.47,11.67,11.87,12.05,12.2504,12.46,12.68,12.89,13.1,13.31,13.53,13.76,13.96,14.19,14.41,14.62,14.8276,15.0532,15.3,15.5444,15.76,15.96,16.23,16.48,16.75,17.02,17.2836,17.55,17.7748,17.99,18.28,18.56,18.8672,19.15,19.42,19.61,19.86,20.07,20.33,20.57,20.79,21.05,21.31,21.5588,21.84,22.1,22.3356,22.58,22.8668,23.13,23.38,23.59,23.83,24.05,24.31,24.51,24.74,24.92,25.16,25.4384,25.62,25.9096,26.21,26.43,26.6964,27.03,27.38,27.8232,28.35,29.1688,29.35,29.44,29.61924,29.75264,30.0044,30.30176,30.54,31,31.80088,34.62
"IT087C",-12.46,-10.38396,-9.38264,-8.48584,-8.08528,-7.542,-7.17264,-7.02616,-6.78704,-6.53396,-6.34,-4.69,-3.6132,-2.81,-2.33,-1.78,-1.3308,-1.01,-0.6996,-0.403999999999999,-0.0983999999999992,0.2,0.46,0.69,0.99,1.21,1.43,1.65,1.89,2.1,2.37,2.55,2.7788,3.0144,3.24,3.4356,3.6412,3.85,4.07,4.28,4.49,4.73,4.97,5.21,5.39,5.59,5.8272,6.1,6.35,6.59,6.8096,7.02,7.2608,7.5064,7.73,7.94,8.2032,8.48,8.73,9,9.24120000000001,9.4712,9.7,9.97,10.22,10.48,10.75,11.01,11.28,11.556,11.8,12.05,12.3128,12.54,12.77,12.9996,13.24,13.49,13.74,14.002,14.24,14.46,14.71,14.94,15.17,15.38,15.65,15.9,16.19,16.458,16.73,16.9992,17.3,17.5604,17.84,18.13,18.4172,18.7128,19.0284,19.31,19.6396,19.93,20.2508,20.59,20.98,21.36,21.79,22.3488,23.1388,23.29396,23.37352,23.5784799999999,23.71264,23.86,23.99,24.2311199999999,24.59352,25.0948400000002,27.26
"LT001C",-26.54,-22.75476,-20.97616,-20.19112,-18.56168,-17.5488,-17.03584,-16.66616,-16.34352,-15.80396,-15.2044,-12.7832,-10.5132,-9.21,-8.022,-7.2628,-6.44,-5.71,-5.11,-4.554,-4.0784,-3.5028,-2.97,-2.59,-2.25,-1.85,-1.51,-1.23,-0.92,-0.687999999999997,-0.45,-0.24,-0.0211999999999989,0.21,0.41,0.62,0.84,1.07,1.33,1.55,1.79,2.06,2.3,2.51,2.75,2.99,3.22,3.5,3.75,4.04400000000001,4.35,4.63,4.9408,5.21,5.622,5.96,6.3,6.6088,6.93,7.32,7.6856,8.0612,8.3768,8.72,9.04,9.38,9.72,10.03,10.32,10.62,10.95,11.2872,11.6328,11.9384,12.24,12.52,12.8252,13.11,13.3764,13.62,13.87,14.11,14.32,14.55,14.77,14.96,15.2012,15.42,15.63,15.87,16.12,16.36,16.5948,16.8404,17.1,17.38,17.63,17.93,18.2184,18.52,18.83,19.13,19.51,19.9064,20.34,20.84,21.44,22.2288,23.5344,23.72188,23.83056,24.05,24.23792,24.5522,24.74176,25.21396,25.7,26.1217600000001,26.88
"LT002C",-26.19,-21.50264,-20.22496,-18.90508,-17.46528,-16.3562,-15.78264,-15.26,-14.83,-14.35396,-13.872,-11.0976,-9.2796,-7.8152,-6.882,-5.95,-5.1908,-4.4856,-3.85,-3.38,-2.8784,-2.3828,-1.97,-1.6132,-1.25,-0.9104,-0.63,-0.369200000000001,-0.12,0.15,0.34,0.533200000000002,0.748800000000001,0.99,1.22,1.4456,1.65,1.85,2.0924,2.378,2.62,2.88,3.12,3.3404,3.58,3.82,4.06,4.2728,4.53,4.82,5.11,5.38,5.66,5.9664,6.3,6.61,6.9432,7.26,7.5944,7.89,8.27,8.6312,8.94,9.29240000000001,9.62,9.92,10.24,10.55,10.8704,11.17,11.48,11.83,12.12,12.4,12.71,12.99,13.28,13.5608,13.84,14.07,14.3,14.5432,14.7988,15.07,15.29,15.49,15.71,15.8768,16.1,16.318,16.56,16.78,17.01,17.27,17.52,17.7516,18.0272,18.28,18.56,18.854,19.18,19.47,19.8808,20.3164,20.69,21.2176,21.8132,22.52,23.82,23.97396,24.09704,24.37616,24.55264,24.901,25.13704,25.63792,25.89088,26.41044,27.68
"LT003C",-25.5,-21.59088,-20.1244,-18.7396,-17.16704,-15.9488,-15.40528,-14.89616,-14.57704,-14.24188,-13.9632,-11.2052,-9.4296,-8.11,-7.01,-6.09,-5.39,-4.64,-4.0496,-3.47,-3.06,-2.59,-2.18,-1.77,-1.44,-1.13,-0.83,-0.55,-0.24,-0.04,0.19,0.37,0.6,0.784400000000001,0.98,1.21,1.4,1.64,1.9024,2.14,2.37,2.59,2.7948,3.06,3.29,3.5316,3.76,4.01,4.27,4.58,4.85,5.11,5.39,5.6664,6.012,6.32,6.67,7,7.32,7.68,8.0256,8.38,8.67,9.02240000000001,9.368,9.69,10.02,10.34,10.6604,11.01,11.38,11.62,11.93,12.27,12.54,12.84,13.12,13.38,13.66,13.92,14.17,14.4632,14.7,14.9,15.12,15.35,15.55,15.7468,15.9924,16.21,16.44,16.6592,16.92,17.16,17.42,17.66,17.93,18.23,18.53,18.79,19.03,19.3852,19.78,20.18,20.63,21.18,21.76,22.45,23.7788,23.94,24.11,24.36232,24.64264,24.8332,25.20056,25.52264,25.95,26.45044,27.18
"LT004C",-25.32,-21.2764,-19.38,-18.57056,-17.4488,-16.6722,-15.68792,-15.25308,-14.75408,-14.25396,-13.9544,-11.1776,-9.3296,-8.0028,-6.974,-6.11,-5.36,-4.6104,-4.05,-3.57,-3.0884,-2.57,-2.21,-1.8,-1.41,-1.08,-0.8,-0.54,-0.253600000000001,-0.03,0.22,0.41,0.62,0.84,1.05,1.27,1.48,1.7168,1.95,2.19,2.47,2.72,2.99,3.19,3.41,3.7,3.93,4.16,4.4,4.7,4.98,5.27,5.53,5.89,6.182,6.5,6.83,7.1488,7.49,7.84,8.21,8.54,8.88,9.2,9.53,9.86,10.1492,10.46,10.79,11.06,11.3516,11.7172,12.03,12.34,12.61,12.91,13.25,13.51,13.7564,14,14.2376,14.44,14.73,14.9444,15.19,15.39,15.59,15.79,16,16.258,16.48,16.71,16.93,17.2004,17.42,17.66,17.93,18.19,18.46,18.76,19.0796,19.4,19.7908,20.1464,20.63,21.0676,21.71,22.4588,23.7032,23.81792,24.10704,24.29,24.48264,24.7988,25.11352,25.5166,25.78704,26.35044,27.44
"LT005C",-20.9,-16.22572,-14.34056,-13.51264,-13.03704,-12.2022,-11.48432,-10.88236,-10.60056,-10.3196,-9.95,-7.6664,-6.3064,-5.29,-4.272,-3.4464,-2.8808,-2.29,-1.8196,-1.394,-0.99,-0.7028,-0.39,-0.09,0.233999999999999,0.52,0.765200000000002,0.98,1.1664,1.402,1.62,1.8132,2.01,2.18,2.38,2.58,2.7612,2.9568,3.1324,3.33,3.52,3.7192,3.91,4.1,4.31,4.53,4.72,4.92,5.1584,5.4,5.6096,5.85,6.09,6.33,6.592,6.93,7.23,7.5,7.8,8.1,8.39,8.68,8.98,9.27,9.55,9.85360000000001,10.21,10.5,10.84,11.16,11.46,11.82,12.16,12.39,12.62,12.88,13.1,13.3408,13.53,13.82,14.0976,14.3632,14.59,14.83,15.07,15.27,15.5,15.68,15.86,16.07,16.3036,16.5092,16.74,16.9,17.13,17.34,17.54,17.78,18.06,18.37,18.65,18.97,19.33,19.72,20.17,20.68,21.2932,22.0788,23.4188,23.56,23.68,23.88308,24.04,24.4022,24.62176,25.06188,25.60088,26.07,27.27
"LT006C",-26.41,-22.0122,-20.66552,-19.07168,-17.24632,-16.5398,-15.96376,-15.05312,-14.63352,-14.31188,-13.97,-11.44,-9.6496,-8.3776,-7.382,-6.43,-5.6308,-4.9252,-4.2896,-3.754,-3.2684,-2.81,-2.39,-2.0132,-1.69,-1.37,-1.1148,-0.83,-0.56,-0.32,-0.0824000000000024,0.12,0.35,0.53,0.72,0.92,1.11,1.33,1.5524,1.8,2.01,2.24,2.44,2.67,2.87,3.14,3.39,3.63,3.9,4.15,4.41,4.66,4.8908,5.18,5.51,5.79,6.16,6.47,6.77,7.12,7.45,7.79,8.0668,8.41240000000001,8.75,9.07,9.4,9.7248,10.02,10.37,10.7,10.9872,11.29,11.57,11.89,12.15,12.41,12.69,12.9564,13.19,13.4776,13.76,13.96,14.1744,14.43,14.65,14.86,15.09,15.2924,15.51,15.72,15.94,16.15,16.37,16.62,16.88,17.15,17.44,17.6984,17.95,18.27,18.6,18.9708,19.37,19.832,20.33,20.9632,21.6488,22.8632,23.12188,23.36408,23.54308,23.8,24.1288,24.40232,24.69264,24.98528,25.3013200000001,26.86
"LU001C",-13.46,-9.34144,-8.32232,-7.55112,-6.9188,-6.391,-6.08264,-5.70924,-5.56408,-5.32396,-5.15,-3.65,-2.7932,-2.14,-1.492,-0.98,-0.600799999999999,-0.24,0.07,0.4,0.75,1.0972,1.4328,1.7584,2.03,2.3096,2.55,2.78,3.03,3.27,3.47,3.7,3.93,4.13,4.35,4.56,4.79,4.9868,5.19,5.37,5.5736,5.7992,5.99,6.18,6.366,6.57,6.76,6.98,7.24,7.43400000000001,7.67,7.85,8.09,8.3064,8.52,8.7276,8.98,9.2,9.3944,9.62,9.80560000000001,10.06,10.31,10.54,10.76,10.97,11.19,11.44,11.68,11.89,12.08,12.2772,12.46,12.69,12.89,13.07,13.29,13.5,13.6964,13.9,14.1,14.31,14.49,14.71,14.9,15.11,15.3112,15.48,15.68,15.92,16.14,16.37,16.6148,16.84,17.1,17.3316,17.57,17.86,18.1884,18.5,18.83,19.13,19.51,19.9364,20.38,20.8776,21.36,22.27,23.4988,23.63396,23.77352,24.04924,24.29056,24.6566,25.08352,25.58132,25.96264,26.8722000000001,28.55
"LV001C",-25.54,-20.09056,-17.98496,-17.0132,-16.05704,-15.3922,-15.06264,-14.4608,-13.93056,-13.17772,-12.7632,-10.4188,-8.6932,-7.54,-6.632,-5.82,-5.2,-4.4852,-3.8692,-3.394,-2.9084,-2.43,-1.9672,-1.58,-1.25,-0.9,-0.6,-0.339200000000001,-0.07,0.15,0.33,0.56,0.75,0.954400000000001,1.13,1.32,1.5,1.7368,1.93,2.17,2.4,2.6092,2.79,3.03,3.26,3.4716,3.74,3.9528,4.21,4.43,4.68,4.92,5.18,5.47,5.73,6.05,6.38,6.7,7.1,7.41,7.69,8.05,8.35,8.66240000000001,8.99,9.32360000000001,9.65,9.9648,10.33,10.69,11.02,11.3572,11.6928,11.98,12.23,12.52,12.77,13.0508,13.35,13.642,13.9376,14.22,14.4988,14.72,14.96,15.19,15.44,15.6668,15.85,16.07,16.31,16.49,16.72,16.94,17.17,17.42,17.65,17.94,18.26,18.53,18.7796,19.09,19.48,19.85,20.352,20.86,21.5332,22.3,23.5144,23.68188,23.90352,24.12232,24.35,24.6644,24.8488,25.16264,25.54176,26.20044,26.78
"LV002C",-21.47,-17.17848,-15.10968,-13.88264,-13.26352,-12.6476,-11.92584,-11.54924,-10.97,-10.64376,-10.3796,-7.8388,-6.4132,-5.2552,-4.474,-3.73,-3.03,-2.46,-1.9792,-1.54,-1.19,-0.8028,-0.48,-0.11,0.18,0.4,0.64,0.87,1.08,1.32,1.5,1.68,1.88,2.0944,2.28,2.46,2.63,2.8,2.99,3.17,3.37,3.55,3.73,3.94,4.12,4.3,4.52,4.68,4.89,5.11,5.3,5.51519999999999,5.79,6.0364,6.28,6.52,6.86,7.1788,7.4544,7.73,8.01,8.28,8.51,8.79,9.13,9.43,9.81,10.08,10.3904,10.68,10.9716,11.2872,11.59,11.9,12.134,12.34,12.6052,12.9,13.15,13.422,13.67,13.89,14.17,14.43,14.65,14.89,15.11,15.31,15.52,15.708,15.8936,16.1192,16.3248,16.55,16.73,16.92,17.13,17.36,17.5884,17.864,18.14,18.43,18.78,19.17,19.55,20.09,20.7432,21.47,22.6732,22.9,23.07112,23.30924,23.55792,23.7397999999999,23.90352,24.31396,24.66264,25.19,26.86
"LV003C",-26.6,-21.35044,-19.52584,-18.22772,-16.56352,-15.9244,-15.54792,-14.76308,-14.20352,-13.75396,-13.5044,-10.5572,-8.97,-7.8,-6.76,-5.89,-5.2008,-4.4052,-3.8496,-3.308,-2.87,-2.4028,-1.9872,-1.62,-1.28,-0.96,-0.63,-0.359200000000001,-0.09,0.112000000000003,0.32,0.57,0.768800000000001,0.98,1.18,1.37,1.5812,1.81,2.0124,2.258,2.52,2.75,2.96,3.1804,3.386,3.64,3.85,4.13,4.35,4.58,4.8496,5.1,5.36,5.6664,5.93,6.2376,6.58,6.9088,7.24,7.55,7.86,8.22,8.4968,8.84,9.16,9.49360000000001,9.81919999999999,10.1548,10.4704,10.84,11.14,11.47,11.7828,12.08,12.344,12.6396,12.9252,13.2008,13.4564,13.73,14.0476,14.29,14.5488,14.75,14.96,15.18,15.42,15.6668,15.89,16.09,16.33,16.52,16.74,16.95,17.17,17.46,17.7372,18.0128,18.26,18.56,18.89,19.19,19.5408,19.9264,20.43,20.99,21.5628,22.3188,23.5944,23.75396,23.9,24.22616,24.44528,24.6844,25.03704,25.19132,25.51056,26.2822000000001,27.14
"LV004C",-27.24,-23.40112,-21.67848,-19.57452,-18.56936,-18.2232,-17.3364,-16.8262,-16.35392,-16.09396,-15.4176,-12.8676,-10.9832,-9.5876,-8.6,-7.6664,-6.8208,-6.17,-5.4396,-4.83,-4.2984,-3.7528,-3.34,-2.8616,-2.48,-2.11,-1.81,-1.49,-1.1636,-0.91,-0.7,-0.45,-0.23,-0.02,0.15,0.4,0.58,0.81,1.04,1.258,1.47,1.6992,1.91,2.11,2.32,2.5816,2.83,3.12,3.3684,3.67,3.9496,4.2,4.53,4.8464,5.16,5.4876,5.82,6.17,6.5244,6.88,7.2956,7.67,7.9968,8.34,8.74,9.06360000000001,9.42,9.76,10.11,10.46,10.7816,11.12,11.4128,11.73,12.05,12.35,12.59,12.9,13.18,13.452,13.71,13.9432,14.21,14.5044,14.71,14.9356,15.17,15.39,15.62,15.808,16.0536,16.3,16.53,16.78,17.01,17.3,17.5972,17.8628,18.16,18.5,18.7896,19.1452,19.49,19.9,20.41,20.8676,21.4432,22.2288,23.4444,23.54792,23.74,23.89308,24.1284800000001,24.5022,24.82176,25.07132,25.4732,26.08088,27.12
"LV005C",-24.8,-18.831,-17.30056,-16.27528,-15.26,-14.57,-13.8632,-13.46848,-12.88928,-12.48396,-11.9888,-9.7104,-8.2232,-7.0252,-6.1,-5.3664,-4.7,-3.9904,-3.43,-2.96,-2.49,-2.02,-1.62,-1.26,-0.92,-0.62,-0.32,-0.0792000000000007,0.166399999999999,0.37,0.55,0.8,0.98,1.1544,1.36,1.54,1.74,1.94,2.16,2.4,2.59,2.8092,3.0048,3.22,3.46,3.7016,3.94,4.16,4.3884,4.59,4.84,5.06,5.3308,5.6,5.87,6.17,6.5,6.81,7.14,7.47,7.78,8.06,8.4,8.74240000000001,9.06,9.35,9.69,10.01,10.33,10.72,11,11.32,11.6328,11.9284,12.21,12.5,12.76,13.03,13.33,13.602,13.91,14.19,14.45,14.71,14.94,15.1456,15.41,15.63,15.83,16.04,16.26,16.44,16.6648,16.89,17.13,17.35,17.5772,17.8628,18.16,18.43,18.68,19,19.36,19.75,20.23,20.7176,21.3,22.14,23.26,23.46,23.65408,23.95308,24.14264,24.3744,24.60528,24.96056,25.38,25.9644000000002,26.47
"LV006C",-19.5,-15.66044,-15.17,-13.68528,-12.35528,-11.603,-10.87,-10.40616,-10.03056,-9.59396,-9.39,-7.3488,-6.08,-5.12,-4.42,-3.76,-3.14,-2.59,-2.09,-1.61,-1.22,-0.8528,-0.57,-0.29,-0.01,0.26,0.48,0.72,0.916399999999999,1.102,1.34,1.51,1.72,1.9,2.07,2.26,2.44,2.61,2.78,2.94,3.1136,3.32,3.49,3.6904,3.88,4.07,4.25,4.4228,4.5884,4.81,4.98,5.22,5.45,5.72,5.97,6.21,6.4832,6.73,7.03,7.31,7.61,7.88,8.13,8.38240000000001,8.73,9.02,9.33,9.64,9.92,10.21,10.46,10.7872,11.06,11.36,11.65,11.9,12.1852,12.4308,12.75,13.05,13.2776,13.58,13.83,14.12,14.34,14.55,14.77,14.9868,15.24,15.45,15.64,15.85,16.04,16.22,16.43,16.63,16.84,17.04,17.31,17.56,17.84,18.1352,18.4608,18.91,19.3,19.79,20.4532,21.15,22.45,22.58188,22.7376,22.98308,23.1358400000001,23.5522,23.83176,23.97132,24.38056,24.8474800000003,26.88
"LV007C",-28.74,-23.41176,-22.25088,-21.04224,-19.40936,-19.081,-18.6864,-18.05,-17.44352,-16.63772,-16.2876,-13.5876,-11.7092,-10.2428,-9.252,-8.2964,-7.4808,-6.8152,-6.2392,-5.568,-4.96,-4.4628,-3.93,-3.5416,-3.146,-2.75,-2.3796,-2.0592,-1.71,-1.42,-1.16,-0.89,-0.64,-0.41,-0.18,0.01,0.23,0.42,0.62,0.83,1.02,1.23,1.46,1.63,1.866,2.13,2.37,2.6228,2.86,3.14,3.43,3.7352,4.01,4.3,4.64,5,5.29,5.63,6.01,6.4,6.7356,7.13,7.5,7.87,8.24,8.63,8.97,9.3448,9.7,10.04,10.33,10.68,11.01,11.2984,11.61,11.9096,12.2,12.51,12.78,13.01,13.2876,13.6,13.8,14.0644,14.31,14.54,14.77,15.04,15.25,15.468,15.68,15.9,16.1448,16.42,16.67,16.93,17.1672,17.47,17.8,18.09,18.45,18.81,19.15,19.5964,20.042,20.5276,21.11,21.8364,23.06,23.22188,23.4,23.56308,23.72264,23.9763999999999,24.41704,24.76,25.1744,25.69,27.18
"LV008C",-28.42,-23.81848,-22.92968,-20.98716,-19.64176,-19.0922,-18.87528,-17.9454,-17.23056,-16.44396,-15.9308,-13.1164,-11.12,-9.78,-8.68,-7.69,-7.05,-6.33,-5.7592,-5.184,-4.6,-4.0428,-3.59,-3.1216,-2.74,-2.3,-1.97,-1.62,-1.34,-1.07,-0.802400000000002,-0.54,-0.331199999999999,-0.1,0.12,0.33,0.55,0.746800000000003,0.93,1.15,1.3736,1.56,1.77,1.99,2.2,2.4,2.67,2.9428,3.22,3.47,3.73,3.9952,4.2508,4.56,4.84,5.13,5.51,5.8388,6.14,6.48,6.8456,7.1612,7.5168,7.82,8.16,8.5,8.82,9.16,9.52,9.89,10.2116,10.5472,10.82,11.16,11.514,11.77,11.99,12.2808,12.52,12.85,13.09,13.38,13.66,13.87,14.12,14.34,14.5912,14.83,15.07,15.28,15.49,15.7,15.9448,16.16,16.39,16.68,16.9172,17.18,17.47,17.76,18.0996,18.4,18.8308,19.2564,19.72,20.25,20.88,21.7788,23.0688,23.17,23.33352,23.51308,23.67056,24.02,24.3563999999999,24.7932,25.04088,25.44088,26.21
"LV009C",-27.48,-22.89244,-20.74528,-19.50808,-18.31936,-17.8054,-17.14376,-16.6654,-16.18704,-15.53396,-15.3688,-12.4664,-10.62,-9.3,-8.232,-7.37,-6.54,-5.78,-5.14,-4.554,-4.02,-3.53,-3.09,-2.6516,-2.28,-1.91,-1.61,-1.3392,-1.04,-0.76,-0.522400000000002,-0.3,-0.06,0.13,0.33,0.51,0.691200000000003,0.916800000000003,1.1424,1.34,1.56,1.77,1.96,2.2,2.42,2.6416,2.9272,3.1928,3.46,3.73,4.01,4.2952,4.61,4.87,5.21,5.5076,5.84,6.19,6.55,6.95,7.25,7.61,7.97,8.33,8.65,9,9.37,9.77,10.07,10.4,10.7,11.02,11.35,11.63,11.94,12.26,12.57,12.83,13.0864,13.392,13.6776,13.91,14.16,14.4,14.64,14.88,15.0912,15.31,15.54,15.768,15.96,16.2,16.46,16.6804,16.99,17.2616,17.54,17.78,18.0884,18.43,18.74,19.0852,19.45,19.86,20.34,20.8376,21.3832,22.1288,23.4288,23.58,23.82056,23.98,24.1758400000001,24.5619999999999,24.8488,25.1466,25.53176,26.0930800000001,27.34
"LV010C",-27.47,-22.79616,-19.95144,-19.27396,-18.49176,-17.4552,-16.69792,-16.16848,-15.71704,-15.49376,-15.0744,-12.3576,-10.5632,-9.31,-8.22,-7.3664,-6.5508,-5.95,-5.31,-4.7,-4.1584,-3.68,-3.27,-2.8616,-2.48,-2.1,-1.76,-1.47,-1.17,-0.88,-0.672400000000002,-0.44,-0.211199999999999,0.0244000000000005,0.22,0.41,0.6,0.8,1.03,1.25,1.44,1.64,1.83,2.07,2.3,2.49,2.76,3.02,3.29,3.56,3.8496,4.0852,4.39,4.6864,4.962,5.2776,5.65,5.98,6.35,6.69,7.04,7.35,7.74,8.09240000000001,8.41,8.76360000000001,9.11919999999999,9.44,9.7404,10.09,10.43,10.76,11.08,11.3984,11.7,11.99,12.2552,12.5308,12.79,13.09,13.39,13.64,13.86,14.07,14.32,14.5456,14.78,15.02,15.23,15.46,15.6736,15.87,16.09,16.3704,16.656,16.89,17.14,17.4728,17.73,18.014,18.37,18.7352,19.1008,19.5164,20,20.5176,21.1564,21.98,23.2444,23.43396,23.62352,23.79,23.95792,24.2444,24.50528,24.85132,25.25088,25.7048400000002,26.88
"MT001C",6.75,8.74,9.04,9.36868,9.47824,9.66,9.85736,10.02,10.13,10.21604,10.37,11.0312,11.5168,11.86,12.15,12.4036,12.61,12.8148,12.99,13.13,13.27,13.4,13.53,13.65,13.774,13.88,13.98,14.1,14.22,14.32,14.43,14.53,14.63,14.73,14.84,14.95,15.08,15.19,15.3,15.418,15.5236,15.6492,15.77,15.89,16.01,16.16,16.32,16.48,16.62,16.76,16.92,17.09,17.23,17.4064,17.58,17.8,17.99,18.2,18.3944,18.62,18.83,19.08,19.25,19.48,19.69,19.9536,20.1592,20.33,20.5604,20.79,21.01,21.2572,21.4528,21.65,21.84,22.02,22.2352,22.44,22.64,22.83,23.02,23.19,23.39,23.59,23.77,23.93,24.09,24.24,24.39,24.54,24.68,24.8,24.93,25.05,25.2,25.33,25.45,25.5828,25.7,25.82,25.96,26.1,26.23,26.4,26.57,26.75,26.98,27.2688,27.7444,27.82,27.85352,27.97308,28.04056,28.13,28.20176,28.31,28.44176,28.65088,29.18
"NL001C",-10.91,-6.88352,-6.07088,-5.21584,-4.68176,-4.3622,-3.96584,-3.65616,-3.47056,-3.22,-3.08,-1.73,-0.85,-0.24,0.476000000000001,1.0372,1.5692,1.99,2.36,2.736,3.06,3.38,3.72,4.02,4.25,4.48,4.71,4.9008,5.1,5.3,5.48,5.67,5.83,6.01,6.19,6.35,6.55,6.71,6.8624,7.02,7.18,7.31,7.49,7.6304,7.77,7.93,8.09,8.25,8.4,8.56,8.74,8.96,9.1508,9.32,9.53,9.71,9.8932,10.12,10.3344,10.53,10.73,10.9712,11.21,11.43,11.658,11.88,12.1,12.29,12.51,12.73,12.9,13.08,13.25,13.45,13.64,13.8296,14.0252,14.21,14.37,14.51,14.69,14.8432,15.01,15.17,15.32,15.47,15.62,15.79,15.98,16.13,16.28,16.47,16.63,16.8,17.02,17.21,17.4,17.64,17.8384,18.02,18.28,18.54,18.79,19.09,19.48,19.9376,20.5432,21.3952,22.61,22.81396,23.05112,23.29616,23.51264,23.77,23.96352,24.20132,24.53264,25.0166000000003,28.97
"NL002C",-8.62,-5.78044,-4.86232,-4.33396,-3.61352,-3.39,-3.06,-2.81848,-2.57,-2.29396,-2.1188,-0.8576,0.0368000000000001,0.6524,1.25,1.85,2.3092,2.7148,3.05,3.416,3.7216,4.07,4.3028,4.59,4.794,4.99,5.19,5.3708,5.53,5.682,5.85,6.03,6.22,6.35,6.52,6.6556,6.83,6.98,7.13,7.27,7.4,7.5392,7.6648,7.8004,7.946,8.08,8.2,8.35,8.5084,8.67,8.83,8.98,9.16,9.3464,9.522,9.74,9.94,10.1388,10.32,10.55,10.7756,11.01,11.22,11.43,11.64,11.88,12.11,12.34,12.53,12.71,12.9,13.09,13.26,13.46,13.64,13.8296,14,14.17,14.35,14.49,14.66,14.81,14.96,15.12,15.26,15.44,15.56,15.74,15.87,16.02,16.17,16.36,16.5048,16.66,16.82,17,17.19,17.35,17.55,17.784,18.01,18.22,18.47,18.74,19.04,19.45,19.9332,20.7088,21.9144,22.12792,22.31408,22.47616,22.66528,22.8322,23.02528,23.32056,23.74088,24.2517600000001,28.38
"NL003C",-14.24,-8.41176,-7.3344,-6.44528,-5.84352,-5.4522,-5.1832,-4.85308,-4.66056,-4.39792,-4.1832,-2.85,-2.0032,-1.2776,-0.63,-0.13,0.25,0.69,1.1,1.436,1.78,2.08,2.47,2.73,3.104,3.3696,3.62,3.89,4.11,4.32,4.55,4.7432,4.97,5.2,5.41,5.59,5.79,6.02,6.18,6.34,6.52,6.67,6.85,7.03,7.22,7.41,7.59,7.7528,7.98,8.18,8.37,8.56,8.76,8.97,9.19,9.4,9.63,9.8788,10.12,10.31,10.53,10.72,10.98,11.24,11.488,11.7436,11.97,12.19,12.3504,12.6,12.8,13.0172,13.1928,13.38,13.56,13.71,13.91,14.08,14.29,14.5,14.68,14.84,15.0088,15.19,15.35,15.54,15.72,15.92,16.09,16.25,16.47,16.66,16.9,17.09,17.33,17.55,17.83,18.0628,18.3268,18.58,18.86,19.18,19.5308,19.96,20.452,20.97,21.64,22.56,24.0344,24.12188,24.3376,24.49924,24.63792,24.951,25.41528,25.82,26.4688,27.2952800000002,30.38
"NL004C",-11.31,-7.08748,-6.2544,-5.55716,-4.91,-4.5266,-4.31056,-3.80308,-3.65408,-3.47584,-3.28,-1.93,-1.1032,-0.45,0.266000000000001,0.8436,1.3092,1.75,2.14,2.51,2.84,3.1672,3.5028,3.7984,4.05,4.3,4.51,4.71,4.92,5.1,5.31,5.49,5.6688,5.88,6.05,6.22,6.4212,6.59,6.75,6.9,7.05,7.21,7.37,7.53,7.68,7.85,8,8.1728,8.32,8.5,8.71,8.8952,9.08,9.29,9.46,9.67,9.8532,10.0788,10.28,10.5,10.72,10.93,11.19,11.41,11.63,11.86,12.09,12.2748,12.5,12.69,12.87,13.07,13.24,13.44,13.64,13.8196,14.01,14.19,14.35,14.51,14.6976,14.87,15.03,15.19,15.34,15.48,15.66,15.82,16.01,16.15,16.3436,16.51,16.67,16.85,17.08,17.27,17.5072,17.77,17.93,18.16,18.41,18.6852,18.97,19.2864,19.666,20.2,20.8232,21.6388,23.04,23.17792,23.39,23.73,23.9437600000001,24.1444,24.32176,24.66792,25.03088,25.4161600000002,29.42
"NL005C",-11.02,-6.81364,-6.01088,-5.44792,-4.86232,-4.47,-4.20264,-3.92772,-3.52,-3.35396,-3.1444,-1.8576,-0.9832,-0.23,0.448000000000001,1.0236,1.4792,1.9548,2.39,2.74,3.09,3.37,3.6928,4.0184,4.27,4.49,4.73,4.9408,5.13,5.35,5.53,5.7,5.87,6.0744,6.23,6.4256,6.6,6.78,6.93,7.08,7.2436,7.4,7.58,7.7204,7.866,8.02,8.18,8.3128,8.5,8.65,8.86,9.1,9.27,9.43,9.6,9.7976,9.99,10.19,10.4,10.63,10.8156,11.08,11.29,11.52,11.71,11.95,12.16,12.37,12.58,12.79,12.96,13.1372,13.32,13.49,13.71,13.89,14.08,14.27,14.45,14.6,14.77,14.93,15.08,15.27,15.42,15.5556,15.71,15.87,16.0524,16.23,16.4,16.55,16.71,16.8804,17.1,17.3016,17.4972,17.74,17.9484,18.14,18.38,18.66,18.94,19.27,19.612,20.0776,20.6432,21.5088,22.6976,22.97188,23.2276,23.55,23.72264,23.98,24.21,24.43264,24.69264,25.2657200000002,28.87
"NL006C",-12.18,-7.48364,-6.63056,-6.01396,-5.25528,-4.78,-4.5232,-4.14924,-3.92,-3.79188,-3.6344,-2.3276,-1.45,-0.78,-0.121999999999999,0.4436,0.849200000000001,1.3,1.72,2.096,2.45,2.76,3.06,3.43,3.674,3.9796,4.21,4.43,4.63,4.832,5.05,5.26,5.4788,5.67,5.84,6.04,6.2312,6.41,6.57,6.75,6.93,7.07,7.2248,7.4004,7.58,7.74,7.9072,8.08,8.2584,8.45,8.67,8.85519999999999,9.05,9.2464,9.44,9.65,9.8632,10.07,10.28,10.48,10.7,10.95,11.2,11.39,11.61,11.88,12.06,12.3,12.48,12.67,12.86,13.0772,13.25,13.4584,13.63,13.83,14.0052,14.17,14.35,14.552,14.74,14.91,15.07,15.2244,15.41,15.55,15.71,15.88,16.06,16.25,16.44,16.63,16.81,17.02,17.236,17.44,17.6872,17.93,18.15,18.37,18.67,18.9252,19.28,19.67,20.012,20.5876,21.2932,22.1576,23.49,23.72396,23.93,24.19616,24.42,24.6354,25.01352,25.35132,25.67176,26.1814400000004,29.88
"NL007C",-12.91,-8.05396,-6.9744,-6.40132,-5.55456,-5.1522,-4.82792,-4.59308,-4.32168,-4.04584,-3.92,-2.7076,-1.82,-1.1,-0.44,0.0736000000000001,0.44,0.8848,1.33,1.69,2.05,2.3372,2.68,3.03,3.314,3.58,3.8552,4.08,4.2764,4.51,4.6976,4.8932,5.14,5.34,5.55,5.74,5.93,6.11,6.29,6.44,6.62,6.8,6.9548,7.13,7.33,7.49,7.66,7.8528,8.04,8.24400000000001,8.4396,8.62,8.81,8.99,9.23,9.45,9.6832,9.92,10.11,10.31,10.5156,10.76,10.97,11.2,11.458,11.72,11.95,12.1348,12.31,12.52,12.73,12.92,13.11,13.31,13.49,13.68,13.87,14.0308,14.22,14.42,14.61,14.79,14.94,15.1,15.29,15.45,15.62,15.8,15.98,16.13,16.34,16.5492,16.7448,16.98,17.2,17.4,17.64,17.88,18.12,18.374,18.6596,18.94,19.3,19.72,20.16,20.66,21.2864,22.23,23.6288,23.78396,23.92704,24.1354,24.38528,24.6588,25.11056,25.31264,26.00352,26.5723200000005,29.91
"NL008C",-12.55,-7.8222,-6.85584,-6.07132,-5.30816,-4.96,-4.60264,-4.29308,-4.02704,-3.87188,-3.7244,-2.48,-1.6232,-0.94,-0.291999999999999,0.1936,0.579200000000001,1.01,1.44,1.806,2.17,2.4472,2.8,3.1584,3.41,3.69,3.9652,4.18,4.42,4.612,4.82,5.04,5.26,5.45,5.65,5.83,6.0212,6.27,6.41,6.57,6.73,6.9192,7.07,7.28,7.45,7.6216,7.82,7.99,8.18,8.38400000000001,8.59,8.7452,8.95,9.15,9.36,9.58,9.82,10.05,10.25,10.45,10.67,10.9012,11.13,11.34,11.61,11.85,12.09,12.29,12.46,12.656,12.8816,13.07,13.28,13.45,13.63,13.82,14.01,14.21,14.3964,14.59,14.77,14.95,15.11,15.28,15.44,15.62,15.81,15.97,16.15,16.33,16.51,16.7092,16.92,17.16,17.38,17.5616,17.8,18.04,18.3,18.53,18.82,19.1352,19.51,19.8864,20.33,20.83,21.47,22.4076,23.7244,23.89792,24.03112,24.24,24.51,24.7,25.04704,25.38396,26.04,26.5874800000003,29.51
"NL009C",-13.56,-8.66176,-7.26352,-6.78528,-6.05816,-5.6244,-5.42,-5.28308,-5.06056,-4.87188,-4.682,-3,-2.12,-1.36,-0.64,-0.1264,0.399200000000001,0.75,1.1004,1.51,1.91,2.2172,2.53,2.82,3.11,3.44,3.71,3.95,4.18,4.37,4.56,4.8,4.96,5.18,5.37,5.55,5.7512,5.92,6.1,6.25,6.4,6.53,6.71,6.88,7.03,7.2216,7.4472,7.63,7.83,8.004,8.18,8.35,8.54,8.77,8.982,9.1776,9.39,9.59,9.78,10,10.24,10.4812,10.73,10.97,11.18,11.44,11.66,11.88,12.08,12.29,12.47,12.65,12.86,13.0284,13.19,13.38,13.5552,13.73,13.89,14.05,14.24,14.43,14.61,14.78,14.92,15.09,15.26,15.42,15.5924,15.75,15.9236,16.1192,16.29,16.51,16.7,16.9,17.1572,17.39,17.59,17.86,18.13,18.45,18.8,19.1064,19.52,19.96,20.5832,21.46,22.7644,22.95396,23.13704,23.32308,23.55792,23.7944,24.11176,24.37924,24.88792,25.5139600000002,28.32
"NL010C",-11.43,-7.27132,-6.21056,-5.61924,-4.79528,-4.4522,-4.22264,-3.75616,-3.63,-3.47396,-3.3144,-1.82,-1.06,-0.32,0.29,0.74,1.29,1.76,2.17,2.51,2.86,3.17,3.52,3.81,4.17,4.42,4.65,4.85,5.08,5.262,5.46,5.67,5.87,6.02,6.21,6.41,6.59,6.79,6.94,7.1,7.27,7.4592,7.6348,7.81,8,8.1616,8.3272,8.49,8.68,8.87,9.04,9.24,9.43,9.65,9.802,9.99,10.18,10.3988,10.61,10.85,11.07,11.32,11.52,11.7324,11.96,12.19,12.38,12.61,12.77,12.97,13.16,13.35,13.53,13.72,13.93,14.1,14.27,14.46,14.66,14.84,14.98,15.16,15.3188,15.49,15.65,15.83,15.99,16.14,16.2924,16.48,16.65,16.86,17.05,17.25,17.45,17.6416,17.87,18.11,18.34,18.594,18.86,19.2,19.5108,19.85,20.272,20.7376,21.4,22.2088,23.82,23.9898,24.15,24.35616,24.51264,24.7322,25.02,25.3766,25.78528,26.5583600000003,29.28
"NL011C",-11.75,-7.39176,-6.46088,-5.66792,-4.93176,-4.4566,-4.24264,-3.88616,-3.75352,-3.54,-3.37,-1.9188,-1.1332,-0.4376,0.15,0.62,1.14,1.59,1.97,2.346,2.6916,2.9772,3.4028,3.7,4.014,4.26,4.5,4.72,4.94,5.15,5.3476,5.55,5.77,5.93,6.12,6.3,6.5,6.69,6.85,7.05,7.2,7.38,7.55,7.71,7.916,8.09,8.2572,8.45,8.63,8.82,8.99,9.1652,9.39,9.59,9.78,9.96,10.17,10.38,10.56,10.8,11.0556,11.29,11.48,11.72,11.93,12.18,12.4092,12.58,12.76,12.96,13.15,13.3472,13.53,13.71,13.93,14.11,14.28,14.46,14.6564,14.85,15.0176,15.18,15.33,15.5,15.7,15.85,16.02,16.18,16.34,16.53,16.72,16.91,17.0948,17.3,17.49,17.72,17.94,18.17,18.44,18.66,18.92,19.26,19.62,19.96,20.352,20.86,21.49,22.3476,23.8044,23.97,24.16704,24.4,24.66,24.8666,25.08176,25.48264,25.92088,26.4474800000003,29.36
"NL012C",-13.37,-8.1344,-7.17528,-6.33,-5.62048,-5.2266,-5.02528,-4.7354,-4.44352,-4.18396,-3.9844,-2.7388,-1.87,-1.1276,-0.461999999999999,0.02,0.45,0.91,1.3004,1.686,2,2.34,2.6528,3.0084,3.3,3.58,3.84,4.09,4.31,4.53,4.72,4.93,5.15,5.37,5.58,5.78,5.97,6.15,6.34,6.5,6.66,6.84,7.01,7.19,7.38,7.55,7.71,7.88,8.11,8.3,8.5,8.69,8.87,9.06640000000001,9.3,9.5176,9.76,9.9888,10.18,10.39,10.61,10.8,11.05,11.2924,11.548,11.8,12.04,12.24,12.4004,12.63,12.84,13.05,13.2128,13.42,13.6,13.79,13.95,14.1208,14.32,14.52,14.7,14.89,15.05,15.21,15.37,15.56,15.72,15.91,16.09,16.28,16.45,16.65,16.87,17.09,17.3,17.51,17.7772,18.0228,18.2584,18.53,18.8,19.06,19.4408,19.8628,20.3,20.84,21.46,22.3688,23.8188,23.94,24.11704,24.28924,24.50792,24.6422,25.1075999999999,25.48396,26.0167199999999,26.9448400000002,30.18
"NL013C",-12.42,-7.75132,-6.8344,-6.13188,-5.5376,-5.0222,-4.64376,-4.3654,-4.15352,-3.94396,-3.742,-2.56,-1.7,-0.9776,-0.34,0.16,0.57,1.03,1.44,1.836,2.17,2.44,2.7928,3.17,3.42,3.6996,3.98,4.2,4.39,4.61,4.82,5.04,5.26,5.46,5.65,5.83,6.0312,6.24,6.41,6.55,6.73,6.9092,7.06,7.26,7.44,7.6,7.78,7.98,8.15,8.34,8.5596,8.72,8.9,9.11,9.33,9.58,9.7932,10,10.21,10.42,10.6156,10.85,11.1,11.29,11.54,11.8136,12.0492,12.23,12.41,12.596,12.82,13.01,13.2,13.39,13.57,13.77,13.96,14.15,14.32,14.52,14.69,14.8732,15.03,15.2044,15.38,15.55,15.71,15.89,16.06,16.24,16.43,16.62,16.82,17.08,17.28,17.47,17.71,17.9628,18.19,18.44,18.7296,19.03,19.3808,19.75,20.21,20.73,21.3732,22.3176,23.582,23.85396,23.97352,24.24,24.4758400000001,24.71,25.12352,25.44,25.87408,26.4205600000004,29.59
"NL014C",-13,-8.37264,-6.88088,-5.74924,-5.04,-4.6644,-4.18264,-3.98,-3.80408,-3.59396,-3.4088,-2.1,-1.3332,-0.61,-0.1,0.38,0.8,1.27,1.6104,2.04,2.39,2.77,3.1128,3.4084,3.72,4.01,4.26,4.47,4.73,4.94,5.13,5.34,5.55,5.77,5.95,6.13,6.3312,6.54,6.75,6.95,7.14,7.29,7.45,7.66,7.84,8,8.18,8.4,8.5884,8.784,8.98,9.1552,9.34,9.54,9.77,9.99,10.23,10.42,10.6344,10.83,11.08,11.3212,11.54,11.77,11.99,12.23,12.44,12.64,12.86,13.04,13.25,13.43,13.64,13.81,13.994,14.18,14.38,14.5908,14.77,14.97,15.15,15.32,15.5,15.67,15.85,16.01,16.19,16.3568,16.55,16.75,16.94,17.1292,17.38,17.59,17.78,18.01,18.2472,18.47,18.75,19,19.3,19.63,19.98,20.47,20.89,21.43,21.9564,22.9188,24.3088,24.46396,24.66112,24.84924,25.0684800000001,25.2566,25.65176,26.03188,26.69352,27.3045200000006,29.84
"NL015C",-15.17,-8.35484,-7.54088,-6.83132,-6.04352,-5.4822,-5.17264,-4.84924,-4.55,-4.31792,-4.11,-2.83,-1.9432,-1.2476,-0.613999999999999,-0.14,0.25,0.67,1.06,1.39,1.7216,2.1,2.42,2.71,3.04,3.3,3.58,3.8508,4.08,4.29,4.5276,4.72,4.9488,5.16,5.36,5.5656,5.75,5.97,6.18,6.328,6.49,6.67,6.87,7.04,7.236,7.41,7.61,7.8,7.9984,8.19,8.42,8.6,8.7808,8.98,9.2,9.42,9.6332,9.92,10.14,10.36,10.58,10.8,11.02,11.27,11.54,11.81,12.03,12.23,12.42,12.66,12.87,13.09,13.28,13.4484,13.614,13.79,14,14.16,14.37,14.59,14.7676,14.94,15.13,15.3,15.45,15.64,15.8212,16.0268,16.22,16.39,16.5836,16.8192,17.01,17.23,17.48,17.72,17.96,18.22,18.47,18.76,19.03,19.36,19.76,20.1564,20.682,21.17,21.8132,22.7988,24.25,24.43,24.55352,24.67,24.85264,25.2022,25.59528,25.94132,26.69792,27.4735200000001,30.03
"NL016C",-11.2,-7.22396,-6.24176,-5.55792,-5.07696,-4.621,-4.34264,-3.99616,-3.71352,-3.45,-3.2388,-2.01,-1.13,-0.4576,0.27,0.7936,1.26,1.73,2.2,2.53,2.85,3.17,3.52,3.82,4.1,4.3596,4.59,4.82,5.03,5.23,5.4,5.6,5.78,5.99,6.17,6.33,6.53,6.7,6.8624,7.03,7.18,7.35,7.51,7.67,7.85,8,8.14,8.31,8.48,8.65,8.87,9.11519999999999,9.2808,9.44,9.62,9.8,9.99,10.2,10.42,10.65,10.8756,11.12,11.32,11.5124,11.76,11.97,12.2292,12.3948,12.6,12.806,12.96,13.17,13.36,13.5284,13.72,13.91,14.09,14.26,14.44,14.65,14.81,14.98,15.13,15.29,15.46,15.59,15.76,15.92,16.0924,16.26,16.45,16.64,16.81,16.98,17.17,17.39,17.59,17.81,18.07,18.25,18.5196,18.81,19.06,19.4,19.78,20.28,20.9,21.6888,22.9388,23.15396,23.35352,23.63308,23.91264,24.1344,24.41352,24.62396,24.86264,25.3926400000001,28.7
"NL017C",-10.2,-6.18,-5.52408,-5.04396,-4.4088,-3.9766,-3.70528,-3.45,-3.05352,-2.86,-2.6376,-1.29,-0.47,0.2624,0.918000000000001,1.47,1.9992,2.46,2.87,3.22,3.5616,3.84,4.14,4.39,4.65,4.8796,5.11,5.3,5.5,5.65,5.83,5.99,6.16,6.3144,6.49,6.67,6.85,7.0268,7.18,7.32,7.47,7.62,7.77,7.92,8.05,8.18,8.35,8.49,8.65,8.82,8.98,9.1652,9.35,9.52,9.69,9.89,10.11,10.31,10.52,10.72,10.9156,11.1412,11.38,11.6,11.82,12.05,12.26,12.4548,12.65,12.86,13.03,13.22,13.42,13.59,13.78,13.98,14.18,14.34,14.52,14.67,14.82,14.98,15.15,15.3044,15.46,15.61,15.76,15.9068,16.0624,16.24,16.41,16.56,16.7,16.8804,17.07,17.2616,17.44,17.64,17.86,18.05,18.3,18.54,18.81,19.1064,19.47,19.8076,20.3632,21.21,22.492,22.74188,22.99408,23.24308,23.43,23.5788,23.87528,24.08,24.43352,25.0374800000003,28.68
"NL018C",-13.32,-8.06232,-6.87176,-6.21132,-5.66352,-5.3144,-4.99,-4.83,-4.66056,-4.51,-4.362,-2.7176,-1.7732,-1.05,-0.431999999999999,0.1336,0.62,1.01,1.37,1.766,2.14,2.48,2.79,3.08,3.374,3.64,3.88,4.14,4.35,4.56,4.75,4.9132,5.1,5.31,5.51,5.71,5.87,6.04,6.18,6.34,6.49,6.6592,6.82,6.98,7.12,7.3,7.48,7.6628,7.83,8.01,8.19,8.37,8.59,8.8,9.012,9.2176,9.42,9.6,9.8,10.05,10.26,10.53,10.77,11,11.228,11.46,11.7,11.8848,12.1,12.34,12.52,12.69,12.88,13.0584,13.23,13.43,13.6052,13.77,13.93,14.09,14.28,14.45,14.61,14.79,14.99,15.1256,15.28,15.44,15.59,15.74,15.93,16.11,16.32,16.49,16.65,16.86,17.1,17.35,17.57,17.78,18.04,18.36,18.6808,19.0264,19.41,19.8576,20.3332,21.21,22.5044,22.76,22.96,23.10616,23.32528,23.4822,23.82704,24.1366,24.42056,25.03044,28.04
"NL019C",-9.7,-6.06044,-5.34264,-4.6466,-3.99528,-3.6032,-3.25264,-2.91308,-2.76,-2.50376,-2.34,-1.0376,-0.1432,0.4624,1.128,1.6936,2.23,2.62,2.97,3.32,3.68,3.98,4.26,4.54,4.74,4.96,5.15,5.35,5.53,5.68,5.86,6,6.1688,6.34,6.49,6.65,6.83,6.99,7.14,7.29,7.4236,7.57,7.71,7.84,7.98,8.12,8.25,8.38,8.55,8.71,8.86,9.02,9.22,9.38,9.57,9.7676,10,10.2,10.38,10.59,10.8156,11.0412,11.26,11.48,11.688,11.95,12.18,12.37,12.55,12.74,12.93,13.13,13.32,13.49,13.69,13.8896,14.08,14.24,14.39,14.55,14.71,14.85,15.02,15.18,15.33,15.48,15.6212,15.77,15.92,16.108,16.25,16.4292,16.56,16.7304,16.91,17.06,17.25,17.43,17.6384,17.87,18.06,18.3052,18.5408,18.82,19.152,19.52,20.0532,20.79,22.02,22.3,22.49704,22.60308,22.81528,22.97,23.13352,23.63264,23.90176,24.3326400000001,28.44
"NL020C",-10.23,-6.27132,-5.64176,-4.75848,-4.24232,-3.8922,-3.52792,-3.30616,-3.03056,-2.77792,-2.62,-1.3064,-0.4132,0.2124,0.89,1.45,1.99,2.4,2.75,3.106,3.4816,3.78,4.07,4.34,4.58,4.79,5.0252,5.22,5.39,5.55,5.72,5.9032,6.06,6.24,6.38,6.5656,6.76,6.93,7.07,7.22,7.37,7.5092,7.6648,7.8,7.95,8.08,8.23,8.38,8.55,8.69,8.86,9.04,9.22,9.4,9.59,9.79,10.01,10.2,10.4,10.59,10.8156,11.04,11.27,11.48,11.71,11.95,12.1792,12.3748,12.58,12.76,12.9316,13.14,13.32,13.5,13.69,13.88,14.08,14.26,14.43,14.58,14.72,14.88,15.05,15.2244,15.35,15.51,15.66,15.81,15.97,16.15,16.31,16.45,16.63,16.81,16.98,17.16,17.33,17.52,17.75,17.97,18.17,18.43,18.6808,18.97,19.33,19.71,20.2664,21.0588,22.29,22.49,22.82,23.02,23.15,23.3744,23.55,23.81792,24.23264,24.6035200000001,28.68
"NL021C",-9.13,-5.88308,-5.09088,-4.38792,-3.71352,-3.3922,-3.07056,-2.79,-2.54352,-2.36792,-2.1344,-0.86,0.0568000000000001,0.6624,1.258,1.87,2.3392,2.74,3.09,3.436,3.77,4.1,4.35,4.62,4.824,5.03,5.2252,5.42,5.5764,5.73,5.9,6.07,6.22,6.37,6.52,6.6956,6.86,7.01,7.16,7.3,7.44,7.5792,7.72,7.85,7.98,8.12,8.24,8.3828,8.54,8.684,8.87,9.03,9.19,9.36,9.54,9.76,9.9632,10.16,10.3544,10.57,10.82,11.01,11.24,11.46,11.67,11.9,12.1492,12.36,12.55,12.726,12.8916,13.09,13.28,13.49,13.664,13.85,14.0252,14.2,14.36,14.51,14.68,14.84,14.98,15.13,15.27,15.43,15.5812,15.74,15.88,16.05,16.18,16.36,16.52,16.67,16.84,17.01,17.16,17.36,17.54,17.75,18,18.2,18.43,18.72,19.022,19.4076,19.89,20.62,21.8844,22.07396,22.24,22.45308,22.56264,22.7444,22.92176,23.40528,23.65704,24.18044,28.27
"NL022C",-15.9,-8.89044,-7.74792,-6.57452,-5.98112,-5.343,-4.81528,-4.43308,-4.19,-4.09584,-3.8644,-2.67,-1.7732,-1.1,-0.521999999999999,-0.0563999999999999,0.389200000000001,0.73,1.06,1.46,1.8316,2.1472,2.5628,2.85,3.134,3.4096,3.67,3.9308,4.14,4.372,4.5876,4.81,5.0188,5.2344,5.41,5.64,5.8712,6.09,6.3,6.48,6.68,6.87,7.0548,7.26,7.42,7.61,7.8072,7.99,8.19,8.37,8.58,8.79,8.99,9.21,9.44,9.64,9.8732,10.06,10.25,10.46,10.66,10.91,11.11,11.38,11.61,11.85,12.04,12.2848,12.51,12.71,12.8916,13.09,13.29,13.48,13.66,13.84,14.04,14.2108,14.42,14.65,14.81,15,15.16,15.33,15.53,15.68,15.89,16.0568,16.27,16.5,16.72,16.91,17.1048,17.34,17.57,17.79,18.04,18.3,18.5284,18.81,19.15,19.4552,19.87,20.29,20.742,21.2176,21.8332,22.6988,24.1644,24.29396,24.47352,24.62308,24.88792,25.1022,25.33528,25.85792,26.56616,27.5110000000004,30.53
"NL023C",-13.14,-8.43528,-6.83264,-5.7866,-5.06936,-4.6766,-4.30264,-4.05,-3.82056,-3.64792,-3.44,-2.1688,-1.3732,-0.7176,-0.161999999999999,0.3,0.729200000000001,1.1948,1.53,1.976,2.33,2.68,3.03,3.33,3.64,3.92,4.19,4.3908,4.63,4.86,5.07,5.27,5.49,5.69,5.88,6.06,6.2612,6.46,6.68,6.898,7.07,7.22,7.39,7.5804,7.75,7.94,8.1172,8.3128,8.5384,8.7,8.9,9.09,9.29,9.4764,9.72,9.94,10.16,10.39,10.59,10.79,11.03,11.2712,11.47,11.7024,11.958,12.18,12.4,12.5948,12.81,13.02,13.21,13.38,13.5828,13.7584,13.96,14.13,14.35,14.55,14.75,14.94,15.1276,15.28,15.48,15.66,15.83,15.98,16.16,16.33,16.53,16.73,16.92,17.1,17.35,17.55,17.776,17.99,18.24,18.47,18.73,18.99,19.3,19.63,20.01,20.44,20.912,21.3876,21.94,22.89,24.2744,24.42396,24.66352,24.87308,25.02264,25.3144,25.57176,25.98264,26.5375999999999,27.3206800000008,29.85
"NL024C",-14.29,-8.2566,-7.27672,-6.43452,-5.80584,-5.3844,-5.11264,-4.86232,-4.51352,-4.2798,-4.1232,-2.7788,-1.94,-1.23,-0.59,-0.12,0.27,0.72,1.09,1.42,1.77,2.1172,2.46,2.74,3.07,3.33,3.62,3.8808,4.1,4.32,4.55,4.74,4.96,5.19,5.39,5.6,5.78,6.0068,6.19,6.36,6.52,6.69,6.88,7.0504,7.25,7.43,7.61,7.81,8,8.2,8.4192,8.6,8.78,8.9864,9.21,9.43,9.64,9.93,10.15,10.36,10.5656,10.79,11.0168,11.27,11.548,11.79,12.0292,12.2248,12.4104,12.65,12.86,13.07,13.25,13.43,13.6,13.77,13.97,14.1408,14.37,14.57,14.7576,14.93,15.1,15.2644,15.43,15.61,15.8,15.99,16.19,16.35,16.55,16.77,16.98,17.2,17.43,17.67,17.92,18.18,18.42,18.714,18.9896,19.31,19.6708,20.1,20.612,21.1076,21.7632,22.75,24.1844,24.29188,24.50704,24.62616,24.80264,25.1166,25.57352,25.95,26.68968,27.42088,30.25
"NL025C",-12.19,-7.4122,-6.66176,-5.73924,-4.98528,-4.5922,-4.22848,-4.01616,-3.89,-3.71772,-3.4944,-2.1188,-1.32,-0.63,-0.02,0.4572,0.909200000000001,1.34,1.73,2.11,2.44,2.8,3.1628,3.47,3.76,4.0496,4.2852,4.52,4.7264,4.94,5.17,5.37,5.6088,5.79,5.95,6.15,6.33,6.55,6.73,6.9,7.07,7.2292,7.42,7.5904,7.76,7.9216,8.14,8.3128,8.5,8.7,8.8796,9.06,9.25,9.4664,9.68,9.89,10.1032,10.33,10.53,10.73,10.96,11.2,11.41,11.64,11.86,12.12,12.33,12.5348,12.73,12.936,13.11,13.3072,13.51,13.67,13.86,14.0696,14.25,14.45,14.6464,14.84,15.02,15.19,15.35,15.5,15.68,15.85,16.01,16.1768,16.36,16.55,16.76,16.9392,17.15,17.35,17.55,17.7816,18,18.23,18.45,18.73,18.99,19.31,19.6908,20.08,20.512,21.0176,21.5932,22.4776,23.7732,23.99396,24.14,24.41924,24.67,24.84,24.97176,25.46924,26.04352,26.5522000000001,29.38
"NL026C",-11.83,-7.19112,-6.51176,-5.85924,-5.2088,-4.7022,-4.46264,-4.02308,-3.80352,-3.63792,-3.4176,-2.22,-1.32,-0.64,0.03,0.6,1.03,1.47,1.9304,2.256,2.6216,2.94,3.24,3.57,3.84,4.11,4.33,4.55,4.76,4.95,5.15,5.35,5.5688,5.74,5.93,6.1156,6.33,6.4868,6.6424,6.818,6.96,7.12,7.3,7.47,7.62,7.7916,7.94,8.1028,8.2884,8.48,8.69,8.8852,9.1,9.26,9.45,9.66,9.85,10.0488,10.27,10.48,10.71,10.95,11.2,11.39,11.62,11.83,12.06,12.28,12.48,12.65,12.84,13.0472,13.24,13.41,13.61,13.81,13.98,14.14,14.3264,14.52,14.7,14.86,15.01,15.18,15.35,15.5156,15.66,15.8268,16.01,16.18,16.39,16.55,16.7348,16.9204,17.116,17.33,17.59,17.8,18.03,18.25,18.52,18.78,19.09,19.47,19.812,20.37,21.05,21.8752,23.1432,23.39584,23.59352,23.7684799999999,24.10792,24.3722,24.55176,24.8966,25.25088,25.65,29.34
"NL027C",-8.74,-5.90176,-5.1944,-4.48132,-3.81176,-3.5722,-3.24056,-2.97924,-2.77,-2.55792,-2.3088,-1.0264,-0.18,0.51,1.068,1.66,2.17,2.5548,2.9004,3.226,3.5616,3.88,4.16,4.41,4.65,4.8396,5.03,5.23,5.4,5.58,5.72,5.8932,6.08,6.26,6.42,6.57,6.73,6.87,7.01,7.17,7.3036,7.44,7.59,7.72,7.866,8.03,8.17,8.3,8.45,8.62,8.77,8.93,9.13,9.34,9.52,9.7,9.9132,10.13,10.33,10.53,10.76,10.98,11.2,11.43,11.67,11.92,12.1492,12.33,12.54,12.73,12.93,13.11,13.2928,13.46,13.65,13.85,14.0552,14.21,14.37,14.522,14.68,14.8632,15.02,15.16,15.32,15.49,15.63,15.79,15.94,16.09,16.24,16.42,16.58,16.76,16.91,17.11,17.29,17.46,17.72,17.92,18.15,18.37,18.64,18.91,19.23,19.69,20.16,21.0252,22.2244,22.36396,22.55408,22.78924,22.98264,23.17,23.4293599999999,23.65,23.82056,24.4796800000004,28.46
"NL028C",-11.04,-7.11528,-6.16088,-5.3766,-5.0888,-4.6922,-4.46264,-4.29232,-4.01352,-3.81,-3.5544,-1.9864,-1.0264,-0.27,0.328000000000001,0.8536,1.3,1.77,2.17,2.5,2.86,3.2,3.49,3.79,4.034,4.25,4.46,4.72,4.91,5.11,5.2676,5.43,5.5888,5.75,5.92,6.1,6.26,6.43,6.58,6.72,6.85,6.9892,7.11,7.2504,7.43,7.59,7.71,7.85,8,8.16400000000001,8.35,8.55,8.72,8.88,9.07,9.31,9.51,9.71,9.94,10.15,10.37,10.58,10.83,11.04,11.3,11.51,11.75,11.96,12.17,12.37,12.58,12.76,12.9328,13.11,13.3,13.49,13.67,13.8208,13.99,14.162,14.32,14.49,14.68,14.83,14.98,15.15,15.31,15.4368,15.6,15.74,15.9,16.1,16.26,16.43,16.606,16.81,17,17.19,17.4184,17.66,17.85,18.14,18.41,18.77,19.09,19.47,19.98,20.8588,22.0944,22.30188,22.47,22.65924,22.90792,23.051,23.33528,23.72132,24,24.80088,28.4
"NL029C",-10.32,-6.25132,-5.57528,-5.01112,-4.34,-4.0222,-3.74,-3.48,-3.14408,-2.90396,-2.6444,-1.3588,-0.4764,0.2124,0.888000000000001,1.4236,1.94,2.3948,2.8004,3.14,3.51,3.8,4.08,4.35,4.58,4.82,5.0652,5.25,5.44,5.58,5.78,5.9332,6.1,6.25,6.43,6.62,6.7812,6.97,7.12,7.27,7.42,7.57,7.72,7.86,7.996,8.13,8.29,8.44,8.59,8.76,8.92,9.11,9.3,9.47,9.642,9.8276,10.0632,10.27,10.47,10.66,10.86,11.11,11.33,11.55,11.768,12,12.21,12.42,12.62,12.81,12.98,13.18,13.38,13.54,13.734,13.94,14.13,14.31,14.4764,14.63,14.78,14.94,15.1,15.28,15.42,15.57,15.72,15.8768,16.03,16.19,16.37,16.5292,16.67,16.86,17.06,17.22,17.4072,17.59,17.83,18.024,18.25,18.5,18.78,19.0664,19.43,19.79,20.3532,21.1888,22.452,22.74396,22.98704,23.25616,23.41792,23.5444,23.84704,24.06132,24.44792,25.0379200000003,28.82
"NL030C",-10.83,-6.87616,-6.02616,-5.31132,-4.70176,-4.2822,-4.09056,-3.59,-3.45704,-3.30792,-3.1244,-1.6288,-0.8832,-0.1876,0.44,1.05,1.4892,1.9,2.3,2.63,2.99,3.3,3.6328,3.89,4.13,4.37,4.6152,4.8108,5.01,5.19,5.36,5.54,5.7388,5.9,6.11,6.28,6.4712,6.63,6.8,6.94,7.09,7.23,7.4,7.56,7.7,7.86,8.03,8.18,8.3584,8.51,8.7,8.9052,9.1,9.29,9.49,9.69,9.86,10.1,10.3044,10.52,10.74,10.95,11.19,11.4324,11.65,11.88,12.1292,12.32,12.51,12.73,12.91,13.1072,13.27,13.47,13.67,13.86,14.0552,14.21,14.39,14.54,14.71,14.8932,15.05,15.23,15.38,15.52,15.68,15.85,16.02,16.17,16.33,16.54,16.7,16.88,17.07,17.27,17.4972,17.72,17.93,18.14,18.41,18.6852,18.94,19.26,19.642,20.16,20.7,21.55,22.88,23.14396,23.30352,23.48308,23.77,24.01,24.11176,24.46792,24.85088,25.4413200000001,29.06
"NL031C",-14.66,-8.8144,-7.63352,-6.49584,-5.8288,-5.1398,-4.74,-4.44924,-4.21352,-4.03792,-3.83,-2.5388,-1.7,-0.9752,-0.411999999999999,0.06,0.48,0.85,1.18,1.6,1.9,2.26,2.6,2.94,3.22,3.4996,3.77,4.02,4.25,4.48,4.7076,4.9,5.1,5.3344,5.5,5.7,5.95,6.15,6.37,6.58,6.77,6.96,7.15,7.32,7.516,7.68,7.86,8.06,8.25,8.44,8.66,8.85,9.0508,9.28,9.49,9.7,9.92,10.12,10.31,10.52,10.7,10.95,11.1568,11.42,11.66,11.8936,12.07,12.32,12.5304,12.72,12.91,13.08,13.29,13.51,13.67,13.8596,14.06,14.23,14.42,14.63,14.82,15.01,15.17,15.33,15.51,15.68,15.86,16.07,16.25,16.468,16.67,16.89,17.1048,17.31,17.55,17.8,18.02,18.27,18.52,18.79,19.0996,19.45,19.84,20.23,20.752,21.24,21.79,22.6388,24.12,24.27396,24.48704,24.7,24.80264,24.9897999999999,25.29408,25.78528,26.47616,27.5105600000004,29.78
"NL032C",-10,-5.99396,-4.9688,-4.36,-4.13,-3.6832,-3.18056,-2.88924,-2.56352,-2.37396,-2.2188,-0.97,-0.09,0.5448,1.208,1.7436,2.23,2.7448,3.0804,3.432,3.79,4.07,4.35,4.6384,4.864,5.11,5.34,5.5008,5.71,5.85,6.05,6.23,6.38,6.56,6.71,6.89,7.05,7.22,7.38,7.54,7.7,7.84,8.01,8.15,8.3,8.45,8.59,8.75,8.9,9.05,9.24,9.43519999999999,9.6,9.78,9.99,10.1476,10.3432,10.5588,10.75,10.95,11.16,11.39,11.61,11.82,12.04,12.27,12.51,12.7,12.8904,13.08,13.31,13.48,13.6428,13.81,14.014,14.21,14.39,14.5408,14.72,14.89,15.05,15.2,15.36,15.52,15.66,15.83,15.97,16.13,16.31,16.458,16.6,16.77,16.9448,17.13,17.29,17.51,17.68,17.85,18.05,18.28,18.54,18.81,19.09,19.38,19.722,20.1676,20.6532,21.5976,22.9744,23.13792,23.40408,23.60616,23.73,23.9866,24.20352,24.41,24.7444,25.7130800000001,28.45
"NL033C",-12.61,-7.61396,-6.7944,-5.62188,-5.04352,-4.6444,-4.33112,-4.04616,-3.85,-3.63188,-3.49,-2.27,-1.42,-0.7776,-0.13,0.36,0.77,1.22,1.6,1.94,2.35,2.6672,2.99,3.32,3.624,3.8896,4.15,4.37,4.58,4.82,5.04,5.24,5.44,5.64,5.82,6.02,6.21,6.4,6.61,6.77,6.92,7.1,7.28,7.4504,7.626,7.83,8.0172,8.19,8.39,8.58,8.79,8.96,9.13,9.3364,9.57,9.76,10.02,10.24,10.45,10.63,10.88,11.1,11.33,11.55,11.81,12.06,12.27,12.49,12.68,12.876,13.07,13.2572,13.47,13.64,13.84,14.01,14.23,14.3908,14.6,14.792,14.98,15.15,15.32,15.48,15.65,15.84,16,16.16,16.34,16.55,16.72,16.93,17.11,17.37,17.576,17.79,18.02,18.23,18.5,18.744,19,19.3552,19.68,20.1,20.56,21.05,21.66,22.5688,23.82,23.98,24.12112,24.39,24.58264,24.7966,25.12176,25.43264,26.11176,26.7748400000002,29.32
"NL034C",-10.81,-6.74704,-6.06528,-5.36188,-4.84288,-4.38,-4.07848,-3.7462,-3.46408,-3.1998,-3.0044,-1.6976,-0.8832,-0.1552,0.54,1.0636,1.56,2.03,2.5,2.85,3.1716,3.49,3.77,4.08,4.35,4.6,4.84,5.06,5.27,5.46,5.61,5.8,5.99,6.17,6.34,6.5,6.69,6.8568,7.02,7.21,7.3636,7.51,7.64,7.8304,7.99,8.15,8.29,8.45,8.63,8.79,8.9896,9.19,9.38,9.56,9.73,9.91,10.09,10.3,10.5144,10.74,10.99,11.19,11.43,11.6424,11.85,12.06,12.2992,12.5,12.7104,12.9,13.08,13.27,13.42,13.63,13.8,14.01,14.1952,14.37,14.56,14.72,14.88,15.06,15.21,15.38,15.52,15.67,15.84,16.01,16.16,16.33,16.5036,16.67,16.8548,17.02,17.22,17.4416,17.65,17.84,18.06,18.284,18.5496,18.82,19.1,19.43,19.83,20.26,20.81,21.6764,23.072,23.20772,23.5646400000001,23.87308,23.97056,24.1922,24.47352,24.68264,25.01176,25.8313200000001,28.99
"NL035C",-12.19,-7.3088,-6.68088,-5.51528,-5.02528,-4.57,-4.32056,-4.05308,-3.84,-3.68396,-3.452,-2.1988,-1.36,-0.69,-0.06,0.4236,0.86,1.2948,1.69,2.05,2.4216,2.7472,3.1,3.4384,3.71,4.02,4.25,4.46,4.67,4.902,5.12,5.32,5.56,5.76,5.91,6.09,6.29,6.51,6.66,6.85,7.01,7.16,7.35,7.5304,7.72,7.8916,8.0772,8.25,8.44,8.63,8.83,9.00519999999999,9.2,9.4064,9.642,9.82,10.0632,10.28,10.5044,10.7,10.91,11.15,11.3768,11.58,11.85,12.09,12.31,12.5,12.7,12.89,13.09,13.27,13.48,13.65,13.84,14.02,14.24,14.41,14.61,14.8,14.97,15.1532,15.3088,15.5,15.65,15.8256,15.98,16.14,16.34,16.53,16.71,16.91,17.09,17.34,17.52,17.75,17.96,18.2,18.44,18.69,18.95,19.28,19.65,20.03,20.47,20.94,21.5464,22.4376,23.6232,23.84188,24.08352,24.2915599999999,24.47264,24.7622,24.97176,25.36132,25.91144,26.4930800000001,29.29
"NL036C",-10.26,-6.67176,-5.88176,-5.05056,-4.49352,-4.1466,-3.89056,-3.46308,-3.31,-3.1398,-2.9544,-1.56,-0.73,-0.0651999999999998,0.578000000000001,1.1636,1.7,2.1,2.44,2.796,3.18,3.5,3.79,4.08,4.32,4.5396,4.77,4.95,5.16,5.34,5.5,5.7,5.85,6.03,6.19,6.36,6.57,6.7368,6.8724,7.01,7.18,7.31,7.48,7.61,7.74,7.92,8.08,8.23,8.39,8.54,8.7,8.8952,9.08,9.2864,9.48,9.67,9.85,10.0988,10.29,10.5,10.71,10.92,11.16,11.3824,11.63,11.87,12.08,12.28,12.47,12.68,12.88,13.05,13.23,13.42,13.6,13.81,14,14.16,14.33,14.47,14.6476,14.83,14.99,15.14,15.29,15.44,15.58,15.73,15.93,16.08,16.2236,16.41,16.6,16.75,16.94,17.14,17.34,17.53,17.76,17.97,18.22,18.45,18.71,19.02,19.41,19.86,20.4,21.27,22.54,22.76792,22.94352,23.14232,23.33528,23.6922,23.82,24.04056,24.34088,24.92044,28.94
"NL037C",-10.79,-6.84044,-6.03144,-5.32036,-4.91288,-4.3198,-4.1,-3.8554,-3.44704,-3.2498,-2.9588,-1.6988,-0.9132,-0.2076,0.55,1.06,1.5484,2,2.48,2.8,3.13,3.44,3.74,4.06,4.33,4.56,4.8052,5.02,5.22,5.41,5.58,5.75,5.95,6.14,6.32,6.5,6.6712,6.85,7.01,7.17,7.32,7.49,7.63,7.8,7.98,8.13,8.27,8.41,8.6,8.76,8.98,9.17,9.37,9.54,9.72,9.8976,10.09,10.26,10.5144,10.73,10.96,11.19,11.42,11.62,11.85,12.05,12.3,12.48,12.71,12.9,13.07,13.25,13.43,13.62,13.81,14.01,14.19,14.36,14.55,14.72,14.89,15.06,15.21,15.37,15.53,15.66,15.85,16.0068,16.17,16.33,16.5,16.68,16.86,17.0304,17.22,17.45,17.65,17.85,18.06,18.28,18.57,18.81,19.11,19.44,19.85,20.2976,20.8232,21.6588,23.0288,23.20188,23.44056,23.75616,23.99528,24.1588,24.40352,24.61396,24.99176,25.6439600000002,28.98
"NL038C",-11.51,-7.26264,-6.16672,-5.65,-4.78176,-4.4144,-4.18264,-3.8,-3.66704,-3.48396,-3.3188,-1.83,-1.0632,-0.35,0.26,0.7,1.2392,1.6996,2.1204,2.48,2.79,3.1272,3.48,3.7684,4.13,4.37,4.59,4.81,5.03,5.23,5.44,5.64,5.85,5.9944,6.2,6.37,6.56,6.77,6.92,7.08,7.25,7.44,7.61,7.79,7.99,8.1416,8.31,8.48,8.6684,8.85400000000001,9.0396,9.23,9.41,9.64,9.792,9.99,10.18,10.4,10.5944,10.84,11.0756,11.32,11.51,11.7124,11.97,12.19,12.4092,12.61,12.77,12.96,13.15,13.35,13.53,13.72,13.95,14.1,14.2752,14.46,14.66,14.83,14.99,15.17,15.3188,15.49,15.66,15.84,16,16.16,16.3,16.5,16.67,16.86,17.0648,17.28,17.466,17.65,17.9,18.13,18.37,18.61,18.87,19.22,19.5508,19.88,20.32,20.78,21.4032,22.24,23.8288,24.01792,24.12352,24.31924,24.55264,24.77,24.99232,25.4032,25.7693599999999,26.4883600000003,29.27
"NL039C",-14.51,-8.201,-7.1988,-6.11488,-5.30048,-4.8108,-4.24264,-3.89616,-3.70056,-3.58396,-3.3,-2.1788,-1.3,-0.73,-0.18,0.3436,0.729200000000001,1.11,1.4504,1.83,2.19,2.58,2.92,3.27,3.56,3.82,4.08,4.3508,4.57,4.782,5.02,5.2232,5.42,5.6344,5.84,6.0456,6.29,6.5068,6.7024,6.868,7.07,7.27,7.47,7.63,7.82,8.01,8.18,8.37,8.5684,8.78,8.9796,9.15,9.35,9.56,9.82,10.01,10.23,10.45,10.64,10.84,11.07,11.31,11.52,11.76,12,12.2336,12.45,12.68,12.8804,13.08,13.27,13.48,13.67,13.87,14.05,14.22,14.43,14.63,14.82,15.02,15.21,15.37,15.55,15.7344,15.9,16.08,16.26,16.4368,16.65,16.86,17.06,17.26,17.48,17.7,17.96,18.17,18.38,18.66,18.9284,19.17,19.49,19.83,20.2108,20.6528,21.122,21.59,22.2432,23.0988,24.4644,24.63792,24.84056,25.06,25.20264,25.4288,25.76176,26.20264,26.73144,27.8017600000001,30.35
"NL040C",-12.03,-7.36628,-6.54704,-5.94264,-5.19056,-4.74,-4.47528,-4.04848,-3.84056,-3.70188,-3.5488,-2.2988,-1.3664,-0.71,-0.06,0.51,0.909200000000001,1.3748,1.79,2.156,2.5216,2.83,3.11,3.48,3.74,4.02,4.2452,4.48,4.69,4.89,5.07,5.29,5.5088,5.69,5.87,6.06,6.26,6.43,6.6,6.77,6.9336,7.09,7.25,7.42,7.59,7.76,7.92,8.09,8.27,8.46,8.68,8.86,9.07,9.25,9.442,9.65,9.86,10.0588,10.26,10.49,10.7156,10.9512,11.19,11.38,11.608,11.85,12.05,12.27,12.47,12.64,12.83,13.0372,13.24,13.44,13.614,13.81,13.9852,14.1408,14.34,14.532,14.7,14.89,15.04,15.2,15.38,15.52,15.68,15.85,16.02,16.22,16.4,16.6,16.78,16.97,17.19,17.39,17.65,17.88,18.1084,18.3,18.61,18.8752,19.21,19.59,19.952,20.51,21.21,22.0788,23.3932,23.58584,23.82,24.10308,24.31528,24.6,24.86176,25.21132,25.53,26.0061600000002,29.71
"NL041C",-12.13,-7.43144,-6.66144,-5.7666,-5.03176,-4.5944,-4.29264,-3.95308,-3.80352,-3.62,-3.4532,-2.0788,-1.2764,-0.55,0.02,0.49,0.93,1.3848,1.8,2.16,2.49,2.86,3.25,3.53,3.85,4.1096,4.35,4.59,4.81,5.03,5.22,5.43,5.64,5.85,6.01,6.19,6.4,6.59,6.78,6.97,7.14,7.3,7.48,7.64,7.83,8.0216,8.19,8.3728,8.57,8.764,8.9496,9.12,9.31,9.51,9.732,9.95,10.1632,10.36,10.56,10.78,11.02,11.26,11.4768,11.6924,11.91,12.1436,12.3692,12.58,12.76,12.96,13.14,13.35,13.5228,13.71,13.884,14.09,14.29,14.4508,14.67,14.85,15.04,15.2,15.36,15.53,15.69,15.89,16.04,16.21,16.3824,16.58,16.7636,16.96,17.17,17.37,17.55,17.79,18.02,18.25,18.4984,18.764,19.02,19.35,19.71,20.1,20.502,21.05,21.6432,22.51,23.9144,24.03792,24.30408,24.53616,24.81264,24.99,25.2,25.6371599999999,26.1744,26.6257200000002,29.49
"NL042C",-11.68,-7.27924,-6.51528,-5.82264,-5.23056,-4.6742,-4.40528,-4.07308,-3.84352,-3.71,-3.4864,-2.2388,-1.32,-0.65,0,0.5636,1.01,1.4448,1.88,2.226,2.61,2.9,3.24,3.56,3.83,4.12,4.34,4.55,4.78,4.97,5.18,5.4,5.57,5.77,5.96,6.14,6.32,6.51,6.69,6.85,7,7.16,7.32,7.51,7.67,7.84,8.0072,8.16,8.34,8.54,8.75,8.95,9.14,9.32,9.51,9.71,9.8832,10.1088,10.3144,10.56,10.77,11.01,11.2368,11.41,11.66,11.8936,12.0992,12.32,12.51,12.7,12.8816,13.08,13.28,13.4484,13.654,13.82,14.03,14.19,14.36,14.57,14.7476,14.91,15.06,15.2244,15.4,15.57,15.7,15.8768,16.0524,16.25,16.42,16.61,16.79,16.98,17.16,17.38,17.62,17.85,18.0884,18.29,18.57,18.8452,19.15,19.5064,19.84,20.3976,21.0764,21.84,23.0144,23.3316800000001,23.52,23.79232,24.05528,24.2944,24.57352,24.88,25.11528,25.6748400000002,29.1
"NL043C",-11.99,-7.53484,-6.71264,-5.8966,-5.1788,-4.8622,-4.46056,-4.17232,-3.97352,-3.82,-3.5944,-2.3488,-1.5,-0.7976,-0.17,0.3336,0.77,1.2248,1.6004,1.986,2.36,2.65,3,3.35,3.61,3.89,4.1652,4.35,4.59,4.8,5,5.23,5.44,5.63,5.82,6.0056,6.2,6.4,6.58,6.72,6.8936,7.05,7.2248,7.42,7.6,7.76,7.95,8.12,8.31,8.49,8.7,8.87,9.06,9.28,9.49,9.7,9.9432,10.13,10.3444,10.55,10.77,11.01,11.25,11.44,11.67,11.96,12.17,12.37,12.54,12.74,12.96,13.1372,13.34,13.52,13.7,13.9096,14.0852,14.28,14.43,14.642,14.83,15.01,15.16,15.3444,15.5,15.65,15.82,16,16.1824,16.36,16.54,16.74,16.93,17.19,17.37,17.56,17.79,18.0628,18.28,18.514,18.81,19.1052,19.46,19.8064,20.26,20.77,21.4432,22.2964,23.56,23.77792,23.96408,24.18232,24.41,24.6332,25.02352,25.25,25.74704,26.3244000000002,29.47
"NL044C",-13.85,-8.09132,-7.04352,-6.16056,-5.34704,-4.8564,-4.36,-4.07156,-3.77,-3.67396,-3.5076,-2.17,-1.47,-0.77,-0.24,0.24,0.65,1.1048,1.46,1.85,2.1916,2.55,2.92,3.26,3.54,3.7996,4.08,4.32,4.54,4.762,4.97,5.22,5.4088,5.6,5.8,5.98,6.22,6.42,6.6248,6.83,7.01,7.2,7.35,7.5504,7.74,7.9116,8.12,8.3128,8.52,8.7,8.92,9.1,9.3,9.49,9.72,9.9376,10.18,10.39,10.6,10.8,11.06,11.28,11.52,11.76,11.98,12.21,12.44,12.66,12.85,13.086,13.29,13.49,13.6628,13.84,14.04,14.22,14.42,14.6408,14.82,15.02,15.23,15.38,15.57,15.76,15.94,16.11,16.27,16.46,16.6524,16.85,17.05,17.25,17.46,17.69,17.94,18.15,18.41,18.66,18.9,19.17,19.48,19.8,20.22,20.6364,21.05,21.54,22.16,23.0388,24.42,24.55,24.69,24.94924,25.15056,25.4354,25.71352,26.09132,26.7375999999999,27.7092400000004,30.03
"NL045C",-9.72,-6.23,-5.39176,-4.6064,-4.08176,-3.731,-3.37528,-3.05464,-2.87352,-2.71792,-2.48,-1.1476,-0.27,0.35,1.004,1.5936,2.1,2.5,2.83,3.21,3.5216,3.8672,4.14,4.42,4.634,4.85,5.0352,5.25,5.43,5.59,5.76,5.92,6.08,6.26,6.41,6.58,6.75,6.91,7.07,7.21,7.36,7.49,7.63,7.77,7.92,8.07,8.1872,8.34,8.5,8.65,8.81,8.98,9.16,9.36,9.532,9.74,9.96,10.15,10.3444,10.55,10.7756,11.01,11.21,11.43,11.66,11.9036,12.14,12.34,12.53,12.73,12.89,13.1,13.29,13.4584,13.64,13.86,14.04,14.2,14.36,14.502,14.6676,14.83,14.97,15.15,15.3,15.46,15.59,15.75,15.9,16.07,16.23,16.39,16.56,16.7,16.88,17.06,17.23,17.43,17.64,17.88,18.06,18.31,18.56,18.83,19.19,19.5876,20.08,20.8888,22.1132,22.29,22.58704,22.71,22.88264,23.06,23.33176,23.68396,23.94264,24.4522000000001,28.53
"NL046C",-10.72,-6.54968,-5.82088,-5.28056,-4.69528,-4.3322,-4.05056,-3.81616,-3.38704,-3.16188,-2.9732,-1.6688,-0.81,-0.0751999999999998,0.598000000000001,1.1836,1.68,2.16,2.5904,2.92,3.29,3.5772,3.88,4.18,4.42,4.65,4.9,5.1,5.29,5.46,5.67,5.82,6.01,6.18,6.34,6.53,6.72,6.87,7.04,7.19,7.34,7.5,7.65,7.8204,7.96,8.1,8.26,8.4,8.57,8.74400000000001,8.91,9.13,9.3208,9.47,9.642,9.84,10.03,10.26,10.47,10.68,10.87,11.12,11.33,11.57,11.78,12.0036,12.22,12.3948,12.63,12.82,13,13.18,13.37,13.57,13.74,13.95,14.14,14.3008,14.48,14.64,14.8,14.9532,15.1288,15.3,15.44,15.59,15.74,15.9,16.0724,16.25,16.41,16.5792,16.72,16.91,17.11,17.2816,17.5,17.7,17.94,18.13,18.37,18.63,18.92,19.25,19.572,20.0076,20.55,21.4588,22.69,22.89792,23.24,23.4884799999999,23.6990400000001,23.9466,24.06352,24.37132,24.70176,25.40088,28.85
"NL047C",-13.15,-8.16572,-7.28352,-6.54792,-5.75176,-5.3644,-5.12,-4.76308,-4.49704,-4.37584,-4.2444,-2.7288,-1.9132,-1.18,-0.437999999999997,0.09,0.509200000000001,0.96,1.37,1.72,2.05,2.3972,2.73,3.06,3.31,3.6,3.86,4.16,4.35,4.53,4.7376,4.96,5.1488,5.37,5.58,5.79,5.99,6.15,6.32,6.48,6.65,6.81,6.97,7.13,7.32,7.48,7.65,7.8,8.03,8.24,8.44,8.61,8.79,9.01,9.22,9.43,9.65,9.86,10.06,10.27,10.48,10.7,10.94,11.22,11.44,11.7036,11.9092,12.12,12.31,12.52,12.7116,12.92,13.1128,13.3,13.48,13.66,13.83,14,14.2,14.38,14.56,14.73,14.91,15.07,15.23,15.4,15.5612,15.7368,15.91,16.09,16.26,16.46,16.66,16.86,17.076,17.29,17.55,17.79,17.99,18.25,18.5,18.79,19.14,19.48,19.93,20.4276,21.0932,21.94,23.35,23.44,23.54352,23.79616,24.02056,24.3122,24.57056,25.06924,25.57,26.2526400000001,29.66
"NO001C",-24.76,-21.20088,-19.67584,-18.66132,-18.16816,-17.6598,-17.01792,-16.44308,-16.09352,-15.96396,-15.5852,-13.1088,-11.6364,-10.3376,-9.214,-8.25,-7.4808,-6.8052,-6.2,-5.704,-5.28,-4.74,-4.33,-3.9316,-3.53,-3.1704,-2.87,-2.5992,-2.33,-2.05,-1.78,-1.53,-1.2412,-1,-0.79,-0.59,-0.37,-0.17,0.0423999999999978,0.23,0.4,0.58,0.78,0.96,1.14,1.38,1.5672,1.79,2.02,2.25,2.5,2.75519999999999,3.0308,3.2964,3.572,3.8276,4.14,4.4588,4.79,5.09,5.36,5.66,5.9368,6.27240000000001,6.65,6.99,7.30839999999998,7.65,8.03,8.35,8.66,9.03,9.3328,9.61,9.91,10.2096,10.51,10.8,11.05,11.31,11.55,11.84,12.11,12.3,12.51,12.72,12.9612,13.18,13.38,13.58,13.82,14.01,14.19,14.37,14.56,14.79,15,15.23,15.5384,15.79,16.07,16.4,16.7708,17.2264,17.75,18.34,19.0032,19.83,20.91,21.03584,21.21352,21.3815599999999,21.64264,21.89,22.11056,22.45396,22.85792,23.34044,25.16
"NO002C",-20.84,-16.03584,-14.1244,-12.64792,-11.81232,-11.1444,-10.80584,-10.46,-10.3,-10.11792,-9.752,-7.8352,-6.5996,-5.5976,-4.752,-4.11,-3.5308,-2.98,-2.5596,-2.164,-1.7784,-1.46,-1.1672,-0.86,-0.59,-0.33,-0.0947999999999979,0.15,0.38,0.59,0.8,0.96,1.13,1.2844,1.46,1.65,1.8012,1.97,2.15,2.288,2.44,2.6,2.76,2.9,3.01,3.15,3.3,3.48,3.63,3.8,3.95,4.14,4.3,4.48,4.67,4.88,5.09,5.2788,5.46,5.65,5.82,6.06,6.28,6.47240000000001,6.68,6.87,7.08,7.3148,7.59,7.82,8.05,8.32,8.53,8.76,8.97,9.21,9.4152,9.61080000000001,9.81639999999999,10,10.21,10.41,10.5688,10.7544,10.91,11.09,11.26,11.4468,11.64,11.77,11.97,12.15,12.3148,12.47,12.68,12.88,13.09,13.3128,13.57,13.804,14.0796,14.33,14.6408,15.0664,15.51,16.0576,16.6732,17.51,18.4944,18.6,18.82,19.1284799999999,19.4484800000001,19.7744,20.12176,20.47188,20.7788,21.4539600000002,23.07
"NO003C",-29.09,-23.20012,-21.47,-19.48788,-18.69704,-17.7586,-16.86696,-16.51308,-16.03056,-15.80396,-15.5188,-13.1888,-11.2896,-9.95,-8.984,-8.2292,-7.49,-6.9,-6.3396,-5.794,-5.3384,-4.87,-4.48,-4.16,-3.88,-3.55,-3.28,-3.01,-2.7336,-2.518,-2.28,-2.08,-1.85,-1.61,-1.4,-1.17,-0.988799999999996,-0.803199999999997,-0.61,-0.43,-0.26,-0.09,0.06,0.25,0.43,0.61,0.787199999999998,0.97,1.15,1.33,1.52,1.72,1.9,2.09,2.272,2.4576,2.68,2.92,3.1244,3.35,3.58,3.8512,4.06,4.28240000000001,4.54,4.8,5,5.31,5.63,5.93,6.15,6.42,6.7128,7.05,7.33,7.55,7.7952,8.1,8.39,8.7,8.92,9.17,9.4088,9.66,9.92,10.11,10.36,10.5668,10.8,11.07,11.3136,11.52,11.7548,12.0004,12.266,12.59,12.86,13.13,13.4284,13.73,14.1,14.39,14.83,15.23,15.73,16.3676,17.02,17.9252,19.2444,19.40792,19.58704,19.77616,19.99,20.261,20.65584,20.89188,21.43352,22.1358400000006,24.2
"NO004C",-16.56,-11.78484,-10.61408,-9.83396,-9.28584,-9.0266,-8.76696,-8.31,-7.92352,-7.68792,-7.3632,-5.6976,-4.54,-3.6976,-2.992,-2.41,-1.93,-1.47,-1.08,-0.79,-0.5,-0.13,0.16,0.398400000000002,0.653999999999999,0.87,1.09,1.27,1.45,1.65,1.81,1.98,2.1388,2.34,2.49,2.64,2.82,2.99,3.1424,3.29,3.45,3.59,3.7548,3.88,4.02,4.16,4.29,4.45,4.59,4.75,4.92,5.1,5.27,5.4,5.57,5.8,5.98,6.15,6.33,6.51,6.69,6.92,7.11,7.33,7.57,7.79,8,8.24,8.45,8.66,8.84,9.05,9.28,9.51,9.73,9.89,10.11,10.31,10.4964,10.69,10.8676,11.0232,11.23,11.43,11.58,11.73,11.86,12.03,12.18,12.368,12.54,12.69,12.87,13.04,13.216,13.43,13.64,13.84,14.07,14.31,14.6,14.82,15.13,15.5164,16.112,16.63,17.2564,18.08,19.1588,19.31188,19.46,19.61,19.78528,20.0844,20.3551999999999,20.76396,21.11264,21.7330800000001,22.98
"PL001C",-24.7,-17.83804,-16.49088,-15.2066,-14.3688,-13.5252,-12.8332,-12.3808,-12.01352,-11.61792,-11.3132,-8.8176,-7.1,-5.7476,-4.842,-4.1564,-3.4908,-2.86,-2.38,-1.924,-1.51,-1.14,-0.8,-0.471599999999999,-0.21,0.07,0.33,0.58,0.78,1.002,1.29,1.55,1.7988,2.0644,2.32,2.56,2.84,3.14,3.43,3.7,3.92,4.19,4.43,4.6904,4.98,5.23,5.5,5.7828,6.1,6.36,6.62,6.89,7.18,7.52,7.78,8.14,8.4232,8.6888,8.9644,9.28,9.62,9.9312,10.25,10.5724,10.94,11.2136,11.48,11.78,12.1,12.34,12.64,12.87,13.19,13.5,13.804,14.11,14.36,14.62,14.85,15.1,15.29,15.5132,15.74,15.98,16.22,16.47,16.71,16.94,17.15,17.37,17.63,17.9,18.13,18.36,18.6,18.85,19.11,19.42,19.7584,20.02,20.2996,20.64,20.99,21.3564,21.834,22.37,22.9,23.7388,24.9244,25.02396,25.29352,25.41616,25.54056,25.731,26.04584,26.35396,27.05528,27.7561600000002,28.98
"PL002C",-25.99,-17.3822,-14.9876,-14.00792,-13.50528,-12.8688,-12.25904,-11.6254,-11.50056,-11.16396,-10.9644,-8.6588,-7.1524,-5.8676,-4.882,-4.14,-3.55,-2.95,-2.49,-2.09,-1.6784,-1.3428,-0.9972,-0.7,-0.41,-0.15,0.155200000000002,0.36,0.606399999999999,0.94,1.2176,1.4732,1.73,2.01,2.29,2.57,2.86,3.15,3.39,3.648,3.88,4.11,4.3548,4.6304,4.87,5.15,5.41,5.7,5.96,6.22,6.51,6.78,7.0508,7.38,7.672,7.9776,8.25,8.54,8.8444,9.1,9.4256,9.73,10.04,10.3024,10.598,10.91,11.22,11.48,11.7504,12.046,12.29,12.57,12.8628,13.15,13.45,13.73,13.9652,14.17,14.4564,14.682,14.91,15.12,15.3588,15.5844,15.83,16.04,16.26,16.53,16.78,16.97,17.23,17.47,17.7,17.99,18.19,18.4016,18.7072,18.97,19.26,19.55,19.8596,20.2052,20.5508,20.99,21.472,21.93,22.45,23.2988,24.5908,24.80188,24.95352,25.1284799999999,25.34,25.5222,25.75704,26.4,26.73496,27.6339600000002,29.62
"PL003C",-26.75,-19.31484,-17.7532,-16.16792,-15.57352,-14.5788,-14.26264,-13.38696,-12.91352,-12.31792,-11.9532,-9.184,-7.6732,-6.37,-5.45,-4.7828,-4.0416,-3.42,-2.7796,-2.264,-1.85,-1.5,-1.1744,-0.851599999999998,-0.53,-0.27,0.03,0.280799999999999,0.576399999999999,0.82,1.13,1.4232,1.68,1.95,2.27,2.5,2.77,3.0468,3.3024,3.57,3.83,4.1,4.4,4.6804,4.926,5.2,5.4772,5.7428,6.0384,6.33,6.58,6.84,7.11,7.44,7.762,8.06,8.31,8.6,8.93,9.23,9.52,9.88,10.18,10.47,10.71,10.9936,11.29,11.55,11.79,12.106,12.39,12.6272,12.96,13.2,13.45,13.71,13.97,14.2208,14.49,14.72,14.93,15.15,15.4,15.65,15.88,16.1,16.32,16.54,16.77,16.98,17.22,17.49,17.67,17.95,18.16,18.39,18.65,18.97,19.27,19.53,19.8096,20.1252,20.45,20.8364,21.232,21.7,22.2632,23.0864,24.26,24.34396,24.51352,24.64,24.79264,25.0822,25.35352,25.73132,26.1044,26.4826400000001,27.61
"PL004C",-23.88,-14.72044,-13.01176,-12.45528,-11.68352,-11.2066,-10.74528,-10.17924,-9.74056,-9.38,-9.1544,-6.8388,-5.3132,-4.3576,-3.562,-2.72,-2.03,-1.58,-1.2996,-0.87,-0.55,-0.24,0.04,0.33,0.613999999999999,0.9196,1.2,1.46,1.73,2.052,2.3476,2.62,2.8788,3.17,3.41,3.67,3.92,4.16,4.41,4.728,4.9536,5.2092,5.43,5.7,5.966,6.22,6.49,6.7428,6.9884,7.27,7.54,7.78,8.05,8.2964,8.562,8.85,9.1632,9.47,9.73,10.02,10.34,10.63,10.9068,11.18,11.46,11.7336,12.01,12.3048,12.56,12.87,13.1,13.38,13.69,13.9184,14.16,14.42,14.65,14.8608,15.13,15.382,15.5976,15.82,16.04,16.27,16.51,16.78,16.96,17.1768,17.4,17.65,17.9,18.1192,18.3348,18.6,18.84,19.09,19.36,19.61,19.9,20.19,20.55,20.91,21.3008,21.71,22.1,22.5576,23.1,23.9076,25.372,25.63,25.78,25.98,26.20264,26.4444,26.76176,26.95132,27.47088,28.0857200000002,30.03
"PL005C",-23.95,-14.0766,-12.86552,-11.93396,-11.48176,-11.1388,-10.75584,-10.33,-9.9376,-9.52,-9.3544,-6.7588,-5.27,-4.1976,-3.41,-2.75,-2.2016,-1.72,-1.3096,-0.94,-0.59,-0.3,0,0.258400000000001,0.513999999999999,0.75,1.01,1.29,1.5564,1.78,2.06,2.3332,2.6188,2.8944,3.12,3.36,3.6212,3.88,4.11,4.35,4.61,4.86,5.12,5.31,5.57,5.81,6.04,6.29,6.55,6.78,7.05,7.29,7.5808,7.88,8.14,8.4076,8.7032,9,9.31,9.56,9.85,10.16,10.4968,10.81,11.11,11.38,11.64,11.92,12.21,12.486,12.75,13.05,13.2928,13.56,13.82,14.08,14.32,14.56,14.8,15,15.24,15.4732,15.71,15.95,16.18,16.41,16.63,16.82,17.0224,17.24,17.4936,17.74,17.9448,18.19,18.43,18.68,18.95,19.24,19.52,19.83,20.1896,20.56,20.94,21.33,21.77,22.2776,22.7932,23.6564,24.9188,25.12,25.42,25.71308,25.82,26.0522,26.41,26.90264,27.2644,27.9244000000002,30.12
"PL006C",-18.92,-15.70396,-13.75848,-12.58396,-11.79176,-11.3922,-11.0132,-10.54308,-10.40408,-9.96772,-9.5744,-7.1564,-5.8432,-4.5976,-3.85,-3.22,-2.6708,-2.06,-1.6096,-1.21,-0.86,-0.5228,-0.19,0.108400000000001,0.323999999999999,0.5796,0.81,1.05,1.3,1.54,1.7676,1.9832,2.23,2.47,2.75,3.0156,3.22,3.45,3.65,3.85,4.07,4.3,4.53,4.75,4.95,5.14,5.35,5.56,5.75,6.02,6.25,6.52519999999999,6.73,6.95,7.21,7.47,7.7732,8.03,8.3,8.57,8.87,9.15,9.44,9.72,10.05,10.33,10.67,10.9748,11.2904,11.55,11.83,12.1072,12.39,12.61,12.86,13.11,13.3852,13.6,13.83,14.07,14.2976,14.53,14.77,15.01,15.22,15.4456,15.64,15.83,16,16.178,16.4036,16.61,16.79,17.01,17.2,17.44,17.63,17.86,18.13,18.44,18.74,19.08,19.45,19.87,20.274,20.6976,21.21,21.8776,23.0944,23.26396,23.45,23.73232,24.14264,24.2722,24.66704,25.26396,25.63528,26.3817600000001,28.23
"PL007C",-18.07,-13.7144,-11.35088,-10.37528,-9.7588,-9.3966,-9.04112,-8.73924,-8.41168,-7.81188,-7.5676,-5.6064,-4.3532,-3.38,-2.662,-2.09,-1.52,-1.12,-0.71,-0.38,-0.06,0.2472,0.495599999999999,0.79,1.06,1.3096,1.55,1.77,2.02,2.292,2.52,2.76,3,3.25,3.48,3.76,3.99,4.23,4.47,4.68,4.91,5.1,5.34,5.54,5.776,6.02,6.2472,6.4128,6.64,6.87,7.13,7.36,7.63,7.89,8.16,8.41,8.67,8.92,9.2,9.47,9.74,10.0412,10.3668,10.58,10.86,11.17,11.45,11.71,11.98,12.256,12.5316,12.77,13.05,13.28,13.484,13.6996,13.92,14.1708,14.39,14.622,14.8676,15.07,15.2888,15.49,15.68,15.85,16.06,16.27,16.4724,16.678,16.9,17.1292,17.35,17.57,17.816,18.06,18.31,18.58,18.88,19.15,19.49,19.84,20.2208,20.6464,21.04,21.5,22.1,22.9388,24.0744,24.2,24.44352,24.59308,24.76528,25.06,25.35584,25.85132,26.37176,27.2814400000004,29.18
"PL008C",-23.68,-17.1922,-14.90616,-13.41188,-12.83176,-12.1576,-11.69,-11.4054,-11.06704,-10.83792,-10.2288,-7.8176,-6.1628,-4.8628,-3.992,-3.3164,-2.64,-2.08,-1.6496,-1.31,-0.93,-0.5928,-0.29,-0.01,0.22,0.4496,0.68,0.94,1.2,1.44,1.6976,1.9832,2.26,2.5044,2.75,3.02,3.3,3.5368,3.8,3.998,4.2136,4.43,4.64,4.91,5.16,5.4016,5.65,5.88,6.11,6.35,6.58,6.8752,7.17,7.41,7.72,7.98,8.26,8.5788,8.87,9.14,9.44,9.74,10.04,10.34,10.64,10.93,11.25,11.55,11.79,12.08,12.3416,12.66,12.92,13.18,13.43,13.72,13.98,14.21,14.41,14.65,14.8976,15.14,15.4,15.6044,15.84,16.03,16.25,16.44,16.6524,16.85,17.07,17.29,17.49,17.73,17.99,18.22,18.47,18.71,19.0484,19.334,19.68,20.01,20.37,20.76,21.152,21.6476,22.2264,22.9588,24.022,24.2498,24.59704,24.7554,25.07264,25.3422,25.57352,25.76132,26.51792,27.06088,29.81
"PL009C",-24.49,-19.82716,-17.4232,-15.58528,-15.00056,-14.5366,-13.90544,-13.50232,-12.8052,-12.38584,-12.1376,-9.5476,-7.9764,-6.6652,-5.732,-4.8364,-4.18,-3.6352,-3.12,-2.59,-2.14,-1.7,-1.36,-1.05,-0.79,-0.5,-0.17,0.09,0.34,0.59,0.82,1.03,1.3,1.54,1.84,2.08,2.34,2.6068,2.88,3.19,3.44,3.74,4.02,4.31,4.55,4.87,5.1644,5.4828,5.79,6.07,6.37,6.65,6.9208,7.23,7.51,7.8376,8.2,8.5388,8.87,9.15,9.42,9.75,10.1068,10.4224,10.68,10.97,11.26,11.5948,11.86,12.14,12.4316,12.73,13,13.3284,13.624,13.92,14.2,14.46,14.6764,14.902,15.12,15.33,15.5688,15.8344,16.04,16.28,16.4912,16.7,16.93,17.14,17.4,17.6692,17.91,18.14,18.42,18.68,18.95,19.21,19.49,19.8,20.06,20.39,20.7108,21.1164,21.55,22.03,22.66,23.37,24.45,24.56,24.78352,24.97616,25.22264,25.4622,25.74176,25.91528,26.23088,26.7230800000001,27.6
"PL010C",-24.37,-18.33132,-16.5988,-15.3866,-14.84528,-14.062,-13.37848,-12.90616,-12.42352,-12.08376,-11.6,-8.6988,-7.41,-6.21,-5.162,-4.38,-3.7308,-3.07,-2.5196,-2.1,-1.76,-1.32,-0.9972,-0.68,-0.4,-0.1304,0.17,0.45,0.72,1.04,1.3376,1.66,1.94,2.21,2.47,2.7,2.9612,3.25,3.53,3.778,4.0536,4.35,4.65,4.95,5.22,5.48,5.7172,5.96,6.27,6.56,6.8496,7.08,7.3408,7.62,7.95,8.21,8.49,8.79,9.12,9.37,9.71,10.03,10.34,10.6024,10.83,11.1,11.4092,11.7,11.97,12.246,12.53,12.81,13.03,13.3,13.57,13.8296,14.0852,14.34,14.54,14.77,14.9776,15.21,15.43,15.65,15.86,16.09,16.33,16.58,16.8024,17.04,17.25,17.48,17.69,17.95,18.17,18.4216,18.73,19,19.29,19.56,19.8596,20.14,20.53,20.9264,21.3,21.78,22.3764,23.2188,24.4688,24.55,24.71056,24.90616,25.06528,25.3222,25.61176,25.95924,26.35264,27.0239600000002,28.39
"PL011C",-25.9,-21.88528,-19.1144,-17.84792,-17.05056,-16.2298,-15.16016,-14.54308,-14.05576,-13.73584,-13.3376,-10.9764,-8.7396,-7.4076,-6.45,-5.6564,-4.9908,-4.34,-3.73,-3.16,-2.7084,-2.23,-1.84,-1.49,-1.17,-0.91,-0.634799999999998,-0.359200000000001,-0.09,0.15,0.34,0.57,0.82,1.0744,1.31,1.55,1.8,2.05,2.31,2.56,2.8536,3.1092,3.37,3.62,3.85,4.12,4.37,4.6328,4.93,5.25,5.5496,5.83,6.1208,6.38,6.672,6.99,7.3,7.66,7.96,8.3,8.66,8.9812,9.36,9.68,10.03,10.31,10.6,10.89,11.1704,11.49,11.78,12.09,12.37,12.6584,12.93,13.2696,13.56,13.8208,14.06,14.31,14.55,14.78,15.02,15.2244,15.48,15.72,15.92,16.13,16.37,16.59,16.86,17.08,17.31,17.5804,17.86,18.1,18.34,18.5928,18.8784,19.18,19.49,19.8652,20.24,20.5964,21.082,21.59,22.2032,22.9764,24.33,24.47,24.66408,24.8077199999999,25.1764000000001,25.4,25.66,25.87264,26.37088,26.8913200000001,28.59
"PL012C",-25.81,-18.46144,-16.5544,-15.95,-14.99576,-14.3266,-13.68,-13.23308,-12.79352,-12.15188,-11.9,-9.43,-8.02,-6.83,-5.812,-4.97,-4.2708,-3.6852,-3.1688,-2.64,-2.21,-1.8628,-1.49,-1.2,-0.91,-0.6304,-0.37,-0.09,0.2,0.472000000000003,0.747599999999998,1.01,1.31,1.58,1.83,2.12,2.4312,2.65,2.91,3.14,3.4536,3.73,4.01,4.32,4.58,4.81,5.09,5.3828,5.6584,5.96400000000001,6.22,6.54,6.8,7.06,7.37,7.72,8.03,8.31,8.61,8.94,9.1956,9.51,9.84,10.15,10.448,10.76,11.03,11.3348,11.64,11.93,12.15,12.43,12.7028,13.0084,13.26,13.54,13.8452,14.11,14.33,14.522,14.78,15.02,15.2488,15.4544,15.73,15.94,16.18,16.41,16.6524,16.88,17.12,17.4492,17.65,17.8904,18.13,18.38,18.66,18.95,19.21,19.47,19.77,20.13,20.46,20.86,21.352,21.85,22.41,23.3188,24.4944,24.64792,24.89,25.02308,25.26264,25.53,25.8388,26.09264,26.5788,27.3344000000002,28.22
"PL013C",-24.9,-17.54484,-15.162,-14.06,-12.75704,-12.1064,-11.8032,-11.56,-11.24408,-10.89,-10.4484,-8.13,-6.2732,-5.0176,-4.062,-3.39,-2.7508,-2.2,-1.73,-1.36,-1.02,-0.66,-0.33,-0.07,0.19,0.42,0.655200000000002,0.880799999999999,1.17,1.422,1.67,1.9732,2.24,2.49,2.74,3.0356,3.29240000000001,3.56,3.78,4.008,4.21,4.4692,4.69,4.8904,5.166,5.4,5.65,5.91,6.19,6.43,6.7196,6.9552,7.27,7.48,7.742,8.06,8.3332,8.6488,8.93,9.21,9.55120000000001,9.86,10.16,10.44,10.73,10.99,11.36,11.61,11.9,12.16,12.45,12.74,13.0328,13.31,13.56,13.8296,14.13,14.35,14.5764,14.8,15.02,15.26,15.54,15.76,15.97,16.19,16.39,16.62,16.82,17.03,17.24,17.45,17.6748,17.94,18.15,18.42,18.69,18.94,19.2184,19.54,19.84,20.1904,20.5208,20.9264,21.39,21.87,22.42,23.15,24.2632,24.55584,24.74704,25.00616,25.1958400000001,25.5666,25.73,25.90792,26.49176,27.2605600000004,29.95
"PL014C",-23.73,-20.86496,-17.84848,-16.25376,-15.32,-14.6044,-13.9732,-13.52,-12.9,-12.58188,-12.46,-10.1088,-8.0964,-6.74,-5.622,-4.92,-4.14,-3.6,-3.08,-2.594,-2.1,-1.7,-1.3872,-1.07,-0.72,-0.47,-0.24,0,0.236399999999999,0.51,0.74,0.993200000000002,1.24,1.49,1.75,1.99,2.2312,2.4668,2.68,2.94,3.16,3.4,3.65,3.89,4.14,4.3916,4.65,4.9128,5.19,5.42,5.7,5.94,6.2208,6.5264,6.802,7.09,7.35,7.61,7.95,8.27,8.56,8.9012,9.2,9.53240000000001,9.83,10.1636,10.42,10.73,11.05,11.33,11.65,11.91,12.2,12.4384,12.72,13,13.2252,13.52,13.7764,14.02,14.25,14.46,14.7,14.9144,15.13,15.33,15.55,15.77,15.99,16.228,16.44,16.65,16.85,17.1,17.3,17.53,17.79,18.11,18.35,18.704,18.97,19.29,19.6708,20.08,20.53,20.9876,21.5132,22.27,23.6344,23.76792,23.92,24.22308,24.36264,24.5966,24.9788,25.22924,25.97264,26.5239600000002,28.3
"PL015C",-26.15,-19.26212,-17.51936,-16.04056,-15.18232,-14.6566,-14.0232,-13.46308,-12.94408,-12.57544,-11.988,-9.1488,-7.5632,-6.5676,-5.604,-4.76,-4.2108,-3.6452,-3.04,-2.52,-2.07,-1.66,-1.28,-0.93,-0.63,-0.35,-0.06,0.23,0.53,0.77,1.0576,1.31,1.6,1.8644,2.14,2.39,2.65,2.9368,3.24,3.5,3.7936,4.03,4.3496,4.68,4.99,5.27,5.56,5.85,6.15,6.44,6.72,6.99,7.32,7.6564,7.982,8.2976,8.61,8.93,9.22,9.51,9.79,10.09,10.4036,10.68,10.99,11.29,11.5892,11.87,12.1504,12.406,12.6616,12.98,13.2628,13.53,13.83,14.12,14.38,14.6508,14.8764,15.1,15.33,15.5332,15.7888,16.0044,16.23,16.41,16.64,16.85,17.0724,17.318,17.62,17.81,18.06,18.3,18.53,18.83,19.09,19.38,19.65,19.914,20.22,20.53,20.88,21.25,21.66,22.13,22.7432,23.44,24.6488,24.82396,24.98704,25.21308,25.40528,25.5666,25.80176,26.0784799999999,26.65088,27.0935200000001,28.42
"PL016C",-24.92,-15.81352,-14.6144,-13.27792,-12.67584,-12.15,-11.59264,-11.2354,-10.70464,-10.24584,-9.9344,-7.3764,-6.0228,-4.9976,-4.092,-3.26,-2.5816,-2.1,-1.71,-1.304,-0.96,-0.63,-0.32,0,0.283999999999999,0.5896,0.81,1.09,1.41,1.722,2.02,2.2932,2.58,2.86,3.11,3.32,3.6112,3.9,4.18,4.42,4.69,4.93,5.2,5.46,5.71,5.99,6.2572,6.5328,6.81,7.08,7.3396,7.61,7.87,8.16,8.46,8.76,9.02,9.33,9.6444,9.91,10.2,10.46,10.79,11.06,11.32,11.62,11.9,12.2048,12.48,12.78,13.09,13.35,13.61,13.86,14.104,14.34,14.61,14.88,15.1,15.342,15.58,15.7832,16.0088,16.2644,16.48,16.68,16.87,17.12,17.34,17.578,17.83,18.07,18.3,18.53,18.79,19.04,19.32,19.65,19.94,20.23,20.5196,20.8852,21.2508,21.5964,22.02,22.52,23.1232,23.89,25.452,25.61792,25.82056,26.01,26.16264,26.471,26.87352,27.2366,27.72176,28.65,30.11
"PL017C",-21.13,-13.7198,-12.3988,-11.53132,-10.6488,-10.3388,-9.91904,-9.39616,-8.85464,-8.41584,-8.0676,-5.8676,-4.6496,-3.53,-2.712,-2.12,-1.61,-1.19,-0.7996,-0.49,-0.178399999999999,0.1,0.33,0.628400000000002,0.93,1.17,1.41,1.6808,1.95,2.19,2.4876,2.74,3.0088,3.2644,3.52,3.77,4,4.24,4.5024,4.7,4.93,5.17,5.4,5.6604,5.876,6.08,6.34,6.5928,6.8,7.07400000000001,7.37,7.62,7.87,8.16,8.44,8.71,8.97,9.23,9.53,9.78,10.08,10.4012,10.7268,11.0224,11.3,11.5536,11.85,12.12,12.39,12.63,12.88,13.14,13.43,13.66,13.92,14.1696,14.41,14.62,14.82,15.062,15.29,15.53,15.7788,15.9944,16.22,16.44,16.62,16.85,17.0624,17.298,17.54,17.79,18.0148,18.2404,18.47,18.74,18.98,19.3128,19.58,19.894,20.24,20.6152,20.9408,21.41,21.87,22.38,22.94,23.7788,24.9788,25.09,25.2,25.36,25.56528,26.0054,26.49176,26.76396,27.62088,28.52,30.05
"PL018C",-22.48,-13.96396,-12.83792,-11.84056,-11.19,-10.4688,-10.13792,-9.61308,-9.17352,-8.84376,-8.5188,-6.344,-5.0632,-3.91,-2.99,-2.27,-1.6508,-1.2952,-0.97,-0.63,-0.29,-0.02,0.3,0.59,0.84,1.1,1.4,1.7,1.96,2.222,2.46,2.74,3.03,3.32,3.55,3.8,4.07,4.3468,4.55,4.798,5.0436,5.26,5.48,5.68,5.91,6.1716,6.42,6.66,6.93,7.24,7.48,7.75,8,8.26,8.542,8.84,9.15,9.39,9.64,9.93,10.22,10.54,10.8468,11.13,11.46,11.7236,12,12.3148,12.56,12.79,13.05,13.31,13.58,13.84,14.08,14.3396,14.61,14.85,15.07,15.31,15.5376,15.76,16.01,16.24,16.47,16.6756,16.92,17.1368,17.3924,17.62,17.85,18.11,18.36,18.57,18.846,19.08,19.32,19.61,19.93,20.25,20.65,20.98,21.4,21.82,22.37,22.83,23.48,24.32,25.6032,25.84396,26.00704,26.17308,26.5564000000001,26.8322,27.01232,27.37,28.4544,29.0644000000002,30.67
"PL019C",-20.91,-17.0698,-16.11088,-15.44188,-14.87464,-14.4166,-13.9732,-13.32392,-12.94704,-12.56396,-12.1832,-10.01,-8.6464,-7.4876,-6.51,-5.72,-5,-4.42,-3.9596,-3.45,-3.0684,-2.69,-2.35,-2,-1.67,-1.41,-1.14,-0.85,-0.57,-0.307999999999997,-0.0624000000000024,0.183200000000002,0.42,0.66,0.89,1.0956,1.33,1.58,1.77,2.04,2.27,2.4992,2.73,3.01,3.22,3.52,3.79,4,4.26,4.59,4.85,5.15,5.4308,5.69,6.03,6.31,6.61,6.9188,7.22,7.5,7.8,8.06,8.33,8.67,8.948,9.27,9.57,9.82,10.08,10.42,10.64,10.8972,11.14,11.37,11.61,11.83,12.07,12.3,12.57,12.802,12.99,13.2,13.43,13.6244,13.84,14.0956,14.34,14.58,14.8124,15.06,15.29,15.5,15.73,15.98,16.19,16.45,16.6972,16.9928,17.25,17.59,17.87,18.2,18.56,18.97,19.42,19.8728,20.38,21.05,22.4844,22.69396,22.83704,23.04,23.19,23.42,23.71176,23.97,24.30616,24.9452800000002,26.3
"PL020C",-25.29,-19.24,-17.83352,-15.98188,-15.43408,-14.8242,-14.39264,-13.74616,-13.47,-13.09396,-12.6796,-9.9888,-8.35,-7.2076,-6.36,-5.5764,-5.0208,-4.3952,-3.81,-3.254,-2.84,-2.44,-2.12,-1.73,-1.44,-1.11,-0.83,-0.589200000000001,-0.33,-0.00799999999999727,0.23,0.473200000000002,0.73,0.994400000000001,1.22,1.51,1.74,1.97,2.22,2.47,2.7136,2.93,3.24,3.52,3.776,4.0416,4.34,4.65,4.94,5.23400000000001,5.5596,5.87,6.18,6.46,6.77,7.07,7.3632,7.65,7.9444,8.28,8.6056,8.92,9.2368,9.51240000000001,9.82,10.1,10.36,10.66,10.9104,11.21,11.49,11.79,12.0228,12.3084,12.57,12.84,13.09,13.31,13.5564,13.79,14.03,14.2332,14.4688,14.71,14.92,15.13,15.34,15.57,15.8,16.058,16.2536,16.48,16.73,16.97,17.21,17.49,17.74,18.01,18.27,18.55,18.82,19.15,19.47,19.83,20.202,20.72,21.3232,21.9964,23.0944,23.20396,23.39,23.58,23.72264,23.9022,24.07352,24.34188,24.60088,24.9122000000001,26.24
"PL021C",-26.28,-22.09924,-19.7344,-18.53132,-17.34528,-16.372,-15.86848,-15.15696,-14.73112,-14.42396,-14.0552,-11.37,-9.2928,-8.0376,-7.02,-6.1864,-5.4616,-4.8352,-4.23,-3.7,-3.17,-2.73,-2.2772,-1.94,-1.536,-1.24,-0.97,-0.679200000000001,-0.43,-0.19,0.0375999999999976,0.283200000000002,0.49,0.73,0.95,1.14,1.36,1.59,1.83,2.068,2.35,2.58,2.8248,3.05,3.27,3.5116,3.7972,4.0128,4.28,4.55,4.87,5.16,5.4908,5.78,6.032,6.4076,6.6832,7.0188,7.3144,7.64,7.99,8.36,8.68,8.99,9.328,9.62,9.96919999999999,10.29,10.6004,10.876,11.2,11.47,11.7928,12.0784,12.37,12.6596,12.93,13.2108,13.5,13.73,13.97,14.2,14.4188,14.6644,14.91,15.1556,15.36,15.54,15.77,15.98,16.24,16.43,16.66,16.91,17.176,17.4,17.66,17.89,18.17,18.434,18.79,19.14,19.53,19.8864,20.28,20.7152,21.3796,22.0488,23.3532,23.58396,23.86352,24.06616,24.28,24.4332,24.76528,25.07264,25.35264,25.72044,27.7
"PL022C",-26.24,-15.40044,-14.20088,-13.08584,-12.24056,-11.69,-11.31528,-11.05308,-10.70816,-10.25792,-9.8988,-7.5076,-5.9296,-4.83,-3.93,-3.17,-2.6416,-2.1,-1.72,-1.31,-0.9,-0.5928,-0.27,-0.02,0.253999999999999,0.49,0.76,1,1.2864,1.58,1.83,2.14,2.41,2.7,2.95,3.2,3.46,3.7,3.92,4.17,4.44,4.66,4.92,5.17,5.4,5.65,5.9372,6.2,6.46,6.69,6.94,7.2252,7.4508,7.7464,8.04,8.31,8.6232,8.94,9.2544,9.57,9.85,10.15,10.44,10.71,10.998,11.32,11.62,11.86,12.1604,12.426,12.74,13.01,13.25,13.5384,13.83,14.12,14.37,14.62,14.88,15.112,15.35,15.59,15.79,16.04,16.26,16.4756,16.68,16.91,17.14,17.39,17.63,17.82,18.08,18.33,18.59,18.81,19.08,19.38,19.67,19.974,20.29,20.65,21.05,21.46,21.9,22.4376,23.0032,23.8088,25.07,25.34396,25.5787200000001,25.86308,26.03264,26.17,26.42352,26.94264,27.62176,28.3417600000001,30.52
"PL023C",-24.31,-17.65232,-16.63672,-15.90528,-14.90112,-13.9922,-13.3564,-12.67,-12.30352,-11.97,-11.6744,-8.704,-7.1532,-6.1452,-5.116,-4.3064,-3.6524,-2.99,-2.55,-2.05,-1.63,-1.3,-0.9172,-0.591599999999998,-0.306000000000001,-0.0203999999999996,0.27,0.54,0.856399999999999,1.132,1.48,1.81,2.06,2.3,2.58,2.84,3.1012,3.35,3.62,3.87,4.15,4.46,4.74,5.0204,5.31,5.55,5.84,6.0756,6.35,6.65,6.9096,7.16,7.43,7.7364,8.02,8.29,8.54,8.86,9.16,9.46,9.74,10.0412,10.37,10.61,10.838,11.08,11.36,11.6548,11.94,12.236,12.49,12.77,13.04,13.2684,13.51,13.77,14.01,14.27,14.49,14.75,14.9376,15.17,15.37,15.56,15.79,16.01,16.26,16.49,16.73,16.95,17.15,17.39,17.61,17.84,18.05,18.32,18.6,18.91,19.2284,19.49,19.75,20.07,20.41,20.8,21.21,21.7076,22.2432,23.1088,24.3188,24.49792,24.63,24.79,24.95056,25.2144,25.42176,25.83132,26.24352,26.9126400000001,28.32
"PL024C",-25.89,-17.98264,-16.28672,-15.3666,-14.12704,-13.5322,-13.0432,-12.76308,-12.31816,-11.58188,-11.2776,-8.8464,-7.4032,-6.2576,-5.174,-4.4364,-3.85,-3.2504,-2.71,-2.29,-1.89,-1.53,-1.19,-0.88,-0.63,-0.37,-0.06,0.230799999999999,0.52,0.81,1.09,1.41,1.74,1.99,2.27,2.5156,2.7812,3.05,3.33,3.56,3.8336,4.12,4.4,4.7004,4.95,5.1816,5.4672,5.74,5.99,6.3,6.6096,6.8752,7.13,7.41,7.71,8.03,8.29,8.5988,8.88,9.19,9.47,9.81,10.08,10.3724,10.67,10.9436,11.23,11.54,11.82,12.1,12.4,12.64,12.9328,13.21,13.454,13.7,13.98,14.21,14.46,14.722,14.93,15.16,15.41,15.62,15.84,16.06,16.2912,16.5168,16.77,17,17.23,17.47,17.7048,17.92,18.19,18.49,18.76,19.07,19.34,19.654,19.97,20.3,20.65,21.11,21.512,21.9976,22.6432,23.4676,24.89,25.04396,25.21,25.41616,25.70528,25.9322,26.13176,26.41792,27.05352,27.8222000000001,29.05
"PL025C",-24.54,-17.05848,-15.87848,-15.25264,-14.36704,-13.5544,-13.24264,-12.44308,-11.91168,-11.44188,-11.03,-8.8264,-7.4432,-6.1276,-5.014,-4.19,-3.65,-3.0852,-2.59,-2.154,-1.73,-1.32,-0.9972,-0.68,-0.4,-0.12,0.12,0.41,0.63,0.91,1.19,1.45,1.68,1.94,2.19,2.4556,2.7612,3.04,3.3224,3.59,3.8336,4.09,4.3348,4.61,4.88,5.17,5.4772,5.7528,6.0384,6.29,6.56,6.8252,7.11,7.41,7.682,7.98,8.31,8.65,8.92,9.22,9.53,9.8,10.11,10.43,10.77,11.05,11.35,11.6648,11.9304,12.2,12.44,12.7072,13.01,13.33,13.644,13.9296,14.15,14.45,14.69,14.88,15.1,15.32,15.5688,15.7944,16.05,16.26,16.4612,16.71,16.9324,17.17,17.44,17.68,17.96,18.2,18.42,18.69,18.94,19.1828,19.45,19.774,20.0896,20.36,20.71,21.08,21.57,22.08,22.6632,23.37,24.7288,24.83396,24.97,25.06,25.23264,25.4266,25.67352,26.06924,26.52,27.1426400000001,28.25
"PL026C",-25.06,-17.24784,-15.70792,-14.58924,-13.51528,-12.9032,-12.54792,-12.1254,-11.5576,-11.27396,-10.8908,-8.5376,-6.8532,-5.4476,-4.494,-3.84,-3.2208,-2.65,-2.1496,-1.724,-1.3284,-0.9728,-0.67,-0.4,-0.126000000000001,0.2,0.42,0.670799999999999,0.89,1.16,1.41,1.6932,2,2.28,2.55,2.79,3.06,3.32,3.5624,3.84,4.06,4.3,4.55,4.81,5.08,5.3116,5.57,5.82,6.1,6.4,6.6596,6.93,7.22,7.45,7.752,8.09,8.36,8.69,8.9744,9.3,9.58,9.91,10.19,10.5,10.81,11.13,11.39,11.6848,11.96,12.246,12.5,12.76,13.04,13.35,13.62,13.9396,14.18,14.41,14.68,14.92,15.16,15.4,15.61,15.83,16.02,16.26,16.51,16.74,16.99,17.17,17.42,17.6692,17.88,18.13,18.38,18.64,18.89,19.14,19.41,19.76,20.0396,20.34,20.7008,21.1064,21.58,21.9976,22.5632,23.39,24.4976,24.62584,24.88056,25.06308,25.24264,25.33,25.52352,26.03528,26.46352,27.26044,29.31
"PL027C",-25.43,-15.35616,-13.82528,-13.04264,-12.4876,-11.7222,-11.11056,-10.83616,-10.5276,-9.98188,-9.7288,-7.5428,-6.0096,-4.92,-4.01,-3.29,-2.73,-2.15,-1.7996,-1.34,-1.0284,-0.67,-0.35,-0.03,0.2,0.47,0.73,1.01,1.26,1.56,1.84,2.15,2.4188,2.69,3.02,3.25,3.5,3.7,3.9524,4.228,4.51,4.75,5,5.26,5.506,5.74,6.01,6.28,6.56,6.81,7.07,7.3,7.62,7.9,8.15,8.42,8.72,9.04,9.39,9.65,9.95,10.26,10.52,10.76,11.09,11.41,11.69,11.95,12.25,12.51,12.79,13.0672,13.39,13.66,13.924,14.18,14.47,14.71,14.95,15.19,15.39,15.6532,15.88,16.1,16.32,16.54,16.79,16.99,17.25,17.48,17.69,17.95,18.1848,18.44,18.676,18.94,19.23,19.49,19.73,20.07,20.4,20.78,21.1608,21.61,22.05,22.5676,23.09,23.9588,25.44,25.71,25.95704,26.18616,26.33528,26.51,26.90176,27.28,27.73528,28.3622000000001,30.62
"PL028C",-16.64,-13.50376,-11.96264,-11.20924,-10.43352,-10.0476,-9.69056,-9.15308,-8.74704,-8.35792,-8.05,-5.7188,-4.44,-3.5076,-2.81,-2.1264,-1.64,-1.2104,-0.83,-0.423999999999999,-0.09,0.1772,0.4428,0.74,0.98,1.22,1.45,1.6908,1.86,2.11,2.31,2.58,2.81,3.02,3.22,3.4856,3.69,3.91,4.1124,4.338,4.55,4.76,4.97,5.14,5.35,5.53,5.7172,5.92,6.14,6.38,6.6096,6.83,7.09,7.3264,7.55,7.77,8,8.26,8.54,8.86,9.13,9.41,9.71,10.03,10.26,10.56,10.85,11.16,11.4504,11.72,11.99,12.25,12.46,12.7184,12.89,13.12,13.3352,13.59,13.84,14.052,14.26,14.52,14.72,14.94,15.11,15.32,15.5212,15.71,15.94,16.138,16.3236,16.51,16.7,16.87,17.09,17.3116,17.5672,17.82,18.06,18.34,18.67,18.98,19.35,19.71,20.13,20.55,21.03,21.7488,23.0388,23.19396,23.41352,23.61924,23.91528,24.3522,24.6088,24.9466,25.34264,26.15088,28.21
"PL029C",-17.97,-13.01352,-12.38352,-11.55924,-10.81,-10.1522,-9.75056,-9.41464,-9.08704,-8.49396,-8.15,-5.78,-4.5728,-3.6752,-2.93,-2.26,-1.81,-1.3152,-0.91,-0.59,-0.2,0.0772000000000003,0.35,0.618400000000001,0.873999999999999,1.11,1.3252,1.57,1.8,1.97,2.21,2.4232,2.65,2.86,3.09,3.28,3.51,3.72,3.89,4.098,4.3,4.5192,4.7048,4.89,5.09,5.3,5.48,5.67,5.8384,6.07400000000001,6.29,6.53,6.7408,6.9964,7.19,7.42,7.68,7.91,8.2144,8.47,8.74,9.0512,9.3368,9.65,9.918,10.23,10.5492,10.84,11.1004,11.35,11.6216,11.9,12.18,12.39,12.64,12.8296,13.0452,13.2508,13.54,13.76,13.96,14.19,14.41,14.62,14.84,15.0556,15.23,15.42,15.62,15.83,15.99,16.18,16.37,16.5304,16.75,16.99,17.19,17.45,17.7,18,18.3,18.6152,18.9608,19.3564,19.77,20.13,20.65,21.3488,22.6,22.71792,22.95056,23.26308,23.59264,23.77,24.13176,24.3866,24.85528,25.5922000000001,27.39
"PL030C",-24.33,-17.57352,-16.38088,-15.62132,-14.9376,-14.0684,-13.19264,-12.53924,-12.18816,-11.88,-11.6688,-8.5276,-7.0332,-6.0476,-4.942,-4.2464,-3.5608,-2.9,-2.4,-1.96,-1.55,-1.16,-0.78,-0.491599999999999,-0.17,0.11,0.43,0.660799999999999,1,1.27,1.6076,1.92,2.19,2.42,2.72,2.9956,3.2212,3.47,3.74,4.02,4.33,4.58,4.87,5.19,5.436,5.6916,5.97,6.2,6.49,6.79,7.0396,7.3,7.59,7.8664,8.182,8.46,8.7032,8.98,9.2744,9.62,9.87,10.17,10.5,10.76,10.97,11.21,11.48,11.77,12.08,12.38,12.63,12.93,13.18,13.41,13.64,13.9,14.1652,14.39,14.6364,14.87,15.08,15.31,15.48,15.7,15.9,16.16,16.39,16.6,16.85,17.06,17.27,17.5192,17.74,17.97,18.18,18.44,18.72,19.07,19.3584,19.62,19.91,20.21,20.5408,20.94,21.36,21.8276,22.4,23.2588,24.47,24.65396,24.8,24.91616,25.10264,25.3688,25.63352,25.92924,26.40088,27.13044,28.64
"PL031C",-23.56,-20.2422,-17.68968,-16.94396,-15.7164,-14.9154,-14.22112,-13.55,-13.0776,-12.67792,-12.47,-9.8888,-8.0732,-6.74,-5.762,-4.9,-4.23,-3.6252,-3.12,-2.57,-2.0984,-1.7128,-1.36,-1.06,-0.72,-0.42,-0.19,0.06,0.276399999999999,0.502000000000003,0.74,0.953200000000002,1.22,1.51,1.75,1.98,2.25,2.56,2.82,3.08,3.3436,3.6192,3.8848,4.19,4.46,4.72,5.01,5.33,5.58,5.85,6.1296,6.3952,6.7,7.0264,7.32,7.62,7.93,8.25,8.59,8.91,9.2656,9.5312,9.84,10.17,10.53,10.83,11.09,11.39,11.73,11.966,12.23,12.5272,12.82,13.14,13.424,13.74,14.03,14.27,14.51,14.71,14.96,15.19,15.41,15.6344,15.86,16.1,16.34,16.57,16.8,17.028,17.3,17.5692,17.79,18.04,18.246,18.53,18.8,19.1028,19.37,19.65,19.97,20.3252,20.64,20.99,21.51,22,22.5632,23.34,24.5,24.72584,24.86112,25.03616,25.18264,25.4222,25.69352,26.02132,26.5,26.9530800000001,27.85
"PL032C",-26.52,-17.44132,-15.92968,-14.37848,-13.69056,-13.1074,-12.68,-12.27388,-11.89464,-11.51,-11.0176,-8.7976,-7.4232,-6.02,-5.072,-4.3164,-3.75,-3.1404,-2.5796,-2.12,-1.7684,-1.41,-1.06,-0.77,-0.49,-0.2004,0.05,0.320799999999999,0.6,0.872000000000003,1.19,1.49,1.75,2.03,2.28,2.56,2.8212,3.1,3.36,3.65,3.8836,4.16,4.4,4.69,4.9,5.1716,5.45,5.7228,5.99,6.26,6.54,6.86,7.13,7.41,7.73,8,8.32,8.61,8.88,9.16,9.47,9.79,10.07,10.4,10.68,10.9936,11.29,11.58,11.85,12.11,12.41,12.67,12.9628,13.25,13.53,13.75,14.03,14.24,14.5,14.75,15.01,15.22,15.45,15.68,15.9,16.1356,16.36,16.6068,16.8524,17.12,17.36,17.59,17.82,18.06,18.3,18.55,18.82,19.1,19.41,19.688,19.9896,20.31,20.7,21.12,21.532,22.05,22.6332,23.4088,24.8188,24.92396,25.08056,25.23,25.36056,25.5588,25.9,26.32,26.98176,27.4230800000001,29.4
"PL033C",-22.34,-15.20572,-13.57144,-12.52792,-11.54528,-10.7222,-10.35848,-9.77616,-9.48704,-9.14792,-8.9,-6.8452,-5.2332,-4.3276,-3.42,-2.63,-1.92,-1.53,-1.14,-0.82,-0.47,-0.2,0.09,0.388400000000002,0.653999999999999,0.9496,1.22,1.49,1.75,2.05,2.35,2.59,2.85,3.0844,3.38,3.6456,3.89,4.15,4.4,4.648,4.87,5.1192,5.3348,5.61,5.856,6.09,6.36,6.64,6.89,7.16,7.4296,7.68,7.9,8.17,8.43,8.71,9.04,9.3,9.6,9.89,10.1656,10.45,10.72,11.01,11.3,11.6236,11.86,12.13,12.4104,12.696,12.95,13.2272,13.49,13.72,13.98,14.24,14.47,14.72,14.94,15.172,15.4176,15.65,15.9,16.14,16.37,16.6,16.8,17.01,17.2424,17.488,17.7136,17.9692,18.2,18.43,18.66,18.9,19.1772,19.4628,19.7784,20.06,20.38,20.75,21.1708,21.59,22.112,22.56,23.1032,23.98,25.24,25.48792,25.79352,25.97308,26.11,26.4966,26.8111199999999,27.26264,27.66264,28.2783600000003,30.47
"PL034C",-21.86,-15.6364,-13.40936,-12.2632,-11.8,-11.5088,-11.17056,-10.87616,-10.48352,-10.11396,-9.5928,-7.0688,-5.44,-4.3776,-3.612,-2.9464,-2.33,-1.86,-1.45,-1.074,-0.74,-0.44,-0.17,0.1,0.32,0.5496,0.82,1.04,1.29,1.552,1.78,2.03,2.3288,2.59,2.79,3.03,3.2812,3.53,3.77,4.02,4.24,4.47,4.7,4.93,5.186,5.39,5.63,5.86,6.09,6.32400000000001,6.59,6.8352,7.13,7.4264,7.71,8.01,8.2932,8.5388,8.8244,9.12,9.39,9.66,9.9968,10.33,10.62,10.9236,11.24,11.52,11.78,12.05,12.32,12.57,12.87,13.07,13.36,13.59,13.81,14.07,14.26,14.54,14.78,15.02,15.23,15.47,15.66,15.88,16.07,16.29,16.5,16.73,16.96,17.2,17.41,17.63,17.85,18.08,18.34,18.6,18.9,19.204,19.59,19.91,20.28,20.69,21.12,21.57,22.0764,23.0176,24.1444,24.38396,24.56704,24.81,25.00264,25.27,25.55232,25.96528,26.62176,27.3405600000004,29.31
"PL035C",-24.61,-15.88232,-14.27584,-13.37376,-12.4676,-12.1244,-11.80264,-11.32232,-10.86704,-10.50584,-10.1644,-7.7288,-6.0732,-4.8976,-3.972,-3.27,-2.62,-2.09,-1.69,-1.28,-0.95,-0.6,-0.31,-0.04,0.193999999999999,0.4396,0.69,0.920799999999999,1.18,1.46,1.71,2.01,2.3188,2.55,2.77,3.0256,3.3,3.57,3.81,4.018,4.2436,4.49,4.7348,4.97,5.2,5.45,5.71,5.9628,6.19,6.424,6.72,6.9952,7.23,7.53,7.782,8.08,8.36,8.67,8.96,9.28,9.55,9.8412,10.1468,10.45,10.74,11.05,11.34,11.61,11.88,12.156,12.4,12.73,12.99,13.26,13.52,13.8,14.06,14.33,14.53,14.74,14.9776,15.25,15.5088,15.72,15.92,16.12,16.35,16.56,16.78,16.98,17.19,17.4292,17.66,17.89,18.12,18.38,18.62,18.92,19.1684,19.5,19.81,20.16,20.4808,20.88,21.34,21.81,22.3564,23.07,24.19,24.5,24.74352,24.97,25.22792,25.4222,25.67176,25.94264,26.53232,27.10044,29.95
"PL036C",-25.21,-17.84628,-16.35176,-15.43056,-14.76704,-14.0064,-13.33,-12.94232,-12.52704,-12.05188,-11.4368,-9.1576,-7.7332,-6.43,-5.4,-4.58,-3.9208,-3.39,-2.78,-2.35,-1.95,-1.5628,-1.19,-0.87,-0.59,-0.3104,-0.04,0.22,0.47,0.722000000000003,0.98,1.29,1.58,1.82,2.08,2.3556,2.65,2.88,3.17,3.43,3.69,3.94,4.22,4.5,4.8,5.07,5.34,5.63,5.9584,6.24,6.48,6.76519999999999,7.06,7.27,7.62,7.95,8.3032,8.62,8.91,9.23,9.5,9.7912,10.1,10.41,10.69,11.0436,11.34,11.59,11.8704,12.18,12.45,12.71,12.99,13.2784,13.6,13.88,14.18,14.44,14.66,14.882,15.07,15.2632,15.55,15.8044,16.05,16.26,16.47,16.71,16.91,17.156,17.43,17.67,17.91,18.14,18.42,18.6616,18.93,19.17,19.4284,19.73,20.02,20.35,20.71,21.06,21.442,21.98,22.59,23.4288,24.5388,24.68792,24.75352,25.01924,25.25792,25.4422,25.62408,25.91528,26.50968,26.98044,27.79
"PL037C",-25.74,-14.751,-13.53088,-12.63132,-12.17408,-11.851,-11.42432,-11.05,-10.65408,-10.28188,-9.88,-7.4476,-5.8032,-4.7076,-3.79,-3.1428,-2.63,-2.04,-1.65,-1.304,-0.92,-0.56,-0.2972,-0.06,0.193999999999999,0.46,0.74,0.99,1.26,1.51,1.79,2.06,2.32,2.6,2.88,3.11,3.3612,3.59,3.8324,4.07,4.3236,4.58,4.81,5.06,5.27,5.5216,5.79,6.04,6.27,6.55,6.77,7.04,7.3008,7.5564,7.82,8.12,8.4132,8.75,9.04,9.33,9.61,9.9,10.2,10.51,10.848,11.12,11.4,11.69,11.94,12.23,12.48,12.81,13.05,13.28,13.56,13.8596,14.13,14.33,14.5564,14.8,15.03,15.27,15.51,15.73,15.96,16.1856,16.39,16.6068,16.8124,17.05,17.27,17.48,17.7048,17.95,18.22,18.4616,18.72,19.03,19.3,19.63,19.9296,20.31,20.69,21.08,21.5,21.9476,22.59,23.3688,24.712,24.96792,25.13056,25.36308,25.64,25.8,26.00176,26.58528,27.00528,27.6866000000003,30.37
"PL038C",-19.74,-13.7976,-11.79704,-10.8564,-10.15704,-9.7764,-9.44264,-9.27,-8.84352,-8.27168,-8.0344,-5.81,-4.5264,-3.59,-2.884,-2.21,-1.7,-1.28,-0.84,-0.48,-0.2,0.0772000000000003,0.37,0.68,0.91,1.15,1.42,1.6208,1.8664,2.14,2.37,2.65,2.88,3.1344,3.38,3.65,3.8612,4.12,4.35,4.6,4.8,5.0292,5.2348,5.4604,5.686,5.91,6.1472,6.36,6.58,6.82400000000001,7.06,7.3252,7.62,7.85,8.1,8.3876,8.63,8.88,9.1644,9.47,9.72,10.05,10.35,10.6,10.85,11.18,11.43,11.71,11.94,12.26,12.51,12.78,13.05,13.2684,13.48,13.7,13.93,14.15,14.41,14.62,14.87,15.07,15.29,15.5,15.7,15.89,16.11,16.3,16.52,16.73,16.92,17.14,17.38,17.64,17.86,18.1,18.36,18.67,18.93,19.2,19.54,19.91,20.2316,20.67,21.144,21.58,22.0932,22.9888,24.132,24.26396,24.38704,24.6246399999999,24.76,25.12,25.47176,25.85396,26.4688,27.3379200000003,29.35
"PL039C",-24.98,-15.26716,-13.96352,-13.03924,-12.31176,-11.5318,-11.11264,-10.7808,-10.33056,-9.84792,-9.4744,-7.57,-5.8764,-4.8476,-3.952,-3.24,-2.66,-2.12,-1.74,-1.32,-1.02,-0.67,-0.33,-0.02,0.223999999999999,0.5,0.76,1.0208,1.31,1.57,1.83,2.16,2.4388,2.71,3,3.25,3.46,3.6868,3.9424,4.22,4.5,4.74,5,5.26,5.52,5.73,6,6.29,6.5584,6.79,7.06,7.31,7.58,7.8764,8.15,8.41,8.71,9.02,9.3344,9.64,9.94,10.25,10.5168,10.76,11.098,11.37,11.68,11.9648,12.2504,12.516,12.76,13.03,13.3828,13.64,13.88,14.17,14.45,14.66,14.91,15.14,15.38,15.6032,15.88,16.0744,16.3,16.51,16.75,16.96,17.21,17.458,17.66,17.89,18.17,18.3904,18.63,18.9016,19.1872,19.45,19.73,20.024,20.38,20.7652,21.18,21.6,22.002,22.54,23.02,23.9576,25.54,25.71396,25.95056,26.1854,26.35,26.5,26.82,27.19264,27.7444,28.2317600000001,30.54
"PL040C",-25.58,-19.97188,-18.23704,-17.2366,-16.04352,-15.6466,-14.9732,-14.46308,-14.2176,-13.43792,-12.83,-9.78,-8.1064,-7.1476,-6.21,-5.3728,-4.6108,-3.9852,-3.4196,-2.94,-2.5184,-1.98,-1.62,-1.24,-0.93,-0.57,-0.2,0.05,0.35,0.61,0.94,1.1832,1.4488,1.76,2.02,2.29,2.55240000000001,2.87,3.14,3.38,3.7,4.01,4.3148,4.61,4.9,5.2,5.46,5.73,6,6.32,6.59,6.94,7.2708,7.5664,7.91,8.2376,8.56,8.85,9.13,9.4,9.65,9.96,10.27,10.61,10.89,11.1536,11.43,11.72,12,12.26,12.58,12.89,13.1328,13.43,13.68,13.94,14.2052,14.47,14.69,14.88,15.14,15.37,15.5888,15.78,15.96,16.19,16.42,16.64,16.87,17.08,17.3236,17.57,17.8,18.04,18.28,18.55,18.8,19.06,19.35,19.61,19.92,20.23,20.59,20.93,21.352,21.77,22.35,23.0576,24.11,24.27792,24.41704,24.66,24.81792,25.1022,25.28,25.56452,25.85352,26.3713200000001,27.55
"PL041C",-25.47,-19.74176,-17.4576,-16.19716,-15.60232,-15.0654,-14.5932,-14.20616,-13.3776,-13.03,-12.4844,-10.01,-8.39,-6.9876,-6.032,-5.2,-4.53,-3.96,-3.3996,-2.874,-2.37,-1.9556,-1.58,-1.31,-1.02,-0.6804,-0.41,-0.13,0.14,0.41,0.66,0.87,1.11,1.36,1.64,1.9156,2.17,2.46,2.74,3.01,3.29,3.59,3.86,4.16,4.416,4.7,4.9872,5.2728,5.6,5.92,6.23,6.54,6.83,7.1664,7.47,7.8176,8.09,8.3988,8.72,9.07,9.4,9.71,10.05,10.35,10.62,10.9236,11.21,11.52,11.84,12.136,12.41,12.6472,12.95,13.2384,13.57,13.88,14.1252,14.38,14.61,14.84,15.07,15.3032,15.5388,15.78,16,16.18,16.4112,16.6568,16.9,17.12,17.38,17.5992,17.86,18.11,18.34,18.6,18.85,19.17,19.44,19.7,19.99,20.3,20.63,21.03,21.49,21.97,22.5832,23.33,24.3744,24.49,24.64,24.83616,25.03264,25.2444,25.54,25.77528,26.17176,26.44044,27.59
"PL042C",-25.21,-20.45156,-17.51376,-16.38264,-15.64,-15.0988,-14.83056,-14.30308,-13.71856,-13.25376,-12.7532,-10.0264,-8.4532,-7.01,-5.96,-5.09,-4.4708,-3.87,-3.3696,-2.868,-2.37,-1.96,-1.53,-1.21,-0.976000000000001,-0.67,-0.364799999999998,-0.09,0.186399999999999,0.4,0.667599999999998,0.92,1.17,1.43,1.69,1.9656,2.19,2.4868,2.78,3.04,3.35,3.6192,3.89,4.17,4.38,4.72,5.01,5.3328,5.64,5.94,6.22,6.55,6.84,7.0964,7.42,7.73,8.0832,8.41,8.74,9.07,9.41,9.75,10.08,10.36,10.63,10.91,11.23,11.58,11.8304,12.14,12.47,12.71,12.9828,13.31,13.59,13.9,14.1852,14.4508,14.65,14.882,15.0976,15.35,15.5888,15.85,16.07,16.2756,16.5,16.7368,16.9524,17.21,17.45,17.71,17.96,18.2,18.44,18.6816,18.9472,19.24,19.4984,19.84,20.15,20.44,20.7708,21.1564,21.642,22.1276,22.7632,23.5188,24.5788,24.71396,24.91352,25.04308,25.20264,25.4244,25.86232,26.06,26.31176,26.6013200000001,27.2
"PL043C",-25.81,-16.89068,-15.03088,-13.86132,-13.31056,-12.651,-12.04752,-11.54464,-11.29408,-10.96,-10.7788,-8.52,-6.9832,-5.7876,-4.79,-4.03,-3.4608,-2.86,-2.4096,-1.98,-1.55,-1.24,-0.9272,-0.6,-0.34,-0.06,0.22,0.46,0.726399999999999,1.02,1.32,1.59,1.82,2.12,2.38,2.6656,2.94,3.22,3.5,3.74,3.98,4.21,4.46,4.73,4.966,5.2416,5.4972,5.79,6.0584,6.32400000000001,6.6196,6.9,7.15,7.49,7.78,8.06,8.3832,8.67,8.95,9.21,9.57,9.86,10.14,10.4224,10.698,11.0336,11.36,11.5948,11.8704,12.16,12.4216,12.6972,12.99,13.27,13.58,13.87,14.07,14.3008,14.55,14.79,15.0276,15.25,15.4888,15.7,15.99,16.17,16.36,16.6468,16.8824,17.1,17.36,17.61,17.85,18.13,18.33,18.57,18.82,19.12,19.39,19.7,20.0092,20.3552,20.7,21.13,21.62,22.0952,22.6064,23.46,24.7944,24.99,25.18704,25.35232,25.53792,25.73,25.97,26.72264,27.12,27.8148400000002,29.84
"PL044C",-22.68,-14.46968,-12.99024,-12.10716,-11.48,-10.9288,-10.34264,-10.04616,-9.78056,-9.22188,-8.9344,-6.7388,-5.2532,-4.26,-3.37,-2.52,-1.9008,-1.48,-1.12,-0.8,-0.49,-0.1728,0.11,0.408400000000001,0.72,0.97,1.25,1.5608,1.81,2.1,2.37,2.63,2.89,3.1644,3.42,3.67,3.93,4.22,4.4524,4.68,4.93,5.15,5.3948,5.63,5.83,6.11,6.3672,6.6528,6.91,7.16,7.44,7.6952,7.9608,8.18,8.45,8.75,9.09,9.3588,9.6344,9.9,10.18,10.53,10.81,11.0724,11.408,11.73,11.98,12.24,12.4704,12.796,13.06,13.29,13.58,13.8384,14.08,14.36,14.59,14.83,15.06,15.3,15.5276,15.74,16,16.2644,16.51,16.72,16.95,17.15,17.36,17.6,17.88,18.1,18.3248,18.56,18.82,19.05,19.32,19.59,19.93,20.24,20.57,20.98,21.39,21.8064,22.26,22.79,23.3364,24.19,25.4488,25.75792,25.97056,26.28,26.50528,26.7722,27.06704,27.57132,27.94,28.7657200000002,30.49
"PL045C",-25.37,-18.41704,-16.90616,-15.63,-14.9076,-14.0032,-13.17168,-12.73388,-12.48352,-11.69188,-11.232,-8.7488,-7.36,-6.2452,-5.152,-4.39,-3.73,-3.11,-2.54,-2.08,-1.62,-1.2428,-0.9,-0.59,-0.336000000000001,-0.05,0.26,0.52,0.78,1.02,1.24,1.54,1.8,2.07,2.36,2.6156,2.8612,3.1368,3.43,3.7,3.97,4.26,4.5048,4.81,5.08,5.4,5.7,6,6.26,6.56,6.9,7.17,7.45,7.7364,8.06,8.3976,8.75,9.0788,9.4144,9.7,9.98,10.2712,10.6168,10.93,11.228,11.4936,11.8292,12.1,12.3904,12.7,12.95,13.22,13.5028,13.82,14.16,14.4496,14.7652,15.01,15.24,15.44,15.68,15.92,16.17,16.3788,16.63,16.85,17.11,17.29,17.51,17.76,18,18.24,18.53,18.78,19.05,19.32,19.5972,19.88,20.12,20.41,20.69,21.0052,21.35,21.81,22.2,22.64,23.34,24.19,25.3888,25.48,25.64704,25.82924,26.08264,26.3166,26.48704,26.80264,27.21088,27.7248400000002,29.22
"PL046C",-26.24,-17.31396,-15.68056,-14.56056,-13.81352,-13.0222,-12.56432,-12.0954,-11.7676,-11.37584,-11.0244,-8.7852,-7.4264,-5.9576,-5.04,-4.28,-3.65,-3.1152,-2.57,-2.13,-1.74,-1.3728,-1.0472,-0.74,-0.43,-0.16,0.07,0.360799999999999,0.606399999999999,0.93,1.22,1.5032,1.74,2.02,2.27,2.55,2.8212,3.13,3.38,3.66,3.9,4.1292,4.39,4.64,4.94,5.2016,5.47,5.7228,5.98,6.26,6.56,6.87,7.15,7.46,7.73,8.02,8.35,8.62,8.88,9.19,9.5,9.81,10.13,10.44,10.73,11.04,11.3284,11.62,11.9004,12.14,12.43,12.69,12.99,13.2784,13.58,13.8,14.0652,14.3,14.5864,14.82,15.04,15.2832,15.48,15.72,15.98,16.1756,16.43,16.65,16.91,17.16,17.38,17.65,17.88,18.11,18.346,18.6,18.86,19.13,19.4384,19.73,20.03,20.37,20.7408,21.1164,21.552,22.09,22.65,23.38,24.8144,24.93,25.04,25.25616,25.40264,25.63,25.8688,26.33452,26.89176,27.5226400000001,29.21
"PL047C",-24.33,-20.7296,-18.76144,-17.49264,-16.18528,-15.5976,-14.76112,-14.2054,-13.76704,-13.29356,-12.7444,-10.3988,-8.1932,-6.9,-6.052,-5.25,-4.5,-3.86,-3.36,-2.82,-2.3184,-1.8928,-1.5872,-1.28,-0.94,-0.63,-0.39,-0.14,0.106399999999999,0.34,0.54,0.793200000000002,1.07,1.3244,1.56,1.8056,2.03,2.32,2.55,2.85,3.1036,3.35,3.64,3.87,4.096,4.37,4.6572,4.9,5.18,5.46,5.72,6.02,6.3,6.58,6.89,7.21,7.4932,7.8,8.12,8.45,8.7656,9.12,9.44,9.76,10.11,10.41,10.7592,11.03,11.29,11.59,11.83,12.14,12.46,12.74,13.034,13.32,13.6052,13.88,14.1,14.37,14.61,14.83,15.04,15.25,15.51,15.74,15.96,16.21,16.4,16.62,16.85,17.08,17.33,17.57,17.796,18.07,18.3272,18.57,18.84,19.16,19.46,19.81,20.15,20.5564,21,21.4476,22.0764,22.89,23.8544,24.08,24.36352,24.6054,24.84,25.1544,25.5,25.87132,26.21352,26.6317600000001,28.75
"PL048C",-22.05,-13.89,-12.94528,-11.9596,-11.38176,-10.9722,-10.46792,-10.07308,-9.77352,-9.40396,-9.0444,-6.8888,-5.2028,-4.3,-3.412,-2.6364,-2.04,-1.58,-1.24,-0.903999999999999,-0.57,-0.2428,0.06,0.37,0.623999999999999,0.86,1.14,1.45,1.72,2,2.27,2.5032,2.81,3.04,3.3,3.55,3.8012,4.07,4.3224,4.55,4.81,5.1,5.31,5.53,5.78,6.02,6.26,6.5528,6.83,7.06,7.3196,7.5752,7.8308,8.07,8.352,8.65,9,9.28,9.53,9.8,10.12,10.42,10.7068,10.9924,11.31,11.5936,11.87,12.16,12.41,12.72,12.97,13.23,13.5,13.78,14.05,14.2696,14.55,14.77,14.99,15.25,15.46,15.6832,15.9388,16.1844,16.43,16.67,16.9,17.0968,17.3124,17.53,17.8,18.0092,18.24,18.49,18.74,18.99,19.27,19.5628,19.82,20.174,20.51,20.8752,21.3108,21.71,22.17,22.67,23.2932,24.11,25.49,25.64396,25.83408,26.23308,26.66,27.0322,27.17528,27.44132,28.10264,28.6535200000001,31.2
"PL049C",-21.6,-16.0822,-15.00264,-14.01452,-13.43056,-12.9066,-12.12224,-11.61308,-11.2,-10.71396,-10.3844,-8.1916,-6.7732,-5.74,-4.772,-4.04,-3.33,-2.78,-2.2696,-1.88,-1.47,-1.13,-0.82,-0.501599999999998,-0.18,0.0696000000000004,0.33,0.62,0.89,1.152,1.43,1.69,1.9888,2.23,2.48,2.7356,2.97,3.2068,3.46,3.73,3.95,4.1992,4.4748,4.71,5,5.2816,5.48,5.76,6.01,6.3,6.58,6.83,7.1,7.38,7.66,7.98,8.23,8.47,8.75,9.02,9.32,9.6112,9.88,10.16,10.41,10.6636,10.97,11.2348,11.5404,11.8,12.12,12.35,12.62,12.85,13.06,13.2996,13.54,13.79,14,14.24,14.46,14.67,14.89,15.1144,15.31,15.54,15.7512,15.97,16.1824,16.41,16.7,16.93,17.13,17.37,17.59,17.8416,18.11,18.36,18.64,18.904,19.23,19.57,19.96,20.3764,20.74,21.2476,21.8,22.5088,23.9044,24.0898,24.30352,24.49616,24.67264,24.9444,25.19176,25.55,25.8844,26.4322000000001,28.16
"PL050C",-26.11,-17.1444,-14.85608,-13.93356,-13.24176,-12.69,-12.20056,-11.60232,-11.26408,-11.03,-10.7844,-8.51,-7.01,-5.6828,-4.78,-3.99,-3.39,-2.81,-2.35,-1.96,-1.56,-1.22,-0.8672,-0.59,-0.29,-0.05,0.265200000000002,0.47,0.726399999999999,1.052,1.34,1.59,1.84,2.11,2.42,2.69,2.98,3.27,3.49,3.75,3.99,4.2192,4.46,4.7204,4.96,5.25,5.53,5.81,6.06,6.33,6.6096,6.88,7.14,7.49,7.76,8.06,8.35,8.63,8.94,9.19,9.55,9.83,10.11,10.39,10.68,10.97,11.31,11.57,11.84,12.146,12.4,12.6572,12.9628,13.2484,13.554,13.81,14.08,14.3,14.55,14.77,15.01,15.23,15.4688,15.69,15.93,16.15,16.36,16.64,16.87,17.06,17.29,17.57,17.8,18.09,18.3,18.54,18.8,19.0728,19.36,19.66,19.9596,20.33,20.67,21.12,21.59,22.0576,22.5832,23.43,24.7344,24.91396,25.1216800000001,25.32,25.54264,25.701,25.92704,26.6032,27.0644,27.8730800000001,29.84
"PL051C",-23.21,-18.30728,-15.6088,-14.1566,-13.10352,-12.6622,-12.07528,-11.72,-11.45352,-10.89792,-10.602,-8.0188,-6.5132,-5.0828,-4.212,-3.5828,-2.94,-2.35,-1.9,-1.43,-1.0484,-0.67,-0.36,-0.07,0.2,0.46,0.69,0.93,1.18,1.44,1.68,1.9332,2.1788,2.47,2.75,3.0112,3.25,3.4868,3.7024,3.928,4.13,4.37,4.59,4.82,5.04,5.26,5.46,5.68,5.9384,6.17,6.42,6.7,6.9108,7.13,7.38,7.68,7.97,8.26,8.56,8.81,9.09,9.3612,9.65,9.96240000000001,10.24,10.56,10.9,11.17,11.48,11.766,12.04,12.33,12.56,12.8,13.07,13.33,13.63,13.84,14.1,14.332,14.5476,14.77,15.01,15.21,15.43,15.65,15.85,16.04,16.25,16.46,16.64,16.85,17.04,17.26,17.49,17.7,17.94,18.1628,18.44,18.72,19.03,19.3552,19.7008,20.1164,20.592,21,21.46,22.1888,23.3376,23.56396,23.74704,24.07616,24.27,24.5332,24.86176,25.32188,25.86088,26.3148400000002,28.6
"PL052C",-24.6,-21.70024,-18.62672,-17.73132,-16.49168,-15.5722,-14.92336,-14.45848,-14.09112,-13.74,-13.3588,-10.884,-8.59,-7.3276,-6.372,-5.4964,-4.7916,-4.1552,-3.6,-3,-2.61,-2.13,-1.75,-1.41,-1.1,-0.81,-0.52,-0.25,0.00639999999999873,0.2,0.42,0.68,0.93,1.14,1.36,1.62,1.8512,2.07,2.31,2.54,2.81,3.08,3.32,3.5504,3.78,4.03,4.2672,4.5,4.78,5.07400000000001,5.3696,5.67,5.99,6.2564,6.552,6.86,7.1332,7.43,7.7444,8.09,8.46,8.8,9.13,9.44,9.77,10.08,10.4,10.6748,11.05,11.326,11.6216,11.94,12.2328,12.49,12.76,13.04,13.35,13.63,13.88,14.15,14.3376,14.56,14.82,15.0344,15.26,15.4812,15.69,15.92,16.13,16.36,16.6036,16.82,17.04,17.26,17.48,17.75,17.99,18.26,18.5084,18.79,19.1496,19.47,19.8316,20.21,20.622,21.07,21.7032,22.3988,23.64,23.79792,24.01704,24.3054,24.49792,24.6888,25.07528,25.40924,25.62,25.9,27.74
"PL053C",-18.49,-14.31508,-13.46792,-12.07716,-11.57528,-11.0522,-10.67,-10.36924,-9.97056,-9.64792,-9.27,-6.98,-5.7932,-4.6652,-3.882,-3.3464,-2.7308,-2.2052,-1.77,-1.4,-1.0284,-0.7,-0.36,-0.08,0.16,0.39,0.63,0.87,1.08,1.31,1.56,1.75,1.99,2.27,2.51,2.73,2.96,3.18,3.38,3.57,3.75,3.9992,4.23,4.46,4.636,4.84,5.03,5.2328,5.44,5.69400000000001,5.9196,6.1252,6.3508,6.61,6.85,7.07,7.35,7.64,7.8844,8.16,8.4356,8.7212,9,9.3,9.6,9.89,10.1992,10.4848,10.8104,11.13,11.38,11.66,11.89,12.17,12.41,12.62,12.85,13.0808,13.3,13.56,13.79,14.0332,14.2788,14.48,14.69,14.91,15.12,15.29,15.47,15.66,15.86,16.07,16.24,16.45,16.626,16.84,17.08,17.3,17.56,17.86,18.12,18.4552,18.83,19.22,19.64,20,20.55,21.2088,22.36,22.53396,22.69,22.97232,23.2758400000001,23.6166,23.94352,24.53132,24.8944,25.78044,27.36
"PL054C",-24.58,-18.26132,-16.8488,-15.61528,-15.06,-14.3398,-13.57584,-12.97616,-12.52704,-12.06188,-11.5852,-8.8252,-7.58,-6.36,-5.344,-4.4928,-3.8608,-3.21,-2.66,-2.19,-1.83,-1.4228,-1.12,-0.79,-0.5,-0.22,0.1,0.37,0.67,0.96,1.22,1.5532,1.8788,2.1644,2.39,2.62,2.89,3.19,3.46,3.72,3.99,4.2992,4.5848,4.9,5.15,5.4116,5.64,5.9,6.22,6.51,6.7896,7.06,7.29,7.58,7.922,8.18,8.4732,8.8,9.06,9.36,9.69,10.06,10.3368,10.6,10.85,11.1,11.39,11.69,12,12.26,12.55,12.83,13.1,13.3184,13.56,13.8496,14.11,14.37,14.57,14.78,15,15.2632,15.48,15.69,15.89,16.1456,16.3712,16.6168,16.8424,17.07,17.3036,17.54,17.7648,17.99,18.216,18.5,18.78,19.04,19.33,19.644,19.92,20.21,20.61,20.99,21.39,21.8276,22.46,23.2676,24.5276,24.66792,24.82352,25.00616,25.18264,25.4722,25.74176,26.12056,26.38264,27.2379200000003,28.36
"PL055C",-24.55,-17.94496,-15.99968,-15.18396,-14.35704,-13.5622,-12.90792,-12.44232,-11.91112,-11.60188,-11.2788,-8.4076,-6.9732,-5.7876,-4.76,-4.0564,-3.3308,-2.7452,-2.26,-1.77,-1.44,-1.09,-0.76,-0.4,-0.09,0.16,0.42,0.700799999999999,1.02,1.29,1.61,1.9232,2.22,2.4844,2.77,3.03,3.26,3.5268,3.77,4.068,4.3236,4.61,4.92,5.22,5.466,5.7316,6.02,6.27,6.57,6.86400000000001,7.11,7.3852,7.6608,7.9164,8.212,8.53,8.81,9.1,9.39,9.73,10.0312,10.33,10.66,10.91,11.16,11.41,11.7192,12.02,12.3204,12.58,12.8416,13.09,13.38,13.6384,13.89,14.13,14.3952,14.61,14.84,15.11,15.32,15.5632,15.77,15.98,16.2,16.42,16.65,16.9,17.1,17.33,17.56,17.79,18.04,18.2104,18.47,18.76,19.0472,19.34,19.62,19.904,20.21,20.51,20.8308,21.2464,21.642,22.1676,22.6332,23.5576,24.8288,24.98396,25.15704,25.28924,25.5132000000001,25.7122,25.95176,26.32264,27.04176,27.50044,28.64
"PL056C",-24.57,-18.22364,-16.23528,-15.22716,-14.64704,-13.9222,-13.11848,-12.61,-12.16464,-11.86396,-11.4808,-8.58,-7.2296,-6.0352,-4.932,-4.27,-3.5008,-2.93,-2.4096,-1.93,-1.63,-1.21,-0.8872,-0.541599999999999,-0.24,0.01,0.28,0.6,0.87,1.14,1.47,1.7832,2.09,2.3344,2.61,2.87,3.1312,3.4068,3.6424,3.91,4.19,4.48,4.78,5.1,5.37,5.63,5.86,6.12,6.42,6.754,6.97,7.25,7.53,7.79,8.09,8.38,8.69,8.98,9.28,9.58,9.8856,10.21,10.52,10.81,11.04,11.29,11.59,11.9,12.2,12.46,12.7216,12.97,13.25,13.52,13.79,14.03,14.28,14.5,14.7264,14.97,15.2,15.43,15.65,15.86,16.08,16.3,16.53,16.77,16.9824,17.22,17.43,17.69,17.91,18.11,18.34,18.65,18.93,19.22,19.4884,19.79,20.08,20.36,20.73,21.14,21.522,22.01,22.54,23.44,24.6744,24.82792,25.02704,25.15,25.41,25.5444,25.76528,26.20792,26.76,27.31044,28.47
"PL057C",-24.58,-18.22132,-16.36528,-15.37188,-14.75,-13.9576,-13.15792,-12.62924,-12.26352,-11.8198,-11.1988,-8.6388,-7.3296,-6.2076,-5.11,-4.38,-3.6616,-3.1204,-2.6096,-2.11,-1.8,-1.36,-1.04,-0.73,-0.436000000000001,-0.16,0.08,0.400799999999999,0.706399999999999,0.97,1.29,1.6032,1.91,2.18,2.42,2.68,2.96,3.2,3.4524,3.74,3.9936,4.2792,4.59,4.91,5.17,5.43,5.67,5.94,6.2184,6.55,6.79,7.08,7.3408,7.62,7.88,8.2076,8.4832,8.79,9.1,9.4,9.68,10.02,10.3268,10.61,10.86,11.1,11.41,11.7148,12.0004,12.26,12.54,12.79,13.08,13.3484,13.61,13.8596,14.1,14.32,14.54,14.79,15.01,15.2332,15.46,15.7,15.89,16.13,16.34,16.58,16.82,17.05,17.25,17.4892,17.72,17.93,18.16,18.46,18.7672,19.0328,19.3084,19.61,19.8996,20.19,20.57,20.94,21.352,21.7876,22.3832,23.2388,24.4944,24.68396,24.84,25.01,25.22264,25.4144,25.62,26.06264,26.51264,27.12044,28.29
"PL058C",-24.08,-18.34704,-17.62024,-16.70396,-16.33056,-15.072,-14.2864,-13.86,-13.57,-13.30584,-12.9288,-10.0488,-8.6064,-7.1204,-6.234,-5.4864,-4.92,-4.18,-3.6696,-3.18,-2.73,-2.3228,-1.9372,-1.63,-1.36,-1.02,-0.71,-0.38,-0.113600000000001,0.18,0.49,0.82,1.06,1.32,1.56,1.85,2.05,2.29,2.5724,2.81,3.11,3.43,3.7,4,4.29,4.5516,4.81,5.0728,5.38,5.65400000000001,5.89,6.16,6.49,6.78,7.06,7.3176,7.6,7.86,8.15,8.52,8.78,9.0712,9.3468,9.61240000000001,9.9,10.15,10.38,10.7,10.96,11.25,11.51,11.7772,12.0528,12.29,12.51,12.77,13.03,13.29,13.52,13.72,13.92,14.11,14.33,14.53,14.77,14.99,15.21,15.44,15.6724,15.9,16.1,16.33,16.55,16.8004,17.03,17.26,17.54,17.82,18.13,18.394,18.66,18.97,19.3,19.6764,20.08,20.54,21.07,21.8776,22.92,23.05188,23.26352,23.45308,23.59264,23.8622,24.07176,24.37452,24.85176,25.13088,26.58
"PL059C",-24.49,-18.33176,-16.2676,-15.51132,-14.63528,-13.914,-13.16112,-12.65,-12.30352,-11.93,-11.5176,-8.6376,-7.2796,-6.0976,-5.03,-4.29,-3.59,-2.99,-2.46,-2.014,-1.68,-1.26,-0.92,-0.6,-0.306000000000001,-0.0503999999999996,0.24,0.53,0.81,1.12,1.4,1.73,2.0288,2.3044,2.55,2.82,3.08,3.33,3.5824,3.85,4.14,4.42,4.74,5.03,5.29,5.56,5.7972,6.06,6.3384,6.68,6.92,7.19,7.45,7.73,8.012,8.31,8.61,8.9,9.19439999999999,9.5,9.81,10.1312,10.45,10.72,10.95,11.2,11.51,11.81,12.11,12.36,12.63,12.9,13.16,13.4184,13.694,13.93,14.2,14.43,14.6364,14.89,15.09,15.3332,15.56,15.75,15.97,16.21,16.44,16.68,16.91,17.13,17.3436,17.58,17.82,18.03,18.26,18.52,18.8272,19.13,19.3984,19.69,19.98,20.2552,20.6508,21.02,21.412,21.8976,22.46,23.34,24.5576,24.70396,24.93,25.04616,25.23056,25.5044,25.66528,26.08396,26.57176,27.1539600000002,28.43
"PL060C",-24.32,-17.19264,-16.27088,-15.05,-14.49352,-13.492,-12.79848,-12.43,-11.72704,-11.54396,-11.32,-8.3688,-6.75,-5.7376,-4.752,-4.0064,-3.31,-2.75,-2.26,-1.844,-1.46,-1.1228,-0.7572,-0.42,-0.14,0.17,0.425200000000002,0.67,0.98,1.26,1.62,1.91,2.18,2.45,2.72,3.0056,3.26,3.49,3.7424,4,4.28,4.58,4.87,5.14,5.42,5.67,5.94,6.22,6.4884,6.77400000000001,7.03,7.30519999999999,7.59,7.87,8.12,8.4176,8.69,8.9876,9.3,9.61,9.88,10.1712,10.4868,10.77,10.99,11.24,11.55,11.85,12.13,12.41,12.64,12.9472,13.21,13.44,13.71,13.93,14.19,14.44,14.67,14.91,15.16,15.36,15.56,15.78,16.02,16.2,16.46,16.7068,16.95,17.15,17.3636,17.58,17.83,18.0504,18.27,18.53,18.86,19.1328,19.44,19.73,20.0096,20.31,20.6508,21.06,21.49,21.98,22.4764,23.3688,24.6388,24.88792,25.04352,25.1754,25.3458400000001,25.5766,25.83176,26.24528,26.87264,27.3713200000001,28.82
"PL061C",-24.22,-18.05572,-16.66704,-15.56168,-14.71232,-14.3822,-13.52,-13.0654,-12.53,-12.17396,-11.7744,-8.7928,-7.4332,-6.22,-5.194,-4.45,-3.76,-3.1052,-2.5496,-2.114,-1.75,-1.34,-1,-0.67,-0.37,-0.13,0.215200000000002,0.44,0.73,1.062,1.37,1.69,1.97,2.24,2.49,2.73,2.9712,3.2768,3.54,3.78,4.08,4.4,4.66,4.97,5.26,5.48,5.75,5.97,6.27,6.55,6.83,7.07,7.3508,7.63280000000001,7.94,8.2,8.49,8.81,9.08,9.35,9.68,10,10.33,10.5624,10.818,11.0736,11.3492,11.65,11.93,12.22,12.48,12.76,13.01,13.22,13.53,13.7696,14.02,14.26,14.49,14.71,14.92,15.16,15.37,15.58,15.79,16.04,16.29,16.49,16.7324,16.96,17.2,17.4,17.62,17.8704,18.096,18.3316,18.61,18.92,19.21,19.474,19.74,20.05,20.45,20.79,21.172,21.66,22.24,23.0976,24.29,24.39,24.54,24.69616,24.86056,25.0622,25.45,25.77528,26.13704,26.78044,28.24
"PL062C",-21.91,-17.08396,-15.7576,-14.79056,-14.52352,-13.9866,-13.30904,-12.89848,-12.44056,-11.93396,-11.4988,-9.3488,-8.03,-6.86,-5.98,-5.15,-4.5508,-3.8352,-3.3396,-2.91,-2.4984,-2.14,-1.7872,-1.48,-1.14,-0.85,-0.61,-0.35,-0.09,0.2,0.49,0.69,0.97,1.22,1.44,1.65,1.88,2.1068,2.3924,2.64,2.84,3.07,3.35,3.64,3.896,4.2116,4.44,4.6728,4.93,5.2,5.5296,5.76,6.0808,6.35,6.66,6.9576,7.2,7.48,7.75,8.02,8.3,8.59,8.8768,9.15,9.44,9.69,10,10.27,10.57,10.866,11.13,11.37,11.6028,11.85,12.08,12.3,12.53,12.77,13.03,13.24,13.45,13.68,13.88,14.07,14.31,14.52,14.75,14.95,15.1924,15.44,15.6636,15.91,16.11,16.37,16.6,16.8516,17.1172,17.37,17.63,17.89,18.24,18.5752,18.9508,19.3664,19.732,20.27,20.7932,21.5276,22.93,23.19396,23.27704,23.37308,23.56264,23.7832,24.13176,24.43,24.75176,25.2217600000001,27.01
"PL063C",-21.33,-17.4788,-15.3888,-13.38132,-12.43232,-12.101,-11.75792,-11.30156,-10.98408,-10.60356,-10.2952,-7.8688,-6.23,-4.9576,-4.102,-3.4064,-2.79,-2.2852,-1.77,-1.304,-0.99,-0.6,-0.2572,-0.01,0.25,0.48,0.775200000000002,0.990799999999999,1.2164,1.42,1.68,1.92,2.2,2.45,2.71,2.9156,3.14,3.3568,3.5524,3.76,3.98,4.23,4.43,4.68,4.91,5.1216,5.35,5.59,5.81,6.05,6.32,6.5352,6.78,7.04,7.3,7.6,7.87,8.13,8.37,8.64,8.93,9.21,9.47,9.77240000000001,10.13,10.4036,10.7192,11.04,11.3404,11.646,11.9316,12.2172,12.46,12.71,12.944,13.2,13.4552,13.72,13.94,14.19,14.42,14.64,14.8688,15.04,15.29,15.48,15.7112,15.9,16.13,16.31,16.51,16.72,16.91,17.13,17.34,17.58,17.8,18.02,18.3084,18.61,18.87,19.2252,19.5408,20.0064,20.372,20.8876,21.38,22.0488,23.1844,23.45188,23.71352,23.91616,24.1332000000001,24.2966,24.61528,25.15132,25.60352,26.30044,28.4
"PL064C",-25.17,-16.4344,-15.1,-13.81432,-12.9388,-12.2766,-11.82792,-11.41308,-11.13,-10.5798,-10.3332,-7.9988,-6.3632,-5.1376,-4.23,-3.5128,-2.8308,-2.3,-1.83,-1.46,-1.09,-0.73,-0.4272,-0.151599999999999,0.1,0.36,0.61,0.84,1.09,1.36,1.63,1.9132,2.21,2.4544,2.72,3.0056,3.29,3.51,3.76,3.98,4.21,4.45,4.7348,4.9504,5.196,5.43,5.69,5.9528,6.24,6.49,6.8,7.06,7.3108,7.59,7.85,8.13,8.4532,8.75,9.0444,9.36,9.63,9.9712,10.2568,10.5624,10.88,11.14,11.43,11.72,12.03,12.29,12.5616,12.82,13.11,13.39,13.66,13.98,14.23,14.4408,14.69,14.93,15.18,15.43,15.66,15.87,16.1,16.32,16.5,16.75,16.95,17.178,17.42,17.64,17.92,18.16,18.42,18.64,18.87,19.12,19.44,19.73,20.08,20.36,20.73,21.14,21.592,22.1,22.6032,23.4188,24.4544,24.72396,25.02,25.11,25.31264,25.5722,25.73352,26.06132,26.62528,27.2501200000004,29.85
"PL065C",-25.72,-19.88176,-17.96848,-16.63848,-15.47232,-14.6876,-14.04528,-13.33232,-12.90408,-12.49584,-12.03,-8.9188,-7.6364,-6.4076,-5.432,-4.61,-4.03,-3.3852,-2.76,-2.22,-1.76,-1.42,-1.0572,-0.79,-0.49,-0.1504,0.14,0.42,0.69,0.96,1.2452,1.55,1.83,2.1344,2.39,2.6356,2.9712,3.24,3.5,3.748,4.03,4.28,4.56,4.89080000000001,5.166,5.42,5.6872,5.9328,6.27,6.53400000000001,6.86,7.1,7.44,7.72,8.01,8.37,8.66,8.95,9.2344,9.53,9.7756,10.1,10.41,10.69,10.98,11.2836,11.58,11.87,12.1,12.41,12.63,12.8972,13.1728,13.49,13.77,14.02,14.29,14.56,14.78,15.022,15.2376,15.51,15.7188,15.9544,16.2,16.39,16.58,16.8,17.05,17.3,17.55,17.79,18,18.2304,18.49,18.77,19.04,19.33,19.58,19.884,20.14,20.43,20.78,21.1864,21.58,22.16,22.73,23.55,24.75,24.89,25.07704,25.29308,25.53,25.7122,25.91528,26.2,26.5344,27.40088,28.68
"PL066C",-24.52,-18.33308,-16.17696,-15.63056,-14.84408,-14.001,-13.45792,-12.70308,-12.34112,-12.04188,-11.4296,-8.7688,-7.4332,-6.25,-5.16,-4.37,-3.7024,-3.0652,-2.5696,-2.1,-1.79,-1.34,-1,-0.681599999999999,-0.41,-0.15,0.15,0.46,0.726399999999999,1.042,1.3,1.64,1.9388,2.23,2.46,2.72,2.9812,3.24,3.5024,3.76,4.05,4.33,4.66,4.95,5.21,5.49,5.72,5.97,6.25,6.58,6.85,7.11,7.37,7.65,7.94,8.2576,8.51,8.85,9.12,9.43,9.75,10.07,10.39,10.6324,10.888,11.13,11.46,11.74,12.05,12.27,12.5416,12.84,13.11,13.36,13.624,13.88,14.14,14.36,14.58,14.83,15.03,15.2732,15.5,15.73,15.91,16.15,16.38,16.63,16.86,17.1,17.29,17.54,17.76,17.9704,18.22,18.4616,18.79,19.07,19.35,19.65,19.93,20.2052,20.6008,21,21.38,21.8576,22.45,23.2888,24.55,24.67772,24.86704,25.03308,25.19528,25.5266,25.6488,26.09132,26.51,27.2439600000002,28.4
"PL067C",-21.73,-16.1022,-14.69232,-13.03264,-12.35352,-11.4266,-10.82112,-10.29232,-9.86056,-9.54,-9.4644,-7.2476,-5.7164,-4.6676,-3.78,-2.9464,-2.25,-1.7552,-1.4096,-0.99,-0.67,-0.34,-0.0372000000000003,0.258400000000001,0.51,0.7996,1.06,1.33,1.6164,1.9,2.18,2.45,2.75,3.01,3.26,3.5,3.77,4.0168,4.2524,4.52,4.73,4.97,5.23,5.49,5.74,5.99,6.2372,6.51,6.76,7.06400000000001,7.2996,7.53,7.8008,8.07,8.322,8.61,8.91,9.17,9.4744,9.75,10.03,10.31,10.5768,10.87,11.14,11.41,11.68,11.9448,12.23,12.55,12.8,13.05,13.31,13.53,13.76,14.03,14.28,14.51,14.72,14.95,15.19,15.41,15.63,15.8844,16.11,16.33,16.58,16.7768,17,17.23,17.5,17.71,17.94,18.16,18.42,18.6516,18.89,19.16,19.42,19.78,20.11,20.4552,20.8108,21.1964,21.672,22.23,22.76,23.5188,24.9644,25.06792,25.20704,25.43924,25.74264,26.0344,26.34232,26.8466,27.17176,27.7183600000003,29.85
"PL068C",-25.04,-19.53332,-16.79344,-14.5524,-13.66584,-12.9266,-12.37056,-12.02156,-11.63,-11.3,-10.9976,-8.38,-6.69,-5.3352,-4.4,-3.7428,-3.04,-2.54,-1.95,-1.564,-1.18,-0.83,-0.5072,-0.26,0.04,0.32,0.54,0.77,0.986399999999999,1.27,1.56,1.8,2.06,2.35,2.6,2.86,3.14,3.39,3.65,3.84,4.06,4.3,4.51,4.73,4.98,5.2416,5.47,5.7328,5.98,6.23,6.4596,6.74,7.01,7.25,7.5,7.78,8.0832,8.3688,8.6644,8.96,9.2456,9.5412,9.88,10.14,10.41,10.73,11.04,11.3748,11.65,11.896,12.2,12.43,12.75,13.03,13.27,13.54,13.79,14.04,14.27,14.5,14.73,14.98,15.21,15.42,15.64,15.84,16.05,16.24,16.41,16.63,16.84,17.0492,17.28,17.5,17.72,17.97,18.21,18.42,18.72,19.064,19.3796,19.71,20.06,20.4764,20.842,21.3176,21.8464,22.5288,23.7532,23.93396,24.15704,24.39232,24.55264,24.8422,25.19352,25.43132,25.75792,26.5045200000006,29.35
"PT001C",5.07,6.2256,6.6612,6.97,7.18824,7.4478,7.66736,7.84768,7.98296,8.13604,8.24,8.89,9.33,9.6824,9.94,10.2,10.45,10.65,10.82,10.996,11.1916,11.36,11.48,11.6284,11.76,11.89,12.04,12.16,12.28,12.39,12.49,12.6,12.73,12.83,12.95,13.06,13.17,13.29,13.39,13.5,13.6,13.72,13.82,13.9304,14.04,14.15,14.28,14.38,14.5,14.62,14.74,14.86,15,15.14,15.27,15.43,15.58,15.72,15.85,16.02,16.1756,16.34,16.49,16.6524,16.81,16.97,17.16,17.32,17.5,17.68,17.86,18,18.16,18.29,18.45,18.58,18.71,18.84,18.97,19.112,19.23,19.35,19.49,19.6,19.71,19.82,19.93,20.03,20.15,20.27,20.37,20.48,20.59,20.7,20.82,20.95,21.08,21.22,21.38,21.534,21.75,21.94,22.22,22.5,22.872,23.3,23.7632,24.3888,25.4244,25.55792,25.70408,25.92,26.07056,26.46,26.63408,27.26396,27.60088,28.1517600000001,31.26
"PT002C",2.1,3.43824,3.82208,4.13208,4.25648,4.4656,4.54,4.75384,4.88296,4.98,5.0456,5.7912,6.35,6.67,6.98,7.32,7.56,7.83,8.0204,8.29,8.54,8.7272,8.93,9.09,9.3,9.46,9.65,9.79,9.95,10.11,10.26,10.39,10.53,10.67,10.83,10.97,11.1,11.24,11.37,11.5,11.6,11.74,11.88,12.01,12.16,12.31,12.43,12.55,12.73,12.87,13,13.15,13.2908,13.43,13.58,13.73,13.8732,14.07,14.2344,14.4,14.59,14.75,14.93,15.12,15.3,15.51,15.69,15.88,16.07,16.27,16.4816,16.69,16.85,17.05,17.214,17.39,17.53,17.68,17.84,18.02,18.16,18.31,18.44,18.6,18.72,18.89,19.05,19.19,19.3524,19.51,19.67,19.84,20.0048,20.17,20.36,20.57,20.78,21.0128,21.25,21.52,21.88,22.19,22.5808,22.9464,23.38,23.9,24.6,25.4088,26.6244,26.73396,26.92704,27.15308,27.40056,27.8122,27.94176,28.26264,28.90352,29.4722000000001,30.73
"PT003C",0.4,1.63472,1.93472,2.22472,2.41824,2.6734,2.8068,3,3.11,3.25,3.36,4.1412,4.76,5.18,5.55,5.87,6.18,6.45,6.7,6.986,7.2,7.43,7.65,7.8684,8.06,8.21,8.3952,8.61,8.77,8.93,9.08,9.19,9.3588,9.51,9.66,9.83,9.95,10.11,10.26,10.4,10.54,10.67,10.8248,10.97,11.12,11.24,11.42,11.5728,11.7084,11.87,12.0196,12.14,12.29,12.41,12.582,12.75,12.9,13.09,13.26,13.41,13.5956,13.79,13.97,14.2,14.388,14.58,14.7792,14.99,15.19,15.38,15.58,15.75,15.98,16.17,16.344,16.5196,16.7,16.88,17.06,17.24,17.39,17.5732,17.75,17.92,18.11,18.29,18.47,18.6568,18.86,19.04,19.2436,19.42,19.6148,19.81,20.03,20.2916,20.55,20.79,21.0784,21.38,21.71,22.0552,22.45,22.7964,23.242,23.72,24.3632,25.19,26.3232,26.49396,26.65704,26.8584799999999,27.09528,27.3788,27.69,28.0366,28.41528,28.93,30.62
"PT005C",1.08,2.61164,3.09912,3.43868,3.58648,3.7656,3.92472,4.09692,4.21296,4.34604,4.4912,5.3812,5.91,6.3524,6.668,6.9736,7.27,7.5648,7.85,8.11,8.33,8.55,8.8,9.02,9.23,9.4196,9.59,9.75,9.92,10.1,10.24,10.41,10.55,10.68,10.8,10.97,11.1,11.24,11.4,11.54,11.71,11.84,11.99,12.16,12.3,12.45,12.61,12.76,12.91,13.07,13.19,13.33,13.48,13.65,13.81,13.96,14.11,14.28,14.44,14.65,14.82,15,15.1568,15.3424,15.52,15.7236,15.9392,16.13,16.35,16.58,16.7916,16.9772,17.15,17.31,17.52,17.68,17.86,18.03,18.17,18.34,18.49,18.6232,18.77,18.92,19.07,19.25,19.4,19.5568,19.7,19.83,20,20.18,20.36,20.52,20.7,20.87,21.1,21.3428,21.63,21.91,22.23,22.6304,23.05,23.48,24.01,24.6,25.28,26.2052,27.4344,27.55,27.75352,27.9354,28.3032000000001,28.5122,28.77,28.98,29.48528,30.18,31.65
"PT006C",4.3,6.04,6.68208,6.99,7.23648,7.3856,7.53736,7.80768,7.95,8.04604,8.2,8.8312,9.26,9.61,9.93,10.19,10.4,10.61,10.8,10.976,11.1716,11.34,11.5,11.64,11.78,11.93,12.06,12.21,12.33,12.43,12.55,12.67,12.8,12.9144,13.03,13.15,13.25,13.37,13.49,13.6,13.7236,13.85,13.95,14.08,14.2,14.3,14.4,14.52,14.64,14.774,14.89,15.02,15.16,15.3,15.46,15.64,15.78,15.94,16.08,16.22,16.39,16.53,16.72,16.87,17.04,17.22,17.4,17.58,17.7404,17.95,18.1216,18.29,18.44,18.6,18.76,18.91,19.06,19.21,19.33,19.46,19.59,19.71,19.84,19.96,20.07,20.22,20.3412,20.4768,20.6024,20.76,20.8736,20.99,21.09,21.21,21.32,21.47,21.62,21.78,21.95,22.13,22.3,22.51,22.79,23.0864,23.41,23.8276,24.29,24.9088,25.9244,26.01,26.15408,26.3746399999999,26.68264,26.8122,27.08,27.36396,27.81792,28.7148400000002,32.36
"PT008C",3.06,4.43824,4.7,5.03604,5.23824,5.3578,5.58472,5.8,5.89648,5.96604,6.08,6.83,7.44,7.76,8.088,8.37,8.61,8.85,9.08,9.286,9.52,9.7,9.9128,10.0984,10.29,10.44,10.6152,10.7408,10.91,11.072,11.22,11.34,11.47,11.62,11.75,11.86,12.01,12.1368,12.25,12.38,12.5,12.65,12.79,12.93,13.07,13.21,13.36,13.48,13.6184,13.78,13.92,14.06,14.1808,14.35,14.5,14.64,14.78,14.94,15.11,15.28,15.4456,15.6,15.76,15.96,16.17,16.34,16.5,16.7,16.9,17.09,17.28,17.5172,17.66,17.82,17.98,18.16,18.3052,18.4508,18.6,18.732,18.88,19.03,19.17,19.3,19.42,19.53,19.67,19.8,19.92,20.07,20.22,20.38,20.52,20.68,20.856,21.03,21.21,21.45,21.7,21.96,22.29,22.62,23.02,23.48,23.982,24.51,25.2632,26.12,27.3144,27.59584,27.7776,27.94,28.12528,28.54,28.91,29.1366,29.48176,30.4335200000001,31.9
"PT009C",5.54,7.23956,7.7356,8.09868,8.33824,8.5656,8.89736,9.03692,9.14,9.26604,9.3456,10.11,10.54,10.87,11.17,11.38,11.61,11.81,11.99,12.16,12.28,12.42,12.56,12.67,12.78,12.92,13.03,13.14,13.25,13.36,13.46,13.5732,13.7,13.82,13.93,14.04,14.15,14.25,14.36,14.47,14.58,14.6892,14.79,14.93,15.036,15.1516,15.28,15.4,15.52,15.64,15.76,15.91,16.03,16.19,16.332,16.47,16.64,16.82,16.99,17.13,17.3,17.45,17.63,17.83,18.01,18.1836,18.37,18.57,18.77,18.96,19.14,19.3072,19.51,19.6984,19.87,20.04,20.2052,20.41,20.57,20.71,20.91,21.08,21.2588,21.3944,21.53,21.69,21.86,22.04,22.2324,22.39,22.57,22.72,22.89,23.0504,23.21,23.41,23.57,23.76,23.96,24.16,24.3596,24.61,24.87,25.1064,25.41,25.75,26.09,26.5,27.2876,27.38,27.45352,27.67,27.79528,28.07,28.18352,28.46,28.63616,29.0426400000001,32.41
"PT010C",-0.53,0.3956,0.93944,1.20868,1.39472,1.5834,1.74,1.87384,2.04,2.16,2.24,3.0812,3.66,4.1,4.46,4.8,5.0592,5.3,5.5604,5.8,6.0416,6.2572,6.4828,6.7084,6.92,7.1096,7.29,7.44,7.59,7.76,7.92,8.0632,8.25,8.3944,8.54,8.7,8.8312,8.98,9.14,9.298,9.43,9.58,9.72,9.89,10.06,10.27,10.42,10.6,10.75,10.914,11.08,11.25,11.4,11.5664,11.76,11.92,12.11,12.29,12.44,12.63,12.81,13.0212,13.2768,13.49,13.788,14.02,14.26,14.4948,14.7304,14.95,15.15,15.39,15.62,15.81,15.994,16.22,16.41,16.62,16.85,17.07,17.27,17.53,17.74,17.99,18.22,18.44,18.66,18.89,19.09,19.328,19.53,19.81,20.05,20.27,20.54,20.8,21.09,21.39,21.66,21.97,22.2896,22.67,23.1008,23.47,23.982,24.4876,25.0932,25.8388,26.96,27.06188,27.28704,27.52,27.68528,27.92,28.19176,28.53132,29.07528,29.3739600000002,30.78
"PT011C",2.32,3.14956,3.63912,3.92472,4.09824,4.38,4.55,4.61692,4.72648,4.83,4.9,5.7424,6.28,6.6824,7.048,7.37,7.63,7.87,8.09,8.316,8.54,8.74,8.93,9.11,9.27,9.44,9.6,9.74,9.88,10.02,10.13,10.25,10.38,10.53,10.67,10.78,10.94,11.07,11.19,11.31,11.44,11.56,11.7,11.81,11.91,12.03,12.13,12.26,12.4,12.51,12.62,12.76,12.89,13.02,13.15,13.29,13.41,13.56,13.71,13.87,14.03,14.2,14.36,14.52,14.68,14.83,14.99,15.15,15.3304,15.51,15.7,15.86,16.02,16.18,16.34,16.49,16.63,16.79,16.94,17.08,17.23,17.36,17.4888,17.6244,17.77,17.88,18.03,18.16,18.3,18.47,18.63,18.76,18.9,19.06,19.24,19.4,19.57,19.79,19.95,20.21,20.45,20.74,20.99,21.33,21.66,22.11,22.66,23.3388,24.25,24.34396,24.54352,24.77232,25.01528,25.2454,25.57056,25.93396,26.43088,27.0217600000001,28.41
"PT012C",0.76,2.04736,2.4456,2.70604,2.96824,3.1,3.21,3.33692,3.49648,3.74,3.87,4.54,5.0768,5.47,5.788,6.1036,6.39,6.68,6.95,7.17,7.45,7.7,7.91,8.0884,8.27,8.46,8.61,8.81,9,9.17,9.32,9.45,9.6,9.7844,9.94,10.08,10.21,10.36,10.53,10.66,10.76,10.9092,11.06,11.21,11.37,11.51,11.67,11.8,11.95,12.12,12.26,12.42,12.58,12.69,12.84,13,13.17,13.36,13.52,13.7,13.88,14.06,14.26,14.4624,14.69,14.87,15.06,15.29,15.4804,15.68,15.9,16.11,16.3,16.4784,16.67,16.8396,17.0152,17.19,17.34,17.52,17.71,17.8632,18.0588,18.21,18.38,18.56,18.7212,18.91,19.09,19.27,19.4436,19.63,19.82,20.04,20.25,20.4716,20.7,20.9728,21.2484,21.53,21.8796,22.2152,22.6,22.98,23.38,23.87,24.5532,25.39,26.672,26.8,26.87704,27.09,27.3064000000001,27.6244,27.95,28.20924,28.56264,29.27088,30.54
"PT013C",2.73,3.56,4.16384,4.40604,4.63472,4.72,4.89736,5.03,5.16296,5.28208,5.3668,6.07,6.6,6.9824,7.33,7.6,7.89,8.14,8.4204,8.64,8.84,9.05,9.27,9.4584,9.65,9.81,9.96,10.13,10.2864,10.43,10.58,10.73,10.87,11,11.14,11.28,11.41,11.53,11.67,11.78,11.92,12.06,12.17,12.3,12.44,12.55,12.68,12.81,12.94,13.08,13.21,13.3652,13.48,13.6,13.74,13.91,14.08,14.23,14.38,14.55,14.7256,14.89,15.07,15.2424,15.41,15.57,15.75,15.93,16.12,16.31,16.52,16.6972,16.84,17.02,17.19,17.35,17.51,17.69,17.83,17.97,18.11,18.24,18.37,18.5,18.63,18.77,18.92,19.07,19.2,19.36,19.5136,19.66,19.81,19.97,20.15,20.33,20.54,20.76,20.96,21.224,21.5496,21.83,22.1508,22.5364,22.91,23.44,24.13,24.88,26.0044,26.19188,26.35704,26.50308,26.7043200000001,27.1532,27.38352,27.70264,28.22352,28.9244000000002,30.36
"PT014C",4.99,6.41912,6.82472,7.22736,7.42824,7.62,7.84416,8.05692,8.14648,8.27208,8.35,9.1,9.55,9.84,10.11,10.36,10.55,10.7348,10.92,11.08,11.2316,11.37,11.53,11.68,11.78,11.89,12,12.11,12.21,12.33,12.4376,12.53,12.62,12.72,12.83,12.93,13.02,13.11,13.21,13.3,13.41,13.5,13.6,13.7,13.82,13.9116,14.01,14.13,14.23,14.35,14.45,14.5652,14.67,14.77,14.9,15.01,15.1432,15.29,15.43,15.56,15.71,15.85,15.97,16.11,16.26,16.39,16.55,16.69,16.87,17.026,17.18,17.31,17.46,17.59,17.74,17.85,17.95,18.07,18.2,18.3,18.41,18.51,18.61,18.72,18.83,18.92,19.01,19.1,19.19,19.28,19.38,19.45,19.53,19.61,19.7,19.8,19.89,19.98,20.09,20.214,20.3596,20.52,20.67,20.84,21.072,21.35,21.68,22.0988,22.9044,23.03,23.14056,23.29308,23.51264,23.6722,23.92528,24.18132,24.42528,25.1757200000002,26.99
"PT015C",-0.23,1.0278,1.48824,1.79604,1.90824,2.139,2.34472,2.47692,2.64296,2.69604,2.86,3.66,4.2468,4.6724,5.01,5.38,5.69,5.9548,6.21,6.44,6.71,6.95,7.1528,7.36,7.544,7.73,7.93,8.1,8.28,8.44,8.58,8.74,8.8588,9.03,9.19,9.35,9.5,9.66,9.81,9.94,10.08,10.22,10.37,10.53,10.68,10.82,10.98,11.16,11.3,11.454,11.6096,11.74,11.89,12.04,12.2,12.35,12.51,12.68,12.87,13.05,13.22,13.42,13.63,13.84,14.058,14.25,14.45,14.69,14.9004,15.1,15.29,15.5272,15.69,15.89,16.094,16.28,16.45,16.65,16.82,17.022,17.19,17.4,17.63,17.79,17.95,18.17,18.35,18.52,18.7524,18.98,19.1936,19.4,19.56,19.77,20,20.24,20.53,20.79,21.07,21.37,21.6892,22.0852,22.44,22.79,23.24,23.72,24.2932,25.11,26.3144,26.42792,26.62704,26.82232,27.12,27.3063999999999,27.59352,27.91132,28.1744,28.86,30.35
"PT016C",3.33,4.71868,5.1756,5.64,5.78824,6.05,6.22736,6.34,6.53,6.70812,6.86,7.58,8.01,8.42,8.8,9.1,9.36,9.62,9.85,10.1,10.28,10.49,10.66,10.84,11.02,11.17,11.34,11.48,11.6264,11.77,11.9076,12.04,12.15,12.28,12.42,12.56,12.69,12.82,12.96,13.06,13.19,13.34,13.4848,13.6,13.72,13.85,13.98,14.11,14.25,14.41,14.55,14.68,14.82,14.99,15.15,15.31,15.48,15.65,15.8244,16,16.15,16.32,16.5068,16.69,16.91,17.08,17.2692,17.4848,17.7,17.86,18.06,18.24,18.43,18.6,18.76,18.93,19.08,19.24,19.38,19.54,19.71,19.85,20.01,20.14,20.27,20.4156,20.55,20.67,20.8,20.93,21.08,21.23,21.36,21.51,21.65,21.8016,21.9672,22.14,22.31,22.574,22.8596,23.16,23.55,23.98,24.51,25.08,25.64,26.3888,27.682,27.88792,28.10408,28.31616,28.61528,28.84,29.23528,29.76264,30.17264,30.6830800000001,34.13
"RO001C",-18.24,-15.58616,-13.99232,-13.45132,-12.73704,-11.801,-11.26376,-10.4954,-9.87056,-9.68188,-9.342,-7.2576,-5.68,-4.71,-3.91,-3.1764,-2.4708,-1.9352,-1.38,-0.943999999999999,-0.51,-0.08,0.2528,0.648400000000002,0.95,1.3,1.58,1.8808,2.18,2.53,2.8076,3.13,3.46,3.77,4.1,4.38,4.7112,5.04,5.39,5.698,6.04,6.3792,6.77,7.09,7.41,7.74,8.05,8.35,8.6984,9.05400000000001,9.3896,9.82,10.18,10.54,10.89,11.18,11.54,11.8588,12.18,12.47,12.81,13.14,13.41,13.72,14.01,14.31,14.6,14.89,15.27,15.61,15.95,16.3344,16.68,17.02,17.3,17.5796,17.9352,18.2608,18.56,18.812,19.08,19.38,19.68,19.93,20.16,20.38,20.65,20.87,21.11,21.36,21.62,21.8,22.0548,22.3104,22.56,22.81,23.01,23.31,23.5884,23.88,24.14,24.4452,24.77,25.12,25.54,26.04,26.55,27.1776,28.15,28.31,28.47056,28.64,28.74264,28.9544,29.15176,29.49132,29.78088,30.5174800000003,32.28
"RO002C",-18.91,-16.01528,-14.48352,-14.03132,-13.57056,-12.5322,-11.86848,-11.56616,-11.21352,-10.97396,-10.692,-8.75,-7.6,-6.5,-5.67,-4.9164,-4.3816,-3.83,-3.3292,-2.8,-2.37,-1.95,-1.6172,-1.29,-1,-0.71,-0.424799999999998,-0.149200000000001,0.126399999999999,0.34,0.6,0.83,1.04,1.27,1.5,1.82,2.0612,2.28,2.52,2.78,3.1,3.4,3.6948,4,4.28,4.59,4.92,5.2328,5.59,5.95,6.29,6.6452,6.95,7.27,7.63,7.98,8.32,8.6688,8.9644,9.3,9.6156,9.91,10.1868,10.46,10.73,11.03,11.33,11.66,11.95,12.22,12.49,12.78,13.0728,13.3484,13.63,13.9096,14.21,14.47,14.7364,14.992,15.26,15.5,15.7388,15.95,16.21,16.42,16.6412,16.86,17.07,17.32,17.54,17.76,17.9548,18.1904,18.5,18.76,19,19.25,19.51,19.73,20.0396,20.3452,20.65,20.94,21.32,21.73,22.2932,22.9476,23.78,23.86396,24.08112,24.23,24.34056,24.5188,24.77,25.12792,25.50352,25.9130800000001,26.83
"RO003C",-16.21,-11.8676,-10.11968,-8.81132,-8.03176,-7.6864,-7.25,-6.98,-6.76056,-6.50792,-6.21,-4.6664,-3.4396,-2.6376,-2.002,-1.3964,-1.0108,-0.62,-0.26,0,0.34,0.6672,0.97,1.32,1.634,2.01,2.3504,2.6808,3.0664,3.33,3.6,3.9264,4.24,4.55,4.89,5.18,5.47,5.77,6.09,6.418,6.68,7,7.32,7.62,7.956,8.26,8.5872,8.85,9.17,9.49,9.82,10.18,10.53,10.86,11.21,11.5176,11.8432,12.15,12.44,12.74,12.99,13.25,13.53,13.86,14.12,14.4,14.6792,14.99,15.31,15.58,15.8616,16.1772,16.4628,16.81,17.06,17.33,17.59,17.88,18.15,18.43,18.71,18.96,19.1688,19.41,19.68,19.91,20.15,20.4168,20.68,20.92,21.16,21.39,21.62,21.87,22.15,22.4116,22.68,22.93,23.22,23.51,23.8196,24.19,24.57,24.99,25.46,26,26.5232,27.21,28.2144,28.35792,28.52352,28.65308,28.81056,29.0122,29.25176,29.59132,30.1,30.6366000000003,31.98
"RO004C",-18.24,-14.73572,-14.0932,-13.33792,-12.24704,-11.6922,-11.08264,-10.44616,-9.89056,-9.40396,-9.1488,-6.6488,-5.32,-4.33,-3.54,-2.79,-2.15,-1.63,-1.1196,-0.66,-0.25,0.1972,0.5928,0.94,1.25,1.6,1.9152,2.1908,2.55,2.92,3.21,3.57,3.8688,4.1344,4.44,4.75,5.06,5.3468,5.73,6.03,6.35,6.66,7.03,7.34,7.68,7.9716,8.34,8.69,9.06,9.38,9.68,10.0552,10.44,10.8264,11.21,11.56,11.86,12.1588,12.44,12.75,13.1156,13.45,13.72,14.0524,14.34,14.64,14.8892,15.2,15.52,15.86,16.23,16.62,17,17.3184,17.6,17.92,18.24,18.5708,18.85,19.12,19.37,19.65,19.92,20.21,20.46,20.7456,20.95,21.2468,21.48,21.728,21.96,22.1992,22.46,22.7004,22.94,23.2616,23.52,23.8,24.0884,24.364,24.7,25.07,25.3908,25.8564,26.27,26.76,27.3432,28.0188,28.8976,28.99188,29.1887200000001,29.39,29.55528,29.8422,30.06408,30.56,30.98088,31.5426400000001,34.07
"RO005C",-17.49,-13.91936,-12.21528,-11.22432,-10.5588,-9.9444,-9.45528,-9.03232,-8.6876,-8.53,-8.3,-6.2788,-5.0532,-3.98,-3.14,-2.56,-1.94,-1.3552,-0.9096,-0.49,-0.108399999999999,0.3272,0.69,1,1.3,1.6,1.8852,2.19,2.48,2.85,3.18,3.45,3.7,4.02,4.33,4.6656,5.02,5.33,5.6224,6,6.33,6.66,6.9448,7.3,7.606,7.91,8.28,8.63,8.9384,9.29,9.62,9.9652,10.32,10.6864,11.082,11.4076,11.78,12.12,12.41,12.7,12.98,13.26,13.54,13.86,14.17,14.48,14.84,15.17,15.56,15.88,16.21,16.5772,16.91,17.2384,17.58,17.8896,18.24,18.51,18.83,19.152,19.4476,19.68,19.94,20.2,20.49,20.78,21.05,21.3368,21.6,21.82,22.08,22.2692,22.49,22.7604,23.02,23.27,23.51,23.75,24.0484,24.29,24.57,24.87,25.18,25.54,25.942,26.38,26.8832,27.4988,28.54,28.70188,28.97056,29.17308,29.35,29.5022,29.63352,29.83264,30.19528,30.7217600000001,33.65
"RO006C",-16.32,-13.18352,-11.75792,-10.57056,-9.87232,-9.3188,-8.77528,-8.55232,-8.19112,-7.8,-7.67,-5.8276,-4.56,-3.81,-3.12,-2.48,-2.0208,-1.61,-1.18,-0.793999999999999,-0.488399999999999,-0.14,0.17,0.52,0.853999999999999,1.21,1.53,1.8608,2.2,2.502,2.76,3.05,3.33,3.6444,4,4.3156,4.6112,4.97,5.28,5.62,5.92,6.24,6.5048,6.82,7.1,7.42,7.7244,8.06,8.3384,8.66,8.97,9.34519999999999,9.68,10.0164,10.32,10.6576,10.96,11.2788,11.57,11.9,12.21,12.4512,12.73,13.03,13.328,13.5936,13.84,14.1548,14.44,14.79,15.08,15.37,15.66,15.96,16.22,16.53,16.81,17.05,17.3164,17.592,17.82,18.06,18.29,18.5144,18.72,19,19.2312,19.49,19.71,19.96,20.1936,20.43,20.68,20.92,21.176,21.45,21.7272,22.01,22.28,22.594,22.86,23.1752,23.5908,23.97,24.482,24.87,25.46,26.11,27.1644,27.27,27.47408,27.59924,27.8432000000001,28.0154,28.28352,28.53584,29.0128799999999,29.6161600000002,30.8
"RO007C",-20.96,-15.74496,-14.66616,-13.85188,-13.21992,-12.86,-12.4332,-12.01232,-11.77352,-11.47,-11.1088,-9.1088,-7.76,-6.6976,-5.822,-5.03,-4.2308,-3.58,-2.98,-2.404,-1.92,-1.51,-1.2,-0.811599999999999,-0.48,-0.2304,0.02,0.27,0.52,0.75,0.97,1.26,1.51,1.72,1.96,2.2456,2.55,2.79,3.07,3.38,3.74,4.02,4.27,4.62,4.94,5.27,5.65,5.9728,6.31,6.72,7.0996,7.49559999999999,7.8908,8.22,8.61,8.9876,9.34,9.62,9.95,10.25,10.56,10.8912,11.2268,11.5124,11.84,12.17,12.49,12.8348,13.1804,13.556,13.87,14.1872,14.51,14.77,15.144,15.45,15.71,16.01,16.27,16.522,16.78,17.0832,17.35,17.6,17.83,18.09,18.3412,18.57,18.79,19.07,19.29,19.48,19.74,19.9504,20.17,20.4016,20.69,20.97,21.25,21.534,21.83,22.1,22.36,22.65,23.04,23.47,23.92,24.6476,25.7876,25.95,26.02352,26.19616,26.33264,26.4566,26.74176,26.97,27.31176,27.9966000000002,29.96
"RO008C",-15.87,-12.27364,-9.92792,-9.05244,-8.60176,-8.0688,-7.76,-7.35308,-6.96704,-6.78772,-6.5388,-4.9288,-3.79,-2.9576,-2.312,-1.7064,-1.26,-0.9252,-0.56,-0.233999999999999,0.12,0.44,0.75,1.07,1.43,1.79,2.12,2.5,2.8,3.08,3.45,3.69,4.02,4.33,4.67,4.94,5.23,5.5668,5.8824,6.198,6.52,6.81,7.08,7.41,7.7,8.0416,8.3,8.62,8.92,9.25,9.58,9.94,10.26,10.64,10.92,11.26,11.59,11.88,12.2,12.49,12.75,13.04,13.3,13.6,13.9,14.17,14.44,14.74,15.1004,15.41,15.64,15.9072,16.23,16.56,16.834,17.07,17.34,17.6,17.89,18.162,18.43,18.66,18.87,19.13,19.41,19.63,19.85,20.12,20.3424,20.6,20.85,21.11,21.34,21.58,21.81,22.0916,22.37,22.65,22.9,23.21,23.4896,23.83,24.24,24.6764,25.16,25.6,26.2132,26.8788,27.9888,28.0798,28.21056,28.41,28.62056,28.82,29.05704,29.38264,29.62,30.0739600000002,31.25
"RO009C",-18.39,-14.71176,-13.43704,-13.02924,-12.29056,-11.9066,-11.43528,-11.13848,-10.60352,-10.29,-9.9876,-7.93,-6.9432,-5.95,-5.232,-4.52,-3.93,-3.4052,-2.98,-2.56,-2.1,-1.6728,-1.2744,-0.95,-0.57,-0.27,0.0152000000000021,0.32,0.6,0.832000000000003,1.08,1.32,1.6188,1.87,2.14,2.38,2.6012,2.86,3.11,3.43,3.74,4.02,4.2848,4.63,4.92,5.19,5.4872,5.78,6.03,6.38,6.71,7.06,7.43,7.82,8.13,8.45,8.7432,9.08,9.3844,9.67,9.9456,10.25,10.53,10.8624,11.088,11.36,11.6392,11.92,12.1604,12.48,12.77,13.06,13.3,13.56,13.88,14.1396,14.41,14.6508,14.9264,15.18,15.43,15.65,15.92,16.16,16.35,16.5956,16.83,17.04,17.27,17.47,17.67,17.89,18.15,18.38,18.6,18.82,19.06,19.3728,19.61,19.89,20.19,20.4752,20.77,21.05,21.39,21.79,22.2932,22.98,23.7844,23.91,24.01352,24.16,24.31264,24.41,24.57176,24.78132,25.1788,25.66044,26.67
"RO010C",-19.07,-16.36264,-15.28704,-14.43848,-13.7588,-13.1744,-12.49528,-12.23616,-11.6952,-11.26396,-10.8,-8.5664,-7.26,-6.19,-5.35,-4.55,-3.8808,-3.3352,-2.7896,-2.37,-1.9484,-1.52,-1.21,-0.83,-0.52,-0.26,-0.01,0.31,0.59,0.83,1.0676,1.31,1.55,1.81,2.07,2.35,2.6312,2.8868,3.18,3.5,3.78,4.0892,4.38,4.7,5,5.32,5.71,6.04,6.35,6.69,7.0396,7.4052,7.77,8.08,8.442,8.7676,9.1332,9.45,9.8944,10.15,10.45,10.77,11.0368,11.34,11.58,11.86,12.15,12.45,12.73,13.05,13.3716,13.68,13.97,14.2084,14.49,14.78,15.07,15.35,15.64,15.89,16.13,16.37,16.65,16.88,17.14,17.38,17.61,17.8268,18.04,18.28,18.5136,18.73,18.98,19.2,19.43,19.68,19.92,20.1928,20.47,20.75,21.0196,21.27,21.6,21.91,22.352,22.8,23.3,23.9276,24.8488,24.95,25.08,25.21,25.35792,25.4954,25.78408,26.01396,26.38616,27.1717600000001,28.09
"RO011C",-22.29,-18.0266,-16.20344,-15.67924,-15.18112,-14.7322,-14.51,-14.21924,-13.95408,-13.60396,-13.1764,-11.0688,-9.7164,-8.61,-7.762,-7.0064,-6.1308,-5.4252,-4.8,-4.22,-3.65,-3.2028,-2.78,-2.33,-1.976,-1.6,-1.3,-1.02,-0.713600000000001,-0.44,-0.19,0.05,0.3,0.55,0.76,1.03,1.28,1.54,1.81,2.05,2.35,2.6292,2.9,3.16,3.44,3.7516,4.06,4.41,4.77,5.13,5.45,5.78,6.16,6.51,6.88,7.2652,7.56,7.8888,8.2,8.56,8.8556,9.1512,9.43,9.77,10.11,10.45,10.8184,11.16,11.48,11.77,12.0916,12.37,12.69,13.0084,13.274,13.5696,13.8352,14.1,14.36,14.622,14.91,15.14,15.32,15.57,15.83,16.08,16.31,16.54,16.77,16.99,17.22,17.46,17.68,17.92,18.12,18.3216,18.6,18.85,19.1284,19.38,19.65,19.93,20.21,20.48,20.8,21.19,21.7332,22.3788,23.3744,23.53396,23.65352,23.8146399999999,24.06,24.2332,24.42408,24.5966,24.94176,25.78088,27.01
"RO012C",-20.89,-13.9922,-12.57608,-11.42584,-11.05056,-10.3532,-9.8628,-9.33928,-8.86704,-8.41584,-8.1688,-6.1188,-4.9632,-4.1028,-3.222,-2.45,-1.81,-1.1952,-0.7,-0.171999999999996,0.291600000000001,0.68,1.0328,1.3584,1.75,2.1096,2.4252,2.7208,3.0364,3.47,3.8,4.1032,4.39,4.71,5.05,5.38,5.71,6.02,6.37,6.698,7.0236,7.36,7.61,7.96,8.226,8.54,8.87,9.2,9.49,9.85,10.2096,10.4852,10.82,11.17,11.48,11.81,12.13,12.44,12.76,13.02,13.29,13.6012,13.9,14.17,14.44,14.78,15.05,15.42,15.74,16.06,16.37,16.7072,17.01,17.3984,17.724,18.03,18.3152,18.61,18.89,19.2,19.47,19.75,20.01,20.2444,20.49,20.75,21,21.27,21.48,21.73,22,22.22,22.4448,22.65,22.91,23.14,23.3872,23.65,23.89,24.15,24.46,24.71,25.03,25.35,25.79,26.18,26.68,27.27,28.31,28.47,28.64056,28.78308,28.92056,29.0822,29.26176,29.37132,29.73176,30.45,33.01
"RO013C",-17.91,-14.82188,-13.64224,-12.49264,-11.96176,-10.9732,-10.60792,-10.07,-9.73704,-9.4,-8.9208,-6.7964,-5.5,-4.6076,-3.642,-2.8164,-2.0508,-1.4952,-0.93,-0.45,0.01,0.3772,0.78,1.16,1.46,1.79,2.19,2.52,2.82,3.17,3.49,3.88,4.2588,4.5844,4.88,5.15,5.5412,5.8668,6.1824,6.508,6.84,7.1692,7.4748,7.8304,8.166,8.51,8.89,9.2,9.53,9.85400000000001,10.22,10.5752,10.9808,11.3164,11.6,11.92,12.24,12.5488,12.85,13.17,13.45,13.7512,14.0468,14.36,14.66,14.91,15.25,15.52,15.87,16.226,16.57,16.91,17.2328,17.58,17.9,18.19,18.54,18.7908,19.08,19.33,19.6176,19.91,20.1588,20.4044,20.64,20.8756,21.11,21.35,21.6124,21.88,22.11,22.35,22.58,22.8,23.05,23.32,23.56,23.85,24.08,24.36,24.63,24.9752,25.3108,25.67,26.08,26.55,27.08,27.66,28.6,28.75,28.87,29.14308,29.26264,29.6,29.74176,30.11264,30.67176,31.3839600000002,33.25
"RO014C",-16.29,-12.19352,-11.63,-11.03396,-10.6088,-10.0966,-9.78584,-9.36924,-9.00408,-8.76584,-8.4432,-6.6176,-5.41,-4.59,-3.76,-3.0764,-2.56,-2.06,-1.62,-1.2,-0.79,-0.4728,-0.14,0.138400000000001,0.417999999999997,0.71,1.02,1.3,1.56,1.81,2.0776,2.35,2.64,2.91,3.15,3.42,3.7112,3.98,4.22,4.49,4.8,5.11,5.34,5.63,5.886,6.2116,6.5,6.7928,7.12,7.36,7.76,8.0752,8.43,8.81,9.1,9.47,9.79,10.08,10.35,10.64,10.91,11.19,11.45,11.7724,12.05,12.33,12.62,12.9148,13.21,13.476,13.75,14.04,14.28,14.55,14.86,15.14,15.37,15.69,15.93,16.17,16.45,16.67,16.89,17.13,17.36,17.6,17.83,18.08,18.33,18.55,18.78,18.99,19.22,19.43,19.68,19.98,20.18,20.45,20.7384,21.044,21.33,21.66,21.9308,22.31,22.67,23.13,23.59,24.47,25.4244,25.51396,25.66,25.87,26.0111200000001,26.1622,26.38176,26.57132,26.91616,27.7126400000001,29.32
"RO015C",-18.15,-14.51584,-12.4632,-11.60056,-11.08232,-10.7344,-10.36528,-9.71464,-9.45352,-9.03188,-8.7144,-6.9964,-5.57,-4.6776,-3.902,-3.2564,-2.6,-2.03,-1.5196,-1.068,-0.63,-0.25,0.0927999999999997,0.398400000000002,0.68,0.94,1.2052,1.42,1.65,1.942,2.21,2.46,2.7388,3.05,3.3,3.5856,3.93,4.2,4.4924,4.81,5.1736,5.4592,5.7848,6.14,6.49,6.81,7.1172,7.47,7.84,8.174,8.51,8.88,9.2808,9.65,10.022,10.41,10.73,11.03,11.35,11.72,12.01,12.29,12.59,12.88,13.18,13.5,13.86,14.17,14.5704,14.916,15.21,15.57,15.9328,16.23,16.56,16.85,17.1652,17.49,17.7664,18.05,18.32,18.63,18.87,19.1344,19.41,19.6856,19.93,20.2,20.4324,20.65,20.86,21.08,21.3648,21.6,21.846,22.12,22.3872,22.65,22.88,23.174,23.47,23.7552,24.08,24.43,24.81,25.23,25.7332,26.3788,27.44,27.61396,27.80352,27.92308,28.12,28.3544,28.71176,29.01528,29.39088,29.8115600000008,32.21
"RO016C",-14.51,-12.40308,-11.51352,-11.03188,-10.57528,-10.0364,-9.45848,-8.92232,-8.63352,-8.27584,-8.0364,-6.0676,-4.9132,-4,-3.312,-2.6164,-2.04,-1.57,-1.12,-0.693999999999999,-0.35,-0.06,0.2128,0.458400000000001,0.7,0.93,1.22,1.44,1.6664,1.862,2.1076,2.3332,2.5988,2.77,2.99,3.2556,3.49,3.73,3.98,4.31,4.56,4.8692,5.13,5.39,5.71,6.02,6.37,6.6928,7.06,7.37400000000001,7.72,8.05,8.43,8.74,9.15,9.48,9.76,10.09,10.35,10.66,10.9456,11.2512,11.56,11.83,12.1,12.3436,12.65,12.9,13.17,13.52,13.8416,14.14,14.44,14.76,15.13,15.42,15.6852,15.96,16.18,16.44,16.67,16.93,17.22,17.46,17.69,17.9456,18.17,18.39,18.59,18.808,19.01,19.23,19.43,19.63,19.876,20.11,20.3672,20.59,20.83,21.1,21.3396,21.65,21.95,22.25,22.57,22.97,23.3732,23.94,24.8588,24.96,25.05352,25.18616,25.31264,25.5522,25.69352,25.82396,26.27352,26.92,28.39
"RO017C",-17.79,-13.13264,-12.36264,-11.2666,-10.6588,-10.1408,-9.35264,-9.03848,-8.57352,-8.33376,-8.0376,-5.9588,-4.7932,-3.73,-2.942,-2.24,-1.76,-1.2852,-0.84,-0.353999999999999,0.0716000000000008,0.5072,0.79,1.1,1.44,1.7796,2.12,2.44,2.74,3.06,3.3776,3.68,3.99,4.29,4.58,4.93,5.2712,5.56,5.89,6.16,6.43,6.73,7.03,7.32,7.59,7.9,8.25,8.56,8.87,9.22800000000001,9.54,9.83,10.14,10.4764,10.84,11.15,11.48,11.7788,12.08,12.39,12.68,12.97,13.24,13.55,13.82,14.13,14.44,14.78,15.1004,15.486,15.87,16.2,16.54,16.84,17.18,17.5096,17.8152,18.16,18.4464,18.77,19.04,19.3,19.57,19.83,20.1,20.36,20.64,20.89,21.1524,21.39,21.63,21.86,22.09,22.32,22.57,22.84,23.07,23.31,23.56,23.83,24.1096,24.38,24.6508,25,25.352,25.8276,26.3,26.9988,27.9644,28.12396,28.28,28.39616,28.58,28.7566,28.94176,29.10132,29.43088,30.13044,32.83
"RO018C",-16.55,-14.0666,-12.4544,-11.77056,-11.05176,-10.6322,-10.06264,-9.73232,-9.30704,-8.96,-8.5788,-6.6564,-5.4364,-4.66,-4.03,-3.3764,-2.8208,-2.25,-1.8896,-1.48,-1.0684,-0.75,-0.39,-0.16,0.1,0.34,0.595200000000002,0.84,1.11,1.372,1.6276,1.86,2.11,2.3444,2.59,2.83,3.0912,3.4068,3.69,3.99,4.32,4.6,4.88,5.17,5.486,5.8316,6.1372,6.41,6.72,7.06400000000001,7.4296,7.77,8.13,8.49,8.832,9.18,9.5232,9.77,10.04,10.33,10.66,10.95,11.2168,11.54,11.818,12.11,12.41,12.71,13.03,13.3,13.6316,13.9572,14.26,14.57,14.91,15.2,15.49,15.75,16,16.242,16.54,16.7832,17.0388,17.25,17.5,17.72,17.95,18.18,18.3824,18.63,18.85,19.0892,19.26,19.53,19.74,19.9516,20.17,20.42,20.64,20.884,21.16,21.4352,21.72,22.01,22.34,22.88,23.28,23.82,24.5744,24.70188,24.81,24.93308,25.16056,25.3844,25.60056,25.8066,26.10352,26.61088,28.12
"RO019C",-17.57,-14.34528,-13.27704,-12.48188,-12.02288,-11.3476,-10.5932,-9.96308,-9.52872,-9.14584,-8.89,-6.5776,-5.2764,-4.4176,-3.61,-2.86,-2.32,-1.7852,-1.32,-0.83,-0.41,0.0472000000000003,0.41,0.79,1.1,1.4296,1.73,2.05,2.3364,2.66,2.9676,3.3,3.62,3.91,4.17,4.47,4.8012,5.13,5.4424,5.78,6.08,6.42,6.78,7.1004,7.456,7.8016,8.14,8.4728,8.8,9.13400000000001,9.4996,9.8952,10.28,10.66,10.99,11.3,11.55,11.88,12.24,12.56,12.8656,13.16,13.5,13.78,14.11,14.4,14.71,15,15.32,15.62,16.01,16.36,16.7328,17.0868,17.39,17.69,18,18.26,18.55,18.83,19.0876,19.36,19.6388,19.8944,20.19,20.42,20.6512,20.9068,21.12,21.37,21.59,21.82,22.05,22.3,22.576,22.84,23.1,23.37,23.65,23.904,24.18,24.53,24.87,25.26,25.65,26.11,26.7,27.3588,28.1944,28.47,28.57,28.75,28.94264,29.06,29.42352,29.85264,30.33088,31.13,33.18
"RO020C",-20.43,-14.81528,-13.5144,-12.59132,-11.9688,-11.4988,-11.17528,-10.75924,-10.55,-10.16376,-9.9232,-7.8164,-6.5032,-5.52,-4.67,-3.88,-3.2808,-2.6452,-2.11,-1.6,-1.15,-0.7,-0.3372,-0.00159999999999854,0.29,0.55,0.79,1.05,1.33,1.61,1.95,2.1832,2.43,2.6944,3.03,3.3156,3.64,3.98,4.29,4.578,4.87,5.19,5.4948,5.82,6.196,6.54,6.88,7.2428,7.63,7.97,8.31,8.7,9.03,9.4,9.75,10.1176,10.5032,10.82,11.12,11.41,11.68,12,12.28,12.6,12.938,13.2836,13.68,14.02,14.4,14.69,15.0416,15.36,15.68,16,16.28,16.58,16.9,17.2008,17.5,17.77,18.03,18.3232,18.6088,18.86,19.14,19.41,19.69,19.94,20.17,20.398,20.62,20.84,21.08,21.29,21.54,21.8316,22.0972,22.36,22.6684,22.97,23.26,23.51,23.8208,24.1364,24.562,25.0176,25.46,26.11,27.2032,27.41188,27.57352,27.68308,27.8932000000001,28.05,28.3175999999999,28.68,29.08088,30.1523200000005,31.84
"RO021C",-22.95,-16.72508,-15.5744,-14.77132,-13.95936,-13.5188,-12.94016,-12.54924,-12.24464,-11.90584,-11.6572,-9.4988,-7.9856,-6.8676,-5.886,-5.09,-4.38,-3.69,-3.11,-2.514,-2.0168,-1.5628,-1.28,-0.89,-0.596000000000001,-0.3,-0.04,0.22,0.53,0.76,0.98,1.25,1.5288,1.7444,1.98,2.28,2.5712,2.85,3.17,3.44,3.8,4.12,4.37,4.6904,5.01,5.36,5.7072,6.1028,6.47,6.84,7.23,7.62,7.99,8.33,8.68,9.06,9.4432,9.78,10.08,10.38,10.66,10.9912,11.3268,11.63,11.97,12.29,12.64,12.96,13.3504,13.66,14.01,14.33,14.6,14.9284,15.284,15.58,15.84,16.09,16.4064,16.64,16.91,17.1732,17.46,17.7344,17.98,18.23,18.49,18.72,18.96,19.198,19.44,19.67,19.92,20.13,20.34,20.59,20.86,21.17,21.4784,21.78,22.05,22.32,22.61,22.91,23.3,23.7276,24.2332,24.88,26.03,26.21396,26.37,26.45,26.63528,26.8422,26.96528,27.30132,27.67528,28.55088,30.57
"RO022C",-21.76,-17.45616,-16.14352,-15.23792,-14.13176,-13.6132,-13.24584,-12.6154,-12.2876,-11.9498,-11.6944,-9.7188,-8.38,-7.4,-6.57,-5.8464,-5.2216,-4.67,-4.0896,-3.5,-3.0084,-2.55,-2.14,-1.7916,-1.41,-1.08,-0.79,-0.56,-0.27,0,0.257599999999998,0.54,0.778800000000001,0.99,1.23,1.45,1.6712,1.92,2.1624,2.4,2.64,2.93,3.19,3.52,3.81,4.11,4.45,4.8428,5.16,5.49,5.88,6.16,6.48,6.8464,7.22,7.58,7.9932,8.37,8.7144,9.02,9.34,9.6612,9.95,10.24,10.53,10.8,11.08,11.42,11.7,11.96,12.2432,12.58,12.8728,13.18,13.48,13.7696,14.01,14.29,14.56,14.822,15.0476,15.29,15.55,15.81,16.05,16.27,16.5,16.72,16.94,17.158,17.38,17.5992,17.82,18.0404,18.26,18.49,18.76,19.04,19.3,19.53,19.78,20.06,20.3416,20.6564,21.002,21.39,21.85,22.4688,23.34,23.44396,23.51704,23.66924,23.78528,23.93,24.1,24.34396,24.59352,25.1344000000002,26.91
"RO023C",-15.71,-10.52264,-9.00088,-8.19528,-7.3788,-7.0532,-6.74,-6.48156,-6.30056,-6.14,-5.914,-3.7176,-2.6632,-1.92,-1.312,-0.7064,-0.141599999999999,0.32,0.73,1.106,1.46,1.83,2.15,2.49,2.774,3.05,3.3952,3.7,4.01,4.31,4.6176,4.88,5.16,5.47,5.72,6.01,6.28,6.51,6.78,7.05,7.3136,7.57,7.85,8.13040000000001,8.41,8.68,8.97,9.23,9.4684,9.72,10.03,10.33,10.6208,10.94,11.22,11.54,11.85,12.16,12.5,12.8,13.1,13.3312,13.62,13.89,14.198,14.5,14.78,15.16,15.44,15.74,16.09,16.41,16.7928,17.11,17.42,17.76,18.0452,18.3308,18.59,18.89,19.19,19.52,19.7788,20.05,20.27,20.51,20.7912,21.01,21.23,21.488,21.69,21.94,22.18,22.38,22.58,22.81,23,23.23,23.4584,23.7,23.93,24.1852,24.4308,24.73,25.04,25.3676,25.85,26.46,27.2944,27.39792,27.58352,27.67,27.86,28.0222,28.23232,28.4966,28.85352,29.23088,31.71
"RO024C",-24.58,-17.43848,-15.34376,-14.09396,-13.82704,-13.2488,-12.55264,-12.14388,-11.85056,-11.5898,-11.192,-8.894,-7.4032,-6.12,-5.292,-4.5464,-3.86,-3.19,-2.5192,-2.014,-1.59,-1.2,-0.8372,-0.47,-0.11,0.14,0.41,0.66,0.91,1.21,1.44,1.7,1.9388,2.22,2.51,2.75,3.0912,3.4,3.73,4.03,4.36,4.6392,4.97,5.27,5.63,5.96,6.3472,6.77559999999999,7.16,7.51,7.88,8.22,8.6108,9.02,9.35,9.72,10.06,10.38,10.7144,11.02,11.32,11.65,11.96,12.2524,12.59,12.93,13.28,13.67,14.0004,14.31,14.65,15.03,15.3428,15.66,15.97,16.26,16.51,16.8408,17.09,17.362,17.65,17.95,18.2,18.4544,18.73,19.02,19.27,19.53,19.7724,20.008,20.27,20.4892,20.73,20.9404,21.166,21.4632,21.7572,22.07,22.3984,22.7,23.0096,23.3052,23.61,23.9464,24.352,24.78,25.3132,26.03,27.15,27.29792,27.50704,27.6554,27.84264,28.0722,28.22,28.45792,28.89056,30.0517600000001,32.87
"RO025C",-18.02,-13.77804,-12.60704,-11.45452,-10.72176,-10.2198,-9.64056,-9.41,-9.03408,-8.61,-8.5044,-6.65,-5.3532,-4.24,-3.442,-2.8,-2.1308,-1.6052,-1.12,-0.7,-0.29,0.0672000000000003,0.45,0.79,1.08,1.3896,1.68,1.98,2.2664,2.592,2.93,3.17,3.45,3.77,4.06,4.4,4.75,5.07,5.39,5.74,6.06,6.4084,6.69,7.03,7.346,7.6916,8.01,8.35,8.75,9.07,9.4,9.75519999999999,10.11,10.49,10.85,11.18,11.54,11.9288,12.21,12.5,12.77,13.07,13.4,13.69,14.01,14.32,14.6892,15.0648,15.4,15.77,16.0716,16.44,16.7628,17.1,17.44,17.75,18.09,18.4008,18.7,19.03,19.31,19.5632,19.81,20.09,20.36,20.63,20.9412,21.23,21.4724,21.7,21.93,22.14,22.4,22.64,22.936,23.1716,23.4,23.6928,23.9484,24.23,24.48,24.77,25.1008,25.46,25.852,26.33,26.83,27.52,28.4844,28.6298,28.96,29.09308,29.30264,29.4922,29.68352,29.82132,30.10088,30.7617600000001,33.54
"RO026C",-20.04,-17.50836,-15.86408,-15.17924,-14.3676,-13.8622,-13.39528,-12.93848,-12.74352,-12.4198,-12.0144,-10.31,-9.08,-8.16,-7.37,-6.7028,-6.1,-5.48,-4.87,-4.35,-3.8,-3.32,-2.89,-2.49,-2.106,-1.8,-1.49,-1.2,-0.923600000000001,-0.647999999999997,-0.372400000000002,-0.0967999999999984,0.14,0.37,0.62,0.9156,1.15,1.37,1.62,1.9,2.13,2.44,2.71,2.94,3.21,3.4416,3.76,4.01,4.37,4.674,4.93,5.33,5.7,6.08,6.47,6.8276,7.09,7.35,7.68,7.98,8.34,8.7,8.97,9.26,9.53,9.7936,10.1,10.41,10.7,11,11.3216,11.6,11.88,12.19,12.44,12.6996,12.96,13.1808,13.44,13.692,13.96,14.24,14.46,14.69,14.94,15.15,15.37,15.59,15.81,16.068,16.26,16.47,16.72,16.95,17.17,17.4,17.62,17.8828,18.12,18.38,18.68,18.98,19.32,19.66,20.05,20.43,20.9,21.5288,22.4044,22.54,22.64704,22.76616,22.89,23.0866,23.28352,23.6071599999999,24.13176,24.3622000000001,25.3
"RO027C",-17.67,-14.16044,-12.89088,-12.43264,-11.56056,-11.0122,-10.41056,-9.96308,-9.68,-9.16188,-8.6844,-6.68,-5.2664,-4.48,-3.742,-3.1364,-2.64,-2.08,-1.57,-1.15,-0.778399999999999,-0.3728,-0.03,0.23,0.493999999999999,0.73,1.01,1.3008,1.55,1.8,2.0676,2.27,2.5188,2.78,3.07,3.36,3.68,3.98,4.2924,4.61,4.94,5.2592,5.59,5.8804,6.246,6.56,6.88,7.18,7.54,7.82400000000001,8.23,8.53,8.8908,9.29,9.67,9.98,10.3,10.63,10.91,11.21,11.57,11.86,12.18,12.4724,12.75,13.0736,13.3692,13.65,13.99,14.31,14.68,15.0244,15.33,15.6684,15.984,16.28,16.62,16.8316,17.1064,17.41,17.7,17.98,18.2588,18.51,18.71,18.95,19.21,19.43,19.65,19.9,20.14,20.36,20.59,20.83,21.056,21.2616,21.53,21.7928,22.07,22.34,22.61,22.86,23.17,23.5264,23.862,24.41,24.87,25.4588,26.2188,26.32792,26.49,26.6854,26.88264,27.121,27.35352,27.5966,27.96352,28.25,29.76
"RO028C",-16.11,-13.94,-12.53176,-11.90396,-11.26056,-10.0106,-9.41,-9.21232,-9.03056,-8.85396,-8.6276,-6.4088,-5.24,-4.4876,-3.762,-3.21,-2.6608,-2.17,-1.72,-1.34,-0.968399999999999,-0.63,-0.3472,-0.09,0.18,0.48,0.76,1.03,1.28,1.55,1.8,2.0232,2.25,2.5,2.78,3.0456,3.3,3.58,3.87,4.198,4.49,4.81,5.11,5.4204,5.71,6.05,6.39,6.6728,6.98,7.35,7.72,8.07,8.46,8.8264,9.17,9.53,9.81,10.06,10.33,10.68,11,11.26,11.54,11.88,12.18,12.42,12.69,13.01,13.34,13.636,13.98,14.3,14.62,14.95,15.25,15.53,15.8352,16.1108,16.3564,16.59,16.88,17.18,17.4,17.5944,17.84,18.1,18.3212,18.55,18.75,18.98,19.19,19.4092,19.62,19.86,20.086,20.3,20.55,20.77,20.99,21.23,21.52,21.81,22.09,22.4,22.72,23.1176,23.61,24.0888,24.89,25.02,25.10352,25.26308,25.41528,25.6,25.81176,26.05188,26.44176,26.8939600000002,28.67
"RO029C",-25.38,-19.19308,-17.77792,-16.78132,-15.54056,-14.85,-14.13112,-13.73924,-13.23,-12.97188,-12.7944,-10.3888,-8.96,-7.9428,-7.03,-6.3,-5.6208,-5.08,-4.5796,-4.074,-3.5784,-3.13,-2.7644,-2.4,-2.03,-1.7204,-1.44,-1.1292,-0.86,-0.61,-0.33,-0.11,0.178800000000001,0.43,0.68,0.95,1.24,1.5,1.83,2.1,2.3736,2.6292,2.93,3.2204,3.56,3.88,4.14,4.4,4.72,5.04,5.35,5.68,6.0308,6.4,6.68,7.02,7.37,7.71,8.02,8.32,8.62,8.93,9.25,9.53,9.79,10.12,10.37,10.68,10.9304,11.22,11.4916,11.76,12.08,12.34,12.6,12.86,13.12,13.36,13.6164,13.892,14.19,14.39,14.6388,14.85,15.08,15.3,15.53,15.71,15.95,16.16,16.38,16.61,16.8348,17.03,17.25,17.51,17.79,18.0428,18.3,18.58,18.84,19.1452,19.43,19.76,20.12,20.5576,21.05,21.6888,22.5888,22.67792,22.79,22.92308,23.07,23.25,23.4488,23.59132,23.88176,24.2296800000004,25.37
"RO030C",-17.14,-13.80484,-11.6764,-10.82792,-9.98584,-9.6054,-9.24528,-9.03616,-8.65,-8.42396,-8.1764,-6.1752,-5.0732,-4.2,-3.43,-2.79,-2.32,-1.7952,-1.32,-0.883999999999999,-0.5,-0.13,0.25,0.538400000000002,0.82,1.1,1.3252,1.62,1.89,2.172,2.43,2.6932,3,3.2744,3.57,3.87,4.18,4.51,4.81,5.15,5.48,5.85,6.13,6.47,6.772,7.07,7.41,7.78,8.09,8.45400000000001,8.76,9.2152,9.58,9.95,10.26,10.62,11.03,11.33,11.67,11.98,12.2656,12.55,12.89,13.19,13.47,13.75,14.07,14.4148,14.78,15.166,15.5016,15.84,16.19,16.54,16.824,17.13,17.47,17.7808,18.06,18.392,18.73,18.94,19.19,19.4944,19.79,20.03,20.3012,20.5268,20.77,21.03,21.27,21.47,21.75,22.01,22.266,22.5,22.78,23.06,23.28,23.56,23.8996,24.19,24.52,24.8664,25.33,25.7652,26.3,26.93,27.9,28.00396,28.1646400000001,28.38,28.64264,28.781,29.16232,29.44264,29.84088,30.2779200000003,32.18
"RO031C",-22.57,-16.53528,-14.37968,-13.18564,-12.29704,-11.77,-11.36792,-10.5054,-10.05352,-9.73396,-9.3096,-6.93,-5.82,-4.97,-4.17,-3.4556,-2.8408,-2.3052,-1.7996,-1.344,-0.97,-0.5628,-0.2272,0.15,0.49,0.83,1.1352,1.46,1.7764,2.04,2.33,2.62,2.9088,3.25,3.6,3.91,4.1912,4.5568,4.8524,5.22,5.49,5.83,6.14,6.46,6.736,7.0216,7.31,7.64,7.9584,8.29,8.62,8.92,9.27,9.62,9.922,10.21,10.5732,10.9788,11.2444,11.54,11.88,12.19,12.5,12.76,13.058,13.29,13.59,13.89,14.2,14.496,14.79,15.0872,15.41,15.69,15.96,16.27,16.58,16.8316,17.11,17.4,17.6376,17.8532,18.1288,18.3944,18.64,18.85,19.0712,19.3068,19.54,19.76,19.9936,20.22,20.44,20.7,20.94,21.22,21.47,21.76,22.03,22.354,22.67,23.01,23.39,23.73,24.13,24.6276,25.21,25.87,26.9388,27.05396,27.28,27.43,27.67792,27.7944,28.02,28.21924,28.83088,29.4535200000001,30.96
"RO032C",-25.67,-18.20968,-16.38144,-15.50056,-14.0988,-13.7444,-13.26848,-12.86308,-12.65352,-12.27584,-11.9076,-9.5788,-7.9332,-6.7352,-5.66,-4.8264,-4.1908,-3.46,-2.94,-2.4,-1.92,-1.4956,-1.1172,-0.791599999999999,-0.47,-0.15,0.15,0.42,0.67,0.93,1.13,1.37,1.58,1.86,2.12,2.3956,2.67,3,3.2524,3.538,3.8736,4.18,4.52,4.8,5.08,5.45,5.81,6.13,6.54,6.89,7.2496,7.65039999999999,8.0708,8.46,8.84,9.19,9.53,9.89,10.2044,10.49,10.79,11.17,11.47,11.8,12.16,12.45,12.7992,13.17,13.49,13.856,14.2,14.51,14.84,15.13,15.48,15.75,16.0352,16.2908,16.5764,16.82,17.1276,17.36,17.62,17.86,18.08,18.35,18.62,18.8868,19.0924,19.35,19.64,19.85,20.07,20.28,20.54,20.82,21.05,21.34,21.65,21.944,22.25,22.54,22.83,23.1664,23.56,23.9552,24.57,25.1988,26.22,26.41396,26.57,26.78308,27.08,27.3266,27.58176,27.87264,28.12176,28.5614400000004,29.8
"RO033C",-18.63,-12.95056,-11.76088,-11.08132,-10.57112,-10.0322,-9.48,-8.99232,-8.48,-8.30188,-8.0432,-6.0688,-4.8432,-4,-3.264,-2.63,-2.0708,-1.67,-1.2296,-0.833999999999999,-0.51,-0.2528,-0.01,0.26,0.48,0.7596,0.995200000000002,1.2,1.4428,1.672,1.9,2.14,2.34,2.59,2.81,3.08,3.3,3.55,3.81,4.11,4.41,4.7,4.98,5.2704,5.61,5.94,6.28,6.55,6.85,7.21400000000001,7.54,7.9,8.24,8.6664,8.98,9.38,9.69,9.98,10.2744,10.56,10.83,11.08,11.43,11.7,12.01,12.28,12.57,12.84,13.14,13.47,13.7616,14.09,14.3928,14.74,15.07,15.3496,15.59,15.85,16.11,16.382,16.63,16.93,17.17,17.38,17.64,17.87,18.09,18.3468,18.54,18.75,18.96,19.19,19.4,19.62,19.81,20.0516,20.36,20.58,20.83,21.07,21.33,21.58,21.9,22.19,22.52,22.88,23.31,23.8888,24.7044,24.83792,25.01,25.13308,25.25528,25.4166,25.6611199999999,25.93056,26.45616,27.13044,28.48
"RO034C",-24.2,-18.3044,-17.05288,-15.88528,-15.3,-14.7008,-14.04528,-13.65308,-13.2376,-12.96792,-12.63,-10.5488,-8.9032,-7.76,-6.762,-5.9464,-5.28,-4.52,-3.95,-3.4,-2.94,-2.51,-2.05,-1.6416,-1.29,-1,-0.744799999999998,-0.45,-0.19,0.06,0.26,0.47,0.72,0.98,1.27,1.53,1.8,2.05,2.34,2.608,2.87,3.1392,3.41,3.72,4.026,4.32,4.7072,5.06,5.39,5.72,6.09,6.4352,6.8508,7.2264,7.61,7.93,8.2632,8.5588,8.88,9.18,9.51,9.7912,10.16,10.45,10.778,11.12,11.44,11.77,12.1204,12.44,12.78,13.04,13.3628,13.6784,13.984,14.2692,14.5,14.75,15.04,15.33,15.58,15.8,16.0288,16.2744,16.51,16.75,17.0212,17.2368,17.49,17.7,17.9436,18.19,18.43,18.64,18.89,19.12,19.3772,19.6628,19.97,20.25,20.53,20.81,21.06,21.4164,21.78,22.18,22.7,23.3788,24.38,24.49,24.66,24.82,25.09,25.2666,25.58584,25.88264,26.24088,26.67,27.89
"RO035C",-14.34,-11.42652,-10.46552,-9.55528,-9.03232,-8.4422,-8.17528,-7.96156,-7.69704,-7.47,-7.2244,-5.4688,-4.32,-3.5676,-2.9,-2.3164,-1.8,-1.38,-1.02,-0.653999999999999,-0.25,0.0472000000000003,0.37,0.64,0.89,1.1696,1.49,1.76,2.0064,2.272,2.5076,2.76,3.08,3.36,3.62,3.87,4.12,4.44,4.67,4.938,5.21,5.57,5.88,6.2,6.46,6.7816,7.12,7.4528,7.8,8.13800000000001,8.5,8.8,9.13,9.5064,9.912,10.2276,10.5532,10.83,11.15,11.41,11.7156,12.0324,12.35,12.67,12.96,13.23,13.48,13.7748,14.09,14.43,14.79,15.11,15.45,15.8,16.094,16.37,16.6552,16.97,17.27,17.57,17.8676,18.08,18.3288,18.58,18.81,19.09,19.3312,19.6,19.83,20.05,20.25,20.42,20.6548,20.94,21.186,21.4216,21.7,21.96,22.21,22.49,22.8,23.14,23.47,23.83,24.242,24.6776,25.1932,25.8176,26.57,26.71396,26.82,26.99924,27.1832000000001,27.38,27.69352,27.94396,28.29088,28.6626400000001,30.79
"SE001C",-17.67,-14.10176,-12.73256,-12.00792,-11.37056,-10.8666,-10.40528,-10.15,-9.83704,-9.54792,-9.1476,-7.5576,-6.2532,-5.3276,-4.66,-3.94,-3.35,-2.85,-2.44,-2.13,-1.84,-1.55,-1.28,-1.01,-0.76,-0.5404,-0.28,-0.08,0.13,0.34,0.51,0.73,0.908800000000001,1.09,1.29,1.45,1.64,1.84,2.01,2.2,2.39,2.5992,2.78,2.98,3.15,3.37,3.57,3.78,3.99,4.22,4.47,4.74,4.94,5.16,5.422,5.66,5.9,6.1,6.39,6.67,6.96,7.25,7.51,7.77240000000001,8.048,8.33,8.58,8.92479999999999,9.26,9.56,9.89,10.18,10.4328,10.77,11.09,11.3596,11.63,11.96,12.18,12.48,12.7,12.9932,13.28,13.54,13.79,13.99,14.2512,14.51,14.73,14.94,15.14,15.4,15.63,15.81,16.01,16.23,16.44,16.7028,16.95,17.184,17.4,17.6652,17.9408,18.2964,18.67,19.15,19.68,20.42,21.4944,21.63396,21.75704,21.8554,22.1,22.3888,22.57176,22.89396,23.30088,23.7417600000001,24.74
"SE002C",-16.26,-12.69352,-11.63144,-10.90056,-10.4576,-10.1088,-9.79792,-9.45156,-9.09704,-8.66168,-8.2776,-6.2288,-4.8832,-3.8476,-3.18,-2.64,-2.1708,-1.69,-1.2896,-0.89,-0.61,-0.3028,-0.04,0.238400000000001,0.47,0.68,0.91,1.13,1.3864,1.59,1.8376,2.0232,2.27,2.51,2.73,2.94,3.12,3.32,3.51,3.68,3.84,4.02,4.18,4.36,4.56,4.7416,4.9272,5.14,5.3484,5.53,5.74,5.9,6.09,6.33,6.59,6.8,7.02,7.26,7.53,7.77,8.03,8.34,8.62,8.91,9.178,9.48360000000001,9.76,10.02,10.35,10.61,10.8416,11.07,11.3,11.55,11.79,12.04,12.28,12.5,12.71,12.97,13.1576,13.37,13.55,13.7344,13.9,14.09,14.3,14.49,14.67,14.858,14.99,15.17,15.3348,15.55,15.73,15.94,16.15,16.37,16.6,16.88,17.15,17.4852,17.8608,18.26,18.74,19.2576,19.85,20.56,21.4332,21.58,21.69704,21.88924,22.05792,22.1754,22.39528,22.83,23.07352,23.7917600000001,25.25
"SE003C",-16.44,-9.80572,-8.77616,-8.0166,-7.2788,-6.87,-6.70264,-6.39,-6.07,-5.91396,-5.7244,-4.1088,-3.1832,-2.4276,-1.862,-1.4064,-0.990799999999999,-0.66,-0.3296,-0.01,0.27,0.53,0.78,1.06,1.31,1.61,1.8452,2.09,2.32,2.59,2.81,3.04,3.24,3.4644,3.67,3.87,4.05,4.2268,4.4,4.57,4.76,4.94,5.1248,5.33,5.5,5.7,5.89,6.1,6.3,6.47,6.63,6.79,6.97,7.18,7.402,7.65,7.9,8.17,8.4644,8.72,9.0056,9.2612,9.51,9.83,10.05,10.34,10.57,10.83,11.1,11.35,11.61,11.87,12.11,12.35,12.56,12.8096,13.05,13.23,13.46,13.69,13.88,14.07,14.26,14.43,14.65,14.84,15.03,15.2568,15.44,15.61,15.83,16.02,16.2,16.4,16.59,16.81,17.01,17.2328,17.48,17.754,17.97,18.3,18.61,18.94,19.392,19.89,20.46,21.0988,22.1976,22.43396,22.60704,22.77,22.92792,23.1222,23.2788,23.55396,24.12088,24.6435200000001,25.65
"SE004C",-16.17,-14.16408,-12.98264,-12.48,-11.85528,-11.4866,-11.04056,-10.65,-10.39352,-10.09584,-9.8588,-8.01,-6.5632,-5.6876,-4.902,-4.2564,-3.71,-3.26,-2.87,-2.424,-2.1,-1.8,-1.54,-1.26,-0.98,-0.75,-0.524799999999998,-0.25,-0.05,0.132000000000003,0.34,0.51,0.71,0.91,1.1,1.27,1.47,1.67,1.8424,2.04,2.25,2.44,2.6048,2.7804,2.95,3.15,3.37,3.5528,3.7784,4.01,4.24,4.46,4.7,4.92,5.17,5.4076,5.69,5.94,6.18,6.44,6.8,7.07,7.3468,7.64,7.958,8.28,8.57919999999999,8.85,9.14,9.41,9.69,9.99,10.29,10.51,10.79,11.04,11.3052,11.53,11.76,11.99,12.22,12.47,12.67,12.86,13.08,13.33,13.5112,13.6968,13.87,14.07,14.27,14.4592,14.66,14.9,15.106,15.33,15.61,15.87,16.12,16.43,16.68,17.07,17.41,17.8264,18.31,18.86,19.5296,20.2576,21.2132,21.35396,21.49704,21.60308,21.7558400000001,22.04,22.31176,22.69528,22.95176,23.7635200000001,24.81
"SE005C",-31.46,-22.07628,-20.9288,-19.51132,-18.88352,-18.3422,-17.86,-17.58924,-17.12704,-16.75772,-16.4832,-14.71,-13.1132,-11.9252,-10.902,-10.1364,-9.31,-8.62,-8.05,-7.624,-7.12,-6.63,-6.2,-5.73,-5.33,-4.96,-4.55,-4.24,-3.93,-3.66,-3.3224,-3.05,-2.74,-2.43,-2.17,-1.91,-1.65,-1.44,-1.18,-0.962000000000003,-0.75,-0.550799999999999,-0.37,-0.19,-0.02,0.16,0.32,0.5,0.67,0.87,1.06,1.3,1.4908,1.7064,1.93,2.1476,2.37,2.6,2.87,3.17,3.48,3.81,4.06,4.33,4.68,5.02,5.32,5.7,6.09,6.42599999999999,6.86,7.2072,7.5,7.89,8.24,8.56,8.89,9.23080000000001,9.6,9.942,10.21,10.54,10.84,11.12,11.49,11.74,12.0612,12.3,12.55,12.8,13.05,13.32,13.56,13.8004,14.04,14.27,14.5,14.7528,15,15.23,15.5196,15.84,16.18,16.5864,17.002,17.53,18.2132,18.9188,20.0344,20.14396,20.3076,20.53308,20.76056,21.0822,21.38056,21.69792,22.33352,23.2070400000003,25.58
"SE006C",-21.02,-17.4044,-15.81968,-14.60396,-14.03352,-13.581,-13.0732,-12.6054,-12.09704,-11.8596,-11.5088,-9.6988,-8.1764,-7.1076,-6.25,-5.56,-4.93,-4.3,-3.82,-3.384,-3.0984,-2.69,-2.39,-2.1,-1.86,-1.5704,-1.2848,-0.99,-0.8,-0.58,-0.38,-0.17,0.03,0.21,0.36,0.56,0.73,0.91,1.11,1.31,1.52,1.73,1.98,2.18,2.39,2.63,2.86,3.06,3.29,3.57,3.84,4.09,4.3308,4.68,4.94,5.2,5.44,5.7,5.99,6.27,6.54,6.8212,7.1268,7.46,7.78,8.10360000000001,8.44,8.71,9.0504,9.386,9.72,10.0072,10.32,10.65,10.95,11.25,11.59,11.81,12.0764,12.31,12.5776,12.9032,13.16,13.45,13.73,13.98,14.2,14.45,14.7124,14.92,15.12,15.35,15.58,15.78,16.01,16.24,16.4372,16.7,16.99,17.21,17.4996,17.81,18.1908,18.54,18.96,19.55,20.2132,21.0888,22.1044,22.25,22.43,22.55616,22.98264,23.1422,23.42,23.52924,24.34264,25.31088,26.3
"SE007C",-18.06,-16.27044,-15.1344,-13.90716,-13.56352,-12.741,-12.05376,-11.54924,-10.89704,-10.64792,-10.45,-8.3016,-6.8432,-5.73,-5.062,-4.2828,-3.7,-3.2,-2.78,-2.384,-2.01,-1.75,-1.49,-1.19,-0.92,-0.73,-0.48,-0.21,0,0.21,0.42,0.63,0.83,1.06,1.28,1.4656,1.7,1.88,2.0724,2.29,2.5,2.7,2.88,3.0904,3.3,3.51,3.73,3.9728,4.18,4.42,4.63,4.8952,5.19,5.43,5.67,5.9376,6.2132,6.43,6.7,6.98,7.3056,7.55,7.81,8.15,8.44,8.76,9.06919999999999,9.37,9.69,9.96,10.25,10.55,10.8228,11.1,11.41,11.6996,11.98,12.2108,12.47,12.72,12.9576,13.19,13.44,13.6744,13.9,14.14,14.32,14.53,14.73,14.94,15.14,15.3492,15.5548,15.77,15.986,16.2,16.45,16.69,16.92,17.22,17.5096,17.8,18.18,18.58,19.042,19.56,20.2232,21.0876,22.0344,22.15584,22.36704,22.5184799999999,22.73528,23.0422,23.37352,23.52264,23.82704,24.3962000000018,26.66
"SE008C",-20.45,-17.84308,-16.35088,-15.52,-14.45352,-13.77,-13.18264,-12.70308,-12.39,-12.04584,-11.68,-9.5276,-8.0132,-6.8676,-6.004,-5.36,-4.6508,-4.09,-3.5696,-3.13,-2.75,-2.44,-2.12,-1.8116,-1.51,-1.23,-0.98,-0.73,-0.51,-0.31,-0.1,0.12,0.32,0.504400000000001,0.7,0.88,1.07,1.2568,1.46,1.68,1.86,2.09,2.28,2.49,2.67,2.88,3.11,3.3228,3.61,3.83,4.08,4.3252,4.59,4.8764,5.11,5.3776,5.68,5.98,6.22,6.5,6.85,7.1012,7.39,7.69,8.01,8.36360000000001,8.74919999999999,9.07,9.4,9.726,10.04,10.3472,10.65,10.93,11.22,11.51,11.78,12.05,12.3264,12.582,12.8476,13.1,13.3488,13.6,13.86,14.11,14.32,14.51,14.73,14.95,15.1636,15.38,15.59,15.8004,16.006,16.21,16.44,16.71,16.96,17.21,17.5396,17.8952,18.24,18.66,19.14,19.66,20.2764,21.25,22.3944,22.48188,22.6,22.75616,23.05264,23.3122,23.62352,23.79,24.04264,24.8252800000002,26.31
"SE009C",-20.05,-16.09044,-14.49792,-13.60376,-12.80288,-12.4688,-11.50792,-11.17848,-10.88352,-10.48376,-10.23,-8.3152,-7.01,-6.0676,-5.202,-4.46,-3.85,-3.31,-2.88,-2.56,-2.2084,-1.93,-1.65,-1.39,-1.12,-0.85,-0.6,-0.35,-0.13,0.1,0.28,0.46,0.67,0.87,1.06,1.25,1.47,1.65,1.88,2.07,2.2636,2.47,2.67,2.87,3.07,3.2716,3.5172,3.75,3.97,4.24400000000001,4.48,4.76519999999999,5.02,5.2664,5.51,5.74,6.01,6.26,6.5544,6.82,7.09,7.37,7.69,7.96,8.22,8.54,8.89919999999999,9.17,9.4904,9.82,10.2,10.42,10.7228,11.06,11.37,11.6496,11.92,12.2,12.5064,12.742,12.99,13.29,13.5588,13.82,14.08,14.31,14.5612,14.8,15.0024,15.21,15.46,15.68,15.88,16.09,16.28,16.52,16.74,17.0128,17.24,17.52,17.79,18.08,18.3908,18.74,19.16,19.6576,20.2432,21.0988,22.14,22.24792,22.39352,22.55308,22.74,22.9922,23.42528,23.53396,24.20088,24.7326400000001,25.81
"SE010C",-21.74,-17.65968,-16.14968,-15.26924,-14.78056,-14.11,-13.56056,-12.78616,-12.39408,-12.10396,-11.7876,-9.57,-8.24,-7.1376,-6.132,-5.43,-4.81,-4.2452,-3.68,-3.22,-2.8384,-2.51,-2.1872,-1.9416,-1.626,-1.3604,-1.05,-0.799200000000001,-0.58,-0.38,-0.21,-0.01,0.2,0.404400000000001,0.57,0.78,0.95,1.12,1.31,1.5,1.7,1.89,2.16,2.39,2.62,2.84,3.05,3.28,3.5484,3.77400000000001,4.06,4.29,4.56,4.88,5.14,5.4076,5.71,5.9588,6.2444,6.52,6.78,7.0912,7.36,7.68,8.018,8.36360000000001,8.69,9,9.3304,9.67,9.99,10.3072,10.61,10.9,11.18,11.4796,11.75,12,12.3264,12.59,12.83,13.1132,13.38,13.6444,13.91,14.1556,14.4012,14.64,14.85,15.048,15.25,15.49,15.72,15.93,16.19,16.43,16.63,16.88,17.14,17.4,17.69,18.0352,18.36,18.7464,19.27,19.8376,20.46,21.3,22.41,22.54396,22.78704,23.00308,23.2,23.3644,23.54528,23.77716,24.49176,25.3717600000001,27.01
"SE011C",-17.01,-15.29264,-14.55264,-13.28924,-12.4052,-11.7432,-11.24584,-10.52156,-10.29056,-10.12792,-9.7176,-7.6764,-6.3364,-5.2576,-4.582,-3.88,-3.3208,-2.76,-2.36,-1.98,-1.67,-1.43,-1.1772,-0.871599999999998,-0.606000000000001,-0.4,-0.14,0.07,0.28,0.442000000000003,0.66,0.84,1.07,1.26,1.46,1.66,1.85,2.05,2.26,2.46,2.66,2.85,3.06,3.27,3.486,3.67,3.86,4.12,4.3384,4.56400000000001,4.79,5.0652,5.34,5.5564,5.83,6.06,6.33,6.58,6.8344,7.11,7.3756,7.67,7.9268,8.23,8.55,8.83360000000001,9.14,9.46,9.7404,10.05,10.37,10.66,10.94,11.1784,11.48,11.7996,12.08,12.38,12.62,12.87,13.1076,13.34,13.59,13.85,14.06,14.32,14.56,14.77,14.97,15.16,15.35,15.5592,15.77,15.9504,16.21,16.4,16.63,16.87,17.0984,17.35,17.59,17.85,18.2108,18.62,19.02,19.4476,20.0432,20.84,21.9788,22.06396,22.19352,22.31616,22.45528,22.6266,22.92176,23.26132,23.74,24.2088000000003,25.75
"SE012C",-18.8,-11.26484,-10.24,-9.47056,-8.46288,-8.1622,-7.80584,-7.58232,-7.38,-7.16792,-6.88,-4.9988,-4.0064,-3.11,-2.522,-2.05,-1.5808,-1.2,-0.84,-0.553999999999999,-0.28,0,0.2428,0.52,0.803999999999999,1.0796,1.3,1.5408,1.8064,2.012,2.29,2.5032,2.7088,2.9644,3.18,3.37,3.53,3.7268,3.91,4.09,4.3,4.5092,4.67,4.89,5.08,5.26,5.45,5.6428,5.83,6.07,6.26,6.4452,6.61,6.81,7.06,7.29,7.54,7.7788,8.04,8.3,8.62,8.8512,9.14,9.43,9.68,9.92,10.21,10.4548,10.74,10.99,11.22,11.47,11.71,11.93,12.16,12.4,12.65,12.87,13.06,13.31,13.5076,13.67,13.84,14.03,14.23,14.42,14.62,14.82,14.99,15.18,15.34,15.54,15.72,15.94,16.11,16.2816,16.53,16.78,17.05,17.28,17.61,17.88,18.1608,18.5464,18.952,19.4276,20.0632,20.7964,21.67,21.77188,21.91,22.03232,22.29056,22.5222,22.73176,23.09792,23.73352,24.4222000000001,25.31
"SE013C",-19.86,-11.88,-10.86176,-9.5166,-9.10704,-8.771,-8.24,-8.0054,-7.58352,-7.17396,-6.94,-5.2388,-4.09,-3.26,-2.69,-2.2064,-1.79,-1.39,-1.0296,-0.71,-0.4,-0.15,0.1428,0.448400000000001,0.683999999999999,0.96,1.21,1.4508,1.69,1.912,2.1776,2.4,2.6388,2.87,3.09,3.27,3.49,3.64,3.83,4.058,4.2536,4.43,4.63,4.8304,5.03,5.23,5.42,5.64,5.81,6,6.19,6.3752,6.57,6.75,6.982,7.23,7.49,7.78,8.05,8.32,8.59,8.87,9.14,9.38240000000001,9.64,9.9,10.1392,10.39,10.7,10.94,11.19,11.45,11.68,11.8884,12.148,12.39,12.6052,12.84,13.07,13.28,13.48,13.69,13.86,14.0644,14.26,14.4656,14.68,14.85,15.03,15.22,15.41,15.61,15.8,16,16.18,16.4,16.63,16.85,17.11,17.37,17.61,17.9052,18.27,18.58,18.932,19.51,20.01,20.6288,21.65,21.93792,22.15056,22.27924,22.47264,22.6444,22.87,23.04528,23.64,24.2844000000002,25.2
"SE014C",-17.03,-14.73528,-13.2888,-12.61056,-12.21176,-11.8476,-11.17264,-10.94156,-10.65704,-10.32792,-10.0964,-7.7564,-6.47,-5.5452,-4.66,-4.0428,-3.52,-3.0052,-2.61,-2.24,-1.9,-1.57,-1.31,-1.04,-0.78,-0.53,-0.28,-0.0492000000000007,0.16,0.38,0.577599999999998,0.78,0.97,1.16,1.35,1.5556,1.7712,1.9768,2.16,2.36,2.57,2.76,2.9348,3.13,3.33,3.5,3.71,3.9328,4.1884,4.38,4.62,4.81,5.05,5.29,5.52,5.74,5.98,6.22,6.5144,6.84,7.08,7.3512,7.65,7.97,8.3,8.59,8.84,9.13,9.4204,9.7,9.9016,10.1872,10.43,10.69,10.96,11.21,11.45,11.68,11.89,12.12,12.33,12.5332,12.75,12.95,13.13,13.35,13.54,13.72,13.88,14.09,14.26,14.4592,14.63,14.88,15.076,15.32,15.56,15.8228,16.07,16.38,16.7096,17.08,17.44,17.88,18.292,18.8552,19.5432,20.2888,21.16,21.24396,21.46056,21.68308,21.83792,22.0222,22.3488,22.67,23.05088,23.3930800000001,25.72
"SI001C",-15.78,-11.59264,-10.35264,-9.4966,-9.20408,-8.8066,-8.22528,-7.97232,-7.65352,-7.40188,-7.03,-5.19,-3.9296,-3.2,-2.57,-2.0864,-1.63,-1.26,-0.87,-0.483999999999999,-0.11,0.22,0.4628,0.778400000000002,1.05,1.34,1.62,1.9008,2.1464,2.41,2.67,2.92,3.26,3.49,3.74,4.02,4.32,4.56,4.84,5.08,5.38,5.67,5.96,6.24,6.51,6.77,7.0372,7.3228,7.5984,7.86400000000001,8.16,8.46,8.76,9.03,9.28,9.56,9.8332,10.12,10.38,10.62,10.9,11.16,11.4068,11.65,11.92,12.18,12.42,12.67,12.91,13.176,13.39,13.6,13.86,14.13,14.36,14.61,14.84,15.0608,15.31,15.58,15.79,16.0332,16.25,16.4944,16.74,16.94,17.17,17.4,17.65,17.89,18.15,18.39,18.63,18.89,19.16,19.46,19.72,20.0028,20.28,20.564,20.84,21.15,21.5508,21.92,22.362,22.86,23.46,24.1888,25.07,25.15396,25.30704,25.48,25.73264,25.94,26.11584,26.43,26.91264,27.2539600000002,29.04
"SI002C",-15.89,-12.47176,-11.66176,-10.81716,-10.25056,-9.7976,-9.23432,-8.74308,-8.51056,-8.29396,-8.07,-6.0264,-5.0132,-4.1052,-3.432,-2.8564,-2.39,-1.9552,-1.52,-1.17,-0.78,-0.4528,-0.13,0.18,0.46,0.7696,1.0552,1.3408,1.63,1.88,2.16,2.48,2.7876,3.1044,3.35,3.64,3.92,4.17,4.45,4.71,5.01,5.34,5.59,5.85,6.16,6.42,6.7,7.01,7.35,7.64,7.9896,8.32,8.62,8.92,9.13,9.47,9.76,10.03,10.32,10.61,10.92,11.19,11.41,11.73,12,12.27,12.53,12.82,13.09,13.3,13.54,13.78,14.02,14.25,14.5,14.75,14.9952,15.2508,15.49,15.74,15.9676,16.1932,16.43,16.7144,16.9,17.1,17.32,17.53,17.7724,18,18.2636,18.53,18.76,18.99,19.236,19.51,19.76,19.98,20.2284,20.52,20.86,21.17,21.4908,21.86,22.35,22.8,23.3732,23.9988,24.88,25.02,25.19704,25.42,25.57792,25.7622,25.95352,26.06396,26.40176,27.0917600000001,28.97
"SK001C",-17.54,-13.19144,-11.51024,-10.20132,-9.59,-9.3222,-8.82528,-8.38156,-8.21,-7.92396,-7.5632,-5.6,-4.4732,-3.6476,-3.012,-2.42,-1.8508,-1.44,-1.05,-0.67,-0.31,0.02,0.3428,0.67,1.05,1.35,1.63,1.95,2.19,2.51,2.7676,3.09,3.38,3.66,3.93,4.18,4.43,4.72,5.02,5.28,5.55,5.81,6.0748,6.37,6.66,7.03,7.34,7.6,7.8584,8.14,8.39,8.68,8.97,9.3,9.62,9.9176,10.23,10.56,10.82,11.15,11.48,11.75,12,12.33,12.61,12.91,13.2092,13.4848,13.78,14.066,14.35,14.61,14.88,15.1684,15.42,15.66,15.91,16.1808,16.44,16.66,16.91,17.14,17.3988,17.61,17.86,18.1,18.33,18.62,18.8224,19.04,19.34,19.5992,19.84,20.1,20.4,20.69,20.9772,21.26,21.55,21.9,22.23,22.5,22.87,23.26,23.77,24.36,24.95,25.7288,26.9044,27.00792,27.13352,27.34,27.52264,27.6844,27.98,28.2266,28.73232,29.31088,30.88
"SK002C",-19.2,-14.92836,-14.06264,-13.22528,-12.4064,-11.8918,-11.49,-11.1554,-10.85408,-10.36376,-10.21,-8.2664,-6.8532,-5.9952,-5.232,-4.5064,-3.9708,-3.45,-2.94,-2.514,-2.17,-1.85,-1.51,-1.2,-0.94,-0.7,-0.47,-0.26,-0.0136000000000013,0.26,0.48,0.71,0.95,1.2244,1.55,1.82,2.09,2.3368,2.68,2.95,3.2,3.45,3.78,4.08,4.39,4.68,4.99,5.3128,5.68,6.03400000000001,6.34,6.6852,7.01,7.4,7.792,8.1176,8.4332,8.71,9.06,9.44,9.8,10.1312,10.43,10.7,11.03,11.34,11.63,11.94,12.24,12.516,12.84,13.16,13.49,13.79,14.06,14.34,14.64,14.9,15.15,15.422,15.65,15.87,16.16,16.41,16.64,16.89,17.1212,17.34,17.59,17.82,18.09,18.33,18.53,18.8104,19.05,19.3416,19.64,19.92,20.2584,20.5,20.77,21.07,21.41,21.78,22.25,22.7852,23.4132,24.11,25.1944,25.47396,25.67704,25.87308,26.03056,26.29,26.56528,26.80132,26.98528,27.6622000000001,29.12
"SK003C",-21.53,-16.41132,-15.59672,-14.71,-14.04,-13.5588,-12.83848,-12.28156,-11.73168,-11.31792,-11.11,-9.4,-8.1232,-7.1676,-6.372,-5.6964,-5.0608,-4.5852,-4.07,-3.644,-3.2784,-2.9328,-2.6072,-2.29,-1.996,-1.7,-1.38,-1.16,-0.92,-0.65,-0.41,-0.14,0.08,0.28,0.48,0.71,0.95,1.16,1.41,1.66,1.92,2.19,2.41,2.67,2.94,3.24,3.5172,3.82,4.14,4.44,4.78,5.1152,5.42,5.7364,6.032,6.3476,6.61,6.9488,7.27,7.64,7.9856,8.33,8.57,8.84240000000001,9.18,9.48,9.8,10.08,10.33,10.6,10.8616,11.1,11.35,11.64,11.92,12.2096,12.48,12.72,12.94,13.19,13.45,13.65,13.87,14.11,14.33,14.5956,14.84,15.05,15.3,15.518,15.76,16.03,16.24,16.44,16.72,17.01,17.2372,17.53,17.7984,18.09,18.39,18.7052,18.98,19.3228,19.752,20.25,20.81,21.5588,22.64,22.78396,22.90704,23.12232,23.33792,23.54,23.67176,23.84264,24.09088,24.57044,25.7
"SK004C",-17.06,-13.32508,-11.00728,-10.23792,-9.65528,-9.3476,-8.9432,-8.63308,-8.30056,-7.83396,-7.6732,-5.9876,-4.7364,-3.9876,-3.29,-2.71,-2.2508,-1.73,-1.2496,-0.93,-0.58,-0.26,0.11,0.438400000000001,0.693999999999999,0.94,1.22,1.5,1.7928,2.04,2.34,2.66,2.9988,3.27,3.56,3.81,4.08,4.3968,4.67,4.968,5.24,5.5292,5.83,6.13,6.36,6.61,6.94,7.28,7.62,7.91400000000001,8.21,8.46,8.7508,9.06640000000001,9.39,9.7076,9.97,10.2988,10.58,10.87,11.1856,11.46,11.7968,12.15,12.42,12.7036,13.05,13.34,13.63,13.89,14.17,14.41,14.6628,15,15.27,15.56,15.83,16.11,16.39,16.63,16.87,17.1,17.34,17.55,17.77,18.0356,18.2812,18.5,18.79,19.028,19.2936,19.53,19.79,20.06,20.32,20.59,20.87,21.1628,21.46,21.77,22.14,22.4604,22.83,23.2464,23.68,24.24,24.9132,25.68,26.72,26.86188,27.1052000000001,27.28616,27.47,27.6522,27.98176,28.36264,28.6011199999999,29.23132,30.61
"SK005C",-20.98,-16.13012,-14.83352,-14.18792,-13.27352,-12.7954,-12.35848,-11.87848,-11.54704,-11.31188,-11.002,-8.7864,-7.45,-6.5276,-5.76,-5.03,-4.4708,-3.91,-3.47,-3.03,-2.5984,-2.1728,-1.82,-1.58,-1.326,-1.11,-0.81,-0.609200000000001,-0.38,-0.127999999999997,0.1,0.33,0.58,0.8,1.06,1.3,1.54,1.8168,2.07,2.34,2.6,2.83,3.1048,3.37,3.65,3.94,4.2072,4.5856,4.93,5.28400000000001,5.5796,5.84,6.16,6.5364,6.9,7.22,7.55,7.8188,8.1644,8.52,8.87,9.2,9.55,9.82240000000001,10.11,10.4136,10.7,10.95,11.25,11.57,11.86,12.17,12.5028,12.7784,13.03,13.3196,13.64,13.91,14.14,14.39,14.63,14.8832,15.15,15.38,15.61,15.85,16.06,16.31,16.5124,16.77,17.01,17.28,17.51,17.73,17.946,18.21,18.5,18.81,19.08,19.364,19.63,19.95,20.27,20.6464,21.14,21.5676,22.21,22.92,23.97,24.20584,24.39704,24.61,24.77528,25.0032,25.21528,25.47528,25.76176,26.4952800000002,28.13
"SK006C",-21.22,-17.60528,-16.23672,-15.44132,-14.37704,-13.5622,-13.29584,-12.96308,-12.62352,-12.31188,-11.7708,-9.59,-8.2932,-7.1776,-6.244,-5.6364,-5.08,-4.5052,-4.01,-3.564,-3.16,-2.78,-2.49,-2.1916,-1.896,-1.6,-1.32,-1.04,-0.75,-0.48,-0.25,-0.04,0.23,0.48,0.71,0.945599999999999,1.1812,1.44,1.6724,1.93,2.18,2.4092,2.69,2.91,3.146,3.4416,3.71,4.04,4.3584,4.70400000000001,5.01,5.28,5.6,5.9,6.23,6.5576,6.84,7.1688,7.52,7.8,8.18,8.47,8.82,9.09,9.4,9.69,9.99,10.2848,10.53,10.756,11.03,11.2672,11.53,11.8084,12.1,12.3696,12.64,12.87,13.1364,13.35,13.58,13.81,14.0388,14.25,14.48,14.72,14.95,15.19,15.42,15.68,15.8936,16.12,16.37,16.65,16.87,17.13,17.39,17.67,17.9684,18.234,18.6,18.91,19.19,19.55,19.99,20.4576,21.05,21.8376,23.0144,23.17,23.29704,23.47308,23.61264,23.7822,24.0888,24.32132,24.70528,25.04044,26.58
"SK007C",-17.5,-12.9932,-11.29232,-10.4,-9.76704,-9.3,-8.85584,-8.32156,-8.12,-7.89792,-7.7088,-6.054,-4.7132,-3.96,-3.19,-2.6364,-2.1508,-1.64,-1.2596,-0.89,-0.53,-0.23,0.12,0.43,0.743999999999999,1.02,1.28,1.5608,1.85,2.12,2.42,2.7632,3.05,3.3344,3.62,3.9,4.1712,4.4568,4.72,4.94,5.26,5.52,5.85,6.11,6.39,6.72,7.01,7.32,7.64,7.91,8.18,8.47,8.76,9.04,9.39,9.7,10.01,10.29,10.64,10.93,11.25,11.5412,11.8168,12.12,12.43,12.76,13.03,13.33,13.6104,13.89,14.19,14.46,14.7328,15,15.274,15.5496,15.83,16.0908,16.34,16.62,16.84,17.08,17.31,17.4944,17.75,18.0156,18.3,18.52,18.75,19.04,19.3,19.56,19.79,20.07,20.336,20.59,20.87,21.17,21.48,21.804,22.17,22.5252,22.83,23.25,23.78,24.26,24.9632,25.7088,26.912,27.11,27.22352,27.31616,27.59,27.76,27.94528,28.3571599999999,28.85088,29.3417600000001,30.47
"SK008C",-19.44,-14.3366,-13.73264,-12.91452,-12.46232,-11.781,-11.20528,-10.92308,-10.53056,-10.21,-9.834,-7.4888,-6.2232,-5.36,-4.562,-3.9164,-3.3608,-2.8952,-2.44,-2.08,-1.7,-1.4,-1.0772,-0.8,-0.58,-0.32,-0.0847999999999979,0.15,0.41,0.67,0.91,1.18,1.45,1.67,1.94,2.2356,2.53,2.84,3.07,3.3,3.58,3.83,4.08,4.3604,4.64,4.9516,5.22,5.49,5.8,6.10400000000001,6.43,6.71,7.01,7.3064,7.64,7.9476,8.2432,8.55,8.81,9.13,9.42,9.76,10.06,10.3724,10.698,10.96,11.2492,11.51,11.75,11.97,12.2916,12.55,12.84,13.1,13.4,13.67,13.9,14.16,14.37,14.622,14.86,15.09,15.27,15.51,15.76,16.01,16.22,16.47,16.7124,16.95,17.2,17.43,17.67,17.9104,18.16,18.43,18.7272,18.9828,19.26,19.534,19.88,20.23,20.57,20.91,21.36,21.81,22.4232,23.1388,24.33,24.49,24.58704,24.76924,24.93264,25.0744,25.3288,25.79792,26.12088,26.43,27.93
"UK001C",-7.33,-2.95836,-2.39352,-2.24,-1.82704,-1.58,-1.39528,-1.28308,-1.09704,-0.995839999999999,-0.8288,0.0824000000000001,0.61,1.1624,1.6,1.9936,2.3992,2.7148,3.0504,3.31,3.58,3.83,4.1328,4.38,4.644,4.8996,5.09,5.31,5.48,5.68,5.8676,6.04,6.26,6.4144,6.61,6.76,6.92,7.0568,7.24,7.41,7.57,7.7192,7.86,8.05,8.2,8.38,8.5372,8.68,8.84,9.01,9.17,9.33,9.51,9.66,9.84,10,10.17,10.32,10.5,10.66,10.82,10.98,11.16,11.33,11.53,11.73,11.9392,12.1,12.27,12.446,12.62,12.8,12.97,13.1684,13.34,13.52,13.71,13.89,14.04,14.21,14.38,14.51,14.67,14.8244,15,15.1556,15.29,15.43,15.5824,15.74,15.89,16.08,16.24,16.41,16.55,16.7416,16.94,17.11,17.33,17.53,17.74,17.98,18.24,18.51,18.84,19.25,19.7832,20.5976,21.7444,21.95,22.09352,22.35308,22.49528,22.63,22.87,23.22396,23.53176,24.0930800000001,26.96
"UK002C",-7.67,-4.05044,-3.41408,-2.9666,-2.69176,-2.3522,-2.23264,-2.07308,-1.94352,-1.70792,-1.5788,-0.67,-0.12,0.36,0.86,1.31,1.7,2,2.34,2.646,2.91,3.18,3.39,3.63,3.83,4.07,4.28,4.49,4.65,4.85,5.03,5.2,5.38,5.5644,5.74,5.9,6.11,6.25,6.44,6.62,6.77,6.91,7.09,7.24,7.39,7.5516,7.72,7.87,8.01,8.17,8.32,8.49,8.62,8.78,8.92,9.08,9.23,9.41,9.5444,9.7,9.87,10.06,10.2,10.4,10.568,10.74,10.9,11.0948,11.26,11.41,11.58,11.7672,11.92,12.09,12.26,12.46,12.6252,12.79,12.95,13.102,13.26,13.42,13.59,13.72,13.86,14,14.15,14.29,14.45,14.64,14.79,14.97,15.11,15.2604,15.44,15.62,15.81,16.01,16.19,16.394,16.61,16.87,17.12,17.37,17.73,18.24,18.73,19.45,20.5144,20.73396,20.84,21.07616,21.21,21.4466,21.72176,21.96132,22.50264,23.0217600000001,25.4
"UK003C",-8.11,-4.4332,-3.37528,-2.88792,-2.58176,-2.2944,-2.02264,-1.91,-1.79,-1.67,-1.57,-0.77,-0.14,0.35,0.808000000000001,1.1636,1.5092,1.87,2.1804,2.44,2.7216,2.9572,3.2028,3.4584,3.62,3.8396,4.03,4.24,4.44,4.602,4.78,4.95,5.1,5.33,5.48,5.62,5.76,5.91,6.0424,6.2,6.35,6.54,6.72,6.87,7.03,7.18,7.37,7.53,7.65,7.79,7.9596,8.11,8.2408,8.3964,8.53,8.6676,8.8432,9,9.16,9.33,9.48,9.63,9.8,9.98,10.16,10.35,10.49,10.64,10.83,10.98,11.14,11.31,11.49,11.65,11.82,11.9996,12.15,12.34,12.5164,12.67,12.81,12.9532,13.1188,13.23,13.36,13.5,13.67,13.8368,13.98,14.128,14.26,14.45,14.59,14.7304,14.89,15.04,15.21,15.38,15.57,15.77,15.98,16.22,16.46,16.78,17.122,17.5176,18.0232,18.7276,19.73,19.84,20.01704,20.0954,20.28264,20.4922,20.67,20.99924,21.37176,22.01088,24.78
"UK004C",-10.51,-6.19596,-4.51024,-3.58396,-3.18176,-2.8822,-2.66264,-2.43308,-2.33352,-2.19,-2.13,-1.2,-0.6832,-0.23,0.158000000000001,0.53,0.899200000000001,1.19,1.4904,1.78,2.03,2.2572,2.5028,2.69,2.92,3.12,3.33,3.49,3.65,3.83,4.01,4.17,4.28,4.43,4.6,4.76,4.97,5.14,5.31,5.48,5.61,5.77,5.9,6.06,6.22,6.36,6.5472,6.69,6.84,6.98,7.12,7.24,7.4,7.55,7.69,7.83,7.9532,8.08,8.2344,8.38,8.53,8.7,8.82,8.95,9.12,9.25360000000001,9.43,9.6,9.77,9.93,10.08,10.2,10.35,10.5,10.65,10.79,10.96,11.13,11.29,11.45,11.58,11.7,11.83,11.97,12.09,12.23,12.35,12.46,12.57,12.71,12.86,12.98,13.12,13.2804,13.436,13.58,13.7,13.8528,14.02,14.22,14.38,14.58,14.81,15.0764,15.38,15.8076,16.3,16.9188,17.7144,17.8,18.01056,18.17308,18.45528,18.7444,19.02528,19.1966,19.66616,20.08088,21.59
"UK005C",-7.73,-4.99132,-3.92616,-3.64,-3.36176,-3.0566,-2.81264,-2.62308,-2.51704,-2.3798,-2.25,-1.35,-0.85,-0.3776,0.0980000000000007,0.5,0.9,1.22,1.5104,1.77,2.04,2.26,2.53,2.76,2.97,3.17,3.35,3.55,3.74,3.92,4.09,4.27,4.43,4.6044,4.78,4.92,5.07,5.2,5.36,5.5,5.65,5.84,6.03,6.18,6.33,6.48,6.62,6.78,6.94,7.07400000000001,7.22,7.35,7.49,7.63,7.77,7.95,8.0932,8.25,8.44,8.58,8.73,8.91,9.06,9.22240000000001,9.418,9.59,9.74,9.91,10.07,10.216,10.39,10.56,10.75,10.91,11.04,11.21,11.36,11.53,11.68,11.86,12.03,12.17,12.31,12.43,12.58,12.71,12.84,13.02,13.15,13.3,13.46,13.6,13.75,13.89,14.056,14.21,14.34,14.53,14.7184,14.9,15.1,15.33,15.57,15.93,16.26,16.65,17.19,17.82,18.8388,19.04,19.18,19.3,19.48,19.6166,19.96176,20.09132,20.54264,20.9817600000001,23.49
"UK006C",-5.64,-2.52132,-1.8276,-1.35,-1.19352,-1.0222,-0.76,-0.65,-0.52704,-0.34396,-0.25,0.48,1.0668,1.6524,2.05,2.5136,2.87,3.1748,3.44,3.73,3.9716,4.22,4.47,4.6584,4.85,5.04,5.2,5.3808,5.56,5.72,5.9176,6.09,6.24,6.37,6.52,6.65,6.79,6.92,7.09,7.24,7.39,7.5292,7.66,7.83,7.98,8.12,8.26,8.38,8.52,8.64,8.7596,8.89,9.04,9.1864,9.34,9.49,9.64,9.8288,9.98,10.13,10.27,10.42,10.56,10.75,10.92,11.06,11.25,11.43,11.6,11.77,11.92,12.05,12.22,12.3784,12.54,12.72,12.86,13.02,13.18,13.322,13.46,13.6,13.74,13.86,14,14.15,14.3,14.41,14.55,14.66,14.79,14.92,15.06,15.19,15.35,15.5,15.65,15.8,15.95,16.13,16.32,16.55,16.7808,17.08,17.35,17.68,18.21,18.75,19.7244,19.86396,20.02704,20.19,20.37264,20.5522,20.70176,21.01396,21.63088,22.4326400000001,24.14
"UK007C",-10.32,-5.92968,-4.47,-3.28132,-2.75352,-2.5644,-2.33528,-2.1754,-1.97352,-1.85,-1.75,-0.8388,-0.2532,0.13,0.45,0.77,1.1,1.38,1.67,1.93,2.14,2.34,2.55,2.75,2.934,3.13,3.34,3.5,3.67,3.83,3.98,4.12,4.26,4.41,4.57,4.7,4.85,5.03,5.21,5.36,5.5,5.6592,5.8348,5.98,6.15,6.31,6.44,6.58,6.74,6.89400000000001,7.04,7.17,7.34,7.48,7.64,7.79,7.93,8.07,8.19,8.3,8.45,8.61,8.76,8.91240000000001,9.06,9.21,9.42,9.58,9.73,9.89599999999999,10.0616,10.22,10.37,10.51,10.65,10.79,10.94,11.09,11.25,11.402,11.55,11.69,11.8688,12,12.13,12.28,12.39,12.51,12.65,12.77,12.9,13.06,13.19,13.34,13.46,13.6316,13.8,13.96,14.13,14.31,14.47,14.66,14.87,15.1564,15.43,15.8276,16.27,16.864,17.75,17.87792,17.97352,18.1354,18.33056,18.4544,18.68176,18.96056,19.3544,19.8332000000005,21.7
"UK008C",-9.17,-4.12352,-3.38352,-2.82528,-2.53176,-2.17,-2.03056,-1.86308,-1.74352,-1.64396,-1.52,-0.6888,-0.14,0.3624,0.79,1.2436,1.6692,2.0148,2.36,2.62,2.89,3.1572,3.4,3.62,3.824,4.0196,4.21,4.41,4.59,4.79,4.97,5.16,5.3288,5.5044,5.68,5.81,5.9512,6.1,6.26,6.4,6.61,6.75,6.92,7.06,7.22,7.39,7.54,7.68,7.8384,7.96400000000001,8.1,8.25,8.4008,8.53,8.7,8.8576,9.0032,9.18,9.36,9.53,9.67,9.84,10,10.17,10.37,10.54,10.71,10.87,11.02,11.16,11.31,11.47,11.66,11.8184,11.97,12.13,12.3,12.45,12.61,12.77,12.94,13.07,13.22,13.34,13.48,13.64,13.7712,13.92,14.06,14.18,14.33,14.5,14.64,14.8,14.95,15.08,15.26,15.4128,15.62,15.8,16.0096,16.24,16.52,16.8464,17.192,17.61,18.18,18.8288,20.0044,20.13396,20.28408,20.42616,20.57792,20.83,21.02056,21.38528,21.80264,22.4413200000001,24.47
"UK009C",-8,-3.2044,-2.40704,-1.93264,-1.62176,-1.3544,-1.18264,-1.01308,-0.64352,-0.54396,-0.39,0.4512,1.03,1.6224,2.08,2.52,2.92,3.2748,3.61,3.91,4.2416,4.51,4.72,4.96,5.18,5.37,5.5352,5.7,5.8764,6.03,6.19,6.35,6.5288,6.69,6.86,7.02,7.17,7.33,7.46,7.608,7.74,7.87,7.99,8.12,8.26,8.39,8.51,8.63,8.7484,8.86,9.01,9.14,9.28,9.39,9.512,9.66,9.82,9.96,10.11,10.3,10.43,10.61,10.75,10.94,11.08,11.28,11.46,11.64,11.83,12,12.1616,12.33,12.5,12.6784,12.82,12.9696,13.13,13.28,13.44,13.58,13.73,13.86,13.99,14.1144,14.24,14.37,14.52,14.65,14.78,14.89,15.01,15.17,15.31,15.46,15.58,15.73,15.8772,16.04,16.21,16.38,16.55,16.74,17,17.25,17.582,17.85,18.2532,18.9152,20.03,20.20396,20.32352,20.48308,20.70792,21.0088,21.30584,21.78924,22.27176,22.7222000000001,24.36
"UK010C",-8.42,-4.86044,-3.63,-3.28528,-3.02352,-2.8644,-2.68264,-2.38,-2.29,-2.18,-2.0644,-1.1688,-0.57,-0.06,0.36,0.76,1.13,1.51,1.78,2.05,2.2916,2.55,2.82,3,3.23,3.4,3.58,3.8,3.99,4.18,4.36,4.5,4.68,4.85,5,5.17,5.32,5.4768,5.6,5.78,5.97,6.12,6.3,6.4604,6.63,6.78,6.96,7.11,7.27,7.39,7.52,7.6652,7.8,7.97,8.13,8.32,8.49,8.64,8.8,8.95,9.1056,9.2412,9.4,9.58240000000001,9.76,9.96,10.1292,10.3,10.44,10.59,10.76,10.97,11.13,11.28,11.45,11.59,11.7752,11.93,12.11,12.28,12.45,12.6132,12.7488,12.86,13.01,13.15,13.2912,13.45,13.6024,13.75,13.92,14.05,14.23,14.38,14.54,14.7,14.86,15.07,15.25,15.444,15.68,15.9152,16.1808,16.4864,16.802,17.27,17.81,18.4688,19.5544,19.66792,19.85352,19.94616,20.12,20.2766,20.51,20.80528,21.26264,21.5122000000001,24.53
"UK011C",-6.25,-3.51792,-2.97088,-2.35264,-2.03352,-1.7744,-1.54264,-1.35924,-1.25,-1.01792,-0.88,-0.0388,0.62,1.11,1.66,2.0836,2.48,2.81,3.14,3.47,3.78,4.0672,4.29,4.5184,4.72,4.93,5.1552,5.34,5.5364,5.692,5.89,6.08,6.25,6.43,6.58,6.76,6.92,7.11,7.2924,7.44,7.6,7.74,7.8848,8.02,8.16,8.31,8.46,8.6,8.73,8.86,9,9.13,9.27,9.43,9.57,9.7,9.85,9.9988,10.15,10.33,10.4556,10.62,10.81,10.9824,11.18,11.3636,11.53,11.72,11.87,12.03,12.21,12.36,12.53,12.71,12.87,13.06,13.2,13.37,13.53,13.68,13.8376,13.99,14.13,14.27,14.41,14.54,14.6712,14.81,14.95,15.098,15.23,15.39,15.54,15.66,15.826,15.9716,16.16,16.34,16.5,16.71,16.91,17.1252,17.38,17.66,17.98,18.33,18.7,19.45,20.62,20.78,20.88352,21.05308,21.32792,21.5822,21.9488,22.37528,22.94352,23.50044,25.07
"UK012C",-5.84,-1.62044,-0.84264,-0.20132,0.08,0.3456,0.52736,0.65692,0.75,0.82,0.92,1.6,2.0368,2.3524,2.66,2.96,3.2,3.42,3.65,3.86,4.05,4.21,4.36,4.56,4.73,4.9,5.05,5.19,5.34,5.482,5.62,5.75,5.88,6.01,6.14,6.2756,6.39,6.51,6.64,6.75,6.8736,7.02,7.1548,7.29,7.42,7.55,7.7,7.83,7.99,8.15400000000001,8.26,8.4,8.5208,8.65,8.8,8.93,9.04,9.18,9.3,9.43,9.55,9.69,9.83,9.99240000000001,10.14,10.2536,10.38,10.5248,10.68,10.83,10.97,11.11,11.27,11.41,11.55,11.68,11.83,11.97,12.09,12.21,12.32,12.4432,12.5688,12.69,12.8,12.9256,13.04,13.16,13.26,13.378,13.4836,13.61,13.74,13.87,14.01,14.1316,14.27,14.4,14.5384,14.7,14.8896,15.0752,15.26,15.47,15.71,16.0076,16.33,16.79,17.54,17.68,17.76352,17.85308,17.97264,18.0822,18.20352,18.58132,18.87088,19.4117600000001,20.15
"UK013C",-6.67,-3.85044,-2.86264,-2.18924,-1.8188,-1.4688,-1.24056,-1.12308,-0.98704,-0.86396,-0.71,0.11,0.6168,1.02,1.34,1.6536,1.9692,2.2748,2.52,2.776,3.0016,3.1972,3.39,3.57,3.774,3.97,4.14,4.33,4.5,4.7,4.8676,5.01,5.14,5.27,5.39,5.5356,5.68,5.81,5.97,6.11,6.28,6.45,6.59,6.77,6.89,7.03,7.1772,7.34,7.48,7.61,7.7796,7.93,8.09,8.25,8.4,8.54,8.6732,8.83,8.97,9.13,9.27,9.43,9.5768,9.73,9.9,10.0736,10.2492,10.42,10.57,10.74,10.8716,11.04,11.19,11.33,11.494,11.63,11.8,11.95,12.1364,12.28,12.45,12.61,12.74,12.87,13.02,13.18,13.33,13.49,13.61,13.74,13.9,14.05,14.2,14.37,14.52,14.66,14.82,15.01,15.2,15.4,15.61,15.84,16.08,16.3664,16.642,17.0076,17.46,17.97,18.9644,19.07396,19.14,19.31308,19.40264,19.5322,19.77352,20.22264,20.45264,20.86088,24.22
"UK014C",-8.08,-4.07,-3.44264,-3.10264,-2.81,-2.5066,-2.27264,-2.11308,-1.92408,-1.79396,-1.68,-0.6788,-0.0431999999999999,0.45,0.978000000000001,1.39,1.7692,2.12,2.4,2.736,3.0116,3.25,3.49,3.69,3.92,4.1696,4.36,4.59,4.78,4.94,5.12,5.2832,5.48,5.66,5.85,6.02,6.1912,6.34,6.53,6.7,6.85,6.99,7.15,7.31,7.47,7.6516,7.81,7.96,8.12,8.27,8.41,8.57,8.71,8.8664,9.05,9.21,9.39,9.57,9.72,9.9,10.07,10.23,10.37,10.52,10.72,10.9036,11.0792,11.26,11.4304,11.57,11.7516,11.95,12.1028,12.28,12.47,12.65,12.82,12.97,13.15,13.33,13.49,13.64,13.79,13.95,14.11,14.25,14.4,14.56,14.71,14.87,15.04,15.2,15.37,15.54,15.7,15.87,16.06,16.23,16.46,16.68,16.9096,17.15,17.42,17.71,18.1,18.6052,19.1032,19.82,20.9644,21.05792,21.22704,21.41308,21.6,21.8322,22.06528,22.40528,22.61352,23.2548400000002,25.49
"UK015C",-6,-2.06044,-1.56088,-0.94924,-0.68528,-0.521,-0.35,-0.20616,-0.00352000000000004,0.0760400000000001,0.16,0.76,1.22,1.61,1.898,2.19,2.3992,2.63,2.83,2.99,3.1616,3.34,3.51,3.69,3.83,3.99,4.14,4.29,4.42,4.55,4.68,4.83,4.96,5.06,5.18,5.32,5.44,5.55,5.67,5.79,5.91,6.04,6.16,6.28,6.41,6.54,6.6772,6.8,6.95,7.05,7.2,7.35,7.48,7.6,7.742,7.88,8.01,8.13,8.28,8.43,8.56560000000001,8.69,8.8168,8.94,9.09,9.23,9.37,9.51,9.66,9.79,9.92,10.07,10.22,10.37,10.51,10.64,10.79,10.92,11.06,11.17,11.31,11.44,11.55,11.6744,11.81,11.93,12.0512,12.17,12.32,12.45,12.59,12.72,12.85,12.98,13.09,13.23,13.38,13.52,13.64,13.78,13.92,14.11,14.31,14.53,14.782,15.04,15.4,15.78,16.4044,16.56396,16.63704,16.68616,16.85264,16.9732,17.26176,17.43264,17.63088,17.89088,19.12
"UK016C",-7.45,-3.72,-3.03528,-2.51792,-2.20176,-2.0044,-1.79528,-1.5054,-1.39704,-1.25396,-1.1044,-0.1276,0.4268,0.97,1.37,1.79,2.19,2.5048,2.79,3.146,3.42,3.7,3.94,4.2,4.46,4.67,4.92,5.09,5.2864,5.51,5.68,5.87,6.0488,6.23,6.4,6.5556,6.72,6.89,7.02,7.2,7.3636,7.54,7.72,7.88,8.02,8.1816,8.37,8.52,8.67,8.85,9.01,9.17,9.34,9.5064,9.68,9.83,9.9932,10.16,10.36,10.52,10.69,10.8712,11.06,11.25,11.4,11.5936,11.75,11.95,12.13,12.316,12.49,12.64,12.82,13.02,13.18,13.37,13.56,13.74,13.91,14.07,14.23,14.38,14.54,14.69,14.85,15.01,15.16,15.3,15.46,15.62,15.8,15.9692,16.16,16.35,16.52,16.7,16.9,17.1,17.29,17.5,17.76,18.02,18.3,18.58,18.94,19.4,20,20.7076,21.6688,21.87188,22.0376,22.28616,22.49792,22.7766,23.01352,23.22264,23.5344,24.2535200000001,26.68
"UK017C",-8.86,-3.11,-2.3344,-1.83,-1.33,-0.9554,-0.76264,-0.64,-0.45,-0.34792,-0.2244,0.87,1.4668,2.0924,2.56,2.9836,3.4192,3.75,4.08,4.36,4.65,4.9172,5.1628,5.4,5.58,5.7896,5.96,6.15,6.33,6.48,6.62,6.81,6.95,7.08,7.23,7.37,7.5212,7.67,7.83,7.98,8.11,8.2192,8.36,8.5,8.64,8.76,8.88,9,9.14,9.27,9.4096,9.52,9.65,9.77,9.91,10.04,10.18,10.31,10.46,10.6,10.75,10.9,11.09,11.25,11.42,11.5836,11.76,11.95,12.1104,12.276,12.47,12.6,12.75,12.9,13.06,13.22,13.39,13.53,13.67,13.8,13.94,14.09,14.2088,14.34,14.46,14.58,14.71,14.83,14.97,15.11,15.23,15.3692,15.4748,15.62,15.75,15.89,16.06,16.23,16.39,16.58,16.77,16.9552,17.18,17.39,17.62,17.95,18.3232,18.87,19.8932,20.07,20.24704,20.43308,20.66528,20.9822,21.35,21.51132,21.90704,22.3974800000003,23.92
"UK018C",-11.31,-3.77572,-3.05584,-2.52264,-2.29,-2.031,-1.83792,-1.62308,-1.44704,-1.34396,-1.2344,-0.2588,0.3668,0.86,1.288,1.61,2.03,2.3548,2.7204,2.986,3.26,3.4572,3.69,3.9,4.1,4.3296,4.56,4.75,4.95,5.16,5.32,5.49,5.67,5.87,6.04,6.22,6.38,6.52,6.69,6.83,6.9836,7.17,7.33,7.4704,7.64,7.82,7.9972,8.16,8.32,8.48,8.63,8.78,8.95,9.12,9.28,9.47,9.63,9.78,9.97,10.16,10.32,10.4812,10.6468,10.81,10.99,11.14,11.34,11.53,11.71,11.86,12.0216,12.2,12.37,12.57,12.77,12.93,13.08,13.25,13.41,13.59,13.74,13.89,14.05,14.19,14.37,14.52,14.6512,14.79,14.97,15.13,15.31,15.45,15.64,15.7804,15.966,16.15,16.32,16.47,16.6784,16.914,17.14,17.42,17.7,18.04,18.412,18.86,19.3732,20.12,20.9876,21.19396,21.30352,21.46,21.68792,21.8588,22.05528,22.49264,22.66,23.4630800000001,25.63
"UK019C",-6.84,-2.69044,-2.24176,-1.93264,-1.68704,-1.47,-1.17056,-1.04308,-0.94352,-0.83,-0.6544,0.18,0.74,1.32,1.728,2.13,2.52,2.85,3.19,3.456,3.67,3.97,4.2,4.48,4.72,4.96,5.17,5.41,5.5964,5.77,5.94,6.11,6.2988,6.4644,6.66,6.79,6.95,7.12,7.25,7.458,7.59,7.75,7.9,8.06,8.24,8.42,8.5572,8.72,8.87,9.03,9.19,9.36,9.53,9.68,9.88,10.03,10.19,10.35,10.5444,10.69,10.85,11.01,11.19,11.39,11.59,11.79,11.99,12.15,12.3404,12.51,12.6616,12.84,13.02,13.21,13.39,13.5696,13.73,13.93,14.08,14.25,14.42,14.59,14.72,14.86,15,15.15,15.3,15.46,15.59,15.75,15.91,16.07,16.24,16.4204,16.576,16.76,16.9572,17.15,17.34,17.554,17.76,17.97,18.23,18.49,18.802,19.26,19.7632,20.4288,21.5576,21.77396,22.00704,22.11616,22.28056,22.5822,22.76,23.06132,23.3744,23.9992400000004,26.81
"UK020C",-8.35,-3.68044,-3.08704,-2.80264,-2.41352,-2.2266,-1.92264,-1.78308,-1.62704,-1.52396,-1.4244,-0.44,0.11,0.6824,1.08,1.51,1.8592,2.25,2.53,2.82,3.11,3.36,3.61,3.85,4.13,4.37,4.5652,4.78,4.96,5.2,5.35,5.54,5.71,5.91,6.1,6.25,6.42,6.57,6.72,6.89,7.06,7.23,7.39,7.54,7.71,7.88,8.04,8.21,8.35,8.54,8.68,8.84,9.02,9.18,9.36,9.52,9.67,9.85,10.03,10.18,10.33,10.5,10.6968,10.86,11.04,11.23,11.4492,11.61,11.77,11.96,12.12,12.3072,12.4828,12.65,12.84,13.02,13.2152,13.39,13.5464,13.712,13.89,14.04,14.2,14.3544,14.49,14.65,14.8,14.96,15.13,15.28,15.44,15.61,15.79,15.95,16.12,16.3,16.5,16.69,16.9084,17.104,17.38,17.64,17.86,18.2,18.522,18.9576,19.51,20.29,21.39,21.63396,21.86704,22.03308,22.15264,22.3444,22.64176,22.97264,23.18264,23.8988000000003,26.51
"UK021C",-7.49,-4.97176,-3.88528,-3.14396,-2.71704,-2.41,-2.21792,-2.08308,-1.96,-1.80396,-1.7088,-0.82,-0.2032,0.32,0.73,1.2036,1.5892,1.9248,2.2104,2.496,2.78,3.0172,3.2528,3.5,3.704,3.9,4.09,4.25,4.45,4.61,4.78,4.98,5.17,5.34,5.51,5.68,5.83,5.98,6.16,6.32,6.49,6.66,6.81,6.97,7.11,7.28,7.43,7.57,7.69,7.83,7.96,8.1,8.22,8.37,8.52,8.68,8.8232,8.97,9.12,9.26,9.44,9.6,9.76,9.9,10.07,10.27,10.44,10.61,10.78,10.95,11.09,11.26,11.42,11.58,11.734,11.88,12.05,12.21,12.36,12.51,12.66,12.8,12.95,13.0844,13.23,13.38,13.54,13.65,13.8,13.94,14.0736,14.21,14.37,14.51,14.69,14.86,15.03,15.1728,15.33,15.534,15.7496,15.97,16.2008,16.49,16.83,17.23,17.7332,18.3676,19.3,19.37,19.60408,19.75,19.98,20.091,20.30176,20.52132,21.1093599999999,21.9022000000001,24.31
"UK022C",-5.6,-2.2844,-1.85088,-1.30528,-0.9,-0.6222,-0.45,-0.3054,-0.18352,-0.0439599999999999,0.06,0.8712,1.48,1.97,2.43,2.8336,3.2292,3.59,3.92,4.17,4.44,4.74,5.02,5.23,5.44,5.6496,5.8452,6.03,6.19,6.37,6.57,6.76,6.9388,7.1,7.26,7.3956,7.55,7.68,7.81,7.96,8.14,8.29,8.43,8.5604,8.716,8.84,8.96,9.13,9.27,9.4,9.53,9.66,9.8,9.97,10.102,10.2576,10.4,10.56,10.7,10.87,11.06,11.2312,11.39,11.56,11.73,11.93,12.11,12.29,12.48,12.67,12.8316,13.01,13.16,13.33,13.5,13.67,13.84,14.0108,14.15,14.312,14.48,14.61,14.76,14.9,15.04,15.17,15.31,15.45,15.58,15.7,15.85,16.02,16.12,16.28,16.42,16.58,16.72,16.89,17.06,17.22,17.42,17.63,17.87,18.08,18.35,18.72,19.25,19.93,20.89,20.98,21.17408,21.3684799999999,21.72792,21.92,22.13528,22.3932,22.80528,23.77044,25.07
"UK023C",-7.48,-3.68056,-3.25176,-2.72,-2.51352,-2.2076,-1.9,-1.71308,-1.52,-1.40396,-1.2776,-0.3776,0.2268,0.7824,1.27,1.69,2.1,2.44,2.79,3.08,3.42,3.65,3.9028,4.1184,4.35,4.57,4.79,5.01,5.1964,5.37,5.57,5.74,5.92,6.09,6.24,6.45,6.61,6.79,6.9424,7.13,7.29,7.45,7.6048,7.7604,7.91,8.07,8.23,8.37,8.52,8.684,8.83,8.98,9.14,9.2864,9.412,9.57,9.72,9.86,10.01,10.18,10.34,10.51,10.71,10.89,11.05,11.21,11.3992,11.56,11.75,11.91,12.1,12.26,12.41,12.59,12.77,12.95,13.12,13.29,13.45,13.62,13.77,13.92,14.08,14.25,14.35,14.5,14.65,14.79,14.9324,15.12,15.29,15.4492,15.59,15.76,15.93,16.11,16.28,16.4628,16.65,16.864,17.09,17.33,17.6,17.83,18.21,18.58,19.12,19.78,20.9376,21.10396,21.24352,21.45308,21.58264,21.7388,22.14352,22.47132,22.89704,23.5423200000005,25.61
"UK024C",-7.91,-4.06132,-3.39088,-2.93264,-2.62352,-2.3466,-2.23528,-1.98308,-1.79,-1.63188,-1.5076,-0.5588,-0.0231999999999999,0.49,1.02,1.49,1.85,2.15,2.4604,2.786,3.0716,3.33,3.5828,3.8,4.01,4.23,4.45,4.68,4.8664,5.05,5.2,5.37,5.58,5.75,5.91,6.07,6.29,6.46,6.62,6.79,6.96,7.11,7.24,7.4,7.576,7.72,7.88,8.05,8.2,8.35,8.5,8.67,8.81,8.9864,9.11,9.27,9.4432,9.61,9.78,9.94,10.11,10.28,10.43,10.6,10.79,10.9536,11.13,11.32,11.48,11.64,11.83,12,12.15,12.31,12.5,12.69,12.85,13.01,13.19,13.35,13.52,13.69,13.86,14,14.14,14.27,14.41,14.57,14.73,14.9,15.07,15.2392,15.39,15.57,15.72,15.88,16.06,16.3,16.49,16.684,16.9,17.1652,17.4208,17.69,18.06,18.54,19.0332,19.81,20.9544,21.09396,21.28352,21.47616,21.63056,21.8344,22.12528,22.35132,22.77704,23.3344000000002,25.59
"UK025C",-7.59,-2.62264,-1.66968,-1.20264,-1.03352,-0.7888,-0.61,-0.45308,-0.33056,-0.22,-0.1,0.6512,1.1768,1.59,1.97,2.32,2.6292,2.93,3.18,3.39,3.63,3.83,4.03,4.25,4.44,4.62,4.82,4.98,5.16,5.292,5.43,5.6,5.79,5.97,6.1,6.26,6.4,6.55,6.68,6.82,6.96,7.12,7.24,7.39,7.57,7.73,7.89,8.04,8.2084,8.35400000000001,8.52,8.65,8.82,8.9664,9.13,9.2976,9.4532,9.66,9.82,9.97,10.1356,10.29,10.43,10.6,10.78,10.96,11.1192,11.29,11.4304,11.596,11.78,11.93,12.08,12.26,12.444,12.62,12.76,12.93,13.09,13.24,13.39,13.53,13.68,13.81,13.97,14.1,14.22,14.36,14.53,14.69,14.8436,14.9792,15.14,15.29,15.466,15.6616,15.8,15.9828,16.15,16.35,16.6,16.84,17.1,17.38,17.69,18.0876,18.48,19.0488,19.8688,20.02,20.15352,20.31616,20.46264,20.6122,20.70176,20.93924,21.40176,22.04,24.17
"UK026C",-7.47,-4.50836,-3.32792,-2.95,-2.5988,-2.44,-2.29528,-2.18,-2.03,-1.93,-1.8388,-0.8488,-0.3132,0.1824,0.568000000000001,1.0736,1.4592,1.78,2.08,2.346,2.5916,2.84,3.08,3.31,3.514,3.71,3.94,4.1108,4.28,4.48,4.66,4.84,5.01,5.2144,5.37,5.54,5.7,5.84,6.01,6.17,6.33,6.52,6.68,6.85,6.99,7.15,7.3,7.45,7.59,7.74,7.9,8.05,8.19,8.32,8.46,8.62,8.79,8.98,9.13,9.28,9.43,9.59,9.77,9.95,10.118,10.28,10.46,10.6348,10.78,10.96,11.13,11.28,11.44,11.61,11.77,11.93,12.08,12.26,12.4164,12.56,12.71,12.87,13.02,13.16,13.31,13.46,13.62,13.76,13.9,14.06,14.2,14.33,14.5,14.65,14.8,14.98,15.15,15.35,15.53,15.73,15.93,16.17,16.48,16.72,17.05,17.5476,18.12,18.7576,19.88,19.99792,20.10352,20.29,20.58264,20.75,20.92176,21.20924,21.53528,22.53044,24.98
"UK027C",-7.2,-3.95352,-3.3144,-2.73792,-2.55176,-2.3544,-2.1,-1.98,-1.87352,-1.68,-1.5544,-0.66,-0.07,0.42,0.89,1.35,1.75,2.09,2.4,2.696,2.9516,3.22,3.44,3.68,3.91,4.12,4.32,4.52,4.69,4.88,5.0776,5.24,5.43,5.64,5.8,5.96,6.14,6.28,6.46,6.64,6.79,6.95,7.11,7.28,7.44,7.59,7.73,7.91,8.0384,8.18,8.34,8.5,8.65,8.78,8.94,9.1,9.24,9.41,9.56,9.71,9.87,10.06,10.23,10.41,10.578,10.73,10.89,11.0848,11.26,11.42,11.5816,11.74,11.91,12.09,12.26,12.42,12.61,12.78,12.94,13.07,13.24,13.4,13.55,13.69,13.82,13.97,14.13,14.27,14.43,14.59,14.75,14.9,15.04,15.24,15.386,15.58,15.75,15.93,16.11,16.34,16.54,16.7752,17.04,17.27,17.64,18.13,18.68,19.31,20.39,20.48792,20.66352,20.91,21.07056,21.3322,21.50232,21.76264,22.33704,22.92,25.58
"UK028C",-9.41,-3.84088,-3.24528,-2.95,-2.76,-2.46,-2.16792,-1.99308,-1.88352,-1.73396,-1.62,-0.56,0.0568000000000001,0.55,1.018,1.39,1.7992,2.18,2.47,2.79,3.0116,3.2772,3.52,3.73,3.95,4.15,4.37,4.58,4.78,4.962,5.14,5.32,5.49,5.67,5.84,6.02,6.19,6.34,6.5224,6.67,6.84,6.99,7.13,7.3,7.47,7.66,7.83,7.96,8.09,8.26,8.41,8.55,8.72,8.88,9.03,9.22,9.38,9.56,9.71,9.89,10.0656,10.21,10.37,10.52,10.688,10.9,11.09,11.2348,11.43,11.58,11.74,11.92,12.09,12.29,12.49,12.65,12.81,12.96,13.14,13.31,13.47,13.64,13.78,13.93,14.08,14.23,14.38,14.54,14.6924,14.86,15.01,15.16,15.31,15.49,15.66,15.8316,16.02,16.2,16.4,16.62,16.8596,17.1052,17.38,17.6564,18.06,18.5576,19.05,19.7164,20.8488,20.92396,21.10704,21.28,21.45056,21.6122,21.94176,22.18264,22.56264,22.8130800000001,25.48
"UK029C",-5.51,-2.63132,-1.73232,-1.32264,-1.15528,-0.9222,-0.73264,-0.59924,-0.35352,-0.28396,-0.17,0.5812,1.15,1.74,2.11,2.59,2.93,3.2348,3.48,3.786,4.02,4.26,4.48,4.68,4.88,5.03,5.23,5.4108,5.57,5.75,5.91,6.09,6.25,6.37,6.52,6.67,6.8,6.94,7.08,7.248,7.39,7.5392,7.6848,7.82,7.976,8.12,8.26,8.39,8.52,8.65,8.78,8.89,9.05,9.17,9.33,9.49,9.64,9.8,9.97,10.11,10.2656,10.41,10.57,10.74,10.9,11.05,11.2292,11.42,11.59,11.76,11.89,12.0372,12.2,12.38,12.53,12.71,12.86,13.0108,13.17,13.32,13.46,13.59,13.73,13.86,14,14.13,14.29,14.4068,14.53,14.66,14.78,14.92,15.04,15.1704,15.34,15.49,15.6372,15.8,15.96,16.13,16.33,16.54,16.8008,17.09,17.35,17.6676,18.1764,18.71,19.63,19.79792,19.93352,20.12,20.33792,20.4922,20.72,20.9932,21.65,22.49044,24.32
"UK030C",-6.35,-3.83044,-3.08176,-2.50132,-2.22176,-1.8922,-1.73528,-1.60308,-1.39352,-1.22792,-1.14,-0.23,0.4468,0.94,1.528,1.91,2.28,2.65,2.9,3.28,3.59,3.88,4.1028,4.32,4.55,4.7596,4.95,5.14,5.32,5.51,5.69,5.87,6.03,6.23,6.38,6.55,6.7312,6.9068,7.08,7.23,7.39,7.5392,7.69,7.82,7.96,8.1,8.25,8.3928,8.54,8.68,8.82,8.95,9.1,9.22,9.372,9.51,9.6432,9.79,9.95,10.1,10.26,10.43,10.6,10.75,10.97,11.15,11.33,11.5,11.66,11.806,11.9816,12.14,12.29,12.48,12.65,12.8,12.98,13.14,13.29,13.43,13.58,13.76,13.88,14.05,14.16,14.28,14.43,14.57,14.74,14.87,14.99,15.13,15.2748,15.4,15.576,15.7216,15.9172,16.08,16.25,16.48,16.67,16.88,17.13,17.4064,17.71,18.05,18.43,19.1476,20.2976,20.45,20.58,20.68616,21.00264,21.2644,21.67176,21.98132,22.60088,23.1230800000001,24.66
"UK031C",-6.46,-2.15836,-1.85352,-1.57528,-1.27,-1.0788,-0.86,-0.70308,-0.58704,-0.46396,-0.3,0.56,1.0668,1.6124,2.04,2.4436,2.8,3.12,3.4604,3.706,3.9516,4.22,4.49,4.72,4.99,5.21,5.43,5.63,5.84,6,6.16,6.34,6.52,6.69,6.85,7.02,7.16,7.3,7.48,7.64,7.79,7.9492,8.1,8.2604,8.44,8.61,8.76,8.9,9.07,9.22,9.38,9.5552,9.72,9.89,10.07,10.24,10.38,10.54,10.73,10.88,11.02,11.2112,11.39,11.57,11.78,12,12.1992,12.37,12.54,12.69,12.86,13.04,13.24,13.42,13.59,13.77,13.96,14.13,14.28,14.45,14.62,14.79,14.95,15.0744,15.22,15.37,15.51,15.67,15.8,15.95,16.12,16.28,16.46,16.64,16.8,16.9716,17.16,17.33,17.5384,17.764,17.97,18.1752,18.44,18.69,19.01,19.4,19.88,20.5788,21.5532,21.80396,22,22.12,22.36264,22.5222,22.81176,22.95264,23.35616,23.95044,26.66
"UK032C",-7.24,-3.30396,-2.81088,-2.59132,-2.35176,-1.9566,-1.83,-1.63232,-1.51,-1.32,-1.1644,-0.3088,0.3,0.82,1.32,1.77,2.1592,2.55,2.86,3.096,3.39,3.6672,3.91,4.23,4.514,4.7196,4.95,5.15,5.3564,5.51,5.73,5.92,6.13,6.33,6.49,6.68,6.84,6.9968,7.16,7.31,7.47,7.65,7.78,7.93,8.11,8.27,8.43,8.6,8.75,8.9,9.05,9.21,9.3708,9.54,9.7,9.83,9.99,10.1688,10.33,10.48,10.66,10.84,11,11.2,11.38,11.5136,11.72,11.9,12.08,12.28,12.46,12.6272,12.8,12.98,13.15,13.29,13.48,13.6708,13.86,14.01,14.17,14.33,14.4888,14.64,14.78,14.93,15.06,15.21,15.36,15.53,15.7,15.85,16.02,16.1704,16.35,16.51,16.69,16.9,17.1084,17.274,17.47,17.7,17.99,18.25,18.56,18.98,19.56,20.27,21.5688,21.67,21.83,22.02616,22.2584800000001,22.5344,22.77352,23.01132,23.50176,23.9162800000006,26.28
"UK033C",-4.85,-2.0088,-1.25088,-0.72168,-0.40352,-0.1222,0.08,0.26384,0.38,0.47,0.5456,1.37,2.0268,2.55,2.92,3.29,3.66,3.97,4.2604,4.54,4.79,4.9872,5.2,5.3984,5.62,5.82,6.01,6.2,6.4,6.57,6.71,6.84,6.98,7.14,7.28,7.43,7.59,7.71,7.83,7.98,8.13,8.26,8.41,8.57,8.72,8.8616,8.99,9.1328,9.29,9.444,9.6,9.76,9.93,10.08,10.25,10.3976,10.55,10.7088,10.88,11.06,11.25,11.45,11.62,11.79,12.01,12.2236,12.4,12.58,12.7204,12.906,13.09,13.25,13.4328,13.6,13.78,13.96,14.13,14.26,14.44,14.582,14.74,14.89,15.04,15.2,15.35,15.52,15.66,15.8,15.91,16.05,16.19,16.35,16.51,16.7,16.84,17.01,17.1472,17.29,17.4684,17.644,17.86,18.08,18.32,18.49,18.77,19.09,19.4832,20.1,21.0396,21.21396,21.35704,21.45308,21.58056,21.8122,22.08352,22.27396,22.54088,23.49132,25.88
"UK034C",-7.98,-4.15704,-3.54088,-3.02132,-2.71704,-2.5222,-2.28848,-2.06,-1.83352,-1.72396,-1.66,-0.6488,-0.1,0.4324,0.916000000000001,1.4136,1.7792,2.0848,2.39,2.73,3.01,3.26,3.4928,3.72,3.92,4.1796,4.37,4.6,4.79,4.96,5.14,5.3032,5.5,5.68,5.84,6.0156,6.21,6.38,6.55,6.7,6.89,7.03,7.17,7.32,7.5,7.66,7.81,7.97,8.12,8.274,8.44,8.59,8.73,8.91,9.05,9.21,9.39,9.55,9.72,9.89,10.05,10.2012,10.36,10.52,10.72,10.89,11.06,11.2448,11.41,11.58,11.76,11.93,12.07,12.26,12.43,12.62,12.78,12.95,13.1264,13.3,13.4676,13.62,13.79,13.92,14.07,14.2,14.36,14.5068,14.68,14.83,15,15.16,15.33,15.5,15.65,15.82,16.0072,16.2,16.41,16.61,16.85,17.09,17.36,17.6064,18.012,18.47,18.9732,19.7388,20.8388,20.97792,21.16352,21.39616,21.52528,21.7788,21.98352,22.30396,22.62264,23.2726400000001,25.51
"UK035C",-6.13,-3.25176,-2.38264,-2.13,-1.75176,-1.5666,-1.37,-1.2,-1.00352,-0.87792,-0.7588,0.1,0.6868,1.2424,1.71,2.1436,2.56,2.92,3.21,3.5,3.76,4.05,4.3228,4.6284,4.85,5.08,5.31,5.51,5.6964,5.89,6.0676,6.25,6.43,6.6,6.77,6.92,7.11,7.28,7.4224,7.568,7.73,7.87,8.0148,8.1704,8.346,8.52,8.6772,8.81,8.9684,9.13,9.25,9.44,9.6108,9.76,9.93,10.09,10.27,10.42,10.59,10.73,10.8956,11.09,11.27,11.44,11.618,11.82,12.02,12.21,12.39,12.58,12.74,12.91,13.0628,13.25,13.45,13.62,13.82,14,14.15,14.3,14.47,14.6432,14.78,14.93,15.07,15.2,15.35,15.48,15.63,15.78,15.94,16.09,16.23,16.41,16.58,16.74,16.95,17.12,17.3,17.49,17.7,17.89,18.1108,18.4,18.74,19.15,19.67,20.48,21.74,21.88396,22.15352,22.28308,22.54264,22.7822,22.99352,23.26,23.66264,24.3470400000003,26.91
"UK036C",-5.83,-3.12308,-2.15088,-1.75132,-1.53176,-1.2744,-1.02584,-0.84,-0.65704,-0.55,-0.47,0.3512,1.03,1.59,2.02,2.39,2.78,3.2,3.49,3.77,4.02,4.26,4.53,4.79,5.02,5.23,5.45,5.66,5.87,6.04,6.22,6.39,6.56,6.7144,6.88,7.01,7.21,7.39,7.5124,7.67,7.82,7.97,8.1,8.26,8.43,8.5916,8.7372,8.9,9.0484,9.19,9.35,9.51519999999999,9.69,9.85,10.02,10.18,10.34,10.52,10.6944,10.85,11.0056,11.19,11.38,11.57,11.75,11.94,12.14,12.34,12.52,12.7,12.8616,13.04,13.2128,13.38,13.56,13.74,13.9252,14.11,14.26,14.43,14.58,14.73,14.9188,15.05,15.2,15.3356,15.47,15.59,15.75,15.9,16.05,16.23,16.3648,16.54,16.7,16.87,17.05,17.24,17.4184,17.61,17.8096,18.03,18.23,18.5,18.822,19.21,19.7332,20.55,21.7088,21.89,22.1476,22.27308,22.46,22.76,22.88704,23.20264,23.60264,24.2835200000001,26.89
"UK037C",-7.17,-4.11352,-3.39704,-3.04,-2.71584,-2.4422,-2.23528,-2.11,-2.01,-1.86396,-1.72,-0.7876,-0.1732,0.3024,0.758000000000001,1.23,1.62,1.94,2.25,2.5,2.8,3.0372,3.27,3.5,3.73,3.93,4.13,4.3308,4.52,4.73,4.89,5.0532,5.24,5.42,5.6,5.75,5.92,6.0968,6.25,6.4,6.58,6.73,6.89,7.06,7.22,7.37,7.52,7.69,7.82,7.95,8.11,8.28,8.46,8.5964,8.74,8.88,9.06,9.23,9.3944,9.55,9.71,9.86,10.03,10.2,10.35,10.53,10.71,10.9,11.0704,11.22,11.4,11.58,11.72,11.89,12.08,12.24,12.41,12.58,12.75,12.9,13.0676,13.23,13.36,13.5044,13.66,13.8056,13.94,14.1,14.24,14.41,14.58,14.73,14.8548,15.02,15.186,15.37,15.56,15.72,15.92,16.11,16.34,16.5852,16.87,17.13,17.51,17.94,18.4932,19.18,20.22,20.34792,20.50352,20.74,20.9832,21.1922,21.33704,21.67056,21.97352,22.5666000000002,25.25
"UK038C",-7.47,-4.5444,-3.77352,-3.26792,-2.5388,-2.1344,-1.98264,-1.83308,-1.71352,-1.65792,-1.5544,-0.61,-0.0531999999999999,0.4124,0.78,1.16,1.46,1.73,2.08,2.336,2.57,2.79,3.0328,3.24,3.46,3.6396,3.81,4.0008,4.1964,4.4,4.6,4.74,4.89,5.05,5.18,5.34,5.51,5.66,5.8,5.98,6.16,6.29,6.44,6.62,6.76,6.93,7.0872,7.25,7.39,7.52400000000001,7.68,7.83,7.98,8.12,8.29,8.46,8.58,8.73,8.89,9.04,9.21,9.3512,9.52,9.69240000000001,9.858,10.01,10.1992,10.39,10.54,10.68,10.8616,11.0272,11.18,11.34,11.52,11.6796,11.83,12,12.16,12.32,12.49,12.6432,12.79,12.9244,13.07,13.23,13.38,13.54,13.7,13.83,13.98,14.13,14.3,14.4404,14.596,14.74,14.89,15.0928,15.3,15.534,15.73,15.94,16.2,16.5364,16.83,17.17,17.62,18.22,19.37,19.44,19.53704,19.68924,19.80056,19.9944,20.3488,20.59264,20.84,21.5801200000004,24.53
"UK039C",-5.68,-2.11044,-1.33936,-0.74396,-0.47176,-0.1622,-0.06264,0.0807600000000002,0.17648,0.27,0.33,1.23,1.83,2.32,2.778,3.1936,3.59,3.92,4.2304,4.51,4.7316,5.03,5.29,5.53,5.72,5.92,6.1052,6.28,6.46,6.64,6.81,6.98,7.16,7.3,7.45,7.61,7.76,7.8768,8,8.12,8.25,8.41,8.57,8.71,8.84,8.96,9.09,9.22,9.34,9.48,9.61,9.75519999999999,9.89,10.01,10.16,10.31,10.47,10.62,10.81,10.97,11.1256,11.29,11.46,11.65,11.81,11.98,12.17,12.34,12.52,12.7,12.88,13.06,13.25,13.4484,13.57,13.72,13.88,14.06,14.19,14.33,14.48,14.62,14.77,14.89,15.01,15.16,15.3,15.4268,15.5624,15.7,15.83,15.96,16.09,16.2104,16.33,16.46,16.6,16.75,16.9,17.08,17.22,17.42,17.63,17.83,18.062,18.34,18.79,19.4888,20.2344,20.33396,20.49352,20.61308,20.84528,21.07,21.40176,21.6632,22.14264,22.6648400000002,24.2
"UK040C",-9.49,-4.21044,-3.51792,-2.96396,-2.74352,-2.5444,-2.29264,-2.13616,-2.0276,-1.82188,-1.68,-0.74,-0.13,0.36,0.82,1.19,1.57,1.9348,2.25,2.53,2.77,3.01,3.26,3.47,3.66,3.86,4.05,4.2708,4.5,4.65,4.84,5.01,5.18,5.35,5.53,5.69,5.84,6.02,6.18,6.34,6.5,6.66,6.81,6.97,7.15,7.32,7.48,7.65,7.79,7.94,8.08,8.23,8.39,8.55,8.71,8.9,9.05,9.22,9.39,9.56,9.71560000000001,9.8412,10.01,10.18,10.36,10.57,10.72,10.89,11.0804,11.23,11.37,11.58,11.74,11.9284,12.11,12.27,12.44,12.62,12.79,12.94,13.1,13.27,13.3988,13.54,13.69,13.83,13.99,14.16,14.32,14.47,14.61,14.79,14.93,15.09,15.29,15.42,15.6172,15.81,16.01,16.22,16.45,16.7052,16.9808,17.2664,17.61,18.1,18.63,19.3664,20.3688,20.47396,20.59352,20.77,20.94264,21.1,21.29176,21.56396,22.02352,22.3513200000001,25.08
"UK041C",-8.1,-4.3044,-3.51088,-2.98264,-2.83352,-2.5666,-2.33264,-2.12616,-2.02704,-1.88792,-1.7744,-0.8888,-0.25,0.28,0.698000000000001,1.0736,1.4884,1.83,2.14,2.41,2.66,2.92,3.1528,3.36,3.554,3.77,3.94,4.18,4.36,4.56,4.73,4.89,5.04,5.23,5.4,5.56,5.7,5.87,6.02,6.17,6.35,6.5192,6.69,6.84,7.01,7.18,7.34,7.5,7.64,7.77400000000001,7.9196,8.06,8.22,8.4,8.54,8.72,8.88,9.05,9.21,9.36,9.52,9.6812,9.82,10,10.2,10.37,10.53,10.7,10.88,11.03,11.18,11.38,11.56,11.74,11.9,12.0696,12.25,12.41,12.59,12.75,12.91,13.06,13.19,13.35,13.48,13.6156,13.79,13.93,14.0824,14.26,14.4,14.5592,14.71,14.87,15.04,15.2,15.38,15.5628,15.77,15.97,16.2,16.45,16.73,17.01,17.35,17.8,18.35,19.0488,20.1188,20.21188,20.42704,20.54616,20.72792,20.86,21.07056,21.37264,21.79088,22.1722000000001,25.17
"UK042C",-10.42,-5.51528,-4.5888,-4.20396,-3.74584,-3.4888,-3.24264,-3.0454,-2.9,-2.80396,-2.71,-1.85,-1.2332,-0.7776,-0.37,0.08,0.45,0.8448,1.14,1.39,1.68,1.94,2.1628,2.3584,2.564,2.77,2.98,3.16,3.36,3.55,3.72,3.9,4.1,4.25,4.41,4.55,4.69,4.84,5,5.16,5.33,5.5,5.66,5.85,6,6.16,6.3,6.45,6.6,6.73,6.87,7.02,7.14,7.29,7.45,7.59,7.7432,7.8888,8.07,8.2,8.3856,8.5612,8.72,8.89,9.05,9.23,9.39,9.56,9.71,9.86,10.04,10.21,10.3728,10.5284,10.69,10.84,10.98,11.14,11.2964,11.46,11.6076,11.7432,11.87,12.02,12.17,12.32,12.47,12.61,12.74,12.87,13.04,13.18,13.3248,13.47,13.606,13.76,13.92,14.1,14.23,14.44,14.68,14.93,15.1908,15.49,15.83,16.27,16.75,17.4288,18.45,18.60396,18.85,18.98616,19.19264,19.3344,19.50176,19.78264,20.08264,20.4961600000002,22.38
"UK043C",-3.03,-1.12088,-0.57176,-0.14528,0.0947199999999999,0.3178,0.46,0.66692,0.73648,0.79604,0.89,1.77,2.2968,2.6948,2.99,3.3,3.57,3.84,4.0904,4.316,4.54,4.74,4.94,5.13,5.31,5.45,5.64,5.77,5.93,6.08,6.22,6.3632,6.51,6.65,6.79,6.94,7.06,7.19,7.33,7.46,7.59,7.72,7.84,7.98,8.1,8.26,8.41,8.58,8.72,8.87,9.01,9.16,9.33,9.49,9.64,9.8076,9.98,10.1588,10.3644,10.53,10.72,10.88,11.04,11.23,11.39,11.57,11.7492,11.93,12.11,12.27,12.44,12.62,12.79,12.9684,13.14,13.3196,13.47,13.66,13.81,13.97,14.12,14.26,14.41,14.53,14.66,14.8256,14.99,15.15,15.28,15.47,15.63,15.77,15.92,16.1,16.25,16.4216,16.59,16.74,16.93,17.084,17.29,17.48,17.71,17.95,18.21,18.51,18.8732,19.34,19.99,20.10396,20.20352,20.29308,20.41264,20.5122,20.70176,20.9,21.25352,21.6230800000001,23.01
"UK044C",-7.37,-3.43088,-2.79616,-2.5766,-2.41176,-1.96,-1.87,-1.68308,-1.55,-1.39188,-1.2144,-0.33,0.2568,0.7948,1.3,1.75,2.13,2.47,2.83,3.08,3.3416,3.65,3.89,4.19,4.48,4.69,4.94,5.13,5.3264,5.49,5.71,5.9,6.1,6.3044,6.47,6.6656,6.82,6.97360000000001,7.15,7.3,7.47,7.64,7.78,7.91,8.1,8.26,8.43,8.59,8.75,8.90400000000001,9.0596,9.21,9.37,9.54,9.71,9.83,9.9832,10.17,10.3344,10.5,10.66,10.85,11,11.2,11.38,11.54,11.71,11.91,12.09,12.27,12.46,12.63,12.8,12.99,13.16,13.3096,13.5,13.68,13.87,14.04,14.18,14.33,14.4888,14.66,14.8,14.94,15.0712,15.23,15.4,15.56,15.72,15.88,16.04,16.2,16.37,16.56,16.72,16.94,17.13,17.324,17.53,17.76,18.0308,18.3,18.63,19.0376,19.63,20.3676,21.7,21.80188,21.93352,22.12232,22.3532000000001,22.63,22.91,23.12528,23.55264,24.1252800000002,26.52
"UK045C",-5.09,-2.67836,-2.23496,-1.60792,-1.23176,-0.9944,-0.73,-0.56,-0.44352,-0.33396,-0.2244,0.5512,1.0268,1.4424,1.78,2.1236,2.41,2.69,2.95,3.206,3.43,3.64,3.83,4.03,4.22,4.39,4.59,4.7608,4.91,5.08,5.24,5.41,5.5588,5.6944,5.8,5.9556,6.09,6.22,6.37,6.52,6.67,6.83,6.98,7.12,7.27,7.3916,7.54,7.7,7.8584,7.97,8.13,8.32,8.45,8.59,8.75,8.89,9.04,9.2088,9.3344,9.5,9.65,9.82,9.96,10.1,10.28,10.4336,10.5992,10.77,10.94,11.09,11.25,11.4,11.54,11.7,11.85,12.03,12.18,12.35,12.52,12.692,12.83,12.98,13.12,13.25,13.39,13.53,13.68,13.83,14.01,14.15,14.3,14.45,14.61,14.7504,14.9,15.04,15.1972,15.3728,15.54,15.774,16.02,16.23,16.47,16.71,17.062,17.39,17.79,18.3776,19.33,19.41792,19.51352,19.57,19.79792,19.9422,20.13528,20.3666,20.6144,21.2548400000002,24.69
"UK046C",-7.28,-4.17484,-3.34264,-2.9266,-2.64352,-2.3922,-2.16792,-2.09308,-1.96408,-1.78188,-1.6288,-0.74,-0.1132,0.35,0.808000000000001,1.26,1.6892,2.01,2.31,2.58,2.88,3.1272,3.35,3.58,3.794,4.0296,4.23,4.42,4.62,4.79,4.97,5.13,5.3488,5.53,5.69,5.8556,6.0412,6.21,6.35,6.51,6.69,6.85,7.02,7.18,7.34,7.5,7.64,7.7928,7.93,8.07400000000001,8.24,8.4,8.56,8.7,8.85,8.99,9.15,9.31,9.4744,9.64,9.8,9.97,10.14,10.31,10.47,10.63,10.82,10.99,11.16,11.32,11.48,11.65,11.83,11.9984,12.16,12.34,12.51,12.6808,12.84,12.98,13.15,13.3032,13.44,13.58,13.74,13.89,14.04,14.19,14.33,14.498,14.6636,14.81,14.95,15.1104,15.29,15.48,15.65,15.8228,16.0284,16.23,16.44,16.7,16.95,17.1964,17.58,18.05,18.6,19.26,20.28,20.47,20.59,20.75924,21.05528,21.291,21.46176,21.73264,22.16176,22.8817600000001,25.4
"UK047C",-5.06,-1.52088,-0.43352,0.0220800000000001,0.32648,0.62,0.79,0.94,0.99648,1.1,1.2368,2.0512,2.61,3.13,3.62,3.97,4.35,4.71,5.0104,5.29,5.5416,5.7972,6.03,6.2284,6.4,6.58,6.7652,6.9608,7.1364,7.29,7.44,7.5832,7.71,7.84,7.98,8.12,8.24,8.37,8.5,8.63,8.73,8.86,8.97,9.1,9.22,9.33,9.45,9.57,9.69,9.8,9.93,10.07,10.1808,10.33,10.48,10.63,10.79,10.96,11.11,11.28,11.45,11.61,11.77,11.95,12.138,12.31,12.5,12.7,12.86,13.01,13.17,13.34,13.4928,13.6784,13.85,14.02,14.16,14.28,14.4,14.55,14.69,14.8232,14.95,15.09,15.22,15.36,15.48,15.61,15.75,15.86,15.97,16.08,16.2,16.31,16.43,16.55,16.67,16.8,16.94,17.11,17.23,17.38,17.56,17.72,17.982,18.21,18.54,19.1188,19.9244,20.02396,20.13352,20.34232,20.50792,20.6722,20.85704,21.12132,21.46176,22.1383600000003,23.78
"UK048C",-5.79,-2.59088,-1.68,-1.11,-0.84704,-0.6166,-0.39,-0.17232,-0.03352,0.0660400000000001,0.1756,0.9912,1.63,2.1124,2.59,2.9936,3.3892,3.74,4.06,4.37,4.63,4.87,5.13,5.36,5.58,5.79,6,6.1708,6.37,6.53,6.71,6.86,7.02,7.19,7.34,7.51,7.64,7.8,7.93,8.07,8.2,8.36,8.49,8.61,8.756,8.9,9.03,9.17,9.3,9.44,9.57,9.7152,9.88,10.0164,10.17,10.34,10.51,10.66,10.81,10.98,11.15,11.34,11.51,11.66,11.9,12.06,12.22,12.39,12.59,12.76,12.96,13.13,13.33,13.5,13.64,13.8,13.95,14.14,14.3,14.45,14.5876,14.73,14.87,15.02,15.15,15.29,15.42,15.54,15.68,15.828,15.95,16.11,16.24,16.36,16.5,16.64,16.77,16.96,17.1284,17.274,17.43,17.61,17.84,18.06,18.362,18.71,19.1432,19.8476,20.88,21.05792,21.18352,21.43,21.57264,21.8344,22.0388,22.46396,22.74264,23.5027600000005,25.6
"UK049C",-10.04,-5.10748,-4.12088,-3.65132,-3.23352,-3,-2.81264,-2.61,-2.46352,-2.36792,-2.28,-1.44,-0.8364,-0.3776,0.02,0.4936,0.889200000000001,1.23,1.54,1.83,2.1,2.3472,2.6,2.78,2.99,3.19,3.4,3.58,3.76,3.94,4.14,4.32,4.49,4.65,4.81,4.94,5.08,5.25,5.39,5.56,5.71,5.88,6.07,6.21,6.36,6.5116,6.65,6.81,6.95,7.08,7.23,7.36,7.4908,7.63,7.79,7.95,8.1,8.24,8.4,8.56,8.7256,8.9,9.0668,9.24,9.4,9.57,9.74,9.92,10.06,10.21,10.37,10.56,10.7128,10.88,11.02,11.1796,11.32,11.49,11.64,11.79,11.93,12.08,12.2,12.35,12.5,12.6356,12.79,12.92,13.06,13.2,13.34,13.49,13.63,13.7504,13.91,14.0616,14.22,14.38,14.52,14.73,14.94,15.21,15.45,15.7664,16.072,16.5052,17.0332,17.65,18.7532,18.92,19.07352,19.22,19.39264,19.4922,19.74704,20.00264,20.31792,20.9066000000002,22.23
"UK050C",-7.93,-3.98572,-3.5144,-3.08528,-2.70176,-2.3666,-2.18,-1.96308,-1.80704,-1.62396,-1.5144,-0.62,-0.03,0.44,0.968000000000001,1.42,1.78,2.11,2.47,2.77,3.06,3.32,3.57,3.8,4.014,4.23,4.45,4.66,4.8664,5.04,5.2,5.38,5.57,5.75,5.91,6.08,6.28,6.43,6.61,6.8,6.97,7.1292,7.2648,7.42,7.59,7.75,7.9,8.03,8.2,8.37,8.53,8.65,8.81,8.96,9.112,9.26,9.4,9.57,9.7244,9.89,10.04,10.2,10.4168,10.58,10.758,10.94,11.07,11.2648,11.44,11.6,11.78,11.96,12.12,12.27,12.454,12.64,12.8152,12.99,13.14,13.3,13.4676,13.63,13.78,13.93,14.06,14.2,14.33,14.4768,14.6424,14.84,14.99,15.18,15.32,15.47,15.636,15.82,16,16.1928,16.37,16.59,16.82,17.07,17.3,17.56,17.99,18.3976,18.8632,19.6088,20.7044,20.86396,21.02056,21.21616,21.36792,21.6788,21.90176,22.18924,22.58352,23.2857200000002,25.42
"UK051C",-7.6,-4.02044,-3.36176,-2.97924,-2.72176,-2.45,-2.16,-2.06,-1.91352,-1.71396,-1.5644,-0.64,-0.03,0.4624,0.91,1.42,1.7992,2.1,2.43,2.74,3.06,3.28,3.51,3.78,3.97,4.21,4.4,4.62,4.8,4.99,5.17,5.35,5.53,5.7144,5.89,6.05,6.25,6.4168,6.5724,6.74,6.8936,7.05,7.2048,7.38,7.556,7.69,7.86,8,8.14,8.29,8.47,8.61519999999999,8.78,8.94,9.08,9.23,9.4,9.58,9.73,9.88,10.05,10.22,10.37,10.54,10.74,10.89,11.07,11.25,11.43,11.59,11.77,11.94,12.09,12.2784,12.45,12.6296,12.7952,12.97,13.13,13.3,13.46,13.62,13.78,13.92,14.08,14.2,14.35,14.5168,14.67,14.82,14.99,15.15,15.31,15.48,15.63,15.82,16.01,16.2,16.3984,16.6,16.82,17.07,17.3308,17.57,17.962,18.46,18.95,19.68,20.77,20.92396,21.12704,21.33,21.50264,21.74,22.00528,22.27264,22.59,23.3161600000002,25.69
"UK052C",-7.81,-3.55484,-2.92088,-2.62396,-2.26528,-1.9732,-1.69528,-1.60308,-1.40704,-1.31396,-1.1944,-0.22,0.2668,0.8324,1.28,1.6636,2.0492,2.42,2.72,3.006,3.28,3.54,3.8128,4.05,4.31,4.54,4.74,4.97,5.1764,5.36,5.54,5.7,5.91,6.0944,6.25,6.44,6.58,6.74,6.89,7.05,7.23,7.4,7.57,7.71,7.88,8.07,8.22,8.3828,8.55,8.71,8.88,9.01519999999999,9.22,9.36,9.55,9.71,9.89,10.03,10.22,10.38,10.53,10.72,10.8968,11.05,11.26,11.4536,11.6692,11.86,12.01,12.17,12.33,12.52,12.72,12.9,13.09,13.29,13.45,13.62,13.7764,13.95,14.0976,14.27,14.42,14.58,14.73,14.9,15.05,15.1868,15.35,15.52,15.65,15.86,16.02,16.18,16.366,16.53,16.75,16.94,17.14,17.37,17.6,17.86,18.12,18.3964,18.73,19.16,19.7064,20.51,21.6432,21.81396,21.98704,22.13308,22.3384800000001,22.5066,22.84528,23.07924,23.47408,24.0244000000002,26.54
"UK053C",-6.45,-3.7888,-2.67528,-2.3232,-1.98,-1.801,-1.60264,-1.44616,-1.32704,-1.16396,-1.04,-0.2388,0.33,0.97,1.37,1.7636,2.2,2.57,2.87,3.13,3.43,3.69,3.91,4.1284,4.33,4.53,4.7,4.9,5.08,5.28,5.45,5.6,5.79,5.9844,6.14,6.2856,6.42,6.59,6.72,6.88,7.0736,7.22,7.38,7.53,7.676,7.83,7.98,8.13,8.27,8.4,8.53,8.66,8.8,8.93,9.11,9.27,9.4332,9.6088,9.73,9.9,10.05,10.21,10.38,10.56,10.74,10.92,11.07,11.23,11.3804,11.55,11.7,11.8772,12.03,12.2,12.35,12.53,12.67,12.85,12.98,13.11,13.31,13.42,13.56,13.7,13.86,13.99,14.14,14.29,14.42,14.54,14.6936,14.82,14.96,15.09,15.25,15.4116,15.57,15.7428,15.9284,16.12,16.29,16.51,16.8,17.09,17.41,17.7876,18.27,18.9,19.9788,20.1,20.23352,20.39,20.54056,20.7322,20.96176,21.27396,21.73528,22.4922000000001,24.37
"UK054C",-7.37,-4.75484,-3.77264,-3.43,-3.21352,-2.9622,-2.72,-2.5154,-2.37352,-2.27,-2.1544,-1.2588,-0.72,-0.2476,0.2,0.6,0.989200000000001,1.3348,1.61,1.876,2.0916,2.4,2.63,2.86,3.034,3.25,3.44,3.62,3.8,4,4.17,4.34,4.51,4.67,4.84,4.98,5.11,5.26,5.41,5.58,5.74,5.9392,6.1,6.2604,6.39,6.55,6.7272,6.88,7.03,7.17,7.29,7.44,7.57,7.72,7.88,8.0576,8.21,8.38,8.5444,8.68,8.83,8.99,9.15,9.34,9.5,9.69,9.84,10.03,10.19,10.33,10.5,10.66,10.83,11.02,11.15,11.3,11.46,11.62,11.8,11.98,12.14,12.28,12.43,12.56,12.68,12.82,12.98,13.12,13.29,13.44,13.57,13.73,13.86,14.02,14.176,14.33,14.48,14.68,14.86,15.05,15.28,15.49,15.75,16.08,16.402,16.83,17.37,18,19.0932,19.28,19.37352,19.52,19.62792,19.8522,20.0228799999999,20.36,20.78088,21.10088,23.83
"UK055C",-10.96,-6.79572,-4.76528,-3.9066,-3.43936,-3.2044,-2.90264,-2.76,-2.61056,-2.46396,-2.3388,-1.4088,-0.92,-0.48,-0.14,0.23,0.599200000000001,0.89,1.17,1.456,1.67,1.91,2.1428,2.33,2.52,2.75,2.96,3.14,3.3,3.472,3.62,3.77,3.9188,4.08,4.23,4.42,4.6,4.79,4.96,5.12,5.2736,5.44,5.59,5.74,5.88,6.04,6.2172,6.38,6.5384,6.66,6.81,6.9652,7.1,7.27,7.42,7.55,7.67,7.81,7.96,8.11,8.26,8.41,8.55,8.69,8.82,9,9.18,9.34,9.5,9.67,9.82,9.95,10.11,10.24,10.4,10.56,10.74,10.92,11.06,11.2,11.34,11.48,11.61,11.75,11.88,12,12.1312,12.26,12.39,12.51,12.65,12.7892,12.93,13.09,13.256,13.41,13.54,13.72,13.87,14.03,14.22,14.43,14.6608,14.9264,15.27,15.67,16.1632,16.76,17.6388,17.71,17.93352,18.13308,18.22056,18.5,18.77176,19.08132,19.50264,19.8844000000002,21.72
"UK056C",-8.4,-4.18792,-3.16088,-2.74132,-2.52528,-2.1644,-1.92,-1.84308,-1.69352,-1.52,-1.4144,-0.67,0.00360000000000014,0.5024,0.93,1.33,1.72,2.07,2.3504,2.64,2.91,3.18,3.42,3.66,3.83,4.03,4.23,4.44,4.6564,4.83,5.0076,5.17,5.32,5.53,5.7,5.8456,5.99,6.13,6.27,6.42,6.61,6.77,6.96,7.1204,7.28,7.44,7.61,7.77,7.89,8.04,8.1896,8.35,8.49,8.64,8.802,8.94,9.1,9.2788,9.44,9.61,9.75,9.9,10.07,10.25,10.45,10.62,10.76,10.94,11.1004,11.28,11.42,11.6,11.78,11.96,12.13,12.29,12.46,12.64,12.79,12.97,13.13,13.29,13.41,13.5444,13.68,13.82,13.98,14.15,14.33,14.45,14.61,14.77,14.91,15.07,15.23,15.38,15.5672,15.73,15.94,16.144,16.35,16.6,16.8408,17.14,17.512,17.9476,18.48,19.17,20.1964,20.29396,20.49056,20.62308,20.75,20.9522,21.15176,21.4632,21.81176,22.2952800000002,25.54
"UK057C",-7.38,-3.81484,-3.2532,-2.84396,-2.55176,-2.2622,-2.11264,-1.96232,-1.80352,-1.64584,-1.4988,-0.6,-0.05,0.44,0.918000000000001,1.36,1.8,2.1048,2.4104,2.72,2.9816,3.25,3.49,3.72,3.924,4.16,4.36,4.5608,4.73,4.92,5.11,5.29,5.44,5.66,5.84,5.9956,6.18,6.3168,6.51,6.68,6.85,7,7.16,7.31,7.48,7.63,7.78,7.93,8.08,8.24,8.4,8.55,8.68,8.83,8.99,9.14,9.31,9.45,9.59,9.74,9.9,10.11,10.2668,10.46,10.62,10.78,10.95,11.13,11.31,11.48,11.64,11.81,11.97,12.1484,12.3,12.51,12.67,12.84,13.01,13.15,13.3,13.47,13.63,13.77,13.9,14.0356,14.19,14.32,14.4824,14.67,14.8236,14.98,15.13,15.29,15.466,15.66,15.84,16,16.2,16.42,16.62,16.88,17.13,17.37,17.732,18.22,18.72,19.38,20.5244,20.57396,20.68,21,21.22,21.3922,21.63176,21.92132,22.4744,22.97044,25.56
"UK058C",-8.25,-3.68264,-2.9144,-2.29056,-2.15176,-1.9422,-1.76528,-1.61308,-1.49352,-1.3198,-1.1544,-0.42,0.25,0.75,1.16,1.55,1.99,2.3148,2.66,2.96,3.23,3.46,3.69,3.89,4.12,4.29,4.48,4.66,4.8364,5.03,5.2,5.37,5.54,5.71,5.87,6.01,6.13,6.26,6.42,6.58,6.76,6.91,7.07,7.23,7.36,7.5,7.6672,7.79,7.93,8.06,8.19,8.34,8.46,8.62,8.78,8.93,9.09,9.26,9.4,9.56,9.72,9.86,10.04,10.2,10.38,10.5436,10.73,10.9,11.05,11.196,11.37,11.55,11.7028,11.84,11.99,12.14,12.32,12.47,12.63,12.76,12.91,13.04,13.18,13.32,13.46,13.6,13.75,13.88,14.02,14.16,14.3,14.43,14.56,14.69,14.84,15.0016,15.16,15.3028,15.47,15.64,15.8396,16.08,16.3608,16.64,16.98,17.3276,17.8232,18.4476,19.5244,19.69396,19.81704,19.94308,20.0658400000001,20.2822,20.52176,20.81264,21.32176,22.0240800000005,23.62
"UK059C",-9.83,-3.94396,-3.07704,-2.7066,-2.39,-2.11,-1.80792,-1.66308,-1.47056,-1.37,-1.2644,-0.4388,0.18,0.68,1.128,1.4736,1.8992,2.2348,2.55,2.806,3.1016,3.34,3.59,3.81,4.01,4.19,4.37,4.63,4.84,5.01,5.17,5.3232,5.5088,5.69,5.89,6.0456,6.19,6.3268,6.49,6.65,6.84,6.98,7.15,7.32,7.48,7.6616,7.82,7.99,8.14,8.29,8.4296,8.58,8.73,8.9,9.08,9.2076,9.3732,9.5588,9.72,9.89,10.03,10.18,10.36,10.56,10.72,10.91,11.09,11.23,11.3904,11.57,11.74,11.92,12.11,12.26,12.45,12.62,12.79,12.9608,13.12,13.29,13.45,13.58,13.75,13.89,14.05,14.17,14.33,14.49,14.6524,14.798,14.9636,15.11,15.25,15.42,15.6,15.7716,15.93,16.13,16.3,16.52,16.74,16.99,17.28,17.5764,17.92,18.4,18.91,19.5988,20.5944,20.71792,20.86,20.99,21.17528,21.3722,21.51,21.8084799999999,22.17528,22.84044,25.76
"UK060C",-9.06,-4.21396,-3.62704,-3.0432,-2.72936,-2.4544,-2.28,-2.09232,-1.98056,-1.87396,-1.75,-0.97,-0.44,0.07,0.548000000000001,0.96,1.38,1.7348,2.04,2.31,2.57,2.81,3.05,3.3,3.48,3.66,3.87,4.05,4.2464,4.44,4.63,4.79,4.98,5.15,5.31,5.46,5.59,5.76,5.92,6.06,6.26,6.4,6.57,6.72,6.89,7.05,7.21,7.35,7.49,7.64,7.7696,7.93519999999999,8.0708,8.22,8.372,8.53,8.69,8.86,9.0444,9.19,9.33,9.5112,9.7,9.84240000000001,10.04,10.19,10.38,10.55,10.68,10.83,10.9816,11.15,11.33,11.51,11.654,11.8,11.96,12.13,12.28,12.45,12.6,12.75,12.9,13.02,13.15,13.31,13.4712,13.62,13.7524,13.86,14.02,14.19,14.33,14.48,14.63,14.79,14.95,15.13,15.32,15.51,15.73,15.96,16.24,16.55,16.91,17.29,17.8932,18.54,19.7244,19.83188,20.01,20.19,20.2811200000001,20.4744,20.83176,21.01,21.38,22.0522000000001,24.29
"UK061C",-4.8,-1.8422,-1.05088,-0.77528,-0.43176,-0.221,-0.09,-0.0130799999999999,0.06648,0.20604,0.2912,1.05,1.6,2.16,2.55,3.01,3.35,3.67,3.9,4.14,4.4116,4.63,4.85,5.04,5.224,5.41,5.56,5.73,5.89,6.06,6.24,6.39,6.52,6.66,6.78,6.9,7.03,7.17,7.33,7.47,7.58,7.7,7.84,7.99,8.146,8.28,8.41,8.5228,8.63,8.75,8.88,9.02,9.1608,9.31,9.46,9.57,9.71,9.89,10.07,10.21,10.37,10.53,10.7,10.84,11.01,11.17,11.32,11.5,11.69,11.85,12.01,12.14,12.3,12.47,12.64,12.8,12.9252,13.08,13.24,13.38,13.53,13.66,13.81,13.92,14.05,14.1756,14.31,14.44,14.56,14.67,14.78,14.93,15.05,15.1704,15.31,15.46,15.5972,15.71,15.86,16.04,16.2,16.48,16.65,16.9,17.2,17.4876,17.91,18.5188,19.4088,19.63396,19.76352,19.93,20.08,20.1822,20.36352,20.73264,21.38144,22,23.62
"UK062C",-7.58,-3.9344,-3.43264,-2.93264,-2.69176,-2.4,-2.25264,-2.10308,-1.95,-1.76,-1.62,-0.7188,-0.15,0.3024,0.82,1.26,1.67,1.9896,2.3,2.6,2.87,3.12,3.36,3.5984,3.79,4.03,4.24,4.45,4.6,4.8,4.98,5.16,5.34,5.5344,5.71,5.8756,6.06,6.21,6.4,6.57,6.73,6.8892,7.0548,7.2,7.36,7.51,7.67,7.82,7.97,8.14,8.28,8.44,8.5708,8.7264,8.87,9.03,9.2,9.35,9.5,9.64,9.8,10.01,10.17,10.35,10.52,10.67,10.84,11.04,11.21,11.38,11.54,11.7,11.86,12.0484,12.21,12.4096,12.57,12.74,12.9,13.05,13.19,13.3532,13.52,13.66,13.79,13.94,14.09,14.22,14.39,14.57,14.73,14.9,15.03,15.2,15.36,15.56,15.74,15.93,16.12,16.32,16.53,16.7952,17.06,17.2864,17.662,18.16,18.6332,19.34,20.4444,20.54396,20.71056,20.92,21.14264,21.2932,21.54056,21.87528,22.26528,22.97044,25.41
"UK063C",-6.49,-3.7222,-2.9088,-2.20264,-1.75704,-1.4244,-1.27,-1.13308,-0.93704,-0.77396,-0.69,0.17,0.66,1.09,1.44,1.78,2.03,2.35,2.62,2.866,3.1,3.29,3.51,3.7,3.87,4.07,4.26,4.45,4.62,4.8,4.97,5.1,5.23,5.4,5.53,5.67,5.8,5.94,6.1,6.24,6.4,6.56,6.72,6.9,7.03,7.17,7.32,7.47,7.6284,7.78,7.9296,8.08,8.2308,8.41,8.54,8.7076,8.84,9.02,9.16,9.31,9.47,9.64,9.77,9.92,10.08,10.24,10.42,10.59,10.7504,10.92,11.07,11.23,11.38,11.53,11.7,11.85,11.99,12.16,12.33,12.49,12.65,12.8,12.95,13.07,13.22,13.38,13.53,13.69,13.83,13.968,14.14,14.2792,14.42,14.6,14.76,14.91,15.07,15.24,15.4284,15.634,15.8896,16.12,16.3308,16.6,16.96,17.2976,17.75,18.26,19.2844,19.39,19.49352,19.59,19.81792,19.9622,20.10352,20.3966,20.75088,21.2952800000002,24.95
"UK064C",-9.77,-4.50044,-3.47704,-2.93716,-2.61,-2.42,-2.24528,-2.13308,-1.89352,-1.79,-1.71,-0.88,-0.2432,0.25,0.65,1.09,1.4792,1.79,2.15,2.44,2.73,2.95,3.17,3.3884,3.6,3.79,3.96,4.15,4.33,4.522,4.69,4.8632,5.04,5.21,5.36,5.5,5.64,5.79,5.94,6.1,6.27,6.4392,6.5948,6.76,6.9,7.03,7.19,7.34,7.47,7.62,7.7496,7.88,8.02,8.17,8.33,8.5,8.63,8.8088,8.95,9.1,9.25,9.41,9.59,9.76,9.96,10.1,10.28,10.45,10.6,10.74,10.9,11.08,11.25,11.4,11.54,11.71,11.8552,12.02,12.18,12.322,12.45,12.58,12.73,12.87,13.01,13.18,13.3,13.44,13.58,13.728,13.87,14.01,14.14,14.28,14.42,14.58,14.73,14.88,15.06,15.234,15.44,15.71,15.9908,16.28,16.58,16.96,17.4932,18.0788,19.24,19.41,19.49704,19.63616,19.75792,19.9388,20.19,20.4566,20.84616,21.5340800000005,23.1
"UK065C",-7.39,-3.98132,-3.30176,-2.85396,-2.64176,-2.2566,-2.14,-2.05308,-1.96,-1.73,-1.5864,-0.67,-0.08,0.38,0.86,1.32,1.72,2.04,2.36,2.646,2.9416,3.18,3.41,3.65,3.864,4.09,4.29,4.5,4.66,4.85,5.03,5.19,5.4,5.5944,5.75,5.9156,6.11,6.26,6.44,6.59,6.76,6.92,7.0748,7.26,7.39,7.56,7.72,7.87,8,8.15,8.3096,8.47,8.63,8.77,8.91,9.07,9.2232,9.4,9.54,9.69,9.87,10.05,10.1968,10.3724,10.55,10.71,10.8792,11.06,11.24,11.406,11.57,11.73,11.9,12.0684,12.244,12.42,12.59,12.7508,12.9264,13.07,13.2376,13.38,13.55,13.6744,13.82,13.98,14.12,14.27,14.43,14.6,14.75,14.9192,15.05,15.23,15.38,15.59,15.76,15.94,16.13,16.334,16.55,16.8,17.06,17.2964,17.662,18.18,18.68,19.3688,20.4244,20.58188,20.7181600000001,20.93616,21.15792,21.3666,21.58176,21.85396,22.32,22.99044,25.47
"UK066C",-6.15,-2.30088,-1.83,-1.57396,-1.25352,-1.0022,-0.83264,-0.64,-0.55,-0.42396,-0.2744,0.5336,1.0936,1.6324,2.068,2.4636,2.8,3.14,3.47,3.716,3.9716,4.23,4.48,4.74,4.964,5.18,5.4052,5.64,5.8,5.99,6.16,6.31,6.49,6.65,6.82,6.99,7.13,7.29,7.42,7.61,7.75,7.92,8.0648,8.22,8.4,8.56,8.72,8.86,9.02,9.17,9.35,9.52,9.66,9.86,10.02,10.19,10.3232,10.49,10.6844,10.85,10.98,11.18,11.3568,11.55,11.72,11.95,12.15,12.34,12.51,12.67,12.81,12.99,13.18,13.36,13.56,13.73,13.9,14.09,14.25,14.42,14.57,14.7132,14.89,15.02,15.16,15.31,15.4512,15.6,15.74,15.88,16.06,16.24,16.4,16.59,16.73,16.91,17.09,17.28,17.47,17.68,17.91,18.12,18.37,18.6,18.94,19.3376,19.83,20.5,21.5144,21.72396,21.94056,22.11232,22.23264,22.4622,22.74352,22.95264,23.39616,23.9317600000001,26.67
"UK067C",-8.45,-4.20132,-3.11704,-2.84,-2.64352,-2.1622,-2.06264,-1.91308,-1.82,-1.64396,-1.51,-0.6988,-0.02,0.48,0.91,1.2936,1.69,2.0548,2.36,2.63,2.9016,3.16,3.4,3.63,3.81,3.9996,4.19,4.43,4.64,4.83,4.9776,5.13,5.3088,5.51,5.66,5.8156,5.9812,6.13,6.28,6.45,6.6136,6.7892,6.9348,7.11,7.28,7.46,7.6172,7.76,7.92,8.06,8.1996,8.35,8.5,8.68,8.83,8.99,9.15,9.32,9.5,9.65,9.8,9.95,10.1,10.29,10.47,10.65,10.83,11,11.1604,11.31,11.49,11.67,11.87,12.03,12.2,12.36,12.54,12.71,12.89,13.042,13.1976,13.35,13.49,13.65,13.78,13.91,14.0612,14.24,14.4,14.56,14.71,14.8592,15.0048,15.19,15.34,15.51,15.68,15.87,16.08,16.28,16.48,16.76,17.0008,17.3264,17.64,18.13,18.6832,19.3688,20.4144,20.55,20.65056,20.81,21.07,21.22,21.37176,21.70264,22.0444,22.54044,25.7
"UK068C",-5.84,-2.40132,-1.28232,-0.84132,-0.61176,-0.3122,-0.15,-0.05,0.09648,0.2,0.2756,1.16,1.73,2.22,2.72,3.14,3.5192,3.86,4.18,4.44,4.68,4.95,5.2228,5.45,5.66,5.87,6.0452,6.2108,6.39,6.58,6.76,6.93,7.09,7.2544,7.39,7.54,7.68,7.8,7.94,8.03,8.2,8.3492,8.48,8.63,8.77,8.89,9.02,9.13,9.26,9.39,9.53,9.6752,9.83,9.94,10.08,10.23,10.4,10.5688,10.73,10.88,11.05,11.23,11.4,11.58,11.75,11.94,12.09,12.27,12.44,12.61,12.8,12.98,13.1828,13.37,13.5,13.64,13.82,13.9808,14.14,14.272,14.41,14.5232,14.68,14.82,14.96,15.09,15.2112,15.34,15.4924,15.63,15.74,15.88,16.01,16.12,16.23,16.36,16.52,16.6628,16.82,16.98,17.13,17.32,17.53,17.74,17.972,18.26,18.71,19.3952,20.21,20.29,20.44,20.57924,20.79264,21.0675999999999,21.39176,21.64,22.07088,22.64088,24.31
"UK069C",-5.35,-2.24264,-1.12176,-0.48132,-0.14528,0.12,0.35208,0.57768,0.9324,1.09,1.2012,2.09,2.7868,3.27,3.68,4.02,4.39,4.7,5.01,5.24,5.46,5.72,5.93,6.13,6.31,6.48,6.64,6.82,6.98,7.12,7.24,7.38,7.51,7.63,7.78,7.92,8.07,8.2,8.3224,8.44,8.53,8.65,8.76,8.8604,9,9.1116,9.21,9.34,9.44,9.56,9.67,9.77,9.9,10.0264,10.15,10.28,10.41,10.54,10.6744,10.82,10.97,11.11,11.27,11.43,11.59,11.77,11.93,12.08,12.26,12.4,12.5616,12.69,12.84,13.01,13.16,13.3,13.44,13.61,13.73,13.86,13.98,14.11,14.23,14.3444,14.46,14.6,14.71,14.82,14.94,15.08,15.21,15.32,15.45,15.57,15.68,15.81,15.97,16.11,16.26,16.414,16.58,16.74,16.9208,17.13,17.34,17.65,17.98,18.4788,19.2944,19.45,19.63352,19.76232,20.03792,20.2854,20.70176,20.98132,21.20352,21.7417600000001,23.63
"UK070C",-3.59,-1.76044,-1.36176,-0.90264,-0.52,-0.32,-0.03264,0.13692,0.33296,0.51208,0.6412,1.54,2.09,2.5824,3.09,3.4836,3.82,4.1448,4.45,4.71,5.01,5.27,5.48,5.67,5.87,6.0396,6.19,6.32,6.48,6.66,6.81,6.96,7.07,7.2044,7.35,7.48,7.63,7.74,7.85,7.97,8.0936,8.21,8.33,8.44,8.54,8.64,8.75,8.8728,8.99,9.12,9.25,9.36519999999999,9.48,9.61,9.72,9.86,10,10.14,10.28,10.43,10.58,10.74,10.92,11.08,11.268,11.44,11.59,11.75,11.92,12.09,12.24,12.38,12.55,12.71,12.86,12.99,13.11,13.27,13.3864,13.53,13.68,13.81,13.91,14.02,14.15,14.2756,14.39,14.52,14.64,14.75,14.88,15,15.12,15.2504,15.35,15.48,15.61,15.74,15.88,16.014,16.19,16.37,16.58,16.74,17.03,17.3476,17.77,18.29,19.3788,19.59,19.77056,20.05616,20.18264,20.4444,20.60352,20.93924,21.43264,22.22132,24.12
"UK071C",-7.08,-3.7444,-3.22176,-2.8766,-2.63704,-2.3744,-2.12,-2.00308,-1.87352,-1.67396,-1.5488,-0.57,0.0168000000000001,0.56,1,1.4036,1.8292,2.1548,2.46,2.74,3,3.25,3.49,3.7,3.94,4.14,4.35,4.55,4.76,4.952,5.11,5.27,5.45,5.65,5.78,5.98,6.13,6.3,6.47,6.63,6.8,6.9392,7.0948,7.25,7.43,7.59,7.76,7.89,8.02,8.16400000000001,8.3396,8.49,8.67,8.82,8.97,9.13,9.29,9.4788,9.64,9.81,9.96,10.12,10.27,10.43,10.58,10.79,10.98,11.1448,11.33,11.476,11.6416,11.8172,11.98,12.17,12.35,12.53,12.7,12.86,13.03,13.19,13.34,13.52,13.67,13.81,13.95,14.1,14.24,14.38,14.57,14.71,14.87,15.02,15.1748,15.34,15.526,15.6816,15.88,16.06,16.24,16.44,16.67,16.95,17.21,17.48,17.87,18.3176,18.83,19.48,20.64,20.84,20.99352,21.13616,21.27,21.4754,21.74528,22.04924,22.32,22.8452800000002,25.42
"UK072C",-8.44,-4.55376,-3.49,-3.21132,-2.97176,-2.7066,-2.47,-2.3,-2.18,-2.02396,-1.91,-1.0388,-0.43,0.07,0.488000000000001,0.88,1.28,1.62,1.91,2.172,2.42,2.7072,2.95,3.1584,3.364,3.55,3.73,3.94,4.15,4.34,4.51,4.67,4.8388,5,5.17,5.34,5.47,5.61,5.76,5.94,6.13,6.29,6.45,6.61,6.78,6.93,7.12,7.26,7.41,7.55,7.69,7.82,7.97,8.15,8.28,8.46,8.62,8.79,8.94439999999999,9.09,9.24,9.4,9.54,9.74,9.92,10.1,10.27,10.44,10.61,10.74,10.9,11.11,11.27,11.43,11.6,11.75,11.93,12.1,12.26,12.45,12.6,12.75,12.8988,13.02,13.16,13.3,13.45,13.62,13.76,13.93,14.06,14.22,14.38,14.54,14.68,14.85,15.0172,15.18,15.41,15.61,15.82,16.06,16.32,16.62,16.962,17.4,17.9732,18.63,19.6888,19.82396,19.98056,20.10924,20.26528,20.4,20.61176,20.99132,21.40088,21.6735200000001,24.85
"UK073C",-5.34,-2.24132,-1.7744,-1.33132,-0.82176,-0.5788,-0.41584,-0.22308,-0.12352,-0.0018799999999996,0.11,0.9612,1.5668,2.09,2.538,2.96,3.3392,3.68,4,4.3,4.58,4.87,5.12,5.33,5.54,5.76,5.95,6.13,6.27,6.47,6.67,6.8532,7.0388,7.19,7.35,7.5,7.65,7.79,7.93,8.07,8.25,8.39,8.54,8.68,8.82,8.92,9.07,9.25,9.38,9.5,9.63,9.76,9.8908,10.05,10.21,10.35,10.49,10.65,10.79,10.97,11.13,11.31,11.47,11.6424,11.83,12.02,12.2,12.3848,12.5604,12.75,12.91,13.08,13.24,13.4,13.56,13.73,13.92,14.08,14.23,14.38,14.55,14.69,14.83,14.98,15.11,15.24,15.39,15.53,15.66,15.78,15.95,16.08,16.2,16.33,16.486,16.63,16.81,16.96,17.11,17.28,17.4996,17.72,17.95,18.15,18.462,18.89,19.39,20.0388,21.16,21.23396,21.49,21.68232,21.94528,22.1322,22.40176,22.8266,23.1067199999999,24.09044,25.73
"UK074C",-9.09,-4.71804,-3.93088,-3.43792,-3.11176,-2.8,-2.62264,-2.53308,-2.41704,-2.25792,-2.1744,-1.29,-0.7532,-0.28,0.15,0.5736,0.94,1.34,1.61,1.88,2.13,2.3872,2.63,2.83,3.03,3.2296,3.43,3.6008,3.78,3.99,4.1576,4.3432,4.52,4.69,4.83,4.98,5.13,5.26,5.42,5.588,5.77,5.93,6.1,6.2504,6.42,6.58,6.72,6.87,7.01,7.15,7.3,7.4452,7.58,7.72,7.87,8.04,8.19,8.36,8.52,8.67,8.81,8.9812,9.17,9.34,9.5,9.66360000000001,9.86,10,10.1704,10.32,10.48,10.6372,10.81,10.96,11.14,11.3,11.43,11.58,11.74,11.92,12.08,12.21,12.36,12.5,12.63,12.78,12.95,13.07,13.21,13.358,13.5,13.65,13.7948,13.9204,14.09,14.26,14.41,14.59,14.75,14.95,15.17,15.41,15.67,16,16.322,16.7576,17.3232,17.94,19.0764,19.22792,19.41,19.49308,19.58528,19.77,20.10352,20.31,20.63088,21.1217600000001,23.31
"UK075C",-9.45,-4.20308,-3.35088,-2.74,-2.3988,-2.1688,-2,-1.79308,-1.69352,-1.59396,-1.4844,-0.61,-0.05,0.4324,0.868000000000001,1.33,1.73,2.09,2.44,2.72,3.02,3.2572,3.48,3.7,3.92,4.11,4.2752,4.4808,4.68,4.87,5.06,5.23,5.41,5.59,5.73,5.88,6.0212,6.16,6.31,6.47,6.6636,6.83,6.98,7.13,7.28,7.4416,7.59,7.74,7.85,8.01,8.15,8.28,8.43,8.57,8.73,8.88,9.0732,9.2188,9.39,9.55,9.69,9.8612,10.03,10.1924,10.38,10.56,10.7292,10.89,11.05,11.186,11.34,11.5,11.67,11.84,11.99,12.15,12.3252,12.47,12.62,12.77,12.93,13.08,13.22,13.33,13.49,13.63,13.78,13.92,14.05,14.2,14.3336,14.48,14.62,14.77,14.93,15.0616,15.24,15.39,15.57,15.73,15.97,16.1952,16.4508,16.79,17.1,17.51,18.05,18.66,19.8744,19.99,20.15,20.26308,20.40528,20.6044,20.79704,21.23,21.61088,22.1927600000005,23.9
"UK076C",-8.83,-4.52528,-3.71672,-3.22396,-2.93232,-2.5466,-2.39,-2.30308,-2.14056,-2.05396,-1.94,-1.1488,-0.55,-0.0975999999999999,0.348000000000001,0.76,1.16,1.5248,1.81,2.07,2.32,2.5972,2.8328,3.0484,3.24,3.42,3.61,3.8,3.9864,4.18,4.37,4.55,4.72,4.89,5.04,5.17,5.3112,5.46,5.61,5.79,5.98,6.12,6.28,6.45,6.6,6.77,6.92,7.07,7.2,7.34,7.4896,7.6452,7.7708,7.93,8.07,8.23,8.39,8.56,8.7344,8.87,9.02,9.2,9.38,9.54240000000001,9.718,9.87360000000001,10.0692,10.23,10.37,10.53,10.69,10.84,11,11.18,11.35,11.5,11.62,11.79,11.97,12.13,12.3,12.43,12.57,12.7,12.83,12.99,13.1412,13.29,13.42,13.57,13.73,13.87,14.01,14.14,14.31,14.48,14.62,14.8,14.99,15.18,15.3996,15.64,15.88,16.2364,16.56,16.97,17.5732,18.1888,19.3544,19.51396,19.6176,19.79308,19.86,20.12,20.40704,20.67,20.93088,21.4635200000001,23.77
"UK077C",-9.09,-4.05,-3.28176,-2.60396,-2.34352,-2.1122,-1.88056,-1.73924,-1.63352,-1.53,-1.4044,-0.5788,0.00360000000000014,0.5,0.958000000000001,1.38,1.82,2.19,2.51,2.79,3.0716,3.32,3.56,3.79,3.99,4.2,4.35,4.57,4.76,4.95,5.1476,5.32,5.48,5.68,5.83,5.98,6.1112,6.27,6.41,6.57,6.76,6.92,7.08,7.24,7.39,7.55,7.69,7.84,7.97,8.12,8.26,8.4,8.54,8.68,8.84,9,9.18,9.3388,9.51,9.67,9.82,9.98,10.15,10.3224,10.51,10.68,10.86,11,11.17,11.31,11.4616,11.6272,11.8028,11.97,12.124,12.2796,12.45,12.6,12.76,12.91,13.08,13.2,13.35,13.4744,13.62,13.78,13.92,14.07,14.19,14.32,14.48,14.62,14.76,14.92,15.08,15.21,15.39,15.55,15.74,15.92,16.1,16.3652,16.62,16.9564,17.284,17.69,18.2432,18.8888,20.04,20.16792,20.34352,20.48,20.63,20.8522,21.08704,21.49264,21.91088,22.5974800000003,24.41
"UK078C",-8.23,-3.6844,-3.27704,-2.67924,-2.56176,-2.37,-2.00584,-1.79308,-1.71,-1.62,-1.48,-0.4988,0.1368,0.6524,1.108,1.47,1.9,2.27,2.56,2.86,3.15,3.44,3.66,3.91,4.15,4.37,4.64,4.82,5.01,5.19,5.3776,5.56,5.73,5.93,6.13,6.29,6.44,6.6268,6.79,6.94,7.12,7.27,7.41,7.5804,7.74,7.9,8.05,8.23,8.4,8.54400000000001,8.72,8.89,9.03,9.19,9.34,9.52,9.67,9.85,10.0144,10.18,10.34,10.54,10.7,10.85,11.028,11.2136,11.39,11.58,11.7404,11.9,12.1,12.27,12.43,12.63,12.794,12.97,13.15,13.34,13.52,13.68,13.86,14,14.1688,14.31,14.48,14.6156,14.7712,14.92,15.08,15.23,15.4236,15.6,15.76,15.92,16.086,16.25,16.45,16.65,16.85,17.07,17.3196,17.5552,17.82,18.1264,18.47,18.9576,19.5064,20.25,21.4544,21.55792,21.77056,21.97616,22.1732000000001,22.43,22.54,22.85,23.15352,24.02088,26.45
"UK079C",-9.96,-4.95408,-4.10528,-3.72132,-3.18056,-2.9866,-2.8,-2.67,-2.50352,-2.39,-2.28,-1.4688,-0.84,-0.38,0.0280000000000007,0.48,0.849200000000001,1.25,1.52,1.81,2.07,2.33,2.56,2.7484,2.98,3.17,3.36,3.54,3.73,3.93,4.09,4.29,4.48,4.64,4.78,4.92,5.07,5.21,5.38,5.54,5.71,5.89,6.06,6.2,6.37,6.55,6.68,6.82,6.96,7.12,7.25,7.39,7.53,7.68,7.82,7.98,8.14,8.3,8.4544,8.6,8.76,8.94,9.12,9.29,9.45,9.61,9.79,9.96,10.1104,10.26,10.4216,10.58,10.75,10.9084,11.08,11.23,11.38,11.53,11.7,11.86,12,12.15,12.28,12.41,12.57,12.72,12.87,13,13.15,13.298,13.42,13.58,13.73,13.86,14.02,14.19,14.34,14.4928,14.67,14.85,15.09,15.3452,15.6,15.92,16.26,16.67,17.26,17.8376,18.9688,19.12,19.29704,19.44308,19.54792,19.74,19.98528,20.17396,20.53176,21.02044,22.91
"UK080C",-7.83,-3.95396,-3.36704,-2.9666,-2.63704,-2.4022,-2.21264,-2.07308,-1.76704,-1.65,-1.6,-0.63,-0.08,0.43,0.928000000000001,1.3936,1.7692,2.08,2.39,2.716,2.96,3.24,3.46,3.7084,3.92,4.14,4.37,4.56,4.75,4.94,5.11,5.27,5.47,5.65,5.81,5.98,6.16,6.34,6.53,6.7,6.86,7,7.16,7.3004,7.47,7.63,7.79,7.94,8.1,8.25,8.41,8.5652,8.7,8.87,9.02,9.15,9.31,9.49,9.64,9.82,9.96,10.14,10.31,10.48,10.68,10.83,11,11.18,11.35,11.52,11.68,11.87,12.02,12.19,12.374,12.5696,12.73,12.89,13.04,13.202,13.3676,13.54,13.69,13.84,13.98,14.1156,14.25,14.4,14.56,14.76,14.91,15.08,15.24,15.39,15.57,15.72,15.92,16.1328,16.32,16.53,16.74,17,17.24,17.5,17.88,18.3752,18.8532,19.61,20.7032,20.88,21.11352,21.23308,21.34264,21.6144,21.89528,22.12528,22.65704,23.0661600000002,25.4
"UK081C",-8.43,-3.91572,-3.46352,-2.9832,-2.75176,-2.5622,-2.20528,-1.95616,-1.83,-1.71396,-1.5444,-0.5988,-0.00319999999999993,0.49,0.978000000000001,1.37,1.7792,2.1448,2.44,2.75,3.05,3.29,3.56,3.77,4,4.22,4.49,4.6808,4.86,5.04,5.2076,5.39,5.57,5.78,5.96,6.11,6.29,6.46,6.64,6.808,6.98,7.12,7.27,7.41,7.57,7.74,7.92,8.08,8.24,8.39,8.56,8.72,8.87,9.0164,9.19,9.34,9.52,9.69,9.86,10.02,10.1856,10.37,10.5168,10.69,10.86,11.0336,11.23,11.41,11.58,11.73,11.92,12.1,12.2628,12.4484,12.614,12.81,12.9952,13.15,13.31,13.52,13.6776,13.84,14,14.15,14.3,14.44,14.58,14.73,14.9024,15.08,15.24,15.4,15.58,15.74,15.92,16.07,16.28,16.47,16.68,16.89,17.09,17.37,17.62,17.9364,18.29,18.8,19.3332,20.06,21.2688,21.39584,21.54352,21.71,21.90264,22.1722,22.31,22.63396,22.84968,23.87,25.93
"UK082C",-5.61,-2.99704,-2.12,-1.55112,-1.25528,-0.9766,-0.79,-0.59616,-0.4,-0.32396,-0.1844,0.59,1.06,1.47,1.79,2.13,2.41,2.68,2.94,3.17,3.41,3.5972,3.78,3.95,4.12,4.3296,4.5,4.67,4.85,5.03,5.19,5.32,5.45,5.61,5.72,5.85,5.99,6.11,6.2524,6.38,6.57,6.72,6.87,7.02,7.146,7.29,7.45,7.58,7.74,7.87,8.03,8.16,8.34,8.5,8.65,8.79,8.93,9.06,9.21,9.37,9.53,9.68,9.8368,9.98,10.15,10.3,10.47,10.65,10.81,10.96,11.11,11.26,11.41,11.55,11.7,11.87,12.02,12.18,12.36,12.52,12.6776,12.82,12.97,13.09,13.24,13.4,13.53,13.69,13.83,13.97,14.1336,14.26,14.41,14.56,14.74,14.87,15.03,15.19,15.37,15.6,15.82,16.06,16.27,16.5264,16.85,17.2076,17.6,18.1288,19.06,19.13,19.27704,19.42924,19.59056,19.7444,19.86,20.10396,20.45088,21.0622000000001,24.5
"UK083C",-7.38,-4.48452,-3.40176,-2.85264,-2.31352,-2.0066,-1.73056,-1.61308,-1.49704,-1.37188,-1.23,-0.37,0.1368,0.55,0.908000000000001,1.2236,1.53,1.87,2.12,2.38,2.62,2.81,3.03,3.2,3.41,3.6,3.78,3.97,4.17,4.36,4.52,4.67,4.81,4.95,5.08,5.22,5.38,5.54,5.68,5.82,6.0036,6.18,6.35,6.5004,6.65,6.77,6.93,7.08,7.23,7.37,7.54,7.7,7.85,8.01,8.142,8.3,8.46,8.61,8.75,8.9,9.05,9.19,9.34,9.51,9.67,9.84,10,10.19,10.36,10.51,10.6616,10.82,10.9828,11.13,11.274,11.45,11.59,11.7508,11.93,12.08,12.25,12.39,12.55,12.6744,12.83,12.97,13.12,13.29,13.41,13.56,13.7,13.87,14.02,14.18,14.33,14.49,14.64,14.8428,15.04,15.24,15.45,15.6752,15.93,16.23,16.54,16.89,17.3232,17.92,18.92,18.98396,19.13,19.23,19.33264,19.5044,19.85704,20.1397999999999,20.49352,20.80044,24.1
"UK084C",-7.44,-4.12188,-3.04704,-2.36396,-2.16352,-1.9644,-1.75,-1.63308,-1.54704,-1.39396,-1.2,-0.39,0.1668,0.76,1.13,1.56,2.0092,2.3448,2.6504,2.94,3.25,3.5,3.72,3.93,4.15,4.35,4.51,4.71,4.9,5.1,5.26,5.4432,5.6188,5.79,5.96,6.11,6.24,6.38,6.52,6.69,6.88,7.0392,7.2,7.35,7.49,7.6516,7.79,7.95,8.09,8.21,8.37,8.49,8.62,8.77,8.922,9.1,9.26,9.4388,9.57,9.73,9.88,10.05,10.23,10.38,10.57,10.75,10.9,11.06,11.23,11.38,11.54,11.71,11.8728,12.02,12.18,12.35,12.5,12.67,12.8164,12.96,13.13,13.26,13.38,13.52,13.68,13.82,13.98,14.11,14.24,14.388,14.54,14.66,14.79,14.93,15.086,15.25,15.4,15.57,15.75,15.93,16.1396,16.36,16.63,16.9464,17.27,17.65,18.1532,18.7588,19.8632,20.09,20.18,20.3,20.45056,20.6322,20.88352,21.26,21.67264,22.3936400000005,24.17
"UK085C",-8.49,-3.66396,-3.27616,-2.83528,-2.45704,-2.2788,-2.01264,-1.90308,-1.76352,-1.67396,-1.53,-0.5376,0.0368000000000001,0.56,0.98,1.42,1.76,2.1396,2.45,2.72,3.0116,3.27,3.53,3.76,4.03,4.2696,4.49,4.68,4.87,5.1,5.24,5.43,5.62,5.82,6,6.18,6.32,6.49,6.63,6.81,6.98,7.14,7.29,7.46,7.63,7.77,7.94,8.12,8.26,8.43,8.58,8.76,8.92,9.08,9.26,9.41,9.57,9.73,9.9144,10.07,10.23,10.41,10.58,10.7424,10.92,11.1036,11.31,11.48,11.6404,11.82,12,12.19,12.35,12.53,12.72,12.8896,13.07,13.26,13.4164,13.57,13.75,13.91,14.08,14.23,14.36,14.5,14.67,14.8368,14.97,15.148,15.32,15.47,15.65,15.81,16,16.15,16.35,16.55,16.75,16.964,17.23,17.46,17.7108,18.04,18.342,18.8176,19.37,20.1888,21.3144,21.56188,21.71352,21.81308,21.98792,22.2288,22.54176,22.73264,23.01264,23.9048400000002,26.43
"UK086C",-8.45,-3.94088,-3.22904,-2.6532,-2.3088,-2.0822,-1.87264,-1.68308,-1.58704,-1.44,-1.33,-0.49,0.14,0.6024,1,1.3636,1.69,2.03,2.3204,2.62,2.86,3.12,3.37,3.56,3.81,3.98,4.17,4.37,4.5764,4.76,4.94,5.11,5.28,5.46,5.65,5.79,5.92,6.0568,6.22,6.388,6.53,6.72,6.8848,7.03,7.2,7.38,7.58,7.72,7.8784,8.01,8.15,8.33,8.48,8.6264,8.78,8.94,9.11,9.26,9.45,9.6,9.77,9.95,10.1,10.2924,10.478,10.62,10.8,10.9548,11.11,11.29,11.47,11.63,11.79,11.96,12.13,12.3,12.47,12.64,12.81,12.982,13.14,13.28,13.41,13.57,13.7,13.86,14.02,14.18,14.32,14.47,14.62,14.7792,14.93,15.09,15.23,15.41,15.59,15.7728,15.96,16.15,16.39,16.63,16.9008,17.19,17.58,17.9676,18.4932,19.1676,20.0844,20.24792,20.38352,20.53616,20.62528,20.8144,21.13,21.42132,21.78264,22.3626400000001,25.06
"UK087C",-10.07,-4.76616,-3.69176,-3.35264,-2.88352,-2.6622,-2.52584,-2.28616,-2.21352,-2.12,-1.9744,-1.14,-0.53,-0.0675999999999999,0.346000000000001,0.82,1.18,1.5648,1.8604,2.146,2.42,2.69,2.91,3.09,3.32,3.52,3.71,3.88,4.07,4.262,4.44,4.65,4.82,4.98,5.13,5.26,5.41,5.55,5.7,5.878,6.05,6.22,6.38,6.53,6.69,6.85,7,7.15,7.28,7.43,7.57,7.7,7.85,7.98,8.15,8.3,8.45,8.63,8.78,8.92,9.0756,9.26,9.43,9.59,9.78,9.94,10.11,10.3,10.42,10.57,10.72,10.91,11.06,11.23,11.374,11.5496,11.7,11.8508,12.0164,12.16,12.28,12.44,12.59,12.72,12.86,13.02,13.16,13.3,13.43,13.59,13.72,13.87,14.01,14.15,14.3,14.4816,14.62,14.7728,14.93,15.13,15.36,15.6,15.8708,16.17,16.532,16.92,17.4832,18.05,19.21,19.36,19.57352,19.72,19.82528,19.9366,20.20528,20.5,20.91088,21.3023200000005,23.02
"UK088C",-6.64,-4.05088,-3.21496,-2.93528,-2.56176,-2.211,-1.86,-1.73,-1.63704,-1.51396,-1.3644,-0.55,0.0868000000000001,0.6,1.11,1.6036,1.92,2.27,2.59,2.946,3.24,3.47,3.6928,3.9384,4.15,4.4,4.5852,4.81,5.02,5.19,5.39,5.56,5.73,5.95,6.12,6.31,6.47,6.65,6.82,6.97,7.12,7.2792,7.44,7.58,7.73,7.9,8.05,8.22,8.34,8.49,8.63,8.78519999999999,8.9408,9.09,9.25,9.37,9.51,9.66,9.84,10,10.16,10.35,10.5268,10.72,10.91,11.07,11.22,11.4,11.57,11.74,11.8916,12.07,12.23,12.42,12.6,12.78,12.95,13.12,13.29,13.462,13.61,13.76,13.92,14.06,14.2,14.34,14.49,14.63,14.81,14.97,15.13,15.3192,15.44,15.59,15.74,15.92,16.1,16.28,16.48,16.704,16.91,17.13,17.4,17.68,17.97,18.41,18.93,19.6188,20.8088,21.02,21.23112,21.46,21.69056,21.8422,22.06704,22.64,23.00264,23.6639600000002,25.39
"UK089C",-6.35,-3.33968,-2.85088,-2.35584,-1.77232,-1.4966,-1.25264,-1.13308,-0.95704,-0.85396,-0.77,0.07,0.64,1.0724,1.418,1.76,2.04,2.34,2.64,2.91,3.14,3.36,3.56,3.79,3.97,4.16,4.3352,4.53,4.7,4.88,5.05,5.21,5.38,5.52,5.66,5.82,5.94,6.0968,6.26,6.4,6.56,6.72,6.87,7.02,7.15,7.32,7.48,7.64,7.79,7.91,8.07,8.24,8.37,8.53,8.69,8.83,8.96,9.13,9.3044,9.46,9.61,9.78,9.92,10.09,10.24,10.42,10.5792,10.76,10.92,11.07,11.23,11.39,11.55,11.72,11.87,12.04,12.19,12.34,12.52,12.702,12.85,13.01,13.14,13.29,13.41,13.56,13.72,13.88,14.05,14.19,14.35,14.48,14.65,14.79,14.94,15.09,15.25,15.44,15.62,15.86,16.06,16.3052,16.55,16.83,17.14,17.49,17.9664,18.5476,19.58,19.69396,19.76,19.89924,20.02264,20.2366,20.43408,20.73056,21.03352,21.8544000000002,24.96
"UK090C",-6.12,-3.25132,-2.44088,-1.95132,-1.71528,-1.5622,-1.38,-1.26616,-1.07352,-0.90396,-0.78,-0.02,0.5768,1.17,1.56,1.9436,2.37,2.74,3.03,3.32,3.6,3.86,4.06,4.28,4.47,4.65,4.85,5.03,5.21,5.39,5.56,5.74,5.91,6.05,6.21,6.35,6.48,6.62,6.79,6.93,7.1,7.2592,7.3948,7.55,7.69,7.84,7.9972,8.1228,8.26,8.38,8.5,8.65,8.79,8.93,9.09,9.24,9.3932,9.59,9.72,9.87,10.02,10.1712,10.35,10.51,10.688,10.86,11.04,11.2,11.37,11.52,11.68,11.86,12,12.15,12.3,12.47,12.64,12.79,12.9364,13.08,13.2176,13.37,13.5,13.64,13.78,13.94,14.06,14.2,14.32,14.45,14.6,14.7292,14.84,14.98,15.14,15.28,15.45,15.6,15.76,15.934,16.12,16.35,16.6308,16.8864,17.23,17.57,18.0464,18.6488,19.7244,19.83792,19.96352,20.11308,20.27,20.4788,20.69352,20.94,21.60176,22.3166000000002,23.93
"UK091C",-5.76,-2.14792,-1.74352,-1.42264,-1.12352,-0.932,-0.69792,-0.537719999999999,-0.39704,-0.31,-0.14,0.71,1.18,1.77,2.16,2.58,2.9292,3.21,3.52,3.816,4.06,4.31,4.5428,4.77,5.01,5.22,5.44,5.6508,5.84,6,6.16,6.3232,6.49,6.6544,6.83,7,7.14,7.28,7.42,7.6,7.75,7.91,8.07,8.23,8.396,8.5616,8.71,8.85,9.02,9.18,9.3396,9.5,9.66,9.85,10.01,10.17,10.33,10.49,10.69,10.84,10.99,11.1612,11.35,11.5324,11.73,11.94,12.15,12.31,12.4704,12.64,12.8,12.99,13.17,13.3384,13.53,13.72,13.8852,14.08,14.2364,14.4,14.54,14.7,14.86,15,15.15,15.28,15.44,15.57,15.73,15.88,16.05,16.22,16.38,16.56,16.72,16.9,17.0672,17.24,17.44,17.67,17.88,18.11,18.33,18.59,18.92,19.2676,19.77,20.37,21.36,21.47,21.64,21.87308,22.0432000000001,22.2422,22.42352,22.65132,23.0188,23.7966000000003,26.1
"UK092C",-4.66,-1.43308,-0.93704,-0.47264,0.02,0.3234,0.47472,0.58,0.71,0.83604,0.97,1.8512,2.44,2.9224,3.38,3.82,4.13,4.46,4.81,5.07,5.35,5.58,5.8,6.0084,6.21,6.3796,6.5352,6.71,6.89,7.062,7.21,7.38,7.5588,7.7,7.83,7.9556,8.08,8.2,8.37,8.51,8.6336,8.77,8.9048,9.03,9.16,9.29,9.4,9.51,9.65,9.79,9.92,10.06,10.18,10.31,10.45,10.57,10.74,10.87,11.05,11.21,11.38,11.55,11.71,11.89,12.06,12.22,12.4492,12.6548,12.84,13.04,13.17,13.32,13.48,13.64,13.78,13.95,14.1,14.25,14.41,14.582,14.7176,14.85,14.97,15.1044,15.26,15.4056,15.52,15.65,15.77,15.87,16.0136,16.14,16.26,16.38,16.52,16.66,16.82,16.97,17.12,17.27,17.45,17.64,17.85,18.09,18.36,18.69,19.14,19.73,20.8,20.88792,21.1,21.28308,21.47264,21.6966,21.90176,22.35264,22.61264,23.4166000000003,25.19
"UK093C",-4.47,-1.54088,-1.15088,-0.79264,-0.48176,-0.2722,-0.05,0.09,0.29648,0.38,0.5412,1.24,1.7568,2.3224,2.708,3.09,3.4,3.72,3.99,4.25,4.5,4.74,4.9828,5.21,5.424,5.63,5.82,6.03,6.2,6.38,6.54,6.6732,6.83,6.98,7.15,7.2856,7.44,7.59,7.74,7.88,8.03,8.19,8.32,8.48,8.63,8.8016,8.9472,9.09,9.26,9.4,9.56,9.72,9.88,10.06,10.21,10.37,10.52,10.71,10.9,11.06,11.21,11.38,11.5668,11.78,11.96,12.1836,12.36,12.53,12.7004,12.866,13.03,13.21,13.39,13.58,13.77,13.95,14.13,14.29,14.47,14.61,14.76,14.9,15.0588,15.2,15.36,15.52,15.64,15.7768,15.92,16.07,16.23,16.41,16.56,16.74,16.886,17.0616,17.24,17.41,17.59,17.78,18,18.24,18.49,18.71,18.96,19.3376,19.83,20.35,21.2932,21.41396,21.54,21.67924,21.8432000000001,22.0822,22.26,22.57396,22.88176,23.79,25.93
"UK094C",-7.47,-4.59264,-3.45704,-3,-2.60352,-2.3622,-2.2,-1.99308,-1.87352,-1.75396,-1.6544,-0.7188,-0.15,0.37,0.83,1.29,1.69,2.06,2.37,2.69,2.9316,3.19,3.45,3.68,3.9,4.08,4.32,4.49,4.69,4.89,5.06,5.24,5.47,5.65,5.83,5.9956,6.15,6.3,6.49,6.64,6.81,6.98,7.1448,7.32,7.47,7.61,7.76,7.89,8.07,8.2,8.35,8.5,8.66,8.79,8.942,9.09,9.2432,9.4088,9.55,9.7,9.84,10.06,10.23,10.38,10.55,10.7236,10.9,11.09,11.25,11.42,11.5716,11.71,11.88,12.0784,12.22,12.39,12.58,12.7408,12.9,13.032,13.2076,13.34,13.51,13.65,13.79,13.93,14.08,14.23,14.37,14.53,14.67,14.82,14.9748,15.16,15.32,15.48,15.65,15.83,16.0084,16.2,16.43,16.65,16.92,17.1864,17.492,18.04,18.5332,19.1088,20.1988,20.31396,20.41352,20.62232,20.89528,21.1222,21.24352,21.53528,22.2072799999999,22.78088,25.55
"UK095C",-8.4,-3.07276,-1.93704,-1.6466,-1.3988,-1.11,-0.96528,-0.82308,-0.70352,-0.52792,-0.42,0.36,0.9,1.3624,1.75,2.07,2.39,2.68,2.9804,3.24,3.45,3.67,3.86,4.06,4.28,4.45,4.6552,4.84,5.02,5.18,5.32,5.5032,5.66,5.85,6.02,6.1756,6.32,6.46,6.62,6.77,6.9036,7.05,7.2,7.36,7.5,7.71,7.87,8.03,8.19,8.32,8.47,8.6552,8.82,8.98,9.14,9.3176,9.5,9.7,9.85,10,10.16,10.36,10.5068,10.6524,10.83,10.99,11.17,11.35,11.5104,11.7,11.85,11.9972,12.1528,12.34,12.53,12.69,12.8752,13.04,13.17,13.32,13.49,13.66,13.79,13.93,14.07,14.23,14.3612,14.52,14.67,14.848,15.0136,15.16,15.32,15.49,15.65,15.86,16.0172,16.2,16.38,16.604,16.81,17.1352,17.38,17.68,18.04,18.47,18.94,19.44,20.4344,20.55792,20.74112,20.89,21.01,21.1922,21.40176,21.72,21.97176,22.5788000000003,24.68
"UK096C",-6.37,-3.1544,-2.21088,-1.92264,-1.75176,-1.4332,-1.1832,-1.06308,-0.88,-0.71,-0.5888,0.2412,0.78,1.3124,1.76,2.15,2.5092,2.83,3.1004,3.43,3.67,3.93,4.18,4.4,4.66,4.86,5.07,5.3,5.49,5.66,5.83,5.98,6.1488,6.33,6.51,6.6856,6.83,6.9668,7.12,7.29,7.48,7.62,7.77,7.94,8.09,8.29,8.44,8.59,8.74,8.9,9.0796,9.24,9.38,9.57,9.74,9.9176,10.07,10.22,10.42,10.58,10.74,10.9,11.11,11.28,11.49,11.7036,11.9,12.05,12.2204,12.376,12.5616,12.74,12.9128,13.1,13.3,13.47,13.64,13.83,13.99,14.15,14.31,14.45,14.62,14.77,14.92,15.08,15.2,15.37,15.5224,15.68,15.83,16.02,16.19,16.3604,16.54,16.71,16.8872,17.07,17.27,17.524,17.73,17.97,18.23,18.5,18.81,19.18,19.68,20.35,21.3176,21.5,21.6,21.80616,21.98264,22.2454,22.48528,22.70132,23.06176,23.8979200000003,25.89
"UK097C",-6.78,-3.63,-2.89144,-2.47452,-2.08288,-1.91,-1.73792,-1.51232,-1.34,-1.23396,-1.0832,-0.1088,0.49,0.9924,1.41,1.8,2.2092,2.58,2.89,3.19,3.46,3.6972,3.9328,4.13,4.39,4.64,4.85,5.03,5.24,5.45,5.61,5.78,5.99,6.16,6.35,6.5256,6.68,6.8168,6.97,7.14,7.31,7.48,7.64,7.8,7.94,8.13,8.31,8.46,8.62,8.79,8.93,9.12,9.28,9.42,9.58,9.77,9.94,10.11,10.27,10.45,10.6456,10.8112,10.98,11.14,11.31,11.48,11.66,11.85,12.0004,12.19,12.34,12.55,12.73,12.9,13.09,13.29,13.46,13.61,13.8064,13.96,14.12,14.28,14.43,14.57,14.72,14.89,15.04,15.19,15.3424,15.5,15.7,15.8792,16.03,16.22,16.38,16.56,16.74,16.94,17.13,17.324,17.58,17.8352,18.09,18.4564,18.85,19.3176,19.8632,20.5588,21.6,21.72792,21.91,22.05,22.2358400000001,22.4632,22.73352,23.0366,23.35792,23.9748400000002,26.16
"UK098C",-4.94,-2.4854,-1.91,-1.64264,-1.24352,-0.9866,-0.77264,-0.59308,-0.46704,-0.27,-0.1188,0.6424,1.19,1.72,2.12,2.4936,2.8692,3.1648,3.4304,3.706,3.98,4.23,4.45,4.68,4.92,5.15,5.35,5.5408,5.71,5.9,6.05,6.19,6.35,6.5,6.67,6.84,7.0012,7.15,7.31,7.45,7.6136,7.77,7.92,8.06,8.22,8.39,8.54,8.72,8.86,9.04,9.18,9.34519999999999,9.54,9.7,9.86,10.02,10.18,10.36,10.5344,10.68,10.8856,11.0512,11.23,11.41,11.64,11.85,12.03,12.2,12.3604,12.53,12.72,12.89,13.0728,13.24,13.42,13.59,13.81,13.97,14.15,14.28,14.4176,14.55,14.73,14.9,15.07,15.2,15.34,15.49,15.6524,15.8,15.96,16.13,16.31,16.47,16.66,16.82,17.01,17.17,17.37,17.58,17.8,18.04,18.29,18.58,18.89,19.21,19.64,20.2288,21.1,21.20396,21.29352,21.56308,21.75528,21.9522,22.13176,22.39132,22.61584,23.4335200000001,25.01
"UK099C",-5.62,-2.9288,-2.14528,-1.61188,-1.10584,-0.9222,-0.77264,-0.64308,-0.38704,-0.26,-0.17,0.6512,1.09,1.51,1.86,2.17,2.46,2.73,2.98,3.23,3.46,3.6572,3.86,4.03,4.19,4.39,4.58,4.75,4.91,5.102,5.25,5.38,5.53,5.6644,5.8,5.92,6.06,6.18,6.3224,6.46,6.62,6.79,6.95,7.09,7.23,7.37,7.54,7.65,7.82,7.96,8.11,8.25,8.42,8.59,8.72,8.88,9,9.15,9.31,9.47,9.62,9.78,9.93,10.08,10.24,10.39,10.57,10.75,10.91,11.06,11.21,11.37,11.51,11.66,11.81,11.98,12.13,12.2908,12.46,12.62,12.78,12.93,13.08,13.2,13.34,13.5,13.63,13.81,13.95,14.088,14.24,14.3892,14.54,14.69,14.856,15.0016,15.16,15.31,15.5,15.72,15.96,16.2,16.4,16.65,17.02,17.3476,17.76,18.29,19.23,19.33,19.44352,19.58,19.72264,19.94,20.04704,20.25396,20.61088,21.26088,24.85
"UK100C",-6.19,-3.51,-3.01264,-2.6266,-2.28528,-1.89,-1.76528,-1.62,-1.50352,-1.35396,-1.1832,-0.31,0.35,0.78,1.308,1.75,2.12,2.5048,2.8104,3.1,3.38,3.6372,3.92,4.15,4.37,4.64,4.8452,5.05,5.23,5.41,5.62,5.8,5.9988,6.19,6.36,6.54,6.72,6.85,7.0024,7.15,7.33,7.48,7.65,7.82,7.97,8.12,8.28,8.4128,8.58,8.72,8.85,9.02,9.21,9.35,9.48,9.62,9.75,9.93,10.09,10.25,10.41,10.5912,10.8,10.96,11.14,11.31,11.4892,11.65,11.83,12.026,12.18,12.3372,12.5028,12.72,12.87,13.02,13.1952,13.4,13.57,13.73,13.87,14.04,14.1988,14.36,14.48,14.63,14.77,14.92,15.06,15.22,15.4036,15.55,15.7,15.86,16.016,16.21,16.37,16.56,16.76,16.97,17.1696,17.37,17.63,17.9,18.19,18.67,19.1664,19.8488,21.06,21.22792,21.45704,21.63,21.83792,22.0944,22.35176,22.64792,23.09704,23.7730800000001,25.59
"UK101C",-8.2,-3.75088,-3.23176,-2.77396,-2.42056,-2.2688,-2.03264,-1.76232,-1.65056,-1.53792,-1.39,-0.38,0.21,0.7748,1.18,1.5636,2.02,2.3548,2.66,2.96,3.27,3.53,3.74,4.03,4.25,4.5096,4.73,4.9108,5.12,5.31,5.48,5.6732,5.87,6.0344,6.24,6.41,6.56,6.71,6.88,7.05,7.21,7.3692,7.52,7.68,7.85,8.01,8.17,8.33,8.51,8.674,8.83,9,9.14,9.3,9.48,9.63,9.82,9.97,10.16,10.32,10.49,10.6512,10.83,11.0124,11.18,11.35,11.54,11.7248,11.88,12.05,12.25,12.42,12.61,12.7884,12.974,13.11,13.3,13.5,13.7,13.862,14.03,14.18,14.33,14.49,14.64,14.79,14.94,15.0968,15.25,15.418,15.58,15.77,15.93,16.12,16.29,16.46,16.64,16.84,17.06,17.28,17.5296,17.75,18.03,18.31,18.7,19.1676,19.72,20.4888,21.6088,21.81,21.92352,22.11308,22.3132000000001,22.5522,22.77704,23.02396,23.40144,24.00132,26.72
"UK102C",-10.94,-6.57264,-4.60264,-3.76056,-3.23176,-2.9722,-2.67264,-2.42232,-2.25704,-2.11,-1.9288,-0.96,-0.39,-0.0375999999999999,0.35,0.6936,1.0292,1.2748,1.51,1.74,1.94,2.1472,2.32,2.52,2.72,2.9,3.08,3.27,3.4264,3.61,3.76,3.91,4.06,4.2,4.34,4.52,4.6712,4.82,5,5.16,5.32,5.47,5.61,5.76,5.91,6.07,6.21,6.37,6.4984,6.7,6.85,6.98,7.14,7.31,7.46,7.64,7.81,7.94,8.07,8.22,8.38,8.52,8.65,8.81,8.958,9.13,9.3,9.4748,9.63,9.79,9.9316,10.09,10.25,10.43,10.59,10.74,10.9,11.04,11.2,11.35,11.51,11.64,11.78,11.93,12.08,12.2056,12.34,12.4568,12.58,12.72,12.86,13.01,13.1548,13.28,13.4,13.54,13.7,13.8528,14.05,14.234,14.41,14.61,14.82,15.07,15.312,15.6076,16.04,16.53,17.3588,17.47396,17.57704,17.86,17.99,18.15,18.36704,18.63,18.8444,19.2622000000001,20.62
"UK103C",-11.2,-6.91188,-4.73704,-3.94132,-3.41352,-3.0522,-2.93264,-2.73,-2.50352,-2.31792,-2.1776,-1.1876,-0.6632,-0.21,0.128000000000001,0.4836,0.85,1.15,1.41,1.706,1.91,2.15,2.37,2.58,2.77,2.98,3.17,3.37,3.54,3.72,3.8776,4.01,4.14,4.31,4.49,4.64,4.85,5.02,5.19,5.35,5.48,5.64,5.81,5.9704,6.116,6.28,6.43,6.6,6.7484,6.9,7.03,7.1652,7.33,7.4664,7.63,7.7876,7.92,8.06,8.19,8.35,8.47,8.6212,8.77,8.9,9.06,9.23,9.39,9.57,9.75,9.89,10.0516,10.21,10.3528,10.5084,10.67,10.83,10.99,11.1408,11.31,11.46,11.59,11.73,11.87,12.01,12.14,12.28,12.41,12.53,12.66,12.78,12.9,13.03,13.2,13.3304,13.5,13.65,13.7972,13.95,14.12,14.28,14.4596,14.65,14.8716,15.15,15.49,15.84,16.25,16.87,17.7744,17.86,17.99056,18.12616,18.32,18.52,18.70352,19.16132,19.38968,19.7974800000003,21.72
"UK104C",-6.86,-3.33572,-2.88,-2.36132,-2.04584,-1.7444,-1.62,-1.49616,-1.33352,-1.2,-1.0844,-0.1988,0.3868,0.8924,1.37,1.85,2.22,2.56,2.89,3.17,3.49,3.72,3.99,4.23,4.49,4.74,4.97,5.14,5.32,5.51,5.71,5.88,6.0788,6.28,6.48,6.64,6.81,6.96,7.1,7.26,7.44,7.6,7.76,7.92,8.06,8.2116,8.39,8.54,8.69,8.85,8.99,9.14,9.32,9.49,9.63,9.78,9.92,10.09,10.2344,10.4,10.59,10.77,10.95,11.12,11.3,11.4636,11.65,11.84,11.99,12.18,12.34,12.51,12.69,12.88,13.05,13.22,13.41,13.58,13.7764,13.91,14.06,14.2,14.39,14.56,14.7,14.84,14.96,15.12,15.27,15.44,15.62,15.79,15.95,16.0804,16.26,16.4116,16.6172,16.81,17.01,17.2,17.41,17.65,17.9,18.1864,18.49,18.91,19.49,20.1988,21.49,21.66,21.76,21.97308,22.17264,22.4344,22.69176,22.9637599999999,23.32088,24.1367200000006,25.95
"UK105C",-5.07,-1.2644,-0.67232,-0.41528,-0.06,0.0578,0.19,0.28384,0.38296,0.48604,0.6056,1.29,1.7968,2.3,2.738,3.12,3.5,3.76,4,4.286,4.51,4.7372,4.92,5.12,5.3,5.48,5.67,5.8,5.97,6.14,6.29,6.44,6.57,6.69,6.81,6.92,7.07,7.1968,7.33,7.43,7.57,7.71,7.82,7.94,8.07,8.2,8.34,8.45,8.57,8.69,8.82,8.94,9.09,9.22,9.342,9.47,9.63,9.79,9.99,10.14,10.3,10.47,10.64,10.79,10.95,11.11,11.26,11.42,11.61,11.77,11.94,12.09,12.24,12.4,12.57,12.72,12.87,13,13.1664,13.31,13.45,13.57,13.7,13.83,13.97,14.09,14.2012,14.32,14.4324,14.56,14.6836,14.8,14.93,15.06,15.18,15.33,15.43,15.56,15.69,15.86,16.08,16.26,16.47,16.67,16.942,17.24,17.6664,18.2576,19.2044,19.35396,19.53352,19.66924,19.84,20,20.23176,20.4532,21.15264,21.65088,23.17
"UK106C",-6.65,-3.11132,-2.31264,-2.06792,-1.77528,-1.52,-1.31528,-1.17308,-1.04704,-0.91792,-0.79,0.0912,0.6668,1.1924,1.68,2.0636,2.46,2.85,3.13,3.41,3.6816,3.9472,4.22,4.5084,4.73,4.9496,5.18,5.4,5.58,5.77,5.96,6.12,6.3,6.47,6.63,6.79,6.98,7.15,7.29,7.43,7.6,7.7592,7.9,8.05,8.24,8.44,8.56,8.72,8.8684,9.04,9.19,9.36,9.54,9.69,9.88,10.05,10.2,10.36,10.54,10.71,10.86,11.04,11.21,11.4,11.58,11.79,12.02,12.18,12.38,12.53,12.7016,12.87,13.05,13.23,13.41,13.58,13.7752,13.96,14.1064,14.27,14.43,14.61,14.76,14.9,15.03,15.19,15.34,15.48,15.62,15.76,15.94,16.0992,16.28,16.45,16.636,16.77,16.9772,17.17,17.37,17.57,17.79,17.98,18.2208,18.52,18.83,19.2676,19.85,20.57,21.8044,22.01,22.14704,22.30924,22.54792,22.7922,23.04056,23.24132,23.71704,24.3967200000006,27.1
"UK107C",-8.09,-3.58264,-3.11264,-2.67,-2.37704,-2.1422,-1.88264,-1.76308,-1.64056,-1.47396,-1.33,-0.45,0.1068,0.63,1.03,1.51,1.87,2.2048,2.5204,2.81,3.09,3.33,3.57,3.8184,4.09,4.31,4.54,4.73,4.93,5.12,5.29,5.46,5.64,5.8544,6.04,6.2,6.36,6.53,6.69,6.86,7.05,7.17,7.33,7.5,7.65,7.82,7.97,8.14,8.3,8.45,8.62,8.76,8.94,9.11,9.28,9.4276,9.58,9.75,9.91,10.06,10.24,10.42,10.5968,10.75,10.94,11.12,11.29,11.5,11.64,11.816,11.99,12.18,12.36,12.52,12.714,12.9,13.07,13.25,13.41,13.57,13.7376,13.9,14.06,14.22,14.37,14.5,14.6412,14.8168,14.9624,15.12,15.3,15.47,15.63,15.79,15.96,16.12,16.34,16.52,16.71,16.96,17.18,17.42,17.67,17.96,18.27,18.7376,19.28,20.1688,21.3044,21.48792,21.66704,21.80308,21.87528,22.21,22.39704,22.63528,22.93176,23.90044,26.34
"UK108C",-9.78,-4.69352,-3.61968,-3.09924,-2.83352,-2.6022,-2.46264,-2.26308,-2.11,-2.05396,-1.9144,-1.0688,-0.4932,0.02,0.398000000000001,0.82,1.22,1.54,1.9,2.206,2.45,2.69,2.9228,3.14,3.324,3.54,3.71,3.89,4.0864,4.26,4.45,4.6232,4.81,4.96,5.12,5.2456,5.39,5.56,5.71,5.86,6,6.17,6.35,6.5,6.65,6.7816,6.94,7.1,7.22,7.34,7.5,7.63,7.7608,7.9,8.06,8.23,8.37,8.53,8.7,8.83,8.99,9.16,9.3368,9.51,9.67,9.83,10.01,10.19,10.33,10.48,10.63,10.83,10.99,11.15,11.28,11.44,11.58,11.76,11.91,12.06,12.19,12.32,12.45,12.61,12.75,12.89,13.03,13.18,13.33,13.46,13.6,13.74,13.87,14.01,14.156,14.3,14.46,14.61,14.78,14.96,15.17,15.44,15.69,15.9864,16.31,16.6976,17.2132,17.79,18.97,19.12396,19.26,19.37,19.49,19.66,19.90232,20.22264,20.54264,21.1393600000007,22.64
"UK109C",-10,-3.63528,-3.1188,-2.41132,-2.04704,-1.8144,-1.54792,-1.41308,-1.25408,-1.00792,-0.8944,-0.11,0.5568,1.1,1.6,2.0136,2.4692,2.8,3.13,3.45,3.79,4.05,4.2928,4.5,4.73,4.96,5.15,5.36,5.55,5.72,5.88,6.0632,6.26,6.44,6.61,6.78,6.9612,7.13,7.29,7.45,7.5736,7.73,7.86,8,8.15,8.3,8.4372,8.5828,8.71,8.83,8.95,9.1,9.2308,9.39,9.52,9.69,9.82,9.96,10.1444,10.29,10.44,10.6,10.78,10.92,11.128,11.31,11.46,11.65,11.8304,12.01,12.1816,12.33,12.49,12.65,12.83,13.02,13.18,13.32,13.48,13.64,13.8,13.94,14.08,14.23,14.36,14.4956,14.64,14.76,14.88,15.018,15.17,15.33,15.49,15.63,15.78,15.93,16.09,16.27,16.45,16.63,16.84,17.07,17.2908,17.56,17.95,18.24,18.67,19.3188,20.5044,20.62,20.82056,20.91924,21.25792,21.5466,21.82176,22.57,22.79264,23.4144000000002,25.02
"UK110C",-5.44,-2.98452,-2.41792,-2.06132,-1.55176,-1.2222,-1.04264,-0.89924,-0.76352,-0.63396,-0.5044,0.2512,0.75,1.1824,1.52,1.85,2.14,2.43,2.69,2.95,3.2,3.4,3.61,3.78,3.984,4.1596,4.33,4.52,4.68,4.87,4.9976,5.1832,5.3388,5.48,5.6,5.74,5.88,6.02,6.19,6.328,6.47,6.64,6.7748,6.93,7.07,7.22,7.37,7.54,7.67,7.80400000000001,7.96,8.1252,8.26,8.4164,8.57,8.71,8.85,9.01,9.17,9.33,9.48,9.6512,9.8,9.94,10.12,10.2636,10.44,10.6,10.77,10.93,11.09,11.23,11.39,11.56,11.71,11.87,12.02,12.19,12.36,12.54,12.68,12.82,12.96,13.1,13.23,13.37,13.54,13.69,13.85,13.98,14.14,14.2992,14.45,14.59,14.73,14.89,15.0472,15.23,15.4,15.62,15.8596,16.0752,16.32,16.5964,16.912,17.25,17.6832,18.29,19.2488,19.35396,19.47,19.55616,19.68264,19.8644,20.09352,20.28924,20.65,21.3539600000002,24.49
"UK111C",-7.36,-3.80352,-2.93616,-2.51264,-2.27176,-2.0422,-1.88264,-1.57,-1.47,-1.28396,-1.18,-0.2988,0.27,0.77,1.246,1.7,2.08,2.41,2.74,3.09,3.36,3.63,3.89,4.12,4.344,4.5796,4.79,5.01,5.2164,5.382,5.56,5.7732,5.9388,6.11,6.32,6.49,6.6612,6.81,6.9724,7.15,7.31,7.47,7.63,7.7704,7.93,8.08,8.24,8.4028,8.54,8.69,8.86,9.01,9.17,9.3364,9.52,9.64,9.76,9.93,10.09,10.28,10.43,10.61,10.81,10.97,11.16,11.3236,11.51,11.6648,11.83,12,12.15,12.34,12.54,12.7,12.9,13.08,13.2452,13.42,13.57,13.78,13.93,14.06,14.21,14.3844,14.54,14.69,14.83,14.97,15.12,15.29,15.4636,15.66,15.82,15.97,16.11,16.28,16.47,16.67,16.86,17.05,17.27,17.52,17.76,18.07,18.412,18.8676,19.3532,20.14,21.3244,21.50792,21.68704,21.89308,22.05264,22.1922,22.51,22.7871599999999,23.21088,24.06088,25.7
"UK112C",-4.24,-1.53628,-0.87792,-0.17132,0.13648,0.3612,0.64472,0.84,1.03296,1.27416,1.4212,2.3612,2.94,3.48,3.85,4.19,4.54,4.8796,5.17,5.4,5.6116,5.8772,6.0828,6.2484,6.424,6.61,6.77,6.95,7.1,7.23,7.38,7.52,7.6588,7.79,7.91,8.04,8.17,8.29,8.42,8.54,8.65,8.76,8.87,8.99,9.12,9.23,9.3172,9.42,9.53,9.65,9.7696,9.88,10,10.12,10.262,10.39,10.51,10.66,10.79,10.92,11.07,11.22,11.38,11.54,11.71,11.89,12.03,12.2,12.36,12.52,12.66,12.7872,12.95,13.07,13.23,13.39,13.52,13.66,13.7864,13.92,14.06,14.19,14.31,14.43,14.54,14.68,14.8,14.91,15.03,15.15,15.27,15.39,15.5,15.6204,15.74,15.87,15.9972,16.14,16.27,16.434,16.58,16.7252,16.89,17.08,17.31,17.57,17.8732,18.3,19.0344,19.14584,19.25,19.42,19.56264,19.7544,20.03,20.41528,20.64088,21.2039600000002,22.49
"UK113C",-6.92,-3.47352,-2.43616,-2.13132,-1.73408,-1.5166,-1.40528,-1.27,-1.12,-0.98396,-0.91,-0.1088,0.4,0.92,1.368,1.74,2.13,2.47,2.8004,3.08,3.36,3.6,3.7928,3.98,4.2,4.43,4.62,4.8,4.9664,5.15,5.32,5.48,5.63,5.79,5.92,6.07,6.21,6.36,6.52,6.65,6.79,6.9392,7.06,7.2,7.36,7.52,7.64,7.78,7.89,8.01,8.15,8.28,8.42,8.57,8.71,8.8776,9.03,9.19,9.35,9.51,9.67,9.82,9.97,10.15,10.33,10.49,10.67,10.83,10.99,11.16,11.32,11.48,11.6228,11.8,11.96,12.1,12.24,12.4,12.56,12.69,12.8,12.95,13.09,13.24,13.39,13.53,13.65,13.7968,13.92,14.04,14.16,14.29,14.42,14.56,14.7,14.85,14.99,15.12,15.29,15.45,15.65,15.89,16.1308,16.43,16.732,17.1,17.5332,18.17,19.2976,19.52396,19.65352,19.74616,19.84264,20.0122,20.24352,20.62264,21.09264,21.7788000000003,22.98
"UK114C",-7.85,-3.51044,-2.85352,-2.55396,-2.25,-1.9566,-1.72264,-1.58,-1.45,-1.31,-1.1888,-0.2988,0.27,0.8024,1.208,1.6536,2.03,2.37,2.68,2.94,3.23,3.4972,3.73,3.97,4.244,4.49,4.66,4.88,5.09,5.27,5.43,5.62,5.8,6.01,6.18,6.34,6.49,6.66,6.82,7,7.16,7.31,7.44,7.6204,7.79,7.96,8.11,8.2728,8.42,8.6,8.76,8.9,9.07,9.2364,9.42,9.58,9.73,9.9,10.06,10.22,10.3756,10.54,10.73,10.9,11.07,11.27,11.46,11.66,11.8004,11.966,12.1416,12.33,12.51,12.68,12.86,13.0496,13.2452,13.42,13.55,13.73,13.8976,14.0432,14.21,14.37,14.51,14.64,14.8,14.97,15.11,15.27,15.45,15.61,15.77,15.95,16.11,16.26,16.47,16.68,16.86,17.094,17.33,17.5752,17.83,18.1364,18.44,18.9176,19.42,20.2788,21.4164,21.60792,21.83704,21.97,22.10528,22.3044,22.59176,22.85264,23.07088,23.97044,26.51
"UK115C",-8.07,-4.14352,-3.34936,-3.01,-2.66176,-2.4044,-2.22264,-1.94308,-1.72352,-1.61396,-1.5344,-0.5788,0.00680000000000007,0.49,1.05,1.4936,1.85,2.18,2.4904,2.816,3.1116,3.37,3.6328,3.8684,4.07,4.29,4.51,4.74,4.94,5.12,5.28,5.45,5.64,5.8144,6,6.15,6.36,6.54,6.7,6.88,7.04,7.2,7.33,7.47,7.64,7.7916,7.96,8.14,8.28,8.43,8.5896,8.74,8.9008,9.06,9.2,9.35,9.52,9.69,9.84,10.01,10.17,10.35,10.52,10.69,10.87,11.03,11.2092,11.39,11.56,11.73,11.91,12.08,12.23,12.4084,12.6,12.7796,12.95,13.12,13.28,13.44,13.62,13.77,13.94,14.09,14.24,14.36,14.5,14.6568,14.82,14.998,15.17,15.33,15.49,15.6404,15.826,15.98,16.14,16.37,16.57,16.77,16.9996,17.24,17.5108,17.78,18.15,18.62,19.12,19.89,21.03,21.17396,21.30352,21.56,21.71264,21.97,22.24176,22.51,22.79496,23.48088,25.65
"UK116C",-7.83,-4.47716,-3.38176,-2.8466,-2.62528,-2.361,-2.28264,-2.0854,-1.92352,-1.87,-1.7488,-0.75,-0.1832,0.28,0.69,1.18,1.5392,1.88,2.19,2.47,2.74,2.99,3.23,3.45,3.644,3.85,4.07,4.2408,4.42,4.61,4.78,4.99,5.15,5.3544,5.54,5.68,5.86,6.0068,6.15,6.32,6.49,6.67,6.85,7,7.146,7.31,7.46,7.59,7.75,7.89,8.05,8.19,8.3308,8.46,8.61,8.78,8.94,9.12,9.25,9.4,9.57,9.74,9.92,10.09,10.25,10.41,10.6,10.78,10.92,11.096,11.28,11.42,11.57,11.76,11.914,12.07,12.25,12.42,12.56,12.7,12.86,13.01,13.1488,13.31,13.45,13.59,13.75,13.91,14.04,14.2,14.3436,14.49,14.6348,14.78,14.94,15.11,15.2972,15.47,15.6584,15.86,16.0596,16.31,16.58,16.84,17.132,17.65,18.21,18.8476,19.9388,20.05396,20.18352,20.37616,20.60264,20.84,20.96056,21.28,21.77264,22.4144000000002,25.13
"UK117C",-4.59,-2.77308,-1.96264,-1.5,-1.24176,-1.15,-0.79528,-0.63,-0.5,-0.38396,-0.24,0.47,1.05,1.5424,1.92,2.3,2.57,2.89,3.17,3.426,3.67,3.9072,4.14,4.36,4.57,4.78,4.96,5.14,5.33,5.52,5.68,5.83,5.98,6.16,6.31,6.5,6.6512,6.79,6.9424,7.09,7.22,7.37,7.52,7.6704,7.85,8.05,8.23,8.37,8.55,8.69,8.85,9.03,9.23,9.38,9.55,9.7,9.89,10.08,10.25,10.43,10.6256,10.7812,10.97,11.14,11.34,11.51,11.68,11.84,12.02,12.2,12.37,12.55,12.74,12.89,13.08,13.26,13.42,13.5908,13.73,13.89,14.01,14.17,14.34,14.47,14.66,14.82,14.9712,15.14,15.29,15.45,15.63,15.81,15.99,16.17,16.35,16.5016,16.69,16.88,17.08,17.29,17.53,17.78,18.04,18.37,18.72,19.18,19.64,20.1688,21.1432,21.22396,21.36352,21.54,21.76528,21.9866,22.27528,22.44528,22.8244,23.4144000000002,25
"UK118C",-7.2,-3.17044,-2.46088,-2.14,-1.87,-1.5744,-1.41,-1.27308,-1.12352,-1.02,-0.91,0.02,0.57,1.1048,1.608,2.02,2.41,2.7648,3.05,3.36,3.61,3.88,4.15,4.42,4.69,4.9296,5.14,5.33,5.52,5.7,5.89,6.09,6.25,6.46,6.65,6.8456,6.9612,7.1168,7.2824,7.48,7.62,7.7792,7.92,8.0804,8.22,8.3916,8.55,8.73,8.88,9.05,9.2096,9.36,9.52,9.67,9.84,10.02,10.16,10.33,10.4744,10.64,10.8,10.9812,11.15,11.34,11.53,11.7,11.9,12.08,12.25,12.406,12.6,12.77,12.9328,13.1484,13.33,13.4896,13.66,13.85,14.0064,14.18,14.3276,14.48,14.64,14.8144,14.97,15.1,15.25,15.38,15.55,15.71,15.8736,16.03,16.21,16.38,16.53,16.7,16.87,17.06,17.26,17.474,17.69,17.91,18.2,18.4664,18.79,19.2052,19.8,20.5488,21.7744,21.95396,22.15352,22.31,22.47792,22.6822,22.95176,23.17528,23.54,24.2405600000004,26.69
"UK119C",-6.55,-3.99176,-2.85264,-2.39584,-2.12176,-1.9544,-1.66,-1.49,-1.41,-1.28396,-1.1644,-0.33,0.25,0.8424,1.26,1.7,2.12,2.4648,2.78,3.04,3.34,3.62,3.84,4.0584,4.25,4.4496,4.62,4.82,5.0064,5.2,5.36,5.55,5.74,5.93,6.08,6.2356,6.39,6.54,6.71,6.868,7.03,7.2,7.35,7.53,7.66,7.81,7.95,8.1,8.24,8.39,8.5096,8.66,8.79,8.9264,9.09,9.25,9.4132,9.5788,9.71,9.87,10.05,10.19,10.36,10.54,10.72,10.9,11.0692,11.2248,11.38,11.54,11.7,11.8572,12.0128,12.18,12.36,12.5196,12.68,12.84,12.98,13.13,13.26,13.41,13.57,13.7044,13.86,14.01,14.14,14.3,14.44,14.56,14.7,14.84,14.98,15.11,15.29,15.45,15.6,15.79,15.98,16.15,16.35,16.57,16.86,17.15,17.45,17.8676,18.3532,19,19.96,20.22,20.32,20.49,20.63528,20.8166,21.01056,21.3532,21.95352,22.6535200000001,24.61
"UK120C",-4.89,-2.89308,-1.9044,-1.50528,-1.23176,-0.98,-0.78264,-0.62,-0.44056,-0.21396,-0.14,0.58,1.2068,1.6548,2.08,2.43,2.75,3.08,3.4104,3.64,3.9,4.15,4.36,4.62,4.86,5.07,5.28,5.46,5.63,5.802,5.9876,6.12,6.26,6.42,6.59,6.74,6.9,7.06,7.21,7.34,7.5136,7.67,7.82,7.95,8.1,8.29,8.4572,8.62,8.78,8.93,9.0896,9.26,9.4308,9.61,9.79,9.93,10.08,10.27,10.45,10.61,10.79,10.98,11.1768,11.35,11.56,11.75,11.9592,12.11,12.31,12.46,12.6316,12.82,13,13.14,13.32,13.5,13.7,13.89,14.03,14.19,14.32,14.46,14.64,14.79,14.95,15.1456,15.27,15.42,15.57,15.72,15.88,16.04,16.21,16.4,16.59,16.76,16.92,17.1,17.27,17.48,17.73,17.96,18.21,18.4964,18.802,19.14,19.52,20.17,21.0344,21.15792,21.24704,21.36616,21.47528,21.7132,21.96528,22.22,22.73352,23.2061600000002,24.84
"UK121C",-8.02,-4.20176,-3.72968,-2.90396,-2.72408,-2.5022,-2.16584,-1.96616,-1.83352,-1.68396,-1.57,-0.63,-0.0695999999999998,0.4624,0.99,1.47,1.8,2.18,2.47,2.83,3.13,3.38,3.6,3.83,4.05,4.26,4.5,4.7,4.91,5.092,5.28,5.46,5.64,5.8144,5.98,6.15,6.33,6.49,6.69,6.86,7.04,7.19,7.3348,7.46,7.63,7.77,7.94,8.11,8.27,8.4,8.52,8.66,8.81,8.96,9.092,9.2676,9.3932,9.55,9.7044,9.88,10.03,10.22,10.37,10.56,10.768,10.93,11.08,11.2648,11.4104,11.59,11.77,11.9172,12.1,12.28,12.45,12.64,12.8,12.94,13.12,13.28,13.44,13.61,13.74,13.89,14.04,14.19,14.33,14.46,14.6224,14.8,14.97,15.1292,15.28,15.42,15.59,15.74,15.9372,16.1128,16.33,16.5,16.71,16.96,17.24,17.5,17.832,18.2576,18.7264,19.3888,20.5444,20.62,20.84352,21.06924,21.2358400000001,21.4722,21.71176,22.1,22.6,23.1461600000002,24.65
"UK122C",-7.37,-3.98044,-3.54088,-2.8132,-2.46176,-2.1366,-1.92264,-1.68616,-1.56352,-1.4,-1.28,-0.4,0.2268,0.7724,1.27,1.7536,2.12,2.4748,2.7904,3.13,3.44,3.7,3.93,4.15,4.384,4.58,4.84,5.03,5.2364,5.442,5.61,5.81,5.97,6.14,6.31,6.51,6.68,6.84,7.01,7.17,7.35,7.5,7.65,7.79,7.94,8.11,8.27,8.42,8.58,8.71,8.82,8.94,9.11,9.27,9.43,9.56,9.7,9.84,10.02,10.19,10.35,10.5312,10.67,10.86,11.06,11.2236,11.3992,11.57,11.74,11.906,12.09,12.2472,12.41,12.57,12.76,12.9396,13.12,13.26,13.43,13.62,13.7576,13.91,14.06,14.22,14.35,14.48,14.63,14.78,14.93,15.1,15.24,15.4192,15.56,15.7104,15.866,16.02,16.22,16.39,16.56,16.77,16.98,17.22,17.48,17.76,18.07,18.4776,18.9032,19.59,20.7488,20.83792,21.08,21.23308,21.47056,21.6544,21.92056,22.44132,22.73088,23.5522000000001,25.07
"UK123C",-7.38,-3.3122,-2.71176,-2.41396,-2.16056,-1.7666,-1.66264,-1.52616,-1.38112,-1.26,-1.09,-0.2188,0.3868,0.92,1.42,1.8636,2.25,2.62,2.91,3.206,3.4716,3.7372,4,4.27,4.57,4.82,5.03,5.22,5.38,5.59,5.78,5.97,6.16,6.36,6.55,6.7356,6.88,7.04,7.21,7.37,7.53,7.6992,7.83,7.99,8.15,8.32,8.49,8.64,8.8084,8.96,9.11,9.25,9.43,9.59,9.76,9.91,10.06,10.22,10.39,10.54,10.69,10.8912,11.07,11.24,11.42,11.61,11.77,11.98,12.15,12.31,12.49,12.66,12.8228,13.0484,13.22,13.37,13.54,13.7508,13.92,14.08,14.2276,14.37,14.5488,14.7044,14.86,15.0056,15.13,15.28,15.44,15.6,15.79,15.94,16.1,16.27,16.44,16.6,16.79,16.98,17.16,17.38,17.59,17.8252,18.09,18.36,18.68,19.1,19.69,20.39,21.6776,21.8598,22.00704,22.15616,22.40056,22.6644,22.88352,23.17,23.56088,24.4222000000001,26.39
"UK124C",-12.37,-6.2544,-4.35088,-3.80188,-3.16,-2.9788,-2.80528,-2.6,-2.39352,-2.28396,-2.1288,-1.3,-0.74,-0.26,0.1,0.45,0.8,1.1048,1.42,1.716,1.9516,2.19,2.3928,2.63,2.83,3.01,3.2,3.3908,3.6,3.78,3.9376,4.1,4.25,4.42,4.58,4.71,4.9,5.0568,5.22,5.39,5.54,5.71,5.89,6.03,6.17,6.33,6.45,6.62,6.78,6.93,7.08,7.22,7.34,7.48,7.63,7.77,7.91,8.07,8.22,8.35,8.51,8.69,8.8668,9.03,9.208,9.37,9.54,9.68,9.8304,10.006,10.17,10.33,10.48,10.61,10.78,10.93,11.11,11.2608,11.4,11.532,11.68,11.83,11.98,12.13,12.27,12.39,12.54,12.68,12.85,12.97,13.1,13.26,13.41,13.52,13.68,13.83,13.98,14.16,14.32,14.54,14.72,14.94,15.2,15.45,15.81,16.18,16.6432,17.3088,18.2732,18.42792,18.6,18.80308,19.0732,19.3,19.56704,19.9532,20.36088,20.8,22.36
"UK125C",-6.83,-3.19396,-2.51352,-2.26,-1.92176,-1.6766,-1.57264,-1.42,-1.26,-1.0498,-0.9144,-0.06,0.56,1.09,1.5,2.01,2.39,2.8048,3.09,3.35,3.63,3.8972,4.19,4.49,4.74,4.9596,5.17,5.38,5.57,5.76,5.9476,6.13,6.33,6.52,6.7,6.86,7.02,7.17,7.34,7.5,7.64,7.77,7.92,8.09,8.26,8.4,8.56,8.72,8.8684,9,9.16,9.3,9.5,9.6464,9.8,9.96,10.1,10.28,10.45,10.6,10.77,10.96,11.12,11.29,11.45,11.63,11.81,12,12.2,12.39,12.57,12.74,12.89,13.09,13.27,13.42,13.5952,13.79,13.95,14.12,14.28,14.44,14.56,14.7,14.86,15.03,15.15,15.3,15.45,15.59,15.75,15.9,16.04,16.21,16.36,16.53,16.71,16.89,17.08,17.26,17.45,17.67,17.93,18.19,18.5,18.91,19.4832,20.1888,21.3988,21.53,21.6976,21.91,22.21264,22.3822,22.6488,23.03396,23.41,24.2539600000002,26.17
"UK126C",-7.56,-3.38044,-2.69176,-2.36132,-2.05704,-1.7844,-1.56264,-1.42232,-1.28704,-1.14584,-1.0144,-0.17,0.39,0.94,1.368,1.8,2.1792,2.51,2.8104,3.1,3.3616,3.6272,3.8628,4.1184,4.384,4.64,4.81,5.03,5.2264,5.4,5.57,5.74,5.9388,6.14,6.31,6.48,6.62,6.78,6.96,7.13,7.2936,7.43,7.5748,7.75,7.9,8.09,8.2472,8.39,8.55,8.73,8.88,9.02519999999999,9.1808,9.35,9.54,9.7,9.84,10.01,10.17,10.32,10.49,10.65,10.84,11.0224,11.188,11.38,11.57,11.7748,11.92,12.08,12.25,12.45,12.63,12.79,12.99,13.1596,13.3452,13.53,13.66,13.83,14,14.15,14.31,14.48,14.61,14.76,14.91,15.07,15.2224,15.38,15.55,15.71,15.88,16.04,16.19,16.36,16.56,16.76,16.95,17.174,17.4,17.63,17.91,18.1964,18.49,18.9328,19.49,20.3176,21.4088,21.67396,21.83408,22.03,22.10264,22.3244,22.64528,22.86,23.14176,23.9117600000001,26.55
"UK127C",-5.56,-2.32748,-1.84616,-1.40132,-0.92056,-0.6622,-0.47792,-0.39616,-0.19352,-0.0779199999999997,0.0356,0.8312,1.4468,1.95,2.4,2.8136,3.21,3.5748,3.89,4.17,4.44,4.74,5.01,5.23,5.414,5.64,5.84,6.03,6.17,6.362,6.5676,6.76,6.94,7.11,7.27,7.4,7.56,7.69,7.83,7.98,8.1536,8.3,8.45,8.59,8.73,8.86,8.99,9.15,9.29,9.43,9.57,9.69,9.81,9.98,10.14,10.27,10.42,10.59,10.73,10.9,11.08,11.27,11.4068,11.6,11.77,11.9636,12.14,12.32,12.51,12.7,12.8516,13.04,13.18,13.35,13.53,13.69,13.86,14.04,14.18,14.342,14.51,14.6432,14.79,14.94,15.08,15.2,15.3412,15.49,15.62,15.75,15.9,16.05,16.18,16.31,16.46,16.62,16.7672,16.93,17.1,17.29,17.48,17.7,17.9208,18.15,18.432,18.8476,19.3532,20.0488,21.0688,21.18,21.3,21.63616,21.92,22.1322,22.29704,22.71132,23.01056,24.0126400000001,25.42
"UK128C",-5.58,-2.59044,-2.14088,-1.70132,-1.25176,-1.0522,-0.76792,-0.67,-0.55,-0.37,-0.2544,0.5612,1.2,1.7,2.16,2.5836,2.9892,3.37,3.6604,3.97,4.23,4.52,4.81,5.03,5.24,5.47,5.66,5.84,6,6.23,6.43,6.61,6.8,6.9544,7.11,7.2756,7.44,7.58,7.7224,7.87,8.04,8.2,8.3348,8.5,8.64,8.77,8.9,9.06,9.21,9.36,9.51,9.65,9.78,9.91,10.082,10.22,10.3432,10.51,10.67,10.84,11.02,11.1912,11.35,11.54,11.708,11.89,12.07,12.2748,12.42,12.61,12.7916,12.9672,13.12,13.2884,13.47,13.62,13.78,13.96,14.11,14.29,14.45,14.61,14.7488,14.9,15.04,15.17,15.3,15.44,15.57,15.71,15.89,16.03,16.16,16.29,16.466,16.63,16.77,16.95,17.12,17.3,17.5,17.7452,17.96,18.2,18.522,19,19.49,20.1088,21.2544,21.45396,21.5646400000001,21.88308,22.16528,22.4,22.61584,22.99132,23.29616,24.4522000000001,25.99
"UK129C",-7.13,-3.43352,-2.86528,-2.58396,-2.31528,-1.9522,-1.80264,-1.69308,-1.49,-1.41396,-1.25,-0.3288,0.29,0.7824,1.29,1.76,2.12,2.51,2.81,3.08,3.37,3.64,3.89,4.1984,4.47,4.7,4.92,5.12,5.31,5.482,5.7,5.88,6.0888,6.29,6.47,6.64,6.81,6.96,7.11,7.29,7.44,7.6192,7.75,7.91,8.086,8.24,8.4072,8.56,8.7084,8.88,9.01,9.1752,9.35,9.5,9.67,9.81,9.94,10.12,10.28,10.45,10.61,10.8012,10.96,11.16,11.33,11.49,11.6892,11.86,12.05,12.21,12.41,12.57,12.73,12.94,13.1,13.25,13.43,13.63,13.81,13.98,14.11,14.27,14.43,14.58,14.75,14.89,15.01,15.17,15.32,15.498,15.67,15.83,15.99,16.15,16.32,16.47,16.66,16.86,17.06,17.27,17.46,17.68,17.97,18.24,18.562,18.99,19.5632,20.26,21.53,21.69792,21.82,22.11308,22.31264,22.5688,22.77,23.13264,23.49088,24.2414400000004,26.06
"UK130C",-8.33,-4.25484,-3.63176,-3.12396,-2.79408,-2.5844,-2.37528,-2.1,-1.89,-1.81396,-1.6732,-0.68,-0.1,0.37,0.91,1.37,1.74,2.0748,2.35,2.69,2.97,3.23,3.48,3.7,3.91,4.1496,4.37,4.6008,4.7764,4.95,5.11,5.2932,5.46,5.66,5.82,6,6.2,6.38,6.54,6.71,6.8636,7.02,7.1648,7.3,7.486,7.63,7.81,7.97,8.13,8.27,8.42,8.59,8.7308,8.9164,9.04,9.2,9.38,9.56,9.72,9.88,10.06,10.22,10.38,10.55,10.72,10.89,11.07,11.27,11.43,11.58,11.77,11.93,12.11,12.2784,12.444,12.65,12.81,12.97,13.15,13.32,13.5,13.66,13.81,13.95,14.11,14.24,14.39,14.54,14.7,14.88,15.04,15.2092,15.38,15.55,15.706,15.8616,16.04,16.2528,16.47,16.67,16.87,17.15,17.41,17.6764,18.052,18.5176,19.05,19.7888,20.9588,21.07584,21.26704,21.45308,21.68792,21.84,22.08704,22.36132,22.73088,23.4335200000001,25.47
"UK131C",-7.99,-3.97044,-3.39088,-2.93132,-2.64528,-2.3822,-2.15584,-1.86308,-1.71704,-1.60396,-1.5032,-0.5688,0.1,0.5924,1.038,1.4536,1.83,2.22,2.52,2.83,3.11,3.34,3.56,3.82,4.02,4.26,4.5,4.69,4.87,5.07,5.2376,5.41,5.61,5.78,5.97,6.15,6.3,6.48,6.64,6.78,6.9636,7.11,7.28,7.4204,7.596,7.75,7.93,8.08,8.2484,8.41,8.59,8.73,8.8508,9.03,9.19,9.37,9.54,9.7288,9.87,10.05,10.2256,10.4,10.56,10.72,10.89,11.06,11.24,11.42,11.6004,11.75,11.95,12.1,12.29,12.47,12.68,12.83,13,13.21,13.3664,13.54,13.7,13.87,14.01,14.17,14.32,14.45,14.62,14.77,14.93,15.08,15.29,15.4592,15.61,15.77,15.92,16.11,16.3,16.4928,16.7,16.93,17.15,17.4,17.67,17.98,18.34,18.85,19.39,20.13,21.2388,21.36396,21.58352,21.66308,21.82792,22.0688,22.32,22.52528,23.13088,23.5779200000003,25.81
"UK132C",-8.25,-4.1,-3.48264,-2.98132,-2.73352,-2.52,-2.28792,-2.0254,-1.84352,-1.69,-1.58,-0.63,0.01,0.4724,0.958000000000001,1.38,1.77,2.14,2.41,2.74,3.03,3.26,3.5,3.75,3.954,4.18,4.4152,4.63,4.7964,5,5.16,5.32,5.53,5.72,5.89,6.07,6.2312,6.42,6.57,6.738,6.9,7.05,7.21,7.35,7.53,7.69,7.8572,8.02,8.18,8.35,8.51,8.67,8.8,8.95,9.12,9.29,9.47,9.66,9.8,9.99,10.1556,10.3012,10.48,10.65,10.82,10.98,11.17,11.3448,11.53,11.68,11.87,12.03,12.21,12.42,12.58,12.75,12.94,13.11,13.29,13.46,13.64,13.8,13.93,14.1,14.24,14.38,14.5312,14.7,14.86,15.02,15.2,15.38,15.54,15.7,15.86,16.04,16.2272,16.4328,16.62,16.844,17.06,17.3452,17.6,17.8964,18.26,18.78,19.31,20.0652,21.18,21.32,21.48352,21.58616,21.84,22.05,22.27352,22.4566,22.98264,23.4644000000002,25.73
"UK133C",-13.07,-6.81836,-5.17704,-3.5964,-3.24352,-2.9966,-2.72,-2.45616,-2.32,-2.16396,-2.0644,-1.0688,-0.51,-0.02,0.42,0.8472,1.13,1.3948,1.67,1.96,2.22,2.46,2.7,2.91,3.12,3.32,3.49,3.67,3.86,4.02,4.17,4.32,4.44,4.5944,4.73,4.89,5.07,5.23,5.38,5.52,5.67,5.8,5.95,6.1,6.246,6.3916,6.53,6.67,6.79,6.93,7.08,7.19,7.35,7.47,7.6,7.73,7.86,7.9988,8.13,8.27,8.41,8.54,8.6968,8.83,8.988,9.15,9.30919999999999,9.47,9.6,9.76,9.91,10.07,10.2028,10.35,10.49,10.65,10.81,10.98,11.12,11.24,11.36,11.48,11.59,11.72,11.86,11.99,12.09,12.2,12.34,12.47,12.61,12.73,12.86,12.9804,13.126,13.2516,13.38,13.54,13.7,13.874,14.0496,14.22,14.4608,14.68,14.98,15.38,15.86,16.4776,17.4244,17.52,17.68056,17.88308,18.09,18.3022,18.67,18.91396,19.15264,19.74044,20.79
"UK134C",-12.7,-6.50144,-4.56496,-3.43188,-2.95352,-2.6966,-2.49,-2.23308,-2.05704,-1.97396,-1.8388,-0.9388,-0.39,0.07,0.478000000000001,0.87,1.21,1.46,1.77,2,2.2716,2.53,2.75,2.98,3.16,3.39,3.55,3.74,3.91,4.09,4.23,4.36,4.5,4.6444,4.78,4.96,5.12,5.28,5.43,5.6,5.74,5.88,6.03,6.16,6.32,6.47,6.63,6.76,6.89,7.02,7.15,7.29,7.43,7.55,7.702,7.85,7.96,8.1,8.24,8.37,8.52,8.65,8.8,8.93,9.108,9.27,9.41,9.55,9.7104,9.88,10.03,10.17,10.31,10.44,10.594,10.74,10.9152,11.07,11.22,11.36,11.48,11.5932,11.72,11.86,11.99,12.11,12.22,12.34,12.48,12.59,12.73,12.85,12.99,13.12,13.26,13.41,13.54,13.69,13.85,14.04,14.21,14.39,14.63,14.85,15.15,15.5576,16.07,16.6788,17.4988,17.66,17.80112,18.03616,18.20056,18.5044,18.74,19.14132,19.32264,19.7161600000002,21
"UK135C",-8.61,-4.19748,-2.62176,-1.98132,-1.54176,-1.1944,-0.97264,-0.76308,-0.63352,-0.52,-0.3944,0.3912,0.89,1.28,1.59,1.8936,2.1892,2.45,2.69,2.89,3.12,3.3372,3.52,3.72,3.87,4.02,4.2,4.3708,4.53,4.68,4.81,4.97,5.11,5.27,5.4,5.56,5.71,5.85,5.99,6.12,6.25,6.3892,6.5348,6.69,6.826,6.95,7.07,7.2,7.35,7.48,7.63,7.76,7.9108,8.05,8.18,8.3376,8.46,8.59,8.73,8.85,8.99,9.1,9.24,9.38,9.51,9.62,9.76919999999999,9.92,10.06,10.206,10.36,10.51,10.66,10.81,10.94,11.11,11.25,11.39,11.51,11.63,11.76,11.87,11.99,12.1,12.24,12.35,12.48,12.58,12.7,12.84,12.96,13.09,13.23,13.38,13.49,13.6316,13.78,13.96,14.1184,14.3,14.4696,14.6852,14.9208,15.18,15.49,15.89,16.29,16.87,17.8588,18.00396,18.11352,18.30308,18.53528,18.6688,18.91352,19.25396,19.52528,20.0239600000002,21.65
