city,subcity_code,__w,index_obs,index_pred
Brussels-Capital Region,21001A00-,2678.209849887424,0.7486802273311747,0.9624701068722789
Brussels-Capital Region,21001A011,2391.438184950087,0.6883935654771376,0.8028928941158351
Brussels-Capital Region,21001A02-,746.2596003214519,0.6097410248765127,0.9578983615308083
Brussels-Capital Region,21001A031,2441.297355122036,0.7379623997910235,0.976868425112613
Brussels-Capital Region,21001A041,1755.235158392125,0.949772175233434,0.9887277230695015
Brussels-Capital Region,21001A051,1459.9515607621931,0.847498807119972,0.8099598952939816
Brussels-Capital Region,21001A07-,1422.33428659704,0.5781694088578069,0.726033014526748
Brussels-Capital Region,21001A10-,1149.885740492079,0.887638153409347,0.9011373790103022
Brussels-Capital Region,21001A112,2475.0515832901,0.6792906630178716,0.892860709668437
Brussels-Capital Region,21001A120,2312.0203060574004,0.7715728674150639,0.8564722888832044
Brussels-Capital Region,21001A132,1453.4942105611167,0.7799680731661846,0.9909767647415713
Brussels-Capital Region,21001A142,1197.983092625936,0.9478983503441472,0.9364447985107696
Brussels-Capital Region,21001A152,1249.3790944417317,0.8827602565563859,0.8793865954459411
Brussels-Capital Region,21001A30-,2819.496890650856,0.7831451216286812,0.9161176351084186
Brussels-Capital Region,21001A31-,1234.41486231486,0.8145192068937253,0.8816435608381966
Brussels-Capital Region,21001A32-,787.3413850201501,0.8345334584730629,0.8930615874094884
Brussels-Capital Region,21001A331,447.9102980825636,1.2411742075930228,1.420544782783539
Brussels-Capital Region,21001A332,902.617344909244,0.7821130879003662,0.8276954155363223
Brussels-Capital Region,21001A34-,2419.972492323981,0.8305767162831778,0.833068381626018
Brussels-Capital Region,21001A350,1153.1191785070632,0.7979246410759038,0.7633886734350649
Brussels-Capital Region,21001A401,341.9399964544508,0.919975845157152,1.069237014561507
Brussels-Capital Region,21001A41-,3405.053482797411,1.0089315449648173,1.2713653219414418
Brussels-Capital Region,21001A42-,635.1952685250177,1.0070414790329492,1.0623540671159972
Brussels-Capital Region,21001A43-,721.6316842238109,0.9203081626799152,1.1558068238252484
Brussels-Capital Region,21001A441,2404.853955904642,0.8326952209301512,1.008301281566172
Brussels-Capital Region,21001A451,2046.1511020130577,0.969967057437474,0.81282720635984
Brussels-Capital Region,21001A472,1003.2096183300018,1.1058756320937793,1.1241994972503384
Brussels-Capital Region,21001A503,601.4431016047795,0.8932257481497097,1.2083991796911493
Brussels-Capital Region,21001A51-,1349.2428069512048,1.0665946169201024,1.215188381161821
Brussels-Capital Region,21001A52-,1438.0947530534531,1.4704990127788111,1.21072421375835
Brussels-Capital Region,21001A53-,595.3949941264258,1.3684782021346946,1.1404211826563153
Brussels-Capital Region,21001A552,3554.8012519807867,0.8925956955699829,0.7992300122772552
Brussels-Capital Region,21001A712,771.5196323394775,0.7863370938706812,0.7665782906475391
Brussels-Capital Region,21001A72-,3292.292651865217,0.8081906348035259,1.0655561554245199
Brussels-Capital Region,21001A732,709.8743543095059,1.2006854778062874,0.8712796040461596
Brussels-Capital Region,21001A74-,2965.766316307916,0.8838636635628316,1.1439619818092714
Brussels-Capital Region,21001A80-,1809.19974580076,0.9336581995312248,0.8900119389467113
Brussels-Capital Region,21001A81-,1174.1864002876812,0.9199465365266428,0.8784594827115053
Brussels-Capital Region,21001A82-,1926.8397874302332,0.7905136667096329,0.8988313236272866
Brussels-Capital Region,21001A83-,1305.6043519443936,0.5696324693027289,0.8653944000678558
Brussels-Capital Region,21001A84-,1179.9723066753809,1.044117034995983,1.06712617032035
Brussels-Capital Region,21001A85-,285.71734174754886,0.9020218212448028,1.0432383361410196
Brussels-Capital Region,21001A90-,2518.0983566708032,0.8198200749120106,1.0485636982325561
Brussels-Capital Region,21001A911,1783.902169757419,0.8706724614568699,0.9263578672395572
Brussels-Capital Region,21001A92-,3073.9350206322138,0.965827714141938,0.9193664170322046
Brussels-Capital Region,21001A931,2636.212885962592,0.8389970159510132,0.9240507088493143
Brussels-Capital Region,21001A941,1680.2561533186172,0.936427748939796,0.8412903806568823
Brussels-Capital Region,21001A95-,2391.589731746249,0.986341359317138,0.9261472970732343
Brussels-Capital Region,21001B10-,2906.6887999640567,0.6351567013657963,0.6759355083527441
Brussels-Capital Region,21001B11-,1715.7169362703962,0.6658845793297541,0.7970467316649347
Brussels-Capital Region,21001B17-,1578.1396068599488,0.8027872428338635,0.7221338142400765
Brussels-Capital Region,21001B20-,5336.199225743611,0.6281025358497422,0.7284929662321693
Brussels-Capital Region,21001B21-,2769.142338011,0.663201741180338,0.7517123563777024
Brussels-Capital Region,21001B22-,1513.275608062744,0.7499799972289095,0.7397190107504049
Brussels-Capital Region,21001B23-,2121.710056198968,0.7036534489066977,0.7248656955536745
Brussels-Capital Region,21001B241,3236.504970550537,0.7794469159330911,0.745316872142438
Brussels-Capital Region,21001B25-,4084.289792431725,0.7215174950759989,0.7200694378106716
Brussels-Capital Region,21001B31-,385.2622786098056,0.5875604056468005,0.6102649520140264
Brussels-Capital Region,21001B321,1367.7370525466072,0.6520096354740413,0.7056433215717466
Brussels-Capital Region,21001B332,357.866839143965,0.5606425800576501,0.644993364483643
Brussels-Capital Region,21001B372,643.028413852056,0.9796222836245864,0.6869551112440362
Brussels-Capital Region,21001B3MJ,8397.467738774089,0.9495784296856732,0.7266936085953503
Brussels-Capital Region,21001C512,1082.290708337393,0.8796200705061996,0.9249431275984035
Brussels-Capital Region,21001C522,2412.623848655158,0.3609014729208942,0.867427397671933
Brussels-Capital Region,21001C581,866.3675560570424,0.6580676291381633,0.9423235051910004
Brussels-Capital Region,21001C5MA,1083.124638594687,1.3197820413686132,0.8123500439502425
Brussels-Capital Region,21001C5PA,693.6486746391488,1.1726180434259676,1.216234715233416
Brussels-Capital Region,21001C611,651.8723593701919,1.2549549119362893,1.2942598370475518
Brussels-Capital Region,21001C6PB,1124.1285794995104,1.3103840584429762,0.9833370455112522
Brussels-Capital Region,21001C70-,289.52721429533426,0.8093181161741144,0.9775493354691129
Brussels-Capital Region,21001C71-,809.2309925754864,0.7750366435352719,0.8183699891935471
Brussels-Capital Region,21001C79-,310.15551411805467,1.1613497797873635,1.0789635989696853
Brussels-Capital Region,21002A00-,1312.1235716872743,1.3559014251617405,1.3612338852833292
Brussels-Capital Region,21002A01-,556.0928448616631,1.559808721646037,1.0828558304098386
Brussels-Capital Region,21002A02-,1080.6332286198935,1.2279750986681095,1.4188697823490493
Brussels-Capital Region,21002A030,1440.7565965652466,1.1722115175582628,1.0886674119197164
Brussels-Capital Region,21002A041,529.237342092726,1.2050743222062976,1.389608352837906
Brussels-Capital Region,21002A072,497.3646656672159,1.1413365372596211,1.2941763899528345
Brussels-Capital Region,21002A10-,2268.9478127294115,1.213194086819965,1.0537535219433076
Brussels-Capital Region,21002A11-,1188.3113746378156,1.3093352098985402,1.061018976910332
Brussels-Capital Region,21002A12-,1539.8965147108663,1.490384625482165,0.9821059654386514
Brussels-Capital Region,21002A130,1144.344064398255,2.3223873436119584,1.0192468449986811
Brussels-Capital Region,21002A14-,320.20265027642665,1.9738669306943064,1.0088808562356109
Brussels-Capital Region,21002A15-,93.35152472390068,1.083932331015895,1.0154030480235403
Brussels-Capital Region,21002A190,68.10942577570677,1.975175702069786,1.136840003658068
Brussels-Capital Region,21002A20-,1147.7041924794514,1.096440810099845,1.2183566263281644
Brussels-Capital Region,21002A21-,2443.799964269002,1.134923534195717,1.186730278993426
Brussels-Capital Region,21002A22-,874.5243958367241,1.5473983082623206,1.248984102363191
Brussels-Capital Region,21002A23-,1008.6969431771172,1.3726978308040574,1.234120097560113
Brussels-Capital Region,21002A24-,746.3364331987168,1.1836572697334502,1.325110546190411
Brussels-Capital Region,21002A25-,1373.3065348731143,1.307547257794294,1.3773944544237606
Brussels-Capital Region,21002A30-,805.8412762747871,0.954033598715054,1.1037723499507128
Brussels-Capital Region,21002A311,884.9007499482896,1.1282571826593208,1.2100061993391371
Brussels-Capital Region,21002A372,493.4893525441488,1.3724195452909853,1.317050394317945
Brussels-Capital Region,21002A39-,686.7332101398044,0.6529997002526391,0.9445261676149084
Brussels-Capital Region,21002A411,783.0267623004814,1.9113615266614183,1.1180613243985513
Brussels-Capital Region,21002A422,180.6593416668992,1.5609887858975593,1.2096207606566558
Brussels-Capital Region,21002A43-,747.800736217242,1.5934525947331186,1.2635605596391484
Brussels-Capital Region,21002A441,1305.86091029644,1.900722025904561,1.3147154443097704
Brussels-Capital Region,21002A45-,1115.2868720160589,1.4072999788428535,1.319800542035805
Brussels-Capital Region,21002A511,2141.3200572331743,1.3471680662282872,1.2722978235637568
Brussels-Capital Region,21002A52-,909.9439373546176,1.7030647720539025,1.3492997424398727
Brussels-Capital Region,21002A53-,333.8337815072801,1.150239078226818,1.2209464272766737
Brussels-Capital Region,21003A00-,2556.8419536484607,0.9651429231571566,1.0278690585159878
Brussels-Capital Region,21003A011,1252.0733595291774,0.9024673529977584,1.0265832144197038
Brussels-Capital Region,21003A02-,3742.994780805376,1.111039396801434,1.0812353999905537
Brussels-Capital Region,21003A03-,1465.9255453745525,1.096099938562738,1.0860122387508762
Brussels-Capital Region,21003A04-,715.2028257052103,1.0784936286362246,1.0361791966455145
Brussels-Capital Region,21003A05-,2586.198324627346,1.113117164880315,1.0625546967841972
Brussels-Capital Region,21003A0AJ,574.6803208722008,0.6300495038634568,1.0403387235930148
Brussels-Capital Region,21003A10-,2704.18883450826,0.9463837079846809,1.1631539864033564
Brussels-Capital Region,21003A11-,683.1232206556533,0.6795122998335265,1.0133162826575715
Brussels-Capital Region,21003A212,277.76845179663763,0.9186123164692036,1.0073337231082407
Brussels-Capital Region,21003A283,291.3926395095057,1.0333401782965357,1.0323879931172955
Brussels-Capital Region,21003A2MJ,906.5354863537682,0.9428915866274042,1.250533703892045
Brussels-Capital Region,21003A312,2698.591457678212,1.2826484927484754,1.041406688492875
Brussels-Capital Region,21003A323,1215.6101954778037,1.1053085736949348,1.0225224448311574
Brussels-Capital Region,21003A331,697.849037935233,0.938092622325424,1.2656015084216425
Brussels-Capital Region,21003A342,1001.2998844914966,1.3799378139615843,1.067610704871824
Brussels-Capital Region,21003A38-,334.42483410456526,1.7020236121737773,1.2750565479242133
Brussels-Capital Region,21003A41-,243.50419309404165,0.8907841242684474,0.9962969026205971
Brussels-Capital Region,21004A001,1373.1442352930706,0.7761806963293965,1.0062549082972805
Brussels-Capital Region,21004A002,717.1495238410103,0.8561708544778335,0.9487546939246757
Brussels-Capital Region,21004A01-,1644.174678166707,1.1618210351795062,0.9027994049109649
Brussels-Capital Region,21004A02-,1896.494968096415,0.8162304456721304,0.9741933532716914
Brussels-Capital Region,21004A03-,1399.7487155066597,0.7419518542458352,0.8482242347834769
Brussels-Capital Region,21004A04-,1116.7059215969512,0.709165897985462,0.9094921949516765
Brussels-Capital Region,21004A10-,1619.3527312278748,1.605230244108364,1.0651965697982924
Brussels-Capital Region,21004A13-,2608.637989097171,1.8149914070206667,0.9889606912510052
Brussels-Capital Region,21004A14-,3235.6133012771606,0.864777326126416,0.9019139393469624
Brussels-Capital Region,21004A15-,858.0350829230413,0.9997105470724325,0.9956508390041057
Brussels-Capital Region,21004A16-,2105.5834061304727,0.5672658178676929,1.0234464964439907
Brussels-Capital Region,21004A20-,2290.452835559845,0.8856846691206111,0.9991548410838446
Brussels-Capital Region,21004A21-,4228.920870357089,0.6790213554154951,0.8235297783588278
Brussels-Capital Region,21004A22-,2924.6849394904248,0.8196066402601393,0.770236846705874
Brussels-Capital Region,21004A23-,3117.061692555745,0.9613125201762652,0.8361178353545953
Brussels-Capital Region,21004A24-,3266.2255121866865,0.926495890062888,0.9500632245921791
Brussels-Capital Region,21004A25-,1901.8889870113796,1.0686197846130296,1.0139388533608524
Brussels-Capital Region,21004A32-,1795.6282748646204,1.0859395758040924,1.0600228875770543
Brussels-Capital Region,21004A33-,3742.435590849982,0.9277247377460284,0.9369909725508666
Brussels-Capital Region,21004A34-,2212.13983572854,1.057990186906236,0.9830070217755076
Brussels-Capital Region,21004A35-,2411.10241206487,0.92421995490637,0.9281649972298943
Brussels-Capital Region,21004A3MJ,829.6997874577839,1.6770795334114807,1.0136633522661325
Brussels-Capital Region,21004A70-,2767.6887900564407,0.6285806332113141,0.9067760301780151
Brussels-Capital Region,21004A71-,1330.8482617272273,0.7295914088601942,0.9177875235561779
Brussels-Capital Region,21004A72-,1195.195052252875,0.612339937835092,0.7954321086943185
Brussels-Capital Region,21004A811,2219.0200996398926,0.9651545336746036,0.789822792187244
Brussels-Capital Region,21004A822,616.1411923302545,0.97339851021609,0.8272472495806912
Brussels-Capital Region,21004A83-,1308.0554788907368,0.8863528145594275,0.9709960830851344
Brussels-Capital Region,21004B10-,1650.5564719835918,1.151635099423038,1.3406133449551807
Brussels-Capital Region,21004B13-,595.1683822207981,1.2178559981963748,1.3749627029829348
Brussels-Capital Region,21004B293,1210.6820159488254,1.0531286026605453,0.8941888247203823
Brussels-Capital Region,21004B2MJ,888.4764500194126,1.525883473965646,1.3389714481126398
Brussels-Capital Region,21004B2NJ,509.93176725175647,1.4711850378775897,1.4115345426509358
Brussels-Capital Region,21004B2WJ,549.6757718192206,1.0997040150016393,1.3930802703003726
Brussels-Capital Region,21004B411,1557.2994503445098,0.993026551737814,1.0163489931604117
Brussels-Capital Region,21004B421,3667.852328121662,1.009777643293238,0.9106538268245974
Brussels-Capital Region,21004B43-,5114.36236445109,0.9770738774522192,0.943248476019301
Brussels-Capital Region,21004B44-,3154.6070044835405,1.0616308354227153,1.2310159432582326
Brussels-Capital Region,21004B45-,1488.7166165643266,1.157650861655484,1.3219223927778256
Brussels-Capital Region,21004C501,1429.708090464274,1.508348757278834,0.966742520619411
Brussels-Capital Region,21004C51-,1261.1529960632324,1.179701710285693,1.0371121322743282
Brussels-Capital Region,21004C52-,1347.3218987782798,1.2015851019228296,1.2085316967746225
Brussels-Capital Region,21004C53-,1562.0208726723988,1.3573062682897916,1.5132002119999082
Brussels-Capital Region,21004C54-,2264.135636978679,1.5182538890384116,1.1006464924868757
Brussels-Capital Region,21004C552,1826.2411513858367,2.0059248419138926,1.3471372456167248
Brussels-Capital Region,21004C61-,2587.867163552178,1.1023254631397392,1.0906052166386977
Brussels-Capital Region,21004C62-,454.09957456588745,1.6505597190091772,1.1523713390811159
Brussels-Capital Region,21004C63-,1311.9584843361904,1.6205599600339664,1.2129574413484132
Brussels-Capital Region,21004C642,665.335371040946,2.051973845191135,1.1609185340511758
Brussels-Capital Region,21004C65-,409.96674928855566,2.214443042721451,1.4323730488456088
Brussels-Capital Region,21004D600,296.36188904444384,0.5689976403158136,0.7466347575891208
Brussels-Capital Region,21004D610,1887.0165368715925,0.7860176268126353,0.6546282280345292
Brussels-Capital Region,21004D62-,2410.9754373762344,0.6509541857455237,0.6889627545855894
Brussels-Capital Region,21004D631,1754.052034536997,1.3207694457618913,0.7547608492832893
Brussels-Capital Region,21004D64-,1455.870918704404,0.7294554692115163,0.6879898273768
Brussels-Capital Region,21004D672,336.70450238386786,0.7782467601414607,0.7005526116953352
Brussels-Capital Region,21004E101,866.238637757798,0.7059688037266826,0.6625080586997696
Brussels-Capital Region,21004E112,253.37175369262687,0.73375886824139,0.7671790759546038
Brussels-Capital Region,21004E12-,2436.9092192120024,0.7362874668682923,0.8865014940457026
Brussels-Capital Region,21004E130,3626.628243075476,0.9491628058755686,0.865716285539285
Brussels-Capital Region,21004E14-,2094.338954056303,0.9913316447652564,0.8555868153692238
Brussels-Capital Region,21004E201,3039.25887798818,1.048645402807785,1.0809713926388742
Brussels-Capital Region,21004E211,717.6284495459663,0.8350873777101461,1.089896849649734
Brussels-Capital Region,21004E222,484.8447201516894,0.9879922694489262,1.190810684357872
Brussels-Capital Region,21004E233,1426.9455393479311,1.3205737940618687,1.3217093822374153
Brussels-Capital Region,21004E70-,3731.2206503550215,0.7450213842268429,0.7189978155928571
Brussels-Capital Region,21004E72-,3124.310575402445,0.7959014771434721,0.6094127986164055
Brussels-Capital Region,21004E73-,2345.564673423767,0.8025080375657458,0.7533437651375168
Brussels-Capital Region,21004E74-,6320.760296821594,0.8372028779962415,0.7289962792712666
Brussels-Capital Region,21004E800,731.0029027197095,0.9095183450347204,0.8242097360467615
Brussels-Capital Region,21004E81-,1195.8991945054795,0.8787142712769725,0.9081010824994997
Brussels-Capital Region,21004E82-,1974.8756120469836,0.7157091999391686,1.0274462460029905
Brussels-Capital Region,21004E83-,2805.697748555078,0.9746591137992296,0.9108728112547896
Brussels-Capital Region,21004E8MJ,4702.972370815256,0.6527674606646346,0.8107966570810508
Brussels-Capital Region,21004F511,1376.6981954309674,1.1100330706513468,0.9803589155435709
Brussels-Capital Region,21004F522,2221.7349241251745,1.371272859662786,1.0147521316744708
Brussels-Capital Region,21004F531,1531.6249398125542,0.9893302481380968,1.119273434256142
Brussels-Capital Region,21004F572,1264.8193811427595,0.8339485764674428,1.1434371187651802
Brussels-Capital Region,21004F901,859.5925641527606,1.0933628636598185,1.1520578596736983
Brussels-Capital Region,21004F91-,2098.142707983653,0.9764690361131504,1.0748877771513043
Brussels-Capital Region,21004F922,2095.9332257641686,1.0675981779879389,1.1570167434368186
Brussels-Capital Region,21004F930,634.661280737983,0.5559029686309798,0.9812888136602738
Brussels-Capital Region,21004F94-,478.5733678697918,0.7480760241518942,1.1002765835417716
Brussels-Capital Region,21004F953,994.3340023441448,0.9421070887092836,1.0089303019671636
Brussels-Capital Region,21004F970,2158.480413330926,1.0327812263313532,0.816225062422493
Brussels-Capital Region,21004F994,160.92547541297972,1.1024090830913975,0.9705998951012681
Brussels-Capital Region,21004F9MJ,848.0894209387092,0.9795802889330776,0.9151317682813528
Brussels-Capital Region,21004G30-,2161.0396364398507,0.9909571066362726,1.1492430810823386
Brussels-Capital Region,21004G310,1360.9604529652538,1.0368600282016949,0.9348146322882158
Brussels-Capital Region,21004G321,1004.1301720665974,0.9022108915254852,1.0297668540802323
Brussels-Capital Region,21004G3NJ,6524.926060936517,0.7675633789086036,0.8767076479504862
Brussels-Capital Region,21005A00-,3867.932403458489,1.1508550063410166,1.1466118554426912
Brussels-Capital Region,21005A01-,3089.5227243105574,1.058046699991948,1.1618691675108648
Brussels-Capital Region,21005A02-,2623.147741953532,1.0025797440586728,1.1870754216574095
Brussels-Capital Region,21005A031,1578.9274253845217,0.9644297514456694,1.0840796839101272
Brussels-Capital Region,21005A042,3406.9833091100054,0.904620703408872,1.0122959112442542
Brussels-Capital Region,21005A051,3990.3232338163584,1.026296535315372,1.1842503687045929
Brussels-Capital Region,21005A082,754.7616600460476,1.4272832092309964,1.5169489199078214
Brussels-Capital Region,21005A10-,3550.0054281022813,0.9918893599615264,0.9699396605700639
Brussels-Capital Region,21005A11-,4194.83508237203,1.113765080982207,0.9902326501208072
Brussels-Capital Region,21005A12-,5993.657805336847,0.9090118987715936,1.0080037512321571
Brussels-Capital Region,21005A13-,1800.7523375617134,0.9496842967882472,1.1901541972465621
Brussels-Capital Region,21005A14-,3926.3601870006983,1.425264240851137,1.2451966943446675
Brussels-Capital Region,21005A15-,2856.595305230883,1.5540575704948123,1.2048853979719634
Brussels-Capital Region,21005A20-,1927.3513537512883,1.2772463991946823,1.304163686686825
Brussels-Capital Region,21005A21-,522.4549688763088,1.2876936366621967,1.2594580514385048
Brussels-Capital Region,21005A22-,1582.5947029325698,1.0843739558917835,1.3823031712387943
Brussels-Capital Region,21005A311,1731.126926528083,1.1659631712254053,1.013732395098637
Brussels-Capital Region,21005A322,64.97191694047716,0.5593992913544298,1.041213173053052
Brussels-Capital Region,21005A33-,1094.6221163007947,1.0541172853109686,1.3802541891482316
Brussels-Capital Region,21006A001,2814.5731485154893,0.9605235286546752,1.0034876328361706
Brussels-Capital Region,21006A011,2798.719341278076,0.9873067859656676,0.9161815674267209
Brussels-Capital Region,21006A02-,435.32861211564807,0.5748938003168959,0.7874490754912844
Brussels-Capital Region,21006A03-,153.56910663180884,0.8918773683065072,0.941684758145322
Brussels-Capital Region,21006A042,1154.3196926116943,1.0877470572122896,0.9449327417990451
Brussels-Capital Region,21006A052,2158.1479830212065,0.9881455436522236,1.0020563526693331
Brussels-Capital Region,21006A094,859.0704265609384,0.8661191156658025,0.9589932255022634
Brussels-Capital Region,21006A101,4680.539781358507,0.911847167953247,1.014754991231815
Brussels-Capital Region,21006A11-,1234.4415516058605,1.2198860132584306,0.961224745392039
Brussels-Capital Region,21006A12-,528.0420825746324,0.6104267984962941,0.8751542234912784
Brussels-Capital Region,21006A13-,1385.8709494272866,0.9845001795099791,0.9718448549486588
Brussels-Capital Region,21006A142,1379.3499094645183,0.8897843201134951,1.072839752556017
Brussels-Capital Region,21006A153,1277.8793332444295,0.8388767729039084,0.9236666066049899
Brussels-Capital Region,21006A171,2651.0234701832137,1.0897644650900902,1.0008164975345624
Brussels-Capital Region,21006A201,2135.168435414632,1.100026257738138,1.0201803417396544
Brussels-Capital Region,21006A21-,1023.9007987976074,0.7681905134751293,0.9576717165720053
Brussels-Capital Region,21006A22-,980.3046073913576,1.0618381511014356,0.9598874278338977
Brussels-Capital Region,21006A23-,2632.662609206305,0.9905799848999975,0.9841205214280369
Brussels-Capital Region,21006A24-,267.1742087536388,0.5502004839316184,0.7936983806522651
Brussels-Capital Region,21006A25-,561.5357171959348,0.5600729570990174,1.0020729030323592
Brussels-Capital Region,21006A272,1031.0493840972583,1.109502580216632,1.1161212606362927
Brussels-Capital Region,21006A312,512.6869356398367,1.0820383979137635,0.7450812823639087
Brussels-Capital Region,21006A323,516.0413432131625,0.5479842978713718,0.73090404917439
Brussels-Capital Region,21006A403,825.4817902776931,1.1589184779369703,0.8981663528634606
Brussels-Capital Region,21006A414,2808.436464945476,1.2826522321277627,1.000134622485594
Brussels-Capital Region,21006A474,520.1369636290603,1.2152358624594148,0.9660727951030862
Brussels-Capital Region,21006A515,1081.82700949245,0.8264625642619101,0.8280252425628122
Brussels-Capital Region,21007A00-,3876.307327482435,0.7657340698896474,0.9310646128079328
Brussels-Capital Region,21007A01-,1969.7379331385923,0.9158298964690738,0.8585677123448906
Brussels-Capital Region,21007A02-,707.8473644918865,1.398952404485803,1.0604713763898899
Brussels-Capital Region,21007A03-,981.4987568325466,0.7621830961198743,0.7860944085611486
Brussels-Capital Region,21007A04-,389.6244635052151,0.6907552404890512,0.7086083798441518
Brussels-Capital Region,21007A05-,834.1328890654776,1.065018139597894,0.8937261655432849
Brussels-Capital Region,21007A06-,373.7169841130575,0.7871818553420045,0.7143066173864503
Brussels-Capital Region,21007A071,8823.384179910025,1.105827421296012,0.7951757827689739
Brussels-Capital Region,21007A082,2334.709437684053,0.6706244775972495,0.7625827484815279
Brussels-Capital Region,21007A101,3095.368646330304,0.9060723655192952,1.0403907658959974
Brussels-Capital Region,21007A111,692.7286581993103,1.0720958357510868,1.249639163755496
Brussels-Capital Region,21007A12-,421.0186322000292,1.4328724859016753,1.2285772594846005
Brussels-Capital Region,21007A132,198.42007403903543,1.016195102081913,1.0733224152808543
Brussels-Capital Region,21007A142,1240.420419904921,0.954458937453558,0.9831335986413346
Brussels-Capital Region,21007A201,2679.791648228963,1.2005989463421989,1.3483164900760098
Brussels-Capital Region,21007A21-,185.40283054775665,1.211599141088456,0.9648977463870209
Brussels-Capital Region,21007A239,1648.9744582043754,1.1157219823113065,1.1431130319003289
Brussels-Capital Region,21007A242,202.4996591673957,0.969934648357956,1.021029613275977
Brussels-Capital Region,21007A252,123.81312868330215,0.5952753281847224,1.2084512018630293
Brussels-Capital Region,21007A40-,1068.8684645758735,0.739508443352298,0.8124431273079358
Brussels-Capital Region,21007A41-,595.6769038306343,0.7215180190950885,0.7089687917912663
Brussels-Capital Region,21007A50-,2538.902816825442,0.9783756141168328,0.8810737920888093
Brussels-Capital Region,21007A51-,870.8228763656483,1.0465299591187127,0.9677549734456906
Brussels-Capital Region,21007A52-,1194.1686992645264,1.069835305375582,0.88578747336984
Brussels-Capital Region,21007A53-,3027.571837425231,0.987914835478973,0.8181568632670019
Brussels-Capital Region,21007A541,304.82326761881507,0.971324518199598,0.7760173268744341
Brussels-Capital Region,21007A552,425.00998327467175,1.5632878739680078,0.7695740170160145
Brussels-Capital Region,21007A60-,3321.5725772645737,0.7410013348537978,0.8085324609161408
Brussels-Capital Region,21007A61-,3207.78210873074,0.8242729967843475,0.8653315055599434
Brussels-Capital Region,21007A70-,2854.1532361772324,1.1391305018495446,1.005492966196953
Brussels-Capital Region,21007A71-,1239.3487599690752,0.907498032505847,1.017811540645283
Brussels-Capital Region,21007A72-,4248.598715252347,1.0829490891007685,1.2668370118471837
Brussels-Capital Region,21007A73-,3384.397077560425,1.2876549881817356,1.2173118868058057
Brussels-Capital Region,21007A75-,667.7945765654247,1.214504445223061,1.149103934375063
Brussels-Capital Region,21007A783,1040.6376272704867,1.0411982487105746,0.8391336723042778
Brussels-Capital Region,21007A814,212.4822998046875,0.9866246519993735,0.7895105174248521
Brussels-Capital Region,21008A00-,1558.547408951653,0.9745094139558428,1.2727518199305365
Brussels-Capital Region,21008A01-,1209.9875768025718,0.97803927240988,1.3209893222009264
Brussels-Capital Region,21008A02-,3894.313927544488,0.9286360959246234,1.1249216045543307
Brussels-Capital Region,21008A10-,3207.19998453723,0.9954632187315828,1.1505982176870588
Brussels-Capital Region,21008A20-,1934.1808911694416,0.9070701839992212,1.0379009292167072
Brussels-Capital Region,21008A21-,948.6627036432426,1.086698745712119,1.03669965699944
Brussels-Capital Region,21008A220,1092.2748615344367,0.6836466659183073,1.0430496149843118
Brussels-Capital Region,21008A23-,913.8943806356854,1.092775951919097,0.9508235250684843
Brussels-Capital Region,21008A240,716.3780019498533,0.9395929928308536,1.0392842709438355
Brussels-Capital Region,21008A30-,1443.4197939766775,1.1063436583162327,1.3175517356075537
Brussels-Capital Region,21008A31-,607.2293959723579,1.1184448494510504,1.246741625386743
Brussels-Capital Region,21008A32-,1575.0704587300615,1.0274702611025692,1.2365304620312854
Brussels-Capital Region,21008A33-,1897.055775112576,1.0860788304743472,1.3255114799619923
Brussels-Capital Region,21008A34-,720.6857412275342,1.7885272127566954,1.2228090391892965
Brussels-Capital Region,21008A35-,519.1625596152411,1.460222466950267,1.2222927792148885
Brussels-Capital Region,21009A00-,2351.484327528212,0.965352237343645,1.0025091485552717
Brussels-Capital Region,21009A01-,2071.132817162408,0.8328018403999996,1.0030430728537523
Brussels-Capital Region,21009A02-,2424.132319556342,0.9271121136111966,0.914416269128654
Brussels-Capital Region,21009A03-,1748.6675364176433,1.0936324787338103,1.1349278297225958
Brussels-Capital Region,21009A041,2324.0377487606474,1.2045324649044298,0.9546092248757703
Brussels-Capital Region,21009A051,1251.8302970462375,0.9859847901028904,0.9878680576196783
Brussels-Capital Region,21009A101,1176.137557135688,0.8896468927074126,1.2172526097820662
Brussels-Capital Region,21009A111,2572.19723171658,0.878983083145861,1.0719372788859436
Brussels-Capital Region,21009A13-,2042.4609292348223,1.1478621924507066,1.2355252137943524
Brussels-Capital Region,21009A151,1536.7116940816245,1.0702622554860983,1.0644015987829558
Brussels-Capital Region,21009A20-,3911.905167685615,0.9211383724365884,1.0090824849827902
Brussels-Capital Region,21009A21-,4611.377239333259,0.8279547841916853,0.9567114378550123
Brussels-Capital Region,21009A22-,4306.69018374549,1.18110130323053,1.0334338098690308
Brussels-Capital Region,21009A23-,2358.4132074779936,1.6929208547601653,0.9593142976325779
Brussels-Capital Region,21009A2MJ,1983.301365481483,0.5540391671369221,1.004939055926339
Brussels-Capital Region,21009A301,905.4966413709852,1.2552060259643336,1.1499796070883304
Brussels-Capital Region,21009A311,220.22173500061035,1.2829363364713584,1.2758194640218503
Brussels-Capital Region,21009A33-,3571.710299915737,1.142287698402688,1.19616540981812
Brussels-Capital Region,21009A34-,585.7989332411023,0.6798516173952076,0.864070262006065
Brussels-Capital Region,21009A40-,1433.9466120402017,1.42246945623071,1.422237071566671
Brussels-Capital Region,21009A41-,1850.9403241475425,1.3115483054347434,1.529969201136091
Brussels-Capital Region,21009A42-,2933.5652014414463,1.5917773832409623,1.2967677780858178
Brussels-Capital Region,21009A43-,2647.416527642144,1.5928224152585673,1.1580756588709058
Brussels-Capital Region,21009A44-,1979.0870420667857,1.2457998999278208,1.3451590143877805
Brussels-Capital Region,21009A451,2285.7824253506133,1.3965432802232114,1.3240515530413977
Brussels-Capital Region,21009A501,530.7551543447707,1.0191437947864632,1.2689528837088917
Brussels-Capital Region,21009A512,437.108644273546,1.139827857385503,1.1582764266561207
Brussels-Capital Region,21009A52-,2953.0700683593755,0.8770861943313997,1.072316144375867
Brussels-Capital Region,21009A53-,3426.218246248033,0.9844214700657884,0.9123070386658265
Brussels-Capital Region,21009A542,592.757964293162,1.28861749562128,0.9569764652380819
Brussels-Capital Region,21009A552,1434.7966532707214,1.0059462719894434,0.9521046429041727
Brussels-Capital Region,21009A602,678.4247478908962,0.7870959898560749,1.1196654241219222
Brussels-Capital Region,21009A612,3156.245839860704,0.9935703317083184,0.9991569503380983
Brussels-Capital Region,21009A623,305.3396987915039,1.504879605163417,0.9749293339157261
Brussels-Capital Region,21009A63-,2138.9287301169497,1.1789939917581866,0.9795592544912017
Brussels-Capital Region,21009A652,1827.3919224209255,0.9353996643717206,1.0946484254359998
Brussels-Capital Region,21009A712,751.1795306735567,1.6325789881464956,1.3663686356828804
Brussels-Capital Region,21009A72-,1586.048180474175,1.2474769629491924,1.310554729234637
Brussels-Capital Region,21009A73-,3171.846962187026,1.9973701152038688,1.2946644951961936
Brussels-Capital Region,21009A802,378.3585663901436,1.323841342236567,1.2330701801166386
Brussels-Capital Region,21009A812,568.3264039622413,1.3321026984167963,1.2839226891055264
Brussels-Capital Region,21009A82-,591.8765474955242,1.365475956015397,1.2803492529328255
Brussels-Capital Region,21009A83-,323.3319805992975,0.7626778209080223,1.1695808152655804
Brussels-Capital Region,21009A90-,1934.0970560709636,1.0466691983213074,1.180873853454827
Brussels-Capital Region,21009A911,1512.1393801371255,1.1097343810715885,1.041335173914795
Brussels-Capital Region,21009A922,1415.0332828097871,0.8229248834160564,1.0455032955603076
Brussels-Capital Region,21010A00-,5525.840852207608,1.0057198820537687,1.0581583317147774
Brussels-Capital Region,21010A01-,3147.109766218397,0.8613077760015505,0.978627554980571
Brussels-Capital Region,21010A02-,3862.691283543905,1.0170382857953395,0.9934321250760745
Brussels-Capital Region,21010A03-,3110.242394023471,0.9763716246248384,1.0276447224743026
Brussels-Capital Region,21010A04-,4582.197604497274,0.9218843796181936,0.9447748393143326
Brussels-Capital Region,21010A05-,7379.706171247695,0.9212195629484974,1.0143974298362268
Brussels-Capital Region,21010A10-,2281.7632812923857,1.0452276142808568,1.291662560651906
Brussels-Capital Region,21010A111,1291.928469578425,0.9734390290682066,1.0949800292735141
Brussels-Capital Region,21010A121,748.8632097541253,1.240276605342631,1.0028317792140478
Brussels-Capital Region,21010A13-,2815.9717012113992,0.9658167203208168,0.9598505606388081
Brussels-Capital Region,21010A141,2652.078193664551,0.9660786595464717,0.9803033010899248
Brussels-Capital Region,21010A1AJ,2655.660336953484,1.349050598636529,1.140939721714078
Brussels-Capital Region,21010A21-,3639.577081786261,0.9701597795881324,1.0079224787712935
Brussels-Capital Region,21010A312,871.5727477511391,1.0781408131198924,1.0419774358595633
Brussels-Capital Region,21010A393,472.9697588040598,1.306288338425744,0.9595908366470249
Brussels-Capital Region,21011A00-,2844.158448749119,0.7538294383139902,0.6035807404920793
Brussels-Capital Region,21011A01-,3130.8971027798125,0.7398510362007727,0.652291445432603
Brussels-Capital Region,21011A02-,2454.053611755371,0.7019524819487376,0.6185274046076178
Brussels-Capital Region,21011A10-,1634.3538682725696,0.9273092078531336,0.9417940562686222
Brussels-Capital Region,21011A11-,1871.3049494425456,1.0403650376938087,1.1858670027154976
Brussels-Capital Region,21011A12-,1489.9833092159697,1.0996276769713749,1.021443020491787
Brussels-Capital Region,21011A20-,3053.9546783555097,1.0002894529275674,0.9069173783234299
Brussels-Capital Region,21011A30-,3284.3586293492053,0.962245561771808,0.9087815268641238
Brussels-Capital Region,21012A00-,2607.589611053467,0.598606696825256,0.6083435574455098
Brussels-Capital Region,21012A011,1751.3502125210236,0.87093260517041,0.758794710098152
Brussels-Capital Region,21012A02-,1105.426915274726,0.6690924851246639,0.6713054694050858
Brussels-Capital Region,21012A03-,2769.115037706163,0.6736679833388379,0.6352200826976051
Brussels-Capital Region,21012A041,2417.5603595309785,0.6186148825138654,0.6396680787954951
Brussels-Capital Region,21012A05-,913.3412085639104,0.606935338696168,0.6446084950862844
Brussels-Capital Region,21012A10-,3199.44548924764,0.7301919420776494,0.6561865388953352
Brussels-Capital Region,21012A11-,4329.39721722073,0.8007607674860189,0.6913214619979501
Brussels-Capital Region,21012A12-,2297.601419183943,0.8144795501139351,0.7202894787983563
Brussels-Capital Region,21012A13-,1791.883423169454,0.7488432976661971,0.8126604952180755
Brussels-Capital Region,21012A141,1969.722020890977,0.6470336400740667,0.7187987985819763
Brussels-Capital Region,21012A152,5089.001473320855,0.6057294191244023,0.7055238738203956
Brussels-Capital Region,21012A172,2482.3985189067,0.6835233393850977,0.7547164800698873
Brussels-Capital Region,21012A20-,1163.9067713949414,0.8601429770292734,0.7398152037479528
Brussels-Capital Region,21012A21-,688.825689845615,0.5726851786838324,0.7585600223778497
Brussels-Capital Region,21012A22-,386.7917866706848,0.9662848600825223,0.690849963428517
Brussels-Capital Region,21012A23-,3041.2145018577576,0.9929987463053936,1.0555679561415225
Brussels-Capital Region,21012A24-,3107.4506267971465,0.90913031692549,0.8807705452960648
Brussels-Capital Region,21012A25-,575.4595158894856,0.7568377701372677,0.7305765341799666
Brussels-Capital Region,21012A26-,4136.434487872653,1.0499626454973674,1.0997637929340771
Brussels-Capital Region,21012A30-,1729.8964835281174,0.9556853564549612,1.049799755708026
Brussels-Capital Region,21012A39-,262.4567047275292,0.7466700469310322,1.2855239735862949
Brussels-Capital Region,21012A41-,1668.391110943423,1.0103737654893326,1.0504641892883373
Brussels-Capital Region,21012A50-,2905.2016217973496,1.0473448480806915,1.0576634135722727
Brussels-Capital Region,21012A511,3405.743190765381,0.7475548382811084,0.8390309878816123
Brussels-Capital Region,21012A52-,3362.700540966458,0.910755747311176,0.8898784327485174
Brussels-Capital Region,21012A53-,755.1190609402126,0.5615364198329595,0.7165527891939553
Brussels-Capital Region,21012A54-,4462.254368252225,0.8190950563644048,0.8993354090979936
Brussels-Capital Region,21012A552,506.6669404771594,0.8232249498690276,0.8301861001092489
Brussels-Capital Region,21012A60-,4955.542794836892,0.7506284507831595,0.7285965745421148
Brussels-Capital Region,21012A611,2227.18071322971,0.8292189114790813,0.7532246159566133
Brussels-Capital Region,21012A62-,6384.214496612548,0.7545112217171523,0.9076576553355188
Brussels-Capital Region,21012A63-,2797.045335345798,0.7344252167632777,0.8452039978365442
Brussels-Capital Region,21012A672,4548.91123898824,0.8109353988339538,0.7784622748652019
Brussels-Capital Region,21012A71-,3501.6801147460938,0.6994424007775315,0.6456459892453755
Brussels-Capital Region,21012A72-,2651.523824479845,0.599249411501887,0.7736466956026458
Brussels-Capital Region,21012A732,2329.6022987365723,0.916858963753968,0.7469939132929598
Brussels-Capital Region,21012A811,885.5428369310167,0.8164410568726529,1.1221281543251536
Brussels-Capital Region,21012A822,4267.276200632255,0.914064695408715,1.1884770757918208
Brussels-Capital Region,21012A833,889.5077235170432,0.8425995446392489,1.1431372264331618
Brussels-Capital Region,21012A84-,811.415978577402,0.9718722898203253,1.1233825910012871
Brussels-Capital Region,21012A851,1872.18925095929,0.9890713707559452,1.0763331932407199
Brussels-Capital Region,21012A882,1737.4170608520506,1.005405497579852,1.106802012677733
Brussels-Capital Region,21013A00-,4207.756630791559,0.9548060186793796,1.023400710089007
Brussels-Capital Region,21013A01-,3966.984361860487,1.0866669812366128,1.0603596968896583
Brussels-Capital Region,21013A02-,3823.149316363864,1.1035702562301584,0.9102025950389995
Brussels-Capital Region,21013A031,1761.7479413350422,1.1845544832924837,1.1544910850696077
Brussels-Capital Region,21013A04-,3097.083195156521,1.2697097840213227,1.1068625034592632
Brussels-Capital Region,21013A052,2099.3207331763374,1.1845116635870487,0.9092640346038259
Brussels-Capital Region,21013A101,2889.235530429416,0.7773723082463463,0.8823425597563774
Brussels-Capital Region,21013A102,388.0557742648655,0.7134937466379053,0.8336979553534002
Brussels-Capital Region,21013A11-,3033.4425370958115,0.9193084648283176,0.8797993630958404
Brussels-Capital Region,21013A121,756.3237308926052,0.6971387583277939,0.8234745508041067
Brussels-Capital Region,21013A13-,2363.000040266249,0.7718717793236481,0.7787291288304106
Brussels-Capital Region,21013A151,2106.690594567193,0.8071897308115339,0.8562280062760976
Brussels-Capital Region,21013A201,2798.616200553046,0.759243302735934,0.8051373098152637
Brussels-Capital Region,21013A211,2386.4613379902307,0.7394097855499708,0.7727015287661048
Brussels-Capital Region,21013A22-,2916.898279825846,0.7254921874494635,0.8138957413370416
Brussels-Capital Region,21013A23-,1683.3032002978855,0.7932805942985235,0.7776730338094876
Brussels-Capital Region,21013A242,2273.801111857096,0.7444795198651005,0.7591967978007856
Brussels-Capital Region,21013A252,1608.823488023546,0.7095832091917473,0.8048445381498394
Brussels-Capital Region,21013A40-,2054.7324483659536,0.7867141249891137,0.9037346698543395
Brussels-Capital Region,21013A41-,1808.654618793064,0.9491264078744458,0.8522642368624835
Brussels-Capital Region,21013A422,1597.5978876749675,0.7018425205562191,0.8532325328054735
Brussels-Capital Region,21013A51-,2134.211866590712,1.0396968343388258,0.9269488798477563
Brussels-Capital Region,21013A522,1774.5056987338594,1.0445106142570313,0.9108689943493571
Brussels-Capital Region,21013A612,579.5084173414442,1.011817464263561,0.7578287471634741
Brussels-Capital Region,21014A00-,2241.533340030246,0.712958121994373,0.7714299466906597
Brussels-Capital Region,21014A01-,749.791051864624,0.8200636595830201,0.8018189776024853
Brussels-Capital Region,21014A02-,1746.476794136895,0.8914389232870114,0.7912121501042997
Brussels-Capital Region,21014A03-,1555.3469981087578,0.8570189271630477,0.829856388649389
Brussels-Capital Region,21014A04-,3560.18786960178,0.684373427167029,0.8261281777773088
Brussels-Capital Region,21014A05-,4200.320952097575,0.6945437587581363,0.7935126337270061
Brussels-Capital Region,21014A10-,2432.635914272732,0.6670258992071906,0.7163668975280612
Brussels-Capital Region,21014A14-,1210.6273998684355,0.5578784116424493,0.6424981249039617
Brussels-Capital Region,21014A3MJ,1963.8779352506003,1.1914472111994632,0.6997413448238302
Brussels-Capital Region,21014A41-,2488.353108935886,0.7233758361303935,0.7755211220840259
Brussels-Capital Region,21015A00-,7220.901706695557,0.7840808289013776,0.8759518079883647
Brussels-Capital Region,21015A01-,1771.4472743140327,1.0335735884517785,0.7882192364226803
Brussels-Capital Region,21015A021,2243.257319874234,0.743328644665514,0.841408734356459
Brussels-Capital Region,21015A03-,4859.904341485765,0.7942036843780808,0.8386723741538642
Brussels-Capital Region,21015A04-,4502.052892473009,0.672323869875622,0.783830782252955
Brussels-Capital Region,21015A05-,5953.555839538574,0.7182063622605648,0.7771896394178572
Brussels-Capital Region,21015A101,1449.105947918362,0.9180618702019748,0.8577986444351244
Brussels-Capital Region,21015A111,2671.088819026947,0.9142058342472766,0.8645331662708601
Brussels-Capital Region,21015A12-,3473.61389541626,1.115937184704758,0.8435585839518154
Brussels-Capital Region,21015A13-,2629.262300067478,0.7748849511027261,0.8358194148795473
Brussels-Capital Region,21015A142,275.10664134555395,0.9020897949244062,0.7223565603095637
Brussels-Capital Region,21015A152,2432.957133081224,0.7611506950628719,0.8712677036499731
Brussels-Capital Region,21015A20-,6361.257999632093,0.8405914231141488,0.9568309902596346
Brussels-Capital Region,21015A21-,2089.041592915853,0.8259449173982334,0.8654040171782081
Brussels-Capital Region,21015A22-,3498.400589201185,0.8193115828258932,0.8678801271038467
Brussels-Capital Region,21015A231,2105.392549726698,1.0980072684945117,0.8866044744489215
Brussels-Capital Region,21015A24-,3036.3342764112685,0.9092539101554084,0.876167443291921
Brussels-Capital Region,21015A272,1698.4153120252822,0.926689236420812,0.988245719120755
Brussels-Capital Region,21015A30-,4453.561189439562,0.9631754838722978,0.958819829692901
Brussels-Capital Region,21015A31-,3056.419138590494,0.9186245698558704,1.0670313389335504
Brussels-Capital Region,21015A32-,4385.750780317519,1.0673028823539252,0.7894150885811576
Brussels-Capital Region,21015A33-,2882.9353082444923,0.9303718645058054,0.7916877074256322
Brussels-Capital Region,21015A34-,1620.1353782018025,1.0390278167517493,0.7765255144174166
Brussels-Capital Region,21015A35-,2442.169791751437,1.0906032936724346,1.1496817079507355
Brussels-Capital Region,21015A36-,2261.2145339118106,1.157462895240534,1.063532470155331
Brussels-Capital Region,21015A40-,4156.350764168633,0.5901335258317515,0.6912054770852349
Brussels-Capital Region,21015A41-,3616.820491578844,0.7176576726873553,0.7645200146225791
Brussels-Capital Region,21015A421,2228.028905656602,0.7487828170745005,0.6832966364496478
Brussels-Capital Region,21015A43-,2100.4676293796965,0.8506282053319378,0.6334314630760493
Brussels-Capital Region,21015A44-,2766.5746697319883,0.6440786773616567,0.7607934998987202
Brussels-Capital Region,21015A45-,871.2966090308296,0.6869624570568534,0.8028096567527369
Brussels-Capital Region,21015A50-,6265.780403561063,1.156245791832644,1.0895423438016576
Brussels-Capital Region,21015A51-,2475.5938220289017,1.2182501908793673,1.1767006555103021
Brussels-Capital Region,21015A52-,4154.932420518663,1.1366588636722297,1.1935453403904739
Brussels-Capital Region,21015A53-,4179.991975148519,0.8755649238381545,1.0972543351398862
Brussels-Capital Region,21015A54-,5432.790729310777,1.143039152688784,1.0535152013877824
Brussels-Capital Region,21015A612,4761.678086598715,0.7711329012523607,0.745064449076841
Brussels-Capital Region,21015A622,1139.4249803755015,1.1570533446498152,0.8293868969263671
Brussels-Capital Region,21015A63-,1468.3199629187584,1.1317344117421153,0.7812728116624855
Brussels-Capital Region,21015A64-,2906.218131171333,0.8546934645688387,0.8020962377257181
Brussels-Capital Region,21015A70-,1044.2663962046304,0.9994798243342152,0.9380548339681642
Brussels-Capital Region,21015A71-,1014.4523810810512,1.073407613988695,0.936766776530123
Brussels-Capital Region,21015A721,968.4308655526902,1.3070231010767197,0.9372860013305255
Brussels-Capital Region,21015A73-,725.5503118832905,1.2051660329379006,0.91069436876894
Brussels-Capital Region,21015A77-,2259.407146937317,0.7883304724927952,1.0167312308734677
Brussels-Capital Region,21015A782,426.6612254248725,0.7992084810097099,1.0266848124167718
Brussels-Capital Region,21015A811,1991.6973061031763,1.275861807647229,0.9183025631655672
Brussels-Capital Region,21015A822,209.78233372502865,1.1733178523124483,1.0840187324843416
Brussels-Capital Region,21015A831,4646.363832049899,1.214089380167759,1.0397757224417963
Brussels-Capital Region,21015A883,699.3664884567262,0.756284733541731,0.905357541998753
Brussels-Capital Region,21016A00-,2848.024931351344,1.2698822861980776,1.43814955934098
Brussels-Capital Region,21016A01-,4072.0650692250993,1.5218549565201165,1.3785359609440346
Brussels-Capital Region,21016A02-,1762.0703370836045,0.8874552997321471,1.3942144574971276
Brussels-Capital Region,21016A03-,2998.9709214104546,1.4024618320143756,1.3473310378151948
Brussels-Capital Region,21016A042,641.0510552724203,1.8192157078638855,1.5254397727171864
Brussels-Capital Region,21016A05-,2416.811420440674,1.0764601943835468,1.3028396741585195
Brussels-Capital Region,21016A102,3075.565853741434,1.9520297475843609,1.2141653568575381
Brussels-Capital Region,21016A111,1602.829437308841,2.2952017411987016,1.2756022972564798
Brussels-Capital Region,21016A12-,3147.186829646428,1.773807765639151,1.2162302419883484
Brussels-Capital Region,21016A214,289.97995365990533,1.2260989730444505,1.302233125979392
Brussels-Capital Region,21016A225,438.9299278259277,1.627223764623052,1.3133336461941267
Brussels-Capital Region,21016A232,1268.9404999961712,1.5237610317203767,1.3213351383964271
Brussels-Capital Region,21016A311,2117.791216678594,2.340011250909418,1.1515103092361094
Brussels-Capital Region,21016A322,977.635912279288,1.1336783388062492,1.0981625639076533
Brussels-Capital Region,21016A331,313.81395901574024,1.0177433183414768,1.0731484421546789
Brussels-Capital Region,21016A342,6049.358965563484,2.41072150367094,1.209909797503212
Brussels-Capital Region,21016A400,2248.299128892107,1.209150606159784,1.1181071347650786
Brussels-Capital Region,21016A410,786.1637262768215,1.6985433767988554,1.311434791542219
Brussels-Capital Region,21016A429,1504.867316449061,1.5574342026641996,1.3362760700701823
Brussels-Capital Region,21016A44-,1736.2725288420916,1.448505193703025,1.2525776978266383
Brussels-Capital Region,21016A490,477.0501520430875,1.6371790523643084,1.1288205987526292
Brussels-Capital Region,21016A521,259.9680705657746,1.8274046263766868,1.1188591830254244
Brussels-Capital Region,21016A533,609.010047563662,1.211102027369488,1.0918769150873386
Brussels-Capital Region,21016A601,1203.959056377411,1.1907934907748716,1.1291608148838215
Brussels-Capital Region,21016A610,488.9803032846087,1.5697218592151845,0.9737728031840018
Brussels-Capital Region,21016A620,1165.5681328132955,1.434752115554753,1.1465252891589643
Brussels-Capital Region,21016A639,1389.1335328596438,0.9040399223351816,0.8316468672423349
Brussels-Capital Region,21016A64-,1925.989481922524,1.276880752662242,1.1863992458359631
Brussels-Capital Region,21016A65-,410.92367952399775,1.0267753747495234,1.2130572168335958
Brussels-Capital Region,21016A701,1676.4404742452834,0.9631662947684408,1.1832306705133446
Brussels-Capital Region,21016A71-,1690.4106769429573,1.2637339770861769,1.2049437460321377
Brussels-Capital Region,21016A72-,450.7353058207469,0.7752471877165287,1.1635387710218559
Brussels-Capital Region,21016A731,484.7660695777999,1.5594351351146925,1.2333820990793243
Brussels-Capital Region,21016A772,1100.8621875180138,0.894132701046602,1.1731481344302572
Brussels-Capital Region,21016A80-,2709.0230462816025,1.3216042766062233,1.4338255534840425
Brussels-Capital Region,21016A81-,2510.312858263652,1.2848789229921391,1.3429232321435125
Brussels-Capital Region,21016A82-,3141.94232325587,1.3664589382561896,1.385950489543108
Brussels-Capital Region,21016A831,3708.6236912674376,1.806799484958211,1.464698102504781
Brussels-Capital Region,21016A841,891.9092089401352,1.830315452280744,1.1744496839797005
Brussels-Capital Region,21016A85-,1095.3710907167856,1.2323039630266432,1.3650001989735248
Brussels-Capital Region,21016A901,1781.032579951816,1.347849505792014,1.294337940227519
Brussels-Capital Region,21016A912,1102.8756833871205,1.1393161690660234,1.293437386668453
Brussels-Capital Region,21016A922,1213.199919965532,1.1107892108610826,1.2258135004488235
Brussels-Capital Region,21016A933,2997.432813882828,1.2886738960335675,1.2264413504589546
Brussels-Capital Region,21016A943,628.2790609995525,0.950868840728797,1.3281279093851885
Brussels-Capital Region,21016A954,181.317610528734,1.0018568559082182,1.2466756252188638
Brussels-Capital Region,21017A000,719.5553939772976,1.1557593961819554,0.9420005023700347
Brussels-Capital Region,21017A01-,443.98182599412064,1.4667183833229176,0.9774098559179657
Brussels-Capital Region,21017A021,177.13854211072126,1.403352304334972,1.0793076328916509
Brussels-Capital Region,21017A031,322.86579899158744,2.474050126869281,1.2161596234257674
Brussels-Capital Region,21017A041,542.4902030362023,1.4919349725479552,0.9156427599533448
Brussels-Capital Region,21017A08-,401.3690022309052,1.6556700671554654,0.8584608309327445
Brussels-Capital Region,21017A11-,1381.9630263911354,0.8622701247211663,1.1101294414559666
Brussels-Capital Region,21017A12-,1553.430867758062,0.9809238578550872,1.1459916809303636
Brussels-Capital Region,21017A13-,1246.6798706054688,1.5269243346585242,1.2296150112179984
Brussels-Capital Region,21017A212,1787.957664489746,1.503800286763682,1.0707713308473699
Brussels-Capital Region,21017A220,494.1518574820625,0.7567670757228215,1.0305924466154595
Brussels-Capital Region,21017A230,825.4658168156941,1.5360566559085742,1.0942346183194467
Brussels-Capital Region,21017A240,853.212678803338,1.450829805863099,0.9841887844889126
Brussels-Capital Region,21017A312,75.70640979748633,1.843524327036104,1.1742271352518516
Brussels-Capital Region,21017A374,96.84900142749149,0.637083907357707,1.039394268910072
Brussels-Capital Region,21017A393,262.7334330918061,1.015849696440296,1.2866679398095575
Brussels-Capital Region,21017A41-,1006.5587633980646,1.25290825163317,1.3275979361123498
Brussels-Capital Region,21017A421,221.7528834078047,1.4652704509179488,1.243789641557983
Brussels-Capital Region,21017A432,979.0587711334229,1.5611681028097713,1.278926095573985
Brussels-Capital Region,21017A443,176.7753079732259,0.6542453781353779,1.088471493904025
Brussels-Capital Region,21017A451,1248.1849524709912,1.404738992308487,1.197759639553916
Brussels-Capital Region,21017A472,198.71026635169983,1.1825910277421383,1.0198470547265333
Brussels-Capital Region,21017A501,248.8580525186327,1.2478896444165657,1.0746636614518261
Brussels-Capital Region,21017A512,842.0475362141927,1.4036154849385167,1.2553053980412625
Brussels-Capital Region,21017A523,842.9665571848552,1.155017942328851,1.2519346078281255
Brussels-Capital Region,21017A534,142.1637363433838,1.2710079255646674,1.1519668084868693
Brussels-Capital Region,21017A541,839.0720022850567,1.2401438230682655,1.067989552893752
Brussels-Capital Region,21017A613,230.4159151713053,1.4856502786773742,1.3554445591430149
Brussels-Capital Region,21017A624,376.1712596681383,1.125384775444539,1.0858169456184024
Brussels-Capital Region,21017A635,418.0884692470232,1.7396724772013523,1.1060877792400752
Brussels-Capital Region,21017A696,224.2237880494859,1.377046087603638,1.1264052211018776
Brussels-Capital Region,21018A00-,2083.822354634603,1.244904429208778,1.2374943641737794
Brussels-Capital Region,21018A01-,1386.5164890819128,1.6130325413881583,1.354857416520335
Brussels-Capital Region,21018A02-,1258.512510087755,1.300624531649945,1.1620540113425202
Brussels-Capital Region,21018A031,1953.0418400234648,1.180536131328244,1.3061314107650939
Brussels-Capital Region,21018A04-,1339.4879355960425,1.1603144463967034,1.1892938653475142
Brussels-Capital Region,21018A05-,1715.425485028161,1.418510599097499,1.1832208848027004
Brussels-Capital Region,21018A09-,376.79090028338953,1.6053578420548862,1.1333274257433132
Brussels-Capital Region,21018A12-,1565.226538552178,1.387331337548051,0.9981364345890582
Brussels-Capital Region,21018A13-,481.4559292263455,1.0047001359265717,1.0158032044722822
Brussels-Capital Region,21018A14-,1275.6260198420946,1.0415241809993678,1.1938546385137359
Brussels-Capital Region,21018A20-,4093.947371164957,1.1000203735783436,1.184285019948842
Brussels-Capital Region,21018A21-,3117.6979678471885,1.2183683611973095,1.18626583459261
Brussels-Capital Region,21018A22-,2228.6029020945234,1.321337087644918,1.225927523718348
Brussels-Capital Region,21018A24-,2645.6902832190194,1.438346633214243,1.2266314992579042
Brussels-Capital Region,21018A30-,881.007932662964,1.2776448895149624,1.1502640978800907
Brussels-Capital Region,21018A311,910.4316099484764,1.102967176683414,1.131353636141904
Brussels-Capital Region,21018A32-,634.0538401073879,1.4249865778599935,1.2305258521933544
Brussels-Capital Region,21018A33-,2560.1079837580523,1.3820044760989656,1.2220247940345828
Brussels-Capital Region,21018A34-,737.9126230610742,1.7135151736414629,1.3359685513414061
Brussels-Capital Region,21018A35-,320.27772871984376,0.818734937034745,1.2693662150014628
Brussels-Capital Region,21018A37-,1153.9614686999057,0.9129076361339724,1.1172918356694974
Brussels-Capital Region,21018A3MJ,2239.637459039688,1.4457662067175443,1.35467247246147
Brussels-Capital Region,21018A41-,642.904797077179,1.1850601676317585,1.2722086503959198
Brussels-Capital Region,21018A42-,1458.8198925124275,1.2193904517642395,1.245401872046598
Brussels-Capital Region,21018A43-,1582.1721317503186,1.2409179124186185,1.2217526320739394
Brussels-Capital Region,21018A512,1466.1745864020452,1.2816310890314313,1.188072410342972
Brussels-Capital Region,21018A60-,634.2322242359321,0.8971411621987342,1.1537629673082526
Brussels-Capital Region,21018A61-,1961.9663050439624,1.3045563645810554,1.189566748926806
Brussels-Capital Region,21018A62-,4416.194843504163,1.3037464714205893,1.1905802536622452
Brussels-Capital Region,21018A63-,2028.2103099889223,1.13034759211021,0.9979869116793003
Brussels-Capital Region,21018A643,694.0975822905699,0.820561809616957,1.020644900771646
Brussels-Capital Region,21018A72-,2326.052572660976,1.2961449114490884,1.1371496614991103
Brussels-Capital Region,21018A81-,814.5947037140529,0.8567580659841412,0.9520284850590102
Brussels-Capital Region,21018A82-,961.5669600168862,2.050309539004239,1.003935535342617
Brussels-Capital Region,21018A83-,905.0142225958408,1.4902533246958387,0.9564523779447327
Brussels-Capital Region,21018A84-,512.3050116300583,0.7176159288232182,0.8916359325304347
Brussels-Capital Region,21018A87-,818.4267107542449,0.5434634867781802,0.9709142666244626
Brussels-Capital Region,21019A001,1410.0207927605757,1.291927650713104,1.2413580265807564
Brussels-Capital Region,21019A01-,1127.2423919748203,1.1913558084675877,1.2097150081226886
Brussels-Capital Region,21019A02-,618.1350587275293,1.5509763086380166,1.2138468825095547
Brussels-Capital Region,21019A03-,744.4955297576057,1.4129188687797605,1.372687963171553
Brussels-Capital Region,21019A04-,902.3169448640612,1.366650727066841,1.3603130929745024
Brussels-Capital Region,21019A052,1323.2605381912242,1.4245019506767618,1.1568720451373307
Brussels-Capital Region,21019A10-,814.9749786588882,1.397571184922643,1.202825699046919
Brussels-Capital Region,21019A11-,919.079845958286,1.6764040525832749,1.2719740603296645
Brussels-Capital Region,21019A12-,756.0975209342109,2.1937934905430816,1.1973225170771467
Brussels-Capital Region,21019A131,1796.102154943678,1.897897711962451,1.0685360382440623
Brussels-Capital Region,21019A14-,1288.2711044649284,1.5230292199834428,0.9983832422507055
Brussels-Capital Region,21019A15-,539.5232156912485,0.8988463867445834,1.0681574251920047
Brussels-Capital Region,21019A20-,1747.5889440907372,2.178384064675737,1.1615828191163988
Brussels-Capital Region,21019A21-,2231.2836775238525,1.535819590077641,1.0912436071898928
Brussels-Capital Region,21019A22-,1172.882472700543,3.3185112370941154,1.1020015476118743
Brussels-Capital Region,21019A231,718.9750371509127,1.3824017338587742,1.1276650721216166
Brussels-Capital Region,21019A242,855.9879407352871,1.3261976822459325,1.1781317710200143
Brussels-Capital Region,21019A252,1404.2214049264376,1.5636326457182397,1.052894998020174
Brussels-Capital Region,21019A30-,1736.1524543762205,1.5093283340428727,1.3077045001759213
Brussels-Capital Region,21019A31-,1267.8557198260032,1.7251258996638597,1.287878774715373
Brussels-Capital Region,21019A32-,2717.6890856698155,1.5056121765412676,1.1820611825482454
Brussels-Capital Region,21019A33-,2005.5780804951987,1.2482826997616647,1.3491768467166778
Brussels-Capital Region,21019A34-,1423.0003532833523,1.7965687426780197,1.2266398597320358
Brussels-Capital Region,21019A35-,1883.440130021837,1.6912113202656778,1.2631165799543569
Brussels-Capital Region,21019A40-,1143.6298624012206,1.6333114490452358,1.1691409068844059
Brussels-Capital Region,21019A41-,281.6188274297294,1.4066277987903333,1.1482848687526739
Brussels-Capital Region,21019A42-,2003.0353035926817,1.7316353720850095,1.153610320328846
Brussels-Capital Region,21019A43-,461.5199841583769,2.7438134569973043,1.1983589294507155
Brussels-Capital Region,21019A441,529.0577382900649,2.429691545547408,1.0489627113290458
Brussels-Capital Region,21019A45-,1202.1080248090957,1.6831867211215736,1.0403691233711645
Brussels-Capital Region,21019A51-,1643.1613717608984,1.4432521146773625,1.2248958809537218
Brussels-Capital Region,21019A52-,1392.085842238532,1.4085945467593846,1.34970571452662
Zürich,011,6247.960679332415,1.004012036108325,1.1976985023080966
Zürich,012,4777.519338596199,0.8405215646940822,0.9465514058042148
Zürich,013,4195.182634962929,1.2036108324974926,1.1786842394600274
Zürich,014,7226.853507889641,0.5737211634904714,1.0468010870138384
Zürich,021,15288.59734149854,1.0030090270812435,1.0840890844176156
Zürich,023,2327.361167979608,0.802407221664995,0.9432970695062595
Zürich,024,15389.832069128232,1.2858575727181545,0.7648919041764987
Zürich,031,14257.61802928962,1.1253761283851555,1.0590928936990727
Zürich,033,8382.332138814498,0.7061183550651956,1.112419519491252
Zürich,034,15170.97948210438,0.9969909729187564,1.021246860571894
Zürich,041,4598.09500058492,1.16950852557673,0.9559207917413061
Zürich,042,15529.542662819224,1.0391173520561685,0.9571185343799131
Zürich,044,11444.221033122803,0.8264794383149449,0.9663882710949934
Zürich,051,8271.608075827773,0.9749247743229688,1.0728733244846955
Zürich,052,9331.674088478088,1.4643931795386158,1.0480726164096112
Zürich,061,19671.933496757927,1.0030090270812435,1.170222994334398
Zürich,063,12782.098743697214,1.136409227683049,1.0425777609231102
Zürich,071,12381.601491467613,1.1524573721163491,1.0515748458160201
Zürich,072,14113.322880736552,1.1915747241725176,1.048922670875913
Zürich,073,7520.437579341233,1.0972918756268806,1.069962822609932
Zürich,074,6665.567656688289,0.9969909729187564,1.0825124370691297
Zürich,081,5891.362834463103,1.3460381143430291,0.8888356807715234
Zürich,082,7134.322188801236,1.2357071213640922,0.899874487789367
Zürich,083,7331.641546143633,1.065195586760281,1.1110121373205184
Zürich,091,15191.558316627985,0.9819458375125376,1.062700989333742
Zürich,092,35588.63100047922,0.9608826479438316,1.0056920891025378
Zürich,101,20325.54954399365,0.9969909729187564,1.0037757583121099
Zürich,102,14057.851012947249,0.9969909729187564,1.2159048980477505
Zürich,111,12670.964585909516,0.8184553660982948,0.9654643448934457
Zürich,115,24599.076102883453,1.0170511534603812,0.8806720082144562
Zürich,119,18805.037932507592,0.8826479438314945,0.8805796422785271
Zürich,121,7364.153235252947,0.7041123370110332,0.8290091203895235
Zürich,122,7776.610875544112,0.7683049147442327,0.8350672415626844
Zürich,123,7409.488633056611,0.7041123370110332,0.9414758404539081
Copenhagen,Amager Øst,59614.5528758773,0.9847305789544056,1.1731753687935929
Copenhagen,Amager Vest,73805.67415589755,1.0152694210455944,0.8726706274761176
Copenhagen,Bispebjerg,59146.361112261606,0.8397058430271427,0.8004819947248801
Copenhagen,Brønshøj-Husum,45057.28280572128,0.9628025137050408,0.8101779860973176
Copenhagen,Indre By,57087.91113942741,1.289174132014084,1.3372608579567362
Copenhagen,Nørrebro,88452.48104714375,0.861494852252975,0.8326456427655431
Copenhagen,Østerbro,87438.24835989664,1.1249953202299772,1.254973009518464
Copenhagen,Valby,57557.21695413086,0.9713170209921111,0.9878910606508975
Copenhagen,Vanløse,43599.61231272885,1.0363381913803094,1.3377064383345216
Barcelona,08001,29158.348253409076,0.6677025780357498,0.6631955516160781
Barcelona,08002,17668.153410699633,0.8459780344064382,0.6788651621443131
Barcelona,08003,30801.15211878313,0.8576460774558831,0.6268322257272089
Barcelona,08004,40508.20297813416,0.7912869650357109,0.7538661550072024
Barcelona,08005,52578.36800215715,1.168981063258606,0.9195080975974632
Barcelona,08006,34884.405502531255,1.5860500873894423,1.3852553152016713
Barcelona,08007,19131.808429929944,1.603773191580141,0.7677096178376434
Barcelona,08008,16936.97795783149,1.7742151592825186,1.1291049125581698
Barcelona,08009,18665.331357320152,1.4122297704280482,1.0839929709873135
Barcelona,08010,13817.60144551595,1.5272624513941295,1.0723031238299803
Barcelona,08011,23717.72082349989,1.136040597968769,0.8200118664160638
Barcelona,08012,25276.774737464053,1.0782651358190511,1.303569104203585
Barcelona,08013,49553.18693432543,0.9977936854202284,1.1579155152088472
Barcelona,08014,70241.9082842403,0.931733880197304,1.0826184111553572
Barcelona,08015,54910.36081292894,1.0188721123017768,0.9600768108706187
Barcelona,08016,51694.46536342303,0.7194958733732584,1.1453446718898617
Barcelona,08017,63040.507935661,2.7345206717516497,1.1909255768478686
Barcelona,08018,42779.07817783621,1.0091102952127748,1.0403297102592906
Barcelona,08019,39768.18889886804,0.9349949875334086,0.7289720870927534
Barcelona,08020,56237.43882346153,0.758332457853889,1.360061449994151
Barcelona,08021,37804.35900624593,2.710081593321111,1.2422310446513032
Barcelona,08022,41500.975119054325,2.070450678234655,1.1625171590489825
Barcelona,08023,43511.66194361448,1.2519552562586085,1.0729404523274917
Barcelona,08024,53516.87677233749,1.0022063145797713,1.1979867850689232
Barcelona,08025,53577.81099351248,0.9851489264501486,1.2721598477734506
Barcelona,08026,31397.945286644837,0.9001745944923067,1.1673031776559553
Barcelona,08027,58340.4157394833,0.8500241812196775,1.3545857648742796
Barcelona,08028,85122.46415484615,1.0349250084157389,1.2399388101779678
Barcelona,08029,56310.58159478505,1.2514336077539712,1.540413735585952
Barcelona,08030,75348.19672807057,0.8708486096133993,0.9620790472810883
Barcelona,08031,44075.16526328193,0.7946662936572146,1.1829399636397877
Barcelona,08032,56411.16847818594,0.8266723026519972,1.0675450625793184
Barcelona,08033,31278.05305585006,0.5824993196611823,0.7028738864696208
Barcelona,08034,53519.669443070685,2.663734999386122,1.6235392561088986
Barcelona,08035,64592.18212805911,0.9363776448525328,1.2613567864784823
Barcelona,08036,29487.90797805786,1.349835897639653,1.2539726168942722
Barcelona,08037,17140.462806277807,1.2447122374069226,1.190419771172145
Barcelona,08038,68021.41430827313,0.7594956021713347,0.7365809320539495
Barcelona,08041,30629.634764361712,0.9224650024454024,1.1655858430472346
Barcelona,08042,42696.657083122685,0.6938052483441145,0.874566070904418
Granada,18001,7532.819967803956,1.0,1.0471197026006247
Granada,18002,9502.858445739746,1.1494054624416212,1.178611059016048
Granada,18003,8731.113060586453,0.9714327837124354,1.170044432874335
Granada,18004,14009.722723120376,1.0630265516097128,1.4083086953240966
Granada,18005,7751.020847473143,1.071560108219762,1.245908198140102
Granada,18006,19425.02597487196,0.9570813545194546,1.1528793868127438
Granada,18007,14474.083220268563,0.6826783139863146,0.8881314789386227
Granada,18008,34810.45452743597,1.0130581450003968,0.9899720799801466
Granada,18009,13919.129690036552,1.0875071282034316,1.0280960764462541
Granada,18010,16977.164405157568,0.884806437997981,0.8664720316188957
Granada,18011,20484.544787247032,0.5245362248600006,0.6577764686743555
Granada,18012,10680.377115631103,1.1156341090255375,1.3890274679487413
Granada,18013,16571.685475450453,0.6758257223274666,0.7492649159274053
Granada,18014,29971.093706100284,1.0160002533362285,0.9826780930073603
Granada,18015,16681.51192706637,0.7428599700289865,0.977435886092285
Madrid,28001,35811.171640625,2.4325946701539416,1.0020608339839172
Madrid,28002,78785.57183977723,1.3578712124452583,1.3898450271408826
Madrid,28003,59216.77630048752,1.4422019703729765,1.4180686666707516
Madrid,28004,39646.29273696899,1.24366105819625,0.8296704297883729
Madrid,28005,75126.95828835487,1.0,0.9943734450920152
Madrid,28006,60085.37847114563,2.184986663337952,1.0748335769449566
Madrid,28007,67883.97089335143,1.1453337248035136,1.178062924024876
Madrid,28008,31384.024080587325,1.2932617346986517,1.0809036256282285
Madrid,28009,39428.22678650185,1.4429706050864008,1.5262792573587747
Madrid,28010,49783.27515617371,1.6858087524644374,1.2347192955765902
Madrid,28011,50700.72343967021,0.7281217508526345,0.9808767526768267
Madrid,28012,34090.917939834595,0.8530819249081286,0.9358734962758384
Madrid,28013,28057.41527300388,1.1525435862870432,0.8594066870209178
Madrid,28014,32502.924929294582,1.4730428108518336,0.9407896552256124
Madrid,28015,48257.16439453125,1.1346489924646546,1.2594527576785737
Madrid,28016,64286.44633059755,1.7753298274368805,1.184487913663545
Madrid,28017,85054.88189724712,0.678776368591467,1.043668178138767
Madrid,28018,69873.13765103609,0.592236610436819,0.7868753018767312
Madrid,28019,70147.44999818728,0.6725876337241399,0.8259108659117373
Madrid,28020,61633.25920684814,1.1402582172427151,0.9620356270169257
Madrid,28021,95975.5756990552,0.5868962636588991,0.7138438648441996
Madrid,28022,100040.1565388733,0.8672737060121651,0.9098953489509806
Madrid,28023,82585.79930923908,2.4232851360018928,0.8984224582860123
Madrid,28024,47821.72159039512,0.7079093350706767,1.2671759555373543
Madrid,28025,60144.31713968053,0.6036008964010298,0.8141077482420327
Madrid,28026,58392.7032306856,0.6057530834993385,0.7494090089511765
Madrid,28027,89313.96230176627,0.940785515130152,1.2220418179998114
Madrid,28028,65811.71509144665,1.140823863109198,1.3312512755776893
Madrid,28029,76083.87318055153,0.828693521236874,1.5494502922708473
Madrid,28030,103651.98858818517,0.7762101651800244,1.1020246021560032
Madrid,28031,69770.49114433005,0.6935134414011582,0.8461316909730006
Madrid,28032,75929.95330574705,0.7713642380911244,0.8507212774645959
Madrid,28033,115879.50602132456,1.0779136727862035,1.1690857439360718
Madrid,28034,107176.9994517815,1.2860305942079535,1.2811136664817089
Madrid,28035,98389.48396055373,1.2887378759539343,1.5022046965602176
Madrid,28036,64856.12585610389,2.195787423372048,1.0881962328586032
Madrid,28037,62437.614616336825,0.6698296977160021,0.9906619687361913
Madrid,28038,72640.10194741085,0.5715967135293616,0.7893997229278532
Madrid,28039,59617.538508875965,0.7769175173919565,0.9832709656472355
Madrid,28040,34188.352820609216,1.3027744898469351,1.1931419170282476
Madrid,28041,107441.69859226466,0.6213485631251822,0.8129458212704833
Madrid,28042,123767.24500670344,1.225080191581171,0.9643097190104299
Madrid,28043,139585.68368012412,1.3479106653853752,1.2724039273572936
Madrid,28044,63432.17202935353,0.6631485190250559,1.0685710730952698
Madrid,28045,89511.66243023485,0.991909915954146,0.9468274454884691
Madrid,28046,26289.34623054028,1.7679665820512476,1.001697435441486
Madrid,28047,67714.5854856421,0.6765616593345402,0.9362332497137104
Madrid,28048,7561.645311953872,0.7971620090247007,1.586542420717924
Madrid,28049,43821.28572759084,1.5514741128338918,1.3043391566087668
Madrid,28050,131569.86447890085,1.369173515967005,1.0411038291256636
Madrid,28051,85294.7146109712,0.8111240320057254,1.0650348935964464
Madrid,28052,19182.50550139316,0.8776076529995314,1.1246064105425448
Madrid,28053,71119.70502044872,0.5135076603344665,0.8134236128276601
Madrid,28054,48957.02423541962,0.8586428951655376,0.8250733944252105
Madrid,28055,40141.03868056565,1.6351315423290351,1.140235649636104
Sevilla,41001,13837.496661948264,1.5548314224314612,1.4571650990831138
Sevilla,41002,15527.639845581056,1.2428157986476067,1.1627173308619236
Sevilla,41003,30362.515728454597,1.1643786129617335,1.1139448786363522
Sevilla,41004,21205.76659667015,1.5424047724346523,1.1969821036118626
Sevilla,41005,38795.9311769104,1.1861904622049937,1.247490972297205
Sevilla,41006,71286.14349819421,0.6231985485542552,0.9049194997313378
Sevilla,41007,50223.11478025884,0.97373181641469,1.1033478313038905
Sevilla,41008,53853.47583826125,0.8677306440887012,1.147840011751135
Sevilla,41009,29452.536766335368,0.7956675520728369,0.992155104439488
Sevilla,41010,34342.19939854316,1.02626818358531,1.1636093106785372
Sevilla,41011,33733.37979150057,1.501376627077622,1.5429509934627172
Sevilla,41012,33332.34541925721,1.2733702903374933,1.1279418562072518
Sevilla,41013,76683.01107880175,1.0682184424731846,0.8793822497095792
Sevilla,41014,13306.844669042452,0.8897380158764352,0.9791456979246737
Sevilla,41015,45474.78693332873,0.7015033072753372,1.0219375960864352
Sevilla,41016,30079.94635251608,0.6444320773326021,0.8225299510110038
Sevilla,41017,3030.892917712927,0.2802176788467886,0.7398334310696368
Sevilla,41018,24405.975295562745,1.4723145559795916,1.3047452232450893
Sevilla,41019,14403.098791583478,0.6998679182281037,0.993284938727004
Sevilla,41020,73301.29196598909,0.9426286071747928,1.1156015158781054
Helsinki,00100,26636.74060471888,1.4667510326878537,1.302869534113118
Helsinki,00120,8052.0977926448895,1.7261765478379216,1.2302927877083492
Helsinki,00130,4717.325366915489,2.555669635395525,1.3298962189655932
Helsinki,00140,7952.842026770874,2.3250399942694777,1.0639904245870053
Helsinki,00150,12925.06416207799,1.4764451660657578,1.1297906908212356
Helsinki,00160,4953.172594665265,1.5330340727298777,1.3221962863874313
Helsinki,00170,9946.8802968069,1.5167737160048709,1.3507300792241206
Helsinki,00180,17105.776580417034,1.2072777631861704,1.1611663220016324
Helsinki,00190,446.7005960349069,0.9600296076980016,0.9100425248287494
Helsinki,00200,9166.631278550632,1.2851889878465177,1.3909424689156589
Helsinki,00210,5052.246057694551,1.5056708292543155,1.4089045197517522
Helsinki,00220,6348.952554111045,1.1205319834769942,1.1393472347583373
Helsinki,00240,11642.415914528943,0.9572359781285068,1.132798789506512
Helsinki,00250,11141.097280758033,1.171414245123087,1.1281910921887504
Helsinki,00260,5867.931272594448,1.5704018528688426,1.4210167223346777
Helsinki,00270,4050.088049350953,1.054272820610778,1.0654102801054226
Helsinki,00280,2996.15635816981,0.9682672333516392,0.9589111660201818
Helsinki,00290,1439.630658044195,1.8113225567679856,1.5022616627945562
Helsinki,00300,5081.278439815631,0.935818151429049,0.9744104918108086
Helsinki,00310,663.0468098334208,0.9888971132494448,1.0864438874224587
Helsinki,00320,10171.445616568724,1.0121773596618993,1.0544832067609358
Helsinki,00330,7961.909015618987,1.5110193166352284,1.3730846944241493
Helsinki,00340,865.5733601552795,2.4580836178696783,0.9915437124782353
Helsinki,00350,7002.339516509249,1.0,1.1863986647496383
Helsinki,00360,509.2737986287292,0.8921945512284807,1.0667378902236868
Helsinki,00370,7183.664851408375,0.9105322222487524,0.9936459874717771
Helsinki,00380,5650.330740762913,0.9175282347603926,0.9091110559979294
Helsinki,00390,9589.945897071526,0.9030825433967672,0.9030599421978897
Helsinki,00400,7772.913917840782,0.8369666435853967,0.9783497389314696
Helsinki,00410,6265.51724249326,0.7761037224517084,0.7239092753570514
Helsinki,00420,10250.968050453052,0.7723550058499081,0.9113890820714179
Helsinki,00430,6162.705639640401,1.0888469711802489,1.148255746921092
Helsinki,00440,2885.22201575088,0.8528210883216734,0.7984356183064143
Helsinki,00500,9598.085902077812,0.8736181084501325,1.1237049277706568
Helsinki,00510,13874.056896774136,0.9080967503163726,1.1155628646144604
Helsinki,00520,8808.838387062202,1.071297246961629,0.9611871038566772
Helsinki,00530,15321.64636965035,1.0174303383395813,1.1946804440292929
Helsinki,00540,6348.067770361292,1.2285523268307823,1.3331503280477073
Helsinki,00550,8821.55715933769,0.8307108235237936,0.9299119987541875
Helsinki,00560,9204.60471715189,1.007449678851985,1.0790682024442166
Helsinki,00570,510.89082327439473,1.805687543277381,1.2980246406233156
Helsinki,00580,9142.29167047409,1.1684773524987464,1.1472684874984722
Helsinki,00590,2950.137034546622,1.042095460948879,1.0965188147629252
Helsinki,00600,2495.606249347368,0.8259115111864569,0.8758882735634604
Helsinki,00610,6126.164525841192,0.9450824956424154,1.0256459133410551
Helsinki,00620,5236.288460649435,1.0821136076024929,1.058473936598179
Helsinki,00630,7079.747550804624,0.8481172846875672,0.8368729222656681
Helsinki,00640,8446.166935886047,0.9690790573290992,0.9952524748733577
Helsinki,00650,4193.672062618201,1.0460351949571405,1.057230898667494
Helsinki,00660,9793.619393024366,1.3357130918554954,1.4498438636892672
Helsinki,00670,6428.489006505975,1.366920560636088,1.323608980349261
Helsinki,00680,4309.917084179932,1.2439292280509062,1.3365965351859004
Helsinki,00690,1954.941167687655,1.1574222200998066,1.2220826196204848
Helsinki,00700,15813.597885299816,0.7751008810677873,0.8005785900864597
Helsinki,00710,9734.39564314576,0.7763186170339772,0.7385084287734547
Helsinki,00720,6787.703419946894,0.8054248943434971,0.8059015278678412
Helsinki,00730,11530.832188492372,0.9829994508249564,0.9779119217025791
Helsinki,00740,11172.73272965913,0.8819989971586161,0.8721302199837813
Helsinki,00750,10543.462456148956,0.8153100451278623,0.8743159827993686
Helsinki,00760,9186.373711998329,1.0568754327738117,1.0682173998191384
Helsinki,00770,7059.4505020727465,0.6962106921993266,0.7715549426471648
Helsinki,00780,8017.212004681363,1.0202955994364986,1.0750630887957162
Helsinki,00790,8129.526618457304,0.8461832334471479,0.8467173440302478
Helsinki,00800,4489.420965336074,0.8850791528378024,1.0272676031435044
Helsinki,00810,8347.833996024478,0.9477806165086794,1.048762017203578
Helsinki,00820,3632.508976309503,0.7876125211909936,0.8085244850051576
Helsinki,00830,2279.419300390673,1.805974069387073,1.055333341736955
Helsinki,00840,7076.400158958167,1.0582125546190395,1.1704028509500655
Helsinki,00850,3088.1878374828293,1.4052911821589742,1.008196686273836
Helsinki,00860,1307.7320546974638,1.1518349609608176,1.410741673945735
Helsinki,00870,4409.073076045977,0.8799216828633509,0.9353421733293781
Helsinki,00880,7386.920874058516,0.91136792340202,0.845373710880297
Helsinki,00890,1684.3268139266352,1.5378811394188296,1.255468337260676
Helsinki,00900,4183.867138008834,0.7285642654186862,0.7208979778442315
Helsinki,00910,5617.827660311469,0.7767006518468995,0.8315125422140971
Helsinki,00920,14609.456817864306,0.8202287433442372,0.8448437721167568
Helsinki,00930,7490.617914925539,0.9766481220601227,0.7982903021859026
Helsinki,00940,22630.921902008544,0.6507724266373773,0.6732447894198196
Helsinki,00950,8281.33978312208,1.094099949857931,1.0369212233450071
Helsinki,00960,5419.376639315098,0.8080991380339534,0.8619486556698592
Helsinki,00970,7822.66902545733,0.7368735225997469,0.7984140416116912
Helsinki,00980,34703.94280543095,0.7595329624412025,0.7913751302859796
Helsinki,00990,7398.048718388249,1.0175974785702346,0.7893992657911324
Marseille,132010101,2968.580023871528,0.793633952254642,1.0135947109362144
Marseille,132010102,1734.5581652323406,0.2891246684350133,0.8808556453099319
Marseille,132010103,2209.9701508416065,0.3183023872679045,0.918127089054555
Marseille,132010104,2580.016211085849,0.3628647214854111,0.9401415171351996
Marseille,132010201,1963.499087015788,0.5676392572944297,0.9730517761052369
Marseille,132010202,1988.7532704671228,1.090185676392573,0.908319307730831
Marseille,132010203,1511.6655337015784,0.7639257294429708,0.9220595068301796
Marseille,132010302,1739.0465988583037,0.34111405835543773,0.8833772529112867
Marseille,132010303,931.0362875196668,0.4976127320954907,0.925595766531032
Marseille,132010402,3978.262288517422,0.8148541114058355,1.0644590772445117
Marseille,132010501,711.3919940524634,1.0,0.9975203268274705
Marseille,132010502,1128.4825740390356,1.1098143236074272,0.9969268808279379
Marseille,132010503,2014.274509429932,1.0578249336870027,0.9579986177417967
Marseille,132010504,5646.109155019125,0.9485411140583554,0.9727387687360446
Marseille,132010601,2724.444185892741,0.7358090185676393,0.9230624865240735
Marseille,132010602,1700.5145293341743,1.0090185676392571,0.9793633131760998
Marseille,132020101,7016.009975527413,0.4668435013262599,1.025720090278276
Marseille,132020201,844.7846669091119,0.2159151193633952,1.0678115309696554
Marseille,132020202,552.134224679735,0.53315649867374,1.0387903210678409
Marseille,132020203,861.1845795313516,0.5278514588859416,1.0340802482605131
Marseille,132020204,412.009430355496,0.5220159151193634,1.1422596681879418
Marseille,132020205,927.0744446648492,0.8286472148541114,1.0818225580176193
Marseille,132020301,1202.2167753643462,1.1618037135278514,1.1895255705296994
Marseille,132020302,1465.9803009298112,0.8063660477453581,0.9989191438040587
Marseille,132020303,922.801536983914,0.8090185676392573,1.126440851573105
Marseille,132020401,5096.587380051613,0.9957559681697612,0.9114302313429559
Marseille,132020402,460.58628124660913,0.4583554376657825,1.0624294095102393
Marseille,132020403,901.273887210422,0.5315649867374005,1.114557808742572
Marseille,132020404,473.7922903696696,0.6525198938992043,1.079003937438549
Marseille,132030101,2726.8339905209014,0.7151193633952254,0.9707744640583675
Marseille,132030102,3818.64068836636,0.4535809018567639,0.9851979679090508
Marseille,132030103,3049.5187055799697,0.43342175066313,0.9286276491030585
Marseille,132030104,2590.5126359727647,0.3681697612732095,0.9517628372228997
Marseille,132030105,2407.48082780838,0.4259946949602122,0.9913409998614444
Marseille,132030202,2944.0367397732207,0.4694960212201591,0.9729083384322706
Marseille,132030203,2017.3883499569365,0.296551724137931,0.9530818414615484
Marseille,132030204,2790.462260564168,0.379840848806366,0.9362963714936411
Marseille,132030205,2682.740916781955,0.43342175066313,0.9229226772349833
Marseille,132030301,2617.3659096293977,0.3755968169761273,0.9752501538511225
Marseille,132030302,3315.565025965373,0.4015915119363395,0.9631194502189432
Marseille,132030303,1992.7856576707627,0.3607427055702917,0.9274067855524423
Marseille,132030304,4160.3057047526045,0.4679045092838196,0.9669078195902686
Marseille,132030305,214.75240601433643,0.2737400530503979,0.8993225863909926
Marseille,132030401,2332.4212994045683,0.4392572944297082,0.964280729040952
Marseille,132030402,2911.37132856581,0.6763925729442971,1.1545172630197071
Marseille,132030403,1903.2574492560493,0.3989389920424403,0.9430000635373885
Marseille,132040101,2675.854256841872,1.0875331564986737,1.00678092793833
Marseille,132040102,2347.0998484293614,0.8673740053050398,1.1215163385755966
Marseille,132040103,2742.3664241366914,0.8885941644562334,1.071512047583958
Marseille,132040104,2342.2306170993384,0.7883289124668436,1.0113800568235571
Marseille,132040105,2044.827514860365,1.0679045092838195,0.9563511584355969
Marseille,132040106,3298.193736182319,1.0312997347480106,0.9616941395192116
Marseille,132040201,1812.0398455725772,0.8535809018567639,0.9348689872049625
Marseille,132040202,1998.574124150806,0.8084880636604774,0.9892562566620974
Marseille,132040203,1678.090628094143,0.9782493368700266,1.034916465419366
Marseille,132040204,1703.8918380737305,0.9124668435013262,1.0043350808530902
Marseille,132040301,2653.4913974338106,1.1517241379310346,1.0241707181673594
Marseille,132040302,2474.8671018812397,0.9671087533156498,0.9977728609167492
Marseille,132040303,3325.385064654881,0.9427055702917772,0.9864892269046875
Marseille,132040304,3238.35602039761,0.9055702917771884,1.0347175335532166
Marseille,132040401,2393.9424858093266,0.9655172413793104,1.0535398756762286
Marseille,132040402,2218.9014795091416,1.113527851458886,1.0896115193390634
Marseille,132040403,3659.789144621955,1.2493368700265253,1.0814870423401712
Marseille,132040404,3092.135392189026,1.093368700265252,1.0068795288910648
Marseille,132050101,2272.008705563016,0.9273209549071618,0.8852732626505196
Marseille,132050102,2619.698083665636,1.0546419098143236,0.9356833548832644
Marseille,132050104,2433.200828128391,0.8196286472148541,0.898023183546852
Marseille,132050105,1733.175673590766,0.9140583554376658,0.8902970875614419
Marseille,132050202,2338.364285151164,1.2726790450928382,1.09569565874068
Marseille,132050203,1970.088215298123,1.1023872679045092,1.0083963722152323
Marseille,132050204,1719.2412406073677,1.0726790450928383,1.0435266887551071
Marseille,132050205,1374.8428344726562,1.16657824933687,0.9242397721508775
Marseille,132050206,1740.8667655520967,1.0074270557029177,1.0985634371289745
Marseille,132050207,2369.2460399203837,1.0737400530503978,1.010168341198326
Marseille,132050301,1836.1991615295408,0.9713527851458886,1.081140075133017
Marseille,132050302,1629.4510281880696,0.8859416445623343,1.0297210826327874
Marseille,132050303,1576.6349843343098,0.940583554376658,1.0395056261485613
Marseille,132050304,2117.410760243734,1.0090185676392571,0.9015957021556197
Marseille,132050401,3178.0949363708496,1.0053050397877985,1.0896108884470357
Marseille,132050402,3012.490144941542,0.8891246684350133,1.3149752593174506
Marseille,132050403,3237.539711554845,0.8705570291777188,1.0235816174975925
Marseille,132060101,2832.2542315589053,1.2328912466843502,1.035044229852239
Marseille,132060102,2375.888880411784,1.273740053050398,1.106262627910731
Marseille,132060103,2301.972959942288,1.016445623342175,1.049435643584028
Marseille,132060202,2443.097373326619,1.313527851458886,0.9403587744036256
Marseille,132060203,1788.7612567477752,0.9490716180371352,0.9502217740078498
Marseille,132060204,2654.000420040554,1.173474801061008,0.9838480656602641
Marseille,132060301,1937.552281273736,1.2185676392572944,0.9148673102130088
Marseille,132060302,1589.7530742221409,0.9899204244031832,0.9446662599841271
Marseille,132060303,1818.5971897972956,0.8774535809018568,0.9248256841681514
Marseille,132060401,3208.1331986321343,1.5745358090185675,1.0498084598130097
Marseille,132060402,1666.2771602206758,1.513527851458886,1.126042760747361
Marseille,132060403,1763.851995335685,1.3145888594164457,1.2340459884125
Marseille,132060502,2590.2156562805176,0.9771883289124668,0.9258607084745493
Marseille,132060601,3979.3738392723935,1.440318302387268,1.085030146705744
Marseille,132060602,2561.974544525146,1.3570291777188328,1.1841869339503461
Marseille,132060603,3675.761617898941,1.26684350132626,1.1504983943347238
Marseille,132060604,3022.255410936144,1.323607427055703,1.12000430506014
Marseille,132070101,3023.299301438861,1.8037135278514589,1.122750295951862
Marseille,132070102,2292.1293929417925,1.6381962864721484,1.0896177429517804
Marseille,132070201,1955.662082016468,1.786737400530504,1.077358483212418
Marseille,132070202,2454.397425712862,1.670026525198939,0.9381377277299209
Marseille,132070203,1610.7351184156205,1.5623342175066313,1.2072334703318157
Marseille,132070401,1446.9008541637,1.1819628647214857,0.9952633789022528
Marseille,132070402,561.918406166188,1.0859416445623342,0.8873239544439079
Marseille,132070403,847.3384350670708,1.106100795755968,1.101507505884062
Marseille,132070501,5043.060740669568,2.207427055702918,1.2313514470397333
Marseille,132070502,3374.445456906325,2.1724137931034484,1.1355118089458578
Marseille,132070601,1417.907706366645,1.217506631299735,1.3581790776051255
Marseille,132070602,1107.482089996338,1.1315649867374005,1.5449139033534847
Marseille,132070603,1081.423662397597,1.2302387267904509,1.3491476136967218
Marseille,132070604,1713.1152345869275,1.3893899204244031,1.1686840885483925
Marseille,132070701,2069.2599135504825,1.2859416445623342,1.1312762009458852
Marseille,132070702,1360.2943863338892,1.2318302387267903,1.1942724631023045
Marseille,132070703,1350.1152325073876,1.2254641909814323,1.2071035582419556
Marseille,132080101,2661.44161523713,1.473209549071618,1.0421762022586925
Marseille,132080102,2321.7705931133696,1.3713527851458889,1.2818110584659062
Marseille,132080301,1569.1829833834845,1.003183023872679,0.9667601839117227
Marseille,132080302,3135.25107694945,1.4816976127320955,1.03585280900271
Marseille,132080401,1412.2766637802126,1.7893899204244033,1.3260884166584175
Marseille,132080402,1596.482905493842,1.830238726790451,1.389065495573331
Marseille,132080403,2320.7066546546093,1.8015915119363397,1.2702630823848526
Marseille,132080404,1866.822575251261,1.7644562334217506,1.2085377931057713
Marseille,132080405,2439.1992592877814,2.3984084880636605,1.1906944483514985
Marseille,132080406,3943.350716789563,1.993103448275862,1.1312548305818106
Marseille,132080501,3458.244193971157,1.6806366047745358,1.1628565261044177
Marseille,132080601,2751.52512121943,1.5915119363395225,0.9758164897221459
Marseille,132080602,2233.687998911159,1.546949602122016,1.142861603068002
Marseille,132080603,256.23411971253034,1.4944297082228115,1.2148451663174304
Marseille,132080604,827.5818438827991,1.283289124668435,1.2614607647954876
Marseille,132080701,1861.6618638568448,1.291246684350133,1.2253741268889542
Marseille,132080702,1784.0681069691975,1.2302387267904509,1.102270461865354
Marseille,132080703,1952.201019393073,1.0419098143236074,1.0604284360153449
Marseille,132080704,2099.800664477878,1.2058355437665782,1.3299410478375835
Marseille,132080801,2979.920200453864,0.9379310344827586,1.1304575837490605
Marseille,132080802,2451.390143076579,1.0716180371352786,1.1374098527048893
Marseille,132080803,2747.202105840048,1.410079575596817,1.0640048623306098
Marseille,132080804,1906.846378054884,1.2450928381962865,1.1039168516828393
Marseille,132080805,2892.033881081475,1.825994694960212,1.3299329905556692
Marseille,132080806,2920.487415419685,1.880636604774536,1.1538742001207174
Marseille,132080901,2180.784764766693,1.5984084880636604,1.1704974488080386
Marseille,132080902,1941.1522405942285,1.3692307692307693,1.086162932286525
Marseille,132080903,3220.05315498511,1.5416445623342174,1.0952908524777956
Marseille,132080904,1527.6887785726124,1.7299734748010611,1.3040144409351708
Marseille,132081001,2564.400313589308,1.4822281167108753,1.0892201889252215
Marseille,132081002,2919.6562446736625,1.5108753315649868,1.1044690973377005
Marseille,132081003,2111.5682853062945,1.4652519893899203,1.109937276052549
Marseille,132090101,2798.0090142356025,1.346949602122016,1.0812240850625299
Marseille,132090102,3918.872116310316,1.3119363395225463,1.0750657798314822
Marseille,132090201,2619.585166140408,1.5840848806366048,1.1851015266480533
Marseille,132090202,3368.015556075507,1.5458885941644562,1.0968743226171185
Marseille,132090203,2102.889748149448,1.4551724137931037,1.1004232699821275
Marseille,132090204,1998.5826235877144,1.288594164456233,1.2429911859965002
Marseille,132090401,2515.161787986756,1.5474801061007957,1.2815274882472005
Marseille,132090402,3169.1629368729064,1.1830238726790452,1.0921949735678833
Marseille,132090403,1695.909829245673,1.553846153846154,1.1244818830541028
Marseille,132090404,2538.463378985723,1.3151193633952254,1.1317191187382492
Marseille,132090405,2364.1948017544214,1.337400530503979,1.1151469240765937
Marseille,132090406,2544.289998955197,1.4185676392572943,1.1174103661556805
Marseille,132090407,964.2549083497788,0.7389920424403184,1.1069805725523487
Marseille,132090408,1014.3279780811736,0.839787798408488,1.0291721744201594
Marseille,132090501,2943.2865349087447,1.337400530503979,1.0918839546605348
Marseille,132090601,3514.1551909968257,1.410079575596817,1.3145238375875463
Marseille,132090701,2888.1582314603857,1.3580901856763925,1.1483948176182333
Marseille,132090702,1717.433663511856,0.8286472148541114,1.0815059882566456
Marseille,132090703,618.2366815548545,1.039787798408488,1.0748014357330504
Marseille,132090704,1623.1716358324566,1.5119363395225465,1.1537402433297388
Marseille,132090801,2192.0251997047003,0.9506631299734748,1.0080932736689565
Marseille,132090802,749.8769184218513,0.9151193633952256,0.9299641747355971
Marseille,132090803,1801.4126050737168,0.9474801061007958,1.0439344186674784
Marseille,132090804,1880.4652847713896,1.1787798408488064,0.9310868418603439
Marseille,132090805,2488.991073528925,0.7628647214854112,1.083369123487265
Marseille,132090806,1512.1975592507256,1.0435013262599468,0.9882826793395553
Marseille,132090807,2688.370370970832,1.3172413793103448,1.0232115034224047
Marseille,132090808,2408.837123976813,0.926790450928382,1.1412983425274257
Marseille,132090809,4552.900594949722,1.519893899204244,1.1668998109250752
Marseille,132100101,1876.5809735722012,0.7883289124668436,0.9667609675842148
Marseille,132100102,1401.2125088903638,0.919893899204244,0.9695603996599939
Marseille,132100103,1374.006081044674,0.893368700265252,1.0059698550166383
Marseille,132100104,2163.917364511225,0.9278514588859416,0.9581098236997616
Marseille,132100201,2244.300406138102,1.006366047745358,0.986926182540069
Marseille,132100301,2259.4069614940217,1.0748010610079577,0.9739857997775133
Marseille,132100302,2739.6670160028666,0.8822281167108753,1.0163275345816354
Marseille,132100401,1470.4029548035728,0.9193633952254642,1.0985731132705234
Marseille,132100402,3909.673943916957,1.1586206896551725,1.0351169048298638
Marseille,132100403,965.3236880567338,1.039787798408488,1.1061972033912977
Marseille,132100404,1303.3228158950806,0.6721485411140583,0.9378661837845328
Marseille,132100405,2678.494015627437,0.993103448275862,1.0161126433455483
Marseille,132100406,2496.498311784532,1.128912466843501,0.9849570984335907
Marseille,132100407,1298.0570416914093,1.1506631299734749,1.0227693325060043
Marseille,132100501,984.9062477747598,0.6153846153846154,0.9702548475086505
Marseille,132100502,1837.464244471656,1.13368700265252,1.071990140120262
Marseille,132100503,1565.5893847147624,0.9559681697612732,0.9862862234089744
Marseille,132100504,1610.715437465244,1.2684350132625994,0.9897618842965169
Marseille,132100505,1572.9848772328762,1.212732095490716,1.2085568019249282
Marseille,132100506,3440.2306997511123,1.003183023872679,1.0452240324902842
Marseille,132100601,2221.3347239494324,0.8010610079575596,1.0903587001692747
Marseille,132100602,2192.0162942674424,1.0721485411140583,0.9749585782073985
Marseille,132110101,3649.4754014401183,1.6344827586206896,0.9954083963748817
Marseille,132110201,2989.5784706564414,1.202652519893899,1.0508315804360722
Marseille,132110301,8098.763901009638,1.5835543766578248,1.093801186059393
Marseille,132110401,2581.693985009152,1.6281167108753316,0.9689366009542131
Marseille,132110501,2850.211581827244,1.0742705570291775,1.0754650935119665
Marseille,132110601,470.9270234637791,0.4397877984084881,0.955336670707117
Marseille,132110603,898.0977872212728,1.0477453580901857,1.0036555365541053
Marseille,132110604,1792.9992825190227,1.0928381962864722,1.018774378485014
Marseille,132110605,1516.8011650509302,0.9639257294429708,0.9708490109055224
Marseille,132110606,1845.271931519111,0.9039787798408488,1.1361639391909457
Marseille,132110607,923.8797129491968,1.1708222811671087,1.0876765746178592
Marseille,132110608,678.3449086248875,0.9740053050397878,1.1168611487239497
Marseille,132110609,739.1000913778942,1.0106100795755968,1.1131242883067944
Marseille,132110701,1637.6096347346902,1.1002652519893898,1.1161759690826534
Marseille,132110702,1097.5555497672822,0.8281167108753316,1.0686884115696564
Marseille,132110703,1407.420820025934,0.7973474801061008,1.0824079817461636
Marseille,132110704,3834.745483481636,1.1405835543766578,1.1047073674440981
Marseille,132110801,2751.024625261418,1.5119363395225465,1.019868351398322
Marseille,132111001,1510.2845581902395,0.8843501326259947,1.0580674289958756
Marseille,132111002,1288.0048773786466,0.9681697612732096,0.993071732616624
Marseille,132111003,1599.3477907578151,1.0381962864721486,1.0670876777293703
Marseille,132111005,268.39620256755086,0.3840848806366048,1.021053504822575
Marseille,132111101,4109.502092646435,1.483289124668435,0.980779913406936
Marseille,132120101,5468.925199603817,1.3809018567639255,1.2025488990314213
Marseille,132120102,1065.185048672888,0.8870026525198939,1.1362932420488017
Marseille,132120103,1788.8741792605983,0.9618037135278514,1.15208485250167
Marseille,132120201,2452.394306765662,1.2726790450928382,1.143637953432557
Marseille,132120202,3223.983606345124,1.370291777188329,1.1965300566863157
Marseille,132120301,2095.2692905796894,1.3453580901856763,1.2455149208250493
Marseille,132120302,1658.2719856368171,1.436074270557029,1.1823211286469788
Marseille,132120303,2999.1402413778837,1.5421750663129974,1.1438327610858527
Marseille,132120304,1810.1643335951703,0.8960212201591512,1.1406278261766947
Marseille,132120305,2132.129803879394,1.3909814323607428,1.1076652406564453
Marseille,132120401,2360.5540074242485,1.4657824933687005,1.15817599745849
Marseille,132120402,1940.280883259244,1.4217506631299734,1.1523661045689433
Marseille,132120403,2027.629978285896,1.749602122015915,1.167284775271896
Marseille,132120404,1828.0180839962431,0.9877984084880636,1.0969619804009259
Marseille,132120405,1140.8652782440186,1.1724137931034482,1.0923481922783558
Marseille,132120406,1605.1639228926765,1.56657824933687,1.1403263662673897
Marseille,132120501,4391.174374712838,1.2228116710875332,1.1289177410864317
Marseille,132120601,1440.1957643296985,1.3315649867374004,1.0558348297852351
Marseille,132120602,3823.039230869721,1.483289124668435,1.0741378842256102
Marseille,132120603,2658.831074078878,1.3761273209549072,1.08332105328641
Marseille,132120604,2972.534885432985,1.3580901856763925,1.135833718866379
Marseille,132120701,5448.111121370147,1.486472148541114,1.2275624853696316
Marseille,132120702,3724.922204477092,1.485941644562334,1.0766269496684098
Marseille,132130102,4205.353938719258,1.273209549071618,0.9857915319467461
Marseille,132130103,5303.323726089257,1.3273209549071618,1.143992882216085
Marseille,132130201,3810.4260134607966,1.1989389920424405,1.077941413043445
Marseille,132130202,2091.388077554603,0.9140583554376658,1.062958694146259
Marseille,132130301,2170.846121311188,0.34323607427055697,0.9779997878633409
Marseille,132130302,2266.9841265148584,0.8286472148541114,0.9755208268430741
Marseille,132130303,2923.2845966004666,0.7708222811671087,1.035613418807467
Marseille,132130401,3296.067048200406,1.66737400530504,1.0362350744353637
Marseille,132130501,2840.479361454491,1.4657824933687005,1.2627559708147615
Marseille,132130601,2769.799047629039,0.946419098143236,1.1226313541563866
Marseille,132130602,3731.891373303202,0.9941644562334218,1.1506224660979478
Marseille,132130603,2373.4782279067567,0.8912466843501327,1.0767768721927762
Marseille,132130604,1753.521320766873,0.9527851458885942,1.058395004051043
Marseille,132130605,4065.709032149364,1.2440318302387268,1.0925092902855145
Marseille,132130607,2114.295293966929,0.9161803713527852,1.1218691312673912
Marseille,132130701,3524.6331835360165,1.523076923076923,1.1154159220553803
Marseille,132130802,983.848624335395,0.4042440318302387,0.9591822599593746
Marseille,132130803,1645.3352799746726,0.4339522546419098,1.081467636947077
Marseille,132130804,2056.059197872877,0.9374005305039788,1.1252229412312085
Marseille,132130805,2391.747363885244,0.8392572944297082,1.1110539853780912
Marseille,132130806,1761.3066472725734,0.3151193633952254,1.0308023733807956
Marseille,132130901,842.7428255081178,0.3183023872679045,0.9802155619417195
Marseille,132130902,3496.4419868787136,0.6514588859416446,1.1033072835771673
Marseille,132130903,2273.568626643883,1.1087533156498677,1.0944849330006083
Marseille,132130904,1948.8157672087352,1.1241379310344828,1.077103027903939
Marseille,132131001,855.9077492550844,0.2992042440318302,0.9949776449560039
Marseille,132131002,1887.763708061642,1.103978779840849,1.0844152363477086
Marseille,132131003,2199.6014110247293,1.0392572944297085,0.978182096882473
Marseille,132131004,2224.525778876411,0.8228116710875332,0.9088775427798851
Marseille,132131005,1538.676823457082,1.0376657824933686,1.1362998143065464
Marseille,132131006,1188.1386263105603,0.3819628647214854,1.0675835433194598
Marseille,132131101,2506.218759377797,1.098143236074271,1.1330341699979607
Marseille,132131102,991.415302011702,0.5819628647214854,1.1098227843813389
Marseille,132131103,8327.018196456962,1.469496021220159,1.1225710697820865
Marseille,132140101,2851.648976855808,0.3984084880636604,0.9459715583870623
Marseille,132140102,835.7031385633679,0.4270557029177719,0.8582370536734029
Marseille,132140201,2288.3081645965576,0.5358090185676393,0.9000718243814246
Marseille,132140202,1698.5129518508909,0.6880636604774536,1.003090843438417
Marseille,132140203,1526.611206372579,0.21273209549071612,0.976206004771624
Marseille,132140204,1326.5137955347698,0.8,0.9130154596700806
Marseille,132140205,3197.877085314856,0.776657824933687,0.9690423138589602
Marseille,132140301,3383.610484600067,0.4249336870026525,0.9522909639359595
Marseille,132140302,2584.7974592844644,0.2970822281167108,0.9975037585174871
Marseille,132140303,1685.5396113395689,0.5246684350132625,0.9852229802924661
Marseille,132140401,2904.466333984087,1.3793103448275863,1.0336670370792085
Marseille,132140402,4641.580022227123,1.0647214854111406,1.031818379853802
Marseille,132140403,1035.1923677523932,0.6705570291777189,0.9661361487605022
Marseille,132140404,2707.016044966049,0.706631299734748,0.9692923753193988
Marseille,132140502,2873.2260390416614,0.8827586206896552,0.9801770577161715
Marseille,132140503,1914.1172235144509,0.2546419098143236,0.9313414631743177
Marseille,132140504,1442.6203620168897,0.3209549071618037,0.9052004880623731
Marseille,132140505,1447.5555154614976,0.3241379310344827,0.9341421449304039
Marseille,132140506,1470.6755284203423,0.4493368700265252,0.9540330697416926
Marseille,132140507,2702.0379878150093,0.5283819628647215,1.0027572421381055
Marseille,132140601,2960.580776506,0.726790450928382,1.0630433003979802
Marseille,132140602,2692.2179438802928,0.6753315649867374,0.9452468284849311
Marseille,132140701,6628.081439877201,1.0143236074270556,0.9539588323574482
Marseille,132150101,1167.4232669141556,0.2870026525198939,0.9713272341360514
Marseille,132150102,1091.2239583333333,0.503448275862069,0.8850032548215961
Marseille,132150103,4237.500693942368,0.9315649867374004,1.0375469287718342
Marseille,132150202,3227.617806189486,1.0021220159151194,1.0037305183375156
Marseille,132150301,1486.843914111455,0.3740053050397878,0.9338709716593697
Marseille,132150302,1738.4118653403389,0.3427055702917772,0.9810290633987147
Marseille,132150303,1753.885350863139,0.6275862068965518,1.0384309494322805
Marseille,132150401,2773.2186032334967,0.4456233421750663,1.0352617008110785
Marseille,132150402,3365.7029072443647,0.5872679045092838,0.9064795377011289
Marseille,132150501,1503.9041720761193,0.2705570291777188,0.9373362756519049
Marseille,132150601,1975.941957818137,0.8079575596816976,1.0031749816450626
Marseille,132150602,1104.3925637669035,0.4100795755968169,0.8856199384891293
Marseille,132150603,1360.8175466060638,0.8572944297082228,0.969804829529878
Marseille,132150701,2223.351963225713,0.3952254641909814,1.0406764593523872
Marseille,132150702,1612.607367595037,0.3214854111405835,0.93084911059855
Marseille,132150703,4948.57518794081,0.5872679045092838,1.0949601008946546
Marseille,132150705,3699.109848181407,0.7400530503978779,1.027884250692479
Marseille,132150801,1104.448832988739,0.7750663129973475,0.9134639884215514
Marseille,132150802,4085.709919724406,0.9119363395225464,1.077425502952112
Marseille,132150803,3871.45419131385,0.6992042440318302,1.106214165633331
Marseille,132150901,3407.448761343956,0.5204244031830239,1.0712009823457385
Marseille,132150902,3003.938455952539,0.3607427055702917,0.9621639632572798
Marseille,132150903,3850.656423727671,0.726790450928382,0.9895467664456513
Marseille,132151001,1201.625757164425,0.3692307692307692,1.0049739859067803
Marseille,132151002,1168.9924515792063,0.2938992042440318,0.9420277502278298
Marseille,132151003,5372.14598680329,1.2153846153846153,1.0621491694549172
Marseille,132151101,1629.488047361374,0.3994694960212201,0.9060480273176229
Marseille,132151102,4869.344613555405,0.8371352785145889,1.0659437812078763
Marseille,132160101,2105.8644106329884,1.086472148541114,1.0630850275632366
Marseille,132160102,1059.425311976009,1.0,1.0853064232326162
Marseille,132160103,758.2725246879788,0.993103448275862,0.9027063741061521
Marseille,132160301,1581.3303421404628,0.8026525198938992,1.0114632163839314
Marseille,132160302,4076.483573554705,0.3941644562334218,0.9593353895492593
Marseille,132160401,1607.7700225777096,0.940583554376658,0.9591908872948115
Marseille,132160403,2309.5296574897234,0.776657824933687,1.0469514492636571
Lyon,693810101,4593.813356399536,1.1226415094339623,1.0622336590400936
Lyon,693810201,3004.82426293691,1.090801886792453,0.9920998074770051
Lyon,693810202,2574.1132747862075,0.9174528301886792,1.1869495927668483
Lyon,693810301,4193.050413767498,0.8801100628930818,1.0466858034232491
Lyon,693810302,2208.5263436635337,0.9418238993710693,1.055036929625311
Lyon,693810303,1924.154539744059,0.959119496855346,1.125049727528606
Lyon,693810304,1525.0631493462456,0.8427672955974843,1.111615553249082
Lyon,693810401,4367.165784200032,1.0758647798742138,1.1011549916134111
Lyon,693810402,4278.189823822842,1.0227987421383649,1.0826935937126025
Lyon,693810501,1608.2944151560469,1.1108490566037736,1.012976650028022
Lyon,693820101,3080.676705929968,1.214622641509434,1.0907859290634312
Lyon,693820102,2201.491855157746,1.110062893081761,1.0533650546352724
Lyon,693820202,1818.3501369688247,1.5373427672955975,0.9356283109767578
Lyon,693820204,2517.408257378472,1.369496855345912,1.0069977523644125
Lyon,693820301,1973.0079236030576,1.4300314465408803,1.1383118795032017
Lyon,693820302,1689.9039344787598,1.221698113207547,1.5385305099715247
Lyon,693820401,1501.33232222663,1.2531446540880504,1.2786545415502237
Lyon,693820402,1896.2409908622503,1.1666666666666667,1.1954023543036139
Lyon,693820502,4371.245654212104,1.0023584905660377,1.2010886368556541
Lyon,693820503,2541.2911801905266,0.8250786163522013,1.2894581566469046
Lyon,693820504,2635.8866357679167,0.8459119496855346,0.8979181396905739
Lyon,693830102,2448.389437701967,1.4406446540880504,1.0400228765061128
Lyon,693830103,2128.075841267904,1.2869496855345912,1.3433466306607207
Lyon,693830104,4709.798075993856,1.2720125786163523,1.103465759913632
Lyon,693830105,3027.3153504067,1.2248427672955975,1.0211551316388856
Lyon,693830201,2211.015755123562,0.6910377358490566,0.9541120630803405
Lyon,693830202,1899.3750924004448,0.8930817610062893,1.0124462227295048
Lyon,693830203,2435.481870863173,1.1285377358490567,0.9974671527615411
Lyon,693830204,2299.605525546604,1.0377358490566038,1.0601693870736915
Lyon,693830205,1951.2160737779404,0.9595125786163522,1.1100915393152466
Lyon,693830301,5761.546499146356,0.8132861635220126,1.2344351396720523
Lyon,693830302,6065.669239044189,1.009433962264151,1.118586040404762
Lyon,693830401,3062.328692118327,0.9555817610062892,1.0163533061780472
Lyon,693830402,3336.436919318305,0.9579402515723272,0.980714667718724
Lyon,693830404,2606.136050754123,1.016116352201258,0.9657026152936506
Lyon,693830405,3438.305783377753,0.9190251572327044,1.012711320938337
Lyon,693830501,2540.6362528800964,1.0239779874213837,1.0149033958504068
Lyon,693830502,3404.86457294888,0.9748427672955976,0.974967914290313
Lyon,693830601,2471.329527325101,0.8938679245283019,1.0175261812080203
Lyon,693830602,3698.4836869769633,0.8093553459119497,0.9890954068201097
Lyon,693830603,4256.457591586644,1.3309748427672956,1.0162190052166633
Lyon,693830604,2921.952953126696,1.1489779874213837,0.978311787121567
Lyon,693830701,2776.282179726494,0.9732704402515724,1.0149492344698976
Lyon,693830702,4634.248100598653,0.9661949685534592,1.029832203968039
Lyon,693830703,4944.396275202434,1.2130503144654088,1.0398432762176013
Lyon,693830801,5466.626657274034,1.046383647798742,1.1267855081432971
Lyon,693830802,3304.566292444865,0.9772012578616353,1.0440521745185196
Lyon,693830804,3656.3508761955623,1.035377358490566,1.0632082306215611
Lyon,693830901,5095.267356024848,1.0471698113207548,1.0443250852737513
Lyon,693830902,5479.0411011113065,1.393081761006289,1.0155959378824901
Lyon,693840101,1141.259614893028,1.19811320754717,1.0382301522488415
Lyon,693840102,1963.3409444491067,1.0695754716981132,1.0048918510519544
Lyon,693840103,1706.6977110968696,1.1041666666666667,1.039838800866101
Lyon,693840202,1538.453173743354,0.9870283018867924,0.9964404750095963
Lyon,693840203,1845.024553510878,1.0758647798742138,1.1560860180645218
Lyon,693840204,2749.5952644348145,1.0007861635220126,0.9748793459008229
Lyon,693840301,4216.065572208828,1.1010220125786163,1.0161975230398776
Lyon,693840302,1964.38735877143,1.04874213836478,1.0551324496462133
Lyon,693840303,2213.455084058974,1.0389150943396226,1.032243697593306
Lyon,693840401,3910.470185809664,1.122248427672956,0.9913404738491053
Lyon,693840402,3038.6460781097408,0.9111635220125788,0.9718995963129579
Lyon,693840403,2442.093389723036,1.0974842767295598,0.9881577734452557
Lyon,693840501,3803.912943746895,1.1136006289308176,1.0358780833980255
Lyon,693840502,2385.0272886918647,1.23624213836478,1.2096365829130136
Lyon,693850101,1342.0639877253109,1.01061320754717,1.0659024777981614
Lyon,693850102,1532.0236097673578,1.0220125786163523,0.8971982955349033
Lyon,693850103,998.4857902261946,0.9882075471698112,0.982072328127515
Lyon,693850104,2022.0493051229664,1.131682389937107,1.2426865545360977
Lyon,693850202,2284.296880028314,0.9626572327044024,1.221687478151749
Lyon,693850203,3186.240635421541,0.8683176100628931,1.1202679170232976
Lyon,693850204,3121.2406035529248,1.2099056603773586,1.1242974581989789
Lyon,693850301,1281.1328659860624,0.6497641509433962,0.9735227539605839
Lyon,693850302,3937.503105130461,0.8195754716981132,1.075602224416254
Lyon,693850403,3784.3509701622856,1.056996855345912,1.0353369576716398
Lyon,693850404,2051.1135062111757,0.9488993710691824,1.0460067913685223
Lyon,693850501,1612.6054839028252,0.9713050314465408,1.0064598836036558
Lyon,693850502,4592.849515067207,1.0385220125786163,1.024192551601003
Lyon,693850503,2154.080534689956,0.8529874213836478,1.2112654748233462
Lyon,693850504,4519.153929233551,1.1025943396226414,1.0616011872032918
Lyon,693850601,2883.8701748318144,0.9398584905660378,1.02709170456192
Lyon,693850602,2606.423883305656,1.11124213836478,1.0480312578420983
Lyon,693850603,1254.5886721462011,1.1474056603773586,0.9877812532486123
Lyon,693860103,3356.9723650150827,1.766116352201258,0.93602140156647
Lyon,693860104,3239.2286813578885,1.543632075471698,1.0338456189985163
Lyon,693860201,2441.636119683584,1.5947327044025157,0.9430062999588011
Lyon,693860202,3482.363025029501,1.6041666666666667,1.0294980510769633
Lyon,693860301,2510.916188134088,1.5738993710691824,1.0556120311928665
Lyon,693860302,2868.687859005398,1.3278301886792452,1.1109564251002757
Lyon,693860303,2226.13924407959,1.2397798742138364,1.110185935057263
Lyon,693860304,2620.3030381732515,1.294811320754717,0.9884642082571354
Lyon,693860401,1626.3207206560503,1.3596698113207548,1.038823726924084
Lyon,693860402,1691.6946822272405,1.4669811320754718,1.1046221550206157
Lyon,693860403,2204.140355851915,1.4677672955974843,1.2356700491019432
Lyon,693860501,1769.028152041965,1.0102201257861636,1.0165831277341815
Lyon,693860502,2699.2016351487905,1.1878930817610065,1.1080648087224276
Lyon,693860503,3287.788417816162,1.1242138364779874,1.0868805128463415
Lyon,693860601,2812.3749607933887,1.1340408805031446,1.1285416537964794
Lyon,693860602,1219.3818787468804,1.1568396226415094,1.031736066170933
Lyon,693860603,1938.2253413730195,1.025943396226415,1.050287151609688
Lyon,693860701,2535.149581061469,1.121069182389937,1.00819426634149
Lyon,693860702,3952.0145510567554,0.9587264150943396,0.980333602203245
Lyon,693870101,1171.9667877621118,0.9304245283018868,1.07606857935012
Lyon,693870102,3047.7154244395592,1.0672169811320755,1.2340056401154123
Lyon,693870103,1939.7487180233,1.0113993710691824,1.0990715654789691
Lyon,693870201,2281.87461090088,0.7669025157232704,0.9131308530252533
Lyon,693870202,1981.3845848507349,0.976808176100629,1.0215475681988797
Lyon,693870203,2943.756703694661,1.106132075471698,1.0296975085616968
Lyon,693870301,2233.486626519097,1.1544811320754718,0.9769450907421972
Lyon,693870302,1241.3952632480195,1.05188679245283,0.9060959838929251
Lyon,693870401,2296.80082236396,0.9504716981132076,1.0646063567968056
Lyon,693870402,3287.200774298773,0.925314465408805,0.9892650285113592
Lyon,693870403,1925.739658355713,0.8172169811320755,1.0515229233316372
Lyon,693870501,2799.6022731992925,1.0,1.0873388989020663
Lyon,693870502,3366.408598687914,1.0404874213836477,1.0470603990109766
Lyon,693870503,3338.755429373847,0.9351415094339622,1.0462148022018838
Lyon,693870601,6201.94976207945,0.9154874213836478,0.9942630974239551
Lyon,693870602,1637.6196642090156,0.9091981132075472,1.0178314215369964
Lyon,693870603,1053.2582875357734,0.9091981132075472,0.994600554707002
Lyon,693870701,7376.549748447206,0.9115566037735848,1.0786288609286072
Lyon,693870703,2789.7593247095747,0.5963050314465409,0.9508224016671403
Lyon,693870704,1418.9669307337865,0.9064465408805032,0.8865176516346729
Lyon,693870705,1375.2036009894484,0.9760220125786164,0.8717312351625451
Lyon,693870801,2297.4976860682173,0.7539308176100629,0.9531242010609055
Lyon,693870802,7634.061921196576,0.7134433962264151,0.9261470217865596
Lyon,693880101,3386.401027414533,1.110062893081761,1.123204667450137
Lyon,693880102,3261.841073989868,1.0369496855345912,1.008066254092988
Lyon,693880104,2459.645354588826,1.0279088050314464,0.9788411452371732
Lyon,693880105,2668.01150364346,0.8706761006289309,0.9474136415363698
Lyon,693880202,3864.313029302492,1.0491352201257862,1.057195866610058
Lyon,693880203,2586.4033571879067,1.2448899371069182,1.1162777699451434
Lyon,693880204,2203.887149704827,1.123427672955975,1.021577316839081
Lyon,693880301,2296.28665722741,0.9720911949685536,1.150206604118407
Lyon,693880302,4784.297847323947,0.5738993710691824,1.1956186909449555
Lyon,693880303,3335.358086837663,0.7755503144654088,1.1664793477328526
Lyon,693880401,1253.2386156717937,0.3769654088050314,1.0510974070920807
Lyon,693880402,1973.6237816280784,0.4783805031446541,1.0230800000412048
Lyon,693880403,3910.394518269433,0.8632075471698113,1.0243407113988516
Lyon,693880404,2969.5454551908706,0.8349056603773585,1.0031079254018496
Lyon,693880501,2154.6768826113803,0.8183962264150944,1.0829483945294176
Lyon,693880502,1665.6419603559707,0.8883647798742138,1.1320111861384574
Lyon,693880503,2730.125202708774,0.918632075471698,0.9838099243372888
Lyon,693880601,1828.9277924431692,0.3966194968553459,1.0121698847634844
Lyon,693880602,2091.0004133648345,0.4960691823899371,0.9567311160748284
Lyon,693880603,3538.8256096310083,0.4040880503144654,0.9373336775536121
Lyon,693880701,3456.446364614698,0.9088050314465408,1.0156449504830871
Lyon,693880702,5047.543892436557,0.5491352201257862,0.9328125913991796
Lyon,693880801,3233.837640444438,0.5133647798742138,0.9575817017852797
Lyon,693880802,2282.9326091342505,0.52437106918239,0.9800569947327457
Lyon,693880901,3806.2437943882414,0.8211477987421384,1.0289827621706074
Lyon,693880902,1343.556825849745,0.6941823899371069,1.0308476813508352
Lyon,693880903,4645.3375844889215,0.5440251572327044,0.9730200827926099
Lyon,693890101,2787.3394569704933,0.6230345911949685,1.0181280090032079
Lyon,693890102,2567.4695770922635,1.1654874213836477,1.0685671808956785
Lyon,693890103,4745.8135034557845,1.034198113207547,0.9855119421913064
Lyon,693890104,750.760015712844,0.7063679245283019,0.9303330406131538
Lyon,693890201,3805.3067028025785,0.7441037735849056,0.9197772291480263
Lyon,693890203,2173.602447748184,0.7999213836477987,1.0065076789942806
Lyon,693890301,1857.889853018853,0.8577044025157232,1.0097519849150247
Lyon,693890302,2919.672419786453,0.6780660377358491,1.1197840385265159
Lyon,693890303,1828.8303107950424,0.92374213836478,1.0067794077307308
Lyon,693890401,3205.149892018901,0.8466981132075472,1.066094667345917
Lyon,693890402,2577.8129046079184,1.0440251572327044,1.134593379041019
Lyon,693890403,3013.2891228397684,0.7272012578616353,1.0754023726323652
Lyon,693890501,1801.0094978594118,0.6536949685534591,1.0437103399877392
Lyon,693890502,4213.357299352685,0.9418238993710693,1.0183044487345094
Lyon,693890604,2524.0336159865064,0.3887578616352201,1.0031384710707993
Lyon,693890605,1130.8202970557743,0.4174528301886792,1.039833025240578
Lyon,693890606,1939.013761255476,0.5283018867924528,1.117516330083156
Lyon,693890607,866.8598961167864,0.6666666666666666,0.9961156669061174
Paris,751010201,1258.753070195516,0.9818735719725818,0.9994213229471683
Paris,751010202,818.8151501549617,1.253008377760853,0.9766196379953119
Paris,751010203,1486.5819185045034,1.105864432597106,1.030643676336506
Paris,751010204,821.1442182328965,0.9922315308453924,1.027761051738286
Paris,751010301,2481.378968662686,1.246915460776847,1.0065070939313443
Paris,751010401,1326.4636335902744,1.568926123381569,0.9876492948047405
Paris,751010402,1888.022098011441,1.2414318354912417,1.0690556693715114
Paris,751020601,2750.63025686476,1.2207159177456208,1.0094259479332075
Paris,751020602,3489.1338534884985,1.1996953541507998,1.018305771436723
Paris,751020701,1521.9639400906035,1.1482102056359482,1.0381222234874374
Paris,751020702,2795.4742228190107,1.150952018278751,1.0218493955786596
Paris,751020703,2423.496687571208,1.083929931454684,1.0002989273628426
Paris,751020801,2316.438500722249,0.9306930693069309,0.9609919432379416
Paris,751020802,985.134764565362,1.1926884996191929,1.129340792851375
Paris,751020803,1182.264500088162,1.0281797410510285,1.1212650790296055
Paris,751020804,2227.0406930711533,0.976999238385377,1.0535864132133186
Paris,751020805,1371.4655066596135,0.944097486671744,1.0550266791429606
Paris,751030901,1502.2696372138128,1.008987052551409,0.9403081706485339
Paris,751030902,1401.7327923244902,1.0266565118050266,0.9405964991295266
Paris,751030903,2506.5164858500166,1.0827113480578827,0.944469077762338
Paris,751030904,1276.0817231072322,0.8953541507996954,0.946363576310271
Paris,751030905,3305.6270374721958,1.1086062452399086,0.9936504780908538
Paris,751031001,1730.9708260430227,1.047067783701447,0.9395881635830383
Paris,751031002,1956.6814210679795,1.2191926884996191,0.926600047629299
Paris,751031003,2355.5498788621694,1.2167555217060169,0.9896008266472873
Paris,751031004,2398.313120100234,1.2003046458492004,0.9626635852648733
Paris,751031101,2422.750377231174,1.2155369383092156,1.050729973160131
Paris,751031102,2127.532321506076,1.3614623000761614,1.0029351466136798
Paris,751031103,3717.6751035054526,1.2076161462300077,1.1110810189855564
Paris,751031104,4438.262076483834,1.26001523229246,1.1042782544696466
Paris,751031201,1908.5344704522024,1.0458492003046458,0.926575560287118
Paris,751031202,1805.931512620714,1.0455445544554456,0.9710215067673534
Paris,751031203,1530.9318364461262,0.9891850723533891,1.0370355665350128
Paris,751031204,2055.4052094353574,0.9614623000761616,1.0062983262586174
Paris,751041301,1272.4088495042588,1.115917745620716,1.2298378265673633
Paris,751041302,2062.792775472005,1.1006854531607009,1.0302951256313655
Paris,751041303,1249.189606136746,1.0031987814166032,1.056205774399278
Paris,751041401,2839.656997892592,0.7792840822543793,1.0727303739543717
Paris,751041402,1724.5307884216309,1.003808073115004,1.1309086476293042
Paris,751041403,1373.7411007351343,1.0647372429550648,1.1267321446718999
Paris,751041404,955.2292065090604,1.0245239908606243,1.1752256032696928
Paris,751041501,2825.090695963966,0.9428789032749428,1.221816619493879
Paris,751041502,950.5012559493382,1.182025894897182,1.1044683271781395
Paris,751041503,1075.145847744412,1.313023610053313,1.1336077530845674
Paris,751041504,2269.9365679423017,1.1957349581111958,1.0586990417408604
Paris,751041601,1403.342755966716,1.3081492764661082,0.9815509580838533
Paris,751051701,1775.7404431237114,1.111043412033511,1.1504578818353433
Paris,751051702,1351.3227848476834,1.2033511043412033,1.1091712493590122
Paris,751051703,3277.353451199001,1.0382330540746385,1.1634642177753864
Paris,751051704,2188.1262719896104,1.200913937547601,1.1445205429841903
Paris,751051705,1588.9445379045274,1.222848438690023,1.2111579058514335
Paris,751051801,1476.222574869792,1.2204112718964204,1.2496797867035523
Paris,751051802,2790.486071268717,1.0897182025894898,1.2499710525064707
Paris,751051803,2098.04795159234,1.0784463061690786,1.1844251221264999
Paris,751051804,2049.566679212782,0.9154607768469156,1.1182669673002998
Paris,751051805,3211.936161465115,0.976085300837776,1.1828150501398136
Paris,751051806,1113.2193688286677,0.96999238385377,1.1651344130867103
Paris,751051807,1580.2861624823674,1.0031987814166032,1.1523530927767571
Paris,751051808,1520.0194413926863,1.2301599390708302,1.3316740405145635
Paris,751051901,2412.1557657453745,1.1862909367859862,1.2706243083948086
Paris,751051902,2072.71165699429,1.246001523229246,1.2756880248555487
Paris,751051903,1781.594480302599,1.256968773800457,1.2466837594723217
Paris,751051904,2268.064012315538,1.476923076923077,1.2033149432763366
Paris,751051905,1768.5602951049805,1.66001523229246,1.1577511375279284
Paris,751051906,3390.2464934455024,1.2365575019040365,1.2162084504260784
Paris,751051907,3604.729769388835,1.1622239146991622,1.167149904048334
Paris,751051908,2887.524545457628,1.1503427265803503,1.137828652950367
Paris,751052001,3796.685554504395,1.0284843869002285,1.1538672373330356
Paris,751052002,2037.1841519673667,1.3596344249809595,1.2373178269393466
Paris,751052003,2492.432727389865,0.9946686976389948,1.141624635727714
Paris,751052004,3169.61180665758,1.1448591012947449,1.1711332400018017
Paris,751062101,2137.596909417046,1.3715156130997714,1.156208872469502
Paris,751062102,1581.8894297281904,1.0854531607006854,1.1733879349293295
Paris,751062103,1275.4733412000865,1.1561309977151562,1.1642442684816192
Paris,751062201,2947.343333714538,1.64021325209444,1.1652441169863006
Paris,751062202,2067.779133690728,1.494897182025895,1.409259911782328
Paris,751062203,2073.673831939697,1.2432597105864434,1.1874533073401632
Paris,751062204,2267.898151397705,1.3224676313785224,1.171768863487919
Paris,751062301,1414.939248402913,1.5893373952779892,1.419932638852143
Paris,751062302,1068.752156999376,1.648134044173648,1.1479481555531363
Paris,751062303,1890.254247453477,1.447981721249048,1.1778287638636742
Paris,751062304,854.6907352871365,1.677989337395278,1.4174304385133112
Paris,751062305,3147.092929840088,1.5073876618431077,1.1928944653152376
Paris,751062306,1809.7307222154404,1.447981721249048,1.2207687828903522
Paris,751062307,1278.3171526590984,1.4086824067022088,1.34806915292614
Paris,751062308,2537.010886722141,1.3258187357197255,1.2473399865055248
Paris,751062309,1794.471243434482,1.17989337395278,1.1818679056075387
Paris,751062310,1946.8194486829968,1.4153846153846157,1.3219700071116565
Paris,751062311,1948.734794192844,1.605178979436405,1.1120882073251912
Paris,751062401,1813.4817907545305,1.2935262757044936,1.1777924214667435
Paris,751062402,3555.973566055298,1.2865194211728863,1.1209687827987154
Paris,751072501,2423.537141587999,1.7955826351865956,1.3330568232062239
Paris,751072502,1506.1268933614094,1.7185072353389186,1.148614496259789
Paris,751072503,2496.43712064955,1.5771515613099771,1.2056061670357987
Paris,751072504,2391.910352071126,1.5457730388423458,1.156578410680714
Paris,751072505,1896.9079546398584,1.456207159177456,1.1641580260156754
Paris,751072506,3584.366931332482,1.5415079969535417,1.231197675361941
Paris,751072601,2479.173341115316,1.6124904798172124,1.1268808171451437
Paris,751072602,2555.8408133188886,1.6658035034272658,1.0412101704760393
Paris,751072604,2555.9363271925185,1.7562833206397563,1.1170070841255477
Paris,751072701,2074.739035712348,1.4373191165270374,1.3537748543855663
Paris,751072702,2609.4543791876904,1.454683929931455,1.0954688378024633
Paris,751072703,1163.7002177768286,1.967098248286367,1.137356131803126
Paris,751072704,1802.4052806430395,1.648134044173648,1.2838145952814037
Paris,751072705,1640.4975325796336,1.982025894897182,1.3107995678822923
Paris,751072706,2080.4083502027725,1.320944402132521,1.2451212795980469
Paris,751072801,1169.1980442470976,1.4022848438690023,1.2760819043541136
Paris,751072802,855.4431025187173,1.437014470677837,1.1727661697180811
Paris,751072803,866.5115449693469,1.104950495049505,1.274507484694349
Paris,751072804,1665.6123455895315,1.2755521706016757,1.3905606673877455
Paris,751072805,1054.5064851972793,1.1716679360243716,1.218244745915638
Paris,751072806,1634.289828459422,2.225133282559025,1.319213301661773
Paris,751072807,1736.538223266601,2.158111195734958,1.0968822903543576
Paris,751072808,1203.927741580539,1.7706016755521703,1.3149889731441728
Paris,751072809,1902.9751792483864,1.529017517136329,1.306842333549294
Paris,751072810,1774.480595694648,1.3023610053313024,1.3017353380718633
Paris,751072811,1737.4005177815757,1.925057121096725,1.393491488857707
Paris,751083001,3454.049352645874,1.6042650418888045,1.2202360268170365
Paris,751083002,2769.58590443929,1.5823305407463824,1.1366160656812196
Paris,751083004,1894.4366109636096,1.270677837014471,1.044377399304206
Paris,751083005,2321.953501383463,1.0068545316070068,1.1429854304634266
Paris,751083105,1879.2151391771104,1.5704493526275705,1.0502008721103249
Paris,751083106,1687.5264314015706,1.5000761614623002,1.0511229541595881
Paris,751083201,1388.848136054145,1.4827113480578826,1.1514731437025294
Paris,751083202,1407.1403013865151,1.7626808834729626,1.16839226014404
Paris,751083203,2028.6989350318904,1.8342726580350344,1.1380859900571874
Paris,751083204,1439.3710759480791,1.8501142421934504,1.033266273097863
Paris,751083205,1105.040517595079,1.7422696115765424,1.0672395772639174
Paris,751083206,923.4652995003594,1.4001523229246002,1.353100193589099
Paris,751083207,552.4670100741916,1.6325971058644326,1.312102380348362
Paris,751083209,1563.2607714335124,1.529017517136329,1.0710623343823649
Paris,751083210,1039.3231684366865,1.7370906321401371,1.1636540356108673
Paris,751093301,982.4240832858618,1.3087585681645089,1.08537186182514
Paris,751093302,1347.7421798706057,1.474181264280274,1.054497702634266
Paris,751093303,1851.9671948750813,1.27006854531607,1.1758362032083267
Paris,751093304,2031.6046899159749,1.5725818735719723,1.0423827466012896
Paris,751093305,1464.6439933776855,1.4842345773038843,1.0417454353249194
Paris,751093306,1782.5919464959038,1.2749428789032748,1.1266843215023774
Paris,751093307,2143.0124655829536,1.282254379284082,1.1909451699442155
Paris,751093308,1488.420713212755,0.9873571972581874,1.0500106767955522
Paris,751093309,1201.972868177626,1.0418888042650418,1.2206926969409904
Paris,751093310,1409.131534576416,1.3806549885757806,1.0328275655808392
Paris,751093403,3792.57522116767,1.3078446306169078,1.0793550529726657
Paris,751093407,1549.1660414801706,1.214927646610815,1.0467851329585942
Paris,751093501,2767.664143456353,0.9575019040365575,1.028527654022909
Paris,751093502,2235.6339615715874,1.1412033511043411,1.0100120174199279
Paris,751093503,2983.81142255995,1.224980959634425,1.056541769365245
Paris,751093504,2776.7190517849394,1.2715917745620715,1.2173117812630376
Paris,751093601,1523.356429629856,1.1372429550647372,1.0753915434178305
Paris,751093602,1678.4700368245449,1.1146991622239146,1.0360518131901737
Paris,751093603,752.1611790127226,0.9977151561309976,1.149378080748292
Paris,751093604,933.4394942389596,1.207006854531607,1.3354518498968806
Paris,751093605,1202.186417473687,1.187814166031988,1.3369274916909866
Paris,751093606,1259.2350692749023,1.217974105102818,1.3425324299453683
Paris,751093607,1204.887476179335,1.0513328255902514,1.0502781500461404
Paris,751093608,1259.3122588263618,1.2785986290936786,1.0438129728141035
Paris,751093609,1441.3433414035374,1.161005331302361,1.0360622509855226
Paris,751093610,881.5554703606499,1.0747905559786748,1.062271434960732
Paris,751103701,1523.8963690863716,0.9748667174409748,0.8673922956999895
Paris,751103702,2114.5285708109545,0.8466108149276466,0.898405512996872
Paris,751103703,2560.893991046481,0.9194211728865194,0.9384111374312057
Paris,751103704,3568.4901652865938,1.1805026656511806,0.9182237281549649
Paris,751103705,2550.243468814426,1.2466108149276467,0.9679935807704153
Paris,751103706,2058.637948354085,1.0342726580350343,0.9884645854401104
Paris,751103707,2867.0519928402373,0.853008377760853,1.1434075690717
Paris,751103708,870.3741472032335,0.9221629855293222,0.9383161497043561
Paris,751103709,3175.1241577996147,0.8073115003808073,0.8771233590361989
Paris,751103801,1817.8983090718596,0.9215536938309216,0.9043960582791934
Paris,751103802,1896.708320617676,0.6750952018278751,0.9752159450441628
Paris,751103803,3480.667971293132,1.0607768469154608,1.1488959748103562
Paris,751103804,3668.338450113932,0.9925361766945924,1.31031886526967
Paris,751103805,3435.813579983181,0.9343488194973344,1.147404065905047
Paris,751103806,4865.360357920328,1.0869763899466869,0.956482459136353
Paris,751103901,1388.7027867635093,0.9175932977913176,0.9996069880708864
Paris,751103902,2340.058926900228,1.1643564356435645,0.9015146459754805
Paris,751103903,1709.0314021640354,1.072048743335872,0.9287438800827851
Paris,751103904,3031.748241424561,1.0424980959634425,0.9085976824913781
Paris,751103905,1882.856409708659,0.9818735719725818,0.9950027529875513
Paris,751103906,2199.6555141872827,0.9468392993145468,0.9116919184152049
Paris,751103907,1615.4755367702903,0.8938309215536938,0.9077613072109669
Paris,751103908,1959.478370242649,0.9084539223153084,0.9774290277791012
Paris,751103909,1497.378331926134,0.8831683168316832,0.940025160846736
Paris,751103910,3375.755584716797,1.0095963442498097,0.9283093523927405
Paris,751104001,2281.3497738308374,0.6056359482102056,0.9077462663757203
Paris,751104002,1956.6026505364312,0.6184310738766184,0.9464527061435561
Paris,751104003,1514.9012287987605,0.8213252094440213,1.0730174348743324
Paris,751104004,1129.5825407240125,0.6808834729626809,1.0628625633826008
Paris,751104005,527.4963179694282,0.5541507996953542,0.9658011883476088
Paris,751104006,2332.496523539225,0.7878141660319878,0.9163852088946219
Paris,751104007,3561.458452436659,0.711957349581112,1.025292870554173
Paris,751104008,3634.303350024754,0.775932977913176,0.9693922608309186
Paris,751104009,2310.902558220758,0.9316070068545316,0.930394304784763
Paris,751104010,1991.019252353244,0.7046458492003046,0.8508332036781493
Paris,751104011,2280.146205054389,0.6793602437166794,0.86155623063533
Paris,751114101,2308.4889636569555,0.7543031226199544,0.9210714257968411
Paris,751114102,1831.5150112575952,0.7515613099771515,0.938112908629225
Paris,751114103,1804.116282992893,0.8743335872048743,0.9102828171221121
Paris,751114104,2122.330015394423,1.053160700685453,0.9991966589417729
Paris,751114105,1944.7548175387917,1.1232292460015232,0.9823323871753424
Paris,751114106,2500.80106692844,1.0912414318354913,0.9402485374000782
Paris,751114107,3901.573894076877,1.0802741812642802,0.9788884543751524
Paris,751114108,2444.8450631035694,0.954150799695354,0.9744963044024564
Paris,751114109,2286.4071392483183,0.7116527037319117,1.025009930422384
Paris,751114110,1194.7424223158096,0.5687738004569688,1.0157429768210544
Paris,751114111,964.7185406155056,0.5224676313785225,1.098397500254683
Paris,751114112,1406.1284239027236,0.32993145468393,1.0142650533500528
Paris,751114113,1406.1929863823784,0.8255902513328256,1.00751284034019
Paris,751114114,1987.9690636528865,0.9410510281797412,0.9071559650620252
Paris,751114115,1438.843239678277,1.0686976389946687,0.9587059776123964
Paris,751114201,2832.184602525499,0.7552170601675552,0.8609772069331618
Paris,751114202,2361.795683119032,0.930997715156131,0.9477104007129129
Paris,751114203,3425.306485493978,1.06991622239147,0.8923957295312165
Paris,751114204,2168.975356207954,0.8633663366336634,0.9603095212757643
Paris,751114205,1931.980195787218,1.0613861386138614,0.9146356598226861
Paris,751114206,4573.857896592883,1.047067783701447,0.9357030334617271
Paris,751114207,3445.216672261556,1.1716679360243716,0.8958339958346204
Paris,751114208,2982.076568603516,1.2624523990860623,0.8980341188309808
Paris,751114209,3516.9001388549805,0.9891850723533891,0.9428429950352966
Paris,751114210,2571.919112311469,0.9395277989337396,0.9350911811124215
Paris,751114211,1991.7430606418188,0.9897943640517898,0.8429804892725723
Paris,751114212,3121.33612230089,1.1823305407463824,0.8924720211253337
Paris,751114213,2824.4819878472217,1.073876618431074,0.9558525174582769
Paris,751114214,2119.895223829481,0.8752475247524752,0.888909193931711
Paris,751114301,1349.5380342271592,0.6982482863670982,0.969766064952113
Paris,751114302,4390.865183512369,0.958111195734958,0.9294087596511866
Paris,751114303,1904.3995954725476,0.5507996953541509,0.9651357346265925
Paris,751114304,1686.0857162475584,0.874028941355674,1.160118157973356
Paris,751114305,3251.378301408556,0.7841584158415842,0.9544402964200485
Paris,751114306,2533.467944251166,0.8429550647372429,0.9496381585517146
Paris,751114307,2114.2080391777886,0.8944402132520944,0.9025383606271762
Paris,751114308,1586.2137010362414,0.8429550647372429,0.9551552028794811
Paris,751114309,2662.4455685085723,0.9270373191165272,0.9019869818637791
Paris,751114310,3047.9324595133467,1.1466869763899468,1.0709153012863226
Paris,751114311,2882.983818054199,0.9532368621477532,0.9440438338962975
Paris,751114312,3261.140416463216,1.1284082254379284,0.9501012116154733
Paris,751114313,2699.2174682617188,1.1472962680883474,0.9083756347402377
Paris,751114314,3355.24658203125,0.9992383853769992,0.948570482737182
Paris,751114315,3633.3736097547744,0.927951256664128,0.8941349282011455
Paris,751114316,2057.959648132324,0.9185072353389184,0.9313105184598486
Paris,751114317,2637.940482245552,1.0028941355674028,0.9313400701856007
Paris,751114318,1415.9002397325305,0.9666412795125666,0.9410667266398371
Paris,751114319,2867.96338060167,0.7354150799695354,0.9430220089750045
Paris,751114320,2590.123077392578,0.8088347296268088,1.094776176951954
Paris,751114321,1972.3660731845428,0.8798172124904798,0.9641165884773258
Paris,751114401,2136.913296169705,1.1375476009139376,0.9527865649475339
Paris,751114402,2070.1246634589297,1.0452399086062452,1.032659450957741
Paris,751114403,2080.2081871032715,0.977913175932978,0.9800591989960149
Paris,751114404,2441.9450827704545,1.088194973343488,0.9853372479263868
Paris,751114405,2841.846311781141,0.9111957349581112,0.918393281394981
Paris,751114406,3239.6788219875766,1.0035034272658034,0.9548528279750091
Paris,751114407,2349.104166242812,1.015384615384615,0.9877071338321892
Paris,751114408,4284.127637227376,1.053160700685453,0.9952640335264467
Paris,751114409,3896.7916056315103,0.9392231530845392,1.0039138327823165
Paris,751114410,3921.2060716417095,0.9535415079969536,0.988384969134234
Paris,751114411,4247.79886288113,0.906930693069307,1.0166184269131662
Paris,751114412,2244.8565173678926,0.9626808834729628,0.9691352544467482
Paris,751114413,2934.6045142279727,1.1454683929931455,0.9581736640537853
Paris,751124501,4631.669719047017,0.637928408225438,1.081303755811742
Paris,751124502,2530.31850475735,1.0467631378522468,1.0789041237304002
Paris,751124503,1460.619448343913,0.9507996953541508,1.1149891480451735
Paris,751124504,1613.3012864854604,1.0376237623762377,1.0446711994727476
Paris,751124505,1779.5784988403318,1.069002284843869,1.089909995679212
Paris,751124506,1430.9384028116865,1.1226199543031226,1.3318754723465787
Paris,751124507,1865.062259674072,0.944097486671744,1.3242333555251313
Paris,751124508,1968.3850699530703,1.0708301599390708,1.1267553103364156
Paris,751124509,2679.779109954834,0.9221629855293222,1.3069624196715275
Paris,751124510,2586.67628955841,0.559025133282559,1.1613015184125122
Paris,751124511,1735.3631784651016,0.5078446306169079,1.0919925841304907
Paris,751124512,2438.3980503082275,0.948971820258949,1.0421285438705572
Paris,751124513,1873.9905984666611,1.054074638233054,1.0557559626823712
Paris,751124514,1307.4913118150498,1.1896420411271895,1.0397696553277582
Paris,751124601,1850.534376780192,0.8950495049504951,1.1034316681292935
Paris,751124602,1338.315049489339,0.955978674790556,1.1940340148153008
Paris,751124603,1003.7732548183864,1.0988575780654988,1.1930285595912908
Paris,751124604,1292.9939346313477,0.6726580350342727,1.1262280434508982
Paris,751124605,1367.3623691134983,0.8916984006092917,1.075891897964038
Paris,751124606,1495.4942847357854,0.7381568926123382,1.0804144047700561
Paris,751124608,1451.895391676161,1.0552932216298554,1.0927787044764046
Paris,751124609,2036.0860193040637,0.5553693830921553,1.0647867496711962
Paris,751124610,1225.6494102478027,1.107996953541508,1.15595423271769
Paris,751124611,1191.0478515624998,1.1025133282559023,1.1473739370401648
Paris,751124612,1838.002235836453,1.0281797410510285,1.0913113840710398
Paris,751124613,4408.778487735324,0.8789032749428789,1.094579744287563
Paris,751124614,2156.094513787163,1.150952018278751,1.2563008993141116
Paris,751124615,3340.155623541938,0.9885757806549884,1.2711249629531713
Paris,751124616,3777.791940053304,1.0836252856054835,1.2250031459893826
Paris,751124617,1896.5817328559024,1.0665651180502669,1.0753860193731664
Paris,751124618,1632.0888442993166,1.108910891089109,1.0511446571608318
Paris,751124619,3187.4722345140253,0.853922315308454,1.0529191549269297
Paris,751124620,1448.04979578654,0.9483625285605484,1.4837750092499438
Paris,751124621,2742.3662139044864,1.0166031987814166,1.0900318394515647
Paris,751124622,1332.0639597574868,0.5617669459253618,1.0764010397120671
Paris,751124623,1749.091722700331,1.2094440213252091,1.1104990779294894
Paris,751124624,1143.075003306071,1.281340441736481,1.0374285368302643
Paris,751124701,565.8785921202766,0.902056359482102,1.0462397283468503
Paris,751124702,2236.5988832049898,0.8648895658796649,1.0649403934841568
Paris,751124703,4575.3587948481245,0.7993907083015994,0.9795799102771336
Paris,751124704,943.6549542744956,0.9303884234577304,1.1493039616550924
Paris,751124705,5245.847071117825,0.7415079969535415,1.0473882054169728
Paris,751124801,1790.1317405700688,0.8429550647372429,1.0040651070258664
Paris,751124802,1730.800274742974,0.8021325209444021,1.0268145159854998
Paris,751124803,2289.5058865017363,1.3587204874333587,1.0061314898686562
Paris,751124804,2534.3274781968857,1.246001523229246,1.0729920697735182
Paris,751124805,2286.0539491441514,1.0412795125666412,1.1244115549938771
Paris,751124806,1476.4507937961157,1.1521706016755522,1.023040006115327
Paris,751124807,2860.239328172472,1.0007616146230007,1.0434914864614893
Paris,751124808,1641.5158195495603,1.2231530845392231,1.028925448665854
Paris,751124809,1588.7380023532446,1.0028941355674028,1.0113922644659032
Paris,751124810,2194.6044731140137,1.0495049504950495,0.9668902843678727
Paris,751124812,3520.7503949271304,0.4594059405940594,1.0186543035544897
Paris,751134901,1892.2882918251885,0.7244478293983244,1.0697832563143128
Paris,751134902,1028.9746369785732,0.7177456207159177,1.1579491716599621
Paris,751134903,2702.355196634928,0.9532368621477532,0.9644429529513727
Paris,751134904,1566.7755810419712,0.5760853008377761,1.1075818054162956
Paris,751134905,3300.8006663852266,1.0522467631378525,1.070458855771512
Paris,751134906,2006.7360644870328,1.1083015993907084,1.0021658552994308
Paris,751134907,1772.4786270989312,0.966031987814166,1.1707894525022298
Paris,751135001,2007.936328676012,0.5227722772277228,1.0077015356674097
Paris,751135002,4694.6082833608,0.4344249809596344,1.1455856284448098
Paris,751135003,2309.085493299696,0.559025133282559,1.1149590535076717
Paris,751135004,166.62528461880146,0.4408225437928408,1.1145460006689432
Paris,751135005,1801.461769104004,0.6833206397562833,0.8887003382566114
Paris,751135006,1623.8131968180337,0.7829398324447829,1.0524692445374126
Paris,751135007,1675.670354631212,0.6778370144706778,1.0358779507416778
Paris,751135008,1629.12067328559,0.6111195734958111,1.1301617554981687
Paris,751135009,2036.9287957085503,0.6884996191926885,1.0547635732624252
Paris,751135010,1853.8838577270508,0.8548362528560548,0.9212540069485103
Paris,751135011,2405.9556054009336,0.8332063975628332,0.9155966591791209
Paris,751135012,2270.6978581746416,0.7500380807311501,0.9408888674236389
Paris,751135013,1416.928142123752,0.4283320639756283,1.0660209025479244
Paris,751135014,3565.6868964301216,0.984006092916984,0.8835304052356313
Paris,751135015,5214.005764007568,0.693983244478294,1.0973243876842664
Paris,751135016,4867.105850431654,0.5983244478293983,0.9726218855963241
Paris,751135018,2667.345052931044,0.867936024371668,0.9383447583677818
Paris,751135019,3104.267706976996,0.8368621477532369,0.9856935393884156
Paris,751135020,3009.561183505588,0.8490479817212491,1.0130442324682218
Paris,751135021,2218.9464984469946,0.8746382330540746,0.9132241304017203
Paris,751135023,1734.898534138998,0.8466108149276466,0.9979263774310365
Paris,751135024,2266.4189953274195,0.9291698400609292,0.9193912030176149
Paris,751135025,2254.553686353895,0.7814166031987814,0.9105067856544123
Paris,751135026,1594.0994288126628,0.548971820258949,0.9668632505179017
Paris,751135027,2790.8824534946016,0.4910891089108911,0.9758350758963821
Paris,751135028,3673.544067382812,0.7756283320639756,0.9939021233942813
Paris,751135029,3771.391987694634,0.7083015993907082,0.9851035091086936
Paris,751135030,1256.7821545071072,0.6693069306930693,0.9534966881957169
Paris,751135031,1779.0981385972764,0.6074638233054075,0.9970097443440694
Paris,751135101,4687.478265338474,0.5209444021325209,1.0343777319106657
Paris,751135102,1421.303510453966,0.6364051789794364,0.9467711651361093
Paris,751135103,1767.163087632921,0.7003808073115004,0.9212068301260254
Paris,751135104,1926.228923373752,0.6851485148514852,0.897446813805335
Paris,751135105,2158.9148686726885,0.9864432597105864,1.1120452028886783
Paris,751135106,2594.959250662061,0.7375476009139376,1.0430719422235297
Paris,751135107,1751.8709432813855,0.7217060167555217,0.981909474638778
Paris,751135108,6787.346359676785,0.4612338156892612,0.9489904441524577
Paris,751135109,2268.115533192952,0.5642041127189642,1.0638488800766561
Paris,751135110,3383.3056439293755,0.764965727341965,1.2289459977783603
Paris,751135111,2048.1965052286787,0.6565118050266565,1.1305047734600975
Paris,751135112,2497.429542541504,1.018126428027418,0.9749323154469458
Paris,751135113,1488.8928167555068,0.967859862909368,0.9661377941384797
Paris,751135114,2437.4896685282392,0.9035795887281036,1.070569867971839
Paris,751135115,1406.532710605197,1.054074638233054,0.9886718709440196
Paris,751135116,2084.2378438313804,1.0403655750190404,1.040970109335387
Paris,751135117,1055.6093487209744,0.8222391469916223,1.0653553842053494
Paris,751135118,1727.3114013671873,0.9964965727341965,1.289578702300329
Paris,751135119,1215.7518641153963,0.5376999238385377,1.0008420862176566
Paris,751135120,1641.030791812473,1.0150799695354151,1.0587355661121287
Paris,751135121,1092.2604440053306,1.008987052551409,1.0620212107398683
Paris,751135122,2780.4419962565107,1.1284082254379284,1.1170937998470145
Paris,751135123,1450.3528192308215,0.9276466108149276,1.0966895766600122
Paris,751135124,2039.1679840087893,1.1436405178979436,1.2202381302730119
Paris,751135125,1880.173937161764,0.8234577303884234,1.1332515563569039
Paris,751135201,3894.127418094211,1.0842345773038842,0.9965079965650274
Paris,751135202,2076.939252853394,0.729017517136329,1.029281320317284
Paris,751135203,3600.733543395996,1.1963442498095964,1.039428024196041
Paris,751135204,3047.469386630589,0.8898705255140898,1.15447442808567
Paris,751135205,1876.778767055935,1.0354912414318356,0.9369260462790644
Paris,751135206,1845.079225540161,1.198172124904798,1.260111490518551
Paris,751135207,2719.621787601047,1.1585681645087589,1.2227428770576347
Paris,751145301,1206.1431794696384,1.071134805788271,1.355214254100012
Paris,751145302,2603.966087129381,1.3617669459253618,1.3631127268135306
Paris,751145303,1350.0245433383518,1.1335872048743336,1.047146408212168
Paris,751145304,963.16535059611,0.998019801980198,1.0913772464355782
Paris,751145305,6407.4555806054,1.2846915460776849,1.1634620337046224
Paris,751145306,2563.1313925849063,1.2265041888804264,1.0306332881934284
Paris,751145307,1649.3122484419075,1.2597105864432596,1.1017433728161043
Paris,751145308,1503.0298186408147,1.033968012185834,1.0948521777290268
Paris,751145309,1820.7323053148057,1.394059405940594,1.0825084093299313
Paris,751145310,2217.3763594097563,1.302056359482102,1.3495399478761025
Paris,751145402,3667.3052419291607,1.214927646610815,1.147735674567948
Paris,751145403,3414.512955771552,0.9331302361005333,1.1497003001029522
Paris,751145404,2443.563275231256,0.96999238385377,1.1070353541247782
Paris,751145405,2031.7821278042263,0.9221629855293222,1.0296098022360185
Paris,751145406,2134.3182894388838,1.3428789032749429,1.088531522543429
Paris,751145501,2682.629981782701,0.5739527798933739,1.0239468035287067
Paris,751145502,2310.482765197753,0.807006854531607,1.0245985950174465
Paris,751145503,3765.901752471924,0.47006854531607,1.1206403463797565
Paris,751145504,1954.2840504116489,1.0964204112718965,1.0454876510696158
Paris,751145505,2577.5022871229376,0.8271134805788272,1.051098037150368
Paris,751145506,2557.811445448134,1.2313785224676317,0.9897854815106367
Paris,751145507,1525.0826424492727,1.1707539984767708,1.2069287690680572
Paris,751145508,2441.035975986056,1.0562071591774562,1.1452447827263845
Paris,751145509,1056.948993259006,1.1817212490479818,1.1581595086392427
Paris,751145510,1385.507551405165,1.1634424980959637,1.0223324182268463
Paris,751145511,1970.704101138645,1.168012185833968,0.998016889060481
Paris,751145512,1796.6214358011885,1.1415079969535415,1.0321433399930067
Paris,751145513,2274.5141283671064,1.1162223914699163,0.9927140791047572
Paris,751145514,1821.3914866977268,1.175932977913176,0.9950675319847615
Paris,751145515,2931.25888994005,1.0534653465346535,1.1611702759734492
Paris,751145516,2043.27495235867,1.161005331302361,0.9836947326694122
Paris,751145601,3613.5166384379063,0.5806549885757807,1.0992442248847494
Paris,751145602,858.1544401380752,0.5227722772277228,1.0970548537897398
Paris,751145603,3302.162913428413,0.4149276466108149,1.2293777090925555
Paris,751145604,2195.125601238675,0.5367859862909368,1.0162435293880334
Paris,751145605,1737.6371320088706,0.916984006092917,1.078124851173838
Paris,751145606,1609.1895629035105,0.828027418126428,1.0532001927420551
Paris,751145607,3292.713808695475,0.9422696115765424,0.9904909643425642
Paris,751145608,1314.3662800259062,0.994059405940594,0.9852447568311278
Paris,751145609,1440.8801426357695,0.5163747143945163,1.2627677807453812
Paris,751145610,1484.0654644436306,0.9035795887281036,0.9490192576255903
Paris,751145611,744.5254355536566,0.5977151561309977,1.141182285299195
Paris,751145612,1455.439971499973,1.0952018278750952,1.0383538067001201
Paris,751145613,1757.0217980278862,1.11012947448591,0.994229588912278
Paris,751145614,1693.6751378377278,0.8618431073876618,1.021072647078782
Paris,751145615,1463.6544312371143,0.9233815689261232,1.0477168827389096
Paris,751145616,2416.257444593641,0.8207159177456207,1.0006133083987352
Paris,751145617,1162.077623155382,0.5294744859101295,0.9964859259523532
Paris,751145618,2786.480513466729,0.6211728865194212,1.0081644325603407
Paris,751145619,1919.435245090061,0.789032749428789,0.9728945759557702
Paris,751145620,1692.8495864868166,0.7616146230007617,1.1476490748464554
Paris,751145621,1765.7164866129558,0.8060929169840061,0.9964030447142904
Paris,751145622,1590.0071792602544,1.1006854531607009,1.0036891827293508
Paris,751145623,3250.126577589247,1.013861386138614,1.059628602841641
Paris,751145624,6597.265883551702,1.1607006854531607,1.2294924530159814
Paris,751145625,3218.119467417399,0.9471439451637472,1.2879475054703011
Paris,751155701,3815.9225192599824,0.5032749428789033,1.0681167792947306
Paris,751155702,2392.9319078657363,0.7146991622239147,1.0820996286627667
Paris,751155703,2658.236062367757,0.8587966488956588,1.069811166067181
Paris,751155704,3014.9320473141142,0.516984006092917,1.2055753660613875
Paris,751155705,3657.9442604912647,0.824980959634425,1.148978482934005
Paris,751155706,1451.4824651082358,1.1646610814927647,1.0726606659825877
Paris,751155707,3929.443422105577,0.991926884996192,1.1518036371798137
Paris,751155708,2404.418710072836,0.9833968012185834,1.047804621761087
Paris,751155709,2529.107841491699,1.1302361005331305,1.0769791771846606
Paris,751155710,3970.920296563042,1.008073115003808,1.0487705566250123
Paris,751155711,1193.0271021525068,1.1162223914699163,1.313255661802327
Paris,751155712,1388.576884799534,1.06991622239147,1.0295275535770532
Paris,751155713,1473.622106764052,1.376999238385377,1.3939640600019088
Paris,751155714,1600.4562352498378,1.122010662604722,1.1578403664375825
Paris,751155715,2936.456837548149,1.0144706778370145,1.0785002100706815
Paris,751155716,2018.9177347819011,1.0123381568926124,1.268829037423168
Paris,751155717,2486.4635679456924,1.0662604722010662,1.1164720841505575
Paris,751155718,1914.3429455227324,1.026961157654227,1.1271103901056605
Paris,751155719,1643.375636206733,1.0967250571210967,1.146148233440438
Paris,751155720,1745.0811097886829,1.0293983244478293,1.0498995647456788
Paris,751155721,1505.526587592231,1.2246763137852246,1.1022721767897075
Paris,751155722,3208.7071711222334,1.2216298552932217,1.0356569627014545
Paris,751155723,1717.8129348754885,1.1817212490479818,1.1043569247060758
Paris,751155724,2048.9961793687607,1.1975628332063977,1.0206801789798805
Paris,751155725,2906.193751017253,1.2892612338156892,1.0599969047679925
Paris,751155726,2273.8038037618,0.9376999238385376,0.9684169006615194
Paris,751155727,2851.2049683464897,0.8761614623000762,0.9586187752932561
Paris,751155728,1414.0189692179365,1.1418126428027418,1.14743208500706
Paris,751155729,2719.4457778930664,1.2533130236100534,1.034812149012748
Paris,751155730,3065.887216356065,1.203046458492003,0.9863964028644506
Paris,751155731,2429.2967825995547,0.8886519421172887,1.0297710785735747
Paris,751155801,3636.8479167090513,0.4825590251332826,1.031019926115456
Paris,751155802,2221.1669201321074,0.6699162223914699,1.151954347691887
Paris,751155803,4699.655469258626,1.324904798172125,1.136991231708949
Paris,751155804,3282.9331092834477,1.2953541507996953,0.9801704393036283
Paris,751155805,1841.6279440985784,1.0504188880426504,1.0503881799909491
Paris,751155806,2349.1450381808813,1.118050266565118,1.0274737664269338
Paris,751155807,2988.471336788601,1.3102817974105103,1.1153188020035498
Paris,751155808,2206.482131110298,1.3178979436405178,1.0306631005757894
Paris,751155809,3326.038661532932,1.376085300837776,1.1675655510638683
Paris,751155810,4348.491540696886,0.9370906321401372,1.013646592598526
Paris,751155811,1843.0883433024087,1.1914699162223914,1.2135203379953827
Paris,751155812,2404.017920176188,1.486976389946687,1.0279041870899635
Paris,751155813,1790.4340460035537,1.7264280274181265,1.0364817576520746
Paris,751155814,3653.757922066583,1.3172886519421172,1.2350909055794745
Paris,751155815,1960.9498242272268,1.1372429550647372,1.0858241724656075
Paris,751155816,3513.405453999837,1.3885757806549883,1.149888421665911
Paris,751155817,2414.2608926561143,1.1689261233815689,1.1637982537725027
Paris,751155901,1853.990311516656,1.1165270373191165,1.0302615807988704
Paris,751155902,1586.8098788791235,1.2563594821020565,1.0313349274944157
Paris,751155903,2688.7355745103623,1.100990099009901,1.0098177708028746
Paris,751155904,2282.2635082668726,1.3294744859101295,1.1330526493562632
Paris,751155905,1937.130039638943,1.2255902513328256,1.2216077736419961
Paris,751155906,2638.39761352539,1.335872048743336,1.1608836636600095
Paris,751155907,3694.71782345242,1.0016755521706018,1.12782322331604
Paris,751155908,4414.278615527683,1.1006854531607009,1.1506950610581106
Paris,751155909,1695.8705944485137,1.1293221629855292,1.0147419964074917
Paris,751155910,1770.8618019951714,1.1064737242955065,1.0689416354363448
Paris,751155911,2309.935034010145,1.2341203351104342,1.0954986005348113
Paris,751155912,2814.7640177408857,0.9657273419649656,1.0194157552879146
Paris,751155913,2767.2925056881377,1.5698400609291698,1.0713637557501272
Paris,751155914,1827.8776465521917,1.4510281797410511,1.0168378118996713
Paris,751155915,2145.9453175862627,1.2012185833968012,1.0063914159192853
Paris,751155916,1712.4932072957356,1.1046458492003046,0.9282615739941489
Paris,751155917,2399.673515319824,1.1951256664127952,0.9485842369273783
Paris,751155918,5359.22485393948,1.2737242955064738,1.0018241683747402
Paris,751155919,1785.2569141387942,1.069002284843869,1.1482217432952178
Paris,751156001,9327.5865545695,0.5322162985529322,0.9605885648386873
Paris,751156002,2128.1546143425835,1.2514851485148517,1.0366152232790469
Paris,751156003,2528.205361260308,1.086062452399086,1.0291154300543235
Paris,751156004,2630.973480648465,1.0132520944402132,1.0379020852224032
Paris,751156005,1708.5591659545894,1.1597867479055597,1.065627491094314
Paris,751156006,1244.9952947828506,1.024828636709825,0.9651608818055452
Paris,751156007,2569.775451236301,0.8603198781416603,0.9746655295977787
Paris,751156008,1352.4757457309297,0.8048743335872048,1.144324358471314
Paris,751156009,610.5130958557128,0.84996191926885,1.0115989426728444
Paris,751156010,2607.7338515387646,0.9416603198781416,1.0559037880206978
Paris,751156012,2869.265652868483,1.1488194973343488,1.2895283368959882
Paris,751156013,2496.830744425456,1.2194973343488196,0.9340116705210717
Paris,751156014,2415.6864058176675,0.7607006854531607,1.0953382758138492
Paris,751156015,658.1687738630507,0.9294744859101296,1.1180545704285785
Paris,751156016,1460.8736284044055,0.9288651942117288,1.0378840620357104
Paris,751156017,2096.30357699924,1.0025894897182026,1.2080278529702868
Paris,751156018,2185.832828945583,0.994973343488195,1.0046345112407933
Paris,751156019,3690.9493535359697,1.196039603960396,1.0312915510928642
Paris,751156020,3026.792971293131,1.2453922315308454,0.9695348764590164
Paris,751156022,1448.7234115600584,0.7607006854531607,1.048441046740999
Paris,751166101,1277.423027886285,0.6723533891850724,1.1378650761963574
Paris,751166102,1821.764412350125,0.9093678598629094,1.139211232417972
Paris,751166103,1435.2605730692546,0.991926884996192,1.1972283076271224
Paris,751166104,769.3838047451443,0.6562071591774562,1.1408340757585393
Paris,751166105,2154.4534772237143,1.1625285605483626,1.1735798374891286
Paris,751166106,2192.7432208591035,1.246915460776847,1.1328044548321998
Paris,751166107,1975.2353727552625,1.3313023610053314,1.4040658713421075
Paris,751166108,2471.7404783036973,0.7805026656511805,1.2091456017551774
Paris,751166109,1665.637990315755,1.4635186595582634,1.0891913824150166
Paris,751166110,1630.8670688205293,1.1905559786747906,1.0642138385341113
Paris,751166111,1479.6589796278213,1.3964965727341965,1.175812950087433
Paris,751166112,2765.30838394165,1.7562833206397563,1.2310599196617582
Paris,751166113,2578.516055636936,1.426961157654227,1.4287058359124998
Paris,751166114,1263.7841729058164,0.9593297791317592,1.4028290916353154
Paris,751166115,1255.8043821122908,1.1223153084539224,1.1798804643470708
Paris,751166116,2075.567413965861,1.4281797410510282,1.2165690044424882
Paris,751166117,1340.0610478719077,1.354150799695354,1.4287291498380255
Paris,751166118,1559.217788696289,1.5765422696115765,1.1712061475762408
Paris,751166119,889.8058882819282,1.5396801218583396,1.184448513877899
Paris,751166120,1635.8277210659448,1.5823305407463824,1.1344908231907227
Paris,751166121,1818.5211618575784,1.0150799695354151,1.2133780470201103
Paris,751166122,1165.700838247935,1.6856054836252856,1.141819191952062
Paris,751166123,1467.6903207567002,1.7005331302361006,1.1188790434669156
Paris,751166124,1211.3472485012478,1.3075399847677076,1.2148495849425023
Paris,751166125,1793.2978587680395,1.529017517136329,1.1540498298605846
Paris,751166126,2710.3830515543623,1.5948210205635949,1.1548106373764513
Paris,751166127,2303.899930742052,1.1862909367859862,1.1402106680954311
Paris,751166128,1615.2549730936685,1.4062452399086065,1.1857685254797745
Paris,751166129,690.117767545912,1.1238385376999238,1.2689029999954187
Paris,751166130,821.0695754935343,1.098248286367098,1.2629026848836447
Paris,751166201,1449.9408588939243,1.5798933739527798,1.2476141617952183
Paris,751166202,1716.2158694797097,1.34988575780655,1.1066821858088465
Paris,751166203,1998.8540017869736,1.703884234577304,1.2476940418363465
Paris,751166204,2198.8480762905547,1.7328255902513328,1.1573158569953426
Paris,751166205,1316.89676200019,1.779131759329779,1.2639428134486883
Paris,751166206,1705.341027551227,1.6642802741812643,1.2159704829580962
Paris,751166207,1923.866603824828,1.6977913175932977,1.24561297525016
Paris,751166208,2472.7776843176957,1.779131759329779,1.2160290176103294
Paris,751166209,1479.6129849751792,1.8848438690022848,1.1704079135946472
Paris,751166210,1947.6345342000325,1.9744097486671743,1.163333147244118
Paris,751166211,1834.5914590623645,1.580807311500381,1.1845675687319333
Paris,751166212,1747.132344987657,1.3133282559025132,1.1490583421257163
Paris,751166213,1470.1927485068636,1.7702970297029703,1.228570662016691
Paris,751166214,990.1595505608452,1.4936785986290937,1.3838200886305088
Paris,751166215,1550.3552140129937,1.4604722010662603,1.3074571981528151
Paris,751166216,1560.098356458876,1.5223153084539225,1.1991752830254894
Paris,751166217,2190.3590037028,1.625894897182026,1.301732103065348
Paris,751166218,2656.8865445454912,1.5345011424219346,1.138947251160975
Paris,751166219,3344.0895782046846,1.6396039603960395,1.2761227087837148
Paris,751166220,2077.987449645996,1.444021325209444,1.112733684077594
Paris,751166221,2146.744529061847,1.672810357958873,1.0185621177828768
Paris,751166301,3052.9488165113667,1.522924600152323,1.1382221753640498
Paris,751166302,3659.150904761421,1.2603198781416602,1.197007924189105
Paris,751166303,2327.4321848551435,1.6347296268088347,1.0949150186290288
Paris,751166304,2901.8497314453125,1.5774562071591776,1.0818533693488657
Paris,751166305,2556.0448526276487,1.4915460776846916,1.1127459406220364
Paris,751166306,2078.6700859069824,1.557958872810358,1.0803983446279892
Paris,751166307,3523.7169066535103,1.6743335872048744,1.0813375490518706
Paris,751166308,3078.6571545071074,1.3623762376237625,1.1417749699428557
Paris,751166309,2130.0022655063203,1.827875095201828,1.1045724684950016
Paris,751166310,2664.072225464715,1.6840822543792842,1.2557167250783667
Paris,751166311,2083.4162247975664,1.5223153084539225,1.0332525227214753
Paris,751166401,2235.0734496249097,1.3550647372429552,1.2620711458410425
Paris,751166402,3036.923408932156,1.2697638994668698,1.2159520709031486
Paris,751166403,3285.4219294654,1.3907083015993906,1.1593690665877896
Paris,751166404,2643.639146592882,1.3830921553693831,1.0905131470857476
Paris,751166405,1861.6213463677295,1.49002284843869,1.0562322691080688
Paris,751166406,2438.968015458849,1.4976389946686977,1.075237065055308
Paris,751166407,4259.243992275662,1.4156892612338157,1.1304529781411565
Paris,751166409,3481.904370837741,1.3255140898705255,1.1730699646913063
Paris,751176501,6306.787292480469,1.3605483625285606,1.0835485910640275
Paris,751176502,2189.0831862555606,1.7270373191165271,1.1321194982331537
Paris,751176503,2053.901727464464,1.3407463823305408,1.3047138856463232
Paris,751176504,3888.867042753431,1.4626047220106626,1.0543546234629282
Paris,751176505,4145.312821547191,0.867022086824067,1.2555868751399644
Paris,751176506,1064.8318756951228,1.207006854531607,0.9980157821972463
Paris,751176507,2591.005239062839,1.384920030464585,0.9715342819959965
Paris,751176508,3566.6177775065107,1.6447829398324447,1.0725217328808683
Paris,751176509,1610.2219679090713,1.701142421934501,1.1127013990182901
Paris,751176510,3423.9735938178173,1.394973343488195,1.0864655107021106
Paris,751176511,2220.566178215875,1.4254379284082257,1.1146109441861338
Paris,751176512,3051.76845380995,1.295963442498096,1.0659608641348242
Paris,751176513,1813.2181443108448,1.3891850723533892,0.9853608811043905
Paris,751176514,2209.846122741699,1.3501904036557502,1.043796532310966
Paris,751176515,2342.1693728764853,0.7128712871287128,1.1471294114846708
Paris,751176601,2217.914394378663,1.5798933739527798,1.0121666765402515
Paris,751176602,3704.693671332465,1.433968012185834,1.1370532628868708
Paris,751176603,5399.917764027913,1.900990099009901,1.102006462054694
Paris,751176604,2626.016132566664,1.66001523229246,1.0986409961229573
Paris,751176605,1689.927641126845,1.532977913175933,1.160155750580166
Paris,751176606,2018.8744328816736,1.943031226199543,1.2388045825932117
Paris,751176607,2028.5435418023003,1.6155369383092155,1.1551523441975178
Paris,751176608,2050.632161458333,2.005178979436405,1.1407138574687727
Paris,751176609,3893.429736667209,1.741964965727342,1.0346851972475386
Paris,751176610,2510.038824717203,1.7057121096725056,1.1469033270402629
Paris,751176611,2866.4352099100743,1.6447829398324447,0.8777790160063588
Paris,751176612,3926.8149375915527,1.6798172124904798,0.9563769725903922
Paris,751176613,2501.177547454834,1.3517136329017516,0.9471676952901358
Paris,751176614,1776.5570324791804,0.7268849961919269,1.0472130268351916
Paris,751176615,1779.602790832519,0.5069306930693069,0.9682901540893827
Paris,751176616,2693.098784393734,0.4572734196496573,0.9619064275055099
Paris,751176701,1717.2259161207407,1.071134805788271,0.987818896476672
Paris,751176702,2215.775456534492,1.2594059405940594,1.084308540926651
Paris,751176703,1619.4371842278376,1.1092155369383092,1.3047948242432068
Paris,751176704,1473.428905063205,1.2886519421172886,1.2709432809672887
Paris,751176705,1708.2547628614636,1.253922315308454,1.353782037955735
Paris,751176706,1638.6408464643691,1.3072353389185072,1.0372222651717866
Paris,751176707,836.956162770589,1.3297791317593295,1.0538157551956886
Paris,751176708,1332.1946686638726,1.178674790555979,1.1199671378981013
Paris,751176709,1165.60400390625,1.2185833968012183,1.303265387037519
Paris,751176710,3080.664282904731,1.2511805026656513,1.1898153093528652
Paris,751176711,749.678729693095,1.1302361005331305,1.1982537254797545
Paris,751176712,1501.5264164606729,1.2874333587204874,0.9772192059503281
Paris,751176713,1565.1682022942437,1.3797410510281798,1.0050573851842972
Paris,751176714,13062.996306419373,0.5422696115765423,1.012854000105603
Paris,751176715,2371.866370095147,1.3203351104341203,1.1614295472689422
Paris,751176716,1732.6448677910698,1.026047220106626,0.91617838152852
Paris,751176801,2341.156807793512,0.9718202589489718,1.2548696368986216
Paris,751176802,1851.810568491618,1.1603960396039603,0.9849010950879085
Paris,751176803,1175.6894488864473,1.0345773038842343,1.05270279190931
Paris,751176804,1727.0756039089624,1.1003808073115005,1.4032785208604421
Paris,751176805,1100.8227327134875,0.8536176694592537,1.0938620684106155
Paris,751176806,3835.3933635287817,0.7792840822543793,1.0033194115772708
Paris,751176807,1948.2799597846133,0.8798172124904798,1.204146238713122
Paris,751176808,1711.880681355794,0.9297791317593298,1.3958254862185393
Paris,751176809,2383.949032253689,0.7920792079207921,0.9388563010927294
Paris,751176810,1175.3387824164502,1.0424980959634425,0.9704508747890287
Paris,751176811,1947.8669056362576,0.8542269611576542,1.0774731376295357
Paris,751176812,1138.9635336134168,0.6455445544554456,0.9942886713685294
Paris,751176813,2142.2656508551704,0.5721249047981721,1.0549916782722009
Paris,751176814,2360.887511359321,0.530997715156131,0.9087123379994397
Paris,751176815,2544.8267851935493,0.6123381568926123,0.9903829220689743
Paris,751176816,3234.8258508046465,0.3753236862147753,1.0110906474952137
Paris,751176817,5172.71866607666,0.424067022086824,0.9821634480312602
Paris,751186901,1641.017497168647,0.938004569687738,0.9940265176718694
Paris,751186902,2277.386508517795,0.8463061690784464,0.9865861424125336
Paris,751186903,2382.5659798516167,1.0016755521706018,1.0069977028195367
Paris,751186904,4491.651882595486,1.0863670982482865,1.0342692072781923
Paris,751186905,1603.099412706163,0.9325209444021324,0.9749975098215553
Paris,751186906,1911.3573421902124,0.9596344249809596,1.1651903292026353
Paris,751186907,3570.2390102810327,0.99009900990099,1.1150689347317888
Paris,751186908,2246.6568942599824,1.0525514089870525,0.9598824936955029
Paris,751186909,1509.9775081210664,1.0022848438690022,1.0179672379902482
Paris,751186910,2143.488078647189,1.3233815689261237,1.0152873751309057
Paris,751186911,3912.983953264024,1.4866717440974866,0.9867022291213003
Paris,751186912,2724.098537868924,1.101904036557502,1.0856836639239449
Paris,751186913,2384.956806606717,1.0836252856054835,1.1332367465092315
Paris,751186914,3083.6297904120547,0.9806549885757808,1.0768285380598386
Paris,751186915,1787.54172261556,0.7969535415079969,1.1104063765175378
Paris,751186916,2911.974722968207,0.7741051028179741,1.0626332710667878
Paris,751186917,2189.7675535413955,1.034881949733435,1.1047700696278664
Paris,751186918,4074.320871988932,0.9684691546077684,1.0661070344871386
Paris,751186919,3875.4354773627383,0.959025133282559,1.0642374547293143
Paris,751186920,2725.9607001410586,0.7704493526275704,0.9707471004296867
Paris,751186921,1799.247426350912,0.7838537699923839,0.956558308365131
Paris,751186922,3464.653767903645,1.0638233054074635,0.9765384706215394
Paris,751186923,3649.272277832032,0.6836252856054836,1.0993060170617257
Paris,751186924,3909.06716410319,0.6062452399086062,0.8548741325282874
Paris,751186925,3423.9237925211582,0.4554455445544554,0.9787146201573799
Paris,751186926,3967.8378583060376,0.3533891850723534,0.9651026076218701
Paris,751186927,1593.575622558594,0.34638233054074635,0.8973546161328378
Paris,751186928,1564.5216318766277,0.3628332063975628,0.9089558018993023
Paris,751187001,3145.9192877875435,0.8591012947448591,1.0302971324988452
Paris,751187002,1765.292493396335,0.9517136329017516,1.0507467844186116
Paris,751187003,791.0545804765491,1.0421934501142422,1.0955696291833517
Paris,751187004,1598.789371914334,0.998019801980198,1.0087018804186094
Paris,751187005,2976.6910917494038,0.945011424219345,1.0370533726308055
Paris,751187006,2091.0501887003584,0.9447067783701448,0.9748789106347867
Paris,751187007,2471.85346645779,0.7774562071591774,1.0161232415365165
Paris,751187008,1721.5954225328237,1.2734196496572734,0.9585957960672596
Paris,751187009,4219.554932488336,0.9858339680121858,0.9603423087281264
Paris,751187010,1546.3350168863935,0.8743335872048743,0.9804234710832356
Paris,751187011,1918.980540805393,1.0443259710586443,1.0498815699327353
Paris,751187012,2132.825198703342,1.1076923076923078,0.9861744363087817
Paris,751187013,3426.61691962348,1.088194973343488,1.063741646431747
Paris,751187014,1065.6201604207354,0.81005331302361,0.9071864685586661
Paris,751187015,1720.027168273925,0.9325209444021324,0.9519599127158062
Paris,751187016,1438.663955688477,0.8725057121096725,0.9622567437362872
Paris,751187017,3393.9286346435547,0.6129474485910129,0.8909876990021677
Paris,751187018,2250.1181411743164,0.6013709063214013,0.8330276526295266
Paris,751187019,2307.6002095540366,0.7207920792079208,0.9216925731297092
Paris,751187020,1293.004467010498,0.7022086824067022,0.9349655609599967
Paris,751187021,3734.182801140679,0.8563594821020564,0.9758818152931229
Paris,751187022,2599.7418373955616,0.9562833206397564,1.0602665442908255
Paris,751187023,1445.2737748887805,0.4728103579588728,1.2543785863758963
Paris,751187024,1443.3019315931533,0.8167555217060167,1.0872374026282525
Paris,751187025,3204.8110707600918,0.8204112718964204,0.8601684759107899
Paris,751187026,1999.3569130367705,0.6744859101294745,0.9745867463107929
Paris,751187027,5798.949246724447,0.3738004569687738,0.9618112991631516
Paris,751187101,3706.899547576904,0.6668697638994668,0.92133912318775
Paris,751187102,2923.5778401692714,0.3805026656511805,0.8828625325357448
Paris,751187103,1488.9986970689563,0.3847677075399848,0.8486396934976055
Paris,751187104,2647.996872795952,0.5514089870525514,0.8671418785073535
Paris,751187105,1688.9184629652232,0.5096725057121096,0.8529542549463774
Paris,751187106,1539.5868928697373,0.5218583396801219,0.8403081860103448
Paris,751187107,2371.361398484972,0.5532368621477532,0.7751675530617969
Paris,751187108,1600.78045823839,0.5014470677837014,0.8150300393366038
Paris,751187109,1266.7439626057944,0.5023610053313023,0.8693206779801035
Paris,751187110,13383.096649593776,0.5005331302361006,0.9803496991383185
Paris,751187201,4415.123901367188,0.4603198781416603,0.9100872695881486
Paris,751187202,2241.558453453912,0.5931454683929931,0.8780467488994725
Paris,751187203,1408.804542541504,0.6814927646610814,0.8357591687553917
Paris,751187204,1907.166072845459,0.7006854531607006,0.8470845745988839
Paris,751187205,2231.130257924397,0.6242193450114242,0.9097317296149181
Paris,751187206,2069.4794731140137,0.56999238385377,0.9067751013074371
Paris,751187207,5137.610056347317,0.5364813404417365,0.9391814872869576
Paris,751187208,7073.572245703804,0.4423457730388423,1.0232926376684286
Paris,751187209,5371.396569993762,0.357958872810358,0.9388197388384916
Paris,751197301,3445.01666853163,0.640974866717441,0.8539902417901685
Paris,751197302,1676.8452911376953,0.6744859101294745,0.8761800697437532
Paris,751197303,2166.3667754067314,0.7092155369383092,0.8682414631550863
Paris,751197304,2318.55695215861,0.7207920792079208,0.9756984182242444
Paris,751197305,2612.232159084744,0.7932977913175933,0.8369069453890525
Paris,751197306,3493.1352640787754,0.3865955826351866,0.8793875085114145
Paris,751197307,2048.8762961493594,0.4118811881188118,0.8661561745411306
Paris,751197308,3332.0601717631025,0.3214013709063214,0.8577201862930923
Paris,751197309,3688.784495883517,0.6214775323686215,0.8646184515671373
Paris,751197310,4827.452690124512,0.4523990860624524,0.8907664551819093
Paris,751197311,2364.371652391222,0.7561309977151561,0.900568310052309
Paris,751197312,1521.529051886664,0.4977913175932978,0.9568519969166118
Paris,751197313,2928.9319326612685,0.7235338918507236,0.8603077483930373
Paris,751197314,3902.7862069871694,0.5325209444021325,0.8898227482942433
Paris,751197315,2884.943273756239,0.6708301599390708,0.8332929851157315
Paris,751197316,3664.416451348199,0.6552932216298553,0.8389870790937579
Paris,751197317,1534.2245801289878,0.4636709824828636,0.882187572562144
Paris,751197401,6760.245058165656,0.4813404417364813,1.0240645578677343
Paris,751197402,3997.525007459853,0.73998476770754,0.8888213274269314
Paris,751197403,1669.4343486362031,0.5623762376237624,0.8936700053266516
Paris,751197404,1720.3414866129558,0.689108910891089,0.9416682648953785
Paris,751197405,2999.2516909705264,0.4935262757044935,0.8946166170230713
Paris,751197406,3339.9544194539394,0.530997715156131,0.8666156275292797
Paris,751197407,3072.423111597697,0.4307692307692308,0.8466556280600034
Paris,751197408,2446.252315945096,0.4042650418888042,0.8346822585862999
Paris,751197409,1489.4579679701064,0.446001523229246,0.8578102454347862
Paris,751197410,3426.5835315916274,0.3905559786747906,1.0111612619440806
Paris,751197411,2889.9220877223543,0.7741051028179741,1.1868427940133202
Paris,751197413,3068.9783931838138,0.5800456968773801,1.027192633837424
Paris,751197501,1603.4520687527126,0.669002284843869,1.1262025643302707
Paris,751197502,2159.562960306804,0.7025133282559025,0.8795393022690535
Paris,751197503,2370.836623297798,0.6141660319878142,0.8559938120057943
Paris,751197504,2380.100761413574,0.4557501904036558,0.8431028655157409
Paris,751197505,2128.1272888183594,0.6842345773038843,0.9482063329074006
Paris,751197506,2004.019613477919,0.94013709063214,0.9458155842568329
Paris,751197507,1463.1211704678008,0.7558263518659558,0.9189116240616355
Paris,751197508,1829.5007434421111,0.9325209444021324,0.9561928714613944
Paris,751197509,1302.0050557454426,0.453008377760853,1.0778755481702715
Paris,751197510,2281.6342078314888,0.6555978674790556,0.8503225468973263
Paris,751197511,2598.2937274509013,0.6452399086062452,0.8673123626902748
Paris,751197512,1251.5879130893284,0.3902513328255902,0.8945927094203527
Paris,751197513,2662.734664069282,0.5032749428789033,0.9907574851885512
Paris,751197514,5311.987292395697,1.1335872048743336,0.9654389076294712
Paris,751197515,1363.2963769700789,1.018735719725819,0.9026615018762868
Paris,751197516,1421.9807891845703,0.3954303122619954,0.9427555994464726
Paris,751197517,2630.622984568278,0.4712871287128712,0.8521302970341552
Paris,751197518,1966.7570215861,0.3701447067783701,0.8891107432736983
Paris,751197519,5609.288663122389,0.4411271896420411,0.9595571014297651
Paris,751197520,2570.4839364157783,0.6778370144706778,0.9978513407485123
Paris,751197521,2117.7263179355195,0.7028179741051028,0.9160002957753012
Paris,751197522,3872.28109995524,0.8115765422696116,1.0108389193512404
Paris,751197523,2224.086057874892,0.8298552932216299,0.9292451143240804
Paris,751197524,2163.872850206163,0.8654988575780656,0.8922231690240061
Paris,751197601,2167.0180350409614,0.8624523990860624,1.0401720327538662
Paris,751197602,3561.9493913650517,0.9273419649657272,1.0388248030090266
Paris,751197603,1616.6236383650044,0.9983244478293984,0.925585165594712
Paris,751197604,1748.4319508870444,0.9611576542269612,0.9345378739670379
Paris,751197605,1498.9323751661514,0.5861386138613861,1.1388963202392057
Paris,751197606,1106.1724444495308,0.5684691546077685,0.8880537169930067
Paris,751197607,1486.7492870754668,1.0504188880426504,0.8472250081502841
Paris,751197608,1610.2382206386992,0.6744859101294745,0.9058224055289396
Paris,751197609,2616.528018103706,0.9023610053313024,0.999451145844229
Paris,751197610,1466.7192526923286,0.4255902513328256,0.8251031905935781
Paris,751197611,2719.527612898085,0.8843869002284844,0.8246754030938729
Paris,751197612,2931.269116401672,0.9867479055597868,0.8794427149417434
Paris,751197613,3981.009493086073,0.8575780654988576,1.0132868427632955
Paris,751197614,1671.8449545966257,0.7987814166031988,0.926021777623077
Paris,751197615,2131.279826270209,0.9288651942117288,0.8886994056912305
Paris,751197616,1319.7986619737412,0.545925361766946,0.9766026758349217
Paris,751207701,1880.403923458523,0.6817974105102818,0.8826321460965184
Paris,751207702,2867.2417992485894,0.8749428789032749,0.8607823007881346
Paris,751207703,1882.5611784193247,0.5346534653465347,0.8359237037572197
Paris,751207704,2389.304654439291,0.7311500380807312,0.9585229482451938
Paris,751207705,1735.704511854384,0.5757806549885758,0.9425200712833601
Paris,751207706,2243.181462605795,0.8003046458492004,0.8234582634270068
Paris,751207707,1872.2794469197588,0.7247524752475247,0.9066883468882064
Paris,751207708,2055.1747224595806,0.4591012947448591,0.8921492496355645
Paris,751207709,1538.9400454627144,0.4237623762376237,0.9219537115050191
Paris,751207710,2107.520419226752,0.5830921553693831,0.8744021211871524
Paris,751207711,2900.6810574001734,0.5818735719725818,0.8783195727664248
Paris,751207712,2164.446288214789,0.8076161462300077,0.94921112270997
Paris,751207713,1846.415439605713,0.5712109672505712,0.8713064149992611
Paris,751207714,2505.2320861816406,0.9032749428789032,0.8883307464519775
Paris,751207801,8625.256777657401,0.4801218583396801,0.9899785102832979
Paris,751207802,2743.5990346272783,0.8261995430312262,1.042073020263698
Paris,751207803,1196.0382843017578,0.3634424980959634,0.9249240812551411
Paris,751207804,923.589845021566,0.3923838537699924,0.9118453199249354
Paris,751207805,2829.0697385999893,0.913023610053313,0.9803671251975662
Paris,751207806,3054.2600936889653,0.7728865194211729,0.9010348289581203
Paris,751207807,2754.871926625569,0.9852246763137852,0.891690502820606
Paris,751207808,2952.4477865431045,0.7162223914699162,0.8939670078553823
Paris,751207809,4964.462905459934,0.8618431073876618,0.9202559430840864
Paris,751207810,1806.538647969564,0.5148514851485149,0.8402774004873035
Paris,751207811,1279.588384840224,0.739070830159939,0.8891629040372991
Paris,751207812,1933.793081495497,0.913023610053313,0.9777486489689821
Paris,751207813,1816.789486355252,0.5343488194973344,0.9795075231687662
Paris,751207814,2857.830302768283,0.6129474485910129,0.9557588534390395
Paris,751207815,3030.203747219509,0.7076923076923077,0.9071513278928903
Paris,751207816,3130.4715991550024,0.8554455445544554,0.9211331065434931
Paris,751207901,2878.9672317504883,0.8597105864432597,0.8992176043922233
Paris,751207902,1835.227673424615,0.958111195734958,0.8991710460718823
Paris,751207903,2029.6962534586592,0.8819497334348819,0.8561105086035095
Paris,751207904,1671.1898216671414,0.9398324447829398,0.8593259083044783
Paris,751207905,7678.950758165784,0.8932216298552932,1.0668705671215906
Paris,751207906,2008.6300532023115,0.502056359482102,0.8592623619503795
Paris,751207907,3717.6698981391055,0.6897182025894897,0.8429660100955968
Paris,751207908,2562.235338422987,0.5023610053313023,0.8529004938044515
Paris,751207909,1228.045962439643,0.9477532368621476,0.845050554445744
Paris,751207910,2839.841306898329,0.4575780654988576,0.8880366638023659
Paris,751207911,1877.126753913032,0.6574257425742575,0.8368709992300687
Paris,751207912,2892.8026411268447,0.8298552932216299,0.8311048637137479
Paris,751207913,2003.4994146558968,1.024828636709825,0.9233395973912373
Paris,751207914,1638.9789081149634,0.9785224676313784,0.8773625915250153
Paris,751207915,3881.880176120334,0.9507996953541508,0.8957049619124303
Paris,751207916,2241.4407882690434,0.6833206397562833,0.8827950023161459
Paris,751208001,1638.6668370564776,0.4502665651180502,1.001690260265439
Paris,751208002,3194.378869374593,0.9297791317593298,1.0589093900055515
Paris,751208003,2983.722836388482,0.7274942878903274,0.9365503622978318
Paris,751208004,2193.2245402865938,1.135110434120335,0.8859659361967159
Paris,751208005,1698.6878967285154,0.9291698400609292,0.8743029327829395
Paris,751208006,2225.0298572116426,1.020868240670221,0.8544020201904193
Paris,751208007,3279.9933043585884,0.5998476770753999,0.9933082439695254
Paris,751208008,4429.001373079088,0.4466108149276466,0.9627424129757731
Paris,751208009,3300.3284336725874,0.4079207920792079,0.9885671892952752
Paris,751208010,1044.1255247328015,0.5051028179741051,0.9034670640055824
Paris,751208011,1658.8208007812498,0.410967250571211,0.8586259433079362
Paris,751208012,3254.705173916286,0.5575019040365575,1.0674996748182293
Paris,751208013,2331.8100132412383,0.7287128712871287,0.9021420619942492
Paris,751208014,1603.0488730536565,0.7311500380807312,0.866362270402059
Paris,751208015,3195.637663099501,0.9416603198781416,0.8513909866974567
Paris,751208016,2534.663778516981,0.6723533891850724,0.8773984418600234
Paris,751208017,2378.360505421957,0.7168316831683168,0.8610993409198062
Paris,751208018,2352.124833848742,0.5894897182025894,0.8678590146049519
Paris,751208019,3114.3102459377715,0.5687738004569688,0.8895106157995155
Paris,751208020,1260.73012330797,0.3719725818735719,0.8871321058681783
Paris,751208021,5712.823170608945,0.4124904798172125,1.007224974911127
Paris,751208022,2786.3555196126304,0.6205635948210205,0.9075940340450376
Paris,751208023,2874.695628696018,0.6793602437166794,0.8876547136223437
Paris,751208024,2319.483056810167,0.7996953541507997,0.8703163017248262
Paris,751208025,2071.3126644558374,0.7646610814927647,0.8846358286324665
Paris,751208026,2586.2567952473964,0.9212490479817212,0.9040143009824629
Roma,00118,28177.841845895426,0.8502273185520461,1.2119914455775296
Roma,00119,11131.021399188468,0.5341728313666324,1.1358614877561723
Roma,00121,44833.83016517063,0.7597176185298073,0.7067317547627114
Roma,00122,38875.119700889205,0.8492865254988041,0.8263618819206083
Roma,00123,42508.93595041586,0.8740221555987786,0.6864532842277596
Roma,00124,42491.82509508744,1.0901149542421384,0.89670788667532
Roma,00125,53248.209961974615,0.8632791099502938,0.9184691137613703
Roma,00126,30199.83354286344,0.7123997664516861,0.8289305988275514
Roma,00127,9560.131301788802,1.1266641483544455,1.2120136659478578
Roma,00128,43130.24084750404,1.0074925900957103,1.1366221541674113
Roma,00131,21594.71374718963,0.7664145801615101,0.9466434804982262
Roma,00132,93180.0517881418,0.6683452094404273,0.6919116723085126
Roma,00133,111473.58821023058,0.6590004759059674,0.7158729855806512
Roma,00134,25030.74221800866,0.8735354979715746,0.8770136658975031
Roma,00135,78376.93961928575,1.154840109965415,0.8753007157275166
Roma,00136,47403.733336831145,1.440210184911518,1.3396657732107162
Roma,00137,43281.67285879031,1.1602777595863414,1.3156635934909129
Roma,00138,31118.491071134737,0.7743180148745274,1.1190496121535014
Roma,00139,88021.19382856319,0.91971488339652,1.0221436757175117
Roma,00141,49065.91304249182,1.1076586672474924,1.1794146272183208
Roma,00142,45120.39432079741,1.2556059197719067,1.3474155776581456
Roma,00143,42106.46618672533,1.0825659946876875,1.1144107955763367
Roma,00144,51581.89516477415,1.457407592088493,1.2655862363593442
Roma,00145,20358.86708592499,1.019079766016466,1.1195276739349849
Roma,00146,58060.18984153446,0.7980629225398475,0.7624592922436857
Roma,00147,23605.125504830976,1.1845178456472047,1.2583252047715223
Roma,00148,56599.06146032594,0.7578453238724946,0.8656541101346382
Roma,00149,42517.06927481419,0.9949709544341908,0.9210250589412289
Roma,00151,34399.180282112364,1.2730441406903443,1.1423447553110635
Roma,00152,46321.99016488592,1.1721267213114366,1.1003634485264626
Roma,00153,34949.24071154591,1.4022637894860408,0.976694661630203
Roma,00154,33168.702296821575,0.9628409220239548,0.9859698431671811
Roma,00155,62245.2259131967,0.8004782502619404,0.9098735181097862
Roma,00156,45789.204345358914,0.7786676736215238,0.8575514715726876
Roma,00157,20215.074102441056,0.8567193398224785,1.2844602616848924
Roma,00158,14687.736527558298,0.7718136255913555,1.0184079196931264
Roma,00159,42188.1441911656,0.8150172030669193,0.9945589472675069
Roma,00161,15094.773868259508,1.6752903946839164,1.4199360917555397
Roma,00162,25127.4640745309,1.382019093882839,1.362277201807739
Roma,00163,19243.58488955261,0.9028522407157682,1.0107580318562612
Roma,00164,16265.084258881416,0.9719343772425892,0.9352171821157171
Roma,00165,38349.13218316315,1.2411816859496458,1.0044064508201076
Roma,00166,89792.32782788019,0.7596370621415105,0.833192644948181
Roma,00167,37273.126810084286,0.9360514238852082,0.96217197280839
Roma,00168,64350.335964952654,0.7899567777010393,0.8376006945592893
Roma,00169,42408.354035161,0.7269140786500493,0.7513347516092053
Roma,00171,37855.370030177655,0.7158941418135468,0.98819674079192
Roma,00172,54674.86545764063,0.7110835846510665,0.8027752701967344
Roma,00173,52037.95088143875,0.8626090614889292,1.0228592386785242
Roma,00174,29578.407784069605,0.9534118880630484,1.0308616032002946
Roma,00175,51528.89109042606,0.7771986385061017,0.9753988321682016
Roma,00176,50525.457991052834,0.7616515311523232,0.8096253115435006
Roma,00177,51300.64117788154,0.7588564143793146,0.770997423496354
Roma,00178,26287.496989110765,1.005029045565809,0.8758902040052624
Roma,00179,42409.08612911121,1.106667223594852,1.234053900712378
Roma,00181,28207.07536243047,1.0118648257867398,1.2311006594727922
Roma,00182,22666.92750187549,1.0979203610719972,1.2053388229900956
Roma,00183,27195.74435902966,1.1646210701974602,1.3911494076753308
Roma,00184,15628.750674271749,1.662949630122309,1.0895392632649497
Roma,00185,34985.082942211404,1.0236417306452137,1.1287328388200206
Roma,00186,25509.116242821365,1.9351677223591357,0.9175603421183002
Roma,00187,9675.744060715451,2.2474253458846585,1.1532326132151627
Roma,00188,31724.13117086929,0.7313455034204682,0.7075242160438356
Roma,00189,34421.450706076794,1.0639715981244444,0.7224903248981163
Roma,00191,20056.0128459649,1.6482734801152237,1.2270216486199688
Roma,00192,13474.152443102665,1.4525898835258155,1.7185011490567408
Roma,00193,7778.915102458662,1.8704389655132767,1.224796122111119
Roma,00195,26454.02700650858,1.5824135875593204,1.100518298656713
Roma,00196,14995.91036428541,1.5217998311021377,1.0960922669159707
Roma,00197,21265.56506193796,2.408796590746162,0.7568812345071674
Roma,00198,29414.728063464165,2.0311558744712643,1.3158038496062818
Roma,00199,46679.82105810102,1.4859971330446051,0.9946136935364277
Torino,10121,8053.798141264253,1.969078748509478,1.2472656442890728
Torino,10122,16746.42435795731,0.9677398447323028,1.0329342103013988
Torino,10123,12301.53928128992,1.9390716708610585,1.269955881573534
Torino,10124,13395.403476578133,1.1740263215429316,1.1302183854275354
Torino,10125,17628.849416147837,1.2192226989871746,1.1387009197330509
Torino,10126,34989.71060974279,1.1340039072196717,1.2114813428352036
Torino,10127,30579.11234357088,0.8449252165480272,0.7331593502230234
Torino,10128,17477.12805935761,1.7668083823842746,1.3330068936153652
Torino,10129,19140.45492236813,1.622894399996496,1.2449419016362424
Torino,10131,12077.883003018862,2.144401427440185,1.4852085031126259
Torino,10132,13207.390614667189,1.3652605467426002,1.4895197233322959
Torino,10133,9170.114977516489,2.036353824101449,1.1674836666905086
Torino,10134,30576.379441970683,1.0032357799214024,1.088984008612996
Torino,10135,46834.23933258036,0.9152009427693488,0.9128527281293222
Torino,10136,33233.40669284252,0.9853683186274648,1.0477688727842513
Torino,10137,60834.08651004247,1.0369178465574758,1.1176377743715673
Torino,10138,20870.22756147633,1.2984135887312702,1.1117482618611496
Torino,10139,29760.86065148645,1.0,1.0325999542120075
Torino,10141,57538.9375950009,1.082587103346336,0.9996742618474174
Torino,10142,19460.879073679967,0.8699673401625032,1.026123252934808
Torino,10143,22939.24941931551,1.229633721695811,1.0670327681108298
Torino,10144,28078.2950678298,0.957472459240448,0.6893929248130771
Torino,10145,13632.637466098491,0.953899982476065,1.0132554785578058
Torino,10146,35190.67684126835,1.0492436866736503,0.9527415244106658
Torino,10147,36275.39978490687,0.7951344239275692,0.6298377548573726
Torino,10148,19878.24187859765,0.8173932898788165,0.735081081040482
Torino,10149,36196.35622899069,0.8077628529440657,0.7555851575777663
Torino,10151,33163.77792918813,0.7807009532620088,0.7158372189540351
Torino,10152,35883.22112821539,0.7389696239508957,0.5899348722911191
Torino,10153,24547.123547534327,0.996666208980831,1.1229675144551738
Torino,10154,46290.35406024213,0.7436211092714958,0.6091520139988829
Torino,10155,35350.455421783685,0.7386641139606005,0.6351832892115277
Torino,10156,23442.90568684603,0.8206219773363863,0.7891323482793161
Genova,16121,4016.5727384256,1.1345108523220817,1.3969406660477133
Genova,16122,9784.240130848351,1.3424784225191082,1.3476058513445386
Genova,16123,6709.932056056128,1.0777857037934977,1.0050527295105287
Genova,16124,6275.205489900376,1.2389587667256508,0.9581662697705002
Genova,16125,7189.160419053502,1.539507242418041,1.1130477327994053
Genova,16126,8696.164859842902,0.9724603726754056,0.928186304627666
Genova,16127,14185.25691267698,1.0193679744267754,1.0128933162405795
Genova,16128,9496.173505898983,1.6112398961659624,1.001397735987123
Genova,16129,13727.34609441128,1.389483887202683,1.3643288418942985
Genova,16131,8390.63236673673,1.3820326504288016,1.3087723980931283
Genova,16132,17175.068557885323,1.0126539801137318,1.1246132098773542
Genova,16133,11129.129740673938,1.0115231390237955,1.2756073083156576
Genova,16134,17113.687776750987,0.9456511212274528,0.9650131556351561
Genova,16135,5719.29829639838,1.0141968834171808,1.6417451615017178
Genova,16136,11492.004492272032,1.4661266903464134,1.2301887886452894
Genova,16137,16542.701422637274,0.9783099653489152,0.931418362748571
Genova,16138,19236.841825530064,0.928687883584274,0.942435659401117
Genova,16139,12690.0515332044,0.8906567307326386,1.2075021071925154
Genova,16141,8081.366221243173,0.9415348276772266,0.9155802596641017
Genova,16142,17772.67570247121,0.9841213024938252,0.9580512187415908
Genova,16143,23573.83886239709,0.9932395402645332,1.0378658262089697
Genova,16144,15404.38726116244,0.8908528795150219,0.8981435993447209
Genova,16145,15675.071489256909,1.93694422247177,1.3392101577585105
Genova,16146,11036.648685911048,2.095113079916189,1.365374908720344
Genova,16147,12065.999721788075,1.334012359057867,1.3583060738420112
Genova,16148,17159.97744084544,1.4202533785047404,1.2519530568387112
Genova,16149,26991.89659093208,0.9476125991966934,0.7688722518800756
Genova,16151,19375.01254719788,0.8392409655093178,0.5995693539242783
Genova,16152,14914.814374760976,0.8230345910026984,0.5503607154337349
Genova,16153,21187.731510212925,0.9740364109575946,1.0338826962515926
Genova,16154,22466.901377361963,0.9957000067092784,0.9020839310393559
Genova,16155,10412.343444827451,1.1334121892156164,1.2716730316874516
Genova,16156,13838.147871364215,1.3025975853982794,1.0425110627528746
Genova,16157,22442.54694322629,0.908778687348888,0.8644788712707704
Genova,16158,12234.704215724809,1.0,0.978924314456093
Genova,16159,23005.68673867133,0.8730672568571968,0.8041783667321046
Genova,16161,9090.845536543988,0.8177093570405796,0.6354551448095042
Genova,16162,11997.779335396575,0.9217985491188344,0.8581883664295822
Genova,16163,4471.707966565387,0.9510350038894788,0.9294082978875937
Genova,16164,8113.326449495185,0.9806602675022068,0.89751350834471
Genova,16165,9870.30435416938,0.9490070601242562,1.1819268243723364
Genova,16166,8636.746082374064,1.4128913852960103,1.2728520177881106
Genova,16167,9907.423906228909,1.5123124116681894,1.3105206389442319
Milano,20121,19937.510919490614,2.535926170652371,1.2104973295311314
Milano,20122,24609.52329504656,2.1392034515421083,1.3779252782506004
Milano,20123,29661.064846932888,2.448984673582025,1.4214233666853346
Milano,20124,31776.492116126752,1.7420258251392169,1.1205783154813072
Milano,20125,36769.33208836382,1.0459908878581667,1.0423613939553056
Milano,20126,18327.43956304259,0.9643694258188874,1.0625227301823763
Milano,20127,35205.573515187585,0.8306320300495047,0.8022239799000943
Milano,20128,26526.96496883408,0.8655419358333825,0.8812615678101254
Milano,20129,48266.662741449145,1.8900784745988055,1.3499062341450387
Milano,20131,37209.12920286921,1.1341677624350202,1.2217703864663603
Milano,20132,25644.19114091332,0.7808328721275146,0.6605740171780025
Milano,20133,42154.77940128992,1.1745499695970898,1.4088533426668033
Milano,20134,18157.902263397384,0.9546226536300568,1.0212743420501074
Milano,20135,31136.771474115347,1.481974928204414,1.3233524810343957
Milano,20136,15831.71548743712,1.3251092563655855,1.0914700213333706
Milano,20137,26582.895575808776,1.006716973026708,0.992784959537254
Milano,20138,31954.43789382021,0.8222225385010077,0.7639028801397024
Milano,20139,43408.28340928579,0.8484281415667756,0.8866923919207481
Milano,20141,46330.01235601957,0.9839568286981788,0.8757037972704712
Milano,20142,58857.18368934735,0.804095788834001,0.8220359805039282
Milano,20143,28955.93607047262,1.0930536512008435,0.9690050132716092
Milano,20144,35582.69300628288,1.6355249950908248,1.3004973813034395
Milano,20145,17984.83574706316,2.7214077266694385,1.0219194680226094
Milano,20146,57661.49241463013,1.1625533772201406,1.043638807675099
Milano,20147,39199.78286810861,0.8939915923173194,0.8411101231661646
Milano,20148,37351.296951887605,1.0099975761870938,0.7911267699891797
Milano,20149,26513.87343434989,1.8412143946125616,1.348651062285033
Milano,20151,43367.30255608026,1.0012469087930562,0.9779167403718803
Milano,20152,39280.54809777944,0.7750906540147098,0.8526017597570962
Milano,20153,29877.59610690628,0.7849686884336811,0.6771888798254049
Milano,20154,32464.121872653566,1.5166461046288962,1.4575176226013264
Milano,20155,25430.72367665172,0.9957290279783214,0.8409804591681789
Milano,20156,21816.76977269658,0.7846534049213808,0.6393270105798333
Milano,20157,34543.71745006916,0.6059337717151381,0.7288677702897371
Milano,20158,30083.48366282383,0.8214640186445185,0.9500138217404498
Milano,20159,30468.908981084824,0.9987530912069436,0.9886955569397565
Milano,20161,46168.40514221111,0.7865911052087828,0.8108444295564211
Milano,20162,35801.231649030815,0.8395050959518272,0.9951738892961063
Venezia,30121,15460.860624794746,1.1388127810071391,1.0768091425884747
Venezia,30122,12214.600140409337,1.040461036242584,0.9418107948683713
Venezia,30123,6397.720984497004,1.3418219751780562,0.8787792563037731
Venezia,30124,3991.97691037837,1.6727827713302577,1.116468734901687
Venezia,30125,5129.916659143236,1.4532110647425756,1.2650213591449193
Venezia,30126,20049.12151277709,1.0571173123636304,1.2431220293591172
Venezia,30132,1610.3514307590406,0.9782502407754848,0.8464956544463406
Venezia,30133,5627.310009497735,0.8867628051037248,0.8524223996621608
Venezia,30135,5568.24189736125,1.4517002469547438,1.1332903924917044
Venezia,30141,5054.504014179369,0.8865354838181976,0.8762362932698022
Venezia,30142,2785.4888036118623,0.8076263938943562,0.761568933237976
Venezia,30171,13191.348184890216,0.9821932714218704,0.897224065046676
Venezia,30172,13281.604015941162,1.0,0.9387246771280826
Venezia,30173,55477.33302860038,0.9739547702468704,1.0977542279084114
Venezia,30174,65941.1903557398,1.0183098225276557,1.192119103266092
Venezia,30175,25003.66070057316,0.8213410755652619,0.9446577551594242
Venezia,30176,2566.3636249065157,0.8355453634554374,0.9805260250367436
Trieste,34121,1875.40963265662,1.104293838813749,1.1857476571174306
Trieste,34122,1455.8989808559418,0.7781060827402754,1.127457318735417
Trieste,34123,6102.271684997281,1.4682616595928095,1.2581963058423997
Trieste,34124,3958.574126918697,1.260808059064395,1.276410439724991
Trieste,34125,3844.69473807017,1.023311393996459,0.882789735308886
Trieste,34126,6288.6545178824,1.0099670794930156,0.9763458295823465
Trieste,34127,7877.818625680716,1.029511812585393,1.0353502766007496
Trieste,34128,9787.739135704727,0.9435848316800582,1.1631192677524624
Trieste,34129,4084.201669692993,0.8565251611237932,0.8599209874914244
Trieste,34131,3173.07505522834,0.8771339318413104,1.0745575578900455
Trieste,34132,2014.606173127696,0.8554693666044312,1.1385167728576466
Trieste,34133,4132.379152509901,1.2045858978295132,0.9128869688593076
Trieste,34134,7087.465249209276,1.4177445066890195,0.9126131027968614
Trieste,34135,9472.128642902968,1.0155750311116485,1.1316931089822262
Trieste,34136,8257.450728692127,1.367745475040316,1.3186570913187572
Trieste,34137,10663.091668375666,0.7929036661006635,0.7550423042956727
Trieste,34138,8647.590286446943,0.8224282762973835,0.7318887262304385
Trieste,34139,12325.735661168686,0.985362607456559,0.7753539335434805
Trieste,34141,6794.205262555017,1.0575750337124254,0.8325738349413462
Trieste,34142,6867.086880849467,1.0593573279252309,1.0241524568731628
Trieste,34143,6184.252949032519,1.0990853693312876,0.9853100242382269
Trieste,34144,8808.001075699825,0.8000248869780898,0.8214073723078172
Trieste,34145,6562.346002925825,0.8378729840765909,0.9409373676778598
Trieste,34146,6351.574129409673,0.8870349863415071,0.9654865293767165
Trieste,34147,1430.8966958531205,0.9242466666804858,1.400356809937403
Trieste,34148,15898.148762607854,0.8282435251852162,0.8252836218922874
Trieste,34149,13313.057352258564,0.9900329205069844,1.0058069285965914
Trieste,34151,11965.557748725676,1.2845756640363415,1.1373740802344217
Bologna,40121,6948.089110721317,1.22943824326415,1.2490379609188762
Bologna,40122,12176.05369600902,0.9992749244697732,1.3148533501029571
Bologna,40123,7191.547417349287,1.2499086737399934,1.0384787307674757
Bologna,40124,8372.600040975543,1.3127561696138943,1.1220066337443242
Bologna,40125,8263.001950989168,1.5257797426228292,1.1180635442281666
Bologna,40126,10561.022562626336,1.1388671141972992,1.0988160810040406
Bologna,40127,32643.036294045294,0.7552635646164781,0.7968325410329202
Bologna,40128,31470.494340742986,0.8216558280034905,0.7816992182634217
Bologna,40129,20506.415017488296,0.8074856173162417,0.7279077711170377
Bologna,40131,26360.87381791868,0.8588423005071164,0.9923178589096006
Bologna,40132,25682.23862568447,0.8198891906403624,0.9758667368202317
Bologna,40133,38994.19118110939,0.8703094677982633,0.880959789725038
Bologna,40134,17986.604852502544,1.038594855155026,1.1921884047614764
Bologna,40135,8583.30173564459,1.407912107397167,1.0987702030702344
Bologna,40136,8843.58910438703,1.8638570423908971,1.1189590529861506
Bologna,40137,24600.468611719705,1.2783674211387115,1.1659129780707094
Bologna,40138,34156.066371983994,0.9317431571359732,0.8817391657842371
Bologna,40139,41264.168214804486,0.906085433966174,1.0612648172152346
Bologna,40141,20846.237563375915,1.0,0.9761763435294044
Firenze,50121,11131.139476416838,1.0145703770397416,0.9910086989523865
Firenze,50122,8556.809320082268,1.055715655034707,0.8727216322630685
Firenze,50123,9306.972857343912,1.2090939107670888,0.8438482102784012
Firenze,50124,13753.361342664704,1.0098920625379335,0.8456664132309255
Firenze,50125,19992.873480894574,1.2106550875715492,0.7919655115990606
Firenze,50126,25959.519759992847,0.8911202574275949,0.8932811865919371
Firenze,50127,38608.93269195609,0.7963477030876424,0.90458006537016
Firenze,50129,9946.171562207865,1.1935203730626331,1.0780275642460488
Firenze,50131,9435.485719966391,1.057795723049069,1.3220068160269018
Firenze,50132,7787.665737080905,1.327038888137207,1.4753078461833482
Firenze,50133,12181.88469554598,1.036396070150007,0.9453873047154514
Firenze,50134,18291.304503864296,0.9354104869833788,1.3015098386509145
Firenze,50135,17651.035578770803,0.9155936834882838,1.0382472414811477
Firenze,50136,19419.865537320475,0.9375993603837772,0.9474984759859728
Firenze,50137,14018.429637421685,1.0,0.990541976942952
Firenze,50139,8566.395378618297,1.151372614583918,1.0034935706375279
Firenze,50141,16872.577200373427,0.8695601107549078,1.2425039369756306
Firenze,50142,46678.13705587969,0.766906125901043,0.877098995216665
Firenze,50143,18345.218211805084,0.8687475727388655,1.183376203278299
Firenze,50144,19366.287972538736,0.87977897803191,1.1222957165110519
Firenze,50145,19370.619502555117,0.6773078057099073,0.5743472446505457
Bari,70121,17125.48661581344,1.4093265093021148,1.2131868220930397
Bari,70122,19910.530009041056,1.337091417195752,0.8960521231117128
Bari,70123,36790.71395457331,0.8233643728583107,0.8564789473033436
Bari,70124,50153.586133812336,1.2537831708159992,1.2333970907504574
Bari,70125,37095.91647722598,1.2598018246316172,1.275168425002037
Bari,70126,45629.33149840743,1.0862598147290703,1.1065497594918527
Bari,70127,12496.309892444937,0.93680753560627,0.9667512150195348
Bari,70128,15324.002409589806,1.0,1.0065079978946287
Bari,70129,14309.622516158748,0.7816866229099156,0.9684017230376181
Bari,70131,17797.00724826276,0.8651969086364775,0.8140124263509225
Bari,70132,51529.97859199103,0.759656687804278,0.7844323458692798
Napoli,80121,11963.289005544451,2.2442892339625877,1.3231975367874163
Napoli,80122,19953.568850141437,1.8441589556563416,1.3984135800130264
Napoli,80123,22412.715019121584,2.104295356973036,1.8210608572293518
Napoli,80124,35235.92261910695,0.9514078885550457,1.1566565334872738
Napoli,80125,45988.20748306326,1.0457782242848157,1.2216542597053897
Napoli,80126,111017.80161377128,0.8953086115932202,1.226337473533491
Napoli,80127,27505.45498935568,1.8285018615297663,1.3032315804358647
Napoli,80128,47006.62621632291,1.4134588723926984,1.1621327893641968
Napoli,80129,23044.600918723787,1.663283667963403,1.3438705327538305
Napoli,80131,55842.39524539633,1.3025346429917275,1.4959175061463599
Napoli,80132,25730.1255011394,1.222913004409245,0.8095646935282783
Napoli,80133,7719.911754213228,1.2692833897708198,0.9122863770491274
Napoli,80134,18975.87270693605,1.0048885442874436,0.7461880587347948
Napoli,80135,18783.28791358705,1.0,0.8120474499528355
Napoli,80136,34889.7739168503,0.9248789551637931,0.8785862671253477
Napoli,80137,32789.111503880886,0.8399852084277228,0.8080020900729294
Napoli,80138,13970.296602249146,1.0908706320812112,0.7155884685564077
Napoli,80139,23952.681782735715,0.6676464973792614,0.7368861221992491
Napoli,80141,35046.41708367742,0.8571357763335853,0.8853450132175262
Napoli,80142,21898.512268294893,0.6774625980901103,0.7104670532039831
Napoli,80143,34204.04582578942,0.8507246338518731,0.9508703407937567
Napoli,80144,82301.49506750607,0.7783022824122378,0.8830511372645286
Napoli,80145,77544.98931985775,0.80077383597995,1.0040932897144499
Napoli,80146,27982.113102111216,0.7436601747078705,0.7867632983131431
Napoli,80147,82630.56509279086,0.7853617590989276,0.8630048650005603
Palermo,90121,18790.76437231745,0.7946747156650821,0.8874667614274565
Palermo,90123,35639.813029505865,0.8396229933051135,0.7650540316142314
Palermo,90124,41380.39630618383,0.8769798673566215,0.8452872636294576
Palermo,90125,22014.68638854203,0.8622921930097844,1.0482599281272358
Palermo,90126,10929.14421535953,0.928374881681138,1.1716137998735427
Palermo,90127,22768.076286735984,0.8246570503969244,0.8907731420144033
Palermo,90128,18456.263215864343,0.865116753748043,0.8172017082371205
Palermo,90129,31598.17286973038,1.090822300984211,0.982193984299208
Palermo,90131,13075.17619178312,1.0054085053636872,1.2610832508560763
Palermo,90133,11660.370430787878,1.175822707329393,0.9059375098088165
Palermo,90134,19167.71715252489,0.7755815669380726,0.8145854080800529
Palermo,90135,73993.67473069164,0.9105363525347192,0.9326236687507956
Palermo,90136,10997.82512476498,0.943670214684716,1.122383250605933
Palermo,90138,21333.968234915734,1.0368775786714073,0.8379013315481025
Palermo,90139,13145.94158256054,1.3543185528435495,1.0054220067108246
Palermo,90141,15185.930473687804,1.858239379098339,1.2334513007119303
Palermo,90142,31807.016679103403,0.9945914946363126,1.0374809140095003
Palermo,90143,23700.576068423987,1.5463987503961028,1.3670309815709896
Palermo,90144,34902.455572927,1.696746096451716,1.1485975260131769
Palermo,90145,70929.88139404508,1.0946711915820195,1.0160647295433247
Palermo,90146,70706.645158534,1.181819127798449,0.9935858067951802
Palermo,90147,20517.39093938612,1.0578546509492492,1.1015915162785437
Palermo,90149,5073.460207339955,1.6822450481104023,1.1333651739049624
Palermo,90151,11334.91701505136,1.187838221774166,1.2048111803434662
Amsterdam,BU0363AA02,1496.664737701416,1.1714285714285717,1.3496005344505815
Amsterdam,BU0363AB02,2065.4850056966143,1.2285714285714286,1.3026567415974317
Amsterdam,BU0363AB05,2347.7994732326933,1.2,1.245474451087346
Amsterdam,BU0363AB07,2409.9741615719267,1.3428571428571427,1.2397586536318719
Amsterdam,BU0363AB10,3936.230126698812,1.2571428571428571,1.4641073281450852
Amsterdam,BU0363AJ01,4200.814888636272,1.457142857142857,1.2847685153210349
Amsterdam,BU0363AK04,1325.6505549351375,1.3142857142857145,1.107439898557715
Amsterdam,BU0363AK07,1240.5780825085112,1.1714285714285717,1.2796909446958673
Amsterdam,BU0363EB07,1074.816669676039,0.9714285714285714,1.003591124679503
Amsterdam,BU0363EC01,3397.7283965846423,1.8571428571428568,1.2161835060027464
Amsterdam,BU0363ED01,2556.073388232125,0.7428571428571429,0.8472799053241232
Amsterdam,BU0363ED03,1405.741775724623,1.0,0.7947041482084446
Amsterdam,BU0363EE01,4011.6687852276696,0.9514285714285714,0.8883440806637701
Amsterdam,BU0363EE02,2049.220936536789,0.9428571428571428,0.8513515503996102
Amsterdam,BU0363EE06,2808.2932458983523,1.1142857142857143,1.0001756468138885
Amsterdam,BU0363EF02,2662.6292269958394,1.2,0.8689488241815304
Amsterdam,BU0363EH01,1919.1834526062007,1.2285714285714286,1.197810413954301
Amsterdam,BU0363EH02,2800.149633407593,1.1142857142857143,1.2152459311103017
Amsterdam,BU0363EH06,2629.679938528273,1.2,1.21435361605389
Amsterdam,BU0363EJ01,3393.113783730401,1.2,1.195198046395225
Amsterdam,BU0363EJ03,2539.8722229003906,1.3142857142857145,1.246736241336178
Amsterdam,BU0363EL02,1450.6744310590957,1.2285714285714286,0.9795583038589079
Amsterdam,BU0363EM02,2204.1133723788794,1.0,0.8204177327186707
Amsterdam,BU0363EM04,2326.6390740076704,0.9428571428571428,0.9700723352128606
Amsterdam,BU0363EP02,3306.4302582210967,1.3142857142857145,1.1810757642075498
Amsterdam,BU0363EQ01,5155.556202464633,1.217142857142857,1.2002983374516043
Amsterdam,BU0363ER01,1522.8178627888362,1.2285714285714286,0.9957768081143682
Amsterdam,BU0363ER02,2950.640656259325,1.3142857142857145,1.1719199487543541
Amsterdam,BU0363ES02,2447.214204788208,0.8857142857142857,1.2024698397906726
Amsterdam,BU0363ET01,4602.88283665975,1.2485714285714289,1.2185454764738413
Amsterdam,BU0363EU02,3807.499034881592,1.3142857142857145,1.2081532797900065
Amsterdam,BU0363FB03,3456.624856337905,0.6285714285714286,0.8095085822340157
Amsterdam,BU0363FB05,1947.5476338995827,0.6857142857142857,0.9520658448891174
Amsterdam,BU0363FB06,1662.1526556015017,0.6,0.7847061996501443
Amsterdam,BU0363FB07,1909.8920406732293,0.6857142857142857,0.7529472807946989
Amsterdam,BU0363FC01,2045.2059956126743,0.7142857142857143,0.8178569962429356
Amsterdam,BU0363FC02,1469.749599364069,0.5428571428571428,0.804456163592591
Amsterdam,BU0363FC03,2377.485253784392,0.6285714285714286,0.8057596547799994
Amsterdam,BU0363FD01,1531.9578156140117,0.6,0.7895643039580332
Amsterdam,BU0363FD04,2002.0942134989632,0.6857142857142857,0.7898439713662484
Amsterdam,BU0363FE03,3170.578893889984,0.9142857142857144,0.7537356332196766
Amsterdam,BU0363FG01,3910.4162533283234,0.8,1.0626712522313595
Amsterdam,BU0363FG02,4483.142575273911,0.9714285714285714,1.144953891801542
Amsterdam,BU0363FG03,7418.501647253832,1.0285714285714285,1.009387845128787
Amsterdam,BU0363FH02,4506.774364882045,0.8628571428571429,0.8410144228890699
Amsterdam,BU0363FJ01,1541.740731070439,0.6,0.7171612465390851
Amsterdam,BU0363FJ02,1883.409148640103,0.6857142857142857,0.8426275943399457
Amsterdam,BU0363FJ03,2225.076408863068,0.6857142857142857,0.7827597416586256
Amsterdam,BU0363FJ04,4256.617723941803,0.9885714285714284,1.0054454062941929
Amsterdam,BU0363FK01,2265.0279547505907,0.5714285714285714,0.900617529754037
Amsterdam,BU0363FK02,1200.7769315308994,0.9714285714285714,0.7918725163125696
Amsterdam,BU0363FK03,2792.846381223864,0.8285714285714286,0.8765425402372389
Amsterdam,BU0363FK05,4539.755861926824,0.8,1.1025891758595374
Amsterdam,BU0363FL03,2200.3872071637047,0.5714285714285714,0.9096157834642791
Amsterdam,BU0363FM02,3953.213200400273,0.8,0.8455754302489578
Amsterdam,BU0363FM04,3145.8026235633424,0.9428571428571428,0.8743989404385882
Amsterdam,BU0363FN01,2289.096236845168,0.7142857142857143,0.9697523569730437
Amsterdam,BU0363FN02,2882.479133023156,0.9142857142857144,0.9359619760806303
Amsterdam,BU0363FN04,2987.2837807072533,0.8,0.9837641331217787
Amsterdam,BU0363FP02,2177.948684533437,1.4857142857142858,0.9446428927267017
Amsterdam,BU0363FP04,2514.794083250894,0.8457142857142858,0.9673997101665727
Amsterdam,BU0363FQ02,2739.189857247803,0.9714285714285714,1.0453196759402206
Amsterdam,BU0363FQ03,3742.29964864254,0.9714285714285714,1.062459688517557
Amsterdam,BU0363KA01,2061.0124663379456,1.3714285714285714,1.2571404009690452
Amsterdam,BU0363KC03,2296.160586886936,1.9142857142857144,1.2507969837718669
Amsterdam,BU0363KD02,3424.611727078756,2.4571428571428573,1.2567392091411356
Amsterdam,BU0363KE01,1503.0696642133926,1.4,1.2464356009064284
Amsterdam,BU0363KE04,3054.1487043632405,1.0771428571428572,1.2726301210652022
Amsterdam,BU0363KE05,2210.117769824134,1.457142857142857,1.1097836192711865
Amsterdam,BU0363KF01,2886.2863729265005,1.3142857142857145,1.2586858339016807
Amsterdam,BU0363KF03,2002.4467160966665,1.3428571428571427,1.2430681943830864
Amsterdam,BU0363KF04,1731.6519202656216,1.2571428571428571,1.0254314410772092
Amsterdam,BU0363KG02,1422.524204572042,0.9714285714285714,1.144639167519848
Amsterdam,BU0363KG03,2052.671534279982,0.8857142857142857,1.0252342976626003
Amsterdam,BU0363KH05,2595.149670150545,1.4285714285714286,1.217998821581634
Amsterdam,BU0363KJ04,2156.0436118443804,1.7714285714285714,1.2774989158430994
Amsterdam,BU0363KK01,2773.446783065796,1.542857142857143,1.5304203239723781
Amsterdam,BU0363KK02,3123.766282399496,1.3714285714285714,1.2511501769776254
Amsterdam,BU0363KK03,2785.401003943549,1.542857142857143,1.4593425790662717
Amsterdam,BU0363KL02,1715.5815322001774,1.1142857142857143,1.3787296835296146
Amsterdam,BU0363KM04,1440.4207573400604,1.3428571428571427,1.3839206768307917
Amsterdam,BU0363KP04,2247.644231690301,2.1714285714285717,1.22347857353333
Amsterdam,BU0363KQ04,5117.9161762860085,1.302857142857143,1.2185743844123704
Amsterdam,BU0363KQ05,4431.205604612827,1.3142857142857145,1.1082353935924953
Amsterdam,BU0363KQ06,3888.5671124541095,1.2,0.9910903411567334
Amsterdam,BU0363KR02,2132.120125571886,1.0571428571428572,1.1750870174881656
Amsterdam,BU0363KR03,5230.220320067472,1.2857142857142858,1.144039004860388
Amsterdam,BU0363MA01,477.62687346054656,1.4,1.320579531786759
Amsterdam,BU0363MA05,672.4266266773145,1.3428571428571427,1.3202277856194278
Amsterdam,BU0363MA06,729.9411522823178,1.2857142857142858,1.2578535294035358
Amsterdam,BU0363MB02,2148.9345701336856,1.4285714285714286,0.9969984265083007
Amsterdam,BU0363MC01,3212.754880189896,1.0857142857142856,1.2462282614942704
Amsterdam,BU0363MC03,1578.8448593351577,1.0,1.0019164786463084
Amsterdam,BU0363MC04,1896.642089207967,1.1714285714285717,1.0604318321797728
Amsterdam,BU0363MD01,2246.440799077352,0.9428571428571428,1.0361367131956543
Amsterdam,BU0363MD02,3035.611307673984,1.02,1.0497818945822206
Amsterdam,BU0363ME01,2674.646158218384,0.9714285714285714,1.1109096740651483
Amsterdam,BU0363ME02,2430.880153311623,1.0,1.0729484730973016
Amsterdam,BU0363MF01,2680.723718855116,1.0857142857142856,0.9043542682442012
Amsterdam,BU0363MF02,2738.3230289883086,0.9885714285714284,0.8972085524760719
Amsterdam,BU0363MF03,2187.2227979236177,0.8,0.9990232974060576
Amsterdam,BU0363MG01,3148.6750745243494,0.8857142857142857,0.9106177270812128
Amsterdam,BU0363MG03,1583.5863256355126,0.8571428571428571,0.9173698200753034
Amsterdam,BU0363MH02,722.1881111694707,1.2,0.9766076463128274
Amsterdam,BU0363MJ01,0.0,1.1714285714285717,1.1840124207962686
Amsterdam,BU0363MJ03,2030.1414654139016,1.457142857142857,0.9732497514223774
Amsterdam,BU0363MJ04,1445.848464600535,1.1428571428571428,0.9341781691358727
Amsterdam,BU0363MJ05,4069.223098658853,1.0857142857142856,0.9677781296349344
Amsterdam,BU0363ML02,1203.0161849657693,1.1142857142857143,1.0215675041056336
Amsterdam,BU0363MM08,1810.0265777589132,1.0857142857142856,1.121791683210797
Amsterdam,BU0363MN01,2172.670694828033,1.457142857142857,1.2287297586947308
Amsterdam,BU0363MN02,2121.665001021491,1.3142857142857145,1.2813247201524445
Amsterdam,BU0363MN03,3827.313783009847,1.2,1.2856637927252077
Amsterdam,BU0363MP03,3091.320308629009,0.8285714285714286,1.2370018938033425
Amsterdam,BU0363MQ05,985.3744542135132,1.6571428571428573,1.4803279096892747
Amsterdam,BU0363NA04,3541.206321595443,0.9714285714285714,1.2211196103146973
Amsterdam,BU0363NA07,1027.0805199907886,0.6,1.1015013101591797
Amsterdam,BU0363NB03,2126.3159307410638,1.2,1.3368253145950177
Amsterdam,BU0363NB07,1497.407590877446,1.6857142857142855,0.9659218046875876
Amsterdam,BU0363NC02,4273.1060090065,0.7714285714285715,0.9506334229546509
Amsterdam,BU0363NC03,4197.81229885088,0.7714285714285715,1.088504602297418
Amsterdam,BU0363NC04,2503.0869341426423,0.9142857142857144,1.0160928244148173
Amsterdam,BU0363NE01,1010.2536004597528,0.6,0.9111773253523535
Amsterdam,BU0363NE02,1578.0291863573818,0.6571428571428571,0.8690261925542455
Amsterdam,BU0363NE03,2130.0883123198937,0.6285714285714286,0.8900963508470227
Amsterdam,BU0363NE04,3308.435999015967,0.8857142857142857,0.8535730407515355
Amsterdam,BU0363NG01,3109.7125105070363,1.0285714285714285,0.9416934231951382
Amsterdam,BU0363NH02,1072.0809226036072,0.6,0.8492655123572824
Amsterdam,BU0363NH05,939.0598472224342,0.7142857142857143,0.9070984806885658
Amsterdam,BU0363NJ02,1987.6241940338575,0.6571428571428571,0.9717908970914029
Amsterdam,BU0363NJ05,1887.064072496361,0.8571428571428571,0.917842225140764
Amsterdam,BU0363NK03,3655.747958645587,0.7142857142857143,0.8677053179763088
Amsterdam,BU0363NL03,4149.351206206614,0.7428571428571429,0.8948256913943652
Amsterdam,BU0363TB01,3291.729379560178,0.8085714285714286,0.7488847115408257
Amsterdam,BU0363TB02,2487.112471067243,0.7714285714285715,0.8970214150839859
Amsterdam,BU0363TC02,2440.319656107161,0.8571428571428571,0.7805914013800657
Amsterdam,BU0363TD02,1083.888080517451,0.6,0.6098614073518414
Amsterdam,BU0363TE02,3473.72591190868,0.8285714285714286,0.7806973467160394
Amsterdam,BU0363TF01,3154.41541679783,1.0,0.9563463176928577
Amsterdam,BU0363TG02,1427.4645619922217,0.6571428571428571,0.7427221689254166
Amsterdam,BU0363TH02,2017.9123463895585,0.6857142857142857,0.747800011412188
Amsterdam,BU0363TJ01,2158.6869350804222,0.5142857142857142,0.7354279934310312
Amsterdam,BU0363TJ03,2183.930390894413,0.6285714285714286,0.939807600704464
Amsterdam,BU0363TK01,1869.5584091241983,0.9714285714285714,0.9354564252848607
Amsterdam,BU0363TM01,1782.1594086090724,0.7142857142857143,0.8965423582813145
Amsterdam,BU0363TM03,2861.6991918902427,0.9714285714285714,0.9220358189430927
Amsterdam,BU0363TM04,2472.9331809334044,0.8,1.0116336398424561
The Hague,BU05180271,9546.466964441452,1.318181818181818,1.069311170791032
The Hague,BU05180477,5729.246417052216,1.7272727272727273,1.1586140534376024
The Hague,BU05180546,6814.007620368153,1.6727272727272726,1.1571629520800846
The Hague,BU05180701,2970.773902401328,1.0,1.1045772146966935
The Hague,BU05180702,5758.722650525264,1.0909090909090908,1.134960194659982
The Hague,BU05180703,5969.023679176242,1.2303030303030302,1.0880316551589537
The Hague,BU05180704,3061.229259835349,1.0303030303030305,1.3517255702588373
The Hague,BU05180800,4154.953316013691,1.003030303030303,1.1329687078748152
The Hague,BU05180907,13491.488094912636,1.7363636363636363,1.0840684574792647
The Hague,BU05180908,3599.8664784166544,1.0,1.189064395635347
The Hague,BU05181142,2167.1390268007917,1.3333333333333333,1.3172604054720654
The Hague,BU05181143,7427.745211998622,1.4515151515151514,1.2659075782990157
The Hague,BU05181251,6455.477675689591,1.2212121212121212,1.2976773017546157
The Hague,BU05181252,7599.839698486858,1.1757575757575758,1.3244759857846842
The Hague,BU05181309,6440.199902761158,1.5757575757575757,1.3951032102232566
The Hague,BU05181492,4217.771351728588,1.1787878787878787,1.1763511405643994
The Hague,BU05181697,7691.934695941862,1.393939393939394,1.107000611236874
The Hague,BU05181786,11914.76082983282,1.0909090909090908,1.247721173161164
The Hague,BU05181795,4158.020276976957,0.9575757575757576,1.1770527126949608
The Hague,BU05181840,6539.118751552371,0.9090909090909092,1.1480556644189777
The Hague,BU05181882,3421.2381040255227,1.0,1.3053094735156314
The Hague,BU05181894,2672.6745508888525,1.0303030303030305,1.1509909929701587
The Hague,BU05181953,7414.041498468981,1.3545454545454545,1.250662685105407
The Hague,BU05181983,3458.482258255284,1.0909090909090908,1.3061370992028367
The Hague,BU05182054,7037.532341639201,0.987878787878788,1.1026217786488104
The Hague,BU05182055,14018.492483774822,1.0545454545454545,1.086085791129434
The Hague,BU05182110,7196.721566518148,0.9848484848484848,0.9398094328212391
The Hague,BU05182144,8193.224544737073,1.1303030303030304,1.2366455524456201
The Hague,BU05182245,11810.253580411278,1.1333333333333333,1.180697261535233
The Hague,BU05182561,3724.711484677262,0.9666666666666668,0.8913618766968301
The Hague,BU05182567,1849.206860139552,0.9393939393939394,1.3963619515960597
The Hague,BU05182569,5450.705805225091,1.0242424242424242,1.1154900820185292
The Hague,BU05182664,6431.725578467051,1.0121212121212122,0.896805921217448
The Hague,BU05182665,6622.423996583118,1.3666666666666667,1.35229147757683
The Hague,BU05182666,8227.499318326098,1.2545454545454546,1.286197660068174
The Hague,BU05182718,5923.478094418844,0.7424242424242424,0.8705424716471695
The Hague,BU05182763,5888.786459710862,1.0303030303030305,0.970512682367439
The Hague,BU05182811,9410.502671877544,1.0575757575757576,0.9954380353474677
The Hague,BU05182813,5172.845707787408,1.2424242424242424,1.11881501041541
The Hague,BU05182814,7416.404528194003,0.9030303030303032,1.0079692255975012
The Hague,BU05182915,11914.763610415988,0.8212121212121212,0.7512115871345153
The Hague,BU05182916,8235.601295895047,0.8,0.7543032648135559
The Hague,BU05182917,4717.894687122769,0.7848484848484848,0.7005838672090079
The Hague,BU05183032,3752.499327341716,0.5757575757575758,0.949312443669659
The Hague,BU05183033,4148.489893595377,0.6363636363636364,0.7789684631051048
The Hague,BU05183034,5845.2336381276455,0.8606060606060606,0.6986953581086568
The Hague,BU05183130,4959.054130766126,0.9424242424242424,1.0397585479957077
The Hague,BU05183131,3446.230550130208,0.7878787878787878,0.9934583685144978
The Hague,BU05183135,5223.150779869822,0.8818181818181818,0.914711658144914
The Hague,BU05183284,15608.291054487228,1.009090909090909,1.062592904054248
The Hague,BU05183387,5256.903127739,0.8272727272727273,0.8462023563984246
The Hague,BU05183396,5438.406995501162,0.8696969696969697,0.7655440463879136
The Hague,BU05183398,6506.640002637067,0.8696969696969697,0.849029945214613
The Hague,BU05183480,3154.8956577512954,0.8272727272727273,0.835508134243136
The Hague,BU05183488,6083.335893233618,0.9818181818181818,0.971326612783958
The Hague,BU05183489,3696.749576060308,0.8333333333333334,1.0884126842212956
The Hague,BU05183620,2446.8684765762755,0.6666666666666666,0.7954925328373449
The Hague,BU05183637,3449.251410590278,0.7515151515151515,0.8667988608149751
The Hague,BU05183638,4922.92648300363,0.8424242424242424,0.8467820086244724
The Hague,BU05183639,3519.4292538069813,0.696969696969697,0.8828458892004205
The Hague,BU05183721,4888.126076698303,0.6363636363636364,0.889074367776063
The Hague,BU05183819,3187.3061084217497,0.7666666666666667,0.8233793252822437
The Hague,BU05183822,4968.55216858122,0.8666666666666667,0.772258795929674
The Hague,BU05183823,3558.261916925509,0.696969696969697,0.8853619993988024
The Hague,BU05183824,5430.138937102423,0.896969696969697,0.8639091266994021
The Hague,BU05183825,8393.187783082325,0.8666666666666667,0.9354203702507489
The Hague,BU05183826,5995.063465118408,0.8090909090909091,0.855317607018946
The Hague,BU05184001,3884.17221337888,1.0303030303030305,0.9192033603535925
The Hague,BU05184002,11047.493049780527,1.2727272727272727,1.2603024010700477
The Hague,BU05184003,2821.584616767035,1.2424242424242424,1.2804377723144758
The Hague,BU05184004,3553.4554233021204,0.9090909090909092,1.081197380039803
The Hague,BU05184005,2072.0932503325557,0.9696969696969696,1.2273730147241788
The Hague,BU05184212,6921.467300366403,1.2575757575757576,1.049763279827868
The Hague,BU05184213,5536.758945251091,1.0,0.9389412145149848
The Hague,BU05184214,8245.792914258729,0.9696969696969696,1.0783581578372954
The Hague,BU05184215,5756.549959811072,1.1515151515151516,1.1752108789944795
The Hague,BU05184418,7453.976470377711,1.0909090909090908,1.1341848156857137
The Hague,BU05184419,4204.088545507596,1.121212121212121,1.057596378170241
The Hague,BU05184420,7737.844659049064,1.3393939393939394,1.1385413662808401
The Hague,BU05184421,3210.194858976019,1.0909090909090908,1.1596256830702305
Rotterdam,BU05990110,15540.790114804586,1.1634182908545727,0.9220404392394816
Rotterdam,BU05990111,5555.259652508629,0.9505247376311844,0.8875429476157778
Rotterdam,BU05990112,8148.472892337375,1.0944527736131937,1.0330851852649172
Rotterdam,BU05990118,1650.8997780336072,1.7391304347826086,1.3071754504383173
Rotterdam,BU05990320,4051.777684966723,0.881559220389805,0.855544711011418
Rotterdam,BU05990321,2773.1029794745973,0.8665667166416792,0.8110361845641331
Rotterdam,BU05990322,4348.01745393541,0.8185907046476761,0.8387490563222095
Rotterdam,BU05990323,4537.501396152708,0.896551724137931,0.7927717007708777
Rotterdam,BU05990324,10771.984894898203,0.9205397301349324,0.8581809396691967
Rotterdam,BU05990325,5769.2379801405805,1.0314842578710646,0.9029169612720911
Rotterdam,BU05990327,3582.403630105985,0.8605697151424287,0.8314449577688928
Rotterdam,BU05990329,1236.187263738364,1.181409295352324,0.8689007570510188
Rotterdam,BU05990451,4766.975801547368,0.9535232383808095,0.9121743634857805
Rotterdam,BU05990455,4611.972030480754,1.3193403298350823,1.2196462388364255
Rotterdam,BU05990456,4249.931572194315,1.1544227886056972,1.2081418964677497
Rotterdam,BU05990515,4005.9972248077393,0.8695652173913043,0.9087358140524828
Rotterdam,BU05990516,2404.630663673083,1.0104947526236885,1.1691717613132713
Rotterdam,BU05990531,3198.2953179677324,1.0164917541229386,1.1098620896808862
Rotterdam,BU05990532,6243.336198753781,1.199400299850075,1.1864103551365817
Rotterdam,BU05990534,4411.226173877716,1.0704647676161918,1.0485642723989137
Rotterdam,BU05990535,9446.46266439888,0.9205397301349324,0.9734554357793701
Rotterdam,BU05990660,11800.77073212911,1.0494752623688155,1.3126434437182404
Rotterdam,BU05990661,6489.65488628712,1.2923538230884557,1.371304437653999
Rotterdam,BU05990662,6689.995169389373,1.6071964017991005,1.1877428319872967
Rotterdam,BU05990664,3739.343823273873,1.2593703148425788,1.2170903667021173
Rotterdam,BU05990665,7548.706286777911,1.892053973013493,1.3293060878029874
Rotterdam,BU05990814,4187.80271630817,0.8875562218890555,0.9018854991984049
Rotterdam,BU05990836,2380.843845148894,0.9895052473763118,0.875776447979342
Rotterdam,BU05990837,3534.3730348348613,0.8215892053973014,0.8238727252758304
Rotterdam,BU05990841,7555.971747848722,0.9475262368815592,0.9690838188959342
Rotterdam,BU05990842,7489.496511510677,1.841079460269865,0.9296690783787254
Rotterdam,BU05990845,2454.509755541661,0.9505247376311844,0.9645019538592248
Rotterdam,BU05990847,2347.424291248886,1.0074962518740629,0.8594984319659758
Rotterdam,BU05991017,1285.9198225725236,1.7391304347826086,1.0264011942375637
Rotterdam,BU05991079,2313.71730320404,1.1544227886056972,0.8901366664866414
Rotterdam,BU05991080,11203.539028199182,0.8545727136431784,0.8155805566097767
Rotterdam,BU05991081,7492.519194285076,0.8035982008995503,0.7190977028104885
Rotterdam,BU05991082,5967.976419054799,0.8275862068965517,0.776189390625174
Rotterdam,BU05991085,1583.2356524605098,1.1634182908545727,0.9011508847255064
Rotterdam,BU05991086,3904.9340436922175,0.8575712143928036,0.7908241109352764
Rotterdam,BU05991087,1496.257107455348,0.848575712143928,0.7680080273053083
Rotterdam,BU05991088,1523.506044171039,1.1094452773613193,0.9774460993160696
Rotterdam,BU05991283,4867.540766763424,1.235382308845577,0.9774625071630803
Rotterdam,BU05991284,8465.189861527333,0.8905547226386806,0.8381398183510089
Rotterdam,BU05991289,18330.47117457006,0.929535232383808,1.0030045704787642
Rotterdam,BU05991290,5391.369717830947,0.9385307346326835,0.8846505402832164
Rotterdam,BU05991391,3628.809257141741,0.95952023988006,1.1974189900241565
Rotterdam,BU05991444,7929.792103421047,1.5442278860569716,1.322382524593144
Rotterdam,BU05991448,6710.661994789882,1.0734632683658172,1.0434959022673107
Rotterdam,BU05991449,9384.485773643426,0.9535232383808095,1.2264434673294762
Rotterdam,BU05991463,15384.58498377979,0.9955022488755624,1.0898149581733967
Rotterdam,BU05991466,9588.758998814556,1.0044977511244375,0.9956601161557501
Rotterdam,BU05991467,7196.425094801519,0.9355322338830584,1.084914409594948
Rotterdam,BU05991468,11268.292359447109,1.52023988005997,1.2994239308073674
Rotterdam,BU05991571,5802.066480320258,0.815592203898051,0.7835096003929897
Rotterdam,BU05991572,4171.62832328346,0.848575712143928,0.8104147914187373
Rotterdam,BU05991573,5025.979552808321,0.8575712143928036,0.8171647818561959
Rotterdam,BU05991574,6538.485530582567,0.8875562218890555,0.8458327066154399
Rotterdam,BU05991577,6718.522471877436,0.8785607196401799,0.8745858113784634
Rotterdam,BU05991692,10353.575745766855,1.0524737631184409,1.0289117645639636
Rotterdam,BU05991699,15844.565820926811,1.0134932533733134,1.0721688260075097
Rotterdam,BU05991701,2424.7653899174184,1.169415292353823,1.3082656693066819
Rotterdam,BU05991702,6539.423470416779,1.055472263868066,1.101349841026327
Rotterdam,BU05992704,9015.150839974796,1.0974512743628186,1.1082914098276784
Lisbon,110601,16428.27729724128,0.8988043791414578,0.8742540254676429
Lisbon,110602,14017.78036657583,0.9198357821953328,1.2984081200466278
Lisbon,110607,12602.37236775145,0.8012820512820513,0.7059867764396012
Lisbon,110608,38101.12076869497,1.1150244886199945,0.961675518465517
Lisbon,110610,16447.746576206424,0.9458369346009796,0.9833952818846244
Lisbon,110611,20703.815093122124,1.1814318640161336,0.8765556865102739
Lisbon,110618,46820.80271832083,1.56028522039758,1.161813295351547
Lisbon,110621,39221.42128455327,0.8127340823970037,0.8055061548718065
Lisbon,110633,36365.03478616501,0.9689570728896572,0.8996309872755828
Lisbon,110639,33996.141270403095,1.3861279170267935,1.1030585086484097
Lisbon,110654,32879.013563151224,1.3616392970325557,1.3067145682387644
Lisbon,110655,21003.80229410449,1.2749927974647075,1.3045217843082102
Lisbon,110656,32649.81472213268,0.8244742149236531,1.1999566644304374
Lisbon,110657,22085.49350704238,1.307836358398156,1.335403040580889
Lisbon,110658,17257.334112875516,1.437193892250072,1.1777914467132127
Lisbon,110659,22475.13031953335,1.0839095361567272,1.0171091833280228
Lisbon,110660,21535.38152748548,1.0802362431575914,1.0888784290540463
Lisbon,110661,13260.037725790142,0.8237539613944108,1.1494472668486033
Lisbon,110662,21797.201749763077,1.497479112647652,0.8414214617126836
Lisbon,110663,29383.698122252048,0.8202967444540479,1.0058167591676934
Lisbon,110664,23179.320652297796,0.8333333333333334,0.7422112399694759
Lisbon,110665,13234.71534019977,0.6961970613656007,1.0718306987130828
Lisbon,110666,11479.407799496352,1.0310429271103427,1.1000820033287342
Lisbon,110667,15655.553418813366,0.8200086430423509,1.103599093889628
Stockholm,0180R001,3557.329205955778,0.9314997405293202,1.0228354675696163
Stockholm,0180R002,9201.557851936324,0.6743642968344576,0.7412003491075015
Stockholm,0180R003,2475.7115574752797,1.0762843798650752,1.4633165097878118
Stockholm,0180R004,6185.088358644434,0.9309807991696938,1.0832004383312306
Stockholm,0180R005,11302.656011286896,0.7781525687597302,0.8864670732727026
Stockholm,0180R006,6925.441620210451,0.7667358588479501,0.9170621606671756
Stockholm,0180R007,3450.3297317116994,0.926829268292683,0.8620463056395015
Stockholm,0180R008,6163.363129560968,0.936948624805397,1.132171784225568
Stockholm,0180R009,4494.68615507954,0.7957965749870265,1.095748552298233
Stockholm,0180R010,10877.52680770186,0.6881162428645563,0.7132644761608505
Stockholm,0180R011,2858.865950512643,1.4289050337311884,1.043213698488022
Stockholm,0180R012,10510.812525918667,0.8707836014530358,0.723818302941819
Stockholm,0180R013,2303.782460140939,1.127659574468085,0.87151002932069
Stockholm,0180R014,2916.65411361306,1.2247016087182148,1.4086215256434378
Stockholm,0180R015,1088.8500463666812,1.1756616502335235,0.7645328310549195
Stockholm,0180R016,9383.581515108444,1.4836533471717697,1.3946932762947133
Stockholm,0180R017,5472.272726900724,1.0404774260508562,1.1194184864397194
Stockholm,0180R018,4175.208723094618,1.1888946549039958,0.909719659048088
Stockholm,0180R019,4181.898843514752,1.2426050856253243,0.9422013149150531
Stockholm,0180R020,1930.498588105968,0.6741048261546445,0.7770614675068104
Stockholm,0180R021,11605.899233128686,0.7784120394395433,0.9566345254465407
Stockholm,0180R022,4452.32612730289,1.2093928386092372,0.8497835537505519
Stockholm,0180R023,3102.152316682193,1.0537104307213283,1.12684419678572
Stockholm,0180R024,6412.072308032185,0.8585884795018163,1.1774884056096853
Stockholm,0180R025,11967.750575807782,0.9919564089257914,1.0440230943462987
Stockholm,0180R026,2599.5200057317293,0.6284379865075247,0.7167045461471974
Stockholm,0180R027,3413.217634543244,1.0007784120394396,1.068488446488007
Stockholm,0180R028,6313.727631535647,0.8518422418266736,0.9758407383948662
Stockholm,0180R029,18477.420290762064,1.2656979761286975,1.2685609938187634
Stockholm,0180R030,26634.6762800929,1.1162428645563052,1.4543163952516869
Stockholm,0180R031,6117.639605416706,0.7267773741567203,0.81434610153659
Stockholm,0180R032,12832.13975991894,1.0,1.008290133646499
Stockholm,0180R033,14374.175559681287,1.386870783601453,1.7732469494179879
Stockholm,0180R034,5380.92357239131,1.2423456149455112,1.130386631070702
Stockholm,0180R035,5469.096752167661,1.1382978723404256,1.2280809940620445
Stockholm,0180R036,7175.352362109499,0.5679813181110535,0.6764683024631513
Stockholm,0180R037,11009.049216800007,1.055526725480021,1.0548327862653257
Stockholm,0180R038,7959.249023975159,0.8679294239750908,1.0626251994802542
Stockholm,0180R039,8715.854501503653,0.6338868707836015,0.6983459133274423
Stockholm,0180R040,5335.372748437889,0.692008303061754,0.9939969996414872
Stockholm,0180R041,29193.030114848283,0.9779449922158796,0.9008402055290053
Stockholm,0180R042,11126.188515732863,0.7719252724442138,0.8113918509981943
Stockholm,0180R043,2167.8853463384567,1.8533990659055528,1.084359987874736
Stockholm,0180R044,7511.050136439921,0.7439024390243902,0.9654705383401139
Stockholm,0180R045,13528.918358262705,0.9216398546964192,1.1817242178104825
Stockholm,0180R046,20887.082560906736,0.7841203943954334,0.690653103802449
Stockholm,0180R047,5369.394196700665,1.1870783601453037,1.5579920941480527
Stockholm,0180R048,8100.032815270279,1.13622210690192,1.0931170273767599
Stockholm,0180R049,23281.14069389628,1.295018162947587,1.4379423670045555
Stockholm,0180R050,7089.540659506101,0.9981837052413076,0.8604205048462522
Stockholm,0180R051,6523.518103724537,0.8053969901401141,1.0472042906510677
Stockholm,0180R052,2594.5939261806484,0.8918007265179034,1.0748751753650962
Stockholm,0180R053,12209.881251531406,1.097820446289569,1.2446717567178156
Stockholm,0180R054,5017.165030139404,1.1354436948624806,1.249380104310358
Stockholm,0180R055,1686.8568515771506,1.0391800726517904,1.0302630072601435
Stockholm,0180R056,8506.703262397525,1.1401141670991175,1.0799263460957496
Stockholm,0180R057,3757.4582126971945,1.2714063310845871,1.0378150263365205
Stockholm,0180R058,19435.459015788776,1.127659574468085,1.4887653352185797
Stockholm,0180R059,3878.7433656998433,1.1299948105864035,1.2897164506297896
Stockholm,0180R060,6828.870701021077,0.99429164504411,1.2954946447135902
Stockholm,0180R061,12582.02228896761,1.0293201868188897,1.2403391626197617
Stockholm,0180R062,10755.388159729388,0.9844317592112092,1.0830107177817194
Stockholm,0180R063,8687.51461083442,1.2812662169174884,0.8803202415489261
Stockholm,0180R064,3642.629086856711,1.501297353399066,1.0726143355835724
Stockholm,0180R065,2831.8199304774103,1.1990140114167098,1.1505406121990076
Stockholm,0180R066,4431.580014832165,1.347950181629476,1.4356640880728195
Stockholm,0180R067,12258.49973102735,1.0339906590555268,1.292140583461547
Stockholm,0180R068,10239.826521517823,1.2459782044628958,1.1190201274499485
Stockholm,0180R069,8295.838607738555,0.8448365334717177,0.8701515900185799
Stockholm,0180R070,9160.67733654684,1.0127140633108458,1.2505610809762313
Stockholm,0180R071,4759.347146722583,1.2472755578619616,1.000640768041842
Stockholm,0180R072,8082.171663072949,1.0697976128697455,0.9112715673619675
Stockholm,0180R073,16316.411565139735,1.4776855215360665,1.3505693844871816
Stockholm,0180R074,2183.261124129692,1.108718214841723,1.3272168873624104
Stockholm,0180R075,7042.540701053733,0.9449922158796056,1.0195879243965063
Stockholm,0180R076,10027.106679844384,0.5228334198235599,0.6144209397658263
Stockholm,0180R077,5956.465596778775,0.7932018681888947,0.8318407708464566
Stockholm,0180R078,8761.686612889778,0.621691748832382,0.7725142875205854
Stockholm,0180R079,13154.05409160074,0.643227815256876,0.6679978967981471
Stockholm,0180R080,13160.4065541549,0.9400622729631553,1.1397356044915403
Stockholm,0180R081,2883.3343838049213,1.6094966268811624,1.051917403404879
Stockholm,0180R082,8701.673359576309,0.84665282823041,0.9955320600764851
Stockholm,0180R083,22696.653283106614,1.0825116761805915,0.7519126851400387
Stockholm,0180R084,11569.705439224992,1.1663207057602492,1.3201057924964108
Stockholm,0180R085,5843.598072293462,1.1382978723404256,1.0905858262785577
Stockholm,0180R086,3105.916206417492,1.6507524649714582,0.9539491940269293
Stockholm,0180R087,2412.4935560305503,1.1040477426050856,1.4562020311713726
Stockholm,0180R088,13721.14173093134,1.0464452516865594,0.9525861170882445
Stockholm,0180R089,4452.822083851019,0.9981837052413076,0.8501609635841834
Stockholm,0180R090,5025.643775369592,0.9981837052413076,0.9668324272594233
Stockholm,0180R091,2039.6647387652904,0.8412039439543332,0.8494095671836147
Stockholm,0180R092,6879.368288518366,0.7101712506486767,0.7238984614684827
Stockholm,0180R093,5779.834143872164,1.246497145822522,1.5365538794247375
Stockholm,0180R094,21805.963135494265,1.1626881162428646,1.3543177655343088
Stockholm,0180R095,7646.710724263015,0.9937727036844836,1.1047691222827378
Stockholm,0180R096,1744.291557000608,1.2044628956927868,1.5270243522522486
Stockholm,0180R097,13154.54572677004,1.0832900882200311,1.2999283965580632
Stockholm,0180R098,6548.625550562022,1.1081992734820965,1.1852479219853786
Stockholm,0180R099,2678.935457579525,1.802283341982356,1.0020018367757242
Stockholm,0180R100,8429.730213435367,0.9769071094966268,0.9556291206128796
Stockholm,0180R101,5500.535537378749,0.7872340425531915,1.0681323574144868
Stockholm,0180R102,11862.268495877062,0.560197197716658,0.6783517543589499
Stockholm,0180R103,5106.18338106394,1.0036325895173843,1.223241511939198
Stockholm,0180R104,3342.205533574126,1.134665282823041,0.974126260598235
Stockholm,0180R105,5740.1229850985865,0.9242345614945512,0.9885988274002666
Stockholm,0180R106,1487.111598711936,0.5825116761805916,0.8375873689579667
Stockholm,0180R107,7850.0651721299,0.8453554748313441,0.7603157064578863
Stockholm,0180R108,8456.908935595911,0.6564608199273482,0.8145982181723214
Stockholm,0180R109,5951.316791439238,0.744940321743643,0.8485219320538024
Stockholm,0180R110,14910.057911895368,0.9854696419304618,1.0502874270342129
Stockholm,0180R111,7101.548002544714,0.7950181629475869,1.0036328790318385
Stockholm,0180R112,1597.3690113074013,0.918266735858848,1.1115963676780443
Stockholm,0180R113,15618.855374642171,0.9673066943435392,1.116468572925803
Stockholm,0180R114,21450.77257495024,1.2659574468085106,1.2351697752242434
Stockholm,0180R115,2089.8411677710865,0.9302023871302544,1.0830268315849274
Stockholm,0180R116,5049.070358289139,1.7161390762843798,1.1657855368639853
Stockholm,0180R117,11286.58324689572,0.9431759211209132,1.4152341796893373
Stockholm,0180R118,3413.380426014184,0.9514789828749352,0.8440954867154212
Stockholm,0180R119,3429.130603919223,1.6754021795537104,0.9956627544198541
Stockholm,0180R120,11894.728520608678,1.1209133367929425,0.982575706322724
Stockholm,0180R121,2327.1447745722776,0.9846912298910224,0.8932865147962976
Stockholm,0180R122,5498.291157719356,0.7719252724442138,0.9142584725921965
Stockholm,0180R123,3018.7164309439536,0.6645044110015569,0.844602211675764
Stockholm,0180R124,23351.91687983153,1.0682407887908667,1.3539600333285688
Stockholm,0180R125,13976.56749639706,1.2703684483653348,1.2547851791496296
Stockholm,0180R126,14152.444960188044,1.209133367929424,1.290369624858765
Stockholm,0180R127,2324.485871276229,0.8243383497664764,0.8400537947921894
Malmö,1280R001,1513.8232441416217,0.833274461321088,0.7953447649440808
Malmö,1280R002,1308.2050656660251,0.7492052278346873,0.8231937456986675
Malmö,1280R003,6431.457676993476,0.8392794065701166,0.9225818615141932
Malmö,1280R004,4165.14803352357,1.1225715294948782,1.1741060867754785
Malmö,1280R005,4431.3026597764765,0.6764394206993996,0.8068447888306461
Malmö,1280R006,1175.5143336984847,0.8170257859413634,1.002373013303638
Malmö,1280R007,736.5094379319085,0.6951607205934299,1.074784912217308
Malmö,1280R008,3685.160515828576,2.175556340515719,1.0983557197204379
Malmö,1280R009,4005.526288457525,1.4503708936771458,1.1068414451950241
Malmö,1280R010,5305.147706593905,1.4111621335217237,1.1790783680150958
Malmö,1280R011,2728.917811062497,0.9240551042034618,0.814687871799762
Malmö,1280R012,3660.766649458143,0.9848110208406924,1.2382207345517138
Malmö,1280R013,6070.372918102476,1.1557753444012715,1.27975947501645
Malmö,1280R014,5020.68672449059,1.6160367361356411,1.1326571306344027
Malmö,1280R015,4079.744514161772,1.308724832214765,1.029995999310719
Malmö,1280R016,2765.648331180318,0.8152596255740021,0.7217021710559822
Malmö,1280R017,3445.7335365613308,1.126457082303073,0.8483945161885722
Malmö,1280R018,2934.9668403683463,1.199222889438361,1.0961205423852742
Malmö,1280R019,15008.915024750557,0.996114447191805,0.7489852378546167
Malmö,1280R020,1711.5999019410874,1.0992582126457082,1.5348133190482913
Malmö,1280R021,5486.865992241436,1.2832921229247616,1.1735725926577831
Malmö,1280R022,3730.735046095318,1.1660190745319674,1.2150556232632002
Malmö,1280R023,2984.0411093102566,1.027552101730837,0.8545354402503679
Malmö,1280R024,1829.1140661438308,0.6686683150830095,0.7776210922283487
Malmö,1280R025,21700.87015803724,1.363475803602967,1.2542675137492632
Malmö,1280R026,6388.86050857438,0.7456729070999647,0.775219315672797
Malmö,1280R027,1816.506667190128,0.6859766866831508,0.7879574929353999
Malmö,1280R028,3621.1114089265466,0.5687036382903567,0.7448546661624332
Malmö,1280R029,5654.071419138875,0.973860826563052,0.7834284395727017
Malmö,1280R030,2789.1540921020014,0.6919816319321794,0.871822172106047
Malmö,1280R031,1118.946103869213,0.6241610738255033,0.8109532742173831
Malmö,1280R032,507.0343670455946,0.7477922995407983,0.8727517948653432
Malmö,1280R033,3293.947558252141,1.0010596962204168,1.014014840884583
Malmö,1280R034,3001.7143860422075,1.1480042387848817,1.0825520905743746
Malmö,1280R035,1474.6514247258503,1.1200989049805723,1.4192450765431386
Malmö,1280R036,6851.522467883253,1.0332038149063936,1.00543370569324
Malmö,1280R037,4299.9314095618,0.8802543270929001,0.7807458091230189
Malmö,1280R038,939.0412708500194,0.9184033910279054,1.057524632730718
Malmö,1280R039,2254.759785761539,0.9240551042034618,1.0170829549920686
Malmö,1280R040,2969.7417206797336,1.1918050158954434,0.8999507592539664
Malmö,1280R041,3116.36437431816,1.06534793359237,1.071190842189564
Malmö,1280R042,2546.1285179323622,0.6442953020134228,0.7531947675944574
Malmö,1280R043,5736.111844756537,1.0674673260332035,0.9419754903024375
Malmö,1280R044,3534.6254561830106,1.1656658424584951,1.2702157868451913
Malmö,1280R045,1089.6165664129787,0.7156481808548216,0.7866706468984235
Malmö,1280R046,2176.836920069686,0.7605086541858,1.0587902857973694
Malmö,1280R047,1723.7335018394515,1.2458495231367008,1.2770523251686292
Malmö,1280R048,4744.344331118795,1.075591663723066,1.1055608867985838
Malmö,1280R049,3071.1633461846245,0.8979159307665135,0.9397763903054005
Malmö,1280R050,1482.857120937771,0.7421405863652419,1.092593885515992
Malmö,1280R051,5197.442492591011,0.9095725891910984,1.1724562505154341
Malmö,1280R052,4501.9742319318975,0.921935711762628,1.0506034253020688
Malmö,1280R053,1231.0531677471267,0.7389614977039916,0.7775682935579206
Malmö,1280R054,6108.052045537159,1.067820558106676,0.9454906448179969
Malmö,1280R055,5696.587658685632,1.0257859413634758,0.9309979102784954
Malmö,1280R056,3433.799162122938,0.6269869304132816,0.7702491214800072
Malmö,1280R057,8937.463083693963,1.260332038149064,1.2725074564854593
Malmö,1280R058,4009.9901681691927,1.2140586365241963,1.0875634244390189
Malmö,1280R059,8301.959568977356,1.061109148710703,1.043069625591521
Malmö,1280R060,6984.1203578843015,1.114800423878488,1.3022443110148727
Malmö,1280R061,4542.13722674052,1.1593076651359944,1.0840606514047255
Malmö,1280R062,281.8478849449505,0.8368067820558107,1.0369824959352902
Malmö,1280R063,1506.6564491000024,0.8120805369127517,1.0220775415806203
Malmö,1280R064,3845.270085411043,1.2974214058636524,1.1768108460265965
Malmö,1280R065,3382.666636784871,1.1073825503355703,1.0481543175842314
Malmö,1280R066,7504.072057723999,0.8435181914517839,1.0373347457244004
Malmö,1280R067,3175.247629053063,0.7004592016955139,0.9793237120072237
Malmö,1280R068,3411.9111138075696,1.063935005298481,1.0945051645777222
Malmö,1280R069,5566.570265462028,0.996114447191805,1.0286390498743752
Malmö,1280R070,5014.693698149589,0.9120452137054044,0.8420599216031933
Malmö,1280R071,7472.520366748175,0.8233839632638643,1.0860109438308565
Malmö,1280R072,4183.908528857761,0.6852702225362063,0.885188210759201
Malmö,1280R073,5590.56763431655,1.347580360296715,1.1430482022101267
Malmö,1280R074,3036.167082235217,1.174496644295302,0.9235638284032496
Malmö,1280R075,848.9128711614758,1.4189332391381138,0.9270582741750366
Malmö,1280R076,5322.081322630453,1.1126810314376545,1.0951050678906056
Malmö,1280R077,5364.933476255999,1.0,1.0671991093078201
Malmö,1280R078,4580.933380123642,1.592016955139527,1.2595307328409693
Malmö,1280R079,1204.9344089397025,1.3253267396679618,1.3748402513930242
Malmö,1280R080,462.4046353091383,1.2232426704344754,1.3608371030419875
Malmö,1280R081,3946.304285646688,1.5556340515718827,1.3921562232384384
Malmö,1280R082,815.4960056014565,1.5362062875309077,1.1798673099980237
Malmö,1280R083,3982.765145685938,0.9780996114447192,0.7409103143073084
Malmö,1280R084,3517.4747876061338,1.0236665489226422,1.0574221348452124
Malmö,1280R085,3268.217575533523,0.9381843871423524,0.9781303508134679
Malmö,1280R086,252.37252299353065,1.3380430943129635,1.2452908802647578
Malmö,1280R087,1868.655495352215,0.5980219003885553,0.7157754291520162
Malmö,1280R088,3917.076755820877,0.6121511833274461,0.6980553818445471
Malmö,1280R089,3151.33338257836,0.9770399152243024,1.0035576339801524
Malmö,1280R090,2702.9759976069136,0.8021900388555281,0.9729995854050095
Malmö,1280R091,3297.246109538608,0.9593783115506888,0.9510477831433803
Göteborg,1480R001,9903.43494992768,0.8325162106594971,0.789359749577966
Göteborg,1480R002,9818.557157920275,1.1706468448521272,1.10398957005084
Göteborg,1480R003,7462.207380196651,1.0495018187569192,1.224627136634046
Göteborg,1480R004,6227.792501638292,1.3386050925193738,1.195904440319094
Göteborg,1480R005,1592.8794077304856,0.8682587379408508,0.8559417701367114
Göteborg,1480R006,716.3997507399442,0.7170646844852128,0.9082302960615702
Göteborg,1480R007,5898.19872337116,1.060572513047604,1.010797550214469
Göteborg,1480R008,3026.652942394723,1.0937845959196584,1.1783847131561234
Göteborg,1480R009,4636.291303006363,0.8524434603827297,0.7528325370151895
Göteborg,1480R010,4559.571827106102,0.6161632136643999,0.7470331635827526
Göteborg,1480R011,3984.762171446745,0.6329274078760082,0.7877212605173045
Göteborg,1480R012,1956.1031328277013,0.7139016289735884,0.7785495031378371
Göteborg,1480R013,2366.00174886011,0.6882808793294323,0.7506544872850326
Göteborg,1480R014,5297.803284934056,1.1260477621382254,1.0765633141857094
Göteborg,1480R015,3392.8400956972087,1.4610153408192317,1.2854600169754404
Göteborg,1480R016,3899.567095991623,1.4417207021983236,1.2439191394085525
Göteborg,1480R017,3051.610333619544,1.2127154831567295,1.5254908293137825
Göteborg,1480R018,2176.980298261747,1.2645895935473668,1.1490005353740858
Göteborg,1480R019,1448.4284376961236,0.7781116558595603,1.1014602497715433
Göteborg,1480R020,7434.43364633407,0.9429068480151828,1.3198160274838284
Göteborg,1480R021,3001.752255739668,1.380673730823976,1.1363605553322766
Göteborg,1480R022,5782.783477780542,1.2794559544520006,1.2733189441610466
Göteborg,1480R023,5838.489116737049,1.125731456587063,0.8592745594587072
Göteborg,1480R024,3037.265971177125,0.8432705993990195,0.8645646844020352
Göteborg,1480R025,8662.561363490888,1.3265854815752016,1.126313536700178
Göteborg,1480R026,1785.8653825296428,0.6474774632294796,0.740332101775521
Göteborg,1480R027,5381.78757329595,1.3670725921239917,1.2903123714685076
Göteborg,1480R028,2775.927975706832,1.423058674679741,1.3315993952077143
Göteborg,1480R029,3260.6757435798645,0.9293057093151984,1.2972349940317427
Göteborg,1480R030,2111.9069335478907,0.8084769887711529,0.9136767127697496
Göteborg,1480R031,1085.145964014895,0.7227581844061364,1.0084705627598713
Göteborg,1480R032,2490.01166256578,0.9473351257314566,0.9572786391444913
Göteborg,1480R033,8048.965905854744,0.8885022932152459,1.0018442619675114
Göteborg,1480R034,2885.466849761502,0.7588170172386526,0.8956500074926514
Göteborg,1480R035,4325.601093426366,1.4126205914913808,1.148613352571077
Göteborg,1480R036,4093.798487393756,0.9852917918709472,1.0414195009680332
Göteborg,1480R037,1960.54235953792,1.2082872054404554,1.0635466095383634
Göteborg,1480R038,3785.595163267543,0.9046338763245296,0.9411099040055254
Göteborg,1480R039,1722.5429524986112,0.927407876008224,0.9870497380751131
Göteborg,1480R040,5442.617148527534,0.7275027676735727,0.7451456599355029
Göteborg,1480R041,4427.224620454926,0.7312984342875217,0.7327966566151821
Göteborg,1480R042,7045.025938326,1.0776530128103747,1.2382439663107354
Göteborg,1480R043,5606.055291189233,1.417997785861142,1.285747451473665
Göteborg,1480R044,2710.008947716988,0.5763087142179345,0.7267806029849528
Göteborg,1480R045,4007.61747944758,0.777162739206073,0.7844775407828918
Göteborg,1480R046,4432.600621455672,1.260161315831093,1.2763222849253597
Göteborg,1480R047,5199.39964996187,0.8976751541989562,1.2933941521267722
Göteborg,1480R048,3744.643741127802,1.513838367863356,1.168531645248179
Göteborg,1480R049,2564.1272583627806,0.6430491855132058,0.7420934850027093
Göteborg,1480R050,1841.3148631548925,0.760714850545627,0.7058513157440227
Göteborg,1480R051,3895.6893550993263,1.7165902261584691,1.1630525010736767
Göteborg,1480R052,7610.282039185871,0.8742685434129369,1.268611699534503
Göteborg,1480R053,1105.1499890639468,0.9068480151826664,1.0032478332998722
Göteborg,1480R054,1418.227784655532,0.8568717380990036,1.0057956982841818
Göteborg,1480R055,4250.946531125477,0.8514945437292425,1.1993237422847787
Göteborg,1480R056,1972.965554455409,0.939427486952396,1.2776594946503557
Göteborg,1480R057,6218.797102435663,1.2724972323264274,1.22811021766633
Göteborg,1480R058,5609.615198291078,1.0241973746639252,1.1463830386863312
Göteborg,1480R059,2413.923870466193,1.0169223469871895,1.0058028411426656
Göteborg,1480R060,3366.1277601366137,0.9726395698244504,1.1516576904333282
Göteborg,1480R062,1473.4995888038252,1.0080657915546418,1.034929269434391
Göteborg,1480R063,883.9885413324346,0.9758026253360746,1.0892340619474759
Göteborg,1480R064,2004.5718736520644,0.8293531551478729,0.8687176564214771
Göteborg,1480R065,3525.028566403048,0.9226632927407876,1.1349559384396004
Göteborg,1480R066,1213.0749213578065,0.8995729875059307,0.8223688432432595
Göteborg,1480R067,5338.76322451422,0.7996204333386051,0.7581989379681511
Göteborg,1480R068,4932.792509468387,0.6904950181875692,0.7936193808697628
Göteborg,1480R069,6226.844951758845,0.6689862407085244,0.8030386038125223
Göteborg,1480R070,1273.9232946999218,0.613316463703938,0.9459439949712618
Göteborg,1480R071,4516.005821666244,1.109916179028942,0.9412319690539075
Göteborg,1480R072,8154.973455020359,1.0985291791870948,0.9353075112873213
Göteborg,1480R073,5431.833202873566,1.0001581527755812,1.047132575860882
Göteborg,1480R074,5325.155921152812,0.9511307923454057,1.016396278915082
Göteborg,1480R075,10633.65609918645,1.151035900680057,1.056233968007712
Göteborg,1480R076,3857.155141968812,0.9729558753756128,0.9636139682229313
Göteborg,1480R077,3548.897696256029,0.884074015498972,0.9900360398221343
Göteborg,1480R078,5260.653273554937,1.0406452633243712,1.0092403259567533
Göteborg,1480R079,3022.50695225414,0.8885022932152459,1.026096842366202
Göteborg,1480R080,1302.0661336548476,0.9729558753756128,1.083384895399998
Göteborg,1480R081,1802.2601869017155,1.1776055669777004,1.1014423901699328
Göteborg,1480R082,2788.2613037119104,1.03526806895461,1.0788784692971025
Göteborg,1480R083,8661.734714592276,0.9773841530918868,1.2876727588233678
Göteborg,1480R084,2022.1411127659248,1.2127154831567295,1.0424000985639903
Göteborg,1480R085,1769.7870338617693,1.2687015657124785,1.2014101640712027
Göteborg,1480R086,6963.664239011724,1.2029100110706945,1.0061741656477747
Göteborg,1480R087,2303.2081059241787,1.033686541198798,1.314478482562379
Göteborg,1480R088,1111.6496343807298,0.7781116558595603,1.1424163446711946
Göteborg,1480R089,10717.049762352795,1.1434445674521587,1.1822133540858262
Göteborg,1480R090,8658.060197669329,1.1026411513522063,0.8612999136948866
Göteborg,1480R091,5310.487014249879,1.4043966471611578,1.418937990721801
Göteborg,1480R092,2266.515015971904,1.0169223469871895,1.220227715699205
Göteborg,1480R093,2843.238678299651,1.020085402498814,1.296449269358077
Göteborg,1480R094,5924.063376189875,1.179503400284675,1.2148122799245238
Göteborg,1480R095,3960.291447166534,1.87727344614898,1.3133086973383246
Göteborg,1480R096,1228.1551274991195,0.8008856555432547,0.7360764088944615
Göteborg,1480R097,612.4471631242457,0.617112130317887,0.6688462790432204
Göteborg,1480R098,7060.000082010897,0.6613949074806262,0.75378971379285
Göteborg,1480R099,3939.236417108653,1.04570615214297,1.138122252043548
Göteborg,1480R100,5641.413657108739,0.9368970425430966,1.2897354744604659
Göteborg,1480R101,3222.186552072058,0.945437292424482,1.1441548074983297
Göteborg,1480R102,5631.775709579034,1.1412304285940218,1.1452988452021657
Göteborg,1480R103,4120.187914994298,1.0504507354104065,1.1313616057388922
Göteborg,1480R104,1891.2723980825776,1.0700616795824769,1.3007997462916399
Göteborg,1480R105,20895.217182784745,1.1402815119405345,1.2801733268307798
Göteborg,1480R106,1165.581996649,1.1975328167009331,1.1408174507609632
Göteborg,1480R107,1906.6571475589951,0.6351415467341451,0.8171109505092694
Göteborg,1480R108,8367.781223547398,1.4654436185355053,1.3679301631011491
Göteborg,1480R109,3704.3700186281785,1.289577732089198,1.4119100426307039
Göteborg,1480R110,2582.909273653614,1.2604776213822553,1.3338623893946304
Göteborg,1480R111,4442.694915693633,1.249090621540408,1.4330584132546507
Göteborg,1480R112,1232.133115495954,0.5706152142970109,0.8752991339802226
Göteborg,1480R113,6642.697406200863,1.0049027360430176,1.1897351071092046
Göteborg,1480R114,3253.722686475789,0.9384785702989088,0.9727534129649478
Göteborg,1480R115,2868.314839431826,0.7369919342084453,0.9383046161563088
Göteborg,1480R116,1133.1051486608933,1.0150245136802152,1.016270520901444
Göteborg,1480R117,1550.7496196366849,0.8148030997944015,0.7263980705693296
Göteborg,1480R118,795.865077169498,0.5971848805946545,0.6911658395889467
Göteborg,1480R119,2109.8819189558226,1.128578206547525,1.1956011405590687
Göteborg,1480R120,2011.587735877895,0.9210817649849756,1.104070405806427
Göteborg,1480R121,4488.643627162875,1.2000632611102324,1.2389846355610101
Göteborg,1480R122,2734.4369694750985,0.875850071168749,0.9863206644599398
Göteborg,1480R123,2219.395207041988,0.8859718488059466,0.9360944167343738
Göteborg,1480R124,1482.0114161720005,1.0719595128894512,1.0101183489889007
Göteborg,1480R125,5729.699997491983,1.5986082555748853,1.0996449521432528
Göteborg,1480R126,6124.795022929467,0.9071643207338288,1.068083216582953
Göteborg,1480R127,1058.8305293577057,0.7028309346829037,1.1015069548195704
Göteborg,1480R128,1961.8493145011669,1.151035900680057,1.1034309661253534
Göteborg,1480R129,3091.0665495129,1.0162897358848648,1.0952937536118066
Göteborg,1480R130,4780.930521093537,1.0823975960778112,1.4510322401486366
Göteborg,1480R131,1269.5949238173814,1.1295271232010122,1.2493264172516192
Göteborg,1480R132,6616.929172034167,0.9441720702198324,1.027057950099393
Göteborg,1480R135,3231.426090914794,0.7436343507828562,0.8254192494390425
Göteborg,1480R136,1387.088974552495,0.7467974062944804,0.8920951276112712
Göteborg,1480R137,4839.510207053008,1.1194053455638149,1.3075731575149474
Göteborg,1480R138,934.3038819344448,0.7714692392851494,1.049933367598909
Göteborg,1480R139,7918.390183266481,1.0086984026569663,1.146665854249354
Göteborg,1480R140,759.4880487785047,0.7082081290526648,1.1110359286474467
Göteborg,1480R141,2269.675735199938,0.9998418472244188,1.0823642713914499
Göteborg,1480R142,5557.093313040193,1.1244662343824134,0.9954517973861042
Göteborg,1480R143,4837.686930433752,1.1304760398544995,1.137877328646005
Göteborg,1480R144,3604.410361096567,1.2649058990985291,1.2169927555431144
Göteborg,1480R145,3734.5110607229135,0.8416890716432074,0.8638171554798225
Göteborg,1480R146,6629.3350495173,1.2364383994939112,1.081571540661205
Göteborg,1480R147,3721.70019756744,1.4591175075122569,1.3192028652479966
