city,subcity_code,pop_zone,income_index_pred,p_inc,target_obs,is_training_city
Brussels-Capital Region,21001A00-,2678.209849887424,0.28968331255087765,0.23801279154157917,0.1704035874439461,True
Brussels-Capital Region,21001A011,2391.438184950087,0.22262244573906523,0.18676966448958318,0.1121076233183856,True
Brussels-Capital Region,21001A02-,746.2596003214519,0.3105898432149026,0.2664277703924357,0.0627802690582959,True
Brussels-Capital Region,21001A031,2441.297355122036,0.3794352777706938,0.3635834158517503,0.1524663677130044,True
Brussels-Capital Region,21001A041,1755.235158392125,0.4707912810541938,0.5112132775016778,0.4155455904334828,True
Brussels-Capital Region,21001A051,1459.9515607621931,0.23861604979788364,0.19899969153210273,0.2884902840059791,True
Brussels-Capital Region,21001A07-,1422.33428659704,0.084793743303158,0.005737536747202509,0.0508221225710014,True
Brussels-Capital Region,21001A10-,1149.885740492079,0.3189852103933424,0.2835740108996364,0.3228699551569506,True
Brussels-Capital Region,21001A112,2475.0515832901,0.28687358983697225,0.23357628797624053,0.1016442451420029,True
Brussels-Capital Region,21001A120,2312.0203060574004,0.28174835703464923,0.2311860773680458,0.1973094170403587,True
Brussels-Capital Region,21001A132,1453.4942105611167,0.41037931108425,0.4175429821800345,0.210762331838565,True
Brussels-Capital Region,21001A142,1197.983092625936,0.3677758486260048,0.34362721868890733,0.4080717488789238,True
Brussels-Capital Region,21001A152,1249.3790944417317,0.27233314317160995,0.22578896523101022,0.3153961136023916,True
Brussels-Capital Region,21001A30-,2819.496890650856,0.3035667740118554,0.2563065096546245,0.2137518684603886,True
Brussels-Capital Region,21001A31-,1234.41486231486,0.345654928831306,0.31782647027560923,0.2466367713004484,True
Brussels-Capital Region,21001A32-,787.3413850201501,0.40104421468448337,0.39929470824126584,0.2780269058295964,True
Brussels-Capital Region,21001A331,447.9102980825636,0.7790035446419294,0.8810009552145017,0.7414050822122571,True
Brussels-Capital Region,21001A332,902.617344909244,0.2892749605324054,0.23650000593885862,0.2122571001494768,True
Brussels-Capital Region,21001A34-,2419.972492323981,0.31474707339351704,0.2745367431773336,0.2720478325859491,True
Brussels-Capital Region,21001A350,1153.1191785070632,0.3461963999053425,0.3188351274730884,0.2316890881913303,True
Brussels-Capital Region,21001A401,341.9399964544508,0.6235055751377879,0.7196148898579325,0.3766816143497757,True
Brussels-Capital Region,21001A41-,3405.053482797411,0.6351272870516914,0.7319868381964453,0.5127055306427504,True
Brussels-Capital Region,21001A42-,635.1952685250177,0.5586020092442531,0.6500471618666408,0.5112107623318386,True
Brussels-Capital Region,21001A43-,721.6316842238109,0.6154808960228888,0.7102331597854444,0.3781763826606876,True
Brussels-Capital Region,21001A441,2404.853955904642,0.3852873799065564,0.3842305266203041,0.273542600896861,True
Brussels-Capital Region,21001A451,2046.1511020130577,0.2651096690416013,0.21990231734168628,0.445440956651719,True
Brussels-Capital Region,21001A472,1003.2096183300018,0.6035123222410105,0.692714633967663,0.6233183856502242,True
Brussels-Capital Region,21001A503,601.4431016047795,0.698984561935036,0.7976325138087542,0.3333333333333333,True
Brussels-Capital Region,21001A51-,1349.2428069512048,0.7204454571874725,0.8187326388497753,0.5665171898355755,True
Brussels-Capital Region,21001A52-,1438.0947530534531,0.5820027194771784,0.6775165322144764,0.874439461883408,True
Brussels-Capital Region,21001A53-,595.3949941264258,0.6331419644728286,0.7302967759479486,0.820627802690583,True
Brussels-Capital Region,21001A552,3554.8012519807867,0.3401550872600462,0.30639604693583156,0.3318385650224215,True
Brussels-Capital Region,21001A712,771.5196323394775,0.21067558554452973,0.1624643363008809,0.218236173393124,True
Brussels-Capital Region,21001A72-,3292.292651865217,0.41206475011250393,0.4195479261911534,0.2406576980568012,True
Brussels-Capital Region,21001A732,709.8743543095059,0.38668812723267193,0.38554640026841674,0.7070254110612855,True
Brussels-Capital Region,21001A74-,2965.766316307916,0.46738839593661774,0.5056180592748016,0.3168908819133034,True
Brussels-Capital Region,21001A80-,1809.19974580076,0.3831039062170101,0.3733265866771982,0.3961136023916293,True
Brussels-Capital Region,21001A81-,1174.1864002876812,0.38212056011019907,0.3720662009161325,0.375186846038864,True
Brussels-Capital Region,21001A82-,1926.8397874302332,0.34122957198520815,0.3087118659331161,0.2257100149476831,True
Brussels-Capital Region,21001A83-,1305.6043519443936,0.2740987469472067,0.22686836447666467,0.046337817638266,True
Brussels-Capital Region,21001A84-,1179.9723066753809,0.5393102849891995,0.6121672981554727,0.5440956651718983,True
Brussels-Capital Region,21001A85-,285.71734174754886,0.5625477415090893,0.6504362181551455,0.3393124065769806,True
Brussels-Capital Region,21001A90-,2518.0983566708032,0.4452899225695527,0.46942975526452,0.2571001494768311,True
Brussels-Capital Region,21001A911,1783.902169757419,0.3779890955158802,0.3602990589933882,0.3049327354260089,True
Brussels-Capital Region,21001A92-,3073.9350206322138,0.4087480071621582,0.41424936226484554,0.4394618834080717,True
Brussels-Capital Region,21001A931,2636.212885962592,0.24175103493071093,0.20073019073362397,0.2840059790732436,True
Brussels-Capital Region,21001A941,1680.2561533186172,0.3120801824239096,0.26841563775409155,0.3991031390134529,True
Brussels-Capital Region,21001A95-,2391.589731746249,0.36474193502852614,0.3395311049407032,0.4738415545590433,True
Brussels-Capital Region,21001B10-,2906.6887999640567,0.12997434447563733,0.05323379242408223,0.0732436472346786,True
Brussels-Capital Region,21001B11-,1715.7169362703962,0.0927190766083381,0.011340030139470124,0.0911808669656203,True
Brussels-Capital Region,21001B17-,1578.1396068599488,0.1860799169767452,0.12751203719951812,0.2376681614349775,True
Brussels-Capital Region,21001B20-,5336.199225743611,0.0609970917446755,0.002254374456741155,0.0687593423019432,True
Brussels-Capital Region,21001B21-,2769.142338011,0.15448759007578391,0.06968562794093522,0.0896860986547085,True
Brussels-Capital Region,21001B22-,1513.275608062744,0.14088733980844362,0.06055601951804444,0.1748878923766816,True
Brussels-Capital Region,21001B23-,2121.710056198968,0.10025115243115428,0.012961220995631689,0.1225710014947683,True
Brussels-Capital Region,21001B241,3236.504970550537,0.15626333622711128,0.07222282292108154,0.2092675635276532,True
Brussels-Capital Region,21001B25-,4084.289792431725,0.12103485160941456,0.039447978611135956,0.1375186846038864,True
Brussels-Capital Region,21001B31-,385.2622786098056,0.07873773880237524,0.004671509973049535,0.0523168908819133,True
Brussels-Capital Region,21001B321,1367.7370525466072,0.1292533208303319,0.051427983448164315,0.0822122571001494,True
Brussels-Capital Region,21001B332,357.866839143965,0.08282715264267386,0.004985458390312992,0.0403587443946188,True
Brussels-Capital Region,21001B372,643.028413852056,0.18813640907793525,0.1316030541536747,0.4663677130044843,True
Brussels-Capital Region,21001B3MJ,8397.467738774089,0.3429157282434986,0.31375730621564124,0.4125560538116592,True
Brussels-Capital Region,21001C512,1082.290708337393,0.3293758385116253,0.29965232688616567,0.3139013452914798,True
Brussels-Capital Region,21001C522,2412.623848655158,0.1779787698253677,0.10324238977755465,0.014947683109118,True
Brussels-Capital Region,21001C581,866.3675560570424,0.5532870043408645,0.6381146763726531,0.0881913303437967,True
Brussels-Capital Region,21001C5MA,1083.124638594687,0.5570870973852675,0.6442297457382377,0.796711509715994,True
Brussels-Capital Region,21001C5PA,693.6486746391488,0.7252543283915677,0.8198174547480163,0.6846038863976084,True
Brussels-Capital Region,21001C611,651.8723593701919,0.8316584967430618,0.9406590124443355,0.7518684603886397,True
Brussels-Capital Region,21001C6PB,1124.1285794995104,0.7115335001845524,0.8093641887644523,0.7937219730941704,True
Brussels-Capital Region,21001C70-,289.52721429533426,0.4255538356349812,0.44024099604734324,0.242152466367713,True
Brussels-Capital Region,21001C71-,809.2309925754864,0.34232153342895505,0.3098677688177992,0.2017937219730941,True
Brussels-Capital Region,21001C79-,310.15551411805467,0.644421193603968,0.7495988779484883,0.6786248131539612,True
Brussels-Capital Region,21002A00-,1312.1235716872743,0.8625817697040485,0.9633561655053295,0.8131539611360239,True
Brussels-Capital Region,21002A01-,556.0928448616631,0.7627092940794773,0.8632072873464366,0.9103139013452914,True
Brussels-Capital Region,21002A02-,1080.6332286198935,0.7846031036058285,0.8916213347921721,0.7339312406576981,True
Brussels-Capital Region,21002A030,1440.7565965652466,0.6480563060524633,0.7540449339494287,0.6831091180866966,True
Brussels-Capital Region,21002A041,529.237342092726,0.8705054302597073,0.9694352503447597,0.7115097159940209,True
Brussels-Capital Region,21002A072,497.3646656672159,0.6848900419876119,0.785681180554791,0.656203288490284,True
Brussels-Capital Region,21002A10-,2268.9478127294115,0.6209591962530313,0.7134417549020398,0.71898355754858,True
Brussels-Capital Region,21002A11-,1188.3113746378156,0.6457599643924191,0.7525870319776727,0.7922272047832586,True
Brussels-Capital Region,21002A12-,1539.8965147108663,0.6701914177368802,0.7696970287873041,0.8804185351270553,True
Brussels-Capital Region,21002A130,1144.344064398255,0.7823197769490906,0.8887683020575685,0.9910313901345292,True
Brussels-Capital Region,21002A14-,320.20265027642665,0.6549807019374738,0.7555303798915461,0.976083707025411,True
Brussels-Capital Region,21002A15-,93.35152472390068,0.5090647005275546,0.5752738163927278,0.585949177877429,True
Brussels-Capital Region,21002A190,68.10942577570677,0.8036086482017325,0.9162742996499764,0.9775784753363228,True
Brussels-Capital Region,21002A20-,1147.7041924794514,0.7077420826980477,0.806987926109802,0.6053811659192825,True
Brussels-Capital Region,21002A21-,2443.799964269002,0.7395396222964544,0.8292487576713325,0.648729446935725,True
Brussels-Capital Region,21002A22-,874.5243958367241,0.7263602648859319,0.8204799579950418,0.9028400597907325,True
Brussels-Capital Region,21002A23-,1008.6969431771172,0.7282329225238652,0.8212755591155138,0.8251121076233184,True
Brussels-Capital Region,21002A24-,746.3364331987168,0.7873811864106749,0.8972710055516427,0.695067264573991,True
Brussels-Capital Region,21002A25-,1373.3065348731143,0.8299395423002122,0.9398034387716945,0.7907324364723468,True
Brussels-Capital Region,21002A30-,805.8412762747871,0.606741640170168,0.6949960921078169,0.4185351270553064,True
Brussels-Capital Region,21002A311,884.9007499482896,0.7199237960396868,0.8177887842532174,0.6427503736920778,True
Brussels-Capital Region,21002A372,493.4893525441488,0.7041457274110543,0.7989411226569908,0.8236173393124065,True
Brussels-Capital Region,21002A39-,686.7332101398044,0.20871350123625784,0.1557470682290565,0.085201793721973,True
Brussels-Capital Region,21002A411,783.0267623004814,0.8713191581428217,0.9699896401927192,0.9730941704035876,True
Brussels-Capital Region,21002A422,180.6593416668992,0.7822567521206526,0.8882085302598219,0.9118086696562032,True
Brussels-Capital Region,21002A43-,747.800736217242,0.8586428118390198,0.9612743193257501,0.922272047832586,True
Brussels-Capital Region,21002A441,1305.86091029644,0.8679723944324956,0.9660052382916678,0.9715994020926756,True
Brussels-Capital Region,21002A45-,1115.2868720160589,0.7912502258402766,0.9046958751315503,0.8460388639760837,True
Brussels-Capital Region,21002A511,2141.3200572331743,0.7517548737092492,0.8466970561619374,0.8086696562032885,True
Brussels-Capital Region,21002A52-,909.9439373546176,0.7793856545620541,0.8830415438312316,0.9491778774289984,True
Brussels-Capital Region,21002A53-,333.8337815072801,0.7145440585822398,0.8127487128322478,0.6621823617339312,True
Brussels-Capital Region,21003A00-,2556.8419536484607,0.46686672220025194,0.501044095548938,0.4334828101644245,True
Brussels-Capital Region,21003A011,1252.0733595291774,0.5070239834380137,0.5677447250212788,0.3437967115097159,True
Brussels-Capital Region,21003A02-,3742.994780805376,0.5580263907218921,0.6471397988448866,0.6322869955156951,True
Brussels-Capital Region,21003A03-,1465.9255453745525,0.5082125922380617,0.5724657476444361,0.6038863976083707,True
Brussels-Capital Region,21003A04-,715.2028257052103,0.44219387868391147,0.45712518776478095,0.5814648729446936,True
Brussels-Capital Region,21003A05-,2586.198324627346,0.5220414993440629,0.5835703144913637,0.6337817638266069,True
Brussels-Capital Region,21003A0AJ,574.6803208722008,0.5548030295579749,0.6435293758688274,0.0717488789237668,True
Brussels-Capital Region,21003A10-,2704.18883450826,0.4851265739674609,0.5394685122705405,0.4065769805680119,True
Brussels-Capital Region,21003A11-,683.1232206556533,0.47354581827537534,0.519839297225643,0.1031390134529148,True
Brussels-Capital Region,21003A212,277.76845179663763,0.5019374934089263,0.5572350240914885,0.3707025411061285,True
Brussels-Capital Region,21003A283,291.3926395095057,0.5159392817119611,0.5768010245575164,0.5321375186846039,True
Brussels-Capital Region,21003A2MJ,906.5354863537682,0.6920200797268402,0.7877385835548583,0.4050822122571001,True
Brussels-Capital Region,21003A312,2698.591457678212,0.6741042403713285,0.7725654779968627,0.7683109118086696,True
Brussels-Capital Region,21003A323,1215.6101954778037,0.4597739677523497,0.4921425028122896,0.6203288490284006,True
Brussels-Capital Region,21003A331,697.849037935233,0.6295729138260954,0.7282618565288702,0.4005979073243647,True
Brussels-Capital Region,21003A342,1001.2998844914966,0.7032883459553263,0.798309621745644,0.828101644245142,True
Brussels-Capital Region,21003A38-,334.42483410456526,0.8045904707807656,0.9164443575723004,0.9476831091180868,True
Brussels-Capital Region,21003A41-,243.50419309404165,0.4683365867687322,0.5096172962496045,0.3273542600896861,True
Brussels-Capital Region,21004A001,1373.1442352930706,0.40725099386769886,0.40979021527409487,0.2047832585949177,True
Brussels-Capital Region,21004A002,717.1495238410103,0.48017856672814246,0.5341606655462552,0.2929745889387145,True
Brussels-Capital Region,21004A01-,1644.174678166707,0.3092862552078162,0.26541788793678367,0.680119581464873,True
Brussels-Capital Region,21004A02-,1896.494968096415,0.24865856595335692,0.20470080965920145,0.2481315396113602,True
Brussels-Capital Region,21004A03-,1399.7487155066597,0.2128969242893639,0.16906740247584845,0.1599402092675635,True
Brussels-Capital Region,21004A04-,1116.7059215969512,0.30054819454058374,0.2490684336740312,0.1255605381165919,True
Brussels-Capital Region,21004A10-,1619.3527312278748,0.7157438133140142,0.8137935284966196,0.9237668161434978,True
Brussels-Capital Region,21004A13-,2608.637989097171,0.6650911503912164,0.766015240488955,0.9626307922272048,True
Brussels-Capital Region,21004A14-,3235.6133012771606,0.30232987620491064,0.25374841817940724,0.3019431988041853,True
Brussels-Capital Region,21004A15-,858.0350829230413,0.5224162148889336,0.585025393563295,0.4992526158445441,True
Brussels-Capital Region,21004A16-,2105.5834061304727,0.35853905206743436,0.33727208591987556,0.0433482810164424,True
Brussels-Capital Region,21004A20-,2290.452835559845,0.42517849067974994,0.43724198121203545,0.3183856502242152,True
Brussels-Capital Region,21004A21-,4228.920870357089,0.1683495404416501,0.08901900122332868,0.1001494768310911,True
Brussels-Capital Region,21004A22-,2924.6849394904248,0.21904474113696343,0.1758033557969611,0.2556053811659193,True
Brussels-Capital Region,21004A23-,3117.061692555745,0.26776854471533906,0.223208092659775,0.4260089686098655,True
Brussels-Capital Region,21004A24-,3266.2255121866865,0.4129878263087993,0.42619035702895824,0.3856502242152466,True
Brussels-Capital Region,21004A25-,1901.8889870113796,0.48843528310910334,0.5447562490790009,0.5710014947683109,True
Brussels-Capital Region,21004A32-,1795.6282748646204,0.6049682058366384,0.6938970539613802,0.5889387144992526,True
Brussels-Capital Region,21004A33-,3742.435590849982,0.38327732962643574,0.37720017414441925,0.3916292974588938,True
Brussels-Capital Region,21004A34-,2212.13983572854,0.4892216157163228,0.5464942954112176,0.5590433482810164,True
Brussels-Capital Region,21004A35-,2411.10241206487,0.4750399545702251,0.524952822415647,0.3841554559043348,True
Brussels-Capital Region,21004A3MJ,829.6997874577839,0.5738363437955801,0.6714497434522668,0.9402092675635276,True
Brussels-Capital Region,21004A70-,2767.6887900564407,0.17261524124262673,0.09835252862011466,0.070254110612855,True
Brussels-Capital Region,21004A71-,1330.8482617272273,0.26623312427834794,0.22132899216846552,0.1449925261584454,True
Brussels-Capital Region,21004A72-,1195.195052252875,0.18292684581394394,0.12317054446034396,0.0657698056801195,True
Brussels-Capital Region,21004A811,2219.0200996398926,0.2496126862935528,0.20643948388265967,0.4349775784753363,True
Brussels-Capital Region,21004A822,616.1411923302545,0.3676375673332884,0.3428608088761648,0.4514200298953662,True
Brussels-Capital Region,21004A83-,1308.0554788907368,0.4170824277952293,0.43176999647770803,0.319880418535127,True
Brussels-Capital Region,21004B10-,1650.5564719835918,0.80004360268954,0.9138557805500787,0.6651718983557549,True
Brussels-Capital Region,21004B13-,595.1683822207981,0.8729875081114801,0.9705718838082171,0.7249626307922272,True
Brussels-Capital Region,21004B293,1210.6820159488254,0.4727254273717541,0.5128794404303217,0.5560538116591929,True
Brussels-Capital Region,21004B2MJ,888.4764500194126,0.8487204787577878,0.9514121138873602,0.8968609865470852,True
Brussels-Capital Region,21004B2NJ,509.93176725175647,0.8807742639201882,0.9740687940234435,0.8759342301943199,True
Brussels-Capital Region,21004B2WJ,549.6757718192206,0.7932345344379673,0.9056372188905402,0.6098654708520179,True
Brussels-Capital Region,21004B411,1557.2994503445098,0.47890181383609165,0.533199783192795,0.4932735426008968,True
Brussels-Capital Region,21004B421,3667.852328121662,0.43966137922889925,0.4506448266967931,0.5142002989536621,True
Brussels-Capital Region,21004B43-,5114.36236445109,0.45835881439439136,0.48765973552653447,0.460388639760837,True
Brussels-Capital Region,21004B44-,3154.6070044835405,0.6244409151497947,0.7237089080556492,0.5620328849028401,True
Brussels-Capital Region,21004B45-,1488.7166165643266,0.7124013834081816,0.8119787432547039,0.6741405082212257,True
Brussels-Capital Region,21004C501,1429.708090464274,0.5159158231228291,0.576073914238169,0.8878923766816144,True
Brussels-Capital Region,21004C51-,1261.1529960632324,0.6005325270052531,0.6893369103780645,0.6890881913303438,True
Brussels-Capital Region,21004C52-,1347.3218987782798,0.5692097432419861,0.6647142292031405,0.7085201793721974,True
Brussels-Capital Region,21004C53-,1562.0208726723988,0.8194647623073227,0.933591233870235,0.8146487294469357,True
Brussels-Capital Region,21004C54-,2264.135636978679,0.7831807806951742,0.890208276325777,0.890881913303438,True
Brussels-Capital Region,21004C552,1826.2411513858367,0.8635131726453256,0.9646820247861265,0.9805680119581464,True
Brussels-Capital Region,21004C61-,2587.867163552178,0.6401364221850394,0.7482066580026387,0.6143497757847534,True
Brussels-Capital Region,21004C62-,454.09957456588745,0.8320343293039896,0.9411262504113345,0.9357249626307922,True
Brussels-Capital Region,21004C63-,1311.9584843361904,0.8417684951789355,0.9481344347525293,0.9282511210762332,True
Brussels-Capital Region,21004C642,665.335371040946,0.759172832729963,0.8585277515143258,0.98355754857997,True
Brussels-Capital Region,21004C65-,409.96674928855566,0.941358264831862,0.9921168210456958,0.9880418535127056,True
Brussels-Capital Region,21004D600,296.36188904444384,0.160672489116328,0.0771747518218926,0.0448430493273542,True
Brussels-Capital Region,21004D610,1887.0165368715925,0.2542684419680214,0.21439805400338136,0.2167414050822122,True
Brussels-Capital Region,21004D62-,2410.9754373762344,0.15708940713795036,0.07603098790749073,0.0807174887892376,True
Brussels-Capital Region,21004D631,1754.052034536997,0.37704496817206945,0.35743547452680313,0.7997010463378177,True
Brussels-Capital Region,21004D64-,1455.870918704404,0.19790929239292684,0.1393395691831843,0.1434977578475336,True
Brussels-Capital Region,21004D672,336.70450238386786,0.22769009061908704,0.18792221800726291,0.2077727952167414,True
Brussels-Capital Region,21004E101,866.238637757798,0.1727885516426204,0.09988774738244899,0.1240657698056801,True
Brussels-Capital Region,21004E112,253.37175369262687,0.22059189500089968,0.17714598367273884,0.147982062780269,True
Brussels-Capital Region,21004E12-,2436.9092192120024,0.36573298014087957,0.3415709921785948,0.1509715994020926,True
Brussels-Capital Region,21004E130,3626.628243075476,0.3214936196973681,0.2873280543608036,0.4110612855007474,True
Brussels-Capital Region,21004E14-,2094.338954056303,0.37485412776700416,0.3534449119123798,0.4887892376681614,True
Brussels-Capital Region,21004E201,3039.25887798818,0.6226335081454605,0.7161229627422977,0.5530642750373692,True
Brussels-Capital Region,21004E211,717.6284495459663,0.5537279686028754,0.6387838643065262,0.2795216741405082,True
Brussels-Capital Region,21004E222,484.8447201516894,0.6913225403270008,0.7871507696700188,0.4798206278026906,True
Brussels-Capital Region,21004E233,1426.9455393479311,0.768019332614524,0.8667186715963218,0.7982062780269058,True
Brussels-Capital Region,21004E70-,3731.2206503550215,0.18631142463708206,0.12975507304566083,0.1644245142002989,True
Brussels-Capital Region,21004E72-,3124.310575402445,0.19328702184084562,0.13454450365049503,0.2301943198804185,True
Brussels-Capital Region,21004E73-,2345.564673423767,0.22260438465910684,0.18476843144080402,0.2361733931240657,True
Brussels-Capital Region,21004E74-,6320.760296821594,0.2365684908176921,0.19571258823536336,0.28101644245142,True
Brussels-Capital Region,21004E800,731.0029027197095,0.32689670817829886,0.29888626800672624,0.3572496263079223,True
Brussels-Capital Region,21004E81-,1195.8991945054795,0.27791611932439086,0.2297040929473327,0.3109118086696562,True
Brussels-Capital Region,21004E82-,1974.8756120469836,0.498606366351409,0.5516143695942894,0.1315396113602391,True
Brussels-Capital Region,21004E83-,2805.697748555078,0.4166822868765403,0.4300320665757378,0.4559043348281016,True
Brussels-Capital Region,21004E8MJ,4702.972370815256,0.22138922372092001,0.17923988143037978,0.0837070254110612,True
Brussels-Capital Region,21004F511,1376.6981954309674,0.45042146625014096,0.47107518293500544,0.6292974588938715,True
Brussels-Capital Region,21004F522,2221.7349241251745,0.5748253917077757,0.6727388775679907,0.8221225710014948,True
Brussels-Capital Region,21004F531,1531.6249398125542,0.6017595977638546,0.6915391327684002,0.484304932735426,True
Brussels-Capital Region,21004F572,1264.8193811427595,0.45707346995512627,0.4849647341268872,0.2765321375186846,True
Brussels-Capital Region,21004F901,859.5925641527606,0.5424838542813951,0.6187849161877038,0.600896860986547,True
Brussels-Capital Region,21004F91-,2098.142707983653,0.5029403271189793,0.5588252392973152,0.4588938714499253,True
Brussels-Capital Region,21004F922,2095.9332257641686,0.542392234082552,0.6175363005410307,0.5695067264573991,True
Brussels-Capital Region,21004F930,634.661280737983,0.3255879341790107,0.2957438089994775,0.0343796711509716,True
Brussels-Capital Region,21004F94-,478.5733678697918,0.5432694408282838,0.6201685112141523,0.1689088191330343,True
Brussels-Capital Region,21004F953,994.3340023441448,0.4678401936841546,0.5072910757096889,0.4035874439461883,True
Brussels-Capital Region,21004F970,2158.480413330926,0.3896315535816975,0.38675818893062497,0.5306427503736921,True
Brussels-Capital Region,21004F994,160.92547541297972,0.49285411398630846,0.5474968400305802,0.6158445440956651,True
Brussels-Capital Region,21004F9MJ,848.0894209387092,0.3922533293118279,0.38802836906259736,0.4648729446935725,True
Brussels-Capital Region,21004G30-,2161.0396364398507,0.5060758146615423,0.5663027933334657,0.4872944693572496,True
Brussels-Capital Region,21004G310,1360.9604529652538,0.43730376718342717,0.4468374557035441,0.5351270553064275,True
Brussels-Capital Region,21004G321,1004.1301720665974,0.5541994252692443,0.6413185112852067,0.3423019431988042,True
Brussels-Capital Region,21004G3NJ,6524.926060936517,0.291628107969063,0.24232892509700185,0.1928251121076233,True
Brussels-Capital Region,21005A00-,3867.932403458489,0.548393046241378,0.6304217818635095,0.6636771300448431,True
Brussels-Capital Region,21005A01-,3089.5227243105574,0.547607475710734,0.6241306289033,0.5605381165919282,True
Brussels-Capital Region,21005A02-,2623.147741953532,0.5503856116891468,0.6331640567781867,0.5037369207772795,True
Brussels-Capital Region,21005A031,1578.9274253845217,0.45948853089870406,0.490961899546864,0.4319880418535127,True
Brussels-Capital Region,21005A042,3406.9833091100054,0.44129701796779364,0.4536337197406047,0.3467862481315396,True
Brussels-Capital Region,21005A051,3990.3232338163584,0.5679710717141893,0.6612469319912389,0.5261584454409567,True
Brussels-Capital Region,21005A082,754.7616600460476,0.7608736203573601,0.8626534930094277,0.8579970104633782,True
Brussels-Capital Region,21005A10-,3550.0054281022813,0.5070529370426744,0.5697734505804499,0.4902840059790732,True
Brussels-Capital Region,21005A11-,4194.83508237203,0.5724036804823509,0.6670556142611195,0.6352765321375187,True
Brussels-Capital Region,21005A12-,5993.657805336847,0.4440597536523711,0.46233878497353487,0.3527653213751868,True
Brussels-Capital Region,21005A13-,1800.7523375617134,0.5663231692950365,0.6535576314375148,0.414050822122571,True
Brussels-Capital Region,21005A14-,3926.3601870006983,0.789729464222561,0.8994900858754333,0.8565022421524664,True
Brussels-Capital Region,21005A15-,2856.595305230883,0.7576975665439486,0.8545119129840741,0.905829596412556,True
Brussels-Capital Region,21005A20-,1927.3513537512883,0.6975903713138049,0.7943021410562681,0.7638266068759342,True
Brussels-Capital Region,21005A21-,522.4549688763088,0.7752909592339471,0.8734737574556647,0.7757847533632287,True
Brussels-Capital Region,21005A22-,1582.5947029325698,0.6194013372648913,0.7118146006862691,0.5874439461883408,True
Brussels-Capital Region,21005A311,1731.126926528083,0.5967634491154327,0.6852499948751988,0.6816143497757847,True
Brussels-Capital Region,21005A322,64.97191694047716,0.5811553795437518,0.6768815343509659,0.0373692077727952,True
Brussels-Capital Region,21005A33-,1094.6221163007947,0.7295835070600788,0.8228731069918324,0.5575485799701047,True
Brussels-Capital Region,21006A001,2814.5731485154893,0.45469705357331885,0.4744733617448824,0.4245142002989536,True
Brussels-Capital Region,21006A011,2798.719341278076,0.37487690750377883,0.35551207341998076,0.476831091180867,True
Brussels-Capital Region,21006A02-,435.32861211564807,0.28233761912457767,0.23234674490740695,0.0493273542600896,True
Brussels-Capital Region,21006A03-,153.56910663180884,0.4305322233768691,0.440428190150396,0.3303437967115097,True
Brussels-Capital Region,21006A042,1154.3196926116943,0.46468136992998665,0.4958706708349369,0.5949177877428998,True
Brussels-Capital Region,21006A052,2158.1479830212065,0.47692798667026826,0.5311742620223061,0.4813153961136024,True
Brussels-Capital Region,21006A094,859.0704265609384,0.4176972690006557,0.43529836394164156,0.3034379671150972,True
Brussels-Capital Region,21006A101,4680.539781358507,0.39337555267008373,0.39158844141353216,0.3602391629297459,True
Brussels-Capital Region,21006A11-,1234.4415516058605,0.5545854353134821,0.6427650794162567,0.7309417040358744,True
Brussels-Capital Region,21006A12-,528.0420825746324,0.3388930409069872,0.3046711754805281,0.0642750373692077,True
Brussels-Capital Region,21006A13-,1385.8709494272866,0.4330200175707097,0.44361993385512277,0.4708520179372197,True
Brussels-Capital Region,21006A142,1379.3499094645183,0.3844004325914346,0.37936396562152763,0.3258594917787742,True
Brussels-Capital Region,21006A153,1277.8793332444295,0.4321041980023462,0.441032931589477,0.2825112107623318,True
Brussels-Capital Region,21006A171,2651.0234701832137,0.5648460905187633,0.6516768977460698,0.5964125560538116,True
Brussels-Capital Region,21006A201,2135.168435414632,0.5307389402038595,0.6046401309049217,0.6128550074738416,True
Brussels-Capital Region,21006A21-,1023.9007987976074,0.5787042599758526,0.6754255728819459,0.1943198804185351,True
Brussels-Capital Region,21006A22-,980.3046073913576,0.5801892356795949,0.6764399382641263,0.5635276532137519,True
Brussels-Capital Region,21006A23-,2632.662609206305,0.4745227152300917,0.5228219921095176,0.4857997010463378,True
Brussels-Capital Region,21006A24-,267.1742087536388,0.31762546739095326,0.28207222227770845,0.0313901345291479,True
Brussels-Capital Region,21006A25-,561.5357171959348,0.4594367649497414,0.49005762194587976,0.038863976083707,True
Brussels-Capital Region,21006A272,1031.0493840972583,0.5575799251209655,0.6451229170221862,0.6263079222720478,True
Brussels-Capital Region,21006A312,512.6869356398367,0.25647673022823836,0.2154118523987044,0.5829596412556054,True
Brussels-Capital Region,21006A323,516.0413432131625,0.1403006246620952,0.0573340449766629,0.0298953662182361,True
Brussels-Capital Region,21006A403,825.4817902776931,0.39930733109462124,0.3986133417450356,0.6756352765321375,True
Brussels-Capital Region,21006A414,2808.436464945476,0.6143753948786046,0.703795721711775,0.7698056801195815,True
Brussels-Capital Region,21006A474,520.1369636290603,0.41758661838154293,0.4347156926845429,0.7234678624813154,True
Brussels-Capital Region,21006A515,1081.82700949245,0.3378521282324959,0.30399105699050916,0.2675635276532137,True
Brussels-Capital Region,21007A00-,3876.307327482435,0.35192610341339176,0.3262283776701086,0.1913303437967115,True
Brussels-Capital Region,21007A01-,1969.7379331385923,0.35611343411872476,0.3355503922683458,0.3662182361733931,True
Brussels-Capital Region,21007A02-,707.8473644918865,0.5966106323113328,0.684219605808052,0.8370702541106129,True
Brussels-Capital Region,21007A03-,981.4987568325466,0.1858256342317858,0.1264306713993499,0.1883408071748878,True
Brussels-Capital Region,21007A04-,389.6244635052151,0.22197744434033084,0.18139134162444198,0.1136023916292974,True
Brussels-Capital Region,21007A05-,834.1328890654776,0.3846068415422865,0.38286215769326054,0.5650224215246636,True
Brussels-Capital Region,21007A06-,373.7169841130575,0.25368610661710567,0.21081736787601602,0.2227204783258595,True
Brussels-Capital Region,21007A071,8823.384179910025,0.5240023734959496,0.5891154852873519,0.6218236173393124,True
Brussels-Capital Region,21007A082,2334.709437684053,0.20578419209789414,0.15044728971055002,0.0956651718983557,True
Brussels-Capital Region,21007A101,3095.368646330304,0.4553358544804082,0.47974519831518436,0.3482810164424514,True
Brussels-Capital Region,21007A111,692.7286581993103,0.6351642507525876,0.7337180208223462,0.5754857997010463,True
Brussels-Capital Region,21007A12-,421.0186322000292,0.6144997789650899,0.7051600637785169,0.85949177877429,True
Brussels-Capital Region,21007A132,198.42007403903543,0.5796014013384495,0.6759419645751891,0.5201793721973094,True
Brussels-Capital Region,21007A142,1240.420419904921,0.43405076992564773,0.4447294584302959,0.4200298953662182,True
Brussels-Capital Region,21007A201,2679.791648228963,0.7642987497231195,0.8645743456284803,0.7055306427503737,True
Brussels-Capital Region,21007A21-,185.40283054775665,0.510330965603682,0.5753915812421356,0.7174887892376681,True
Brussels-Capital Region,21007A239,1648.9744582043754,0.6686725945766934,0.7683498322222843,0.6367713004484304,True
Brussels-Capital Region,21007A242,202.4996591673957,0.5505999267969836,0.6343578029363347,0.4439461883408072,True
Brussels-Capital Region,21007A252,123.81312868330215,0.6033081847110058,0.6922385027016534,0.0553064275037369,True
Brussels-Capital Region,21007A40-,1068.8684645758735,0.3186162921321384,0.28263665781477376,0.1554559043348281,True
Brussels-Capital Region,21007A41-,595.6769038306343,0.1936979563753403,0.136116080047441,0.1390134529147982,True
Brussels-Capital Region,21007A50-,2538.902816825442,0.3798320665851795,0.3694503679475552,0.4633781763826607,True
Brussels-Capital Region,21007A51-,870.8228763656483,0.476225679145112,0.5298946181696792,0.5485799701046338,True
Brussels-Capital Region,21007A52-,1194.1686992645264,0.4372568570245901,0.4457579949018049,0.5724962630792227,True
Brussels-Capital Region,21007A53-,3027.571837425231,0.3511226153848241,0.32331170829863726,0.4783258594917787,True
Brussels-Capital Region,21007A541,304.82326761881507,0.3121359357154687,0.26925427067461194,0.4484304932735426,True
Brussels-Capital Region,21007A552,425.00998327467175,0.36022776300781617,0.3383411811421736,0.9147982062780268,True
Brussels-Capital Region,21007A60-,3321.5725772645737,0.21776238335108947,0.1731645106563849,0.1584454409566517,True
Brussels-Capital Region,21007A61-,3207.78210873074,0.3472722938349026,0.32067746956985455,0.2645739910313901,True
Brussels-Capital Region,21007A70-,2854.1532361772324,0.5969832606411606,0.6873403317579484,0.6517189835575485,True
Brussels-Capital Region,21007A71-,1239.3487599690752,0.3817834340768099,0.37104655907264955,0.351270553064275,True
Brussels-Capital Region,21007A72-,4248.598715252347,0.6778344507161133,0.7768129951622276,0.5844544095665172,True
Brussels-Capital Region,21007A73-,3384.397077560425,0.7470270245582621,0.8347736055691832,0.7742899850523169,True
Brussels-Capital Region,21007A75-,667.7945765654247,0.6492210974865039,0.7549357297582704,0.7219730941704036,True
Brussels-Capital Region,21007A783,1040.6376272704867,0.45304267776317975,0.47209643043749244,0.5411061285500748,True
Brussels-Capital Region,21007A814,212.4822998046875,0.36928642872602047,0.3442230954578018,0.4753363228699551,True
Brussels-Capital Region,21008A00-,1558.547408951653,0.5668508360474911,0.6589027106247524,0.4544095665171898,True
Brussels-Capital Region,21008A01-,1209.9875768025718,0.601150649840265,0.6903808886762529,0.4618834080717489,True
Brussels-Capital Region,21008A02-,3894.313927544488,0.5274963547009563,0.6010043592351993,0.3931240657698057,True
Brussels-Capital Region,21008A10-,3207.19998453723,0.6099857751948286,0.6990991457669318,0.4962630792227205,True
Brussels-Capital Region,21008A20-,1934.1808911694416,0.5251212919442197,0.5936602143889144,0.3497757847533632,True
Brussels-Capital Region,21008A21-,948.6627036432426,0.5412303138564095,0.6162500555932705,0.593423019431988,True
Brussels-Capital Region,21008A220,1092.2748615344367,0.538242709783742,0.6099089223627732,0.1076233183856502,True
Brussels-Capital Region,21008A23-,913.8943806356854,0.4852893187337417,0.5409970373569418,0.5994020926756353,True
Brussels-Capital Region,21008A240,716.3780019498533,0.5088266633731707,0.5749317314209006,0.4020926756352765,True
Brussels-Capital Region,21008A30-,1443.4197939766775,0.6355530200585032,0.7346204756038619,0.624813153961136,True
Brussels-Capital Region,21008A31-,607.2293959723579,0.5879542627732158,0.6787499456167552,0.6397608370702541,True
Brussels-Capital Region,21008A32-,1575.0704587300615,0.6107856025834282,0.7011195029306072,0.5291479820627802,True
Brussels-Capital Region,21008A33-,1897.055775112576,0.625914235973399,0.7258430749134852,0.5904334828101644,True
Brussels-Capital Region,21008A34-,720.6857412275342,0.6930844039136062,0.7884260327702528,0.9581464872944694,True
Brussels-Capital Region,21008A35-,519.1625596152411,0.6221892825762083,0.7146196428593832,0.8699551569506726,True
Brussels-Capital Region,21009A00-,2351.484327528212,0.5259661872399081,0.5954707716395818,0.4364723467862481,True
Brussels-Capital Region,21009A01-,2071.132817162408,0.4418112230659409,0.4559480495741969,0.2750373692077728,True
Brussels-Capital Region,21009A02-,2424.132319556342,0.5052617360728673,0.564365704012007,0.3886397608370702,True
Brussels-Capital Region,21009A03-,1748.6675364176433,0.609259306161677,0.6960752908358313,0.6023916292974589,True
Brussels-Capital Region,21009A041,2324.0377487606474,0.5335169258849746,0.6081051373438378,0.7100149476831091,True
Brussels-Capital Region,21009A051,1251.8302970462375,0.558227989137896,0.6492499535814407,0.4723467862481315,True
Brussels-Capital Region,21009A101,1176.137557135688,0.573190559487492,0.670602340969201,0.3243647234678625,True
Brussels-Capital Region,21009A111,2572.19723171658,0.4174936918364528,0.4334092798377244,0.312406576980568,True
Brussels-Capital Region,21009A13-,2042.4609292348223,0.6642054040074131,0.7632378362061502,0.6606875934230194,True
Brussels-Capital Region,21009A151,1536.7116940816245,0.5386588748136396,0.6110195855684317,0.5739910313901345,True
Brussels-Capital Region,21009A20-,3911.905167685615,0.5516030097445181,0.6360960081183306,0.3796711509715994,True
Brussels-Capital Region,21009A21-,4611.377239333259,0.35247289264486126,0.3298141544514541,0.2690582959641255,True
Brussels-Capital Region,21009A22-,4306.69018374549,0.6381664175451974,0.7441262559511271,0.6920777279521674,True
Brussels-Capital Region,21009A23-,2358.4132074779936,0.6612976180311952,0.7583342125609803,0.9446935724962632,True
Brussels-Capital Region,21009A2MJ,1983.301365481483,0.3129386739404241,0.2702209305590136,0.0328849028400597,True
Brussels-Capital Region,21009A301,905.4966413709852,0.6363537580810812,0.7409070039699138,0.7533632286995515,True
Brussels-Capital Region,21009A311,220.22173500061035,0.6832385198418512,0.7853780231231183,0.7713004484304933,True
Brussels-Capital Region,21009A33-,3571.710299915737,0.7047031274824409,0.8029024042776054,0.6576980568011959,True
Brussels-Capital Region,21009A34-,585.7989332411023,0.18390492742638312,0.1252823112863938,0.1046337817638266,True
Brussels-Capital Region,21009A40-,1433.9466120402017,0.8607030958662134,0.9621960381906018,0.852017937219731,True
Brussels-Capital Region,21009A41-,1850.9403241475425,0.824428965246347,0.9357217034446573,0.7952167414050823,True
Brussels-Capital Region,21009A42-,2933.5652014414463,0.892485430971291,0.9788136263929974,0.9192825112107624,True
Brussels-Capital Region,21009A43-,2647.416527642144,0.7507302553547515,0.8446739672590861,0.920777279521674,True
Brussels-Capital Region,21009A44-,1979.0870420667857,0.6571254588715748,0.7565017566583767,0.7443946188340808,True
Brussels-Capital Region,21009A451,2285.7824253506133,0.7594042371321333,0.8597745049239294,0.8340807174887892,True
Brussels-Capital Region,21009A501,530.7551543447707,0.7179404766584533,0.8155240372321563,0.5246636771300448,True
Brussels-Capital Region,21009A512,437.108644273546,0.5829540067401744,0.6783087460095937,0.6547085201793722,True
Brussels-Capital Region,21009A52-,2953.0700683593755,0.45606195057919935,0.4823004713034526,0.3094170403587444,True
Brussels-Capital Region,21009A53-,3426.218246248033,0.527310823779627,0.5979116672189918,0.4693572496263079,True
Brussels-Capital Region,21009A542,592.757964293162,0.55455081440092,0.6419931457342944,0.7772795216741405,True
Brussels-Capital Region,21009A552,1434.7966532707214,0.5682618747468301,0.663538872599304,0.5097159940209267,True
Brussels-Capital Region,21009A602,678.4247478908962,0.5079483371034059,0.5715598278459173,0.2212257100149476,True
Brussels-Capital Region,21009A612,3156.245839860704,0.4845768927624844,0.5369926650098983,0.4947683109118087,True
Brussels-Capital Region,21009A623,305.3396987915039,0.5972713120589481,0.6886751170362951,0.8849028400597907,True
Brussels-Capital Region,21009A63-,2138.9287301169497,0.5537710731048429,0.6399906688630325,0.6875934230194319,True
Brussels-Capital Region,21009A652,1827.3919224209255,0.5086150452432732,0.5738570695316552,0.3976083707025411,True
Brussels-Capital Region,21009A712,751.1795306735567,0.6980836729455865,0.7954337351651064,0.9312406576980568,True
Brussels-Capital Region,21009A72-,1586.048180474175,0.6625224617018083,0.760000622045038,0.7458893871449925,True
Brussels-Capital Region,21009A73-,3171.846962187026,0.9238564050867157,0.9827370273500268,0.9790732436472348,True
Brussels-Capital Region,21009A802,378.3585663901436,0.7718714194235772,0.8698811229486296,0.804185351270553,True
Brussels-Capital Region,21009A812,568.3264039622413,0.7190844825548354,0.8171748420001221,0.8071748878923767,True
Brussels-Capital Region,21009A82-,591.8765474955242,0.7700572154145637,0.8694712294710351,0.8161434977578476,True
Brussels-Capital Region,21009A83-,323.3319805992975,0.6959016785318762,0.7933512989297794,0.1898355754857997,True
Brussels-Capital Region,21009A90-,1934.0970560709636,0.6448847699740317,0.750547003281647,0.5500747384155455,True
Brussels-Capital Region,21009A911,1512.1393801371255,0.5724806819179087,0.6694666294630044,0.6278026905829597,True
Brussels-Capital Region,21009A922,1415.0332828097871,0.48311938908419055,0.5350614449686626,0.2615844544095665,True
Brussels-Capital Region,21010A00-,5525.840852207608,0.4992683992533385,0.5547831837425127,0.5082212257100149,True
Brussels-Capital Region,21010A01-,3147.109766218397,0.40236010724869353,0.4078805517237109,0.2989536621823617,True
Brussels-Capital Region,21010A02-,3862.691283543905,0.39653442452793264,0.39519768482368045,0.5216741405082213,True
Brussels-Capital Region,21010A03-,3110.242394023471,0.47316183537461864,0.5182367209002395,0.4573991031390134,True
Brussels-Capital Region,21010A04-,4582.197604497274,0.41268506026057544,0.42287464787878426,0.382660687593423,True
Brussels-Capital Region,21010A05-,7379.706171247695,0.40200391259380175,0.40274502608341406,0.3811659192825112,True
Brussels-Capital Region,21010A10-,2281.7632812923857,0.5955159484322066,0.682956590393833,0.547085201793722,True
Brussels-Capital Region,21010A111,1291.928469578425,0.6639449796407608,0.7618291627343561,0.452914798206278,True
Brussels-Capital Region,21010A121,748.8632097541253,0.49326776612336953,0.5478811968145207,0.7384155455904334,True
Brussels-Capital Region,21010A13-,2815.9717012113992,0.44401718694208986,0.4586169966945098,0.4379671150971599,True
Brussels-Capital Region,21010A141,2652.078193664551,0.4672467978106086,0.5032446986431133,0.4409566517189835,True
Brussels-Capital Region,21010A1AJ,2655.660336953484,0.7045693760871102,0.8002715382430896,0.8116591928251121,True
Brussels-Capital Region,21010A21-,3639.577081786261,0.5180245392167737,0.57846173424151,0.4469357249626308,True
Brussels-Capital Region,21010A312,871.5727477511391,0.592523758992773,0.679374692489642,0.5799701046337817,True
Brussels-Capital Region,21010A393,472.9697588040598,0.5031250608572255,0.559911452541111,0.7877428998505231,True
Brussels-Capital Region,21011A00-,2844.158448749119,0.10715334075644645,0.022062352961569318,0.1778774289985052,True
Brussels-Capital Region,21011A01-,3130.8971027798125,0.12294919272443056,0.04459363444228659,0.1569506726457399,True
Brussels-Capital Region,21011A02-,2454.053611755371,0.08774410092203552,0.007375187346960323,0.1210762331838565,True
Brussels-Capital Region,21011A10-,1634.3538682725696,0.40934147834840245,0.41623846457476277,0.3901345291479821,True
Brussels-Capital Region,21011A11-,1871.3049494425456,0.5331351723957658,0.6063327384853998,0.5396113602391629,True
Brussels-Capital Region,21011A12-,1489.9833092159697,0.460513839377226,0.49328553001747355,0.6083707025411061,True
Brussels-Capital Region,21011A20-,3053.9546783555097,0.4080472324494237,0.4116605237626249,0.5007473841554559,True
Brussels-Capital Region,21011A30-,3284.3586293492053,0.45478214587061017,0.47704996644642617,0.4275037369207772,True
Brussels-Capital Region,21012A00-,2607.589611053467,0.09190688346586909,0.009513570624628726,0.0568011958146487,True
Brussels-Capital Region,21012A011,1751.3502125210236,0.1745305408282597,0.1014832431705911,0.3064275037369208,True
Brussels-Capital Region,21012A02-,1105.426915274726,0.17841630704082728,0.10472865433481862,0.0941704035874439,True
Brussels-Capital Region,21012A03-,2769.115037706163,0.1073672301754553,0.024433782481201566,0.0986547085201793,True
Brussels-Capital Region,21012A041,2417.5603595309785,0.1111437431821951,0.02828927769083302,0.0672645739910313,True
Brussels-Capital Region,21012A05-,913.3412085639104,0.13823290263499208,0.0567301763095989,0.0612855007473841,True
Brussels-Capital Region,21012A10-,3199.44548924764,0.10503544531959916,0.01520923997590687,0.1464872944693572,True
Brussels-Capital Region,21012A11-,4329.39721722073,0.1820300427426551,0.12083657993440829,0.2346786248131539,True
Brussels-Capital Region,21012A12-,2297.601419183943,0.11841623562198378,0.03028128357810493,0.2451420029895366,True
Brussels-Capital Region,21012A13-,1791.883423169454,0.260489033704993,0.21638546007916698,0.1733931240657698,True
Brussels-Capital Region,21012A141,1969.722020890977,0.10851954983740848,0.026435790421238902,0.0792227204783258,True
Brussels-Capital Region,21012A152,5089.001473320855,0.1058719358661229,0.0187108452061472,0.0597907324364723,True
Brussels-Capital Region,21012A172,2482.3985189067,0.12249737600550983,0.04222219557122315,0.1061285500747384,True
Brussels-Capital Region,21012A20-,1163.9067713949414,0.17055255692865467,0.09129729938478445,0.2974588938714499,True
Brussels-Capital Region,21012A21-,688.825689845615,0.1965491000997762,0.1366587415400688,0.0478325859491778,True
Brussels-Capital Region,21012A22-,386.7917866706848,0.15153054461779225,0.06643112884228497,0.4424514200298953,True
Brussels-Capital Region,21012A23-,3041.2145018577576,0.48753674257207225,0.542667945068803,0.491778774289985,True
Brussels-Capital Region,21012A24-,3107.4506267971465,0.25408196665388233,0.21228805047418625,0.3542600896860987,True
Brussels-Capital Region,21012A25-,575.4595158894856,0.18490589970185795,0.1257729060476923,0.1838565022421524,True
Brussels-Capital Region,21012A26-,4136.434487872653,0.4448209593138681,0.46661842678302135,0.554559043348281,True
Brussels-Capital Region,21012A30-,1729.8964835281174,0.4323181338474094,0.44230362121070094,0.4230194319880418,True
Brussels-Capital Region,21012A39-,262.4567047275292,0.7208711974443275,0.8194135306338642,0.1659192825112107,True
Brussels-Capital Region,21012A41-,1668.391110943423,0.5409574497819345,0.61514443359118,0.515695067264574,True
Brussels-Capital Region,21012A50-,2905.2016217973496,0.5447217500874324,0.621598048527389,0.5515695067264574,True
Brussels-Capital Region,21012A511,3405.743190765381,0.2966452309355807,0.24652431701403843,0.1674140508221225,True
Brussels-Capital Region,21012A52-,3362.700540966458,0.3012577372659556,0.25096084043835265,0.358744394618834,True
Brussels-Capital Region,21012A53-,755.1190609402126,0.12694798840444685,0.05053114425698614,0.0418535127055306,True
Brussels-Capital Region,21012A54-,4462.254368252225,0.308511000796604,0.2621465973667442,0.2526158445440957,True
Brussels-Capital Region,21012A552,506.6669404771594,0.29054640608720494,0.23935830069150507,0.2630792227204783,True
Brussels-Capital Region,21012A60-,4955.542794836892,0.20405641832505061,0.14204818756416188,0.1763826606875934,True
Brussels-Capital Region,21012A611,2227.18071322971,0.21069325577820489,0.16373119182416396,0.2705530642750374,True
Brussels-Capital Region,21012A62-,6384.214496612548,0.171083035978423,0.09448614055489828,0.179372197309417,True
Brussels-Capital Region,21012A63-,2797.045335345798,0.3168565221513371,0.28077768697686384,0.1494768310911808,True
Brussels-Capital Region,21012A672,4548.91123898824,0.20521912584626467,0.14753917890604334,0.2436472346786248,True
Brussels-Capital Region,21012A71-,3501.6801147460938,0.11960007786860732,0.03273129558186791,0.1180866965620328,True
Brussels-Capital Region,21012A72-,2651.523824479845,0.12302768174424669,0.047036523375977614,0.0582959641255605,True
Brussels-Capital Region,21012A732,2329.6022987365723,0.2535620166887874,0.20967530145723032,0.3677130044843049,True
Brussels-Capital Region,21012A811,885.5428369310167,0.45454752902866147,0.4729101804220547,0.249626307922272,True
Brussels-Capital Region,21012A822,4267.276200632255,0.46501622999973563,0.4981611226676828,0.3632286995515695,True
Brussels-Capital Region,21012A833,889.5077235170432,0.46918916963221924,0.5100959577492855,0.2869955156950672,True
Brussels-Capital Region,21012A84-,811.415978577402,0.41579766775196403,0.4279130308707028,0.4499252615844544,True
Brussels-Capital Region,21012A851,1872.18925095929,0.47437153687852707,0.5209188354739921,0.4828101644245142,True
Brussels-Capital Region,21012A882,1737.4170608520506,0.4624186630574845,0.49464900402737505,0.5067264573991032,True
Brussels-Capital Region,21013A00-,4207.756630791559,0.4758341257842163,0.5277490798505268,0.42152466367713,True
Brussels-Capital Region,21013A01-,3966.984361860487,0.5478433593842715,0.6271117787172221,0.5919282511210763,True
Brussels-Capital Region,21013A02-,3823.149316363864,0.5042565881692731,0.5617264262136553,0.6188340807174888,True
Brussels-Capital Region,21013A031,1761.7479413350422,0.6315169317711268,0.7293009580259048,0.6980568011958147,True
Brussels-Capital Region,21013A04-,3097.083195156521,0.6244354082040939,0.7210677677793389,0.7563527653213752,True
Brussels-Capital Region,21013A052,2099.3207331763374,0.5408037549661465,0.6135526951679278,0.6965620328849028,True
Brussels-Capital Region,21013A101,2889.235530429416,0.17917427041740894,0.10996527619390063,0.2062780269058296,True
Brussels-Capital Region,21013A102,388.0557742648655,0.30437335081283945,0.2576615986403492,0.1300448430493273,True
Brussels-Capital Region,21013A11-,3033.4425370958115,0.38451600990203844,0.38122823008272555,0.3736920777279521,True
Brussels-Capital Region,21013A121,756.3237308926052,0.23206815811899584,0.19249029770550555,0.116591928251121,True
Brussels-Capital Region,21013A13-,2363.000040266249,0.18023069913432055,0.11320708182246424,0.1988041853512705,True
Brussels-Capital Region,21013A151,2106.690594567193,0.3155638316211765,0.2764491143624515,0.2391629297458893,True
Brussels-Capital Region,21013A201,2798.616200553046,0.1406973144246982,0.05873438236726503,0.1853512705530642,True
Brussels-Capital Region,21013A211,2386.4613379902307,0.14718541588368264,0.062203534347846624,0.1539611360239162,True
Brussels-Capital Region,21013A22-,2916.898279825846,0.18074842699334867,0.11777525055305185,0.1420029895366218,True
Brussels-Capital Region,21013A23-,1683.3032002978855,0.15642581221563748,0.07430128540031583,0.2272047832585949,True
Brussels-Capital Region,21013A242,2273.801111857096,0.15213064457222966,0.06755514472259389,0.1629297458893871,True
Brussels-Capital Region,21013A252,1608.823488023546,0.1837987019486652,0.1243551531126843,0.1270553064275037,True
Brussels-Capital Region,21013A40-,2054.7324483659536,0.3204382084503263,0.2849278601625568,0.2197309417040358,True
Brussels-Capital Region,21013A41-,1808.654618793064,0.38313932485867114,0.37485501508152064,0.4095665171898355,True
Brussels-Capital Region,21013A422,1597.5978876749675,0.18937780646153798,0.1325496475036561,0.1195814648729446,True
Brussels-Capital Region,21013A51-,2134.211866590712,0.4679717909530376,0.5086127868368979,0.5381165919282511,True
Brussels-Capital Region,21013A522,1774.5056987338594,0.37923574903078844,0.3618023731437844,0.5455904334828101,True
Brussels-Capital Region,21013A612,579.5084173414442,0.1738198468793469,0.10049852953169873,0.5171898355754858,True
Brussels-Capital Region,21014A00-,2241.533340030246,0.16747507795229846,0.08628544011019805,0.1285500747384155,True
Brussels-Capital Region,21014A01-,749.791051864624,0.2992188018986577,0.248279898066092,0.2585949177877429,True
Brussels-Capital Region,21014A02-,1746.476794136895,0.2045831855905249,0.14487957768488136,0.3288490284005979,True
Brussels-Capital Region,21014A03-,1555.3469981087578,0.25110629708730003,0.20803403393890182,0.2959641255605381,True
Brussels-Capital Region,21014A04-,3560.18786960178,0.16693756849594257,0.08383439742104411,0.109118086696562,True
Brussels-Capital Region,21014A05-,4200.320952097575,0.17861245064033443,0.10697016406114376,0.1150971599402092,True
Brussels-Capital Region,21014A10-,2432.635914272732,0.12503500145027263,0.04918441916550154,0.0926756352765321,True
Brussels-Capital Region,21014A14-,1210.6273998684355,0.1799717843444198,0.1116973378871024,0.0358744394618834,True
Brussels-Capital Region,21014A3MJ,1963.8779352506003,0.3296714870603129,0.3009392362556474,0.7040358744394619,True
Brussels-Capital Region,21014A41-,2488.353108935886,0.21387263182821267,0.17071000183682158,0.14050822122571,True
Brussels-Capital Region,21015A00-,7220.901706695557,0.20964714839495846,0.15908779248158175,0.2152466367713004,True
Brussels-Capital Region,21015A01-,1771.4472743140327,0.2887678182542758,0.23537029868501969,0.5336322869955157,True
Brussels-Capital Region,21015A021,2243.257319874234,0.2613722837265099,0.21809017870672262,0.1614349775784753,True
Brussels-Capital Region,21015A03-,4859.904341485765,0.2294834832519692,0.19011761996729046,0.2286995515695067,True
Brussels-Capital Region,21015A04-,4502.052892473009,0.2126041622313358,0.16657407900141816,0.0971599402092675,True
Brussels-Capital Region,21015A05-,5953.555839538574,0.16588008823866834,0.07981514328555422,0.1360239162929745,True
Brussels-Capital Region,21015A101,1449.105947918362,0.3924289402430329,0.3889988610443644,0.3692077727952167,True
Brussels-Capital Region,21015A111,2671.088819026947,0.3157758132844922,0.27846757420892576,0.3647234678624813,True
Brussels-Capital Region,21015A12-,3473.61389541626,0.3748271764568112,0.35109262892046417,0.6382660687593423,True
Brussels-Capital Region,21015A13-,2629.262300067478,0.2222205113499968,0.18266672526730884,0.2002989536621823,True
Brussels-Capital Region,21015A142,275.10664134555395,0.2365217667865038,0.19292604423345808,0.3408071748878923,True
Brussels-Capital Region,21015A152,2432.957133081224,0.24283177477941628,0.20287175384331427,0.186846038863976,True
Brussels-Capital Region,21015A20-,6361.257999632093,0.32232598049036487,0.2915476186367717,0.2855007473841554,True
Brussels-Capital Region,21015A21-,2089.041592915853,0.3376355716607603,0.3026514658544687,0.2660687593423019,True
Brussels-Capital Region,21015A22-,3498.400589201185,0.35537059211831307,0.3332402776550806,0.2541106128550074,True
Brussels-Capital Region,21015A231,2105.392549726698,0.27679426103239624,0.2283094021819387,0.6068759342301944,True
Brussels-Capital Region,21015A24-,3036.3342764112685,0.326601424962806,0.2972946878675157,0.3557548579970104,True
Brussels-Capital Region,21015A272,1698.4153120252822,0.3967758356699958,0.3975470754910649,0.3871449925261584,True
Brussels-Capital Region,21015A30-,4453.561189439562,0.37962591827913506,0.3664962742980234,0.4304932735426009,True
Brussels-Capital Region,21015A31-,3056.419138590494,0.49602591181488526,0.5494888075808898,0.3721973094170404,True
Brussels-Capital Region,21015A32-,4385.750780317519,0.3720218365205455,0.3473394321621562,0.5680119581464873,True
Brussels-Capital Region,21015A33-,2882.9353082444923,0.30820233189869395,0.25904348833986834,0.3946188340807174,True
Brussels-Capital Region,21015A34-,1620.1353782018025,0.37754664824964296,0.3588609613937174,0.5366218236173393,True
Brussels-Capital Region,21015A35-,2442.169791751437,0.6232643271209157,0.7184386920201504,0.5979073243647235,True
Brussels-Capital Region,21015A36-,2261.2145339118106,0.5943281117159465,0.6810373267548876,0.672645739910314,True
Brussels-Capital Region,21015A40-,4156.350764168633,0.12101864953710602,0.035966570066949484,0.0538116591928251,True
Brussels-Capital Region,21015A41-,3616.820491578844,0.14927961583969274,0.06473972998835195,0.1345291479820627,True
Brussels-Capital Region,21015A421,2228.028905656602,0.1379313450133069,0.05540304734662772,0.1718983557548579,True
Brussels-Capital Region,21015A43-,2100.4676293796965,0.19758735861679722,0.1378371292548461,0.2899850523168908,True
Brussels-Capital Region,21015A44-,2766.5746697319883,0.18037519532221055,0.1153741639929306,0.077727952167414,True
Brussels-Capital Region,21015A45-,871.2966090308296,0.2683525640115398,0.22489304719371586,0.1106128550074738,True
Brussels-Capital Region,21015A50-,6265.780403561063,0.6362721183039727,0.7378773674986376,0.6696562032884903,True
Brussels-Capital Region,21015A51-,2475.5938220289017,0.7070480326174037,0.8054571979365241,0.726457399103139,True
Brussels-Capital Region,21015A52-,4154.932420518663,0.6824455010181402,0.7835296596428113,0.6502242152466368,True
Brussels-Capital Region,21015A53-,4179.991975148519,0.47315978590501784,0.5151568287428723,0.3079222720478325,True
Brussels-Capital Region,21015A54-,5432.790729310777,0.6154584298725859,0.7076331120551924,0.6591928251121076,True
Brussels-Capital Region,21015A612,4761.678086598715,0.2079245431787595,0.1534452877411896,0.1958146487294469,True
Brussels-Capital Region,21015A622,1139.4249803755015,0.31129233892793173,0.2672244121541761,0.6711509715994021,True
Brussels-Capital Region,21015A63-,1468.3199629187584,0.32539697237685183,0.2948553663086886,0.6457399103139013,True
Brussels-Capital Region,21015A64-,2906.218131171333,0.3140639540406012,0.2722865970367219,0.2914798206278027,True
Brussels-Capital Region,21015A70-,1044.2663962046304,0.4563348301651998,0.48398921882570367,0.4977578475336323,True
Brussels-Capital Region,21015A71-,1014.4523810810512,0.5783307205285779,0.6745644334926281,0.5769805680119582,True
Brussels-Capital Region,21015A721,968.4308655526902,0.5432492120483963,0.619557197947045,0.7892376681614349,True
Brussels-Capital Region,21015A73-,725.5503118832905,0.42029216862967383,0.4359678158052708,0.7130044843049327,True
Brussels-Capital Region,21015A77-,2259.407146937317,0.42537854191755364,0.4391641523477769,0.2242152466367713,True
Brussels-Capital Region,21015A782,426.6612254248725,0.5342017105732508,0.6092672201753166,0.2331838565022421,True
Brussels-Capital Region,21015A811,1991.6973061031763,0.43830195140206096,0.4482538469765266,0.7608370702541106,True
Brussels-Capital Region,21015A822,209.78233372502865,0.6546512803180167,0.755306478091811,0.6860986547085202,True
Brussels-Capital Region,21015A831,4646.363832049899,0.5663493262491174,0.6562813329706766,0.7204783258594918,True
Brussels-Capital Region,21015A883,699.3664884567262,0.41659749058922835,0.4285512884130643,0.1808669656203288,True
Brussels-Capital Region,21016A00-,2848.024931351344,0.7856204253162897,0.8932810679150248,0.757847533632287,True
Brussels-Capital Region,21016A01-,4072.0650692250993,0.8568175818314959,0.9592380793172645,0.8923766816143498,True
Brussels-Capital Region,21016A02-,1762.0703370836045,0.7422784332623792,0.8316330922801173,0.3213751868460389,True
Brussels-Capital Region,21016A03-,2998.9709214104546,0.8048895277474941,0.9178526112614036,0.8385650224215246,True
Brussels-Capital Region,21016A042,641.0510552724203,0.7944230828559302,0.9087514385718363,0.9641255605381166,True
Brussels-Capital Region,21016A05-,2416.811420440674,0.6811698817732227,0.7807533068822488,0.57847533632287,True
Brussels-Capital Region,21016A102,3075.565853741434,0.9459486832693214,0.9935893477142094,0.9745889387144993,True
Brussels-Capital Region,21016A111,1602.829437308841,0.8863027476733257,0.9768971439367278,0.9895366218236172,True
Brussels-Capital Region,21016A12-,3147.186829646428,0.8737110933152065,0.9721529098608023,0.9566517189835576,True
Brussels-Capital Region,21016A214,289.97995365990533,0.7875397959021011,0.8977088162653745,0.7324364723467862,True
Brussels-Capital Region,21016A225,438.9299278259277,0.8761803798417173,0.9736679301355204,0.929745889387145,True
Brussels-Capital Region,21016A232,1268.9404999961712,0.8443500266160775,0.949978389036502,0.8953662182361734,True
Brussels-Capital Region,21016A311,2117.791216678594,0.9388905916077613,0.9910489236996205,0.992526158445441,True
Brussels-Capital Region,21016A322,977.635912279288,0.7317197440685151,0.8237485701013935,0.6472346786248132,True
Brussels-Capital Region,21016A331,313.81395901574024,0.7749094112801614,0.8731204604309,0.523168908819133,True
Brussels-Capital Region,21016A342,6049.358965563484,0.9881467423011966,0.9974443382350062,0.9940209267563528,True
Brussels-Capital Region,21016A400,2248.299128892107,0.7700243293701385,0.868271345578654,0.7144992526158446,True
Brussels-Capital Region,21016A410,786.1637262768215,0.8826108386516434,0.9746163531475504,0.9461883408071748,True
Brussels-Capital Region,21016A429,1504.867316449061,0.8851097919153281,0.9755842408975813,0.907324364723468,True
Brussels-Capital Region,21016A44-,1736.2725288420916,0.9367869129083263,0.986287153228517,0.866965620328849,True
Brussels-Capital Region,21016A490,477.0501520430875,0.7608538921811251,0.8621330916962067,0.9342301943198804,True
Brussels-Capital Region,21016A521,259.9680705657746,0.7153416690677352,0.8129995752290679,0.9656203288490284,True
Brussels-Capital Region,21016A533,609.010047563662,0.8551909053072583,0.9560889557227068,0.7159940209267563,True
Brussels-Capital Region,21016A601,1203.959056377411,0.6365793892910518,0.7417981819116385,0.7010463378176383,True
Brussels-Capital Region,21016A610,488.9803032846087,0.4724474690558377,0.5121613871576703,0.9177877428998504,True
Brussels-Capital Region,21016A620,1165.5681328132955,0.7573845907208313,0.8526179900634331,0.8609865470852018,True
Brussels-Capital Region,21016A639,1389.1335328596438,0.3694479587641075,0.3448997272082154,0.3452914798206278,True
Brussels-Capital Region,21016A64-,1925.989481922524,0.6983224042756266,0.7965647539264111,0.7623318385650224,True
Brussels-Capital Region,21016A65-,410.92367952399775,0.6479341568476684,0.7532626579248889,0.5276532137518685,True
Brussels-Capital Region,21016A701,1676.4404742452834,0.7092596994508438,0.8081810374104617,0.4289985052316891,True
Brussels-Capital Region,21016A71-,1690.4106769429573,0.7587594639008132,0.8575325237328136,0.7548579970104634,True
Brussels-Capital Region,21016A72-,450.7353058207469,0.7502923791238448,0.8421888726582031,0.2032884902840059,True
Brussels-Capital Region,21016A731,484.7660695777999,0.752468269855366,0.8478064940286728,0.9088191330343796,True
Brussels-Capital Region,21016A772,1100.8621875180138,0.6095403144011439,0.6972791265157988,0.3348281016442451,True
Brussels-Capital Region,21016A80-,2709.0230462816025,0.8341791797217964,0.9458122087135648,0.8026905829596412,True
Brussels-Capital Region,21016A81-,2510.312858263652,0.8072805933634103,0.9219473746413979,0.772795216741405,True
Brussels-Capital Region,21016A82-,3141.94232325587,0.870068134984426,0.9678842936968629,0.8176382660687593,True
Brussels-Capital Region,21016A831,3708.6236912674376,0.9388245063965691,0.9885874487083041,0.9611360239162928,True
Brussels-Capital Region,21016A841,891.9092089401352,0.8427304252650081,0.9490654987596208,0.9671150971599404,True
Brussels-Capital Region,21016A85-,1095.3710907167856,0.8496992438225985,0.9522502263776752,0.7354260089686099,True
Brussels-Capital Region,21016A901,1781.032579951816,0.7806902498818677,0.8849407962467308,0.8101644245142003,True
Brussels-Capital Region,21016A912,1102.8756833871205,0.7478622022509454,0.8366693355943869,0.6532137518684604,True
Brussels-Capital Region,21016A922,1213.199919965532,0.6950679938098347,0.7927021630707038,0.6307922272047832,True
Brussels-Capital Region,21016A933,2997.432813882828,0.7909695351035154,0.9029583818680122,0.7787742899850523,True
Brussels-Capital Region,21016A943,628.2790609995525,0.6633994779407878,0.7610179361242825,0.4170403587443946,True
Brussels-Capital Region,21016A954,181.317610528734,0.5968560953706723,0.6860579418674092,0.5022421524663677,True
Brussels-Capital Region,21017A000,719.5553939772976,0.6185872120580292,0.7108420154894833,0.6681614349775785,True
Brussels-Capital Region,21017A01-,443.98182599412064,0.7173571726454779,0.8151122418591658,0.8729446935724963,True
Brussels-Capital Region,21017A021,177.13854211072126,0.7362406937937293,0.8281414945105107,0.8400597907324364,True
Brussels-Capital Region,21017A031,322.86579899158744,0.8933015656145433,0.980189364920918,0.9970104633781764,True
Brussels-Capital Region,21017A041,542.4902030362023,0.5764284087956612,0.673906674768907,0.8819133034379671,True
Brussels-Capital Region,21017A08-,401.3690022309052,0.5931298681331248,0.679912469893498,0.937219730941704,True
Brussels-Capital Region,21017A11-,1381.9630263911354,0.6393842759781695,0.7465295310065864,0.3004484304932735,True
Brussels-Capital Region,21017A12-,1553.430867758062,0.6751701390292667,0.7743618221951288,0.4678624813153961,True
Brussels-Capital Region,21017A13-,1246.6798706054688,0.8327450473940191,0.9418447756341649,0.898355754857997,True
Brussels-Capital Region,21017A212,1787.957664489746,0.7118686592857506,0.810594452584552,0.8834080717488789,True
Brussels-Capital Region,21017A220,494.1518574820625,0.6114092603635645,0.7019936835482428,0.1823617339312406,True
Brussels-Capital Region,21017A230,825.4658168156941,0.7782760699315727,0.8784976278401238,0.9013452914798208,True
Brussels-Capital Region,21017A240,853.212678803338,0.6456368725749699,0.7517245529951233,0.8684603886397608,True
Brussels-Capital Region,21017A312,75.70640979748633,0.7948701373166129,0.9090542458045829,0.968609865470852,True
Brussels-Capital Region,21017A374,96.84900142749149,0.6632960841915737,0.7607115925803768,0.0762331838565022,True
Brussels-Capital Region,21017A393,262.7334330918061,0.7655808472412255,0.865817468889255,0.5186846038863976,True
Brussels-Capital Region,21017A41-,1006.5587633980646,0.7937316504395597,0.9062946784861206,0.750373692077728,True
Brussels-Capital Region,21017A421,221.7528834078047,0.7661183885929815,0.8660221489490414,0.8714499252615845,True
Brussels-Capital Region,21017A432,979.0587711334229,0.8292351032112593,0.9388096392461445,0.9133034379671152,True
Brussels-Capital Region,21017A443,176.7753079732259,0.6786357644480191,0.7796575989777028,0.0866965620328849,True
Brussels-Capital Region,21017A451,1248.1849524709912,0.686934053752942,0.7864186197517986,0.8430493273542601,True
Brussels-Capital Region,21017A472,198.71026635169983,0.6408162947736952,0.7493838983405557,0.6935724962630793,True
Brussels-Capital Region,21017A501,248.8580525186327,0.7581898206296266,0.8567132443724472,0.7473841554559043,True
Brussels-Capital Region,21017A512,842.0475362141927,0.7746906277288715,0.8726321457109761,0.8415545590433483,True
Brussels-Capital Region,21017A523,842.9665571848552,0.8502637115954463,0.9530691123856954,0.6666666666666666,True
Brussels-Capital Region,21017A534,142.1637363433838,0.7580956755059951,0.8557787933045525,0.7593423019431988,True
Brussels-Capital Region,21017A541,839.0720022850567,0.7290748162622247,0.8220561827272621,0.7369207772795217,True
Brussels-Capital Region,21017A613,230.4159151713053,0.7575651545559413,0.8532077489248736,0.8774289985052317,True
Brussels-Capital Region,21017A624,376.1712596681383,0.8072345421681989,0.9207279269052897,0.6412556053811659,True
Brussels-Capital Region,21017A635,418.0884692470232,0.8105343425561135,0.9266844942751653,0.9551569506726456,True
Brussels-Capital Region,21017A696,224.2237880494859,0.8124295771217536,0.9283442176140123,0.8266068759342302,True
Brussels-Capital Region,21018A00-,2083.822354634603,0.7938306907751501,0.9076002662198911,0.7428998505231689,True
Brussels-Capital Region,21018A01-,1386.5164890819128,0.8552061684095025,0.9569320022173468,0.9267563527653214,True
Brussels-Capital Region,21018A02-,1258.512510087755,0.7762323889466639,0.8772272582476628,0.7832585949177877,True
Brussels-Capital Region,21018A031,1953.0418400234648,0.7555231370689924,0.8491070046448704,0.6905829596412556,True
Brussels-Capital Region,21018A04-,1339.4879355960425,0.7496557180826644,0.8414325602761907,0.6771300448430493,True
Brussels-Capital Region,21018A05-,1715.425485028161,0.805712817372864,0.9198442938032312,0.8505231689088192,True
Brussels-Capital Region,21018A09-,376.79090028338953,0.7329154130487247,0.8252732204706233,0.9252615844544096,True
Brussels-Capital Region,21018A12-,1565.226538552178,0.6260457463591665,0.7273057790742101,0.8325859491778774,True
Brussels-Capital Region,21018A13-,481.4559292263455,0.6114815671275755,0.7024058468092288,0.5052316890881914,True
Brussels-Capital Region,21018A14-,1275.6260198420946,0.671988458000533,0.7708864975113454,0.5426008968609866,True
Brussels-Capital Region,21018A20-,4093.947371164957,0.6948335017169441,0.790460062132349,0.6113602391629297,True
Brussels-Capital Region,21018A21-,3117.6979678471885,0.7360930791844101,0.8267495308762909,0.7279521674140508,True
Brussels-Capital Region,21018A22-,2228.6029020945234,0.7753429807454186,0.8746359919096207,0.8011958146487295,True
Brussels-Capital Region,21018A24-,2645.6902832190194,0.7742424177530862,0.8711586874086683,0.8624813153961136,True
Brussels-Capital Region,21018A30-,881.007932662964,0.781173030018292,0.8860654236979507,0.7653213751868461,True
Brussels-Capital Region,21018A311,910.4316099484764,0.7581385489988497,0.8562234813608974,0.617339312406577,True
Brussels-Capital Region,21018A32-,634.0538401073879,0.7555300421167874,0.8501999702879626,0.8550074738415545,True
Brussels-Capital Region,21018A33-,2560.1079837580523,0.8089826091155872,0.9240894661840141,0.8295964125560538,True
Brussels-Capital Region,21018A34-,737.9126230610742,0.8406763586912005,0.947268429405159,0.9506726457399104,True
Brussels-Capital Region,21018A35-,320.27772871984376,0.7524941031085414,0.8481465994292892,0.2511210762331838,True
Brussels-Capital Region,21018A37-,1153.9614686999057,0.677943409220617,0.7790954050132224,0.3617339312406577,True
Brussels-Capital Region,21018A3MJ,2239.637459039688,0.8281091737582008,0.937449842458516,0.8654708520179372,True
Brussels-Capital Region,21018A41-,642.904797077179,0.7902978884353663,0.9014204550071726,0.6995515695067265,True
Brussels-Capital Region,21018A42-,1458.8198925124275,0.7872803234623278,0.896339397138332,0.7294469357249627,True
Brussels-Capital Region,21018A43-,1582.1721317503186,0.8105057828155636,0.9258394477889021,0.7399103139013453,True
Brussels-Capital Region,21018A512,1466.1745864020452,0.7872411672728574,0.8951036799995188,0.7668161434977578,True
Brussels-Capital Region,21018A60-,634.2322242359321,0.6670211838399778,0.7673852500156225,0.336322869955157,True
Brussels-Capital Region,21018A61-,1961.9663050439624,0.7564482136026028,0.851296706233686,0.7862481315396114,True
Brussels-Capital Region,21018A62-,4416.194843504163,0.7484041168766654,0.8390009673596988,0.7847533632286996,True
Brussels-Capital Region,21018A63-,2028.2103099889223,0.5214270476777533,0.5816208736030514,0.6442451420029895,True
Brussels-Capital Region,21018A643,694.0975822905699,0.5022659382359639,0.5576456065809973,0.2600896860986547,True
Brussels-Capital Region,21018A72-,2326.052572660976,0.7785849594392729,0.8798290441266279,0.7817638266068759,True
Brussels-Capital Region,21018A81-,814.5947037140529,0.4023585804436517,0.40620685758592723,0.2944693572496263,True
Brussels-Capital Region,21018A82-,961.5669600168862,0.6643702837763374,0.7645069424471982,0.9820627802690582,True
Brussels-Capital Region,21018A83-,905.0142225958408,0.5212961321638214,0.5803816795283165,0.8789237668161435,True
Brussels-Capital Region,21018A84-,512.3050116300583,0.37342601522557795,0.3494087049531324,0.1330343796711509,True
Brussels-Capital Region,21018A87-,818.4267107542449,0.3091398320338059,0.2643775171722261,0.0284005979073243,True
Brussels-Capital Region,21019A001,1410.0207927605757,0.7602143800379837,0.8613358642397241,0.7802690582959642,True
Brussels-Capital Region,21019A01-,1127.2423919748203,0.7325094523365813,0.8246378142399494,0.70254110612855,True
Brussels-Capital Region,21019A02-,618.1350587275293,0.8451952422006158,0.950775618442219,0.9043348281016442,True
Brussels-Capital Region,21019A03-,744.4955297576057,0.7966153162922549,0.9094007550377805,0.8490284005979073,True
Brussels-Capital Region,21019A04-,902.3169448640612,0.7800348025208496,0.8838071664155825,0.8191330343796711,True
Brussels-Capital Region,21019A052,1323.2605381912242,0.7761879897210633,0.8761365412472435,0.8535127055306427,True
Brussels-Capital Region,21019A10-,814.9749786588882,0.8210240828202077,0.9345954390178182,0.8355754857997011,True
Brussels-Capital Region,21019A11-,919.079845958286,0.8518896793844364,0.9548045320328091,0.938714499252616,True
Brussels-Capital Region,21019A12-,756.0975209342109,0.8543200232127242,0.9555122411918326,0.9865470852017936,True
Brussels-Capital Region,21019A131,1796.102154943678,0.7994238681812903,0.9123996769000937,0.9701046337817638,True
Brussels-Capital Region,21019A14-,1288.2711044649284,0.5287458783638255,0.6031938365807388,0.8938714499252616,True
Brussels-Capital Region,21019A15-,539.5232156912485,0.47799312794681137,0.5323139423051793,0.3378176382660687,True
Brussels-Capital Region,21019A20-,1747.5889440907372,0.9298982610635349,0.9848153325593197,0.985052316890882,True
Brussels-Capital Region,21019A21-,2231.2836775238525,0.8187081329928485,0.9319886833426335,0.8998505231689088,True
Brussels-Capital Region,21019A22-,1172.882472700543,0.8507475879175895,0.9539207444873784,1.0,True
Brussels-Capital Region,21019A231,718.9750371509127,0.7405953682594028,0.8305849295183697,0.8310911808669657,True
Brussels-Capital Region,21019A242,855.9879407352871,0.7978224948211871,0.9112792531835595,0.8056801195814649,True
Brussels-Capital Region,21019A252,1404.2214049264376,0.7183068132313766,0.8163415032871284,0.9162929745889388,True
Brussels-Capital Region,21019A30-,1736.1524543762205,0.77934513482858,0.8819236522639876,0.8893871449925261,True
Brussels-Capital Region,21019A31-,1267.8557198260032,0.8989238365953662,0.9808613941702216,0.9521674140508222,True
Brussels-Capital Region,21019A32-,2717.6890856698155,0.8331600039503676,0.9435195954326853,0.8863976083707026,True
Brussels-Capital Region,21019A33-,2005.5780804951987,0.7815730377287278,0.887284914481551,0.7488789237668162,True
Brussels-Capital Region,21019A34-,1423.0003532833523,0.796682749136157,0.9103164531118416,0.9596412556053812,True
Brussels-Capital Region,21019A35-,1883.440130021837,0.8129438690347635,0.9292346385858105,0.9431988041853512,True
Brussels-Capital Region,21019A40-,1143.6298624012206,0.7464072159759698,0.83286065819952,0.9327354260089686,True
Brussels-Capital Region,21019A41-,281.6188274297294,0.791713133696943,0.9052860233614205,0.8445440956651719,True
Brussels-Capital Region,21019A42-,2003.0353035926817,0.8032985671986826,0.915399306873924,0.953662182361734,True
Brussels-Capital Region,21019A43-,461.5199841583769,0.7767187932934633,0.87795391727139,0.9985052316890882,True
Brussels-Capital Region,21019A441,529.0577382900649,0.7157988777571425,0.8147011635904725,0.9955156950672646,True
Brussels-Capital Region,21019A45-,1202.1080248090957,0.8168660711901917,0.9305381845463394,0.9417040358744396,True
Brussels-Capital Region,21019A51-,1643.1613717608984,0.810589571598573,0.9275553067755892,0.8639760837070254,True
Brussels-Capital Region,21019A52-,1392.085842238532,0.7505778641309686,0.842967405982912,0.8475336322869955,True
Zürich,011,6247.960679332415,0.5670869216997271,0.6042741020267297,0.5757575757575758,True
Zürich,012,4777.519338596199,0.40601416746715696,0.3925279977553311,0.2424242424242424,True
Zürich,013,4195.182634962929,0.7743840145902974,0.8650104419276647,0.8787878787878788,True
Zürich,014,7226.853507889641,0.20251865001232594,0.09715447579054177,0.0,True
Zürich,021,15288.59734149854,0.5034324374830994,0.5281203748878265,0.5151515151515151,True
Zürich,023,2327.361167979608,0.36435535731217156,0.3327912952201835,0.1515151515151515,True
Zürich,024,15389.832069128232,0.8480908680408954,0.9426650672791199,0.9393939393939394,True
Zürich,031,14257.61802928962,0.6750312769017152,0.799449403335904,0.7272727272727273,True
Zürich,033,8382.332138814498,0.24379123372843203,0.11667959678500707,0.0909090909090909,True
Zürich,034,15170.97948210438,0.4395086426913094,0.4381745270655414,0.3939393939393939,True
Zürich,041,4598.09500058492,0.7056068213929049,0.8230355202979347,0.8181818181818182,True
Zürich,042,15529.542662819224,0.6120880836426652,0.6930556883055253,0.6363636363636364,True
Zürich,044,11444.221033122803,0.25034642215671427,0.14148011222169896,0.2121212121212121,True
Zürich,051,8271.608075827773,0.41685926056788425,0.408850809041301,0.3333333333333333,True
Zürich,052,9331.674088478088,0.9286937592687068,0.988327253593981,1.0,True
Zürich,061,19671.933496757927,0.5427866399642075,0.5718515861180437,0.5151515151515151,True
Zürich,063,12782.098743697214,0.6342213834903296,0.7284699781042292,0.7575757575757576,True
Zürich,071,12381.601491467613,0.7224160801242728,0.8442749773689465,0.7878787878787878,True
Zürich,072,14113.322880736552,0.7805152651405652,0.8879120713600336,0.8484848484848485,True
Zürich,073,7520.437579341233,0.6689417782130693,0.7722078046768159,0.696969696969697,True
Zürich,074,6665.567656688289,0.47219208748710945,0.5006584856115872,0.3939393939393939,True
Zürich,081,5891.362834463103,0.903397618468029,0.9692851559118126,0.9696969696969696,True
Zürich,082,7134.322188801236,0.8287556029697511,0.9144901933851104,0.9090909090909092,True
Zürich,083,7331.641546143633,0.6449660390920913,0.7536297283755904,0.6666666666666666,True
Zürich,091,15191.558316627985,0.3616033790182822,0.31087733824822045,0.3636363636363636,True
Zürich,092,35588.63100047922,0.31338199349874113,0.24735773107718748,0.303030303030303,True
Zürich,101,20325.54954399365,0.3826438338300052,0.36112722718608253,0.3939393939393939,True
Zürich,102,14057.851012947249,0.4609979952811303,0.474736104642979,0.3939393939393939,True
Zürich,111,12670.964585909516,0.20077996148298768,0.07226481693192463,0.1818181818181818,True
Zürich,115,24599.076102883453,0.5846022682751376,0.6428598514133841,0.6060606060606061,True
Zürich,119,18805.037932507592,0.2944270402821813,0.17931811701354766,0.2727272727272727,True
Zürich,121,7364.153235252947,0.07622361067816362,0.009211626166446234,0.0303030303030303,True
Zürich,122,7776.610875544112,0.1760538300025533,0.028150810945403056,0.1212121212121212,True
Zürich,123,7409.488633056611,0.18178565614165892,0.04714670458460947,0.0303030303030303,True
Copenhagen,Amager Øst,59614.5528758773,0.45363007862711563,0.4897525906327532,0.4444444444444444,True
Copenhagen,Amager Vest,73805.67415589755,0.5467998560417668,0.6064277522957955,0.5555555555555556,True
Copenhagen,Bispebjerg,59146.361112261606,0.0024400428152639344,0.05172312623115462,0.0,True
Copenhagen,Brønshøj-Husum,45057.28280572128,0.22632439699122708,0.2975508600090544,0.2222222222222222,True
Copenhagen,Indre By,57087.91113942741,0.9965235683123046,0.9500769755127777,1.0,True
Copenhagen,Nørrebro,88452.48104714375,0.11003676150975536,0.18079739895087618,0.1111111111111111,True
Copenhagen,Østerbro,87438.24835989664,0.883779379364782,0.8236897447362453,0.8888888888888888,True
Copenhagen,Valby,57557.21695413086,0.3474231456321036,0.38728660409230814,0.3333333333333333,True
Copenhagen,Vanløse,43599.61231272885,0.7837451254112318,0.7090979476894853,0.7777777777777778,True
Barcelona,08001,29158.348253409076,0.02915263641187714,0.02657383129331161,0.0256410256410256,True
Barcelona,08002,17668.153410699633,0.2319059129970653,0.2485521975928065,0.2307692307692307,True
Barcelona,08003,30801.15211878313,0.27808368114669096,0.2625959506409024,0.282051282051282,True
Barcelona,08004,40508.20297813416,0.16044462865381967,0.17346498818980713,0.1538461538461538,True
Barcelona,08005,52578.36800215715,0.6626966948495104,0.7264564341302943,0.6666666666666666,True
Barcelona,08006,34884.405502531255,0.8384475880800046,0.8665753691845588,0.8461538461538461,True
Barcelona,08007,19131.808429929944,0.7791276568090181,0.8401080418042143,0.8717948717948718,True
Barcelona,08008,16936.97795783149,0.881795970943764,0.8815903710290834,0.8974358974358975,True
Barcelona,08009,18665.331357320152,0.7840256525901564,0.8510595850808889,0.7948717948717948,True
Barcelona,08010,13817.60144551595,0.7743771882417639,0.8305611054428137,0.8205128205128205,True
Barcelona,08011,23717.72082349989,0.6240376593292285,0.7043500016510553,0.6410256410256411,True
Barcelona,08012,25276.774737464053,0.6165061968003914,0.690154077264318,0.6153846153846154,True
Barcelona,08013,49553.18693432543,0.4780083292979426,0.5004743089772187,0.4871794871794871,True
Barcelona,08014,70241.9082842403,0.3810927472364066,0.38753880712892436,0.3846153846153846,True
Barcelona,08015,54910.36081292894,0.5579377198028656,0.6175925659788574,0.5641025641025641,True
Barcelona,08016,51694.46536342303,0.11315007816750644,0.10733193019355146,0.0769230769230769,True
Barcelona,08017,63040.507935661,1.00205386238044,0.9817343096666313,1.0,True
Barcelona,08018,42779.07817783621,0.5340163053310736,0.5892875110248758,0.5384615384615384,True
Barcelona,08019,39768.18889886804,0.3920911170720214,0.41941371477943407,0.4102564102564102,True
Barcelona,08020,56237.43882346153,0.10775672316071777,0.07605916917803944,0.1025641025641025,True
Barcelona,08021,37804.35900624593,0.9659875585091636,0.9525149843218775,0.9743589743589745,True
Barcelona,08022,41500.975119054325,0.9224198719896767,0.8985224927643287,0.9230769230769232,True
Barcelona,08023,43511.66194361448,0.7391271684492954,0.7968622563522219,0.7435897435897436,True
Barcelona,08024,53516.87677233749,0.519966945338327,0.5613862115101097,0.5128205128205128,True
Barcelona,08025,53577.81099351248,0.4875698722785361,0.530356030010363,0.4615384615384615,True
Barcelona,08026,31397.945286644837,0.35507073601722344,0.3580891381518049,0.3333333333333333,True
Barcelona,08027,58340.4157394833,0.28392630420186893,0.2884243001838947,0.2564102564102564,True
Barcelona,08028,85122.46415484615,0.5881213008999288,0.6581664176359321,0.5897435897435898,True
Barcelona,08029,56310.58159478505,0.7198646203501224,0.7679392313233727,0.717948717948718,True
Barcelona,08030,75348.19672807057,0.3091351411359274,0.32715994614224014,0.3076923076923077,True
Barcelona,08031,44075.16526328193,0.19690209062652037,0.19797262085716705,0.1794871794871795,True
Barcelona,08032,56411.16847818594,0.2094436529380763,0.22708806289533107,0.2051282051282051,True
Barcelona,08033,31278.05305585006,0.0038800018831786367,0.009062668592897534,0.0,True
Barcelona,08034,53519.669443070685,0.9566297894932796,0.926054277099255,0.9487179487179488,True
Barcelona,08035,64592.18212805911,0.43697836881973723,0.4674012257715845,0.4358974358974359,True
Barcelona,08036,29487.90797805786,0.7483576330149481,0.8180135380014623,0.7692307692307693,True
Barcelona,08037,17140.462806277807,0.7008193507788175,0.7466571370696022,0.6923076923076923,True
Barcelona,08038,68021.41430827313,0.12957717004009553,0.14201904261818046,0.1282051282051282,True
Barcelona,08041,30629.634764361712,0.4092033084272506,0.43981115270122195,0.358974358974359,True
Barcelona,08042,42696.657083122685,0.08158932084824232,0.04739348074345776,0.0512820512820512,True
Granada,18001,7532.819967803956,0.5848191753195415,0.6290176971726165,0.5,True
Granada,18002,9502.858445739746,0.940323414003454,0.9803271863282692,1.0,True
Granada,18003,8731.113060586453,0.45597087156529165,0.45121893218232945,0.4285714285714285,True
Granada,18004,14009.722723120376,0.7234739198955333,0.7977073521394029,0.7142857142857143,True
Granada,18005,7751.020847473143,0.8238009867997259,0.9003871877829123,0.7857142857142857,True
Granada,18006,19425.02597487196,0.3772757051714955,0.39293010465504524,0.3571428571428571,True
Granada,18007,14474.083220268563,0.1652800735177139,0.18339182666793957,0.1428571428571428,True
Granada,18008,34810.45452743597,0.5796541931008751,0.5413586676130152,0.5714285714285714,True
Granada,18009,13919.129690036552,0.7981068127997829,0.8555256509940624,0.8571428571428571,True
Granada,18010,16977.164405157568,0.2984283563774254,0.31757030500336847,0.2857142857142857,True
Granada,18011,20484.544787247032,0.013660131839371365,0.04240709624906604,0.0,True
Granada,18012,10680.377115631103,0.8963770736442253,0.9385438603155043,0.9285714285714286,True
Granada,18013,16571.685475450453,0.08402023585510739,0.11912088899861713,0.0714285714285714,True
Granada,18014,29971.093706100284,0.6333056947911694,0.7066582839371349,0.6428571428571429,True
Granada,18015,16681.51192706637,0.21938531477049386,0.24789012701252477,0.2142857142857142,True
Madrid,28001,35811.171640625,0.9776217829467192,0.9951447141846058,1.0,True
Madrid,28002,78785.57183977723,0.7598553709203945,0.7912687379126006,0.7592592592592593,True
Madrid,28003,59216.77630048752,0.7941080892081257,0.8456556609777625,0.7962962962962963,True
Madrid,28004,39646.29273696899,0.6168040124498885,0.6226706547027153,0.6481481481481481,True
Madrid,28005,75126.95828835487,0.48834355569216165,0.5096368342102308,0.5,True
Madrid,28006,60085.37847114563,0.9291237593987722,0.9421626293133614,0.9444444444444444,True
Madrid,28007,67883.97089335143,0.5888012590300744,0.6080916800472865,0.5925925925925926,True
Madrid,28008,31384.024080587325,0.6950140735437883,0.7292112847894989,0.7037037037037037,True
Madrid,28009,39428.22678650185,0.8007950349270265,0.8590299702311474,0.8148148148148148,True
Madrid,28010,49783.27515617371,0.8718378634297054,0.9098346767651141,0.8888888888888888,True
Madrid,28011,50700.72343967021,0.2680662685601345,0.27856755800478056,0.2592592592592592,True
Madrid,28012,34090.917939834595,0.4105905110495811,0.41195974123698015,0.3888888888888889,True
Madrid,28013,28057.41527300388,0.630043858468817,0.6654107126570605,0.6111111111111112,True
Madrid,28014,32502.924929294582,0.8024020317589567,0.8687824101712714,0.8333333333333334,True
Madrid,28015,48257.16439453125,0.5601120849361476,0.5577872114660082,0.5370370370370371,True
Madrid,28016,64286.44633059755,0.9139922399458912,0.925300272425,0.925925925925926,True
Madrid,28017,85054.88189724712,0.20639595428957147,0.2282754344180477,0.2037037037037037,True
Madrid,28018,69873.13765103609,0.05995281414275568,0.07448015626804867,0.0555555555555555,True
Madrid,28019,70147.44999818728,0.1644081804462718,0.18887155711584092,0.1666666666666666,True
Madrid,28020,61633.25920684814,0.5642518676570827,0.5726861770824853,0.5555555555555556,True
Madrid,28021,95975.5756990552,0.038673754086256944,0.051994354532464614,0.037037037037037,True
Madrid,28022,100040.1565388733,0.4237179323722655,0.43014525914897317,0.4259259259259259,True
Madrid,28023,82585.79930923908,0.9722700879948186,0.9790924291768073,0.9814814814814816,True
Madrid,28024,47821.72159039512,0.2361862096501928,0.2652098651972722,0.2407407407407407,True
Madrid,28025,60144.31713968053,0.08016964770153283,0.09210794879977593,0.074074074074074,True
Madrid,28026,58392.7032306856,0.08883341176932366,0.10817922173602433,0.0925925925925925,True
Madrid,28027,89313.96230176627,0.4598441361919901,0.4578683472317853,0.4629629629629629,True
Madrid,28028,65811.71509144665,0.5734877353868459,0.5899651921944012,0.5740740740740741,True
Madrid,28029,76083.87318055153,0.40706738318337704,0.39702222101538587,0.3703703703703703,True
Madrid,28030,103651.98858818517,0.2903179726017328,0.32008392610058783,0.2962962962962963,True
Madrid,28031,69770.49114433005,0.22758079352417465,0.2492666894692816,0.2222222222222222,True
Madrid,28032,75929.95330574705,0.2806277614217137,0.2957361704915697,0.2777777777777778,True
Madrid,28033,115879.50602132456,0.5253912845035109,0.535533528853958,0.5185185185185185,True
Madrid,28034,107176.9994517815,0.6677735158298913,0.6837458216603503,0.6666666666666666,True
Madrid,28035,98389.48396055373,0.6880239292511963,0.7116165666068829,0.6851851851851852,True
Madrid,28036,64856.12585610389,0.9555768961821185,0.9591022234657606,0.9629629629629628,True
Madrid,28037,62437.614616336825,0.14954691217014265,0.15369535438265533,0.1481481481481481,True
Madrid,28038,72640.10194741085,0.021781263896023136,0.02913340722402111,0.0185185185185185,True
Madrid,28039,59617.538508875965,0.31504503030987907,0.3422200412479959,0.3148148148148148,True
Madrid,28040,34188.352820609216,0.719750105253733,0.7381016007681275,0.7222222222222222,True
Madrid,28041,107441.69859226466,0.11142641113416725,0.13066308311189542,0.1111111111111111,True
Madrid,28042,123767.24500670344,0.6261329807495489,0.6448262948424015,0.6296296296296297,True
Madrid,28043,139585.68368012412,0.7289433395404974,0.7616619194020102,0.7407407407407407,True
Madrid,28044,63432.17202935353,0.15546943113400621,0.17076080523750034,0.1296296296296296,True
Madrid,28045,89511.66243023485,0.4732273634020308,0.487315097075716,0.4814814814814814,True
Madrid,28046,26289.34623054028,0.8617643234854101,0.8886360754286685,0.9074074074074074,True
Madrid,28047,67714.5854856421,0.18252445853725488,0.2075629194673218,0.1851851851851851,True
Madrid,28048,7561.645311953872,0.43338196832837483,0.4447339329706503,0.3333333333333333,True
Madrid,28049,43821.28572759084,0.8473006382639983,0.8791304619215006,0.8518518518518519,True
Madrid,28050,131569.86447890085,0.7789746813614419,0.8197887700522497,0.7777777777777778,True
Madrid,28051,85294.7146109712,0.35127559701975347,0.3618672735170297,0.3518518518518518,True
Madrid,28052,19182.50550139316,0.4664769190902878,0.4725783200422659,0.4444444444444444,True
Madrid,28053,71119.70502044872,0.00717912635674991,0.009642423834831344,0.0,True
Madrid,28054,48957.02423541962,0.4011472933109217,0.3800691511281332,0.4074074074074074,True
Madrid,28055,40141.03868056565,0.8643427443775836,0.8976427203049331,0.8703703703703703,True
Sevilla,41001,13837.496661948264,0.9748095905293052,0.9902089266666616,1.0,True
Sevilla,41002,15527.639845581056,0.7001404403337474,0.7550731513386706,0.7368421052631579,True
Sevilla,41003,30362.515728454597,0.6329126592218308,0.7226024025117342,0.631578947368421,True
Sevilla,41004,21205.76659667015,0.913371667392309,0.9654131728690734,0.9473684210526316,True
Sevilla,41005,38795.9311769104,0.7004049776068448,0.7935111781439572,0.6842105263157895,True
Sevilla,41006,71286.14349819421,0.06397057000800134,0.05044032715549251,0.0526315789473684,True
Sevilla,41007,50223.11478025884,0.4648103032976853,0.5084645533342539,0.4736842105263157,True
Sevilla,41008,53853.47583826125,0.32776131907874756,0.3122589222528377,0.3157894736842105,True
Sevilla,41009,29452.536766335368,0.24971740757670766,0.2533136304528699,0.2631578947368421,True
Sevilla,41010,34342.19939854316,0.5290639318488733,0.5683008960492141,0.5263157894736842,True
Sevilla,41011,33733.37979150057,0.8804551527326111,0.9265395800293511,0.8947368421052632,True
Sevilla,41012,33332.34541925721,0.7634629467460977,0.84454737802991,0.7894736842105263,True
Sevilla,41013,76683.01107880175,0.553863439159925,0.6468596125707013,0.5789473684210527,True
Sevilla,41014,13306.844669042452,0.39903983975596835,0.3597799182279102,0.3684210526315789,True
Sevilla,41015,45474.78693332873,0.21937436985859926,0.20029689347098673,0.2105263157894736,True
Sevilla,41016,30079.94635251608,0.12090321224069717,0.126453657787771,0.1052631578947368,True
Sevilla,41017,3030.892917712927,0.10267887020875602,0.1030252398200409,0.0,True
Sevilla,41018,24405.975295562745,0.8551840740627386,0.8854015979855461,0.8421052631578947,True
Sevilla,41019,14403.098791583478,0.1694977864118766,0.15792876977777173,0.1578947368421052,True
Sevilla,41020,73301.29196598909,0.42151306285854434,0.4210617120215281,0.4210526315789473,True
Helsinki,00100,26636.74060471888,0.8357462106243737,0.9469334207559241,0.8292682926829268,True
Helsinki,00120,8052.0977926448895,0.8843977226173569,0.9771318830713089,0.926829268292683,True
Helsinki,00130,4717.325366915489,0.9721314813890538,0.9963084630659201,1.0,True
Helsinki,00140,7952.842026770874,0.74911536442824,0.7661319164225456,0.975609756097561,True
Helsinki,00150,12925.06416207799,0.8189271991995719,0.8746858772553722,0.8414634146341463,True
Helsinki,00160,4953.172594665265,0.8199347622485432,0.8886764685693858,0.8902439024390244,True
Helsinki,00170,9946.8802968069,0.8286977092706816,0.9082437432924877,0.8780487804878049,True
Helsinki,00180,17105.776580417034,0.758860613052579,0.7857415063724419,0.7439024390243902,True
Helsinki,00190,446.7005960349069,0.5699841978563801,0.6180236637411196,0.4268292682926829,True
Helsinki,00200,9166.631278550632,0.7693247673978336,0.8198038035007007,0.7804878048780488,True
Helsinki,00210,5052.246057694551,0.8273498370578767,0.896506196142379,0.8536585365853658,True
Helsinki,00220,6348.952554111045,0.6787541749535844,0.718511721499605,0.6829268292682927,True
Helsinki,00240,11642.415914528943,0.4434223588507931,0.5122907413379508,0.4146341463414634,True
Helsinki,00250,11141.097280758033,0.6983545250646522,0.7321985376342602,0.7317073170731707,True
Helsinki,00260,5867.931272594448,0.8932261816420497,0.9880249840174914,0.9146341463414634,True
Helsinki,00270,4050.088049350953,0.6003421714140309,0.6519346154449411,0.5975609756097561,True
Helsinki,00280,2996.15635816981,0.4280257656328416,0.46573656489163334,0.4390243902439024,True
Helsinki,00290,1439.630658044195,0.8730518195473096,0.9697041431088042,0.9634146341463414,True
Helsinki,00300,5081.278439815631,0.44071815768723793,0.4921772544326138,0.3780487804878049,True
Helsinki,00310,663.0468098334208,0.67702547910019,0.7130244903632309,0.4878048780487805,True
Helsinki,00320,10171.445616568724,0.5372281689295135,0.5618141300612196,0.524390243902439,True
Helsinki,00330,7961.909015618987,0.8116304178496335,0.8583408031022571,0.8658536585365854,True
Helsinki,00340,865.5733601552795,0.5922045643534282,0.6323953631736079,0.9878048780487804,True
Helsinki,00350,7002.339516509249,0.5658466657597548,0.599233323209027,0.5,True
Helsinki,00360,509.2737986287292,0.5836882013044365,0.6187717602813086,0.3048780487804878,True
Helsinki,00370,7183.664851408375,0.3666690008882353,0.41197722264863446,0.3414634146341463,True
Helsinki,00380,5650.330740762913,0.3596187566402837,0.40193399580814665,0.3658536585365853,True
Helsinki,00390,9589.945897071526,0.28093556039840517,0.3240615837767889,0.3170731707317073,True
Helsinki,00400,7772.913917840782,0.19128645163433397,0.25669794308667926,0.2073170731707317,True
Helsinki,00410,6265.51724249326,0.0809169278451862,0.1397131273382921,0.0853658536585365,True
Helsinki,00420,10250.968050453052,0.1498167279695736,0.19186558160985898,0.0609756097560975,True
Helsinki,00430,6162.705639640401,0.6353606068758711,0.702849691624599,0.6585365853658537,True
Helsinki,00440,2885.22201575088,0.16335035117668711,0.20214529034960055,0.2439024390243902,True
Helsinki,00500,9598.085902077812,0.30831788116949954,0.36828711589258856,0.2560975609756097,True
Helsinki,00510,13874.056896774136,0.3373737631433697,0.38665521122721597,0.3292682926829268,True
Helsinki,00520,8808.838387062202,0.6033168066410693,0.6619973518857126,0.6341463414634146,True
Helsinki,00530,15321.64636965035,0.5422146101354679,0.581763716598338,0.5365853658536586,True
Helsinki,00540,6348.067770361292,0.7645274942864885,0.8076627955978172,0.7560975609756098,True
Helsinki,00550,8821.55715933769,0.24182252347420974,0.2735897921684825,0.1951219512195122,True
Helsinki,00560,9204.60471715189,0.514197591291752,0.5466514266477192,0.5121951219512195,True
Helsinki,00570,510.89082327439473,0.8413362425807098,0.9681777650176291,0.9390243902439024,True
Helsinki,00580,9142.29167047409,0.7196207739346931,0.7507074133118808,0.7195121951219512,True
Helsinki,00590,2950.137034546622,0.5933395571628652,0.6353813424640306,0.573170731707317,True
Helsinki,00600,2495.606249347368,0.21560574020716963,0.2647335604136871,0.1829268292682926,True
Helsinki,00610,6126.164525841192,0.4142180802610195,0.4585979043480901,0.3902439024390244,True
Helsinki,00620,5236.288460649435,0.6351131135668006,0.6939294233667209,0.6463414634146342,True
Helsinki,00630,7079.747550804624,0.2504919354195391,0.28603333783722906,0.2317073170731707,True
Helsinki,00640,8446.166935886047,0.4374731289205721,0.4815913693507027,0.4512195121951219,True
Helsinki,00650,4193.672062618201,0.6322235571943771,0.6865500198168403,0.5853658536585366,True
Helsinki,00660,9793.619393024366,0.808135338282757,0.8444462370491485,0.7926829268292683,True
Helsinki,00670,6428.489006505975,0.8320549369340858,0.9210582676024578,0.8048780487804879,True
Helsinki,00680,4309.917084179932,0.7886240147876794,0.8303498591901907,0.7682926829268293,True
Helsinki,00690,1954.941167687655,0.7965792922429915,0.8352524160046395,0.7073170731707317,True
Helsinki,00700,15813.597885299816,0.10235105575539769,0.15699111065012486,0.073170731707317,True
Helsinki,00710,9734.39564314576,0.07410938691614792,0.11614368804020968,0.0975609756097561,True
Helsinki,00720,6787.703419946894,0.17122072517120457,0.20971482578103676,0.1341463414634146,True
Helsinki,00730,11530.832188492372,0.4649806594960122,0.5304249370105371,0.4756097560975609,True
Helsinki,00740,11172.73272965913,0.30560590140111643,0.3520329383308935,0.2804878048780488,True
Helsinki,00750,10543.462456148956,0.25256104175337246,0.29982435829428417,0.1585365853658536,True
Helsinki,00760,9186.373711998329,0.6134609995810155,0.6760794821042861,0.6097560975609756,True
Helsinki,00770,7059.4505020727465,0.07500558065773862,0.12928569086772856,0.0121951219512195,True
Helsinki,00780,8017.212004681363,0.5896539169804644,0.6254441508443129,0.5609756097560976,True
Helsinki,00790,8129.526618457304,0.1909821189536914,0.2442535085786269,0.2195121951219512,True
Helsinki,00800,4489.420965336074,0.44101301579006963,0.4996667930145573,0.2926829268292683,True
Helsinki,00810,8347.833996024478,0.4034071495758683,0.4356926281818115,0.4024390243902439,True
Helsinki,00820,3632.508976309503,0.12243673146197218,0.17220863670994688,0.1219512195121951,True
Helsinki,00830,2279.419300390673,0.7593609539837107,0.8009113666221215,0.951219512195122,True
Helsinki,00840,7076.400158958167,0.5948008564269107,0.6432275963243935,0.6219512195121951,True
Helsinki,00850,3088.1878374828293,0.6715614889319171,0.7100889664864831,0.8170731707317073,True
Helsinki,00860,1307.7320546974638,0.7465775988974651,0.7588850660161094,0.6951219512195121,True
Helsinki,00870,4409.073076045977,0.42933574321040796,0.4715315177166953,0.2682926829268293,True
Helsinki,00880,7386.920874058516,0.37962976419636835,0.4233794158774447,0.3536585365853658,True
Helsinki,00890,1684.3268139266352,0.7159127296915192,0.7422350568603497,0.902439024390244,True
Helsinki,00900,4183.867138008834,0.064236098374651,0.10525196929737936,0.024390243902439,True
Helsinki,00910,5617.827660311469,0.12629856550324056,0.17944747581700793,0.1097560975609756,True
Helsinki,00920,14609.456817864306,0.1886580431149122,0.22645914616569457,0.1707317073170731,True
Helsinki,00930,7490.617914925539,0.29767349115554465,0.33742795714783425,0.4634146341463415,True
Helsinki,00940,22630.921902008544,0.03075467180376879,0.017709798997428285,0.0,True
Helsinki,00950,8281.33978312208,0.567960615538189,0.6111935469025038,0.6707317073170732,True
Helsinki,00960,5419.376639315098,0.2538016816513994,0.31231605761758335,0.1463414634146341,True
Helsinki,00970,7822.66902545733,0.05609713126556605,0.041541217638286214,0.0365853658536585,True
Helsinki,00980,34703.94280543095,0.05776642983502023,0.07482036334997039,0.048780487804878,True
Helsinki,00990,7398.048718388249,0.41289231519878283,0.44801454856652995,0.5487804878048781,True
Marseille,132010101,2968.580023871528,0.40874584445945794,0.30365443328531466,0.2746268656716418,True
Marseille,132010102,1734.5581652323406,0.155760341526071,0.09499346060660692,0.017910447761194,True
Marseille,132010103,2209.9701508416065,0.11101424660998092,0.03220596593910118,0.035820895522388,True
Marseille,132010104,2580.016211085849,0.13010904138781634,0.06576963668458727,0.0656716417910447,True
Marseille,132010201,1963.499087015788,0.2584415873328499,0.18098492871900773,0.1880597014925373,True
Marseille,132010202,1988.7532704671228,0.256171748924712,0.17667782110275293,0.6029850746268657,True
Marseille,132010203,1511.6655337015784,0.15675268758025715,0.09706729944155017,0.2537313432835821,True
Marseille,132010302,1739.0465988583037,0.1869119520296604,0.13357535409840293,0.0507462686567164,True
Marseille,132010303,931.0362875196668,0.3050588997508348,0.21185040563184399,0.1582089552238806,True
Marseille,132010402,3978.262288517422,0.47198507438230114,0.3876874876902562,0.3014925373134328,True
Marseille,132010501,711.3919940524634,0.5276114270764116,0.4876544796628279,0.4985074626865671,True
Marseille,132010502,1128.4825740390356,0.5388145338583414,0.5155846321067877,0.6298507462686567,True
Marseille,132010503,2014.274509429932,0.44055642258418043,0.35048648895513085,0.5671641791044776,True
Marseille,132010504,5646.109155019125,0.39105621165647814,0.2907201447892235,0.4388059701492537,True
Marseille,132010601,2724.444185892741,0.3121630217667967,0.22339996016868993,0.2417910447761194,True
Marseille,132010602,1700.5145293341743,0.4293316786507099,0.3308199948929129,0.5223880597014925,True
Marseille,132020101,7016.009975527413,0.16048285819119532,0.10605849789985854,0.1492537313432835,True
Marseille,132020201,844.7846669091119,0.2585892658113739,0.1827789911276896,0.0029850746268656,True
Marseille,132020202,552.134224679735,0.25710234854499187,0.17830105833202572,0.1820895522388059,True
Marseille,132020203,861.1845795313516,0.2637288727200549,0.1850533603430245,0.1731343283582089,True
Marseille,132020204,412.009430355496,0.29663774590844716,0.21099240549841247,0.1671641791044776,True
Marseille,132020205,927.0744446648492,0.26339247771514696,0.18391093722149604,0.3134328358208955,True
Marseille,132020301,1202.2167753643462,0.6831748956741152,0.6625181469144371,0.6597014925373135,True
Marseille,132020302,1465.9803009298112,0.5101270440552865,0.4586203228029212,0.2895522388059701,True
Marseille,132020303,922.801536983914,0.5034153108694536,0.44662314692598454,0.2985074626865671,True
Marseille,132020401,5096.587380051613,0.33309466485171013,0.24427362580806336,0.4955223880597015,True
Marseille,132020402,460.58628124660913,0.28390846896540956,0.20242636182644538,0.1462686567164179,True
Marseille,132020403,901.273887210422,0.2710753353214198,0.1947294529113665,0.1791044776119403,True
Marseille,132020404,473.7922903696696,0.2759102748339429,0.20182943729256528,0.208955223880597,True
Marseille,132030101,2726.8339905209014,0.3768667517405851,0.2806405036160745,0.2328358208955223,True
Marseille,132030102,3818.64068836636,0.26462916603949516,0.18804305060512883,0.1432835820895522,True
Marseille,132030103,3049.5187055799697,0.1186993948754369,0.04913923783717332,0.1223880597014925,True
Marseille,132030104,2590.5126359727647,0.08618212376679583,0.010225394783722301,0.0686567164179104,True
Marseille,132030105,2407.48082780838,0.11682452945851404,0.04377398047391608,0.1164179104477611,True
Marseille,132030202,2944.0367397732207,0.18556999723206577,0.13058358242902626,0.1552238805970149,True
Marseille,132030203,2017.3883499569365,0.14311062790562948,0.0819375483297981,0.0238805970149253,True
Marseille,132030204,2790.462260564168,0.12181710943700803,0.05710636417928763,0.0805970149253731,True
Marseille,132030205,2682.740916781955,0.08867218471872529,0.015493924894875296,0.1223880597014925,True
Marseille,132030301,2617.3659096293977,0.09946453516682185,0.023735108904843844,0.0776119402985074,True
Marseille,132030302,3315.565025965373,0.11885127778355119,0.05320554966727892,0.1044776119402985,True
Marseille,132030303,1992.7856576707627,0.1005310945018451,0.026680288363173012,0.0597014925373134,True
Marseille,132030304,4160.3057047526045,0.11436368600987552,0.03957817265718576,0.1522388059701492,True
Marseille,132030305,214.75240601433643,0.13511175564753647,0.071878280814659,0.0119402985074626,True
Marseille,132030401,2332.4212994045683,0.13598602929766612,0.07565913632419673,0.1313432835820895,True
Marseille,132030402,2911.37132856581,0.22226533997362272,0.1617732993391051,0.2208955223880597,True
Marseille,132030403,1903.2574492560493,0.14115740531979673,0.07836508511146019,0.0985074626865671,True
Marseille,132040101,2675.854256841872,0.5311596634466977,0.4948137737496693,0.6,True
Marseille,132040102,2347.0998484293614,0.4908537603447388,0.42036491610852966,0.3373134328358209,True
Marseille,132040103,2742.3664241366914,0.49734527252890187,0.43122073123416294,0.3611940298507463,True
Marseille,132040104,2342.2306170993384,0.4511063387200306,0.3605389011485903,0.2686567164179104,True
Marseille,132040105,2044.827514860365,0.4856566245634667,0.41184595223087356,0.573134328358209,True
Marseille,132040106,3298.193736182319,0.4959942921491475,0.4239713924811433,0.5373134328358209,True
Marseille,132040201,1812.0398455725772,0.4294970808394183,0.3330639781633584,0.3313432835820895,True
Marseille,132040202,1998.574124150806,0.3908235300498043,0.2858363651931376,0.2955223880597015,True
Marseille,132040203,1678.090628094143,0.47977694695080464,0.39814405562023186,0.4776119402985074,True
Marseille,132040204,1703.8918380737305,0.3856779044355791,0.28347105755890456,0.3850746268656716,True
Marseille,132040301,2653.4913974338106,0.4967306766105228,0.4277736060400859,0.6537313432835821,True
Marseille,132040302,2474.8671018812397,0.39138874053263595,0.29590820251449446,0.4626865671641791,True
Marseille,132040303,3325.385064654881,0.4208022039949596,0.3199912382149372,0.4298507462686567,True
Marseille,132040304,3238.35602039761,0.47544674524484315,0.3950032006037038,0.3791044776119402,True
Marseille,132040401,2393.9424858093266,0.5032556910594611,0.44450425642490987,0.4597014925373134,True
Marseille,132040402,2218.9014795091416,0.5020509291221202,0.4390673684492039,0.6328358208955224,True
Marseille,132040403,3659.789144621955,0.5978717784966103,0.5823235815657161,0.7283582089552239,True
Marseille,132040404,3092.135392189026,0.5070045353696818,0.4515457668039814,0.608955223880597,True
Marseille,132050101,2272.008705563016,0.41014797316666374,0.3070023653543943,0.408955223880597,True
Marseille,132050102,2619.698083665636,0.521292129724549,0.47453941012567147,0.564179104477612,True
Marseille,132050104,2433.200828128391,0.46065235445449765,0.3776277434323913,0.3044776119402985,True
Marseille,132050105,1733.175673590766,0.4063974649187358,0.2985964961554232,0.3880597014925373,True
Marseille,132050202,2338.364285151164,0.6517676897409761,0.6377096909897392,0.7373134328358208,True
Marseille,132050203,1970.088215298123,0.5467659782547153,0.5334458062429404,0.6179104477611941,True
Marseille,132050204,1719.2412406073677,0.5085122315248976,0.45461949820268577,0.582089552238806,True
Marseille,132050205,1374.8428344726562,0.5571235191816379,0.5490486693968154,0.6626865671641791,True
Marseille,132050206,1740.8667655520967,0.543932721005492,0.5270144454093557,0.5194029850746269,True
Marseille,132050207,2369.2460399203837,0.5438164385750013,0.5223452383318913,0.5850746268656717,True
Marseille,132050301,1836.1991615295408,0.5358331178525747,0.5041805811564845,0.4686567164179104,True
Marseille,132050302,1629.4510281880696,0.5372903695256457,0.5107901589287823,0.3552238805970149,True
Marseille,132050303,1576.6349843343098,0.5857096297591138,0.5751703784161275,0.4238805970149253,True
Marseille,132050304,2117.410760243734,0.4749088455447593,0.39158168743311095,0.5223880597014925,True
Marseille,132050401,3178.0949363708496,0.5452518849245731,0.5301569071591101,0.5134328358208955,True
Marseille,132050402,3012.490144941542,0.5233394149358161,0.4809382383138761,0.3641791044776119,True
Marseille,132050403,3237.539711554845,0.5341996767377075,0.4985915251295287,0.3402985074626866,True
Marseille,132060101,2832.2542315589053,0.7054865393368988,0.6762032317784662,0.7194029850746269,True
Marseille,132060102,2375.888880411784,0.6974632412262373,0.6715800276064604,0.746268656716418,True
Marseille,132060103,2301.972959942288,0.5972347559503164,0.5785149303685733,0.5343283582089552,True
Marseille,132060202,2443.097373326619,0.5754701505257757,0.5608098612348065,0.764179104477612,True
Marseille,132060203,1788.7612567477752,0.5656048242473328,0.5540818659518099,0.4417910447761194,True
Marseille,132060204,2654.000420040554,0.6266562396837205,0.6246237461205463,0.6716417910447762,True
Marseille,132060301,1937.552281273736,0.4319634149062273,0.3360610924011767,0.7014925373134329,True
Marseille,132060302,1589.7530742221409,0.4546205218051762,0.36480639350366506,0.4835820895522388,True
Marseille,132060303,1818.5971897972956,0.3593083825977735,0.27142580129180555,0.3432835820895522,True
Marseille,132060401,3208.1331986321343,0.7441795541823519,0.7043731868438211,0.928358208955224,True
Marseille,132060402,1666.2771602206758,0.7452740643547947,0.7114930758362461,0.8955223880597015,True
Marseille,132060403,1763.851995335685,0.7944510955977222,0.7816447210911336,0.7671641791044777,True
Marseille,132060502,2590.2156562805176,0.4364530025195961,0.3475449262637179,0.4746268656716418,True
Marseille,132060601,3979.3738392723935,0.75247119953231,0.7243168604048154,0.844776119402985,True
Marseille,132060602,2561.974544525146,0.7227364371442893,0.6930768611332291,0.7970149253731343,True
Marseille,132060603,3675.761617898941,0.772796915508131,0.7494921653063319,0.7313432835820896,True
Marseille,132060604,3022.255410936144,0.7595568740836258,0.7360031071342031,0.7761194029850746,True
Marseille,132070101,3023.299301438861,0.8849086644296094,0.93824486411989,0.9791044776119404,True
Marseille,132070102,2292.1293929417925,0.7968934502576844,0.7842358708383242,0.9492537313432836,True
Marseille,132070201,1955.662082016468,0.8043787925391777,0.7962289948958662,0.9701492537313432,True
Marseille,132070202,2454.397425712862,0.8377556715174576,0.8571021371758987,0.9552238805970148,True
Marseille,132070203,1610.7351184156205,0.8383199070266019,0.8655163428509608,0.9223880597014924,True
Marseille,132070401,1446.9008541637,0.6466145578313912,0.635291487386258,0.6776119402985075,True
Marseille,132070402,561.918406166188,0.6070683467049875,0.5992329089703093,0.5940298507462687,True
Marseille,132070403,847.3384350670708,0.65564568544657,0.6456021441103748,0.6238805970149254,True
Marseille,132070501,5043.060740669568,0.9522929939456332,0.9964508694359674,0.9970149253731344,True
Marseille,132070502,3374.445456906325,0.9037305081794375,0.952720971456963,0.9940298507462688,True
Marseille,132070601,1417.907706366645,0.8358418133020249,0.8546283283726748,0.6985074626865672,True
Marseille,132070602,1107.482089996338,0.8084396901117522,0.7981858740052868,0.6417910447761194,True
Marseille,132070603,1081.423662397597,0.8320810928265345,0.8406017654567303,0.7104477611940299,True
Marseille,132070604,1713.1152345869275,0.7996242017840086,0.7903102122837108,0.8238805970149253,True
Marseille,132070701,2069.2599135504825,0.8090841886751009,0.8002153246983227,0.7522388059701492,True
Marseille,132070702,1360.2943863338892,0.7740736816508846,0.7527094323480201,0.7164179104477612,True
Marseille,132070703,1350.1152325073876,0.7304264764300998,0.6955760862199225,0.7074626865671642,True
Marseille,132080101,2661.44161523713,0.8325636067196105,0.8449447994887876,0.8626865671641791,True
Marseille,132080102,2321.7705931133696,0.8632833644034046,0.9085038882921624,0.8119402985074626,True
Marseille,132080301,1569.1829833834845,0.6107754875613096,0.6034130110707606,0.5074626865671642,True
Marseille,132080302,3135.25107694945,0.7445212810819882,0.7084256360511845,0.8656716417910447,True
Marseille,132080401,1412.2766637802126,0.8654480628552674,0.9133695683807556,0.9731343283582088,True
Marseille,132080402,1596.482905493842,0.889263368037987,0.9436752796049068,0.9850746268656716,True
Marseille,132080403,2320.7066546546093,0.8732549682786085,0.9204172815167394,0.9761194029850746,True
Marseille,132080404,1866.822575251261,0.825911484691602,0.8361647132392199,0.9671641791044776,True
Marseille,132080405,2439.1992592877814,0.879596458062561,0.9310600339408015,1.0,True
Marseille,132080406,3943.350716789563,0.928690315683463,0.9907099314120789,0.991044776119403,True
Marseille,132080501,3458.244193971157,0.9108547777665186,0.9570860117189011,0.9582089552238806,True
Marseille,132080601,2751.52512121943,0.7983091901232509,0.7874579921619222,0.9373134328358208,True
Marseille,132080602,2233.687998911159,0.893032618781062,0.9461221711018277,0.9134328358208956,True
Marseille,132080603,256.23411971253034,0.9684995746629119,0.999,0.8835820895522388,True
Marseille,132080604,827.5818438827991,0.8422662185316737,0.8732575970849734,0.7492537313432835,True
Marseille,132080701,1861.6618638568448,0.7457493111698188,0.7137468875368527,0.7582089552238805,True
Marseille,132080702,1784.0681069691975,0.6405506196167241,0.6274589909209815,0.7104477611940299,True
Marseille,132080703,1952.201019393073,0.5786439276519902,0.5683859943957941,0.5552238805970149,True
Marseille,132080704,2099.800664477878,0.732795356553075,0.6977800531143806,0.6895522388059702,True
Marseille,132080801,2979.920200453864,0.45761635383939614,0.3712646667171944,0.4208955223880597,True
Marseille,132080802,2451.390143076579,0.6576287073605065,0.6477095255066532,0.5761194029850746,True
Marseille,132080803,2747.202105840048,0.7650536878925738,0.74169869715509,0.8298507462686567,True
Marseille,132080804,1906.846378054884,0.8112285812377679,0.8133948203330895,0.7253731343283583,True
Marseille,132080805,2892.033881081475,0.8843840657711216,0.9344658738797635,0.982089552238806,True
Marseille,132080806,2920.487415419685,0.9129360751025113,0.9611610424487855,0.9880597014925372,True
Marseille,132080901,2180.784764766693,0.8406051158265436,0.8713357124333356,0.9402985074626866,True
Marseille,132080902,1941.1522405942285,0.863411271645348,0.9112272418693704,0.8059701492537313,True
Marseille,132080903,3220.05315498511,0.7468185881156881,0.7169933236828427,0.9044776119402984,True
Marseille,132080904,1527.6887785726124,0.8323463627346883,0.8422685879577779,0.9611940298507464,True
Marseille,132081001,2564.400313589308,0.8552318899706925,0.8925037945584456,0.8686567164179104,True
Marseille,132081002,2919.6562446736625,0.8335610309396785,0.8485102646436697,0.8865671641791045,True
Marseille,132081003,2111.5682853062945,0.7934942377459453,0.7791689221859746,0.8507462686567164,True
Marseille,132090101,2798.0090142356025,0.8017647878908367,0.7931921284805319,0.7940298507462686,True
Marseille,132090102,3918.872116310316,0.6251727170528701,0.6167829934134017,0.7611940298507462,True
Marseille,132090201,2619.585166140408,0.8347373963110141,0.8520489899501373,0.9343283582089552,True
Marseille,132090202,3368.015556075507,0.8764339773263946,0.9240515021176458,0.9104477611940298,True
Marseille,132090203,2102.889748149448,0.7827125754421984,0.763090354931801,0.8477611940298507,True
Marseille,132090204,1998.5826235877144,0.8283125752224515,0.8386341140438461,0.755223880597015,True
Marseille,132090401,2515.161787986756,0.9138916353022194,0.9646335882301666,0.9164179104477612,True
Marseille,132090402,3169.1629368729064,0.7785296108182751,0.7597223222230088,0.6805970149253732,True
Marseille,132090403,1695.909829245673,0.8458997602393702,0.8780031283742611,0.9194029850746268,True
Marseille,132090404,2538.463378985723,0.8249377136826597,0.8333504114725467,0.7701492537313432,True
Marseille,132090405,2364.1948017544214,0.7125648991031109,0.6841448629434305,0.7850746268656716,True
Marseille,132090406,2544.289998955197,0.7907462885974489,0.7713098722451924,0.835820895522388,True
Marseille,132090407,964.2549083497788,0.6111433146737675,0.6050314891465378,0.244776119402985,True
Marseille,132090408,1014.3279780811736,0.6997538249765621,0.6737458559756918,0.3283582089552239,True
Marseille,132090501,2943.2865349087447,0.8505459557365602,0.8889852277754873,0.7850746268656716,True
Marseille,132090601,3514.1551909968257,0.8610286208324162,0.9011463662717125,0.8298507462686567,True
Marseille,132090701,2888.1582314603857,0.7703693008999005,0.7452988277068539,0.8,True
Marseille,132090702,1717.433663511856,0.5832717430618398,0.5730659740002779,0.3134328358208955,True
Marseille,132090703,618.2366815548545,0.7081603697709846,0.6822395468573346,0.5492537313432836,True
Marseille,132090704,1623.1716358324566,0.7135628673595307,0.6866921782655792,0.8895522388059701,True
Marseille,132090801,2192.0251997047003,0.46145728984364937,0.38058255315793815,0.444776119402985,True
Marseille,132090802,749.8769184218513,0.4448919023177945,0.3541310813108585,0.3940298507462687,True
Marseille,132090803,1801.4126050737168,0.5148951211032351,0.46578249520777015,0.435820895522388,True
Marseille,132090804,1880.4652847713896,0.5141782143349989,0.4634303401927023,0.6746268656716418,True
Marseille,132090805,2488.991073528925,0.6546220622927414,0.643470741489118,0.2507462686567164,True
Marseille,132090806,1512.1975592507256,0.5724398066262412,0.5582830346832269,0.5582089552238806,True
Marseille,132090807,2688.370370970832,0.6050852273270797,0.59715647317415,0.7731343283582089,True
Marseille,132090808,2408.837123976813,0.6413674825741897,0.6301376139937007,0.4059701492537313,True
Marseille,132090809,4552.900594949722,0.8382196755278228,0.8615787253937849,0.8985074626865671,True
Marseille,132100101,1876.5809735722012,0.42888904805910266,0.3285347797450276,0.2686567164179104,True
Marseille,132100102,1401.2125088903638,0.4979519564669358,0.4338678423712624,0.4029850746268656,True
Marseille,132100103,1374.006081044674,0.45343911451819713,0.3629130061700597,0.3701492537313433,True
Marseille,132100104,2163.917364511225,0.4835099067752633,0.4079767753049597,0.4119402985074626,True
Marseille,132100201,2244.300406138102,0.5207910867162038,0.4714320614347686,0.5164179104477612,True
Marseille,132100301,2259.4069614940217,0.5010707640030506,0.4362064165182398,0.591044776119403,True
Marseille,132100302,2739.6670160028666,0.36678644558013773,0.2743378326878626,0.3462686567164179,True
Marseille,132100401,1470.4029548035728,0.44150685337865264,0.35271266315715893,0.4,True
Marseille,132100402,3909.673943916957,0.5309202102429094,0.4906066317292864,0.6567164179104478,True
Marseille,132100403,965.3236880567338,0.46355113896843725,0.3825996146257152,0.5492537313432836,True
Marseille,132100404,1303.3228158950806,0.3300541850068595,0.240185065211065,0.2149253731343283,True
Marseille,132100405,2678.494015627437,0.48619979601288693,0.41486342993059766,0.4865671641791044,True
Marseille,132100406,2496.498311784532,0.5233856972810305,0.48445763662477015,0.6388059701492538,True
Marseille,132100407,1298.0570416914093,0.560771030778628,0.5507562422812485,0.6507462686567164,True
Marseille,132100501,984.9062477747598,0.48219852456430146,0.4026834860899242,0.2,True
Marseille,132100502,1837.464244471656,0.5345236479189206,0.501833673936142,0.6447761194029851,True
Marseille,132100503,1565.5893847147624,0.5564862156542034,0.5457678452267508,0.4507462686567164,True
Marseille,132100504,1610.715437465244,0.5987287546934347,0.5856906252742776,0.7343283582089553,True
Marseille,132100505,1572.9848772328762,0.761694420589266,0.7389387605731915,0.6925373134328359,True
Marseille,132100506,3440.2306997511123,0.536695061369135,0.507551410209261,0.5074626865671642,True
Marseille,132100601,2221.3347239494324,0.48028913888635094,0.4006351900826184,0.2835820895522388,True
Marseille,132100602,2192.0162942674424,0.5229867541271863,0.47761335729169374,0.5791044776119403,True
Marseille,132110101,3649.4754014401183,0.8657502562208662,0.9166032512625469,0.946268656716418,True
Marseille,132110201,2989.5784706564414,0.6028950976941229,0.5935291351030076,0.6865671641791045,True
Marseille,132110301,8098.763901009638,0.9227250402212513,0.9804261790804321,0.9313432835820896,True
Marseille,132110401,2581.693985009152,0.8775787420729305,0.9278524535761006,0.9432835820895522,True
Marseille,132110501,2850.211581827244,0.6252063030331303,0.6211073992313954,0.5880597014925373,True
Marseille,132110601,470.9270234637791,0.429979669856672,0.3345224436885319,0.1343283582089552,True
Marseille,132110603,898.0977872212728,0.5233932955712757,0.4866262626567275,0.5611940298507463,True
Marseille,132110604,1792.9992825190227,0.48681159155271614,0.41772002803100894,0.6059701492537314,True
Marseille,132110605,1516.8011650509302,0.32509903548761265,0.23838343871411063,0.4567164179104477,True
Marseille,132110606,1845.271931519111,0.5038989498212643,0.44839152113224845,0.3761194029850746,True
Marseille,132110607,923.8797129491968,0.4845543168536101,0.40994940383815803,0.6656716417910448,True
Marseille,132110608,678.3449086248875,0.5937592030493876,0.5766109645579793,0.4716417910447761,True
Marseille,132110609,739.1000913778942,0.4184574173431363,0.31739465586499027,0.5283582089552239,True
Marseille,132110701,1637.6096347346902,0.5657967895302324,0.5562707912005563,0.6149253731343284,True
Marseille,132110702,1097.5555497672822,0.5568284598513789,0.5474691862002717,0.3104477611940298,True
Marseille,132110703,1407.420820025934,0.5203696961346641,0.46909917190047906,0.2776119402985074,True
Marseille,132110704,3834.745483481636,0.6018677622143755,0.5891694392376325,0.6477611940298508,True
Marseille,132110801,2751.024625261418,0.8476973739661032,0.8853474366934712,0.8895522388059701,True
Marseille,132111001,1510.2845581902395,0.46528161198968576,0.3841811484315521,0.3522388059701492,True
Marseille,132111002,1288.0048773786466,0.30903204480187274,0.21611029371280946,0.4656716417910447,True
Marseille,132111003,1599.3477907578151,0.5439295335864468,0.5248805608387412,0.5432835820895522,True
Marseille,132111005,268.39620256755086,0.32465111324160245,0.23724297152134707,0.0865671641791044,True
Marseille,132111101,4109.502092646435,0.7860353867068451,0.7670591200731429,0.8716417910447761,True
Marseille,132120101,5468.925199603817,0.8235388774929708,0.828234918844539,0.8208955223880597,True
Marseille,132120102,1065.185048672888,0.6099550656885175,0.6017300541222899,0.3582089552238806,True
Marseille,132120103,1788.8741792605983,0.5408077561102516,0.5174483754256365,0.4537313432835821,True
Marseille,132120201,2452.394306765662,0.8431525770225036,0.8753529985575016,0.7373134328358208,True
Marseille,132120202,3223.983606345124,0.7770020956211248,0.7556380825622723,0.808955223880597,True
Marseille,132120301,2095.2692905796894,0.6543704132782419,0.6405421025368172,0.7910447761194029,True
Marseille,132120302,1658.2719856368171,0.8195561692027599,0.8236817334581149,0.8417910447761194,True
Marseille,132120303,2999.1402413778837,0.7078154603984079,0.6799285980629342,0.9074626865671642,True
Marseille,132120304,1810.1643335951703,0.4829416038777073,0.40543794689289525,0.373134328358209,True
Marseille,132120305,2132.129803879394,0.7491305897646581,0.7204125473412308,0.826865671641791,True
Marseille,132120401,2360.5540074242485,0.9021495657090294,0.9490571867919032,0.8537313432835821,True
Marseille,132120402,1940.280883259244,0.8866570449394872,0.9414158302337665,0.8388059701492537,True
Marseille,132120403,2027.629978285896,0.9277230409524806,0.9868953909501228,0.964179104477612,True
Marseille,132120404,1828.0180839962431,0.5789263519545452,0.5708009743565952,0.4805970149253731,True
Marseille,132120405,1140.8652782440186,0.6077102007019577,0.6003207264652642,0.6686567164179105,True
Marseille,132120406,1605.1639228926765,0.9215928840754206,0.9742268581958905,0.9253731343283582,True
Marseille,132120501,4391.174374712838,0.664281840494658,0.6520808742933238,0.7044776119402985,True
Marseille,132120601,1440.1957643296985,0.7587277487972357,0.7277791337892155,0.7820895522388059,True
Marseille,132120602,3823.039230869721,0.7908463463001184,0.7753776186041439,0.8716417910447761,True
Marseille,132120603,2658.831074078878,0.8403999313415916,0.8682439405150602,0.8149253731343283,True
Marseille,132120604,2972.534885432985,0.8181152600331052,0.8207233584300783,0.8,True
Marseille,132120701,5448.111121370147,0.9162128419997891,0.9697208977147529,0.8805970149253731,True
Marseille,132120702,3724.922204477092,0.857351119530292,0.8965217065981281,0.8776119402985074,True
Marseille,132130102,4205.353938719258,0.7587922911344639,0.7313857737822111,0.7432835820895523,True
Marseille,132130103,5303.323726089257,0.690927274111405,0.6666741890684763,0.7791044776119403,True
Marseille,132130201,3810.4260134607966,0.5558227822651091,0.542333396296552,0.6835820895522388,True
Marseille,132130202,2091.388077554603,0.5126793367541148,0.46089293534528014,0.3880597014925373,True
Marseille,132130301,2170.846121311188,0.2079666778552926,0.1536065850159401,0.0567164179104477,True
Marseille,132130302,2266.9841265148584,0.3232625677005396,0.23352101896706146,0.3134328358208955,True
Marseille,132130303,2923.2845966004666,0.290320891816067,0.20886166439103684,0.2567164179104477,True
Marseille,132130401,3296.067048200406,0.812152880642373,0.8167186836644302,0.9522388059701492,True
Marseille,132130501,2840.479361454491,0.8610518780134396,0.9052060026797252,0.8537313432835821,True
Marseille,132130601,2769.799047629039,0.4563713698711564,0.36759147836895745,0.4328358208955223,True
Marseille,132130602,3731.891373303202,0.5773750063291215,0.5647547315382004,0.4925373134328358,True
Marseille,132130603,2373.4782279067567,0.5374877011231534,0.51334741650396,0.3671641791044776,True
Marseille,132130604,1753.521320766873,0.5417920083297092,0.5197114225961373,0.4477611940298507,True
Marseille,132130605,4065.709032149364,0.5514092105298461,0.5373017545362482,0.7223880597014926,True
Marseille,132130607,2114.295293966929,0.6240676672208474,0.6129287251825167,0.3970149253731343,True
Marseille,132130701,3524.6331835360165,0.8469416414340827,0.8813382543062643,0.9014925373134328,True
Marseille,132130802,983.848624335395,0.187120711260477,0.1353148663381771,0.1074626865671641,True
Marseille,132130803,1645.3352799746726,0.32341612297932726,0.23602039075174303,0.1283582089552238,True
Marseille,132130804,2056.059197872877,0.3376511512616107,0.2556817022656073,0.417910447761194,True
Marseille,132130805,2391.747363885244,0.3356575953681083,0.25284023635519626,0.3253731343283582,True
Marseille,132130806,1761.3066472725734,0.20408815109877226,0.14224713487430657,0.0328358208955223,True
Marseille,132130901,842.7428255081178,0.25794045499833035,0.17919217073367585,0.035820895522388,True
Marseille,132130902,3496.4419868787136,0.43531209295075274,0.3395325809328679,0.2059701492537313,True
Marseille,132130903,2273.568626643883,0.45998760533813426,0.3746208399692576,0.6268656716417911,True
Marseille,132130904,1948.8157672087352,0.5022131083096337,0.4417299002649087,0.6358208955223881,True
Marseille,132131001,855.9077492550844,0.25189172297639767,0.1748605192030451,0.0298507462686567,True
Marseille,132131002,1887.763708061642,0.4503547697382652,0.35783658383571093,0.6208955223880597,True
Marseille,132131003,2199.6014110247293,0.3700391912024681,0.2774932673190443,0.5462686567164179,True
Marseille,132131004,2224.525778876411,0.30526648224812664,0.21386632559494298,0.3074626865671642,True
Marseille,132131005,1538.676823457082,0.5089212287067943,0.45670080794253476,0.5402985074626866,True
Marseille,132131006,1188.1386263105603,0.319085522252528,0.23131372569067432,0.0835820895522388,True
Marseille,132131101,2506.218759377797,0.7381742330140864,0.7007225927670954,0.6119402985074627,True
Marseille,132131102,991.415302011702,0.518948658935714,0.46756668370190546,0.191044776119403,True
Marseille,132131103,8327.018196456962,0.8090941620615347,0.8068569511797274,0.8597014925373134,True
Marseille,132140101,2851.648976855808,0.14511210551666448,0.08504811606437801,0.0955223880597015,True
Marseille,132140102,835.7031385633679,0.14162893629640932,0.08011486065412049,0.1194029850746268,True
Marseille,132140201,2288.3081645965576,0.14919661936714543,0.09025328799618482,0.1850746268656716,True
Marseille,132140202,1698.5129518508909,0.15342419814610503,0.09280025494180097,0.2238805970149253,True
Marseille,132140203,1526.611206372579,0.08959380828509124,0.018183055008063574,0.0,True
Marseille,132140204,1326.5137955347698,0.16335040999646314,0.11323762220756416,0.2805970149253731,True
Marseille,132140205,3197.877085314856,0.24170050147946764,0.16791709889453527,0.2626865671641791,True
Marseille,132140301,3383.610484600067,0.13128909439518566,0.06957947906934937,0.1134328358208955,True
Marseille,132140302,2584.7974592844644,0.11418098583410416,0.035269086720849205,0.026865671641791,True
Marseille,132140303,1685.5396113395689,0.13516380468496159,0.07309227582819283,0.1701492537313433,True
Marseille,132140401,2904.466333984087,0.7170317647465052,0.6895846441962088,0.817910447761194,True
Marseille,132140402,4641.580022227123,0.6111702348576783,0.6086127574938578,0.5701492537313433,True
Marseille,132140403,1035.1923677523932,0.2842885367643599,0.20338193486714246,0.2119402985074626,True
Marseille,132140404,2707.016044966049,0.35670243043213634,0.26508225352268744,0.2298507462686567,True
Marseille,132140502,2873.2260390416614,0.2660622228437428,0.19231812662719128,0.3492537313432836,True
Marseille,132140503,1914.1172235144509,0.03430811337336356,0.001222827198896251,0.0059701492537313,True
Marseille,132140504,1442.6203620168897,0.05989849422984724,0.005427684780627155,0.0417910447761194,True
Marseille,132140505,1447.5555154614976,0.16130593757791004,0.11146541757796403,0.0477611940298507,True
Marseille,132140506,1470.6755284203423,0.11758948329465188,0.04625152731154478,0.1402985074626865,True
Marseille,132140507,2702.0379878150093,0.3592529239777684,0.26853780907086844,0.1761194029850746,True
Marseille,132140601,2960.580776506,0.3335216838758986,0.24942091994808968,0.235820895522388,True
Marseille,132140602,2692.2179438802928,0.19823124496490338,0.13940201602050095,0.217910447761194,True
Marseille,132140701,6628.081439877201,0.41041747672124457,0.31268815730526045,0.5313432835820896,True
Marseille,132150101,1167.4232669141556,0.1805682173120452,0.12642168140071067,0.0149253731343283,True
Marseille,132150102,1091.2239583333333,0.1298784291253375,0.06342427754059315,0.1611940298507462,True
Marseille,132150103,4237.500693942368,0.31299361217945587,0.22784757468868677,0.4149253731343283,True
Marseille,132150202,3227.617806189486,0.43621400921928366,0.3438282233841028,0.5044776119402985,True
Marseille,132150301,1486.843914111455,0.08750622451166941,0.012830199979449189,0.0746268656716417,True
Marseille,132150302,1738.4118653403389,0.07892151711497566,0.007459876268375174,0.053731343283582,True
Marseille,132150303,1753.885350863139,0.23931830080338545,0.16475368250861847,0.2029850746268656,True
Marseille,132150401,2773.2186032334967,0.15833139108801428,0.09980468292172329,0.1373134328358209,True
Marseille,132150402,3365.7029072443647,0.1659516031240661,0.11623522869518495,0.1940298507462686,True
Marseille,132150501,1503.9041720761193,0.14902973330368416,0.08783064619958733,0.008955223880597,True
Marseille,132150601,1975.941957818137,0.20580755128194808,0.1446346632801955,0.2925373134328358,True
Marseille,132150602,1104.3925637669035,0.09905765460333633,0.02135747631626314,0.1104477611940298,True
Marseille,132150603,1360.8175466060638,0.19331452012927566,0.13681274824997294,0.3343283582089552,True
Marseille,132150701,2223.351963225713,0.10577785005146277,0.02937375336823466,0.0925373134328358,True
Marseille,132150702,1612.607367595037,0.05314288976361177,0.0034758630631819064,0.044776119402985,True
Marseille,132150703,4948.57518794081,0.207607284285053,0.14905836722112267,0.1940298507462686,True
Marseille,132150705,3699.109848181407,0.30962986316277497,0.21929629478709778,0.2477611940298507,True
Marseille,132150801,1104.448832988739,0.35618842607586504,0.26264731230636873,0.2597014925373134,True
Marseille,132150802,4085.709919724406,0.4272319678478255,0.32472579073302343,0.382089552238806,True
Marseille,132150803,3871.45419131385,0.35008052143290647,0.2594684737888325,0.226865671641791,True
Marseille,132150901,3407.448761343956,0.24564853424391325,0.17213688857284795,0.1641791044776119,True
Marseille,132150902,3003.938455952539,0.12726521604021648,0.0608080971298177,0.0597014925373134,True
Marseille,132150903,3850.656423727671,0.21894232702363947,0.1574534011878238,0.235820895522388,True
Marseille,132151001,1201.625757164425,0.18303055160857523,0.1279351402142952,0.0716417910447761,True
Marseille,132151002,1168.9924515792063,0.09640506124912288,0.01990513212533412,0.0208955223880597,True
Marseille,132151003,5372.14598680329,0.6698786936527057,0.6583181378960612,0.6955223880597015,True
Marseille,132151101,1629.488047361374,0.1766521522855169,0.12463488423594916,0.1014925373134328,True
Marseille,132151102,4869.344613555405,0.2711280215741931,0.19841599267523435,0.3223880597014925,True
Marseille,132160101,2105.8644106329884,0.643001081156853,0.6330218155272322,0.5970149253731343,True
Marseille,132160102,1059.425311976009,0.5632279049962614,0.5522623117672592,0.4985074626865671,True
Marseille,132160103,758.2725246879788,0.4824675127657062,0.40379710984782147,0.4865671641791044,True
Marseille,132160301,1581.3303421404628,0.44512676950321856,0.35562036504409084,0.2865671641791045,True
Marseille,132160302,4076.483573554705,0.1666558417485561,0.12098964390872653,0.0895522388059701,True
Marseille,132160401,1607.7700225777096,0.40869318014394623,0.30073084781221937,0.4238805970149253,True
Marseille,132160403,2309.5296574897234,0.28772828595507505,0.20551869901876732,0.2626865671641791,True
Lyon,693810101,4593.813356399536,0.6916206747059488,0.8000242683498475,0.7619047619047619,True
Lyon,693810201,3004.82426293691,0.6729574845205024,0.7494691803650853,0.6845238095238095,True
Lyon,693810202,2574.1132747862075,0.5461275977284151,0.5469357674833003,0.3333333333333333,True
Lyon,693810301,4193.050413767498,0.4435155614402821,0.387307089354506,0.2678571428571428,True
Lyon,693810302,2208.5263436635337,0.5086502602914166,0.49165876576653766,0.3809523809523809,True
Lyon,693810303,1924.154539744059,0.5008200915937903,0.4648711071928055,0.4226190476190476,True
Lyon,693810304,1525.0631493462456,0.4662439890702974,0.42795689087459676,0.2202380952380952,True
Lyon,693810401,4367.165784200032,0.6608865332953918,0.7197261252907848,0.6726190476190477,True
Lyon,693810402,4278.189823822842,0.5911646236601653,0.6390966396447813,0.5535714285714286,True
Lyon,693810501,1608.2944151560469,0.5574889862372885,0.5696417095200601,0.7321428571428571,True
Lyon,693820101,3080.676705929968,0.7502581962294745,0.8774820208005821,0.8571428571428571,True
Lyon,693820102,2201.491855157746,0.6929592353162678,0.8071588009253,0.7202380952380952,True
Lyon,693820202,1818.3501369688247,0.7184147452015756,0.8482225242417927,0.9702380952380952,True
Lyon,693820204,2517.408257378472,0.7577663910895709,0.8930422865895017,0.9345238095238096,True
Lyon,693820301,1973.0079236030576,0.8954557845354968,0.9943799671312088,0.9464285714285714,True
Lyon,693820302,1689.9039344787598,0.9214960624103096,0.9982257346366991,0.8630952380952381,True
Lyon,693820401,1501.33232222663,0.8783393682918186,0.9907321848918005,0.8928571428571429,True
Lyon,693820402,1896.2409908622503,0.796446863594518,0.9338205858043535,0.8273809523809523,True
Lyon,693820502,4371.245654212104,0.5474885281086882,0.5542278445842481,0.5119047619047619,True
Lyon,693820503,2541.2911801905266,0.5772106810134932,0.5982760111011554,0.2083333333333333,True
Lyon,693820504,2635.8866357679167,0.3734779027339798,0.27224807447520644,0.2261904761904762,True
Lyon,693830102,2448.389437701967,0.8444925932007291,0.9751550764769321,0.9523809523809524,True
Lyon,693830103,2128.075841267904,0.7449078764699922,0.8720132429357925,0.9047619047619048,True
Lyon,693830104,4709.798075993856,0.7704613797443035,0.9119646327530981,0.8988095238095238,True
Lyon,693830105,3027.3153504067,0.6934455307785262,0.8126486345939058,0.8690476190476191,True
Lyon,693830201,2211.015755123562,0.4088206082106697,0.3370178126184767,0.1130952380952381,True
Lyon,693830202,1899.3750924004448,0.43776236870672985,0.36953144125223747,0.2797619047619047,True
Lyon,693830203,2435.481870863173,0.5858810886630502,0.6288173076943063,0.7797619047619048,True
Lyon,693830204,2299.605525546604,0.5522245796021149,0.5655387239203651,0.5952380952380952,True
Lyon,693830205,1951.2160737779404,0.6191108384447038,0.6824871485958635,0.4285714285714285,True
Lyon,693830301,5761.546499146356,0.339037189032803,0.24537863534915622,0.1785714285714285,True
Lyon,693830302,6065.669239044189,0.5124206125367659,0.5003460161670188,0.5178571428571429,True
Lyon,693830401,3062.328692118327,0.39216784930504256,0.31182382898125116,0.4047619047619047,True
Lyon,693830402,3336.436919318305,0.4490898077197923,0.40190305594905384,0.4107142857142857,True
Lyon,693830404,2606.136050754123,0.4767908421094182,0.43229432302093657,0.5416666666666666,True
Lyon,693830405,3438.305783377753,0.37739222144442625,0.28794155146706507,0.3452380952380952,True
Lyon,693830501,2540.6362528800964,0.46098722456250657,0.4236882283312504,0.5595238095238095,True
Lyon,693830502,3404.86457294888,0.4129740798249236,0.34981664364156734,0.4642857142857143,True
Lyon,693830601,2471.329527325101,0.4082800266986128,0.33210172071279903,0.2857142857142857,True
Lyon,693830602,3698.4836869769633,0.36254616870322487,0.2581986280637988,0.1726190476190476,True
Lyon,693830603,4256.457591586644,0.7675448962357065,0.9001543095313101,0.9226190476190476,True
Lyon,693830604,2921.952953126696,0.5405468494722439,0.5411653329966789,0.8035714285714286,True
Lyon,693830701,2776.282179726494,0.4952067720385667,0.45993602071032064,0.4583333333333333,True
Lyon,693830702,4634.248100598653,0.48980272335165637,0.43989615325201425,0.4404761904761904,True
Lyon,693830703,4944.396275202434,0.6781404024943286,0.7578152326928531,0.8511904761904762,True
Lyon,693830801,5466.626657274034,0.7042532621534572,0.8349059791536626,0.625,True
Lyon,693830802,3304.566292444865,0.5788783742701672,0.6044136987062735,0.4821428571428571,True
Lyon,693830804,3656.3508761955623,0.5799064993843196,0.6117221107273002,0.5833333333333334,True
Lyon,693830901,5095.267356024848,0.5826763322569272,0.6209106171183753,0.6309523809523809,True
Lyon,693830902,5479.0411011113065,0.7907421437604301,0.9260771234137544,0.9404761904761904,True
Lyon,693840101,1141.259614893028,0.768118041196973,0.9058214853304504,0.8392857142857143,True
Lyon,693840102,1963.3409444491067,0.652847052489704,0.7082829325188771,0.6666666666666666,True
Lyon,693840103,1706.6977110968696,0.6264928808556269,0.6927273884147876,0.7083333333333334,True
Lyon,693840202,1538.453173743354,0.5871519691807223,0.6329896249259527,0.4880952380952381,True
Lyon,693840203,1845.024553510878,0.6662195999001175,0.7262484334063836,0.6726190476190477,True
Lyon,693840204,2749.5952644348145,0.5711525828725699,0.5796902262467108,0.5059523809523809,True
Lyon,693840301,4216.065572208828,0.6729130927898659,0.7418878176229114,0.6964285714285714,True
Lyon,693840302,1964.38735877143,0.6063132223399116,0.6509645206665665,0.6369047619047619,True
Lyon,693840303,2213.455084058974,0.6728638068699757,0.735137329876067,0.6071428571428571,True
Lyon,693840401,3910.470185809664,0.7040432228369035,0.8250607697322567,0.7559523809523809,True
Lyon,693840402,3038.6460781097408,0.49000925107507254,0.4479520847755739,0.3154761904761904,True
Lyon,693840403,2442.093389723036,0.6939972929940582,0.8183910808284844,0.6904761904761905,True
Lyon,693840501,3803.912943746895,0.6377201962255169,0.6985130933983917,0.7440476190476191,True
Lyon,693840502,2385.0272886918647,0.7529572436408823,0.8832205773456343,0.875,True
Lyon,693850101,1342.0639877253109,0.526171623833398,0.5318655346252574,0.5297619047619048,True
Lyon,693850102,1532.0236097673578,0.6041072399176441,0.6472935659153682,0.5476190476190477,True
Lyon,693850103,998.4857902261946,0.5961116176597888,0.6446367313531712,0.494047619047619,True
Lyon,693850104,2022.0493051229664,0.7980931554232844,0.9379344804546247,0.7857142857142857,True
Lyon,693850202,2284.296880028314,0.6561444131413491,0.7127426160038685,0.4345238095238095,True
Lyon,693850203,3186.240635421541,0.44502789499739454,0.3950547608328439,0.2559523809523809,True
Lyon,693850204,3121.2406035529248,0.6860039790647633,0.7893635634933361,0.8452380952380952,True
Lyon,693850301,1281.1328659860624,0.2988824396453563,0.16537919679440943,0.0892857142857142,True
Lyon,693850302,3937.503105130461,0.32933107001629447,0.23519540101334582,0.1964285714285714,True
Lyon,693850403,3784.3509701622856,0.6153634870106931,0.6705597150318541,0.6547619047619048,True
Lyon,693850404,2051.1135062111757,0.5516642483573878,0.5609708133273392,0.3928571428571428,True
Lyon,693850501,1612.6054839028252,0.42547588342588905,0.3633831949300253,0.4464285714285714,True
Lyon,693850502,4592.849515067207,0.5073801456849723,0.47171344558318823,0.6011904761904762,True
Lyon,693850503,2154.080534689956,0.2643812700396589,0.14948498952966233,0.238095238095238,True
Lyon,693850504,4519.153929233551,0.6120209090924179,0.661841692168891,0.7023809523809523,True
Lyon,693850601,2883.8701748318144,0.44231774501768534,0.3798768829250172,0.375,True
Lyon,693850602,2606.423883305656,0.5616819222558125,0.5740668301085493,0.7380952380952381,True
Lyon,693850603,1254.5886721462011,0.5215252495125721,0.5291392548758975,0.7976190476190477,True
Lyon,693860103,3356.9723650150827,0.8024577224032309,0.9435820274204908,1.0,True
Lyon,693860104,3239.2286813578885,0.864882227529218,0.9811266252865648,0.9761904761904762,True
Lyon,693860201,2441.636119683584,0.8116613505792478,0.9496701073283682,0.988095238095238,True
Lyon,693860202,3482.363025029501,0.7413059351054541,0.8661227262322743,0.9940476190476192,True
Lyon,693860301,2510.916188134088,0.8221461356106858,0.9663959071207039,0.9821428571428572,True
Lyon,693860302,2868.687859005398,0.8150959912134922,0.9552455271561231,0.9166666666666666,True
Lyon,693860303,2226.13924407959,0.7574865648647381,0.8880619371984546,0.8809523809523809,True
Lyon,693860304,2620.3030381732515,0.8174961224094505,0.9610085331055362,0.9107142857142856,True
Lyon,693860401,1626.3207206560503,0.7770305540386454,0.9186170559407647,0.9285714285714286,True
Lyon,693860402,1691.6946822272405,0.8280144603607409,0.9708083158680767,0.9583333333333334,True
Lyon,693860403,2204.140355851915,0.8682131471264845,0.9868417318943049,0.9642857142857144,True
Lyon,693860501,1769.028152041965,0.6520291028691801,0.7043642404110909,0.5238095238095238,True
Lyon,693860502,2699.2016351487905,0.7132567572846594,0.8434794524773854,0.8333333333333334,True
Lyon,693860503,3287.788417816162,0.7323544045505909,0.8535835655371752,0.7738095238095238,True
Lyon,693860601,2812.3749607933887,0.616439929845101,0.6774857550816356,0.7916666666666666,True
Lyon,693860602,1219.3818787468804,0.6890031511991843,0.7939208735086448,0.8154761904761905,True
Lyon,693860603,1938.2253413730195,0.6074831117047478,0.655061955082198,0.5654761904761905,True
Lyon,693860701,2535.149581061469,0.4384848666356263,0.3741873411352408,0.75,True
Lyon,693860702,3952.0145510567554,0.4238157056787707,0.35754078437252573,0.4166666666666667,True
Lyon,693870101,1171.9667877621118,0.4323596556552338,0.36630677539659606,0.3630952380952381,True
Lyon,693870102,3047.7154244395592,0.6209972119282522,0.6877356309680505,0.6607142857142857,True
Lyon,693870103,1939.7487180233,0.5146204015320395,0.5087510713362361,0.5357142857142857,True
Lyon,693870201,2281.87461090088,0.3772011217126495,0.28193581484598806,0.1547619047619047,True
Lyon,693870202,1981.3845848507349,0.45830151438354344,0.41633373087939535,0.4761904761904761,True
Lyon,693870203,2943.756703694661,0.5750708879707991,0.5925171450035829,0.7142857142857143,True
Lyon,693870301,2233.486626519097,0.507542845570373,0.4788805581788525,0.8095238095238095,True
Lyon,693870302,1241.3952632480195,0.4599697617924388,0.4197173946139787,0.6488095238095238,True
Lyon,693870401,2296.80082236396,0.5395807776109984,0.5356860546338502,0.3988095238095238,True
Lyon,693870402,3287.200774298773,0.4112499637606032,0.3427905047514714,0.3571428571428571,True
Lyon,693870403,1925.739658355713,0.4064991157526723,0.32188274435357583,0.1845238095238095,True
Lyon,693870501,2799.6022731992925,0.49072619077464685,0.4540817834056153,0.5,True
Lyon,693870502,3366.408598687914,0.5199310374986235,0.5143221164987353,0.6130952380952381,True
Lyon,693870503,3338.755429373847,0.3856817380584848,0.3051031973449673,0.369047619047619,True
Lyon,693870601,6201.94976207945,0.3037373297365235,0.18658726792714028,0.3273809523809524,True
Lyon,693870602,1637.6196642090156,0.30078015254454576,0.16844365591111607,0.3035714285714285,True
Lyon,693870603,1053.2582875357734,0.2796328151871211,0.1629282708668553,0.3035714285714285,True
Lyon,693870701,7376.549748447206,0.3287716958181497,0.22331654110475005,0.3214285714285714,True
Lyon,693870703,2789.7593247095747,0.19350258185729452,0.08445242295455994,0.0773809523809523,True
Lyon,693870704,1418.9669307337865,0.19242419922520454,0.08003359353692721,0.2916666666666667,True
Lyon,693870705,1375.2036009894484,0.35873386744345603,0.2528716580298274,0.4702380952380952,True
Lyon,693870801,2297.4976860682173,0.2507400806601812,0.13416441612919597,0.1488095238095238,True
Lyon,693870802,7634.061921196576,0.13753484571272712,0.06261654910986586,0.1309523809523809,True
Lyon,693880101,3386.401027414533,0.6783975149028016,0.7665619104188107,0.7202380952380952,True
Lyon,693880102,3261.841073989868,0.5742638568142601,0.5860017585541641,0.5892857142857143,True
Lyon,693880104,2459.645354588826,0.6850316134297022,0.7780910760087916,0.5714285714285714,True
Lyon,693880105,2668.01150364346,0.4074686940386333,0.32670581944563554,0.2619047619047619,True
Lyon,693880202,3864.313029302492,0.5080882590213166,0.4852827651333023,0.6428571428571429,True
Lyon,693880203,2586.4033571879067,0.7332349147109769,0.859751001916919,0.8869047619047619,True
Lyon,693880204,2203.887149704827,0.6676344491721196,0.7304994701946343,0.7678571428571429,True
Lyon,693880301,2296.28665722741,0.40062545101969405,0.3174499509255906,0.4523809523809524,True
Lyon,693880302,4784.297847323947,0.38105514861838036,0.29657463440180937,0.0714285714285714,True
Lyon,693880303,3335.358086837663,0.31277188957652224,0.19660068622283197,0.1607142857142857,True
Lyon,693880401,1253.2386156717937,0.236070868035303,0.11548032831772409,0.0,True
Lyon,693880402,1973.6237816280784,0.24965935580606144,0.129680076677722,0.0297619047619047,True
Lyon,693880403,3910.394518269433,0.3131728400797689,0.20420815290540037,0.25,True
Lyon,693880404,2969.5454551908706,0.27628396526966487,0.1587046453704874,0.2142857142857142,True
Lyon,693880501,2154.6768826113803,0.37368768932745305,0.2772777869623691,0.1904761904761904,True
Lyon,693880502,1665.6419603559707,0.3655518287778994,0.26383053538484547,0.2738095238095238,True
Lyon,693880503,2730.125202708774,0.20592172301764256,0.10330560223422743,0.3392857142857143,True
Lyon,693880601,1828.9277924431692,0.15783705883252078,0.07255193924632469,0.0119047619047619,True
Lyon,693880602,2091.0004133648345,0.05093992054833672,0.004569928515392387,0.0357142857142857,True
Lyon,693880603,3538.8256096310083,0.06714948100179519,0.01048080019881284,0.0178571428571428,True
Lyon,693880701,3456.446364614698,0.32024498902275134,0.21194275269463725,0.2976190476190476,True
Lyon,693880702,5047.543892436557,0.0849070984239762,0.02289255422646469,0.0654761904761904,True
Lyon,693880801,3233.837640444438,0.10952307855532563,0.04664189381348068,0.0416666666666666,True
Lyon,693880802,2282.9326091342505,0.26072081608786163,0.13897350536556038,0.0476190476190476,True
Lyon,693880901,3806.2437943882414,0.22863322596014693,0.11016827228113744,0.2023809523809523,True
Lyon,693880902,1343.556825849745,0.24902855121646414,0.1261972996182813,0.119047619047619,True
Lyon,693880903,4645.3375844889215,0.08645492669583797,0.03306931251680728,0.0595238095238095,True
Lyon,693890101,2787.3394569704933,0.26106565927432407,0.14429688968691606,0.0833333333333333,True
Lyon,693890102,2567.4695770922635,0.6818770029074329,0.772813003262387,0.8214285714285714,True
Lyon,693890103,4745.8135034557845,0.5207226589268669,0.5228393075659759,0.5773809523809523,True
Lyon,693890104,750.760015712844,0.08273007404598418,0.01680479409985451,0.125,True
Lyon,693890201,3805.3067028025785,0.24367473962552946,0.12079140048232326,0.1428571428571428,True
Lyon,693890203,2173.602447748184,0.12294737297908034,0.05231927786878437,0.1666666666666666,True
Lyon,693890301,1857.889853018853,0.3674055349166278,0.26752996487631414,0.244047619047619,True
Lyon,693890302,2919.672419786453,0.30245555718007455,0.17701028667737867,0.1071428571428571,True
Lyon,693890303,1828.8303107950424,0.2722350028469932,0.15366673064173272,0.3511904761904761,True
Lyon,693890401,3205.149892018901,0.20487257501669454,0.09707403320395255,0.2321428571428571,True
Lyon,693890402,2577.8129046079184,0.685692582685527,0.7833800084303397,0.6190476190476191,True
Lyon,693890403,3013.2891228397684,0.19783728141065182,0.09054516447197607,0.1369047619047619,True
Lyon,693890501,1801.0094978594118,0.30222471660409017,0.17205394433936103,0.0952380952380952,True
Lyon,693890502,4213.357299352685,0.4539532705613831,0.4098297422588106,0.3809523809523809,True
Lyon,693890604,2524.0336159865064,0.09143030577017376,0.040596584770643256,0.0059523809523809,True
Lyon,693890605,1130.8202970557743,0.046942023079916705,0.001187271799448467,0.0238095238095238,True
Lyon,693890606,1939.013761255476,0.17358206115577363,0.07650797961836604,0.0535714285714285,True
Lyon,693890607,866.8598961167864,0.07536525002766754,0.015106421238541333,0.1011904761904761,True
Paris,751010201,1258.753070195516,0.6266216687831302,0.6980578427893254,0.4695051783659378,True
Paris,751010202,818.8151501549617,0.6903861250514493,0.7811643771026342,0.7779056386651323,True
Paris,751010203,1486.5819185045034,0.7010800235764051,0.7972804490929194,0.6340621403912543,True
Paris,751010204,821.1442182328965,0.6892631708627022,0.7796015668818304,0.4879171461449942,True
Paris,751010301,2481.378968662686,0.6731862982992695,0.765381335465909,0.7733026467203682,True
Paris,751010401,1326.4636335902744,0.6610866850913136,0.7515097199858559,0.9205983889528192,True
Paris,751010402,1888.022098011441,0.7389390046848906,0.8306739986883885,0.766398158803222,True
Paris,751020601,2750.63025686476,0.6380097314160362,0.714180927321334,0.7525891829689298,True
Paris,751020602,3489.1338534884985,0.6427088410258511,0.7240393485108152,0.7307249712313003,True
Paris,751020701,1521.9639400906035,0.5701260747029724,0.6112630610913996,0.6800920598388953,True
Paris,751020702,2795.4742228190107,0.5995108550204521,0.6679472915623259,0.6835443037974683,True
Paris,751020703,2423.496687571208,0.5926776115398066,0.6509443042313114,0.6064441887226697,True
Paris,751020801,2316.438500722249,0.5218586127938252,0.539519938926525,0.3993095512082854,True
Paris,751020802,985.134764565362,0.5546884035736199,0.5887686849214868,0.7226697353279632,True
Paris,751020803,1182.264500088162,0.5528652321060447,0.5882380776074512,0.5385500575373993,True
Paris,751020804,2227.0406930711533,0.5892540002523056,0.6400136665183829,0.4649021864211737,True
Paris,751020805,1371.4655066596135,0.5384871226565552,0.5715210636226843,0.4223245109321059,True
Paris,751030901,1502.2696372138128,0.5281488984004846,0.5522398767789315,0.5155350978135789,True
Paris,751030902,1401.7327923244902,0.5239514710048122,0.5462930733907997,0.5362485615650172,True
Paris,751030903,2506.5164858500166,0.5781393084868746,0.624545855393916,0.6029919447640967,True
Paris,751030904,1276.0817231072322,0.4782039876471777,0.4803165433110454,0.3590333716915995,True
Paris,751030905,3305.6270374721958,0.6007150011619746,0.6712906243479145,0.6398158803222095,True
Paris,751031001,1730.9708260430227,0.5141563617879872,0.5251329112780412,0.5638665132336018,True
Paris,751031002,1956.6814210679795,0.5416911568070168,0.5737407034754519,0.7491369390103567,True
Paris,751031003,2355.5498788621694,0.6103977659639495,0.6800540364345278,0.7456846950517837,True
Paris,751031004,2398.313120100234,0.5575552955187568,0.5926982828130706,0.7318757192174914,True
Paris,751031101,2422.750377231174,0.6512766681752693,0.7346903324712353,0.7445339470655926,True
Paris,751031102,2127.532321506076,0.6599099609320365,0.7465938003562018,0.8492520138089759,True
Paris,751031103,3717.6751035054526,0.7092403919708404,0.8009466579624551,0.7399309551208285,True
Paris,751031104,4438.262076483834,0.7236689664653687,0.8112068246064877,0.7859608745684695,True
Paris,751031201,1908.5344704522024,0.5613494090413229,0.5983183502660925,0.5615650172612198,True
Paris,751031202,1805.931512620714,0.5343528181081433,0.5599176154301326,0.5604142692750288,True
Paris,751031203,1530.9318364461262,0.49530404882138135,0.4986741893113738,0.4810126582278481,True
Paris,751031204,2055.4052094353574,0.5478523116110247,0.5856364250549625,0.4510932105868814,True
Paris,751041301,1272.4088495042588,0.6590431071360534,0.7394858093004821,0.6467203682393556,True
Paris,751041302,2062.792775472005,0.6206146880834945,0.688986345875504,0.6248561565017261,True
Paris,751041303,1249.189606136746,0.572091802624678,0.6167342572335676,0.5086306098964327,True
Paris,751041401,2839.656997892592,0.442590906697844,0.4107465788855296,0.2566168009205984,True
Paris,751041402,1724.5307884216309,0.6259666186218683,0.6956601526607296,0.5120828538550057,True
Paris,751041403,1373.7411007351343,0.6450269846868226,0.72785368313653,0.5845799769850403,True
Paris,751041404,955.2292065090604,0.6341998342602899,0.7096074553662486,0.5316455696202531,True
Paris,751041501,2825.090695963966,0.5432900859120188,0.577435225031919,0.4211737629459148,True
Paris,751041502,950.5012559493382,0.6526007142147877,0.7363958202407062,0.713463751438435,True
Paris,751041503,1075.145847744412,0.6704946534830173,0.7626627222259589,0.8204833141542003,True
Paris,751041504,2269.9365679423017,0.6285609453572863,0.700928133073385,0.7249712313003452,True
Paris,751041601,1403.342755966716,0.4476875201423079,0.4180104524252431,0.8170310701956272,True
Paris,751051701,1775.7404431237114,0.5979701060734285,0.661268264944561,0.6444188722669736,True
Paris,751051702,1351.3227848476834,0.5640968288834967,0.6008463866558,0.7364787111622555,True
Paris,751051703,3277.353451199001,0.6638736719296736,0.7554879503418673,0.5500575373993095,True
Paris,751051704,2188.1262719896104,0.6359284415554101,0.7113805101104135,0.7330264672036824,True
Paris,751051705,1588.9445379045274,0.6610835255584512,0.7507959904370726,0.7548906789413119,True
Paris,751051801,1476.222574869792,0.559887334831241,0.5961085971676773,0.7514384349827388,True
Paris,751051802,2790.486071268717,0.5932956863943643,0.6522207545061705,0.6156501726121979,True
Paris,751051803,2098.04795159234,0.6806641876307689,0.7734490909929792,0.6006904487917146,True
Paris,751051804,2049.566679212782,0.6350221521500936,0.7103430681811782,0.3728423475258918,True
Paris,751051805,3211.936161465115,0.5182694149969521,0.531948815544013,0.4637514384349827,True
Paris,751051806,1113.2193688286677,0.5947814442837256,0.6551154645441494,0.4591484464902186,True
Paris,751051807,1580.2861624823674,0.6069141508166276,0.6781255853741832,0.5086306098964327,True
Paris,751051808,1520.0194413926863,0.6934474664878566,0.7830287815751448,0.761795166858458,True
Paris,751051901,2412.1557657453745,0.6976268276804408,0.7914943597657608,0.715765247410817,True
Paris,751051902,2072.71165699429,0.8106093794217453,0.8981690081618287,0.7698504027617952,True
Paris,751051903,1781.594480302599,0.8466815789846721,0.9201077304462704,0.7825086306098964,True
Paris,751051904,2268.064012315538,0.8816062112351187,0.9405140586932395,0.8929804372842347,True
Paris,751051905,1768.5602951049805,0.8788469146819328,0.9388999438873977,0.9516685845799768,True
Paris,751051906,3390.2464934455024,0.7927981265365944,0.8779688229237667,0.7652474108170311,True
Paris,751051907,3604.729769388835,0.6409627316978163,0.7178087414641509,0.6950517836593786,True
Paris,751051908,2887.524545457628,0.6811405386624706,0.7746696234877212,0.6823935558112774,True
Paris,751052001,3796.685554504395,0.6326664484449738,0.7069694814674907,0.5408515535097813,True
Paris,751052002,2037.1841519673667,0.7798351002044461,0.8655871936485456,0.8469505178365938,True
Paris,751052003,2492.432727389865,0.6433410877539477,0.7255037132123104,0.4913693901035673,True
Paris,751052004,3169.61180665758,0.6762433288749828,0.7695543682717229,0.6754890678941312,True
Paris,751062101,2137.596909417046,0.7842220470525143,0.8724597856933899,0.8527042577675489,True
Paris,751062102,1581.8894297281904,0.7631307364845663,0.8530363343179457,0.6087456846950517,True
Paris,751062103,1275.4733412000865,0.7227520305911722,0.8086309592008047,0.6869965477560415,True
Paris,751062201,2947.343333714538,0.8664313427773935,0.9288874346370398,0.945914844649022,True
Paris,751062202,2067.779133690728,0.9475519674939452,0.9923181573296314,0.9021864211737628,True
Paris,751062203,2073.673831939697,0.7994233716277928,0.8856010714189986,0.7675489067894131,True
Paris,751062204,2267.898151397705,0.8941108825393586,0.9575719808579234,0.8273878020713463,True
Paris,751062301,1414.939248402913,0.9112200176662029,0.9725820660404629,0.9344073647871116,True
Paris,751062302,1068.752156999376,0.8853989753586832,0.9475400425271061,0.9493670886075948,True
Paris,751062303,1890.254247453477,0.9499417902209173,0.9932871349866244,0.8826237054085155,True
Paris,751062304,854.6907352871365,0.9625655574756938,0.9957560459670476,0.9585730724971232,True
Paris,751062305,3147.092929840088,0.8370504851168633,0.91290752462736,0.905638665132336,True
Paris,751062306,1809.7307222154404,0.8194849503558588,0.9028312530949796,0.8826237054085155,True
Paris,751062307,1278.3171526590984,0.8798569186197619,0.9396458588118509,0.8711162255466053,True
Paris,751062308,2537.010886722141,0.8721835537734431,0.9311081202582049,0.8319907940161104,True
Paris,751062309,1794.471243434482,0.804627498240989,0.8905936923788084,0.7088607594936709,True
Paris,751062310,1946.8194486829968,0.935672641660611,0.9872694107155163,0.8722669735327964,True
Paris,751062311,1948.734794192844,0.9179895765499622,0.9796631548378745,0.9378596087456847,True
Paris,751062401,1813.4817907545305,0.8279909058791901,0.9087643575482278,0.807825086306099,True
Paris,751062402,3555.973566055298,0.7827833126830884,0.8692769519607715,0.8032220943613348,True
Paris,751072501,2423.537141587999,0.9625964943392233,0.9965585984625259,0.9850402761795168,True
Paris,751072502,1506.1268933614094,0.9433141742493079,0.9892858775981941,0.9689298043728424,True
Paris,751072503,2496.43712064955,0.9142756175449132,0.9768857855147713,0.9263521288837744,True
Paris,751072504,2391.910352071126,0.9407896120448307,0.9883315877695776,0.9182968929804372,True
Paris,751072505,1896.9079546398584,0.8765142511147331,0.9371751577546391,0.8872266973532796,True
Paris,751072506,3584.366931332482,0.8840402800258872,0.9430679875750871,0.9171461449942464,True
Paris,751072601,2479.173341115316,0.9034351004922645,0.9646264954659898,0.9390103567318756,True
Paris,751072602,2555.8408133188886,0.8258403811721595,0.9076946909810607,0.95512082853855,True
Paris,751072604,2555.9363271925185,0.9095324891341791,0.9708465111703495,0.9769850402761796,True
Paris,751072701,2074.739035712348,0.8466644962785022,0.9191636502288741,0.8803222094361335,True
Paris,751072702,2609.4543791876904,0.7601488964383144,0.8510315487403245,0.8860759493670886,True
Paris,751072703,1163.7002177768286,0.7318367069495196,0.8220943684887709,0.9942462600690448,True
Paris,751072704,1802.4052806430395,0.7554969060954293,0.8455829908202249,0.9493670886075948,True
Paris,751072705,1640.4975325796336,0.8023064988161179,0.8880325136847413,0.996547756041427,True
Paris,751072706,2080.4083502027725,0.8731547893597768,0.9341696215775362,0.8262370540851554,True
Paris,751072801,1169.1980442470976,0.7466818106697146,0.8392226120422992,0.8688147295742232,True
Paris,751072802,855.4431025187173,0.7560866339491372,0.8462336664085683,0.8791714614499425,True
Paris,751072803,866.5115449693469,0.7190647930771488,0.8066133769332547,0.6329113924050633,True
Paris,751072804,1665.6123455895315,0.851258856515863,0.9209516511694346,0.7974683544303798,True
Paris,751072805,1054.5064851972793,0.7657817340177252,0.8536817580651834,0.7042577675489068,True
Paris,751072806,1634.289828459422,0.8363097558033287,0.9117369804160871,1.0,True
Paris,751072807,1736.538223266601,0.6747705897623107,0.768353279422018,0.998849252013809,True
Paris,751072808,1203.927741580539,0.8537877450203877,0.921654151619168,0.9815880322209436,True
Paris,751072809,1902.9751792483864,0.9355302931389848,0.9863269313023187,0.9102416570771,True
Paris,751072810,1774.480595694648,0.8371489556390885,0.9141123893478573,0.812428078250863,True
Paris,751072811,1737.4005177815757,0.8838521059730448,0.9414946481076774,0.9919447640966628,True
Paris,751083001,3454.049352645874,0.8228234685590454,0.9051361457789973,0.9367088607594936,True
Paris,751083002,2769.58590443929,0.9022298572538087,0.9633415314583321,0.9321058688147296,True
Paris,751083004,1894.4366109636096,0.7115418770309284,0.8030420041704297,0.7917146144994246,True
Paris,751083005,2321.953501383463,0.6768493965456811,0.7708987743373109,0.5132336018411968,True
Paris,751083105,1879.2151391771104,0.7742048722889612,0.8607519262561786,0.9228998849252014,True
Paris,751083106,1687.5264314015706,0.7806877176601017,0.8679932754849279,0.904487917146145,True
Paris,751083201,1388.848136054145,0.828080833372094,0.909548329245935,0.8941311852704258,True
Paris,751083202,1407.1403013865151,0.8847164958209334,0.9442899729697191,0.9792865362485615,True
Paris,751083203,2028.6989350318904,0.7896423685727635,0.8758537889010761,0.9873417721518988,True
Paris,751083204,1439.3710759480791,0.8998715777594088,0.96231112446564,0.9884925201380896,True
Paris,751083205,1105.040517595079,0.8872891926888588,0.9501325554177702,0.9758342922899884,True
Paris,751083206,923.4652995003594,0.9232550143791229,0.9813595337733519,0.8676639815880323,True
Paris,751083207,552.4670100741916,0.8839316041210551,0.9420552372332104,0.9424626006904488,True
Paris,751083209,1563.2607714335124,0.7861998519227619,0.8733658034196523,0.9102416570771,True
Paris,751083210,1039.3231684366865,0.8737483134255211,0.9349333721188479,0.9735327963176064,True
Paris,751093301,982.4240832858618,0.6623053669678666,0.7520749654991498,0.8181818181818182,True
Paris,751093302,1347.7421798706057,0.7271289395573917,0.8136653125611069,0.8918296892980437,True
Paris,751093303,1851.9671948750813,0.737102884757429,0.8286724528988828,0.7905638665132336,True
Paris,751093304,2031.6046899159749,0.7451045521186047,0.8384390142210627,0.9240506329113924,True
Paris,751093305,1464.6439933776855,0.7730927267880915,0.8588596826989796,0.8952819332566168,True
Paris,751093306,1782.5919464959038,0.7060176869478448,0.7980807850494331,0.7963176064441887,True
Paris,751093307,2143.0124655829536,0.7661826866061778,0.8544645519738648,0.8009205983889528,True
Paris,751093308,1488.420713212755,0.6338276056395715,0.7082633436952952,0.478711162255466,True
Paris,751093309,1201.972868177626,0.6464694007518115,0.7297225676444229,0.5535097813578826,True
Paris,751093310,1409.131534576416,0.6268459813050444,0.7000274497171304,0.857307249712313,True
Paris,751093403,3792.57522116767,0.6656968753337544,0.7582171894135333,0.8158803222094362,True
Paris,751093407,1549.1660414801706,0.590791023978364,0.6437101155683687,0.7422324510932106,True
Paris,751093501,2767.664143456353,0.6415271705032801,0.7193687857408164,0.4430379746835443,True
Paris,751093502,2235.6339615715874,0.6416676541016089,0.7205936576931712,0.6708860759493671,True
Paris,751093503,2983.81142255995,0.6598968007229198,0.7453424774368941,0.7583429228998849,True
Paris,751093504,2776.7190517849394,0.6989717315491091,0.7927646632925256,0.7928653624856157,True
Paris,751093601,1523.356429629856,0.6339072579275684,0.7090006656120732,0.667433831990794,True
Paris,751093602,1678.4700368245449,0.61733092518987,0.6861390816606497,0.6455696202531646,True
Paris,751093603,752.1611790127226,0.6732708515059949,0.7661729478285065,0.4948216340621404,True
Paris,751093604,933.4394942389596,0.6467452723436914,0.7310382624006363,0.7376294591484465,True
Paris,751093605,1202.186417473687,0.6196456889697726,0.6881870368288491,0.7180667433831991,True
Paris,751093606,1259.2350692749023,0.722731884412446,0.8080104298671101,0.7468354430379747,True
Paris,751093607,1204.887476179335,0.6383909865832161,0.7151492891152033,0.569620253164557,True
Paris,751093608,1259.3122588263618,0.6573341745895426,0.7388660112969087,0.7986191024165707,True
Paris,751093609,1441.3433414035374,0.6842530109297533,0.7768468413447656,0.6927502876869965,True
Paris,751093610,881.5554703606499,0.6325589294634856,0.7053066781731643,0.5995397008055235,True
Paris,751103701,1523.8963690863716,0.1576314343731233,0.13294220530880593,0.4626006904487917,True
Paris,751103702,2114.5285708109545,0.269580042593278,0.24723698998261018,0.3072497123130034,True
Paris,751103703,2560.893991046481,0.5233169548818338,0.5444772349596445,0.3774453394706559,True
Paris,751103704,3568.4901652865938,0.5381960701084495,0.570311698715492,0.7100115074798619,True
Paris,751103705,2550.243468814426,0.565802671062951,0.6050876791188498,0.7721518987341772,True
Paris,751103706,2058.637948354085,0.5082647637837383,0.5140442894606257,0.5443037974683544,True
Paris,751103707,2867.0519928402373,0.36792585191815824,0.34873160134818587,0.3118527042577675,True
Paris,751103708,870.3741472032335,0.20665600944696766,0.18100149938721063,0.380897583429229,True
Paris,751103709,3175.1241577996147,0.2114471860919752,0.19101501732496257,0.2796317606444188,True
Paris,751103801,1817.8983090718596,0.42197018699579675,0.3928717145498986,0.379746835443038,True
Paris,751103802,1896.708320617676,0.4746093962716888,0.4702341035478206,0.1760644418872267,True
Paris,751103803,3480.667971293132,0.6105724194592197,0.6814828178907645,0.5811277330264673,True
Paris,751103804,3668.338450113932,0.5472094974818479,0.5842351787322609,0.4890678941311853,True
Paris,751103805,3435.813579983181,0.5963921311650706,0.6575905026974068,0.4073647871116225,True
Paris,751103806,4865.360357920328,0.5731840187868747,0.6200353466628102,0.6121979286536249,True
Paris,751103901,1388.7027867635093,0.3777622650201065,0.35886752163181695,0.3751438434982739,True
Paris,751103902,2340.058926900228,0.48286561692504004,0.4816638590393593,0.6985040276179517,True
Paris,751103903,1709.0314021640354,0.5085286689380496,0.5149666635459434,0.5972382048331415,True
Paris,751103904,3031.748241424561,0.5345641448848438,0.5611019418725747,0.5558112773302647,True
Paris,751103905,1882.856409708659,0.4897561090318444,0.48848147926668417,0.4695051783659378,True
Paris,751103906,2199.6555141872827,0.4435277940417804,0.41380861992121504,0.42692750287687,True
Paris,751103907,1615.4755367702903,0.4152975286493038,0.38841066366424504,0.3555811277330264,True
Paris,751103908,1959.478370242649,0.4304650139888327,0.40104733122755853,0.3670886075949367,True
Paris,751103909,1497.378331926134,0.4223972251102527,0.3936833370610128,0.3486766398158803,True
Paris,751103910,3375.755584716797,0.4776784326275597,0.4772577897854447,0.5178365937859609,True
Paris,751104001,2281.3497738308374,0.24124707729811126,0.21947548526074886,0.1369390103567318,True
Paris,751104002,1956.6026505364312,0.24585861165907355,0.22432046701525954,0.14614499424626,True
Paris,751104003,1514.9012287987605,0.266037894982838,0.24444521487194315,0.288837744533947,True
Paris,751104004,1129.5825407240125,0.3386416405900511,0.3188025435263146,0.1818181818181818,True
Paris,751104005,527.4963179694282,0.19507301236321997,0.17290842841943688,0.1047180667433832,True
Paris,751104006,2332.496523539225,0.2762866534923829,0.25553089705840204,0.2646720368239356,True
Paris,751104007,3561.458452436659,0.36401543263180436,0.3441395995442679,0.2082853855005753,True
Paris,751104008,3634.303350024754,0.44482760323883663,0.4167771716389319,0.2543153049482163,True
Paris,751104009,2310.902558220758,0.3735043159506579,0.3535314666793925,0.4016110471806674,True
Paris,751104010,1991.019252353244,0.2710764490164637,0.2498545938991635,0.2025316455696202,True
Paris,751104011,2280.146205054389,0.15595009011251632,0.13046517396783044,0.1795166858457997,True
Paris,751114101,2308.4889636569555,0.2322433482719868,0.2094141948465132,0.238204833141542,True
Paris,751114102,1831.5150112575952,0.3419348561557357,0.32582018338468893,0.2370540851553509,True
Paris,751114103,1804.116282992893,0.36489908545956384,0.3462447021555635,0.33716915995397,True
Paris,751114104,2122.330015394423,0.43264575730011584,0.40331951131513066,0.57307249712313,True
Paris,751114105,1944.7548175387917,0.4668967122900282,0.4569502197219459,0.6559263521288837,True
Paris,751114106,2500.80106692844,0.5331864112725365,0.5573876904661202,0.616800920598389,True
Paris,751114107,3901.573894076877,0.5351180282134914,0.5627993086178985,0.6018411967779056,True
Paris,751114108,2444.8450631035694,0.4128021137372915,0.3842856710711383,0.4395857307249712,True
Paris,751114109,2286.4071392483183,0.39712730169938026,0.3749757572566777,0.2071346375143843,True
Paris,751114110,1194.7424223158096,0.26297195054193806,0.242511300099469,0.1150747986191024,True
Paris,751114111,964.7185406155056,0.3297340245596199,0.3112039256649165,0.0828538550057537,True
Paris,751114112,1406.1284239027236,0.25334785040618124,0.23088562945873892,0.001150747986191,True
Paris,751114113,1406.1929863823784,0.3720934835749042,0.35262147371450564,0.2934407364787111,True
Paris,751114114,1987.9690636528865,0.3428955899169809,0.3267552423832967,0.4165707710011507,True
Paris,751114115,1438.843239678277,0.39028210111350725,0.3723355287238316,0.5880322209436134,True
Paris,751114201,2832.184602525499,0.1862570678333198,0.16280894229496531,0.239355581127733,True
Paris,751114202,2361.795683119032,0.3864445660297789,0.36781385689852225,0.4004602991944764,True
Paris,751114203,3425.306485493978,0.476326717679889,0.47368483225131747,0.5914844649021864,True
Paris,751114204,2168.975356207954,0.42752409397948743,0.3971356408440091,0.3291139240506329,True
Paris,751114205,1931.980195787218,0.4644484077730638,0.45298870959209714,0.5822784810126582,True
Paris,751114206,4573.857896592883,0.5328117162422887,0.5556557226411001,0.5638665132336018,True
Paris,751114207,3445.216672261556,0.6028540925591854,0.6729433180194095,0.7042577675489068,True
Paris,751114208,2982.076568603516,0.5981029581695386,0.6633899078748513,0.7882623705408516,True
Paris,751114209,3516.9001388549805,0.5173319040009021,0.530301509570386,0.4810126582278481,True
Paris,751114210,2571.919112311469,0.4267073534617463,0.3959750086886459,0.4131185270425777,True
Paris,751114211,1991.7430606418188,0.4939168348141867,0.49436771371067484,0.4833141542002301,True
Paris,751114212,3121.33612230089,0.5104627131040633,0.5178269599569295,0.714614499424626,True
Paris,751114213,2824.4819878472217,0.4133406875940605,0.3858979267643237,0.5983889528193326,True
Paris,751114214,2119.895223829481,0.25610459514276873,0.2353033995893903,0.3417721518987341,True
Paris,751114301,1349.5380342271592,0.2781848401877394,0.25733088148369243,0.1956271576524741,True
Paris,751114302,4390.865183512369,0.40752614884092536,0.3826122009760644,0.4441887226697353,True
Paris,751114303,1904.3995954725476,0.2734974724212202,0.25189721265556625,0.1012658227848101,True
Paris,751114304,1686.0857162475584,0.3507035646731249,0.3295055116263613,0.336018411967779,True
Paris,751114305,3251.378301408556,0.4002556916128475,0.3775719299103863,0.2635212888377445,True
Paris,751114306,2533.467944251166,0.39955086162621767,0.37615572488596993,0.3026467203682393,True
Paris,751114307,2114.2080391777886,0.49898806358500064,0.5016918924361369,0.3567318757192175,True
Paris,751114308,1586.2137010362414,0.421949889029156,0.3920383439938517,0.3026467203682393,True
Paris,751114309,2662.4455685085723,0.4653368764192351,0.455822317603526,0.385500575373993,True
Paris,751114310,3047.9324595133467,0.521804310634933,0.5382066716789436,0.6777905638665133,True
Paris,751114311,2882.983818054199,0.4729401254967827,0.4637765895632797,0.4361334867663982,True
Paris,751114312,3261.140416463216,0.5846474285149849,0.6317583659464264,0.6582278481012658,True
Paris,751114313,2699.2174682617188,0.583842386924614,0.6283832954562709,0.6789413118527042,True
Paris,751114314,3355.24658203125,0.514896574097214,0.5263780829459991,0.4994246260069045,True
Paris,751114315,3633.3736097547744,0.4702238845385588,0.4590309745419402,0.3889528193325661,True
Paris,751114316,2057.959648132324,0.45005807558303623,0.4257551384677648,0.3762945914844649,True
Paris,751114317,2637.940482245552,0.4737234549921498,0.468394962636794,0.5063291139240507,True
Paris,751114318,1415.9002397325305,0.4503399417899159,0.4266055842045039,0.4556962025316455,True
Paris,751114319,2867.96338060167,0.3563244879114163,0.33257614976611405,0.2289988492520138,True
Paris,751114320,2590.123077392578,0.4193925841145404,0.39101592284761927,0.2819332566168009,True
Paris,751114321,1972.3660731845428,0.3319514684595321,0.3134870122389986,0.3452243958573072,True
Paris,751114401,2136.913296169705,0.4561297155032826,0.43949751071265875,0.669735327963176,True
Paris,751114402,2070.1246634589297,0.48795740700373647,0.48544773546358977,0.5592635212888377,True
Paris,751114403,2080.2081871032715,0.5152556733884524,0.5277087524274588,0.4660529344073648,True
Paris,751114404,2441.9450827704545,0.5671968199937489,0.6081025824075693,0.6133486766398158,True
Paris,751114405,2841.846311781141,0.45430556831311486,0.4365755499942655,0.3693901035673188,True
Paris,751114406,3239.6788219875766,0.5354255373550197,0.5645475794530491,0.5109321058688148,True
Paris,751114407,2349.104166242812,0.4731839961854903,0.46717406974037917,0.525891829689298,True
Paris,751114408,4284.127637227376,0.5210945851031735,0.53430531788499,0.57307249712313,True
Paris,751114409,3896.7916056315103,0.4764253192850865,0.47547737636840637,0.4119677790563866,True
Paris,751114410,3921.2060716417095,0.4778104237069192,0.47904418017887335,0.4384349827387802,True
Paris,751114411,4247.79886288113,0.441002696340398,0.40713357061929895,0.3659378596087457,True
Paris,751114412,2244.8565173678926,0.45656013288457853,0.4405702245173555,0.4522439585730725,True
Paris,751114413,2934.6045142279727,0.5315203993310815,0.5538175541331947,0.6766398158803222,True
Paris,751124501,4631.669719047017,0.20955842976118041,0.1852495142847687,0.1530494821634062,True
Paris,751124502,2530.31850475735,0.45302062620570216,0.4326348151082886,0.5627157652474108,True
Paris,751124503,1460.619448343913,0.46693299735229365,0.457783899294498,0.4326812428078251,True
Paris,751124504,1613.3012864854604,0.4651178845688074,0.453856640256967,0.5489067894131185,True
Paris,751124505,1779.5784988403318,0.4966242555749346,0.5000014985554069,0.5891829689298044,True
Paris,751124506,1430.9384028116865,0.4900062878118115,0.49009737813977666,0.6547756041426928,True
Paris,751124507,1865.062259674072,0.4830669761777615,0.48269332698021844,0.4223245109321059,True
Paris,751124508,1968.3850699530703,0.45571700036432167,0.43849248068663277,0.5937859608745685,True
Paris,751124509,2679.779109954834,0.49502066499975356,0.4965282857033438,0.380897583429229,True
Paris,751124510,2586.67628955841,0.29410656082233605,0.276841900522017,0.1081703107019562,True
Paris,751124511,1735.3631784651016,0.3291294008938968,0.31054291081084573,0.0747986191024165,True
Paris,751124512,2438.3980503082275,0.4747660022760261,0.4712953935394934,0.4315304948216341,True
Paris,751124513,1873.9905984666611,0.46263785074691405,0.45021997614042814,0.5765247410817032,True
Paris,751124514,1307.4913118150498,0.4230041783587979,0.39437000535151046,0.7192174913693901,True
Paris,751124601,1850.534376780192,0.38809519111671487,0.3698939982265841,0.3578826237054085,True
Paris,751124602,1338.315049489339,0.4234473936163669,0.39501773289748005,0.4407364787111623,True
Paris,751124603,1003.7732548183864,0.5300571130037302,0.5528533884237331,0.622554660529344,True
Paris,751124604,1292.9939346313477,0.5077807475964563,0.5132237667170457,0.1714614499424626,True
Paris,751124605,1367.3623691134983,0.5547186312338511,0.589344606582869,0.3532796317606444,True
Paris,751124606,1495.4942847357854,0.5053023119795034,0.5068102198922616,0.2313003452243958,True
Paris,751124608,1451.895391676161,0.4612646127229259,0.4479482915264632,0.5788262370540852,True
Paris,751124609,2036.0860193040637,0.5032689263657837,0.5059456434526607,0.1058688147295742,True
Paris,751124610,1225.6494102478027,0.5030480469722353,0.5051471285211507,0.6375143843498274,True
Paris,751124611,1191.0478515624998,0.5054540003921136,0.5074679200817154,0.6306098964326813,True
Paris,751124612,1838.002235836453,0.5338696086010967,0.5590255334172223,0.5385500575373993,True
Paris,751124613,4408.778487735324,0.5262201988544175,0.5492321072198725,0.3440736478711162,True
Paris,751124614,2156.094513787163,0.6424021926544179,0.7216688095068157,0.6835443037974683,True
Paris,751124615,3340.155623541938,0.5024767905609838,0.5034039012300676,0.4798619102416571,True
Paris,751124616,3777.791940053304,0.5998703628846818,0.6695565119584029,0.6041426927502876,True
Paris,751124617,1896.5817328559024,0.56476459723411,0.602482601157206,0.5868814729574223,True
Paris,751124618,1632.0888442993166,0.5732833811196846,0.62162600608837,0.6409666283084005,True
Paris,751124619,3187.4722345140253,0.5271378316157033,0.551091767439476,0.3141542002301496,True
Paris,751124620,1448.04979578654,0.6246424318862942,0.6941727807033411,0.430379746835443,True
Paris,751124621,2742.3662139044864,0.6188416612454222,0.6872213594333911,0.5270425776754891,True
Paris,751124622,1332.0639597574868,0.5242985804767443,0.5469623421201002,0.1104718066743383,True
Paris,751124623,1749.091722700331,0.6233796348350852,0.6920118980730425,0.7410817031070196,True
Paris,751124624,1143.075003306071,0.449138484237913,0.4230333964601488,0.7997698504027618,True
Paris,751124701,565.8785921202766,0.3270967765144725,0.30487086820424064,0.3601841196777905,True
Paris,751124702,2236.5988832049898,0.3826973622918558,0.3647482025963461,0.3302646720368239,True
Paris,751124703,4575.3587948481245,0.33562338570321504,0.3160711995299041,0.2715765247410817,True
Paris,751124704,943.6549542744956,0.4802876480747591,0.4808599634992221,0.3981588032220943,True
Paris,751124705,5245.847071117825,0.3394432899692537,0.32036333098127545,0.2347525891829689,True
Paris,751124801,1790.1317405700688,0.5560071293527412,0.5916728974520296,0.3026467203682393,True
Paris,751124802,1730.800274742974,0.5218590112039386,0.5405107552153982,0.2750287686996547,True
Paris,751124803,2289.5058865017363,0.6699003464665286,0.7606011374481189,0.8457997698504027,True
Paris,751124804,2534.3274781968857,0.7429601212671063,0.8343477617871509,0.7698504027617952,True
Paris,751124805,2286.0539491441514,0.6059398457250852,0.6758475445618393,0.5523590333716916,True
Paris,751124806,1476.4507937961157,0.5715838142454706,0.6132252305965586,0.6858457997698504,True
Paris,751124807,2860.239328172472,0.6315195969596973,0.7029676910326839,0.5005753739930955,True
Paris,751124808,1641.5158195495603,0.5723929897666841,0.6174419392313452,0.7560414269275029,True
Paris,751124809,1588.7380023532446,0.5812194791924937,0.6255484265489936,0.5063291139240507,True
Paris,751124810,2194.6044731140137,0.5904137607962137,0.6427935922265413,0.5661680092059839,True
Paris,751124812,3520.7503949271304,0.34133247989065896,0.3245098797329824,0.049482163406214,True
Paris,751134901,1892.2882918251885,0.3412684719362836,0.3231846979978083,0.2197928653624856,True
Paris,751134902,1028.9746369785732,0.5947342212448706,0.6545910278027969,0.2140391254315305,True
Paris,751134903,2702.355196634928,0.4723779464779797,0.4624092264839919,0.4361334867663982,True
Paris,751134904,1566.7755810419712,0.4570447464822742,0.4415033612507725,0.1231300345224395,True
Paris,751134905,3300.8006663852266,0.558273257837634,0.5949391202224438,0.570771001150748,True
Paris,751134906,2006.7360644870328,0.5700991449149044,0.6103991897862823,0.6386651323360184,True
Paris,751134907,1772.4786270989312,0.5924512399092229,0.6499170753179377,0.4545454545454545,True
Paris,751135001,2007.936328676012,0.11268466062120351,0.0952356756352721,0.0840046029919447,True
Paris,751135002,4694.6082833608,0.04842714653673518,0.03441926622928355,0.0333716915995397,True
Paris,751135003,2309.085493299696,0.11071181502228082,0.09254735030246276,0.1081703107019562,True
Paris,751135004,166.62528461880146,0.12026199381644585,0.09952589928383629,0.0345224395857307,True
Paris,751135005,1801.461769104004,0.1447451350690259,0.11407139228593283,0.1852704257767549,True
Paris,751135006,1623.8131968180337,0.23816008823628562,0.21473926778513636,0.2612197928653625,True
Paris,751135007,1675.670354631212,0.2341027745390318,0.2124553230699566,0.1772151898734177,True
Paris,751135008,1629.12067328559,0.1653032710961631,0.14245930735008158,0.1403912543153049,True
Paris,751135009,2036.9287957085503,0.13782379171362705,0.1069152873633901,0.19102416570771,True
Paris,751135010,1853.8838577270508,0.21131232298662533,0.1888797985930653,0.3164556962025316,True
Paris,751135011,2405.9556054009336,0.2206682179380796,0.19955291268889305,0.3003452243958573,True
Paris,751135012,2270.6978581746416,0.1761928121796299,0.15338360750999872,0.2359033371691599,True
Paris,751135013,1416.928142123752,0.24435402026451689,0.22233007643875433,0.0310701956271576,True
Paris,751135014,3565.6868964301216,0.3047868010873291,0.2818879068952395,0.4729574223245109,True
Paris,751135015,5214.005764007568,0.22777186349507084,0.20672313994026667,0.194476409666283,True
Paris,751135016,4867.105850431654,0.18632150578354756,0.1646938279705526,0.1334867663981588,True
Paris,751135018,2667.345052931044,0.322150259203916,0.30140741186794145,0.333716915995397,True
Paris,751135019,3104.267706976996,0.25430053401660163,0.23274333741770883,0.3014959723820483,True
Paris,751135020,3009.561183505588,0.2794527693118878,0.25839804523393284,0.3095512082853855,True
Paris,751135021,2218.9464984469946,0.2909121271838421,0.27566542203861233,0.3394706559263521,True
Paris,751135023,1734.898534138998,0.23194228302736117,0.20842432140012085,0.3072497123130034,True
Paris,751135024,2266.4189953274195,0.25864307618999277,0.2395717406951167,0.3924050632911392,True
Paris,751135025,2254.553686353895,0.2844028176680818,0.26451543076172307,0.2600690448791715,True
Paris,751135026,1594.0994288126628,0.2153382538024782,0.1938028959971038,0.1001150747986191,True
Paris,751135027,2790.8824534946016,0.2160353708976749,0.19640124284525942,0.0609896432681242,True
Paris,751135028,3673.544067382812,0.4488227565249964,0.42185422594481714,0.2531645569620253,True
Paris,751135029,3771.391987694634,0.3120596239354018,0.2907914312748695,0.2048331415420023,True
Paris,751135030,1256.7821545071072,0.167287821162947,0.14690431962630096,0.1657077100115074,True
Paris,751135031,1779.0981385972764,0.20551866708624966,0.18035287437560937,0.1392405063291139,True
Paris,751135101,4687.478265338474,0.14755464174031854,0.12205594875028758,0.0805523590333717,True
Paris,751135102,1421.303510453966,0.1574065161290712,0.13222118236537939,0.1518987341772152,True
Paris,751135103,1767.163087632921,0.21672468560633762,0.19751711122321441,0.1967779056386651,True
Paris,751135104,1926.228923373752,0.1742158824586765,0.15235614566525293,0.189873417721519,True
Paris,751135105,2158.9148686726885,0.31455786995642954,0.2975227260276994,0.476409666283084,True
Paris,751135106,2594.959250662061,0.2634701138157229,0.2434390679816901,0.2301495972382048,True
Paris,751135107,1751.8709432813855,0.19810922059056463,0.17346644694418084,0.2174913693901035,True
Paris,751135108,6787.346359676785,0.07892203267263755,0.06333154603596562,0.051783659378596,True
Paris,751135109,2268.115533192952,0.19504033260975928,0.17222402655605037,0.1127733026467203,True
Paris,751135110,3383.3056439293755,0.3613109798381655,0.3396611098035457,0.2474108170310702,True
Paris,751135111,2048.1965052286787,0.27624696750720834,0.2544584468645146,0.1611047180667434,True
Paris,751135112,2497.429542541504,0.4492348699722887,0.4239246389600006,0.5281933256616801,True
Paris,751135113,1488.8928167555068,0.47381793268445016,0.4694052646923342,0.4568469505178366,True
Paris,751135114,2437.4896685282392,0.49160027457560057,0.49104441926041753,0.3636363636363636,True
Paris,751135115,1406.532710605197,0.5421262553890617,0.5745640617029999,0.5765247410817032,True
Paris,751135116,2084.2378438313804,0.555551019544939,0.590189602863888,0.5512082853855006,True
Paris,751135117,1055.6093487209744,0.49536910158634867,0.499307407977305,0.2899884925201381,True
Paris,751135118,1727.3114013671873,0.5239382743400208,0.545527042986439,0.4936708860759494,True
Paris,751135119,1215.7518641153963,0.45190062570143197,0.4291473598537188,0.096662830840046,True
Paris,751135120,1641.030791812473,0.5990259716246626,0.6645217042259038,0.523590333716916,True
Paris,751135121,1092.2604440053306,0.5558154186583006,0.5909672506429727,0.5155350978135789,True
Paris,751135122,2780.4419962565107,0.5955712225193325,0.6560686831007786,0.6582278481012658,True
Paris,751135123,1450.3528192308215,0.5445008914877644,0.5802687919549732,0.3878020713463751,True
Paris,751135124,2039.1679840087893,0.6656824126994679,0.7567895034081407,0.6743383199079401,True
Paris,751135125,1880.173937161764,0.5829859098475231,0.6263976609641148,0.2911392405063291,True
Paris,751135201,3894.127418094211,0.576425124496428,0.6229788951548142,0.6075949367088608,True
Paris,751135202,2076.939252853394,0.49435710405681416,0.49536377965442385,0.2255466052934407,True
Paris,751135203,3600.733543395996,0.5851471402582623,0.6358826629626579,0.7272727272727273,True
Paris,751135204,3047.469386630589,0.5363571491792273,0.5660867544810761,0.3521288837744534,True
Paris,751135205,1876.778767055935,0.4652952867906406,0.4547110568996131,0.5477560414269275,True
Paris,751135206,1845.079225540161,0.8445312818002242,0.9171321964906383,0.7295742232451093,True
Paris,751135207,2719.621787601047,0.6991204471591114,0.7953392182712179,0.6881472957422324,True
Paris,751145301,1206.1431794696384,0.7533357384526113,0.8434695377584344,0.5949367088607594,True
Paris,751145302,2603.966087129381,0.872879381093434,0.9330228262552966,0.8504027617951668,True
Paris,751145303,1350.0245433383518,0.5364272952610487,0.5671633177524225,0.663981588032221,True
Paris,751145304,963.16535059611,0.567914251318298,0.6096721195881387,0.4959723820483314,True
Paris,751145305,6407.4555806054,0.7360509794009749,0.8266504396012624,0.8020713463751439,True
Paris,751145306,2563.1313925849063,0.5847626075725977,0.6331842228576156,0.760644418872267,True
Paris,751145307,1649.3122484419075,0.7136896324467294,0.805997470797556,0.7848101265822784,True
Paris,751145308,1503.0298186408147,0.5672322784091528,0.6090683631801813,0.5431530494821634,True
Paris,751145309,1820.7323053148057,0.8115883359924865,0.8995578454273331,0.8642117376294591,True
Paris,751145310,2217.3763594097563,0.8926119952566482,0.9564739277674271,0.8112773302646721,True
Paris,751145402,3667.3052419291607,0.6949273797552291,0.7873247372965462,0.7422324510932106,True
Paris,751145403,3414.512955771552,0.4536899966878295,0.4340901865781917,0.4062140391254315,True
Paris,751145404,2443.563275231256,0.5060325365434929,0.5106968116082088,0.4591484464902186,True
Paris,751145405,2031.7821278042263,0.46425975895255395,0.45201832941605113,0.380897583429229,True
Paris,751145406,2134.3182894388838,0.5909283203052234,0.6446118800743348,0.8388952819332566,True
Paris,751145501,2682.629981782701,0.20964300136250288,0.18704014925526147,0.1208285385500575,True
Paris,751145502,2310.482765197753,0.5453078870323431,0.5819929775731209,0.2784810126582278,True
Paris,751145503,3765.901752471924,0.11768884264982137,0.09856316590907122,0.0540851553509781,True
Paris,751145504,1954.2840504116489,0.5980947194096348,0.662181423083017,0.619102416570771,True
Paris,751145505,2577.5022871229376,0.6207172681262672,0.690122349997887,0.2957422324510932,True
Paris,751145506,2557.811445448134,0.6866890549702365,0.7778258860526188,0.762945914844649,True
Paris,751145507,1525.0826424492727,0.6785075586555857,0.7725621018607705,0.7031070195627158,True
Paris,751145508,2441.035975986056,0.6636571185186624,0.7540880148043541,0.5799769850402762,True
Paris,751145509,1056.948993259006,0.6325707891245245,0.7057812490856222,0.7111622554660529,True
Paris,751145510,1385.507551405165,0.5608695941433302,0.5975119262638136,0.6973532796317606,True
Paris,751145511,1970.704101138645,0.6090341634240901,0.6789949136224089,0.7008055235903338,True
Paris,751145512,1796.6214358011885,0.6516820914756255,0.7357232891493806,0.6720368239355581,True
Paris,751145513,2274.5141283671064,0.6549905726021363,0.7371853456312066,0.6478711162255466,True
Paris,751145514,1821.3914866977268,0.5623052045837961,0.5992314842815696,0.7065592635212888,True
Paris,751145515,2931.25888994005,0.5934911743586749,0.6536215115217217,0.5753739930955121,True
Paris,751145516,2043.27495235867,0.5728637048345441,0.6183440235709271,0.6927502876869965,True
Paris,751145601,3613.5166384379063,0.15938744602676727,0.1364748978853724,0.1254315304948216,True
Paris,751145602,858.1544401380752,0.3015639206279189,0.27912046457178386,0.0840046029919447,True
Paris,751145603,3302.162913428413,0.09404994830509097,0.08282260105185964,0.0264672036823935,True
Paris,751145604,2195.125601238675,0.3556111919397786,0.3313366402354106,0.095512082853855,True
Paris,751145605,1737.6371320088706,0.3695308807439914,0.3498588886774523,0.3739930955120829,True
Paris,751145606,1609.1895629035105,0.38939739509549226,0.3715893309536072,0.2968929804372842,True
Paris,751145607,3292.713808695475,0.5070792683331369,0.5121011262749636,0.4200230149597238,True
Paris,751145608,1314.3662800259062,0.3761404374377062,0.35639096645809626,0.4902186421173763,True
Paris,751145609,1440.8801426357695,0.30173848555897936,0.2796832979106776,0.0782508630609896,True
Paris,751145610,1484.0654644436306,0.37029050069481695,0.3506476030547263,0.3636363636363636,True
Paris,751145611,744.5254355536566,0.3622725925460865,0.34067165612862593,0.1323360184119678,True
Paris,751145612,1455.439971499973,0.5719518979844599,0.6160721290050243,0.61795166858458,True
Paris,751145613,1757.0217980278862,0.5886344566832336,0.6390383165993221,0.6432681242807825,True
Paris,751145614,1693.6751378377278,0.5057094165238396,0.5081741375018765,0.3256616800920598,True
Paris,751145615,1463.6544312371143,0.543586317240159,0.5795554053697386,0.384349827387802,True
Paris,751145616,2416.257444593641,0.3792441477562132,0.36065510242231824,0.287686996547756,True
Paris,751145617,1162.077623155382,0.269848768015847,0.24908267508785245,0.0863060989643268,True
Paris,751145618,2786.480513466729,0.357299636098469,0.336406644152131,0.1484464902186421,True
Paris,751145619,1919.435245090061,0.5211071261844339,0.535824030146325,0.2658227848101265,True
Paris,751145620,1692.8495864868166,0.6260838987056287,0.6964967714837308,0.2451093210586881,True
Paris,751145621,1765.7164866129558,0.58383980160915,0.6272902219963973,0.2773302646720368,True
Paris,751145622,1590.0071792602544,0.5463186503209527,0.5829478678541152,0.6248561565017261,True
Paris,751145623,3250.126577589247,0.6370634960112318,0.71271186459808,0.5212888377445339,True
Paris,751145624,6597.265883551702,0.6598399230295626,0.7429969060519299,0.6915995397008056,True
Paris,751145625,3218.119467417399,0.4189461434590247,0.3895939901072011,0.428078250863061,True
Paris,751155701,3815.9225192599824,0.03954638252359817,0.024962647482559056,0.0701956271576524,True
Paris,751155702,2392.9319078657363,0.28794978142994726,0.2687487689874347,0.2105868814729574,True
Paris,751155703,2658.236062367757,0.4018677421084034,0.3802769081762147,0.3210586881472957,True
Paris,751155704,3014.9320473141142,0.23778769627719717,0.2136036430783161,0.0794016110471806,True
Paris,751155705,3657.9442604912647,0.4831145652860624,0.4840454302603378,0.2922899884925201,True
Paris,751155706,1451.4824651082358,0.6247896177607041,0.6948826236243032,0.6996547756041427,True
Paris,751155707,3929.443422105577,0.6154689220998631,0.6832969088002142,0.4856156501726122,True
Paris,751155708,2404.418710072836,0.5970509868621441,0.6590202669403443,0.4718066743383199,True
Paris,751155709,2529.107841491699,0.6457617842776331,0.728809150930625,0.6616800920598389,True
Paris,751155710,3970.920296563042,0.5365020555538844,0.5684659537252567,0.5143843498273878,True
Paris,751155711,1193.0271021525068,0.5902899919183923,0.6419642562936523,0.6478711162255466,True
Paris,751155712,1388.576884799534,0.5652304711674813,0.6041234050589736,0.5914844649021864,True
Paris,751155713,1473.622106764052,0.678304822548888,0.7718279802346748,0.8550057537399309,True
Paris,751155714,1600.4562352498378,0.6297979075440585,0.7018756551857415,0.6524741081703107,True
Paris,751155715,2936.456837548149,0.5993397036840169,0.6656423322779923,0.522439585730725,True
Paris,751155716,2018.9177347819011,0.6426343482451237,0.7226909063910432,0.5189873417721519,True
Paris,751155717,2486.4635679456924,0.6594711643115619,0.7407730918409124,0.5857307249712314,True
Paris,751155718,1914.3429455227324,0.5869506667693858,0.6381395191247682,0.5373993095512083,True
Paris,751155719,1643.375636206733,0.48984299820292493,0.48934474638366765,0.620253164556962,True
Paris,751155720,1745.0811097886829,0.5107719368571235,0.5190183217049038,0.5420023014959724,True
Paris,751155721,1505.526587592231,0.4989102676747106,0.5008057346805471,0.757192174913694,True
Paris,751155722,3208.7071711222334,0.6747038094168075,0.7671426195224986,0.7537399309551208,True
Paris,751155723,1717.8129348754885,0.5642788741209922,0.6015977506925104,0.7111622554660529,True
Paris,751155724,2048.9961793687607,0.5913074463257512,0.6456360094492312,0.7284234752589183,True
Paris,751155725,2906.193751017253,0.6320148940833323,0.7043793882762946,0.806674338319908,True
Paris,751155726,2273.8038037618,0.5897141844335944,0.6411155313424157,0.4096662830840046,True
Paris,751155727,2851.2049683464897,0.49238938277100885,0.4923391599673059,0.3429228998849252,True
Paris,751155728,1414.0189692179365,0.6170074916618215,0.6846050573602647,0.6731875719217492,True
Paris,751155729,2719.4457778930664,0.6064217422074253,0.6770729554996777,0.7790563866513234,True
Paris,751155730,3065.887216356065,0.6058139112743207,0.6745373202884372,0.7353279631760644,True
Paris,751155731,2429.2967825995547,0.5849504284106158,0.6344064337108494,0.3509781357882623,True
Paris,751155801,3636.8479167090513,0.3638827974406639,0.34174427287448567,0.0598388952819332,True
Paris,751155802,2221.1669201321074,0.4574067219097896,0.44314003084390974,0.1668584579976985,True
Paris,751155803,4699.655469258626,0.7278863062270206,0.8151457935577738,0.8296892980437284,True
Paris,751155804,3282.9331092834477,0.7595847207092417,0.8475846937914686,0.80897583429229,True
Paris,751155805,1841.6279440985784,0.5994375420178927,0.6668120691020145,0.567318757192175,True
Paris,751155806,2349.1450381808813,0.7309964114747443,0.8201836684089625,0.6513233601841196,True
Paris,751155807,2988.471336788601,0.7503674173753608,0.8402404631687146,0.8193325661680092,True
Paris,751155808,2206.482131110298,0.739930233047005,0.8316763861703594,0.8239355581127733,True
Paris,751155809,3326.038661532932,0.7724737971895976,0.8576868617529849,0.85385500575374,True
Paris,751155810,4348.491540696886,0.571799126152819,0.6146512516610311,0.4085155350978136,True
Paris,751155811,1843.0883433024087,0.7307755980305132,0.8178024177249209,0.7215189873417721,True
Paris,751155812,2404.017920176188,0.7232920010132683,0.8095317461518092,0.8975834292289988,True
Paris,751155813,1790.4340460035537,0.7203496141942919,0.8072638315064181,0.9700805523590332,True
Paris,751155814,3653.757922066583,0.7827944363581223,0.8710419872831592,0.8227848101265823,True
Paris,751155815,1960.9498242272268,0.6709705703769513,0.7634059976325406,0.667433831990794,True
Paris,751155816,3513.405453999837,0.8033175692431156,0.8892942556559171,0.8607594936708861,True
Paris,751155817,2414.2608926561143,0.750543449947667,0.841563121750117,0.7019562715765247,True
Paris,751155901,1853.990311516656,0.6500605546226171,0.7336433311518701,0.6501726121979287,True
Paris,751155902,1586.8098788791235,0.6170956952385274,0.6853396989931821,0.7813578826237054,True
Paris,751155903,2688.7355745103623,0.6267867030079574,0.6990242389587402,0.6283084004602992,True
Paris,751155904,2282.2635082668726,0.6815787310854403,0.7759352543283585,0.8331415420023015,True
Paris,751155905,1937.130039638943,0.6883163672425442,0.7789263057431878,0.759493670886076,True
Paris,751155906,2638.39761352539,0.6914497669741501,0.7820107474085128,0.8365937859608745,True
Paris,751155907,3694.71782345242,0.5507474192970088,0.587044129388729,0.5017261219792866,True
Paris,751155908,4414.278615527683,0.6602414767375158,0.7493263239271006,0.6248561565017261,True
Paris,751155909,1695.8705944485137,0.622562919845804,0.6911685268345881,0.6605293440736478,True
Paris,751155910,1770.8618019951714,0.7081114834608134,0.7996029932888961,0.6352128883774454,True
Paris,751155911,2309.935034010145,0.6601835958080828,0.7476801496380485,0.7640966628308401,True
Paris,751155912,2814.7640177408857,0.6239113300116179,0.6931291888627803,0.4533947065592635,True
Paris,751155913,2767.2925056881377,0.7308229755159861,0.8189310984617186,0.9217491369390104,True
Paris,751155914,1827.8776465521917,0.6673367734700757,0.7595931488172482,0.8849252013808976,True
Paris,751155915,2145.9453175862627,0.7315121212218839,0.8212841245449953,0.7341772151898734,True
Paris,751155916,1712.4932072957356,0.6262458032408017,0.6973304433515065,0.6317606444188723,True
Paris,751155917,2399.673515319824,0.6624669287880676,0.7529029466431266,0.7238204833141542,True
Paris,751155918,5359.22485393948,0.6937823433279479,0.7847129093672267,0.7951668584579977,True
Paris,751155919,1785.2569141387942,0.6964231528408049,0.7886595948871278,0.5891829689298044,True
Paris,751156001,9327.5865545695,0.1419363664421904,0.11134685761661746,0.0897583429228998,True
Paris,751156002,2128.1546143425835,0.7240602857635379,0.8128143681634038,0.7767548906789413,True
Paris,751156003,2528.205361260308,0.6700839654154487,0.7617805753424945,0.6098964326812428,True
Paris,751156004,2630.973480648465,0.4708315558510902,0.46110355878793186,0.520138089758343,True
Paris,751156005,1708.5591659545894,0.5651969527459277,0.6033651861798339,0.6892980437284235,True
Paris,751156006,1244.9952947828506,0.4065684575843486,0.3812324695904188,0.5327963176064442,True
Paris,751156007,2569.775451236301,0.4003128971422011,0.37899702348112396,0.3245109321058688,True
Paris,751156008,1352.4757457309297,0.2685935959121554,0.24514718576378344,0.2761795166858458,True
Paris,751156009,610.5130958557128,0.30929292225698446,0.2868029914490569,0.3107019562715765,True
Paris,751156010,2607.7338515387646,0.46111889596408534,0.4460185919976618,0.4177215189873418,True
Paris,751156012,2869.265652868483,0.539685577934257,0.5725592493445312,0.6812428078250863,True
Paris,751156013,2496.830744425456,0.5170788103682381,0.5288292706325267,0.7502876869965478,True
Paris,751156014,2415.6864058176675,0.38375799778159025,0.3658871420809133,0.2428078250863061,True
Paris,751156015,658.1687738630507,0.4128708836203679,0.38504532890820575,0.3947065592635213,True
Paris,751156016,1460.8736284044055,0.4494950788507858,0.42489368266501915,0.3901035673187571,True
Paris,751156017,2096.30357699924,0.5667544383536357,0.6069915605616839,0.5051783659378596,True
Paris,751156018,2185.832828945583,0.5433331864169614,0.5786619637854801,0.4925201380897583,True
Paris,751156019,3690.9493535359697,0.6970809754843087,0.7900002408613989,0.7261219792865362,True
Paris,751156020,3026.792971293131,0.6407355581128762,0.7161852591059237,0.7686996547756041,True
Paris,751156022,1448.7234115600584,0.4571690811582043,0.4422415943244086,0.2428078250863061,True
Paris,751166101,1277.423027886285,0.5025821477580141,0.5045343440818023,0.1691599539700805,True
Paris,751166102,1821.764412350125,0.7408875529108951,0.8332813342694203,0.3682393555811277,True
Paris,751166103,1435.2605730692546,0.5601450413167174,0.5968213658200349,0.4856156501726122,True
Paris,751166104,769.3838047451443,0.500700256001746,0.5023978329372857,0.1599539700805523,True
Paris,751166105,2154.4534772237143,0.7295734709958273,0.8168237678920421,0.6962025316455697,True
Paris,751166106,2192.7432208591035,0.7741766193789977,0.8597550582939533,0.7733026467203682,True
Paris,751166107,1975.2353727552625,0.7539944241470722,0.8442483802892297,0.8354430379746836,True
Paris,751166108,2471.7404783036973,0.5118288531110934,0.5211974406395488,0.2589182968929804,True
Paris,751166109,1665.637990315755,0.6556719992490687,0.7381499457243603,0.8906789413118527,True
Paris,751166110,1630.8670688205293,0.7664019588907947,0.8553884463923509,0.7203682393555811,True
Paris,751166111,1479.6589796278213,0.7963591233051702,0.8834454043997065,0.8665132336018412,True
Paris,751166112,2765.30838394165,0.913921621880731,0.9755976423032914,0.9769850402761796,True
Paris,751166113,2578.516055636936,0.8588935421756297,0.9242566085359019,0.8757192174913694,True
Paris,751166114,1263.7841729058164,0.7402623974306771,0.832525952151391,0.4476409666283084,True
Paris,751166115,1255.8043821122908,0.8067661304414033,0.892180742812227,0.6536248561565017,True
Paris,751166116,2075.567413965861,0.8218701028746719,0.9037824242252313,0.8768699654775605,True
Paris,751166117,1340.0610478719077,0.8723997658839061,0.9320572775081344,0.8434982738780207,True
Paris,751166118,1559.217788696289,0.9102211262239224,0.9718539540111237,0.9252013808975834,True
Paris,751166119,889.8058882819282,0.811075729417834,0.8988942706933417,0.9159953970080552,True
Paris,751166120,1635.8277210659448,0.8598783659821425,0.925288334285858,0.9321058688147296,True
Paris,751166121,1818.5211618575784,0.7768524930460672,0.8627391775338672,0.523590333716916,True
Paris,751166122,1165.700838247935,0.8606954224370833,0.9278805083377714,0.9620253164556962,True
Paris,751166123,1467.6903207567002,0.8951566806649925,0.9584865011301581,0.9643268124280784,True
Paris,751166124,1211.3472485012478,0.8348719039509258,0.9110403317317627,0.8147295742232451,True
Paris,751166125,1793.2978587680395,0.869008207627651,0.9300480047871603,0.9102416570771,True
Paris,751166126,2710.3830515543623,0.8925438106502986,0.9552675486623372,0.9355581127733028,True
Paris,751166127,2303.899930742052,0.841880489577224,0.9161164728434049,0.715765247410817,True
Paris,751166128,1615.2549730936685,0.9170867333704327,0.9787906441433704,0.8699654775604143,True
Paris,751166129,690.117767545912,0.7586043500700287,0.846612039657705,0.6570771001150748,True
Paris,751166130,821.0695754935343,0.6941746780469837,0.7862259252109757,0.6214039125431531,True
Paris,751166201,1449.9408588939243,0.7601405693100715,0.8500377563925026,0.9286536248561564,True
Paris,751166202,1716.2158694797097,0.8060894655981365,0.8914531538955588,0.8400460299194477,True
Paris,751166203,1998.8540017869736,0.7616148614836298,0.8521597221102033,0.9666283084004604,True
Paris,751166204,2198.8480762905547,0.8961824892815079,0.9593841170527956,0.9723820483314154,True
Paris,751166205,1316.89676200019,0.9277906816011348,0.984703686105207,0.9827387802071348,True
Paris,751166206,1705.341027551227,0.933095064294379,0.9854435689233122,0.953970080552359,True
Paris,751166207,1923.866603824828,0.8983463458399661,0.9614877604732135,0.9631760644418872,True
Paris,751166208,2472.7776843176957,0.9997859181267749,0.999,0.9827387802071348,True
Paris,751166209,1479.6129849751792,0.9567729788675245,0.9941121219791069,0.9896432681242808,True
Paris,751166210,1947.6345342000325,0.9084872207948242,0.9697439788970839,0.995397008055236,True
Paris,751166211,1834.5914590623645,0.9158110031179585,0.9779460772105241,0.9309551208285386,True
Paris,751166212,1747.132344987657,0.8317152569584417,0.9103160577429639,0.8216340621403913,True
Paris,751166213,1470.1927485068636,0.800852329812021,0.8864686556976394,0.9804372842347526,True
Paris,751166214,990.1595505608452,0.9123598247768953,0.9731708652684228,0.901035673187572,True
Paris,751166215,1550.3552140129937,0.8741770426378839,0.9355673588111648,0.8883774453394706,True
Paris,751166216,1560.098356458876,0.8753789743590434,0.936328837991017,0.906789413118527,True
Paris,751166217,2190.3590037028,0.9585008976011976,0.9950105784892922,0.9413118527042578,True
Paris,751166218,2656.8865445454912,0.9243999393462191,0.9822360501154276,0.9148446490218642,True
Paris,751166219,3344.0895782046846,0.9656733157283179,0.9979705879247622,0.9447640966628308,True
Paris,751166220,2077.987449645996,0.8855132288782003,0.9483104049969479,0.8814729574223246,True
Paris,751166221,2146.744529061847,0.7946208908400613,0.8793243497905536,0.956271576524741,True
Paris,751166301,3052.9488165113667,0.9247259156652297,0.9836338915071475,0.9090909090909092,True
Paris,751166302,3659.150904761421,0.8912607621257018,0.9512988909681203,0.7871116225546605,True
Paris,751166303,2327.4321848551435,0.9442939654462201,0.9902243823392737,0.9436133486766398,True
Paris,751166304,2901.8497314453125,0.8917695779319924,0.9529051086049618,0.9275028768699656,True
Paris,751166305,2556.0448526276487,0.7115768904495878,0.8041315394739028,0.8998849252013809,True
Paris,751166306,2078.6700859069824,0.9463867262512904,0.9913030530435516,0.9194476409666285,True
Paris,751166307,3523.7169066535103,0.9038985271400498,0.9660960804763586,0.957422324510932,True
Paris,751166308,3078.6571545071074,0.9128927341805152,0.9741669641129632,0.8515535097813579,True
Paris,751166309,2130.0022655063203,0.8857109564090712,0.9493405751906263,0.9861910241657076,True
Paris,751166310,2664.072225464715,0.9066121564128452,0.96861497356024,0.9608745684695053,True
Paris,751166311,2083.4162247975664,0.7531405959315876,0.8426642111587974,0.906789413118527,True
Paris,751166401,2235.0734496249097,0.8978022003822489,0.960469598269791,0.8446490218642118,True
Paris,751166402,3036.923408932156,0.7948511666382566,0.8805933786060042,0.7894131185270425,True
Paris,751166403,3285.4219294654,0.7895743033449806,0.8745528235254961,0.8630609896432682,True
Paris,751166404,2643.639146592882,0.7599464476027454,0.8490355951724061,0.8584579976985041,True
Paris,751166405,1861.6213463677295,0.701048968695472,0.7964607657193057,0.8987341772151899,True
Paris,751166406,2438.968015458849,0.7321531300228071,0.8229763481709521,0.903337169159954,True
Paris,751166407,4259.243992275662,0.8089827699856258,0.8935308978355464,0.8734177215189873,True
Paris,751166409,3481.904370837741,0.7441048990729161,0.8370892360415886,0.8308400460299195,True
Paris,751176501,6306.787292480469,0.8104393349084068,0.8961175986670229,0.8481012658227848,True
Paris,751176502,2189.0831862555606,0.8450243676965998,0.9181198115169119,0.9712313003452244,True
Paris,751176503,2053.901727464464,0.8414065107222034,0.9150496267524837,0.8377445339470656,True
Paris,751176504,3888.867042753431,0.777633789351063,0.8641364198301044,0.8895281933256617,True
Paris,751176505,4145.312821547191,0.43022236982692635,0.39955279955088485,0.3325661680092059,True
Paris,751176506,1064.8318756951228,0.5208756095418965,0.5329958235586225,0.7376294591484465,True
Paris,751176507,2591.005239062839,0.7436151978764951,0.8356025093876485,0.859608745684695,True
Paris,751176508,3566.6177775065107,0.7959531597803787,0.8822100107186021,0.9470655926352128,True
Paris,751176509,1610.2219679090713,0.7900850210229008,0.8767446437047046,0.9654775604142692,True
Paris,751176510,3423.9735938178173,0.8554537898273251,0.9227871215971706,0.8653624856156502,True
Paris,751176511,2220.566178215875,0.8241038004089773,0.9065253649017125,0.8745684695051784,True
Paris,751176512,3051.76845380995,0.7802398893547943,0.8668330349282038,0.810126582278481,True
Paris,751176513,1813.2181443108448,0.6710966015502625,0.7643299626634253,0.8619102416570771,True
Paris,751176514,2209.846122741699,0.7751296936088617,0.8617529812295274,0.8411967779056386,True
Paris,751176515,2342.1693728764853,0.511276486717013,0.5200189333761199,0.2094361334867664,True
Paris,751176601,2217.914394378663,0.7388173769797957,0.8296688124408163,0.9286536248561564,True
Paris,751176602,3704.693671332465,0.8165410554688478,0.9009105410216264,0.8780207134637514,True
Paris,751176603,5399.917764027913,0.8848160504673135,0.9459564286410286,0.9907940161104718,True
Paris,751176604,2626.016132566664,0.7987692760748086,0.8844505266580334,0.9516685845799768,True
Paris,751176605,1689.927641126845,0.8774298092208456,0.9380532614028201,0.9136939010356732,True
Paris,751176606,2018.8744328816736,0.8919009007402018,0.954109765390873,0.9930955120828538,True
Paris,751176607,2028.5435418023003,0.9189375985462871,0.9806368439082046,0.9401611047180668,True
Paris,751176608,2050.632161458333,0.9048008080675228,0.9674607530748799,0.997698504027618,True
Paris,751176609,3893.429736667209,0.8603831663694066,0.9266419678761731,0.9746835443037974,True
Paris,751176610,2510.038824717203,0.6991163619632398,0.7940589298554775,0.9677790563866512,True
Paris,751176611,2866.4352099100743,0.6443348390765303,0.7268156332488511,0.9470655926352128,True
Paris,751176612,3926.8149375915527,0.6497381066503342,0.7322281154155655,0.9597238204833142,True
Paris,751176613,2501.177547454834,0.5971117417096297,0.6602212202194192,0.8423475258918297,True
Paris,751176614,1776.5570324791804,0.3461198239448143,0.3286578119900599,0.2220943613348676,True
Paris,751176615,1779.602790832519,0.429431305955183,0.39810230373765726,0.0736478711162255,True
Paris,751176616,2693.098784393734,0.16582930574006566,0.14477197902094177,0.0460299194476409,True
Paris,751176701,1717.2259161207407,0.5708130640007756,0.6124433773180313,0.5949367088607594,True
Paris,751176702,2215.775456534492,0.7688853611788488,0.8563301541301543,0.7836593785960875,True
Paris,751176703,1619.4371842278376,0.6467287166552604,0.7304132852404444,0.6421173762945915,True
Paris,751176704,1473.428905063205,0.7095142074120321,0.8022175072239578,0.8055235903337169,True
Paris,751176705,1708.2547628614636,0.7133283992744904,0.8051754950579606,0.7802071346375143,True
Paris,751176706,1638.6408464643691,0.801214629605917,0.8872297382865805,0.8135788262370541,True
Paris,751176707,836.956162770589,0.754405555350226,0.8449368410733379,0.8342922899884925,True
Paris,751176708,1332.1946686638726,0.7076255050058615,0.7988433250145504,0.7077100115074798,True
Paris,751176709,1165.60400390625,0.8193874781920311,0.9021028527521675,0.7479861910241657,True
Paris,751176710,3080.664282904731,0.7351624753980568,0.8243276253980241,0.7756041426927502,True
Paris,751176711,749.678729693095,0.659134399189747,0.7399808424384187,0.6616800920598389,True
Paris,751176712,1501.5264164606729,0.543262426998552,0.576376013320296,0.8043728423475259,True
Paris,751176713,1565.1682022942437,0.5659209017979562,0.6060951850124661,0.856156501726122,True
Paris,751176714,13062.996306419373,0.14650109869069272,0.11771040347444571,0.097813578826237,True
Paris,751176715,2371.866370095147,0.6900173041665604,0.7803832570851954,0.8250863060989643,True
Paris,751176716,1732.6448677910698,0.38818949146195164,0.37077120675280095,0.5350978135788262,True
Paris,751176801,2341.156807793512,0.5923409269003623,0.6489100042698727,0.4614499424626007,True
Paris,751176802,1851.810568491618,0.5855464554162962,0.6372175161357913,0.6904487917146145,True
Paris,751176803,1175.6894488864473,0.5336745670105756,0.5582877427958814,0.5454545454545454,True
Paris,751176804,1727.0756039089624,0.5580315033293392,0.593708231218008,0.6237054085155351,True
Paris,751176805,1100.8227327134875,0.47047926938928003,0.4601899669095952,0.3130034522439586,True
Paris,751176806,3835.3933635287817,0.4419950004120112,0.40911244040394595,0.2566168009205984,True
Paris,751176807,1948.2799597846133,0.47508677247118125,0.47236930893405576,0.3452243958573072,True
Paris,751176808,1711.880681355794,0.563571450028715,0.6000964749113173,0.3958573072497123,True
Paris,751176809,2383.949032253689,0.3816203572520741,0.36361703283045327,0.2669735327963176,True
Paris,751176810,1175.3387824164502,0.45259107809535987,0.43172762237645096,0.5558112773302647,True
Paris,751176811,1947.8669056362576,0.4542575234462638,0.43540296637908144,0.3153049482163406,True
Paris,751176812,1138.9635336134168,0.37420965176195753,0.3550827163075215,0.1565017261219793,True
Paris,751176813,2142.2656508551704,0.3871044304002657,0.3689165092458062,0.1196777905638665,True
Paris,751176814,2360.887511359321,0.15399853091991236,0.1262008777624822,0.0874568469505178,True
Paris,751176815,2544.8267851935493,0.08863154661842829,0.07442617216148247,0.1415420023014959,True
Paris,751176816,3234.8258508046465,0.022263308084368136,0.012663031277607381,0.0115074798619102,True
Paris,751176817,5172.71866607666,0.041318313313053946,0.03138633122489349,0.0287686996547756,True
Paris,751186901,1641.017497168647,0.5451102313166105,0.5810255993079259,0.4108170310701956,True
Paris,751186902,2277.386508517795,0.4950889838609696,0.49774186382757,0.3060989643268124,True
Paris,751186903,2382.5659798516167,0.52158944111423,0.5368772155709816,0.5017261219792866,True
Paris,751186904,4491.651882595486,0.5914836975413055,0.6472372445132127,0.6110471806674338,True
Paris,751186905,1603.099412706163,0.5141291480230304,0.5243166878516334,0.4027617951668584,True
Paris,751186906,1911.3573421902124,0.46113817849262306,0.4471249238486002,0.4487917146144994,True
Paris,751186907,3570.2390102810327,0.5228094802338644,0.5418085180514826,0.4844649021864212,True
Paris,751186908,2246.6568942599824,0.5425816831895489,0.5754584096690218,0.571921749136939,True
Paris,751186909,1509.9775081210664,0.45550560126904655,0.43764093263321535,0.5040276179516686,True
Paris,751186910,2143.488078647189,0.51403557488219,0.5233994748775374,0.8285385500575374,True
Paris,751186911,3912.983953264024,0.584271240423329,0.6300020477061935,0.8964326812428078,True
Paris,751186912,2724.098537868924,0.4729587292891498,0.46514927569313713,0.6294591484464902,True
Paris,751186913,2384.956806606717,0.5229328546625399,0.5432664268495923,0.6041426927502876,True
Paris,751186914,3083.6297904120547,0.5058525394067679,0.5093436834077218,0.4683544303797468,True
Paris,751186915,1787.54172261556,0.3775007006667453,0.358089935980974,0.2692750287686996,True
Paris,751186916,2911.974722968207,0.4148062393583509,0.38730228540605927,0.2508630609896433,True
Paris,751186917,2189.7675535413955,0.5125087817897951,0.5223386379705944,0.5466052934407365,True
Paris,751186918,4074.320871988932,0.4523240578635411,0.4304424379370853,0.4579976985040276,True
Paris,751186919,3875.4354773627383,0.4508130965843914,0.42790097148191797,0.4464902186421173,True
Paris,751186920,2725.9607001410586,0.3359464363612284,0.317858656778475,0.2485615650172612,True
Paris,751186921,1799.247426350912,0.35528849060749385,0.33035876616394155,0.2623705408515535,True
Paris,751186922,3464.653767903645,0.4595123055351868,0.4445319931337231,0.5834292289988493,True
Paris,751186923,3649.272277832032,0.37993401584329195,0.3621400223845542,0.1875719217491369,True
Paris,751186924,3909.06716410319,0.1138914568768596,0.0966842344595019,0.1380897583429229,True
Paris,751186925,3423.9237925211582,0.07971776274116382,0.06583139676338391,0.0437284234752589,True
Paris,751186926,3967.8378583060376,-0.012950862678369302,0.004639176981676474,0.003452243958573,True
Paris,751186927,1593.575622558594,0.05771501025952424,0.04170695266043804,0.002301495972382,True
Paris,751186928,1564.5216318766277,0.0519395974602269,0.039317883697770555,0.0057537399309551,True
Paris,751187001,3145.9192877875435,0.4439382192263567,0.4151172856266571,0.3222094361334868,True
Paris,751187002,1765.292493396335,0.5255722779137347,0.547720614956592,0.4349827387802071,True
Paris,751187003,791.0545804765491,0.5704671708352216,0.611829317878752,0.5546605293440736,True
Paris,751187004,1598.789371914334,0.4729949468100088,0.46620757444782174,0.4959723820483314,True
Paris,751187005,2976.6910917494038,0.46200162277592666,0.44903246665619895,0.4257767548906789,True
Paris,751187006,2091.0501887003584,0.39493204046593583,0.3739040992041131,0.4246260069044879,True
Paris,751187007,2471.85346645779,0.43400158353345697,0.4044442267273979,0.2554660529344074,True
Paris,751187008,1721.5954225328237,0.49239329253003306,0.4934586405229171,0.7940161104718066,True
Paris,751187009,4219.554932488336,0.489324876034548,0.4869875302079069,0.475258918296893,True
Paris,751187010,1546.3350168863935,0.3838244761694464,0.3668570960619527,0.33716915995397,True
Paris,751187011,1918.980540805393,0.3763822017044153,0.357182531491787,0.5581127733026467,True
Paris,751187012,2132.825198703342,0.4357415663051945,0.4055715114959976,0.6363636363636364,True
Paris,751187013,3426.61691962348,0.5097675061490159,0.5162239365395701,0.6133486766398158,True
Paris,751187014,1065.6201604207354,0.3053130392097222,0.2830217106378106,0.2830840046029919,True
Paris,751187015,1720.027168273925,0.4635055254837088,0.45109983807676196,0.4027617951668584,True
Paris,751187016,1438.663955688477,0.3948011292172099,0.3730399796244809,0.334867663981588,True
Paris,751187017,3393.9286346435547,0.2578607719688539,0.23818601453869162,0.142692750287687,True
Paris,751187018,2250.1181411743164,0.09474050863105214,0.08418187111584788,0.1357882623705408,True
Paris,751187019,2307.6002095540366,0.2223786882654448,0.2018420773227892,0.2151898734177215,True
Paris,751187020,1293.004467010498,0.3639481930265655,0.34295116436631967,0.1990794016110471,True
Paris,751187021,3734.182801140679,0.4426060593022919,0.41235593971514267,0.3187571921749137,True
Paris,751187022,2599.7418373955616,0.4306749008800776,0.4021634871790365,0.4418872266973532,True
Paris,751187023,1445.2737748887805,0.3744149290493414,0.35571537095470956,0.0563866513233601,True
Paris,751187024,1443.3019315931533,0.3741897337588025,0.3544505443930223,0.285385500575374,True
Paris,751187025,3204.8110707600918,0.24645699463871842,0.22622154299579525,0.286536248561565,True
Paris,751187026,1999.3569130367705,0.3022966863416926,0.28052551234413503,0.1726121979286536,True
Paris,751187027,5798.949246724447,0.030300448889595547,0.019298812291777847,0.0103567318757192,True
Paris,751187101,3706.899547576904,0.18773466376200412,0.16679285515440265,0.1634062140391254,True
Paris,751187102,2923.5778401692714,0.2010118808489918,0.17461105715114908,0.0126582278481012,True
Paris,751187103,1488.9986970689563,0.21106657450622696,0.18806141779795119,0.0138089758342922,True
Paris,751187104,2647.996872795952,0.17082969224832545,0.14877934964400563,0.1024165707710011,True
Paris,751187105,1688.9184629652232,0.0844681144199427,0.07075967279452702,0.0759493670886076,True
Paris,751187106,1539.5868928697373,0.08862041517668642,0.07342625497664665,0.0817031070195627,True
Paris,751187107,2371.361398484972,0.08203268322808334,0.06725015737635377,0.1035673187571921,True
Paris,751187108,1600.78045823839,0.08612616146694883,0.07265745251720544,0.0655926352128883,True
Paris,751187109,1266.7439626057944,0.1087411445100375,0.09167194109937309,0.0678941311852704,True
Paris,751187110,13383.096649593776,0.06551006279425532,0.046877772997946106,0.0644418872266973,True
Paris,751187201,4415.123901367188,0.09126059797275685,0.0768593349889907,0.050632911392405,True
Paris,751187202,2241.558453453912,0.16371469800473637,0.13976121897717841,0.1311852704257767,True
Paris,751187203,1408.804542541504,0.16470186742114856,0.14065487495286677,0.1829689298043728,True
Paris,751187204,1907.166072845459,0.10581743396424853,0.09089492695787812,0.1979286536248561,True
Paris,751187205,2231.130257924397,0.08492211279356475,0.07171935131643176,0.1507479861910241,True
Paris,751187206,2069.4794731140137,0.07589574739237677,0.05617680794342936,0.1173762945914844,True
Paris,751187207,5137.610056347317,0.0826223105187561,0.06908845050480315,0.0943613348676639,True
Paris,751187208,7073.572245703804,0.015261964083715999,0.007342256683694887,0.0368239355581127,True
Paris,751187209,5371.396569993762,-0.03302784919104476,0.00131498720752783,0.004602991944764,True
Paris,751197301,3445.01666853163,0.18396767748769777,0.16073059182268354,0.1542002301495972,True
Paris,751197302,1676.8452911376953,0.1624393440270711,0.1377700467670332,0.1726121979286536,True
Paris,751197303,2166.3667754067314,0.16474871594092444,0.1415301230352901,0.2059838895281933,True
Paris,751197304,2318.55695215861,0.2213871722265618,0.20070953434101632,0.2151898734177215,True
Paris,751197305,2612.232159084744,0.15487983647677386,0.12741836164454576,0.2681242807825086,True
Paris,751197306,3493.1352640787754,0.0928352605824252,0.07879537890249906,0.0149597238204833,True
Paris,751197307,2048.8762961493594,0.13895769476938769,0.10791554518428147,0.0241657077100115,True
Paris,751197308,3332.0601717631025,0.11222112324204546,0.09392837557004363,0.0,True
Paris,751197309,3688.784495883517,0.1002539313715226,0.08952496603320091,0.1495972382048331,True
Paris,751197310,4827.452690124512,0.0931161081796516,0.08083236622531373,0.0414269275028768,True
Paris,751197311,2364.371652391222,0.13634151394667846,0.10583779220727572,0.241657077100115,True
Paris,751197312,1521.529051886664,0.2506737909561276,0.2282993063601162,0.0632911392405063,True
Paris,751197313,2928.9319326612685,0.23816356952279694,0.21585383855390888,0.2186421173762946,True
Paris,751197314,3902.7862069871694,0.1285055297883628,0.1025794269432604,0.0909090909090909,True
Paris,751197315,2884.943273756239,0.07741651020402836,0.06096364469601982,0.1680092059838895,True
Paris,751197316,3664.416451348199,0.07565244777642202,0.054773076215244465,0.1576524741081703,True
Paris,751197317,1534.2245801289878,0.09502899319827068,0.08510832705753248,0.0529344073647871,True
Paris,751197401,6760.245058165656,0.03451983805483739,0.022373465155810564,0.0586881472957422,True
Paris,751197402,3997.525007459853,0.2023176251916026,0.17770930805546428,0.2336018411967779,True
Paris,751197403,1669.4343486362031,0.07673196790573318,0.05838016322291792,0.1116225546605293,True
Paris,751197404,1720.3414866129558,0.07350820869598845,0.052842008222310416,0.192174913693901,True
Paris,751197405,2999.2516909705264,0.07690492017163164,0.05952311782290824,0.0621403912543153,True
Paris,751197406,3339.9544194539394,0.09843512822238464,0.08780424002865411,0.0874568469505178,True
Paris,751197407,3072.423111597697,0.06057589449657371,0.042849249373369765,0.0322209436133486,True
Paris,751197408,2446.252315945096,0.04965961549733271,0.038335994469346366,0.0207134637514384,True
Paris,751197409,1489.4579679701064,0.08901071094509486,0.07541381713850208,0.0379746835443038,True
Paris,751197410,3426.5835315916274,0.023187156513934278,0.014293830271465163,0.0172612197928653,True
Paris,751197411,2889.9220877223543,0.17380199652807482,0.15117708973695068,0.2508630609896433,True
Paris,751197413,3068.9783931838138,0.09700549129978618,0.08623525055772145,0.1242807825086306,True
Paris,751197501,1603.4520687527126,0.12113762114871045,0.09995923706586138,0.1645569620253164,True
Paris,751197502,2159.562960306804,0.1781391515680275,0.15727193681041782,0.2002301495972382,True
Paris,751197503,2370.836623297798,0.15224691786988462,0.12504249062320752,0.144994246260069,True
Paris,751197504,2380.100761413574,0.16717417372209534,0.14601396374819872,0.0448791714614499,True
Paris,751197505,2128.1272888183594,0.17147421831504822,0.14994860648293884,0.1887226697353279,True
Paris,751197506,2004.019613477919,0.3346163967518857,0.3144604827772508,0.4154200230149597,True
Paris,751197507,1463.1211704678008,0.3223293933165975,0.30241860331026343,0.240506329113924,True
Paris,751197508,1829.5007434421111,0.3256878439316804,0.30428444842636804,0.4027617951668584,True
Paris,751197509,1302.0050557454426,0.24597877838197346,0.2251182162397442,0.0425776754890678,True
Paris,751197510,2281.6342078314888,0.18811443494961275,0.1682589255101462,0.1588032220943613,True
Paris,751197511,2598.2937274509013,0.12197194252567876,0.10098787866759253,0.1553509781357882,True
Paris,751197512,1251.5879130893284,0.0740406383103045,0.053569574897263425,0.0161104718066743,True
Paris,751197513,2662.734664069282,0.0727727728759705,0.05176897460942002,0.0701956271576524,True
Paris,751197514,5311.987292395697,0.44831737871908034,0.4196544518940692,0.663981588032221,True
Paris,751197515,1363.2963769700789,0.30764073573260653,0.28631977741467285,0.5293440736478712,True
Paris,751197516,1421.9807891845703,0.20758308126790442,0.1837675025074893,0.0195627157652474,True
Paris,751197517,2630.622984568278,0.07608445878838446,0.05732745368804797,0.0552359033371691,True
Paris,751197518,1966.7570215861,0.0723015489347604,0.05063561529314813,0.0080552359033371,True
Paris,751197519,5609.288663122389,0.026875577221289804,0.016505928408341166,0.0356731875719217,True
Paris,751197520,2570.4839364157783,0.15121294674788685,0.12383279157387349,0.1772151898734177,True
Paris,751197521,2117.7263179355195,0.15577465679446925,0.1293885180120263,0.2013808975834292,True
Paris,751197522,3872.28109995524,0.2907379541399494,0.2741742109046616,0.2842347525891829,True
Paris,751197523,2224.086057874892,0.2717912075479579,0.2508865060823556,0.2980437284234752,True
Paris,751197524,2163.872850206163,0.233427522904462,0.21151535333744487,0.3314154200230149,True
Paris,751197601,2167.0180350409614,0.357221781301722,0.33519396377396204,0.3279631760644418,True
Paris,751197602,3561.9493913650517,0.36086888476011336,0.33796082173033776,0.3866513233601841,True
Paris,751197603,1616.6236383650044,0.3648056080260961,0.34540726087223067,0.4982738780207135,True
Paris,751197604,1748.4319508870444,0.37813764536276373,0.35963553270576126,0.4499424626006904,True
Paris,751197605,1498.9323751661514,0.25247783135379054,0.23017443308027627,0.1288837744533947,True
Paris,751197606,1106.1724444495308,0.18405303753618094,0.1618447816585342,0.1139240506329113,True
Paris,751197607,1486.7492870754668,0.26019329250297996,0.24185483631970647,0.567318757192175,True
Paris,751197608,1610.2382206386992,0.20672708313689667,0.1816087853114654,0.1726121979286536,True
Paris,751197609,2616.528018103706,0.2544531403810362,0.23414386204800433,0.3613348676639816,True
Paris,751197610,1466.7192526923286,0.2052326019465857,0.17955825638531603,0.0299194476409666,True
Paris,751197611,2719.527612898085,0.22486453303701767,0.20389136154342413,0.3498273878020713,True
Paris,751197612,2931.269116401672,0.29958856336349426,0.2781927647760564,0.477560414269275,True
Paris,751197613,3981.009493086073,0.24242494886963634,0.2210085916359031,0.3199079401611047,True
Paris,751197614,1671.8449545966257,0.22457477678565513,0.2028162968606184,0.2704257767548906,True
Paris,751197615,2131.279826270209,0.2697271062477302,0.24827641867774045,0.3901035673187571,True
Paris,751197616,1319.7986619737412,0.1402373464959758,0.10874024029262576,0.098964326812428,True
Paris,751207701,1880.403923458523,0.24933053049372067,0.2274664692599035,0.1841196777905638,True
Paris,751207702,2867.2417992485894,0.2019907214399438,0.17602872453945445,0.3406214039125431,True
Paris,751207703,1882.5611784193247,0.13042507204543155,0.10399575465315485,0.0932105868814729,True
Paris,751207704,2389.304654439291,0.18038354443493285,0.15930227466077965,0.2266973532796317,True
Paris,751207705,1735.704511854384,0.15690040531075855,0.13144830605485167,0.1219792865362485,True
Paris,751207706,2243.181462605795,0.1944846385930111,0.17111960282536295,0.2738780207134637,True
Paris,751207707,1872.2794469197588,0.17915390451945226,0.1582589838696293,0.2209436133486766,True
Paris,751207708,2055.1747224595806,0.2323133454898085,0.21048247603752634,0.048331415420023,True
Paris,751207709,1538.9400454627144,0.2542506919782516,0.23160662023125853,0.0276179516685845,True
Paris,751207710,2107.520419226752,0.16282130051775695,0.13869650833673666,0.1277330264672037,True
Paris,751207711,2900.6810574001734,0.31059309725233486,0.28766257709582727,0.1265822784810126,True
Paris,751207712,2164.446288214789,0.3243977336773113,0.30330667864420163,0.2807825086306099,True
Paris,751207713,1846.415439605713,0.21134163892115748,0.1897856796198357,0.1185270425776754,True
Paris,751207714,2505.2320861816406,0.28258458159228234,0.261940557098511,0.3624856156501726,True
Paris,751207801,8625.256777657401,0.04092609990862278,0.028008408749451597,0.0575373993095512,True
Paris,751207802,2743.5990346272783,0.3675363800586516,0.34735804156147454,0.2945914844649022,True
Paris,751207803,1196.0382843017578,-0.023667965000230187,0.003374993453183939,0.0069044879171461,True
Paris,751207804,923.589845021566,-0.026623523948520324,0.002856081129646533,0.0184119677790563,True
Paris,751207805,2829.0697385999893,0.3566556519483657,0.3339708570037927,0.3705408515535098,True
Paris,751207806,3054.2600936889653,0.3108262832553367,0.2891204235484626,0.2497123130034522,True
Paris,751207807,2754.871926625569,0.3276516867269169,0.30568383079127737,0.4741081703107019,True
Paris,751207808,2952.4477865431045,0.28650226404949936,0.26579017192767757,0.2117376294591484,True
Paris,751207809,4964.462905459934,0.2894260790436323,0.2705499541976837,0.3256616800920598,True
Paris,751207810,1806.538647969564,0.15843440750021764,0.13375753878602417,0.0771001150747986,True
Paris,751207811,1279.588384840224,0.21442879676479845,0.1930993801303938,0.2324510932105868,True
Paris,751207812,1933.793081495497,0.24110196820756707,0.21844356388603217,0.3705408515535098,True
Paris,751207813,1816.789486355252,0.22513327924988272,0.20500191051836505,0.0920598388952819,True
Paris,751207814,2857.830302768283,0.2385434930408994,0.21727051263735003,0.142692750287687,True
Paris,751207815,3030.203747219509,0.31442252639916063,0.2962523628159489,0.2036823935558112,True
Paris,751207816,3130.4715991550024,0.2566045049026771,0.23658875715275135,0.3176064441887227,True
Paris,751207901,2878.9672317504883,0.2826683762006876,0.2632586785839758,0.3233601841196778,True
Paris,751207902,1835.227673424615,0.2769907495457387,0.2565512097335315,0.4441887226697353,True
Paris,751207903,2029.6962534586592,0.21305281275734125,0.1922892245388776,0.3475258918296893,True
Paris,751207904,1671.1898216671414,0.28665608053149766,0.2669220980902339,0.4142692750287687,True
Paris,751207905,7678.950758165784,0.32845544504234864,0.30823816525110115,0.3544303797468354,True
Paris,751207906,2008.6300532023115,0.17769973981906886,0.15625150936294716,0.0667433831990794,True
Paris,751207907,3717.6698981391055,0.17626411807255987,0.15484963722702144,0.193325661680092,True
Paris,751207908,2562.235338422987,0.16570270184374236,0.14348540539847016,0.0678941311852704,True
Paris,751207909,1228.045962439643,0.19088066273192972,0.17026980154949856,0.429228998849252,True
Paris,751207910,2839.841306898329,0.15875119759794049,0.13489503256857172,0.0471806674338319,True
Paris,751207911,1877.126753913032,0.1685263444713877,0.14767154097561475,0.1622554660529344,True
Paris,751207912,2892.8026411268447,0.20749358642366422,0.18271118783398177,0.2980437284234752,True
Paris,751207913,2003.4994146558968,0.3460282811201675,0.3277324053836135,0.5327963176064442,True
Paris,751207914,1638.9789081149634,0.3193062799918378,0.30035316818169416,0.4672036823935558,True
Paris,751207915,3881.880176120334,0.3191560448721189,0.2990015906216069,0.4326812428078251,True
Paris,751207916,2241.4407882690434,0.3071106382355605,0.2854372912312341,0.1852704257767549,True
Paris,751208001,1638.6668370564776,0.13179200504983196,0.10485779671890103,0.0402761795166858,True
Paris,751208002,3194.378869374593,0.33122811733522306,0.3122221263912512,0.3958573072497123,True
Paris,751208003,2983.722836388482,0.2905407557690435,0.27249577265241715,0.2232451093210586,True
Paris,751208004,2193.2245402865938,0.3402600490458034,0.32218451172587487,0.666283084004603,True
Paris,751208005,1698.6878967285154,0.2874633243382565,0.2677470876498166,0.3924050632911392,True
Paris,751208006,2225.0298572116426,0.31426079712215116,0.2949658138016754,0.5304948216340621,True
Paris,751208007,3279.9933043585884,0.30677761964017247,0.28408557290167097,0.1346375143843498,True
Paris,751208008,4429.001373079088,0.04921547395130831,0.03665284362919423,0.0391254315304948,True
Paris,751208009,3300.3284336725874,0.057667723711695644,0.04050886178314875,0.0218642117376294,True
Paris,751208010,1044.1255247328015,0.20464949617870742,0.1789435691769936,0.0724971231300345,True
Paris,751208011,1658.8208007812498,0.1553124632583533,0.12846397053447067,0.0230149597238204,True
Paris,751208012,3254.705173916286,0.2761849328536469,0.25316022809031197,0.1070195627157652,True
Paris,751208013,2331.8100132412383,0.3140570419260905,0.29228557389711096,0.2243958573072497,True
Paris,751208014,1603.0488730536565,0.28111250671369964,0.2609347968951956,0.2266973532796317,True
Paris,751208015,3195.637663099501,0.31416884955190716,0.2936387644295828,0.4177215189873418,True
Paris,751208016,2534.663778516981,0.2692819272291555,0.2460988076896,0.1691599539700805,True
Paris,751208017,2378.360505421957,0.2454063159431872,0.2232592120844592,0.2128883774453394,True
Paris,751208018,2352.124833848742,0.18999244509130941,0.1693933295302506,0.1300345224395857,True
Paris,751208019,3114.3102459377715,0.21575916808233114,0.1949555754556797,0.1150747986191024,True
Paris,751208020,1260.73012330797,0.046490032913503405,0.032961322523355006,0.0092059838895281,True
Paris,751208021,5712.823170608945,0.02131123946168261,0.010472531312228464,0.0253164556962025,True
Paris,751208022,2786.3555196126304,0.26017666573950626,0.24080872511119686,0.1472957422324511,True
Paris,751208023,2874.695628696018,0.27977720005674656,0.25983858724810455,0.1795166858457997,True
Paris,751208024,2319.483056810167,0.2507110931997348,0.22923963569925146,0.2727272727272727,True
Paris,751208025,2071.3126644558374,0.21923643995362874,0.19845681962951597,0.2462600690448791,True
Paris,751208026,2586.2567952473964,0.37066728823250444,0.3516440704784704,0.378596087456847,True
Roma,00118,28177.841845895426,0.33625547433398123,0.41661959710624497,0.323943661971831,True
Roma,00119,11131.021399188468,0.10808200798423356,0.13595709721499066,0.0,True
Roma,00121,44833.83016517063,0.1563042400800137,0.22918863753490232,0.1549295774647887,True
Roma,00122,38875.119700889205,0.3051610015803001,0.3891952387173016,0.3098591549295774,True
Roma,00123,42508.93595041586,0.3841811057732395,0.47662289527543095,0.3943661971830985,True
Roma,00124,42491.82509508744,0.5827884143133988,0.663584250474416,0.6056338028169014,True
Roma,00125,53248.209961974615,0.36386600174708883,0.45021463940457684,0.3661971830985915,True
Roma,00126,30199.83354286344,0.08025521148879265,0.11311133934745472,0.056338028169014,True
Roma,00127,9560.131301788802,0.6717660963650323,0.7579939495507224,0.6619718309859155,True
Roma,00128,43130.24084750404,0.5164430845606564,0.5899473814578822,0.5211267605633803,True
Roma,00131,21594.71374718963,0.20066740863833152,0.2595197441941673,0.1830985915492957,True
Roma,00132,93180.0517881418,0.02958502971634517,0.05725172915374184,0.028169014084507,True
Roma,00133,111473.58821023058,0.020716335766883635,0.020188250522338875,0.0140845070422535,True
Roma,00134,25030.74221800866,0.37169210238576156,0.46439122708430003,0.380281690140845,True
Roma,00135,78376.93961928575,0.6668643233161847,0.7420682433232771,0.676056338028169,True
Roma,00136,47403.733336831145,0.8159459477459856,0.8836188429441645,0.8169014084507042,True
Roma,00137,43281.67285879031,0.6949506309680832,0.7675637821682414,0.6901408450704225,True
Roma,00138,31118.491071134737,0.2350272184672129,0.3043155711421548,0.2112676056338028,True
Roma,00139,88021.19382856319,0.4179642780040404,0.5075843900718291,0.4225352112676056,True
Roma,00141,49065.91304249182,0.6583936510612604,0.7107777868592906,0.647887323943662,True
Roma,00142,45120.39432079741,0.7626653344182633,0.8326425890000564,0.7605633802816901,True
Roma,00143,42106.46618672533,0.5963185056468728,0.6789052922169504,0.5915492957746479,True
Roma,00144,51581.89516477415,0.8441645626319461,0.923333664287003,0.8450704225352113,True
Roma,00145,20358.86708592499,0.5558710860691809,0.6270622494966399,0.5492957746478874,True
Roma,00146,58060.18984153446,0.27352194380028044,0.3490942711752606,0.2676056338028169,True
Roma,00147,23605.125504830976,0.7334085495868302,0.8063058411272155,0.7323943661971831,True
Roma,00148,56599.06146032594,0.11134499612489746,0.15971394705312747,0.1126760563380281,True
Roma,00149,42517.06927481419,0.5260040795633324,0.6054584041232055,0.4929577464788732,True
Roma,00151,34399.180282112364,0.7640599293282077,0.8470438576708537,0.7746478873239436,True
Roma,00152,46321.99016488592,0.7114891398918669,0.7936417997869255,0.7183098591549296,True
Roma,00153,34949.24071154591,0.7913959333745479,0.8687044358810957,0.8028169014084507,True
Roma,00154,33168.702296821575,0.4588702943414593,0.5607165423657072,0.4647887323943662,True
Roma,00155,62245.2259131967,0.2759099315976404,0.3708819960654848,0.2816901408450704,True
Roma,00156,45789.204345358914,0.22706192993341515,0.27172320369942327,0.2394366197183098,True
Roma,00157,20215.074102441056,0.3916551206238334,0.48798242939507064,0.3380281690140845,True
Roma,00158,14687.736527558298,0.26408068955220726,0.3359193713079473,0.1971830985915492,True
Roma,00159,42188.1441911656,0.3171535398067832,0.40387607483181615,0.2957746478873239,True
Roma,00161,15094.773868259508,0.9181499125454589,0.9633477582186473,0.9295774647887324,True
Roma,00162,25127.4640745309,0.7836126592456458,0.8578243378574222,0.7887323943661971,True
Roma,00163,19243.58488955261,0.4294567515315145,0.5377239136282226,0.4084507042253521,True
Roma,00164,16265.084258881416,0.5083115543595139,0.5791906836395426,0.4788732394366197,True
Roma,00165,38349.13218316315,0.7364316823335049,0.8175259704440536,0.7464788732394366,True
Roma,00166,89792.32782788019,0.14615962227227786,0.20480737693263304,0.1408450704225352,True
Roma,00167,37273.126810084286,0.4343724122801767,0.5479592846502739,0.4366197183098591,True
Roma,00168,64350.335964952654,0.25191714815410904,0.32160530432669665,0.2535211267605634,True
Roma,00169,42408.354035161,0.09915946295348428,0.12626093203871794,0.0845070422535211,True
Roma,00171,37855.370030177655,0.07076525031548461,0.10078630773108453,0.0704225352112676,True
Roma,00172,54674.86545764063,0.05178403256515613,0.08402876359070809,0.0422535211267605,True
Roma,00173,52037.95088143875,0.34293904125620767,0.43114695327579194,0.352112676056338,True
Roma,00174,29578.407784069605,0.4279307787841154,0.5288820827073766,0.4507042253521127,True
Roma,00175,51528.89109042606,0.23328625619919607,0.2893478457564213,0.2253521126760563,True
Roma,00176,50525.457991052834,0.17109782219762582,0.24645853285126265,0.1690140845070422,True
Roma,00177,51300.64117788154,0.12230806850519478,0.17925495459688648,0.1267605633802817,True
Roma,00178,26287.496989110765,0.5051876506360774,0.5714842647074946,0.5070422535211268,True
Roma,00179,42409.08612911121,0.638707267192501,0.694211349647955,0.6338028169014085,True
Roma,00181,28207.07536243047,0.5518436415917152,0.6182667901529268,0.5352112676056338,True
Roma,00182,22666.92750187549,0.6586255125109355,0.7237688511897717,0.6197183098591549,True
Roma,00183,27195.74435902966,0.7093281382518047,0.7803274850130572,0.704225352112676,True
Roma,00184,15628.750674271749,0.9158977742472948,0.9577836221721417,0.9154929577464788,True
Roma,00185,34985.082942211404,0.570419410100201,0.6495529157496075,0.5633802816901409,True
Roma,00186,25509.116242821365,0.9286042258509263,0.9707012624783117,0.9577464788732394,True
Roma,00187,9675.744060715451,0.9960259069395091,0.9982476894462268,0.9859154929577464,True
Roma,00188,31724.13117086929,0.10904095294736853,0.14371831285492984,0.0985915492957746,True
Roma,00189,34421.450706076794,0.5672301006510676,0.6369831536052669,0.5774647887323944,True
Roma,00191,20056.0128459649,0.8890366334227608,0.95132098866995,0.9014084507042254,True
Roma,00192,13474.152443102665,0.8331305212831521,0.8946440376035291,0.8309859154929577,True
Roma,00193,7778.915102458662,0.9303655045781641,0.976729839533951,0.943661971830986,True
Roma,00195,26454.02700650858,0.8714611485194929,0.9428978603628669,0.8873239436619719,True
Roma,00196,14995.91036428541,0.845712778838853,0.9353911340323329,0.8732394366197183,True
Roma,00197,21265.56506193796,0.9470398150482081,0.9926441118626361,1.0,True
Roma,00198,29414.728063464165,0.9377395723302873,0.9834657363336129,0.971830985915493,True
Roma,00199,46679.82105810102,0.8359655879673425,0.9055381292574746,0.8591549295774648,True
Torino,10121,8053.798141264253,0.9489064303434194,0.9717518596389472,0.9375,True
Torino,10122,16746.42435795731,0.41281129045749115,0.462074498388849,0.40625,True
Torino,10123,12301.53928128992,0.9021370047699236,0.960376928468212,0.90625,True
Torino,10124,13395.403476578133,0.6733665123786521,0.8216651176511339,0.6875,True
Torino,10125,17628.849416147837,0.7379243876560009,0.8646397679664398,0.71875,True
Torino,10126,34989.71060974279,0.6491030142036522,0.7946266396836676,0.65625,True
Torino,10127,30579.11234357088,0.23446553780349147,0.3149166571135624,0.25,True
Torino,10128,17477.12805935761,0.8641275915561711,0.9437360698902173,0.875,True
Torino,10129,19140.45492236813,0.8446141227125396,0.9232735014046515,0.84375,True
Torino,10131,12077.883003018862,0.993188389367013,0.9932506602570338,1.0,True
Torino,10132,13207.390614667189,0.8151475051775366,0.9051969395247363,0.8125,True
Torino,10133,9170.114977516489,0.960006305308613,0.9813768942011241,0.96875,True
Torino,10134,30576.379441970683,0.51856840621342,0.5863587672017064,0.53125,True
Torino,10135,46834.23933258036,0.31063438108281255,0.3581766399245793,0.3125,True
Torino,10136,33233.40669284252,0.4369463933193707,0.49000413307512525,0.4375,True
Torino,10137,60834.08651004247,0.5622801878684407,0.63744059094671,0.5625,True
Torino,10138,20870.22756147633,0.791842946656133,0.8861537493692773,0.78125,True
Torino,10139,29760.86065148645,0.511915660769402,0.5252064704433419,0.5,True
Torino,10141,57538.9375950009,0.6090950883407282,0.7429199554464447,0.625,True
Torino,10142,19460.879073679967,0.3225691717788483,0.39522355264199727,0.28125,True
Torino,10143,22939.24941931551,0.7123639695014335,0.8419695796810974,0.75,True
Torino,10144,28078.2950678298,0.35485434447654635,0.4217893040490018,0.375,True
Torino,10145,13632.637466098491,0.38893702444678996,0.445098128500858,0.34375,True
Torino,10146,35190.67684126835,0.5633660014864555,0.6911009676397063,0.59375,True
Torino,10147,36275.39978490687,0.12861584242305937,0.18868550281551483,0.125,True
Torino,10148,19878.24187859765,0.19536436765075807,0.26051953337109307,0.1875,True
Torino,10149,36196.35622899069,0.1681677511685916,0.2291840324820873,0.15625,True
Torino,10151,33163.77792918813,0.09940535752551587,0.14988163282045916,0.09375,True
Torino,10152,35883.22112821539,0.03782638863942091,0.05956114309990453,0.03125,True
Torino,10153,24547.123547534327,0.5137604062998598,0.5555547554882637,0.46875,True
Torino,10154,46290.35406024213,0.06363758740949682,0.1054812250134695,0.0625,True
Torino,10155,35350.455421783685,0.0064272665145233285,0.01975447465839541,0.0,True
Torino,10156,23442.90568684603,0.21057604267742122,0.28472817514227694,0.21875,True
Genova,16121,4016.5727384256,0.7984178358627272,0.8186756607188203,0.6666666666666666,True
Genova,16122,9784.240130848351,0.7891156748637149,0.8065547428889718,0.7619047619047619,True
Genova,16123,6709.932056056128,0.6628201821199653,0.715357333645937,0.6190476190476191,True
Genova,16124,6275.205489900376,0.6905795162499311,0.7510692802105701,0.6904761904761905,True
Genova,16125,7189.160419053502,0.8518083914707137,0.9153463369957296,0.9285714285714286,True
Genova,16126,8696.164859842902,0.3577734390073798,0.3674085362144019,0.3333333333333333,True
Genova,16127,14185.25691267698,0.49987879021316634,0.6189517658886654,0.5952380952380952,True
Genova,16128,9496.173505898983,0.9115190248516633,0.944739235531904,0.9523809523809524,True
Genova,16129,13727.34609441128,0.8111850608121898,0.8342597124837094,0.8095238095238095,True
Genova,16131,8390.63236673673,0.8554349978480232,0.9290296895599156,0.7857142857142857,True
Genova,16132,17175.068557885323,0.5516562033326554,0.6464947759813734,0.5476190476190477,True
Genova,16133,11129.129740673938,0.5589921747542517,0.6713536640096568,0.5238095238095238,True
Genova,16134,17113.687776750987,0.25164845325292823,0.283132386166731,0.238095238095238,True
Genova,16135,5719.29829639838,0.6403751803068762,0.7044410433362718,0.5714285714285714,True
Genova,16136,11492.004492272032,0.7741406699236872,0.7878683354108473,0.8809523809523809,True
Genova,16137,16542.701422637274,0.4027358641928037,0.42679255492140666,0.3809523809523809,True
Genova,16138,19236.841825530064,0.2169349964382072,0.24335181691876617,0.1904761904761904,True
Genova,16139,12690.0515332044,0.19029342579300335,0.21531120404840903,0.0952380952380952,True
Genova,16141,8081.366221243173,0.25983002045456155,0.35267323927589117,0.2142857142857142,True
Genova,16142,17772.67570247121,0.428496980462127,0.4885200848147684,0.4285714285714285,True
Genova,16143,23573.83886239709,0.46038404753013484,0.5857888716769764,0.4523809523809524,True
Genova,16144,15404.38726116244,0.18573072839238747,0.19063654268404975,0.119047619047619,True
Genova,16145,15675.071489256909,0.9522391283449533,0.9668465269756231,0.9761904761904762,True
Genova,16146,11036.648685911048,0.9670588949462895,0.9903067802522947,1.0,True
Genova,16147,12065.999721788075,0.7511149471517554,0.7671779140553358,0.7380952380952381,True
Genova,16148,17159.97744084544,0.8138155096734749,0.8613872964964102,0.8571428571428571,True
Genova,16149,26991.89659093208,0.25533722452396035,0.3218692467431369,0.2619047619047619,True
Genova,16151,19375.01254719788,0.05023487597745609,0.05918377455343797,0.0476190476190476,True
Genova,16152,14914.814374760976,0.012684015116872607,0.013099318221060013,0.0238095238095238,True
Genova,16153,21187.731510212925,0.3787215229475897,0.39365483458597084,0.3571428571428571,True
Genova,16154,22466.901377361963,0.45551126037413525,0.5453524108280674,0.4761904761904761,True
Genova,16155,10412.343444827451,0.6174161635043909,0.6902730152745857,0.6428571428571429,True
Genova,16156,13838.147871364215,0.6783444909222123,0.7334042118059856,0.7142857142857143,True
Genova,16157,22442.54694322629,0.15019735689907399,0.15739650211916317,0.1428571428571428,True
Genova,16158,12234.704215724809,0.4532841210017339,0.5148748357792767,0.5,True
Genova,16159,23005.68673867133,0.09565739112046537,0.0964057105713677,0.0714285714285714,True
Genova,16161,9090.845536543988,0.03220727261133526,0.03418290467298771,0.0,True
Genova,16162,11997.779335396575,0.14293102150404163,0.12714840232891375,0.1666666666666666,True
Genova,16163,4471.707966565387,0.23268239293276632,0.2641744587889894,0.3095238095238095,True
Genova,16164,8113.326449495185,0.41232348032383187,0.46578503956784506,0.4047619047619047,True
Genova,16165,9870.30435416938,0.4082914138374056,0.4499904546170662,0.2857142857142857,True
Genova,16166,8636.746082374064,0.8175516107974086,0.8840439304980501,0.8333333333333334,True
Genova,16167,9907.423906228909,0.842453391662267,0.9003308233632544,0.9047619047619048,True
Milano,20121,19937.510919490614,0.9526243115044517,0.9543067417682041,0.972972972972973,True
Milano,20122,24609.52329504656,0.9162765579856312,0.9366419731377463,0.918918918918919,True
Milano,20123,29661.064846932888,0.9540191208626191,0.9739746586287206,0.945945945945946,True
Milano,20124,31776.492116126752,0.8283960198276465,0.8549753095855694,0.8378378378378378,True
Milano,20125,36769.33208836382,0.5898253204579174,0.604940092947462,0.5945945945945946,True
Milano,20126,18327.43956304259,0.42669959516197514,0.41691612922931626,0.4054054054054054,True
Milano,20127,35205.573515187585,0.24154578050664027,0.2663406803043703,0.2432432432432432,True
Milano,20128,26526.96496883408,0.30664500501777386,0.3536400166470313,0.3243243243243243,True
Milano,20129,48266.662741449145,0.8863497073119077,0.9077435068828417,0.8918918918918919,True
Milano,20131,37209.12920286921,0.6422746768049125,0.6572401453696511,0.6486486486486487,True
Milano,20132,25644.19114091332,0.06991933801013983,0.06871783717204091,0.054054054054054,True
Milano,20133,42154.77940128992,0.718522967472028,0.7469975485414371,0.7027027027027027,True
Milano,20134,18157.902263397384,0.38208186874218175,0.4024481599664624,0.3783783783783784,True
Milano,20135,31136.771474115347,0.7591198141070897,0.7760607243871358,0.7567567567567568,True
Milano,20136,15831.71548743712,0.7037074399768048,0.7240034697220146,0.7297297297297297,True
Milano,20137,26582.895575808776,0.5348189994521106,0.5501955622662008,0.5405405405405406,True
Milano,20138,31954.43789382021,0.2196779233413671,0.23970891718753695,0.2162162162162162,True
Milano,20139,43408.28340928579,0.2950820070455238,0.32590775559989893,0.2972972972972973,True
Milano,20141,46330.01235601957,0.4316744772064152,0.442555522480157,0.4324324324324324,True
Milano,20142,58857.18368934735,0.1622156935735995,0.17983957036675843,0.1621621621621621,True
Milano,20143,28955.93607047262,0.5994377081542546,0.6310029201518318,0.6216216216216216,True
Milano,20144,35582.69300628288,0.8073502357927014,0.8282645657323852,0.8108108108108109,True
Milano,20145,17984.83574706316,0.9550324093434992,0.992868257832864,1.0,True
Milano,20146,57661.49241463013,0.6678253698967177,0.6948603284020367,0.6756756756756757,True
Milano,20147,39199.78286810861,0.335186910650766,0.3797034306058699,0.3513513513513513,True
Milano,20148,37351.296951887605,0.5506308907201248,0.57554815281438,0.5675675675675675,True
Milano,20149,26513.87343434989,0.8643475395243877,0.8780898858753182,0.8648648648648649,True
Milano,20151,43367.30255608026,0.5051172663445712,0.5224573730142829,0.5135135135135135,True
Milano,20152,39280.54809777944,0.04109065468884572,0.04297245328136559,0.027027027027027,True
Milano,20153,29877.59610690628,0.11791016317621732,0.10803708562849457,0.1081081081081081,True
Milano,20154,32464.121872653566,0.7901626715644836,0.8012811478220693,0.7837837837837838,True
Milano,20155,25430.72367665172,0.46584872524410365,0.47101166599497746,0.4594594594594595,True
Milano,20156,21816.76977269658,0.08821738005133987,0.08753810003130266,0.081081081081081,True
Milano,20157,34543.71745006916,0.0036503300034201086,0.013698033710900693,0.0,True
Milano,20158,30083.48366282383,0.19832059359818754,0.2151082776626956,0.1891891891891892,True
Milano,20159,30468.908981084824,0.4884427157350978,0.49317821635770076,0.4864864864864865,True
Milano,20161,46168.40514221111,0.14194656680640483,0.13819251664703774,0.1351351351351351,True
Milano,20162,35801.231649030815,0.27150900105612163,0.29449785858863375,0.2702702702702703,True
Venezia,30121,15460.860624794746,0.7285971236139441,0.9135514629821734,0.75,True
Venezia,30122,12214.600140409337,0.5988089930221874,0.7582234295981247,0.625,True
Venezia,30123,6397.720984497004,0.6666418393842857,0.8714106352258477,0.8125,True
Venezia,30124,3991.97691037837,0.794749561897766,0.9725241513471893,1.0,True
Venezia,30125,5129.916659143236,0.8765488196993393,0.9901101115250145,0.9375,True
Venezia,30126,20049.12151277709,0.6555734079126725,0.8204241689355304,0.6875,True
Venezia,30132,1610.3514307590406,0.3126665948275663,0.16133505254619587,0.375,True
Venezia,30133,5627.310009497735,0.2594658910069541,0.13748636792498348,0.25,True
Venezia,30135,5568.24189736125,0.7913354092882406,0.9540931505946755,0.875,True
Venezia,30141,5054.504014179369,0.24158376171352264,0.11689306077711559,0.1875,True
Venezia,30142,2785.4888036118623,0.1269572454396472,0.1017784576042853,0.0,True
Venezia,30171,13191.348184890216,0.42926509060277945,0.4037788414345089,0.4375,True
Venezia,30172,13281.604015941162,0.49620013245250927,0.4548156442260705,0.5,True
Venezia,30173,55477.33302860038,0.3207918893938052,0.271393533046445,0.3125,True
Venezia,30174,65941.1903557398,0.5655044918025441,0.6075480672014326,0.5625,True
Venezia,30175,25003.66070057316,0.07563592797306384,0.04820417800634254,0.0625,True
Venezia,30176,2566.3636249065157,0.30975401704915617,0.15328282697666326,0.125,True
Trieste,34121,1875.40963265662,0.6855757637154313,0.7685933519292355,0.7777777777777778,True
Trieste,34122,1455.8989808559418,0.47390641795070687,0.4329997810593416,0.0,True
Trieste,34123,6102.271684997281,0.921219662257358,0.9843710957227567,1.0,True
Trieste,34124,3958.574126918697,0.7525698844553661,0.8187105667254743,0.8518518518518519,True
Trieste,34125,3844.69473807017,0.44372067750449296,0.40910463947191306,0.5925925925925926,True
Trieste,34126,6288.6545178824,0.49710170197880715,0.5210286186829177,0.5185185185185185,True
Trieste,34127,7877.818625680716,0.563809485866876,0.6907686324615122,0.6296296296296297,True
Trieste,34128,9787.739135704727,0.5095908570128727,0.5622028617361927,0.4074074074074074,True
Trieste,34129,4084.201669692993,0.26914550028539896,0.2695432026372963,0.2592592592592592,True
Trieste,34131,3173.07505522834,0.43755556474089524,0.3911309965400773,0.2962962962962963,True
Trieste,34132,2014.606173127696,0.4578234863442428,0.4241112563188516,0.2222222222222222,True
Trieste,34133,4132.379152509901,0.5915858322541221,0.7215286905375212,0.8148148148148148,True
Trieste,34134,7087.465249209276,0.8172764901950402,0.8470012592681552,0.9629629629629628,True
Trieste,34135,9472.128642902968,0.5406028295742098,0.6463326127178197,0.5555555555555556,True
Trieste,34136,8257.450728692127,0.8868164417566602,0.9475935252315738,0.925925925925926,True
Trieste,34137,10663.091668375666,0.07821785914818154,0.027309901555880794,0.037037037037037,True
Trieste,34138,8647.590286446943,0.11680345515369332,0.07676767980299072,0.1111111111111111,True
Trieste,34139,12325.735661168686,0.4215374612999213,0.3441065212478017,0.4444444444444444,True
Trieste,34141,6794.205262555017,0.5358355263860356,0.604671901973802,0.6666666666666666,True
Trieste,34142,6867.086880849467,0.7163951837635408,0.7909842988104839,0.7037037037037037,True
Trieste,34143,6184.252949032519,0.6635954286650873,0.747951253134161,0.7407407407407407,True
Trieste,34144,8808.001075699825,0.17440636788687716,0.20290972929359077,0.074074074074074,True
Trieste,34145,6562.346002925825,0.26383581057703537,0.24227567292904767,0.1851851851851851,True
Trieste,34146,6351.574129409673,0.34837777591763386,0.29627091150413304,0.3333333333333333,True
Trieste,34147,1430.8966958531205,0.4320447394837191,0.3793394806084465,0.3703703703703703,True
Trieste,34148,15898.148762607854,0.15718006946174823,0.1396332855666651,0.1481481481481481,True
Trieste,34149,13313.057352258564,0.48748579424525423,0.4708254657748422,0.4814814814814814,True
Trieste,34151,11965.557748725676,0.8609911842489024,0.8957991312735826,0.8888888888888888,True
Bologna,40121,6948.089110721317,0.7052247701533222,0.820136066092408,0.6666666666666666,True
Bologna,40122,12176.05369600902,0.5064037875073076,0.7212653986438097,0.4444444444444444,True
Bologna,40123,7191.547417349287,0.7382095490145447,0.8384777920093353,0.7222222222222222,True
Bologna,40124,8372.600040975543,0.7993425130487749,0.9447583576399368,0.8333333333333334,True
Bologna,40125,8263.001950989168,0.8663436045877179,0.9663378127832113,0.9444444444444444,True
Bologna,40126,10561.022562626336,0.628038029946905,0.7974235071999742,0.6111111111111112,True
Bologna,40127,32643.036294045294,0.016078151193326416,0.042344060514784974,0.0,True
Bologna,40128,31470.494340742986,0.1725771428952827,0.24534164478517614,0.1666666666666666,True
Bologna,40129,20506.415017488296,0.050769174108502825,0.11128873717998052,0.0555555555555555,True
Bologna,40131,26360.87381791868,0.25480580343894504,0.3203596342547982,0.2222222222222222,True
Bologna,40132,25682.23862568447,0.10118528311332954,0.1712039707797339,0.1111111111111111,True
Bologna,40133,38994.19118110939,0.28059082658553397,0.4051372512123046,0.2777777777777778,True
Bologna,40134,17986.604852502544,0.5494433998776709,0.7603919500883501,0.5555555555555556,True
Bologna,40135,8583.30173564459,0.7912418643823701,0.9227634143863606,0.8888888888888888,True
Bologna,40136,8843.58910438703,0.8774618607094046,0.9885282279249139,1.0,True
Bologna,40137,24600.468611719705,0.7553658473986511,0.8797179217109797,0.7777777777777778,True
Bologna,40138,34156.066371983994,0.3588262138573258,0.6070812047428377,0.3888888888888889,True
Bologna,40139,41264.168214804486,0.332089782590942,0.5092471997007019,0.3333333333333333,True
Bologna,40141,20846.237563375915,0.5014322492645791,0.6784293742363825,0.5,True
Firenze,50121,11131.139476416838,0.6324629556312745,0.8066996998306588,0.6,True
Firenze,50122,8556.809320082268,0.6258782710770977,0.7797476795804308,0.7,True
Firenze,50123,9306.972857343912,0.7943242814100568,0.8839663852046554,0.9,True
Firenze,50124,13753.361342664704,0.5558787478574391,0.715852908698424,0.55,True
Firenze,50125,19992.873480894574,0.9189559915550334,0.9513085395476342,0.95,True
Firenze,50126,25959.519759992847,0.295215104128751,0.4253331043037773,0.3,True
Firenze,50127,38608.93269195609,0.10150959028689127,0.23369034691425222,0.1,True
Firenze,50129,9946.171562207865,0.8009060809308631,0.9103231755254733,0.85,True
Firenze,50131,9435.485719966391,0.7574673569146182,0.8348545931870627,0.75,True
Firenze,50132,7787.665737080905,0.990533598812582,0.9893389947923303,1.0,True
Firenze,50133,12181.88469554598,0.6165200160755995,0.7513572308419678,0.65,True
Firenze,50134,18291.304503864296,0.4633371148800673,0.6336036861677481,0.4,True
Firenze,50135,17651.035578770803,0.3611196384469581,0.5312299997559219,0.35,True
Firenze,50136,19419.865537320475,0.459166405465338,0.581978591592607,0.45,True
Firenze,50137,14018.429637421685,0.48042433274369956,0.677834429444075,0.5,True
Firenze,50139,8566.395378618297,0.7604189953903435,0.8594984536992113,0.8,True
Firenze,50141,16872.577200373427,0.342406750073231,0.48396854451991583,0.2,True
Firenze,50142,46678.13705587969,0.05769469816717405,0.11693573450206333,0.05,True
Firenze,50143,18345.218211805084,0.19275146663047013,0.31165831830422597,0.15,True
Firenze,50144,19366.287972538736,0.2619037433786385,0.36328387304600623,0.25,True
Firenze,50145,19370.619502555117,-0.0005764348977935593,0.026517609045446183,0.0,True
Bari,70121,17125.48661581344,0.986798234294637,0.973086885782404,1.0,True
Bari,70122,19910.530009041056,0.9084051133519353,0.914883894652849,0.9,True
Bari,70123,36790.71395457331,0.20617765278514136,0.26475452627132223,0.2,True
Bari,70124,50153.586133812336,0.6923652377704208,0.6881822001714444,0.7,True
Bari,70125,37095.91647722598,0.8014352482544365,0.8252968925522775,0.8,True
Bari,70126,45629.33149840743,0.6140940612218365,0.537657040789975,0.6,True
Bari,70127,12496.309892444937,0.40213727030262725,0.39814712007584274,0.4,True
Bari,70128,15324.002409589806,0.49810635759514404,0.44186741015288433,0.5,True
Bari,70129,14309.622516158748,0.13977379590226457,0.18444911814794057,0.1,True
Bari,70131,17797.00724826276,0.3065855549887232,0.3505404433998699,0.3,True
Bari,70132,51529.97859199103,0.0028559307115623507,0.08098060105316711,0.0,True
Napoli,80121,11963.289005544451,0.9693942170697807,0.9936256291134858,1.0,True
Napoli,80122,19953.568850141437,0.9180499610439067,0.9527352179992159,0.9166666666666666,True
Napoli,80123,22412.715019121584,0.953982886858538,0.9753091444788703,0.9583333333333334,True
Napoli,80124,35235.92261910695,0.4588837524354265,0.6200786489995291,0.4583333333333333,True
Napoli,80125,45988.20748306326,0.5946508623791562,0.7184828772892684,0.5833333333333334,True
Napoli,80126,111017.80161377128,0.37668179027049103,0.5049701533892209,0.375,True
Napoli,80127,27505.45498935568,0.8724817201765537,0.9274477389686031,0.875,True
Napoli,80128,47006.62621632291,0.7923666071947496,0.8631880435662724,0.7916666666666666,True
Napoli,80129,23044.600918723787,0.8507921662928896,0.9005132726573086,0.8333333333333334,True
Napoli,80131,55842.39524539633,0.7551866927320966,0.8083872435681951,0.75,True
Napoli,80132,25730.1255011394,0.6330718083528848,0.7566963864331123,0.6666666666666666,True
Napoli,80133,7719.911754213228,0.6808874180186107,0.7745194903917736,0.7083333333333334,True
Napoli,80134,18975.87270693605,0.5167397059449282,0.648964191233929,0.5416666666666666,True
Napoli,80135,18783.28791358705,0.5254560517247698,0.6690833151677502,0.5,True
Napoli,80136,34889.7739168503,0.41807639196507634,0.5827137405543553,0.4166666666666667,True
Napoli,80137,32789.111503880886,0.25143507921184444,0.35454873761316996,0.25,True
Napoli,80138,13970.296602249146,0.5871723779824465,0.6865353298662131,0.625,True
Napoli,80139,23952.681782735715,0.012945839468015379,0.012762650583718515,0.0,True
Napoli,80141,35046.41708367742,0.3411709327076714,0.4271431024172913,0.3333333333333333,True
Napoli,80142,21898.512268294893,0.0459563840699261,0.03719343348425188,0.0416666666666666,True
Napoli,80143,34204.04582578942,0.29650535833943603,0.390244542627994,0.2916666666666667,True
Napoli,80144,82301.49506750607,0.1224047474651642,0.12253336189902089,0.125,True
Napoli,80145,77544.98931985775,0.21209740613093317,0.2957596805441158,0.2083333333333333,True
Napoli,80146,27982.113102111216,0.09277181864025545,0.0637712087110202,0.0833333333333333,True
Napoli,80147,82630.56509279086,0.1685659286713452,0.21041372005565542,0.1666666666666666,True
Palermo,90121,18790.76437231745,0.14144801846808502,0.04400346279918185,0.12,True
Palermo,90123,35639.813029505865,0.19736674864011994,0.12100635088678977,0.2,True
Palermo,90124,41380.39630618383,0.2942449579170432,0.24268221814123395,0.32,True
Palermo,90125,22014.68638854203,0.24231924485740944,0.16541675590386037,0.24,True
Palermo,90126,10929.14421535953,0.39551957012061906,0.3969679390752166,0.4,True
Palermo,90127,22768.076286735984,0.18322032571802513,0.07601562081526053,0.16,True
Palermo,90128,18456.263215864343,0.2831715099286187,0.1965909275903552,0.28,True
Palermo,90129,31598.17286973038,0.6130551678174609,0.5802881581163887,0.64,True
Palermo,90131,13075.17619178312,0.5533014194849984,0.5142684571956536,0.52,True
Palermo,90133,11660.370430787878,0.7153417098440502,0.7228820412036058,0.72,True
Palermo,90134,19167.71715252489,0.10291638512105555,0.014764607976629344,0.08,True
Palermo,90135,73993.67473069164,0.35990368582216126,0.3315531523256348,0.36,True
Palermo,90136,10997.82512476498,0.44030080437964925,0.4138579580506826,0.44,True
Palermo,90138,21333.968234915734,0.5477987601255914,0.4877636040496698,0.56,True
Palermo,90139,13145.94158256054,0.8291542344443087,0.8683807699566108,0.84,True
Palermo,90141,15185.930473687804,0.9778517829655549,0.9883025031922065,1.0,True
Palermo,90142,31807.016679103403,0.47917665006726323,0.4468298922516473,0.48,True
Palermo,90143,23700.576068423987,0.8879993121320833,0.9045791176780635,0.88,True
Palermo,90144,34902.455572927,0.9576056527503405,0.9497201629857244,0.96,True
Palermo,90145,70929.88139404508,0.6642546752781224,0.6592639962803936,0.68,True
Palermo,90146,70706.645158534,0.7503643515700856,0.8037903671868432,0.76,True
Palermo,90147,20517.39093938612,0.5738399833856277,0.5401443129730322,0.6,True
Palermo,90149,5073.460207339955,0.8306678663262179,0.8824149046872116,0.92,True
Palermo,90151,11334.91701505136,0.7365845461879464,0.7405949697566546,0.8,True
Amsterdam,BU0363AA02,1496.664737701416,0.7363384417207314,0.7959710740240141,0.6301369863013698,True
Amsterdam,BU0363AB02,2065.4850056966143,0.7216978636636927,0.7546289733256392,0.7191780821917808,True
Amsterdam,BU0363AB05,2347.7994732326933,0.6776192029947853,0.705491090412878,0.6575342465753424,True
Amsterdam,BU0363AB07,2409.9741615719267,0.7907366745809907,0.8913391285993273,0.8424657534246576,True
Amsterdam,BU0363AB10,3936.230126698812,0.8237780891665298,0.9235903435097481,0.7534246575342466,True
Amsterdam,BU0363AJ01,4200.814888636272,0.8402277386106922,0.9525215181499495,0.910958904109589,True
Amsterdam,BU0363AK04,1325.6505549351375,0.6595996932443086,0.684472815818451,0.7876712328767124,True
Amsterdam,BU0363AK07,1240.5780825085112,0.6223992170080291,0.6343903250839936,0.6301369863013698,True
Amsterdam,BU0363EB07,1074.816669676039,0.4749093391466542,0.4507732646258329,0.4178082191780822,True
Amsterdam,BU0363EC01,3397.7283965846423,0.9969110828634287,0.9954230589810487,0.9794520547945206,True
Amsterdam,BU0363ED01,2556.073388232125,0.2942337126688854,0.24526115927649123,0.1986301369863013,True
Amsterdam,BU0363ED03,1405.741775724623,0.4184436314683258,0.3703531417829478,0.5,True
Amsterdam,BU0363EE01,4011.6687852276696,0.4013963141359805,0.331467432045245,0.410958904109589,True
Amsterdam,BU0363EE02,2049.220936536789,0.332325457396698,0.28781407060215125,0.3835616438356164,True
Amsterdam,BU0363EE06,2808.2932458983523,0.5167369183534154,0.5144614793850238,0.5958904109589042,True
Amsterdam,BU0363EF02,2662.6292269958394,0.42147619064517616,0.37583347803977735,0.6575342465753424,True
Amsterdam,BU0363EH01,1919.1834526062007,0.6539372059690032,0.6697905967185791,0.7191780821917808,True
Amsterdam,BU0363EH02,2800.149633407593,0.6047322120303732,0.6155115107198851,0.5958904109589042,True
Amsterdam,BU0363EH06,2629.679938528273,0.6741909684507891,0.6930419476699464,0.6575342465753424,True
Amsterdam,BU0363EJ01,3393.113783730401,0.6535783616704127,0.6626346182859624,0.6575342465753424,True
Amsterdam,BU0363EJ03,2539.8722229003906,0.754656780245164,0.8215751539653637,0.7876712328767124,True
Amsterdam,BU0363EL02,1450.6744310590957,0.6037775367043916,0.6097853994025242,0.7191780821917808,True
Amsterdam,BU0363EM02,2204.1133723788794,0.34876678858803223,0.2935435633671869,0.5,True
Amsterdam,BU0363EM04,2326.6390740076704,0.45998067506892387,0.4252764217936762,0.3835616438356164,True
Amsterdam,BU0363EP02,3306.4302582210967,0.6809878777228556,0.7172103235068676,0.7876712328767124,True
Amsterdam,BU0363EQ01,5155.556202464633,0.7318734916406561,0.7683903358293991,0.7123287671232876,True
Amsterdam,BU0363ER01,1522.8178627888362,0.6783386945704865,0.7107050407897557,0.7191780821917808,True
Amsterdam,BU0363ER02,2950.640656259325,0.7818159620952935,0.8763420667732195,0.7876712328767124,True
Amsterdam,BU0363ES02,2447.214204788208,0.63326225702919,0.6440232743305602,0.3356164383561644,True
Amsterdam,BU0363ET01,4602.88283665975,0.7452597873696174,0.8101418437928325,0.7465753424657534,True
Amsterdam,BU0363EU02,3807.499034881592,0.7807945407552775,0.8672384530778824,0.7876712328767124,True
Amsterdam,BU0363FB03,3456.624856337905,0.08522665204356573,0.023302090922255696,0.0753424657534246,True
Amsterdam,BU0363FB05,1947.5476338995827,0.15819010760800303,0.09564033496053373,0.1232876712328767,True
Amsterdam,BU0363FB06,1662.1526556015017,0.11195130306236688,0.049947797409445854,0.0273972602739726,True
Amsterdam,BU0363FB07,1909.8920406732293,0.11425761679492918,0.054759552789405044,0.1232876712328767,True
Amsterdam,BU0363FC01,2045.2059956126743,0.11162966381565474,0.04495376613261941,0.1643835616438356,True
Amsterdam,BU0363FC02,1469.749599364069,0.04988177555457808,0.00610711508928935,0.0068493150684931,True
Amsterdam,BU0363FC03,2377.485253784392,0.06873005155792755,0.015443199699832941,0.0753424657534246,True
Amsterdam,BU0363FD01,1531.9578156140117,0.04160601268809154,0.002063637744745705,0.0273972602739726,True
Amsterdam,BU0363FD04,2002.0942134989632,0.12113741428577018,0.06002922954470164,0.1232876712328767,True
Amsterdam,BU0363FE03,3170.578893889984,0.2602699037763291,0.19697669130239448,0.363013698630137,True
Amsterdam,BU0363FG01,3910.4162533283234,0.35703482496642075,0.3045472726149581,0.2328767123287671,True
Amsterdam,BU0363FG02,4483.142575273911,0.48610254559347454,0.4582601643072317,0.4178082191780822,True
Amsterdam,BU0363FG03,7418.501647253832,0.5310763817884006,0.528237576699311,0.541095890410959,True
Amsterdam,BU0363FH02,4506.774364882045,0.198196976357322,0.1396223206662118,0.3287671232876712,True
Amsterdam,BU0363FJ01,1541.740731070439,0.06187325747308755,0.010163770599304506,0.0273972602739726,True
Amsterdam,BU0363FJ02,1883.409148640103,0.13294187377427985,0.07125785121082637,0.1232876712328767,True
Amsterdam,BU0363FJ03,2225.076408863068,0.12215874938211016,0.0657234782771905,0.1232876712328767,True
Amsterdam,BU0363FJ04,4256.617723941803,0.5045148292336803,0.4806730559691775,0.4863013698630137,True
Amsterdam,BU0363FK01,2265.0279547505907,0.1403558748537947,0.07684604123864992,0.0136986301369863,True
Amsterdam,BU0363FK02,1200.7769315308994,0.20624687493973468,0.15304943945341917,0.4178082191780822,True
Amsterdam,BU0363FK03,2792.846381223864,0.2922215462122696,0.2380558481266919,0.2808219178082192,True
Amsterdam,BU0363FK05,4539.755861926824,0.40692693765159993,0.34298670659272573,0.2328767123287671,True
Amsterdam,BU0363FL03,2200.3872071637047,0.26527840703720285,0.20946338107339957,0.0136986301369863,True
Amsterdam,BU0363FM02,3953.213200400273,0.18209112624248577,0.12822621727363986,0.2328767123287671,True
Amsterdam,BU0363FM04,3145.8026235633424,0.29614070108342355,0.259109019269109,0.3835616438356164,True
Amsterdam,BU0363FN01,2289.096236845168,0.2951673713640309,0.25178788920083806,0.1643835616438356,True
Amsterdam,BU0363FN02,2882.479133023156,0.3817486166294058,0.3221806072273826,0.363013698630137,True
Amsterdam,BU0363FN04,2987.2837807072533,0.407746621672462,0.3531260739789688,0.2328767123287671,True
Amsterdam,BU0363FP02,2177.948684533437,0.6406707645680032,0.6502536421753665,0.9383561643835616,True
Amsterdam,BU0363FP04,2514.794083250894,0.45763149271708436,0.41875472511237577,0.3013698630136986,True
Amsterdam,BU0363FQ02,2739.189857247803,0.4662044116702405,0.43210039284850166,0.4178082191780822,True
Amsterdam,BU0363FQ03,3742.29964864254,0.42879812411598767,0.3844612958853239,0.4178082191780822,True
Amsterdam,BU0363KA01,2061.0124663379456,0.8073486252198145,0.915511703188685,0.8698630136986302,True
Amsterdam,BU0363KC03,2296.160586886936,0.8323509622996199,0.9437697080926971,0.9863013698630136,True
Amsterdam,BU0363KD02,3424.611727078756,0.8558731118302261,0.9686020550200485,1.0,True
Amsterdam,BU0363KE01,1503.0696642133926,0.7702358898060426,0.8335888753541546,0.8835616438356164,True
Amsterdam,BU0363KE04,3054.1487043632405,0.5982707833939978,0.5932408767467375,0.5616438356164384,True
Amsterdam,BU0363KE05,2210.117769824134,0.7383677403183834,0.8009643292012312,0.910958904109589,True
Amsterdam,BU0363KF01,2886.2863729265005,0.7883142983532179,0.8842047525521529,0.7876712328767124,True
Amsterdam,BU0363KF03,2002.4467160966665,0.7330550125864418,0.7899707807630657,0.8424657534246576,True
Amsterdam,BU0363KF04,1731.6519202656216,0.6269845874756547,0.6383940946116369,0.7534246575342466,True
Amsterdam,BU0363KG02,1422.524204572042,0.5793939140405534,0.5639090031542497,0.4178082191780822,True
Amsterdam,BU0363KG03,2052.671534279982,0.4913572130199868,0.4670642923006067,0.3356164383561644,True
Amsterdam,BU0363KH05,2595.149670150545,0.7799163562514129,0.8586137067569428,0.8972602739726028,True
Amsterdam,BU0363KJ04,2156.0436118443804,0.8456347810322185,0.9610845823583078,0.9726027397260274,True
Amsterdam,BU0363KK01,2773.446783065796,0.8923915840872891,0.9844554058957209,0.9452054794520548,True
Amsterdam,BU0363KK02,3123.766282399496,0.7962888305326542,0.8987934041240278,0.8698630136986302,True
Amsterdam,BU0363KK03,2785.401003943549,0.8724760761810979,0.9769673092956388,0.9452054794520548,True
Amsterdam,BU0363KL02,1715.5815322001774,0.7590699099423226,0.8273075017497089,0.5958904109589042,True
Amsterdam,BU0363KM04,1440.4207573400604,0.8033252049183507,0.910795065636761,0.8424657534246576,True
Amsterdam,BU0363KP04,2247.644231690301,0.8257442840577628,0.931920387852139,0.9931506849315068,True
Amsterdam,BU0363KQ04,5117.9161762860085,0.777292883647722,0.8482237510765797,0.7808219178082192,True
Amsterdam,BU0363KQ05,4431.205604612827,0.7321971762555182,0.7813042707389203,0.7876712328767124,True
Amsterdam,BU0363KQ06,3888.5671124541095,0.6002492828511502,0.6025931253952325,0.6575342465753424,True
Amsterdam,BU0363KR02,2132.120125571886,0.6768276493240426,0.69945637386697,0.5547945205479452,True
Amsterdam,BU0363KR03,5230.220320067472,0.7107152296047313,0.7428346791700049,0.7671232876712328,True
Amsterdam,BU0363MA01,477.62687346054656,0.7349610583109573,0.7933115865065358,0.8835616438356164,True
Amsterdam,BU0363MA05,672.4266266773145,0.7455316605962071,0.8172479975085557,0.8424657534246576,True
Amsterdam,BU0363MA06,729.9411522823178,0.7112209426791457,0.7508633690293208,0.7671232876712328,True
Amsterdam,BU0363MB02,2148.9345701336856,0.5881677918283895,0.5862320159772891,0.8972602739726028,True
Amsterdam,BU0363MC01,3212.754880189896,0.6876158937524762,0.7259920512930326,0.5684931506849316,True
Amsterdam,BU0363MC03,1578.8448593351577,0.5047300950610654,0.4885337690528958,0.5,True
Amsterdam,BU0363MC04,1896.642089207967,0.5039079719575781,0.4723842512291114,0.6301369863013698,True
Amsterdam,BU0363MD01,2246.440799077352,0.5136782991856393,0.5076524537979308,0.3835616438356164,True
Amsterdam,BU0363MD02,3035.611307673984,0.532087174693311,0.5423198848815225,0.5342465753424658,True
Amsterdam,BU0363ME01,2674.646158218384,0.5573965397651064,0.5500119392701798,0.4178082191780822,True
Amsterdam,BU0363ME02,2430.880153311623,0.581468580944681,0.5690997666319693,0.5,True
Amsterdam,BU0363MF01,2680.723718855116,0.5089930643037589,0.49427165974720527,0.5684931506849316,True
Amsterdam,BU0363MF02,2738.3230289883086,0.4393052639348442,0.3974574465569555,0.4863013698630137,True
Amsterdam,BU0363MF03,2187.2227979236177,0.44698132509095984,0.41242083039704774,0.2328767123287671,True
Amsterdam,BU0363MG01,3148.6750745243494,0.36243534424192947,0.31405628595676816,0.3356164383561644,True
Amsterdam,BU0363MG03,1583.5863256355126,0.4344530379192217,0.3916355791512942,0.3082191780821918,True
Amsterdam,BU0363MH02,722.1881111694707,0.7624759102919703,0.8305913215767168,0.6575342465753424,True
Amsterdam,BU0363MJ01,0.0,0.7136294893768729,0.7518466429145023,0.6301369863013698,True
Amsterdam,BU0363MJ03,2030.1414654139016,0.7047939327427224,0.7330545426229528,0.910958904109589,True
Amsterdam,BU0363MJ04,1445.848464600535,0.6102222348871069,0.6212311211751222,0.6232876712328768,True
Amsterdam,BU0363MJ05,4069.223098658853,0.5840659904500409,0.5778557899890057,0.5684931506849316,True
Amsterdam,BU0363ML02,1203.0161849657693,0.6596077456787743,0.6878790794081903,0.5958904109589042,True
Amsterdam,BU0363MM08,1810.0265777589132,0.650115631666537,0.6556256806169604,0.5684931506849316,True
Amsterdam,BU0363MN01,2172.670694828033,0.797231376395055,0.9059280178499892,0.910958904109589,True
Amsterdam,BU0363MN02,2121.665001021491,0.7759635882957825,0.8384716072372572,0.7876712328767124,True
Amsterdam,BU0363MN03,3827.313783009847,0.6562492439966078,0.6775314682194966,0.6575342465753424,True
Amsterdam,BU0363MP03,3091.320308629009,0.443425100569625,0.405310320772745,0.2808219178082192,True
Amsterdam,BU0363MQ05,985.3744542135132,0.935833243913028,0.9895187603183703,0.958904109589041,True
Amsterdam,BU0363NA04,3541.206321595443,0.614623098947157,0.6279489787995397,0.4178082191780822,True
Amsterdam,BU0363NA07,1027.0805199907886,0.35258851603335767,0.29789617256368317,0.0273972602739726,True
Amsterdam,BU0363NB03,2126.3159307410638,0.829209393944596,0.9378123707730852,0.6575342465753424,True
Amsterdam,BU0363NB07,1497.407590877446,0.7256675028158838,0.7594284002862428,0.9657534246575342,True
Amsterdam,BU0363NC02,4273.1060090065,0.24119700809071487,0.17577076492167465,0.2123287671232876,True
Amsterdam,BU0363NC03,4197.81229885088,0.4143326633643359,0.36280482317054347,0.2123287671232876,True
Amsterdam,BU0363NC04,2503.0869341426423,0.5112333092270701,0.501254559156125,0.363013698630137,True
Amsterdam,BU0363NE01,1010.2536004597528,0.26324136658721053,0.2051384580971249,0.0273972602739726,True
Amsterdam,BU0363NE02,1578.0291863573818,0.1539929743477058,0.0820228664036603,0.1027397260273972,True
Amsterdam,BU0363NE03,2130.0883123198937,0.2030457337963604,0.14856256705405282,0.0753424657534246,True
Amsterdam,BU0363NE04,3308.435999015967,0.3212388748408729,0.28059698997309107,0.3356164383561644,True
Amsterdam,BU0363NG01,3109.7125105070363,0.5639001395026669,0.5578038123598081,0.541095890410959,True
Amsterdam,BU0363NH02,1072.0809226036072,0.16163957203493226,0.09970795314218346,0.0273972602739726,True
Amsterdam,BU0363NH05,939.0598472224342,0.26177047759691857,0.2025126176425266,0.1643835616438356,True
Amsterdam,BU0363NJ02,1987.6241940338575,0.2760665079230412,0.21510488001994377,0.1027397260273972,True
Amsterdam,BU0363NJ05,1887.064072496361,0.3082181732416566,0.2735983442263708,0.3082191780821918,True
Amsterdam,BU0363NK03,3655.747958645587,0.28657190872558314,0.22936921031938753,0.1643835616438356,True
Amsterdam,BU0363NL03,4149.351206206614,0.24962802851795646,0.18711631271396378,0.1986301369863013,True
Amsterdam,BU0363TB01,3291.729379560178,0.15776072944225852,0.08858271908498128,0.273972602739726,True
Amsterdam,BU0363TB02,2487.112471067243,0.23499625709094413,0.16666435097475002,0.2123287671232876,True
Amsterdam,BU0363TC02,2440.319656107161,0.17671863894269702,0.11961375053957879,0.3082191780821918,True
Amsterdam,BU0363TD02,1083.888080517451,0.09151219456598472,0.029418430276708075,0.0273972602739726,True
Amsterdam,BU0363TE02,3473.72591190868,0.1639634452461867,0.11164718152970565,0.2808219178082192,True
Amsterdam,BU0363TF01,3154.41541679783,0.4728769659958743,0.4450762389793146,0.5,True
Amsterdam,BU0363TG02,1427.4645619922217,0.23307953914747537,0.16139118428712917,0.1027397260273972,True
Amsterdam,BU0363TH02,2017.9123463895585,0.09797943749706774,0.033596738825672996,0.1232876712328767,True
Amsterdam,BU0363TJ01,2158.6869350804222,0.16320192674600703,0.10405998844477159,0.0,True
Amsterdam,BU0363TJ03,2183.930390894413,0.10639700935825565,0.03925686939961405,0.0753424657534246,True
Amsterdam,BU0363TK01,1869.5584091241983,0.4707080432246364,0.4383086492257862,0.4178082191780822,True
Amsterdam,BU0363TM01,1782.1594086090724,0.2184127243294999,0.15706763105043728,0.1643835616438356,True
Amsterdam,BU0363TM03,2861.6991918902427,0.30580487845040333,0.26720147936927796,0.4178082191780822,True
Amsterdam,BU0363TM04,2472.9331809334044,0.28338740600504575,0.2211135145056766,0.2328767123287671,True
The Hague,BU05180271,9546.466964441452,0.8030513937146079,0.7856610677371476,0.8734177215189873,True
The Hague,BU05180477,5729.246417052216,0.9276855034205946,0.9940100902208205,0.9873417721518988,True
The Hague,BU05180546,6814.007620368153,0.8993575753282884,0.9674297371183493,0.9746835443037974,True
The Hague,BU05180701,2970.773902401328,0.5849745050252747,0.511195940941673,0.4683544303797468,True
The Hague,BU05180702,5758.722650525264,0.6961409289653475,0.6395983363452544,0.6455696202531646,True
The Hague,BU05180703,5969.023679176242,0.7494114343753695,0.7116236386700778,0.7974683544303798,True
The Hague,BU05180704,3061.229259835349,0.5809017346918892,0.5048894999022399,0.569620253164557,True
The Hague,BU05180800,4154.953316013691,0.6212955154689002,0.5747895422948501,0.5189873417721519,True
The Hague,BU05180907,13491.488094912636,0.8820592120300328,0.9162691655091896,1.0,True
The Hague,BU05180908,3599.8664784166544,0.5317900943073373,0.4174070286242284,0.4683544303797468,True
The Hague,BU05181142,2167.1390268007917,0.8525739299134591,0.8671630967768718,0.8860759493670886,True
The Hague,BU05181143,7427.745211998622,0.879895324467352,0.8943981704364249,0.9493670886075948,True
The Hague,BU05181251,6455.477675689591,0.7574715991907538,0.7442491406078634,0.7848101265822784,True
The Hague,BU05181252,7599.839698486858,0.7878941636030489,0.7677346560451319,0.759493670886076,True
The Hague,BU05181309,6440.199902761158,0.9213280334979576,0.9812869709461298,0.9620253164556962,True
The Hague,BU05181492,4217.771351728588,0.7563446616875475,0.733090291071445,0.7721518987341772,True
The Hague,BU05181697,7691.934695941862,0.8930633396440778,0.9384163698873733,0.9367088607594936,True
The Hague,BU05181786,11914.76082983282,0.6436917400206406,0.5915903797704967,0.6455696202531646,True
The Hague,BU05181795,4158.020276976957,0.4817537686417166,0.38339296727442357,0.379746835443038,True
The Hague,BU05181840,6539.118751552371,0.4636441867925234,0.3618397886617158,0.3291139240506329,True
The Hague,BU05181882,3421.2381040255227,0.6111787663607253,0.5668686571081423,0.4683544303797468,True
The Hague,BU05181894,2672.6745508888525,0.5562127729194297,0.4548604859441343,0.569620253164557,True
The Hague,BU05181953,7414.041498468981,0.8428535303255345,0.8571460015523439,0.9113924050632912,True
The Hague,BU05181983,3458.482258255284,0.6785762713090144,0.6232492785182562,0.6455696202531646,True
The Hague,BU05182054,7037.532341639201,0.5357913453854016,0.42852839687741445,0.4556962025316455,True
The Hague,BU05182055,14018.492483774822,0.5934074438538346,0.548635471591247,0.620253164556962,True
The Hague,BU05182110,7196.721566518148,0.37790122124416536,0.2985093044656018,0.4430379746835443,True
The Hague,BU05182144,8193.224544737073,0.7047524115750414,0.6541850548872885,0.7215189873417721,True
The Hague,BU05182245,11810.253580411278,0.7489053574636952,0.6930354581360766,0.7341772151898734,True
The Hague,BU05182561,3724.711484677262,0.3340786647831221,0.26385344135972244,0.3924050632911392,True
The Hague,BU05182567,1849.206860139552,0.5388249369247756,0.45013287262249524,0.3544303797468354,True
The Hague,BU05182569,5450.705805225091,0.5804528312556184,0.49599029756837015,0.5569620253164557,True
The Hague,BU05182664,6431.725578467051,0.5206251932845115,0.4069190295073772,0.5443037974683544,True
The Hague,BU05182665,6622.423996583118,0.8977209124227085,0.9533819885523064,0.9240506329113924,True
The Hague,BU05182666,8227.499318326098,0.8767893524609598,0.87803065968867,0.8354430379746836,True
The Hague,BU05182718,5923.478094418844,0.12999984229913245,0.052174169318954876,0.0759493670886076,True
The Hague,BU05182763,5888.786459710862,0.5380795098517633,0.44204282403951856,0.569620253164557,True
The Hague,BU05182811,9410.502671877544,0.5889194459858352,0.5241405281059227,0.6329113924050633,True
The Hague,BU05182813,5172.845707787408,0.7547890048303485,0.7232724293732803,0.810126582278481,True
The Hague,BU05182814,7416.404528194003,0.3601313468614872,0.28323132538643786,0.3164556962025316,True
The Hague,BU05182915,11914.763610415988,0.1774573580722079,0.1372816689066533,0.1645569620253164,True
The Hague,BU05182916,8235.601295895047,0.10894129223911371,0.027149852673251883,0.1392405063291139,True
The Hague,BU05182917,4717.894687122769,0.10108322552632984,0.013607011850014679,0.1139240506329113,True
The Hague,BU05183032,3752.499327341716,0.21234466563029536,0.18500936646565247,0.0,True
The Hague,BU05183033,4148.489893595377,0.08344509296900739,0.004337233620902505,0.0126582278481012,True
The Hague,BU05183034,5845.2336381276455,0.14232385571780987,0.07114295956470378,0.2278481012658227,True
The Hague,BU05183130,4959.054130766126,0.475142514973769,0.3738610935903196,0.3670886075949367,True
The Hague,BU05183131,3446.230550130208,0.22858862854196102,0.1925356167526712,0.1265822784810126,True
The Hague,BU05183135,5223.150779869822,0.25741155868949134,0.24089313362144307,0.2911392405063291,True
The Hague,BU05183284,15608.291054487228,0.5757968207830778,0.4739731801243971,0.5316455696202531,True
The Hague,BU05183387,5256.903127739,0.17290143900884297,0.11932874333278584,0.1772151898734177,True
The Hague,BU05183396,5438.406995501162,0.21003182207056315,0.17540030173789647,0.2658227848101265,True
The Hague,BU05183398,6506.640002637067,0.2714047884227831,0.2531565943632865,0.2658227848101265,True
The Hague,BU05183480,3154.8956577512954,0.16133565126817292,0.09302805990730956,0.1772151898734177,True
The Hague,BU05183488,6083.335893233618,0.420134484398781,0.31239356432383986,0.430379746835443,True
The Hague,BU05183489,3696.749576060308,0.3381152506576206,0.27161255642434967,0.2025316455696202,True
The Hague,BU05183620,2446.8684765762755,0.14529496556445698,0.07981232721469483,0.0379746835443038,True
The Hague,BU05183637,3449.251410590278,0.16492107808478704,0.11022648512776738,0.0886075949367088,True
The Hague,BU05183638,4922.92648300363,0.1629710077324771,0.10147339849343993,0.2151898734177215,True
The Hague,BU05183639,3519.4292538069813,0.1584477467481221,0.08605007342410055,0.050632911392405,True
The Hague,BU05183721,4888.126076698303,0.12806928607555387,0.040870669898779424,0.0126582278481012,True
The Hague,BU05183819,3187.3061084217497,0.13604638346077408,0.0616994666128819,0.1012658227848101,True
The Hague,BU05183822,4968.55216858122,0.2407299092981213,0.21888335142296592,0.240506329113924,True
The Hague,BU05183823,3558.261916925509,0.20472863866793448,0.1659943116345224,0.050632911392405,True
The Hague,BU05183824,5430.138937102423,0.24743731850041567,0.22975515148365325,0.3037974683544304,True
The Hague,BU05183825,8393.187783082325,0.2392330847122359,0.2049136927667928,0.240506329113924,True
The Hague,BU05183826,5995.063465118408,0.1819162042143918,0.1560063388778836,0.1518987341772152,True
The Hague,BU05184001,3884.17221337888,0.5109039008153233,0.3918010551689588,0.569620253164557,True
The Hague,BU05184002,11047.493049780527,0.8231760699769797,0.8216647367720049,0.8607594936708861,True
The Hague,BU05184003,2821.584616767035,0.7280149625256528,0.6777379156104502,0.810126582278481,True
The Hague,BU05184004,3553.4554233021204,0.4569011631175386,0.35128803292519795,0.3291139240506329,True
The Hague,BU05184005,2072.0932503325557,0.5126452155096203,0.3980283126739398,0.4050632911392405,True
The Hague,BU05184212,6921.467300366403,0.8073829202232795,0.8028782431412402,0.8481012658227848,True
The Hague,BU05184213,5536.758945251091,0.4560119964790339,0.3417842413307268,0.4683544303797468,True
The Hague,BU05184214,8245.792914258729,0.44572797811093134,0.3273746250992431,0.4050632911392405,True
The Hague,BU05184215,5756.549959811072,0.7131767665642332,0.6687695018877604,0.7468354430379747,True
The Hague,BU05184418,7453.976470377711,0.6674917757000778,0.6118403359636152,0.6455696202531646,True
The Hague,BU05184419,4204.088545507596,0.7599115932145953,0.7553936848118132,0.7088607594936709,True
The Hague,BU05184420,7737.844659049064,0.8425409370714991,0.8413047504590409,0.8987341772151899,True
The Hague,BU05184421,3210.194858976019,0.6798404423907112,0.6302213602495994,0.6455696202531646,True
Rotterdam,BU05990110,15540.790114804586,0.7527296190633109,0.7967772245039947,0.7619047619047619,True
Rotterdam,BU05990111,5555.259652508629,0.30154740260173346,0.26056946379424,0.3968253968253968,True
Rotterdam,BU05990112,8148.472892337375,0.651663562245299,0.7259223121823712,0.6825396825396826,True
Rotterdam,BU05990118,1650.8997780336072,0.7660148660720671,0.8308724912188943,0.9523809523809524,True
Rotterdam,BU05990320,4051.777684966723,0.2688935037899541,0.2203555094359193,0.2222222222222222,True
Rotterdam,BU05990321,2773.1029794745973,0.16544032179517323,0.08281884254001697,0.1746031746031746,True
Rotterdam,BU05990322,4348.01745393541,0.15378800030161202,0.07380192414896532,0.0317460317460317,True
Rotterdam,BU05990323,4537.501396152708,0.2720919029775643,0.24778978908333424,0.2857142857142857,True
Rotterdam,BU05990324,10771.984894898203,0.2620778733957502,0.20158533714619706,0.3015873015873015,True
Rotterdam,BU05990325,5769.2379801405805,0.4437186896762774,0.4177028844710595,0.5873015873015873,True
Rotterdam,BU05990327,3582.403630105985,0.21100972458114672,0.16265915927309457,0.1587301587301587,True
Rotterdam,BU05990329,1236.187263738364,0.6054907511473043,0.6010006686558486,0.8095238095238095,True
Rotterdam,BU05990451,4766.975801547368,0.4895770976972571,0.5178196863313728,0.4285714285714285,True
Rotterdam,BU05990455,4611.972030480754,0.8424263461332335,0.9094834413727211,0.8888888888888888,True
Rotterdam,BU05990456,4249.931572194315,0.6753943002585553,0.7456308981966658,0.7301587301587301,True
Rotterdam,BU05990515,4005.9972248077393,0.2458633674301244,0.18287313307608558,0.1904761904761904,True
Rotterdam,BU05990516,2404.630663673083,0.6263557185543743,0.6745754509703636,0.5396825396825397,True
Rotterdam,BU05990531,3198.2953179677324,0.6275161116235229,0.7115547861854113,0.5714285714285714,True
Rotterdam,BU05990532,6243.336198753781,0.7787005462476384,0.8408683454145957,0.8253968253968254,True
Rotterdam,BU05990534,4411.226173877716,0.5760840331048519,0.5938497902844336,0.6507936507936508,True
Rotterdam,BU05990535,9446.46266439888,0.3759528155292153,0.36655854960440404,0.3015873015873015,True
Rotterdam,BU05990660,11800.77073212911,0.6270107927161519,0.692562640808795,0.6031746031746031,True
Rotterdam,BU05990661,6489.65488628712,0.7937696453973069,0.866989912356347,0.873015873015873,True
Rotterdam,BU05990662,6689.995169389373,0.8681994746044183,0.9438759916320345,0.9365079365079364,True
Rotterdam,BU05990664,3739.343823273873,0.7998205886077966,0.8989088226430751,0.8571428571428571,True
Rotterdam,BU05990665,7548.706286777911,0.9753126508054281,0.9904416630525515,1.0,True
Rotterdam,BU05990814,4187.80271630817,0.22924524822745826,0.17249796443899704,0.238095238095238,True
Rotterdam,BU05990836,2380.843845148894,0.4650381698186556,0.4580042862546794,0.4761904761904761,True
Rotterdam,BU05990837,3534.3730348348613,0.10920846508364487,0.0532566549838886,0.0476190476190476,True
Rotterdam,BU05990841,7555.971747848722,0.35436955563143313,0.34502969540539824,0.3809523809523809,True
Rotterdam,BU05990842,7489.496511510677,0.7997733361326274,0.8846906195005091,0.984126984126984,True
Rotterdam,BU05990845,2454.509755541661,0.4547177451921889,0.45188165580389433,0.3968253968253968,True
Rotterdam,BU05990847,2347.424291248886,0.47439482432830576,0.4639913227492291,0.5238095238095238,True
Rotterdam,BU05991017,1285.9198225725236,0.7403883027635352,0.7754708764771616,0.9523809523809524,True
Rotterdam,BU05991079,2313.71730320404,0.48455825464564967,0.5088539579077835,0.7301587301587301,True
Rotterdam,BU05991080,11203.539028199182,0.1723446327092098,0.10051637223953785,0.1111111111111111,True
Rotterdam,BU05991081,7492.519194285076,0.036618567408335516,0.009487191622443204,0.0,True
Rotterdam,BU05991082,5967.976419054799,0.07211605662831118,0.0412245723432152,0.0634920634920634,True
Rotterdam,BU05991085,1583.2356524605098,0.6536034819327198,0.7382448143187271,0.7619047619047619,True
Rotterdam,BU05991086,3904.9340436922175,0.19300252321467262,0.14938934167705278,0.1269841269841269,True
Rotterdam,BU05991087,1496.257107455348,0.2023758215340905,0.15622844800586497,0.0793650793650793,True
Rotterdam,BU05991088,1523.506044171039,0.7917209341731606,0.8507028908791061,0.7142857142857143,True
Rotterdam,BU05991283,4867.540766763424,0.7532800848746861,0.8226186992799744,0.8412698412698413,True
Rotterdam,BU05991284,8465.189861527333,0.3163037498668894,0.2783224635161369,0.2698412698412698,True
Rotterdam,BU05991289,18330.47117457006,0.3373907807871889,0.31225171538824337,0.3333333333333333,True
Rotterdam,BU05991290,5391.369717830947,0.41607946612117014,0.40357107898508454,0.365079365079365,True
Rotterdam,BU05991391,3628.809257141741,0.6232205371953611,0.6499414035423519,0.4603174603174603,True
Rotterdam,BU05991444,7929.792103421047,0.8645095684433223,0.9253640973358808,0.9206349206349206,True
Rotterdam,BU05991448,6710.661994789882,0.6237306387901361,0.6630334681067828,0.6666666666666666,True
Rotterdam,BU05991449,9384.485773643426,0.4545977222285384,0.43689086081356604,0.4285714285714285,True
Rotterdam,BU05991463,15384.58498377979,0.48375313652960367,0.48644398059112726,0.492063492063492,True
Rotterdam,BU05991466,9588.758998814556,0.4930378664557852,0.5359972316135915,0.5079365079365079,True
Rotterdam,BU05991467,7196.425094801519,0.3879053314449546,0.38763213797008783,0.3492063492063492,True
Rotterdam,BU05991468,11268.292359447109,0.8808925561097021,0.9666151679463183,0.9047619047619048,True
Rotterdam,BU05991571,5802.066480320258,0.06957863997200367,0.02632108668035291,0.0158730158730158,True
Rotterdam,BU05991572,4171.62832328346,0.13248782028679362,0.06301416238981417,0.0793650793650793,True
Rotterdam,BU05991573,5025.979552808321,0.18766227452810022,0.13808082361304688,0.1269841269841269,True
Rotterdam,BU05991574,6538.485530582567,0.2714129380140729,0.23376513226807197,0.238095238095238,True
Rotterdam,BU05991577,6718.522471877436,0.1812071494956146,0.12320967836414935,0.2063492063492063,True
Rotterdam,BU05991692,10353.575745766855,0.6132027197496107,0.6322366019366981,0.6190476190476191,True
Rotterdam,BU05991699,15844.565820926811,0.5551893014187336,0.5682014635820289,0.5555555555555556,True
Rotterdam,BU05991701,2424.7653899174184,0.7919866964587309,0.8557022784951148,0.7936507936507936,True
Rotterdam,BU05991702,6539.423470416779,0.6111641436202995,0.6108463169756717,0.6349206349206349,True
Rotterdam,BU05992704,9015.150839974796,0.7067125911119646,0.7624274355786109,0.6984126984126984,True
Lisbon,110601,16428.27729724128,0.3638340462614514,0.32729214376317056,0.3478260869565217,True
Lisbon,110602,14017.78036657583,0.4086456019735181,0.3538788525812264,0.391304347826087,True
Lisbon,110607,12602.37236775145,0.06188391838290538,0.0341190528543255,0.0434782608695652,True
Lisbon,110608,38101.12076869497,0.6477742709518739,0.5885396050226059,0.6521739130434783,True
Lisbon,110610,16447.746576206424,0.46671012707256143,0.3804825627482405,0.4347826086956521,True
Lisbon,110611,20703.815093122124,0.6679748679146281,0.6398904145128148,0.6956521739130435,True
Lisbon,110618,46820.80271832083,0.9939309064604221,0.9591142123474661,1.0,True
Lisbon,110621,39221.42128455327,0.09922206067143681,0.07937365122941428,0.0869565217391304,True
Lisbon,110633,36365.03478616501,0.4821835086805087,0.4266007845376483,0.4782608695652174,True
Lisbon,110639,33996.141270403095,0.8633736988359989,0.8584020602087267,0.8695652173913043,True
Lisbon,110654,32879.013563151224,0.8201774916556264,0.7619356469511808,0.8260869565217391,True
Lisbon,110655,21003.80229410449,0.7389205417441049,0.6763111653112633,0.7391304347826086,True
Lisbon,110656,32649.81472213268,0.26762221856304796,0.24395299136951668,0.2608695652173913,True
Lisbon,110657,22085.49350704238,0.7834686743131816,0.7139384526694433,0.782608695652174,True
Lisbon,110658,17257.334112875516,0.9119268168785744,0.9031586339817589,0.9130434782608696,True
Lisbon,110659,22475.13031953335,0.6016226959290595,0.535642012606687,0.6086956521739131,True
Lisbon,110660,21535.38152748548,0.5570674802327051,0.4972102827475907,0.5652173913043478,True
Lisbon,110661,13260.037725790142,0.2230177485763106,0.2038626817343413,0.217391304347826,True
Lisbon,110662,21797.201749763077,0.8403754338335612,0.8096810934010622,0.9565217391304348,True
Lisbon,110663,29383.698122252048,0.19357076214490757,0.1666244750533701,0.1739130434782608,True
Lisbon,110664,23179.320652297796,0.2909849891831139,0.29270521348488765,0.3043478260869565,True
Lisbon,110665,13234.71534019977,0.03635340123885354,0.011557079965000426,0.0,True
Lisbon,110666,11479.407799496352,0.5046126617805337,0.46838045524683447,0.5217391304347826,True
Lisbon,110667,15655.553418813366,0.168463645245505,0.12729440876605055,0.1304347826086956,True
Stockholm,0180R001,3557.329205955778,0.45428705703872235,0.4287648214319654,0.3571428571428571,True
Stockholm,0180R002,9201.557851936324,0.10831235480723611,0.08747256646901444,0.0873015873015873,True
Stockholm,0180R003,2475.7115574752797,0.6267876417984064,0.6531197134602594,0.6031746031746031,True
Stockholm,0180R004,6185.088358644434,0.4527155510641806,0.4240571331076554,0.3492063492063492,True
Stockholm,0180R005,11302.656011286896,0.2468920921708624,0.2020981858861129,0.1666666666666666,True
Stockholm,0180R006,6925.441620210451,0.2080742438942759,0.18038981591763836,0.1428571428571428,True
Stockholm,0180R007,3450.3297317116994,0.4277742980857283,0.3543225366327224,0.3333333333333333,True
Stockholm,0180R008,6163.363129560968,0.3819169536920906,0.2880998051057698,0.365079365079365,True
Stockholm,0180R009,4494.68615507954,0.4218960023929415,0.34037845209256357,0.2142857142857142,True
Stockholm,0180R010,10877.52680770186,0.08133764889210912,0.06265403514552809,0.0952380952380952,True
Stockholm,0180R011,2858.865950512643,0.8031044869688099,0.8457241599787847,0.9285714285714286,True
Stockholm,0180R012,10510.812525918667,0.20030710712805436,0.1719643455947799,0.2936507936507936,True
Stockholm,0180R013,2303.782460140939,0.5615934163256718,0.5283875876449626,0.6746031746031746,True
Stockholm,0180R014,2916.65411361306,0.7565658047526324,0.8059495913864121,0.8174603174603174,True
Stockholm,0180R015,1088.8500463666812,0.7512104279519403,0.8040140692183386,0.7619047619047619,True
Stockholm,0180R016,9383.581515108444,0.8928661360317826,0.9574033577525465,0.9444444444444444,True
Stockholm,0180R017,5472.272726900724,0.5878884542803495,0.5889189670873192,0.5555555555555556,True
Stockholm,0180R018,4175.208723094618,0.7093947126653913,0.7550808060167511,0.7777777777777778,True
Stockholm,0180R019,4181.898843514752,0.6072586853586683,0.6499026521359298,0.8333333333333334,True
Stockholm,0180R020,1930.498588105968,0.1816680218429864,0.1489846677726577,0.0793650793650793,True
Stockholm,0180R021,11605.899233128686,0.19469933848190937,0.16127720505396378,0.1746031746031746,True
Stockholm,0180R022,4452.32612730289,0.5892981803185245,0.5937146882560732,0.8095238095238095,True
Stockholm,0180R023,3102.152316682193,0.5674646527712082,0.5529345744445613,0.5714285714285714,True
Stockholm,0180R024,6412.072308032185,0.38768437325536337,0.29417645191238834,0.2777777777777778,True
Stockholm,0180R025,11967.750575807782,0.48106737939174826,0.45352510226753195,0.4523809523809524,True
Stockholm,0180R026,2599.5200057317293,0.1373257638204894,0.1042435804841956,0.0396825396825396,True
Stockholm,0180R027,3413.217634543244,0.560130677614292,0.5256250439110933,0.5079365079365079,True
Stockholm,0180R028,6313.727631535647,0.295236361386462,0.21636721200394446,0.2698412698412698,True
Stockholm,0180R029,18477.420290762064,0.8607530781222843,0.8728400876398021,0.8650793650793651,True
Stockholm,0180R030,26634.6762800929,0.6725239704059908,0.716225845741556,0.6587301587301587,True
Stockholm,0180R031,6117.639605416706,0.10895166370183147,0.09487504193566113,0.119047619047619,True
Stockholm,0180R032,12832.13975991894,0.4681683571254542,0.4366844688070322,0.5,True
Stockholm,0180R033,14374.175559681287,0.9147018045690829,0.9751903719628441,0.9206349206349206,True
Stockholm,0180R034,5380.92357239131,0.870598360197264,0.9093823260181608,0.8253968253968254,True
Stockholm,0180R035,5469.096752167661,0.6304121558288551,0.6569587689175096,0.7222222222222222,True
Stockholm,0180R036,7175.352362109499,0.02842356032657015,0.03304509227117318,0.0158730158730158,True
Stockholm,0180R037,11009.049216800007,0.5720380898628026,0.5597533274143112,0.5793650793650794,True
Stockholm,0180R038,7959.249023975159,0.36664322122540866,0.2656932724404247,0.2857142857142857,True
Stockholm,0180R039,8715.854501503653,0.024079436916106752,0.02536621292577766,0.0476190476190476,True
Stockholm,0180R040,5335.372748437889,0.11957272453521565,0.1004093163782114,0.1031746031746031,True
Stockholm,0180R041,29193.030114848283,0.4179506138201151,0.3241000214561206,0.4206349206349206,True
Stockholm,0180R042,11126.188515732863,0.1533707253831821,0.1108760572099079,0.1507936507936507,True
Stockholm,0180R043,2167.8853463384567,0.9330264578946441,0.9989524439426122,1.0,True
Stockholm,0180R044,7511.050136439921,0.16885841860938036,0.144422363970832,0.1269841269841269,True
Stockholm,0180R045,13528.918358262705,0.3703657140739372,0.27858418713676536,0.3174603174603174,True
Stockholm,0180R046,20887.082560906736,0.1639804911078868,0.1306999427293861,0.1825396825396825,True
Stockholm,0180R047,5369.394196700665,0.7979564329117049,0.8417481361666692,0.7698412698412699,True
Stockholm,0180R048,8100.032815270279,0.6633011950606136,0.6994414918199268,0.7142857142857143,True
Stockholm,0180R049,23281.14069389628,0.8905790742208053,0.9416192538234647,0.9047619047619048,True
Stockholm,0180R050,7089.540659506101,0.5071272031047723,0.4701239031258565,0.4761904761904761,True
Stockholm,0180R051,6523.518103724537,0.3363901330891698,0.2567237774579189,0.2222222222222222,True
Stockholm,0180R052,2594.5939261806484,0.3669451668827308,0.2707930541838783,0.3015873015873015,True
Stockholm,0180R053,12209.881251531406,0.6071053791075762,0.6419818879871523,0.626984126984127,True
Stockholm,0180R054,5017.165030139404,0.7088596736339814,0.7506389074526783,0.7063492063492064,True
Stockholm,0180R055,1686.8568515771506,0.4426734671768756,0.4011988250511189,0.5476190476190477,True
Stockholm,0180R056,8506.703262397525,0.7773039348344876,0.8114695360805166,0.7380952380952381,True
Stockholm,0180R057,3757.4582126971945,0.8455383149055389,0.8565100348269994,0.8888888888888888,True
Stockholm,0180R058,19435.459015788776,0.6582167873139128,0.6861359121177977,0.6746031746031746,True
Stockholm,0180R059,3878.7433656998433,0.6847618370722561,0.7394091747047125,0.6904761904761905,True
Stockholm,0180R060,6828.870701021077,0.5233403168458142,0.48115284322323754,0.4682539682539682,True
Stockholm,0180R061,12582.02228896761,0.5489430992268097,0.5026156664211415,0.5317460317460317,True
Stockholm,0180R062,10755.388159729388,0.4375178032089424,0.39518653793865044,0.4285714285714285,True
Stockholm,0180R063,8687.51461083442,0.7395692293349582,0.7965532178931471,0.8968253968253969,True
Stockholm,0180R064,3642.629086856711,0.909935434468616,0.9664843705711492,0.9523809523809524,True
Stockholm,0180R065,2831.8199304774103,0.7409063170187158,0.8021195402524968,0.7857142857142857,True
Stockholm,0180R066,4431.580014832165,0.8634273163676585,0.8839100743802737,0.9126984126984128,True
Stockholm,0180R067,12258.49973102735,0.5825585881129715,0.5788074336084602,0.5396825396825397,True
Stockholm,0180R068,10239.826521517823,0.7842444084736323,0.8205281520554408,0.8412698412698413,True
Stockholm,0180R069,8295.838607738555,0.32820917033327984,0.24401539869489824,0.246031746031746,True
Stockholm,0180R070,9160.67733654684,0.5427391545691933,0.49210925438457076,0.5238095238095238,True
Stockholm,0180R071,4759.347146722583,0.6876984274015705,0.7435832349500283,0.8571428571428571,True
Stockholm,0180R072,8082.171663072949,0.5745196395908267,0.5689785035101881,0.5952380952380952,True
Stockholm,0180R073,16316.411565139735,0.9258285364134079,0.9900205429872031,0.9365079365079364,True
Stockholm,0180R074,2183.261124129692,0.679346276370248,0.7364799194588297,0.6507936507936508,True
Stockholm,0180R075,7042.540701053733,0.42363152974135243,0.3459534202978772,0.3888888888888889,True
Stockholm,0180R076,10027.106679844384,0.010091788725329967,0.004845254551071134,0.0,True
Stockholm,0180R077,5956.465596778775,0.2773186929050751,0.21043806300012283,0.1984126984126984,True
Stockholm,0180R078,8761.686612889778,0.08153662453319044,0.07214400979562882,0.0317460317460317,True
Stockholm,0180R079,13154.05409160074,0.044762699198508484,0.04286857897431286,0.0555555555555555,True
Stockholm,0180R080,13160.4065541549,0.39436368543369404,0.30363417938160747,0.373015873015873,True
Stockholm,0180R081,2883.3343838049213,0.8942470486114829,0.9633309230996163,0.9603174603174603,True
Stockholm,0180R082,8701.673359576309,0.29736006585620195,0.2236228882734097,0.2619047619047619,True
Stockholm,0180R083,22696.653283106614,0.5624772412412523,0.5404681886529508,0.6111111111111112,True
Stockholm,0180R084,11569.705439224992,0.7389496326245779,0.7867646127876589,0.753968253968254,True
Stockholm,0180R085,5843.598072293462,0.6368400859262794,0.6739206769244769,0.7222222222222222,True
Stockholm,0180R086,3105.916206417492,0.7387706868460234,0.7796731232045989,0.9682539682539684,True
Stockholm,0180R087,2412.4935560305503,0.7014210671929407,0.7470487803874197,0.6349206349206349,True
Stockholm,0180R088,13721.14173093134,0.5568849283335223,0.5173454538612404,0.5634920634920635,True
Stockholm,0180R089,4452.822083851019,0.5116498530669048,0.47570135307208894,0.4761904761904761,True
Stockholm,0180R090,5025.643775369592,0.48051813700770424,0.44531362871417923,0.4761904761904761,True
Stockholm,0180R091,2039.6647387652904,0.354282934203623,0.26086164114721516,0.238095238095238,True
Stockholm,0180R092,6879.368288518366,0.08962609785818036,0.07970201180601308,0.1111111111111111,True
Stockholm,0180R093,5779.834143872164,0.8515373741247841,0.8611186034471431,0.8492063492063492,True
Stockholm,0180R094,21805.963135494265,0.7325096825955794,0.7676353140328105,0.746031746031746,True
Stockholm,0180R095,7646.710724263015,0.5010693592340104,0.4630031163064184,0.4603174603174603,True
Stockholm,0180R096,1744.291557000608,0.8356892421526156,0.851262496506501,0.7936507936507936,True
Stockholm,0180R097,13154.54572677004,0.6055270973380207,0.6297254007295704,0.6190476190476191,True
Stockholm,0180R098,6548.625550562022,0.6776641229818174,0.7322605354429967,0.6428571428571429,True
Stockholm,0180R099,2678.935457579525,0.8434738474043285,0.8533998688819137,0.992063492063492,True
Stockholm,0180R100,8429.730213435367,0.44765419248076765,0.41699502451936343,0.4126984126984127,True
Stockholm,0180R101,5500.535537378749,0.3069706453317482,0.23048561742254273,0.1904761904761904,True
Stockholm,0180R102,11862.268495877062,0.014929492673330836,0.015422542504280969,0.0079365079365079,True
Stockholm,0180R103,5106.18338106394,0.5944137896066365,0.5983335093353349,0.5158730158730159,True
Stockholm,0180R104,3342.205533574126,0.5310709284156687,0.486067666111681,0.6984126984126984,True
Stockholm,0180R105,5740.1229850985865,0.330779145048994,0.2507977945502308,0.3253968253968254,True
Stockholm,0180R106,1487.111598711936,0.15797231502285114,0.11988838267125335,0.0238095238095238,True
Stockholm,0180R107,7850.0651721299,0.2092113785392403,0.18752957156358915,0.2539682539682539,True
Stockholm,0180R108,8456.908935595911,0.08103671037914997,0.05331133382911407,0.0634920634920634,True
Stockholm,0180R109,5951.316791439238,0.1889154607898221,0.1527932840622608,0.1349206349206349,True
Stockholm,0180R110,14910.057911895368,0.4310224139990143,0.3631945626946809,0.4444444444444444,True
Stockholm,0180R111,7101.548002544714,0.32362069625992324,0.23657514100839733,0.2063492063492063,True
Stockholm,0180R112,1597.3690113074013,0.5830933454354591,0.5855028057857394,0.3095238095238095,True
Stockholm,0180R113,15618.855374642171,0.4351492577034891,0.38019563579620824,0.4047619047619047,True
Stockholm,0180R114,21450.77257495024,0.866429463573525,0.8964168313822862,0.873015873015873,True
Stockholm,0180R115,2089.8411677710865,0.5558585607393736,0.5097053399886279,0.3412698412698413,True
Stockholm,0180R116,5049.070358289139,0.8753081222166096,0.9144222619811297,0.984126984126984,True
Stockholm,0180R117,11286.58324689572,0.4429965472437406,0.40746779392591204,0.3809523809523809,True
Stockholm,0180R118,3413.380426014184,0.4260360172122201,0.3510058846870715,0.3968253968253968,True
Stockholm,0180R119,3429.130603919223,0.8345969199999917,0.8487626181198279,0.9761904761904762,True
Stockholm,0180R120,11894.728520608678,0.6363376958713687,0.6653492404775697,0.6666666666666666,True
Stockholm,0180R121,2327.1447745722776,0.43347632285289733,0.3715238482434449,0.4365079365079365,True
Stockholm,0180R122,5498.291157719356,0.22354240785832694,0.1939797058168257,0.1507936507936507,True
Stockholm,0180R123,3018.7164309439536,0.15422429100350468,0.11771109619529327,0.0714285714285714,True
Stockholm,0180R124,23351.91687983153,0.6052850566343034,0.6120849078400612,0.5873015873015873,True
Stockholm,0180R125,13976.56749639706,0.8797201594494142,0.9236157473349607,0.8809523809523809,True
Stockholm,0180R126,14152.444960188044,0.7912942763095917,0.8323148785939413,0.8015873015873016,True
Stockholm,0180R127,2324.485871276229,0.43709471074939554,0.38886613852537216,0.2301587301587301,True
Malmö,1280R001,1513.8232441416217,0.3068652643447538,0.16516753882036828,0.2777777777777778,True
Malmö,1280R002,1308.2050656660251,0.30485541439741587,0.16117644086725316,0.2,True
Malmö,1280R003,6431.457676993476,0.31307879201704175,0.19471192969511353,0.3,True
Malmö,1280R004,4165.14803352357,0.7270289459273165,0.7098976556947955,0.6888888888888889,True
Malmö,1280R005,4431.3026597764765,0.0731546175777661,0.02371127179675282,0.0777777777777777,True
Malmö,1280R006,1175.5143336984847,0.4522763149708178,0.4102999690759687,0.2555555555555555,True
Malmö,1280R007,736.5094379319085,0.3811800385921994,0.31190659449743874,0.1222222222222222,True
Malmö,1280R008,3685.160515828576,0.8855980733454055,0.8809003393342503,1.0,True
Malmö,1280R009,4005.526288457525,0.893709293634562,0.9075901107249256,0.9444444444444444,True
Malmö,1280R010,5305.147706593905,0.8766977090561617,0.8681856544320177,0.9222222222222224,True
Malmö,1280R011,2728.917811062497,0.44993240031215115,0.4047780644632916,0.3888888888888889,True
Malmö,1280R012,3660.766649458143,0.6310785301111249,0.6293447645589474,0.4666666666666667,True
Malmö,1280R013,6070.372918102476,0.715970007375249,0.6954219090918544,0.7222222222222222,True
Malmö,1280R014,5020.68672449059,0.9657875204219444,0.9928994147791836,0.9888888888888888,True
Malmö,1280R015,4079.744514161772,0.8168078779038584,0.7874399280158692,0.8666666666666667,True
Malmö,1280R016,2765.648331180318,0.19438377377669813,0.10643155989192621,0.2444444444444444,True
Malmö,1280R017,3445.7335365613308,0.33920774709286394,0.2462387417475741,0.7,True
Malmö,1280R018,2934.9668403683463,0.8213267653290373,0.8239484156863961,0.7888888888888889,True
Malmö,1280R019,15008.915024750557,0.4304246301939909,0.3403320606123833,0.4777777777777778,True
Malmö,1280R020,1711.5999019410874,0.7712753951205216,0.7456615896507036,0.6333333333333333,True
Malmö,1280R021,5486.865992241436,0.7989060540414348,0.7623198874344234,0.8444444444444444,True
Malmö,1280R022,3730.735046095318,0.7029706968325381,0.6815605378936199,0.7555555555555555,True
Malmö,1280R023,2984.0411093102566,0.4885178237767103,0.44697948436276475,0.5444444444444444,True
Malmö,1280R024,1829.1140661438308,0.12093502696051646,0.06157740965468109,0.0666666666666666,True
Malmö,1280R025,21700.87015803724,0.9025436137772018,0.9439457864929564,0.9111111111111112,True
Malmö,1280R026,6388.86050857438,0.13693895202131276,0.08503412651501334,0.1777777777777777,True
Malmö,1280R027,1816.506667190128,0.10250434009307885,0.05642153315405346,0.1,True
Malmö,1280R028,3621.1114089265466,0.0010129257383539364,0.005121213802831613,0.0,True
Malmö,1280R029,5654.071419138875,0.3694815319696778,0.27327642262423146,0.4333333333333333,True
Malmö,1280R030,2789.1540921020014,0.22465694358517657,0.11776959928234061,0.1111111111111111,True
Malmö,1280R031,1118.946103869213,0.15969424779233193,0.09565216018220572,0.0333333333333333,True
Malmö,1280R032,507.0343670455946,0.3634014169260082,0.26456298179633186,0.1888888888888888,True
Malmö,1280R033,3293.947558252141,0.5312156182646727,0.47891153819933013,0.5111111111111111,True
Malmö,1280R034,3001.7143860422075,0.6020845470110832,0.589797850289752,0.7111111111111111,True
Malmö,1280R035,1474.6514247258503,0.7830477662323688,0.7524744518599917,0.6777777777777778,True
Malmö,1280R036,6851.522467883253,0.5370995794570408,0.4932599288635824,0.5555555555555556,True
Malmö,1280R037,4299.9314095618,0.29291365886530474,0.13906082661259178,0.3222222222222222,True
Malmö,1280R038,939.0412708500194,0.4914389622127152,0.4525277653643919,0.3666666666666666,True
Malmö,1280R039,2254.759785761539,0.46585954620459596,0.4151512882385798,0.3888888888888889,True
Malmö,1280R040,2969.7417206797336,0.5962984598586193,0.581352624505933,0.7777777777777778,True
Malmö,1280R041,3116.36437431816,0.5762614618239664,0.54695250119534,0.5888888888888889,True
Malmö,1280R042,2546.1285179323622,0.0461952243993011,0.013843329935725426,0.0555555555555555,True
Malmö,1280R043,5736.111844756537,0.5866517107175524,0.5690402340793816,0.6,True
Malmö,1280R044,3534.6254561830106,0.7358263706485343,0.7207871815395283,0.7444444444444445,True
Malmö,1280R045,1089.6165664129787,0.0927681379375222,0.031519318706268215,0.1444444444444444,True
Malmö,1280R046,2176.836920069686,0.392304229985495,0.31602684043746904,0.2111111111111111,True
Malmö,1280R047,1723.7335018394515,0.8217664210647296,0.8305370559687573,0.8222222222222222,True
Malmö,1280R048,4744.344331118795,0.6382548963042077,0.6412318250514668,0.6222222222222222,True
Malmö,1280R049,3071.1633461846245,0.32424041166940337,0.2157966137327541,0.3333333333333333,True
Malmö,1280R050,1482.857120937771,0.37209185450584414,0.3045061952180134,0.1666666666666666,True
Malmö,1280R051,5197.442492591011,0.44798173228373767,0.3778228654300604,0.3444444444444444,True
Malmö,1280R052,4501.9742319318975,0.36034007864111434,0.25747891254832433,0.3777777777777777,True
Malmö,1280R053,1231.0531677471267,0.22130905248816085,0.11208395789096282,0.1555555555555555,True
Malmö,1280R054,6108.052045537159,0.6239822404224019,0.6026814808444403,0.6111111111111112,True
Malmö,1280R055,5696.587658685632,0.5494461116660256,0.5110062911050814,0.5333333333333333,True
Malmö,1280R056,3433.799162122938,0.09984467337074207,0.048996205500261084,0.0444444444444444,True
Malmö,1280R057,8937.463083693963,0.8192496602293604,0.8071576448058384,0.8333333333333334,True
Malmö,1280R058,4009.9901681691927,0.832576227271933,0.8386460649122781,0.8,True
Malmö,1280R059,8301.959568977356,0.5621002631978574,0.5308039568452664,0.5666666666666667,True
Malmö,1280R060,6984.1203578843015,0.695476624619054,0.6664068849971816,0.6666666666666666,True
Malmö,1280R061,4542.13722674052,0.6266488745173667,0.6177436786463372,0.7333333333333333,True
Malmö,1280R062,281.8478849449505,0.5196741376021419,0.4642037152285579,0.2888888888888888,True
Malmö,1280R063,1506.6564491000024,0.37620267194834833,0.3087341618364634,0.2333333333333333,True
Malmö,1280R064,3845.270085411043,0.8056951305479776,0.7755180077609516,0.8555555555555555,True
Malmö,1280R065,3382.666636784871,0.5832099720499913,0.5561438580911937,0.6444444444444445,True
Malmö,1280R066,7504.072057723999,0.33690509443824757,0.2307528068466095,0.3111111111111111,True
Malmö,1280R067,3175.247629053063,0.30892746564003376,0.1717991311041801,0.1333333333333333,True
Malmö,1280R068,3411.9111138075696,0.5258469466693027,0.46942767202870306,0.5777777777777777,True
Malmö,1280R069,5566.570265462028,0.4498991078408244,0.39304603988818565,0.4777777777777778,True
Malmö,1280R070,5014.693698149589,0.30105544103701504,0.15223418177427525,0.3555555555555555,True
Malmö,1280R071,7472.520366748175,0.36989382280796085,0.29184091165715764,0.2666666666666666,True
Malmö,1280R072,4183.908528857761,0.13458692165907057,0.07008142149876549,0.0888888888888888,True
Malmö,1280R073,5590.56763431655,0.8862603665976815,0.8940186838614956,0.9,True
Malmö,1280R074,3036.167082235217,0.6391764822844108,0.652235535775454,0.7666666666666667,True
Malmö,1280R075,848.9128711614758,0.7680479069948066,0.7420403441613729,0.9333333333333332,True
Malmö,1280R076,5322.081322630453,0.7430797111946574,0.7333129184973806,0.6555555555555556,True
Malmö,1280R077,5364.933476255999,0.48763925641137484,0.4351718156504212,0.5,True
Malmö,1280R078,4580.933380123642,0.8711512677971572,0.8542041086578656,0.9777777777777776,True
Malmö,1280R079,1204.9344089397025,0.8524245701008205,0.8460213540732743,0.8777777777777778,True
Malmö,1280R080,462.4046353091383,0.818561208256601,0.7938637339395002,0.8111111111111111,True
Malmö,1280R081,3946.304285646688,0.9111126429570414,0.9802177066114155,0.9666666666666668,True
Malmö,1280R082,815.4960056014565,0.7801192868193958,0.7492355748119675,0.9555555555555556,True
Malmö,1280R083,3982.765145685938,0.261835413575198,0.12734689264777765,0.4555555555555555,True
Malmö,1280R084,3517.4747876061338,0.5002638960751775,0.458830463341274,0.5222222222222223,True
Malmö,1280R085,3268.217575533523,0.46755201061269724,0.42296224589806125,0.4111111111111111,True
Malmö,1280R086,252.37252299353065,0.8078311626000365,0.7813131633127808,0.8888888888888888,True
Malmö,1280R087,1868.655495352215,0.1801123789666677,0.09987742276583614,0.0111111111111111,True
Malmö,1280R088,3917.076755820877,0.09766267673656316,0.03860011353770086,0.0222222222222222,True
Malmö,1280R089,3151.33338257836,0.44479851477856697,0.3660154777470231,0.4444444444444444,True
Malmö,1280R090,2702.9759976069136,0.31904623847988706,0.20763044628648264,0.2222222222222222,True
Malmö,1280R091,3297.246109538608,0.309346694642425,0.18095295724471386,0.4222222222222222,True
Göteborg,1480R001,9903.43494992768,0.1997171874803539,0.12695328296314007,0.2447552447552447,True
Göteborg,1480R002,9818.557157920275,0.711767777017352,0.6548872886434779,0.7622377622377622,True
Göteborg,1480R003,7462.207380196651,0.6366641409146448,0.5753671514224983,0.6013986013986014,True
Göteborg,1480R004,6227.792501638292,0.8478673101279703,0.8959964549620327,0.902097902097902,True
Göteborg,1480R005,1592.8794077304856,0.3366564215396638,0.1869720314090232,0.2867132867132867,True
Göteborg,1480R006,716.3997507399442,0.26338101564930216,0.16664631200592722,0.1188811188811188,True
Göteborg,1480R007,5898.19872337116,0.552144154184092,0.46233198325089714,0.6153846153846154,True
Göteborg,1480R008,3026.652942394723,0.5898198244442959,0.5325262794901983,0.6503496503496503,True
Göteborg,1480R009,4636.291303006363,0.21107157390681522,0.1450655083494454,0.2727272727272727,True
Göteborg,1480R010,4559.571827106102,0.09424767106135028,0.03959899108589351,0.0279720279720279,True
Göteborg,1480R011,3984.762171446745,0.0892462746051425,0.03223051946521357,0.0419580419580419,True
Göteborg,1480R012,1956.1031328277013,0.12345857596077216,0.07790999081183889,0.1118881118881118,True
Göteborg,1480R013,2366.00174886011,0.11758035229119068,0.07418268951864121,0.0839160839160839,True
Göteborg,1480R014,5297.803284934056,0.7208518404613133,0.7039626294062276,0.6993006993006993,True
Göteborg,1480R015,3392.8400956972087,0.9120526132947018,0.9311662614533694,0.965034965034965,True
Göteborg,1480R016,3899.567095991623,0.9258952431489077,0.9497035431518506,0.951048951048951,True
Göteborg,1480R017,3051.610333619544,0.8684529680088648,0.9091761444597731,0.8111888111888111,True
Göteborg,1480R018,2176.980298261747,0.8330530890748018,0.8775786600441695,0.8531468531468531,True
Göteborg,1480R019,1448.4284376961236,0.4732617475865223,0.3240026559912228,0.1958041958041958,True
Göteborg,1480R020,7434.43364633407,0.5889487528362689,0.5235048367816643,0.4195804195804196,True
Göteborg,1480R021,3001.752255739668,0.8631811320921229,0.903955839347996,0.916083916083916,True
Göteborg,1480R022,5782.783477780542,0.8925661449565538,0.9167947581628701,0.8811188811188811,True
Göteborg,1480R023,5838.489116737049,0.48627483712567693,0.3332577322718604,0.6923076923076923,True
Göteborg,1480R024,3037.265971177125,0.4234415684589428,0.26401676667436175,0.2587412587412587,True
Göteborg,1480R025,8662.561363490888,0.8001124717480056,0.8396817168580786,0.8951048951048951,True
Göteborg,1480R026,1785.8653825296428,0.09445044397094257,0.04507117581180972,0.0629370629370629,True
Göteborg,1480R027,5381.78757329595,0.9282233309878561,0.9577076074234129,0.9090909090909092,True
Göteborg,1480R028,2775.927975706832,0.9236846459636942,0.9439467227843266,0.944055944055944,True
Göteborg,1480R029,3260.6757435798645,0.49293856769858696,0.3481655078828084,0.3916083916083916,True
Göteborg,1480R030,2111.9069335478907,0.2357306570418089,0.15540256147603096,0.2237762237762237,True
Göteborg,1480R031,1085.145964014895,0.19206769168085583,0.11565070840956444,0.1258741258741259,True
Göteborg,1480R032,2490.01166256578,0.44765244474393173,0.2916519935898981,0.4405594405594406,True
Göteborg,1480R033,8048.965905854744,0.35100184053119043,0.2082573699956101,0.3216783216783216,True
Göteborg,1480R034,2885.466849761502,0.2545487914124721,0.16354013054909688,0.1678321678321678,True
Göteborg,1480R035,4325.601093426366,0.9215835191916522,0.9378224987759713,0.93006993006993,True
Göteborg,1480R036,4093.798487393756,0.48768885598194106,0.34182314876328784,0.4895104895104895,True
Göteborg,1480R037,1960.54235953792,0.552014509240602,0.4555547539602942,0.8041958041958042,True
Göteborg,1480R038,3785.595163267543,0.34361579140556525,0.19161032589115135,0.3496503496503496,True
Göteborg,1480R039,1722.5429524986112,0.48250724752224255,0.326737241589421,0.3846153846153846,True
Göteborg,1480R040,5442.617148527534,0.10980885527704323,0.06744868465040325,0.1328671328671328,True
Göteborg,1480R041,4427.224620454926,0.10276720013011534,0.05042922681630884,0.1398601398601398,True
Göteborg,1480R042,7045.025938326,0.6635949818018286,0.5927818245908295,0.6363636363636364,True
Göteborg,1480R043,5606.055291189233,0.9998123042332723,0.9951654442202185,0.9370629370629372,True
Göteborg,1480R044,2710.008947716988,0.0835718071897981,0.026457075799872217,0.0069930069930069,True
Göteborg,1480R045,4007.61747944758,0.13879166878665664,0.08442566828473155,0.1888111888111888,True
Göteborg,1480R046,4432.600621455672,0.7513545737211133,0.7794710187406516,0.8391608391608392,True
Göteborg,1480R047,5199.39964996187,0.44757131522117977,0.2850207910824011,0.3356643356643357,True
Göteborg,1480R048,3744.643741127802,0.8974424641022715,0.9250110307351397,0.9790209790209792,True
Göteborg,1480R049,2564.1272583627806,0.0670830407461789,0.006556110305396493,0.0559440559440559,True
Göteborg,1480R050,1841.3148631548925,0.07790752518059868,0.02253210044864948,0.1748251748251748,True
Göteborg,1480R051,3895.6893550993263,0.9306198168816171,0.9657083276047601,0.993006993006993,True
Göteborg,1480R052,7610.282039185871,0.4151272004303422,0.24731650488870383,0.2937062937062937,True
Göteborg,1480R053,1105.1499890639468,0.4218244240475841,0.26044442569971615,0.3566433566433566,True
Göteborg,1480R054,1418.227784655532,0.4083682490317112,0.23219861785536275,0.2797202797202797,True
Göteborg,1480R055,4250.946531125477,0.411415111079761,0.2370876062850748,0.2657342657342657,True
Göteborg,1480R056,1972.965554455409,0.5379973602856016,0.4235658006920026,0.4125874125874126,True
Göteborg,1480R057,6218.797102435663,0.8198362578140054,0.8639491438946573,0.8741258741258742,True
Göteborg,1480R058,5609.615198291078,0.523347090470072,0.380058178634744,0.5664335664335665,True
Göteborg,1480R059,2413.923870466193,0.5004515667731019,0.3553049292740274,0.5454545454545454,True
Göteborg,1480R060,3366.1277601366137,0.5179570000247127,0.3635168035115669,0.4545454545454545,True
Göteborg,1480R062,1473.4995888038252,0.556601641391696,0.47647823166551834,0.5174825174825175,True
Göteborg,1480R063,883.9885413324346,0.5233739822212997,0.385658139366553,0.4755244755244755,True
Göteborg,1480R064,2004.5718736520644,0.292738992748902,0.17119004092493043,0.2377622377622377,True
Göteborg,1480R065,3525.028566403048,0.4540262333453239,0.3149045536254415,0.3776223776223776,True
Göteborg,1480R066,1213.0749213578065,0.16744150720223092,0.11155049091064692,0.3426573426573426,True
Göteborg,1480R067,5338.76322451422,0.1489666461387548,0.09248580977555781,0.2097902097902098,True
Göteborg,1480R068,4932.792509468387,0.10508731484355716,0.058501128102307176,0.0909090909090909,True
Göteborg,1480R069,6226.844951758845,0.15526513796213715,0.10513444508958261,0.0769230769230769,True
Göteborg,1480R070,1273.9232946999218,0.2753294751608487,0.1683627288593406,0.0209790209790209,True
Göteborg,1480R071,4516.005821666244,0.5541980348323977,0.4713129957739401,0.6713286713286714,True
Göteborg,1480R072,8154.973455020359,0.6073971263420261,0.5548815216430948,0.6573426573426573,True
Göteborg,1480R073,5431.833202873566,0.5273845239181492,0.3982111281364945,0.5034965034965035,True
Göteborg,1480R074,5325.155921152812,0.4399401161572449,0.2759446139269713,0.4475524475524475,True
Göteborg,1480R075,10633.65609918645,0.7264667148521248,0.7177016178830111,0.7482517482517482,True
Göteborg,1480R076,3857.155141968812,0.44964870300806126,0.29712566988565803,0.4615384615384615,True
Göteborg,1480R077,3548.897696256029,0.33092789013368107,0.17759069967840266,0.3076923076923077,True
Göteborg,1480R078,5260.653273554937,0.6023759453232499,0.5396730952249825,0.5874125874125874,True
Göteborg,1480R079,3022.50695225414,0.3621450092114012,0.2178051982485694,0.3216783216783216,True
Göteborg,1480R080,1302.0661336548476,0.4982562438312955,0.3521003299579504,0.4615384615384615,True
Göteborg,1480R081,1802.2601869017155,0.6195906551471368,0.567377650267647,0.7692307692307693,True
Göteborg,1480R082,2788.2613037119104,0.46708107806490046,0.32034901509534036,0.5804195804195804,True
Göteborg,1480R083,8661.734714592276,0.5443213426736514,0.4327369645463402,0.4825174825174825,True
Göteborg,1480R084,2022.1411127659248,0.7789028200546129,0.8227255897497007,0.8111888111888111,True
Göteborg,1480R085,1769.7870338617693,0.7680396456178572,0.806819705166764,0.8671328671328671,True
Göteborg,1480R086,6963.664239011724,0.7066091867678818,0.6404146191391954,0.7972027972027972,True
Göteborg,1480R087,2303.2081059241787,0.5741325752745426,0.4962595346735592,0.5734265734265734,True
Göteborg,1480R088,1111.6496343807298,0.5166312525833217,0.35965525319520386,0.1958041958041958,True
Göteborg,1480R089,10717.049762352795,0.7390214269655243,0.75467866527444,0.7412587412587412,True
Göteborg,1480R090,8658.060197669329,0.5859507175249279,0.5096269752402511,0.6643356643356644,True
Göteborg,1480R091,5310.487014249879,0.8442943087895959,0.8860460614991023,0.9230769230769232,True
Göteborg,1480R092,2266.515015971904,0.6156921480467089,0.5638688156857616,0.5454545454545454,True
Göteborg,1480R093,2843.238678299651,0.6428991985894584,0.5842543726890521,0.5594405594405595,True
Göteborg,1480R094,5924.063376189875,0.7316572664673748,0.7319806811872023,0.7762237762237763,True
Göteborg,1480R095,3960.291447166534,0.9845010987972911,0.9869156081923786,1.0,True
Göteborg,1480R096,1228.1551274991195,0.17591314251524962,0.11365576141360245,0.2167832167832167,True
Göteborg,1480R097,612.4471631242457,0.05113457477823937,0.001,0.0349650349650349,True
Göteborg,1480R098,7060.000082010897,0.06892984370910442,0.014855775228767258,0.0699300699300699,True
Göteborg,1480R099,3939.236417108653,0.5706399320416774,0.4908761688875978,0.5944055944055944,True
Göteborg,1480R100,5641.413657108739,0.5602000838388036,0.48261399793413395,0.3986013986013986,True
Göteborg,1480R101,3222.186552072058,0.5318125442781105,0.4056741906736005,0.4335664335664335,True
Göteborg,1480R102,5631.775709579034,0.7057729785692995,0.6295525505652272,0.7342657342657343,True
Göteborg,1480R103,4120.187914994298,0.523607360468212,0.3899736462521176,0.6083916083916084,True
Göteborg,1480R104,1891.2723980825776,0.6972853815945369,0.6205086994448733,0.6223776223776224,True
Göteborg,1480R105,20895.217182784745,0.7155850815024365,0.6813742652330851,0.7272727272727273,True
Göteborg,1480R106,1165.581996649,0.8392392279873114,0.8804612223848477,0.7832167832167832,True
Göteborg,1480R107,1906.6571475589951,0.06543745388283888,0.002700590609795576,0.0489510489510489,True
Göteborg,1480R108,8367.781223547398,0.97879410052825,0.97628411208897,0.972027972027972,True
Göteborg,1480R109,3704.3700186281785,0.8237120936632116,0.8725066950544325,0.8881118881118881,True
Göteborg,1480R110,2582.909273653614,0.7656186233137464,0.795403430704279,0.8461538461538461,True
Göteborg,1480R111,4442.694915693633,0.7658381596575656,0.8014621785360121,0.8321678321678322,True
Göteborg,1480R112,1232.133115495954,0.21684275179557622,0.15012632628951691,0.0,True
Göteborg,1480R113,6642.697406200863,0.5363744075035334,0.4141814795389639,0.5104895104895105,True
Göteborg,1480R114,3253.722686475789,0.4170631169634693,0.2566854165583002,0.4055944055944055,True
Göteborg,1480R115,2868.314839431826,0.33265348205643913,0.1831247820844856,0.1468531468531468,True
Göteborg,1480R116,1133.1051486608933,0.5368263445535534,0.4208871842156788,0.5314685314685315,True
Göteborg,1480R117,1550.7496196366849,0.14969091500270543,0.09842719501178968,0.2307692307692307,True
Göteborg,1480R118,795.865077169498,0.130815138216005,0.08028323601267165,0.0139860139860139,True
Göteborg,1480R119,2109.8819189558226,0.6053566060937944,0.5460293050131809,0.7062937062937062,True
Göteborg,1480R120,2011.587735877895,0.5193922789634831,0.368154443381823,0.3706293706293706,True
Göteborg,1480R121,4488.643627162875,0.7812586795486941,0.8283403670503827,0.7902097902097902,True
Göteborg,1480R122,2734.4369694750985,0.4387108794572173,0.2689941738459908,0.3006993006993007,True
Göteborg,1480R123,2219.395207041988,0.2530150364023648,0.1591377943109052,0.3146853146853147,True
Göteborg,1480R124,1482.0114161720005,0.7000023355559224,0.623417755441285,0.6293706293706294,True
Göteborg,1480R125,5729.699997491983,0.7642357826291977,0.7882347940944961,0.986013986013986,True
Göteborg,1480R126,6124.795022929467,0.38165695372482916,0.22569365801867505,0.3636363636363636,True
Göteborg,1480R127,1058.8305293577057,0.19209679235016971,0.11749963308286214,0.0979020979020979,True
Göteborg,1480R128,1961.8493145011669,0.7460847218765047,0.7739565663689469,0.7482517482517482,True
Göteborg,1480R129,3091.0665495129,0.5216333880413679,0.3725548756798127,0.5384615384615384,True
Göteborg,1480R130,4780.930521093537,0.6686569688450634,0.6029803051948635,0.6433566433566433,True
Göteborg,1480R131,1269.5949238173814,0.6806805618064944,0.6177828274035767,0.7132867132867133,True
Göteborg,1480R132,6616.929172034167,0.4509962630557094,0.3061583215860026,0.4265734265734265,True
Göteborg,1480R135,3231.426090914794,0.2001119572521466,0.13828053805843651,0.1538461538461538,True
Göteborg,1480R136,1387.088974552495,0.2236405941290456,0.15238509375366904,0.1608391608391608,True
Göteborg,1480R137,4839.510207053008,0.7342269288356904,0.7412629829439756,0.6783216783216783,True
Göteborg,1480R138,934.3038819344448,0.30910738863863724,0.17372447164889457,0.1818181818181818,True
Göteborg,1480R139,7918.390183266481,0.5487983218292946,0.44703534986202337,0.5244755244755245,True
Göteborg,1480R140,759.4880487785047,0.5069167584392348,0.3580416195382004,0.1048951048951049,True
Göteborg,1480R141,2269.675735199938,0.5851154416683565,0.5002031029860451,0.4965034965034965,True
Göteborg,1480R142,5557.093313040193,0.6745305857834781,0.6118956209173796,0.6853146853146853,True
Göteborg,1480R143,4837.686930433752,0.7418042474725245,0.7680927752457215,0.7202797202797203,True
Göteborg,1480R144,3604.410361096567,0.772240423178166,0.8114543110933803,0.8601398601398601,True
Göteborg,1480R145,3734.5110607229135,0.34576537272340574,0.1980955229006968,0.2517482517482518,True
Göteborg,1480R146,6629.3350495173,0.8021060052627094,0.8528691583561183,0.8251748251748252,True
Göteborg,1480R147,3721.70019756744,0.776232218889891,0.8177722099197398,0.958041958041958,True
Athens,SEPOLIA,12967.032884330749,0.27619636660897634,0.2668679279443719,0.2924528301886792,True
Athens,PENTAGONO,876.2008842277528,0.8391988039756137,0.9389578056001742,0.8773584905660378,True
Athens,VOULI,844.529575805664,0.9388872948950864,0.968896368522279,0.9339622641509434,True
Athens,PLATEIA ATTIKIS,18049.32065551758,0.18115351661912493,0.14359111697699134,0.2169811320754717,True
Athens,KOLONOS,15324.048313903808,0.1754338829280419,0.11746349237493862,0.1415094339622641,True
Athens,AKADIMIA PLATONOS II,2344.58166097641,0.1463055491280047,0.10032629305037273,0.0849056603773584,True
Athens,KOUNTOURIOTIKA,16070.371456036568,0.8700123496127157,0.9522250810977018,0.9150943396226416,True
Athens,ANO PETRALONA,14218.48528514862,0.4166247739569327,0.47858071326144663,0.3679245283018867,True
Athens,ODEIO,1333.7509906005862,0.8027388461848441,0.9172696437566016,0.9905660377358492,True
Athens,NEOS KOSMOS,20621.23371456146,0.33913067068761205,0.35646628127549845,0.3113207547169811,True
Athens,A NEKROTAFEIO,1666.655451545715,0.5955548963550443,0.6790986101257688,0.7264150943396226,True
Athens,LOFOS ELIKONOS,628.7846102905273,0.4316781443484885,0.5018951512534893,0.4433962264150943,True
Athens,ANO PATISIA,23330.7978805542,0.5066223041757284,0.6027090603966037,0.5943396226415094,True
Athens,PROMPONA,7630.096574249267,0.5747873059057688,0.6718202904820162,0.5377358490566038,True
Athens,AGIOS ELEFTHERIOS,17732.696522979735,0.3568761641091981,0.3864931296940077,0.330188679245283,True
Athens,AMPELOKIPOI,13738.454624881744,0.7275635506508219,0.791719437960769,0.839622641509434,True
Athens,PATISIA,19681.30064704895,0.24948114917907738,0.22683086251569345,0.2547169811320754,True
Athens,NIRVANA,21148.3077041626,0.2372047208575363,0.19486583433329033,0.1981132075471698,True
Athens,PLATEIA AMERIKIS,17465.695862426757,0.1424870890668675,0.08481705588381003,0.1226415094339622,True
Athens,KOLOKYNTHOU,4547.721908874511,0.2958373351474394,0.31295311863999187,0.2735849056603773,True
Athens,PROFITIS ILIAS,7466.37808013916,0.42182505175752527,0.495557542003974,0.3490566037735849,True
Athens,KYPSELI,16592.419235839843,0.44609798239700466,0.5153774325808372,0.5,True
Athens,NEA KYPSELI,11915.413965606687,0.41476899214519675,0.4581207857774327,0.4150943396226415,True
Athens,GIROKOMEIO,17887.669378356935,0.654314272739263,0.7308730646059052,0.6698113207547169,True
Athens,POLYGONO,14692.384670715332,0.41425064591042676,0.4372898479451206,0.4150943396226415,True
Athens,AKADIMIA PLATONOS,14471.242722244264,0.13942831597979902,0.059813996017613835,0.1037735849056603,True
Athens,ELLINOROSON-ERYTHROS,16892.178185157776,0.760680668330987,0.8562227705164976,0.8207547169811321,True
Athens,KATO PETRALONA,13148.327728347778,0.20981406555237953,0.16801539509489222,0.0283018867924528,True
Athens,GKYZI,23289.14190611482,0.6254098397090887,0.6986362152624659,0.6132075471698113,True
Athens,AGIOS KONSTANTINOS-PLATEIA VATHIS-AGIOS PAVLOS,20789.88696990967,0.08129526595220933,0.03220846537774852,0.0094339622641509,True
Athens,MOUSEIO-EXARCHEIA-NEAPOLI,29875.268290195465,0.7783244913675113,0.8928364634949986,0.7830188679245284,True
Athens,GOUDI,12789.633555297853,0.7429641674351053,0.8124879713988212,0.8018867924528302,True
Athens,VOTANIKOS,9245.929585494996,0.2658023999808336,0.24947765652038523,0.1792452830188679,True
Athens,ROUF,15205.664877853393,0.29909048219356377,0.32841781670675474,0.160377358490566,True
Athens,TRIGONO PEIRAIOS-PANEPISTIMIOU-ERMOU-MONASTIRAKI-PLAKA,13090.787308704854,0.7584675229115011,0.8327494535853324,0.7641509433962265,True
Athens,KOLONAKI,19442.39924882233,0.9704816728834881,0.9847787704800827,0.9716981132075472,True
Athens,PAGKRATI,15035.589526224136,0.6762110805853592,0.756648303243732,0.7452830188679245,True
Athens,MAKRYGIANNI-VEIKOU-KOUKAKI-FILOPAPPOU,13922.621731834412,0.48672350059698605,0.573543789019085,0.5188679245283019,True
Athens,STADIO,8239.127095603944,0.5519027814097048,0.6347930106654627,0.6886792452830188,True
Athens,ATTIKO ALSOS,2153.7728612458704,0.510720629648513,0.622660636100462,0.4622641509433962,True
Athens,GOUVA,16229.322114562989,0.3690929808790547,0.4130816013134799,0.3867924528301887,True
Athens,DOURGOUTI,20675.41828491211,0.2830058567762626,0.29320621388872037,0.2358490566037736,True
Athens,RIZOUPOLI,15713.253022155764,0.5627110566951111,0.6535450520495948,0.5754716981132075,True
Athens,ANO KYPSELI,19929.02710952759,0.46937227681419413,0.5470417246366123,0.4811320754716981,True
Athens,OSE,2110.5390678405765,0.15625996598085334,0.10381415554534612,0.0660377358490566,True
Athens,ALSOS GOUDI-STRATIOTIKA NOSOKOMEIA,5778.305607367531,0.7107464912646975,0.7729432610304408,0.7075471698113207,True
Athens,SCHOLI EVELPIDON,1962.0126869297028,0.46808567683647334,0.5299034827505594,0.5566037735849056,True
Athens,ELAIONAS,10175.33443663597,0.035604258914693744,0.007966151652365637,0.0471698113207547,True
Athens,PEDIO AREOS-EVELPIDON,2552.0196777331826,0.5514773099480708,0.6263447466565836,0.6509433962264151,True
Athens,ZAPPEIO,2189.843964342848,0.908615405588243,0.9665207925703262,0.8584905660377359,True
Athens,LYKAVITTOS,1049.319779982753,0.8350566483333396,0.9374503377408733,0.9528301886792452,True
Athens,AKROPOLIS,2233.2243652439865,0.7162394259269481,0.7792153951923911,0.6320754716981132,True
Athens,ILISIA,11697.078804747758,0.8296731220554909,0.9274713297014057,0.8962264150943396,True
Limerick,2ae19629-174e-13a3-e055-000000000001,647.9921303585094,0.18596786272296054,0.10191276818078097,0.3431952662721893,True
Limerick,2ae19629-174f-13a3-e055-000000000001,1301.3456603106138,0.4178036256627764,0.3217375382809732,0.2485207100591716,True
Limerick,2ae19629-1750-13a3-e055-000000000001,434.9391505084932,0.5777480762962419,0.533627494474824,0.4615384615384615,True
Limerick,2ae19629-1751-13a3-e055-000000000001,192.33392881939653,0.5884067271808937,0.5414065157824498,0.6804733727810651,True
Limerick,2ae19629-1752-13a3-e055-000000000001,991.399196335341,0.7125671893458334,0.7448896890038564,0.514792899408284,True
Limerick,2ae19629-1753-13a3-e055-000000000001,351.4189294488946,0.6781821375505253,0.6950002322432866,0.6923076923076923,True
Limerick,2ae19629-1757-13a3-e055-000000000001,2525.647291134861,0.3650875469401149,0.22653265016667476,0.1479289940828402,True
Limerick,2ae19629-1758-13a3-e055-000000000001,381.7641263510256,0.4332563376787908,0.36367574375492145,0.8757396449704142,True
Limerick,2ae19629-1759-13a3-e055-000000000001,1623.841840841083,0.8469891782151924,0.9124197444038428,0.863905325443787,True
Limerick,2ae19629-175a-13a3-e055-000000000001,637.8523667969016,0.6664822056899959,0.6807062040337976,0.9289940828402368,True
Limerick,2ae19629-175b-13a3-e055-000000000001,2139.581153646267,0.8001502538199294,0.7745193531741792,0.8106508875739645,True
Limerick,2ae19629-175c-13a3-e055-000000000001,339.8968527153031,0.4872237152296832,0.4157566570783101,0.4792899408284023,True
Limerick,2ae19629-175d-13a3-e055-000000000001,1016.3032152287714,0.49747158860901985,0.4371935795351486,0.3668639053254438,True
Limerick,2ae19629-175e-13a3-e055-000000000001,389.8366431215545,0.451971139030873,0.38603840936670475,0.727810650887574,True
Limerick,2ae19629-175f-13a3-e055-000000000001,501.6858436461577,0.4082363067878981,0.26330007450155063,0.3846153846153846,True
Limerick,2ae19629-1760-13a3-e055-000000000001,434.10140781058,0.6917591404424484,0.7195784748723115,0.7455621301775148,True
Limerick,2ae19629-1761-13a3-e055-000000000001,1442.5052465749384,0.4605769083651552,0.39086382125517627,0.2958579881656805,True
Limerick,2ae19629-1762-13a3-e055-000000000001,1258.485217210164,0.42506993350783945,0.3548665677705456,0.3136094674556213,True
Limerick,2ae19629-1763-13a3-e055-000000000001,357.432282343662,0.6179948246907254,0.5887819046251004,0.6153846153846154,True
Limerick,2ae19629-1764-13a3-e055-000000000001,379.529165032061,0.4504448365366203,0.3813847121833251,0.2781065088757396,True
Limerick,2ae19629-1765-13a3-e055-000000000001,535.16724240754,0.794143322650567,0.767475491555578,0.9585798816568049,True
Limerick,2ae19629-1766-13a3-e055-000000000001,2598.7997520184663,0.649230798426137,0.6345356423758697,0.5798816568047337,True
Limerick,2ae19629-1767-13a3-e055-000000000001,1798.3236269118108,0.6196160423257333,0.5955078360680576,0.9467455621301776,True
Limerick,2ae19629-1768-13a3-e055-000000000001,18224.177599797888,0.8310582929369787,0.8601506403081343,0.834319526627219,True
Limerick,2ae19629-1769-13a3-e055-000000000001,357.978556564123,0.7117215113092509,0.7374632878782569,0.7337278106508875,True
Limerick,2ae19629-176a-13a3-e055-000000000001,675.5926812658888,0.4150591216379757,0.27777139580075,0.1775147928994082,True
Limerick,2ae19629-176b-13a3-e055-000000000001,498.8856376513787,0.4516609147060549,0.38369798857334425,0.3727810650887574,True
Limerick,2ae19629-176c-13a3-e055-000000000001,346.22755680225475,0.48797399602010844,0.4175635430646393,0.5976331360946746,True
Limerick,2ae19629-176d-13a3-e055-000000000001,939.142990572352,0.7435620755004553,0.7540557951304081,0.9053254437869822,True
Limerick,2ae19629-176e-13a3-e055-000000000001,384.79208484444666,0.7836122502383577,0.7608290067179221,0.6982248520710059,True
Limerick,2ae19629-176f-13a3-e055-000000000001,347.9114606287848,0.507632279510333,0.4445183197092246,0.5088757396449705,True
Limerick,2ae19629-1770-13a3-e055-000000000001,14188.364890780274,0.899473428653634,0.9570489884870578,0.9171597633136096,True
Limerick,2ae19629-1771-13a3-e055-000000000001,4494.506235977738,0.8221687425069325,0.7961508160838683,0.9644970414201184,True
Limerick,2ae19629-1772-13a3-e055-000000000001,403.63623615074897,0.607790635949495,0.5682988728986098,0.6449704142011834,True
Limerick,2ae19629-1773-13a3-e055-000000000001,135.1477337743337,0.6738319664734337,0.6937188749952458,0.8165680473372781,True
Limerick,2ae19629-1774-13a3-e055-000000000001,924.6704054693176,0.5486022316162369,0.5015571958266736,0.6035502958579881,True
Limerick,2ae19629-1775-13a3-e055-000000000001,392.98998091116334,0.6293695942159011,0.6178313882799444,0.7633136094674556,True
Limerick,2ae19629-1776-13a3-e055-000000000001,454.952740803568,0.7325379421972555,0.7503844900351767,0.970414201183432,True
Limerick,2ae19629-1777-13a3-e055-000000000001,791.906677025435,0.8248780216798423,0.8100724100075876,0.940828402366864,True
Limerick,2ae19629-1778-13a3-e055-000000000001,1740.9285303280271,0.4961968735671558,0.42993250073806627,0.4378698224852071,True
Limerick,2ae19629-1779-13a3-e055-000000000001,376.9897876925663,0.6022569770889439,0.5625872622146579,0.6863905325443787,True
Limerick,2ae19629-177a-13a3-e055-000000000001,449.36458451238775,0.6958954030545167,0.7268241260474463,0.5857988165680473,True
Limerick,2ae19629-177b-13a3-e055-000000000001,315.65095579163693,0.6267100331569113,0.6145259084610029,0.6745562130177515,True
Limerick,2ae19629-177c-13a3-e055-000000000001,801.947076386203,0.7853175799534297,0.7639542451296606,0.7751479289940828,True
Limerick,2ae19629-177d-13a3-e055-000000000001,385.3066830555132,0.526808584286966,0.48287114844891627,0.9526627218934912,True
Limerick,2ae19629-177e-13a3-e055-000000000001,1436.7552764288978,0.5257517499488996,0.47596766696356185,0.3313609467455621,True
Limerick,2ae19629-177f-13a3-e055-000000000001,616.7314846177276,0.6837425546519613,0.7084895808804309,0.9349112426035504,True
Limerick,2ae19629-1780-13a3-e055-000000000001,3549.8546887963184,0.6505848013390513,0.6507279209040462,0.6272189349112426,True
Limerick,2ae19629-1783-13a3-e055-000000000001,1785.800578433865,0.6710637649185442,0.688660121017622,0.9112426035502958,True
Limerick,2ae19629-1784-13a3-e055-000000000001,264.6153967352649,0.4127961810456374,0.27529538885972266,0.1538461538461538,True
Limerick,2ae19629-1785-13a3-e055-000000000001,320.0877297368004,0.7204536323203604,0.7483434465368962,0.7988165680473372,True
Limerick,2ae19629-1786-13a3-e055-000000000001,1060.6589877345702,0.9068155544965248,0.9972067895637773,0.8875739644970414,True
Limerick,2ae19629-1787-13a3-e055-000000000001,532.5264773343806,0.5659827887522816,0.5189583101996978,0.4733727810650887,True
Limerick,2ae19629-1788-13a3-e055-000000000001,399.6901154434955,0.5261921146334237,0.4808038852895739,0.7159763313609467,True
Limerick,2ae19629-1789-13a3-e055-000000000001,273.27042728418667,0.6275501884814988,0.6160768134854686,0.621301775147929,True
Limerick,2ae19629-178a-13a3-e055-000000000001,1312.132293273074,0.601196721456283,0.5581390149653842,0.301775147928994,True
Limerick,2ae19629-178b-13a3-e055-000000000001,259.54434548116603,0.6920061512232875,0.7214051680692216,0.3195266272189349,True
Limerick,2ae19629-178c-13a3-e055-000000000001,290.3514741496183,0.47477372463137135,0.40318141920619904,0.8047337278106509,True
Limerick,2ae19629-178d-13a3-e055-000000000001,272.36848286728167,0.47720025042985126,0.40466332363993945,0.6568047337278107,True
Limerick,2ae19629-178e-13a3-e055-000000000001,538.9164509530075,0.5355108373146527,0.48662733530319563,0.3550295857988165,True
Limerick,2ae19629-178f-13a3-e055-000000000001,497.1938261652055,0.4986535039995471,0.44229276282989066,0.272189349112426,True
Limerick,2ae19629-1790-13a3-e055-000000000001,690.1144417929722,0.5695194484178445,0.5221780947058886,0.2248520710059171,True
Limerick,2ae19629-1791-13a3-e055-000000000001,455.6491664741706,0.3019428915365614,0.1882353109551517,0.1597633136094674,True
Limerick,2ae19629-1792-13a3-e055-000000000001,915.2808262787424,0.6423238536980395,0.6252814271582222,0.9822485207100592,True
Limerick,2ae19629-1793-13a3-e055-000000000001,995.0747159146056,0.3672402962525725,0.23580435536773517,0.1952662721893491,True
Limerick,2ae19629-1794-13a3-e055-000000000001,507.33428521693634,0.6378853751306871,0.6215350172167524,0.7396449704142012,True
Limerick,2ae19629-1795-13a3-e055-000000000001,922.1747932148218,0.48131624179905214,0.4106920969310645,0.5680473372781065,True
Limerick,2ae19629-1796-13a3-e055-000000000001,478.9528362413144,0.6990822626065125,0.7292688193350738,0.757396449704142,True
Limerick,2ae19629-1798-13a3-e055-000000000001,735.3157186642703,0.7123890664329593,0.7403424422669386,0.9881656804733728,True
Limerick,2ae19629-1799-13a3-e055-000000000001,378.3810586927769,0.5542059175673942,0.5049887388491929,0.4023668639053254,True
Limerick,2ae19629-179a-13a3-e055-000000000001,802.3528148503974,0.5120484218885653,0.4475475027132222,0.408284023668639,True
Limerick,2ae19629-179b-13a3-e055-000000000001,1304.8390243177614,0.49118355624308174,0.4219115724111244,0.591715976331361,True
Limerick,2ae19629-179c-13a3-e055-000000000001,370.735638061797,0.5735511330789977,0.5315057765111242,0.2366863905325443,True
Limerick,2ae19629-179d-13a3-e055-000000000001,218.91375793351065,0.6156260582627067,0.5872641163508348,0.8461538461538461,True
Limerick,2ae19629-179e-13a3-e055-000000000001,542.0801601438111,0.2334506208733442,0.1317583857968222,0.2071005917159763,True
Limerick,2ae19629-179f-13a3-e055-000000000001,1147.1854909940416,0.41009805327504056,0.26764232273888733,0.1420118343195266,True
Limerick,2ae19629-17a0-13a3-e055-000000000001,279.0687228256526,0.7730445402949856,0.7590807511922286,1.0,True
Limerick,2ae19629-17a1-13a3-e055-000000000001,199.13281823511028,0.6188922516766763,0.5902476004475574,0.3905325443786982,True
Limerick,2ae19629-17a2-13a3-e055-000000000001,330.5407144551217,0.48476036538209893,0.4139910818735441,0.5443786982248521,True
Limerick,2ae19629-17a3-13a3-e055-000000000001,2477.169269259308,0.2576288399458543,0.1694408040616337,0.165680473372781,True
Limerick,2ae19629-17a4-13a3-e055-000000000001,389.5863402186272,0.5802316652579546,0.53579885514047,0.5384615384615384,True
Limerick,2ae19629-17a5-13a3-e055-000000000001,411.7686923750573,0.5359891250455067,0.48913093324995677,0.2189349112426035,True
Limerick,2ae19629-17a6-13a3-e055-000000000001,1225.6612836082672,0.523046415876003,0.46895628082808755,0.5502958579881657,True
Limerick,2ae19629-17a7-13a3-e055-000000000001,1182.6329626458075,0.5195665672771226,0.4527748972420694,0.3076923076923077,True
Limerick,2ae19629-17a8-13a3-e055-000000000001,552.4456479585108,0.662363468311752,0.6775715934987646,0.6686390532544378,True
Limerick,2ae19629-17a9-13a3-e055-000000000001,1585.10898071499,0.4421900779902393,0.37356360515093057,0.4142011834319526,True
Limerick,2ae19629-17aa-13a3-e055-000000000001,321.9882943030809,0.5647256560487315,0.5150931000319497,0.4497041420118343,True
Limerick,2ae19629-17ab-13a3-e055-000000000001,1291.716827080145,0.422217171154527,0.33531681075223563,0.2426035502958579,True
Limerick,2ae19629-17ac-13a3-e055-000000000001,298.3342777497342,0.670699581710228,0.6831716206625533,0.7692307692307693,True
Limerick,2ae19629-17ad-13a3-e055-000000000001,253.0228593941752,0.6301212800650368,0.6195326417726705,0.7041420118343196,True
Limerick,2ae19629-17ae-13a3-e055-000000000001,789.9876364962095,0.8080682933127689,0.7822342758900432,0.893491124260355,True
Limerick,2ae19629-17af-13a3-e055-000000000001,712.8049163981341,0.7111075276660008,0.7346434149443544,0.8224852071005917,True
Limerick,2ae19629-17b0-13a3-e055-000000000001,421.492383463153,0.4746149364172365,0.4013068019022039,0.2544378698224852,True
Limerick,2ae19629-17b1-13a3-e055-000000000001,907.5078641150872,0.5723796484082946,0.5281395644376843,0.7100591715976331,True
Limerick,2ae19629-17b2-13a3-e055-000000000001,567.3736480932373,0.8535456560839604,0.9181902380709706,0.9763313609467456,True
Limerick,2ae19629-17b3-13a3-e055-000000000001,344.9512993290232,0.7544589566683423,0.7574374150602101,0.9230769230769232,True
Limerick,2ae19629-17b4-13a3-e055-000000000001,750.5905587579279,0.6260423041617078,0.611717996624669,0.7869822485207101,True
Limerick,2ae19629-17b5-13a3-e055-000000000001,2325.118853349032,0.614061510520686,0.5805644904370402,0.5266272189349113,True
Limerick,2ae19629-17b6-13a3-e055-000000000001,5644.9016850696,0.2382677754530337,0.14805159827945308,0.2130177514792899,True
Limerick,2ae19629-17b7-13a3-e055-000000000001,1050.7449729832458,0.46138574043733854,0.3974297134164819,0.2899408284023668,True
Limerick,2ae19629-17b8-13a3-e055-000000000001,1125.5804462635424,0.3929090081543957,0.2460743997878491,0.4852071005917159,True
Limerick,2ae19629-17b9-13a3-e055-000000000001,243.80486210834027,0.3933355468836924,0.24968063079968852,0.3964497041420118,True
Limerick,2ae19629-17ba-13a3-e055-000000000001,578.5206744753651,0.654715314918126,0.6615998611625882,0.5325443786982249,True
Limerick,2ae19629-17bb-13a3-e055-000000000001,637.9254805953242,0.5459770691940442,0.4974421511355641,0.6627218934911243,True
Limerick,2ae19629-17bc-13a3-e055-000000000001,531.7364192217226,0.5969791743910874,0.5468518928758818,0.8698224852071006,True
Limerick,2ae19629-17bd-13a3-e055-000000000001,773.7315161616748,0.5833950034245338,0.5388624143189258,0.5621301775147929,True
Limerick,2ae19629-17be-13a3-e055-000000000001,889.5818810417549,0.3909566143736218,0.24076753631108297,0.3254437869822485,True
Limerick,2ae19629-17bf-13a3-e055-000000000001,212.075151722128,0.6245290950374173,0.6091828482497421,0.7514792899408284,True
Limerick,2ae19629-17c0-13a3-e055-000000000001,5300.799327416449,0.3324003931394328,0.2059219613154251,0.2840236686390532,True
Limerick,2ae19629-17c1-13a3-e055-000000000001,1868.11154237105,0.5220876987243454,0.4608089322035448,0.7928994082840237,True
Limerick,2ae19629-17c2-13a3-e055-000000000001,424.5621660907378,0.7007585048893439,0.7316481962724136,0.8520710059171598,True
Limerick,2ae19629-17c3-13a3-e055-000000000001,747.1396242097641,0.4119895901656915,0.27263096540592185,0.3372781065088757,True
Limerick,2ae19629-17c4-13a3-e055-000000000001,502.62587799115056,0.44906832902826216,0.379061585993821,0.4970414201183432,True
Limerick,2ae19629-17c6-13a3-e055-000000000001,1287.7343363548732,0.6841384187032618,0.7135049287614048,0.5207100591715976,True
Limerick,2ae19629-17c7-13a3-e055-000000000001,479.830059358669,0.3227906272195304,0.1906988646200737,0.0532544378698224,True
Limerick,2ae19629-17c8-13a3-e055-000000000001,597.3609814990001,0.6577124973426971,0.6646965066925958,0.8402366863905325,True
Limerick,2ae19629-17c9-13a3-e055-000000000001,964.4189743987388,0.6080570865078275,0.571901601141735,0.4556213017751479,True
Limerick,2ae19629-17ca-13a3-e055-000000000001,698.899263032738,0.5549244848707582,0.5078257210198793,0.7810650887573964,True
Limerick,2ae19629-17cb-13a3-e055-000000000001,674.409384504685,0.6941680505885898,0.723864704391181,0.6331360946745562,True
Limerick,2ae19629-17cc-13a3-e055-000000000001,4090.5942532191466,0.4152488158786103,0.2903229917805545,0.4911242603550296,True
Limerick,2ae19629-17cd-13a3-e055-000000000001,2436.6897582045967,0.424788767642935,0.3451354464352678,0.5029585798816568,True
Limerick,2ae19629-17ce-13a3-e055-000000000001,445.2933744854397,0.07897889095397455,0.014979588651885938,0.0118343195266272,True
Limerick,2ae19629-17cf-13a3-e055-000000000001,1221.172293467654,0.09701799480612781,0.019368170985285777,0.0887573964497041,True
Limerick,2ae19629-17d0-13a3-e055-000000000001,1389.865737512759,0.4009492479505249,0.2539828484030659,0.3491124260355029,True
Limerick,2ae19629-17d1-13a3-e055-000000000001,547.37405233036,0.4785870659114514,0.40682208855006424,0.378698224852071,True
Limerick,2ae19629-17d2-13a3-e055-000000000001,306.60603004494783,0.5657296091250085,0.5167484824378156,0.6094674556213018,True
Limerick,2ae19629-17d3-13a3-e055-000000000001,1488.384736217403,0.14734690467830447,0.04731616327460636,0.0473372781065088,True
Limerick,2ae19629-17d4-13a3-e055-000000000001,292.22855512751266,0.6890206228166795,0.7176657088880688,0.6390532544378699,True
Limerick,2ae19629-17d5-13a3-e055-000000000001,852.4187859544635,0.4264585298674547,0.3604255637906496,0.2307692307692307,True
Limerick,2ae19629-17d6-13a3-e055-000000000001,671.8447085784023,0.5931096243622429,0.5436823017010664,0.8816568047337278,True
Limerick,2ae19629-17d7-13a3-e055-000000000001,251.0522703737176,0.5274849601873716,0.48454697874918917,0.5739644970414202,True
Limerick,2ae19629-17d8-13a3-e055-000000000001,333.056029184812,0.5705512072936033,0.5248725803705737,0.7218934911242604,True
Limerick,2ae19629-17d9-13a3-e055-000000000001,299.89438176214594,0.5635876494880588,0.5134553925303127,0.136094674556213,True
Limerick,2ae19629-17da-13a3-e055-000000000001,1591.1901253766068,0.6230468413303891,0.6044340086608478,0.9940828402366864,True
Limerick,2ae19629-17db-13a3-e055-000000000001,893.9101947006872,0.4420931697817777,0.3670351899746661,0.2603550295857988,True
Limerick,2ae19629-17dc-13a3-e055-000000000001,569.473894985548,0.5568332251551648,0.5111659398677568,0.5562130177514792,True
Limerick,2ae19629-17dd-13a3-e055-000000000001,2077.063525145408,0.6834506916168213,0.7013955606332765,0.8579881656804734,True
Limerick,2ae19629-17de-13a3-e055-000000000001,1053.1521639598327,0.5431799265429158,0.49298875397412256,0.2011834319526627,True
Limerick,2ae19629-17df-13a3-e055-000000000001,2328.717077293537,0.15747482827697856,0.061928366627628614,0.0946745562130177,True
Limerick,2ae19629-17e0-13a3-e055-000000000001,990.4036241674588,0.1787701222971678,0.09430269927050035,0.2662721893491124,True
Limerick,2ae19629-17e1-13a3-e055-000000000001,413.5057026379639,0.20028117027656359,0.12438224357011193,0.4201183431952662,True
Limerick,2ae19629-17e2-13a3-e055-000000000001,1221.0813175156295,0.5997738606482227,0.5514678805322996,0.8994082840236687,True
Limerick,2ae19629-17e3-13a3-e055-000000000001,1869.6093438470527,0.6600975754754477,0.6711931916198848,0.8284023668639053,True
Limerick,2ae19629-17e4-13a3-e055-000000000001,1281.6807676090134,0.42044723038627174,0.3285398531238566,0.4260355029585799,True
Limerick,2ae19629-17e5-13a3-e055-000000000001,642.3649863873919,0.267827254454931,0.18201253588461927,0.0769230769230769,True
Limerick,2ae19629-17e6-13a3-e055-000000000001,1374.589937183592,0.19536895062308948,0.11967335272029994,0.1005917159763313,True
Limerick,2ae19629-17e7-13a3-e055-000000000001,1000.3839550680584,0.191520760015793,0.11341893736314251,0.1065088757396449,True
Limerick,2ae19629-17e8-13a3-e055-000000000001,909.2751204570134,0.17650447566825872,0.08328152820744544,0.1893491124260355,True
Limerick,2ae19629-17e9-13a3-e055-000000000001,823.2279826336438,0.4043148185017012,0.25981095766998064,0.4674556213017751,True
Limerick,2ae19629-17ea-13a3-e055-000000000001,694.1149867375692,0.6028776068864977,0.5654079812853712,0.650887573964497,True
Limerick,2ae19629-17eb-13a3-e055-000000000001,1186.3841925860486,0.1746560001109943,0.07776267857561223,0.1715976331360946,True
Limerick,2ae19629-17ec-13a3-e055-000000000001,496.753977196705,0.20126792639248514,0.12677938239304093,0.0236686390532544,True
Limerick,2ae19629-17ed-13a3-e055-000000000001,425.9153419666821,0.21873775276200855,0.12920920159155108,0.059171597633136,True
Limerick,2ae19629-17f4-13a3-e055-000000000001,935.873326476534,0.10866744755784785,0.025048679430234446,0.1242603550295858,True
Limerick,2ae19629-17f5-13a3-e055-000000000001,454.9159388432744,0.14729154579669987,0.04219854508716985,0.0828402366863905,True
Limerick,2ae19629-17f6-13a3-e055-000000000001,638.939785795752,0.17395352094284106,0.07295574812495564,0.0059171597633136,True
Limerick,2ae19629-17f7-13a3-e055-000000000001,865.7772670190574,0.14980101563497983,0.053515771208956855,0.0355029585798816,True
Limerick,2ae19629-17f8-13a3-e055-000000000001,227.1904530657663,0.05667830608138596,0.001,0.1183431952662721,True
Limerick,2ae19629-17f9-13a3-e055-000000000001,1142.6818340736338,0.17843076504525845,0.08868528912057073,0.0414201183431952,True
Limerick,2ae19629-17fa-13a3-e055-000000000001,609.8719113722651,0.15866693467933626,0.06966704373858428,0.0177514792899408,True
Limerick,2ae19629-17fb-13a3-e055-000000000001,1558.73345624076,0.05872364721923699,0.005301470228709926,0.1301775147928994,True
Limerick,2ae19629-17fc-13a3-e055-000000000001,835.5107390615675,0.07339971187922822,0.011606633292918138,0.0,True
Limerick,2ae19629-17fd-13a3-e055-000000000001,625.6785778535736,0.17901981020900795,0.09855859840931841,0.0650887573964497,True
Limerick,2ae19629-17fe-13a3-e055-000000000001,1360.416740263502,0.19115038338356122,0.1072018466522754,0.029585798816568,True
Limerick,2ae19629-17ff-13a3-e055-000000000001,827.1494067342331,0.26489354401006465,0.17814261823293928,0.3609467455621302,True
Limerick,2ae19629-1800-13a3-e055-000000000001,632.4725252522362,0.2982559504330658,0.1853697783943969,0.0710059171597633,True
Limerick,2ae19629-1801-13a3-e055-000000000001,1374.1739505794312,0.1282215242995945,0.03738169723408422,0.1124260355029585,True
Limerick,2ae19629-1802-13a3-e055-000000000001,3268.514612527357,0.4164806466958795,0.30970296208468334,0.4437869822485207,True
Limerick,2ae19629-1803-13a3-e055-000000000001,1186.5697498371203,0.12558935200865834,0.03063806321861927,0.1834319526627219,True
Waterford,2ae19629-1b15-13a3-e055-000000000001,492.20412294533,0.6750433509694218,0.8179645086336366,0.8859649122807017,True
Waterford,2ae19629-1b16-13a3-e055-000000000001,478.3792615424738,0.6692398544740557,0.8132752377939523,0.8947368421052632,True
Waterford,2ae19629-1b17-13a3-e055-000000000001,102.03983235359192,0.6333179791346294,0.7979808545644561,0.8070175438596491,True
Waterford,2ae19629-1b1e-13a3-e055-000000000001,715.5836171468513,0.7154317451712713,0.8388895662617986,0.5964912280701754,True
Waterford,2ae19629-1b1f-13a3-e055-000000000001,476.9798798834802,0.5396455142133563,0.655299254872188,0.3771929824561403,True
Waterford,2ae19629-1b20-13a3-e055-000000000001,240.1666889146177,0.542034824515677,0.6587640725752224,0.8333333333333334,True
Waterford,2ae19629-1b21-13a3-e055-000000000001,522.923668581268,0.7545618632920216,0.9233989545834896,0.956140350877193,True
Waterford,2ae19629-1b23-13a3-e055-000000000001,507.4025416982864,0.6654392336570448,0.8085125374035395,0.9473684210526316,True
Waterford,2ae19629-1b2b-13a3-e055-000000000001,934.9386926864066,0.5161567989686012,0.6203658356455428,0.5350877192982456,True
Waterford,2ae19629-1b2c-13a3-e055-000000000001,321.712516192295,0.7190747792882318,0.8484579691848882,0.4649122807017544,True
Waterford,2ae19629-1b2d-13a3-e055-000000000001,380.2565502565768,0.7727252530075363,0.9297295141084778,0.7894736842105263,True
Waterford,2ae19629-1b2e-13a3-e055-000000000001,1720.4833435286353,0.5738374098297202,0.7444496308839951,0.3070175438596491,True
Waterford,2ae19629-1b2f-13a3-e055-000000000001,213.22020045318644,0.4994146976553004,0.6055300852943977,0.5526315789473685,True
Waterford,2ae19629-1b30-13a3-e055-000000000001,1172.5708558745423,0.5304248460365676,0.6378840911138233,0.4824561403508772,True
Waterford,2ae19629-1b38-13a3-e055-000000000001,261.7983919378474,0.4450136287373583,0.548311965122996,0.4912280701754385,True
Waterford,2ae19629-1b39-13a3-e055-000000000001,4733.126737773626,0.13988753489208716,0.08841685171257208,0.1842105263157894,True
Waterford,2ae19629-1b3a-13a3-e055-000000000001,3262.1425614617765,0.5493712600884603,0.6805110583056703,0.5701754385964912,True
Waterford,2ae19629-1b3b-13a3-e055-000000000001,2151.4773012715677,0.4786667702036285,0.5771532826052351,0.6842105263157895,True
Waterford,2ae19629-1b3c-13a3-e055-000000000001,299.91356682399703,0.8476253691741605,0.9985509993620224,0.912280701754386,True
Waterford,2ae19629-1b3d-13a3-e055-000000000001,1222.46546433996,0.7472272067148421,0.9116954075250977,0.8596491228070176,True
Waterford,2ae19629-1b3e-13a3-e055-000000000001,1426.8669939810777,0.7768631333597856,0.9384604401423831,0.7105263157894737,True
Waterford,2ae19629-1b3f-13a3-e055-000000000001,297.41974978304154,0.6788319391878028,0.8217794927554364,0.9649122807017544,True
Waterford,2ae19629-1b47-13a3-e055-000000000001,2217.136050034858,0.40837376045038987,0.35782433620189014,0.5789473684210527,True
Waterford,2ae19629-1b48-13a3-e055-000000000001,241.6147051038893,0.7425330055341404,0.9046218592290325,0.9736842105263158,True
Waterford,2ae19629-1b49-13a3-e055-000000000001,399.8121238827524,0.6992948344227008,0.8291787608140692,0.7192982456140351,True
Waterford,2ae19629-1b4a-13a3-e055-000000000001,466.8857859787272,0.5928743952917519,0.7673335886152428,0.6052631578947368,True
Waterford,2ae19629-1b4b-13a3-e055-000000000001,859.6694287155858,0.5054818476891582,0.6107136379212703,0.7017543859649122,True
Waterford,2ae19629-1b52-13a3-e055-000000000001,454.460324266628,0.7900991769733212,0.9648355729320001,0.7543859649122807,True
Waterford,2ae19629-1b53-13a3-e055-000000000001,417.1328203410376,0.6876031456275497,0.8252317778285756,0.543859649122807,True
Waterford,2ae19629-1b54-13a3-e055-000000000001,203.558217423968,0.7667439397313279,0.9269088748830225,0.8245614035087719,True
Waterford,2ae19629-1b55-13a3-e055-000000000001,787.1979581750281,0.4175612224963246,0.38632375037428796,0.3333333333333333,True
Waterford,2ae19629-1b56-13a3-e055-000000000001,1297.2967658999582,0.2863131483208533,0.19729535020472855,0.2807017543859649,True
Waterford,2ae19629-1b5e-13a3-e055-000000000001,471.584019590208,0.717691683615048,0.8446252409804688,0.6578947368421053,True
Waterford,2ae19629-1b5f-13a3-e055-000000000001,178.12105650651372,0.6004646990049001,0.772950622362168,0.9210526315789472,True
Waterford,2ae19629-1b60-13a3-e055-000000000001,200.69519340919535,0.5455486918968628,0.6608940500734466,0.2543859649122807,True
Waterford,2ae19629-1b61-13a3-e055-000000000001,327.5400782232431,0.6321194313291395,0.7959053847179934,0.7719298245614035,True
Waterford,2ae19629-1b62-13a3-e055-000000000001,100.98081578355696,0.6560612748707689,0.7989617273265277,0.6491228070175439,True
Waterford,2ae19629-1b63-13a3-e055-000000000001,696.3953268064394,0.4379983975085066,0.5436825536413155,0.2456140350877192,True
Waterford,2ae19629-1b6c-13a3-e055-000000000001,536.2785882292987,0.7864583963231926,0.9600489227931669,0.5,True
Waterford,2ae19629-1b6d-13a3-e055-000000000001,274.83865386087245,0.625420539712623,0.7867976889972386,0.6140350877192983,True
Waterford,2ae19629-1b6e-13a3-e055-000000000001,360.66382040745685,0.609531142878788,0.7755537044389428,0.7982456140350878,True
Waterford,2ae19629-1b6f-13a3-e055-000000000001,9838.61734351458,0.43315954305850807,0.4710674411856221,0.3859649122807017,True
Waterford,2ae19629-1b70-13a3-e055-000000000001,222.02867057230716,0.5695105744196968,0.7029105568201274,0.8157894736842105,True
Waterford,2ae19629-1b78-13a3-e055-000000000001,405.0902917490134,0.5662980802071361,0.698228905484734,0.6403508771929824,True
Waterford,2ae19629-1b79-13a3-e055-000000000001,2088.2050126551703,0.7911138803303389,0.9771201912451349,0.9912280701754386,True
Waterford,2ae19629-1b7a-13a3-e055-000000000001,215.6806034216036,0.473744042887731,0.565716609865094,0.3684210526315789,True
Waterford,2ae19629-1b7c-13a3-e055-000000000001,500.1600959266329,0.25546751969181203,0.18861112772321367,0.3508771929824561,True
Waterford,2ae19629-1b7d-13a3-e055-000000000001,609.5993635339222,0.5326821743233515,0.646494457801314,0.8771929824561403,True
Waterford,2ae19629-1b7e-13a3-e055-000000000001,2572.217252675548,0.21412461540224562,0.15153290243446155,0.2280701754385964,True
Waterford,2ae19629-1b80-13a3-e055-000000000001,96.42864333258731,0.15038203869410277,0.1169785802492266,0.131578947368421,True
Waterford,2ae19629-1b81-13a3-e055-000000000001,1252.6149188293816,0.7770389306071604,0.9514060732533745,1.0,True
Waterford,2ae19629-1b8a-13a3-e055-000000000001,197.4102046661752,0.5207222646228141,0.6258366594300507,0.2631578947368421,True
Waterford,2ae19629-1b8b-13a3-e055-000000000001,1283.624143547482,0.5707686208167869,0.7101849589465002,0.4385964912280701,True
Waterford,2ae19629-1b8c-13a3-e055-000000000001,564.6540359139779,0.6097437881604907,0.7800242796728027,0.631578947368421,True
Waterford,2ae19629-1b8e-13a3-e055-000000000001,6112.379148698619,0.3967172866271197,0.30800496519045345,0.4298245614035088,True
Waterford,2ae19629-1b8f-13a3-e055-000000000001,774.1327063004591,0.39464186427957404,0.2747335124282279,0.2017543859649122,True
Waterford,2ae19629-1b90-13a3-e055-000000000001,656.741632245895,0.09272052265419646,0.02931580016714288,0.0789473684210526,True
Waterford,2ae19629-1b91-13a3-e055-000000000001,223.64095123608908,0.011851550552975845,0.007386424586060048,0.0175438596491228,True
Waterford,2ae19629-1b92-13a3-e055-000000000001,2247.416988926629,0.43634995634755047,0.5294598361805635,0.5087719298245614,True
Waterford,2ae19629-1b93-13a3-e055-000000000001,221.63067751460605,0.3352133532507968,0.2404184227209316,0.0526315789473684,True
Waterford,2ae19629-1b94-13a3-e055-000000000001,136.675127102683,0.45617921541193396,0.5538165938356067,0.0087719298245614,True
Waterford,2ae19629-1b95-13a3-e055-000000000001,5035.489993799685,0.73295169415474,0.8743407257969289,0.868421052631579,True
Waterford,2ae19629-1b96-13a3-e055-000000000001,991.0390460441122,0.4013842836902117,0.3423243779632857,0.1929824561403508,True
Waterford,2ae19629-1b9f-13a3-e055-000000000001,428.7736882480094,0.6651267768928711,0.8039895010873868,0.7631578947368421,True
Waterford,2ae19629-1ba0-13a3-e055-000000000001,488.5389912087056,0.3363576001477884,0.24384953227009193,0.4736842105263157,True
Waterford,2ae19629-1ba1-13a3-e055-000000000001,1447.2316134025396,0.41748554286285106,0.3755283405199804,0.2982456140350877,True
Waterford,2ae19629-1ba2-13a3-e055-000000000001,1819.731624543408,0.2889628736184132,0.21235494278727354,0.2894736842105263,True
Waterford,2ae19629-1ba3-13a3-e055-000000000001,2977.6559383623926,0.42260358004047405,0.40914697403704714,0.3157894736842105,True
Waterford,2ae19629-1ba4-13a3-e055-000000000001,2043.990235838625,0.5724979554318972,0.7262619754340676,0.7368421052631579,True
Waterford,2ae19629-1ba6-13a3-e055-000000000001,919.5300729986697,0.11309590313726424,0.03693138998761291,0.043859649122807,True
Waterford,2ae19629-1ba7-13a3-e055-000000000001,1110.0494147919946,0.11575944707431646,0.04673708835523997,0.1052631578947368,True
Waterford,2ae19629-1ba8-13a3-e055-000000000001,833.5695270167456,0.1861762803852316,0.12789233915532688,0.1491228070175438,True
Waterford,2ae19629-1ba9-13a3-e055-000000000001,738.7833717862766,0.1191481516160796,0.06197989748048052,0.0701754385964912,True
Waterford,2ae19629-1baa-13a3-e055-000000000001,541.0698279274834,0.14805051870075922,0.11389857389490322,0.1578947368421052,True
Waterford,2ae19629-1bab-13a3-e055-000000000001,264.1706899007162,0.1825957091279336,0.11872077774113284,0.1228070175438596,True
Waterford,2ae19629-1bac-13a3-e055-000000000001,506.52706467443033,0.03306584125158754,0.01730954954042915,0.0263157894736842,True
Waterford,2ae19629-1bad-13a3-e055-000000000001,652.5991131729551,-0.008616310741666341,0.0031529635066034653,0.0350877192982456,True
Waterford,2ae19629-1bae-13a3-e055-000000000001,421.1737519900004,0.029284671819999313,0.012827461286021757,0.0614035087719298,True
Waterford,2ae19629-1bb7-13a3-e055-000000000001,255.4460391829618,0.6585299342877576,0.8006837659315434,0.9824561403508772,True
Waterford,2ae19629-1bb8-13a3-e055-000000000001,1238.4669985834305,0.3372031846287024,0.2521933788239518,0.2368421052631578,True
Waterford,2ae19629-1bb9-13a3-e055-000000000001,743.6637299176718,0.2123992530213562,0.1355125746109604,0.087719298245614,True
Waterford,2ae19629-1bba-13a3-e055-000000000001,653.0588449372186,0.1184199228866412,0.05525535920315649,0.1403508771929824,True
Waterford,2ae19629-1bbb-13a3-e055-000000000001,240.68443769878812,0.024889726361140643,0.00962976353174619,0.0,True
Waterford,2ae19629-1bbc-13a3-e055-000000000001,660.8901043468052,0.09130840596495786,0.022949801965857705,0.0964912280701754,True
Waterford,2ae19629-1bbd-13a3-e055-000000000001,400.2929301839321,0.1840928023221003,0.12193106335645712,0.1140350877192982,True
Waterford,2ae19629-1bbe-13a3-e055-000000000001,2050.797227170732,0.21740873025176105,0.17386850732761697,0.3421052631578947,True
Waterford,2ae19629-1bbf-13a3-e055-000000000001,250.23214605533417,0.2528100471618859,0.18498568707082888,0.2105263157894736,True
Waterford,2ae19629-1bc0-13a3-e055-000000000001,879.1249616377884,0.3127393734660659,0.2253941825809239,0.1666666666666666,True
Waterford,2ae19629-1bc7-13a3-e055-000000000001,101.59993261161596,0.5138200858367119,0.6153579090443869,0.219298245614035,True
Waterford,2ae19629-1bc8-13a3-e055-000000000001,197.9130416931261,0.7010571135246536,0.8320666066538778,0.6666666666666666,True
Waterford,2ae19629-1bc9-13a3-e055-000000000001,555.5669787578129,0.3294858443837906,0.236663474548032,0.3947368421052631,True
Waterford,2ae19629-1bd6-13a3-e055-000000000001,249.3583825699364,0.7117251367006961,0.8342275511752262,0.5877192982456141,True
Waterford,2ae19629-1bd7-13a3-e055-000000000001,367.91704910843526,0.5348597592030304,0.6512172248323358,0.2719298245614035,True
Waterford,2ae19629-1bd8-13a3-e055-000000000001,1345.614561228806,0.4842870996136501,0.5940491116052071,0.3245614035087719,True
Waterford,2ae19629-1bd9-13a3-e055-000000000001,247.80752561365563,0.5847242091225893,0.7593435288868564,0.6228070175438597,True
Waterford,2ae19629-1be3-13a3-e055-000000000001,557.2210620595724,0.576167598422935,0.7554541185161232,0.7807017543859649,True
Waterford,2ae19629-1be4-13a3-e055-000000000001,479.5438596506138,0.4186518295833791,0.3924438793221713,0.5614035087719298,True
Waterford,2ae19629-1be5-13a3-e055-000000000001,408.7462677765224,0.48571658662422157,0.6025251201679133,0.4122807017543859,True
Waterford,2ae19629-1c52-13a3-e055-000000000001,837.9244860544698,0.8209949790486416,0.9930536553038798,0.9298245614035088,True
Waterford,2ae19629-1c65-13a3-e055-000000000001,292.3292497339038,0.6278389674403081,0.7895379006617266,0.6929824561403509,True
Waterford,2ae19629-1c66-13a3-e055-000000000001,185.88622846848895,0.8098379243169403,0.9881072222557781,0.9385964912280702,True
Waterford,2ae19629-1c67-13a3-e055-000000000001,469.543011975604,0.5910010785223159,0.7628093320435058,0.4035087719298245,True
Waterford,2ae19629-1c72-13a3-e055-000000000001,591.9141728689686,0.4658010188503543,0.5618148012258092,0.4210526315789473,True
Waterford,2ae19629-1c73-13a3-e055-000000000001,561.7957418154822,0.5214550613759369,0.6295046825623755,0.4561403508771929,True
Waterford,2ae19629-1c74-13a3-e055-000000000001,258.8022669184979,0.5947528306278542,0.7708396735941794,0.5175438596491229,True
Waterford,2ae19629-1c7b-13a3-e055-000000000001,495.2360344408597,0.7360043657479223,0.9010618429116602,0.8508771929824561,True
Waterford,2ae19629-1c7c-13a3-e055-000000000001,338.5031551889325,0.7507907319724222,0.9192370621074928,0.3596491228070175,True
Waterford,2ae19629-1c7e-13a3-e055-000000000001,170.94367012285835,0.5670670689488051,0.7010119525708934,0.9035087719298246,True
Waterford,2ae19629-1c8a-13a3-e055-000000000001,349.03497514977227,0.629245580593383,0.7926365839953082,0.7456140350877193,True
Waterford,2ae19629-1c8b-13a3-e055-000000000001,298.74134304336945,0.5485551476882885,0.6633070248101776,0.8421052631578947,True
Waterford,2ae19629-1c8c-13a3-e055-000000000001,370.4361543388028,0.4491374347490251,0.551366539381199,0.7280701754385965,True
Waterford,2ae19629-1c95-13a3-e055-000000000001,1326.3740224923886,0.34081813587991944,0.26458513660672467,0.175438596491228,True
Waterford,2ae19629-1c96-13a3-e055-000000000001,448.9107797485906,0.31695398450677303,0.2318104466296104,0.6754385964912281,True
Waterford,2ae19629-1c97-13a3-e055-000000000001,281.2324182708593,0.6115883282864184,0.7841110904988361,0.4473684210526316,True
Dublin,2ae19629-1c9f-13a3-e055-000000000001,8658.354203816594,0.5590601304882616,0.4710080687038218,0.5825545171339563,True
Dublin,2ae19629-1ca0-13a3-e055-000000000001,2982.288377318945,0.6221915189307983,0.5571645934586534,0.9501557632398754,True
Dublin,2ae19629-1ca1-13a3-e055-000000000001,3980.697437667184,0.7268788483688053,0.7412983698600986,0.8660436137071651,True
Dublin,2ae19629-1ca2-13a3-e055-000000000001,2724.839992900689,0.889885021163669,0.9612113205349196,0.9439252336448598,True
Dublin,2ae19629-1ca3-13a3-e055-000000000001,2879.4276824818094,0.8160108480313415,0.9117985994813413,0.9221183800623052,True
Dublin,2ae19629-1ca4-13a3-e055-000000000001,2632.1076912962726,0.793697485651334,0.8712145203865128,0.9844236760124612,True
Dublin,2ae19629-1ca5-13a3-e055-000000000001,2552.478450165855,0.8092930248272573,0.9034643381735252,0.9314641744548288,True
Dublin,2ae19629-1ca6-13a3-e055-000000000001,5812.360793435325,0.5735715520123087,0.4910490483150572,0.5389408099688473,True
Dublin,2ae19629-1ca7-13a3-e055-000000000001,8133.048041216265,0.6067686840712204,0.5266571849548871,0.6199376947040498,True
Dublin,2ae19629-1ca8-13a3-e055-000000000001,15855.94953350116,0.7285986261477966,0.7595980322683621,0.7071651090342679,True
Dublin,2ae19629-1cb0-13a3-e055-000000000001,10697.937070652222,0.6972720882087391,0.6895593854367792,0.6417445482866043,True
Dublin,2ae19629-1cb1-13a3-e055-000000000001,7616.921174575937,0.6976218638969979,0.6961134745528034,0.7912772585669782,True
Dublin,2ae19629-1cb2-13a3-e055-000000000001,2698.113125028296,0.44468179526282037,0.381414500340748,0.3551401869158878,True
Dublin,2ae19629-1cb3-13a3-e055-000000000001,1677.102379185458,0.2060011145590078,0.1025651628863719,0.0373831775700934,True
Dublin,2ae19629-1cb4-13a3-e055-000000000001,1681.265219436655,0.6319230289723755,0.5641065523801427,0.4174454828660436,True
Dublin,2ae19629-1cb5-13a3-e055-000000000001,9233.241452570675,0.28901218340299545,0.20440141168377274,0.3271028037383177,True
Dublin,2ae19629-1cb6-13a3-e055-000000000001,2010.302908215258,0.45811177003092873,0.3924750554748798,0.1993769470404984,True
Dublin,2ae19629-1cb7-13a3-e055-000000000001,19430.20213909468,0.2882198928184107,0.19414401513958404,0.2959501557632398,True
Dublin,2ae19629-1cb8-13a3-e055-000000000001,3810.284459274159,0.11626632187618527,0.046802959197064405,0.0498442367601246,True
Dublin,2ae19629-1cbe-13a3-e055-000000000001,6641.6930572390565,0.7892430984554071,0.8678958314981623,0.8940809968847352,True
Dublin,2ae19629-1cbf-13a3-e055-000000000001,4149.20957434136,0.7658013392820407,0.8287578628730378,0.9595015576323987,True
Dublin,2ae19629-1cc0-13a3-e055-000000000001,1886.0710654324955,0.6241268519523425,0.5589067670102804,0.8847352024922118,True
Dublin,2ae19629-1cc1-13a3-e055-000000000001,2149.7573383040726,0.73639297746606,0.7831664235431095,0.8006230529595015,True
Dublin,2ae19629-1cc2-13a3-e055-000000000001,2380.274042036798,0.6691375251673496,0.6032219551554145,0.6292834890965732,True
Dublin,2ae19629-1cc3-13a3-e055-000000000001,2833.479915789432,0.5997975896222889,0.5185536787178187,0.7258566978193146,True
Dublin,2ae19629-1cc4-13a3-e055-000000000001,2774.9914191705693,0.7059932093621427,0.7034062368546203,0.8535825545171339,True
Dublin,2ae19629-1cc5-13a3-e055-000000000001,5661.544221274891,0.6596921765181056,0.5936051433693074,0.6666666666666666,True
Dublin,2ae19629-1cc6-13a3-e055-000000000001,40825.78422091954,0.6702296165776948,0.6186835193354886,0.6697819314641744,True
Dublin,2ae19629-1cc7-13a3-e055-000000000001,11463.438240297552,0.40542700402234766,0.32810300524722474,0.3925233644859813,True
Dublin,2ae19629-1cc8-13a3-e055-000000000001,3406.614583008405,0.2577463185802242,0.16675515246013997,0.1495327102803738,True
Dublin,2ae19629-1cc9-13a3-e055-000000000001,5450.055656174819,0.5916553491092074,0.5137181877471471,0.4641744548286604,True
Dublin,2ae19629-1cca-13a3-e055-000000000001,4530.000403640689,0.30065346263367504,0.21891164162434296,0.3146417445482866,True
Dublin,2ae19629-1ccb-13a3-e055-000000000001,9769.004643462442,0.3525702849121284,0.2589699546669964,0.35202492211838,True
Dublin,2ae19629-1ccc-13a3-e055-000000000001,4035.927706803299,0.3170014467243596,0.23386584058593549,0.2367601246105919,True
Dublin,2ae19629-1ccd-13a3-e055-000000000001,3420.19889851494,0.37141383874721795,0.2825158264482064,0.146417445482866,True
Dublin,2ae19629-1cce-13a3-e055-000000000001,5436.984098297156,0.437104124945378,0.37087392802785096,0.3208722741433021,True
Dublin,2ae19629-1ccf-13a3-e055-000000000001,10570.53994217264,0.3162978180021464,0.22863882275375236,0.2616822429906542,True
Dublin,2ae19629-1cd0-13a3-e055-000000000001,4963.133539615619,0.2411008056153526,0.14734713480538536,0.1059190031152648,True
Dublin,2ae19629-1cd1-13a3-e055-000000000001,2776.942921515554,0.7474247389192409,0.793472600273422,0.7757009345794392,True
Dublin,2ae19629-1cd2-13a3-e055-000000000001,5140.22943498691,0.8067933642738444,0.9007114534747879,0.956386292834891,True
Dublin,2ae19629-1cd3-13a3-e055-000000000001,3757.821346664594,0.450525148896033,0.38372479776637575,0.4766355140186916,True
Dublin,2ae19629-1cd4-13a3-e055-000000000001,2148.072005916387,0.6167885730612278,0.5436231684535713,0.6043613707165109,True
Dublin,2ae19629-1cd5-13a3-e055-000000000001,2299.9106168243197,0.678031613297504,0.6387961272927667,0.5545171339563862,True
Dublin,2ae19629-1cd6-13a3-e055-000000000001,2005.499500722521,0.7828721167779994,0.8619298248703982,0.897196261682243,True
Dublin,2ae19629-1cd7-13a3-e055-000000000001,2145.9783107042317,0.5000921868383224,0.41161364386675664,0.367601246105919,True
Dublin,2ae19629-1cdd-13a3-e055-000000000001,5114.609416145185,0.22942836100624825,0.12364632141850548,0.3021806853582554,True
Dublin,2ae19629-1cde-13a3-e055-000000000001,1691.7623129255242,0.6283513108629422,0.5612680302373992,0.3707165109034268,True
Dublin,2ae19629-1cdf-13a3-e055-000000000001,2830.2841225829,0.20295445940180823,0.09375359030662346,0.0529595015576324,True
Dublin,2ae19629-1ce0-13a3-e055-000000000001,5031.964312725299,0.7623015099082988,0.8190802413239394,0.7320872274143302,True
Dublin,2ae19629-1ce1-13a3-e055-000000000001,2731.850080463621,0.5058747955233504,0.415360748845643,0.5171339563862928,True
Dublin,2ae19629-1ce2-13a3-e055-000000000001,2677.906164960522,0.4413267496419205,0.37800751245437514,0.411214953271028,True
Dublin,2ae19629-1ce3-13a3-e055-000000000001,5091.81176622036,0.7558850300247945,0.8106681315114208,0.794392523364486,True
Dublin,2ae19629-1ce4-13a3-e055-000000000001,4971.101781649722,0.5226194076900962,0.4260276298115204,0.6074766355140186,True
Dublin,2ae19629-1ce5-13a3-e055-000000000001,19638.84625172051,0.8661455547843103,0.9532083324338111,0.9003115264797508,True
Dublin,2ae19629-1ce6-13a3-e055-000000000001,2850.831110821829,0.5792073974105497,0.495821460620995,0.5420560747663551,True
Dublin,2ae19629-1ce7-13a3-e055-000000000001,2633.4752768434378,0.25392215010113045,0.1609068856088689,0.0685358255451713,True
Dublin,2ae19629-1ce8-13a3-e055-000000000001,11700.522897890249,0.6821724881123201,0.6479633703987491,0.7445482866043613,True
Dublin,2ae19629-1ce9-13a3-e055-000000000001,793.2293763601531,0.8606190231050098,0.9432639124257745,0.9376947040498442,True
Dublin,2ae19629-1cea-13a3-e055-000000000001,1772.732956832223,0.4951437652854526,0.41021130798604655,0.6915887850467289,True
Dublin,2ae19629-1ceb-13a3-e055-000000000001,1580.3978134791057,0.2086971927257618,0.10555820021971374,0.3862928348909657,True
Dublin,2ae19629-1cec-13a3-e055-000000000001,3988.455872688856,0.3846542977589886,0.2901379522668486,0.4049844236760124,True
Dublin,2ae19629-1ced-13a3-e055-000000000001,4870.760886589687,0.2948154611134676,0.215547519094446,0.4205607476635514,True
Dublin,2ae19629-1cee-13a3-e055-000000000001,3095.34724354744,0.2932839167988721,0.21269679637010236,0.1931464174454828,True
Dublin,2ae19629-1cef-13a3-e055-000000000001,3092.8494475947487,0.29289662643503567,0.2104823106209812,0.2990654205607476,True
Dublin,2ae19629-1cf0-13a3-e055-000000000001,12140.64163163884,0.7269363075974392,0.7470674941151227,0.7632398753894081,True
Dublin,2ae19629-1cf6-13a3-e055-000000000001,6160.253855121064,0.8576114453244197,0.9407755639954622,0.9813084112149532,True
Dublin,2ae19629-1cf7-13a3-e055-000000000001,1410.7060088196563,0.6712239021186088,0.6337981173961055,0.7414330218068536,True
Dublin,2ae19629-1cf8-13a3-e055-000000000001,1429.2197085618973,0.9109172096910996,0.9925646911369993,0.9968847352024922,True
Dublin,2ae19629-1cf9-13a3-e055-000000000001,3221.492270193166,0.5509865930705478,0.455872042344518,0.4392523364485981,True
Dublin,2ae19629-1cfa-13a3-e055-000000000001,1821.5298549704669,0.8459647902125286,0.9344631774835174,0.8785046728971962,True
Dublin,2ae19629-1cfb-13a3-e055-000000000001,1719.5159570575795,0.7014599993727922,0.7017978486551593,0.9252336448598132,True
Dublin,2ae19629-1cfc-13a3-e055-000000000001,2038.6931517097528,0.554658513209832,0.45775443332785765,0.5919003115264797,True
Dublin,2ae19629-1cfd-13a3-e055-000000000001,3102.2901351330283,0.2157447005206521,0.11169146695770822,0.1744548286604361,True
Dublin,2ae19629-1cfe-13a3-e055-000000000001,11788.64597050955,0.2322037378771704,0.1296952594267435,0.2305295950155763,True
Dublin,2ae19629-1cff-13a3-e055-000000000001,11699.77146713803,0.3995158907258179,0.3167838186182638,0.3987538940809969,True
Dublin,2ae19629-1d00-13a3-e055-000000000001,6847.600389759393,0.1898415591428066,0.08444760013751645,0.2523364485981308,True
Dublin,2ae19629-1d01-13a3-e055-000000000001,4164.970800175643,0.10722367211192606,0.03773712235328044,0.1183800623052959,True
Dublin,2ae19629-1d02-13a3-e055-000000000001,8702.167694916445,0.41377831106790675,0.3422341969834814,0.3800623052959501,True
Dublin,2ae19629-1d03-13a3-e055-000000000001,2412.857230607627,0.7429353577702255,0.7884473320231066,0.6137071651090342,True
Dublin,2ae19629-1d04-13a3-e055-000000000001,5521.007652086517,0.2420658251926052,0.15426410397342197,0.2087227414330218,True
Dublin,2ae19629-1d05-13a3-e055-000000000001,3559.798949109183,0.137456848025575,0.062046752785553036,0.0218068535825545,True
Dublin,2ae19629-1d06-13a3-e055-000000000001,3432.700660493639,0.2361803830101268,0.13514231563377058,0.1121495327102803,True
Dublin,2ae19629-1d07-13a3-e055-000000000001,3325.6812851660784,0.5624750802762135,0.4807029725310669,0.5077881619937694,True
Dublin,2ae19629-1d08-13a3-e055-000000000001,3529.657058258851,0.35545795366376404,0.26555409958172976,0.2398753894080997,True
Dublin,2ae19629-1d09-13a3-e055-000000000001,1823.28828830748,0.2671495663906902,0.1740455310083111,0.1246105919003115,True
Dublin,2ae19629-1d0a-13a3-e055-000000000001,2700.876878341039,0.43668136250413064,0.3662647485568836,0.3395638629283489,True
Dublin,2ae19629-1d0b-13a3-e055-000000000001,5204.109601525383,0.2490562317867896,0.15810215575186237,0.2274143302180685,True
Dublin,2ae19629-1d0c-13a3-e055-000000000001,4074.693799839252,0.03863765158101922,0.007160064441924646,0.0342679127725856,True
Dublin,2ae19629-1d0d-13a3-e055-000000000001,5400.170622597138,0.10794153312207391,0.04116006936454445,0.0654205607476635,True
Dublin,2ae19629-1d0e-13a3-e055-000000000001,2575.080790612433,0.009524458058274086,0.001,0.0093457943925233,True
Dublin,2ae19629-1d0f-13a3-e055-000000000001,1768.4459257655672,0.3603231693194627,0.2707160291105836,0.632398753894081,True
Dublin,2ae19629-1d10-13a3-e055-000000000001,2333.2383253574376,0.29077854272001796,0.20854055042064965,0.470404984423676,True
Dublin,2ae19629-1d11-13a3-e055-000000000001,2336.45916001002,0.5766180024780729,0.49396515563350896,0.5109034267912772,True
Dublin,2ae19629-1d12-13a3-e055-000000000001,4880.754936666952,0.48655404705118926,0.40686326916126125,0.4610591900311526,True
Dublin,2ae19629-1d17-13a3-e055-000000000001,951.2494929732186,0.6636215385607154,0.6002816943719118,0.6542056074766355,True
Dublin,2ae19629-1d18-13a3-e055-000000000001,2030.2244230020372,0.8370903901091854,0.9276868194410461,0.9906542056074766,True
Dublin,2ae19629-1d19-13a3-e055-000000000001,3279.06618367684,0.10910442542279233,0.04426598974491204,0.0,True
Dublin,2ae19629-1d1a-13a3-e055-000000000001,1510.2603984971845,0.6257300504999096,0.5601221659385223,0.2710280373831775,True
Dublin,2ae19629-1d1b-13a3-e055-000000000001,2917.754571553734,0.7560978513990148,0.81353440603321,0.8629283489096573,True
Dublin,2ae19629-1d1c-13a3-e055-000000000001,2614.4213736529155,0.596350443014248,0.51660411241115,0.7601246105919003,True
Dublin,2ae19629-1d1d-13a3-e055-000000000001,1635.5142393279823,0.5203346891104094,0.4236634100301239,0.4953271028037383,True
Dublin,2ae19629-1d1e-13a3-e055-000000000001,2213.5299138890373,0.6160495783192159,0.5420623413213997,0.7975077881619937,True
Dublin,2ae19629-1d1f-13a3-e055-000000000001,1367.7738469472777,0.5620989107039085,0.4790233896052233,0.7663551401869159,True
Dublin,2ae19629-1d20-13a3-e055-000000000001,1700.2889600973576,0.7233369551200389,0.7365677266700714,0.6822429906542056,True
Dublin,2ae19629-1d21-13a3-e055-000000000001,3148.2540829471413,0.42210721184834493,0.3509230328178628,0.3613707165109034,True
Dublin,2ae19629-1d22-13a3-e055-000000000001,2061.1577405656376,0.4693368651372551,0.39756574065158196,0.5763239875389408,True
Dublin,2ae19629-1d23-13a3-e055-000000000001,1977.01196747356,0.45248701023651877,0.3857770445325334,0.4361370716510903,True
Dublin,2ae19629-1d24-13a3-e055-000000000001,3353.5160234239365,0.6107277006187766,0.5357065773509911,0.5856697819314641,True
Dublin,2ae19629-1d25-13a3-e055-000000000001,3043.771963224125,0.6399494427763995,0.5754882869582566,0.4735202492211838,True
Dublin,2ae19629-1d26-13a3-e055-000000000001,3298.197915366954,0.6075592121099825,0.5307479294042011,0.6884735202492211,True
Dublin,2ae19629-1d27-13a3-e055-000000000001,2072.26284119818,0.44226149742168247,0.37970739080263655,0.6355140186915887,True
Dublin,2ae19629-1d28-13a3-e055-000000000001,5100.435657577227,0.3865542398845674,0.2933904702092554,0.3302180685358255,True
Dublin,2ae19629-1d29-13a3-e055-000000000001,3417.836851040522,0.32045288963550694,0.23653321788735143,0.2211838006230529,True
Dublin,2ae19629-1d2a-13a3-e055-000000000001,3738.3437255885865,0.26040012033173227,0.17205526543477845,0.1682242990654205,True
Dublin,2ae19629-1d2b-13a3-e055-000000000001,1509.4557641770484,0.20527301613759122,0.10142483268204545,0.1277258566978193,True
Dublin,2ae19629-1d2c-13a3-e055-000000000001,2655.470974067847,0.22211799048654468,0.11739555263621294,0.0311526479750778,True
Dublin,2ae19629-1d2d-13a3-e055-000000000001,2563.2015628317995,0.2559830902093088,0.16461881558533442,0.2429906542056074,True
Dublin,2ae19629-1d2e-13a3-e055-000000000001,2841.6724038190314,0.45339473131370517,0.3875014415422496,0.3894080996884735,True
Dublin,2ae19629-1d2f-13a3-e055-000000000001,3254.225905346684,0.43488729357433237,0.3641336769527918,0.4517133956386293,True
Dublin,2ae19629-1d30-13a3-e055-000000000001,3916.631718375616,0.12419721479412409,0.05184256185506516,0.0903426791277258,True
Dublin,2ae19629-1d31-13a3-e055-000000000001,3162.467774601756,0.09423718436681625,0.03125273727221931,0.1339563862928348,True
Dublin,2ae19629-1d37-13a3-e055-000000000001,1331.7895280589453,0.40080468479574927,0.321447246035491,0.3956386292834891,True
Dublin,2ae19629-1d38-13a3-e055-000000000001,10053.367584623396,0.7550107938190147,0.8006385296722561,0.8255451713395638,True
Dublin,2ae19629-1d39-13a3-e055-000000000001,9416.866746293646,0.5155880762156669,0.41970824483287816,0.4267912772585669,True
Dublin,2ae19629-1d3a-13a3-e055-000000000001,2510.283954815732,0.5327151303076914,0.4321247286834914,0.5264797507788161,True
Dublin,2ae19629-1d3b-13a3-e055-000000000001,2968.6217476891147,0.6955442841121483,0.6846687199887879,0.6261682242990654,True
Dublin,2ae19629-1d3c-13a3-e055-000000000001,2057.6866692172152,0.7184733541863422,0.7255410293210738,0.9875389408099688,True
Dublin,2ae19629-1d3d-13a3-e055-000000000001,2139.615081800355,0.523184376630502,0.4285722453022798,0.4423676012461059,True
Dublin,2ae19629-1d3e-13a3-e055-000000000001,1974.1695526573396,0.4406955171787972,0.37634273741656105,0.1775700934579439,True
Dublin,2ae19629-1d3f-13a3-e055-000000000001,2979.796957770984,0.5399749990871839,0.44210275356395834,0.5046728971962616,True
Dublin,2ae19629-1d40-13a3-e055-000000000001,1351.1644086268625,0.4875597432657601,0.40909340134170397,0.1308411214953271,True
Dublin,2ae19629-1d41-13a3-e055-000000000001,1930.6630908383263,0.6461459518022341,0.5834034828261868,0.8161993769470405,True
Dublin,2ae19629-1d42-13a3-e055-000000000001,5090.916527119905,0.2172251758149598,0.11462345834368579,0.2024922118380062,True
Dublin,2ae19629-1d43-13a3-e055-000000000001,3381.340579858605,0.6048752783550552,0.5225366873715264,0.5669781931464174,True
Dublin,2ae19629-1d44-13a3-e055-000000000001,6767.812448477942,0.8307211097105837,0.9176309486543933,0.838006230529595,True
Dublin,2ae19629-1d45-13a3-e055-000000000001,3199.3568091268344,0.647434511049924,0.5852392932453097,0.822429906542056,True
Dublin,2ae19629-1d46-13a3-e055-000000000001,2646.299330286889,0.6442360195660445,0.5800328805365087,0.9190031152647976,True
Dublin,2ae19629-1d47-13a3-e055-000000000001,1772.8462222727635,0.7818454304549705,0.8567840247406207,0.8598130841121495,True
Dublin,2ae19629-1d48-13a3-e055-000000000001,3564.709610250261,0.5328920116631202,0.43429870397020104,0.6230529595015576,True
Dublin,2ae19629-1d49-13a3-e055-000000000001,2203.946776795188,0.4252509078420438,0.3565044243933928,0.2461059190031152,True
Dublin,2ae19629-1d4a-13a3-e055-000000000001,3426.431203266981,0.7178678831427479,0.7209056078467108,0.7227414330218068,True
Dublin,2ae19629-1d4b-13a3-e055-000000000001,2225.931928695024,0.4832703072167479,0.4043200958310829,0.308411214953271,True
Dublin,2ae19629-1d4c-13a3-e055-000000000001,2279.493542384977,0.6304320638671059,0.5626891695347791,0.6728971962616822,True
Dublin,2ae19629-1d4d-13a3-e055-000000000001,3781.658183746867,0.33351688114541905,0.24717049347285922,0.2647975077881619,True
Dublin,2ae19629-1d4e-13a3-e055-000000000001,2901.869561907318,0.40361308685651776,0.3229622880080236,0.1557632398753894,True
Dublin,2ae19629-1d4f-13a3-e055-000000000001,2242.055221629226,0.3513703167133037,0.25467172010357997,0.2554517133956386,True
Dublin,2ae19629-1d50-13a3-e055-000000000001,4085.675320862069,0.2706088278091693,0.17616009141381858,0.205607476635514,True
Dublin,2ae19629-1d57-13a3-e055-000000000001,1527.9069669659043,0.7082201971099467,0.7049460565519572,0.557632398753894,True
Dublin,2ae19629-1d58-13a3-e055-000000000001,3738.820165265765,0.7735076727803106,0.8346334558657562,0.7819314641744548,True
Dublin,2ae19629-1d59-13a3-e055-000000000001,2638.6105122036406,0.532327310444596,0.4302821638798768,0.4236760124610592,True
Dublin,2ae19629-1d5a-13a3-e055-000000000001,9163.462179867964,0.7302367433692988,0.7685513887073969,0.778816199376947,True
Dublin,2ae19629-1d5b-13a3-e055-000000000001,3359.3777651044857,0.6907647272246927,0.6735531129985286,0.8753894080996885,True
Dublin,2ae19629-1d5c-13a3-e055-000000000001,8047.25080465215,0.7652056438538755,0.8243932815503946,0.7570093457943925,True
Dublin,2ae19629-1d5d-13a3-e055-000000000001,2194.3255123032463,0.8469904859995725,0.935900277001393,0.909657320872274,True
Dublin,2ae19629-1d5e-13a3-e055-000000000001,2420.9530100954903,0.6447626407882381,0.5818462291831411,0.735202492211838,True
Dublin,2ae19629-1d5f-13a3-e055-000000000001,6096.804571715338,0.6137766572704844,0.5390884349949988,0.5981308411214953,True
Dublin,2ae19629-1d60-13a3-e055-000000000001,12944.415496728072,0.6876130043110358,0.6652329403333598,0.6947040498442367,True
Dublin,2ae19629-1d61-13a3-e055-000000000001,9073.95154718484,0.8935864985569657,0.9680321936774985,0.9626168224299064,True
Dublin,2ae19629-1d62-13a3-e055-000000000001,2818.312383413315,0.22845725086053414,0.12080747463473065,0.1588785046728972,True
Dublin,2ae19629-1d63-13a3-e055-000000000001,3094.242867396937,0.39864037073135283,0.3114896860056052,0.2897196261682243,True
Dublin,2ae19629-1d64-13a3-e055-000000000001,2624.495172811879,0.13825701632559828,0.06425984197532802,0.0467289719626168,True
Dublin,2ae19629-1d65-13a3-e055-000000000001,5097.2230120499935,0.742668106704523,0.785759801793835,0.7725856697819314,True
Dublin,2ae19629-1d66-13a3-e055-000000000001,1792.355283954491,0.4233398393752395,0.35507432215126766,0.3582554517133956,True
Dublin,2ae19629-1d67-13a3-e055-000000000001,3156.971195619968,0.6859136938523449,0.655477645470068,0.5638629283489096,True
Dublin,2ae19629-1d68-13a3-e055-000000000001,3551.623950113646,0.1269133465990028,0.05679727591120814,0.0809968847352024,True
Dublin,2ae19629-1d69-13a3-e055-000000000001,2769.73547808826,0.19414286315685828,0.08788922526464693,0.1526479750778816,True
Dublin,2ae19629-1d6a-13a3-e055-000000000001,3188.6408356254296,0.1248523745857875,0.054385229064880844,0.0560747663551401,True
Dublin,2ae19629-1d6b-13a3-e055-000000000001,2791.43442334897,0.09077435786073984,0.029122095305409174,0.087227414330218,True
Dublin,2ae19629-1d6c-13a3-e055-000000000001,3329.912122447457,0.42315652967848183,0.3532412860115306,0.3457943925233644,True
Dublin,2ae19629-1d6d-13a3-e055-000000000001,3177.917658408483,0.12129121956755541,0.04930373200277338,0.1090342679127725,True
Dublin,2ae19629-1d6e-13a3-e055-000000000001,4422.3776254488885,0.2413338059286054,0.1507057999804926,0.0934579439252336,True
Dublin,2ae19629-1d6f-13a3-e055-000000000001,2362.332060072364,0.14762357097662115,0.06969423500090785,0.1214953271028037,True
Dublin,2ae19629-1d70-13a3-e055-000000000001,2550.0924896424017,0.3540108752067252,0.26337842233615594,0.1370716510903426,True
Dublin,2ae19629-1d71-13a3-e055-000000000001,5808.333371684783,0.6807410739937865,0.6416977142427505,0.67601246105919,True
Dublin,2ae19629-1d78-13a3-e055-000000000001,3473.119465204887,0.6877783287724406,0.6711080601822391,0.7133956386292835,True
Dublin,2ae19629-1d79-13a3-e055-000000000001,1691.9100878470474,0.7828028975724173,0.8606066832103614,0.9158878504672896,True
Dublin,2ae19629-1d7a-13a3-e055-000000000001,6376.640617328178,0.8335387972547366,0.9246783690384847,0.968847352024922,True
Dublin,2ae19629-1d7b-13a3-e055-000000000001,2634.5028186870945,0.8549810589273988,0.9376283040919406,0.9283489096573208,True
Dublin,2ae19629-1d7c-13a3-e055-000000000001,1566.0756494844743,0.7170360242777818,0.7191190073506999,0.9781931464174456,True
Dublin,2ae19629-1d7d-13a3-e055-000000000001,1704.8220142679702,0.6546607964380478,0.5869942849913049,0.5887850467289719,True
Dublin,2ae19629-1d7e-13a3-e055-000000000001,20853.96145176569,0.9069579977469783,0.9818859525648612,0.940809968847352,True
Dublin,2ae19629-1d7f-13a3-e055-000000000001,10797.177319777717,0.618937546407118,0.5522335235622484,0.6386292834890965,True
Dublin,2ae19629-1d80-13a3-e055-000000000001,6222.085596779258,0.5670008319163358,0.4858470278530422,0.5607476635514018,True
Dublin,2ae19629-1d81-13a3-e055-000000000001,3023.807557963663,0.2865031871708146,0.1861087042135529,0.2242990654205607,True
Dublin,2ae19629-1d82-13a3-e055-000000000001,4116.925889783435,0.34177280364470053,0.2523961180577835,0.3177570093457944,True
Dublin,2ae19629-1d83-13a3-e055-000000000001,2588.001751290428,0.2545372644127208,0.1627754245460228,0.2118380062305296,True
Dublin,2ae19629-1d84-13a3-e055-000000000001,2661.0651490986347,0.31132620210643597,0.22148501040726026,0.2741433021806853,True
Dublin,2ae19629-1d85-13a3-e055-000000000001,2796.5727884504527,0.5038846124766088,0.41338236737695927,0.4828660436137071,True
Dublin,2ae19629-1d86-13a3-e055-000000000001,2717.87996199396,0.27502554674292773,0.1803398584906743,0.249221183800623,True
Dublin,2ae19629-1d87-13a3-e055-000000000001,2030.2747909559143,0.22533357342143553,0.11907237671575506,0.0249221183800623,True
Dublin,2ae19629-1d88-13a3-e055-000000000001,4160.119528240628,0.21100368982732587,0.10761248105148138,0.3052959501557632,True
Dublin,2ae19629-1d89-13a3-e055-000000000001,3600.752114931742,0.08083479801149114,0.02387088451557107,0.0747663551401869,True
Dublin,2ae19629-1d8a-13a3-e055-000000000001,2870.941832621892,0.16375097885649886,0.07744250793554613,0.0841121495327102,True
Dublin,2ae19629-1d8b-13a3-e055-000000000001,2262.718384034104,0.2773329659268783,0.18313296098708315,0.0716510903426791,True
Dublin,2ae19629-1d8c-13a3-e055-000000000001,2457.6833594493155,0.6038042480229029,0.5204471553240263,0.5451713395638629,True
Dublin,2ae19629-1d8d-13a3-e055-000000000001,4240.818789773517,0.4194720161479428,0.34827880584956367,0.2834890965732087,True
Dublin,2ae19629-1d8e-13a3-e055-000000000001,1341.074912412299,0.04286738376536182,0.009098131900411298,0.0965732087227414,True
Dublin,2ae19629-1d94-13a3-e055-000000000001,1536.6704946078826,0.7780968135055986,0.8454330670671661,0.7383177570093458,True
Dublin,2ae19629-1d95-13a3-e055-000000000001,3504.70919912714,0.6427154333739578,0.5778317028088182,0.7102803738317757,True
Dublin,2ae19629-1d96-13a3-e055-000000000001,2101.9449084276957,0.17631339377582944,0.0792220872491467,0.1619937694704049,True
Dublin,2ae19629-1d97-13a3-e055-000000000001,3615.215394929672,0.5575275011676526,0.466615893353905,0.5327102803738317,True
Dublin,2ae19629-1d98-13a3-e055-000000000001,2528.2554862912384,0.03521016594291166,0.00479715682503586,0.0404984423676012,True
Dublin,2ae19629-1d99-13a3-e055-000000000001,1775.499885612064,0.15527496585258563,0.07117498461720444,0.1651090342679127,True
Dublin,2ae19629-1d9a-13a3-e055-000000000001,3379.5649813810987,0.3135285376099171,0.22364668851920638,0.1713395638629283,True
Dublin,2ae19629-1d9b-13a3-e055-000000000001,3017.784605771717,0.7152457306098737,0.7174786436522159,0.5794392523364486,True
Dublin,2ae19629-1d9c-13a3-e055-000000000001,2398.7675126658546,0.3288054855705528,0.24345667761941706,0.2866043613707165,True
Dublin,2ae19629-1d9d-13a3-e055-000000000001,3120.835033946567,0.380036911170451,0.2848565772599393,0.1869158878504672,True
Dublin,2ae19629-1d9e-13a3-e055-000000000001,2340.81868180467,0.04697416236487637,0.015141077302876697,0.0778816199376947,True
Dublin,2ae19629-1d9f-13a3-e055-000000000001,4163.012604902187,0.23940585695831176,0.14408128506108744,0.1433021806853582,True
Dublin,2ae19629-1da0-13a3-e055-000000000001,1251.0840909228557,0.5677439794269808,0.4885213494042413,0.6573208722741433,True
Dublin,2ae19629-1da1-13a3-e055-000000000001,2339.392740223143,0.07064509157484862,0.02174516570183569,0.0155763239875389,True
Dublin,2ae19629-1da2-13a3-e055-000000000001,3778.902339829339,0.12917672141260225,0.05942055161055257,0.2149532710280373,True
Dublin,2ae19629-1da3-13a3-e055-000000000001,4254.345662752787,0.15864012094109017,0.07333280339749132,0.1806853582554517,True
Dublin,2ae19629-1da4-13a3-e055-000000000001,2098.762286292182,0.3325799105022396,0.24506614741217536,0.573208722741433,True
Dublin,2ae19629-1da5-13a3-e055-000000000001,1974.0857366985747,0.4138919856136442,0.34605476253081763,0.4485981308411215,True
Dublin,2ae19629-1da6-13a3-e055-000000000001,2438.228510114882,0.2731027035223316,0.17849471210921683,0.1838006230529595,True
Dublin,2ae19629-1da7-13a3-e055-000000000001,6602.307976404827,0.044778799773570084,0.011940722251858549,0.0124610591900311,True
Dublin,2ae19629-1da8-13a3-e055-000000000001,2379.6924654642744,0.054572747614002694,0.016830342396721883,0.043613707165109,True
Dublin,2ae19629-1daf-13a3-e055-000000000001,8580.757576943633,0.7310093967205208,0.7749012711920599,0.7850467289719626,True
Dublin,2ae19629-1db0-13a3-e055-000000000001,3691.299509520591,0.6623428118855094,0.5986203285300123,0.8442367601246106,True
Dublin,2ae19629-1db1-13a3-e055-000000000001,6765.2147107769015,0.3243956531647052,0.24017728799237723,0.292834890965732,True
Dublin,2ae19629-1db2-13a3-e055-000000000001,6672.600723690456,0.20313860851635793,0.0971542584039602,0.2585669781931464,True
Dublin,2ae19629-1db3-13a3-e055-000000000001,1412.2474189334446,0.2752546529315103,0.1818178509792147,0.3831775700934579,True
Dublin,2ae19629-1db4-13a3-e055-000000000001,10501.178850303546,0.5807689664283555,0.5080099364974657,0.5700934579439252,True
Dublin,2ae19629-1db5-13a3-e055-000000000001,4563.2404008209705,0.3583214366197128,0.2684501946780418,0.4080996884735202,True
Dublin,2ae19629-1db6-13a3-e055-000000000001,5077.018352952987,0.4664582600010783,0.3950112986997867,0.4299065420560747,True
Dublin,2ae19629-1db7-13a3-e055-000000000001,3778.833884952383,0.9086058138174805,0.9907009558617444,0.9470404984423676,True
Dublin,2ae19629-1db8-13a3-e055-000000000001,4245.838281121519,1.0219914500183926,0.9984805996260467,0.912772585669782,True
Dublin,2ae19629-1db9-13a3-e055-000000000001,4746.6692806200845,0.6943111926357436,0.6764539137584912,0.7538940809968847,True
Dublin,2ae19629-1dba-13a3-e055-000000000001,3630.78626620604,0.8902651899051581,0.9634857220253699,0.9657320872274144,True
Dublin,2ae19629-1dbb-13a3-e055-000000000001,4990.600689318444,0.7769939021719926,0.8430972413429862,0.9065420560747663,True
Dublin,2ae19629-1dbc-13a3-e055-000000000001,3274.4892382932203,0.8335307502511101,0.921224650516773,0.9937694704049844,True
Dublin,2ae19629-1dbd-13a3-e055-000000000001,4426.447514692942,0.7437420092042767,0.7908948209521582,0.7694704049844237,True
Dublin,2ae19629-1dbe-13a3-e055-000000000001,1877.5926364618608,0.7223892997154951,0.7352873588661578,0.5015576323987538,True
Dublin,2ae19629-1dc5-13a3-e055-000000000001,2413.434457806444,0.5639871814878503,0.48275675179176203,0.5514018691588785,True
Dublin,2ae19629-1dc6-13a3-e055-000000000001,11650.01497998095,0.7205914921619383,0.7304464179941271,0.7165109034267912,True
Dublin,2ae19629-1dc7-13a3-e055-000000000001,34293.657293597724,0.7968421355626967,0.8844286414650322,0.8099688473520249,True
Dublin,2ae19629-1dc8-13a3-e055-000000000001,5669.003849257043,0.5454864710778745,0.45110159450516674,0.4797507788161994,True
Dublin,2ae19629-1dc9-13a3-e055-000000000001,1630.3283158099512,0.781534511586404,0.855566176974543,1.0,True
Dublin,2ae19629-1dca-13a3-e055-000000000001,5099.566594111268,0.14614145543989637,0.06702394686111277,0.1401869158878504,True
Dublin,2ae19629-1dcb-13a3-e055-000000000001,2856.134654763672,0.09805052630202866,0.03340653263049126,0.190031152647975,True
Dublin,2ae19629-1dcc-13a3-e055-000000000001,1818.157879352298,0.3706905063982238,0.2786982744560624,0.3115264797507788,True
Dublin,2ae19629-1dcd-13a3-e055-000000000001,2553.147152273036,0.20604214862455622,0.10407898472659402,0.1152647975077881,True
Dublin,2ae19629-1dce-13a3-e055-000000000001,2826.3584550834366,0.18627374436216737,0.08098571211605876,0.3489096573208722,True
Dublin,2ae19629-1dcf-13a3-e055-000000000001,2591.20303122037,0.47334602141662474,0.39923061769785256,0.4454828660436137,True
Dublin,2ae19629-1dd0-13a3-e055-000000000001,2067.989010076556,0.21237636366172513,0.10984124951028384,0.1962616822429906,True
Dublin,2ae19629-1dd1-13a3-e055-000000000001,3734.59141950894,0.718128672139362,0.7234682255750663,0.8037383177570093,True
Dublin,2ae19629-1dd2-13a3-e055-000000000001,4392.633386163248,0.8996210961841582,0.9728512971922457,0.8317757009345794,True
Dublin,2ae19629-1dd3-13a3-e055-000000000001,5037.688299496969,0.71370684645418,0.7107139756751552,0.660436137071651,True
Dublin,2ae19629-1dd4-13a3-e055-000000000001,5428.22872149282,0.9507099330732636,0.995018672899639,0.9532710280373832,True
Dublin,2ae19629-1dd5-13a3-e055-000000000001,3608.672809753152,0.7826307827302099,0.8587098357320688,0.8909657320872274,True
Dublin,2ae19629-1dd6-13a3-e055-000000000001,2874.566494676802,0.7485722540786472,0.7954950290499825,0.8878504672897196,True
Dublin,2ae19629-1dd7-13a3-e055-000000000001,4702.494705968433,0.48065926583022617,0.40184071406413674,0.3333333333333333,True
Dublin,2ae19629-1dd8-13a3-e055-000000000001,3437.7933395703635,0.42965118575099387,0.359260992053107,0.4330218068535825,True
Dublin,2ae19629-1dde-13a3-e055-000000000001,12574.568043338288,0.7794329479964928,0.8504828639958032,0.8068535825545171,True
Dublin,2ae19629-1ddf-13a3-e055-000000000001,10740.630531434314,0.6396830207805058,0.5705554503972814,0.6510903426791277,True
Dublin,2ae19629-1de0-13a3-e055-000000000001,7542.108020335022,0.8374403212721634,0.9311123398049935,0.8411214953271028,True
Dublin,2ae19629-1de1-13a3-e055-000000000001,6440.855418822521,0.7554523907166641,0.806541092827083,0.8473520249221184,True
Dublin,2ae19629-1de2-13a3-e055-000000000001,5127.953674095101,0.6737527317871235,0.6361380185674588,0.616822429906542,True
Dublin,2ae19629-1de3-13a3-e055-000000000001,3832.8838256514737,0.25852190952048365,0.16934585325019577,0.2679127725856697,True
Dublin,2ae19629-1de4-13a3-e055-000000000001,7912.280442122757,0.4114236202849217,0.336288610495959,0.4143302180685358,True
Dublin,2ae19629-1de5-13a3-e055-000000000001,4012.158983366978,0.7879122831624177,0.8640832824318182,0.6978193146417445,True
Dublin,2ae19629-1de6-13a3-e055-000000000001,2709.3311199612085,0.5352922162669532,0.43654390955753264,0.7040498442367601,True
Dublin,2ae19629-1de7-13a3-e055-000000000001,2791.329098648496,0.45701152750241325,0.3907567607627961,0.4672897196261682,True
Dublin,2ae19629-1de8-13a3-e055-000000000001,3485.769719547695,0.6945010355339681,0.6793999446874169,0.6479750778816199,True
Dublin,2ae19629-1de9-13a3-e055-000000000001,2799.5073480870988,0.6377472282702078,0.5657100254904978,0.5295950155763239,True
Dublin,2ae19629-1dea-13a3-e055-000000000001,4507.490370008682,0.06905715268517224,0.019294964806442317,0.0186915887850467,True
Dublin,2ae19629-1deb-13a3-e055-000000000001,2540.1841092639497,0.09934036188212507,0.035337639800656004,0.0623052959501557,True
Dublin,2ae19629-1dec-13a3-e055-000000000001,5393.73097284635,0.20010308972849178,0.0908105739258652,0.2336448598130841,True
Dublin,2ae19629-1ded-13a3-e055-000000000001,1875.854502413008,0.20521312250686455,0.10021337775973371,0.0062305295950155,True
Dublin,2ae19629-1dee-13a3-e055-000000000001,4922.3001418563845,0.5359074830932591,0.4392749375961265,0.4579439252336448,True
Dublin,2ae19629-1def-13a3-e055-000000000001,8928.747801272446,0.8113844612715593,0.9075729683908936,0.8722741433021807,True
Dublin,2ae19629-1df0-13a3-e055-000000000001,3769.201748831405,0.725715463298645,0.7385250188885316,0.6791277258566978,True
Dublin,2ae19629-1df1-13a3-e055-000000000001,3602.408165984684,0.6104262068926605,0.5332173554082784,0.719626168224299,True
Dublin,2ae19629-1df2-13a3-e055-000000000001,2014.813345450908,0.7280238612015416,0.7532028655184089,0.97196261682243,True
Dublin,2ae19629-1df3-13a3-e055-000000000001,883.8174875782181,0.7634061993028242,0.821197241662735,0.97196261682243,True
Dublin,2ae19629-1df4-13a3-e055-000000000001,4265.41369176387,0.7703850190177003,0.8317690896062937,0.8504672897196262,True
Dublin,2ae19629-1df5-13a3-e055-000000000001,1514.4708042211005,0.28508357291517616,0.1844846522869248,0.102803738317757,True
Dublin,2ae19629-1df6-13a3-e055-000000000001,4140.9431617922255,0.08368907266894825,0.026641299665574922,0.0591900311526479,True
Dublin,2ae19629-1df7-13a3-e055-000000000001,2179.470428042942,0.1612423825722144,0.0756351856191049,0.0965732087227414,True
Dublin,2ae19629-1df8-13a3-e055-000000000001,1749.138014793396,0.4071775488669195,0.33283121013249567,0.02803738317757,True
Dublin,2ae19629-1dfe-13a3-e055-000000000001,3678.3905004072,0.8660823661342547,0.9448641101872262,0.8566978193146417,True
Dublin,2ae19629-1dff-13a3-e055-000000000001,5579.487705588282,0.6863791679197606,0.6586040431429476,0.6635514018691588,True
Dublin,2ae19629-1e00-13a3-e055-000000000001,2534.469918457998,0.7747813838901596,0.8392651665805303,0.8130841121495327,True
Dublin,2ae19629-1e01-13a3-e055-000000000001,3334.8206089933715,0.774335067377312,0.8371648034409588,0.7881619937694704,True
Dublin,2ae19629-1e02-13a3-e055-000000000001,4776.188080971853,0.7124999842907549,0.7072020172690343,0.881619937694704,True
Dublin,2ae19629-1e03-13a3-e055-000000000001,4134.381982393977,0.6946818546872628,0.6821268646921165,0.7009345794392523,True
Dublin,2ae19629-1e04-13a3-e055-000000000001,3033.5402279475497,0.8042983632275197,0.8977864177432836,0.8286604361370716,True
Dublin,2ae19629-1e05-13a3-e055-000000000001,3935.490220705669,0.440439503909815,0.3742279278842462,0.4922118380062305,True
Dublin,2ae19629-1e06-13a3-e055-000000000001,3240.7172364969224,0.3653296886511038,0.27526508423245727,0.3738317757009345,True
Dublin,2ae19629-1e07-13a3-e055-000000000001,1731.8589835696748,0.4534259723428477,0.3891381089893311,0.3364485981308411,True
Dublin,2ae19629-1e08-13a3-e055-000000000001,2267.445056968265,0.36753723081109635,0.27723621532468407,0.3239875389408099,True
Dublin,2ae19629-1e09-13a3-e055-000000000001,3462.147211509343,0.4316102641069493,0.36173017989292167,0.4984423676012461,True
Dublin,2ae19629-1e0a-13a3-e055-000000000001,3824.5366785625615,0.3820330227690841,0.287342022931328,0.3644859813084112,True
Dublin,2ae19629-1e0b-13a3-e055-000000000001,2220.062282970589,0.5468235299481325,0.4539247472580034,0.5202492211838006,True
Dublin,2ae19629-1e0c-13a3-e055-000000000001,3070.262068819876,0.6822942630747212,0.6532491902336185,0.4859813084112149,True
Dublin,2ae19629-1e0d-13a3-e055-000000000001,2863.419831169976,0.029684016344789784,0.002867711341912003,0.0031152647975077,True
Dublin,2ae19629-1e0e-13a3-e055-000000000001,3851.396971490648,0.36248307107463923,0.2727271258208882,0.2803738317757009,True
Dublin,2ae19629-1e15-13a3-e055-000000000001,10353.83730195706,0.5793620906403016,0.5005468356343372,0.5482866043613707,True
Dublin,2ae19629-1e16-13a3-e055-000000000001,4422.653184602942,0.6568800424436043,0.5891870411662042,0.6012461059190031,True
Dublin,2ae19629-1e17-13a3-e055-000000000001,6186.010590514788,0.5598783780402524,0.4763202195504257,0.5950155763239875,True
Dublin,2ae19629-1e19-13a3-e055-000000000001,5557.836814319922,0.6180643040588901,0.5463807771913263,0.6448598130841121,True
Dublin,2ae19629-1e22-13a3-e055-000000000001,3325.387863017573,0.8290643845505389,0.9140190323937442,0.9034267912772586,True
Dublin,2ae19629-1e23-13a3-e055-000000000001,1030.6297488317102,0.4264939168487361,0.35766193828281,0.454828660436137,True
Dublin,2ae19629-1e24-13a3-e055-000000000001,6182.883787098031,0.735270910601423,0.7801845346430433,0.7289719626168224,True
Dublin,2ae19629-1e25-13a3-e055-000000000001,2371.054316830304,0.43669130921351723,0.3680797715616157,0.4018691588785046,True
Dublin,2ae19629-1e26-13a3-e055-000000000001,2330.8375466929538,0.661742751570428,0.5964652682829248,0.5233644859813084,True
Dublin,2ae19629-1e27-13a3-e055-000000000001,2442.395636259475,0.667582919297155,0.6014961319781078,0.6853582554517134,True
Dublin,2ae19629-1e28-13a3-e055-000000000001,1591.6721852885353,0.776638877096737,0.8407417329121523,0.6105919003115264,True
Dublin,2ae19629-1e29-13a3-e055-000000000001,1796.8735718462203,0.5571502035599692,0.4591270154019337,0.2772585669781931,True
Dublin,2ae19629-1e2a-13a3-e055-000000000001,5423.915247751607,0.7147207275389773,0.7144577273890428,0.8348909657320872,True
Dublin,2ae19629-1e33-13a3-e055-000000000001,1130.9113164798923,0.6592739185012275,0.5911744197286984,0.7507788161993769,True
Dublin,2ae19629-1e34-13a3-e055-000000000001,2714.737761898173,0.37116534998718914,0.28032040014159065,0.514018691588785,True
Dublin,2ae19629-1e35-13a3-e055-000000000001,722.5758279824059,0.7493051144665089,0.7967822894278713,0.7476635514018691,True
Dublin,2ae19629-1e36-13a3-e055-000000000001,3274.037333859337,0.6977794055043742,0.7000108736845606,0.8193146417445483,True
Dublin,2ae19629-1e37-13a3-e055-000000000001,1494.6656803455617,0.7277532651881179,0.751946976011763,0.9345794392523364,True
Dublin,2ae19629-1e38-13a3-e055-000000000001,3773.828850239412,0.7597190185083722,0.8159290319422132,0.8691588785046729,True
Dublin,2ae19629-1eef-13a3-e055-000000000001,7757.479560771879,0.5572764947869857,0.46254610175459265,0.5358255451713395,True
Dublin,2ae19629-1ef0-13a3-e055-000000000001,21191.03916751362,0.38916017518890916,0.30279904256554163,0.3769470404984423,True
Dublin,2ae19629-1ef1-13a3-e055-000000000001,8691.747568705428,0.23849462134750865,0.13948112694821235,0.2180685358255451,True
Dublin,2ae19629-1ef2-13a3-e055-000000000001,8248.856786919398,0.543799369344596,0.44612099909500724,0.4890965732087227,True
Cork,2ae19629-1efc-13a3-e055-000000000001,435.1705262317943,0.49225451830833256,0.3315800377598903,0.6179775280898876,True
Cork,2ae19629-1f5b-13a3-e055-100000000001,3989.228414173937,0.9386901352128945,0.9841066339027807,0.9662921348314608,True
Cork,2ae19629-1f5b-13a3-e055-200000000001,3664.93979120772,0.8677249529397147,0.7920697579070345,0.9887640449438202,True
Cork,2ae19629-214b-13a3-e055-000000000001,641.4716789457533,0.6308810182262202,0.443456195753915,0.7078651685393258,True
Cork,2ae19629-214c-13a3-e055-000000000001,1498.981769495954,0.7375771188196888,0.5342418717570402,0.8089887640449438,True
Cork,2ae19629-214d-13a3-e055-000000000001,1460.7034612397354,0.8273665344299168,0.6637041755250653,0.7865168539325843,True
Cork,2ae19629-214e-13a3-e055-000000000001,514.1562105284797,0.38185424208022134,0.2216626401231569,0.3820224719101123,True
Cork,2ae19629-2157-13a3-e055-000000000001,825.600858853923,0.3567596765686369,0.20670156721162775,0.4606741573033708,True
Cork,2ae19629-2158-13a3-e055-000000000001,1095.9753871139967,0.314180218845373,0.12259295607443128,0.2808988764044944,True
Cork,2ae19629-2159-13a3-e055-000000000001,1667.2035826599329,0.36322104952877565,0.21615507024831732,0.4044943820224719,True
Cork,2ae19629-215a-13a3-e055-000000000001,4233.4823677606055,0.7299985687839973,0.5060310249647266,0.7752808988764045,True
Cork,2ae19629-215b-13a3-e055-000000000001,2720.4430279217454,0.7314153702640581,0.5235885274641936,0.6966292134831461,True
Cork,2ae19629-215c-13a3-e055-000000000001,1329.4274512170296,0.6880015110077042,0.4840437715918612,0.7191011235955056,True
Cork,2ae19629-215d-13a3-e055-000000000001,666.2941915194194,0.41931338537655566,0.2691573736665579,0.0337078651685393,True
Cork,2ae19629-215e-13a3-e055-000000000001,2071.068171527651,0.3544886533192023,0.19596475299735489,0.2022471910112359,True
Cork,2ae19629-215f-13a3-e055-000000000001,930.5496894253624,0.8071934421932517,0.6047133867457424,0.9550561797752808,True
Cork,2ae19629-2160-13a3-e055-000000000001,950.0233935779996,0.4346472710843014,0.2964273721355573,0.2584269662921348,True
Cork,2ae19629-2161-13a3-e055-000000000001,2048.6227804554837,0.30881801766248124,0.11006514764845897,0.3370786516853932,True
Cork,2ae19629-2162-13a3-e055-000000000001,1439.9188123279146,0.19803754074445146,0.013730307650622397,0.1910112359550561,True
Cork,2ae19629-2163-13a3-e055-000000000001,829.6766356097329,0.5765166200294501,0.381916783966792,0.8314606741573034,True
Cork,2ae19629-2164-13a3-e055-000000000001,1071.4258676966033,0.5614491882468524,0.37435544973250906,0.651685393258427,True
Cork,2ae19629-2165-13a3-e055-000000000001,999.8617647271536,0.4785294225293157,0.3279568204255525,0.3932584269662921,True
Cork,2ae19629-2166-13a3-e055-000000000001,1159.394592550066,0.4733042275846392,0.3225050580420471,0.3707865168539326,True
Cork,2ae19629-2167-13a3-e055-000000000001,639.0478392740091,0.22247793681585562,0.02961909745128604,0.0898876404494382,True
Cork,2ae19629-2172-13a3-e055-000000000001,680.7360225915909,0.09917756312761536,0.0017187449876223779,0.0224719101123595,True
Cork,2ae19629-2173-13a3-e055-000000000001,3400.709738871833,0.3261293991348741,0.15414145507494534,0.449438202247191,True
Cork,2ae19629-2174-13a3-e055-000000000001,1621.4571973217858,0.3408331885967082,0.1758147573720031,0.0449438202247191,True
Cork,2ae19629-2175-13a3-e055-000000000001,725.8800768256187,0.33034010016853954,0.16988812202392706,0.1235955056179775,True
Cork,2ae19629-2176-13a3-e055-000000000001,611.3666109376483,0.29896366267159874,0.0896461036195964,0.0786516853932584,True
Cork,2ae19629-2177-13a3-e055-000000000001,574.5308919482761,0.24169099798592694,0.03542094358464336,0.3258426966292135,True
Cork,2ae19629-2178-13a3-e055-000000000001,1883.5979368156852,0.4009490799852619,0.24461501335197794,0.3595505617977528,True
Cork,2ae19629-2179-13a3-e055-000000000001,908.6188362969292,0.3099066796709854,0.11753168979886741,0.0112359550561797,True
Cork,2ae19629-217a-13a3-e055-000000000001,1336.2795969843864,0.31588272927933,0.12873399448550815,0.4157303370786517,True
Cork,2ae19629-217b-13a3-e055-000000000001,653.5606620311737,0.49654712289485237,0.3343289025335968,0.8764044943820225,True
Cork,2ae19629-217c-13a3-e055-000000000001,649.5661954085033,0.30694568260052457,0.1032526702357476,0.4382022471910112,True
Cork,2ae19629-217d-13a3-e055-000000000001,2144.0988805608617,0.3448026192728253,0.1853221588017563,0.4719101123595505,True
Cork,2ae19629-217e-13a3-e055-000000000001,2001.679107983907,0.3891100214332475,0.23480533643661372,0.6067415730337079,True
Cork,2ae19629-217f-13a3-e055-000000000001,704.3028653462728,0.26163663996299164,0.04592013504249055,0.146067415730337,True
Cork,2ae19629-2180-13a3-e055-000000000001,542.1669045024448,0.23608588603928513,0.032601467786915334,0.0,True
Cork,2ae19629-2181-13a3-e055-000000000001,900.9059971173604,0.21708748701426978,0.022635952608004103,0.0561797752808988,True
Cork,2ae19629-2182-13a3-e055-000000000001,1318.3568699724146,0.16140405844242023,0.006766121319794679,0.1011235955056179,True
Cork,2ae19629-2183-13a3-e055-000000000001,3878.2481962194047,0.2630088860158644,0.05749031262410941,0.2134831460674157,True
Cork,2ae19629-2184-13a3-e055-000000000001,1572.7440893583828,0.7187426684651643,0.49137127097935424,0.7415730337078652,True
Cork,2ae19629-218c-13a3-e055-000000000001,1047.077261791047,0.6545003885229864,0.46481480761899346,0.9775280898876404,True
Cork,2ae19629-218d-13a3-e055-000000000001,4928.798130056252,0.6304767217120507,0.42939219297427905,0.6853932584269663,True
Cork,2ae19629-218e-13a3-e055-000000000001,4800.736531005345,0.6100498684005172,0.40482673973598227,0.6404494382022472,True
Cork,2ae19629-218f-13a3-e055-000000000001,3009.0020175932186,0.7664634571089163,0.5456237793999547,0.7528089887640449,True
Cork,2ae19629-2190-13a3-e055-000000000001,579.635743971707,0.3243933498749541,0.14409174620013365,0.2359550561797752,True
Cork,2ae19629-2191-13a3-e055-000000000001,2532.233158482549,0.28438853562144606,0.07367570950481915,0.0674157303370786,True
Cork,2ae19629-2192-13a3-e055-000000000001,1452.6049697664048,0.5504938596353057,0.34537658497573587,0.5955056179775281,True
Cork,2ae19629-2193-13a3-e055-000000000001,2256.784004232122,0.5516127305714352,0.3547421738304727,0.550561797752809,True
Cork,2ae19629-2194-13a3-e055-000000000001,677.9076720343696,0.35485232726525473,0.2029054587855248,0.3146067415730337,True
Cork,2ae19629-2195-13a3-e055-000000000001,1439.768190956778,0.25529726061790614,0.04050671301276203,0.2247191011235955,True
Cork,2ae19629-2196-13a3-e055-000000000001,3362.838785337517,0.42530620366193017,0.2793302628315428,0.5842696629213483,True
Cork,2ae19629-2197-13a3-e055-000000000001,1590.8631767696802,0.29709931331320705,0.08408584048734033,0.348314606741573,True
Cork,2ae19629-2198-13a3-e055-000000000001,1055.0628197722965,0.3301053146580565,0.1653915380689366,0.1123595505617977,True
Cork,2ae19629-2199-13a3-e055-000000000001,1876.2003309461809,0.4703575146106449,0.31484068685253924,0.4831460674157303,True
Cork,2ae19629-219a-13a3-e055-000000000001,593.198069943322,0.20010093653772495,0.01886358888546988,0.1685393258426966,True
Cork,2ae19629-21a6-13a3-e055-000000000001,1344.768276988529,0.38521979193735695,0.22635611459674918,0.1573033707865168,True
Cork,2ae19629-21a7-13a3-e055-000000000001,1023.8549058669144,0.45461102222952793,0.3075185307792871,0.2696629213483146,True
Cork,2ae19629-21a8-13a3-e055-000000000001,579.1878587934705,0.516598300849065,0.33744138706629423,0.247191011235955,True
Cork,2ae19629-21a9-13a3-e055-000000000001,573.9871440634855,0.41258368217840735,0.25082000603524424,0.6629213483146067,True
Cork,2ae19629-21aa-13a3-e055-000000000001,625.7021644479698,0.3617565424238858,0.21036586543302194,0.4943820224719101,True
Cork,2ae19629-21ab-13a3-e055-000000000001,2064.0811027427103,0.30536431905321826,0.09640116313595272,0.1797752808988764,True
Cork,2ae19629-21ac-13a3-e055-000000000001,3011.260964223908,0.4161864287399029,0.25987215989665163,0.5280898876404494,True
Cork,2ae19629-21ad-13a3-e055-000000000001,1229.3586202561855,0.43401891231130757,0.2909247958239182,0.2921348314606741,True
Cork,2ae19629-21ae-13a3-e055-000000000001,1263.541274798206,0.6062657142212243,0.3895154491088257,0.5617977528089888,True
Cork,2ae19629-21af-13a3-e055-000000000001,2219.9684791422915,0.5570779284144566,0.3660452276373403,0.6741573033707865,True
Cork,2ae19629-21b0-13a3-e055-000000000001,2083.3820551509657,0.31771296635292157,0.1373680701461381,0.1348314606741573,True
Cork,2ae19629-21b1-13a3-e055-000000000001,612.9153316815693,0.22230652138624335,0.026458099129828477,0.3033707865168539,True
Cork,2ae19629-21b2-13a3-e055-000000000001,751.8261546227668,0.6512679129738,0.4602728763452419,0.5730337078651685,True
Cork,2ae19629-21b3-13a3-e055-000000000001,935.3366499476964,0.8135933941464889,0.6094244387348253,0.8651685393258427,True
Cork,2ae19629-21b4-13a3-e055-000000000001,2633.6066887227616,0.64194474491682,0.4517252227213301,0.6292134831460674,True
Cork,2ae19629-21b5-13a3-e055-000000000001,555.5336414443121,0.5503281342777467,0.3403063697117787,0.5168539325842697,True
Cork,2ae19629-21b6-13a3-e055-000000000001,1209.4748836093477,0.4507170749560682,0.3018797453265111,0.4269662921348314,True
Cork,2ae19629-21b7-13a3-e055-000000000001,546.8415056202145,0.5740268114992431,0.3784413051070084,0.5056179775280899,True
Cork,2ae19629-21c0-13a3-e055-000000000001,458.1765490577867,0.5856986995429467,0.38516839859049584,0.5393258426966292,True
Cork,2ae19629-21cb-13a3-e055-000000000001,3171.6010846274185,0.7996340643726348,0.5612287720107222,0.797752808988764,True
Galway,2ae19629-235a-13a3-e055-000000000001,14326.86658956364,0.6663785134070564,0.5512150419488961,0.6666666666666666,True
Galway,2ae19629-235b-13a3-e055-000000000001,940.2325889592048,0.5651139962948517,0.45387090878042397,0.8571428571428571,True
Galway,2ae19629-235c-13a3-e055-000000000001,15593.975233776078,0.9029706903457652,0.9005716813631502,0.9047619047619048,True
Galway,2ae19629-235d-13a3-e055-000000000001,4467.435855266948,0.5595101443780482,0.4193912220363816,0.3333333333333333,True
Galway,2ae19629-235e-13a3-e055-000000000001,2184.921387894338,0.4402839221961235,0.20113102509373448,0.3809523809523809,True
Galway,2ae19629-235f-13a3-e055-000000000001,3393.4509591367096,0.2625254033952719,0.08756673275038092,0.1428571428571428,True
Galway,2ae19629-2360-13a3-e055-000000000001,4601.671284257072,0.497600641589974,0.25552098055839323,0.5714285714285714,True
Galway,2ae19629-2361-13a3-e055-000000000001,1627.8909640071606,0.7690925996993027,0.7357048191375457,1.0,True
Galway,2ae19629-236f-13a3-e055-000000000001,871.8648881619382,0.4974561398216612,0.22062131639560645,0.5238095238095238,True
Galway,2ae19629-2370-13a3-e055-000000000001,4607.532435318041,0.5047103679617698,0.3142395323128101,0.4285714285714285,True
Galway,2ae19629-2371-13a3-e055-000000000001,1672.7357664108276,0.22329048183416766,0.05526435824548424,0.238095238095238,True
Galway,2ae19629-2372-13a3-e055-000000000001,2375.314661949149,0.7794210049873598,0.7612295489501395,0.7142857142857143,True
Galway,2ae19629-2373-13a3-e055-000000000001,1774.3944506224038,0.11753682896659393,0.011313667886416214,0.0476190476190476,True
Galway,2ae19629-2374-13a3-e055-000000000001,1361.6776245370922,0.38954485079012124,0.1519310794915517,0.2857142857142857,True
Galway,2ae19629-2375-13a3-e055-000000000001,3176.907672636993,0.7358332174677373,0.7050690740713742,0.8095238095238095,True
Galway,2ae19629-2376-13a3-e055-000000000001,1389.0776670967332,0.5181013144671875,0.3524743538426292,0.4761904761904761,True
Galway,2ae19629-2377-13a3-e055-000000000001,1942.3112335362368,0.7912038202161821,0.7887590452367051,0.9523809523809524,True
Galway,2ae19629-2382-13a3-e055-000000000001,3313.0657888886826,0.7029857893670762,0.6636885319322794,0.7619047619047619,True
Galway,2ae19629-2383-13a3-e055-000000000001,1722.9679635646237,0.1950389606728312,0.03361310464280801,0.0,True
Galway,2ae19629-2384-13a3-e055-000000000001,2669.7705257510142,0.2964406312856285,0.1262262732926438,0.1904761904761904,True
Galway,2ae19629-2385-13a3-e055-000000000001,2319.2421387366744,0.5194745371480871,0.37611887024939666,0.6190476190476191,True
Galway,2ae19629-2386-13a3-e055-000000000001,2084.8705993543067,0.3930616233185692,0.17390652128012773,0.0952380952380952,True
Cork,2ae19749-1f5b-13a3-e055-300000000001,18100.58411933189,0.8542795095977151,0.737115438049249,0.8539325842696629,True
Cork,2ae19759-1f5b-13a3-e055-400000000001,1152.7947746199725,0.9678459754558989,0.9970893853492689,0.9325842696629212,True
Cork,2ae19769-1f5b-13a3-e055-500000000001,1783.891830540288,0.7999386143863263,0.5737405656083597,0.9213483146067416,True
Cork,2ae19779-1f5b-13a3-e055-600000000001,8672.548764874718,0.8252526014218137,0.6381194027292285,0.8426966292134831,True
Cork,2ae19789-1f5b-13a3-e055-700000000001,4757.199584975736,0.8303437906779658,0.6794033442770273,0.7640449438202247,True
Cork,2ae19809-1f5b-13a3-e055-900000000001,4776.416056805679,0.8067023709162567,0.5903042495099537,0.8202247191011236,True
Cork,2ae19819-1f5b-13a3-e055-110000000001,1297.794749091095,0.8748338735933899,0.8204694735327893,1.0,True
Cork,2ae19849-1f5b-13a3-e055-140000000001,878.6035105070202,0.8190890630656815,0.6140043352808597,0.7303370786516854,True
Cork,316a25a0-f7b6-4d01-b188-5efd7bd804c5,3142.7100644854754,0.8729512950666553,0.8092579390501685,0.898876404494382,True
Waterford,52b67420-9925-451f-8d49-872af209226e,463.4382176619741,0.4578421219039154,0.5567159779102634,0.5263157894736842,True
Cork,591bceee-1721-4c8d-865f-1e0bd869b6ad,22041.74912320843,0.9288104248523102,0.9183827546302293,0.9101123595505618,True
Cork,6b896afd-b53d-4ebc-bd6e-0154e333b3af,2619.71466237141,0.6675307240119027,0.4740728460232421,0.8876404494382022,True
Cork,7c85cece-22eb-4ebb-8d1f-9c0f734eaea8,7720.276620549758,0.9079846914394336,0.8432386005514872,0.9438202247191012,True
Dublin,94b26e15-6ed2-44c2-a0b0-207c369a2da8,3351.9951307889496,0.3413905918433829,0.24972331691927988,0.3426791277258567,True
Limerick,fbd773f9-3255-4b44-ade1-02facf2621f8,211.4016984085449,0.4982360620004536,0.4404266999037397,0.4319526627218935,True
Oslo,030101,7429.559435321207,0.0644783057595866,0.03593182422510537,0.0,True
Oslo,030102,14639.301189461534,0.01268015231604772,0.010801249030161185,0.0175438596491228,True
Oslo,030103,9812.541135660618,0.17695824153871198,0.06736880696081901,0.1228070175438596,True
Oslo,030104,1968.833780203357,0.6658174278964062,0.6453022781742699,0.8947368421052632,True
Oslo,030105,4663.439034150571,0.4129362843076844,0.2807023168177068,0.4912280701754385,True
Oslo,030106,13720.031508673212,0.49251145011522107,0.3380014249103376,0.5263157894736842,True
Oslo,030107,6965.862035158641,0.298786470026254,0.15706569330222542,0.3859649122807017,True
Oslo,030108,6776.1760116110045,0.19676137566961036,0.07960838470292955,0.0701754385964912,True
Oslo,030109,9535.366754247218,0.39894447739463124,0.22862504110134552,0.2982456140350877,True
Oslo,030110,1196.2799012393366,0.4797294423395988,0.32699579068881596,0.1052631578947368,True
Oslo,030111,3087.133705956596,0.504323624561719,0.38692963408734005,0.3508771929824561,True
Oslo,030112,8122.766745141575,0.2963735589998917,0.14593291893885607,0.2631578947368421,True
Oslo,030113,4584.323709214221,0.24843793406403608,0.09778637432978547,0.1929824561403508,True
Oslo,030114,3580.9224287636425,0.32880286804827846,0.2094339335877672,0.3333333333333333,True
Oslo,030115,5725.817121400061,0.32697998653639965,0.2025671842642043,0.0175438596491228,True
Oslo,030116,2750.7236371794525,0.3547680194133051,0.21410558321393403,0.4210526315789473,True
Oslo,030117,4918.622137747248,0.27911302518062253,0.12675428808325415,0.087719298245614,True
Oslo,030118,2352.6057096792724,0.5521139914779744,0.5074501133960898,0.5614035087719298,True
Oslo,030119,5639.520506606419,0.419787408181093,0.2883041026070109,0.4385964912280701,True
Oslo,030120,6476.031803486298,0.2928180594795305,0.13516155378801137,0.2807017543859649,True
Oslo,030121,4861.894161813265,0.2619972542587935,0.11202854727849518,0.2280701754385964,True
Oslo,030122,6638.374792317954,0.21668049172285175,0.08950598172520348,0.2456140350877192,True
Oslo,030123,6721.880766965905,0.15247515762412767,0.055169289632178715,0.1403508771929824,True
Oslo,030124,4928.342429340646,0.25636175296679636,0.10480506153169092,0.2105263157894736,True
Oslo,030125,5995.732510255308,0.05155859530978369,0.026026302115130746,0.0526315789473684,True
Oslo,030126,5960.876380874186,0.13997574084743797,0.04581162859563326,0.1578947368421052,True
Oslo,030127,5088.891218817964,0.26531471801487755,0.11937049000860704,0.1578947368421052,True
Oslo,030128,3696.31303628306,0.38109562379959333,0.2188623709673536,0.3684210526315789,True
Oslo,030129,4427.89551045548,0.6240210151492727,0.6005404063552863,0.8421052631578947,True
Oslo,030130,21478.61462166093,0.9312675772493186,0.9462537949751744,0.9473684210526316,True
Oslo,030131,15283.235924607843,0.942798554495617,0.9733776240036842,0.9649122807017544,True
Oslo,030132,16256.66705138491,0.5863458006719259,0.5211805084990437,0.5964912280701754,True
Oslo,030133,18156.93217774034,0.6235727916618155,0.5838767456377179,0.6666666666666666,True
Oslo,030134,19170.745799014097,0.5339368668418323,0.4536313601536056,0.4736842105263157,True
Oslo,030135,27135.281099360567,0.636164009122976,0.6238285214321865,0.631578947368421,True
Oslo,030136,29582.086364891456,0.6802832781316666,0.6894079743302435,0.6491228070175439,True
Oslo,030137,24753.452694945267,0.49620785936139583,0.36638814081726956,0.5087719298245614,True
Oslo,030138,22802.18201881759,0.4260116304536688,0.3092891146538987,0.4385964912280701,True
Oslo,030139,28191.65104824814,0.4129097241878417,0.25646099509779896,0.4035087719298245,True
Oslo,030140,24489.02169109512,0.30337745353506534,0.18027390713326608,0.3157894736842105,True
Oslo,030141,34072.62235456143,0.5332006054342795,0.41434704793210975,0.5614035087719298,True
Oslo,030142,25709.52013040737,0.5395582648224845,0.486745162688969,0.543859649122807,True
Oslo,030143,14113.51704459896,0.6732324613483924,0.6571682459551744,0.6842105263157895,True
Oslo,030144,31417.08873962565,0.712592931253689,0.7359258288184699,0.7017543859649122,True
Oslo,030145,24949.372504534847,0.7981576977441307,0.8220153558094906,0.8070175438596491,True
Oslo,030146,23453.34671607959,0.6100445919453567,0.5531756227678536,0.6140350877192983,True
Oslo,030147,13549.356751395884,0.8723311106846202,0.868158735990669,0.912280701754386,True
Oslo,030148,9109.84829192259,0.7725119035808872,0.774094116112654,0.7543859649122807,True
Oslo,030149,18604.2863506582,0.8827201737069656,0.8918825122746231,0.8771929824561403,True
Oslo,030150,10399.489112483032,0.9809418178466169,0.9923269922357191,0.9824561403508772,True
Oslo,030151,637.6306106412441,0.7683347863398498,0.7669021780767986,0.7192982456140351,True
Oslo,030152,16804.176407920615,0.9240119777893878,0.9180077773457399,0.9298245614035088,True
Oslo,030153,7111.376738039055,0.808817710564737,0.8456705926395028,0.7894736842105263,True
Oslo,030154,15445.0348643434,0.7897999833150086,0.7922113338981769,0.7719298245614035,True
Oslo,030155,4964.291627246468,0.7439744286850382,0.762768937264554,0.8070175438596491,True
Oslo,030156,4909.107078644352,0.855449768430108,0.8545396115555481,0.8596491228070176,True
Oslo,030159,1024.029792324127,0.6829624220299659,0.7119899458452571,1.0,True
Oslo,030160,1827.0279005984871,0.6022320959829208,0.5345231189169817,0.7368421052631579,True
Eigersund,110101,3847.427472362048,0.9546115227572948,0.882465597898091,1.0,True
Eigersund,110102,2149.616816059363,0.6685756614405617,0.5433306172301886,0.6,True
Eigersund,110103,3938.022528800087,-0.00574753083338925,0.12030197494592589,0.0,True
Eigersund,110104,3186.126940992832,0.19910028401156035,0.337936395459818,0.2,True
Eigersund,110105,2552.1813865280046,0.7315384178474217,0.6869650442634981,0.8,True
Eigersund,110106,693.8645891447228,0.4772610691891661,0.45646559137867365,0.4,True
Stavanger,110301,3903.704838794143,0.3947260163361114,0.36999106907740614,0.5416666666666666,True
Stavanger,110302,6788.095366191499,0.058690752281050376,0.06975685480263887,0.0416666666666666,True
Stavanger,110303,3648.40776253963,0.17764298901196185,0.10164255298936008,0.2083333333333333,True
Stavanger,110304,4984.892019229885,0.413784164971412,0.39714759010964296,0.3333333333333333,True
Stavanger,110305,8022.005199531208,-0.030314926270697668,0.02450890240624677,0.0,True
Stavanger,110306,11112.21772412796,0.25838889330120407,0.3241142874647585,0.2916666666666667,True
Stavanger,110307,7056.074538949877,0.4181174526590242,0.4339352593907044,0.375,True
Stavanger,110308,5493.838590642931,0.19259770328636341,0.12957402623960315,0.125,True
Stavanger,110309,9110.50906320452,0.24901159089485794,0.262329630774697,0.25,True
Stavanger,110310,3290.105117115192,0.5117491110489453,0.4843975629108915,0.4166666666666667,True
Stavanger,110311,1847.0184208891185,0.7944631033320514,0.9812033789161273,0.9583333333333334,True
Stavanger,110312,8931.325139810653,0.589622181394499,0.5217365865067938,0.6666666666666666,True
Stavanger,110313,2746.736716302112,0.7062870879727894,0.9222692242452653,0.5,True
Stavanger,110314,2152.6504145171493,0.891366979474769,0.9934232031004855,1.0,True
Stavanger,110317,22785.378234825792,0.6848962875575879,0.7926231424374759,0.7083333333333334,True
Stavanger,110318,8451.162396670225,0.690226106553616,0.8880573022022735,0.7916666666666666,True
Stavanger,110319,7739.413541194431,0.223927621004761,0.21084959574702603,0.1666666666666666,True
Stavanger,110320,6684.521214696133,0.19932554478940812,0.1667814606045991,0.0833333333333333,True
Stavanger,110321,4970.199643117547,0.7920273746914016,0.9603753529977938,0.9166666666666666,True
Stavanger,110322,9156.586724674957,0.6632606691792993,0.67287227273912,0.8333333333333334,True
Stavanger,110323,3626.8371909450434,0.6741748630731522,0.7119283044135848,0.8333333333333334,True
Stavanger,110324,3085.314700031653,0.4516179597228958,0.46491932296828525,0.4583333333333333,True
Stavanger,110325,2377.7874860860484,0.7305080522228001,0.9379257166596705,0.75,True
Stavanger,110326,4695.099367210185,0.6329849724597543,0.6305524768596786,0.625,True
Stavanger,110327,10995.044185994002,0.607504950261438,0.5826158092160381,0.5833333333333334,True
Haugesund,110601,2796.120283122877,0.6551393245888124,0.6039492621303834,0.625,True
Haugesund,110602,3627.0639860896695,0.8486859742718121,0.8188150940374261,1.0,True
Haugesund,110603,3406.5216546355155,0.4252489047531368,0.5195212352178508,0.375,True
Haugesund,110604,3152.9210188647885,0.19719301632291203,0.3345097872398544,0.125,True
Haugesund,110605,6547.315501305522,0.03975776081611191,0.08911959369830012,0.0,True
Haugesund,110606,4163.876033257466,0.1614699046736992,0.23491630036297584,0.25,True
Haugesund,110607,4681.141290034111,0.750427087313478,0.7057269316565868,0.75,True
Haugesund,110608,3516.3617185994376,0.4205095486903453,0.425289553039041,0.5,True
Haugesund,110609,4841.989504434625,0.8846316092791712,0.9340926617572342,0.875,True
Sandnes,110801,4101.7949030222935,-0.034082816109288164,0.026714320891266807,0.0,True
Sandnes,110802,23384.1140039398,0.19831003253121623,0.2643959031734237,0.2,True
Sandnes,110803,7915.88856506397,0.6631574591260541,0.6099183596842479,0.8,True
Sandnes,110804,5717.106830409899,0.9167428073502033,0.9627654161048643,1.0,True
Sandnes,110805,9179.065132519572,0.6146337784549547,0.49858171572818305,0.6,True
Sandnes,110806,11316.693430199002,0.8499630076288408,0.8518270545050773,0.9,True
Sandnes,110807,4504.207933977152,0.1436149923577887,0.08276381308049295,0.1,True
Sandnes,110808,3598.4887779845417,0.6642086629728002,0.684909620456132,0.5,True
Sandnes,110809,5356.904218365533,0.7165394926301624,0.7432346337413219,0.7,True
Sandnes,110810,513.1827233183596,0.4778542308132172,0.42003509730655975,0.4,True
Sandnes,110811,1184.0147456936538,0.5339295501634348,0.4310886674813205,0.3,True
Hå,111901,1106.5222491576355,0.1813899784462764,0.028346332344072248,0.0,True
Hå,111902,7375.166113966563,0.4995544408326652,0.24562597345657342,0.5,True
Hå,111903,3656.833014335293,0.5344540077109516,0.5282381974298574,0.25,True
Hå,111904,2935.4070329836723,0.6632916350103544,0.6971148986579273,0.75,True
Hå,111905,4443.980215732778,0.9226851619565658,0.8861563423405711,1.0,True
Klepp,112001,2547.956035891101,0.6687603579317112,0.5500503942142725,0.75,True
Klepp,112002,4271.910081644619,0.06053363125803211,0.1438029042198582,0.0,True
Klepp,112003,1354.3908679415665,0.5576863057824146,0.41868788720465205,0.5,True
Klepp,112004,1269.812718739163,0.30146259693472205,0.33035079915349713,0.25,True
Klepp,112005,5409.2815017972935,0.926834200426087,0.8179104019432594,1.0,True
Time,112101,8882.620829539108,0.018453576591729862,0.18993248010813651,0.0,True
Time,112102,5013.254144905592,0.31865737398095223,0.48706077679192217,0.25,True
Time,112103,4244.829317810917,0.8686959641739088,0.9092350134673722,1.0,True
Time,112104,3007.398222684366,0.6060891890647047,0.6585622317674129,0.5,True
Time,112105,2235.5252470990868,0.7019648769441127,0.7706689485509994,0.75,True
Sola,112401,6061.290234128355,0.640945793491625,0.823049186301904,0.8,True
Sola,112402,5666.695700195808,0.3014409546060637,0.3462137543813753,0.4,True
Sola,112403,1107.754773201934,0.932614529831868,0.9763171619836588,1.0,True
Sola,112404,751.5845483763296,0.618022655349443,0.6773958216738276,0.2,True
Sola,112405,5263.653419334061,0.17485820383428113,0.1125323531163194,0.0,True
Sola,112406,4536.310728963874,0.5178897914493047,0.5643451986206384,0.6,True
Sauda,113501,439.17677883514943,0.6865439128875835,0.8769253618028885,0.75,True
Sauda,113502,857.2530560966352,0.2447583190708043,0.22540985698584035,0.25,True
Sauda,113503,721.4913295731708,0.060439293390254244,0.07070199646840684,0.0,True
Sauda,113504,408.38032989044274,0.9686575383138255,0.959981078831866,1.0,True
Sauda,113505,2676.039073141254,0.5198009861223474,0.571652143488456,0.5,True
Karmøy,114901,2784.509173139816,0.805018015638976,0.8199201320459035,0.8888888888888888,True
Karmøy,114902,1137.2600462125918,0.5592366271689132,0.7767691370467181,0.7777777777777778,True
Karmøy,114903,7946.049980082796,0.16933915848475384,0.08742991843116407,0.0,True
Karmøy,114904,1021.844107640964,0.46884324757447254,0.6868866025828323,0.5555555555555556,True
Karmøy,114905,5694.059029980297,0.23688656995492435,0.388413612134873,0.2222222222222222,True
Karmøy,114906,6857.365743522153,0.18523991400994028,0.250311026964527,0.1111111111111111,True
Karmøy,114907,5868.983925579704,0.32238165159441806,0.5156410905618491,0.3333333333333333,True
Karmøy,114908,4336.392382162281,0.32535030661722214,0.6279302430818688,0.4444444444444444,True
Karmøy,114909,3004.9256625147154,0.49989686348598655,0.731192912438452,0.5555555555555556,True
Karmøy,114910,6791.006114379769,0.9122703374067982,0.9252789609763351,1.0,True
Vindafjord,116001,1839.791081876912,0.9585431584047011,0.9149450677514291,1.0,True
Vindafjord,116002,1293.1899534296244,0.6258926135370433,0.7701049865492728,0.8333333333333334,True
Vindafjord,116003,1298.268335350428,0.5989941420933298,0.6502999112076089,0.3333333333333333,True
Vindafjord,116004,842.1183648589922,0.5422081450846479,0.5513482163302043,0.1666666666666666,True
Vindafjord,116005,157.22382649912367,0.45351075514369543,0.5051478715104062,0.6666666666666666,True
Vindafjord,116006,3709.032197034823,0.058144517307147855,0.17147136179436645,0.0,True
Vindafjord,116007,1675.6872008140676,0.2765297512404787,0.42041100938433346,0.5,True
Kristiansund,150501,1298.35670272527,0.550713519285168,0.6725592839000107,0.5454545454545454,True
Kristiansund,150502,2297.7061879442517,-0.0006758932312179362,0.045901670143897844,0.0,True
Kristiansund,150503,1846.0854045817891,0.14936652049038415,0.12868290467387264,0.0,True
Kristiansund,150504,1416.47612482488,0.2767357970307067,0.1938596552665943,0.4545454545454545,True
Kristiansund,150505,2832.909853465019,0.5803358759889831,0.7550903036334025,0.6363636363636364,True
Kristiansund,150506,1898.4301457793583,0.28273476893215405,0.26008210572156343,0.1818181818181818,True
Kristiansund,150507,1215.780891854506,0.4535978070920622,0.6223339264682043,0.3636363636363636,True
Kristiansund,150508,7509.538979240408,0.3018339727939737,0.4480267166411168,0.2727272727272727,True
Kristiansund,150509,2677.2068470046684,0.9582860596096248,0.8895981610632294,1.0,True
Kristiansund,150511,475.9934151638299,0.8315773337054989,0.8266061392411501,0.8181818181818182,True
Kristiansund,150512,1424.5965612716973,0.9682117198365607,0.9715405904433193,0.9090909090909092,True
Kristiansund,150513,135.48735370920326,0.8076688335060962,0.8143904831666633,0.7272727272727273,True
Molde,150601,2667.2699822129075,0.48783468039360955,0.47379059589895556,0.5555555555555556,True
Molde,150602,5246.614924004909,0.08433813798006545,0.08295009407124034,0.0,True
Molde,150603,4483.53540201698,0.2016498303897138,0.23678583322145177,0.1111111111111111,True
Molde,150604,4641.1208517575,0.5388752627556349,0.5893378041405087,0.6666666666666666,True
Molde,150605,8133.420133508553,0.8721610838804209,0.8468923831208254,0.8888888888888888,True
Molde,150606,603.9360861238092,0.4477050256365195,0.38192282245335896,0.3333333333333333,True
Molde,150607,775.3381351875141,0.8766362965756139,0.9877417397345923,1.0,True
Molde,150608,1269.7271923460066,0.45493754846935036,0.41154583604557093,0.4444444444444444,True
Molde,150609,1757.9264052957296,0.6216325669247014,0.6905080976778321,0.7777777777777778,True
Molde,150610,2046.2403268143532,0.33939837225710123,0.3400229716080452,0.2222222222222222,True
Ålesund,150701,2018.53204329099,0.3165851312802865,0.17608362436976915,0.5,True
Ålesund,150702,3603.272758954072,-0.012316435363232854,0.03239913781503553,0.0,True
Ålesund,150703,5179.038554138143,0.060415637701771316,0.11136604751132338,0.0625,True
Ålesund,150704,3123.835050094189,0.3338588601382506,0.22232166164853787,0.375,True
Ålesund,150705,4007.7852083246166,0.6531300238997212,0.6637549639313777,0.75,True
Ålesund,150706,5380.432777400603,0.6553573769382415,0.7481699357375637,0.6875,True
Ålesund,150707,12936.437411562634,0.375064722668875,0.43181069565063407,0.3125,True
Ålesund,150708,8840.89181017199,0.9704414530673227,0.9205063587113161,1.0,True
Ålesund,150709,802.2622651608319,0.7732054856818017,0.8337991070657264,0.9375,True
Ålesund,150710,1670.2801210973412,0.7408064957097799,0.8115670289287527,0.875,True
Ålesund,150711,4425.73906284757,0.41514277444950165,0.5879242030073925,0.25,True
Ålesund,150712,2227.79206491448,0.33555683001641745,0.2704412784616088,0.125,True
Ålesund,150713,1391.2417196556923,0.36071538005881526,0.3029821328979502,0.5625,True
Ørsta,152001,3166.6056524644773,0.4951196345004414,0.7435467570024905,0.5,True
Ørsta,152002,5584.822230434122,0.14812416211831567,0.2579062233128504,0.0,True
Ørsta,152003,82.71493068151176,0.7355976989575547,0.9961802373462486,1.0,True
Ørsta,152004,882.4299174132472,0.42948453289586347,0.5565629231758972,0.25,True
Ørsta,152005,1110.6615999508651,0.5056875589013989,0.9410702944856925,0.75,True
Averøy,155401,3494.718647390604,0.7723937502432987,0.6936916740589605,1.0,True
Averøy,155402,131.55508701503277,0.4820502625126229,0.3117308544333891,0.5,True
Averøy,155403,875.7378744260998,0.4631037806004536,0.2234427111284612,0.25,True
Averøy,155404,836.7771351801193,0.17286050580482243,0.07334261476360657,0.0,True
Averøy,155405,365.7879054379098,0.7021811943766783,0.3553224321274949,0.5,True
Surnadal,156601,602.7386789876891,0.6593058300275375,0.9105786921392844,0.4,True
Surnadal,156602,1861.876854321444,0.23085380849076256,0.15259563380758723,0.2,True
Surnadal,156603,2739.8905391593903,0.4477782111744119,0.6366236113061821,1.0,True
Surnadal,156604,257.12202018126845,0.27401965774732623,0.3262644645585605,0.0,True
Surnadal,156605,244.16220434755087,0.8840043504713896,0.9799889631595153,0.8,True
Surnadal,156606,394.8981954045594,0.3984862947065137,0.37970271307738634,0.6,True
Volda,157701,313.85103894770145,0.49223768577449356,0.746459061364907,0.4,True
Volda,157702,87.42305836826563,0.3077963200058346,0.7270851105622677,0.2,True
Volda,157703,31.62003906443715,0.5129379015958017,0.7631387815708981,0.8,True
Volda,157704,7485.997418280691,0.013731734245574868,0.3614321150070518,0.0,True
Volda,157705,1210.127533260733,0.9392593112009573,0.9415737236688567,1.0,True
Volda,157706,1227.002288505435,0.7265630501258558,0.8239064394300636,0.6,True
Hustadvika,157901,1511.5850159756992,0.4595099720059255,0.4945060967281971,0.8571428571428571,True
Hustadvika,157902,798.4706337993242,0.9316780182118182,0.9702863195385939,1.0,True
Hustadvika,157903,3399.776747497064,0.03296301212207582,0.12651671287467184,0.0,True
Hustadvika,157904,1331.8959983930904,0.7410067064998958,0.8910084717442359,0.7142857142857143,True
Hustadvika,157905,591.2718585614039,0.3609357223487599,0.41625197618683935,0.1428571428571428,True
Hustadvika,157906,255.06420638822783,0.5922509001532016,0.5602488407423825,0.2857142857142857,True
Hustadvika,157907,1897.381182566285,0.29941170280759927,0.3236411297596939,0.2857142857142857,True
Hustadvika,157908,3650.631971579977,0.5981649797509062,0.7055924555216447,0.5714285714285714,True
Bodø,180401,7090.734989277553,0.008128464068818814,0.07040216345730337,0.0,True
Bodø,180402,5540.963685541938,0.614136076777047,0.6904108413587542,0.6363636363636364,True
Bodø,180403,7337.93646188383,0.07954559623502375,0.2136608929842811,0.0909090909090909,True
Bodø,180404,7512.355037879606,0.39978526988610574,0.36712313246639455,0.2727272727272727,True
Bodø,180405,5544.948451734963,0.4777324617286546,0.5803415467733433,0.5454545454545454,True
Bodø,180406,7179.746278690785,0.9156400462473209,0.9287140653460164,0.9090909090909092,True
Bodø,180407,4137.952191221586,0.8814008653161152,0.8163434212810314,0.8181818181818182,True
Bodø,180408,4208.768786320725,0.44912605896183927,0.48349928763542593,0.3636363636363636,True
Bodø,180409,113.2709140907973,0.6877005267068792,0.774134072827556,0.7272727272727273,True
Bodø,180410,1389.0830102156615,0.6322302906535312,0.7592175702774415,1.0,True
Bodø,180411,206.1126892734319,0.38786872266933553,0.29048836507081977,0.4545454545454545,True
Bodø,180412,96.91366232186556,0.3864875152538818,0.2874796909673393,0.1818181818181818,True
Narvik,180601,1322.8793593011796,0.48296248295212935,0.8686644597163279,0.6,True
Narvik,180602,336.0686407187022,0.3353103439763039,0.6119879758352523,0.6666666666666666,True
Narvik,180603,614.3885836151894,0.567945164218368,0.9115428476137466,0.7333333333333333,True
Narvik,180604,1283.9525147913955,0.40257072732316357,0.810966324210907,0.4666666666666667,True
Narvik,180605,2724.291824914515,0.08733780485891286,0.06029792731644564,0.0,True
Narvik,180606,1758.2143806327367,0.34868220373287373,0.6583416462631544,0.4,True
Narvik,180607,4766.706839111284,0.22290751782176935,0.22609943537815727,0.0666666666666666,True
Narvik,180608,2175.6680163033307,0.32121385700472926,0.5563946238315921,0.3333333333333333,True
Narvik,180609,1092.3214647562709,0.36437216544897205,0.7569294476956591,0.7333333333333333,True
Narvik,180610,801.8562375551555,0.3508287310246858,0.7150047947000167,0.1333333333333333,True
Narvik,180611,333.53468646109104,0.9393092941737857,0.9325236426658408,1.0,True
Narvik,180612,1182.7683541896986,0.955915391940769,0.9738212772945642,0.8666666666666667,True
Narvik,180613,174.77282230497804,0.9520335863953266,0.9437742322457371,0.9333333333333332,True
Narvik,180614,32.57015130110085,0.36490472492183074,0.7818271595647005,0.5333333333333333,True
Narvik,180615,2626.6629626639187,0.2982379185549632,0.4501025586163067,0.2666666666666666,True
Narvik,180616,1363.6041053198278,0.23684052390379107,0.3617842545939245,0.2,True
Rana,183301,1586.3952578529716,0.7566757781651754,0.8415376269528492,0.8571428571428571,True
Rana,183302,16821.90535222186,0.0002766079596057826,0.323945200696311,0.0,True
Rana,183303,2817.0423124040826,0.3468557036515668,0.7371167044782236,0.2857142857142857,True
Rana,183304,908.1614527830388,0.25657698839197307,0.6653791779566631,0.1428571428571428,True
Rana,183305,205.05856816843152,0.9119978877566951,0.87603626768691,0.7142857142857143,True
Rana,183306,426.9992041774094,0.49563057550133327,0.799588324556466,0.5714285714285714,True
Rana,183307,3116.0801714605186,0.9346011073298061,0.9399925754310439,1.0,True
Rana,183308,82.47956954687834,0.5706902644993652,0.8093995320355775,0.4285714285714285,True
Vestvågøy,186001,516.8850588661153,0.23101490647628156,0.023600826540644413,0.0,True
Vestvågøy,186002,1947.3326817005875,0.3858060767599019,0.13611631611790756,0.25,True
Vestvågøy,186003,3987.028009694186,0.4681036113253808,0.40707755770315573,0.5,True
Vestvågøy,186004,3951.872134059551,0.851914599393767,0.7695655073979071,1.0,True
Vestvågøy,186005,547.4532318215352,0.8788166203833038,0.9750034392720144,0.75,True
Halden,300101,6513.745492577402,-0.027554625728792012,0.10167016296090993,0.0,True
Halden,300102,12519.947083826595,0.5445996180377715,0.6117527814119589,0.5714285714285714,True
Halden,300103,3835.909326853477,0.36778344833253823,0.2632133324445463,0.4285714285714285,True
Halden,300104,2307.9938959878477,0.37665054594552605,0.3591107915322779,0.2857142857142857,True
Halden,300105,4285.749317070669,0.6991963144178028,0.8740654391137135,0.7142857142857143,True
Halden,300106,950.170475209759,0.9403928646620927,0.9851692106844973,1.0,True
Halden,300107,941.1063539836822,0.8476271906156523,0.9556491098995639,0.8571428571428571,True
Halden,300108,679.0903201126969,0.4472656733221486,0.4057348635619536,0.1428571428571428,True
Moss,300201,1421.5025730638065,0.616627340648297,0.7370619060730913,0.6363636363636364,True
Moss,300202,5523.261263521046,0.4252175739053848,0.5747088311257416,0.4545454545454545,True
Moss,300203,3103.9211101439614,0.5989470886350549,0.6916680313380899,0.5454545454545454,True
Moss,300204,5180.783927001059,0.29861247170249994,0.36767370946934547,0.2727272727272727,True
Moss,300205,10135.681987665708,-0.016412822712851143,0.10166956968231862,0.0,True
Moss,300206,1516.3796814825312,0.5831229388125997,0.6453224579608685,0.8181818181818182,True
Moss,300207,1848.285464907084,0.7559935389169277,0.9117984621058015,0.9090909090909092,True
Moss,300208,2704.453070005022,0.3122568219959412,0.4467693888034342,0.3636363636363636,True
Moss,300209,5601.060736484446,0.2738769610147006,0.25952257482915625,0.0909090909090909,True
Moss,300210,2263.43696908362,0.3189001707718491,0.4966015799789135,0.1818181818181818,True
Moss,300211,3472.368149376797,0.9003863708378175,0.9651691740175607,1.0,True
Moss,300212,7075.058079274923,0.6280103178380108,0.822289685156356,0.7272727272727273,True
Sarpsborg,300301,6878.864395603936,0.05865675878381634,0.19901058669892455,0.0833333333333333,True
Sarpsborg,300302,8001.481391834475,0.004857670099598094,0.06959144887222714,0.0,True
Sarpsborg,300303,2644.486447769369,0.32502461769323965,0.41092164844123436,0.1666666666666666,True
Sarpsborg,300311,1127.8161485903915,0.6924229172600409,0.8407802788443074,0.75,True
Sarpsborg,300312,3799.097273330604,0.8740812153968303,0.9669580330553029,1.0,True
Sarpsborg,300313,8299.878906633761,0.5473757990618904,0.6490121341287134,0.5,True
Sarpsborg,300314,2048.411978577492,0.46768544366624215,0.5302660351505463,0.4166666666666667,True
Sarpsborg,300321,1652.4454440940171,0.5102775630585195,0.5624535786191938,0.5833333333333334,True
Sarpsborg,300322,7420.873186894388,0.28924331079945953,0.32337998882916485,0.25,True
Sarpsborg,300323,6310.705534257089,0.5731624320749016,0.7760850710412743,0.6666666666666666,True
Sarpsborg,300324,4514.536618776639,0.42493405897796355,0.4731859671733947,0.3333333333333333,True
Sarpsborg,300325,1321.919862731493,0.7628928262739284,0.8620864182994759,0.8333333333333334,True
Sarpsborg,300331,3468.45251554302,0.8642985506766427,0.9037498226263075,0.9166666666666666,True
Fredrikstad,300411,9408.683722836991,0.30623766172329814,0.3893370306338415,0.2916666666666667,True
Fredrikstad,300412,1738.1592719592536,0.28249613402817464,0.2785166468720047,0.1666666666666666,True
Fredrikstad,300413,6948.554078628327,0.018423734257640653,0.08399176246862806,0.0416666666666666,True
Fredrikstad,300414,3397.293833134772,-0.009207625478657794,0.020762697639695425,0.0,True
Fredrikstad,300415,4650.399109345879,0.8524687903090967,0.9281370600489443,0.8333333333333334,True
Fredrikstad,300416,506.0116163441264,0.6407870873102808,0.7711908818863424,0.4583333333333333,True
Fredrikstad,300417,6215.570530411996,0.3353840899173447,0.5357072691535106,0.4166666666666667,True
Fredrikstad,300418,6259.313878898224,0.13602335863038642,0.19550888692428228,0.125,True
Fredrikstad,300419,2792.330651634772,0.22584283393112273,0.25082837583526807,0.3333333333333333,True
Fredrikstad,300420,4162.77895991985,0.3157190589884666,0.47227956962243534,0.375,True
Fredrikstad,300431,3493.0642953709485,0.28602924563791143,0.31048747970217666,0.25,True
Fredrikstad,300432,2207.5857625030817,0.4916393918619331,0.6784213700844856,0.5833333333333334,True
Fredrikstad,300433,407.0990215352337,0.712829582771045,0.7767713942049913,0.9166666666666666,True
Fredrikstad,300441,3595.216002514415,0.5836714428898457,0.7348899779752891,0.6666666666666666,True
Fredrikstad,300442,3950.4783892279142,0.4818932691467723,0.6407861138163339,0.5,True
Fredrikstad,300443,1376.5549387012284,0.9369047605506071,0.9915871292327074,0.9583333333333334,True
Fredrikstad,300451,3513.732020499641,0.3720321573937753,0.5951682922594511,0.2083333333333333,True
Fredrikstad,300452,3348.375158060836,0.8237984744971591,0.8609345188294466,0.7083333333333334,True
Fredrikstad,300453,1498.6166136395186,0.8468647555177748,0.890557103616305,1.0,True
Fredrikstad,300454,919.2516467448664,0.6172357257991429,0.7624803282392424,0.625,True
Fredrikstad,300455,2177.527836969426,0.8759693468958863,0.9698662096766827,0.875,True
Fredrikstad,300461,2519.5538689284303,0.08784373259779338,0.141856484270959,0.0833333333333333,True
Fredrikstad,300462,1718.4336082262118,0.5472158830637456,0.7024153950719632,0.5,True
Fredrikstad,300463,4008.069788915808,0.8118875244776722,0.8159753102242243,0.7916666666666666,True
Fredrikstad,300464,999.783549510722,0.7605634899456312,0.7853696135148092,0.75,True
Drammen,300501,10809.7246842295,0.22687487528809175,0.22682890357652993,0.1875,True
Drammen,300502,4401.113592659029,0.2982431524784871,0.39010652138632795,0.0625,True
Drammen,300503,7223.831149985862,0.12806437648356847,0.13377814311211944,0.125,True
Drammen,300504,8216.461427361837,0.2530272851181411,0.32500150484809764,0.25,True
Drammen,300505,6326.864966459572,0.39878955536172306,0.544107658240617,0.375,True
Drammen,300506,9351.415413219558,0.0261126610706586,0.04825206540618723,0.0,True
Drammen,300507,4480.195619247093,0.37253548923964447,0.48834465647160313,0.3125,True
Drammen,300508,4346.020491816636,0.35873882850959865,0.44280254992822954,0.4375,True
Drammen,300509,5102.419005132413,0.8904240006082809,0.9160078486647006,0.9375,True
Drammen,300510,5587.7736888732,0.9503125394586612,0.971167827585829,1.0,True
Drammen,300511,7922.48619619871,0.6723015166934627,0.7875203655573275,0.6875,True
Drammen,300512,4969.260478632411,0.6739334169626441,0.8540400715340919,0.75,True
Drammen,300513,2311.303037132421,0.6607647830901379,0.7347153680655285,0.8125,True
Drammen,300514,8866.23387345702,0.5512436590714495,0.6770407575111305,0.5625,True
Drammen,300515,732.7682967154424,0.34470006676282655,0.4165966722102929,0.625,True
Drammen,300516,5284.895373966773,0.4934809908882758,0.6040228042018553,0.5,True
Drammen,300517,968.943901097402,0.6770779339387216,0.8846804199161109,0.875,True
Kongsberg,300601,1551.9774777786429,0.5019408113617424,0.2983597581451789,0.4,True
Kongsberg,300602,3139.225490991691,0.833175651276449,0.6738964916465613,0.8,True
Kongsberg,300603,6066.816551269508,0.05486905042823099,0.10911081103342482,0.0,True
Kongsberg,300604,1451.9452565740603,0.22872838256710468,0.24433464578894964,0.2,True
Kongsberg,300605,7496.446534824387,0.9782486096203981,0.865177502175793,1.0,True
Kongsberg,300606,8094.7593232984,0.5494089339107324,0.47185491286042225,0.6,True
Ringerike,300701,6665.094461173921,0.0028535319903571508,0.10666299668656204,0.0,True
Ringerike,300702,6824.731830074156,0.2251153572584896,0.3388352742442061,0.125,True
Ringerike,300703,2162.254631555525,0.9498779486651916,0.9653969557453973,1.0,True
Ringerike,300704,3473.649773600549,0.37069723584733355,0.5036425773167325,0.375,True
Ringerike,300705,5992.624256729205,0.5219822002296362,0.6551334768700618,0.5,True
Ringerike,300706,1429.7929801126106,0.8745899837687575,0.9079126147907082,0.875,True
Ringerike,300707,1609.433126770511,0.6593658049877705,0.7767909006666435,0.625,True
Ringerike,300708,2577.1151357920157,0.7358204404577713,0.8437891684420096,0.75,True
Ringerike,300709,509.0090638508032,0.20648431088550817,0.22147177921415265,0.25,True
Indre Østfold,301401,3176.809049021528,0.44775426300535237,0.561586870824905,0.375,True
Indre Østfold,301402,5318.466237747378,-0.022405829283222323,0.05855840778001752,0.0,True
Indre Østfold,301403,2488.3807091043163,0.7167145487798783,0.916364689229995,0.875,True
Indre Østfold,301404,3082.156253019177,0.2859376613976116,0.3113385372953502,0.3125,True
Indre Østfold,301405,2220.720014202123,0.29114906745108615,0.3697252933602802,0.25,True
Indre Østfold,301406,3094.9344838483603,0.05207763345772711,0.15119326306501946,0.0625,True
Indre Østfold,301407,2258.47661828875,0.42695175175363365,0.5017422351199227,0.5625,True
Indre Østfold,301408,959.2584542491454,0.847567963638982,0.9894381866464302,0.6875,True
Indre Østfold,301409,1632.949985176857,0.7039280034398423,0.8582884863772468,0.8125,True
Indre Østfold,301410,4183.913586806582,0.13125769197518172,0.23133624685704177,0.125,True
Indre Østfold,301411,6228.797807913312,0.6281496229761856,0.7525785776887967,0.625,True
Indre Østfold,301412,1594.5675092377337,0.7961913971668085,0.9613195570483598,1.0,True
Indre Østfold,301413,2929.847021106801,0.5526970101470479,0.6517382912912538,0.5,True
Indre Østfold,301414,869.5860345626288,0.6750837542976286,0.8307345792586872,0.75,True
Indre Østfold,301415,3755.507033928668,0.29540076687073696,0.4355259067000083,0.1875,True
Indre Østfold,301416,576.6700569336131,0.7122335349638929,0.8826172732268195,0.9375,True
Indre Østfold,301417,1040.5954868699214,0.4632153883515746,0.6080221556506725,0.375,True
Nordre Follo,302001,2249.492147145622,0.3764513965752903,0.49778771365398444,0.3,True
Nordre Follo,302002,11168.652638308648,0.36522408134913986,0.3883534890478303,0.4,True
Nordre Follo,302003,3940.262643185805,0.22796360531742318,0.26512986499938523,0.2,True
Nordre Follo,302004,4872.038095254793,0.5670593405979432,0.5558687041744621,0.5,True
Nordre Follo,302005,7985.210228602725,0.006713611585691979,0.06512489644854332,0.0,True
Nordre Follo,302006,2555.0655006434845,0.666307126502449,0.7095129454331593,0.6,True
Nordre Follo,302007,7366.498181114162,0.7141075983173073,0.7904301397065978,0.8,True
Nordre Follo,302008,6298.946942792103,0.19325828553573568,0.181622049311178,0.1,True
Nordre Follo,302009,5705.899393303358,0.6574540347409558,0.6421390795133537,0.7,True
Nordre Follo,302010,8845.703181766734,0.9773676896135685,0.9278571900757692,1.0,True
Nordre Follo,302011,319.1249092188569,0.791687237635739,0.8531116964310043,0.9,True
Nesodden,302301,4373.222615643861,0.9852659905628333,0.8859168203101256,1.0,True
Nesodden,302302,5742.519077716205,0.8433961117712687,0.62202996187037,0.8,True
Nesodden,302303,1908.7809686995283,0.4984935362156344,0.2377188248189215,0.2,True
Nesodden,302304,918.5380432671128,0.09560618828016215,0.02396167537119524,0.0,True
Nesodden,302305,3540.370807233514,0.5514587131414526,0.3798695031281805,0.6,True
Nesodden,302306,2683.3844349445126,0.41840900270921705,0.11792413862218053,0.4,True
Bærum,302401,2582.8225248690924,0.5021767408335714,0.39161186184439556,0.1904761904761904,True
Bærum,302402,3213.6884188683207,0.5574475238963151,0.4154853904235652,0.4761904761904761,True
Bærum,302403,5553.084177688752,0.979042308227032,0.9771290496808571,1.0,True
Bærum,302404,10963.264552240396,0.8218949040641218,0.7294793192520037,0.8095238095238095,True
Bærum,302405,6382.858879110985,0.9019077446596501,0.9279696362937894,0.9047619047619048,True
Bærum,302406,13001.744128829365,0.8526244078614893,0.8281816809314377,0.8571428571428571,True
Bærum,302407,7014.944236584407,0.29724528826146907,0.16195265698428513,0.238095238095238,True
Bærum,302408,9447.895412871938,0.6735359731568206,0.6454138503016553,0.6666666666666666,True
Bærum,302409,10057.125246677168,0.3880279213123858,0.284264601302111,0.3809523809523809,True
Bærum,302410,6312.6819329266345,0.3296646128179827,0.21684386090654664,0.2857142857142857,True
Bærum,302411,7459.149172047686,0.5757797649047702,0.4732538823049329,0.5714285714285714,True
Bærum,302412,5764.380528656328,0.5789774408610691,0.5277163541766252,0.6190476190476191,True
Bærum,302413,1676.6981445683202,0.5610503449618285,0.4356269522214481,0.5238095238095238,True
Bærum,302414,3167.406549395138,0.05648513983152124,0.08383938530159561,0.0952380952380952,True
Bærum,302415,3977.507474435721,0.04150502478933213,0.054412319468497256,0.0476190476190476,True
Bærum,302416,3733.87554622776,0.4930458447503622,0.36559588889272815,0.4285714285714285,True
Bærum,302417,4616.922592264448,0.0219664926887747,0.019015272208417734,0.0,True
Bærum,302418,3654.644855176593,0.616721609054287,0.5665095823567265,0.7142857142857143,True
Bærum,302419,4391.805571854096,0.10808666305618012,0.11497278060858192,0.1428571428571428,True
Bærum,302420,2978.1489265598543,0.45971585252227315,0.33795172335409407,0.3333333333333333,True
Bærum,302421,3027.73807864182,0.6532783047715226,0.5940316661578153,0.7619047619047619,True
Bærum,302422,2421.9943235796327,0.8769110360260245,0.8917059396303798,0.9523809523809524,True
Asker,302501,5409.253986355849,0.7774011473059408,0.9510378270869921,0.9545454545454546,True
Asker,302502,13142.78065950013,0.7585788096373,0.8534693695100692,0.8181818181818182,True
Asker,302503,7614.747350373895,0.4850649088212345,0.40048505672774637,0.4545454545454545,True
Asker,302504,1874.268818486425,0.6947046382525245,0.6755818160466849,0.6818181818181818,True
Asker,302505,1379.6192523831007,0.7417281608055256,0.777093479384498,1.0,True
Asker,302506,1088.4832177867695,0.5682468994522217,0.4920880293463108,0.3636363636363636,True
Asker,302507,1950.2991518949975,0.8612007034221514,0.9897430290695107,0.8636363636363636,True
Asker,302508,4678.139692242048,0.4701736206741942,0.22087203281800263,0.5454545454545454,True
Asker,302509,3561.660810274129,0.046647900308313194,0.06496647901291958,0.0454545454545454,True
Asker,302510,4105.380290328848,0.6971018752223619,0.707029856735238,0.7727272727272727,True
Asker,302511,4717.694192631512,0.6668746327022563,0.640913507385318,0.7272727272727273,True
Asker,302512,2515.052326400061,0.20289343538980367,0.12450309670781765,0.1363636363636363,True
Asker,302513,2040.5908119027715,0.6247618346430989,0.543297088203642,0.6363636363636364,True
Asker,302514,3918.581007636932,0.7398248961202304,0.7492292996774341,0.9090909090909092,True
Asker,302515,3344.926496128457,0.4703791263703495,0.263066768219261,0.5,True
Asker,302516,2228.321961792756,0.43086104732642005,0.18454971972611436,0.2727272727272727,True
Asker,302517,7584.7790023091875,0.4843354758625901,0.3205480379349133,0.3181818181818182,True
Asker,302518,3304.0048156637245,0.6181563531134946,0.5151889069874911,0.4090909090909091,True
Asker,302519,5901.434620903425,0.6505327389517852,0.5850656158238016,0.5454545454545454,True
Asker,302520,4357.252130079521,0.5186194263541292,0.463447936310363,0.2272727272727272,True
Asker,302521,2621.901990644558,0.1745532328274061,0.09748693816107228,0.0454545454545454,True
Asker,302522,4395.655312681799,0.007657420918163706,0.02311753492730616,0.0,True
Asker,302523,3337.058583096354,0.32140795694584817,0.15528039126920906,0.1818181818181818,True
Aurskog-Høland,302601,4676.095232974947,0.7377388716317625,0.8669392590332008,0.8,True
Aurskog-Høland,302602,636.6877677993355,0.5177794646417736,0.5919459790177305,1.0,True
Aurskog-Høland,302603,4799.624762112085,0.3485789074671061,0.43725285637640565,0.4,True
Aurskog-Høland,302604,4603.550203025646,0.2706111964230761,0.13099643411298606,0.2,True
Aurskog-Høland,302605,2175.5925861186515,0.5710847517152895,0.671970890627717,0.6,True
Aurskog-Høland,302606,679.7300488405995,0.33807287927469376,0.2813349430661774,0.0,True
Rælingen,302701,982.6230957015435,0.3256747881157723,0.15173804421328382,0.0,True
Rælingen,302702,1699.614676185104,0.49516097944317444,0.4884713798432741,0.75,True
Rælingen,302703,2441.4487787691914,0.3118503405118367,0.06315904156482965,0.25,True
Rælingen,302704,5167.190697893957,0.37369833783184675,0.3108306077695316,0.5,True
Rælingen,302705,9036.907960660224,1.0143068650321858,0.7662197747221967,1.0,True
Lørenskog,302901,6793.15258520914,0.5678779398199746,0.5987389650129833,0.4,True
Lørenskog,302902,10197.245722232956,0.24491263142949002,0.38993636159340506,0.2,True
Lørenskog,302903,10766.05983326968,0.026991680873932482,0.13230892419826346,0.0,True
Lørenskog,302904,6691.9834327713725,0.571931036670871,0.7644638324981743,0.6,True
Lørenskog,302905,2809.0702686445898,0.9615640985920323,0.9654780791675374,1.0,True
Lørenskog,302906,3427.8005754113083,0.7048481460231832,0.88883038404787,0.8,True
Lillestrøm,303001,4542.854412623206,0.26947910619411586,0.29082979516608026,0.2777777777777778,True
Lillestrøm,303002,4251.8332400154695,0.19300624988790058,0.11254833641537378,0.1111111111111111,True
Lillestrøm,303003,6422.532046736807,0.20483767986297338,0.17950279654252163,0.1666666666666666,True
Lillestrøm,303004,8324.52717607894,0.5616604810385392,0.5205202222397892,0.5555555555555556,True
Lillestrøm,303005,1982.0084805455892,0.8004792057148418,0.9297696652402324,0.9444444444444444,True
Lillestrøm,303006,6247.214363199411,0.705729633627276,0.6654969639898248,0.7777777777777778,True
Lillestrøm,303007,3756.658766702122,0.5288837371440579,0.444741544935342,0.5,True
Lillestrøm,303008,5660.433949815375,0.06452449073657647,0.0503741011795952,0.0555555555555555,True
Lillestrøm,303009,3391.585252507304,0.2622875606404439,0.24106139115150532,0.2222222222222222,True
Lillestrøm,303010,2521.8317892682185,0.5653219461819973,0.5885535047218263,0.8888888888888888,True
Lillestrøm,303011,2055.099864546742,0.41075809206712777,0.3322151567031996,0.4444444444444444,True
Lillestrøm,303012,1185.2851735802024,0.05425389671446186,0.007434646160392066,0.0,True
Lillestrøm,303013,1748.9188863572722,0.5819284747164685,0.6153415898343938,0.6111111111111112,True
Lillestrøm,303014,4671.920456232238,0.4318960964687029,0.3744100789999938,0.3333333333333333,True
Lillestrøm,303015,3870.416660549765,0.7873823957410013,0.8930606005576797,0.8333333333333334,True
Lillestrøm,303016,7135.858615035837,0.7555926881005325,0.8240242504524249,0.7222222222222222,True
Lillestrøm,303017,5945.247979056205,0.7111937879282922,0.7419736173379585,0.6666666666666666,True
Lillestrøm,303018,4607.310241040526,0.9017989175035308,0.9711008606563243,1.0,True
Lillestrøm,303019,1392.086402326404,0.5093121432546637,0.4124462801712249,0.3888888888888889,True
Nittedal,303101,500.0686116122393,0.6711691105619801,0.7879422580819478,1.0,True
Nittedal,303102,2546.3309367840006,0.36090654248665405,0.22976609154423128,0.25,True
Nittedal,303103,4417.349626217114,0.7440223289562596,0.8996511535540108,0.75,True
Nittedal,303104,10762.239311271478,0.5424350526975156,0.5320966257431874,0.5,True
Nittedal,303105,3783.978657059201,0.13759274790798584,0.08596057032898095,0.0,True
Ullensaker,303301,4817.698368932215,0.40934372154718623,0.5503019782283515,0.4285714285714285,True
Ullensaker,303302,11252.690391467542,0.15491118586179525,0.32507624847906347,0.1428571428571428,True
Ullensaker,303303,2084.816647954437,0.8601953190684342,0.9707813944062099,1.0,True
Ullensaker,303304,2828.7942319280105,0.4238025529567524,0.6574672062591161,0.2857142857142857,True
Ullensaker,303305,5971.134576328935,-0.00033050119228937954,0.08368516545777929,0.0,True
Ullensaker,303306,3398.914553966221,0.7173235512570133,0.8939271639258018,0.5714285714285714,True
Ullensaker,303307,2060.413671645241,0.5906903870560394,0.7259892211522319,0.7142857142857143,True
Ullensaker,303308,3261.7206881165653,0.6792920127143105,0.8005786796197752,0.8571428571428571,True
Nes,303401,1638.9893403511342,0.6430008047415905,0.44378703503764727,0.5,True
Nes,303402,3027.452505852343,0.436921718265399,0.3424981991197709,0.25,True
Nes,303403,4333.676111117347,0.7673243435103015,0.9059341093262935,1.0,True
Nes,303404,6375.829956001278,0.034844673955981655,0.13839246593828325,0.0,True
Nes,303405,7659.373817430962,0.7476307432627705,0.645615411182453,0.75,True
Eidsvoll,303501,118.15599477104844,0.437724032114059,0.606883848028932,0.7142857142857143,True
Eidsvoll,303502,1447.6767611658695,0.2556402219215059,0.18038330873839037,0.1428571428571428,True
Eidsvoll,303503,3285.9951278176536,0.7442040572023465,0.932769048218986,1.0,True
Eidsvoll,303504,3684.389213640775,0.20026766362797271,0.07538203312227075,0.0,True
Eidsvoll,303505,4733.712758472228,0.3623395774602087,0.30685358169051596,0.2857142857142857,True
Eidsvoll,303506,5697.0692145957855,0.5585797913925993,0.7258624558597752,0.5714285714285714,True
Eidsvoll,303507,564.874412328537,0.711507026081794,0.8539808533805819,0.8571428571428571,True
Eidsvoll,303508,4906.239029142094,0.42519597407712617,0.5040855034051491,0.4285714285714285,True
Øvre Eiker,304801,794.4232209717228,0.5720666392771395,0.765877465634299,0.75,True
Øvre Eiker,304802,2344.237565614169,0.4357834092067629,0.5786269052060863,0.25,True
Øvre Eiker,304803,3732.4745889795295,0.8940791236816571,0.8941982068346269,1.0,True
Øvre Eiker,304804,9034.278271380164,0.026069652715433714,0.2560882380523637,0.0,True
Øvre Eiker,304805,1733.5812949714232,0.4773231856213577,0.6942179259533947,0.5,True
Lier,304901,8584.949563850667,0.5918212274162531,0.5594769218468946,0.5555555555555556,True
Lier,304902,6295.588926897365,0.15359731837228074,0.15763183228080818,0.1111111111111111,True
Lier,304903,1215.2215862154048,0.4488568541631917,0.29131519925165694,0.3333333333333333,True
Lier,304904,608.088163192745,0.5955350398627037,0.7231019039837259,0.2222222222222222,True
Lier,304905,1169.3056291112562,0.6665317885615477,0.8687436537929641,0.4444444444444444,True
Lier,304906,1206.8887446546662,0.5444194898489899,0.3344258413907827,0.7777777777777778,True
Lier,304907,1280.3660845800623,0.025259707649601337,0.02278897182176527,0.0,True
Lier,304908,3102.5730810172627,0.9264729917838928,0.9447779417388585,1.0,True
Lier,304909,3202.640756399428,0.6287580626787923,0.7909282819351966,0.6666666666666666,True
Lier,304910,1426.1688488335635,0.5695055260447719,0.38129109034242825,0.8888888888888888,True
Kongsvinger,340101,6319.554245315417,0.07327196335737607,0.17573426230010508,0.0,True
Kongsvinger,340102,8293.774008182048,0.5073372983236546,0.6124474173375869,0.5,True
Kongsvinger,340103,614.4921518808649,0.8811264401214667,0.9829121927262454,1.0,True
Kongsvinger,340104,545.6249965560452,0.3314497745924713,0.3666412729524143,0.25,True
Kongsvinger,340105,2206.9818710449285,0.574660363537715,0.904452599411523,0.75,True
Hamar,340301,3508.6913838713444,0.42096318014339784,0.3632327508146888,0.25,True
Hamar,340302,5553.181885161266,0.5487125912564914,0.5343720974251361,0.625,True
Hamar,340303,3495.265211885377,0.793086751529858,0.7600102637737647,1.0,True
Hamar,340304,3776.2562797014807,0.026190642583351933,0.07131704595232125,0.0,True
Hamar,340305,2482.24961149951,0.285523900959587,0.1895129837213908,0.125,True
Hamar,340306,3177.147951193914,0.8507779752605962,0.8860231084850926,0.75,True
Hamar,340307,1603.7831073567572,0.31244481224897913,0.26668035838813253,0.375,True
Hamar,340308,1449.5764822854603,0.6545110830243318,0.6666237253055617,0.5,True
Hamar,340309,1428.9791673905577,0.9076637005816465,0.9730128027873791,0.875,True
Lillehammer,340501,1139.7844614821995,0.8742930725497354,0.8342841971567119,0.8333333333333334,True
Lillehammer,340502,829.1567937998216,0.7739073665935942,0.7992228287350043,0.5,True
Lillehammer,340503,2761.5655593830825,0.4928037339940589,0.7352820488934165,0.5,True
Lillehammer,340504,4273.812728056646,0.16247027796572788,0.19032495201363014,0.1666666666666666,True
Lillehammer,340505,11783.888614166624,0.34550997819302887,0.4762679588225349,0.3333333333333333,True
Lillehammer,340506,3207.132770753333,0.006367282294653287,0.0571101160844987,0.0,True
Lillehammer,340507,4083.158912983191,0.9729356821181971,0.9272902944217208,1.0,True
Gjøvik,340701,1630.9980369439843,0.7874203134743736,0.8757364479064064,0.8333333333333334,True
Gjøvik,340702,3549.304738025276,0.18624248526100978,0.35846452027072906,0.0833333333333333,True
Gjøvik,340703,3571.993567225162,0.1717371411704551,0.18921561946485826,0.1666666666666666,True
Gjøvik,340704,3826.6378583278574,-0.005000320252617669,0.0645026533012362,0.0,True
Gjøvik,340705,1459.719918701874,0.17505898244709484,0.2740312938270333,0.25,True
Gjøvik,340706,1915.06280893802,0.8284004878946893,0.9355096330875524,1.0,True
Gjøvik,340707,2964.832596952552,0.7703687459845162,0.798268111213849,0.6666666666666666,True
Gjøvik,340708,6709.682214310963,0.31193114646069275,0.5313922712384179,0.3333333333333333,True
Gjøvik,340709,260.3347242595818,0.4998481672068248,0.6488804168997417,0.5,True
Gjøvik,340710,955.4230779778136,0.8651575686170666,0.9838951774804913,0.75,True
Gjøvik,340711,435.9464068905052,0.6496962582432062,0.740943828864626,0.8333333333333334,True
Gjøvik,340712,577.0798597875222,0.5302703012921749,0.6629960621695538,0.4166666666666667,True
Gjøvik,340713,1805.6233427720715,0.5472979550426845,0.7031594338510344,0.5,True
Ringsaker,341101,2728.027063169916,0.4987307775027843,0.6689698732958571,0.5,True
Ringsaker,341102,664.2234285256009,0.6555320875168049,0.9013963115821294,1.0,True
Ringsaker,341103,6283.009618728345,0.1275369728007566,0.3428327017568651,0.1428571428571428,True
Ringsaker,341104,8649.054673170862,0.07109988619629447,0.12574376922648275,0.0714285714285714,True
Ringsaker,341105,1032.9689090917725,0.7734797979368851,0.9849822426807082,0.8571428571428571,True
Ringsaker,341106,1738.6217732239247,0.6335677278263568,0.8429580598849419,0.5,True
Ringsaker,341107,1364.6717387552053,0.30023068565704636,0.6094684141064328,0.2142857142857142,True
Ringsaker,341108,808.3614108607705,0.6443639101979989,0.8799872240913768,0.7142857142857143,True
Ringsaker,341109,1254.8780539739232,0.6906657416416055,0.9292970548490408,0.7857142857142857,True
Ringsaker,341110,914.8709446575912,0.5133931935463316,0.7219319302745004,0.2857142857142857,True
Ringsaker,341111,1251.2545686403896,0.2851860705365686,0.5714369243840949,0.3571428571428571,True
Ringsaker,341112,4094.929112940476,0.13127731133265996,0.4937117494948215,0.0,True
Ringsaker,341113,1033.7208549184916,0.597685746086986,0.8026525207453589,0.5,True
Ringsaker,341114,1801.813026037181,0.590600155226789,0.7614282793185156,0.4285714285714285,True
Ringsaker,341115,771.1783044427367,0.7030546161201316,0.9587527552463182,0.9285714285714286,True
Stange,341301,953.0258381812624,0.6550293939235221,0.48469960124393296,1.0,True
Stange,341302,3722.0118942911527,0.20731737595567248,0.09166954662189537,0.0,True
Stange,341303,9984.726849084189,0.7431735888468639,0.7540858521159215,0.75,True
Stange,341304,3498.063517863425,0.5615389073276742,0.3750735831573173,0.5,True
Stange,341305,2143.417142051177,0.30391470920960245,0.23612938065120118,0.25,True
Sør-Odal,341501,4062.04270580487,0.05054687957798971,0.2513564867195757,0.0,True
Sør-Odal,341502,578.6199551504485,0.3488446200887376,0.5385175893937336,0.25,True
Sør-Odal,341503,1445.585417253479,0.6205241850920032,0.7993177082005912,0.5,True
Sør-Odal,341504,898.768863598455,0.8592842694542968,0.9443847836448853,1.0,True
Sør-Odal,341505,1095.2255035302774,0.6199144220045082,0.6420940272298638,0.75,True
Eidskog,341601,450.3235516260967,0.5663775746146967,0.6870342448288006,0.5,True
Eidskog,341602,630.3658086441989,1.0018529945702113,0.9510022586196133,1.0,True
Eidskog,341603,1157.6561437972764,0.5809331394714877,0.8120209940795643,0.75,True
Eidskog,341604,2073.9905504713943,0.12103402897271275,0.16120933468128748,0.0,True
Eidskog,341605,2120.264621382484,0.17005757993890322,0.48722484405013716,0.25,True
Grue,341701,712.6552538690823,0.7449473547271406,0.7741427461630134,0.5,True
Grue,341702,718.4237237017297,0.5617730568902017,0.631786756557649,0.75,True
Grue,341703,2320.370229374351,0.20261694991169654,0.2308178691955297,0.25,True
Grue,341704,778.9234039283224,0.7967427527713411,0.9225169164449496,1.0,True
Grue,341705,496.03682064398055,0.20311220432570704,0.5109787960351149,0.0,True
Åsnes,341801,1173.12264574532,0.710167828936359,0.6461917386126758,0.75,True
Åsnes,341802,2917.6910165873715,0.27362300176686055,0.30731890837924764,0.25,True
Åsnes,341803,2119.621940382852,0.8751019550837139,0.8614395847265877,1.0,True
Åsnes,341804,891.7533247489102,0.01756611215449771,0.05829422155176269,0.0,True
Åsnes,341805,546.5393770817591,0.5219340542471871,0.533776840713573,0.5,True
Elverum,342001,265.4135586755084,0.703723547224645,0.848186921360141,0.75,True
Elverum,342002,6395.154347138973,0.40770711526680925,0.6118836808246769,0.5,True
Elverum,342003,4651.5636928356735,0.3537834546402193,0.35035143440683836,0.375,True
Elverum,342004,4732.592433987071,0.031802080206198964,0.11204463861227923,0.0,True
Elverum,342005,2688.096890400183,0.8453403273436043,0.9181116012306788,0.875,True
Elverum,342006,1314.1472268032708,0.6361096696188401,0.8107906486314546,0.625,True
Elverum,342007,385.37128093276095,0.9770812838152602,0.9908762931720944,1.0,True
Elverum,342008,346.1107245506909,0.48889999157856245,0.7714838617577964,0.125,True
Elverum,342009,340.7773802467451,0.34747247296310335,0.2321572186223387,0.25,True
Trysil,342101,662.9446561382513,0.23790135504076276,0.644190471923903,0.6,True
Trysil,342102,454.6587951232737,0.6137564747118028,0.8429207599932321,0.8,True
Trysil,342103,611.0622972573857,0.8172002931695231,0.9554677416042668,1.0,True
Trysil,342104,804.6659126274135,0.29131443592284256,0.7511452183808799,0.0,True
Trysil,342105,4088.2508549219274,0.22953626591048754,0.2979385968911696,0.2,True
Trysil,342106,239.31247635744512,0.7020543997961044,0.8934951582493526,0.4,True
Østre Toten,344201,4133.566991348732,0.9178808751394093,0.8619454176728937,1.0,True
Østre Toten,344202,3787.21232364646,0.0032934487194022553,0.12648688568961236,0.0,True
Østre Toten,344203,3455.6252824873955,0.34939700788790756,0.3683861757387645,0.25,True
Østre Toten,344204,1379.811242845822,0.8267236676563111,0.67780732799729,0.75,True
Østre Toten,344205,2214.5548565640133,0.5712877196579765,0.5577612003735485,0.5,True
Vestre Toten,344301,4965.643120533198,0.11143254378182933,0.18054319745712497,0.0,True
Vestre Toten,344302,5512.27641770867,0.2688296838588511,0.5615043439217831,0.25,True
Vestre Toten,344303,1351.9269581427038,0.6099054718912628,0.8731492139750753,0.75,True
Vestre Toten,344304,1068.4825643983347,0.7020315411635795,0.9611516063637393,0.75,True
Vestre Toten,344305,853.6239080140177,0.44821204532485837,0.7929587540759941,0.5,True
Gran,344601,222.151261407882,0.47219071867075885,0.5652941335509023,0.0,True
Gran,344602,551.3607148599564,0.5459832194627885,0.5931329373218657,1.0,True
Gran,344603,3616.529512476024,0.25301768268307534,0.13015940091256736,0.2,True
Gran,344604,4730.568148718424,0.8038322584292735,0.7832302928596819,0.8,True
Gran,344605,4125.85339643677,0.26485141405569124,0.4088088402668856,0.4,True
Gran,344606,646.231182269676,0.8629546643640454,0.9767420497344003,0.6,True
Søndre Land,344701,332.58195674651284,0.17391211194004713,0.027778560583756016,0.5,True
Søndre Land,344702,1855.6291279288728,0.8487210622274696,0.8450105151361462,0.75,True
Søndre Land,344703,3247.822207191008,0.29554564305335057,0.3268280789497687,0.25,True
Søndre Land,344704,202.05650310982395,0.5155341618642647,0.6731444718808337,1.0,True
Søndre Land,344705,348.2167262658477,0.36045873947027535,0.6271834751107002,0.0,True
Horten,380101,1413.1171841578064,0.6380027568359768,0.6520145417418557,0.5714285714285714,True
Horten,380102,3685.9246534247104,0.7241173565466498,0.7424871559543752,0.7142857142857143,True
Horten,380103,3275.703471693876,0.7816626383616503,0.8660077536895544,0.8571428571428571,True
Horten,380104,2581.301683955389,0.33277112460983654,0.43201426680224553,0.2857142857142857,True
Horten,380105,2138.053690317258,0.8532761363849662,0.9620643813384682,1.0,True
Horten,380106,4202.404758375442,0.5448173810532789,0.552377989132274,0.4285714285714285,True
Horten,380107,6420.111384266606,-0.0010572532857819092,0.11391243276119857,0.0,True
Horten,380108,4463.412467562423,0.13297364292150035,0.3070194685697368,0.1428571428571428,True
Holmestrand,380201,3952.561037313592,0.047505269827618504,0.07742153070844514,0.0,True
Holmestrand,380202,5716.360747405157,0.3864130895785371,0.39808251674704603,0.4285714285714285,True
Holmestrand,380203,2714.154002446986,0.6962779581632725,0.6942689105399916,0.7142857142857143,True
Holmestrand,380204,1591.0935433857446,0.43085602651077515,0.5412186483422583,0.2857142857142857,True
Holmestrand,380205,1754.1738425394788,0.633133132327251,0.606744700742805,0.5714285714285714,True
Holmestrand,380206,3965.0716497594,0.8744665283627167,0.9223334153236313,0.8571428571428571,True
Holmestrand,380207,3350.80816655165,0.21911220664097406,0.22047764489725283,0.1428571428571428,True
Holmestrand,380208,2482.016295366141,0.7994644098794061,0.7960498709048377,1.0,True
Tønsberg,380301,5710.210838307874,0.4897867349622276,0.5486501628049993,0.5,True
Tønsberg,380302,2656.316739794171,0.5238507473587265,0.6174858969647191,0.5625,True
Tønsberg,380303,3517.336823370992,0.48632009079772864,0.4727303726822776,0.3125,True
Tønsberg,380304,4234.652695147359,0.8054151814574593,0.8785609109030168,0.875,True
Tønsberg,380305,8386.199076224346,0.45115411383186693,0.374793848228592,0.4375,True
Tønsberg,380306,4533.558390850923,0.9471292792907121,0.9627000787032636,0.9375,True
Tønsberg,380307,4635.611103940906,0.7643064850133466,0.7936144840716678,1.0,True
Tønsberg,380308,729.1737471289781,0.8239917313824348,0.9194008692018257,0.8125,True
Tønsberg,380309,3755.590079913333,5.213621716325456e-05,0.030899175068809168,0.0,True
Tønsberg,380310,2953.8400249091947,0.08460240949597017,0.16004281035845228,0.0625,True
Tønsberg,380311,4493.561713839976,0.0838409810957476,0.09876919815989336,0.125,True
Tønsberg,380312,1904.8226976273013,0.164878138743668,0.20001753253777402,0.25,True
Tønsberg,380313,2105.3193768846745,0.295667116740504,0.23301103805209322,0.1875,True
Tønsberg,380314,2971.21423962948,0.6383920902197225,0.6637864945374903,0.625,True
Tønsberg,380315,3370.6215379047685,0.40406450356584867,0.27806442603964443,0.375,True
Tønsberg,380316,4086.4534573891033,0.7001843224906414,0.7218535639213484,0.6875,True
Tønsberg,380317,727.205884902643,0.8039328807624535,0.8377371432209019,0.75,True
Sandefjord,380401,7920.802666230241,-0.011155402868030658,0.06094252242035752,0.0,True
Sandefjord,380402,5959.724249932839,0.6112776129816877,0.8211059231917281,0.6875,True
Sandefjord,380403,1242.7589264608614,0.6374781364179074,0.876521707545377,0.8125,True
Sandefjord,380404,7082.645144638929,0.16396539561859522,0.1763787973947125,0.0625,True
Sandefjord,380405,1714.400061958907,0.596300081909798,0.7620613398784745,0.625,True
Sandefjord,380406,4005.003859713636,0.8074732596442231,0.916897906111294,0.875,True
Sandefjord,380407,5683.63268506048,0.4202970354979856,0.5325582035181037,0.5,True
Sandefjord,380408,1415.2890281396708,0.3038214442064466,0.45795702890045376,0.375,True
Sandefjord,380409,1387.5657862904768,0.8950486404809359,0.9583882462198873,1.0,True
Sandefjord,380410,3953.8553728378015,0.5319127087184117,0.6695610298565463,0.5625,True
Sandefjord,380411,7451.369468988661,0.29537959327983304,0.3897371076343089,0.3125,True
Sandefjord,380412,2010.3920999293275,0.9511633765153857,0.9845320770146186,0.9375,True
Sandefjord,380413,2862.395127106458,0.2867569097668756,0.31038317639504454,0.1875,True
Sandefjord,380414,1298.559534971393,0.40557130563010607,0.4788373340755812,0.125,True
Sandefjord,380415,3177.0831182403304,0.5406244040625156,0.7244263506053521,0.75,True
Sandefjord,380416,3735.867704977453,0.2765666647969346,0.259616253202516,0.25,True
Sandefjord,380417,4084.500446702221,0.5052770999940311,0.6077140554528426,0.4375,True
Larvik,380501,452.7441803273954,0.28286889682652344,0.2173531002576239,0.3125,True
Larvik,380502,3563.6464384044616,0.04294363625388643,0.12293923777932741,0.125,True
Larvik,380503,4375.269071529677,0.007754288229139242,0.04368070343390804,0.0,True
Larvik,380504,2310.4838471061985,0.15783301629103283,0.18976628399254084,0.25,True
Larvik,380505,409.7938298887136,0.13011341689369643,0.16260826456011496,0.0625,True
Larvik,380506,5865.79295447826,0.7003522540009599,0.5950583382140244,0.625,True
Larvik,380507,4691.71756464471,0.8109975972393327,0.740905838907532,0.8125,True
Larvik,380508,4006.314495963596,0.34364215586358915,0.3202673581120332,0.4375,True
Larvik,380509,2314.3000856778035,0.40045948999377495,0.3833695094419369,0.5,True
Larvik,380510,2452.644422690441,0.6043258042333808,0.48763999288380705,0.5625,True
Larvik,380511,1220.5500318222887,0.6961498653516389,0.5243115015383709,0.6875,True
Larvik,380512,409.2576764239645,0.7956148356155859,0.6899800139842825,1.0,True
Larvik,380513,2924.6638640213223,0.3348831122439476,0.25107161145056256,0.1875,True
Larvik,380514,5602.570871736588,0.8691470888553842,0.9440664716352595,0.9375,True
Larvik,380515,1616.3801801845962,0.7474229634636302,0.669756963691268,0.75,True
Larvik,380516,5027.628199004587,0.8424878196708008,0.8379393819726094,0.875,True
Larvik,380517,2838.6439826450483,0.4522954360733011,0.4348141675829806,0.375,True
Porsgrunn,380601,781.2421323400827,0.7283138484661047,0.8978184958528409,0.9,True
Porsgrunn,380602,2370.298451885125,0.7213652034474696,0.8545552790950711,0.7,True
Porsgrunn,380603,3331.1220381393914,0.9714905281773337,0.9542715535684468,1.0,True
Porsgrunn,380604,3556.381643841195,0.5334504508350761,0.7433801309367022,0.6,True
Porsgrunn,380605,7482.648027699668,0.523794871377886,0.5693364442887123,0.5,True
Porsgrunn,380606,1085.9773357711088,0.547129026565692,0.8071087669592406,0.8,True
Porsgrunn,380607,819.6548215667812,0.5282155855487363,0.6833074746966132,0.2,True
Porsgrunn,380608,7409.656595482871,0.12249235772523087,0.10171710337337256,0.1,True
Porsgrunn,380609,1334.672712816135,0.20457114545572913,0.22175611418600497,0.0,True
Porsgrunn,380610,4178.642066504503,0.32081225228907306,0.40925444390259974,0.4,True
Porsgrunn,380611,4072.568912266982,0.31987600130845595,0.2959847843349944,0.3,True
Skien,380701,6066.214920445973,0.011064331440102836,0.05684219544629608,0.0,True
Skien,380702,3856.2345905013535,0.1700085293596389,0.23511210510611935,0.0555555555555555,True
Skien,380703,4705.003393449269,0.3232880358086493,0.36435344745310333,0.2222222222222222,True
Skien,380704,4551.282435304124,0.06628932253441101,0.15633122901349275,0.1111111111111111,True
Skien,380705,5714.436326553532,0.5474982930823,0.6957304400615011,0.5555555555555556,True
Skien,380706,6625.095269160289,0.39901722011986157,0.49824134518043867,0.4444444444444444,True
Skien,380707,1628.979690763358,0.4958704145029802,0.6216293624089435,0.3888888888888889,True
Skien,380708,2615.7170232693875,0.3058837990439863,0.2957561711956674,0.1666666666666666,True
Skien,380709,2557.8325918614864,0.613497247934647,0.773244002111541,0.6666666666666666,True
Skien,380710,609.9515723222391,0.7901714082692016,0.8832122889618843,0.7777777777777778,True
Skien,380711,652.9752417662543,0.8820573428741576,0.9938814323592506,0.9444444444444444,True
Skien,380712,529.6631262758557,0.6642318865374657,0.8597296534052242,0.2777777777777778,True
Skien,380713,683.2293522811439,0.7000080220694884,0.8710948081558593,1.0,True
Skien,380714,2456.9642923041147,0.400136268894425,0.5833428807207767,0.3333333333333333,True
Skien,380715,1479.2275257358444,0.3704371056671171,0.42230148707968224,0.8888888888888888,True
Skien,380716,282.33580815512687,0.5171525344195695,0.6395389436838964,0.5,True
Skien,380717,1554.429285506461,0.8159366595181227,0.9731974109037349,0.7222222222222222,True
Skien,380718,3719.428201892546,0.7902729004651584,0.923779834707373,0.8333333333333334,True
Skien,380719,3071.13853090112,0.619502633143245,0.8259890961970149,0.6111111111111112,True
Notodden,380801,316.92241800110787,0.4668097740473024,0.4202532745387902,0.6,True
Notodden,380802,2947.211285592266,0.6751762730545674,0.7869975513551674,0.8,True
Notodden,380803,1018.0322734591342,0.1115066286129977,0.038437731336600105,0.0,True
Notodden,380804,3224.5869740496146,0.5323883874326849,0.5539696508135312,0.4,True
Notodden,380805,4388.759481624492,0.21017033183220657,0.24258136635976965,0.2,True
Notodden,380806,1347.10410653011,0.8188259954649759,0.9491375400572567,1.0,True
Færder,381101,4056.012939883891,0.6642787142697779,0.6403272331703965,0.8571428571428571,True
Færder,381102,2499.643059291554,0.32847457539732533,0.4380665160489202,0.2857142857142857,True
Færder,381103,4122.094069986927,0.04652938943318508,0.0856570967464357,0.0,True
Færder,381104,1560.9384497402575,0.8584290089655684,0.9675637058411292,1.0,True
Færder,381105,3207.8280957953207,0.6695478369054284,0.791269818123553,0.5714285714285714,True
Færder,381106,1857.53022149152,0.7675899802910651,0.8965279418035343,0.7142857142857143,True
Færder,381107,1588.8890285751193,0.5525710396277161,0.5230261949536796,0.4285714285714285,True
Færder,381108,5168.666889466345,0.11881374774419881,0.27871906885092507,0.1428571428571428,True
Bamble,381301,2866.0902999633618,0.15419334623341027,0.09128945268399088,0.0,True
Bamble,381302,4168.1099444553065,0.9483714787084415,0.867239187976426,1.0,True
Bamble,381303,3589.123476388921,0.6891923521285304,0.620159187273069,0.75,True
Bamble,381304,3575.85020679684,0.408018210303885,0.3919435842819184,0.5,True
Bamble,381305,1498.6433760257514,0.3062961202694503,0.23031303766926625,0.25,True
Kragerø,381401,2523.906564619202,0.3296205037882409,0.38701754501911156,0.25,True
Kragerø,381402,1294.16466813219,0.9775801415188388,0.9411628444438483,1.0,True
Kragerø,381403,2004.1304454360425,0.6347077643359881,0.7912110589827368,0.75,True
Kragerø,381404,2181.2419763420307,0.48509040769050277,0.6009297027500771,0.5,True
Kragerø,381405,2994.4084331457866,-0.02411363710759895,0.13613605680792307,0.0,True
Arendal,420311,3641.054716738017,0.7272238864607908,0.762441226873782,0.6666666666666666,True
Arendal,420312,1213.4343112732986,0.4019206137060011,0.48487304874783027,0.5833333333333334,True
Arendal,420313,3734.273272102395,0.26436139925563346,0.3315185150653054,0.25,True
Arendal,420321,2053.115620661071,0.7984463813254684,0.8601009818494225,0.9166666666666666,True
Arendal,420322,2029.663492196848,0.850966010076147,0.9773565828916838,0.8333333333333334,True
Arendal,420331,3213.7671973560277,0.8331460786255329,0.9188596011808967,1.0,True
Arendal,420341,3332.6760128209444,0.6389752455408721,0.6846405991748677,0.5,True
Arendal,420342,6680.118780026289,0.48562950674814936,0.5729354373162304,0.3333333333333333,True
Arendal,420343,1529.8257538605749,0.776656125677306,0.8201288207843762,0.75,True
Arendal,420351,2156.526326683255,0.09757898106347473,0.02405872959132768,0.0,True
Arendal,420352,8030.971760840669,0.10235757553052958,0.13771292368450527,0.1666666666666666,True
Arendal,420353,2803.3485877917583,0.10609514487317967,0.25858322345703927,0.0833333333333333,True
Arendal,420354,4399.183455503488,0.38452197811140715,0.42225732665829546,0.4166666666666667,True
Kristiansand,420401,3920.5998607227502,0.9738967988960833,0.9822251499116474,1.0,True
Kristiansand,420402,6662.840365704167,0.46451656860754403,0.6191847035742807,0.4782608695652174,True
Kristiansand,420403,11155.648268317633,0.24685216461987836,0.4044413031458863,0.217391304347826,True
Kristiansand,420404,8559.138055224637,0.08966273934225728,0.1657237173687009,0.0869565217391304,True
Kristiansand,420405,3942.6423257469214,0.5351358702929587,0.7327030626897477,0.6521739130434783,True
Kristiansand,420406,4014.640247746922,0.18729787711590612,0.3356636635628472,0.1304347826086956,True
Kristiansand,420407,5815.3972827390935,0.04489381250747562,0.1005537893478065,0.0434782608695652,True
Kristiansand,420408,8181.879345296218,0.007525166370539581,0.037094241690050406,0.0,True
Kristiansand,420409,12454.943439737988,0.18039417583848985,0.2609954006790514,0.1739130434782608,True
Kristiansand,420411,3260.83822062756,0.7410515511202512,0.8419014617933878,0.6956521739130435,True
Kristiansand,420412,776.2376137470485,0.6144727312161946,0.7551747092267346,0.5652173913043478,True
Kristiansand,420413,875.3462997298801,0.4298853399702168,0.5850087757377157,0.2608695652173913,True
Kristiansand,420414,3046.8986748257385,0.8970578986108433,0.9506365547068925,0.782608695652174,True
Kristiansand,420415,118.84631242125998,0.5961483859231762,0.7511166611806882,0.8695652173913043,True
Kristiansand,420416,2721.5285470530544,0.6935718897483597,0.8147791651432365,0.7391304347826086,True
Kristiansand,420417,7216.634646908418,0.4914031684664854,0.68211017325196,0.5217391304347826,True
Kristiansand,420418,7407.846659148587,0.8829765041743519,0.9032378051214046,0.9565217391304348,True
Kristiansand,420419,1430.1382143438357,0.7696106501172074,0.8631689733634769,0.8260869565217391,True
Kristiansand,420420,7973.726358741541,0.40727211145959186,0.5448896752140852,0.391304347826087,True
Kristiansand,420421,4060.958163345004,0.6656516303850112,0.7840293593006826,0.6086956521739131,True
Kristiansand,420422,580.2004602246215,0.6263412540607071,0.7613244016910237,0.391304347826087,True
Kristiansand,420423,183.43768975592923,0.6303448193434102,0.7647865131331102,0.9130434782608696,True
Kristiansand,420424,2120.744971106399,0.32238750724902493,0.46463257691216014,0.3478260869565217,True
Kristiansand,420425,3803.921077903569,0.33199510953875033,0.4914932754240685,0.3043478260869565,True
Lindesnes,420501,6945.968045140787,0.030295506314647423,0.14376368708548118,0.0,True
Lindesnes,420502,715.5566294384665,0.51128918864106,0.7988859700910993,0.5555555555555556,True
Lindesnes,420503,647.7607781103222,0.8363879987862246,0.986593016667324,1.0,True
Lindesnes,420504,1727.9492724731906,0.3302081843587416,0.6491588897177758,0.4444444444444444,True
Lindesnes,420505,5156.989773182312,0.3082678905631068,0.5066583460743783,0.2222222222222222,True
Lindesnes,420506,652.0674674051947,0.7820317382948481,0.8544517524477914,0.6666666666666666,True
Lindesnes,420507,658.5232675308741,0.7235176308210474,0.8273258925114948,0.7777777777777778,True
Lindesnes,420508,2715.181004027703,0.10541566250876841,0.34372464281756315,0.1111111111111111,True
Lindesnes,420509,2542.300188522501,0.8110279520122105,0.9205669532575674,0.8888888888888888,True
Lindesnes,420510,2395.292273917102,0.35502179458031324,0.7344993928126319,0.3333333333333333,True
Bergen,460101,27598.56075808725,0.007212012653428741,0.047439197689072996,0.0,True
Bergen,460102,14939.845808359963,0.057219998660384075,0.12055851344514973,0.0526315789473684,True
Bergen,460103,15775.251379965215,0.1336937498696922,0.17335472917277867,0.1052631578947368,True
Bergen,460104,14002.530727361253,0.44100288968438023,0.406843376631925,0.4210526315789473,True
Bergen,460105,9283.647263984403,0.31326735249799587,0.31955319845562385,0.3157894736842105,True
Bergen,460106,10918.541417053995,0.19542769995204232,0.21923872017755858,0.1578947368421052,True
Bergen,460107,5340.7692004730925,0.6835628697671114,0.6535078771235168,0.7368421052631579,True
Bergen,460108,9223.190146269126,0.6930451988212949,0.6785418835212333,0.6842105263157895,True
Bergen,460109,29933.851658699863,0.5693224708281898,0.585858991970996,0.5789473684210527,True
Bergen,460110,1190.8247046097545,0.20155496257260022,0.24005352347003225,0.2631578947368421,True
Bergen,460111,3920.7423825517135,0.5522319105606094,0.5276662915079608,0.5263157894736842,True
Bergen,460112,2040.634793428457,0.6430988413922404,0.6408199733462518,0.631578947368421,True
Bergen,460113,28106.47417522334,0.7889093624826717,0.7482953025882777,0.8421052631578947,True
Bergen,460114,1625.2872761763367,0.7183579115685285,0.697189343784828,0.7894736842105263,True
Bergen,460115,7812.99959017821,0.8550831297073304,0.8100373271735646,0.9473684210526316,True
Bergen,460116,46053.65122553441,0.8968723395515844,0.9026287749412184,0.8947368421052632,True
Bergen,460117,5296.858194949846,0.958415354428356,0.9908952243834824,1.0,True
Bergen,460118,13748.18450111535,0.3901260288183324,0.3591426404494738,0.3684210526315789,True
Bergen,460119,26183.757123819287,0.5041460263596578,0.47591963283501376,0.4736842105263157,True
Bergen,460120,17887.908592541076,0.20865935383726292,0.27284797998079147,0.2105263157894736,True
Kinn,460201,1106.6855688473895,0.6757249992262181,0.8695211831362004,0.8,True
Kinn,460202,582.5111109167337,0.3835907784749312,0.2046838419693409,0.2,True
Kinn,460203,10207.556943444535,0.40597491234176863,0.5062673265892637,0.4,True
Kinn,460204,841.1355003377574,0.5478418057226252,0.815079388839683,0.6,True
Kinn,460205,1780.795829610899,0.8102398463698638,0.9502265779061879,1.0,True
Kinn,460206,3370.338492472827,0.09742944978673398,0.09420129898974781,0.0,True
Bømlo,461301,1566.230201412924,0.49794385895043225,0.6998910152830237,0.75,True
Bømlo,461302,1044.3719925050605,0.7933303736341921,0.959605614835133,1.0,True
Bømlo,461303,1993.3452491322528,0.3291146425468921,0.5622131928168775,0.25,True
Bømlo,461304,2052.0795477747693,0.5074709184717032,0.8398405722449055,0.5,True
Bømlo,461305,6271.165591046518,0.1157068718863717,0.24255713494362652,0.0,True
Stord,461401,3549.709557312749,0.3373058601402993,0.5654477474576854,0.25,True
Stord,461402,3422.7348047419814,0.7715780228328718,0.8526392465989555,0.75,True
Stord,461403,9415.223215152224,0.03485227712663652,0.23788112834266065,0.0,True
Stord,461404,2197.2300725163964,0.47164802135935685,0.7106475427701121,0.5,True
Stord,461405,1204.8672651081367,0.8403030764617914,0.9695583229438682,1.0,True
Kvinnherad,461701,740.3717246390879,0.42967045080074534,0.5330320985430946,0.25,True
Kvinnherad,461702,147.66483993828297,0.3359684561308377,0.501968340445411,0.0,True
Kvinnherad,461703,235.07109668052615,0.5882490962084896,0.7886136296733766,1.0,True
Kvinnherad,461704,2389.736647799611,0.7098852126429621,0.8804301112010957,0.625,True
Kvinnherad,461705,1585.0008889958262,0.3343291592032289,0.44135922679548967,0.375,True
Kvinnherad,461706,5516.187806863718,0.14302747008293473,0.19295773449976736,0.125,True
Kvinnherad,461707,514.2364299740566,0.8072400371871566,0.9820118712416613,0.75,True
Kvinnherad,461708,59.14008996635674,0.5556539298724594,0.560999237054968,0.875,True
Kvinnherad,461709,3106.362686876208,0.5729562001095588,0.6717293763755045,0.5,True
Ullensvang,461801,349.4326758328826,0.5903429907467775,0.7456537351890312,0.8571428571428571,True
Ullensvang,461802,293.13983759470284,0.9510898339688751,0.9876160113458711,1.0,True
Ullensvang,461803,2396.4885270923605,0.11135755453185553,0.10124207945525145,0.0,True
Ullensvang,461804,2542.443043983332,0.7138511528386738,0.8678239471848186,0.7142857142857143,True
Ullensvang,461805,1757.014371069148,0.29212355021638264,0.2767110064621689,0.1428571428571428,True
Ullensvang,461806,752.8253527618945,0.4171475688926206,0.6048240768518073,0.4285714285714285,True
Ullensvang,461807,2628.441745277494,0.32438412135621486,0.46197903155777736,0.2857142857142857,True
Ullensvang,461808,1115.6515491572875,0.467840897281173,0.6837597716510311,0.5714285714285714,True
Voss,462101,126.063192313537,0.25437789673659594,0.6197878956691146,0.3333333333333333,True
Voss,462102,199.9468523990363,0.8498051102540825,0.8671639345900122,0.7777777777777778,True
Voss,462103,1869.3315857794817,0.9304238706376875,0.9427375306565388,1.0,True
Voss,462104,2776.212543809292,0.12295229531462161,0.5308836709557095,0.2222222222222222,True
Voss,462105,460.19330881764085,0.7144551112181313,0.8469421312290557,0.6666666666666666,True
Voss,462106,7277.234446635203,-0.012043616463288578,0.22292054420717763,0.0,True
Voss,462107,1731.7346682831342,0.44954563708731554,0.7499936607746314,0.4444444444444444,True
Voss,462108,198.9096637815237,0.8707124446558908,0.8793819429968542,0.8888888888888888,True
Voss,462109,486.4759593887293,0.6102512411163022,0.8179431990110138,0.5555555555555556,True
Voss,462110,1196.3827083821654,0.2737929984730651,0.6602978396635594,0.1111111111111111,True
Bjørnafjorden,462401,2944.601883490589,0.5115977519200505,0.4202533014021376,0.4,True
Bjørnafjorden,462402,8564.555653961526,0.9497952577262668,0.821974656670349,1.0,True
Bjørnafjorden,462403,6119.649388051877,0.1915879997235273,0.12720481101212755,0.2,True
Bjørnafjorden,462404,2230.950793815929,0.43941841237070184,0.31267275904533653,0.6,True
Bjørnafjorden,462405,3908.5535702705374,0.7532802762422143,0.5627049827083322,0.8,True
Bjørnafjorden,462406,286.00449988245964,0.24670174419708701,0.2603545946933099,0.0,True
Øygarden,462601,6881.551418538148,0.5914008634282949,0.4289798089110461,0.5714285714285714,True
Øygarden,462602,3265.5852800459616,0.8663124254908384,0.9563678766888848,1.0,True
Øygarden,462603,3541.9476630514187,0.6793315317237273,0.5682502178145338,0.7142857142857143,True
Øygarden,462604,11120.295361388817,0.8375780630761578,0.7641553131642134,0.8571428571428571,True
Øygarden,462605,4241.608868109804,0.4129671930901536,0.18437453815216015,0.2857142857142857,True
Øygarden,462606,3591.989646487147,0.5234054162888444,0.2890407792842405,0.4285714285714285,True
Øygarden,462607,3439.343015977134,0.34784146958842127,0.0817478384909874,0.1428571428571428,True
Øygarden,462608,1339.4798441957682,0.01912991311282551,0.01789705205122694,0.0,True
Askøy,462701,1406.5862467467064,0.3066422304962217,0.10405071969902366,0.1428571428571428,True
Askøy,462702,2750.4831390660825,0.6368972572092415,0.5297466272878041,0.5714285714285714,True
Askøy,462703,2398.207622270841,0.1299390369810838,0.04022814268792571,0.0,True
Askøy,462704,7714.692333686546,0.34954711678732714,0.35420112060917996,0.2857142857142857,True
Askøy,462705,3226.4490844610964,0.9197613068851432,0.945878725036272,1.0,True
Askøy,462706,2040.534283478345,0.7553932677837797,0.8575290106525896,0.7142857142857143,True
Askøy,462707,7374.892775191051,0.7441619109174337,0.6995922500208057,0.8571428571428571,True
Askøy,462708,2895.7402253719047,0.34378266584676853,0.17621903473696215,0.4285714285714285,True
Alver,463101,9306.61181909992,0.42113628817284093,0.45089505018922654,0.4285714285714285,True
Alver,463102,3068.387199083229,0.6395119831313034,0.7085198570041664,0.8571428571428571,True
Alver,463103,5265.270963304543,0.1936286783647633,0.17133702082796445,0.0,True
Alver,463104,2083.602054510608,0.49548973840856997,0.6282838554290805,0.5714285714285714,True
Alver,463105,2515.968963173199,0.9583334217426153,0.9608168263256347,1.0,True
Alver,463106,5307.872078039436,0.7238582256523892,0.8389699646172062,0.7142857142857143,True
Alver,463107,1689.3311470065798,0.38968690107534326,0.2796465374846173,0.2857142857142857,True
Alver,463108,2868.1775743322714,0.12920259848496668,0.044668396816087856,0.1428571428571428,True
Sogndal,464001,4.480721563100815,0.6095634536746743,0.44072708981029307,0.6,True
Sogndal,464002,3556.4951489213854,0.07167699685059147,0.16083777458603135,0.0,True
Sogndal,464003,3902.751507392153,0.9873570663093947,0.8235032409922997,1.0,True
Sogndal,464004,683.4526389241219,0.3721869199534862,0.4096162162870122,0.4,True
Sogndal,464005,2278.416840173304,0.678259889268267,0.5439681032414284,0.8,True
Sogndal,464006,630.5594411194324,0.3002629633820017,0.3501917633118793,0.2,True
Sunnfjord,464701,846.8746926670476,0.9692006597821778,0.9804696928254847,1.0,True
Sunnfjord,464702,8338.885883569947,0.031915283532945905,0.19230826497655185,0.0,True
Sunnfjord,464703,3777.0785870812833,0.3109879210728188,0.5567118002759455,0.3333333333333333,True
Sunnfjord,464704,1316.0510263554752,0.5015979240313266,0.8000211963847554,0.6666666666666666,True
Sunnfjord,464705,1842.6649282313124,0.2800562476989701,0.42711137881288946,0.1666666666666666,True
Sunnfjord,464706,2830.8479812747364,0.5905247598821756,0.8956554291018172,0.8333333333333334,True
Sunnfjord,464707,2728.635634612292,0.40853224470075067,0.7067441465480307,0.5,True
Stad,464901,252.46118365973237,0.9663213327243888,0.9858676416204379,1.0,True
Stad,464902,5021.518909141421,0.0425333400771125,0.28109630084513126,0.0,True
Stad,464903,869.3318365560845,0.7073440945121198,0.9230715287306691,0.75,True
Stad,464904,892.921616215259,0.16835363936718462,0.6121768729444916,0.25,True
Stad,464905,1895.7924078889191,0.5246399736574258,0.7682844592095914,0.5,True
Trondheim,500101,6656.068350849444,0.8220043514454154,0.8565967658070616,0.75,True
Trondheim,500111,3447.571780371042,0.3972135158472542,0.3438628570661484,0.2916666666666667,True
Trondheim,500112,8267.686292730956,0.006904860481158965,0.020468045934112784,0.0,True
Trondheim,500113,11882.473335591128,0.0831692433708574,0.0703531502122974,0.0833333333333333,True
Trondheim,500114,10676.431749120047,0.15101489795995013,0.2135086775889518,0.1666666666666666,True
Trondheim,500115,7047.7974149683605,0.0911238071177799,0.11721821469936046,0.0416666666666666,True
Trondheim,500116,6375.872313560158,0.46954972566984526,0.48534351079453114,0.375,True
Trondheim,500121,12862.93744165952,0.46174927629197116,0.43771460618385305,0.4583333333333333,True
Trondheim,500122,8176.486307758382,0.7784604947647122,0.8198762856964958,0.7916666666666666,True
Trondheim,500123,4735.893900781376,0.9187079744943593,0.9213827650804994,0.875,True
Trondheim,500131,12939.522498763336,0.22247799051919445,0.2719739385106887,0.2083333333333333,True
Trondheim,500132,8839.584731234389,0.5666789027740279,0.6209562174042031,0.5833333333333334,True
Trondheim,500141,10585.25579018526,0.09993193191459047,0.16087179929158896,0.125,True
Trondheim,500142,13432.496930940268,0.6174252995022003,0.6960782690326721,0.625,True
Trondheim,500143,6325.548343545168,0.38483708119585835,0.319667856852873,0.3333333333333333,True
Trondheim,500145,322.85184700578,0.8601891767173122,0.9088589903908694,1.0,True
Trondheim,500146,373.4973545455735,0.8490369144861181,0.8928413016623068,0.7083333333333334,True
Trondheim,500151,4036.036623932345,0.5964057667651786,0.6528319804649644,0.5416666666666666,True
Trondheim,500152,13510.03763125126,0.9597612627298515,0.9665536329007589,0.9583333333333334,True
Trondheim,500153,3061.1972033777183,0.43656203130395954,0.39829173649149596,0.25,True
Trondheim,500162,2886.849054356353,0.8508099770423447,0.9009128367563751,0.9166666666666666,True
Trondheim,500172,7738.382033132892,0.4346454292718909,0.3715555643563321,0.4166666666666667,True
Trondheim,500174,14198.461000884294,0.6227672002781004,0.7644833458737422,0.6666666666666666,True
Trondheim,500175,19781.38617780702,0.4710446457322683,0.5501001971703173,0.5,True
Trondheim,500181,3805.37006374152,0.8299781317756785,0.8824958135485078,0.8333333333333334,True
Steinkjer,500601,7231.40683617479,0.8267905185389361,0.8533170386722202,0.875,True
Steinkjer,500602,9671.852772952723,-0.007160260845392059,0.19618533964456777,0.0,True
Steinkjer,500603,3665.741982774695,0.41935323873252334,0.5723101568126048,0.375,True
Steinkjer,500604,586.2081498182092,0.6330142759190451,0.6773817942087698,1.0,True
Steinkjer,500605,163.79444514214993,0.7363082445962071,0.7033116457890342,0.75,True
Steinkjer,500606,264.16396166505865,0.7318925292734764,0.6946308720671667,0.5,True
Steinkjer,500607,464.0181751708138,0.6177391768512349,0.6560788429430283,0.625,True
Steinkjer,500608,1288.4040906429293,0.2474230748687639,0.4718195007947386,0.25,True
Steinkjer,500609,1314.1943006515503,0.1630957149972303,0.419027997311313,0.125,True
Namsos,500701,1948.9378852290008,0.7259914722896965,0.9391113634365148,1.0,True
Namsos,500702,864.3050623461604,0.630166274669219,0.8512201439687559,0.6,True
Namsos,500703,389.1322183050215,0.6068955785096979,0.8120603084423786,0.8,True
Namsos,500704,10406.42210467114,0.1670839439571028,0.32511700770960594,0.2,True
Namsos,500705,654.1948570683596,0.4053091164585655,0.7794647272333914,0.4,True
Namsos,500706,1741.1261711777474,0.23392817013896947,0.7046302070328598,0.0,True
Melhus,502801,3979.637190738807,0.8033731194529778,0.8819954344284069,1.0,True
Melhus,502802,4734.635456820912,0.331414766983793,0.2420161810514674,0.3333333333333333,True
Melhus,502803,1634.94555526318,0.5811145080552117,0.5605201453751578,0.6666666666666666,True
Melhus,502804,1742.6957510012603,0.6621594433370898,0.6606742739801348,0.8333333333333334,True
Melhus,502805,1713.6116416005,0.28995449242778615,0.05081216895753032,0.1666666666666666,True
Melhus,502806,870.7989702596499,0.7519807930730567,0.7381698582318217,0.5,True
Melhus,502807,2185.8924657591447,0.38245916864714413,0.44722430729237483,0.0,True
Malvik,503101,1998.6251422478915,0.5397604645214129,0.521337839115143,0.5,True
Malvik,503102,3296.899995574576,0.6171735711237493,0.7027811097601336,0.75,True
Malvik,503103,5814.248595113885,0.0016387292367703477,0.1992165562402193,0.0,True
Malvik,503104,794.2096331927697,0.35079561953287924,0.4256455210091063,0.25,True
Malvik,503105,2688.801251889644,0.8693207619891216,0.9078722354138775,1.0,True
Stjørdal,503501,2097.658145794303,0.5532167818197048,0.7777320959872115,0.5,True
Stjørdal,503502,2794.202961997224,0.9051328771274723,0.9409327369100837,1.0,True
Stjørdal,503503,1414.208636677159,0.71382847099429,0.8519702103970214,0.75,True
Stjørdal,503504,6927.17366806203,0.305201373137199,0.5869542168061399,0.25,True
Stjørdal,503505,10419.47736567508,-0.011598663308811184,0.2202595943058662,0.0,True
Levanger,503701,3284.6256319698787,0.5542529276115307,0.5708979213320143,0.5714285714285714,True
Levanger,503702,4452.626026644695,0.47903703842536144,0.3760786227406142,0.4285714285714285,True
Levanger,503703,2735.849661004102,0.8664051565049857,0.8180931864392634,0.8571428571428571,True
Levanger,503704,1898.4443700829029,0.6199531854557996,0.7014044767476951,0.7142857142857143,True
Levanger,503705,2244.291220762976,0.8755325191793797,0.9434901098276839,1.0,True
Levanger,503706,2446.94428992203,0.2378660192714784,0.15771417770568474,0.2857142857142857,True
Levanger,503707,1908.338440189632,-0.06812989199697116,0.048050803152927514,0.0,True
Levanger,503708,886.3886108063161,0.3283247850944743,0.24164547609747242,0.1428571428571428,True
Verdal,503801,8578.642062707766,0.18702298534420492,0.5287756607014773,0.2,True
Verdal,503802,3738.505954775199,0.04207030375829995,0.12312366470330886,0.0,True
Verdal,503803,588.1648332174411,0.9278731763860121,0.9806294250721085,0.8,True
Verdal,503804,624.3088593718843,0.9245511757177608,0.9406979106666625,1.0,True
Verdal,503805,1467.3055238588238,0.5761544529154807,0.8596281181371953,0.6,True
Verdal,503806,184.98748483508825,0.6281689550835489,0.914044607733581,0.4,True
Inderøy,505301,1290.3172695739386,0.47988601819338705,0.5169499613171229,0.5,True
Inderøy,505302,2167.316342054068,0.18909611460730688,0.15474406595228635,0.25,True
Inderøy,505303,1840.567755771915,0.7930717742208567,0.8685854332095856,0.75,True
Inderøy,505304,897.0276957595418,0.7407246667574833,0.673124049523911,1.0,True
Inderøy,505305,807.677086153999,0.21607254664642497,0.36715541095508375,0.0,True
Indre Fosen,505401,538.1507262736559,0.4911307149218436,0.7049641839877129,0.6,True
Indre Fosen,505402,515.30388764292,0.24385703249531038,0.46146944363449516,0.4,True
Indre Fosen,505403,4782.462297023446,0.05186537064800249,0.2189395031490787,0.0,True
Indre Fosen,505404,1434.4383217396253,1.0114408439751654,0.9343318997715598,1.0,True
Indre Fosen,505405,2132.693214494735,0.4150525393588712,0.5826938535463202,0.2,True
Indre Fosen,505406,1518.832319511671,0.6571056639367389,0.7991321706983691,0.8,True
Heim,505501,503.9445416890084,0.5718652845683041,0.9148322217858952,0.6,True
Heim,505502,3770.0661021173,0.32908683704951497,0.4881085987671781,0.2,True
Heim,505503,286.13094680944494,0.7957769111038371,0.977356447407707,0.8,True
Heim,505504,1198.9126977771523,0.16251377802934594,0.09487838707556667,0.0,True
Heim,505505,488.2140775928084,0.3748283714267377,0.8250962342437407,0.4,True
Heim,505508,70.88656229246409,0.47747609669286417,0.8693417969303174,0.8,True
Orkland,505901,4938.580129333297,0.2977450699418643,0.20006444390642517,0.2857142857142857,True
Orkland,505902,4218.592102442013,0.6956351843142983,0.7109274269089758,0.7142857142857143,True
Orkland,505903,1231.0510864606013,0.955231994367499,0.8520152833445652,0.8571428571428571,True
Orkland,505904,2242.4947129323773,0.955683660350911,0.9419432133171488,1.0,True
Orkland,505905,1394.5429455612084,0.23177319276968103,0.03610384534849221,0.1428571428571428,True
Orkland,505906,2757.6864232741755,0.5012777462775205,0.5303159356657973,0.5714285714285714,True
Orkland,505908,1821.869625268504,0.3543136100237819,0.411754091537864,0.4285714285714285,True
Orkland,505909,708.1250187177211,0.3287019395196802,0.34625411131155903,0.0,True
Nærøysund,506001,1394.1852542571723,0.8673149015224066,0.9262450686000541,1.0,True
Nærøysund,506002,3506.033831395209,0.06625773899905944,0.18547555565577958,0.0,True
Nærøysund,506003,171.44567721542347,0.26493012617618894,0.3800208989335622,0.25,True
Nærøysund,506004,4204.7720509544015,0.5379732858741951,0.6115307627388317,0.5,True
Nærøysund,506005,175.0346186235547,0.7009108864693964,0.8432304880611031,0.75,True
Tromsø,540101,13327.68957588682,0.015015291522218886,0.09035138852219785,0.0,True
Tromsø,540102,9606.82555637078,0.3466648766851339,0.5808748669760356,0.3684210526315789,True
Tromsø,540103,10112.98911499232,0.06501617783260268,0.24926099213837458,0.0526315789473684,True
Tromsø,540104,10681.523745737388,0.7663481986911916,0.8536406897113042,0.7894736842105263,True
Tromsø,540105,9230.915762765331,0.3344708590334139,0.45316960530147604,0.3157894736842105,True
Tromsø,540112,3147.362724872306,0.5135052754853542,0.6929259386323227,0.4736842105263157,True
Tromsø,540113,5367.27796221085,0.3014434335016952,0.35420518499009807,0.1578947368421052,True
Tromsø,540114,2711.632157495682,0.6572537669329759,0.7408316232519063,0.631578947368421,True
Tromsø,540115,1623.627435968956,0.6642961847124024,0.7702213176654368,0.5263157894736842,True
Tromsø,540120,5331.058868001361,0.8951819503677513,0.9638595595827082,1.0,True
Tromsø,540130,51.14308799058199,0.43065092184556586,0.6676136816402314,0.8421052631578947,True
Tromsø,540131,615.6169785647653,0.36601312119001334,0.657869062485701,0.5789473684210527,True
Tromsø,540132,58.6790183801204,0.4657181825576349,0.6683581902622642,0.6842105263157895,True
Tromsø,540133,567.4669833821245,0.36389447204798,0.649848671697665,0.1052631578947368,True
Tromsø,540140,386.0818612315634,0.5321381452066812,0.7168799497760346,0.7368421052631579,True
Tromsø,540141,385.3319934606552,0.37006578211517743,0.6646547194405258,0.2105263157894736,True
Tromsø,540142,63.83343523996882,0.478429783098577,0.6691887295866392,0.2631578947368421,True
Tromsø,540143,122.87475841050036,0.77227837879288,0.9268861236958337,0.9473684210526316,True
Tromsø,540144,217.6928695626557,0.5626552740841113,0.7209730737170793,0.3684210526315789,True
Tromsø,540145,145.13402673974636,0.5019742757565431,0.6706053667493164,0.8947368421052632,True
Harstad,540201,303.4994185306132,0.5881418862298936,0.4720489848954476,0.5,True
Harstad,540202,1734.728879686911,1.0102972927867344,0.9652086408641809,1.0,True
Harstad,540203,10847.846805927433,0.6238378538810555,0.6956980495337228,0.75,True
Harstad,540204,7944.408427166491,0.10764328149292882,0.1593313917510051,0.125,True
Harstad,540205,1948.9686681936143,0.27005235521994003,0.376355948128216,0.25,True
Harstad,540206,1226.3058737613028,0.4182000778145139,0.44003858939715906,0.375,True
Harstad,540207,427.73403180972673,0.7930151393927319,0.9218387375595519,0.875,True
Harstad,540208,33.13110275566578,0.4224676977824069,0.4652975936554155,0.625,True
Harstad,540209,463.8325543999672,0.2530728042709267,0.3279653120803816,0.0,True
Alta,540301,201.52193188294768,0.2920540155984202,0.4254522240303567,0.0,True
Alta,540302,166.10666500997766,0.2602864567653706,0.4162522862462094,0.4,True
Alta,540303,2116.121502345175,0.980097049182365,0.9470438743617594,1.0,True
Alta,540304,2001.904028649684,0.7355601562100603,0.8439899253521362,0.8,True
Alta,540305,7260.649434230026,0.5475669145441788,0.6121937149891788,0.6,True
Alta,540306,8233.646602675595,0.24223244273339736,0.20604772621465473,0.2,True
Hammerfest,540601,1057.2115386270077,0.09643888528677506,0.046918597969684527,0.0,True
Hammerfest,540602,1008.040057108542,0.3095555800495212,0.1385735844943372,0.4,True
Hammerfest,540603,3410.82942157602,0.48135147518371413,0.4217963441203445,0.6,True
Hammerfest,540604,2602.327155601325,1.0355930230302417,0.8845098287918629,1.0,True
Hammerfest,540605,2206.557400047181,0.6690979932802998,0.6710935796255737,0.8,True
Hammerfest,540606,981.4786983510868,0.3418102115892195,0.22686757981128616,0.2,True
Senja,542101,317.9029395505786,0.5018020821722532,0.7595899942380672,0.8888888888888888,True
Senja,542102,400.84973768144846,0.7018581424652168,0.8806665043994198,0.7777777777777778,True
Senja,542103,7967.385288184043,0.4484635542769191,0.48560889410660224,0.4444444444444444,True
Senja,542104,1603.919310008641,0.9071768539489261,0.9469609789062919,1.0,True
Senja,542105,809.5309787336737,0.3639404277182992,0.14416756746973147,0.3333333333333333,True
Senja,542106,625.1192125361413,0.5349377172877791,0.7907742137335555,0.6666666666666666,True
Senja,542107,846.2033251821995,0.600684176751702,0.8394284737245215,0.5555555555555556,True
Senja,542108,774.196886703372,0.4290606484841262,0.19653889010263637,0.0,True
Senja,542109,885.6463463064283,0.14533690182488093,0.02928689426593353,0.1111111111111111,True
Senja,542110,889.428031027317,0.2078343262876868,0.08798573700372563,0.2222222222222222,True
Sør-Varanger,544401,273.7270784312859,0.26048557253519444,0.5969941692073069,0.0,True
Sør-Varanger,544402,3120.5698950095907,0.7632880079716071,0.8451655323778191,0.75,True
Sør-Varanger,544403,5879.116172971204,0.24665131730568488,0.2917062758910428,0.25,True
Sør-Varanger,544404,504.4504198475775,0.5030655391069117,0.6356052891999255,1.0,True
Sør-Varanger,544405,299.2527985030119,0.6181445980003819,0.6754829282614805,0.5,True
Vienna,90100,53247.431326150894,0.9974710213031341,0.9862660482960223,1.0,True
Vienna,90200,94998.30806582452,0.40414335008371505,0.44587046955403425,0.4090909090909091,True
Vienna,90300,102234.4870237915,0.6320146752807008,0.7591813389357264,0.6363636363636364,True
Vienna,90400,33832.068590694005,0.8406116624268225,0.8742965935809363,0.8636363636363636,True
Vienna,90500,45699.01943241226,0.2781790160794906,0.3011817514235803,0.2727272727272727,True
Vienna,90600,37622.58804395464,0.46218679039245386,0.480076983121862,0.4545454545454545,True
Vienna,90700,33847.51620758904,0.7255067237637958,0.8171177031897819,0.7272727272727273,True
Vienna,90800,23834.94208145142,0.7604798355570526,0.831995568216847,0.7727272727272727,True
Vienna,90900,44270.54000751177,0.6825362420991221,0.7969689451267821,0.6818181818181818,True
Vienna,91000,167915.13267499977,0.09134599628853908,0.09969623091539204,0.0909090909090909,True
Vienna,91100,111794.3021504085,0.2270637883042527,0.2605599670774273,0.2272727272727272,True
Vienna,91200,79233.8625688917,0.18521590236353183,0.2112886403107992,0.1818181818181818,True
Vienna,91300,93342.9684482753,0.949568312140465,0.9484564221670714,0.9545454545454546,True
Vienna,91400,101091.29459985712,0.5055613964596208,0.5158550425973003,0.5,True
Vienna,91500,57298.91313618173,0.0035459084270912326,0.014778938365732065,0.0,True
Vienna,91600,92751.04668882577,0.13721416085195967,0.16692908382645777,0.1363636363636363,True
Vienna,91700,54790.46060638324,0.32410948780683174,0.32710070434277677,0.3181818181818182,True
Vienna,91800,53168.41922464009,0.8178545217838863,0.8518568163349777,0.8181818181818182,True
Vienna,91900,80173.74061817722,0.9078752347897374,0.903701773110762,0.9090909090909092,True
Vienna,92000,52007.93282237712,0.05241353711666151,0.042972128270306914,0.0454545454545454,True
Vienna,92100,155344.699542349,0.36006339044917013,0.3813002416521558,0.3636363636363636,True
Vienna,92200,220301.68983436003,0.5442631131721208,0.5987509798525684,0.5454545454545454,True
Vienna,92300,149731.4225651283,0.5889683473444148,0.6941925207494202,0.5909090909090909,True
